Name,Price,Images,Details,product_link
Mooyufon Women Fashion 2024 Spring New Satin Texture Bow Decoration Vintage Chic Female High Waist H Line Long Skirts Mujer,$9.94 ,"https://ae-pic-a1.aliexpress-media.com/kf/S37a5075c57cf4d2a8712f0a0829285b3T.jpg_220x220q75.jpg_.avif,https://ae-pic-a1.aliexpress-media.com/kf/S3611deee854d4862858ac5949adeafe09.jpg_220x220q75.jpg_.avif,https://ae-pic-a1.aliexpress-media.com/kf/Sa4c88a59088c46858b6c1689c5a96c64m.jpg_220x220q75.jpg_.avif,https://ae-pic-a1.aliexpress-media.com/kf/S3b4fca932f27482fb909bd5fd2ae321d0.jpg_220x220q75.jpg_.avif,https://ae-pic-a1.aliexpress-media.com/kf/S90c1575880dd41aba0cad14406f36637q.jpg_220x220q75.jpg_.avif","['High-concerned chemical', 'None', 'Release Date', 'Autumn 2024', 'Craft of Weaving', 'Tatting', 'Season', 'All Season', 'is_customized', 'No', 'Fabric Type', 'Broadcloth', 'Age', 'Middle Age', 'Place Of Origin', 'China (mainland)', 'Waistline', 'empire', 'Dresses Length', 'Mid-Calf', 'Decoration', 'None', 'Silhouette', 'Pencil', 'Pattern Type', 'Solid', 'Style', 'Casual', 'Material', 'POLYESTER', 'Gender', 'Women', 'Origin', 'Mainland China', 'Brand Name', 'Mooyufon', 'Elasticity', 'Slight Strech', 'CN', 'Guangdong', 'Fit Type', 'Regular Fit']",https://www.aliexpress.us/item/3256806796398868.html?algo_pvid=fd3419bb-1aa5-4df5-9b64-fb9dfb6ea2bc&algo_exp_id=fd3419bb-1aa5-4df5-9b64-fb9dfb6ea2bc-0&pdp_ext_f=%7B%22order%22%3A%2238990%22%2C%22eval%22%3A%221%22%2C%22orig_sl_item_id%22%3A%221005006982713620%22%2C%22orig_item_id%22%3A%221005007406716799%22%2C%22fromPage%22%3A%22search%22%7D&pdp_npi=6%40dis%21USD%2119.88%219.94%21%21%21136.60%2168.30%21%402101e80f17728189925825847e4ca4%2112000038935960894%21sea%21US%210%21ABX%211%210%21n_tag%3A-29910%3Bd%3A64b8815b%3Bm03_new_user%3A-29895&curPageLogUid=45OUIRs8mEdK&utparam-url=scene%3Asearch%7Cquery_from%3A%7Cx_object_id%3A1005006982713620%7C_p_origin_prod%3A1005007406716799
MUJER Woman 2025 Satin Skirt Women High Waist Long Skirts For Women Summer Black Midi Skirt Woman Office Elegant Women's Skirts,$0.99 ,"https://ae-pic-a1.aliexpress-media.com/kf/Sdd3bed6fd84c450998d2fe744db117c8g.jpg?has_lang=1&ver=2_220x220q75.jpg_.avif,https://ae-pic-a1.aliexpress-media.com/kf/Sc32666a325bd4a1a84dcb8a1ab84abf1b.jpg_220x220q75.jpg_.avif,https://ae-pic-a1.aliexpress-media.com/kf/Sce2c8c15db244d43aa95db8611889575W.jpg_220x220q75.jpg_.avif,https://ae-pic-a1.aliexpress-media.com/kf/S94287983f342461b8b416dc449907c253.jpg_220x220q75.jpg_.avif,https://ae-pic-a1.aliexpress-media.com/kf/S1ffd63acfa4947259c9e468b3af84501n.jpg_220x220q75.jpg_.avif","['High-concerned chemical', 'None', 'Release Date', 'Summer 2025', 'Craft of Weaving', 'Tatting', 'Season', 'All Season', 'is_customized', 'No', 'Fabric Type', 'Satin', 'Age', 'Middle Age', 'Place Of Origin', 'China (mainland)', 'Model Number', ""Women's skirt"", 'Waistline', 'empire', 'Dresses Length', 'Mid-Calf', 'Decoration', 'None', 'Silhouette', 'BUD', 'Pattern Type', 'Solid', 'Style', 'Office Lady', 'Material', 'POLYESTER', 'Gender', 'Women', 'Origin', 'Mainland China', 'Brand Name', 'MUJER', 'Elasticity', 'Non Strech', 'CN', 'Jiangsu', 'Fit Type', 'Regular Fit']",https://www.aliexpress.us/item/3256807454465840.html?algo_pvid=fd3419bb-1aa5-4df5-9b64-fb9dfb6ea2bc&algo_exp_id=fd3419bb-1aa5-4df5-9b64-fb9dfb6ea2bc-2&pdp_ext_f=%7B%22order%22%3A%2212907%22%2C%22eval%22%3A%221%22%2C%22fromPage%22%3A%22search%22%7D&pdp_npi=6%40dis%21USD%2121.56%210.99%21%21%21148.17%216.78%21%402101e80f17728189925825847e4ca4%2112000041610905663%21sea%21US%210%21ABX%211%210%21n_tag%3A-29910%3Bd%3A64b8815b%3Bm03_new_user%3A-29895%3BpisId%3A5000000197847458&curPageLogUid=qEVIaCAV3RAq&utparam-url=scene%3Asearch%7Cquery_from%3A%7Cx_object_id%3A1005007640780592%7C_p_origin_prod%3A
Women Girls Shirt Blouse Extender Adjustable Layering Faux Top Lower Sweep Mini Skirt False Hemline Splitting Underskirt,$3.47 ,"https://ae-pic-a1.aliexpress-media.com/kf/S2bc455e3ff9e4d898beb8b76a6321846W.jpg_220x220q75.jpg_.avif,https://ae-pic-a1.aliexpress-media.com/kf/Sf3eea493b6154ee69b7a1c115d5fe093g.jpg_220x220q75.jpg_.avif,https://ae-pic-a1.aliexpress-media.com/kf/Sc1f577dc1a7e4f469a574c69c1f0db81J.jpg_220x220q75.jpg_.avif,https://ae-pic-a1.aliexpress-media.com/kf/S35b24b70e46c4d25af19748e0d64d18eq.jpg_220x220q75.jpg_.avif,https://ae-pic-a1.aliexpress-media.com/kf/Sa59ea47eb6dd452a9ac61ade9b3810e2q.jpg_220x220q75.jpg_.avif","['High-concerned chemical', 'None', 'Craft of Weaving', 'Tatting', 'Season', 'All Season', 'Fabric Type', 'Blended', 'Age', 'Junior', 'Waistline', 'Natural', 'Dresses Length', 'Above Knee , Mini', 'Decoration', 'None', 'Silhouette', 'A-LINE', 'Pattern Type', 'Solid', 'Style', 'Casual', 'Material', 'POLYESTER', 'Gender', 'Women', 'Origin', 'Mainland China', 'Elasticity', 'Slight Strech', 'CN', 'Liaoning', 'Fit Type', 'Loose', 'CN', 'Zhejiang']",https://www.aliexpress.us/item/3256807353528004.html?algo_pvid=fd3419bb-1aa5-4df5-9b64-fb9dfb6ea2bc&algo_exp_id=fd3419bb-1aa5-4df5-9b64-fb9dfb6ea2bc-4&pdp_ext_f=%7B%22order%22%3A%229477%22%2C%22eval%22%3A%221%22%2C%22orig_sl_item_id%22%3A%221005007539842756%22%2C%22orig_item_id%22%3A%221005006235008594%22%2C%22fromPage%22%3A%22search%22%7D&pdp_npi=6%40dis%21USD%216.94%213.47%21%21%2147.70%2123.85%21%402101e80f17728189925825847e4ca4%2112000041212202463%21sea%21US%210%21ABX%211%210%21n_tag%3A-29910%3Bd%3A64b8815b%3Bm03_new_user%3A-29895&curPageLogUid=Iw231aID8hvH&utparam-url=scene%3Asearch%7Cquery_from%3A%7Cx_object_id%3A1005007539842756%7C_p_origin_prod%3A1005006235008594
Willshela 2024 Black Satin Skirt Woman High Waist Elegant Long Skirts For Women Fashion Summer Midi Skirt Office Women's Skirts,$2.38 ,"https://ae-pic-a1.aliexpress-media.com/kf/S6d1ac686998d4a0e82a8d7a78269ecbbx.jpg_220x220q75.jpg_.avif,https://ae-pic-a1.aliexpress-media.com/kf/Sc70ab6cdcc184423b0cebb340916e669P.jpg_220x220q75.jpg_.avif,https://ae-pic-a1.aliexpress-media.com/kf/S6c532a68ed074b7ea98bd5cde2db64bcz.jpg_220x220q75.jpg_.avif,https://ae-pic-a1.aliexpress-media.com/kf/Sf9d94ea604be40879febacdb78942c4cQ.jpg_220x220q75.jpg_.avif,https://ae-pic-a1.aliexpress-media.com/kf/Sdc9572e136d345b096bcf74ae4ae5bfdK.jpg_220x220q75.jpg_.avif","['High-concerned chemical', 'None', 'Release Date', 'Autumn 2024', 'Craft of Weaving', 'Tatting', 'Season', 'All Season', 'Fabric Type', 'Blended', 'Age', 'Junior', 'Place Of Origin', 'China (mainland)', 'Model Number', '9798XX35', 'Waistline', 'Natural', 'Dresses Length', 'Mid-Calf', 'Decoration', 'None', 'Silhouette', 'A-LINE', 'Pattern Type', 'Solid', 'Style', 'Casual', 'Material', 'POLYESTER', 'Gender', 'Women', 'Origin', 'Mainland China', 'Brand Name', 'Willshela', 'Elasticity', 'Non Strech', 'CN', 'Jiangsu', 'Fit Type', 'Regular Fit']",https://www.aliexpress.us/item/3256807908381548.html?algo_pvid=fd3419bb-1aa5-4df5-9b64-fb9dfb6ea2bc&algo_exp_id=fd3419bb-1aa5-4df5-9b64-fb9dfb6ea2bc-9&pdp_ext_f=%7B%22order%22%3A%226499%22%2C%22eval%22%3A%221%22%2C%22fromPage%22%3A%22search%22%7D&pdp_npi=6%40dis%21USD%2119.96%212.38%21%21%21137.17%2116.36%21%402101e80f17728189925825847e4ca4%2112000043699879959%21sea%21US%210%21ABX%211%210%21n_tag%3A-29910%3Bd%3A64b8815b%3Bm03_new_user%3A-29895%3BpisId%3A5000000197847475&curPageLogUid=bua3fYMcblvy&utparam-url=scene%3Asearch%7Cquery_from%3A%7Cx_object_id%3A1005008094696300%7C_p_origin_prod%3A
INS Blogger Lace Layered Gauze Skirt Y2k Streetwear Apron Wrap Skirt Lace Up Matching Pants Spicy Girl Stacked Y2k Wrap Skirt,$2.82 ,"https://ae-pic-a1.aliexpress-media.com/kf/S355f0e0f71574986a5724723adfadb6ft.jpg_220x220q75.jpg_.avif,https://ae-pic-a1.aliexpress-media.com/kf/S355f0e0f71574986a5724723adfadb6ft.jpg_220x220q75.jpg_.avif,https://ae-pic-a1.aliexpress-media.com/kf/Sd7894522d6f44bbf8c31c931619e72c3U.jpg_220x220q75.jpg_.avif,https://ae-pic-a1.aliexpress-media.com/kf/S3f4a54d0fd3f4c5997c5b9cfc2df62f6Q.jpg_220x220q75.jpg_.avif,https://ae-pic-a1.aliexpress-media.com/kf/See77fd5724a145e492c8c5ffa2a241f8J.jpg_220x220q75.jpg_.avif","['High-concerned chemical', 'None', 'Craft of Weaving', 'Tatting', 'Season', 'Spring/Summer', 'Fabric Type', 'Mesh', 'Age', 'Middle Age', 'Waistline', 'Natural', 'Dresses Length', 'Knee-Length', 'Decoration', 'Lace', 'Silhouette', 'A-LINE', 'Pattern Type', 'Floral', 'Style', 'Casual', 'Material', 'POLYESTER', 'Gender', 'Women', 'Origin', 'Mainland China', 'Elasticity', 'Slight Strech', 'CN', 'Zhejiang', 'Fit Type', 'Slim', 'CN', 'Zhejiang']",https://www.aliexpress.us/item/3256809857697980.html?algo_pvid=fd3419bb-1aa5-4df5-9b64-fb9dfb6ea2bc&algo_exp_id=fd3419bb-1aa5-4df5-9b64-fb9dfb6ea2bc-12&pdp_ext_f=%7B%22order%22%3A%226102%22%2C%22eval%22%3A%221%22%2C%22orig_sl_item_id%22%3A%221005010044012732%22%2C%22orig_item_id%22%3A%221005007254447532%22%2C%22fromPage%22%3A%22search%22%7D&pdp_npi=6%40dis%21USD%215.88%212.82%21%21%2140.44%2119.41%21%402101e80f17728189925825847e4ca4%2112000050930158351%21sea%21US%210%21ABX%211%210%21n_tag%3A-29910%3Bd%3A64b8815b%3Bm03_new_user%3A-29895&curPageLogUid=SpYmGBpIh1FQ&utparam-url=scene%3Asearch%7Cquery_from%3A%7Cx_object_id%3A1005010044012732%7C_p_origin_prod%3A1005007254447532
Vintage Gray Pleated Skirt Women Kawaii High Waist Mini Skirts Korean Fashion School Uniform Harajuku Streetwear Spring,$7.62 ,"https://ae-pic-a1.aliexpress-media.com/kf/S72eaa3fa6424478ea4cfdc20adaae9a9D.jpg_220x220q75.jpg_.avif,https://ae-pic-a1.aliexpress-media.com/kf/S564cc2236c1645a98bd97316e7ba5d86T.jpg_220x220q75.jpg_.avif,https://ae-pic-a1.aliexpress-media.com/kf/Sc8b937353e714f62bfa9238a489f4155d.jpg_220x220q75.jpg_.avif,https://ae-pic-a1.aliexpress-media.com/kf/Sacba1b7d966e429aa819e433d75b8821v.jpg_220x220q75.jpg_.avif,https://ae-pic-a1.aliexpress-media.com/kf/Sc464adcce05c46e09e64425175b52e9c8.jpg_220x220q75.jpg_.avif","['High-concerned chemical', 'None', 'Craft of Weaving', 'Tatting', 'Season', 'Summer', 'Fabric Type', 'Blended', 'Age', 'Junior', 'Waistline', 'empire', 'Dresses Length', 'Above Knee , Mini', 'Decoration', 'Zippers', 'Silhouette', 'A-LINE', 'Pattern Type', 'Solid', 'Style', 'Y2k', 'Material', 'POLYESTER', 'Gender', 'Women', 'Origin', 'Mainland China', 'Elasticity', 'Non Strech', 'CN', 'Guangdong', 'Fit Type', 'Slim']",https://www.aliexpress.us/item/3256806810367969.html?algo_pvid=fd3419bb-1aa5-4df5-9b64-fb9dfb6ea2bc&algo_exp_id=fd3419bb-1aa5-4df5-9b64-fb9dfb6ea2bc-15&pdp_ext_f=%7B%22order%22%3A%224990%22%2C%22eval%22%3A%221%22%2C%22orig_sl_item_id%22%3A%221005006996682721%22%2C%22orig_item_id%22%3A%221005010764456059%22%2C%22fromPage%22%3A%22search%22%7D&pdp_npi=6%40dis%21USD%2115.56%217.62%21%21%21106.96%2152.41%21%402101e80f17728189925825847e4ca4%2112000038989818349%21sea%21US%210%21ABX%211%210%21n_tag%3A-29910%3Bd%3A64b8815b%3Bm03_new_user%3A-29895&curPageLogUid=eQfbn3vHIFpZ&utparam-url=scene%3Asearch%7Cquery_from%3A%7Cx_object_id%3A1005006996682721%7C_p_origin_prod%3A1005010764456059
Spice girl pleated skirt female pure color small short skirt summer new Korean version JK college wind high waist mini skirt,$9.75 ,"https://ae-pic-a1.aliexpress-media.com/kf/Scb1b473379594878b18da59fb14dae5co.jpeg_220x220q75.jpeg_.avif,https://ae-pic-a1.aliexpress-media.com/kf/Sbe4d726a0ffd43ee904648857be787875.jpeg_220x220q75.jpeg_.avif,https://ae-pic-a1.aliexpress-media.com/kf/Sf58b1ce11c174fe6abae046eecaa7cc8Y.jpeg_220x220q75.jpeg_.avif,https://ae-pic-a1.aliexpress-media.com/kf/S27ed67cca0c7451fb7c26db7f94332068.jpeg_220x220q75.jpeg_.avif,https://ae-pic-a1.aliexpress-media.com/kf/Sc885a5738c2241e4b277f47678824d527.jpeg_220x220q75.jpeg_.avif","['High-concerned chemical', 'None', 'Craft of Weaving', 'Tatting', 'Season', 'Summer', 'Fabric Type', 'Broadcloth', 'Age', 'Junior', 'Place Of Origin', 'China (mainland)', 'Waistline', 'empire', 'Dresses Length', 'Above Knee , Mini', 'Decoration', 'None', 'Silhouette', 'A-LINE', 'Pattern Type', 'Solid', 'Style', 'Casual', 'Material', 'POLYESTER', 'Gender', 'Women', 'Origin', 'Mainland China', 'Elasticity', 'Non Strech', 'CN', 'Guangdong', 'Fit Type', 'Regular Fit']",https://www.aliexpress.us/item/3256806810013686.html?algo_pvid=fd3419bb-1aa5-4df5-9b64-fb9dfb6ea2bc&algo_exp_id=fd3419bb-1aa5-4df5-9b64-fb9dfb6ea2bc-18&pdp_ext_f=%7B%22order%22%3A%224800%22%2C%22eval%22%3A%221%22%2C%22orig_sl_item_id%22%3A%221005006996328438%22%2C%22orig_item_id%22%3A%221005009680552843%22%2C%22fromPage%22%3A%22search%22%7D&pdp_npi=6%40dis%21USD%2120.75%219.75%21%21%21142.62%2167.03%21%402101e80f17728189925825847e4ca4%2112000038988392038%21sea%21US%210%21ABX%211%210%21n_tag%3A-29910%3Bd%3A64b8815b%3Bm03_new_user%3A-29895&curPageLogUid=kuBI26xDaghO&utparam-url=scene%3Asearch%7Cquery_from%3A%7Cx_object_id%3A1005006996328438%7C_p_origin_prod%3A1005009680552843
Sexy Mini Skirt Women New Summer Black Fashion Zipper Partywear Casual Slim Pleated Skirt Elegant Versatile Sexy Female Skirt,$15.03 ,"https://ae-pic-a1.aliexpress-media.com/kf/Sc778a33d662c42f986a8f0a4f4a847bfr.jpg_220x220q75.jpg_.avif,https://ae-pic-a1.aliexpress-media.com/kf/S7ff26da08e924dd7ba0580c410a5b183h.jpg_220x220q75.jpg_.avif,https://ae-pic-a1.aliexpress-media.com/kf/Sb88b830bcb4645d484dc5be7811480d1p.jpg_220x220q75.jpg_.avif,https://ae-pic-a1.aliexpress-media.com/kf/S4fbd85e7ce8f4e3f84897eb840deeea6S.jpg_220x220q75.jpg_.avif,https://ae-pic-a1.aliexpress-media.com/kf/S5da109e0995b4d5cbdd51023b918ad04e.jpg_220x220q75.jpg_.avif","['High-concerned chemical', 'None', 'Craft of Weaving', 'Knit', 'Season', 'Summer', 'is_customized', 'Yes', 'Fabric Type', 'Broadcloth', 'Age', 'Middle Age', 'Place Of Origin', 'China (mainland)', 'Model Number', 'AC162', 'Waistline', 'Natural', 'Dresses Length', 'Above Knee , Mini', 'Decoration', 'Zippers', 'Silhouette', 'Pleated', 'Pattern Type', 'Solid', 'Style', 'Sexy & Club', 'Material', 'POLYESTER,Elastane', 'Gender', 'Women', 'Origin', 'Mainland China', 'Elasticity', 'Slight Strech', 'CN', 'Hebei', 'Fit Type', 'Regular Fit', 'Brand Name', 'VYTB', 'CN', 'Guangdong']",https://www.aliexpress.us/item/3256811371426586.html?algo_pvid=fd3419bb-1aa5-4df5-9b64-fb9dfb6ea2bc&algo_exp_id=fd3419bb-1aa5-4df5-9b64-fb9dfb6ea2bc-37&pdp_ext_f=%7B%22order%22%3A%224769%22%2C%22eval%22%3A%221%22%2C%22orig_sl_item_id%22%3A%221005011557741338%22%2C%22orig_item_id%22%3A%221005009844877662%22%2C%22fromPage%22%3A%22search%22%7D&pdp_npi=6%40dis%21USD%2150.06%2115.03%21%21%21344.06%21103.30%21%402101e80f17728189925825847e4ca4%2112000055916756794%21sea%21US%210%21ABX%211%210%21n_tag%3A-29910%3Bd%3A64b8815b%3Bm03_new_user%3A-29895%3BpisId%3A5000000197847450&curPageLogUid=9NWjP14LzsNM&utparam-url=scene%3Asearch%7Cquery_from%3A%7Cx_object_id%3A1005011557741338%7C_p_origin_prod%3A1005009844877662
Women Summer Vintage Tulle Skirt Adult Fancy Ballet Dancewear Party Costume Ball Gown Mini Skirt,$0.99 ,"https://ae-pic-a1.aliexpress-media.com/kf/S7f3bb83c848d4f1892a11d22fec699c4p.jpg_220x220q75.jpg_.avif,https://ae-pic-a1.aliexpress-media.com/kf/S7072550ab6624c9cacb6423abd52017ck.jpg_220x220q75.jpg_.avif,https://ae-pic-a1.aliexpress-media.com/kf/Sbf5018d2928e4968b2846c00e871d217u.jpg?has_lang=1&ver=1_220x220q75.jpg_.avif,https://ae-pic-a1.aliexpress-media.com/kf/S7549bc407e7e462ba682eb66f281e2dfn.jpg_220x220q75.jpg_.avif,https://ae-pic-a1.aliexpress-media.com/kf/S94e61ddf6828442bb674a97f450c316bT.jpg_220x220q75.jpg_.avif","['Season', 'All Season', 'Fabric Type', 'Mesh', 'Age', 'Middle Age', 'Waistline', 'empire', 'Dresses Length', 'Above Knee , Mini', 'Decoration', 'None', 'Silhouette', 'Ball Gown', 'Pattern Type', 'Solid', 'Style', 'Casual', 'Material', 'Mesh', 'Gender', 'Women', 'Origin', 'Mainland China', 'Elasticity', 'Slight Strech', 'CN', 'Guangdong', 'Fit Type', 'Loose']",https://www.aliexpress.us/item/3256803831401770.html?algo_pvid=fd3419bb-1aa5-4df5-9b64-fb9dfb6ea2bc&algo_exp_id=fd3419bb-1aa5-4df5-9b64-fb9dfb6ea2bc-21&pdp_ext_f=%7B%22order%22%3A%223922%22%2C%22spu_best_type%22%3A%22price%22%2C%22eval%22%3A%221%22%2C%22fromPage%22%3A%22search%22%7D&pdp_npi=6%40dis%21USD%213.96%210.99%21%21%213.96%210.99%21%402101e80f17728189925825847e4ca4%2112000027752941787%21sea%21US%210%21ABX%211%210%21n_tag%3A-29910%3Bd%3A64b8815b%3Bm03_new_user%3A-29895%3BpisId%3A5000000197847475&curPageLogUid=tSPvsQwMuCXS&utparam-url=scene%3Asearch%7Cquery_from%3A%7Cx_object_id%3A1005004017716522%7C_p_origin_prod%3A
American summer new camouflage multi pocket workwear pants loose spicy girl street casual low waisted short denim skirt pants,$16.72 ,"https://ae-pic-a1.aliexpress-media.com/kf/S83a2b24acdf846acade24170ab240109C.jpg_220x220q75.jpg_.avif,https://ae-pic-a1.aliexpress-media.com/kf/S5a1b4dc3dce84505b136e9b3a9d6d3aem.jpg_220x220q75.jpg_.avif,https://ae-pic-a1.aliexpress-media.com/kf/S1bb94d75ac454e11b4c265e4ec44504fi.jpg_220x220q75.jpg_.avif,https://ae-pic-a1.aliexpress-media.com/kf/S37f749a31154439da93a94f48a1d346ae.jpg_220x220q75.jpg_.avif,https://ae-pic-a1.aliexpress-media.com/kf/S9dc777e614e14abb8310549b5683b1144.jpg_220x220q75.jpg_.avif","['High-concerned chemical', 'None', 'Craft of Weaving', 'Tatting', 'Season', 'Spring/Summer', 'Fabric Type', 'Denim', 'Age', 'Junior', 'Waistline', 'Dropped', 'Dresses Length', 'Above Knee , Mini', 'Decoration', 'Pockets', 'Silhouette', 'Straight', 'Pattern Type', 'Tie Dye', 'Style', 'Casual', 'Material', 'Acetate,COTTON', 'Gender', 'Women', 'Origin', 'Mainland China', 'Elasticity', 'Slight Strech', 'CN', 'Hubei', 'Fit Type', 'Slim']",https://www.aliexpress.us/item/3256807606615614.html?algo_pvid=fd3419bb-1aa5-4df5-9b64-fb9dfb6ea2bc&algo_exp_id=fd3419bb-1aa5-4df5-9b64-fb9dfb6ea2bc-27&pdp_ext_f=%7B%22order%22%3A%223394%22%2C%22eval%22%3A%221%22%2C%22orig_sl_item_id%22%3A%221005007792930366%22%2C%22orig_item_id%22%3A%221005007311407391%22%2C%22fromPage%22%3A%22search%22%7D&pdp_npi=6%40dis%21USD%2133.43%2116.72%21%21%21229.74%21114.87%21%402101e80f17728189925825847e4ca4%2112000042220005090%21sea%21US%210%21ABX%211%210%21n_tag%3A-29910%3Bd%3A64b8815b%3Bm03_new_user%3A-29895&curPageLogUid=pCkeKLKV2pyH&utparam-url=scene%3Asearch%7Cquery_from%3A%7Cx_object_id%3A1005007792930366%7C_p_origin_prod%3A1005007311407391
2025 New Solid Color Skirt Women Summer Fashion Outdoor Versatile High Waist Slim Fit Elastic Waist Short Skirt Goods In Stock,$3.15 ,"https://ae-pic-a1.aliexpress-media.com/kf/Sa99492ec9a03430ab45e705932d23c10Z.jpg_220x220q75.jpg_.avif,https://ae-pic-a1.aliexpress-media.com/kf/Sa99492ec9a03430ab45e705932d23c10Z.jpg_220x220q75.jpg_.avif,https://ae-pic-a1.aliexpress-media.com/kf/S72cdd55e20a94a308ad2288b6891dc96V.jpg_220x220q75.jpg_.avif,https://ae-pic-a1.aliexpress-media.com/kf/S3217ffecc4434343a048109cbf7a41fdg.jpg_220x220q75.jpg_.avif,https://ae-pic-a1.aliexpress-media.com/kf/S34393b8cafad476eb3f54caf9ab8bed0k.jpg_220x220q75.jpg_.avif","['High-concerned chemical', 'None', 'Craft of Weaving', 'Knit', 'Season', 'All Season', 'Fabric Type', 'Blended', 'Age', 'Junior', 'Place Of Origin', 'China (mainland)', 'Model Number', '21140', 'Waistline', 'empire', 'Dresses Length', 'Above Knee , Mini', 'Decoration', 'Lace-Up', 'Silhouette', 'A-LINE', 'Pattern Type', 'Solid', 'Style', 'Casual', 'Material', 'POLYESTER,Elastane', 'Gender', 'Women', 'Origin', 'Mainland China', 'Brand Name', 'Cherry Aka', 'Elasticity', 'Slight Strech', 'CN', 'Guangdong', 'Fit Type', 'Slim']",https://www.aliexpress.us/item/3256808053661598.html?algo_pvid=fd3419bb-1aa5-4df5-9b64-fb9dfb6ea2bc&algo_exp_id=fd3419bb-1aa5-4df5-9b64-fb9dfb6ea2bc-29&pdp_ext_f=%7B%22order%22%3A%223361%22%2C%22eval%22%3A%221%22%2C%22fromPage%22%3A%22search%22%7D&pdp_npi=6%40dis%21USD%2110.15%213.15%21%21%2169.78%2121.67%21%402101e80f17728189925825847e4ca4%2112000047926068298%21sea%21US%210%21ABX%211%210%21n_tag%3A-29910%3Bd%3A64b8815b%3Bm03_new_user%3A-29895%3BpisId%3A5000000197847475&curPageLogUid=3Sr4alAsM9kf&utparam-url=scene%3Asearch%7Cquery_from%3A%7Cx_object_id%3A1005008239976350%7C_p_origin_prod%3A
HXAO Women's Skort High Waist Brown Skirt Pants Stylish Summer Pink Black Mini Skirt Shorts Asymmetric Casual Off White Skort,$1.19 ,"https://ae-pic-a1.aliexpress-media.com/kf/Sf31b306c7c5748c6ac655e646edfdaaaV.jpg?has_lang=1&ver=2_220x220q75.jpg_.avif,https://ae-pic-a1.aliexpress-media.com/kf/Sb70a2459a453412bb15a07d2d8eea105f.jpg?has_lang=1&ver=2_220x220q75.jpg_.avif,https://ae-pic-a1.aliexpress-media.com/kf/S18118f5e859c49859a86b0f5b5339ae6y.jpg_220x220q75.jpg_.avif,https://ae-pic-a1.aliexpress-media.com/kf/Sef3d4e35ec0a49aaa7ae39728a79f6164.jpg_220x220q75.jpg_.avif,https://ae-pic-a1.aliexpress-media.com/kf/Sa335a823e4754e6b9b3b8b2e8c4cebabq.jpg_220x220q75.jpg_.avif","['High-concerned chemical', 'None', 'Release Date', 'Summer 2024', 'Craft of Weaving', 'Tatting', 'Season', 'All Season', 'is_customized', 'No', 'Fabric Type', 'Blended', 'Age', 'Middle Age', 'Place Of Origin', 'China (mainland)', 'Model Number', 'LY7112', 'Waistline', 'empire', 'Dresses Length', 'Above Knee , Mini', 'Decoration', 'None', 'Silhouette', 'Straight', 'Pattern Type', 'Solid', 'Style', 'High Street', 'Material', 'POLYESTER', 'Gender', 'Women', 'Origin', 'Mainland China', 'Brand Name', 'HXAO', 'Elasticity', 'Slight Strech', 'CN', 'Jiangsu', 'Fit Type', 'Regular Fit']",https://www.aliexpress.us/item/3256807742322104.html?algo_pvid=fd3419bb-1aa5-4df5-9b64-fb9dfb6ea2bc&algo_exp_id=fd3419bb-1aa5-4df5-9b64-fb9dfb6ea2bc-30&pdp_ext_f=%7B%22order%22%3A%223258%22%2C%22eval%22%3A%221%22%2C%22fromPage%22%3A%22search%22%7D&pdp_npi=6%40dis%21USD%2116.39%211.19%21%21%21112.67%218.22%21%402101e80f17728189925825847e4ca4%2112000042897724790%21sea%21US%210%21ABX%211%210%21n_tag%3A-29910%3Bd%3A64b8815b%3Bm03_new_user%3A-29895%3BpisId%3A5000000197847475&curPageLogUid=3xZF1TN74p0q&utparam-url=scene%3Asearch%7Cquery_from%3A%7Cx_object_id%3A1005007928636856%7C_p_origin_prod%3A
KONDALA 2026 Spring Summer Women Casual Tierred Mini Skirts Fashion Vintage Valentine‘s Day Ruffles Pleated Sexy Shorts Skirts,$14.50 ,"https://ae-pic-a1.aliexpress-media.com/kf/S4feaa81da53c4f84a2f7b184db469f53S.png?has_lang=1&ver=1_220x220.png_.avif,https://ae-pic-a1.aliexpress-media.com/kf/Sb14073ebcf2d439a918c4538e8a0e7f9z.png?has_lang=1&ver=1_220x220.png_.avif,https://ae-pic-a1.aliexpress-media.com/kf/S067f7cb6a774461b8f36c7be4933c29a6.png?has_lang=1&ver=1_220x220.png_.avif,https://ae-pic-a1.aliexpress-media.com/kf/S80cc6963882149e9a1275b3eb74a06d9H.png?has_lang=1&ver=1_220x220.png_.avif,https://ae-pic-a1.aliexpress-media.com/kf/S2fb4e6d6efd3445cabfc467e6ae0bb97c.png?has_lang=1&ver=1_220x220.png_.avif","['High-concerned chemical', 'None', 'Release Date', 'Autumn 2025', 'Craft of Weaving', 'Non-Woven', 'Season', 'All Season', 'is_customized', 'No', 'Fabric Type', 'Poplin', 'Age', 'Middle Age', 'Place Of Origin', 'China (mainland)', 'Model Number', 'F1103-8409', 'Waistline', 'Natural', 'Dresses Length', 'Above Knee , Mini', 'Decoration', 'Tierred', 'Silhouette', 'Straight', 'Pattern Type', 'Solid', 'Style', 'Casual', 'Material', 'POLYESTER', 'Gender', 'Women', 'Origin', 'Mainland China', 'Brand Name', 'KONDALA', 'Elasticity', 'Non Strech', 'CN', 'Jiangsu', 'Fit Type', 'Regular Fit']",https://www.aliexpress.us/item/3256807670798831.html?algo_pvid=fd3419bb-1aa5-4df5-9b64-fb9dfb6ea2bc&algo_exp_id=fd3419bb-1aa5-4df5-9b64-fb9dfb6ea2bc-36&pdp_ext_f=%7B%22order%22%3A%223018%22%2C%22eval%22%3A%221%22%2C%22orig_sl_item_id%22%3A%221005007857113583%22%2C%22orig_item_id%22%3A%221005006199835096%22%2C%22fromPage%22%3A%22search%22%7D&pdp_npi=6%40dis%21USD%2130.85%2114.50%21%21%21212.02%2199.65%21%402101e80f17728189925825847e4ca4%2112000042560417847%21sea%21US%210%21ABX%211%210%21n_tag%3A-29910%3Bd%3A64b8815b%3Bm03_new_user%3A-29895&curPageLogUid=0k6x4AhbCsQ4&utparam-url=scene%3Asearch%7Cquery_from%3A%7Cx_object_id%3A1005007857113583%7C_p_origin_prod%3A1005006199835096
Women Girls Shirt Blouse Extender Adjustable Layering Faux Top Lower Sweep Mini Skirt False Hemline Splitting Underskirt,$0.99 ,"https://ae-pic-a1.aliexpress-media.com/kf/S2bc455e3ff9e4d898beb8b76a6321846W.jpg_220x220q75.jpg_.avif,https://ae-pic-a1.aliexpress-media.com/kf/Sf3eea493b6154ee69b7a1c115d5fe093g.jpg_220x220q75.jpg_.avif,https://ae-pic-a1.aliexpress-media.com/kf/Sc1f577dc1a7e4f469a574c69c1f0db81J.jpg_220x220q75.jpg_.avif,https://ae-pic-a1.aliexpress-media.com/kf/S35b24b70e46c4d25af19748e0d64d18eq.jpg_220x220q75.jpg_.avif,https://ae-pic-a1.aliexpress-media.com/kf/Sa59ea47eb6dd452a9ac61ade9b3810e2q.jpg_220x220q75.jpg_.avif","['High-concerned chemical', 'None', 'Craft of Weaving', 'Tatting', 'Season', 'All Season', 'Fabric Type', 'Blended', 'Age', 'Junior', 'Waistline', 'Natural', 'Dresses Length', 'Above Knee , Mini', 'Decoration', 'None', 'Silhouette', 'A-LINE', 'Pattern Type', 'Solid', 'Style', 'Casual', 'Material', 'POLYESTER', 'Gender', 'Women', 'Origin', 'Mainland China', 'Elasticity', 'Slight Strech', 'CN', 'Liaoning', 'Fit Type', 'Loose', 'CN', 'Zhejiang']",https://www.aliexpress.us/item/3256806048693842.html?algo_pvid=fd3419bb-1aa5-4df5-9b64-fb9dfb6ea2bc&algo_exp_id=fd3419bb-1aa5-4df5-9b64-fb9dfb6ea2bc-41&pdp_ext_f=%7B%22order%22%3A%222692%22%2C%22eval%22%3A%221%22%2C%22fromPage%22%3A%22search%22%7D&pdp_npi=6%40dis%21USD%217.07%210.99%21%21%2148.57%216.75%21%402101e80f17728189925825847e4ca4%2112000036404228292%21sea%21US%210%21ABX%211%210%21n_tag%3A-29910%3Bd%3A64b8815b%3Bm03_new_user%3A-29895%3BpisId%3A5000000197847475&curPageLogUid=MwDvzDUpZcLI&utparam-url=scene%3Asearch%7Cquery_from%3A%7Cx_object_id%3A1005006235008594%7C_p_origin_prod%3A
Ultrashort Jk Skirts Plaid Cosplay Costume Skirt Japanese Style Summer Schoolgirl Pleated Skirts Vintage Sexy Clubwear Skirt,$0.99 ,"https://ae-pic-a1.aliexpress-media.com/kf/S0147d3896c4641588991f8c3d8ae7582S.jpg_220x220q75.jpg_.avif,https://ae-pic-a1.aliexpress-media.com/kf/S0147d3896c4641588991f8c3d8ae7582S.jpg_220x220q75.jpg_.avif,https://ae-pic-a1.aliexpress-media.com/kf/S90e1db55bc944d3da5b996944102f6d7K.jpg_220x220q75.jpg_.avif,https://ae-pic-a1.aliexpress-media.com/kf/Sfbd23084eefe4808bd622303b246aaf4Q.jpg_220x220q75.jpg_.avif,https://ae-pic-a1.aliexpress-media.com/kf/Se93f8ae3fef5433d80eaad1311fbb1f8a.jpg_220x220q75.jpg_.avif","['High-concerned chemical', 'None', 'Craft of Weaving', 'Tatting', 'Season', 'All Season', 'Fabric Type', 'Mesh', 'Age', 'Junior', 'Place Of Origin', 'China (mainland)', 'Model Number', '1', 'Waistline', 'Dropped', 'Dresses Length', 'Above Knee , Mini', 'Decoration', 'Shirring', 'Silhouette', 'Pleated', 'Pattern Type', 'Plaid', 'Style', 'Japan Style', 'Material', 'COTTON,POLYESTER', 'Gender', 'Women', 'Origin', 'Mainland China', 'Brand Name', 'YJSFG HOUSE', 'Elasticity', 'Non Strech', 'CN', 'Zhejiang', 'Fit Type', 'Slim', 'Type 1', 'Skirts', 'Type 2', ""women's clothing summer 2024 skirt sexy"", 'Type 3', 'Ultrashort Jk Skirts', 'Type 4', 'Plaid Cosplay Costume Skirt', 'Type 5', 'Japanese Style Summer Schoolgirl Pleated Skirts', 'Type 6', 'Vintage Sexy Clubwear Skirt', 'Type 7', 'Women Sexy Low Rise A-line Short Jk Skirts', 'Type 8', 'Summer Schoolgirl Plaid Pleated Skirt', 'Type 9', 'Vintage Short Skirt', 'Type 10', 'Cosplay Costume Skirts', 'Type 11', 'Role Play Women Anime Student Uniform Skirts', 'Type 12', 'School Girl Classic Black White Plaid Pleated Skirt', 'Type 13', 'College Clothes Outfits Costumes', 'Type 14', 'Sexy Short Student JK Pleated Skirt', 'Type 15', 'Summer Mini skirts for woman', 'Type 16', 'vintage korean fashion plaid skirts', 'Type 17', 'plaid skirts for women y2k skirts', 'Type 18', 'pleated red plaid skirts preppy style', 'Type 19', 'Women Summer Preppy Style Plaid Pleated Skirt', 'Type 20', 'School Uniform Anti Glare JK Skirt', 'Type 21', 'Harajuku High Waist A-line Skirt', 'Type 22', 'Y2k Pleated Skirts Korean Fashion Tennis Skirts Harajuku']",https://www.aliexpress.us/item/3256806675414059.html?algo_pvid=fd3419bb-1aa5-4df5-9b64-fb9dfb6ea2bc&algo_exp_id=fd3419bb-1aa5-4df5-9b64-fb9dfb6ea2bc-42&pdp_ext_f=%7B%22order%22%3A%222659%22%2C%22eval%22%3A%221%22%2C%22fromPage%22%3A%22search%22%7D&pdp_npi=6%40dis%21USD%214.90%210.99%21%21%214.90%210.99%21%402101e80f17728189925825847e4ca4%2112000038546087583%21sea%21US%210%21ABX%211%210%21n_tag%3A-29910%3Bd%3A64b8815b%3Bm03_new_user%3A-29895%3BpisId%3A5000000198352206&curPageLogUid=kUx4mRthiLtU&utparam-url=scene%3Asearch%7Cquery_from%3A%7Cx_object_id%3A1005006861728811%7C_p_origin_prod%3A
Women Y2K Korean Lace Mini Layered Skirt Streetwear Lace Up Ruffles Harajuku High Waist Pleated Ladies Jupe Skirts Clothes,$0.99 ,"https://ae-pic-a1.aliexpress-media.com/kf/S8e3e4708eaf24656b476ff9d798ec772h.jpg_220x220q75.jpg_.avif,https://ae-pic-a1.aliexpress-media.com/kf/S27f7b22f2e214ba89bef7dda09759b58d.jpg_220x220q75.jpg_.avif,https://ae-pic-a1.aliexpress-media.com/kf/S8f4019ec2c8a4dfc92680d2293642184f.jpg_220x220q75.jpg_.avif,https://ae-pic-a1.aliexpress-media.com/kf/Saa35260f146f42be86fb0279534cfa08z.jpg_220x220q75.jpg_.avif,https://ae-pic-a1.aliexpress-media.com/kf/Se5cc39134f33458b833793ae3a07462b5.jpg?has_lang=1&ver=2_220x220q75.jpg_.avif","['Occasion', 'Music Festival', 'Festival', 'Carnivals', 'High-concerned chemical', 'None', 'Release Date', 'Summer 2025', 'Craft of Weaving', 'Knit', 'Season', 'Summer', 'is_customized', 'No', 'Fabric Type', 'Broadcloth', 'Age', 'Middle Age', 'Place Of Origin', 'China (mainland)', 'Model Number', 'W002', 'Waistline', 'empire', 'Dresses Length', 'Above Knee , Mini', 'Decoration', 'None', 'Silhouette', 'A-LINE', 'Pattern Type', 'Solid', 'Style', 'Casual', 'Material', 'Voile', 'Gender', 'Women', 'Origin', 'Mainland China', 'Elasticity', 'Non Strech', 'CN', 'Guangdong', 'Fit Type', 'Slim']",https://www.aliexpress.us/item/3256808616550623.html?algo_pvid=fd3419bb-1aa5-4df5-9b64-fb9dfb6ea2bc&algo_exp_id=fd3419bb-1aa5-4df5-9b64-fb9dfb6ea2bc-43&pdp_ext_f=%7B%22order%22%3A%222652%22%2C%22eval%22%3A%221%22%2C%22fromPage%22%3A%22search%22%7D&pdp_npi=6%40dis%21USD%213.40%210.99%21%21%2123.34%216.78%21%402101e80f17728189925825847e4ca4%2112000046725135502%21sea%21US%210%21ABX%211%210%21n_tag%3A-29910%3Bd%3A64b8815b%3Bm03_new_user%3A-29895%3BpisId%3A5000000197847475&curPageLogUid=M8DvzdtEfndi&utparam-url=scene%3Asearch%7Cquery_from%3A%7Cx_object_id%3A1005008802865375%7C_p_origin_prod%3A
Pleated Mini Skirts Korean Sweet Knitted Skirts Sweet Elastic Waist Ladies Casual Youthful For Women's Clothes Solid Fashion New,$0.99 ,"https://ae-pic-a1.aliexpress-media.com/kf/S086cf34de20c415a82c6be94e0403233n.jpg_220x220q75.jpg_.avif,https://ae-pic-a1.aliexpress-media.com/kf/Sc2f861878ad74ea1890ee38e7c111523Q.jpg_220x220q75.jpg_.avif,https://ae-pic-a1.aliexpress-media.com/kf/S2fbafd5f077549c4a2e08a836eab0caed.jpg_220x220q75.jpg_.avif,https://ae-pic-a1.aliexpress-media.com/kf/Saf717fdf7577408aacb01e6604b29ace0.jpg_220x220q75.jpg_.avif,https://ae-pic-a1.aliexpress-media.com/kf/Se8cd8dff2c8441e0a10c03adae8ee16aU.jpg_220x220q75.jpg_.avif","['High-concerned chemical', 'None', 'Craft of Weaving', 'Knit', 'Season', 'Summer', 'is_customized', 'No', 'Fabric Type', 'Knitted', 'Age', 'Middle Age', 'Place Of Origin', 'China (mainland)', 'Waistline', 'empire', 'Dresses Length', 'Above Knee , Mini', 'Decoration', 'Folds', 'Silhouette', 'A-LINE', 'Pattern Type', 'Solid', 'Style', 'Casual', 'Material', 'POLYESTER,Elastane', 'Gender', 'Women', 'Origin', 'Mainland China', 'Brand Name', 'SUYISODA', 'Elasticity', 'Medium Strecth', 'CN', 'Guangdong', 'Fit Type', 'Regular Fit']",https://www.aliexpress.us/item/3256808758136347.html?algo_pvid=fd3419bb-1aa5-4df5-9b64-fb9dfb6ea2bc&algo_exp_id=fd3419bb-1aa5-4df5-9b64-fb9dfb6ea2bc-44&pdp_ext_f=%7B%22order%22%3A%222555%22%2C%22eval%22%3A%221%22%2C%22fromPage%22%3A%22search%22%7D&pdp_npi=6%40dis%21USD%2115.17%210.99%21%21%21104.28%216.85%21%402101e80f17728189925825847e4ca4%2112000047302403553%21sea%21US%210%21ABX%211%210%21n_tag%3A-29910%3Bd%3A64b8815b%3Bm03_new_user%3A-29895%3BpisId%3A5000000197847475&curPageLogUid=sazxk9WQIaCU&utparam-url=scene%3Asearch%7Cquery_from%3A%7Cx_object_id%3A1005008944451099%7C_p_origin_prod%3A
Fashion Women Tutus Skirt Classic Pleated Dance Tutu Skirts Female Lolita Petticoat Party Puffy Skirts Ballet Skirts,$3.45 ,"https://ae-pic-a1.aliexpress-media.com/kf/Se4eeb99be8054390bfc7c2c8bfb10ac5w.jpg?has_lang=1&ver=1_220x220q75.jpg_.avif,https://ae-pic-a1.aliexpress-media.com/kf/S696b7bad717b4357b668e6b17c55a12bC.jpg_220x220q75.jpg_.avif,https://ae-pic-a1.aliexpress-media.com/kf/S564f9b18ce214bfc812f5a51163626acz.jpg_220x220q75.jpg_.avif,https://ae-pic-a1.aliexpress-media.com/kf/S49de279e9ea443fca987bc361c4f2f7aj.jpg_220x220q75.jpg_.avif,https://ae-pic-a1.aliexpress-media.com/kf/S388855c8320c4920ab7e486edff9ce27P.jpg?has_lang=1&ver=1_220x220q75.jpg_.avif","['High-concerned chemical', 'None', 'Craft of Weaving', 'Tatting', 'Season', 'Summer', 'is_customized', 'No', 'Fabric Type', 'Mesh', 'Age', 'Middle Age', 'Place Of Origin', 'China (mainland)', 'Model Number', 'Tutus Skirt', 'Waistline', 'Dropped', 'Dresses Length', 'Above Knee , Mini', 'Decoration', 'Lace', 'Silhouette', 'Ball Gown', 'Pattern Type', 'Solid', 'Style', 'Casual', 'Material', 'POLYESTER', 'Gender', 'Women', 'Origin', 'Mainland China', 'Elasticity', 'Non Strech', 'CN', 'Zhejiang', 'Fit Type', 'Regular Fit']",https://www.aliexpress.us/item/3256810162116651.html?algo_pvid=fd3419bb-1aa5-4df5-9b64-fb9dfb6ea2bc&algo_exp_id=fd3419bb-1aa5-4df5-9b64-fb9dfb6ea2bc-46&pdp_ext_f=%7B%22order%22%3A%222538%22%2C%22eval%22%3A%221%22%2C%22orig_sl_item_id%22%3A%221005010348431403%22%2C%22orig_item_id%22%3A%221005009844354949%22%2C%22fromPage%22%3A%22search%22%7D&pdp_npi=6%40dis%21USD%216.90%213.45%21%21%2147.44%2123.72%21%402101e80f17728189925825847e4ca4%2112000052069232462%21sea%21US%210%21ABX%211%210%21n_tag%3A-29910%3Bd%3A64b8815b%3Bm03_new_user%3A-29895&curPageLogUid=CwQTxXnu90jp&utparam-url=scene%3Asearch%7Cquery_from%3A%7Cx_object_id%3A1005010348431403%7C_p_origin_prod%3A1005009844354949
Women's Soft Touch Silk-Like Midi Skirt High Waist Elastic Waistband Chic Fashion Female Skirts Elegant Mujer,$1.47 ,"https://ae-pic-a1.aliexpress-media.com/kf/S222268aca260443386207fe3492d7bc4G.jpg_220x220q75.jpg_.avif,https://ae-pic-a1.aliexpress-media.com/kf/Sa5184996ea3d432aae632f6e3f14f801o.jpg_220x220q75.jpg_.avif,https://ae-pic-a1.aliexpress-media.com/kf/S934af3a6c3944ae4810c4e1a6a86228ay.jpg_220x220q75.jpg_.avif,https://ae-pic-a1.aliexpress-media.com/kf/Sd9348e45ca074177b4316dffd2b81e7cx.jpg_220x220q75.jpg_.avif,https://ae-pic-a1.aliexpress-media.com/kf/S20d515a55cf949868060b97b81928e2em.jpg_220x220q75.jpg_.avif","['High-concerned chemical', 'None', 'Craft of Weaving', 'Tatting', 'Season', 'All Season', 'Fabric Type', 'Blended', 'Age', 'Middle Age', 'Place Of Origin', 'China (mainland)', 'Waistline', 'empire', 'Dresses Length', 'Mid-Calf', 'Decoration', 'None', 'Silhouette', 'Straight', 'Pattern Type', 'Solid', 'Style', 'Casual', 'Material', 'POLYESTER', 'Gender', 'Women', 'Origin', 'Mainland China', 'Brand Name', 'TRZA', 'Elasticity', 'Non Strech', 'CN', 'Jiangsu', 'Fit Type', 'Regular Fit']",https://www.aliexpress.us/item/3256806556066815.html?algo_pvid=fd3419bb-1aa5-4df5-9b64-fb9dfb6ea2bc&algo_exp_id=fd3419bb-1aa5-4df5-9b64-fb9dfb6ea2bc-47&pdp_ext_f=%7B%22order%22%3A%222398%22%2C%22eval%22%3A%221%22%2C%22fromPage%22%3A%22search%22%7D&pdp_npi=6%40dis%21USD%2118.01%211.47%21%21%21123.75%2110.05%21%402101e80f17728189925825847e4ca4%2112000038304174390%21sea%21US%210%21ABX%211%210%21n_tag%3A-29910%3Bd%3A64b8815b%3Bm03_new_user%3A-29895%3BpisId%3A5000000197847475&curPageLogUid=IXCzp9DOMMXe&utparam-url=scene%3Asearch%7Cquery_from%3A%7Cx_object_id%3A1005006742381567%7C_p_origin_prod%3A
Spring Black White Spliced Women Short Skirt 2025 Y2k Slim Design Harajuku Mini Skirt Female Empire Korea Style Chic Piano Skirt,$8.63 ,"https://ae-pic-a1.aliexpress-media.com/kf/S0d70167d5499421b8f218af4e4ed4bceu.jpg_220x220q75.jpg_.avif,https://ae-pic-a1.aliexpress-media.com/kf/S0d70167d5499421b8f218af4e4ed4bceu.jpg_220x220q75.jpg_.avif,https://ae-pic-a1.aliexpress-media.com/kf/Sa2bf7bd2b0c84868afd9ffa4d6e4c73cl.jpg?has_lang=1&ver=2_220x220q75.jpg_.avif,https://ae-pic-a1.aliexpress-media.com/kf/Se6780d98efc142c7ac75656f26cac3e9w.jpg?has_lang=1&ver=2_220x220q75.jpg_.avif,https://ae-pic-a1.aliexpress-media.com/kf/S24f33e4d11ce4e98b12b6eb19495c2da5.jpg?has_lang=1&ver=2_220x220q75.jpg_.avif","['High-concerned chemical', 'None', 'Release Date', 'Spring 2025', 'Craft of Weaving', 'Tatting', 'Season', 'Spring/Summer', 'Fabric Type', 'Blended', 'Age', 'Junior', 'Place Of Origin', 'China (mainland)', 'Model Number', '253255S', 'Waistline', 'empire', 'Dresses Length', 'Above Knee , Mini', 'Decoration', 'None', 'Silhouette', 'A-LINE', 'Pattern Type', 'Striped', 'Style', 'Vintage', 'Material', 'POLYESTER', 'Gender', 'Women', 'Origin', 'Mainland China', 'Brand Name', 'ZHUOLIN', 'Elasticity', 'Non Strech', 'CN', 'Guangdong', 'Fit Type', 'Regular Fit']",https://www.aliexpress.us/item/3256808524712915.html?algo_pvid=fd3419bb-1aa5-4df5-9b64-fb9dfb6ea2bc&algo_exp_id=fd3419bb-1aa5-4df5-9b64-fb9dfb6ea2bc-48&pdp_ext_f=%7B%22order%22%3A%222396%22%2C%22eval%22%3A%221%22%2C%22fromPage%22%3A%22search%22%7D&pdp_npi=6%40dis%21USD%2114.87%218.63%21%21%21102.20%2159.28%21%402101e80f17728189925825847e4ca4%2112000046347604043%21sea%21US%210%21ABX%211%210%21n_tag%3A-29910%3Bd%3A64b8815b%3Bm03_new_user%3A-29895&curPageLogUid=DsDaArHOViKL&utparam-url=scene%3Asearch%7Cquery_from%3A%7Cx_object_id%3A1005008711027667%7C_p_origin_prod%3A
Summer Mini skirts for woman vintage korean fashion plaid skirts for women y2k skirts pleated red plaid skirts preppy style,$1.23 ,"https://ae-pic-a1.aliexpress-media.com/kf/S31edde7af14b4174b4e6a91e6e51ef94R.jpg_220x220q75.jpg_.avif,https://ae-pic-a1.aliexpress-media.com/kf/S3afd81d4a5c4431ba3390d114dc945b45.jpg_220x220q75.jpg_.avif,https://ae-pic-a1.aliexpress-media.com/kf/S71ce43c1555c4f27b034fd9cfd48f0ceP.jpg_220x220q75.jpg_.avif,https://ae-pic-a1.aliexpress-media.com/kf/S418473df941d4765bff03232159ffd9b3.jpg_220x220q75.jpg_.avif,https://ae-pic-a1.aliexpress-media.com/kf/S1b21005d06584fe990c61d855b335279z.jpg_220x220q75.jpg_.avif","['High-concerned chemical', 'None', 'Release Date', 'Summer 2024', 'Craft of Weaving', 'Tatting', 'Season', 'Spring/Summer', 'is_customized', 'No', 'Fabric Type', 'Woolen', 'Age', 'Middle Age', 'Place Of Origin', 'China (mainland)', 'Model Number', 'Pleated skirts mini plaid', 'Waistline', 'empire', 'Dresses Length', 'Above Knee , Mini', 'Decoration', 'Folds', 'Silhouette', 'Pleated', 'Pattern Type', 'Plaid', 'Style', 'Preppy Style', 'Material', 'POLYESTER', 'Gender', 'Women', 'Origin', 'Mainland China', 'Brand Name', 'BRUSCREST', 'Elasticity', 'Non Strech', 'CN', 'Zhejiang', 'Fit Type', 'Regular Fit']",https://www.aliexpress.us/item/3256806737511714.html?algo_pvid=fd3419bb-1aa5-4df5-9b64-fb9dfb6ea2bc&algo_exp_id=fd3419bb-1aa5-4df5-9b64-fb9dfb6ea2bc-51&pdp_ext_f=%7B%22order%22%3A%222225%22%2C%22spu_best_type%22%3A%22price%22%2C%22eval%22%3A%221%22%2C%22fromPage%22%3A%22search%22%7D&pdp_npi=6%40dis%21USD%218.23%211.23%21%21%218.23%211.23%21%402101e80f17728189925825847e4ca4%2112000039595309503%21sea%21US%210%21ABX%211%210%21n_tag%3A-29910%3Bd%3A64b8815b%3Bm03_new_user%3A-29895%3BpisId%3A5000000197847475&curPageLogUid=ElJ28GJAe27r&utparam-url=scene%3Asearch%7Cquery_from%3A%7Cx_object_id%3A1005006923826466%7C_p_origin_prod%3A
FINETOO Spring Summer New High Waist Elastic Business Women Mini Skirt Black Slimming Knitted Half Body Skirt Professional Work,$3.51 ,"https://ae-pic-a1.aliexpress-media.com/kf/S60f1c812be8d44378c538b5aca00f9b3H.jpg_220x220q75.jpg_.avif,https://ae-pic-a1.aliexpress-media.com/kf/S60f1c812be8d44378c538b5aca00f9b3H.jpg_220x220q75.jpg_.avif,https://ae-pic-a1.aliexpress-media.com/kf/S86103bb6414149b5b171497748d6f5b9B.jpg?has_lang=1&ver=1_220x220q75.jpg_.avif,https://ae-pic-a1.aliexpress-media.com/kf/Scc5c81db59144f2a997c2c2b0474b693s.jpg_220x220q75.jpg_.avif,https://ae-pic-a1.aliexpress-media.com/kf/S7f486d7244034f15aba4b6ac5fb1d78dF.jpg_220x220q75.jpg_.avif","['High-concerned chemical', 'None', 'Craft of Weaving', 'Non-Woven', 'Season', 'Spring/Summer', 'is_customized', 'No', 'Fabric Type', 'POLYESTER', 'Age', 'Middle Age', 'Place Of Origin', 'China (mainland)', 'Model Number', 'N915', 'Waistline', 'Natural', 'Dresses Length', 'Above Knee , Mini', 'Decoration', 'None', 'Silhouette', 'Pencil', 'Pattern Type', 'Solid', 'Style', 'Office Lady', 'Material', 'Elastane,Polyamide', 'Gender', 'Women', 'Origin', 'Mainland China', 'Elasticity', 'Medium Strecth', 'CN', 'Zhejiang', 'Fit Type', 'Slim']",https://www.aliexpress.us/item/3256810399284373.html?algo_pvid=fd3419bb-1aa5-4df5-9b64-fb9dfb6ea2bc&algo_exp_id=fd3419bb-1aa5-4df5-9b64-fb9dfb6ea2bc-53&pdp_ext_f=%7B%22order%22%3A%222164%22%2C%22eval%22%3A%221%22%2C%22orig_sl_item_id%22%3A%221005010585599125%22%2C%22orig_item_id%22%3A%221005010241805573%22%2C%22fromPage%22%3A%22search%22%7D&pdp_npi=6%40dis%21USD%217.02%213.51%21%21%2148.26%2124.13%21%402101e80f17728189925825847e4ca4%2112000052901539716%21sea%21US%210%21ABX%211%210%21n_tag%3A-29910%3Bd%3A64b8815b%3Bm03_new_user%3A-29895&curPageLogUid=kxDZRAvpJYYG&utparam-url=scene%3Asearch%7Cquery_from%3A%7Cx_object_id%3A1005010585599125%7C_p_origin_prod%3A1005010241805573
Y2k Clothes Gothic Punk Studded Mini Skirt Harajuku Sexy Ultra Short Rivet Pleated Skirt Hot Girl Kawaii Skirt Womens Clothing,$0.99 ,"https://ae-pic-a1.aliexpress-media.com/kf/S317b29f19e054874b9fe1336bace297at.jpg_220x220q75.jpg_.avif,https://ae-pic-a1.aliexpress-media.com/kf/S0d18a76b7d664300a811e3433bcf693fW.jpg_220x220q75.jpg_.avif,https://ae-pic-a1.aliexpress-media.com/kf/Sd9fc18670759477b8245f9902d4321604.jpg_220x220q75.jpg_.avif,https://ae-pic-a1.aliexpress-media.com/kf/S317b29f19e054874b9fe1336bace297at.jpg_220x220q75.jpg_.avif,https://ae-pic-a1.aliexpress-media.com/kf/Sa6e348f26f7045929270d65737cd9994U.jpg_220x220q75.jpg_.avif","['High-concerned chemical', 'None', 'Release Date', 'Summer 2025', 'Craft of Weaving', 'Tatting', 'Season', 'Summer', 'is_customized', 'No', 'Fabric Type', 'Broadcloth', 'Age', 'Middle Age', 'Place Of Origin', 'China (mainland)', 'Waistline', 'Natural', 'Dresses Length', 'Above Knee , Mini', 'Decoration', 'None', 'Silhouette', 'A-LINE', 'Pattern Type', 'Solid', 'Style', 'High Street', 'Material', 'POLYESTER', 'Gender', 'Women', 'Origin', 'Mainland China', 'Brand Name', 'HIZILENT', 'Elasticity', 'Non Strech', 'CN', 'Guangdong', 'Fit Type', 'Regular Fit']",https://www.aliexpress.us/item/3256808457046024.html?algo_pvid=fd3419bb-1aa5-4df5-9b64-fb9dfb6ea2bc&algo_exp_id=fd3419bb-1aa5-4df5-9b64-fb9dfb6ea2bc-57&pdp_ext_f=%7B%22order%22%3A%222010%22%2C%22eval%22%3A%221%22%2C%22fromPage%22%3A%22search%22%7D&pdp_npi=6%40dis%21USD%218.56%210.99%21%21%218.56%210.99%21%402101e80f17728189925825847e4ca4%2112000046071181707%21sea%21US%210%21ABX%211%210%21n_tag%3A-29910%3Bd%3A64b8815b%3Bm03_new_user%3A-29895%3BpisId%3A5000000197847450&curPageLogUid=6Z2GHRf3aaxA&utparam-url=scene%3Asearch%7Cquery_from%3A%7Cx_object_id%3A1005008643360776%7C_p_origin_prod%3A
Lace Asymmetrical Skirt Fairycore Women Vintage Y2K Boho Aesthetic Fashion High Waist Mid Skirts Lady Holiday Outfits,$2.97 ,"https://ae-pic-a1.aliexpress-media.com/kf/S0fb646f3d11f45369e69e38914eedb01K.jpg_220x220q75.jpg_.avif,https://ae-pic-a1.aliexpress-media.com/kf/S0fb646f3d11f45369e69e38914eedb01K.jpg_220x220q75.jpg_.avif,https://ae-pic-a1.aliexpress-media.com/kf/Sf29756585ce849e6b6de33b7e27dfcdfv.jpg_220x220q75.jpg_.avif,https://ae-pic-a1.aliexpress-media.com/kf/S400419769a95474786b80816fe9bafda8.jpg_220x220q75.jpg_.avif,https://ae-pic-a1.aliexpress-media.com/kf/Scc0fd48d703b433f94972e667e3e5f260.jpg_220x220q75.jpg_.avif","['High-concerned chemical', 'None', 'Release Date', 'Autumn 2024', 'Craft of Weaving', 'Knit', 'Season', 'All Season', 'is_customized', 'No', 'Fabric Type', 'Lace', 'Age', 'Junior', 'Place Of Origin', 'China (mainland)', 'Model Number', 'YG0592', 'Waistline', 'empire', 'Dresses Length', 'Mid-Calf', 'Decoration', 'Lace', 'Silhouette', 'A-LINE', 'Pattern Type', 'Solid', 'Style', 'Vintage', 'Material', 'Acetate,Nylon,POLYESTER', 'Gender', 'Women', 'Origin', 'Mainland China', 'Brand Name', 'TOKITIND', 'Elasticity', 'Slight Strech', 'CN', 'Guangdong', 'Fit Type', 'Loose']",https://www.aliexpress.us/item/3256806708252578.html?algo_pvid=fd3419bb-1aa5-4df5-9b64-fb9dfb6ea2bc&algo_exp_id=fd3419bb-1aa5-4df5-9b64-fb9dfb6ea2bc-59&pdp_ext_f=%7B%22order%22%3A%221935%22%2C%22eval%22%3A%221%22%2C%22fromPage%22%3A%22search%22%7D&pdp_npi=6%40dis%21USD%2112.97%212.97%21%21%2189.16%2120.43%21%402101e80f17728189925825847e4ca4%2112000038642186505%21sea%21US%210%21ABX%211%210%21n_tag%3A-29910%3Bd%3A64b8815b%3Bm03_new_user%3A-29895%3BpisId%3A5000000197847450&curPageLogUid=1xQgXTFsw8P2&utparam-url=scene%3Asearch%7Cquery_from%3A%7Cx_object_id%3A1005006894567330%7C_p_origin_prod%3A
Jeans Pants Decor Embroidered Flower Lace Mini Skirt Irregular See Through Ruched Skirts High Waist Harajuku Pleated Skirts,$7.90 ,"https://ae-pic-a1.aliexpress-media.com/kf/Sdf8d5fb67e9c4bc996d2a41ac2f53a62Y.jpg?has_lang=1&ver=1_220x220q75.jpg_.avif,https://ae-pic-a1.aliexpress-media.com/kf/S1071ecec3c9340b3941b0d87c9fc216dj.jpg?has_lang=1&ver=1_220x220q75.jpg_.avif,https://ae-pic-a1.aliexpress-media.com/kf/S4d2b8bccac284d8ab1e689645e12d279j.jpg_220x220q75.jpg_.avif,https://ae-pic-a1.aliexpress-media.com/kf/Sd91c70d6cc584862a2434fee1e026bafD.jpg_220x220q75.jpg_.avif,https://ae-pic-a1.aliexpress-media.com/kf/S5f84226edd0e43a282a85e6435ca91470.jpg_220x220q75.jpg_.avif","['Occasion', 'Party', 'Festival', ""Valentine's Day"", 'High-concerned chemical', 'None', 'Release Date', 'Spring 2025', 'Craft of Weaving', 'Non-Woven', 'Season', 'Spring/Summer']",https://www.aliexpress.us/item/3256808965393579.html?algo_pvid=b9cc4b84-901c-4023-a89a-1a28ec464442&algo_exp_id=b9cc4b84-901c-4023-a89a-1a28ec464442-0&pdp_ext_f=%7B%22order%22%3A%221056%22%2C%22eval%22%3A%221%22%2C%22fromPage%22%3A%22search%22%7D&pdp_npi=6%40dis%21USD%217.95%217.90%21%21%2154.65%2154.31%21%402102eaa317729905216923047edb45%2112000048107000942%21sea%21US%210%21ABX%211%210%21n_tag%3A-29910%3Bd%3Ad1df2f05%3Bm03_new_user%3A-29895%3BpisId%3A5000000201818083&curPageLogUid=G3FwLEHE6Vv9&utparam-url=scene%3Asearch%7Cquery_from%3A%7Cx_object_id%3A1005009151708331%7C_p_origin_prod%3A
Erotic Lingerie Sexy Cosplay Schoolgirl Uniform Temptation Mini Pleated Skirt Fetish Porno Stockings Bodysuit Anime Costumes,$0.99 ,"https://ae-pic-a1.aliexpress-media.com/kf/S8e689e9592754fc1acbc01e32b28a363W.jpeg_220x220q75.jpeg_.avif,https://ae-pic-a1.aliexpress-media.com/kf/Se4491fa6887b48069d0cd5a8f1abbdf7F.jpeg_220x220q75.jpeg_.avif,https://ae-pic-a1.aliexpress-media.com/kf/S083cf146fdb64c268ecb3b77d5d945f4d.jpeg_220x220q75.jpeg_.avif,https://ae-pic-a1.aliexpress-media.com/kf/Se30f14a423c24f9d93a194b569566d315.jpeg_220x220q75.jpeg_.avif,https://ae-pic-a1.aliexpress-media.com/kf/Scd3ef1141d5443c5ba467437d5abcb05Z.jpeg_220x220q75.jpeg_.avif","['High-concerned chemical', 'None', 'Craft of Weaving', 'Non-Woven', 'Season', 'Spring/Summer', 'is_customized', 'No', 'Fabric Type', 'Chiffon', 'Age', 'Middle Age']",https://www.aliexpress.us/item/3256805006082895.html?algo_pvid=b9cc4b84-901c-4023-a89a-1a28ec464442&algo_exp_id=b9cc4b84-901c-4023-a89a-1a28ec464442-1&pdp_ext_f=%7B%22order%22%3A%221051%22%2C%22eval%22%3A%221%22%2C%22fromPage%22%3A%22search%22%7D&pdp_npi=6%40dis%21USD%215.03%210.99%21%21%2134.54%216.77%21%402102eaa317729905216923047edb45%2112000032065214563%21sea%21US%210%21ABX%211%210%21n_tag%3A-29910%3Bd%3Ad1df2f05%3Bm03_new_user%3A-29895%3BpisId%3A5000000197847475&curPageLogUid=uKBbKUFbQKtB&utparam-url=scene%3Asearch%7Cquery_from%3A%7Cx_object_id%3A1005005192397647%7C_p_origin_prod%3A
Women Skirt Bodycon Skirt Office Female Slim Knee Length High Waist Stretch Sexy Pencil Skirts Jupe Femme,$4.18 ,"https://ae-pic-a1.aliexpress-media.com/kf/S616d06ceacce407db32d848749fe271di.jpg_220x220q75.jpg_.avif,https://ae-pic-a1.aliexpress-media.com/kf/S7f5d8e118909409fb0c5fb4396a1ab15s.jpg_220x220q75.jpg_.avif,https://ae-pic-a1.aliexpress-media.com/kf/Sb9ddd857720040c7a0accf3fcb0fe2bdR.jpg_220x220q75.jpg_.avif,https://ae-pic-a1.aliexpress-media.com/kf/S58cf26e23c6d4ac7970d1fd5cddc49a67.jpg_220x220q75.jpg_.avif,https://ae-pic-a1.aliexpress-media.com/kf/S3ba99c3743474250ab58c1a6e773c487f.jpg_220x220q75.jpg_.avif","['is_customized', 'No', 'Fabric Type', 'Blended', 'Age', '25-34', 'Place Of Origin', 'China (mainland)', 'Waistline', 'empire', 'Dresses Length', 'Knee-Length']",https://www.aliexpress.us/item/3256806830041606.html?algo_pvid=b9cc4b84-901c-4023-a89a-1a28ec464442&algo_exp_id=b9cc4b84-901c-4023-a89a-1a28ec464442-4&pdp_ext_f=%7B%22order%22%3A%221036%22%2C%22eval%22%3A%221%22%2C%22orig_sl_item_id%22%3A%221005007016356358%22%2C%22orig_item_id%22%3A%221005005495329191%22%2C%22fromPage%22%3A%22search%22%7D&pdp_npi=6%40dis%21USD%218.72%214.18%21%21%2159.96%2128.78%21%402102eaa317729905216923047edb45%2112000039083018082%21sea%21US%210%21ABX%211%210%21n_tag%3A-29910%3Bd%3Ad1df2f05%3Bm03_new_user%3A-29895&curPageLogUid=jlIHdUGt0CrF&utparam-url=scene%3Asearch%7Cquery_from%3A%7Cx_object_id%3A1005007016356358%7C_p_origin_prod%3A1005005495329191
Brown Ruffled High Waisted Long Victorian Skirt Steampunk Skirts Womens Party Wear Gothic Vintage Clothes Medieval Costume Sexy,$0.99 ,"https://ae-pic-a1.aliexpress-media.com/kf/Sc0554e23283c422a9ddf69ba69b7d7ebj.jpg_220x220q75.jpg_.avif,https://ae-pic-a1.aliexpress-media.com/kf/S82dcb8a8d4e74db5866e6db05b5b6dbdp.jpg_220x220q75.jpg_.avif,https://ae-pic-a1.aliexpress-media.com/kf/S5c2a8919734b452a9765d8e89587075aS.jpg_220x220q75.jpg_.avif,https://ae-pic-a1.aliexpress-media.com/kf/Sbc249d0d40424e75874ac26857469fcdU.jpg_220x220q75.jpg_.avif,https://ae-pic-a1.aliexpress-media.com/kf/S28be59d249144b21ab6dd7a6eea5f068f.jpg_220x220q75.jpg_.avif","['High-concerned chemical', 'None', 'Craft of Weaving', 'Tatting', 'Season', 'All Season', 'is_customized', 'No', 'Fabric Type', 'Nylon Cotton', 'Age', 'Middle Age']",https://www.aliexpress.us/item/3256807059713231.html?algo_pvid=b9cc4b84-901c-4023-a89a-1a28ec464442&algo_exp_id=b9cc4b84-901c-4023-a89a-1a28ec464442-5&pdp_ext_f=%7B%22order%22%3A%221030%22%2C%22eval%22%3A%221%22%2C%22fromPage%22%3A%22search%22%7D&pdp_npi=6%40dis%21USD%2110.70%210.99%21%21%2110.70%210.99%21%402102eaa317729905216923047edb45%2112000039934938256%21sea%21US%210%21ABX%211%210%21n_tag%3A-29910%3Bd%3Ad1df2f05%3Bm03_new_user%3A-29895%3BpisId%3A5000000197847450&curPageLogUid=9SATJFk2M19b&utparam-url=scene%3Asearch%7Cquery_from%3A%7Cx_object_id%3A1005007246027983%7C_p_origin_prod%3A
Satin Mini Skirts Women Summer Beige Silk Short Skirt For Woman Drawstring High Waist Black Satin Skirt A Line Women Short 2025,$39.81 ,"https://ae-pic-a1.aliexpress-media.com/kf/S143658499a6245b997f9e82d86ba13d6K.jpg_220x220q75.jpg_.avif,https://ae-pic-a1.aliexpress-media.com/kf/S143658499a6245b997f9e82d86ba13d6K.jpg_220x220q75.jpg_.avif,https://ae-pic-a1.aliexpress-media.com/kf/S033f57907b2c46a5b8764455416e6422N.jpg_220x220q75.jpg_.avif,https://ae-pic-a1.aliexpress-media.com/kf/S671b7b7fd91f43c38ede2003ad5cbc3do.jpg_220x220q75.jpg_.avif,https://ae-pic-a1.aliexpress-media.com/kf/S7b4ebe9937804f27ae3f997da3f03cb9y.jpg_220x220q75.jpg_.avif","['High-concerned chemical', 'None', 'Release Date', 'Summer 2025', 'Craft of Weaving', 'Tatting', 'Season', 'Spring/Summer', 'is_customized', 'No', 'Fabric Type', 'Satin']",https://www.aliexpress.us/item/3256806722008283.html?algo_pvid=b9cc4b84-901c-4023-a89a-1a28ec464442&algo_exp_id=b9cc4b84-901c-4023-a89a-1a28ec464442-6&pdp_ext_f=%7B%22order%22%3A%221030%22%2C%22spu_best_type%22%3A%22price%22%2C%22eval%22%3A%221%22%2C%22fromPage%22%3A%22search%22%7D&pdp_npi=6%40dis%21USD%2182.19%2139.81%21%21%2182.19%2139.81%21%402102eaa317729905216923047edb45%2112000038681891734%21sea%21US%210%21ABX%211%210%21n_tag%3A-29910%3Bd%3Ad1df2f05%3Bm03_new_user%3A-29895%3BpisId%3A5000000197847458&curPageLogUid=XVu2cssbLe7I&utparam-url=scene%3Asearch%7Cquery_from%3A%7Cx_object_id%3A1005006908323035%7C_p_origin_prod%3A
Women's Black Gothic A-line Pleated Leather Skirt Y2k Mini Shorts Skirts Harajuku Korean Emo Skirt 2000s Vintage Clothes Summer,$22.58 ,"https://ae-pic-a1.aliexpress-media.com/kf/Sce01e7887efd445db5b26995c329626fR.jpg_220x220q75.jpg_.avif,https://ae-pic-a1.aliexpress-media.com/kf/S8c4a1ed61d9748fe805d760713ba97f50.jpg_220x220q75.jpg_.avif,https://ae-pic-a1.aliexpress-media.com/kf/S66fa2a6c6ddc46f6b787ee80b7da9090e.jpg_220x220q75.jpg_.avif,https://ae-pic-a1.aliexpress-media.com/kf/Sbf82588c375f49939deb51bdc9138742H.jpg_220x220q75.jpg_.avif,https://ae-pic-a1.aliexpress-media.com/kf/S3f180c0cb05646f58338a69bae1fea7bD.jpg_220x220q75.jpg_.avif","['High-concerned chemical', 'None', 'Craft of Weaving', 'Not Clothing or Textiles', 'Season', 'Summer', 'is_customized', 'No', 'Fabric Type', 'Leather', 'Age', 'Junior']",https://www.aliexpress.us/item/3256807325505457.html?algo_pvid=b9cc4b84-901c-4023-a89a-1a28ec464442&algo_exp_id=b9cc4b84-901c-4023-a89a-1a28ec464442-7&pdp_ext_f=%7B%22order%22%3A%221023%22%2C%22eval%22%3A%221%22%2C%22fromPage%22%3A%22search%22%7D&pdp_npi=6%40dis%21USD%2132.58%2122.58%21%21%2132.58%2122.58%21%402102eaa317729905216923047edb45%2112000041102853005%21sea%21US%210%21ABX%211%210%21n_tag%3A-29910%3Bd%3Ad1df2f05%3Bm03_new_user%3A-29895%3BpisId%3A5000000197847450&curPageLogUid=f1UYKvhAHh1r&utparam-url=scene%3Asearch%7Cquery_from%3A%7Cx_object_id%3A1005007511820209%7C_p_origin_prod%3A
French Lace Up Short Fart Curtain Skirt Spring Layered Skirt INS Women Wrap Skirt Bandage Dress Apron Curtain Expansion Skirt,$0.99 ,"https://ae-pic-a1.aliexpress-media.com/kf/S8d06485c3b5a4a7da31ef767234016dcz.jpg?has_lang=1&ver=1_220x220q75.jpg_.avif,https://ae-pic-a1.aliexpress-media.com/kf/S7fe96f34ba76422f9a11991d08786e17u.jpg_220x220q75.jpg_.avif,https://ae-pic-a1.aliexpress-media.com/kf/Se13c13e147614d3a993a751260a8c400R.jpg_220x220q75.jpg_.avif,https://ae-pic-a1.aliexpress-media.com/kf/Sfa086dab5cb346f78c29dcf391470c6cT.jpg_220x220q75.jpg_.avif,https://ae-pic-a1.aliexpress-media.com/kf/Sab92becec49a43fc955fb7ab1c55d425v.jpg_220x220q75.jpg_.avif","['High-concerned chemical', 'None', 'Craft of Weaving', 'Tatting', 'Season', 'Summer', 'Fabric Type', 'Blended', 'Age', 'Junior', 'Waistline', 'Natural']",https://www.aliexpress.us/item/3256808816058502.html?algo_pvid=b9cc4b84-901c-4023-a89a-1a28ec464442&algo_exp_id=b9cc4b84-901c-4023-a89a-1a28ec464442-8&pdp_ext_f=%7B%22order%22%3A%221015%22%2C%22spu_best_type%22%3A%22price%22%2C%22eval%22%3A%221%22%2C%22fromPage%22%3A%22search%22%7D&pdp_npi=6%40dis%21USD%213.92%210.99%21%21%2126.93%216.79%21%402102eaa317729905216923047edb45%2112000047530942196%21sea%21US%210%21ABX%211%210%21n_tag%3A-29910%3Bd%3Ad1df2f05%3Bm03_new_user%3A-29895%3BpisId%3A5000000197847475&curPageLogUid=XmYcZBsQjAWD&utparam-url=scene%3Asearch%7Cquery_from%3A%7Cx_object_id%3A1005009002373254%7C_p_origin_prod%3A
Casual Skirts Punk Sexy Net Yarn High-Waisted Irregular Skirt for Women Summer New European and American Gothic Style Versatile,$1.31 ,"https://ae-pic-a1.aliexpress-media.com/kf/Sc39f53a884dc458b8aed40403e19394dL.jpg_220x220q75.jpg_.avif,https://ae-pic-a1.aliexpress-media.com/kf/Se74b61411dbc4b8792decb0c0d30f1f8W.jpg_220x220q75.jpg_.avif,https://ae-pic-a1.aliexpress-media.com/kf/S8575cbdb92bb422dbf27a53c68826227s.jpg_220x220q75.jpg_.avif,https://ae-pic-a1.aliexpress-media.com/kf/S693166b55ca24ae1b3ea44d0682aeea20.png_220x220.png_.avif,https://ae-pic-a1.aliexpress-media.com/kf/Sd22fd962cc0b4ea5bf456fd5e6f45b0cu.png_220x220.png_.avif","['High-concerned chemical', 'None', 'Craft of Weaving', 'Not Clothing or Textiles', 'Season', 'Spring/Summer', 'Fabric Type', 'Blended', 'Age', 'Middle Age', 'Place Of Origin', 'China (mainland)']",https://www.aliexpress.us/item/3256808474019774.html?algo_pvid=b9cc4b84-901c-4023-a89a-1a28ec464442&algo_exp_id=b9cc4b84-901c-4023-a89a-1a28ec464442-9&pdp_ext_f=%7B%22order%22%3A%22997%22%2C%22spu_best_type%22%3A%22price%22%2C%22eval%22%3A%221%22%2C%22fromPage%22%3A%22search%22%7D&pdp_npi=6%40dis%21USD%2117.31%211.31%21%21%21118.96%218.99%21%402102eaa317729905216923047edb45%2112000046136469204%21sea%21US%210%21ABX%211%210%21n_tag%3A-29910%3Bd%3Ad1df2f05%3Bm03_new_user%3A-29895%3BpisId%3A5000000197847475&curPageLogUid=OwsXxC6h6oCn&utparam-url=scene%3Asearch%7Cquery_from%3A%7Cx_object_id%3A1005008660334526%7C_p_origin_prod%3A
Fashion High Waist Pleated Mini Skirt Chic Ladies Lace Skirt Classic Women Vintage High Street Club Party Y2k Fairy A-line Skirt,$4.27 ,"https://ae-pic-a1.aliexpress-media.com/kf/S4abd73058c81476e9bd6a9e67390cdbel.jpg_220x220q75.jpg_.avif,https://ae-pic-a1.aliexpress-media.com/kf/S82f5e52441444d19b2af09181ade814aV.jpg_220x220q75.jpg_.avif,https://ae-pic-a1.aliexpress-media.com/kf/S8a8375b2783043a7beefddfa8c192baaC.jpg_220x220q75.jpg_.avif,https://ae-pic-a1.aliexpress-media.com/kf/S5cf423d0ec3048e58c8eec67da27783bJ.jpg_220x220q75.jpg_.avif,https://ae-pic-a1.aliexpress-media.com/kf/S4b27bfe7a06240828a9c1047ba6d5450r.jpg_220x220q75.jpg_.avif","['High-concerned chemical', 'None', 'Release Date', 'Autumn 2024', 'Craft of Weaving', 'Tatting', 'Season', 'Summer', 'is_customized', 'No', 'Fabric Type', 'Broadcloth']",https://www.aliexpress.us/item/3256808089124413.html?algo_pvid=b9cc4b84-901c-4023-a89a-1a28ec464442&algo_exp_id=b9cc4b84-901c-4023-a89a-1a28ec464442-10&pdp_ext_f=%7B%22order%22%3A%22996%22%2C%22eval%22%3A%221%22%2C%22fromPage%22%3A%22search%22%7D&pdp_npi=6%40dis%21USD%2114.27%214.27%21%21%2114.27%214.27%21%402102eaa317729905216923047edb45%2112000044448180654%21sea%21US%210%21ABX%211%210%21n_tag%3A-29910%3Bd%3Ad1df2f05%3Bm03_new_user%3A-29895%3BpisId%3A5000000197847450&curPageLogUid=wqk7LYE9BBq8&utparam-url=scene%3Asearch%7Cquery_from%3A%7Cx_object_id%3A1005008275439165%7C_p_origin_prod%3A
Vintage Tulle Skirt Women Streetwear Elastic High Waist Mesh Pleated Skirts Summer Elegant Korean A Line Office Ladies Skirt New,$0.99 ,"https://ae-pic-a1.aliexpress-media.com/kf/S140575fc78bf42d7b8b6648ee081317dT.jpg?has_lang=1&ver=1_220x220q75.jpg_.avif,https://ae-pic-a1.aliexpress-media.com/kf/S22c6aa170c9c421bb64f3fae971d8915I.jpg_220x220q75.jpg_.avif,https://ae-pic-a1.aliexpress-media.com/kf/S083d43a26aa449d392480167dc9fd050R.jpg_220x220q75.jpg_.avif,https://ae-pic-a1.aliexpress-media.com/kf/Sc4f45153e85c4c82a78bc62a164a96bal.jpg?has_lang=1&ver=2_220x220q75.jpg_.avif,https://ae-pic-a1.aliexpress-media.com/kf/S7fb4929d6438491683b4488fe4a4b460s.jpg_220x220q75.jpg_.avif","['High-concerned chemical', 'None', 'Craft of Weaving', 'Tatting', 'Season', 'Spring/Summer', 'is_customized', 'No', 'Fabric Type', 'Mesh', 'Age', 'Junior']",https://www.aliexpress.us/item/3256806337880713.html?algo_pvid=b9cc4b84-901c-4023-a89a-1a28ec464442&algo_exp_id=b9cc4b84-901c-4023-a89a-1a28ec464442-11&pdp_ext_f=%7B%22order%22%3A%22987%22%2C%22eval%22%3A%221%22%2C%22fromPage%22%3A%22search%22%7D&pdp_npi=6%40dis%21USD%2111.11%210.99%21%21%2176.34%216.76%21%402102eaa317729905216923047edb45%2112000037524600852%21sea%21US%210%21ABX%211%210%21n_tag%3A-29910%3Bd%3Ad1df2f05%3Bm03_new_user%3A-29895%3BpisId%3A5000000197847475&curPageLogUid=CMHK026fpEDO&utparam-url=scene%3Asearch%7Cquery_from%3A%7Cx_object_id%3A1005006524195465%7C_p_origin_prod%3A
"Lolita Flying Saucer Petticoat - Boneless Maximum Volume Crinoline, Invisible Wire-Free Underskirt for Daily Gothic Sweet OP/JSK",$7.56 ,"https://ae-pic-a1.aliexpress-media.com/kf/S21a70e29e19848b1b3d0d9c33cb982f5q.jpg?has_lang=1&ver=2_220x220q75.jpg_.avif,https://ae-pic-a1.aliexpress-media.com/kf/Sf05f257b94444307b39f5005445a0583V.jpg?has_lang=1&ver=2_220x220q75.jpg_.avif,https://ae-pic-a1.aliexpress-media.com/kf/Sf04cc1c6e66c4d3d9600f7d1ec3c9fa3s.jpg?has_lang=1&ver=2_220x220q75.jpg_.avif,https://ae-pic-a1.aliexpress-media.com/kf/S6c984767d46e4f1ba767509be676d6c4b.jpg?has_lang=1&ver=2_220x220q75.jpg_.avif,https://ae-pic-a1.aliexpress-media.com/kf/S2006c32e1b5149c3b75040d695d1ce9an.jpg_220x220q75.jpg_.avif","['Occasion', 'Party', 'Festival', 'Carnivals', 'High-concerned chemical', 'None', 'Release Date', 'Summer 2025', 'Craft of Weaving', 'Tatting', 'Season', 'Spring/Summer']",https://www.aliexpress.us/item/3256809968918995.html?algo_pvid=b9cc4b84-901c-4023-a89a-1a28ec464442&algo_exp_id=b9cc4b84-901c-4023-a89a-1a28ec464442-13&pdp_ext_f=%7B%22order%22%3A%22977%22%2C%22eval%22%3A%221%22%2C%22orig_sl_item_id%22%3A%221005010155233747%22%2C%22orig_item_id%22%3A%221005009749898421%22%2C%22fromPage%22%3A%22search%22%7D&pdp_npi=6%40dis%21USD%2115.75%217.56%21%21%21108.22%2151.95%21%402102eaa317729905216923047edb45%2112000051347358293%21sea%21US%210%21ABX%211%210%21n_tag%3A-29910%3Bd%3Ad1df2f05%3Bm03_new_user%3A-29895&curPageLogUid=pdbol0JffuFe&utparam-url=scene%3Asearch%7Cquery_from%3A%7Cx_object_id%3A1005010155233747%7C_p_origin_prod%3A1005009749898421
Women Summer Plaid Pleated Skirt With Necktie Bowtie Korean Jk Skirt Uniform Japanese School Preppy A Line Mini Skirts,$4.60 ,"https://ae-pic-a1.aliexpress-media.com/kf/S52218f168c8642269207fa5a022fba08e.jpg_220x220q75.jpg_.avif,https://ae-pic-a1.aliexpress-media.com/kf/S703e00fc367242edb4bfd38e9393e1fce.jpg_220x220q75.jpg_.avif,https://ae-pic-a1.aliexpress-media.com/kf/S0ec63f5bca2445cc93b3a2864edcd9551.jpg?has_lang=1&ver=2_220x220q75.jpg_.avif,https://ae-pic-a1.aliexpress-media.com/kf/S88f4e437c82942f4954d872ac848af54n.jpg_220x220q75.jpg_.avif,https://ae-pic-a1.aliexpress-media.com/kf/S1ec2306f79fa4a7a9ecaf6128972ae6e4.jpg_220x220q75.jpg_.avif","['Occasion', 'Music Festival', 'High-concerned chemical', 'None', 'Craft of Weaving', 'Knit', 'Season', 'Summer', 'Fabric Type', 'Leather', 'Age', 'Junior']",https://www.aliexpress.us/item/3256807375022038.html?algo_pvid=b9cc4b84-901c-4023-a89a-1a28ec464442&algo_exp_id=b9cc4b84-901c-4023-a89a-1a28ec464442-14&pdp_ext_f=%7B%22order%22%3A%22971%22%2C%22eval%22%3A%221%22%2C%22fromPage%22%3A%22search%22%7D&pdp_npi=6%40dis%21USD%2114.60%214.60%21%21%21100.33%2131.60%21%402102eaa317729905216923047edb45%2112000041300852285%21sea%21US%210%21ABX%211%210%21n_tag%3A-29910%3Bd%3Ad1df2f05%3Bm03_new_user%3A-29895%3BpisId%3A5000000197847450&curPageLogUid=0jBdRqHINpzO&utparam-url=scene%3Asearch%7Cquery_from%3A%7Cx_object_id%3A1005007561336790%7C_p_origin_prod%3A
AS AW25 pinstripe collection slip dress + knit mockneck top + embroidery cableknit + stripe pleat skirt,$19.50 ,"https://ae-pic-a1.aliexpress-media.com/kf/Sdfaec86ddb69431d88ab571b50512ae8P.jpg_220x220q75.jpg_.avif,https://ae-pic-a1.aliexpress-media.com/kf/Sdfaec86ddb69431d88ab571b50512ae8P.jpg_220x220q75.jpg_.avif,https://ae-pic-a1.aliexpress-media.com/kf/Sd1baffea02924da789227acb44c041710.jpg_220x220q75.jpg_.avif,https://ae-pic-a1.aliexpress-media.com/kf/Sd37a2006c4e54d87b2a676472bfa191cy.jpg?has_lang=1&ver=2_220x220q75.jpg_.avif,https://ae-pic-a1.aliexpress-media.com/kf/S69284a6dab3f427ca15f342ba564a1f8I.jpg_220x220q75.jpg_.avif","['High-concerned chemical', 'None', 'Craft of Weaving', 'Knit', 'Season', 'Autumn', 'is_customized', 'Yes', 'Fabric Type', 'Broadcloth', 'Age', 'Middle Age']",https://www.aliexpress.us/item/3256809584733545.html?algo_pvid=b9cc4b84-901c-4023-a89a-1a28ec464442&algo_exp_id=b9cc4b84-901c-4023-a89a-1a28ec464442-15&pdp_ext_f=%7B%22order%22%3A%22964%22%2C%22eval%22%3A%221%22%2C%22fromPage%22%3A%22search%22%7D&pdp_npi=6%40dis%21USD%2159.00%2119.50%21%21%2159.00%2119.50%21%402102eaa317729905216923047edb45%2112000050110561470%21sea%21US%210%21ABX%211%210%21n_tag%3A-29910%3Bd%3Ad1df2f05%3Bm03_new_user%3A-29895%3BpisId%3A5000000197847450&curPageLogUid=6vI82gX8xkUN&utparam-url=scene%3Asearch%7Cquery_from%3A%7Cx_object_id%3A1005009771048297%7C_p_origin_prod%3A
Womens Summer Sexy PU Faux Leather Pleated Mini Skirt High Waist Short Skirt Lingerie Hot Dance Outfit Clubwear,$0.99 ,"https://ae-pic-a1.aliexpress-media.com/kf/Sb52e353677494dcfb7dc9b153327c736U.jpg_220x220q75.jpg_.avif,https://ae-pic-a1.aliexpress-media.com/kf/Sb52e353677494dcfb7dc9b153327c736U.jpg_220x220q75.jpg_.avif,https://ae-pic-a1.aliexpress-media.com/kf/S1598b8fab6ce4aac8bb709ebe7168043S.jpg_220x220q75.jpg_.avif,https://ae-pic-a1.aliexpress-media.com/kf/Sc5947cab36a2440dae3af3c8c12f7e60t.jpg_220x220q75.jpg_.avif,https://ae-pic-a1.aliexpress-media.com/kf/Sf78e0a02cf1b4c76893138fbcec12189u.jpg_220x220q75.jpg_.avif","['High-concerned chemical', 'None', 'Craft of Weaving', 'Other', 'Season', 'All Season', 'is_customized', 'No', 'Fabric Type', 'Leather', 'Age', 'Junior']",https://www.aliexpress.us/item/3256806566048446.html?algo_pvid=b9cc4b84-901c-4023-a89a-1a28ec464442&algo_exp_id=b9cc4b84-901c-4023-a89a-1a28ec464442-16&pdp_ext_f=%7B%22order%22%3A%22963%22%2C%22eval%22%3A%221%22%2C%22fromPage%22%3A%22search%22%7D&pdp_npi=6%40dis%21USD%214.31%210.99%21%21%2129.65%216.83%21%402102eaa317729905216923047edb45%2112000038188312435%21sea%21US%210%21ABX%211%210%21n_tag%3A-29910%3Bd%3Ad1df2f05%3Bm03_new_user%3A-29895%3BpisId%3A5000000197847475&curPageLogUid=q1atmmXKkhaS&utparam-url=scene%3Asearch%7Cquery_from%3A%7Cx_object_id%3A1005006752363198%7C_p_origin_prod%3A
Women's Lace Mini Skirts Solid Color Summer Sexy Short Skirt Sexy Ultra Short Skirt Party Lace Skirts 2024 New Fashion,$0.99 ,"https://ae-pic-a1.aliexpress-media.com/kf/S3c5970603fae4ce6ac840be857696e11W.jpg_220x220q75.jpg_.avif,https://ae-pic-a1.aliexpress-media.com/kf/S3c5970603fae4ce6ac840be857696e11W.jpg_220x220q75.jpg_.avif,https://ae-pic-a1.aliexpress-media.com/kf/S79c10c82727e4eb39aa5385080540256z.jpg_220x220q75.jpg_.avif,https://ae-pic-a1.aliexpress-media.com/kf/Sdf13267742ee414e95d71e951ee4233dQ.jpg_220x220q75.jpg_.avif,https://ae-pic-a1.aliexpress-media.com/kf/S58f44347f3ba4cad906426f1a3f4a66d8.jpg_220x220q75.jpg_.avif","['High-concerned chemical', 'None', 'Release Date', 'Autumn 2024', 'Craft of Weaving', 'Tatting', 'Season', 'Spring/Summer', 'Fabric Type', 'Broadcloth', 'Age', 'Middle Age']",https://www.aliexpress.us/item/3256807034735480.html?algo_pvid=b9cc4b84-901c-4023-a89a-1a28ec464442&algo_exp_id=b9cc4b84-901c-4023-a89a-1a28ec464442-17&pdp_ext_f=%7B%22order%22%3A%22958%22%2C%22eval%22%3A%221%22%2C%22fromPage%22%3A%22search%22%7D&pdp_npi=6%40dis%21USD%216.25%210.99%21%21%2142.95%216.80%21%402102eaa317729905216923047edb45%2112000039859061289%21sea%21US%210%21ABX%211%210%21n_tag%3A-29910%3Bd%3Ad1df2f05%3Bm03_new_user%3A-29895%3BpisId%3A5000000197847475&curPageLogUid=EXCeSrQC34eU&utparam-url=scene%3Asearch%7Cquery_from%3A%7Cx_object_id%3A1005007221050232%7C_p_origin_prod%3A
Japanese Gothic Lolita Ribbon Short Suspender plaid Skirt Girls Sweet Cute Lace A-Line Mini Skirts summer2025 black solid kawaii,$25.30 ,"https://ae-pic-a1.aliexpress-media.com/kf/S0df068636ba74ed8a8ca0533d29bdbeao.jpg_220x220q75.jpg_.avif,https://ae-pic-a1.aliexpress-media.com/kf/Sdc423ff9a02547ecb45ebb51c56f4c67O.jpg_220x220q75.jpg_.avif,https://ae-pic-a1.aliexpress-media.com/kf/Sb51a9d53f8a043258e1516b8112fb087O.jpg_220x220q75.jpg_.avif,https://ae-pic-a1.aliexpress-media.com/kf/Sa03ad37f62fe4f389b03842d858f5431P.jpg_220x220q75.jpg_.avif,https://ae-pic-a1.aliexpress-media.com/kf/Sab6b8049ce894c98ac3dcfb0918a4352k.jpg_220x220q75.jpg_.avif","['High-concerned chemical', 'None', 'Release Date', 'Summer 2025', 'Craft of Weaving', 'Tatting', 'Season', 'Spring/Summer', 'is_customized', 'No', 'Fabric Type', 'Blended']",https://www.aliexpress.us/item/3256806645683853.html?algo_pvid=b9cc4b84-901c-4023-a89a-1a28ec464442&algo_exp_id=b9cc4b84-901c-4023-a89a-1a28ec464442-20&pdp_ext_f=%7B%22order%22%3A%22942%22%2C%22eval%22%3A%221%22%2C%22fromPage%22%3A%22search%22%7D&pdp_npi=6%40dis%21USD%2144.38%2125.30%21%21%21304.99%21173.84%21%402102eaa317729905216923047edb45%2112000042021332946%21sea%21US%210%21ABX%211%210%21n_tag%3A-29910%3Bd%3Ad1df2f05%3Bm03_new_user%3A-29895&curPageLogUid=Jabz1OOp61V9&utparam-url=scene%3Asearch%7Cquery_from%3A%7Cx_object_id%3A1005006831998605%7C_p_origin_prod%3A
Gothic Sweet Women Pleated Skirt Fashion Plaid Mini High Waist Chic Skirt Kawaii Summer Casual Ladies Plaid Pleated Skirt,$4.15 ,"https://ae-pic-a1.aliexpress-media.com/kf/S243cfe0d20c04ed48dadbb0b7ce72b2aM.jpg?has_lang=1&ver=2_220x220q75.jpg_.avif,https://ae-pic-a1.aliexpress-media.com/kf/S438d30d8990a406da8b9d0fe9c77b74dq.jpg?has_lang=1&ver=2_220x220q75.jpg_.avif,https://ae-pic-a1.aliexpress-media.com/kf/S5042fcfa1a21427faaf65b4e7b7a58bez.jpg_220x220q75.jpg_.avif,https://ae-pic-a1.aliexpress-media.com/kf/S12cb2fbe4f56438ebe51401d390f9d0dT.jpg?has_lang=1&ver=2_220x220q75.jpg_.avif,https://ae-pic-a1.aliexpress-media.com/kf/S28a877a1e8aa46e7869d054a98860040z.jpg?has_lang=1&ver=2_220x220q75.jpg_.avif","['High-concerned chemical', 'None', 'Season', 'All Season', 'Fabric Type', 'TWILL', 'Age', 'Junior', 'Waistline', 'empire', 'Dresses Length', 'Above Knee , Mini']",https://www.aliexpress.us/item/3256801445174310.html?algo_pvid=b9cc4b84-901c-4023-a89a-1a28ec464442&algo_exp_id=b9cc4b84-901c-4023-a89a-1a28ec464442-22&pdp_ext_f=%7B%22order%22%3A%22938%22%2C%22eval%22%3A%221%22%2C%22fromPage%22%3A%22search%22%7D&pdp_npi=6%40dis%21USD%2111.15%214.15%21%21%2111.15%214.15%21%402102eaa317729905216923047edb45%2112000016895979501%21sea%21US%210%21ABX%211%210%21n_tag%3A-29910%3Bd%3Ad1df2f05%3Bm03_new_user%3A-29895%3BpisId%3A5000000197847475&curPageLogUid=25psO43KJDtg&utparam-url=scene%3Asearch%7Cquery_from%3A%7Cx_object_id%3A1005001631489062%7C_p_origin_prod%3A
White Ruffles Elegant Mini Skirts Fashion 2025 Women High Waist Pleated Fluffy A-Line Skirt Summer Loose Communte Female Clothes,$1.72 ,"https://ae-pic-a1.aliexpress-media.com/kf/Sfe58a4418fd646fba2a2b5b73c7393ddS.jpg_220x220q75.jpg_.avif,https://ae-pic-a1.aliexpress-media.com/kf/Sfe58a4418fd646fba2a2b5b73c7393ddS.jpg_220x220q75.jpg_.avif,https://ae-pic-a1.aliexpress-media.com/kf/S880f501bf1994cfb92c13dd30ed9e1348.jpg_220x220q75.jpg_.avif,https://ae-pic-a1.aliexpress-media.com/kf/Sae18fdbfd1d8420fa53405c58d78f3a8R.jpg_220x220q75.jpg_.avif,https://ae-pic-a1.aliexpress-media.com/kf/Sb0c24bbf29374d6fbaff886d12032445I.jpg_220x220q75.jpg_.avif","['High-concerned chemical', 'None', 'Release Date', 'Winter 2024', 'Craft of Weaving', 'Tatting', 'Season', 'Spring/Summer', 'is_customized', 'Yes', 'Fabric Type', 'Broadcloth']",https://www.aliexpress.us/item/3256808297476049.html?algo_pvid=b9cc4b84-901c-4023-a89a-1a28ec464442&algo_exp_id=b9cc4b84-901c-4023-a89a-1a28ec464442-26&pdp_ext_f=%7B%22order%22%3A%22912%22%2C%22eval%22%3A%221%22%2C%22fromPage%22%3A%22search%22%7D&pdp_npi=6%40dis%21USD%2117.79%211.72%21%21%21122.27%2111.80%21%402102eaa317729905216923047edb45%2112000045347387870%21sea%21US%210%21ABX%211%210%21n_tag%3A-29910%3Bd%3Ad1df2f05%3Bm03_new_user%3A-29895%3BpisId%3A5000000197847475&curPageLogUid=1HnFkPtAxSxu&utparam-url=scene%3Asearch%7Cquery_from%3A%7Cx_object_id%3A1005008483790801%7C_p_origin_prod%3A
Wolfeel Summer White Mini Skirt High Waist Sexy Cute Ruffle Vintage Tennis Skirt Elastic Waist Tutu Short Skirts for Women,$4.93 ,"https://ae-pic-a1.aliexpress-media.com/kf/S2abfe5b40747491fabd503003efe7cb0q.jpg_220x220q75.jpg_.avif,https://ae-pic-a1.aliexpress-media.com/kf/S2abfe5b40747491fabd503003efe7cb0q.jpg_220x220q75.jpg_.avif,https://ae-pic-a1.aliexpress-media.com/kf/S8b520a5fa397421da822889516a82315z.jpg_220x220q75.jpg_.avif,https://ae-pic-a1.aliexpress-media.com/kf/Sf807787f2f1a4ff48c1532ca4efa4b56I.jpg_220x220q75.jpg_.avif,https://ae-pic-a1.aliexpress-media.com/kf/S7c514b4a9b244e5c9cee546e8781af96C.jpg_220x220q75.jpg_.avif","['High-concerned chemical', 'None', 'Craft of Weaving', 'Tatting', 'Season', 'Spring/Summer', 'is_customized', 'No', 'Fabric Type', 'Chiffon', 'Age', 'Middle Age']",https://www.aliexpress.us/item/3256806857962417.html?algo_pvid=b9cc4b84-901c-4023-a89a-1a28ec464442&algo_exp_id=b9cc4b84-901c-4023-a89a-1a28ec464442-27&pdp_ext_f=%7B%22order%22%3A%22904%22%2C%22eval%22%3A%221%22%2C%22fromPage%22%3A%22search%22%7D&pdp_npi=6%40dis%21USD%2114.93%214.93%21%21%21102.58%2133.85%21%402102eaa317729905216923047edb45%2112000039204487408%21sea%21US%210%21ABX%211%210%21n_tag%3A-29910%3Bd%3Ad1df2f05%3Bm03_new_user%3A-29895%3BpisId%3A5000000197847450&curPageLogUid=63MOFajjWKLN&utparam-url=scene%3Asearch%7Cquery_from%3A%7Cx_object_id%3A1005007044277169%7C_p_origin_prod%3A
Transparent Sexy Lace Mesh Skirt Elastic High Waist Black White Tulle Mini Skirts Womens Skirt Korean Fashion,$0.99 ,"https://ae-pic-a1.aliexpress-media.com/kf/S7b34afac56d84f069f13a63ba46e610d4.jpg_220x220q75.jpg_.avif,https://ae-pic-a1.aliexpress-media.com/kf/S940b7aacabac4667bb014ddd674f4edaT.jpg_220x220q75.jpg_.avif,https://ae-pic-a1.aliexpress-media.com/kf/S796b98b2b7304445b7cb23f2af80d6e7t.jpg_220x220q75.jpg_.avif,https://ae-pic-a1.aliexpress-media.com/kf/S80d19262bac64374a19770983767ad7dy.jpg_220x220q75.jpg_.avif,https://ae-pic-a1.aliexpress-media.com/kf/Sba8119a4bb5c4280a5728aa8d9fa98c5f.jpg_220x220q75.jpg_.avif","['Craft of Weaving', 'Knit', 'Season', 'All Season', 'Fabric Type', 'Mesh', 'Age', 'Junior', 'Waistline', 'empire', 'Dresses Length', 'Above Knee , Mini']",https://www.aliexpress.us/item/3256803892348630.html?algo_pvid=b9cc4b84-901c-4023-a89a-1a28ec464442&algo_exp_id=b9cc4b84-901c-4023-a89a-1a28ec464442-28&pdp_ext_f=%7B%22order%22%3A%22903%22%2C%22eval%22%3A%221%22%2C%22fromPage%22%3A%22search%22%7D&pdp_npi=6%40dis%21USD%214.60%210.99%21%21%214.60%210.99%21%402102eaa317729905216923047edb45%2112000027968633770%21sea%21US%210%21ABX%211%210%21n_tag%3A-29910%3Bd%3Ad1df2f05%3Bm03_new_user%3A-29895%3BpisId%3A5000000198352206&curPageLogUid=MfwoEsj1nlys&utparam-url=scene%3Asearch%7Cquery_from%3A%7Cx_object_id%3A1005004078663382%7C_p_origin_prod%3A
Preppy Girl Pleated Skirts Elastic Waist Summer Vintage Mini Skirts Korean Streetwear Spring Student Strips Designed Dance Skirt,$2.48 ,"https://ae-pic-a1.aliexpress-media.com/kf/S9187415be52c4e4d8c673c2cc77ae79ds.jpg_220x220q75.jpg_.avif,https://ae-pic-a1.aliexpress-media.com/kf/S87625bd588a44a5492db813d2d55f2cbV.jpg?has_lang=1&ver=1_220x220q75.jpg_.avif,https://ae-pic-a1.aliexpress-media.com/kf/S7a9a078edb744857a71d62d558553c04k.jpg_220x220q75.jpg_.avif,https://ae-pic-a1.aliexpress-media.com/kf/S1b23a106f407420aa1307225d19ab88em.jpg_220x220q75.jpg_.avif,https://ae-pic-a1.aliexpress-media.com/kf/S285ab909c93e40a7a80cce0fdbe8c28dV.jpg_220x220q75.jpg_.avif","['High-concerned chemical', 'None', 'Craft of Weaving', 'Knit', 'Season', 'All Season', 'is_customized', 'Yes', 'Fabric Type', 'Knitted', 'Age', 'Junior']",https://www.aliexpress.us/item/3256806860642313.html?algo_pvid=b9cc4b84-901c-4023-a89a-1a28ec464442&algo_exp_id=b9cc4b84-901c-4023-a89a-1a28ec464442-29&pdp_ext_f=%7B%22order%22%3A%22894%22%2C%22eval%22%3A%221%22%2C%22fromPage%22%3A%22search%22%7D&pdp_npi=6%40dis%21USD%2118.70%212.48%21%21%21128.54%2117.03%21%402102eaa317729905216923047edb45%2112000039213050379%21sea%21US%210%21ABX%211%210%21n_tag%3A-29910%3Bd%3Ad1df2f05%3Bm03_new_user%3A-29895%3BpisId%3A5000000197847475&curPageLogUid=78lmeSEzbtlZ&utparam-url=scene%3Asearch%7Cquery_from%3A%7Cx_object_id%3A1005007046957065%7C_p_origin_prod%3A
White Ruffles Mini Skirt Women Kawaii Elastic Waist A-line Loose Preppy Style Cute Short Pleated Skirt Korean Fashion,$0.99 ,"https://ae-pic-a1.aliexpress-media.com/kf/Sa083c979f866472591bcee3a2f4e8e2fW.jpg_220x220q75.jpg_.avif,https://ae-pic-a1.aliexpress-media.com/kf/Sa083c979f866472591bcee3a2f4e8e2fW.jpg_220x220q75.jpg_.avif,https://ae-pic-a1.aliexpress-media.com/kf/S5a3cff0fbe1c47b49132a9fe899f3adco.jpg_220x220q75.jpg_.avif,https://ae-pic-a1.aliexpress-media.com/kf/Sfd0e6788d40c49e180a4650d98c3cd2cy.jpg_220x220q75.jpg_.avif,https://ae-pic-a1.aliexpress-media.com/kf/Sd3cad518f8874c95aa5ed6cd62070d43i.jpg_220x220q75.jpg_.avif","['Occasion', 'Music Festival', 'Festival', ""Valentine's Day"", 'High-concerned chemical', 'None', 'Release Date', 'Summer 2025', 'Craft of Weaving', 'Tatting', 'Season', 'Summer']",https://www.aliexpress.us/item/3256806830325804.html?algo_pvid=b9cc4b84-901c-4023-a89a-1a28ec464442&algo_exp_id=b9cc4b84-901c-4023-a89a-1a28ec464442-31&pdp_ext_f=%7B%22order%22%3A%22877%22%2C%22eval%22%3A%221%22%2C%22fromPage%22%3A%22search%22%7D&pdp_npi=6%40dis%21USD%218.90%210.99%21%21%2161.16%216.80%21%402102eaa317729905216923047edb45%2112000039084128049%21sea%21US%210%21ABX%211%210%21n_tag%3A-29910%3Bd%3Ad1df2f05%3Bm03_new_user%3A-29895%3BpisId%3A5000000197847458&curPageLogUid=HYPUpprluHNk&utparam-url=scene%3Asearch%7Cquery_from%3A%7Cx_object_id%3A1005007016640556%7C_p_origin_prod%3A
Black Skirt Spring Shirt Skirt Women Fake Hem Sweater Casual Korean Style Bottom Skirt Sweater Bottom Fake Shirt Buttock Skirt,$0.99 ,"https://ae-pic-a1.aliexpress-media.com/kf/S65ed590a0e4644d6b7ad6f2929d2c259M.jpg_220x220q75.jpg_.avif,https://ae-pic-a1.aliexpress-media.com/kf/S418538b588df4417812bf1a2fd997aaf7.jpg_220x220q75.jpg_.avif,https://ae-pic-a1.aliexpress-media.com/kf/Sc6d6df0849604dc191388c2aa95e8100Z.jpg_220x220q75.jpg_.avif,https://ae-pic-a1.aliexpress-media.com/kf/Se9b7994ac00c466a84232e565922be2d2.jpg_220x220q75.jpg_.avif,https://ae-pic-a1.aliexpress-media.com/kf/S7f9ea5ec9af74eba8fbf24e57beeb658a.jpg_220x220q75.jpg_.avif","['Season', 'All Season', 'Fabric Type', 'Blended', 'Age', 'Middle Age', 'Waistline', 'Natural', 'Dresses Length', 'Above Knee , Mini', 'Decoration', 'Button']",https://www.aliexpress.us/item/3256806036257415.html?algo_pvid=b9cc4b84-901c-4023-a89a-1a28ec464442&algo_exp_id=b9cc4b84-901c-4023-a89a-1a28ec464442-32&pdp_ext_f=%7B%22order%22%3A%22874%22%2C%22eval%22%3A%221%22%2C%22fromPage%22%3A%22search%22%7D&pdp_npi=6%40dis%21USD%217.39%210.99%21%21%2150.77%216.79%21%402102eaa317729905216923047edb45%2112000036348765012%21sea%21US%210%21ABX%211%210%21n_tag%3A-29910%3Bd%3Ad1df2f05%3Bm03_new_user%3A-29895%3BpisId%3A5000000197847475&curPageLogUid=7qpBTaL7dZjD&utparam-url=scene%3Asearch%7Cquery_from%3A%7Cx_object_id%3A1005006222572167%7C_p_origin_prod%3A
Lace Mini Skirts Women Elegant Sweet Lolita Short Skirts High Waist Y2k Streetwear Ruffle Skirts Lace Trim Butt Curtain Skirt,$0.99 ,"https://ae-pic-a1.aliexpress-media.com/kf/S4a0357f8afff422a9eda86dad1ace775A.jpg_220x220q75.jpg_.avif,https://ae-pic-a1.aliexpress-media.com/kf/S4a0357f8afff422a9eda86dad1ace775A.jpg_220x220q75.jpg_.avif,https://ae-pic-a1.aliexpress-media.com/kf/Sedaac1e7317148a8909065282ae30e00o.jpg?has_lang=1&ver=2_220x220q75.jpg_.avif,https://ae-pic-a1.aliexpress-media.com/kf/Sceb93314670444fab7f9897cb20890c5U.jpg?has_lang=1&ver=2_220x220q75.jpg_.avif,https://ae-pic-a1.aliexpress-media.com/kf/Sc3db9cd9353f408aaca353a4b38da0f3w.jpg_220x220q75.jpg_.avif","['High-concerned chemical', 'None', 'Craft of Weaving', 'Tatting', 'Season', 'Spring/Summer', 'Fabric Type', 'Lace', 'Age', 'Middle Age', 'Place Of Origin', 'China (mainland)']",https://www.aliexpress.us/item/3256808411683406.html?algo_pvid=b9cc4b84-901c-4023-a89a-1a28ec464442&algo_exp_id=b9cc4b84-901c-4023-a89a-1a28ec464442-33&pdp_ext_f=%7B%22order%22%3A%22867%22%2C%22eval%22%3A%221%22%2C%22fromPage%22%3A%22search%22%7D&pdp_npi=6%40dis%21USD%214.75%210.99%21%21%214.75%210.99%21%402102eaa317729905216923047edb45%2112000048960441457%21sea%21US%210%21ABX%211%210%21n_tag%3A-29910%3Bd%3Ad1df2f05%3Bm03_new_user%3A-29895%3BpisId%3A5000000198352206&curPageLogUid=OSfVHXIXYenK&utparam-url=scene%3Asearch%7Cquery_from%3A%7Cx_object_id%3A1005008597998158%7C_p_origin_prod%3A
Mikumn Gothic Lolita Retro Bow Pearl Buckle Ruffles Suspender Skirts Y2k Japanese Girls Sweet Kawaii Lace A-Line Mini Skirts,$19.20 ,"https://ae-pic-a1.aliexpress-media.com/kf/S48231dfb6fb945b281fb33c3a2feafd2n.jpg?has_lang=1&ver=2_220x220q75.jpg_.avif,https://ae-pic-a1.aliexpress-media.com/kf/Sba2da61e4841425688c23f324a289038i.jpg?has_lang=1&ver=2_220x220q75.jpg_.avif,https://ae-pic-a1.aliexpress-media.com/kf/S61d49f2fc89d4ad4a185e196bb35c5daU.jpg?has_lang=1&ver=2_220x220q75.jpg_.avif,https://ae-pic-a1.aliexpress-media.com/kf/S997ca954ad5640bcb26edbdc734f0e584.jpg?has_lang=1&ver=2_220x220q75.jpg_.avif,https://ae-pic-a1.aliexpress-media.com/kf/S3fe5c0b456f246b6869257cd70066e83I.jpg?has_lang=1&ver=2_220x220q75.jpg_.avif","['High-concerned chemical', 'None', 'Craft of Weaving', 'Tatting', 'Season', 'Summer', 'Fabric Type', 'Broadcloth', 'Age', 'Junior', 'Place Of Origin', 'China (mainland)']",https://www.aliexpress.us/item/3256807048916939.html?algo_pvid=b9cc4b84-901c-4023-a89a-1a28ec464442&algo_exp_id=b9cc4b84-901c-4023-a89a-1a28ec464442-34&pdp_ext_f=%7B%22order%22%3A%22856%22%2C%22eval%22%3A%221%22%2C%22fromPage%22%3A%22search%22%7D&pdp_npi=6%40dis%21USD%2122.59%2119.20%21%21%2122.59%2119.20%21%402102eaa317729905216923047edb45%2112000039906996109%21sea%21US%210%21ABX%211%210%21n_tag%3A-29910%3Bd%3Ad1df2f05%3Bm03_new_user%3A-29895&curPageLogUid=QxyNw5iL8UWP&utparam-url=scene%3Asearch%7Cquery_from%3A%7Cx_object_id%3A1005007235231691%7C_p_origin_prod%3A
Women's Skirt Fashion Streetwear Pink Polka Dot Pattern Sports Casual Style vintage Y2K Emo Girls Sweet Harajuku Cute Slim Skirt,$2.36 ,"https://ae-pic-a1.aliexpress-media.com/kf/Sed6dd4c88fd04070895e4bc5f8cd4facC.jpg_220x220q75.jpg_.avif,https://ae-pic-a1.aliexpress-media.com/kf/Sf37e111350f1438aa6266e7abfa1a13f4.jpg_220x220q75.jpg_.avif,https://ae-pic-a1.aliexpress-media.com/kf/Sed6dd4c88fd04070895e4bc5f8cd4facC.jpg_220x220q75.jpg_.avif,https://ae-pic-a1.aliexpress-media.com/kf/S7789f349b6954a5bbddfa6596384f885z.jpg_220x220q75.jpg_.avif,https://ae-pic-a1.aliexpress-media.com/kf/S992bf27c417f4d81abc8f9081a1098a1B.jpg_220x220q75.jpg_.avif","['High-concerned chemical', 'None', 'Craft of Weaving', 'Knit', 'Season', 'Summer', 'Fabric Type', 'Woven', 'Age', 'Junior', 'Place Of Origin', 'China (mainland)']",https://www.aliexpress.us/item/3256807069106373.html?algo_pvid=b9cc4b84-901c-4023-a89a-1a28ec464442&algo_exp_id=b9cc4b84-901c-4023-a89a-1a28ec464442-35&pdp_ext_f=%7B%22order%22%3A%22855%22%2C%22eval%22%3A%221%22%2C%22fromPage%22%3A%22search%22%7D&pdp_npi=6%40dis%21USD%2125.41%212.36%21%21%21174.63%2116.24%21%402102eaa317729905216923047edb45%2112000046697882639%21sea%21US%210%21ABX%211%210%21n_tag%3A-29910%3Bd%3Ad1df2f05%3Bm03_new_user%3A-29895%3BpisId%3A5000000201000927&curPageLogUid=UkpPB37ZxRFm&utparam-url=scene%3Asearch%7Cquery_from%3A%7Cx_object_id%3A1005007255421125%7C_p_origin_prod%3A
HXAO Leopard Long Skirts Women's 2024 Spring Summer Autumn Elegant Party Printed Skirts Ladies Fashion Casual Office Midi Skirts,$0.99 ,"https://ae-pic-a1.aliexpress-media.com/kf/Sba2356ca67ab4d9e836f5364bf91fc7b4.jpg_220x220q75.jpg_.avif,https://ae-pic-a1.aliexpress-media.com/kf/S1900d157c43741e5af1cd984f7bbe08ab.jpg_220x220q75.jpg_.avif,https://ae-pic-a1.aliexpress-media.com/kf/Se43ea28486c44ee9a38d2da196a9dcd8e.jpg_220x220q75.jpg_.avif,https://ae-pic-a1.aliexpress-media.com/kf/S496d3f0ce3f4492aac55107f20de33b0e.png_220x220.png_.avif,https://ae-pic-a1.aliexpress-media.com/kf/Scb455456e86c4edc9dbaeb65b50d0a5ev.jpg_220x220q75.jpg_.avif","['High-concerned chemical', 'None', 'Release Date', 'Autumn 2024', 'Craft of Weaving', 'Tatting', 'Season', 'Spring/Summer', 'is_customized', 'No', 'Fabric Type', 'Blended']",https://www.aliexpress.us/item/3256807446562972.html?algo_pvid=b9cc4b84-901c-4023-a89a-1a28ec464442&algo_exp_id=b9cc4b84-901c-4023-a89a-1a28ec464442-36&pdp_ext_f=%7B%22order%22%3A%22853%22%2C%22eval%22%3A%221%22%2C%22fromPage%22%3A%22search%22%7D&pdp_npi=6%40dis%21USD%2114.97%210.99%21%21%21102.91%216.84%21%402102eaa317729905216923047edb45%2112000041581075005%21sea%21US%210%21ABX%211%210%21n_tag%3A-29910%3Bd%3Ad1df2f05%3Bm03_new_user%3A-29895%3BpisId%3A5000000197847475&curPageLogUid=4DJInaBBApQq&utparam-url=scene%3Asearch%7Cquery_from%3A%7Cx_object_id%3A1005007632877724%7C_p_origin_prod%3A
Vintage Renaissance Pleated Maxi Corset Button Skirt Women A Line Costume Victoria High Waist Gown Big Swing Floor Ruffle Skirt,$18.63 ,"https://ae-pic-a1.aliexpress-media.com/kf/S34c8f317f8dd41809e9fcfa2fba80a98g.jpg_220x220q75.jpg_.avif,https://ae-pic-a1.aliexpress-media.com/kf/Saf60c04fb23f4e8daf618bcdc9f92023q.jpg_220x220q75.jpg_.avif,https://ae-pic-a1.aliexpress-media.com/kf/Sbcc7dcd478aa4ff1b5e419f5ff127c80X.jpg_220x220q75.jpg_.avif,https://ae-pic-a1.aliexpress-media.com/kf/Sd7b7311446c34d6a889db700a91c884a0.jpg_220x220q75.jpg_.avif,https://ae-pic-a1.aliexpress-media.com/kf/S01cd235471d448ddb03f075c2433fbcfE.jpg_220x220q75.jpg_.avif","['High-concerned chemical', 'None', 'Craft of Weaving', 'Knit', 'Season', 'Spring/Summer', 'Fabric Type', 'Broadcloth', 'Age', 'Middle Age', 'Place Of Origin', 'China (mainland)']",https://www.aliexpress.us/item/3256807295642495.html?algo_pvid=b9cc4b84-901c-4023-a89a-1a28ec464442&algo_exp_id=b9cc4b84-901c-4023-a89a-1a28ec464442-38&pdp_ext_f=%7B%22order%22%3A%22842%22%2C%22eval%22%3A%221%22%2C%22fromPage%22%3A%22search%22%7D&pdp_npi=6%40dis%21USD%2122.45%2118.63%21%21%2122.45%2118.63%21%402102eaa317729905216923047edb45%2112000040929364643%21sea%21US%210%21ABX%211%210%21n_tag%3A-29910%3Bd%3Ad1df2f05%3Bm03_new_user%3A-29895&curPageLogUid=KVIyyPC78oi3&utparam-url=scene%3Asearch%7Cquery_from%3A%7Cx_object_id%3A1005007481957247%7C_p_origin_prod%3A
Lace Asymmetrical Skirt Women Vintage Y2K Boho Aesthetic Fashion High Waist Mid Skirts Summer Ladies Holiday Outfits,$4.83 ,"https://ae-pic-a1.aliexpress-media.com/kf/Sf6c33e73b7a349b9830dbe5d72690d9dq.jpeg_220x220q75.jpeg_.avif,https://ae-pic-a1.aliexpress-media.com/kf/S86aac75277784975bc92d7946d3f04f9q.jpeg_220x220q75.jpeg_.avif,https://ae-pic-a1.aliexpress-media.com/kf/S8793bee6f55a41b5ae2206794f3576b54.jpeg_220x220q75.jpeg_.avif,https://ae-pic-a1.aliexpress-media.com/kf/Sf9db6c9a47164afa9b60eea6ec06f078Y.jpeg_220x220q75.jpeg_.avif,https://ae-pic-a1.aliexpress-media.com/kf/S91b98a40edf04a5ba6cbd094750e4bf2M.jpeg_220x220q75.jpeg_.avif","['High-concerned chemical', 'None', 'Craft of Weaving', 'Tatting', 'Season', 'Summer', 'Fabric Type', 'Lace', 'Age', 'Junior', 'Waistline', 'empire']",https://www.aliexpress.us/item/3256806636852767.html?algo_pvid=b9cc4b84-901c-4023-a89a-1a28ec464442&algo_exp_id=b9cc4b84-901c-4023-a89a-1a28ec464442-40&pdp_ext_f=%7B%22order%22%3A%22838%22%2C%22eval%22%3A%221%22%2C%22fromPage%22%3A%22search%22%7D&pdp_npi=6%40dis%21USD%2129.67%214.83%21%21%21203.95%2133.24%21%402102eaa317729905216923047edb45%2112000038417416027%21sea%21US%210%21ABX%211%210%21n_tag%3A-29910%3Bd%3Ad1df2f05%3Bm03_new_user%3A-29895%3BpisId%3A5000000197847450&curPageLogUid=T8tDsPftOczz&utparam-url=scene%3Asearch%7Cquery_from%3A%7Cx_object_id%3A1005006823167519%7C_p_origin_prod%3A
Summer Mini skirts for woman vintage korean fashion plaid skirts for women y2k skirts pleated green plaid skirts preppy style,$7.69 ,"https://ae-pic-a1.aliexpress-media.com/kf/Sd075cd16f77146f8910b0ccf1ec95c56x.jpg_220x220q75.jpg_.avif,https://ae-pic-a1.aliexpress-media.com/kf/S9b48dfc8b1014b968b4ebf1dbbd2c785L.jpg_220x220q75.jpg_.avif,https://ae-pic-a1.aliexpress-media.com/kf/S26d013bb538a41599d70a5558460c840u.jpg_220x220q75.jpg_.avif,https://ae-pic-a1.aliexpress-media.com/kf/S4ba02f8d1512465b923f84b09be98786j.jpg_220x220q75.jpg_.avif,https://ae-pic-a1.aliexpress-media.com/kf/Sa99f5fbb32c84f5eaf40a3da2dc9979cB.jpg_220x220q75.jpg_.avif","['High-concerned chemical', 'None', 'Release Date', 'Summer 2024', 'Craft of Weaving', 'Tatting', 'Season', 'Spring/Summer', 'is_customized', 'No', 'Fabric Type', 'Woolen']",https://www.aliexpress.us/item/3256806963198804.html?algo_pvid=b9cc4b84-901c-4023-a89a-1a28ec464442&algo_exp_id=b9cc4b84-901c-4023-a89a-1a28ec464442-41&pdp_ext_f=%7B%22order%22%3A%22831%22%2C%22eval%22%3A%221%22%2C%22fromPage%22%3A%22search%22%7D&pdp_npi=6%40dis%21USD%217.69%217.69%21%21%217.69%217.69%21%402102eaa317729905216923047edb45%2112000039595796300%21sea%21US%210%21ABX%211%210%21n_tag%3A-29910%3Bd%3Ad1df2f05%3Bm03_new_user%3A-29895&curPageLogUid=011iEtqWUroH&utparam-url=scene%3Asearch%7Cquery_from%3A%7Cx_object_id%3A1005007149513556%7C_p_origin_prod%3A
hirigin Women Pleated Bubble Mini Skirt Y2k Ruffle Hem Elastic Waist Puffy Short Skirt Tee Girls Cute Aline Balloon Skirt,$3.64 ,"https://ae-pic-a1.aliexpress-media.com/kf/Sc24051c009734a2aa1deb636ad9082dfT.jpg_220x220q75.jpg_.avif,https://ae-pic-a1.aliexpress-media.com/kf/S22adce275c514f65a3b0cb5f9721ef59E.jpg_220x220q75.jpg_.avif,https://ae-pic-a1.aliexpress-media.com/kf/S8ac67669b2764ac19c3d961477c2a3c1Q.jpg_220x220q75.jpg_.avif,https://ae-pic-a1.aliexpress-media.com/kf/Sf37ac2c459624292976e0347f7eb5d7dG.jpg_220x220q75.jpg_.avif,https://ae-pic-a1.aliexpress-media.com/kf/S079d7ba177ba4671b199480939c37108V.jpg_220x220q75.jpg_.avif","['High-concerned chemical', 'None', 'Craft of Weaving', 'Tatting', 'Season', 'Summer', 'is_customized', 'No', 'Fabric Type', 'Broadcloth', 'Age', 'Junior']",https://www.aliexpress.us/item/3256806775281269.html?algo_pvid=b9cc4b84-901c-4023-a89a-1a28ec464442&algo_exp_id=b9cc4b84-901c-4023-a89a-1a28ec464442-43&pdp_ext_f=%7B%22order%22%3A%22825%22%2C%22eval%22%3A%221%22%2C%22fromPage%22%3A%22search%22%7D&pdp_npi=6%40dis%21USD%2113.64%213.64%21%21%2113.64%213.64%21%402102eaa317729905216923047edb45%2112000038867265049%21sea%21US%210%21ABX%211%210%21n_tag%3A-29910%3Bd%3Ad1df2f05%3Bm03_new_user%3A-29895%3BpisId%3A5000000197847450&curPageLogUid=jVOrAGspUN1y&utparam-url=scene%3Asearch%7Cquery_from%3A%7Cx_object_id%3A1005006961596021%7C_p_origin_prod%3A
AS 2025 pinstripe denim skirt fashion woman clothes lady wear,$28.00 ,"https://ae-pic-a1.aliexpress-media.com/kf/Sd379341ea164441b97baddb5014ed859o.jpg_220x220q75.jpg_.avif,https://ae-pic-a1.aliexpress-media.com/kf/S85487eafbc324d9d85e76b583fce5967P.jpg_220x220q75.jpg_.avif,https://ae-pic-a1.aliexpress-media.com/kf/Sb89edbe92caa4bfb88130369a74b3110U.jpg_220x220q75.jpg_.avif,https://ae-pic-a1.aliexpress-media.com/kf/S0aac5a38505847c1a9666d718c6f49e2Q.jpg_220x220q75.jpg_.avif,https://ae-pic-a1.aliexpress-media.com/kf/Se7f9c1ae15d541a3bc40bf5b2c4841161.jpg_220x220q75.jpg_.avif","['High-concerned chemical', 'None', 'Craft of Weaving', 'Knit', 'Season', 'Spring/Summer', 'Fabric Type', 'Denim', 'Age', 'Junior', 'Waistline', 'Natural']",https://www.aliexpress.us/item/3256808468217146.html?algo_pvid=b9cc4b84-901c-4023-a89a-1a28ec464442&algo_exp_id=b9cc4b84-901c-4023-a89a-1a28ec464442-44&pdp_ext_f=%7B%22order%22%3A%22821%22%2C%22eval%22%3A%221%22%2C%22fromPage%22%3A%22search%22%7D&pdp_npi=6%40dis%21USD%2176.00%2128.00%21%21%2176.00%2128.00%21%402102eaa317729905216923047edb45%2112000046112525659%21sea%21US%210%21ABX%211%210%21n_tag%3A-29910%3Bd%3Ad1df2f05%3Bm03_new_user%3A-29895%3BpisId%3A5000000197847450&curPageLogUid=FX1mrM5r9AZk&utparam-url=scene%3Asearch%7Cquery_from%3A%7Cx_object_id%3A1005008654531898%7C_p_origin_prod%3A
Spring Summer Women Chiffon Skirts Vintage High Waist Elastic Patchwork White Black Chic Long Cake A-line Skirt for Student,$1.68 ,"https://ae-pic-a1.aliexpress-media.com/kf/Hcb88bb06362e4dfe88a7916650a92e35q.jpg_220x220q75.jpg_.avif,https://ae-pic-a1.aliexpress-media.com/kf/Hf4ad71cf71084ceb930e74d1e0ddbb2eF.jpg_220x220q75.jpg_.avif,https://ae-pic-a1.aliexpress-media.com/kf/Hc17196abec954ab18062c3893ba3f495w.jpg_220x220q75.jpg_.avif,https://ae-pic-a1.aliexpress-media.com/kf/H7fe0457a3f8f456eb8948f21fa249d03V.jpg_220x220q75.jpg_.avif,https://ae-pic-a1.aliexpress-media.com/kf/H7ed6a53a3a1248998cebbb16904c3f92H.jpg_220x220q75.jpg_.avif","['High-concerned chemical', 'None', 'Release Date', 'Spring 2024', 'Craft of Weaving', 'Tatting', 'Season', 'Spring/Summer', 'is_customized', 'No', 'Fabric Type', 'Broadcloth']",https://www.aliexpress.us/item/3256801832394404.html?algo_pvid=b9cc4b84-901c-4023-a89a-1a28ec464442&algo_exp_id=b9cc4b84-901c-4023-a89a-1a28ec464442-45&pdp_ext_f=%7B%22order%22%3A%22820%22%2C%22spu_best_type%22%3A%22price%22%2C%22eval%22%3A%221%22%2C%22fromPage%22%3A%22search%22%7D&pdp_npi=6%40dis%21USD%218.68%211.68%21%21%218.68%211.68%21%402102eaa317729905216923047edb45%2112000018432664182%21sea%21US%210%21ABX%211%210%21n_tag%3A-29910%3Bd%3Ad1df2f05%3Bm03_new_user%3A-29895%3BpisId%3A5000000197847475&curPageLogUid=zjfqNinLeEtF&utparam-url=scene%3Asearch%7Cquery_from%3A%7Cx_object_id%3A1005002018709156%7C_p_origin_prod%3A
Weird Puss Colorful Tassel Skirts Peach Hip Women Thin Knit Wild Sexy Midnight Summer Trend Stretch Skinny Streetwear Bodycon,$7.90 ,"https://ae-pic-a1.aliexpress-media.com/kf/S629a2489aa4642e8adf85d4facb896efk.jpg_220x220q75.jpg_.avif,https://ae-pic-a1.aliexpress-media.com/kf/S629a2489aa4642e8adf85d4facb896efk.jpg_220x220q75.jpg_.avif,https://ae-pic-a1.aliexpress-media.com/kf/S4c0a5734ffe3423eb24b16f957f001f1u.jpg_220x220q75.jpg_.avif,https://ae-pic-a1.aliexpress-media.com/kf/Sfc6d83e062ec4b6f9325442ff4adba99D.jpg_220x220q75.jpg_.avif,https://ae-pic-a1.aliexpress-media.com/kf/S77f633e625404f2baa5a426999a9624bh.jpg_220x220q75.jpg_.avif","['High-concerned chemical', 'None', 'Release Date', 'Summer 2024', 'Craft of Weaving', 'Knit', 'Season', 'Summer', 'is_customized', 'Yes', 'Fabric Type', 'Knitted']",https://www.aliexpress.us/item/3256807071132576.html?algo_pvid=b9cc4b84-901c-4023-a89a-1a28ec464442&algo_exp_id=b9cc4b84-901c-4023-a89a-1a28ec464442-46&pdp_ext_f=%7B%22order%22%3A%22809%22%2C%22eval%22%3A%221%22%2C%22fromPage%22%3A%22search%22%7D&pdp_npi=6%40dis%21USD%2117.55%217.90%21%21%21120.59%2154.27%21%402102eaa317729905216923047edb45%2112000041096688928%21sea%21US%210%21ABX%211%210%21n_tag%3A-29910%3Bd%3Ad1df2f05%3Bm03_new_user%3A-29895&curPageLogUid=NPKd8mV4vSxr&utparam-url=scene%3Asearch%7Cquery_from%3A%7Cx_object_id%3A1005007257447328%7C_p_origin_prod%3A
Goth Streetwear Gothic Skirt Women Harajuku Emo Alternative Grunge High Waist Bandage A-line Skirts Y2k E-girl Indie Clothes,$21.23 ,"https://ae-pic-a1.aliexpress-media.com/kf/S7a8ec0635cc243978afd59456186b304j.jpg_220x220q75.jpg_.avif,https://ae-pic-a1.aliexpress-media.com/kf/Se0ccc8bd1b244b93b307082a06d9410cR.jpg_220x220q75.jpg_.avif,https://ae-pic-a1.aliexpress-media.com/kf/S322c660659ca4c58902debaa9eeb7e2b0.jpg_220x220q75.jpg_.avif,https://ae-pic-a1.aliexpress-media.com/kf/S7635e2d760be49e8a6cd57e5f3beef11G.jpg_220x220q75.jpg_.avif,https://ae-pic-a1.aliexpress-media.com/kf/Sb372db6524914f46a1dab09b5eb4f6de7.jpg_220x220q75.jpg_.avif","['High-concerned chemical', 'None', 'Craft of Weaving', 'Tatting', 'Season', 'All Season', 'Fabric Type', 'Broadcloth', 'Age', 'Junior', 'Waistline', 'Natural']",https://www.aliexpress.us/item/3256808473903912.html?algo_pvid=b9cc4b84-901c-4023-a89a-1a28ec464442&algo_exp_id=b9cc4b84-901c-4023-a89a-1a28ec464442-47&pdp_ext_f=%7B%22order%22%3A%22807%22%2C%22eval%22%3A%221%22%2C%22orig_sl_item_id%22%3A%221005008660218664%22%2C%22orig_item_id%22%3A%221005008120257827%22%2C%22fromPage%22%3A%22search%22%7D&pdp_npi=6%40dis%21USD%2142.46%2121.23%21%21%21291.82%21145.91%21%402102eaa317729905216923047edb45%2112000046136043451%21sea%21US%210%21ABX%211%210%21n_tag%3A-29910%3Bd%3Ad1df2f05%3Bm03_new_user%3A-29895&curPageLogUid=gfVSPxIR5HGm&utparam-url=scene%3Asearch%7Cquery_from%3A%7Cx_object_id%3A1005008660218664%7C_p_origin_prod%3A1005008120257827
Sweet Puffy Cake Women Skirts Korean Fashion Ruched Ruffle Mini Skirt Campus Harajuku Casual Versatile Elastic Waist Solid Skirt,$17.11 ,"https://ae-pic-a1.aliexpress-media.com/kf/S7a1e0e1171114107923ab27de9e7e8e3B.jpg_220x220q75.jpg_.avif,https://ae-pic-a1.aliexpress-media.com/kf/S46cb7f09dd7f4cd2a5557db67133b1b3F.jpg_220x220q75.jpg_.avif,https://ae-pic-a1.aliexpress-media.com/kf/S010c8621402441a48dfeaab5eed4ffd5r.jpg_220x220q75.jpg_.avif,https://ae-pic-a1.aliexpress-media.com/kf/S2f91869c229541038aa5c7870b1ebc6e1.jpg_220x220q75.jpg_.avif,https://ae-pic-a1.aliexpress-media.com/kf/S265d54a12d0643d8a884086e8880f3fcj.jpg_220x220q75.jpg_.avif","['High-concerned chemical', 'None', 'Release Date', 'Spring 2025', 'Craft of Weaving', 'Tatting', 'Season', 'Spring/Summer', 'is_customized', 'No', 'Fabric Type', 'Blended']",https://www.aliexpress.us/item/3256808470034516.html?algo_pvid=b9cc4b84-901c-4023-a89a-1a28ec464442&algo_exp_id=b9cc4b84-901c-4023-a89a-1a28ec464442-48&pdp_ext_f=%7B%22order%22%3A%22804%22%2C%22eval%22%3A%221%22%2C%22fromPage%22%3A%22search%22%7D&pdp_npi=6%40dis%21USD%2131.11%2117.11%21%21%21213.83%21117.61%21%402102eaa317729905216923047edb45%2112000046118297219%21sea%21US%210%21ABX%211%210%21n_tag%3A-29910%3Bd%3Ad1df2f05%3Bm03_new_user%3A-29895&curPageLogUid=VLCjaauLc0cq&utparam-url=scene%3Asearch%7Cquery_from%3A%7Cx_object_id%3A1005008656349268%7C_p_origin_prod%3A
Tulle Skirt Women's Tutu Skirt 50s Rockabilly Petticoat for Carnival Costumes Tutu Underskirt Dance Skirt Ballet Skirt Cosplay,$0.99 ,"https://ae-pic-a1.aliexpress-media.com/kf/Se08ad0baaa584dadb8aa0cc5c6287da7V.jpg?has_lang=1&ver=2_220x220q75.jpg_.avif,https://ae-pic-a1.aliexpress-media.com/kf/Se08ad0baaa584dadb8aa0cc5c6287da7V.jpg?has_lang=1&ver=2_220x220q75.jpg_.avif,https://ae-pic-a1.aliexpress-media.com/kf/Scfca5a34667241e5b89649699156885dM.jpg_220x220q75.jpg_.avif,https://ae-pic-a1.aliexpress-media.com/kf/S58292fc9de4c4b128dd2bca842aff98e1.jpg_220x220q75.jpg_.avif,https://ae-pic-a1.aliexpress-media.com/kf/S3f25dbb45dcf4b36b5a9f7dd5be803afj.jpg_220x220q75.jpg_.avif","['High-concerned chemical', 'None', 'Craft of Weaving', 'Tatting', 'Season', 'Summer', 'is_customized', 'No', 'Fabric Type', 'Lace', 'Age', 'Junior']",https://www.aliexpress.us/item/3256806286075502.html?algo_pvid=b9cc4b84-901c-4023-a89a-1a28ec464442&algo_exp_id=b9cc4b84-901c-4023-a89a-1a28ec464442-49&pdp_ext_f=%7B%22order%22%3A%22792%22%2C%22eval%22%3A%221%22%2C%22fromPage%22%3A%22search%22%7D&pdp_npi=6%40dis%21USD%214.56%210.99%21%21%214.56%210.99%21%402102eaa317729905216923047edb45%2112000037320602884%21sea%21US%210%21ABX%211%210%21n_tag%3A-29910%3Bd%3Ad1df2f05%3Bm03_new_user%3A-29895%3BpisId%3A5000000197847475&curPageLogUid=ZbuXeIyKf2TF&utparam-url=scene%3Asearch%7Cquery_from%3A%7Cx_object_id%3A1005006472390254%7C_p_origin_prod%3A
Lady Mini Skirts Club Sexy Sweet Harajuku Girls Dance Short Skirt Street High Waist Ice Silk A-Line Flared Pleated Women Dress,$3.88 ,"https://ae-pic-a1.aliexpress-media.com/kf/Sc60623d654e0422294293887f6c51cfc9.jpg_220x220q75.jpg_.avif,https://ae-pic-a1.aliexpress-media.com/kf/S3d65f7cfb21b4e9e845eb92c98449b83M.jpg_220x220q75.jpg_.avif,https://ae-pic-a1.aliexpress-media.com/kf/S61a17f588b6640e18c7b2f299873cc52b.jpg_220x220q75.jpg_.avif,https://ae-pic-a1.aliexpress-media.com/kf/S5db9257fe6124ed89c3ad51b964af47e9.jpg_220x220q75.jpg_.avif,https://ae-pic-a1.aliexpress-media.com/kf/S64f9f740b41445e99c174c60014d8b1b5.jpg_220x220q75.jpg_.avif","['High-concerned chemical', 'None', 'Season', 'Spring/Summer', 'is_customized', 'No', 'Fabric Type', 'Nylon Cotton', 'Age', 'Junior', 'Place Of Origin', 'China (mainland)']",https://www.aliexpress.us/item/3256805935151985.html?algo_pvid=b9cc4b84-901c-4023-a89a-1a28ec464442&algo_exp_id=b9cc4b84-901c-4023-a89a-1a28ec464442-50&pdp_ext_f=%7B%22order%22%3A%22790%22%2C%22eval%22%3A%221%22%2C%22fromPage%22%3A%22search%22%7D&pdp_npi=6%40dis%21USD%213.88%213.88%21%21%213.88%213.88%21%402102eaa317729905216923047edb45%2112000035848406391%21sea%21US%210%21ABX%211%210%21n_tag%3A-29910%3Bd%3Ad1df2f05%3Bm03_new_user%3A-29895&curPageLogUid=klK1aPluidno&utparam-url=scene%3Asearch%7Cquery_from%3A%7Cx_object_id%3A1005006121466737%7C_p_origin_prod%3A
True ostrich feather Multicolor Mini Skirt Elastic Waist Sexy Clothing Club Party Dance Rave Short Skirt Note select 3 colors,$75.17 ,"https://ae-pic-a1.aliexpress-media.com/kf/Sd501c453ff6745d9a0d2fe5b3b879947Z.jpg?has_lang=1&ver=2_220x220q75.jpg_.avif,https://ae-pic-a1.aliexpress-media.com/kf/Sd501c453ff6745d9a0d2fe5b3b879947Z.jpg?has_lang=1&ver=2_220x220q75.jpg_.avif,https://ae-pic-a1.aliexpress-media.com/kf/Sb5770b2d8dc64529806a414ea9dd02a3y.jpg?has_lang=1&ver=2_220x220q75.jpg_.avif,https://ae-pic-a1.aliexpress-media.com/kf/S859f142545644625aa7d16ca9f4b67f5J.jpg_220x220q75.jpg_.avif,https://ae-pic-a1.aliexpress-media.com/kf/S861a36f2f68f41d7a40e9dd256a3b97dm.jpg_220x220q75.jpg_.avif","['High-concerned chemical', 'None', 'Craft of Weaving', 'Knit', 'Season', 'All Season', 'is_customized', 'Yes', 'Fabric Type', 'Blended', 'Age', 'Middle Age']",https://www.aliexpress.us/item/3256803939706788.html?algo_pvid=b9cc4b84-901c-4023-a89a-1a28ec464442&algo_exp_id=b9cc4b84-901c-4023-a89a-1a28ec464442-51&pdp_ext_f=%7B%22order%22%3A%22788%22%2C%22eval%22%3A%221%22%2C%22fromPage%22%3A%22search%22%7D&pdp_npi=6%40dis%21USD%21169.34%2175.17%21%21%211163.82%21516.62%21%402102eaa317729905216923047edb45%2112000029518710225%21sea%21US%210%21ABX%211%210%21n_tag%3A-29910%3Bd%3Ad1df2f05%3Bm03_new_user%3A-29895%3BpisId%3A5000000197847458&curPageLogUid=3Y7aZowoslcS&utparam-url=scene%3Asearch%7Cquery_from%3A%7Cx_object_id%3A1005004126021540%7C_p_origin_prod%3A
Tossy Snakeskin Printed Fashion Skirt Women's High Waist Slim Contrast Patchwork Commute Streetwear Female Vintage Y2k Skirt,$9.37 ,"https://ae-pic-a1.aliexpress-media.com/kf/Sb94cf9909e234b12b10c641c72ada95eI.jpg_220x220q75.jpg_.avif,https://ae-pic-a1.aliexpress-media.com/kf/Sb94cf9909e234b12b10c641c72ada95eI.jpg_220x220q75.jpg_.avif,https://ae-pic-a1.aliexpress-media.com/kf/S0d61c0a100d44335a9f932e9fa7a9786N.jpg_220x220q75.jpg_.avif,https://ae-pic-a1.aliexpress-media.com/kf/S1cc792d7e41d41aa9dd87b802af481cd1.jpg_220x220q75.jpg_.avif,https://ae-pic-a1.aliexpress-media.com/kf/S2bc5f5984e8f42a4b8798d8899647f13K.jpg_220x220q75.jpg_.avif","['High-concerned chemical', 'None', 'Release Date', 'Summer 2025', 'Craft of Weaving', 'Non-Woven', 'Season', 'All Season', 'is_customized', 'No', 'Fabric Type', 'Blended']",https://www.aliexpress.us/item/3256808735677865.html?algo_pvid=b9cc4b84-901c-4023-a89a-1a28ec464442&algo_exp_id=b9cc4b84-901c-4023-a89a-1a28ec464442-52&pdp_ext_f=%7B%22order%22%3A%22786%22%2C%22spu_best_type%22%3A%22price%22%2C%22eval%22%3A%221%22%2C%22fromPage%22%3A%22search%22%7D&pdp_npi=6%40dis%21USD%2115.61%219.37%21%21%2115.61%219.37%21%402102eaa317729905216923047edb45%2112000047216248139%21sea%21US%210%21ABX%211%210%21n_tag%3A-29910%3Bd%3Ad1df2f05%3Bm03_new_user%3A-29895&curPageLogUid=1V98yLSFIUaN&utparam-url=scene%3Asearch%7Cquery_from%3A%7Cx_object_id%3A1005008921992617%7C_p_origin_prod%3A
Sexy Female Women Glossy Patent Leather Skirt Ladies Low Rise Mini Skirt for Clubwear Party Pole Dancing Stage Performance,$4.16 ,"https://ae-pic-a1.aliexpress-media.com/kf/Sedda2ac9909543d0866ef46d55bf32bbT.jpg?has_lang=1&ver=2_220x220q75.jpg_.avif,https://ae-pic-a1.aliexpress-media.com/kf/Sc3a87e78cbb3470b904615a44575a511Q.jpg?has_lang=1&ver=2_220x220q75.jpg_.avif,https://ae-pic-a1.aliexpress-media.com/kf/S5b76b7109cdd4dd4bf76e94b2dd53034g.jpg?has_lang=1&ver=2_220x220q75.jpg_.avif,https://ae-pic-a1.aliexpress-media.com/kf/Se4afd342a0f54fa6ae218abf8dabdb767.jpg?has_lang=1&ver=2_220x220q75.jpg_.avif,https://ae-pic-a1.aliexpress-media.com/kf/S5e4ca450abe74c99940b8e8fbf8e114eE.jpg?has_lang=1&ver=2_220x220q75.jpg_.avif","['Occasion', 'Music Festival', 'Festival', 'Halloween', 'High-concerned chemical', 'None', 'Release Date', 'Summer 2025', 'Craft of Weaving', 'Tatting', 'Season', 'Summer']",https://www.aliexpress.us/item/2251832867391817.html?algo_pvid=b9cc4b84-901c-4023-a89a-1a28ec464442&algo_exp_id=b9cc4b84-901c-4023-a89a-1a28ec464442-54&pdp_ext_f=%7B%22order%22%3A%22777%22%2C%22eval%22%3A%221%22%2C%22fromPage%22%3A%22search%22%7D&pdp_npi=6%40dis%21USD%214.95%214.16%21%21%214.95%214.16%21%402102eaa317729905216923047edb45%2112000032221494949%21sea%21US%210%21ABX%211%210%21n_tag%3A-29910%3Bd%3Ad1df2f05%3Bm03_new_user%3A-29895&curPageLogUid=8pr7Y10jENpM&utparam-url=scene%3Asearch%7Cquery_from%3A%7Cx_object_id%3A33053706569%7C_p_origin_prod%3A
AS 2025 spring summer woman linen one pieces wrap skirts adjustable waist 2cm skirt high quality linen lady wear,$30.00 ,"https://ae-pic-a1.aliexpress-media.com/kf/Sbdf0d0e02c994dc4ac5b28cb716d2fa6I.jpg_220x220q75.jpg_.avif,https://ae-pic-a1.aliexpress-media.com/kf/Sbdf0d0e02c994dc4ac5b28cb716d2fa6I.jpg_220x220q75.jpg_.avif,https://ae-pic-a1.aliexpress-media.com/kf/Sd39395fa7e7049219c15487d63beede7R.jpg_220x220q75.jpg_.avif,https://ae-pic-a1.aliexpress-media.com/kf/S7f6d995b9f894f789a984e480790d832g.jpg_220x220q75.jpg_.avif,https://ae-pic-a1.aliexpress-media.com/kf/Sda101e9f0910414c90ccaea9c440098fF.jpg_220x220q75.jpg_.avif","['High-concerned chemical', 'None', 'Craft of Weaving', 'Tatting', 'Season', 'All Season', 'Fabric Type', 'Broadcloth', 'Age', 'Middle Age', 'Waistline', 'Natural']",https://www.aliexpress.us/item/3256808481673285.html?algo_pvid=b9cc4b84-901c-4023-a89a-1a28ec464442&algo_exp_id=b9cc4b84-901c-4023-a89a-1a28ec464442-55&pdp_ext_f=%7B%22order%22%3A%22772%22%2C%22spu_best_type%22%3A%22price%22%2C%22eval%22%3A%221%22%2C%22fromPage%22%3A%22search%22%7D&pdp_npi=6%40dis%21USD%2179.00%2130.00%21%21%2179.00%2130.00%21%402102eaa317729905216923047edb45%2112000046162841029%21sea%21US%210%21ABX%211%210%21n_tag%3A-29910%3Bd%3Ad1df2f05%3Bm03_new_user%3A-29895%3BpisId%3A5000000197847458&curPageLogUid=nZyQ0K8xs8XA&utparam-url=scene%3Asearch%7Cquery_from%3A%7Cx_object_id%3A1005008667988037%7C_p_origin_prod%3A
Women Mini Skirt Sheer for Women Low-rise Lifting Clubwear Solid Color Sexy Ultrathin Skinny Style for A Flirty Look Mini Skirt,$0.99 ,"https://ae-pic-a1.aliexpress-media.com/kf/Se9f950ef799c4136bf84c0227f24dcda9.jpg_220x220q75.jpg_.avif,https://ae-pic-a1.aliexpress-media.com/kf/Sa39f2e854dc9462f9c8d1b1e2760826dY.jpg_220x220q75.jpg_.avif,https://ae-pic-a1.aliexpress-media.com/kf/S91f854f680994620b0bd246b0b7686d4x.jpg_220x220q75.jpg_.avif,https://ae-pic-a1.aliexpress-media.com/kf/Sb2e90b73625e4bf199f3594b52bded28X.png_220x220.png_.avif,https://ae-pic-a1.aliexpress-media.com/kf/Sf6185a2c7686465abfc0fad9aa943ca2O.png_220x220.png_.avif","['High-concerned chemical', 'None', 'Release Date', 'Autumn 2024', 'Craft of Weaving', 'Knit', 'Season', 'All Season', 'is_customized', 'No', 'Fabric Type', 'jacquard']",https://www.aliexpress.us/item/3256807615850809.html?algo_pvid=b9cc4b84-901c-4023-a89a-1a28ec464442&algo_exp_id=b9cc4b84-901c-4023-a89a-1a28ec464442-57&pdp_ext_f=%7B%22order%22%3A%22763%22%2C%22eval%22%3A%221%22%2C%22fromPage%22%3A%22search%22%7D&pdp_npi=6%40dis%21USD%214.95%210.99%21%21%214.95%210.99%21%402102eaa317729905216923047edb45%2112000042252718629%21sea%21US%210%21ABX%211%210%21n_tag%3A-29910%3Bd%3Ad1df2f05%3Bm03_new_user%3A-29895%3BpisId%3A5000000197847475&curPageLogUid=xbps4Am7nGZF&utparam-url=scene%3Asearch%7Cquery_from%3A%7Cx_object_id%3A1005007802165561%7C_p_origin_prod%3A
"Lolita Flying Saucer Petticoat - Boneless Maximum Volume Crinoline, Invisible Wire-Free Underskirt for Daily Gothic Sweet OP/JSK",$1.12 ,"https://ae-pic-a1.aliexpress-media.com/kf/S21a70e29e19848b1b3d0d9c33cb982f5q.jpg?has_lang=1&ver=2_220x220q75.jpg_.avif,https://ae-pic-a1.aliexpress-media.com/kf/Sf05f257b94444307b39f5005445a0583V.jpg?has_lang=1&ver=2_220x220q75.jpg_.avif,https://ae-pic-a1.aliexpress-media.com/kf/Sf04cc1c6e66c4d3d9600f7d1ec3c9fa3s.jpg?has_lang=1&ver=2_220x220q75.jpg_.avif,https://ae-pic-a1.aliexpress-media.com/kf/S6c984767d46e4f1ba767509be676d6c4b.jpg?has_lang=1&ver=2_220x220q75.jpg_.avif,https://ae-pic-a1.aliexpress-media.com/kf/S2006c32e1b5149c3b75040d695d1ce9an.jpg_220x220q75.jpg_.avif","['Occasion', 'Party', 'Festival', 'Carnivals', 'High-concerned chemical', 'None', 'Release Date', 'Summer 2025', 'Craft of Weaving', 'Tatting', 'Season', 'Spring/Summer']",https://www.aliexpress.us/item/3256809563583669.html?algo_pvid=b9cc4b84-901c-4023-a89a-1a28ec464442&algo_exp_id=b9cc4b84-901c-4023-a89a-1a28ec464442-58&pdp_ext_f=%7B%22order%22%3A%22761%22%2C%22spu_best_type%22%3A%22price%22%2C%22eval%22%3A%221%22%2C%22fromPage%22%3A%22search%22%7D&pdp_npi=6%40dis%21USD%2116.92%211.12%21%21%21116.31%217.72%21%402102eaa317729905216923047edb45%2112000050040948144%21sea%21US%210%21ABX%211%210%21n_tag%3A-29910%3Bd%3Ad1df2f05%3Bm03_new_user%3A-29895%3BpisId%3A5000000197847475&curPageLogUid=2IoMtXlqrIVE&utparam-url=scene%3Asearch%7Cquery_from%3A%7Cx_object_id%3A1005009749898421%7C_p_origin_prod%3A
Japanese Sweet Lolita Style Mini Skirt Women Elegant Lace Bandage Party Cake Skirts Female Gothic Y2k Metal Buckle Skirt,$12.74 ,"https://ae-pic-a1.aliexpress-media.com/kf/Sa9723917c8f7468ea0b4c6e2f44029eaL.jpg?has_lang=1&ver=1_220x220q75.jpg_.avif,https://ae-pic-a1.aliexpress-media.com/kf/Sa9723917c8f7468ea0b4c6e2f44029eaL.jpg?has_lang=1&ver=1_220x220q75.jpg_.avif,https://ae-pic-a1.aliexpress-media.com/kf/S9ac58c97a68446c4be938f1317313574o.jpeg_220x220q75.jpeg_.avif,https://ae-pic-a1.aliexpress-media.com/kf/S0ac5876a46c64166a4f43a7e74144b78G.jpg_220x220q75.jpg_.avif,https://ae-pic-a1.aliexpress-media.com/kf/Sb602aa0952334036b7b0bcb25d9fd7c3U.jpg_220x220q75.jpg_.avif","['High-concerned chemical', 'None', 'Release Date', 'Summer 2025', 'Craft of Weaving', 'Tatting', 'Season', 'Summer', 'is_customized', 'No', 'Fabric Type', 'Polyester Fiber']",https://www.aliexpress.us/item/3256808992008986.html?algo_pvid=b9cc4b84-901c-4023-a89a-1a28ec464442&algo_exp_id=b9cc4b84-901c-4023-a89a-1a28ec464442-59&pdp_ext_f=%7B%22order%22%3A%22760%22%2C%22eval%22%3A%221%22%2C%22fromPage%22%3A%22search%22%7D&pdp_npi=6%40dis%21USD%2123.59%2112.74%21%21%21162.16%2187.57%21%402102eaa317729905216923047edb45%2112000053165110122%21sea%21US%210%21ABX%211%210%21n_tag%3A-29910%3Bd%3Ad1df2f05%3Bm03_new_user%3A-29895&curPageLogUid=8e34FqU1Avty&utparam-url=scene%3Asearch%7Cquery_from%3A%7Cx_object_id%3A1005009178323738%7C_p_origin_prod%3A
Patchwork Tiered Skirt Women 2025 Summer Vintage Checkered High Waisted Elastic Waist Slimming Midi Skir,$0.99 ,"https://ae-pic-a1.aliexpress-media.com/kf/Se37b3c5919544010baa6fc916e8193174.jpg_220x220q75.jpg_.avif,https://ae-pic-a1.aliexpress-media.com/kf/Se37b3c5919544010baa6fc916e8193174.jpg_220x220q75.jpg_.avif,https://ae-pic-a1.aliexpress-media.com/kf/S54ff640eb79f4d8ca57740968d56298e9.jpg_220x220q75.jpg_.avif,https://ae-pic-a1.aliexpress-media.com/kf/Saddc99d18b094abd8112de0bb8398eaba.jpg_220x220q75.jpg_.avif,https://ae-pic-a1.aliexpress-media.com/kf/S3061bf3317034bb9933faa95cac59349L.jpg_220x220q75.jpg_.avif","['High-concerned chemical', 'None', 'Release Date', 'Summer 2025', 'Craft of Weaving', 'Knit', 'Season', 'Summer', 'is_customized', 'No', 'Fabric Type', 'Blended']",https://www.aliexpress.us/item/3256808483607271.html?algo_pvid=97bd464f-6ac0-4ae1-a976-9be85e397b59&algo_exp_id=97bd464f-6ac0-4ae1-a976-9be85e397b59-0&pdp_ext_f=%7B%22order%22%3A%22712%22%2C%22spu_best_type%22%3A%22price%22%2C%22eval%22%3A%221%22%2C%22fromPage%22%3A%22search%22%7D&pdp_npi=6%40dis%21USD%2112.97%210.99%21%21%2189.12%216.76%21%402103849717729911070312868ebce7%2112000046169498428%21sea%21US%210%21ABX%211%210%21n_tag%3A-29910%3Bd%3Ad1df2f05%3Bm03_new_user%3A-29895%3BpisId%3A5000000197847475&curPageLogUid=5xTdFZdX1VP6&utparam-url=scene%3Asearch%7Cquery_from%3A%7Cx_object_id%3A1005008669922023%7C_p_origin_prod%3A
Summer Printed Fashion Long Skirt for Women High Waist Contrast Patchwork Slim Elegant Party Looks Ladies Y2k Maxi Skirt,$9.07 ,"https://ae-pic-a1.aliexpress-media.com/kf/S9d7300fbb8d2462c89baaee6f9dc6410Q.jpg_220x220q75.jpg_.avif,https://ae-pic-a1.aliexpress-media.com/kf/S286a62148e064e019e2568fd80af1154I.jpg_220x220q75.jpg_.avif,https://ae-pic-a1.aliexpress-media.com/kf/S627e4f03aa6442a4a42d5dad6d8fcccdI.jpg_220x220q75.jpg_.avif,https://ae-pic-a1.aliexpress-media.com/kf/Sc4d9f25c579f4bf8874340e648a68e44b.jpg_220x220q75.jpg_.avif,https://ae-pic-a1.aliexpress-media.com/kf/S6f8ca1711d6944f8bf1c371e8ccf01b3G.jpg_220x220q75.jpg_.avif","['High-concerned chemical', 'None', 'Release Date', 'Spring 2025', 'Craft of Weaving', 'Non-Woven', 'Season', 'All Season', 'is_customized', 'No', 'Fabric Type', 'Blended']",https://www.aliexpress.us/item/3256808440125543.html?algo_pvid=97bd464f-6ac0-4ae1-a976-9be85e397b59&algo_exp_id=97bd464f-6ac0-4ae1-a976-9be85e397b59-1&pdp_ext_f=%7B%22order%22%3A%22710%22%2C%22eval%22%3A%221%22%2C%22fromPage%22%3A%22search%22%7D&pdp_npi=6%40dis%21USD%2119.07%219.07%21%21%21131.08%2162.35%21%402103849717729911070312868ebce7%2112000046007245854%21sea%21US%210%21ABX%211%210%21n_tag%3A-29910%3Bd%3Ad1df2f05%3Bm03_new_user%3A-29895%3BpisId%3A5000000197847450&curPageLogUid=V19R3dWN3mzY&utparam-url=scene%3Asearch%7Cquery_from%3A%7Cx_object_id%3A1005008626440295%7C_p_origin_prod%3A
Shestyle Lace Transparent Long Skirts for Women Asymmetrical Floral Ruffles Summer 2025 Nre Stylish Outfits Holiday Slit Elegant,$20.55 ,"https://ae-pic-a1.aliexpress-media.com/kf/Sca85bb63c6224818a35774272325b2b9j.jpg_220x220q75.jpg_.avif,https://ae-pic-a1.aliexpress-media.com/kf/Sca85bb63c6224818a35774272325b2b9j.jpg_220x220q75.jpg_.avif,https://ae-pic-a1.aliexpress-media.com/kf/S4232b44bcacc466087d20b139f982e2fy.jpg_220x220q75.jpg_.avif,https://ae-pic-a1.aliexpress-media.com/kf/Sbefa6bdf8b6c4783b6b5ef65a3cc782ca.jpg_220x220q75.jpg_.avif,https://ae-pic-a1.aliexpress-media.com/kf/Sf430d5f157e2440c8903c5b3fd5ccce9e.jpg_220x220q75.jpg_.avif","['High-concerned chemical', 'None', 'Release Date', 'Summer 2025', 'Craft of Weaving', 'Tatting', 'Season', 'Spring/Summer', 'is_customized', 'No', 'Fabric Type', 'Lace']",https://www.aliexpress.us/item/3256808525322484.html?algo_pvid=97bd464f-6ac0-4ae1-a976-9be85e397b59&algo_exp_id=97bd464f-6ac0-4ae1-a976-9be85e397b59-3&pdp_ext_f=%7B%22order%22%3A%22709%22%2C%22eval%22%3A%221%22%2C%22fromPage%22%3A%22search%22%7D&pdp_npi=6%40dis%21USD%2136.69%2120.55%21%21%2136.69%2120.55%21%402103849717729911070312868ebce7%2112000046349705235%21sea%21US%210%21ABX%211%210%21n_tag%3A-29910%3Bd%3Ad1df2f05%3Bm03_new_user%3A-29895&curPageLogUid=1uYCQ6ynFpxA&utparam-url=scene%3Asearch%7Cquery_from%3A%7Cx_object_id%3A1005008711637236%7C_p_origin_prod%3A
Linad Sexy Lace White Asymmetrical Midi Skirts Street Chic Satin High Waist Slim Skirt Summer Casual Solid Skirt Female 2025,$32.84 ,"https://ae-pic-a1.aliexpress-media.com/kf/Sef5450f25e8341808e643a51a37137be3.jpg_220x220q75.jpg_.avif,https://ae-pic-a1.aliexpress-media.com/kf/Sef5450f25e8341808e643a51a37137be3.jpg_220x220q75.jpg_.avif,https://ae-pic-a1.aliexpress-media.com/kf/S4ab6e16d2e864d8cbf7bd54a736051549.jpg_220x220q75.jpg_.avif,https://ae-pic-a1.aliexpress-media.com/kf/S00ab15750f6749a1817ee9e3ae582d2aX.jpg?has_lang=1&ver=1_220x220q75.jpg_.avif,https://ae-pic-a1.aliexpress-media.com/kf/Sf302162c555a401299c115756c348545Z.jpg?has_lang=1&ver=1_220x220q75.jpg_.avif","['High-concerned chemical', 'None', 'Release Date', 'Summer 2025', 'Craft of Weaving', 'Tatting', 'Season', 'All Season', 'is_customized', 'No', 'Fabric Type', 'Satin']",https://www.aliexpress.us/item/3256809065379605.html?algo_pvid=97bd464f-6ac0-4ae1-a976-9be85e397b59&algo_exp_id=97bd464f-6ac0-4ae1-a976-9be85e397b59-4&pdp_ext_f=%7B%22order%22%3A%22697%22%2C%22eval%22%3A%221%22%2C%22fromPage%22%3A%22search%22%7D&pdp_npi=6%40dis%21USD%2146.91%2132.84%21%21%21322.42%21225.69%21%402103849717729911070312868ebce7%2112000048514302830%21sea%21US%210%21ABX%211%210%21n_tag%3A-29910%3Bd%3Ad1df2f05%3Bm03_new_user%3A-29895&curPageLogUid=wsRsWYsJanjK&utparam-url=scene%3Asearch%7Cquery_from%3A%7Cx_object_id%3A1005009251694357%7C_p_origin_prod%3A
Pleated Skirt with Shorts Women Sexy High Waist Irregular White Black A-line Gyaru Tennis extreme Mini Skirt School,$0.99 ,"https://ae-pic-a1.aliexpress-media.com/kf/S83c3d9f4f4c5476a82c4f758219d8b63i.jpeg?has_lang=1&ver=2_220x220q75.jpeg_.avif,https://ae-pic-a1.aliexpress-media.com/kf/S5ab3061bcbb1430d803bc1267be0f46bp.jpeg_220x220q75.jpeg_.avif,https://ae-pic-a1.aliexpress-media.com/kf/S6d6de35f3cb0489a9e2afc5aef6ed16d8.jpeg?has_lang=1&ver=2_220x220q75.jpeg_.avif,https://ae-pic-a1.aliexpress-media.com/kf/S2cce97c4014149c596952fd089f1569da.jpeg?has_lang=1&ver=2_220x220q75.jpeg_.avif,https://ae-pic-a1.aliexpress-media.com/kf/Saabb83b4c0334b9887d6c8f048a610af4.jpeg?has_lang=1&ver=2_220x220q75.jpeg_.avif","['High-concerned chemical', 'None', 'Craft of Weaving', 'Tatting', 'Season', 'Spring/Summer', 'Fabric Type', 'Broadcloth', 'Age', 'Junior', 'Waistline', 'empire']",https://www.aliexpress.us/item/3256806693352354.html?algo_pvid=97bd464f-6ac0-4ae1-a976-9be85e397b59&algo_exp_id=97bd464f-6ac0-4ae1-a976-9be85e397b59-5&pdp_ext_f=%7B%22order%22%3A%22697%22%2C%22spu_best_type%22%3A%22price%22%2C%22eval%22%3A%221%22%2C%22fromPage%22%3A%22search%22%7D&pdp_npi=6%40dis%21USD%2121.26%210.99%21%21%21146.11%216.82%21%402103849717729911070312868ebce7%2112000038601506964%21sea%21US%210%21ABX%211%210%21n_tag%3A-29910%3Bd%3Ad1df2f05%3Bm03_new_user%3A-29895%3BpisId%3A5000000197847450&curPageLogUid=AGtGzA8LwLOL&utparam-url=scene%3Asearch%7Cquery_from%3A%7Cx_object_id%3A1005006879667106%7C_p_origin_prod%3A
Summer Kawaii Mini A-line Skirt Adorable Flirty High Waist Ruffle Patchwork Lolita Ball Gown Y2K Korean Sweet Women's Clothing,$1.70 ,"https://ae-pic-a1.aliexpress-media.com/kf/S3331f85c528b44c5b2e59d82b8b795bcL.jpg_220x220q75.jpg_.avif,https://ae-pic-a1.aliexpress-media.com/kf/S3331f85c528b44c5b2e59d82b8b795bcL.jpg_220x220q75.jpg_.avif,https://ae-pic-a1.aliexpress-media.com/kf/Sfc255da39c9f4febb0d331f0753cb02fX.jpg_220x220q75.jpg_.avif,https://ae-pic-a1.aliexpress-media.com/kf/Sc8a6169e2c61432590d19796b559637eZ.jpg_220x220q75.jpg_.avif,https://ae-pic-a1.aliexpress-media.com/kf/S1b7797e89bc44cc2acd6781178c68d82R.jpg_220x220q75.jpg_.avif","['Occasion', 'Party', 'Festival', 'Christmas', 'High-concerned chemical', 'None', 'Release Date', 'Summer 2025', 'Craft of Weaving', 'Tatting', 'Season', 'Summer']",https://www.aliexpress.us/item/3256808337032065.html?algo_pvid=97bd464f-6ac0-4ae1-a976-9be85e397b59&algo_exp_id=97bd464f-6ac0-4ae1-a976-9be85e397b59-6&pdp_ext_f=%7B%22order%22%3A%22696%22%2C%22eval%22%3A%221%22%2C%22fromPage%22%3A%22search%22%7D&pdp_npi=6%40dis%21USD%218.70%211.70%21%21%2159.76%2111.65%21%402103849717729911070312868ebce7%2112000045551883720%21sea%21US%210%21ABX%211%210%21n_tag%3A-29910%3Bd%3Ad1df2f05%3Bm03_new_user%3A-29895%3BpisId%3A5000000197847475&curPageLogUid=dO48jTlv43Jy&utparam-url=scene%3Asearch%7Cquery_from%3A%7Cx_object_id%3A1005008523346817%7C_p_origin_prod%3A
Black White Long Tulle Lace Mesh Skirt Women Petticoat Underskirt Summer Korean Irregular Cover Up Skirt Tutu Skirt For Girl,$0.99 ,"https://ae-pic-a1.aliexpress-media.com/kf/S4915575508914898bb3d9e122c32ea1bl.jpg_220x220q75.jpg_.avif,https://ae-pic-a1.aliexpress-media.com/kf/S0b22a7a1af4a477eb3957bc8da9a98b52.jpg_220x220q75.jpg_.avif,https://ae-pic-a1.aliexpress-media.com/kf/S372a8496a237473d918a842a9d5632522.jpg_220x220q75.jpg_.avif,https://ae-pic-a1.aliexpress-media.com/kf/S3735d6019d2d44bd8496bab63f2c24872.jpg_220x220q75.jpg_.avif,https://ae-pic-a1.aliexpress-media.com/kf/Saacb74a4fc6245f5a3d2263d98d5b638e.jpg_220x220q75.jpg_.avif","['Season', 'Summer', 'Fabric Type', 'Mesh', 'Age', '18-24 Years', 'Waistline', 'empire', 'Dresses Length', 'Mid-Calf', 'Decoration', 'Hollow Out']",https://www.aliexpress.us/item/3256805149813969.html?algo_pvid=97bd464f-6ac0-4ae1-a976-9be85e397b59&algo_exp_id=97bd464f-6ac0-4ae1-a976-9be85e397b59-7&pdp_ext_f=%7B%22order%22%3A%22696%22%2C%22spu_best_type%22%3A%22price%22%2C%22eval%22%3A%221%22%2C%22fromPage%22%3A%22search%22%7D&pdp_npi=6%40dis%21USD%214.94%210.99%21%21%214.94%210.99%21%402103849717729911070312868ebce7%2112000032655918972%21sea%21US%210%21ABX%211%210%21n_tag%3A-29910%3Bd%3Ad1df2f05%3Bm03_new_user%3A-29895%3BpisId%3A5000000197847475&curPageLogUid=3DxvmpPaggsJ&utparam-url=scene%3Asearch%7Cquery_from%3A%7Cx_object_id%3A1005005336128721%7C_p_origin_prod%3A
2026 Fashion New Pleated Skirts Women S-5XL Vintage Young Basic Leisure Korean All-match Autumn High Waist Female College Clothe,$10.82 ,"https://ae-pic-a1.aliexpress-media.com/kf/S5cc45fe34ebb4a59a7b7732c2bdf5e98Y.jpg_220x220q75.jpg_.avif,https://ae-pic-a1.aliexpress-media.com/kf/S565f2ba29e6c4e7a9df77cb84e571e1cg.jpg_220x220q75.jpg_.avif,https://ae-pic-a1.aliexpress-media.com/kf/S0a7953bfe50847a6999578368dc149d2L.jpg_220x220q75.jpg_.avif,https://ae-pic-a1.aliexpress-media.com/kf/Scd4fae3c544c4c7dba060b535fdae268J.jpg_220x220q75.jpg_.avif,https://ae-pic-a1.aliexpress-media.com/kf/S1a703f500f244b1eb061c584498c80a5N.jpg_220x220q75.jpg_.avif","['Occasion', 'Office', 'Festival', 'Back to school season', 'High-concerned chemical', 'None', 'Release Date', 'Winter 2025', 'Craft of Weaving', 'Tatting', 'Season', 'Autumn/Winter']",https://www.aliexpress.us/item/3256805804793756.html?algo_pvid=97bd464f-6ac0-4ae1-a976-9be85e397b59&algo_exp_id=97bd464f-6ac0-4ae1-a976-9be85e397b59-9&pdp_ext_f=%7B%22order%22%3A%22693%22%2C%22spu_best_type%22%3A%22price%22%2C%22eval%22%3A%221%22%2C%22fromPage%22%3A%22search%22%7D&pdp_npi=6%40dis%21USD%2115.46%2110.82%21%21%2115.46%2110.82%21%402103849717729911070312868ebce7%2112000035206926196%21sea%21US%210%21ABX%211%210%21n_tag%3A-29910%3Bd%3Ad1df2f05%3Bm03_new_user%3A-29895&curPageLogUid=HDZUimhuBGzd&utparam-url=scene%3Asearch%7Cquery_from%3A%7Cx_object_id%3A1005005991108508%7C_p_origin_prod%3A
Elastic Waist Slim Women Short Skirt Sexy Elegant All-Match Basic Mini Skirt Winter Sweet Casual Knit Imitation Mink Fur Skirt,$0.99 ,"https://ae-pic-a1.aliexpress-media.com/kf/Se064351938234701bc4261268388088ah.jpg_220x220q75.jpg_.avif,https://ae-pic-a1.aliexpress-media.com/kf/S8f59b947078f4223961981d30f6b0476F.jpg_220x220q75.jpg_.avif,https://ae-pic-a1.aliexpress-media.com/kf/S7cb031180fee4b8eba196f1967bb56e2e.jpg_220x220q75.jpg_.avif,https://ae-pic-a1.aliexpress-media.com/kf/Sfe03c797527049f4a96b27b944ef0611k.jpg_220x220q75.jpg_.avif,https://ae-pic-a1.aliexpress-media.com/kf/S48c8180be1be43aab1daf97313c69903H.jpg_220x220q75.jpg_.avif","['High-concerned chemical', 'None', 'Craft of Weaving', 'Knit', 'Season', 'Autumn/Winter', 'Fabric Type', 'Blended', 'Age', 'Middle Age', 'Place Of Origin', 'China (mainland)']",https://www.aliexpress.us/item/3256807872274880.html?algo_pvid=97bd464f-6ac0-4ae1-a976-9be85e397b59&algo_exp_id=97bd464f-6ac0-4ae1-a976-9be85e397b59-10&pdp_ext_f=%7B%22order%22%3A%22679%22%2C%22eval%22%3A%221%22%2C%22fromPage%22%3A%22search%22%7D&pdp_npi=6%40dis%21USD%216.95%210.99%21%21%2147.74%216.78%21%402103849717729911070312868ebce7%2112000043486517388%21sea%21US%210%21ABX%211%210%21n_tag%3A-29910%3Bd%3Ad1df2f05%3Bm03_new_user%3A-29895%3BpisId%3A5000000197847475&curPageLogUid=lKpFpeoUh3CX&utparam-url=scene%3Asearch%7Cquery_from%3A%7Cx_object_id%3A1005008058589632%7C_p_origin_prod%3A
TOYOUTH Women Skirt 2025 Summer New Skirt 8520027,$25.88 ,"https://ae-pic-a1.aliexpress-media.com/kf/S1680b169ec964854805a141479195ed4R.jpg_220x220q75.jpg_.avif,https://ae-pic-a1.aliexpress-media.com/kf/S03e0fffd81c7434aa3a74523a8eaa9a3V.jpg_220x220q75.jpg_.avif,https://ae-pic-a1.aliexpress-media.com/kf/S4da5be21755c4b658807b210d6f8f3ce8.jpg_220x220q75.jpg_.avif,https://ae-pic-a1.aliexpress-media.com/kf/Sf6ce7c4f53124ba18cf23681ebd2c215S.jpg_220x220q75.jpg_.avif,https://ae-pic-a1.aliexpress-media.com/kf/S084ec2ec4e2f4d408f7be37b792a1b45e.jpg_220x220q75.jpg_.avif","['High-concerned chemical', 'None', 'Release Date', 'Summer 2024', 'Craft of Weaving', 'Tatting', 'Season', 'Summer', 'is_customized', 'No', 'Fabric Type', 'Blended']",https://www.aliexpress.us/item/3256808422317884.html?algo_pvid=97bd464f-6ac0-4ae1-a976-9be85e397b59&algo_exp_id=97bd464f-6ac0-4ae1-a976-9be85e397b59-12&pdp_ext_f=%7B%22order%22%3A%22675%22%2C%22eval%22%3A%221%22%2C%22fromPage%22%3A%22search%22%7D&pdp_npi=6%40dis%21USD%2185.43%2125.88%21%21%2185.43%2125.88%21%402103849717729911070312868ebce7%2112000045935076324%21sea%21US%210%21ABX%211%210%21n_tag%3A-29910%3Bd%3Ad1df2f05%3Bm03_new_user%3A-29895%3BpisId%3A5000000197847450&curPageLogUid=DPnznRzGStfn&utparam-url=scene%3Asearch%7Cquery_from%3A%7Cx_object_id%3A1005008608632636%7C_p_origin_prod%3A
Women White Long Skirt Fashion Pockets Pleated Knee Length Skirts Autumn 2024 New Casual Elegant High Waist A Line Femme Skirts,$0.99 ,"https://ae-pic-a1.aliexpress-media.com/kf/Sa484ceab8ca244c7af42bb22edf012d6G.jpg_220x220q75.jpg_.avif,https://ae-pic-a1.aliexpress-media.com/kf/Sa484ceab8ca244c7af42bb22edf012d6G.jpg_220x220q75.jpg_.avif,https://ae-pic-a1.aliexpress-media.com/kf/S1a4348c73a4e4fa487ab135bdab84b5dt.jpg_220x220q75.jpg_.avif,https://ae-pic-a1.aliexpress-media.com/kf/Sa52ec4a2ae354a169cc0566a75a7a39eS.jpg_220x220q75.jpg_.avif,https://ae-pic-a1.aliexpress-media.com/kf/Sd360ff685dbe488998c94b1d2415d28fU.jpg_220x220q75.jpg_.avif","['High-concerned chemical', 'None', 'Release Date', 'Autumn 2024', 'Craft of Weaving', 'Tatting', 'Season', 'Autumn/Winter', 'Fabric Type', 'Broadcloth', 'Age', 'Junior']",https://www.aliexpress.us/item/3256807792301375.html?algo_pvid=97bd464f-6ac0-4ae1-a976-9be85e397b59&algo_exp_id=97bd464f-6ac0-4ae1-a976-9be85e397b59-13&pdp_ext_f=%7B%22order%22%3A%22674%22%2C%22eval%22%3A%221%22%2C%22fromPage%22%3A%22search%22%7D&pdp_npi=6%40dis%21USD%2115.98%213.39%21%21%2115.98%213.39%21%402103849717729911070312868ebce7%2112000043129901046%21sea%21US%210%21ABX%211%210%21n_tag%3A-29910%3Bd%3Ad1df2f05%3Bm03_new_user%3A-29895%3BpisId%3A5000000197847475&curPageLogUid=3qXa73YbEwBB&utparam-url=scene%3Asearch%7Cquery_from%3A%7Cx_object_id%3A1005007978616127%7C_p_origin_prod%3A
Irregular Printed Big Swing Long Skirts For Women High Waist Buttock Cover A-Line Maxi Skirt Female Vintage Bottom Clothes,$20.03 ,"https://ae-pic-a1.aliexpress-media.com/kf/S3535cedd0e7547f2b89c6600998a6bacm.jpg_220x220q75.jpg_.avif,https://ae-pic-a1.aliexpress-media.com/kf/S3535cedd0e7547f2b89c6600998a6bacm.jpg_220x220q75.jpg_.avif,https://ae-pic-a1.aliexpress-media.com/kf/S2e33bcd8bf164f33b73d504bb62c43e00.jpg_220x220q75.jpg_.avif,https://ae-pic-a1.aliexpress-media.com/kf/Sbb8afea640654cc28e6435f4394baaeeC.jpg_220x220q75.jpg_.avif,https://ae-pic-a1.aliexpress-media.com/kf/S42bf124f34f44d1fb6f439c7b9a3fb63f.jpg_220x220q75.jpg_.avif","['High-concerned chemical', 'None', 'Release Date', 'Summer 2025', 'Craft of Weaving', 'Tatting', 'Season', 'Spring/Summer', 'is_customized', 'No', 'Fabric Type', 'Broadcloth']",https://www.aliexpress.us/item/3256809340165286.html?algo_pvid=97bd464f-6ac0-4ae1-a976-9be85e397b59&algo_exp_id=97bd464f-6ac0-4ae1-a976-9be85e397b59-14&pdp_ext_f=%7B%22order%22%3A%22670%22%2C%22spu_best_type%22%3A%22price%22%2C%22eval%22%3A%221%22%2C%22fromPage%22%3A%22search%22%7D&pdp_npi=6%40dis%21USD%2139.28%2120.03%21%21%21270.00%21137.70%21%402103849717729911070312868ebce7%2112000051714757820%21sea%21US%210%21ABX%211%210%21n_tag%3A-29910%3Bd%3Ad1df2f05%3Bm03_new_user%3A-29895&curPageLogUid=7UTivmSJ0jFV&utparam-url=scene%3Asearch%7Cquery_from%3A%7Cx_object_id%3A1005009526480038%7C_p_origin_prod%3A
AS 2024 Retro corduroy skirt a little stretch + soft super high stretch closed-fit basic tops (ship out in 1 day),$14.00 ,"https://ae-pic-a1.aliexpress-media.com/kf/S4c1f051076054bd497b27817ef77708du.jpg_220x220q75.jpg_.avif,https://ae-pic-a1.aliexpress-media.com/kf/S4c1f051076054bd497b27817ef77708du.jpg_220x220q75.jpg_.avif,https://ae-pic-a1.aliexpress-media.com/kf/S0974c514733649c59b8ad984af1673357.jpg_220x220q75.jpg_.avif,https://ae-pic-a1.aliexpress-media.com/kf/S0c17321f0fa4423f8e2845a8191dca61p.jpg?has_lang=1&ver=1_220x220q75.jpg_.avif,https://ae-pic-a1.aliexpress-media.com/kf/Sb807a3a0aac34c1a824db52bb992f56er.jpg_220x220q75.jpg_.avif","['High-concerned chemical', 'None', 'Craft of Weaving', 'Knit', 'Season', 'Autumn/Winter', 'is_customized', 'Yes', 'Fabric Type', 'corduroy', 'Age', 'Middle Age']",https://www.aliexpress.us/item/3256807523968235.html?algo_pvid=97bd464f-6ac0-4ae1-a976-9be85e397b59&algo_exp_id=97bd464f-6ac0-4ae1-a976-9be85e397b59-16&pdp_ext_f=%7B%22order%22%3A%22662%22%2C%22eval%22%3A%221%22%2C%22fromPage%22%3A%22search%22%7D&pdp_npi=6%40dis%21USD%2148.00%2114.00%21%21%2148.00%2114.00%21%402103849717729911070312868ebce7%2112000041936276740%21sea%21US%210%21ABX%211%210%21n_tag%3A-29910%3Bd%3Ad1df2f05%3Bm03_new_user%3A-29895%3BpisId%3A5000000197847450&curPageLogUid=i3NKeTRNm1uw&utparam-url=scene%3Asearch%7Cquery_from%3A%7Cx_object_id%3A1005007710282987%7C_p_origin_prod%3A
Sexy black lace high waist mini skirt women summer streetwear short skirts woman clothes 2026 fashion casual Straight skirt hot,$20.63 ,"https://ae-pic-a1.aliexpress-media.com/kf/S1c29cad4d5a1424ea09bdc6a9661c0506.jpg_220x220q75.jpg_.avif,https://ae-pic-a1.aliexpress-media.com/kf/S3051abed3d0848678448a274ac9e1251S.jpg_220x220q75.jpg_.avif,https://ae-pic-a1.aliexpress-media.com/kf/S1e4c6114b65146d4b47792bffb6c559cC.jpg_220x220q75.jpg_.avif,https://ae-pic-a1.aliexpress-media.com/kf/S8b0942ad50b3408c98d3dc8bd12dbca7L.jpg_220x220q75.jpg_.avif,https://ae-pic-a1.aliexpress-media.com/kf/Sea0170df861543ba9d096aa071c127baU.jpg_220x220q75.jpg_.avif","['Occasion', 'Party', 'Festival', 'Carnivals', 'High-concerned chemical', 'None', 'Release Date', 'Spring 2026', 'Craft of Weaving', 'Knit', 'Season', 'Summer']",https://www.aliexpress.us/item/3256809661850467.html?algo_pvid=97bd464f-6ac0-4ae1-a976-9be85e397b59&algo_exp_id=97bd464f-6ac0-4ae1-a976-9be85e397b59-19&pdp_ext_f=%7B%22order%22%3A%22657%22%2C%22eval%22%3A%221%22%2C%22fromPage%22%3A%22search%22%7D&pdp_npi=6%40dis%21USD%2131.74%2120.63%21%21%2131.74%2120.63%21%402103849717729911070312868ebce7%2112000050351300633%21sea%21US%210%21ABX%211%210%21n_tag%3A-29910%3Bd%3Ad1df2f05%3Bm03_new_user%3A-29895&curPageLogUid=vGBL0KshXcQF&utparam-url=scene%3Asearch%7Cquery_from%3A%7Cx_object_id%3A1005009848165219%7C_p_origin_prod%3A
Women's Blue Black Riveted Belt Denim Skirt Y2K Harajuku High Street Fashion 90s Sexy A-line Mini Skirt Summer Clothing 2026 New,$9.64 ,"https://ae-pic-a1.aliexpress-media.com/kf/S68f67e013bec4c349e9dbc206c09696ep.jpg?has_lang=1&ver=2_220x220q75.jpg_.avif,https://ae-pic-a1.aliexpress-media.com/kf/S05a935b282c048769bbcfb79eb6035a0m.jpg?has_lang=1&ver=1_220x220q75.jpg_.avif,https://ae-pic-a1.aliexpress-media.com/kf/S10b5e69bbedd407dab21440459d1c8305.jpg?has_lang=1&ver=2_220x220q75.jpg_.avif,https://ae-pic-a1.aliexpress-media.com/kf/S8b607a3f989a47f595937b6fbec5601eU.jpg?has_lang=1&ver=2_220x220q75.jpg_.avif,https://ae-pic-a1.aliexpress-media.com/kf/S964e14805ceb4b359d33f77ae64d9133T.jpg_220x220q75.jpg_.avif","['High-concerned chemical', 'None', 'Release Date', 'Summer 2025', 'Craft of Weaving', 'Tatting', 'Season', 'Summer', 'is_customized', 'No', 'Fabric Type', 'Blended']",https://www.aliexpress.us/item/3256808613180042.html?algo_pvid=97bd464f-6ac0-4ae1-a976-9be85e397b59&algo_exp_id=97bd464f-6ac0-4ae1-a976-9be85e397b59-20&pdp_ext_f=%7B%22order%22%3A%22656%22%2C%22eval%22%3A%221%22%2C%22fromPage%22%3A%22search%22%7D&pdp_npi=6%40dis%21USD%2117.87%219.64%21%21%21122.79%2166.24%21%402103849717729911070312868ebce7%2112000047605424692%21sea%21US%210%21ABX%211%210%21n_tag%3A-29910%3Bd%3Ad1df2f05%3Bm03_new_user%3A-29895%3BpisId%3A5000000201950879&curPageLogUid=r1ddoxnJwQU2&utparam-url=scene%3Asearch%7Cquery_from%3A%7Cx_object_id%3A1005008799494794%7C_p_origin_prod%3A
Mooyufon Women's Fashion Spring New Black Wide Pleated Swing Vintage Chic Female High Waist Elegant A-line Long Skirt Mujer,$9.42 ,"https://ae-pic-a1.aliexpress-media.com/kf/Sa9d0ee70a32443d185847dc21e9ac767s.jpg_220x220q75.jpg_.avif,https://ae-pic-a1.aliexpress-media.com/kf/S8da0f090beb748f197c10e1ea7bfe6521.jpg_220x220q75.jpg_.avif,https://ae-pic-a1.aliexpress-media.com/kf/Sb4acebd5519c4ba4b7d348adf34933717.jpg_220x220q75.jpg_.avif,https://ae-pic-a1.aliexpress-media.com/kf/S512ccdf9f65241d9841ec694786606b3d.jpg_220x220q75.jpg_.avif,https://ae-pic-a1.aliexpress-media.com/kf/Sf7ff97fa98124bc0a6fa1b6dd4feb514m.jpg_220x220q75.jpg_.avif","['High-concerned chemical', 'None', 'Release Date', 'Spring 2024', 'Craft of Weaving', 'Tatting', 'Season', 'Spring/Summer', 'is_customized', 'No', 'Fabric Type', 'Broadcloth']",https://www.aliexpress.us/item/3256807917793337.html?algo_pvid=97bd464f-6ac0-4ae1-a976-9be85e397b59&algo_exp_id=97bd464f-6ac0-4ae1-a976-9be85e397b59-21&pdp_ext_f=%7B%22order%22%3A%22654%22%2C%22eval%22%3A%221%22%2C%22fromPage%22%3A%22search%22%7D&pdp_npi=6%40dis%21USD%2141.31%219.42%21%21%21283.92%2164.71%21%402103849717729911070312868ebce7%2112000043780578456%21sea%21US%210%21ABX%211%210%21n_tag%3A-29910%3Bd%3Ad1df2f05%3Bm03_new_user%3A-29895%3BpisId%3A5000000197847450&curPageLogUid=Hs2TJF5DOsBm&utparam-url=scene%3Asearch%7Cquery_from%3A%7Cx_object_id%3A1005008104108089%7C_p_origin_prod%3A
Japanese Kawaii Mini Cake Skirts Womens Jupe Fairy Bandage Lolita High Waist Y2k Aesthetic Sweet Lace Gothic JK Faldas Skirt,$23.82 ,"https://ae-pic-a1.aliexpress-media.com/kf/S48ebf5464adf49768e18dbed094bf6cc3.jpg_220x220q75.jpg_.avif,https://ae-pic-a1.aliexpress-media.com/kf/Sf52423a45d4a4c87aaacf89069e03541A.jpg?has_lang=1&ver=2_220x220q75.jpg_.avif,https://ae-pic-a1.aliexpress-media.com/kf/S778ef29b665d4a07b7f5aadfbc031bdcw.jpg_220x220q75.jpg_.avif,https://ae-pic-a1.aliexpress-media.com/kf/S635c7e5eb06c48f89793cabb46464cbad.jpg_220x220q75.jpg_.avif,https://ae-pic-a1.aliexpress-media.com/kf/Sfc50e20343834b8b8e2dcf936731866aO.jpg_220x220q75.jpg_.avif","['High-concerned chemical', 'None', 'Release Date', 'Summer 2024', 'Craft of Weaving', 'Non-Woven', 'Season', 'Summer', 'Fabric Type', 'Broadcloth', 'Age', 'Junior']",https://www.aliexpress.us/item/3256806707175045.html?algo_pvid=97bd464f-6ac0-4ae1-a976-9be85e397b59&algo_exp_id=97bd464f-6ac0-4ae1-a976-9be85e397b59-22&pdp_ext_f=%7B%22order%22%3A%22653%22%2C%22eval%22%3A%221%22%2C%22fromPage%22%3A%22search%22%7D&pdp_npi=6%40dis%21USD%2138.42%2123.82%21%21%2138.42%2123.82%21%402103849717729911070312868ebce7%2112000038640130284%21sea%21US%210%21ABX%211%210%21n_tag%3A-29910%3Bd%3Ad1df2f05%3Bm03_new_user%3A-29895&curPageLogUid=TkmKttY93Jq7&utparam-url=scene%3Asearch%7Cquery_from%3A%7Cx_object_id%3A1005006893489797%7C_p_origin_prod%3A
Tornova Black Mesh Skirts For Women Double-layer Design Sexy Perspective High Waist Slit Hip Skirt Female Thin Loose New Summer,$9.68 ,"https://ae-pic-a1.aliexpress-media.com/kf/S4d4d44108e954903a1f2774bf112e150E.jpg_220x220q75.jpg_.avif,https://ae-pic-a1.aliexpress-media.com/kf/S4d4d44108e954903a1f2774bf112e150E.jpg_220x220q75.jpg_.avif,https://ae-pic-a1.aliexpress-media.com/kf/S11cef30b5ac64c5eb537afe87dc652af8.jpg_220x220q75.jpg_.avif,https://ae-pic-a1.aliexpress-media.com/kf/S33751615cf3741d3b580ab2f50871044J.jpg_220x220q75.jpg_.avif,https://ae-pic-a1.aliexpress-media.com/kf/S22a9f21b2cd4456a8d8aa4b2719f8fc04.jpg_220x220q75.jpg_.avif","['High-concerned chemical', 'None', 'Release Date', 'Spring 2025', 'Craft of Weaving', 'Tatting', 'Season', 'Spring/Summer', 'is_customized', 'No', 'Fabric Type', 'Broadcloth']",https://www.aliexpress.us/item/3256808419545459.html?algo_pvid=97bd464f-6ac0-4ae1-a976-9be85e397b59&algo_exp_id=97bd464f-6ac0-4ae1-a976-9be85e397b59-23&pdp_ext_f=%7B%22order%22%3A%22652%22%2C%22eval%22%3A%221%22%2C%22fromPage%22%3A%22search%22%7D&pdp_npi=6%40dis%21USD%2116.14%219.68%21%21%21110.93%2166.56%21%402103849717729911070312868ebce7%2112000045921996206%21sea%21US%210%21ABX%211%210%21n_tag%3A-29910%3Bd%3Ad1df2f05%3Bm03_new_user%3A-29895&curPageLogUid=grQmt8y5Iq9O&utparam-url=scene%3Asearch%7Cquery_from%3A%7Cx_object_id%3A1005008605860211%7C_p_origin_prod%3A
Summer Casual Retro Irregular Women Skirt Bow-knot Elastic Waist Shirt Style Blue White Lattice Mini A-line Shortskirt Female,$2.07 ,"https://ae-pic-a1.aliexpress-media.com/kf/Sc2188b5ab97745809bc667bd16004036J.jpg_220x220q75.jpg_.avif,https://ae-pic-a1.aliexpress-media.com/kf/Sb02e89a3044e4d859a0c4a5205b5962cC.jpg_220x220q75.jpg_.avif,https://ae-pic-a1.aliexpress-media.com/kf/S40a52311371c4eba8819d98ba2cacca70.jpg_220x220q75.jpg_.avif,https://ae-pic-a1.aliexpress-media.com/kf/Sd1dac7e2aef34ce6b872284a015ff88dt.jpg_220x220q75.jpg_.avif,https://ae-pic-a1.aliexpress-media.com/kf/Sf1678c47a56143c39790405146fc49a8t.jpg_220x220q75.jpg_.avif","['Occasion', 'Office', 'Festival', 'Back to school season', 'High-concerned chemical', 'None', 'Release Date', 'Summer 2025', 'Craft of Weaving', 'Knit', 'Season', 'Spring/Summer']",https://www.aliexpress.us/item/3256803783730248.html?algo_pvid=97bd464f-6ac0-4ae1-a976-9be85e397b59&algo_exp_id=97bd464f-6ac0-4ae1-a976-9be85e397b59-24&pdp_ext_f=%7B%22order%22%3A%22646%22%2C%22spu_best_type%22%3A%22price%22%2C%22eval%22%3A%221%22%2C%22fromPage%22%3A%22search%22%7D&pdp_npi=6%40dis%21USD%2112.43%215.07%21%21%2112.43%215.07%21%402103849717729911070312868ebce7%2112000027598118538%21sea%21US%210%21ABX%211%210%21n_tag%3A-29910%3Bd%3Ad1df2f05%3Bm03_new_user%3A-29895%3BpisId%3A5000000197847475&curPageLogUid=59TFSm6rW4IL&utparam-url=scene%3Asearch%7Cquery_from%3A%7Cx_object_id%3A1005003970045000%7C_p_origin_prod%3A
Women Summer Sexy Shorts Skirts Summer Korean Low Waist Office Ladies Mini Skirts Fashion Casual Solid A Line Skirts New,$0.99 ,"https://ae-pic-a1.aliexpress-media.com/kf/Sbb8438efc83543a8abd4c27aa647a4f32.jpg_220x220q75.jpg_.avif,https://ae-pic-a1.aliexpress-media.com/kf/Sbc96036b39e94bf5acbdb2293d9dd353S.jpg_220x220q75.jpg_.avif,https://ae-pic-a1.aliexpress-media.com/kf/S3aeff23f4632445ea6cb90a5dc1d08a3V.jpg_220x220q75.jpg_.avif,https://ae-pic-a1.aliexpress-media.com/kf/Se2d3ac52d73249bf8e24b4803b3176d9p.jpg_220x220q75.jpg_.avif,https://ae-pic-a1.aliexpress-media.com/kf/S499ab54e6c5840c38931d737e5cebc69P.jpg_220x220q75.jpg_.avif","['High-concerned chemical', 'None', 'Release Date', 'Summer 2024', 'Craft of Weaving', 'Knit', 'Season', 'Summer', 'is_customized', 'No', 'Fabric Type', 'Broadcloth']",https://www.aliexpress.us/item/3256807408979040.html?algo_pvid=97bd464f-6ac0-4ae1-a976-9be85e397b59&algo_exp_id=97bd464f-6ac0-4ae1-a976-9be85e397b59-25&pdp_ext_f=%7B%22order%22%3A%22644%22%2C%22eval%22%3A%221%22%2C%22fromPage%22%3A%22search%22%7D&pdp_npi=6%40dis%21USD%215.76%210.99%21%21%215.76%210.99%21%402103849717729911070312868ebce7%2112000044173483724%21sea%21US%210%21ABX%211%210%21n_tag%3A-29910%3Bd%3Ad1df2f05%3Bm03_new_user%3A-29895%3BpisId%3A5000000197847475&curPageLogUid=4l2HxkVVW5fl&utparam-url=scene%3Asearch%7Cquery_from%3A%7Cx_object_id%3A1005007595293792%7C_p_origin_prod%3A
Korean Women Lace Layered Gauze Skirt With Tie Up Y2k Streetwear Apron Wrap Skirt Lace Up Matching Pants Girl Stacked Wrap Skirt,$2.20 ,"https://ae-pic-a1.aliexpress-media.com/kf/Se7377c2dada342689a8e4f56f4b00e90y.jpg_220x220q75.jpg_.avif,https://ae-pic-a1.aliexpress-media.com/kf/Sdf789e28c7c54498b7bd0451969da556d.jpg_220x220q75.jpg_.avif,https://ae-pic-a1.aliexpress-media.com/kf/Sf33fc45543e34c2eb085b0398a54ec2dJ.jpg_220x220q75.jpg_.avif,https://ae-pic-a1.aliexpress-media.com/kf/Sb7b050a44ee14ead8527e4181028dda04.jpg_220x220q75.jpg_.avif,https://ae-pic-a1.aliexpress-media.com/kf/Sed878a5fc4f04091bc782134db301315B.jpg_220x220q75.jpg_.avif","['High-concerned chemical', 'None', 'Craft of Weaving', 'Tatting', 'Season', 'All Season', 'is_customized', 'No', 'Fabric Type', 'Mesh', 'Age', 'Middle Age']",https://www.aliexpress.us/item/3256808406039493.html?algo_pvid=97bd464f-6ac0-4ae1-a976-9be85e397b59&algo_exp_id=97bd464f-6ac0-4ae1-a976-9be85e397b59-26&pdp_ext_f=%7B%22order%22%3A%22642%22%2C%22spu_best_type%22%3A%22price%22%2C%22eval%22%3A%221%22%2C%22fromPage%22%3A%22search%22%7D&pdp_npi=6%40dis%21USD%214.90%212.20%21%21%214.90%212.20%21%402103849717729911070312868ebce7%2112000045865548431%21sea%21US%210%21ABX%211%210%21n_tag%3A-29910%3Bd%3Ad1df2f05%3Bm03_new_user%3A-29895&curPageLogUid=AzBMQmxEdbQJ&utparam-url=scene%3Asearch%7Cquery_from%3A%7Cx_object_id%3A1005008592354245%7C_p_origin_prod%3A
TARUXY Fashion Snake Pattern Straight Skirt For women High Waist Slim Long Skirt Ins Hot Streetwear Female Skirt Summer New 2025,$8.61 ,"https://ae-pic-a1.aliexpress-media.com/kf/S157e7d4ad1904e07aaf7565c530d3086M.jpg_220x220q75.jpg_.avif,https://ae-pic-a1.aliexpress-media.com/kf/S157e7d4ad1904e07aaf7565c530d3086M.jpg_220x220q75.jpg_.avif,https://ae-pic-a1.aliexpress-media.com/kf/S98e60fe5cf8b4427966407bbb7967949C.jpg_220x220q75.jpg_.avif,https://ae-pic-a1.aliexpress-media.com/kf/S0ab2a343300443d980379bdade26d823A.jpg?has_lang=1&ver=1_220x220q75.jpg_.avif,https://ae-pic-a1.aliexpress-media.com/kf/S7cbc4799aeee4e99b17b99ddfbad2877S.jpg_220x220q75.jpg_.avif","['High-concerned chemical', 'None', 'Release Date', 'Summer 2025', 'Craft of Weaving', 'Tatting', 'Season', 'Spring/Summer', 'is_customized', 'No', 'Fabric Type', 'Broadcloth']",https://www.aliexpress.us/item/3256808696050202.html?algo_pvid=97bd464f-6ac0-4ae1-a976-9be85e397b59&algo_exp_id=97bd464f-6ac0-4ae1-a976-9be85e397b59-27&pdp_ext_f=%7B%22order%22%3A%22634%22%2C%22eval%22%3A%221%22%2C%22fromPage%22%3A%22search%22%7D&pdp_npi=6%40dis%21USD%2114.35%218.61%21%21%2114.35%218.61%21%402103849717729911070312868ebce7%2112000047074010065%21sea%21US%210%21ABX%211%210%21n_tag%3A-29910%3Bd%3Ad1df2f05%3Bm03_new_user%3A-29895&curPageLogUid=k776ayx3aPJ6&utparam-url=scene%3Asearch%7Cquery_from%3A%7Cx_object_id%3A1005008882364954%7C_p_origin_prod%3A
Vintage Korean Style Patchwork Skirt Harajuku JK Black Pleated Skirts Gothic Streetwear High Waist Mini Skirt Women Punk Skirt,$2.41 ,"https://ae-pic-a1.aliexpress-media.com/kf/H38fc9c9f1b70472f85178ecb6e1ee0e8J.jpg_220x220q75.jpg_.avif,https://ae-pic-a1.aliexpress-media.com/kf/H64beb639dab54fa790f301f86731fcf6E.jpg_220x220q75.jpg_.avif,https://ae-pic-a1.aliexpress-media.com/kf/H19946fceff564f49aeea6eef7865c598w.jpg_220x220q75.jpg_.avif,https://ae-pic-a1.aliexpress-media.com/kf/H6eb5b6219c904f0aa5d064e013b2b0f6Y.jpg?has_lang=1&ver=2_220x220q75.jpg_.avif,https://ae-pic-a1.aliexpress-media.com/kf/H1d819a146e8b4b60b0fb575fb24a13e84.jpg?has_lang=1&ver=2_220x220q75.jpg_.avif","['Season', 'Spring', 'Fabric Type', 'Blended', 'Age', '18-24 Years', 'Waistline', 'empire', 'Dresses Length', 'Above Knee , Mini', 'Decoration', 'None']",https://www.aliexpress.us/item/3256801672529010.html?algo_pvid=97bd464f-6ac0-4ae1-a976-9be85e397b59&algo_exp_id=97bd464f-6ac0-4ae1-a976-9be85e397b59-28&pdp_ext_f=%7B%22order%22%3A%22632%22%2C%22eval%22%3A%221%22%2C%22fromPage%22%3A%22search%22%7D&pdp_npi=6%40dis%21USD%2110.21%212.41%21%21%2110.21%212.41%21%402103849717729911070312868ebce7%2112000017882874695%21sea%21US%210%21ABX%211%210%21n_tag%3A-29910%3Bd%3Ad1df2f05%3Bm03_new_user%3A-29895%3BpisId%3A5000000201000927&curPageLogUid=kQzNWuncD9hU&utparam-url=scene%3Asearch%7Cquery_from%3A%7Cx_object_id%3A1005001858843762%7C_p_origin_prod%3A
Japanese Lolita Lace Layered Skirt Women Anime High Waist Maid Style Sweet Ruffle Cake Skirt Kawaii Harajuku A-Line Mini Skirt,$14.90 ,"https://ae-pic-a1.aliexpress-media.com/kf/S09bc3a4c4e7a4a8eaa0acc16c4e4100fR.jpg?has_lang=1&ver=2_220x220q75.jpg_.avif,https://ae-pic-a1.aliexpress-media.com/kf/S6512c9b3e3f442bbaf9a40e9593ad19fg.jpg_220x220q75.jpg_.avif,https://ae-pic-a1.aliexpress-media.com/kf/S6e904d8089ee44dcbc091ed404c8e598B.jpg?has_lang=1&ver=2_220x220q75.jpg_.avif,https://ae-pic-a1.aliexpress-media.com/kf/S26b6fe055e834b58a456123f61159368s.jpg_220x220q75.jpg_.avif,https://ae-pic-a1.aliexpress-media.com/kf/S63157d68c6b7498b8043600c0ea33f1aR.jpg_220x220q75.jpg_.avif","['High-concerned chemical', 'None', 'Release Date', 'Summer 2025', 'Craft of Weaving', 'Tatting', 'Season', 'Summer', 'is_customized', 'No', 'Fabric Type', 'Blended']",https://www.aliexpress.us/item/3256809155734744.html?algo_pvid=97bd464f-6ac0-4ae1-a976-9be85e397b59&algo_exp_id=97bd464f-6ac0-4ae1-a976-9be85e397b59-29&pdp_ext_f=%7B%22order%22%3A%22630%22%2C%22spu_best_type%22%3A%22price%22%2C%22eval%22%3A%221%22%2C%22fromPage%22%3A%22search%22%7D&pdp_npi=6%40dis%21USD%2123.28%2114.90%21%21%21159.97%21102.38%21%402103849717729911070312868ebce7%2112000048812468539%21sea%21US%210%21ABX%211%210%21n_tag%3A-29910%3Bd%3Ad1df2f05%3Bm03_new_user%3A-29895&curPageLogUid=kmUT5V8b1vSV&utparam-url=scene%3Asearch%7Cquery_from%3A%7Cx_object_id%3A1005009342049496%7C_p_origin_prod%3A
YENKYE 2025 Women Vintage Black White Polka Dot A-line Knee Length Skirt Sexy Low Waist Holiday Summer Skirts,$16.46 ,"https://ae-pic-a1.aliexpress-media.com/kf/Sfd28686442e34588bc0f21a2e550e204S.jpg_220x220q75.jpg_.avif,https://ae-pic-a1.aliexpress-media.com/kf/Sf08ad9afd93e495f9843f7d4c12524783.jpg_220x220q75.jpg_.avif,https://ae-pic-a1.aliexpress-media.com/kf/S16a0397912854382b87bdd9755f1d4c9o.jpg_220x220q75.jpg_.avif,https://ae-pic-a1.aliexpress-media.com/kf/S1ab7d9f9cf744ab4a00e122dabfa232a3.jpg_220x220q75.jpg_.avif,https://ae-pic-a1.aliexpress-media.com/kf/S8f5089d98af24f1795fabc185824af36S.jpg_220x220q75.jpg_.avif","['High-concerned chemical', 'None', 'Release Date', 'Winter 2024', 'Craft of Weaving', 'Tatting', 'Season', 'Summer', 'is_customized', 'No', 'Fabric Type', 'Broadcloth']",https://www.aliexpress.us/item/3256808202702902.html?algo_pvid=97bd464f-6ac0-4ae1-a976-9be85e397b59&algo_exp_id=97bd464f-6ac0-4ae1-a976-9be85e397b59-30&pdp_ext_f=%7B%22order%22%3A%22628%22%2C%22eval%22%3A%221%22%2C%22fromPage%22%3A%22search%22%7D&pdp_npi=6%40dis%21USD%2125.32%2116.46%21%21%2125.32%2116.46%21%402103849717729911070312868ebce7%2112000044819866711%21sea%21US%210%21ABX%211%210%21n_tag%3A-29910%3Bd%3Ad1df2f05%3Bm03_new_user%3A-29895&curPageLogUid=Bl65X9vTRp3g&utparam-url=scene%3Asearch%7Cquery_from%3A%7Cx_object_id%3A1005008389017654%7C_p_origin_prod%3A
Solid Harajuku White Beige Mesh Lace Skirt Y2k Korean Girl Stacked Skirt Chic Apron Wrap Skirt Lace Up Matching Pants Streetwear,$0.99 ,"https://ae-pic-a1.aliexpress-media.com/kf/S098772efff604f489ef526b31e08e744k.jpg_220x220q75.jpg_.avif,https://ae-pic-a1.aliexpress-media.com/kf/S4ef50d7e8d1e4db58d9213438d3308b4C.jpg_220x220q75.jpg_.avif,https://ae-pic-a1.aliexpress-media.com/kf/S5af90bb6877c463a8391c7dd09fb3b9fa.jpg_220x220q75.jpg_.avif,https://ae-pic-a1.aliexpress-media.com/kf/Sd99c2ea91d724d26adad7121d2f91c075.jpg_220x220q75.jpg_.avif,https://ae-pic-a1.aliexpress-media.com/kf/S79390963da3a449f9ad14fdda06bd1e7H.jpg_220x220q75.jpg_.avif","['High-concerned chemical', 'None', 'Craft of Weaving', 'Tatting', 'Season', 'All Season', 'Fabric Type', 'Mesh', 'Age', 'Middle Age', 'Place Of Origin', 'China (mainland)']",https://www.aliexpress.us/item/3256808341068688.html?algo_pvid=97bd464f-6ac0-4ae1-a976-9be85e397b59&algo_exp_id=97bd464f-6ac0-4ae1-a976-9be85e397b59-34&pdp_ext_f=%7B%22order%22%3A%22624%22%2C%22spu_best_type%22%3A%22price%22%2C%22eval%22%3A%221%22%2C%22fromPage%22%3A%22search%22%7D&pdp_npi=6%40dis%21USD%214.26%210.99%21%21%214.26%210.99%21%402103849717729911070312868ebce7%2112000045989092529%21sea%21US%210%21ABX%211%210%21n_tag%3A-29910%3Bd%3Ad1df2f05%3Bm03_new_user%3A-29895%3BpisId%3A5000000197847475&curPageLogUid=fvddYUJ0Ov1S&utparam-url=scene%3Asearch%7Cquery_from%3A%7Cx_object_id%3A1005008527383440%7C_p_origin_prod%3A
Y2K Adjustable Waist Mini Skirt Harajuku Hot Girl Solid Color Retro Gray Denim Skirt Women Gothic Slim Hip Low Waist Short Skirt,$29.32 ,"https://ae-pic-a1.aliexpress-media.com/kf/S53a9cae2842a493aa2c55439104f232cn.jpg?has_lang=1&ver=2_220x220q75.jpg_.avif,https://ae-pic-a1.aliexpress-media.com/kf/Sbda1e717c4ed46c58d3885fc053c21e8i.jpg_220x220q75.jpg_.avif,https://ae-pic-a1.aliexpress-media.com/kf/Sbd21d7c36b4844c7a8af1820481837e37.jpg_220x220q75.jpg_.avif,https://ae-pic-a1.aliexpress-media.com/kf/S53a9cae2842a493aa2c55439104f232cn.jpg_220x220q75.jpg_.avif,https://ae-pic-a1.aliexpress-media.com/kf/Sbd21d7c36b4844c7a8af1820481837e37.jpg_220x220q75.jpg_.avif","['High-concerned chemical', 'None', 'Craft of Weaving', 'Knit', 'Season', 'All Season', 'is_customized', 'No', 'Fabric Type', 'Denim', 'Age', 'Junior']",https://www.aliexpress.us/item/3256808629286432.html?algo_pvid=97bd464f-6ac0-4ae1-a976-9be85e397b59&algo_exp_id=97bd464f-6ac0-4ae1-a976-9be85e397b59-35&pdp_ext_f=%7B%22order%22%3A%22620%22%2C%22spu_best_type%22%3A%22price%22%2C%22eval%22%3A%221%22%2C%22fromPage%22%3A%22search%22%7D&pdp_npi=6%40dis%21USD%2158.64%2129.32%21%21%21403.04%21201.52%21%402103849717729911070312868ebce7%2112000046789571565%21sea%21US%210%21ABX%211%210%21n_tag%3A-29910%3Bd%3Ad1df2f05%3Bm03_new_user%3A-29895&curPageLogUid=fNKZY8LjBMmm&utparam-url=scene%3Asearch%7Cquery_from%3A%7Cx_object_id%3A1005008815601184%7C_p_origin_prod%3A
Nibber Tassels Women Skirts Irregular Hem Multi-Layered Ruffles Lace Patchwork Sweet Summer Trend Daily Skinny Versatile Bottoms,$9.09 ,"https://ae-pic-a1.aliexpress-media.com/kf/S9b35a2320b7348979f7095683d46eebfa.jpg_220x220q75.jpg_.avif,https://ae-pic-a1.aliexpress-media.com/kf/S05d1d3ef21a44bff91b621cb6b55f186R.jpg_220x220q75.jpg_.avif,https://ae-pic-a1.aliexpress-media.com/kf/S23df5a0517c3472e84b126833f867c3a3.jpg_220x220q75.jpg_.avif,https://ae-pic-a1.aliexpress-media.com/kf/S1590eaa328994a219b4562421e0b4121h.jpg_220x220q75.jpg_.avif,https://ae-pic-a1.aliexpress-media.com/kf/S5f5a3c29f3fb47bfa8eee8869fa6ce98T.jpg_220x220q75.jpg_.avif","['High-concerned chemical', 'None', 'Release Date', 'Summer 2025', 'Craft of Weaving', 'Tatting', 'Season', 'Summer', 'is_customized', 'Yes', 'Fabric Type', 'Woven']",https://www.aliexpress.us/item/3256808504853123.html?algo_pvid=97bd464f-6ac0-4ae1-a976-9be85e397b59&algo_exp_id=97bd464f-6ac0-4ae1-a976-9be85e397b59-37&pdp_ext_f=%7B%22order%22%3A%22618%22%2C%22eval%22%3A%221%22%2C%22fromPage%22%3A%22search%22%7D&pdp_npi=6%40dis%21USD%2140.63%219.09%21%21%21279.27%2162.53%21%402103849717729911070312868ebce7%2112000046340756755%21sea%21US%210%21ABX%211%210%21n_tag%3A-29910%3Bd%3Ad1df2f05%3Bm03_new_user%3A-29895%3BpisId%3A5000000197847450&curPageLogUid=EIRm9JZiazI5&utparam-url=scene%3Asearch%7Cquery_from%3A%7Cx_object_id%3A1005008691167875%7C_p_origin_prod%3A
MUJER Satin Long Skirts for Women Draped High Waist Midi Skirt Woman Summer Straight Women's Skirt Holiday Beach Women Skirt,$11.07 ,"https://ae-pic-a1.aliexpress-media.com/kf/S28b4b809985c43c88875e549fce0538cn.jpg?has_lang=1&ver=2_220x220q75.jpg_.avif,https://ae-pic-a1.aliexpress-media.com/kf/Sf130a70725f34de6a2f63c45bf3de472H.jpg_220x220q75.jpg_.avif,https://ae-pic-a1.aliexpress-media.com/kf/Sc32666a325bd4a1a84dcb8a1ab84abf1b.jpg_220x220q75.jpg_.avif,https://ae-pic-a1.aliexpress-media.com/kf/S94287983f342461b8b416dc449907c253.jpg_220x220q75.jpg_.avif,https://ae-pic-a1.aliexpress-media.com/kf/S9328f00329d1472fa6edf4f47ff601fbx.jpg_220x220q75.jpg_.avif","['High-concerned chemical', 'None', 'Release Date', 'Summer 2025', 'Craft of Weaving', 'Tatting', 'Season', 'Summer', 'is_customized', 'No', 'Fabric Type', 'Satin']",https://www.aliexpress.us/item/3256807336784151.html?algo_pvid=97bd464f-6ac0-4ae1-a976-9be85e397b59&algo_exp_id=97bd464f-6ac0-4ae1-a976-9be85e397b59-38&pdp_ext_f=%7B%22order%22%3A%22613%22%2C%22eval%22%3A%221%22%2C%22fromPage%22%3A%22search%22%7D&pdp_npi=6%40dis%21USD%2125.79%2112.12%21%21%21177.23%2183.30%21%402103849717729911070312868ebce7%2112000041136032495%21sea%21US%210%21ABX%211%210%21n_tag%3A-29910%3Bd%3Ad1df2f05%3Bm03_new_user%3A-29895&curPageLogUid=SgAnNPbjZvGb&utparam-url=scene%3Asearch%7Cquery_from%3A%7Cx_object_id%3A1005007523098903%7C_p_origin_prod%3A
Women Fashion With Sequined Solid Side Zipper Mini Skirt Vintage High Waist Female Chic Lady Skirts,$4.69 ,"https://ae-pic-a1.aliexpress-media.com/kf/Se464028b71c9476bbc959e56ca78a38d2.jpg_220x220q75.jpg_.avif,https://ae-pic-a1.aliexpress-media.com/kf/S88f8eade2a5e4c558f1690ba2dc3cc16K.jpg_220x220q75.jpg_.avif,https://ae-pic-a1.aliexpress-media.com/kf/S5ab3fb2af996474c80496376dba8c104V.jpg_220x220q75.jpg_.avif,https://ae-pic-a1.aliexpress-media.com/kf/Sdfc384c6d62b441eb69490df94795b701.jpg_220x220q75.jpg_.avif,https://ae-pic-a1.aliexpress-media.com/kf/Sa7083a619027474b84b09a618bb75590A.jpg_220x220q75.jpg_.avif","['Occasion', 'Night Out', 'Festival', 'Back to school season', 'High-concerned chemical', 'None', 'Release Date', 'Summer 2024', 'Craft of Weaving', 'Knit', 'Season', 'All Season']",https://www.aliexpress.us/item/3256808118723400.html?algo_pvid=97bd464f-6ac0-4ae1-a976-9be85e397b59&algo_exp_id=97bd464f-6ac0-4ae1-a976-9be85e397b59-39&pdp_ext_f=%7B%22order%22%3A%22612%22%2C%22eval%22%3A%221%22%2C%22fromPage%22%3A%22search%22%7D&pdp_npi=6%40dis%21USD%2125.80%217.19%21%21%2125.80%217.19%21%402103849717729911070312868ebce7%2112000044557143114%21sea%21US%210%21ABX%211%210%21n_tag%3A-29910%3Bd%3Ad1df2f05%3Bm03_new_user%3A-29895%3BpisId%3A5000000197847475&curPageLogUid=DKyeSgynfSZZ&utparam-url=scene%3Asearch%7Cquery_from%3A%7Cx_object_id%3A1005008305038152%7C_p_origin_prod%3A
FREEAUCE High Waist Pencil Mini Skirts Bodycon Tight Night Club Party Package Wrap Short Skirt Sexy Casual Black White for Women,$0.99 ,"https://ae-pic-a1.aliexpress-media.com/kf/S78d87c90d1014f388ab73055e94ae78cD.jpg_220x220q75.jpg_.avif,https://ae-pic-a1.aliexpress-media.com/kf/S78d87c90d1014f388ab73055e94ae78cD.jpg_220x220q75.jpg_.avif,https://ae-pic-a1.aliexpress-media.com/kf/Sd9dca5aeb1a24d0fa203f5e2b670983aa.jpg_220x220q75.jpg_.avif,https://ae-pic-a1.aliexpress-media.com/kf/S306e9c2328444c2ca9ccf4a851ff114dI.jpg_220x220q75.jpg_.avif,https://ae-pic-a1.aliexpress-media.com/kf/S10beb2d261734a4e8529bfa6f1f97620A.jpg_220x220q75.jpg_.avif","['High-concerned chemical', 'None', 'Release Date', 'Winter 2025', 'Craft of Weaving', 'Knit', 'Season', 'All Season', 'is_customized', 'No', 'Fabric Type', 'Woven']",https://www.aliexpress.us/item/3256806665000310.html?algo_pvid=97bd464f-6ac0-4ae1-a976-9be85e397b59&algo_exp_id=97bd464f-6ac0-4ae1-a976-9be85e397b59-40&pdp_ext_f=%7B%22order%22%3A%22612%22%2C%22spu_best_type%22%3A%22price%22%2C%22eval%22%3A%221%22%2C%22fromPage%22%3A%22search%22%7D&pdp_npi=6%40dis%21USD%214.14%210.99%21%21%2128.48%216.80%21%402103849717729911070312868ebce7%2112000038513845084%21sea%21US%210%21ABX%211%210%21n_tag%3A-29910%3Bd%3Ad1df2f05%3Bm03_new_user%3A-29895%3BpisId%3A5000000197847475&curPageLogUid=7viXmBtUwivA&utparam-url=scene%3Asearch%7Cquery_from%3A%7Cx_object_id%3A1005006851315062%7C_p_origin_prod%3A
Adult Female Tutu Skirt 5 Layered Tutu Mini Ball Gown Skirt Women Lady's Tulle Princess Party Skirts Sexy Club Short Pettiskirt,$0.99 ,"https://ae-pic-a1.aliexpress-media.com/kf/S0c05e003e31444b8a16123789f6e8c8fT.jpg_220x220q75.jpg_.avif,https://ae-pic-a1.aliexpress-media.com/kf/S6a68ef1eba6a4b708c492de501984871K.jpg_220x220q75.jpg_.avif,https://ae-pic-a1.aliexpress-media.com/kf/S1feed8e07dab44db9e2c59ccb25b329eH.jpg_220x220q75.jpg_.avif,https://ae-pic-a1.aliexpress-media.com/kf/S9b309fd458e344d899d007b796c81e63y.jpg_220x220q75.jpg_.avif,https://ae-pic-a1.aliexpress-media.com/kf/Sae58b203045841e0aca0d8294da01e43f.jpg_220x220q75.jpg_.avif","['High-concerned chemical', 'None', 'Release Date', 'Summer 2024', 'Craft of Weaving', 'Knit', 'Season', 'Spring/Summer', 'Fabric Type', 'Mesh', 'Age', 'Middle Age']",https://www.aliexpress.us/item/3256806987741324.html?algo_pvid=97bd464f-6ac0-4ae1-a976-9be85e397b59&algo_exp_id=97bd464f-6ac0-4ae1-a976-9be85e397b59-41&pdp_ext_f=%7B%22order%22%3A%22610%22%2C%22eval%22%3A%221%22%2C%22fromPage%22%3A%22search%22%7D&pdp_npi=6%40dis%21USD%219.24%210.99%21%21%2163.49%216.76%21%402103849717729911070312868ebce7%2112000039700600723%21sea%21US%210%21ABX%211%210%21n_tag%3A-29910%3Bd%3Ad1df2f05%3Bm03_new_user%3A-29895%3BpisId%3A5000000198352206&curPageLogUid=yoO5xb1QKOcV&utparam-url=scene%3Asearch%7Cquery_from%3A%7Cx_object_id%3A1005007174056076%7C_p_origin_prod%3A
"2026 Summer Plus Size Solid Slim Skirt, Casual High Waist Slit Skirt, Women's Plus SizeClothing",$7.58 ,"https://ae-pic-a1.aliexpress-media.com/kf/S01fb9724c4f94ad5a285a392f57120beX.jpg_220x220q75.jpg_.avif,https://ae-pic-a1.aliexpress-media.com/kf/S4edd40aa1ed4408299945591867745ecc.jpg_220x220q75.jpg_.avif,https://ae-pic-a1.aliexpress-media.com/kf/Sbaf77689f8224567b0585265a7f1ee91v.jpg_220x220q75.jpg_.avif,https://ae-pic-a1.aliexpress-media.com/kf/S420489bd527c496aad0460e483378031w.jpg_220x220q75.jpg_.avif,https://ae-pic-a1.aliexpress-media.com/kf/Sdea83e2815804f52a8f2b5ebb1bad03bu.jpg_220x220q75.jpg_.avif","['High-concerned chemical', 'None', 'Release Date', 'Spring 2026', 'Craft of Weaving', 'Knit', 'Season', 'Spring/Summer', 'is_customized', 'No', 'Fabric Type', 'Broadcloth']",https://www.aliexpress.us/item/3256808473922847.html?algo_pvid=97bd464f-6ac0-4ae1-a976-9be85e397b59&algo_exp_id=97bd464f-6ac0-4ae1-a976-9be85e397b59-42&pdp_ext_f=%7B%22order%22%3A%22604%22%2C%22eval%22%3A%221%22%2C%22orig_sl_item_id%22%3A%221005008660237599%22%2C%22orig_item_id%22%3A%221005006879424764%22%2C%22fromPage%22%3A%22search%22%7D&pdp_npi=6%40dis%21USD%2115.15%217.58%21%21%21104.12%2152.06%21%402103849717729911070312868ebce7%2112000046135965774%21sea%21US%210%21ABX%211%210%21n_tag%3A-29910%3Bd%3Ad1df2f05%3Bm03_new_user%3A-29895&curPageLogUid=vHECbKhmQ2ne&utparam-url=scene%3Asearch%7Cquery_from%3A%7Cx_object_id%3A1005008660237599%7C_p_origin_prod%3A1005006879424764
Summer Beach Floral Skirt for Women Cotton High Waist Wrap Maxi Skirt Long with Side Slit & Tie Detail Boho Style Design,$0.99 ,"https://ae-pic-a1.aliexpress-media.com/kf/S29b1f9af1ae44f8db527bccb7372dc02o.jpg_220x220q75.jpg_.avif,https://ae-pic-a1.aliexpress-media.com/kf/S29b1f9af1ae44f8db527bccb7372dc02o.jpg_220x220q75.jpg_.avif,https://ae-pic-a1.aliexpress-media.com/kf/S4f97a1a9de5a48dcae61e129a135fb94R.jpg_220x220q75.jpg_.avif,https://ae-pic-a1.aliexpress-media.com/kf/Sa27a89c09b0f4a008fa5d882e7bcd734e.jpg_220x220q75.jpg_.avif,https://ae-pic-a1.aliexpress-media.com/kf/Sb4a0d834a41f405c9e5ed857aa26b622i.jpg_220x220q75.jpg_.avif","['High-concerned chemical', 'None', 'Release Date', 'Summer 2025', 'Craft of Weaving', 'Tatting', 'Season', 'Spring/Summer', 'is_customized', 'No', 'Fabric Type', 'Broadcloth']",https://www.aliexpress.us/item/3256808369978690.html?algo_pvid=97bd464f-6ac0-4ae1-a976-9be85e397b59&algo_exp_id=97bd464f-6ac0-4ae1-a976-9be85e397b59-43&pdp_ext_f=%7B%22order%22%3A%22604%22%2C%22eval%22%3A%221%22%2C%22fromPage%22%3A%22search%22%7D&pdp_npi=6%40dis%21USD%217.36%210.99%21%21%2150.59%216.81%21%402103849717729911070312868ebce7%2112000045696054169%21sea%21US%210%21ABX%211%210%21n_tag%3A-29910%3Bd%3Ad1df2f05%3Bm03_new_user%3A-29895%3BpisId%3A5000000197847458&curPageLogUid=esqIfEd6O8lq&utparam-url=scene%3Asearch%7Cquery_from%3A%7Cx_object_id%3A1005008556293442%7C_p_origin_prod%3A
Fashion Preppy Style Pleated Skirts Women 2025 Spring Summer New A Line Short Dress Sweet Girl High Waist Petchwork Skirt Street,$0.99 ,"https://ae-pic-a1.aliexpress-media.com/kf/Sf247a03b2b4144ca8cbd1486669d924cA.jpg_220x220q75.jpg_.avif,https://ae-pic-a1.aliexpress-media.com/kf/S4bb6967580df4b09a56781f25355d370x.png_220x220.png_.avif,https://ae-pic-a1.aliexpress-media.com/kf/S03e86237d87f4740a763ce09485c02a4l.jpg?has_lang=1&ver=1_220x220q75.jpg_.avif,https://ae-pic-a1.aliexpress-media.com/kf/S3a99762bba3740cfbac1934f388474eav.jpg_220x220q75.jpg_.avif,https://ae-pic-a1.aliexpress-media.com/kf/Sc36411bbb6864c169d7419b1dc9c8494R.jpg_220x220q75.jpg_.avif","['High-concerned chemical', 'None', 'Release Date', 'Spring 2025', 'Craft of Weaving', 'Tatting', 'Season', 'Spring/Summer', 'is_customized', 'No', 'Fabric Type', 'Broadcloth']",https://www.aliexpress.us/item/3256808632216502.html?algo_pvid=97bd464f-6ac0-4ae1-a976-9be85e397b59&algo_exp_id=97bd464f-6ac0-4ae1-a976-9be85e397b59-44&pdp_ext_f=%7B%22order%22%3A%22602%22%2C%22spu_best_type%22%3A%22price%22%2C%22eval%22%3A%221%22%2C%22fromPage%22%3A%22search%22%7D&pdp_npi=6%40dis%21USD%2112.12%210.99%21%21%2183.29%216.79%21%402103849717729911070312868ebce7%2112000046802903018%21sea%21US%210%21ABX%211%210%21n_tag%3A-29910%3Bd%3Ad1df2f05%3Bm03_new_user%3A-29895%3BpisId%3A5000000197847475&curPageLogUid=Hrtyoik0AW8d&utparam-url=scene%3Asearch%7Cquery_from%3A%7Cx_object_id%3A1005008818531254%7C_p_origin_prod%3A
Harajuku 0Women Pleat Skirt 0Preppy Style Plaid 0Mini Cute Japanese School Uniforms Ladies Jupe Kawaii,$4.36 ,"https://ae-pic-a1.aliexpress-media.com/kf/S46893de65415411497090c6de7831ab6C.jpg_220x220q75.jpg_.avif,https://ae-pic-a1.aliexpress-media.com/kf/S249aa67023e94307bfa4d3ed1807512eC.jpg?has_lang=1&ver=2_220x220q75.jpg_.avif,https://ae-pic-a1.aliexpress-media.com/kf/S2418a09bc7154a3396ad156dcf28d6556.jpg_220x220q75.jpg_.avif,https://ae-pic-a1.aliexpress-media.com/kf/S4a72e275f492452f8ded43262fa5bea9z.jpg_220x220q75.jpg_.avif,https://ae-pic-a1.aliexpress-media.com/kf/S13bf748767434595ab52ccd302299bb2D.jpg_220x220q75.jpg_.avif","['High-concerned chemical', 'None', 'Season', 'All Season', 'Fabric Type', 'TWILL', 'Age', 'Junior', 'Waistline', 'empire', 'Dresses Length', 'Above Knee , Mini']",https://www.aliexpress.us/item/3256801444558302.html?algo_pvid=97bd464f-6ac0-4ae1-a976-9be85e397b59&algo_exp_id=97bd464f-6ac0-4ae1-a976-9be85e397b59-45&pdp_ext_f=%7B%22order%22%3A%22601%22%2C%22eval%22%3A%221%22%2C%22fromPage%22%3A%22search%22%7D&pdp_npi=6%40dis%21USD%2111.36%211.36%21%21%2111.36%211.36%21%402103849717729911070312868ebce7%2112000016894328200%21sea%21US%210%21ABX%211%210%21n_tag%3A-29910%3Bd%3Ad1df2f05%3Bm03_new_user%3A-29895%3BpisId%3A5000000197847450&curPageLogUid=U72pzXql4c4z&utparam-url=scene%3Asearch%7Cquery_from%3A%7Cx_object_id%3A1005001630873054%7C_p_origin_prod%3A
Womens Tennis Skirt with Pockets Crossover High Waisted Athletic Golf Skorts Running Workout Skirts 2 in 1 Fashion Streetwear,$2.90 ,"https://ae-pic-a1.aliexpress-media.com/kf/S8bdd5d40e4434591941694f22726656eL.png_220x220.png_.avif,https://ae-pic-a1.aliexpress-media.com/kf/S8bdd5d40e4434591941694f22726656eL.png_220x220.png_.avif,https://ae-pic-a1.aliexpress-media.com/kf/S92b9a161c1c54aa7bf0227f0c0311ae40.jpg_220x220q75.jpg_.avif,https://ae-pic-a1.aliexpress-media.com/kf/S40db4e09b71949c883aea624e8039d864.jpg_220x220q75.jpg_.avif,https://ae-pic-a1.aliexpress-media.com/kf/S356d9b89b0774c9484ad4b0c9b364321g.jpg_220x220q75.jpg_.avif","['High-concerned chemical', 'None', 'Craft of Weaving', 'Knit', 'Season', 'All Season', 'Fabric Type', 'Broadcloth', 'Age', 'Middle Age', 'Place Of Origin', 'China (mainland)']",https://www.aliexpress.us/item/3256808497526164.html?algo_pvid=97bd464f-6ac0-4ae1-a976-9be85e397b59&algo_exp_id=97bd464f-6ac0-4ae1-a976-9be85e397b59-46&pdp_ext_f=%7B%22order%22%3A%22600%22%2C%22spu_best_type%22%3A%22price%22%2C%22eval%22%3A%221%22%2C%22fromPage%22%3A%22search%22%7D&pdp_npi=6%40dis%21USD%2121.07%212.90%21%21%21144.80%2119.95%21%402103849717729911070312868ebce7%2112000046228770490%21sea%21US%210%21ABX%211%210%21n_tag%3A-29910%3Bd%3Ad1df2f05%3Bm03_new_user%3A-29895%3BpisId%3A5000000197847475&curPageLogUid=k8FFo3qzaJEp&utparam-url=scene%3Asearch%7Cquery_from%3A%7Cx_object_id%3A1005008683840916%7C_p_origin_prod%3A
hirigin Women Y2K Sparkly Sequin Mini Skirt Side Tie-up Low Waist Pencil Skirt Glitter Festival Rave Short Skirts Party Clubwear,$10.57 ,"https://ae-pic-a1.aliexpress-media.com/kf/Scde598e3ac3941ba9bbc360bd39fd3f6X.jpg_220x220q75.jpg_.avif,https://ae-pic-a1.aliexpress-media.com/kf/Sa4af4c323f154f0d8300f0cfc6226080i.jpg_220x220q75.jpg_.avif,https://ae-pic-a1.aliexpress-media.com/kf/Sf876c432a3a8482d95cac63fa404d505o.jpg_220x220q75.jpg_.avif,https://ae-pic-a1.aliexpress-media.com/kf/S11a1eda31eb040e28d81abf03f6c581au.jpg_220x220q75.jpg_.avif,https://ae-pic-a1.aliexpress-media.com/kf/Sf7848fd4aff64661a3b6b8d76e556c80L.jpg_220x220q75.jpg_.avif","['High-concerned chemical', 'None', 'Release Date', 'Summer 2025', 'Craft of Weaving', 'Tatting', 'Season', 'Summer', 'is_customized', 'No', 'Fabric Type', 'Broadcloth']",https://www.aliexpress.us/item/3256809067314958.html?algo_pvid=97bd464f-6ac0-4ae1-a976-9be85e397b59&algo_exp_id=97bd464f-6ac0-4ae1-a976-9be85e397b59-47&pdp_ext_f=%7B%22order%22%3A%22599%22%2C%22eval%22%3A%221%22%2C%22fromPage%22%3A%22search%22%7D&pdp_npi=6%40dis%21USD%2111.74%2110.57%21%21%2111.74%2110.57%21%402103849717729911070312868ebce7%2112000048864711378%21sea%21US%210%21ABX%211%210%21n_tag%3A-29910%3Bd%3Ad1df2f05%3Bm03_new_user%3A-29895&curPageLogUid=CWRzWpJqm5Ju&utparam-url=scene%3Asearch%7Cquery_from%3A%7Cx_object_id%3A1005009253629710%7C_p_origin_prod%3A
HXAO Women's Pleated Skirt Summer Brown Ruffle Skirt Cylinder Pleats Mid Waist Midi Skirt Fashion Elegant Women Long Skirt 2025,$7.28 ,"https://ae-pic-a1.aliexpress-media.com/kf/S47dd61ff427540d69ca7e7ae2eb25848p.jpg_220x220q75.jpg_.avif,https://ae-pic-a1.aliexpress-media.com/kf/S47dd61ff427540d69ca7e7ae2eb25848p.jpg_220x220q75.jpg_.avif,https://ae-pic-a1.aliexpress-media.com/kf/Sc37d8f5a49db4923a6a60ef536879344F.jpg_220x220q75.jpg_.avif,https://ae-pic-a1.aliexpress-media.com/kf/S967d1a4982554c879657aa42dc7e735au.jpg_220x220q75.jpg_.avif,https://ae-pic-a1.aliexpress-media.com/kf/S397566c73b574de899abc397e04fa4ceM.jpg_220x220q75.jpg_.avif","['Occasion', 'Beach', 'Festival', 'Carnivals', 'High-concerned chemical', 'None', 'Release Date', 'Winter 2024', 'Craft of Weaving', 'Tatting', 'Season', 'All Season']",https://www.aliexpress.us/item/3256808336572003.html?algo_pvid=97bd464f-6ac0-4ae1-a976-9be85e397b59&algo_exp_id=97bd464f-6ac0-4ae1-a976-9be85e397b59-49&pdp_ext_f=%7B%22order%22%3A%22598%22%2C%22eval%22%3A%221%22%2C%22fromPage%22%3A%22search%22%7D&pdp_npi=6%40dis%21USD%2135.69%217.28%21%21%21245.26%2149.98%21%402103849717729911070312868ebce7%2112000045968676473%21sea%21US%210%21ABX%211%210%21n_tag%3A-29910%3Bd%3Ad1df2f05%3Bm03_new_user%3A-29895%3BpisId%3A5000000197847458&curPageLogUid=fYdlTHauPsEe&utparam-url=scene%3Asearch%7Cquery_from%3A%7Cx_object_id%3A1005008522886755%7C_p_origin_prod%3A
Solid Bodycon Ruched Long Skirt Women Sexy Black Elastic Elegant High Waist Mermaid Maxi Skirts Summer Streetwear,$3.56 ,"https://ae-pic-a1.aliexpress-media.com/kf/Sb297abf7a64a4d6ea09fdbee343707e7M.jpg_220x220q75.jpg_.avif,https://ae-pic-a1.aliexpress-media.com/kf/S7b21f4d289c340d3926ab001d961c102W.jpg_220x220q75.jpg_.avif,https://ae-pic-a1.aliexpress-media.com/kf/Sa7848f5807d3406f8f1c542974a1ea37I.jpg_220x220q75.jpg_.avif,https://ae-pic-a1.aliexpress-media.com/kf/S92bc183f0ff04e119eca70924fbf2535b.jpg_220x220q75.jpg_.avif,https://ae-pic-a1.aliexpress-media.com/kf/Sf428c6c9aefe46feba3f258fadea654di.jpg_220x220q75.jpg_.avif","['High-concerned chemical', 'None', 'Craft of Weaving', 'Knit', 'Season', 'Autumn/Winter', 'Fabric Type', 'Broadcloth', 'Age', 'Middle Age', 'Model Number', 'A1613']",https://www.aliexpress.us/item/3256805582215952.html?algo_pvid=97bd464f-6ac0-4ae1-a976-9be85e397b59&algo_exp_id=97bd464f-6ac0-4ae1-a976-9be85e397b59-50&pdp_ext_f=%7B%22order%22%3A%22598%22%2C%22eval%22%3A%221%22%2C%22fromPage%22%3A%22search%22%7D&pdp_npi=6%40dis%21USD%2110.56%213.56%21%21%2172.60%2124.49%21%402103849717729911070312868ebce7%2112000043871788033%21sea%21US%210%21ABX%211%210%21n_tag%3A-29910%3Bd%3Ad1df2f05%3Bm03_new_user%3A-29895%3BpisId%3A5000000197847475&curPageLogUid=qFibj8SX9M4M&utparam-url=scene%3Asearch%7Cquery_from%3A%7Cx_object_id%3A1005005768530704%7C_p_origin_prod%3A
Wolfeel Casual Satin Women'S Skirt Spring Summer Fashion Loose High Waist Maxi Skirts Elegant Simple Slik Fishtail Skirt,$4.78 ,"https://ae-pic-a1.aliexpress-media.com/kf/S8a17efc8480c4507886552b33dfdd737E.jpg_220x220q75.jpg_.avif,https://ae-pic-a1.aliexpress-media.com/kf/S10dfdf7911ba48278278f3e21835c522E.jpg_220x220q75.jpg_.avif,https://ae-pic-a1.aliexpress-media.com/kf/S58babb48732e4a25b4460bbecc7d5b26t.jpg_220x220q75.jpg_.avif,https://ae-pic-a1.aliexpress-media.com/kf/Sa1c952cc909040cf8646dd64d461911aM.jpg_220x220q75.jpg_.avif,https://ae-pic-a1.aliexpress-media.com/kf/S3053de320bac4610873be64d53b740a6y.jpg_220x220q75.jpg_.avif","['High-concerned chemical', 'None', 'Craft of Weaving', 'Tatting', 'Season', 'Spring/Summer', 'is_customized', 'No', 'Fabric Type', 'Broadcloth', 'Age', 'Middle Age']",https://www.aliexpress.us/item/3256806506429593.html?algo_pvid=97bd464f-6ac0-4ae1-a976-9be85e397b59&algo_exp_id=97bd464f-6ac0-4ae1-a976-9be85e397b59-51&pdp_ext_f=%7B%22order%22%3A%22597%22%2C%22spu_best_type%22%3A%22price%22%2C%22eval%22%3A%221%22%2C%22fromPage%22%3A%22search%22%7D&pdp_npi=6%40dis%21USD%2114.78%214.78%21%21%21101.59%2132.86%21%402103849717729911070312868ebce7%2112000038026762246%21sea%21US%210%21ABX%211%210%21n_tag%3A-29910%3Bd%3Ad1df2f05%3Bm03_new_user%3A-29895%3BpisId%3A5000000197847450&curPageLogUid=H5JOXXMcnUUx&utparam-url=scene%3Asearch%7Cquery_from%3A%7Cx_object_id%3A1005006692744345%7C_p_origin_prod%3A
Women Solid Slim Fishtail Skirt Spring Summer New In Elegant Fashion High Waist Fold Skirts Lady Causal Street Short Dress Sexy,$0.99 ,"https://ae-pic-a1.aliexpress-media.com/kf/Sb19bc75c287148da8f84c66999e7c7b9i.jpg_220x220q75.jpg_.avif,https://ae-pic-a1.aliexpress-media.com/kf/S5a71bb25a3294d03b4dd6da377c21d0eN.jpg_220x220q75.jpg_.avif,https://ae-pic-a1.aliexpress-media.com/kf/S35c728eca39b49198507a46d22a95be4R.jpg_220x220q75.jpg_.avif,https://ae-pic-a1.aliexpress-media.com/kf/S345d9c22b31e49aeb70edf0f69270bea7.jpg_220x220q75.jpg_.avif,https://ae-pic-a1.aliexpress-media.com/kf/Sb17a235e410b44cd8c1f86a37cfc7903k.jpg_220x220q75.jpg_.avif","['High-concerned chemical', 'None', 'Release Date', 'Spring 2025', 'Craft of Weaving', 'Tatting', 'Season', 'Spring/Summer', 'is_customized', 'No', 'Fabric Type', 'Broadcloth']",https://www.aliexpress.us/item/3256808689180076.html?algo_pvid=97bd464f-6ac0-4ae1-a976-9be85e397b59&algo_exp_id=97bd464f-6ac0-4ae1-a976-9be85e397b59-53&pdp_ext_f=%7B%22order%22%3A%22596%22%2C%22eval%22%3A%221%22%2C%22fromPage%22%3A%22search%22%7D&pdp_npi=6%40dis%21USD%2115.95%210.99%21%21%21109.60%216.77%21%402103849717729911070312868ebce7%2112000047054760873%21sea%21US%210%21ABX%211%210%21n_tag%3A-29910%3Bd%3Ad1df2f05%3Bm03_new_user%3A-29895%3BpisId%3A5000000197847475&curPageLogUid=YXjAVoO9ucVA&utparam-url=scene%3Asearch%7Cquery_from%3A%7Cx_object_id%3A1005008875494828%7C_p_origin_prod%3A
Steampunk Women Skirts Gothic Irregular Shirring Pleated Party Maxi Long Skirt High Low Costumes Punk Sexy Corset Plus Size Red,$10.42 ,"https://ae-pic-a1.aliexpress-media.com/kf/S944c1ba138bb4de89ca47b224acec1d2v.jpg_220x220q75.jpg_.avif,https://ae-pic-a1.aliexpress-media.com/kf/S9ef161c7d3724856ba2d6bc97001d922Y.jpg_220x220q75.jpg_.avif,https://ae-pic-a1.aliexpress-media.com/kf/Sc36e619bfc714544a1f21c92bbc0b391e.jpg_220x220q75.jpg_.avif,https://ae-pic-a1.aliexpress-media.com/kf/S9ee6632b96474f7c909d4528a6d40605q.jpg_220x220q75.jpg_.avif,https://ae-pic-a1.aliexpress-media.com/kf/S823a8a5a1c8b4310aac39793ce2d86c9c.jpg_220x220q75.jpg_.avif","['High-concerned chemical', 'None', 'Craft of Weaving', 'Not Clothing or Textiles', 'Season', 'All Season', 'Fabric Type', 'Blended', 'Age', 'Junior', 'Model Number', '6388']",https://www.aliexpress.us/item/2255800806868607.html?algo_pvid=97bd464f-6ac0-4ae1-a976-9be85e397b59&algo_exp_id=97bd464f-6ac0-4ae1-a976-9be85e397b59-54&pdp_ext_f=%7B%22order%22%3A%22593%22%2C%22eval%22%3A%221%22%2C%22fromPage%22%3A%22search%22%7D&pdp_npi=6%40dis%21USD%2118.99%2111.58%21%21%2118.99%2111.58%21%402103849717729911070312868ebce7%2110000013251048223%21sea%21US%210%21ABX%211%210%21n_tag%3A-29910%3Bd%3Ad1df2f05%3Bm03_new_user%3A-29895&curPageLogUid=Pthv6yZTynLs&utparam-url=scene%3Asearch%7Cquery_from%3A%7Cx_object_id%3A4000993183359%7C_p_origin_prod%3A
Autumn Winter Woolen Pleated Skirts Women New Korean High Waist Slimming Mini Skirt Ladies Preppy Style Side Zipper A-Line Skirt,$7.34 ,"https://ae-pic-a1.aliexpress-media.com/kf/S1d5c5bed3c4745dfb3393b22fba7cdb3J.jpg_220x220q75.jpg_.avif,https://ae-pic-a1.aliexpress-media.com/kf/S1c02b989e9bd40e2a91d7727b47e715aC.jpg_220x220q75.jpg_.avif,https://ae-pic-a1.aliexpress-media.com/kf/S221c4430262f4881935707a24e3fe246s.jpg_220x220q75.jpg_.avif,https://ae-pic-a1.aliexpress-media.com/kf/Sd2fedb7444fc457183cce914c2be62d4Q.jpg_220x220q75.jpg_.avif,https://ae-pic-a1.aliexpress-media.com/kf/S485a3b22bd32469a90b20627ddb93cedi.jpg_220x220q75.jpg_.avif","['High-concerned chemical', 'None', 'Release Date', 'Winter 2025', 'Craft of Weaving', 'Knit', 'Season', 'Autumn/Winter', 'is_customized', 'No', 'Fabric Type', 'Woolen']",https://www.aliexpress.us/item/3256809232024668.html?algo_pvid=97bd464f-6ac0-4ae1-a976-9be85e397b59&algo_exp_id=97bd464f-6ac0-4ae1-a976-9be85e397b59-55&pdp_ext_f=%7B%22order%22%3A%22592%22%2C%22eval%22%3A%221%22%2C%22fromPage%22%3A%22search%22%7D&pdp_npi=6%40dis%21USD%2128.90%217.34%21%21%21198.60%2150.43%21%402103849717729911070312868ebce7%2112000049035240800%21sea%21US%210%21ABX%211%210%21n_tag%3A-29910%3Bd%3Ad1df2f05%3Bm03_new_user%3A-29895%3BpisId%3A5000000197847450&curPageLogUid=dmYf648oyfu7&utparam-url=scene%3Asearch%7Cquery_from%3A%7Cx_object_id%3A1005009418339420%7C_p_origin_prod%3A
AltGoth Punk Mall Goth Shorts Skirt Women Y2k E-girl Streetwear Harajuku Leg Ring Buckle Detachable High Waist Emo Alt Clubwear,$12.32 ,"https://ae-pic-a1.aliexpress-media.com/kf/S094f643a67ae44d4934f93898786aaaci.jpg?has_lang=1&ver=2_220x220q75.jpg_.avif,https://ae-pic-a1.aliexpress-media.com/kf/S094f643a67ae44d4934f93898786aaaci.jpg?has_lang=1&ver=2_220x220q75.jpg_.avif,https://ae-pic-a1.aliexpress-media.com/kf/S6d07bbad262b4421b985fd91f28eededt.jpg?has_lang=1&ver=2_220x220q75.jpg_.avif,https://ae-pic-a1.aliexpress-media.com/kf/S5d0e826b6a2541e6a3cf9434565d8919k.jpg_220x220q75.jpg_.avif,https://ae-pic-a1.aliexpress-media.com/kf/S06849e8f4fac4fd485f26434cb2b0795Z.jpg?has_lang=1&ver=2_220x220q75.jpg_.avif","['High-concerned chemical', 'None', 'Season', 'Spring/Summer', 'is_customized', 'No', 'Fabric Type', 'Broadcloth', 'Age', 'Junior', 'Place Of Origin', 'China (mainland)']",https://www.aliexpress.us/item/3256807670712996.html?algo_pvid=97bd464f-6ac0-4ae1-a976-9be85e397b59&algo_exp_id=97bd464f-6ac0-4ae1-a976-9be85e397b59-56&pdp_ext_f=%7B%22order%22%3A%22592%22%2C%22eval%22%3A%221%22%2C%22orig_sl_item_id%22%3A%221005007857027748%22%2C%22orig_item_id%22%3A%221005006157998320%22%2C%22fromPage%22%3A%22search%22%7D&pdp_npi=6%40dis%21USD%2125.67%2112.32%21%21%21176.44%2184.69%21%402103849717729911070312868ebce7%2112000042560479064%21sea%21US%210%21ABX%211%210%21n_tag%3A-29910%3Bd%3Ad1df2f05%3Bm03_new_user%3A-29895&curPageLogUid=thnpbn8tDSw1&utparam-url=scene%3Asearch%7Cquery_from%3A%7Cx_object_id%3A1005007857027748%7C_p_origin_prod%3A1005006157998320
Beachapche Hand Crochet Tassel Skirts Women Fashion Sexy Side High Knitted Beach Cover Ups,$23.27 ,"https://ae-pic-a1.aliexpress-media.com/kf/Sc8b6794c0be843af9d2fab3b60e3a6984.jpg_220x220q75.jpg_.avif,https://ae-pic-a1.aliexpress-media.com/kf/Sd323aa53b8a748cb9c74c91f5261e8cdh.jpg_220x220q75.jpg_.avif,https://ae-pic-a1.aliexpress-media.com/kf/S9aa52a0aded84f34a24108f8efa9b2d0y.jpg_220x220q75.jpg_.avif,https://ae-pic-a1.aliexpress-media.com/kf/Sa4dd74d9b3484d53bea2ea6bb1063f7do.jpg_220x220q75.jpg_.avif,https://ae-pic-a1.aliexpress-media.com/kf/S4f0e68700743466da4d61ac661e7e7c52.jpg_220x220q75.jpg_.avif","['High-concerned chemical', 'None', 'Craft of Weaving', 'Knit', 'Season', 'Spring/Summer', 'is_customized', 'Yes', 'Fabric Type', 'Broadcloth', 'Age', 'Middle Age']",https://www.aliexpress.us/item/3256807387857199.html?algo_pvid=97bd464f-6ac0-4ae1-a976-9be85e397b59&algo_exp_id=97bd464f-6ac0-4ae1-a976-9be85e397b59-58&pdp_ext_f=%7B%22order%22%3A%22589%22%2C%22eval%22%3A%221%22%2C%22fromPage%22%3A%22search%22%7D&pdp_npi=6%40dis%21USD%2138.79%2123.27%21%21%2138.79%2123.27%21%402103849717729911070312868ebce7%2112000041353887477%21sea%21US%210%21ABX%211%210%21n_tag%3A-29910%3Bd%3Ad1df2f05%3Bm03_new_user%3A-29895&curPageLogUid=zUwZtPIS3zXB&utparam-url=scene%3Asearch%7Cquery_from%3A%7Cx_object_id%3A1005007574171951%7C_p_origin_prod%3A
"New Fairycore Lady ´s Fashionable Sexy Solid Color Mesh Skirt, Irregular Elastic Tulle Bubble Skirt, Daily Life and Vacation",$3.11 ,"https://ae-pic-a1.aliexpress-media.com/kf/Safe24f6850b54f2c98dc33a059e57417K.jpg_220x220q75.jpg_.avif,https://ae-pic-a1.aliexpress-media.com/kf/S324056b1d4ae42eea6250225b93ab62cg.jpg_220x220q75.jpg_.avif,https://ae-pic-a1.aliexpress-media.com/kf/Sc3a9021d1f0d4fdaab8f88c37ca040d5a.jpg_220x220q75.jpg_.avif,https://ae-pic-a1.aliexpress-media.com/kf/Saf9a582593c94bad839ec3d2174038d4L.jpg_220x220q75.jpg_.avif,https://ae-pic-a1.aliexpress-media.com/kf/Sdbbcbcf3f16a4825b1afcc1839183c3bj.jpg_220x220q75.jpg_.avif","['High-concerned chemical', 'None', 'Release Date', 'Summer 2024', 'Craft of Weaving', 'Tatting', 'Season', 'All Season', 'is_customized', 'No', 'Fabric Type', 'Broadcloth']",https://www.aliexpress.us/item/3256805987436117.html?algo_pvid=97bd464f-6ac0-4ae1-a976-9be85e397b59&algo_exp_id=97bd464f-6ac0-4ae1-a976-9be85e397b59-59&pdp_ext_f=%7B%22order%22%3A%22580%22%2C%22eval%22%3A%221%22%2C%22fromPage%22%3A%22search%22%7D&pdp_npi=6%40dis%21USD%2110.11%213.11%21%21%2110.11%213.11%21%402103849717729911070312868ebce7%2112000036119449067%21sea%21US%210%21ABX%211%210%21n_tag%3A-29910%3Bd%3Ad1df2f05%3Bm03_new_user%3A-29895%3BpisId%3A5000000197847475&curPageLogUid=io1YTw6naT1L&utparam-url=scene%3Asearch%7Cquery_from%3A%7Cx_object_id%3A1005006173750869%7C_p_origin_prod%3A
Sports Yoga Skirt Badminton Tennis Skirt Pants Half-body Quick Drying Pocket Skirt Side Split Strap Pants For Outwear,$0.99 ,"https://ae-pic-a1.aliexpress-media.com/kf/S169ecc4eae824ced9d3c57104badad60d.jpg_220x220q75.jpg_.avif,https://ae-pic-a1.aliexpress-media.com/kf/S169ecc4eae824ced9d3c57104badad60d.jpg_220x220q75.jpg_.avif,https://ae-pic-a1.aliexpress-media.com/kf/S2b28c6d99cac4a1bb5771a8be715ca806.jpg_220x220q75.jpg_.avif,https://ae-pic-a1.aliexpress-media.com/kf/S2d8dc1e923124503bb601db60d9327b6X.jpg_220x220q75.jpg_.avif,https://ae-pic-a1.aliexpress-media.com/kf/S9ad68cb7ba274fb89da41ed07492524bj.jpg_220x220q75.jpg_.avif","['High-concerned chemical', 'None', 'Release Date', 'Summer 2024', 'Craft of Weaving', 'Tatting', 'Season', 'Summer', 'is_customized', 'Yes', 'Fabric Type', 'Broadcloth']",https://www.aliexpress.us/item/3256807104997963.html?algo_pvid=86390692-681c-4a97-90e4-559478fd2ca5&algo_exp_id=86390692-681c-4a97-90e4-559478fd2ca5-0&pdp_ext_f=%7B%22order%22%3A%22577%22%2C%22eval%22%3A%221%22%2C%22fromPage%22%3A%22search%22%7D&pdp_npi=6%40dis%21USD%217.99%210.99%21%21%2154.93%216.82%21%40211b61d017729920574061026eb681%2112000040087511208%21sea%21US%210%21ABX%211%210%21n_tag%3A-29910%3Bd%3Ad1df2f05%3Bm03_new_user%3A-29895%3BpisId%3A5000000197847458&curPageLogUid=eF4J4es5BKtp&utparam-url=scene%3Asearch%7Cquery_from%3A%7Cx_object_id%3A1005007291312715%7C_p_origin_prod%3A
Puffy Cake Skirts Women Ruffles Chic Popular Sweet Spicy Girls Gothic All-match Korean Fashion Streetwear Summer Y2k,$14.70 ,"https://ae-pic-a1.aliexpress-media.com/kf/Sb044d2f910de43819eb5f4009cfc5d42I.jpg_220x220q75.jpg_.avif,https://ae-pic-a1.aliexpress-media.com/kf/S4259adce3c1944aea67e832642a9321fo.jpg_220x220q75.jpg_.avif,https://ae-pic-a1.aliexpress-media.com/kf/S9a3bffc506a14967bf5b79125f7944c60.jpg_220x220q75.jpg_.avif,https://ae-pic-a1.aliexpress-media.com/kf/S8dc581c4f85248bcb3434c636d99e2355.jpg_220x220q75.jpg_.avif,https://ae-pic-a1.aliexpress-media.com/kf/S6d639f25bb5a4826b524956b994c66d9x.jpg_220x220q75.jpg_.avif","['High-concerned chemical', 'None', 'Release Date', 'Autumn 2025', 'Craft of Weaving', 'Tatting', 'Season', 'Summer', 'is_customized', 'No', 'Fabric Type', 'Broadcloth']",https://www.aliexpress.us/item/3256807118416734.html?algo_pvid=86390692-681c-4a97-90e4-559478fd2ca5&algo_exp_id=86390692-681c-4a97-90e4-559478fd2ca5-1&pdp_ext_f=%7B%22order%22%3A%22573%22%2C%22spu_best_type%22%3A%22price%22%2C%22eval%22%3A%221%22%2C%22fromPage%22%3A%22search%22%7D&pdp_npi=6%40dis%21USD%2126.73%2114.70%21%21%2126.73%2114.70%21%40211b61d017729920574061026eb681%2112000040158614747%21sea%21US%210%21ABX%211%210%21n_tag%3A-29910%3Bd%3Ad1df2f05%3Bm03_new_user%3A-29895&curPageLogUid=P1KeZHpqTA84&utparam-url=scene%3Asearch%7Cquery_from%3A%7Cx_object_id%3A1005007304731486%7C_p_origin_prod%3A
Womens Garters Suspender Belt Skirts Ladies Wet Look Mini Skirts Leather Garters with Metal Clips Clubwear Costume Underwear,$7.82 ,"https://ae-pic-a1.aliexpress-media.com/kf/S3c564e8a670341959f3295a32078c395R.jpg?has_lang=1&ver=2_220x220q75.jpg_.avif,https://ae-pic-a1.aliexpress-media.com/kf/S3c564e8a670341959f3295a32078c395R.jpg?has_lang=1&ver=2_220x220q75.jpg_.avif,https://ae-pic-a1.aliexpress-media.com/kf/S536d1d29905a4378ada11ecb0f17dc6bQ.jpg_220x220q75.jpg_.avif,https://ae-pic-a1.aliexpress-media.com/kf/Sf1675e9f8ee44226bdfc8d7902756a393.jpg_220x220q75.jpg_.avif,https://ae-pic-a1.aliexpress-media.com/kf/S1c0acb4155d148b9bd86a8749394b9eaw.jpg_220x220q75.jpg_.avif","['Occasion', 'Party', 'High-concerned chemical', 'None', 'Craft of Weaving', 'Tatting', 'Season', 'All Season', 'is_customized', 'No', 'Fabric Type', 'Leather']",https://www.aliexpress.us/item/3256806249360553.html?algo_pvid=86390692-681c-4a97-90e4-559478fd2ca5&algo_exp_id=86390692-681c-4a97-90e4-559478fd2ca5-2&pdp_ext_f=%7B%22order%22%3A%22571%22%2C%22eval%22%3A%221%22%2C%22fromPage%22%3A%22search%22%7D&pdp_npi=6%40dis%21USD%2128.86%217.82%21%21%21198.33%2153.71%21%40211b61d017729920574061026eb681%2112000037157314956%21sea%21US%210%21ABX%211%210%21n_tag%3A-29910%3Bd%3Ad1df2f05%3Bm03_new_user%3A-29895%3BpisId%3A5000000197847458&curPageLogUid=DPJa1RUVMrfj&utparam-url=scene%3Asearch%7Cquery_from%3A%7Cx_object_id%3A1005006435675305%7C_p_origin_prod%3A
MisShow Women Tutu Short Skirt High Waist Mesh Soft Tulle Skirt Puffy Pettiskirt Prom Ball Gown Party Dance Tutu Dress,$7.31 ,"https://ae-pic-a1.aliexpress-media.com/kf/S607d8126ecc149d1a26d69cefcb3ece9N.jpg?has_lang=1&ver=2_220x220q75.jpg_.avif,https://ae-pic-a1.aliexpress-media.com/kf/Sa2af8d4a2347494f8beed3930d92eb97l.jpg?has_lang=1&ver=2_220x220q75.jpg_.avif,https://ae-pic-a1.aliexpress-media.com/kf/S9b4c1da4978c48b78b48caf9357fbd82X.jpg?has_lang=1&ver=2_220x220q75.jpg_.avif,https://ae-pic-a1.aliexpress-media.com/kf/S0bf0a207bb664141b12f205918b14bcbU.jpg_220x220q75.jpg_.avif,https://ae-pic-a1.aliexpress-media.com/kf/S03605f74cdb64d92b072b338ac96eb72m.jpg?has_lang=1&ver=2_220x220q75.jpg_.avif","['Occasion', 'Party', 'Festival', 'Halloween', 'High-concerned chemical', 'None', 'Release Date', 'Spring 2025', 'Craft of Weaving', 'Knit', 'Season', 'All Season']",https://www.aliexpress.us/item/3256806333499549.html?algo_pvid=86390692-681c-4a97-90e4-559478fd2ca5&algo_exp_id=86390692-681c-4a97-90e4-559478fd2ca5-3&pdp_ext_f=%7B%22order%22%3A%22566%22%2C%22eval%22%3A%221%22%2C%22fromPage%22%3A%22search%22%7D&pdp_npi=6%40dis%21USD%2133.95%217.31%21%21%21233.36%2150.28%21%40211b61d017729920574061026eb681%2112000037512803374%21sea%21US%210%21ABX%211%210%21n_tag%3A-29910%3Bd%3Ad1df2f05%3Bm03_new_user%3A-29895%3BpisId%3A5000000197847450&curPageLogUid=shfbdvIGeIvQ&utparam-url=scene%3Asearch%7Cquery_from%3A%7Cx_object_id%3A1005006519814301%7C_p_origin_prod%3A
Multi-layer Ruffled Petticoats for Women Fluffy Bubble Skirt Crinoline Underskirt No Hoop Boneless Lolita Puffy Skirt Mini Skirt,$20.82 ,"https://ae-pic-a1.aliexpress-media.com/kf/S9ba25334642f4c74ad358c898d8bba5fn.jpg?has_lang=1&ver=2_220x220q75.jpg_.avif,https://ae-pic-a1.aliexpress-media.com/kf/S9ba25334642f4c74ad358c898d8bba5fn.jpg?has_lang=1&ver=2_220x220q75.jpg_.avif,https://ae-pic-a1.aliexpress-media.com/kf/Sf9780ebf6c31426da230f8a7c7883697f.jpg_220x220q75.jpg_.avif,https://ae-pic-a1.aliexpress-media.com/kf/S135d1f1603574c03907dcafc37fda06bF.jpg?has_lang=1&ver=2_220x220q75.jpg_.avif,https://ae-pic-a1.aliexpress-media.com/kf/S3fd0371dcb3e4aa7858fedf056fc437fN.jpg?has_lang=1&ver=2_220x220q75.jpg_.avif","['High-concerned chemical', 'None', 'Release Date', 'Summer 2025', 'Craft of Weaving', 'Tatting', 'Season', 'All Season', 'is_customized', 'No', 'Fabric Type', 'Organza']",https://www.aliexpress.us/item/3256807218861275.html?algo_pvid=86390692-681c-4a97-90e4-559478fd2ca5&algo_exp_id=86390692-681c-4a97-90e4-559478fd2ca5-4&pdp_ext_f=%7B%22order%22%3A%22564%22%2C%22eval%22%3A%221%22%2C%22fromPage%22%3A%22search%22%7D&pdp_npi=6%40dis%21USD%2139.28%2120.82%21%21%21269.96%21143.08%21%40211b61d017729920574061026eb681%2112000040606314016%21sea%21US%210%21ABX%211%210%21n_tag%3A-29910%3Bd%3Ad1df2f05%3Bm03_new_user%3A-29895&curPageLogUid=FIznGeanVq8J&utparam-url=scene%3Asearch%7Cquery_from%3A%7Cx_object_id%3A1005007405176027%7C_p_origin_prod%3A
Summer Women High Waist Pleated Plaid Skirts Mini Tennis Skirt Harajuku JK Japanese School Uniform Short A-Line Mini Skirt Girl,$0.99 ,"https://ae-pic-a1.aliexpress-media.com/kf/S054d5673f4c344b0b2a3c9dd99772fd0r.jpg?has_lang=1&ver=2_220x220q75.jpg_.avif,https://ae-pic-a1.aliexpress-media.com/kf/Sb78b6095b04648bfa47a6715c2bccae8e.jpg_220x220q75.jpg_.avif,https://ae-pic-a1.aliexpress-media.com/kf/Sd13b11e318dc4635ad1e5d2febce8ae4j.jpg_220x220q75.jpg_.avif,https://ae-pic-a1.aliexpress-media.com/kf/S1014e0e1eb7a4e6f9389268398fe8fffM.jpg_220x220q75.jpg_.avif,https://ae-pic-a1.aliexpress-media.com/kf/See3fc71e986049dd91816277694c5da7J.jpg_220x220q75.jpg_.avif","['Release Date', 'Summer 2024', 'Craft of Weaving', 'Knit', 'Season', 'Summer', 'Fabric Type', 'Nylon Cotton', 'Age', 'Junior', 'Place Of Origin', 'China (mainland)']",https://www.aliexpress.us/item/3256806813822910.html?algo_pvid=86390692-681c-4a97-90e4-559478fd2ca5&algo_exp_id=86390692-681c-4a97-90e4-559478fd2ca5-5&pdp_ext_f=%7B%22order%22%3A%22562%22%2C%22spu_best_type%22%3A%22price%22%2C%22eval%22%3A%221%22%2C%22fromPage%22%3A%22search%22%7D&pdp_npi=6%40dis%21USD%2110.82%210.99%21%21%2174.37%216.81%21%40211b61d017729920574061026eb681%2112000039005454817%21sea%21US%210%21ABX%211%210%21n_tag%3A-29910%3Bd%3Ad1df2f05%3Bm03_new_user%3A-29895%3BpisId%3A5000000197847450&curPageLogUid=jG8XjEr46W7E&utparam-url=scene%3Asearch%7Cquery_from%3A%7Cx_object_id%3A1005007000137662%7C_p_origin_prod%3A
HH Women Elegant Solid Satin Long Skirt Chic Y2K High Waist Slim Skirts Female Fashion Silk Texture Ladies Tight Midi Skirt,$3.80 ,"https://ae-pic-a1.aliexpress-media.com/kf/S9aceabda8eca4de090c5ef78fcbacc35H.jpg_220x220q75.jpg_.avif,https://ae-pic-a1.aliexpress-media.com/kf/S9aceabda8eca4de090c5ef78fcbacc35H.jpg_220x220q75.jpg_.avif,https://ae-pic-a1.aliexpress-media.com/kf/S9ce07024aabb44258fb81962a59b5583Y.jpg_220x220q75.jpg_.avif,https://ae-pic-a1.aliexpress-media.com/kf/S113d60c0b6bb43a199a1d24f3b53311eD.jpg_220x220q75.jpg_.avif,https://ae-pic-a1.aliexpress-media.com/kf/Sb27d9e8c76fe444796e1b5e33e887b9cO.jpg_220x220q75.jpg_.avif","['High-concerned chemical', 'None', 'Craft of Weaving', 'Tatting', 'Season', 'Spring/Summer', 'is_customized', 'No', 'Fabric Type', 'Satin', 'Age', 'Middle Age']",https://www.aliexpress.us/item/3256806508224169.html?algo_pvid=86390692-681c-4a97-90e4-559478fd2ca5&algo_exp_id=86390692-681c-4a97-90e4-559478fd2ca5-6&pdp_ext_f=%7B%22order%22%3A%22562%22%2C%22eval%22%3A%221%22%2C%22fromPage%22%3A%22search%22%7D&pdp_npi=6%40dis%21USD%2128.74%213.80%21%21%21197.51%2126.07%21%40211b61d017729920574061026eb681%2112000038031923077%21sea%21US%210%21ABX%211%210%21n_tag%3A-29910%3Bd%3Ad1df2f05%3Bm03_new_user%3A-29895%3BpisId%3A5000000197847450&curPageLogUid=E5zQffbvRrzq&utparam-url=scene%3Asearch%7Cquery_from%3A%7Cx_object_id%3A1005006694538921%7C_p_origin_prod%3A
"French elegant retro green umbrella skirt, temperament high-waisted slim fluffy skirt, ladies half skirt",$26.92 ,"https://ae-pic-a1.aliexpress-media.com/kf/S17190b56d05f41d8ae97d2b3cb6bbbf6Y.jpg_220x220q75.jpg_.avif,https://ae-pic-a1.aliexpress-media.com/kf/S17190b56d05f41d8ae97d2b3cb6bbbf6Y.jpg_220x220q75.jpg_.avif,https://ae-pic-a1.aliexpress-media.com/kf/S0af156b08bc548dd83427bb27e25ebf1U.jpg_220x220q75.jpg_.avif,https://ae-pic-a1.aliexpress-media.com/kf/Sa6be1830cd8e497ba33fc10b800e982e4.jpg_220x220q75.jpg_.avif,https://ae-pic-a1.aliexpress-media.com/kf/S93af713f1cef45288d0ef4b333629826T.jpg_220x220q75.jpg_.avif","['High-concerned chemical', 'None', 'Release Date', 'Summer 2024', 'Craft of Weaving', 'Tatting', 'Season', 'Summer', 'Fabric Type', 'Blended', 'Age', 'Middle Age']",https://www.aliexpress.us/item/3256807188212954.html?algo_pvid=86390692-681c-4a97-90e4-559478fd2ca5&algo_exp_id=86390692-681c-4a97-90e4-559478fd2ca5-7&pdp_ext_f=%7B%22order%22%3A%22561%22%2C%22eval%22%3A%221%22%2C%22fromPage%22%3A%22search%22%7D&pdp_npi=6%40dis%21USD%2129.03%2126.92%21%21%21199.52%21185.02%21%40211b61d017729920574061026eb681%2112000046761224785%21sea%21US%210%21ABX%211%210%21n_tag%3A-29910%3Bd%3Ad1df2f05%3Bm03_new_user%3A-29895%3BpisId%3A5000000201909246&curPageLogUid=ymc15xeje1IP&utparam-url=scene%3Asearch%7Cquery_from%3A%7Cx_object_id%3A1005007374527706%7C_p_origin_prod%3A
Women’s Tulle Long Skirts Elastic High Waist Ruffle Hem Tutu Skirts Fluffy A-line Midi Skirts,$8.85 ,"https://ae-pic-a1.aliexpress-media.com/kf/Sa67022c5179f4ed198e5eec82e2f76530.jpg_220x220q75.jpg_.avif,https://ae-pic-a1.aliexpress-media.com/kf/S813dfea868264d89af8b01fa19629d1co.jpg_220x220q75.jpg_.avif,https://ae-pic-a1.aliexpress-media.com/kf/S57fa62029d0b4d42a8118b2b597518edM.jpg_220x220q75.jpg_.avif,https://ae-pic-a1.aliexpress-media.com/kf/Sa7f2df5e4f7d40dd84f0bf2acb41acdcq.jpg_220x220q75.jpg_.avif,https://ae-pic-a1.aliexpress-media.com/kf/S8228430c6ff24e84a9ab53fe487d7fe0p.jpg_220x220q75.jpg_.avif","['High-concerned chemical', 'None', 'Release Date', 'Summer 2024', 'Season', 'All Season', 'is_customized', 'No', 'Fabric Type', 'Velvet', 'Age', 'Junior']",https://www.aliexpress.us/item/3256811494221004.html?algo_pvid=86390692-681c-4a97-90e4-559478fd2ca5&algo_exp_id=86390692-681c-4a97-90e4-559478fd2ca5-9&pdp_ext_f=%7B%22order%22%3A%22557%22%2C%22eval%22%3A%221%22%2C%22orig_sl_item_id%22%3A%221005011680535756%22%2C%22orig_item_id%22%3A%221005007684644548%22%2C%22fromPage%22%3A%22search%22%7D&pdp_npi=6%40dis%21USD%2137.70%218.85%21%21%21259.08%2160.81%21%40211b61d017729920574061026eb681%2112000056228405545%21sea%21US%210%21ABX%211%210%21n_tag%3A-29910%3Bd%3Ad1df2f05%3Bm03_new_user%3A-29895%3BpisId%3A5000000197847450&curPageLogUid=ljyPAFAYLmMB&utparam-url=scene%3Asearch%7Cquery_from%3A%7Cx_object_id%3A1005011680535756%7C_p_origin_prod%3A1005007684644548
Women Chic Shiny Green Tassel Skirt High Waist Slim Fit Long Straight Tube Dress 2026 New Outfits Commuting Club Party Clothing,$20.91 ,"https://ae-pic-a1.aliexpress-media.com/kf/S093a76d3fbed40c9bdca78fb0be488f6p.jpg_220x220q75.jpg_.avif,https://ae-pic-a1.aliexpress-media.com/kf/S093a76d3fbed40c9bdca78fb0be488f6p.jpg_220x220q75.jpg_.avif,https://ae-pic-a1.aliexpress-media.com/kf/Sa3e0ddf59ed3492b854538c0b8a30d2c5.jpg_220x220q75.jpg_.avif,https://ae-pic-a1.aliexpress-media.com/kf/Sb6cf9ef7849f48ec831d45331a264099i.jpg_220x220q75.jpg_.avif,https://ae-pic-a1.aliexpress-media.com/kf/S70c283232b8f401da202eec2ed63d0feN.jpg_220x220q75.jpg_.avif","['Occasion', 'Night Out', 'High-concerned chemical', 'None', 'Release Date', 'Autumn 2025', 'Craft of Weaving', 'Tatting', 'Season', 'All Season', 'Fabric Type', 'Blended']",https://www.aliexpress.us/item/3256810211620895.html?algo_pvid=86390692-681c-4a97-90e4-559478fd2ca5&algo_exp_id=86390692-681c-4a97-90e4-559478fd2ca5-10&pdp_ext_f=%7B%22order%22%3A%22557%22%2C%22spu_best_type%22%3A%22price%22%2C%22eval%22%3A%221%22%2C%22fromPage%22%3A%22search%22%7D&pdp_npi=6%40dis%21USD%2170.26%2120.91%21%21%21482.89%21143.74%21%40211b61d017729920574061026eb681%2112000052279160919%21sea%21US%210%21ABX%211%210%21n_tag%3A-29910%3Bd%3Ad1df2f05%3Bm03_new_user%3A-29895%3BpisId%3A5000000197847450&curPageLogUid=Kzgp1IZCWVEW&utparam-url=scene%3Asearch%7Cquery_from%3A%7Cx_object_id%3A1005010397935647%7C_p_origin_prod%3A
DUOPERI Women Fashion Solid Mini Balloon Skirt High Elastic Waist Female Chic Lady Casual Y2K Short Skirt,$2.10 ,"https://ae-pic-a1.aliexpress-media.com/kf/S631dc36c04c04f26b9133716b4021542F.jpg_220x220q75.jpg_.avif,https://ae-pic-a1.aliexpress-media.com/kf/Sf450987f925744149f36f6b06d665499d.jpg_220x220q75.jpg_.avif,https://ae-pic-a1.aliexpress-media.com/kf/S9874081f2f7d459b9badda54ac870310C.jpg_220x220q75.jpg_.avif,https://ae-pic-a1.aliexpress-media.com/kf/S2625329832844e4ab187b02b6af78c97u.jpg_220x220q75.jpg_.avif,https://ae-pic-a1.aliexpress-media.com/kf/Scf64161014bf41779033c458174fd091v.jpg_220x220q75.jpg_.avif","['High-concerned chemical', 'None', 'Release Date', 'Summer 2024', 'Craft of Weaving', 'Tatting', 'Season', 'Summer', 'Fabric Type', 'Blended', 'Age', 'Junior']",https://www.aliexpress.us/item/3256807199866196.html?algo_pvid=86390692-681c-4a97-90e4-559478fd2ca5&algo_exp_id=86390692-681c-4a97-90e4-559478fd2ca5-11&pdp_ext_f=%7B%22order%22%3A%22557%22%2C%22eval%22%3A%221%22%2C%22fromPage%22%3A%22search%22%7D&pdp_npi=6%40dis%21USD%2118.38%212.10%21%21%21126.31%2114.39%21%40211b61d017729920574061026eb681%2112000040531849998%21sea%21US%210%21ABX%211%210%21n_tag%3A-29910%3Bd%3Ad1df2f05%3Bm03_new_user%3A-29895%3BpisId%3A5000000197847475&curPageLogUid=F3PdZcTseToo&utparam-url=scene%3Asearch%7Cquery_from%3A%7Cx_object_id%3A1005007386180948%7C_p_origin_prod%3A
Sexy PU Leather Short Skirts for Women Club Prom Performance Solid High Waist Mini Skirt Gold Red Shine Bright Fladas Mujer XXL,$0.99 ,"https://ae-pic-a1.aliexpress-media.com/kf/Sab1c4a6a00e94f08abebce88b93633bai.jpg_220x220q75.jpg_.avif,https://ae-pic-a1.aliexpress-media.com/kf/S77d8b5c36482421093739c25997e57e6i.jpg_220x220q75.jpg_.avif,https://ae-pic-a1.aliexpress-media.com/kf/Sf312be6ef4864114a7c09fce7d2d1ae3Y.jpg_220x220q75.jpg_.avif,https://ae-pic-a1.aliexpress-media.com/kf/S028f22a443ee4306b718048408c3e4b6F.jpg_220x220q75.jpg_.avif,https://ae-pic-a1.aliexpress-media.com/kf/S984dc344810a402c8afd09d2826d72b0W.jpg_220x220q75.jpg_.avif","['High-concerned chemical', 'None', 'Release Date', 'Summer 2024', 'Craft of Weaving', 'Tatting', 'Season', 'Summer', 'is_customized', 'No', 'Fabric Type', 'Blended']",https://www.aliexpress.us/item/3256807945697037.html?algo_pvid=86390692-681c-4a97-90e4-559478fd2ca5&algo_exp_id=86390692-681c-4a97-90e4-559478fd2ca5-12&pdp_ext_f=%7B%22order%22%3A%22556%22%2C%22eval%22%3A%221%22%2C%22fromPage%22%3A%22search%22%7D&pdp_npi=6%40dis%21USD%2112.94%210.99%21%21%2188.94%216.80%21%40211b61d017729920574061026eb681%2112000043917003860%21sea%21US%210%21ABX%211%210%21n_tag%3A-29910%3Bd%3Ad1df2f05%3Bm03_new_user%3A-29895%3BpisId%3A5000000197847475&curPageLogUid=B1eGLqOMiYhj&utparam-url=scene%3Asearch%7Cquery_from%3A%7Cx_object_id%3A1005008132011789%7C_p_origin_prod%3A
New Arrival High Waisted Sexy Womens Double Slits Summer Solid Long Maxi Skirt Wholesale 51 Valentine's Day Gifts,$4.67 ,"https://ae-pic-a1.aliexpress-media.com/kf/S919567d51f5d4e7a96d6d5d0bddd1edeQ.jpg_220x220q75.jpg_.avif,https://ae-pic-a1.aliexpress-media.com/kf/S61fdbc200a1e428796b6a91bfb2312bbN.jpg_220x220q75.jpg_.avif,https://ae-pic-a1.aliexpress-media.com/kf/S9e6dad112ff340f6b8073daa60aa4130L.jpg_220x220q75.jpg_.avif,https://ae-pic-a1.aliexpress-media.com/kf/S2be1771d0083487eb537fdaedc5da1002.jpg_220x220q75.jpg_.avif,https://ae-pic-a1.aliexpress-media.com/kf/S8eb2ee95136a449f8950f0d70d5539de2.jpg_220x220q75.jpg_.avif","['High-concerned chemical', 'None', 'Craft of Weaving', 'Knit', 'Season', 'Summer', 'is_customized', 'No', 'Fabric Type', 'Broadcloth', 'Age', 'Junior']",https://www.aliexpress.us/item/3256807303358296.html?algo_pvid=86390692-681c-4a97-90e4-559478fd2ca5&algo_exp_id=86390692-681c-4a97-90e4-559478fd2ca5-13&pdp_ext_f=%7B%22order%22%3A%22554%22%2C%22eval%22%3A%221%22%2C%22fromPage%22%3A%22search%22%7D&pdp_npi=6%40dis%21USD%2115.02%214.67%21%21%21103.23%2132.09%21%40211b61d017729920574061026eb681%2112000040987911001%21sea%21US%210%21ABX%211%210%21n_tag%3A-29910%3Bd%3Ad1df2f05%3Bm03_new_user%3A-29895%3BpisId%3A5000000197847450&curPageLogUid=AnERab3pZpta&utparam-url=scene%3Asearch%7Cquery_from%3A%7Cx_object_id%3A1005007489673048%7C_p_origin_prod%3A
Womens Sequins Dance Skirt Lace-Up Mermaid Hip Scarf Wrap Long Belly Dance Hip Skirt Festival Dance Stage Performance Costumes,$7.15 ,"https://ae-pic-a1.aliexpress-media.com/kf/S487e1432dd7948b481733c59241d6c3bv.jpg?has_lang=1&ver=2_220x220q75.jpg_.avif,https://ae-pic-a1.aliexpress-media.com/kf/S487e1432dd7948b481733c59241d6c3bv.jpg?has_lang=1&ver=2_220x220q75.jpg_.avif,https://ae-pic-a1.aliexpress-media.com/kf/S6e202a10038949e0bd669d66087685e7t.jpg_220x220q75.jpg_.avif,https://ae-pic-a1.aliexpress-media.com/kf/S7d834601a6ad4026878b4cc846df81115.jpg?has_lang=1&ver=2_220x220q75.jpg_.avif,https://ae-pic-a1.aliexpress-media.com/kf/Sfc93133b774b49b981400d71756e5ce7k.jpg_220x220q75.jpg_.avif","['Occasion', 'Party', 'Festival', 'Halloween', 'High-concerned chemical', 'None', 'Release Date', 'Winter 2024', 'Craft of Weaving', 'Tatting', 'Season', 'Summer']",https://www.aliexpress.us/item/3256808189017891.html?algo_pvid=86390692-681c-4a97-90e4-559478fd2ca5&algo_exp_id=86390692-681c-4a97-90e4-559478fd2ca5-15&pdp_ext_f=%7B%22order%22%3A%22553%22%2C%22eval%22%3A%221%22%2C%22fromPage%22%3A%22search%22%7D&pdp_npi=6%40dis%21USD%2113.00%217.15%21%21%2113.00%217.15%21%40211b61d017729920574061026eb681%2112000044779431629%21sea%21US%210%21ABX%211%210%21n_tag%3A-29910%3Bd%3Ad1df2f05%3Bm03_new_user%3A-29895&curPageLogUid=RmlGc72vWc8v&utparam-url=scene%3Asearch%7Cquery_from%3A%7Cx_object_id%3A1005008375332643%7C_p_origin_prod%3A
fashionable summer sports shorts women's pleated skirt anti glare short skirt running outdoor fitness breathable tennis skirt,$2.07 ,"https://ae-pic-a1.aliexpress-media.com/kf/S29d937414f40493e996732a5c7c3cd6cd.jpg_220x220q75.jpg_.avif,https://ae-pic-a1.aliexpress-media.com/kf/S29d937414f40493e996732a5c7c3cd6cd.jpg_220x220q75.jpg_.avif,https://ae-pic-a1.aliexpress-media.com/kf/S22e7c7228dc145a1ab28f06c5759b8dab.jpg_220x220q75.jpg_.avif,https://ae-pic-a1.aliexpress-media.com/kf/S07383bf219d64fb080ee8cb3308d9286P.jpg_220x220q75.jpg_.avif,https://ae-pic-a1.aliexpress-media.com/kf/S583653f9ba6f4b5a8c116c8d1ba1c63b5.jpg_220x220q75.jpg_.avif","['High-concerned chemical', 'None', 'Release Date', 'Summer 2024', 'Craft of Weaving', 'Knit', 'Season', 'Spring/Summer', 'is_customized', 'Yes', 'Fabric Type', 'Knitting']",https://www.aliexpress.us/item/3256807196658601.html?algo_pvid=86390692-681c-4a97-90e4-559478fd2ca5&algo_exp_id=86390692-681c-4a97-90e4-559478fd2ca5-17&pdp_ext_f=%7B%22order%22%3A%22552%22%2C%22eval%22%3A%221%22%2C%22fromPage%22%3A%22search%22%7D&pdp_npi=6%40dis%21USD%2112.07%212.07%21%21%2182.97%2114.24%21%40211b61d017729920574061026eb681%2112000040518834937%21sea%21US%210%21ABX%211%210%21n_tag%3A-29910%3Bd%3Ad1df2f05%3Bm03_new_user%3A-29895%3BpisId%3A5000000197847450&curPageLogUid=GuW863hVe7Ua&utparam-url=scene%3Asearch%7Cquery_from%3A%7Cx_object_id%3A1005007382973353%7C_p_origin_prod%3A
Cute Ruffle Bloomer Skirts Women's Summer Lace Floral Skirt High Rise Tiered Ruffled Flowy Short Mini A Line Skirt,$7.24 ,"https://ae-pic-a1.aliexpress-media.com/kf/Sad2932828b834ff88226c5bc846fb9afC.jpg_220x220q75.jpg_.avif,https://ae-pic-a1.aliexpress-media.com/kf/Se097b3a8573745878124022bb45d4c1eI.jpg_220x220q75.jpg_.avif,https://ae-pic-a1.aliexpress-media.com/kf/S7727bb2138504bbba30c851fc89cc04bG.jpg_220x220q75.jpg_.avif,https://ae-pic-a1.aliexpress-media.com/kf/Sb15f42a24d924fc4babc4ac19e90d26cv.jpg_220x220q75.jpg_.avif,https://ae-pic-a1.aliexpress-media.com/kf/S3f1e42cd8d754567a18f575414bf5dbax.jpg_220x220q75.jpg_.avif","['High-concerned chemical', 'None', 'Release Date', 'Autumn 2024', 'Craft of Weaving', 'Tatting', 'Season', 'Summer', 'is_customized', 'No', 'Fabric Type', 'Broadcloth']",https://www.aliexpress.us/item/3256808099847257.html?algo_pvid=86390692-681c-4a97-90e4-559478fd2ca5&algo_exp_id=86390692-681c-4a97-90e4-559478fd2ca5-18&pdp_ext_f=%7B%22order%22%3A%22548%22%2C%22eval%22%3A%221%22%2C%22fromPage%22%3A%22search%22%7D&pdp_npi=6%40dis%21USD%219.05%217.24%21%21%219.05%217.24%21%40211b61d017729920574061026eb681%2112000044480391381%21sea%21US%210%21ABX%211%210%21n_tag%3A-29910%3Bd%3Ad1df2f05%3Bm03_new_user%3A-29895&curPageLogUid=FdPUesuS6gOL&utparam-url=scene%3Asearch%7Cquery_from%3A%7Cx_object_id%3A1005008286162009%7C_p_origin_prod%3A
AltGoth Punk Mall Goth Shorts Skirt Women Y2k E-girl Streetwear Harajuku Leg Ring Buckle Detachable High Waist Emo Alt Clubwear,$3.23 ,"https://ae-pic-a1.aliexpress-media.com/kf/S094f643a67ae44d4934f93898786aaaci.jpg?has_lang=1&ver=2_220x220q75.jpg_.avif,https://ae-pic-a1.aliexpress-media.com/kf/S094f643a67ae44d4934f93898786aaaci.jpg?has_lang=1&ver=2_220x220q75.jpg_.avif,https://ae-pic-a1.aliexpress-media.com/kf/S6d07bbad262b4421b985fd91f28eededt.jpg?has_lang=1&ver=2_220x220q75.jpg_.avif,https://ae-pic-a1.aliexpress-media.com/kf/S5d0e826b6a2541e6a3cf9434565d8919k.jpg_220x220q75.jpg_.avif,https://ae-pic-a1.aliexpress-media.com/kf/S06849e8f4fac4fd485f26434cb2b0795Z.jpg?has_lang=1&ver=2_220x220q75.jpg_.avif","['High-concerned chemical', 'None', 'Season', 'Spring/Summer', 'is_customized', 'No', 'Fabric Type', 'Broadcloth', 'Age', 'Junior', 'Place Of Origin', 'China (mainland)']",https://www.aliexpress.us/item/3256805971683568.html?algo_pvid=86390692-681c-4a97-90e4-559478fd2ca5&algo_exp_id=86390692-681c-4a97-90e4-559478fd2ca5-19&pdp_ext_f=%7B%22order%22%3A%22547%22%2C%22spu_best_type%22%3A%22price%22%2C%22eval%22%3A%221%22%2C%22fromPage%22%3A%22search%22%7D&pdp_npi=6%40dis%21USD%2126.46%213.23%21%21%21181.87%2122.20%21%40211b61d017729920574061026eb681%2112000036032308268%21sea%21US%210%21ABX%211%210%21n_tag%3A-29910%3Bd%3Ad1df2f05%3Bm03_new_user%3A-29895%3BpisId%3A5000000197847450&curPageLogUid=dPyrYvwRiG1M&utparam-url=scene%3Asearch%7Cquery_from%3A%7Cx_object_id%3A1005006157998320%7C_p_origin_prod%3A
Japan Style High Waist Pleated Mini Skirts Bow Knot Design Mini Skirts Kawaii Slim Fit A-line Skirts Pink Lace Skirts For Women,$28.31 ,"https://ae-pic-a1.aliexpress-media.com/kf/Scd09a0f51f9f441289e425a6de0163580.jpg_220x220q75.jpg_.avif,https://ae-pic-a1.aliexpress-media.com/kf/S64213e9a13e543ce883a569ead23dde7w.jpg_220x220q75.jpg_.avif,https://ae-pic-a1.aliexpress-media.com/kf/Se197364e27714bd0bcf2235c144ad964L.jpg_220x220q75.jpg_.avif,https://ae-pic-a1.aliexpress-media.com/kf/S8aa7a5f5cbb1495c8d30b77f3026d508d.jpg_220x220q75.jpg_.avif,https://ae-pic-a1.aliexpress-media.com/kf/S60fd7dd13ef04cc5b3b771a94ef8bf1aa.jpg?has_lang=1&ver=2_220x220q75.jpg_.avif","['High-concerned chemical', 'None', 'Release Date', 'Summer 2024', 'Craft of Weaving', 'Tatting', 'Season', 'Autumn/Winter', 'is_customized', 'No', 'Fabric Type', 'Broadcloth']",https://www.aliexpress.us/item/3256807261649729.html?algo_pvid=86390692-681c-4a97-90e4-559478fd2ca5&algo_exp_id=86390692-681c-4a97-90e4-559478fd2ca5-20&pdp_ext_f=%7B%22order%22%3A%22543%22%2C%22eval%22%3A%221%22%2C%22fromPage%22%3A%22search%22%7D&pdp_npi=6%40dis%21USD%2137.11%2128.31%21%21%21255.03%21194.54%21%40211b61d017729920574061026eb681%2112000040792459950%21sea%21US%210%21ABX%211%210%21n_tag%3A-29910%3Bd%3Ad1df2f05%3Bm03_new_user%3A-29895%3BpisId%3A5000000201897380&curPageLogUid=FbSHZTnYAgQR&utparam-url=scene%3Asearch%7Cquery_from%3A%7Cx_object_id%3A1005007447964481%7C_p_origin_prod%3A
Womens Glossy Nightclub Outfit Shiny High Waist Mini Skirt with Stockings Set Rave Party Cheer Booty Workout Pole Dance Clubwear,$0.99 ,"https://ae-pic-a1.aliexpress-media.com/kf/Sa973756eb8dc4921a629b8455aec7e2cp.jpg?has_lang=1&ver=1_220x220q75.jpg_.avif,https://ae-pic-a1.aliexpress-media.com/kf/Sa973756eb8dc4921a629b8455aec7e2cp.jpg?has_lang=1&ver=1_220x220q75.jpg_.avif,https://ae-pic-a1.aliexpress-media.com/kf/S38d6971767dc4d759502010a939e62e5M.jpg_220x220q75.jpg_.avif,https://ae-pic-a1.aliexpress-media.com/kf/Saaac17b7d04f43e0b4a3e0115db15a21j.jpg_220x220q75.jpg_.avif,https://ae-pic-a1.aliexpress-media.com/kf/S124be134392146419791258742c75effZ.jpg?has_lang=1&ver=1_220x220q75.jpg_.avif","['High-concerned chemical', 'None', 'Release Date', 'Summer 2025', 'Craft of Weaving', 'Tatting', 'Season', 'All Season', 'is_customized', 'No', 'Fabric Type', 'Broadcloth']",https://www.aliexpress.us/item/3256804295961229.html?algo_pvid=86390692-681c-4a97-90e4-559478fd2ca5&algo_exp_id=86390692-681c-4a97-90e4-559478fd2ca5-21&pdp_ext_f=%7B%22order%22%3A%22542%22%2C%22eval%22%3A%221%22%2C%22fromPage%22%3A%22search%22%7D&pdp_npi=6%40dis%21USD%214.92%210.99%21%21%214.92%210.99%21%40211b61d017729920574061026eb681%2112000029316628278%21sea%21US%210%21ABX%211%210%21n_tag%3A-29910%3Bd%3Ad1df2f05%3Bm03_new_user%3A-29895%3BpisId%3A5000000198352206&curPageLogUid=976cchINiqUY&utparam-url=scene%3Asearch%7Cquery_from%3A%7Cx_object_id%3A1005004482275981%7C_p_origin_prod%3A
Japanese Y2k Cute Ruffled Plaid Skirt Punk Rock Subculture Cake Skirts Japanese Preppy Style Casual New 2025 Women Skirts,$0.99 ,"https://ae-pic-a1.aliexpress-media.com/kf/S01c12b64a1064830bbab2529da32783bJ.jpg_220x220q75.jpg_.avif,https://ae-pic-a1.aliexpress-media.com/kf/Sda1c4c4e407b4921a32b87d70ed832ceQ.jpg_220x220q75.jpg_.avif,https://ae-pic-a1.aliexpress-media.com/kf/Sa1c7c77929224cd98d86ae20436ea8caz.jpg?has_lang=1&ver=2_220x220q75.jpg_.avif,https://ae-pic-a1.aliexpress-media.com/kf/S5b5bfeff89ea42a78fbda456b1f7734cC.jpg?has_lang=1&ver=2_220x220q75.jpg_.avif,https://ae-pic-a1.aliexpress-media.com/kf/Sd8521bf484de4a4daa72b032f9b68faao.jpg_220x220q75.jpg_.avif","['High-concerned chemical', 'None', 'Release Date', 'Summer 2025', 'Craft of Weaving', 'Tatting', 'Season', 'Summer', 'is_customized', 'No', 'Fabric Type', 'Blended']",https://www.aliexpress.us/item/3256809318269590.html?algo_pvid=86390692-681c-4a97-90e4-559478fd2ca5&algo_exp_id=86390692-681c-4a97-90e4-559478fd2ca5-22&pdp_ext_f=%7B%22order%22%3A%22541%22%2C%22eval%22%3A%221%22%2C%22fromPage%22%3A%22search%22%7D&pdp_npi=6%40dis%21USD%219.57%210.99%21%21%2165.80%216.80%21%40211b61d017729920574061026eb681%2112000049303857857%21sea%21US%210%21ABX%211%210%21n_tag%3A-29910%3Bd%3Ad1df2f05%3Bm03_new_user%3A-29895%3BpisId%3A5000000197847475&curPageLogUid=ACS7R6bjleBP&utparam-url=scene%3Asearch%7Cquery_from%3A%7Cx_object_id%3A1005009504584342%7C_p_origin_prod%3A
Mooyufon Women Fashion Solid Back Zipper A-Line Mini Skirt Vintage High Waist Female Chic Lady Skirts,$1.07 ,"https://ae-pic-a1.aliexpress-media.com/kf/Sc4e70fc97f6643858cf6ed5c94f9baf2u.jpg_220x220q75.jpg_.avif,https://ae-pic-a1.aliexpress-media.com/kf/Sf713798a422a41a8bd9d63052a3dab3cf.jpg_220x220q75.jpg_.avif,https://ae-pic-a1.aliexpress-media.com/kf/S66b03a3c41024c4fa6950c7d4278664eR.jpg_220x220q75.jpg_.avif,https://ae-pic-a1.aliexpress-media.com/kf/Sda0c3a7715d24e48a552f6791925c02aW.jpg_220x220q75.jpg_.avif,https://ae-pic-a1.aliexpress-media.com/kf/Sab860358ac764857950af385375540411.jpg?has_lang=1&ver=1_220x220q75.jpg_.avif","['High-concerned chemical', 'None', 'Release Date', 'Autumn 2024', 'Craft of Weaving', 'Tatting', 'Season', 'All Season', 'is_customized', 'No', 'Fabric Type', 'Broadcloth']",https://www.aliexpress.us/item/3256807500873579.html?algo_pvid=86390692-681c-4a97-90e4-559478fd2ca5&algo_exp_id=86390692-681c-4a97-90e4-559478fd2ca5-23&pdp_ext_f=%7B%22order%22%3A%22541%22%2C%22eval%22%3A%221%22%2C%22fromPage%22%3A%22search%22%7D&pdp_npi=6%40dis%21USD%2117.53%211.07%21%21%21120.47%217.31%21%40211b61d017729920574061026eb681%2112000041837096381%21sea%21US%210%21ABX%211%210%21n_tag%3A-29910%3Bd%3Ad1df2f05%3Bm03_new_user%3A-29895%3BpisId%3A5000000197847475&curPageLogUid=mptQ9Z3aeiSB&utparam-url=scene%3Asearch%7Cquery_from%3A%7Cx_object_id%3A1005007687188331%7C_p_origin_prod%3A
Women's Apricot A-line Skirt Vintage 90s Aesthetic Y2k 3D Floral Skirts Harajuku Korean Mini Skirts 2000s Cutecore Clothes 2024,$23.91 ,"https://ae-pic-a1.aliexpress-media.com/kf/S12ad93b1d32244c6bb5735cfd2ee17b2Z.jpg_220x220q75.jpg_.avif,https://ae-pic-a1.aliexpress-media.com/kf/S740937f6a9a440cf9a6498ff0ad2260dt.jpg_220x220q75.jpg_.avif,https://ae-pic-a1.aliexpress-media.com/kf/S1887c844b3f94d4b9d6681f34d5ff55eD.jpg_220x220q75.jpg_.avif,https://ae-pic-a1.aliexpress-media.com/kf/S3d90bb2267a94fda918dafa0f920dee5B.jpg_220x220q75.jpg_.avif,https://ae-pic-a1.aliexpress-media.com/kf/S66f24a8bfb90403cbc8b517170c2bb72e.jpg_220x220q75.jpg_.avif","['High-concerned chemical', 'None', 'Craft of Weaving', 'Tatting', 'Season', 'Summer', 'is_customized', 'No', 'Fabric Type', 'Blended', 'Age', 'Junior']",https://www.aliexpress.us/item/3256807977778989.html?algo_pvid=86390692-681c-4a97-90e4-559478fd2ca5&algo_exp_id=86390692-681c-4a97-90e4-559478fd2ca5-24&pdp_ext_f=%7B%22order%22%3A%22540%22%2C%22eval%22%3A%221%22%2C%22fromPage%22%3A%22search%22%7D&pdp_npi=6%40dis%21USD%2147.83%2123.91%21%21%2147.83%2123.91%21%40211b61d017729920574061026eb681%2112000044220050373%21sea%21US%210%21ABX%211%210%21n_tag%3A-29910%3Bd%3Ad1df2f05%3Bm03_new_user%3A-29895&curPageLogUid=3zZ2l856q6H2&utparam-url=scene%3Asearch%7Cquery_from%3A%7Cx_object_id%3A1005008164093741%7C_p_origin_prod%3A
Preppy Style Lolita Kawaii Skirts Japanese Sweet Mini Women Harajuku Cute Ball Gown Denim Skater Y2K High Waist Lace Cake Skirts,$24.19 ,"https://ae-pic-a1.aliexpress-media.com/kf/Sf690ead7860648a99f68e18ff7e4b7e74.jpg_220x220q75.jpg_.avif,https://ae-pic-a1.aliexpress-media.com/kf/Sf690ead7860648a99f68e18ff7e4b7e74.jpg_220x220q75.jpg_.avif,https://ae-pic-a1.aliexpress-media.com/kf/Sd6d0f6eeb7e246f9b430a0dec818200cM.jpg_220x220q75.jpg_.avif,https://ae-pic-a1.aliexpress-media.com/kf/Sb633afc94103494886f1ad7b769e1f97f.jpg_220x220q75.jpg_.avif,https://ae-pic-a1.aliexpress-media.com/kf/Sc193e9286dd74404822857795f48a8d85.jpg_220x220q75.jpg_.avif","['High-concerned chemical', 'None', 'Release Date', 'Summer 2025', 'Craft of Weaving', 'Tatting', 'Season', 'All Season', 'is_customized', 'No', 'Fabric Type', 'Broadcloth']",https://www.aliexpress.us/item/3256804514511763.html?algo_pvid=86390692-681c-4a97-90e4-559478fd2ca5&algo_exp_id=86390692-681c-4a97-90e4-559478fd2ca5-25&pdp_ext_f=%7B%22order%22%3A%22537%22%2C%22eval%22%3A%221%22%2C%22fromPage%22%3A%22search%22%7D&pdp_npi=6%40dis%21USD%2134.19%2124.19%21%21%2134.19%2124.19%21%40211b61d017729920574061026eb681%2112000030150806205%21sea%21US%210%21ABX%211%210%21n_tag%3A-29910%3Bd%3Ad1df2f05%3Bm03_new_user%3A-29895%3BpisId%3A5000000197847450&curPageLogUid=9g3RE5tovOM1&utparam-url=scene%3Asearch%7Cquery_from%3A%7Cx_object_id%3A1005004700826515%7C_p_origin_prod%3A
Women Plaid Pleat Skirt With Necktie Bowtie XS- 5XL Harajuku Preppy Mini Japanese School Uniforms Girls Summer Jupe Kawaii Skirt,$0.99 ,"https://ae-pic-a1.aliexpress-media.com/kf/S57275aebd33d42efb6e05d30740fc29b3.jpg_220x220q75.jpg_.avif,https://ae-pic-a1.aliexpress-media.com/kf/S63ded15b99cb4ed1b3f4f20cdc5c1edbZ.jpg_220x220q75.jpg_.avif,https://ae-pic-a1.aliexpress-media.com/kf/Sf320b5932004428e9ec8a25ca5d3a968N.jpg_220x220q75.jpg_.avif,https://ae-pic-a1.aliexpress-media.com/kf/S66412b7650cf464d993030d084d7b2d4H.jpg_220x220q75.jpg_.avif,https://ae-pic-a1.aliexpress-media.com/kf/See17e5dcce9547f5b4f42beec22431fay.jpg_220x220q75.jpg_.avif","['High-concerned chemical', 'None', 'Craft of Weaving', 'Knit', 'Season', 'All Season', 'is_customized', 'No', 'Fabric Type', 'Broadcloth', 'Age', 'Junior']",https://www.aliexpress.us/item/3256804982541697.html?algo_pvid=86390692-681c-4a97-90e4-559478fd2ca5&algo_exp_id=86390692-681c-4a97-90e4-559478fd2ca5-26&pdp_ext_f=%7B%22order%22%3A%22536%22%2C%22eval%22%3A%221%22%2C%22fromPage%22%3A%22search%22%7D&pdp_npi=6%40dis%21USD%219.96%210.99%21%21%2168.48%216.83%21%40211b61d017729920574061026eb681%2112000031953418932%21sea%21US%210%21ABX%211%210%21n_tag%3A-29910%3Bd%3Ad1df2f05%3Bm03_new_user%3A-29895%3BpisId%3A5000000197847458&curPageLogUid=dHWQGRsWgR10&utparam-url=scene%3Asearch%7Cquery_from%3A%7Cx_object_id%3A1005005168856449%7C_p_origin_prod%3A
Women Y2k Lace Mini Skirt Fairy Coquette Low Rise Pleated Ruffle Half Slip Skirt Vintage Layered Flowy Short Skirt Streetwear,$10.68 ,"https://ae-pic-a1.aliexpress-media.com/kf/S2ed7ebfc62f7422fb87fe8267212b4eb4.jpg_220x220q75.jpg_.avif,https://ae-pic-a1.aliexpress-media.com/kf/S33390b9532964cde86f6d520ac7ac5c0p.jpg_220x220q75.jpg_.avif,https://ae-pic-a1.aliexpress-media.com/kf/S484899d8da604b80bf1a6346fc6ac9a0y.jpg_220x220q75.jpg_.avif,https://ae-pic-a1.aliexpress-media.com/kf/Se5dfba53744b4d87a5a4fa207bb0bb8bk.jpg?has_lang=1&ver=2_220x220q75.jpg_.avif,https://ae-pic-a1.aliexpress-media.com/kf/S9ba2d754a70f4b56b2fbb1e0f6d6ef4al.jpg_220x220q75.jpg_.avif","['High-concerned chemical', 'None', 'Release Date', 'Autumn 2024', 'Craft of Weaving', 'Tatting', 'Season', 'All Season', 'is_customized', 'No', 'Fabric Type', 'Broadcloth']",https://www.aliexpress.us/item/3256808139603881.html?algo_pvid=86390692-681c-4a97-90e4-559478fd2ca5&algo_exp_id=86390692-681c-4a97-90e4-559478fd2ca5-28&pdp_ext_f=%7B%22order%22%3A%22532%22%2C%22spu_best_type%22%3A%22price%22%2C%22eval%22%3A%221%22%2C%22fromPage%22%3A%22search%22%7D&pdp_npi=6%40dis%21USD%2110.68%2110.68%21%21%2110.68%2110.68%21%40211b61d017729920574061026eb681%2112000044611848969%21sea%21US%210%21ABX%211%210%21n_tag%3A-29910%3Bd%3Ad1df2f05%3Bm03_new_user%3A-29895&curPageLogUid=llYLo1MMsiyW&utparam-url=scene%3Asearch%7Cquery_from%3A%7Cx_object_id%3A1005008325918633%7C_p_origin_prod%3A
100-crotch Women Spring Summer Jk White A- crotch High-waist Short Skirt Autumn Winter Plaid Half-skirt,$7.95 ,"https://ae-pic-a1.aliexpress-media.com/kf/S69c78d6cdfd74b52836218e9c529494bb.png_220x220.png_.avif,https://ae-pic-a1.aliexpress-media.com/kf/Sfde0296ed9f449a5a99994f39cc6cd39M.png_220x220.png_.avif,https://ae-pic-a1.aliexpress-media.com/kf/Sd980df3560054884971c283ec79cb850o.png_220x220.png_.avif,https://ae-pic-a1.aliexpress-media.com/kf/S4ff069e274094821b611e53548d8f5991.png_220x220.png_.avif,https://ae-pic-a1.aliexpress-media.com/kf/S308db630d1dd4b78854b53803a2cacf2e.png_220x220.png_.avif","['High-concerned chemical', 'None', 'Craft of Weaving', 'Tatting', 'Season', 'Summer', 'Fabric Type', 'Blended', 'Age', 'Middle Age', 'Place Of Origin', 'China (mainland)']",https://www.aliexpress.us/item/3256806852007210.html?algo_pvid=86390692-681c-4a97-90e4-559478fd2ca5&algo_exp_id=86390692-681c-4a97-90e4-559478fd2ca5-29&pdp_ext_f=%7B%22order%22%3A%22532%22%2C%22eval%22%3A%221%22%2C%22orig_sl_item_id%22%3A%221005007038321962%22%2C%22orig_item_id%22%3A%221005008781941926%22%2C%22fromPage%22%3A%22search%22%7D&pdp_npi=6%40dis%21USD%2115.90%217.95%21%21%21109.30%2154.65%21%40211b61d017729920574061026eb681%2112000039180406635%21sea%21US%210%21ABX%211%210%21n_tag%3A-29910%3Bd%3Ad1df2f05%3Bm03_new_user%3A-29895&curPageLogUid=Cpwze4DopR47&utparam-url=scene%3Asearch%7Cquery_from%3A%7Cx_object_id%3A1005007038321962%7C_p_origin_prod%3A1005008781941926
HXAO Women's Satin Long Skirts Black White Green Khaki Skirt Summer Elegant Women's Skirts Luxury Smooth High Waist Skirts 066,$1.06 ,"https://ae-pic-a1.aliexpress-media.com/kf/S27a433cc808f40c9b7c226bf0b7c736ec.jpg_220x220q75.jpg_.avif,https://ae-pic-a1.aliexpress-media.com/kf/S833e3c3d74cc45c698fbf7f39c0c2218n.jpg_220x220q75.jpg_.avif,https://ae-pic-a1.aliexpress-media.com/kf/S912ac92f00dd4911bde769eaad3225cct.jpg_220x220q75.jpg_.avif,https://ae-pic-a1.aliexpress-media.com/kf/Sdd31cfdcfad94438a849dfed3ac403e5I.jpg_220x220q75.jpg_.avif,https://ae-pic-a1.aliexpress-media.com/kf/S2cff0387571244eabcf765af5c335e90u.jpg_220x220q75.jpg_.avif","['Occasion', 'Party', 'Festival', 'Carnivals', 'High-concerned chemical', 'None', 'Release Date', 'Spring 2025', 'Craft of Weaving', 'Tatting', 'Season', 'All Season']",https://www.aliexpress.us/item/3256808569664762.html?algo_pvid=86390692-681c-4a97-90e4-559478fd2ca5&algo_exp_id=86390692-681c-4a97-90e4-559478fd2ca5-30&pdp_ext_f=%7B%22order%22%3A%22530%22%2C%22eval%22%3A%221%22%2C%22fromPage%22%3A%22search%22%7D&pdp_npi=6%40dis%21USD%2124.04%211.06%21%21%21165.22%217.27%21%40211b61d017729920574061026eb681%2112000046535880145%21sea%21US%210%21ABX%211%210%21n_tag%3A-29910%3Bd%3Ad1df2f05%3Bm03_new_user%3A-29895%3BpisId%3A5000000197847450&curPageLogUid=TKXH6QLuJyCb&utparam-url=scene%3Asearch%7Cquery_from%3A%7Cx_object_id%3A1005008755979514%7C_p_origin_prod%3A
Y2K Vintage High Waist Pleated Skirt Women College Style Uniforms Safety Pants Mini Skirts Woman Korean Street Slim A-Line Skirt,$5.58 ,"https://ae-pic-a1.aliexpress-media.com/kf/Sa5e02f7fc70b4c24b9a63462b8b4b17cR.jpg_220x220q75.jpg_.avif,https://ae-pic-a1.aliexpress-media.com/kf/Sa8f1f7c3ca6a4a9db3c2aa437e3ac2e83.jpg_220x220q75.jpg_.avif,https://ae-pic-a1.aliexpress-media.com/kf/S6f4ba4a0d061449380095a5f8db7119ct.jpg_220x220q75.jpg_.avif,https://ae-pic-a1.aliexpress-media.com/kf/Sc21a5bd1c57d441e8204ea653d9f1045l.jpg_220x220q75.jpg_.avif,https://ae-pic-a1.aliexpress-media.com/kf/S2b8eaa7f634344e185223aaeeb505b8eT.jpg_220x220q75.jpg_.avif","['High-concerned chemical', 'None', 'Craft of Weaving', 'Tatting', 'Season', 'All Season', 'is_customized', 'No', 'Fabric Type', 'Broadcloth', 'Age', 'Junior']",https://www.aliexpress.us/item/3256804885293919.html?algo_pvid=86390692-681c-4a97-90e4-559478fd2ca5&algo_exp_id=86390692-681c-4a97-90e4-559478fd2ca5-31&pdp_ext_f=%7B%22order%22%3A%22529%22%2C%22spu_best_type%22%3A%22price%22%2C%22eval%22%3A%221%22%2C%22fromPage%22%3A%22search%22%7D&pdp_npi=6%40dis%21USD%2115.58%215.58%21%21%21107.10%2138.37%21%40211b61d017729920574061026eb681%2112000031524811569%21sea%21US%210%21ABX%211%210%21n_tag%3A-29910%3Bd%3Ad1df2f05%3Bm03_new_user%3A-29895%3BpisId%3A5000000197847450&curPageLogUid=bt10QOtg4OI2&utparam-url=scene%3Asearch%7Cquery_from%3A%7Cx_object_id%3A1005005071608671%7C_p_origin_prod%3A
KONDALA 2026 Spring Summer Women Casual Tierred Mini Skirts Fashion Vintage Valentine‘s Day Ruffles Pleated Sexy Shorts Skirts,$5.91 ,"https://ae-pic-a1.aliexpress-media.com/kf/S4feaa81da53c4f84a2f7b184db469f53S.png?has_lang=1&ver=1_220x220.png_.avif,https://ae-pic-a1.aliexpress-media.com/kf/Sb14073ebcf2d439a918c4538e8a0e7f9z.png?has_lang=1&ver=1_220x220.png_.avif,https://ae-pic-a1.aliexpress-media.com/kf/S067f7cb6a774461b8f36c7be4933c29a6.png?has_lang=1&ver=1_220x220.png_.avif,https://ae-pic-a1.aliexpress-media.com/kf/S80cc6963882149e9a1275b3eb74a06d9H.png?has_lang=1&ver=1_220x220.png_.avif,https://ae-pic-a1.aliexpress-media.com/kf/S2fb4e6d6efd3445cabfc467e6ae0bb97c.png?has_lang=1&ver=1_220x220.png_.avif","['High-concerned chemical', 'None', 'Release Date', 'Autumn 2025', 'Craft of Weaving', 'Non-Woven', 'Season', 'All Season', 'is_customized', 'No', 'Fabric Type', 'Poplin']",https://www.aliexpress.us/item/3256806013520344.html?algo_pvid=86390692-681c-4a97-90e4-559478fd2ca5&algo_exp_id=86390692-681c-4a97-90e4-559478fd2ca5-32&pdp_ext_f=%7B%22order%22%3A%22526%22%2C%22eval%22%3A%221%22%2C%22fromPage%22%3A%22search%22%7D&pdp_npi=6%40dis%21USD%2133.15%215.91%21%21%21227.82%2140.62%21%40211b61d017729920574061026eb681%2112000036238593834%21sea%21US%210%21ABX%211%210%21n_tag%3A-29910%3Bd%3Ad1df2f05%3Bm03_new_user%3A-29895%3BpisId%3A5000000197847450&curPageLogUid=rFT4Vzgs3bvc&utparam-url=scene%3Asearch%7Cquery_from%3A%7Cx_object_id%3A1005006199835096%7C_p_origin_prod%3A
Black Mini Skirts Women Irregular Side Slits High Waist A Line Shorts Skirts Summer Korean Fashion Chic Hip Wrap Skirt Female,$1.55 ,"https://ae-pic-a1.aliexpress-media.com/kf/Sd56463329c784b568f2bc0878c81f91du.jpeg_220x220q75.jpeg_.avif,https://ae-pic-a1.aliexpress-media.com/kf/Sed4e9fcb386f4e8eb1d9b86cd1b8cacf4.jpeg_220x220q75.jpeg_.avif,https://ae-pic-a1.aliexpress-media.com/kf/S067e8930e6d54592b5be774f7524a3c7d.jpeg_220x220q75.jpeg_.avif,https://ae-pic-a1.aliexpress-media.com/kf/Seb6591a254e14d7ca84d11151c6f571au.jpeg_220x220q75.jpeg_.avif,https://ae-pic-a1.aliexpress-media.com/kf/Sf8e35cf349bd458cb382f2fc453ef5608.jpeg_220x220q75.jpeg_.avif","['High-concerned chemical', 'None', 'Release Date', 'Summer 2024', 'Craft of Weaving', 'Tatting', 'Season', 'Spring/Summer', 'is_customized', 'No', 'Fabric Type', 'JERSEY']",https://www.aliexpress.us/item/3256806952984366.html?algo_pvid=86390692-681c-4a97-90e4-559478fd2ca5&algo_exp_id=86390692-681c-4a97-90e4-559478fd2ca5-33&pdp_ext_f=%7B%22order%22%3A%22525%22%2C%22eval%22%3A%221%22%2C%22fromPage%22%3A%22search%22%7D&pdp_npi=6%40dis%21USD%2116.21%211.55%21%21%21111.43%2110.64%21%40211b61d017729920574061026eb681%2112000039541933552%21sea%21US%210%21ABX%211%210%21n_tag%3A-29910%3Bd%3Ad1df2f05%3Bm03_new_user%3A-29895%3BpisId%3A5000000197847475&curPageLogUid=D5NsYCRZDvfW&utparam-url=scene%3Asearch%7Cquery_from%3A%7Cx_object_id%3A1005007139299118%7C_p_origin_prod%3A
2024 New Arrival Spring/summer Arts Style Women Casual Loose Fit Elastic Waist A-line Jacquard Design Ankle-length Skirt P02,$18.89 ,"https://ae-pic-a1.aliexpress-media.com/kf/S8a7457afab9f431297586e127341867co.jpg_220x220q75.jpg_.avif,https://ae-pic-a1.aliexpress-media.com/kf/S69bcf0169f564e10990841181d099c47L.jpg_220x220q75.jpg_.avif,https://ae-pic-a1.aliexpress-media.com/kf/S0cf27ea3073e445980bcfd3159d8cec7j.jpg_220x220q75.jpg_.avif,https://ae-pic-a1.aliexpress-media.com/kf/Sd0eba46326c948229c2562a7801d5bc4W.jpg_220x220q75.jpg_.avif,https://ae-pic-a1.aliexpress-media.com/kf/S53cb9ce773bd4c5a884c611cd0c65489A.jpg_220x220q75.jpg_.avif","['High-concerned chemical', 'None', 'Release Date', 'Spring 2024', 'Craft of Weaving', 'Tatting', 'Season', 'Spring/Summer', 'is_customized', 'No', 'Fabric Type', 'Broadcloth']",https://www.aliexpress.us/item/3256806523823485.html?algo_pvid=86390692-681c-4a97-90e4-559478fd2ca5&algo_exp_id=86390692-681c-4a97-90e4-559478fd2ca5-35&pdp_ext_f=%7B%22order%22%3A%22524%22%2C%22eval%22%3A%221%22%2C%22fromPage%22%3A%22search%22%7D&pdp_npi=6%40dis%21USD%2140.13%2118.89%21%21%21275.84%21129.87%21%40211b61d017729920574061026eb681%2112000038067365068%21sea%21US%210%21ABX%211%210%21n_tag%3A-29910%3Bd%3Ad1df2f05%3Bm03_new_user%3A-29895%3BpisId%3A5000000197847450&curPageLogUid=7Hqpmg5aP5JF&utparam-url=scene%3Asearch%7Cquery_from%3A%7Cx_object_id%3A1005006710138237%7C_p_origin_prod%3A
2024 New Women's European And American Style Fashion Silk Satin Texture High Waist Skirt Street Style Elegant Mid-length Skirt,$7.87 ,"https://ae-pic-a1.aliexpress-media.com/kf/S0eea5e49470848dd90ec49fb70a6be9df.jpg?has_lang=1&ver=1_220x220q75.jpg_.avif,https://ae-pic-a1.aliexpress-media.com/kf/Sf9417f67c13c4233ae0f9afb5149bb83a.jpg_220x220q75.jpg_.avif,https://ae-pic-a1.aliexpress-media.com/kf/Seaa33139f47442049bd0a887e39f10183.jpg_220x220q75.jpg_.avif,https://ae-pic-a1.aliexpress-media.com/kf/S30b31d5dc5894c05bf8ae7e882e30b85v.jpg_220x220q75.jpg_.avif,https://ae-pic-a1.aliexpress-media.com/kf/Se05bd5e00b454e9fa6e9586316b29fc2w.jpg_220x220q75.jpg_.avif","['High-concerned chemical', 'None', 'Release Date', 'Autumn 2024', 'Craft of Weaving', 'Tatting', 'Season', 'Summer', 'is_customized', 'No', 'Fabric Type', 'Blended']",https://www.aliexpress.us/item/3256807243583017.html?algo_pvid=86390692-681c-4a97-90e4-559478fd2ca5&algo_exp_id=86390692-681c-4a97-90e4-559478fd2ca5-37&pdp_ext_f=%7B%22order%22%3A%22523%22%2C%22eval%22%3A%221%22%2C%22fromPage%22%3A%22search%22%7D&pdp_npi=6%40dis%21USD%2134.65%217.87%21%21%21238.11%2154.08%21%40211b61d017729920574061026eb681%2112000040727078307%21sea%21US%210%21ABX%211%210%21n_tag%3A-29910%3Bd%3Ad1df2f05%3Bm03_new_user%3A-29895%3BpisId%3A5000000197847450&curPageLogUid=QcjqrY9DXfKB&utparam-url=scene%3Asearch%7Cquery_from%3A%7Cx_object_id%3A1005007429897769%7C_p_origin_prod%3A
Summer Kawaii White Ruflles Skirt Women Fashion Slim Fit Chiffon Mini Skirts Giris Y2k All Match Elastic High Waist Black Faldas,$8.73 ,"https://ae-pic-a1.aliexpress-media.com/kf/Sc8542e19d6a7426186285387f4b7163dN.jpg_220x220q75.jpg_.avif,https://ae-pic-a1.aliexpress-media.com/kf/Sc8542e19d6a7426186285387f4b7163dN.jpg_220x220q75.jpg_.avif,https://ae-pic-a1.aliexpress-media.com/kf/S42dee90abdcb42869af93f4f6fe40070R.jpg_220x220q75.jpg_.avif,https://ae-pic-a1.aliexpress-media.com/kf/S348b484be5f44f809c7fe19c07380010G.jpg_220x220q75.jpg_.avif,https://ae-pic-a1.aliexpress-media.com/kf/Sfa775d90db8948cdacd4e664768eb625m.jpg_220x220q75.jpg_.avif","['Occasion', 'Night Out', 'Festival', 'Back to school season', 'High-concerned chemical', 'None', 'Release Date', 'Summer 2025', 'Craft of Weaving', 'Tatting', 'Season', 'Summer', 'is_customized', 'No', 'Fabric Type', 'Broadcloth', 'Age', 'Junior', 'Place Of Origin', 'China (mainland)', 'Model Number', 'SZD007', 'Waistline', 'Natural', 'Dresses Length', 'Above Knee , Mini', 'Decoration', 'Ruffles', 'Silhouette', 'A-LINE', 'Pattern Type', 'Solid', 'Style', 'Preppy Style', 'Material', 'POLYESTER,Acetate', 'Gender', 'Women', 'Origin', 'Mainland China', 'Elasticity', 'Non Strech', 'CN', 'Guangdong', 'Fit Type', 'Loose', 'CN', 'Guangdong', 'Skirt', ""Women's skirt"", 'Skirt shorts', 'White skirt', 'Summer skirt', 'Skirts', 'Skirt black', 'White skirt', ""Women's summer skirt"", 'Short skirt', 'Skirt for women', 'korean style', ""Women's skirt"", 'Skirt with shorts', 'Short skirt', ""Women's skirt"", 'Pleated skirt', ""women's mini skirt"", ""women's black skirt"", 'mini skirt for women', 'Black skirt', 'Skirt', 'cute skirt', 'white skirt', 'white mini skirt', ""women's short skirt"", 'Mini skirts', 'Layered skirt', ""Korean women's clothing"", 'skirt with ruffles', 'black mini skirt', 'black short skirt', 'White mini skirt', 'Skirt pants', 'Summer skirt for women', ""women's short skirt""]",https://www.aliexpress.us/item/3256808301858228.html?algo_pvid=86390692-681c-4a97-90e4-559478fd2ca5&algo_exp_id=86390692-681c-4a97-90e4-559478fd2ca5-38&pdp_ext_f=%7B%22order%22%3A%22519%22%2C%22eval%22%3A%221%22%2C%22fromPage%22%3A%22search%22%7D&pdp_npi=6%40dis%21USD%218.73%218.73%21%21%2159.97%2159.97%21%40211b61d017729920574061026eb681%2112000045363573518%21sea%21US%210%21ABX%211%210%21n_tag%3A-29910%3Bd%3Ad1df2f05%3Bm03_new_user%3A-29895&curPageLogUid=LDOmn2FMZbtb&utparam-url=scene%3Asearch%7Cquery_from%3A%7Cx_object_id%3A1005008488172980%7C_p_origin_prod%3A
Streetwear Ruffles Mini Skirts Women Sweet Kawaii High Waist Lace A Line Skirt Summer Korean Fashion Black Ball Gown Skirts,$1.02 ,"https://ae-pic-a1.aliexpress-media.com/kf/S3b73474ce02d458d927cbbc1bbc5da7cm.jpg_220x220q75.jpg_.avif,https://ae-pic-a1.aliexpress-media.com/kf/Sa0cc4887e9aa49bcb8757493e325d60eo.jpg_220x220q75.jpg_.avif,https://ae-pic-a1.aliexpress-media.com/kf/S0c3dbb8c327e48e69e82e42f86418f01L.jpg_220x220q75.jpg_.avif,https://ae-pic-a1.aliexpress-media.com/kf/Sba50c7ce5e384aa2881f9e5ecfd04266R.jpg_220x220q75.jpg_.avif,https://ae-pic-a1.aliexpress-media.com/kf/Sa3ad2c2058434e888b47bd61ca3e32faR.jpg_220x220q75.jpg_.avif","['High-concerned chemical', 'None', 'Release Date', 'Summer 2024', 'Craft of Weaving', 'Non-Woven', 'Season', 'Spring/Summer', 'Fabric Type', 'Broadcloth', 'Age', 'Junior', 'Place Of Origin', 'China (mainland)', 'Model Number', 'LC12271', 'Waistline', 'empire', 'Dresses Length', 'Above Knee , Mini', 'Decoration', 'Lace', 'Silhouette', 'A-LINE', 'Pattern Type', 'Solid', 'Style', 'High Street', 'Material', 'POLYESTER', 'Gender', 'Women', 'Origin', 'Mainland China', 'Elasticity', 'High Strecth', 'CN', 'Guangdong', 'Fit Type', 'Slim']",https://www.aliexpress.us/item/3256807249399906.html?algo_pvid=86390692-681c-4a97-90e4-559478fd2ca5&algo_exp_id=86390692-681c-4a97-90e4-559478fd2ca5-39&pdp_ext_f=%7B%22order%22%3A%22519%22%2C%22eval%22%3A%221%22%2C%22fromPage%22%3A%22search%22%7D&pdp_npi=6%40dis%21USD%2116.70%211.02%21%21%21114.79%216.99%21%40211b61d017729920574061026eb681%2112000040747492544%21sea%21US%210%21ABX%211%210%21n_tag%3A-29910%3Bd%3Ad1df2f05%3Bm03_new_user%3A-29895%3BpisId%3A5000000197847475&curPageLogUid=3imhmZvdFZBu&utparam-url=scene%3Asearch%7Cquery_from%3A%7Cx_object_id%3A1005007435714658%7C_p_origin_prod%3A
21 Colors New 2026 Women's Elegant High Waist Satin Long Skirts Female Summer Solid Color Faldas,$9.94 ,"https://ae-pic-a1.aliexpress-media.com/kf/S4805a8c8c31d43cabe5232ccc3e6f0082.jpg_220x220q75.jpg_.avif,https://ae-pic-a1.aliexpress-media.com/kf/S2a50e039d21a4c90a04c58dfe41bdc66Y.jpg_220x220q75.jpg_.avif,https://ae-pic-a1.aliexpress-media.com/kf/S03492fb8701e4028a03232ade0067695H.jpg_220x220q75.jpg_.avif,https://ae-pic-a1.aliexpress-media.com/kf/Sc8d7c3c205ec4fea9185478e40fcbd734.jpg_220x220q75.jpg_.avif,https://ae-pic-a1.aliexpress-media.com/kf/S242758aedaa94443b42346d817d7bb05K.jpg_220x220q75.jpg_.avif","['High-concerned chemical', 'None', 'Release Date', 'Spring 2026', 'Craft of Weaving', 'Tatting', 'Season', 'Summer', 'is_customized', 'No', 'Fabric Type', 'Satin', 'Age', 'Middle Age', 'Place Of Origin', 'China (mainland)', 'Model Number', 'DQ223', 'Waistline', 'empire', 'Dresses Length', 'Ankle-Length', 'Decoration', 'None', 'Silhouette', 'Trumpet / Mermaid', 'Pattern Type', 'Solid color', 'Style', 'High Street', 'Material', 'POLYESTER', 'Gender', 'Women', 'Origin', 'Mainland China', 'Brand Name', 'AIUJXK', 'Elasticity', 'Non Strech', 'CN', 'Guangdong', 'Fit Type', 'Regular Fit']",https://www.aliexpress.us/item/3256808564871267.html?algo_pvid=86390692-681c-4a97-90e4-559478fd2ca5&algo_exp_id=86390692-681c-4a97-90e4-559478fd2ca5-41&pdp_ext_f=%7B%22order%22%3A%22507%22%2C%22eval%22%3A%221%22%2C%22fromPage%22%3A%22search%22%7D&pdp_npi=6%40dis%21USD%2110.46%219.94%21%21%2171.91%2168.31%21%40211b61d017729920574061026eb681%2112000046516162050%21sea%21US%210%21ABX%211%210%21n_tag%3A-29910%3Bd%3Ad1df2f05%3Bm03_new_user%3A-29895&curPageLogUid=kjSfnfiTQZgA&utparam-url=scene%3Asearch%7Cquery_from%3A%7Cx_object_id%3A1005008751186019%7C_p_origin_prod%3A
Black Mini Skirts Elegant Korean Fashion Faux Leather Skirts For Woman Low Rise Skirts Split Leather Skirt With Shorts Brown,$4.61 ,"https://ae-pic-a1.aliexpress-media.com/kf/S2043dc6923294afaafd0aff326dd6b27K.jpg_220x220q75.jpg_.avif,https://ae-pic-a1.aliexpress-media.com/kf/S2043dc6923294afaafd0aff326dd6b27K.jpg_220x220q75.jpg_.avif,https://ae-pic-a1.aliexpress-media.com/kf/S50cf6f8620cf4b15b968b67fbe3d6a5eD.jpg_220x220q75.jpg_.avif,https://ae-pic-a1.aliexpress-media.com/kf/Sbfe149a490eb467bb023de415e79d3cc0.jpg_220x220q75.jpg_.avif,https://ae-pic-a1.aliexpress-media.com/kf/S6da34c3c6fed4b14bd7a85e0f88d0e47K.jpg_220x220q75.jpg_.avif","['High-concerned chemical', 'None', 'Release Date', 'Summer 2024', 'Craft of Weaving', 'Tatting', 'Season', 'All Season', 'is_customized', 'No', 'Fabric Type', 'Leather', 'Age', 'Middle Age', 'Place Of Origin', 'China (mainland)', 'Model Number', 'Satin skirts black mini', 'Waistline', 'Dropped', 'Dresses Length', 'Above Knee , Mini', 'Decoration', 'Asymmetrical', 'Silhouette', 'Pencil', 'Pattern Type', 'Solid', 'Style', 'Casual', 'Material', 'POLYESTER', 'Gender', 'Women', 'Origin', 'Mainland China', 'Brand Name', 'BRUSCREST', 'Elasticity', 'Non Strech', 'CN', 'Zhejiang', 'Fit Type', 'Regular Fit']",https://www.aliexpress.us/item/3256807326557791.html?algo_pvid=86390692-681c-4a97-90e4-559478fd2ca5&algo_exp_id=86390692-681c-4a97-90e4-559478fd2ca5-42&pdp_ext_f=%7B%22order%22%3A%22506%22%2C%22eval%22%3A%221%22%2C%22fromPage%22%3A%22search%22%7D&pdp_npi=6%40dis%21USD%2111.61%214.61%21%21%2111.61%214.61%21%40211b61d017729920574061026eb681%2112000041082765609%21sea%21US%210%21ABX%211%210%21n_tag%3A-29910%3Bd%3Ad1df2f05%3Bm03_new_user%3A-29895%3BpisId%3A5000000197847475&curPageLogUid=jjQtAeQWspyn&utparam-url=scene%3Asearch%7Cquery_from%3A%7Cx_object_id%3A1005007512872543%7C_p_origin_prod%3A
Women's Elegant High Waist Linen Maxi Skirt 2023 Summer Ladies Casual Elastic Waist 2 Layers Skirts saia feminina 20 Colors SK53,$9.90 ,"https://ae-pic-a1.aliexpress-media.com/kf/H3f0f9cf2a9c54145b67929b86ca484c2r.jpg_220x220q75.jpg_.avif,https://ae-pic-a1.aliexpress-media.com/kf/H3f0f9cf2a9c54145b67929b86ca484c2r.jpg_220x220q75.jpg_.avif,https://ae-pic-a1.aliexpress-media.com/kf/H6e2ded0185094cef9950f728b4db7721q.jpg_220x220q75.jpg_.avif,https://ae-pic-a1.aliexpress-media.com/kf/H54d60facf0dc410ab85621e84d80943fD.jpg_220x220q75.jpg_.avif,https://ae-pic-a1.aliexpress-media.com/kf/Hdec5afc0a9414eb3964c63eaa4271d35o.jpg_220x220q75.jpg_.avif","['High-concerned chemical', 'None', 'Craft of Weaving', 'Knit', 'Season', 'Spring/Summer', 'Fabric Type', 'Cotton linen', 'Age', 'Middle Age', 'Place Of Origin', 'China (mainland)', 'Model Number', 'SK53', 'Waistline', 'empire', 'Dresses Length', 'Floor-Length', 'Decoration', 'None', 'Silhouette', 'Ball Gown', 'Pattern Type', 'Solid', 'Style', 'bohemian', 'Material', 'COTTON,Linen', 'Gender', 'Women', 'Origin', 'Mainland China', 'Brand Name', 'Deturbg', 'Elasticity', 'Slight Strech', 'CN', 'Zhejiang', 'Fit Type', 'Regular Fit', 'Size', 'M,L', 'Color', '20 Colors']",https://www.aliexpress.us/item/2251832436673311.html?algo_pvid=86390692-681c-4a97-90e4-559478fd2ca5&algo_exp_id=86390692-681c-4a97-90e4-559478fd2ca5-44&pdp_ext_f=%7B%22order%22%3A%22505%22%2C%22eval%22%3A%221%22%2C%22fromPage%22%3A%22search%22%7D&pdp_npi=6%40dis%21USD%2119.90%219.90%21%21%2119.90%219.90%21%40211b61d017729920574061026eb681%2164821241736%21sea%21US%210%21ABX%211%210%21n_tag%3A-29910%3Bd%3Ad1df2f05%3Bm03_new_user%3A-29895%3BpisId%3A5000000197847450&curPageLogUid=KNxOMeNCSqR2&utparam-url=scene%3Asearch%7Cquery_from%3A%7Cx_object_id%3A32622988063%7C_p_origin_prod%3A
DEAT 2025 Summer New Patchwork Plaid Irregular Pleated Mini Skirt For Women Zipper Pockets Lace Design Skirts Female 29L7565,$14.33 ,"https://ae-pic-a1.aliexpress-media.com/kf/Sbd0a77d918d142f687c227b038794af4R.jpg?has_lang=1&ver=1_220x220q75.jpg_.avif,https://ae-pic-a1.aliexpress-media.com/kf/Sbd0a77d918d142f687c227b038794af4R.jpg?has_lang=1&ver=1_220x220q75.jpg_.avif,https://ae-pic-a1.aliexpress-media.com/kf/Sa67e45d7ac334d9f9cceaa73d2351a452.jpg_220x220q75.jpg_.avif,https://ae-pic-a1.aliexpress-media.com/kf/S659981ff87534140a8e6501ce7562d29Y.jpg_220x220q75.jpg_.avif,https://ae-pic-a1.aliexpress-media.com/kf/Sb36dbdeab81f436495809d8d7d96aa83u.jpg_220x220q75.jpg_.avif","['High-concerned chemical', 'None', 'Release Date', 'Summer 2024', 'Craft of Weaving', 'Non-Woven', 'Season', 'Summer', 'is_customized', 'No', 'Fabric Type', 'Leather', 'Age', 'Middle Age', 'Place Of Origin', 'China (mainland)', 'Model Number', '89/0.38', 'Waistline', 'Natural', 'Dresses Length', 'Above Knee , Mini', 'Decoration', 'PATCHWORK', 'Silhouette', 'A-LINE', 'Pattern Type', 'Patchwork', 'Style', 'High Street', 'Material', 'POLYESTER', 'Gender', 'Women', 'Origin', 'Mainland China', 'Brand Name', 'DEAT', 'Elasticity', 'Non Strech', 'CN', 'Zhejiang', 'Fit Type', 'Slim']",https://www.aliexpress.us/item/3256806875272881.html?algo_pvid=86390692-681c-4a97-90e4-559478fd2ca5&algo_exp_id=86390692-681c-4a97-90e4-559478fd2ca5-45&pdp_ext_f=%7B%22order%22%3A%22504%22%2C%22eval%22%3A%221%22%2C%22fromPage%22%3A%22search%22%7D&pdp_npi=6%40dis%21USD%2139.06%2114.33%21%21%2139.06%2114.33%21%40211b61d017729920574061026eb681%2112000039276049026%21sea%21US%210%21ABX%211%210%21n_tag%3A-29910%3Bd%3Ad1df2f05%3Bm03_new_user%3A-29895%3BpisId%3A5000000197847458&curPageLogUid=DN8O14C5Wmo0&utparam-url=scene%3Asearch%7Cquery_from%3A%7Cx_object_id%3A1005007061587633%7C_p_origin_prod%3A
Women Mini Pleated Skirts Gothic Punk Mid Waist Stripe Print Lace Ruffle Harajuku School Zip Up Short Skirt Y2K Mini Skirts,$1.46 ,"https://ae-pic-a1.aliexpress-media.com/kf/S3fdd3db82b6d4e2892b915d6fa95492ad.jpg?has_lang=1&ver=2_220x220q75.jpg_.avif,https://ae-pic-a1.aliexpress-media.com/kf/S149d2b43cbd24273bd66d84898383edaK.jpg_220x220q75.jpg_.avif,https://ae-pic-a1.aliexpress-media.com/kf/S9ebd9ea76cdc4f1f8651bebff4c368690.jpg?has_lang=1&ver=2_220x220q75.jpg_.avif,https://ae-pic-a1.aliexpress-media.com/kf/S896822450cd6417fbbbfb961217d09ebC.jpg_220x220q75.jpg_.avif,https://ae-pic-a1.aliexpress-media.com/kf/S51f22bdc645d404e80ca0ab1f5418447b.jpg_220x220q75.jpg_.avif","['Release Date', 'Summer 2024', 'Craft of Weaving', 'Tatting', 'Season', 'Summer', 'is_customized', 'No', 'Fabric Type', 'Broadcloth', 'Age', 'Middle Age', 'Model Number', 'Jean Skirts', 'Waistline', 'empire', 'Dresses Length', 'Above Knee , Mini', 'Decoration', 'Hollow Out', 'Silhouette', 'Pleated', 'Pattern Type', 'Solid', 'Style', 'Streetwear', 'Material', 'POLYESTER', 'Gender', 'Women', 'Origin', 'Mainland China', 'Brand Name', 'Thefound', 'Elasticity', 'Slight Strech', 'CN', 'Guangdong', 'Fit Type', 'Slim']",https://www.aliexpress.us/item/3256803882929709.html?algo_pvid=86390692-681c-4a97-90e4-559478fd2ca5&algo_exp_id=86390692-681c-4a97-90e4-559478fd2ca5-46&pdp_ext_f=%7B%22order%22%3A%22500%22%2C%22eval%22%3A%221%22%2C%22fromPage%22%3A%22search%22%7D&pdp_npi=6%40dis%21USD%2110.96%211.46%21%21%2110.96%211.46%21%40211b61d017729920574061026eb681%2112000027934677993%21sea%21US%210%21ABX%211%210%21n_tag%3A-29910%3Bd%3Ad1df2f05%3Bm03_new_user%3A-29895%3BpisId%3A5000000197847458&curPageLogUid=qAEH2JgApwFZ&utparam-url=scene%3Asearch%7Cquery_from%3A%7Cx_object_id%3A1005004069244461%7C_p_origin_prod%3A
New Women Mesh Elastic Tutu Skirt Beach Spring Summer Korean High Waist Fashion Pleated Long Skirt Black White Tulle Skirts,$14.84 ,"https://ae-pic-a1.aliexpress-media.com/kf/S6addff9e80474c7f8d512c3e6c64a85fk.jpg_220x220q75.jpg_.avif,https://ae-pic-a1.aliexpress-media.com/kf/Sced54acfcdf84a09a19526829fa02facv.jpg_220x220q75.jpg_.avif,https://ae-pic-a1.aliexpress-media.com/kf/S4d10a457092c4f56a636d37da8d06270P.jpg_220x220q75.jpg_.avif,https://ae-pic-a1.aliexpress-media.com/kf/Sa73877e511994a8a890341af35d5aa2bZ.jpg_220x220q75.jpg_.avif,https://ae-pic-a1.aliexpress-media.com/kf/S7239de07d32247f8ba91429cfdab1ee0F.jpg_220x220q75.jpg_.avif","['Season', 'All Season', 'is_customized', 'No', 'Fabric Type', 'Broadcloth', 'Age', 'Middle Age', 'Place Of Origin', 'China (mainland)', 'Model Number', 'women skirts', 'Waistline', 'Natural', 'Dresses Length', 'Mid-Calf', 'Decoration', 'None', 'Silhouette', 'A-LINE', 'Pattern Type', 'Solid', 'Style', 'Casual', 'Material', 'POLYESTER', 'Gender', 'Women', 'Origin', 'Mainland China', 'Brand Name', 'hxyqveuyg', 'Elasticity', 'Non Strech', 'CN', 'Zhejiang', 'Fit Type', 'Regular Fit']",https://www.aliexpress.us/item/3256803789043664.html?algo_pvid=86390692-681c-4a97-90e4-559478fd2ca5&algo_exp_id=86390692-681c-4a97-90e4-559478fd2ca5-47&pdp_ext_f=%7B%22order%22%3A%22494%22%2C%22eval%22%3A%221%22%2C%22fromPage%22%3A%22search%22%7D&pdp_npi=6%40dis%21USD%2118.42%2114.84%21%21%2118.42%2114.84%21%40211b61d017729920574061026eb681%2112000027615149098%21sea%21US%210%21ABX%211%210%21n_tag%3A-29910%3Bd%3Ad1df2f05%3Bm03_new_user%3A-29895%3BpisId%3A5000000201908206&curPageLogUid=HAsZspLpTUcg&utparam-url=scene%3Asearch%7Cquery_from%3A%7Cx_object_id%3A1005003975358416%7C_p_origin_prod%3A
Zevity Women Vintage Geometric Print Knotted Mini Sarong Skirt Faldas Mujer Female Beading Tassel Casual Zipper Vestidos QUN1436,$18.65 ,"https://ae-pic-a1.aliexpress-media.com/kf/S2089b5215314482a877a17e81f637f84O.jpg_220x220q75.jpg_.avif,https://ae-pic-a1.aliexpress-media.com/kf/Sd002f87dad7641b292a9840603cbeb30l.jpg_220x220q75.jpg_.avif,https://ae-pic-a1.aliexpress-media.com/kf/S3691dfb27d01467494b824ec9c34a4c30.jpg_220x220q75.jpg_.avif,https://ae-pic-a1.aliexpress-media.com/kf/Sa68e774444394d5d9ac4e49ef968a877y.jpg_220x220q75.jpg_.avif,https://ae-pic-a1.aliexpress-media.com/kf/S90dce12d63f14d6880fe435a65ea41c78.jpg_220x220q75.jpg_.avif","['High-concerned chemical', 'None', 'Release Date', 'Summer 2024', 'Craft of Weaving', 'Tatting', 'Season', 'Summer', 'is_customized', 'Yes', 'Fabric Type', 'Broadcloth', 'Age', 'Middle Age', 'Place Of Origin', 'China (mainland)', 'Model Number', 'QUN1436', 'Waistline', 'empire', 'Dresses Length', 'Above Knee , Mini', 'Decoration', 'Beading', 'Silhouette', 'A-LINE', 'Pattern Type', 'Solid', 'Style', 'Casual', 'Material', 'POLYESTER', 'Gender', 'Women', 'Origin', 'Mainland China', 'Brand Name', 'ZEVITY', 'Elasticity', 'Non Strech', 'CN', 'Guangdong', 'Fit Type', 'Regular Fit']",https://www.aliexpress.us/item/3256807091321486.html?algo_pvid=86390692-681c-4a97-90e4-559478fd2ca5&algo_exp_id=86390692-681c-4a97-90e4-559478fd2ca5-48&pdp_ext_f=%7B%22order%22%3A%22492%22%2C%22eval%22%3A%221%22%2C%22fromPage%22%3A%22search%22%7D&pdp_npi=6%40dis%21USD%2139.13%2118.65%21%21%21268.95%21128.16%21%40211b61d017729920574061026eb681%2112000040040947559%21sea%21US%210%21ABX%211%210%21n_tag%3A-29910%3Bd%3Ad1df2f05%3Bm03_new_user%3A-29895%3BpisId%3A5000000201900489&curPageLogUid=czDBG2Uqshm4&utparam-url=scene%3Asearch%7Cquery_from%3A%7Cx_object_id%3A1005007277636238%7C_p_origin_prod%3A
Kukeita Harajuku Y2k Punk Piano Key Wave Dot Lace Skirt Japanese Gothic Lolita Kawaii Cake Skirt Fairy Grunge Y2k Women Skirts,$22.09 ,"https://ae-pic-a1.aliexpress-media.com/kf/Se4898799c76b421b8bbf3c100cd6d9add.jpg?has_lang=1&ver=2_220x220q75.jpg_.avif,https://ae-pic-a1.aliexpress-media.com/kf/S29131b75158e4faabceb0eb7861d676bE.jpg?has_lang=1&ver=2_220x220q75.jpg_.avif,https://ae-pic-a1.aliexpress-media.com/kf/Sbfa996ccd42248deb77d5cafa0bed06f3.jpg?has_lang=1&ver=2_220x220q75.jpg_.avif,https://ae-pic-a1.aliexpress-media.com/kf/S6907a7f82d994d679a7da4e2ad0ec2caE.jpg?has_lang=1&ver=2_220x220q75.jpg_.avif,https://ae-pic-a1.aliexpress-media.com/kf/S6ec34c256e3b449e8f8e520f936f610fZ.jpg?has_lang=1&ver=2_220x220q75.jpg_.avif","['High-concerned chemical', 'None', 'Craft of Weaving', 'Non-Woven', 'Season', 'Summer', 'Fabric Type', 'Broadcloth', 'Age', 'Junior', 'Place Of Origin', 'China (mainland)', 'Waistline', 'empire', 'Dresses Length', 'Above Knee , Mini', 'Decoration', 'Lace', 'Silhouette', 'Pleated', 'Pattern Type', 'Dot', 'Style', 'Streetwear', 'Material', 'POLYESTER,Mesh,Voile', 'Gender', 'Women', 'Origin', 'Mainland China', 'Brand Name', 'Kukeita', 'Elasticity', 'Non Strech', 'CN', 'Zhejiang', 'Fit Type', 'Loose']",https://www.aliexpress.us/item/3256806419112118.html?algo_pvid=86390692-681c-4a97-90e4-559478fd2ca5&algo_exp_id=86390692-681c-4a97-90e4-559478fd2ca5-49&pdp_ext_f=%7B%22order%22%3A%22492%22%2C%22eval%22%3A%221%22%2C%22fromPage%22%3A%22search%22%7D&pdp_npi=6%40dis%21USD%2122.96%2122.09%21%21%2122.96%2122.09%21%40211b61d017729920574061026eb681%2112000037801897427%21sea%21US%210%21ABX%211%210%21n_tag%3A-29910%3Bd%3Ad1df2f05%3Bm03_new_user%3A-29895%3BpisId%3A5000000201915065&curPageLogUid=Qa4N2fDjRIBM&utparam-url=scene%3Asearch%7Cquery_from%3A%7Cx_object_id%3A1005006605426870%7C_p_origin_prod%3A
Sports short skirt women summer anti-walk yoga pants running fitness clothes quick dry breathable high waist pleated skirt,$0.99 ,"https://ae-pic-a1.aliexpress-media.com/kf/S2a942ad4279043faa0f8b8504ccc5dd7U.jpg_220x220q75.jpg_.avif,https://ae-pic-a1.aliexpress-media.com/kf/S2848552889fd4932bb71fa75824bc333X.jpg_220x220q75.jpg_.avif,https://ae-pic-a1.aliexpress-media.com/kf/S432ecf6e6640478289cda1fd42e01cfdg.jpg_220x220q75.jpg_.avif,https://ae-pic-a1.aliexpress-media.com/kf/S44063c31608446ae8758fb5a3dfaf30cX.jpg_220x220q75.jpg_.avif,https://ae-pic-a1.aliexpress-media.com/kf/S010173099ce4424bae8ab4bf44f4b961u.jpg_220x220q75.jpg_.avif","['High-concerned chemical', 'None', 'Craft of Weaving', 'Tatting', 'Season', 'Summer', 'Fabric Type', 'Knitted', 'Age', 'Junior', 'Place Of Origin', 'China (mainland)', 'Waistline', 'empire', 'Dresses Length', 'Above Knee , Mini', 'Decoration', 'None', 'Silhouette', 'A-LINE', 'Pattern Type', 'Solid', 'Style', 'Casual', 'Material', 'POLYESTER', 'Gender', 'Women', 'Origin', 'Mainland China', 'Elasticity', 'High Strecth', 'CN', 'Guangdong', 'Fit Type', 'Regular Fit']",https://www.aliexpress.us/item/3256808448207268.html?algo_pvid=86390692-681c-4a97-90e4-559478fd2ca5&algo_exp_id=86390692-681c-4a97-90e4-559478fd2ca5-50&pdp_ext_f=%7B%22order%22%3A%22491%22%2C%22spu_best_type%22%3A%22price%22%2C%22eval%22%3A%221%22%2C%22fromPage%22%3A%22search%22%7D&pdp_npi=6%40dis%21USD%2122.78%210.99%21%21%21156.59%216.84%21%40211b61d017729920574061026eb681%2112000046037161764%21sea%21US%210%21ABX%211%210%21n_tag%3A-29910%3Bd%3Ad1df2f05%3Bm03_new_user%3A-29895%3BpisId%3A5000000197847450&curPageLogUid=tkMFf7DdqE2b&utparam-url=scene%3Asearch%7Cquery_from%3A%7Cx_object_id%3A1005008634522020%7C_p_origin_prod%3A
SUCHCUTE Y2K Vacation Floral Printed Long Skirts Holiday Beach Sexy Low Waist Aesthetics Lace Skirt Women Grunge Party Outfits,$17.32 ,"https://ae-pic-a1.aliexpress-media.com/kf/S0808acd0f30549168a261d2e50d1cf45o.jpg_220x220q75.jpg_.avif,https://ae-pic-a1.aliexpress-media.com/kf/S0808acd0f30549168a261d2e50d1cf45o.jpg_220x220q75.jpg_.avif,https://ae-pic-a1.aliexpress-media.com/kf/Sbfc4c23c03c64ec38304dbd640da7560Y.jpg_220x220q75.jpg_.avif,https://ae-pic-a1.aliexpress-media.com/kf/S7f442fe4cde547168f18b83abd710ffdD.jpg_220x220q75.jpg_.avif,https://ae-pic-a1.aliexpress-media.com/kf/S687033c7536d42bdabf4be1ba5100bbax.jpg_220x220q75.jpg_.avif","['Festival', ""Valentine's Day"", 'High-concerned chemical', 'None', 'Release Date', 'Summer 2025', 'Craft of Weaving', 'Tatting', 'Season', 'All Season', 'Fabric Type', 'Woven', 'Age', 'Junior', 'Place Of Origin', 'China (mainland)', 'Model Number', 'WDD16820', 'Waistline', 'Dropped', 'Dresses Length', 'Floor-Length', 'Decoration', 'Print', 'Silhouette', 'Straight', 'Pattern Type', 'Print', 'Style', 'Street Style', 'Material', 'POLYESTER,Elastane', 'Gender', 'Women', 'Origin', 'Mainland China', 'Elasticity', 'Slight Strech', 'CN', 'Guangdong', 'Fit Type', 'Slim']",https://www.aliexpress.us/item/3256807605325796.html?algo_pvid=86390692-681c-4a97-90e4-559478fd2ca5&algo_exp_id=86390692-681c-4a97-90e4-559478fd2ca5-51&pdp_ext_f=%7B%22order%22%3A%22489%22%2C%22eval%22%3A%221%22%2C%22orig_sl_item_id%22%3A%221005007791640548%22%2C%22orig_item_id%22%3A%221005010521013813%22%2C%22fromPage%22%3A%22search%22%7D&pdp_npi=6%40dis%21USD%2136.84%2117.32%21%21%21253.18%21118.99%21%40211b61d017729920574061026eb681%2112000042215789415%21sea%21US%210%21ABX%211%210%21n_tag%3A-29910%3Bd%3Ad1df2f05%3Bm03_new_user%3A-29895&curPageLogUid=nfrf4eVCaUSW&utparam-url=scene%3Asearch%7Cquery_from%3A%7Cx_object_id%3A1005007791640548%7C_p_origin_prod%3A1005010521013813
Suitable for Apple Mobile Phone PD Fast Charge Android European Standard Charging Head 20W Dual-Port USB + Type-C Charging Port,$0.99 ,"https://ae-pic-a1.aliexpress-media.com/kf/S94da67f3755b4869b282ff90e93ac6c9D.jpg_220x220q75.jpg_.avif,https://ae-pic-a1.aliexpress-media.com/kf/S49408f8d061547c884a329ce10813668R.jpg_220x220q75.jpg_.avif,https://ae-pic-a1.aliexpress-media.com/kf/Sf36e05be76f54713b793dc8812aa0bba5.jpg_220x220q75.jpg_.avif,https://ae-pic-a1.aliexpress-media.com/kf/Sac67b635d3914dd089f95c87555c6e3cQ.jpg_220x220q75.jpg_.avif,https://ae-pic-a1.aliexpress-media.com/kf/S26c697816b2a461a9149388edb7b85da5.jpg_220x220q75.jpg_.avif","['Season', 'All Season', 'Decoration', 'None', 'Pattern Type', 'fruit', 'Fit Type', 'Regular Fit', '品牌', 'Others', 'Type', 'lv xing chong', 'Model', '009 from list']",https://www.aliexpress.us/item/3256805963939374.html?algo_pvid=86390692-681c-4a97-90e4-559478fd2ca5&algo_exp_id=86390692-681c-4a97-90e4-559478fd2ca5-52&pdp_ext_f=%7B%22order%22%3A%22487%22%2C%22spu_best_type%22%3A%22price%22%2C%22eval%22%3A%221%22%2C%22fromPage%22%3A%22search%22%7D&pdp_npi=6%40dis%21USD%217.22%210.99%21%21%2149.59%216.80%21%40211b61d017729920574061026eb681%2112000035990067011%21sea%21US%210%21ABX%211%210%21n_tag%3A-29910%3Bd%3Ad1df2f05%3Bm03_new_user%3A-29895%3BpisId%3A5000000197847475&curPageLogUid=VVzp6tTJRWGo&utparam-url=scene%3Asearch%7Cquery_from%3A%7Cx_object_id%3A1005006150254126%7C_p_origin_prod%3A
SINGREINY Women Korean Split Sexy Long Skirt 2024 Winter Corduroy Slim Thick Streetwear Fashion Vintage Autumn Bodycon Skirt,$12.51 ,"https://ae-pic-a1.aliexpress-media.com/kf/Sfb8246a4856a46ba819d5d3ea4ae36a6g.jpg?has_lang=1&ver=1_220x220q75.jpg_.avif,https://ae-pic-a1.aliexpress-media.com/kf/Sfb8246a4856a46ba819d5d3ea4ae36a6g.jpg?has_lang=1&ver=1_220x220q75.jpg_.avif,https://ae-pic-a1.aliexpress-media.com/kf/Sf4b8e6254745488290b90d5556b68238F.jpg_220x220q75.jpg_.avif,https://ae-pic-a1.aliexpress-media.com/kf/S8333f723a3404218870f092022f4cf69V.jpg?has_lang=1&ver=1_220x220q75.jpg_.avif,https://ae-pic-a1.aliexpress-media.com/kf/S02887d8e3b364091b850b054ba9475bbU.jpg?has_lang=1&ver=1_220x220q75.jpg_.avif","['High-concerned chemical', 'None', 'Craft of Weaving', 'Knit', 'Season', 'Autumn/Winter', 'is_customized', 'No', 'Fabric Type', 'corduroy', 'Age', 'Middle Age', 'Place Of Origin', 'China (mainland)', 'Waistline', 'Natural', 'Dresses Length', 'Mid-Calf', 'Decoration', 'Sashes', 'Silhouette', 'A-LINE', 'Pattern Type', 'Solid', 'Style', 'Office Lady', 'Material', 'POLYESTER,Viscose', 'Gender', 'Women', 'Origin', 'Mainland China', 'Brand Name', 'SR.Singreiny', 'Elasticity', 'Non Strech', 'CN', 'Guangdong', 'Fit Type', 'Slim']",https://www.aliexpress.us/item/3256805909036574.html?algo_pvid=86390692-681c-4a97-90e4-559478fd2ca5&algo_exp_id=86390692-681c-4a97-90e4-559478fd2ca5-53&pdp_ext_f=%7B%22order%22%3A%22487%22%2C%22eval%22%3A%221%22%2C%22fromPage%22%3A%22search%22%7D&pdp_npi=6%40dis%21USD%2130.83%2112.51%21%21%2130.83%2112.51%21%40211b61d017729920574061026eb681%2112000035715361544%21sea%21US%210%21ABX%211%210%21n_tag%3A-29910%3Bd%3Ad1df2f05%3Bm03_new_user%3A-29895%3BpisId%3A5000000197847450&curPageLogUid=xk4ZkWYSxBDC&utparam-url=scene%3Asearch%7Cquery_from%3A%7Cx_object_id%3A1005006095351326%7C_p_origin_prod%3A
Japanese Lolita Skirts Ruffled Pleated Plaid Skirt Women 2026 Spring New Elastic High Waist Slimming Gentle Mini Skirt Culottes,$21.73 ,"https://ae-pic-a1.aliexpress-media.com/kf/S6dc87d34b5774f78902ebf49dfc8ea9fx.jpg?has_lang=1&ver=2_220x220q75.jpg_.avif,https://ae-pic-a1.aliexpress-media.com/kf/S6dc87d34b5774f78902ebf49dfc8ea9fx.jpg?has_lang=1&ver=2_220x220q75.jpg_.avif,https://ae-pic-a1.aliexpress-media.com/kf/S25f64ab1247f4423adb93a7cbfd3e01br.jpg?has_lang=1&ver=2_220x220q75.jpg_.avif,https://ae-pic-a1.aliexpress-media.com/kf/S0d7a60c7febb4fbe8219dc250b150410M.jpg?has_lang=1&ver=2_220x220q75.jpg_.avif,https://ae-pic-a1.aliexpress-media.com/kf/S3e4ae3ac1ff04f54a613289e81c903cf5.jpg?has_lang=1&ver=2_220x220q75.jpg_.avif","['High-concerned chemical', 'None', 'Release Date', 'Summer 2025', 'Craft of Weaving', 'Non-Woven', 'Season', 'Autumn/Winter', 'Fabric Type', 'Blended', 'Age', 'Middle Age', 'Place Of Origin', 'China (mainland)', 'Waistline', 'empire', 'Dresses Length', 'Above Knee , Mini', 'Decoration', 'Ruffles', 'Silhouette', 'A-LINE', 'Pattern Type', 'Solid', 'Style', 'Office Lady', 'Material', 'POLYESTER', 'Gender', 'Women', 'Origin', 'Mainland China', 'Brand Name', 'Geyalovvy', 'Elasticity', 'Slight Strech', 'CN', 'Guangdong', 'Fit Type', 'Regular Fit', 'Size', 'XS S M', 'Color classification', 'Light pink', 'Skirt-type', 'A- line skirt', 'Year Season', 'Winter 2025', 'Skirt length', 'Short skirt', 'Material composition', 'Polyester Fiber 92% viscose fiber 8%']",https://www.aliexpress.us/item/3256806028036840.html?algo_pvid=86390692-681c-4a97-90e4-559478fd2ca5&algo_exp_id=86390692-681c-4a97-90e4-559478fd2ca5-54&pdp_ext_f=%7B%22order%22%3A%22486%22%2C%22eval%22%3A%221%22%2C%22fromPage%22%3A%22search%22%7D&pdp_npi=6%40dis%21USD%2144.07%2121.73%21%21%21302.90%21149.36%21%40211b61d017729920574061026eb681%2112000038647113768%21sea%21US%210%21ABX%211%210%21n_tag%3A-29910%3Bd%3Ad1df2f05%3Bm03_new_user%3A-29895%3BpisId%3A5000000197847450&curPageLogUid=zOphL7PSuEYY&utparam-url=scene%3Asearch%7Cquery_from%3A%7Cx_object_id%3A1005006214351592%7C_p_origin_prod%3A
2024 New Spring and Summer Women's Mini Skirts Fashion Women Denim Skirts Casual Chic High Street Ladies Skirt,$8.80 ,"https://ae-pic-a1.aliexpress-media.com/kf/S0e33b9914bca45bba5ee9573001a0233h.jpg_220x220q75.jpg_.avif,https://ae-pic-a1.aliexpress-media.com/kf/Se893cb4b943944f58ff4c8a1bb9c3f9cb.jpg_220x220q75.jpg_.avif,https://ae-pic-a1.aliexpress-media.com/kf/S4d478833961843569906fb77322112b3u.jpg_220x220q75.jpg_.avif,https://ae-pic-a1.aliexpress-media.com/kf/S3558a816fe5243a9a021d33235fd6b702.jpg_220x220q75.jpg_.avif,https://ae-pic-a1.aliexpress-media.com/kf/S77b5ae8a3371413d9feb2dd55fce0736i.jpg_220x220q75.jpg_.avif","['High-concerned chemical', 'None', 'Release Date', 'Spring 2024', 'Craft of Weaving', 'Tatting', 'Season', 'Spring/Summer', 'is_customized', 'No', 'Fabric Type', 'Denim', 'Age', 'Middle Age', 'Place Of Origin', 'China (mainland)', 'Model Number', '10242', 'Waistline', 'Natural', 'Dresses Length', 'Above Knee , Mini', 'Decoration', 'Pockets', 'Silhouette', 'A-LINE', 'Pattern Type', 'Solid', 'Style', 'High Street', 'Material', 'POLYESTER', 'Gender', 'Women', 'Origin', 'Mainland China', 'Brand Name', 'Guobioziy', 'Elasticity', 'Slight Strech', 'CN', 'Jiangsu', 'Fit Type', 'Regular Fit']",https://www.aliexpress.us/item/3256807115729063.html?algo_pvid=86390692-681c-4a97-90e4-559478fd2ca5&algo_exp_id=86390692-681c-4a97-90e4-559478fd2ca5-56&pdp_ext_f=%7B%22order%22%3A%22484%22%2C%22eval%22%3A%221%22%2C%22fromPage%22%3A%22search%22%7D&pdp_npi=6%40dis%21USD%2138.36%218.80%21%21%21263.64%2160.45%21%40211b61d017729920574061026eb681%2112000040320335530%21sea%21US%210%21ABX%211%210%21n_tag%3A-29910%3Bd%3Ad1df2f05%3Bm03_new_user%3A-29895%3BpisId%3A5000000197847450&curPageLogUid=XuIh7ISAMXI1&utparam-url=scene%3Asearch%7Cquery_from%3A%7Cx_object_id%3A1005007302043815%7C_p_origin_prod%3A
Boho Cotton Linen Beach Long Skirt Women Vintage Casual Solid A-line High Waist Dance Floor-Length Maxi Skirt Spring Summer New,$19.02 ,"https://ae-pic-a1.aliexpress-media.com/kf/S554225d281a540a7ae99efab526c5fe7u.jpg_220x220q75.jpg_.avif,https://ae-pic-a1.aliexpress-media.com/kf/S4cb64f5dc2ca4c009bb7f9e2582db11fm.jpg_220x220q75.jpg_.avif,https://ae-pic-a1.aliexpress-media.com/kf/S96d3c6398259492799d9049dfb6b15c8O.jpg_220x220q75.jpg_.avif,https://ae-pic-a1.aliexpress-media.com/kf/S976722cdbc8b489ea79be0d2def59f0dU.jpg_220x220q75.jpg_.avif,https://ae-pic-a1.aliexpress-media.com/kf/Sb4398385d56e49b68643ffc10394064eq.jpg_220x220q75.jpg_.avif","['High-concerned chemical', 'None', 'Craft of Weaving', 'Tatting', 'Season', 'All Season', 'is_customized', 'No', 'Fabric Type', 'Cotton linen', 'Age', 'Middle Age', 'Place Of Origin', 'China (mainland)', 'Waistline', 'empire', 'Dresses Length', 'Floor-Length', 'Decoration', 'None', 'Silhouette', 'A-LINE', 'Pattern Type', 'Solid', 'Style', 'Casual', 'Material', 'COTTON,Linen', 'Gender', 'Women', 'Origin', 'Mainland China', 'Brand Name', 'Stinlicher', 'Elasticity', 'Slight Strech', 'CN', 'Guangdong', 'Fit Type', 'Loose']",https://www.aliexpress.us/item/3256805378123138.html?algo_pvid=86390692-681c-4a97-90e4-559478fd2ca5&algo_exp_id=86390692-681c-4a97-90e4-559478fd2ca5-57&pdp_ext_f=%7B%22order%22%3A%22484%22%2C%22eval%22%3A%221%22%2C%22fromPage%22%3A%22search%22%7D&pdp_npi=6%40dis%21USD%2128.82%2119.02%21%21%2128.82%2119.02%21%40211b61d017729920574061026eb681%2112000033567652760%21sea%21US%210%21ABX%211%210%21n_tag%3A-29910%3Bd%3Ad1df2f05%3Bm03_new_user%3A-29895&curPageLogUid=lNUK518DJE4s&utparam-url=scene%3Asearch%7Cquery_from%3A%7Cx_object_id%3A1005005564437890%7C_p_origin_prod%3A
Sexy PU Leather Pleated Skirt Women Solid Basic Mini Skirt Low Waist Skirt Female Nightwear Micro Bikini Skirts Nightclub Skirts,$3.55 ,"https://ae-pic-a1.aliexpress-media.com/kf/S0e0fddb813274acb9a97ae8d7fdbf312u.jpg_220x220q75.jpg_.avif,https://ae-pic-a1.aliexpress-media.com/kf/S0e0fddb813274acb9a97ae8d7fdbf312u.jpg_220x220q75.jpg_.avif,https://ae-pic-a1.aliexpress-media.com/kf/S59586d5fba95473386eb281d1c62809bl.jpg_220x220q75.jpg_.avif,https://ae-pic-a1.aliexpress-media.com/kf/S06bdfad2e4d14aada62a726fc18f6752z.jpg_220x220q75.jpg_.avif,https://ae-pic-a1.aliexpress-media.com/kf/S4f4a24b5140f4066bc8316ef9071548f3.jpg_220x220q75.jpg_.avif","['High-concerned chemical', 'None', 'Release Date', 'Summer 2025', 'Craft of Weaving', 'Tatting', 'Season', 'Autumn/Winter', 'Fabric Type', 'Leather', 'Age', 'Junior', 'Model Number', 'Q2359', 'Waistline', 'Dropped', 'Dresses Length', 'Above Knee , Mini', 'Decoration', 'Shirring', 'Silhouette', 'Ball Gown', 'Pattern Type', 'Solid', 'Style', 'Sexy & Club', 'Material', 'POLYESTER,Elastane', 'Gender', 'Women', 'Origin', 'Mainland China', 'Elasticity', 'Slight Strech', 'CN', 'Guangdong', 'Fit Type', 'Slim', 'Feature', 'Side opening mini skirt', 'Fabric', 'Pu Leather']",https://www.aliexpress.us/item/3256807995253667.html?algo_pvid=86390692-681c-4a97-90e4-559478fd2ca5&algo_exp_id=86390692-681c-4a97-90e4-559478fd2ca5-58&pdp_ext_f=%7B%22order%22%3A%22481%22%2C%22eval%22%3A%221%22%2C%22fromPage%22%3A%22search%22%7D&pdp_npi=6%40dis%21USD%2110.91%213.55%21%21%2110.91%213.55%21%40211b61d017729920574061026eb681%2112000044140327589%21sea%21US%210%21ABX%211%210%21n_tag%3A-29910%3Bd%3Ad1df2f05%3Bm03_new_user%3A-29895%3BpisId%3A5000000197847475&curPageLogUid=nm2KpNKzQsvO&utparam-url=scene%3Asearch%7Cquery_from%3A%7Cx_object_id%3A1005008181568419%7C_p_origin_prod%3A
MEXZT S-3XL Y2K Pu Leather Mini Skirts Women Streetwear High Waist Pleated Skirt Vintage Korean Black Slim Casual A Line Skirts,$5.64 ,"https://ae-pic-a1.aliexpress-media.com/kf/Sc5c44960bec5481c81a15532e36c8792F.jpeg_220x220q75.jpeg_.avif,https://ae-pic-a1.aliexpress-media.com/kf/S16beaf8153214bbcbc7b40b7aef9a0cc0.jpeg_220x220q75.jpeg_.avif,https://ae-pic-a1.aliexpress-media.com/kf/Seb0fb76c46314c2fb6d35d32ad4863ff0.jpeg_220x220q75.jpeg_.avif,https://ae-pic-a1.aliexpress-media.com/kf/Sb6d6f6313b264e12b2431f7793c9e0c3L.jpeg_220x220q75.jpeg_.avif,https://ae-pic-a1.aliexpress-media.com/kf/S822c3e4a715b4b7fa13cf3b31ff135f4O.jpeg_220x220q75.jpeg_.avif","['High-concerned chemical', 'None', 'Release Date', 'Spring 2024', 'Craft of Weaving', 'Tatting', 'Season', 'Spring/Summer', 'is_customized', 'No', 'Fabric Type', 'Leather', 'Age', 'Junior', 'Place Of Origin', 'China (mainland)', 'Model Number', 'ALC12231', 'Waistline', 'empire', 'Dresses Length', 'Above Knee , Mini', 'Decoration', 'Sashes', 'Silhouette', 'Pleated', 'Pattern Type', 'Solid', 'Style', 'Y2k', 'Material', 'POLYESTER,Faux Leather', 'Gender', 'Women', 'Origin', 'Mainland China', 'Brand Name', 'MEXZT', 'Elasticity', 'Non Strech', 'CN', 'Guangdong', 'Fit Type', 'Slim']",https://www.aliexpress.us/item/3256806952160314.html?algo_pvid=86390692-681c-4a97-90e4-559478fd2ca5&algo_exp_id=86390692-681c-4a97-90e4-559478fd2ca5-59&pdp_ext_f=%7B%22order%22%3A%22479%22%2C%22eval%22%3A%221%22%2C%22fromPage%22%3A%22search%22%7D&pdp_npi=6%40dis%21USD%2130.14%215.64%21%21%21207.14%2138.75%21%40211b61d017729920574061026eb681%2112000039537862174%21sea%21US%210%21ABX%211%210%21n_tag%3A-29910%3Bd%3Ad1df2f05%3Bm03_new_user%3A-29895%3BpisId%3A5000000197847450&curPageLogUid=Ncggr0N9mef2&utparam-url=scene%3Asearch%7Cquery_from%3A%7Cx_object_id%3A1005007138475066%7C_p_origin_prod%3A
Black Mini Skirts Elegant Korean Fashion Faux Leather Skirts For Woman Low Rise Skirts Split Leather Skirt With Shorts Brown,$4.61 ,"https://ae-pic-a1.aliexpress-media.com/kf/S2043dc6923294afaafd0aff326dd6b27K.jpg_220x220q75.jpg_.avif,https://ae-pic-a1.aliexpress-media.com/kf/S2043dc6923294afaafd0aff326dd6b27K.jpg_220x220q75.jpg_.avif,https://ae-pic-a1.aliexpress-media.com/kf/S50cf6f8620cf4b15b968b67fbe3d6a5eD.jpg_220x220q75.jpg_.avif,https://ae-pic-a1.aliexpress-media.com/kf/Sbfe149a490eb467bb023de415e79d3cc0.jpg_220x220q75.jpg_.avif,https://ae-pic-a1.aliexpress-media.com/kf/S6da34c3c6fed4b14bd7a85e0f88d0e47K.jpg_220x220q75.jpg_.avif","['High-concerned chemical', 'None', 'Release Date', 'Summer 2024', 'Craft of Weaving', 'Tatting', 'Season', 'All Season', 'is_customized', 'No', 'Fabric Type', 'Leather', 'Age', 'Middle Age', 'Place Of Origin', 'China (mainland)', 'Model Number', 'Satin skirts black mini', 'Waistline', 'Dropped', 'Dresses Length', 'Above Knee , Mini', 'Decoration', 'Asymmetrical', 'Silhouette', 'Pencil', 'Pattern Type', 'Solid', 'Style', 'Casual', 'Material', 'POLYESTER', 'Gender', 'Women', 'Origin', 'Mainland China', 'Brand Name', 'BRUSCREST', 'Elasticity', 'Non Strech', 'CN', 'Zhejiang', 'Fit Type', 'Regular Fit']",https://www.aliexpress.us/item/3256807326557791.html?algo_pvid=a6281eec-e08a-49ee-9865-b639d70c1282&algo_exp_id=a6281eec-e08a-49ee-9865-b639d70c1282-0&pdp_ext_f=%7B%22order%22%3A%22506%22%2C%22eval%22%3A%221%22%2C%22fromPage%22%3A%22search%22%7D&pdp_npi=6%40dis%21USD%2111.61%214.61%21%21%2111.61%214.61%21%402103126e17729929022276577e5a2a%2112000041082765609%21sea%21US%210%21ABX%211%210%21n_tag%3A-29910%3Bd%3Ad1df2f05%3Bm03_new_user%3A-29895%3BpisId%3A5000000197847475&curPageLogUid=UXnSl00pmIZJ&utparam-url=scene%3Asearch%7Cquery_from%3A%7Cx_object_id%3A1005007512872543%7C_p_origin_prod%3A
Women's Elegant High Waist Linen Maxi Skirt 2023 Summer Ladies Casual Elastic Waist 2 Layers Skirts saia feminina 20 Colors SK53,$9.90 ,"https://ae-pic-a1.aliexpress-media.com/kf/H3f0f9cf2a9c54145b67929b86ca484c2r.jpg_220x220q75.jpg_.avif,https://ae-pic-a1.aliexpress-media.com/kf/H3f0f9cf2a9c54145b67929b86ca484c2r.jpg_220x220q75.jpg_.avif,https://ae-pic-a1.aliexpress-media.com/kf/H6e2ded0185094cef9950f728b4db7721q.jpg_220x220q75.jpg_.avif,https://ae-pic-a1.aliexpress-media.com/kf/H54d60facf0dc410ab85621e84d80943fD.jpg_220x220q75.jpg_.avif,https://ae-pic-a1.aliexpress-media.com/kf/Hdec5afc0a9414eb3964c63eaa4271d35o.jpg_220x220q75.jpg_.avif","['High-concerned chemical', 'None', 'Craft of Weaving', 'Knit', 'Season', 'Spring/Summer', 'Fabric Type', 'Cotton linen', 'Age', 'Middle Age', 'Place Of Origin', 'China (mainland)', 'Model Number', 'SK53', 'Waistline', 'empire', 'Dresses Length', 'Floor-Length', 'Decoration', 'None', 'Silhouette', 'Ball Gown', 'Pattern Type', 'Solid', 'Style', 'bohemian', 'Material', 'COTTON,Linen', 'Gender', 'Women', 'Origin', 'Mainland China', 'Brand Name', 'Deturbg', 'Elasticity', 'Slight Strech', 'CN', 'Zhejiang', 'Fit Type', 'Regular Fit', 'Size', 'M,L', 'Color', '20 Colors']",https://www.aliexpress.us/item/2251832436673311.html?algo_pvid=a6281eec-e08a-49ee-9865-b639d70c1282&algo_exp_id=a6281eec-e08a-49ee-9865-b639d70c1282-2&pdp_ext_f=%7B%22order%22%3A%22505%22%2C%22eval%22%3A%221%22%2C%22fromPage%22%3A%22search%22%7D&pdp_npi=6%40dis%21USD%2119.90%219.90%21%21%2119.90%219.90%21%402103126e17729929022276577e5a2a%2164821241736%21sea%21US%210%21ABX%211%210%21n_tag%3A-29910%3Bd%3Ad1df2f05%3Bm03_new_user%3A-29895%3BpisId%3A5000000197847450&curPageLogUid=EyzvFED1JlYe&utparam-url=scene%3Asearch%7Cquery_from%3A%7Cx_object_id%3A32622988063%7C_p_origin_prod%3A
DEAT 2025 Summer New Patchwork Plaid Irregular Pleated Mini Skirt For Women Zipper Pockets Lace Design Skirts Female 29L7565,$14.33 ,"https://ae-pic-a1.aliexpress-media.com/kf/Sbd0a77d918d142f687c227b038794af4R.jpg?has_lang=1&ver=1_220x220q75.jpg_.avif,https://ae-pic-a1.aliexpress-media.com/kf/Sbd0a77d918d142f687c227b038794af4R.jpg?has_lang=1&ver=1_220x220q75.jpg_.avif,https://ae-pic-a1.aliexpress-media.com/kf/Sa67e45d7ac334d9f9cceaa73d2351a452.jpg_220x220q75.jpg_.avif,https://ae-pic-a1.aliexpress-media.com/kf/S659981ff87534140a8e6501ce7562d29Y.jpg_220x220q75.jpg_.avif,https://ae-pic-a1.aliexpress-media.com/kf/Sb36dbdeab81f436495809d8d7d96aa83u.jpg_220x220q75.jpg_.avif","['High-concerned chemical', 'None', 'Release Date', 'Summer 2024', 'Craft of Weaving', 'Non-Woven', 'Season', 'Summer', 'is_customized', 'No', 'Fabric Type', 'Leather', 'Age', 'Middle Age', 'Place Of Origin', 'China (mainland)', 'Model Number', '89/0.38', 'Waistline', 'Natural', 'Dresses Length', 'Above Knee , Mini', 'Decoration', 'PATCHWORK', 'Silhouette', 'A-LINE', 'Pattern Type', 'Patchwork', 'Style', 'High Street', 'Material', 'POLYESTER', 'Gender', 'Women', 'Origin', 'Mainland China', 'Brand Name', 'DEAT', 'Elasticity', 'Non Strech', 'CN', 'Zhejiang', 'Fit Type', 'Slim']",https://www.aliexpress.us/item/3256806875272881.html?algo_pvid=a6281eec-e08a-49ee-9865-b639d70c1282&algo_exp_id=a6281eec-e08a-49ee-9865-b639d70c1282-3&pdp_ext_f=%7B%22order%22%3A%22504%22%2C%22eval%22%3A%221%22%2C%22fromPage%22%3A%22search%22%7D&pdp_npi=6%40dis%21USD%2139.06%2114.33%21%21%2139.06%2114.33%21%402103126e17729929022276577e5a2a%2112000039276049026%21sea%21US%210%21ABX%211%210%21n_tag%3A-29910%3Bd%3Ad1df2f05%3Bm03_new_user%3A-29895%3BpisId%3A5000000197847458&curPageLogUid=iW3r9Kn3Kiej&utparam-url=scene%3Asearch%7Cquery_from%3A%7Cx_object_id%3A1005007061587633%7C_p_origin_prod%3A
Women Summer Solid Color Mini Pleated Skirt High Waist School Skirts Sexy Skirts for Party Nightclub,$7.17 ,"https://ae-pic-a1.aliexpress-media.com/kf/S8dbf2e1282f74ad3a47654fb1197b1ecG.jpg_220x220q75.jpg_.avif,https://ae-pic-a1.aliexpress-media.com/kf/S8dbf2e1282f74ad3a47654fb1197b1ecG.jpg_220x220q75.jpg_.avif,https://ae-pic-a1.aliexpress-media.com/kf/S09c310722b634ceebd4c89cac91f0cd0C.jpg_220x220q75.jpg_.avif,https://ae-pic-a1.aliexpress-media.com/kf/S33563242c6134dbd9dd9957b412f5b5f2.jpg_220x220q75.jpg_.avif,https://ae-pic-a1.aliexpress-media.com/kf/S65fd403657af4884a23d484ad12b95d7Q.jpg_220x220q75.jpg_.avif","['High-concerned chemical', 'None', 'Release Date', 'Spring 2025', 'Craft of Weaving', 'Non-Woven', 'Season', 'Summer', 'is_customized', 'No', 'Fabric Type', 'Broadcloth', 'Age', 'Junior', 'Place Of Origin', 'China (mainland)', 'Model Number', 'Women Mini Skirts', 'Waistline', 'Dropped', 'Dresses Length', 'Above Knee , Mini', 'Decoration', 'None', 'Silhouette', 'Pleated', 'Pattern Type', 'Solid', 'Style', 'Casual', 'Material', 'POLYESTER', 'Gender', 'Women', 'Origin', 'Mainland China', 'Brand Name', 'Lamuusaa', 'Elasticity', 'Slight Strech', 'CN', 'Guangdong', 'Fit Type', 'Slim']",https://www.aliexpress.us/item/3256808613530274.html?algo_pvid=a6281eec-e08a-49ee-9865-b639d70c1282&algo_exp_id=a6281eec-e08a-49ee-9865-b639d70c1282-4&pdp_ext_f=%7B%22order%22%3A%22500%22%2C%22eval%22%3A%221%22%2C%22fromPage%22%3A%22search%22%7D&pdp_npi=6%40dis%21USD%217.55%217.17%21%21%2151.92%2149.31%21%402103126e17729929022276577e5a2a%2112000046710509455%21sea%21US%210%21ABX%211%210%21n_tag%3A-29910%3Bd%3Ad1df2f05%3Bm03_new_user%3A-29895%3BpisId%3A5000000201915079&curPageLogUid=jad4hr3uaJxg&utparam-url=scene%3Asearch%7Cquery_from%3A%7Cx_object_id%3A1005008799845026%7C_p_origin_prod%3A
Women Mini Pleated Skirts Gothic Punk Mid Waist Stripe Print Lace Ruffle Harajuku School Zip Up Short Skirt Y2K Mini Skirts,$1.46 ,"https://ae-pic-a1.aliexpress-media.com/kf/S3fdd3db82b6d4e2892b915d6fa95492ad.jpg?has_lang=1&ver=2_220x220q75.jpg_.avif,https://ae-pic-a1.aliexpress-media.com/kf/S149d2b43cbd24273bd66d84898383edaK.jpg_220x220q75.jpg_.avif,https://ae-pic-a1.aliexpress-media.com/kf/S9ebd9ea76cdc4f1f8651bebff4c368690.jpg?has_lang=1&ver=2_220x220q75.jpg_.avif,https://ae-pic-a1.aliexpress-media.com/kf/S896822450cd6417fbbbfb961217d09ebC.jpg_220x220q75.jpg_.avif,https://ae-pic-a1.aliexpress-media.com/kf/S51f22bdc645d404e80ca0ab1f5418447b.jpg_220x220q75.jpg_.avif","['Release Date', 'Summer 2024', 'Craft of Weaving', 'Tatting', 'Season', 'Summer', 'is_customized', 'No', 'Fabric Type', 'Broadcloth', 'Age', 'Middle Age', 'Model Number', 'Jean Skirts', 'Waistline', 'empire', 'Dresses Length', 'Above Knee , Mini', 'Decoration', 'Hollow Out', 'Silhouette', 'Pleated', 'Pattern Type', 'Solid', 'Style', 'Streetwear', 'Material', 'POLYESTER', 'Gender', 'Women', 'Origin', 'Mainland China', 'Brand Name', 'Thefound', 'Elasticity', 'Slight Strech', 'CN', 'Guangdong', 'Fit Type', 'Slim']",https://www.aliexpress.us/item/3256803882929709.html?algo_pvid=a6281eec-e08a-49ee-9865-b639d70c1282&algo_exp_id=a6281eec-e08a-49ee-9865-b639d70c1282-5&pdp_ext_f=%7B%22order%22%3A%22500%22%2C%22eval%22%3A%221%22%2C%22fromPage%22%3A%22search%22%7D&pdp_npi=6%40dis%21USD%2110.96%211.46%21%21%2110.96%211.46%21%402103126e17729929022276577e5a2a%2112000027934677993%21sea%21US%210%21ABX%211%210%21n_tag%3A-29910%3Bd%3Ad1df2f05%3Bm03_new_user%3A-29895%3BpisId%3A5000000197847458&curPageLogUid=cBS4SI0bRvss&utparam-url=scene%3Asearch%7Cquery_from%3A%7Cx_object_id%3A1005004069244461%7C_p_origin_prod%3A
New Women Mesh Elastic Tutu Skirt Beach Spring Summer Korean High Waist Fashion Pleated Long Skirt Black White Tulle Skirts,$14.84 ,"https://ae-pic-a1.aliexpress-media.com/kf/S6addff9e80474c7f8d512c3e6c64a85fk.jpg_220x220q75.jpg_.avif,https://ae-pic-a1.aliexpress-media.com/kf/Sced54acfcdf84a09a19526829fa02facv.jpg_220x220q75.jpg_.avif,https://ae-pic-a1.aliexpress-media.com/kf/S4d10a457092c4f56a636d37da8d06270P.jpg_220x220q75.jpg_.avif,https://ae-pic-a1.aliexpress-media.com/kf/Sa73877e511994a8a890341af35d5aa2bZ.jpg_220x220q75.jpg_.avif,https://ae-pic-a1.aliexpress-media.com/kf/S7239de07d32247f8ba91429cfdab1ee0F.jpg_220x220q75.jpg_.avif","['Season', 'All Season', 'is_customized', 'No', 'Fabric Type', 'Broadcloth', 'Age', 'Middle Age', 'Place Of Origin', 'China (mainland)', 'Model Number', 'women skirts', 'Waistline', 'Natural', 'Dresses Length', 'Mid-Calf', 'Decoration', 'None', 'Silhouette', 'A-LINE', 'Pattern Type', 'Solid', 'Style', 'Casual', 'Material', 'POLYESTER', 'Gender', 'Women', 'Origin', 'Mainland China', 'Brand Name', 'hxyqveuyg', 'Elasticity', 'Non Strech', 'CN', 'Zhejiang', 'Fit Type', 'Regular Fit']",https://www.aliexpress.us/item/3256803789043664.html?algo_pvid=a6281eec-e08a-49ee-9865-b639d70c1282&algo_exp_id=a6281eec-e08a-49ee-9865-b639d70c1282-6&pdp_ext_f=%7B%22order%22%3A%22494%22%2C%22eval%22%3A%221%22%2C%22fromPage%22%3A%22search%22%7D&pdp_npi=6%40dis%21USD%2118.42%2114.84%21%21%2118.42%2114.84%21%402103126e17729929022276577e5a2a%2112000027615149098%21sea%21US%210%21ABX%211%210%21n_tag%3A-29910%3Bd%3Ad1df2f05%3Bm03_new_user%3A-29895%3BpisId%3A5000000201908206&curPageLogUid=FrOvV8z4nTzI&utparam-url=scene%3Asearch%7Cquery_from%3A%7Cx_object_id%3A1005003975358416%7C_p_origin_prod%3A
Zevity Women Vintage Geometric Print Knotted Mini Sarong Skirt Faldas Mujer Female Beading Tassel Casual Zipper Vestidos QUN1436,$18.65 ,"https://ae-pic-a1.aliexpress-media.com/kf/S2089b5215314482a877a17e81f637f84O.jpg_220x220q75.jpg_.avif,https://ae-pic-a1.aliexpress-media.com/kf/Sd002f87dad7641b292a9840603cbeb30l.jpg_220x220q75.jpg_.avif,https://ae-pic-a1.aliexpress-media.com/kf/S3691dfb27d01467494b824ec9c34a4c30.jpg_220x220q75.jpg_.avif,https://ae-pic-a1.aliexpress-media.com/kf/Sa68e774444394d5d9ac4e49ef968a877y.jpg_220x220q75.jpg_.avif,https://ae-pic-a1.aliexpress-media.com/kf/S90dce12d63f14d6880fe435a65ea41c78.jpg_220x220q75.jpg_.avif","['High-concerned chemical', 'None', 'Release Date', 'Summer 2024', 'Craft of Weaving', 'Tatting', 'Season', 'Summer', 'is_customized', 'Yes', 'Fabric Type', 'Broadcloth', 'Age', 'Middle Age', 'Place Of Origin', 'China (mainland)', 'Model Number', 'QUN1436', 'Waistline', 'empire', 'Dresses Length', 'Above Knee , Mini', 'Decoration', 'Beading', 'Silhouette', 'A-LINE', 'Pattern Type', 'Solid', 'Style', 'Casual', 'Material', 'POLYESTER', 'Gender', 'Women', 'Origin', 'Mainland China', 'Brand Name', 'ZEVITY', 'Elasticity', 'Non Strech', 'CN', 'Guangdong', 'Fit Type', 'Regular Fit']",https://www.aliexpress.us/item/3256807091321486.html?algo_pvid=a6281eec-e08a-49ee-9865-b639d70c1282&algo_exp_id=a6281eec-e08a-49ee-9865-b639d70c1282-7&pdp_ext_f=%7B%22order%22%3A%22492%22%2C%22eval%22%3A%221%22%2C%22fromPage%22%3A%22search%22%7D&pdp_npi=6%40dis%21USD%2139.13%2118.65%21%21%21268.95%21128.16%21%402103126e17729929022276577e5a2a%2112000040040947559%21sea%21US%210%21ABX%211%210%21n_tag%3A-29910%3Bd%3Ad1df2f05%3Bm03_new_user%3A-29895%3BpisId%3A5000000201900489&curPageLogUid=0dPic8GUzcOy&utparam-url=scene%3Asearch%7Cquery_from%3A%7Cx_object_id%3A1005007277636238%7C_p_origin_prod%3A
Kukeita Harajuku Y2k Punk Piano Key Wave Dot Lace Skirt Japanese Gothic Lolita Kawaii Cake Skirt Fairy Grunge Y2k Women Skirts,$22.09 ,"https://ae-pic-a1.aliexpress-media.com/kf/Se4898799c76b421b8bbf3c100cd6d9add.jpg?has_lang=1&ver=2_220x220q75.jpg_.avif,https://ae-pic-a1.aliexpress-media.com/kf/S29131b75158e4faabceb0eb7861d676bE.jpg?has_lang=1&ver=2_220x220q75.jpg_.avif,https://ae-pic-a1.aliexpress-media.com/kf/Sbfa996ccd42248deb77d5cafa0bed06f3.jpg?has_lang=1&ver=2_220x220q75.jpg_.avif,https://ae-pic-a1.aliexpress-media.com/kf/S6907a7f82d994d679a7da4e2ad0ec2caE.jpg?has_lang=1&ver=2_220x220q75.jpg_.avif,https://ae-pic-a1.aliexpress-media.com/kf/S6ec34c256e3b449e8f8e520f936f610fZ.jpg?has_lang=1&ver=2_220x220q75.jpg_.avif","['High-concerned chemical', 'None', 'Craft of Weaving', 'Non-Woven', 'Season', 'Summer', 'Fabric Type', 'Broadcloth', 'Age', 'Junior', 'Place Of Origin', 'China (mainland)', 'Waistline', 'empire', 'Dresses Length', 'Above Knee , Mini', 'Decoration', 'Lace', 'Silhouette', 'Pleated', 'Pattern Type', 'Dot', 'Style', 'Streetwear', 'Material', 'POLYESTER,Mesh,Voile', 'Gender', 'Women', 'Origin', 'Mainland China', 'Brand Name', 'Kukeita', 'Elasticity', 'Non Strech', 'CN', 'Zhejiang', 'Fit Type', 'Loose']",https://www.aliexpress.us/item/3256806419112118.html?algo_pvid=a6281eec-e08a-49ee-9865-b639d70c1282&algo_exp_id=a6281eec-e08a-49ee-9865-b639d70c1282-8&pdp_ext_f=%7B%22order%22%3A%22492%22%2C%22eval%22%3A%221%22%2C%22fromPage%22%3A%22search%22%7D&pdp_npi=6%40dis%21USD%2122.96%2122.09%21%21%2122.96%2122.09%21%402103126e17729929022276577e5a2a%2112000037801897427%21sea%21US%210%21ABX%211%210%21n_tag%3A-29910%3Bd%3Ad1df2f05%3Bm03_new_user%3A-29895%3BpisId%3A5000000201915065&curPageLogUid=rvWeBYT8mSua&utparam-url=scene%3Asearch%7Cquery_from%3A%7Cx_object_id%3A1005006605426870%7C_p_origin_prod%3A
Sports short skirt women summer anti-walk yoga pants running fitness clothes quick dry breathable high waist pleated skirt,$0.99 ,"https://ae-pic-a1.aliexpress-media.com/kf/S2a942ad4279043faa0f8b8504ccc5dd7U.jpg_220x220q75.jpg_.avif,https://ae-pic-a1.aliexpress-media.com/kf/S2848552889fd4932bb71fa75824bc333X.jpg_220x220q75.jpg_.avif,https://ae-pic-a1.aliexpress-media.com/kf/S432ecf6e6640478289cda1fd42e01cfdg.jpg_220x220q75.jpg_.avif,https://ae-pic-a1.aliexpress-media.com/kf/S44063c31608446ae8758fb5a3dfaf30cX.jpg_220x220q75.jpg_.avif,https://ae-pic-a1.aliexpress-media.com/kf/S010173099ce4424bae8ab4bf44f4b961u.jpg_220x220q75.jpg_.avif","['High-concerned chemical', 'None', 'Craft of Weaving', 'Tatting', 'Season', 'Summer', 'Fabric Type', 'Knitted', 'Age', 'Junior', 'Place Of Origin', 'China (mainland)', 'Waistline', 'empire', 'Dresses Length', 'Above Knee , Mini', 'Decoration', 'None', 'Silhouette', 'A-LINE', 'Pattern Type', 'Solid', 'Style', 'Casual', 'Material', 'POLYESTER', 'Gender', 'Women', 'Origin', 'Mainland China', 'Elasticity', 'High Strecth', 'CN', 'Guangdong', 'Fit Type', 'Regular Fit']",https://www.aliexpress.us/item/3256808448207268.html?algo_pvid=a6281eec-e08a-49ee-9865-b639d70c1282&algo_exp_id=a6281eec-e08a-49ee-9865-b639d70c1282-9&pdp_ext_f=%7B%22order%22%3A%22491%22%2C%22spu_best_type%22%3A%22price%22%2C%22eval%22%3A%221%22%2C%22fromPage%22%3A%22search%22%7D&pdp_npi=6%40dis%21USD%2122.78%210.99%21%21%21156.59%216.84%21%402103126e17729929022276577e5a2a%2112000046037161764%21sea%21US%210%21ABX%211%210%21n_tag%3A-29910%3Bd%3Ad1df2f05%3Bm03_new_user%3A-29895%3BpisId%3A5000000197847450&curPageLogUid=7emx5I9zX6Wd&utparam-url=scene%3Asearch%7Cquery_from%3A%7Cx_object_id%3A1005008634522020%7C_p_origin_prod%3A
SUCHCUTE Y2K Vacation Floral Printed Long Skirts Holiday Beach Sexy Low Waist Aesthetics Lace Skirt Women Grunge Party Outfits,$17.32 ,"https://ae-pic-a1.aliexpress-media.com/kf/S0808acd0f30549168a261d2e50d1cf45o.jpg_220x220q75.jpg_.avif,https://ae-pic-a1.aliexpress-media.com/kf/S0808acd0f30549168a261d2e50d1cf45o.jpg_220x220q75.jpg_.avif,https://ae-pic-a1.aliexpress-media.com/kf/Sbfc4c23c03c64ec38304dbd640da7560Y.jpg_220x220q75.jpg_.avif,https://ae-pic-a1.aliexpress-media.com/kf/S7f442fe4cde547168f18b83abd710ffdD.jpg_220x220q75.jpg_.avif,https://ae-pic-a1.aliexpress-media.com/kf/S687033c7536d42bdabf4be1ba5100bbax.jpg_220x220q75.jpg_.avif","['Festival', ""Valentine's Day"", 'High-concerned chemical', 'None', 'Release Date', 'Summer 2025', 'Craft of Weaving', 'Tatting', 'Season', 'All Season', 'Fabric Type', 'Woven', 'Age', 'Junior', 'Place Of Origin', 'China (mainland)', 'Model Number', 'WDD16820', 'Waistline', 'Dropped', 'Dresses Length', 'Floor-Length', 'Decoration', 'Print', 'Silhouette', 'Straight', 'Pattern Type', 'Print', 'Style', 'Street Style', 'Material', 'POLYESTER,Elastane', 'Gender', 'Women', 'Origin', 'Mainland China', 'Elasticity', 'Slight Strech', 'CN', 'Guangdong', 'Fit Type', 'Slim']",https://www.aliexpress.us/item/3256807605325796.html?algo_pvid=a6281eec-e08a-49ee-9865-b639d70c1282&algo_exp_id=a6281eec-e08a-49ee-9865-b639d70c1282-10&pdp_ext_f=%7B%22order%22%3A%22489%22%2C%22eval%22%3A%221%22%2C%22orig_sl_item_id%22%3A%221005007791640548%22%2C%22orig_item_id%22%3A%221005010521013813%22%2C%22fromPage%22%3A%22search%22%7D&pdp_npi=6%40dis%21USD%2136.84%2117.32%21%21%21253.18%21118.99%21%402103126e17729929022276577e5a2a%2112000042215789415%21sea%21US%210%21ABX%211%210%21n_tag%3A-29910%3Bd%3Ad1df2f05%3Bm03_new_user%3A-29895&curPageLogUid=dvAyVQgehZWy&utparam-url=scene%3Asearch%7Cquery_from%3A%7Cx_object_id%3A1005007791640548%7C_p_origin_prod%3A1005010521013813
Suitable for Apple Mobile Phone PD Fast Charge Android European Standard Charging Head 20W Dual-Port USB + Type-C Charging Port,$0.99 ,"https://ae-pic-a1.aliexpress-media.com/kf/S94da67f3755b4869b282ff90e93ac6c9D.jpg_220x220q75.jpg_.avif,https://ae-pic-a1.aliexpress-media.com/kf/S49408f8d061547c884a329ce10813668R.jpg_220x220q75.jpg_.avif,https://ae-pic-a1.aliexpress-media.com/kf/Sf36e05be76f54713b793dc8812aa0bba5.jpg_220x220q75.jpg_.avif,https://ae-pic-a1.aliexpress-media.com/kf/Sac67b635d3914dd089f95c87555c6e3cQ.jpg_220x220q75.jpg_.avif,https://ae-pic-a1.aliexpress-media.com/kf/S26c697816b2a461a9149388edb7b85da5.jpg_220x220q75.jpg_.avif","['Season', 'All Season', 'Decoration', 'None', 'Pattern Type', 'fruit', 'Fit Type', 'Regular Fit', '品牌', 'Others', 'Type', 'lv xing chong', 'Model', '009 from list']",https://www.aliexpress.us/item/3256805963939374.html?algo_pvid=a6281eec-e08a-49ee-9865-b639d70c1282&algo_exp_id=a6281eec-e08a-49ee-9865-b639d70c1282-11&pdp_ext_f=%7B%22order%22%3A%22487%22%2C%22spu_best_type%22%3A%22price%22%2C%22eval%22%3A%221%22%2C%22fromPage%22%3A%22search%22%7D&pdp_npi=6%40dis%21USD%217.22%210.99%21%21%2149.59%216.80%21%402103126e17729929022276577e5a2a%2112000035990067011%21sea%21US%210%21ABX%211%210%21n_tag%3A-29910%3Bd%3Ad1df2f05%3Bm03_new_user%3A-29895%3BpisId%3A5000000197847475&curPageLogUid=tUmz6xMqCSe1&utparam-url=scene%3Asearch%7Cquery_from%3A%7Cx_object_id%3A1005006150254126%7C_p_origin_prod%3A
SINGREINY Women Korean Split Sexy Long Skirt 2024 Winter Corduroy Slim Thick Streetwear Fashion Vintage Autumn Bodycon Skirt,$12.51 ,"https://ae-pic-a1.aliexpress-media.com/kf/Sfb8246a4856a46ba819d5d3ea4ae36a6g.jpg?has_lang=1&ver=1_220x220q75.jpg_.avif,https://ae-pic-a1.aliexpress-media.com/kf/Sfb8246a4856a46ba819d5d3ea4ae36a6g.jpg?has_lang=1&ver=1_220x220q75.jpg_.avif,https://ae-pic-a1.aliexpress-media.com/kf/Sf4b8e6254745488290b90d5556b68238F.jpg_220x220q75.jpg_.avif,https://ae-pic-a1.aliexpress-media.com/kf/S8333f723a3404218870f092022f4cf69V.jpg?has_lang=1&ver=1_220x220q75.jpg_.avif,https://ae-pic-a1.aliexpress-media.com/kf/S02887d8e3b364091b850b054ba9475bbU.jpg?has_lang=1&ver=1_220x220q75.jpg_.avif","['High-concerned chemical', 'None', 'Craft of Weaving', 'Knit', 'Season', 'Autumn/Winter', 'is_customized', 'No', 'Fabric Type', 'corduroy', 'Age', 'Middle Age', 'Place Of Origin', 'China (mainland)', 'Waistline', 'Natural', 'Dresses Length', 'Mid-Calf', 'Decoration', 'Sashes', 'Silhouette', 'A-LINE', 'Pattern Type', 'Solid', 'Style', 'Office Lady', 'Material', 'POLYESTER,Viscose', 'Gender', 'Women', 'Origin', 'Mainland China', 'Brand Name', 'SR.Singreiny', 'Elasticity', 'Non Strech', 'CN', 'Guangdong', 'Fit Type', 'Slim']",https://www.aliexpress.us/item/3256805909036574.html?algo_pvid=a6281eec-e08a-49ee-9865-b639d70c1282&algo_exp_id=a6281eec-e08a-49ee-9865-b639d70c1282-12&pdp_ext_f=%7B%22order%22%3A%22487%22%2C%22eval%22%3A%221%22%2C%22fromPage%22%3A%22search%22%7D&pdp_npi=6%40dis%21USD%2130.83%2112.51%21%21%2130.83%2112.51%21%402103126e17729929022276577e5a2a%2112000035715361544%21sea%21US%210%21ABX%211%210%21n_tag%3A-29910%3Bd%3Ad1df2f05%3Bm03_new_user%3A-29895%3BpisId%3A5000000197847450&curPageLogUid=ZytTMesjWoOg&utparam-url=scene%3Asearch%7Cquery_from%3A%7Cx_object_id%3A1005006095351326%7C_p_origin_prod%3A
Japanese Lolita Skirts Ruffled Pleated Plaid Skirt Women 2026 Spring New Elastic High Waist Slimming Gentle Mini Skirt Culottes,$21.73 ,"https://ae-pic-a1.aliexpress-media.com/kf/S6dc87d34b5774f78902ebf49dfc8ea9fx.jpg?has_lang=1&ver=2_220x220q75.jpg_.avif,https://ae-pic-a1.aliexpress-media.com/kf/S6dc87d34b5774f78902ebf49dfc8ea9fx.jpg?has_lang=1&ver=2_220x220q75.jpg_.avif,https://ae-pic-a1.aliexpress-media.com/kf/S25f64ab1247f4423adb93a7cbfd3e01br.jpg?has_lang=1&ver=2_220x220q75.jpg_.avif,https://ae-pic-a1.aliexpress-media.com/kf/S0d7a60c7febb4fbe8219dc250b150410M.jpg?has_lang=1&ver=2_220x220q75.jpg_.avif,https://ae-pic-a1.aliexpress-media.com/kf/S3e4ae3ac1ff04f54a613289e81c903cf5.jpg?has_lang=1&ver=2_220x220q75.jpg_.avif","['High-concerned chemical', 'None', 'Release Date', 'Summer 2025', 'Craft of Weaving', 'Non-Woven', 'Season', 'Autumn/Winter', 'Fabric Type', 'Blended', 'Age', 'Middle Age', 'Place Of Origin', 'China (mainland)', 'Waistline', 'empire', 'Dresses Length', 'Above Knee , Mini', 'Decoration', 'Ruffles', 'Silhouette', 'A-LINE', 'Pattern Type', 'Solid', 'Style', 'Office Lady', 'Material', 'POLYESTER', 'Gender', 'Women', 'Origin', 'Mainland China', 'Brand Name', 'Geyalovvy', 'Elasticity', 'Slight Strech', 'CN', 'Guangdong', 'Fit Type', 'Regular Fit', 'Size', 'XS S M', 'Color classification', 'Light pink', 'Skirt-type', 'A- line skirt', 'Year Season', 'Winter 2025', 'Skirt length', 'Short skirt', 'Material composition', 'Polyester Fiber 92% viscose fiber 8%']",https://www.aliexpress.us/item/3256806028036840.html?algo_pvid=a6281eec-e08a-49ee-9865-b639d70c1282&algo_exp_id=a6281eec-e08a-49ee-9865-b639d70c1282-13&pdp_ext_f=%7B%22order%22%3A%22486%22%2C%22eval%22%3A%221%22%2C%22fromPage%22%3A%22search%22%7D&pdp_npi=6%40dis%21USD%2144.07%2121.73%21%21%21302.90%21149.36%21%402103126e17729929022276577e5a2a%2112000038647113768%21sea%21US%210%21ABX%211%210%21n_tag%3A-29910%3Bd%3Ad1df2f05%3Bm03_new_user%3A-29895%3BpisId%3A5000000197847450&curPageLogUid=aHnamfiLkX1Q&utparam-url=scene%3Asearch%7Cquery_from%3A%7Cx_object_id%3A1005006214351592%7C_p_origin_prod%3A
2024 New Spring and Summer Women's Mini Skirts Fashion Women Denim Skirts Casual Chic High Street Ladies Skirt,$8.80 ,"https://ae-pic-a1.aliexpress-media.com/kf/S0e33b9914bca45bba5ee9573001a0233h.jpg_220x220q75.jpg_.avif,https://ae-pic-a1.aliexpress-media.com/kf/Se893cb4b943944f58ff4c8a1bb9c3f9cb.jpg_220x220q75.jpg_.avif,https://ae-pic-a1.aliexpress-media.com/kf/S4d478833961843569906fb77322112b3u.jpg_220x220q75.jpg_.avif,https://ae-pic-a1.aliexpress-media.com/kf/S3558a816fe5243a9a021d33235fd6b702.jpg_220x220q75.jpg_.avif,https://ae-pic-a1.aliexpress-media.com/kf/S77b5ae8a3371413d9feb2dd55fce0736i.jpg_220x220q75.jpg_.avif","['High-concerned chemical', 'None', 'Release Date', 'Spring 2024', 'Craft of Weaving', 'Tatting', 'Season', 'Spring/Summer', 'is_customized', 'No', 'Fabric Type', 'Denim', 'Age', 'Middle Age', 'Place Of Origin', 'China (mainland)', 'Model Number', '10242', 'Waistline', 'Natural', 'Dresses Length', 'Above Knee , Mini', 'Decoration', 'Pockets', 'Silhouette', 'A-LINE', 'Pattern Type', 'Solid', 'Style', 'High Street', 'Material', 'POLYESTER', 'Gender', 'Women', 'Origin', 'Mainland China', 'Brand Name', 'Guobioziy', 'Elasticity', 'Slight Strech', 'CN', 'Jiangsu', 'Fit Type', 'Regular Fit']",https://www.aliexpress.us/item/3256807115729063.html?algo_pvid=a6281eec-e08a-49ee-9865-b639d70c1282&algo_exp_id=a6281eec-e08a-49ee-9865-b639d70c1282-15&pdp_ext_f=%7B%22order%22%3A%22484%22%2C%22eval%22%3A%221%22%2C%22fromPage%22%3A%22search%22%7D&pdp_npi=6%40dis%21USD%2138.36%218.80%21%21%21263.64%2160.45%21%402103126e17729929022276577e5a2a%2112000040320335530%21sea%21US%210%21ABX%211%210%21n_tag%3A-29910%3Bd%3Ad1df2f05%3Bm03_new_user%3A-29895%3BpisId%3A5000000197847450&curPageLogUid=aoNfOixOcq8g&utparam-url=scene%3Asearch%7Cquery_from%3A%7Cx_object_id%3A1005007302043815%7C_p_origin_prod%3A
Boho Cotton Linen Beach Long Skirt Women Vintage Casual Solid A-line High Waist Dance Floor-Length Maxi Skirt Spring Summer New,$19.02 ,"https://ae-pic-a1.aliexpress-media.com/kf/S554225d281a540a7ae99efab526c5fe7u.jpg_220x220q75.jpg_.avif,https://ae-pic-a1.aliexpress-media.com/kf/S4cb64f5dc2ca4c009bb7f9e2582db11fm.jpg_220x220q75.jpg_.avif,https://ae-pic-a1.aliexpress-media.com/kf/S96d3c6398259492799d9049dfb6b15c8O.jpg_220x220q75.jpg_.avif,https://ae-pic-a1.aliexpress-media.com/kf/S976722cdbc8b489ea79be0d2def59f0dU.jpg_220x220q75.jpg_.avif,https://ae-pic-a1.aliexpress-media.com/kf/Sb4398385d56e49b68643ffc10394064eq.jpg_220x220q75.jpg_.avif","['High-concerned chemical', 'None', 'Craft of Weaving', 'Tatting', 'Season', 'All Season', 'is_customized', 'No', 'Fabric Type', 'Cotton linen', 'Age', 'Middle Age', 'Place Of Origin', 'China (mainland)', 'Waistline', 'empire', 'Dresses Length', 'Floor-Length', 'Decoration', 'None', 'Silhouette', 'A-LINE', 'Pattern Type', 'Solid', 'Style', 'Casual', 'Material', 'COTTON,Linen', 'Gender', 'Women', 'Origin', 'Mainland China', 'Brand Name', 'Stinlicher', 'Elasticity', 'Slight Strech', 'CN', 'Guangdong', 'Fit Type', 'Loose']",https://www.aliexpress.us/item/3256805378123138.html?algo_pvid=a6281eec-e08a-49ee-9865-b639d70c1282&algo_exp_id=a6281eec-e08a-49ee-9865-b639d70c1282-16&pdp_ext_f=%7B%22order%22%3A%22484%22%2C%22eval%22%3A%221%22%2C%22fromPage%22%3A%22search%22%7D&pdp_npi=6%40dis%21USD%2128.82%2119.02%21%21%2128.82%2119.02%21%402103126e17729929022276577e5a2a%2112000033567652760%21sea%21US%210%21ABX%211%210%21n_tag%3A-29910%3Bd%3Ad1df2f05%3Bm03_new_user%3A-29895&curPageLogUid=ivyKfBeMaC9A&utparam-url=scene%3Asearch%7Cquery_from%3A%7Cx_object_id%3A1005005564437890%7C_p_origin_prod%3A
Sexy PU Leather Pleated Skirt Women Solid Basic Mini Skirt Low Waist Skirt Female Nightwear Micro Bikini Skirts Nightclub Skirts,$3.55 ,"https://ae-pic-a1.aliexpress-media.com/kf/S0e0fddb813274acb9a97ae8d7fdbf312u.jpg_220x220q75.jpg_.avif,https://ae-pic-a1.aliexpress-media.com/kf/S0e0fddb813274acb9a97ae8d7fdbf312u.jpg_220x220q75.jpg_.avif,https://ae-pic-a1.aliexpress-media.com/kf/S59586d5fba95473386eb281d1c62809bl.jpg_220x220q75.jpg_.avif,https://ae-pic-a1.aliexpress-media.com/kf/S06bdfad2e4d14aada62a726fc18f6752z.jpg_220x220q75.jpg_.avif,https://ae-pic-a1.aliexpress-media.com/kf/S4f4a24b5140f4066bc8316ef9071548f3.jpg_220x220q75.jpg_.avif","['High-concerned chemical', 'None', 'Release Date', 'Summer 2025', 'Craft of Weaving', 'Tatting', 'Season', 'Autumn/Winter', 'Fabric Type', 'Leather', 'Age', 'Junior', 'Model Number', 'Q2359', 'Waistline', 'Dropped', 'Dresses Length', 'Above Knee , Mini', 'Decoration', 'Shirring', 'Silhouette', 'Ball Gown', 'Pattern Type', 'Solid', 'Style', 'Sexy & Club', 'Material', 'POLYESTER,Elastane', 'Gender', 'Women', 'Origin', 'Mainland China', 'Elasticity', 'Slight Strech', 'CN', 'Guangdong', 'Fit Type', 'Slim', 'Feature', 'Side opening mini skirt', 'Fabric', 'Pu Leather']",https://www.aliexpress.us/item/3256807995253667.html?algo_pvid=a6281eec-e08a-49ee-9865-b639d70c1282&algo_exp_id=a6281eec-e08a-49ee-9865-b639d70c1282-17&pdp_ext_f=%7B%22order%22%3A%22481%22%2C%22eval%22%3A%221%22%2C%22fromPage%22%3A%22search%22%7D&pdp_npi=6%40dis%21USD%2110.91%213.55%21%21%2110.91%213.55%21%402103126e17729929022276577e5a2a%2112000044140327589%21sea%21US%210%21ABX%211%210%21n_tag%3A-29910%3Bd%3Ad1df2f05%3Bm03_new_user%3A-29895%3BpisId%3A5000000197847475&curPageLogUid=rb0uuWpBeT12&utparam-url=scene%3Asearch%7Cquery_from%3A%7Cx_object_id%3A1005008181568419%7C_p_origin_prod%3A
MEXZT S-3XL Y2K Pu Leather Mini Skirts Women Streetwear High Waist Pleated Skirt Vintage Korean Black Slim Casual A Line Skirts,$5.64 ,"https://ae-pic-a1.aliexpress-media.com/kf/Sc5c44960bec5481c81a15532e36c8792F.jpeg_220x220q75.jpeg_.avif,https://ae-pic-a1.aliexpress-media.com/kf/S16beaf8153214bbcbc7b40b7aef9a0cc0.jpeg_220x220q75.jpeg_.avif,https://ae-pic-a1.aliexpress-media.com/kf/Seb0fb76c46314c2fb6d35d32ad4863ff0.jpeg_220x220q75.jpeg_.avif,https://ae-pic-a1.aliexpress-media.com/kf/Sb6d6f6313b264e12b2431f7793c9e0c3L.jpeg_220x220q75.jpeg_.avif,https://ae-pic-a1.aliexpress-media.com/kf/S822c3e4a715b4b7fa13cf3b31ff135f4O.jpeg_220x220q75.jpeg_.avif","['High-concerned chemical', 'None', 'Release Date', 'Spring 2024', 'Craft of Weaving', 'Tatting', 'Season', 'Spring/Summer', 'is_customized', 'No', 'Fabric Type', 'Leather', 'Age', 'Junior', 'Place Of Origin', 'China (mainland)', 'Model Number', 'ALC12231', 'Waistline', 'empire', 'Dresses Length', 'Above Knee , Mini', 'Decoration', 'Sashes', 'Silhouette', 'Pleated', 'Pattern Type', 'Solid', 'Style', 'Y2k', 'Material', 'POLYESTER,Faux Leather', 'Gender', 'Women', 'Origin', 'Mainland China', 'Brand Name', 'MEXZT', 'Elasticity', 'Non Strech', 'CN', 'Guangdong', 'Fit Type', 'Slim']",https://www.aliexpress.us/item/3256806952160314.html?algo_pvid=a6281eec-e08a-49ee-9865-b639d70c1282&algo_exp_id=a6281eec-e08a-49ee-9865-b639d70c1282-18&pdp_ext_f=%7B%22order%22%3A%22479%22%2C%22eval%22%3A%221%22%2C%22fromPage%22%3A%22search%22%7D&pdp_npi=6%40dis%21USD%2130.14%215.64%21%21%21207.14%2138.75%21%402103126e17729929022276577e5a2a%2112000039537862174%21sea%21US%210%21ABX%211%210%21n_tag%3A-29910%3Bd%3Ad1df2f05%3Bm03_new_user%3A-29895%3BpisId%3A5000000197847450&curPageLogUid=LGXqpXA4YYEx&utparam-url=scene%3Asearch%7Cquery_from%3A%7Cx_object_id%3A1005007138475066%7C_p_origin_prod%3A
Vintage Y2k Black White Piano Skirt Women Design Hepburn Summer Harajuku Mini Skirt Female Fashion Hot Girl New Retro Clothing,$8.84 ,"https://ae-pic-a1.aliexpress-media.com/kf/S9f704a7ea4e14129991ed854e3330511b.jpg_220x220q75.jpg_.avif,https://ae-pic-a1.aliexpress-media.com/kf/S472d545a490c43dab03b52da72dc58b3E.jpg_220x220q75.jpg_.avif,https://ae-pic-a1.aliexpress-media.com/kf/S0636059283794bb5a5f33b3a2e72d80bR.jpg_220x220q75.jpg_.avif,https://ae-pic-a1.aliexpress-media.com/kf/S7a5d7da35b3b4b5cb544e9f4a2c097f20.jpg_220x220q75.jpg_.avif,https://ae-pic-a1.aliexpress-media.com/kf/Sd50e3b592aaa478aa143269212b1f08fb.jpg_220x220q75.jpg_.avif","['High-concerned chemical', 'None', 'Release Date', 'Summer 2025', 'Craft of Weaving', 'Tatting', 'Season', 'Spring/Summer', 'is_customized', 'No', 'Fabric Type', 'Blended', 'Age', 'Junior', 'Place Of Origin', 'China (mainland)', 'Model Number', 'Y2505278', 'Waistline', 'Natural', 'Dresses Length', 'Above Knee , Mini', 'Decoration', 'None', 'Silhouette', 'A-LINE', 'Pattern Type', 'Solid', 'Style', 'gothic', 'Material', 'COTTON,POLYESTER', 'Gender', 'Women', 'Origin', 'Mainland China', 'Brand Name', 'ZHUOFU', 'Elasticity', 'Slight Strech', 'CN', 'Guangdong', 'Fit Type', 'Loose']",https://www.aliexpress.us/item/3256808943363952.html?algo_pvid=a6281eec-e08a-49ee-9865-b639d70c1282&algo_exp_id=a6281eec-e08a-49ee-9865-b639d70c1282-19&pdp_ext_f=%7B%22order%22%3A%22476%22%2C%22spu_best_type%22%3A%22price%22%2C%22eval%22%3A%221%22%2C%22fromPage%22%3A%22search%22%7D&pdp_npi=6%40dis%21USD%2115.61%218.84%21%21%21107.31%2160.75%21%402103126e17729929022276577e5a2a%2112000048018980822%21sea%21US%210%21ABX%211%210%21n_tag%3A-29910%3Bd%3Ad1df2f05%3Bm03_new_user%3A-29895%3BpisId%3A5000000201905370&curPageLogUid=J3DijbhDPM13&utparam-url=scene%3Asearch%7Cquery_from%3A%7Cx_object_id%3A1005009129678704%7C_p_origin_prod%3A
Womens Adult 80s Vintage Tulle Skirt Layered Short Vintage Petticoat Color Layered Mesh Ballet Bubble Mini Dress Up,$0.99 ,"https://ae-pic-a1.aliexpress-media.com/kf/S690a4ea78901436abf8387e67bc6f955h.jpg_220x220q75.jpg_.avif,https://ae-pic-a1.aliexpress-media.com/kf/S27a2dfcdc5c64faa95bd807eaaebf823Q.jpg_220x220q75.jpg_.avif,https://ae-pic-a1.aliexpress-media.com/kf/Sad0675d14e0d438687ff0b959570a1a3Z.jpg_220x220q75.jpg_.avif,https://ae-pic-a1.aliexpress-media.com/kf/S3ec3fb665e6441d5b586e1c1c3292a89V.jpg_220x220q75.jpg_.avif,https://ae-pic-a1.aliexpress-media.com/kf/S4d10b2c920f840f18aaa8f3fc66d218fU.jpg_220x220q75.jpg_.avif","['High-concerned chemical', 'None', 'Craft of Weaving', 'Not Clothing or Textiles', 'Season', 'All Season', 'Fabric Type', 'Blended', 'Age', 'Junior', 'Waistline', 'Natural', 'Dresses Length', 'Ankle-Length', 'Decoration', 'None', 'Silhouette', 'Ball Gown', 'Pattern Type', 'Solid', 'Style', 'Sweet', 'Material', 'POLYESTER,COTTON', 'Gender', 'Women', 'Origin', 'Mainland China', 'Brand Name', 'KLV', 'Fit Type', 'Loose', 'CN', 'Guangdong', 'Elasticity', 'Non Strech']",https://www.aliexpress.us/item/3256808142704539.html?algo_pvid=a6281eec-e08a-49ee-9865-b639d70c1282&algo_exp_id=a6281eec-e08a-49ee-9865-b639d70c1282-20&pdp_ext_f=%7B%22order%22%3A%22476%22%2C%22eval%22%3A%221%22%2C%22fromPage%22%3A%22search%22%7D&pdp_npi=6%40dis%21USD%212.48%210.99%21%21%2117.04%216.80%21%402103126e17729929022276577e5a2a%2112000044618657748%21sea%21US%210%21ABX%211%210%21n_tag%3A-29910%3Bd%3Ad1df2f05%3Bm03_new_user%3A-29895%3BpisId%3A5000000197847458&curPageLogUid=xrqo50z7aBNh&utparam-url=scene%3Asearch%7Cquery_from%3A%7Cx_object_id%3A1005008329019291%7C_p_origin_prod%3A
SISHION 2025 Autumn New A Line Swing Buttons Long Midi Vintage Skirt SS0037 Red Green High Waist Plaid Skirts for Women Jupe,$0.99 ,"https://ae-pic-a1.aliexpress-media.com/kf/Sa8e0479d9c454924a42a309be0ce325bA.jpg_220x220q75.jpg_.avif,https://ae-pic-a1.aliexpress-media.com/kf/Sd730e4535cf048f69835edf43fde0fc3l.jpg_220x220q75.jpg_.avif,https://ae-pic-a1.aliexpress-media.com/kf/S41e9fdbccbbe4115ab0c4f7b4617fddd7.jpg?has_lang=1&ver=2_220x220q75.jpg_.avif,https://ae-pic-a1.aliexpress-media.com/kf/Scc99cf0001ae415b92621126dd44b4c3H.jpg?has_lang=1&ver=2_220x220q75.jpg_.avif,https://ae-pic-a1.aliexpress-media.com/kf/S34dcef24880544ab848bba2211e93302p.jpg_220x220q75.jpg_.avif","['High-concerned chemical', 'None', 'Release Date', 'Summer 2024', 'Craft of Weaving', 'Tatting', 'Season', 'All Season', 'is_customized', 'No', 'Fabric Type', 'Woolen', 'Age', 'Middle Age', 'Place Of Origin', 'China (mainland)', 'Model Number', 'SS0037', 'Waistline', 'empire', 'Dresses Length', 'Mid-Calf', 'Decoration', 'Button', 'Silhouette', 'A-LINE', 'Pattern Type', 'Plaid', 'Style', 'Vintage', 'Material', 'POLYESTER,Elastane', 'Gender', 'Women', 'Origin', 'Mainland China', 'Brand Name', 'Sishion', 'Elasticity', 'Slight Strech', 'CN', 'Zhejiang', 'Fit Type', 'Loose']",https://www.aliexpress.us/item/3256806007290096.html?algo_pvid=a6281eec-e08a-49ee-9865-b639d70c1282&algo_exp_id=a6281eec-e08a-49ee-9865-b639d70c1282-21&pdp_ext_f=%7B%22order%22%3A%22475%22%2C%22eval%22%3A%221%22%2C%22fromPage%22%3A%22search%22%7D&pdp_npi=6%40dis%21USD%217.48%210.99%21%21%217.48%210.99%21%402103126e17729929022276577e5a2a%2112000036456025450%21sea%21US%210%21ABX%211%210%21n_tag%3A-29910%3Bd%3Ad1df2f05%3Bm03_new_user%3A-29895%3BpisId%3A5000000197847458&curPageLogUid=Uw7c58sEbeBa&utparam-url=scene%3Asearch%7Cquery_from%3A%7Cx_object_id%3A1005006193604848%7C_p_origin_prod%3A
ZOKI Vintage Gray Pleated Skirt Women Kawaii High Waist Mini Skirts Korean Fashion School Uniform Harajuku Streetwear Spring,$12.62 ,"https://ae-pic-a1.aliexpress-media.com/kf/S320c2f0544e644269c00e47524b1902bh.jpg_220x220q75.jpg_.avif,https://ae-pic-a1.aliexpress-media.com/kf/S89d7399c45db4dc2895b0ffd46ee0e36X.jpg_220x220q75.jpg_.avif,https://ae-pic-a1.aliexpress-media.com/kf/S8f0751e3572e4f89801462c9f04ff8f19.jpg_220x220q75.jpg_.avif,https://ae-pic-a1.aliexpress-media.com/kf/Sbf247aa22c3d4817bcbe230ddfdeaa6eV.jpg_220x220q75.jpg_.avif,https://ae-pic-a1.aliexpress-media.com/kf/Sc15273b796fd44b6975e03df0777a763d.jpg_220x220q75.jpg_.avif","['High-concerned chemical', 'None', 'Craft of Weaving', 'Tatting', 'Season', 'Spring/Summer', 'is_customized', 'No', 'Fabric Type', 'Nylon Cotton', 'Age', 'Junior', 'Place Of Origin', 'China (mainland)', 'Model Number', 'KB04061', 'Waistline', 'empire', 'Dresses Length', 'Above Knee , Mini', 'Decoration', 'None', 'Silhouette', 'Pleated', 'Pattern Type', 'Solid', 'Style', 'Casual', 'Material', 'POLYESTER', 'Gender', 'Women', 'Origin', 'Mainland China', 'Brand Name', 'ZOKI', 'Elasticity', 'Non Strech', 'CN', 'Guangdong', 'Fit Type', 'Regular Fit']",https://www.aliexpress.us/item/3256804865164428.html?algo_pvid=a6281eec-e08a-49ee-9865-b639d70c1282&algo_exp_id=a6281eec-e08a-49ee-9865-b639d70c1282-22&pdp_ext_f=%7B%22order%22%3A%22475%22%2C%22eval%22%3A%221%22%2C%22fromPage%22%3A%22search%22%7D&pdp_npi=6%40dis%21USD%2122.94%2112.62%21%21%21157.69%2186.73%21%402103126e17729929022276577e5a2a%2112000031459760844%21sea%21US%210%21ABX%211%210%21n_tag%3A-29910%3Bd%3Ad1df2f05%3Bm03_new_user%3A-29895&curPageLogUid=mpfYdAHySLLV&utparam-url=scene%3Asearch%7Cquery_from%3A%7Cx_object_id%3A1005005051479180%7C_p_origin_prod%3A
Japanese ruffles pleated skirt woman sweet high waist loose Ankle-length skirts women college style black patchwork A-line skirt,$4.16 ,"https://ae-pic-a1.aliexpress-media.com/kf/Scc517e1c06af4573ab7b1d4efa60017cp.jpg_220x220q75.jpg_.avif,https://ae-pic-a1.aliexpress-media.com/kf/S10fefbb3f3284a2c9d1decfa6c7e578aj.jpg_220x220q75.jpg_.avif,https://ae-pic-a1.aliexpress-media.com/kf/S4885c9d64f844b13a869e413df6cfdf5N.jpg_220x220q75.jpg_.avif,https://ae-pic-a1.aliexpress-media.com/kf/S63f70e7bb7854c4fbe4977a70a97c017Y.jpg_220x220q75.jpg_.avif,https://ae-pic-a1.aliexpress-media.com/kf/S93a9f9e8888c4cffa79a150fafbe45379.jpg_220x220q75.jpg_.avif","['High-concerned chemical', 'None', 'Craft of Weaving', 'Non-Woven', 'Season', 'All Season', 'is_customized', 'No', 'Fabric Type', 'Blended', 'Age', 'Junior', 'Place Of Origin', 'China (mainland)', 'Model Number', 'R5020', 'Waistline', 'empire', 'Dresses Length', 'Ankle-Length', 'Decoration', 'Ruffles', 'Silhouette', 'A-LINE', 'Pattern Type', 'Solid', 'Style', 'Preppy Style', 'Material', 'COTTON,POLYESTER', 'Gender', 'Women', 'Origin', 'Mainland China', 'Brand Name', 'BIYABY', 'Elasticity', 'Slight Strech', 'CN', 'Zhejiang', 'Fit Type', 'Loose', 'size', 'S/M/L/XL', 'color', 'black/white', 'gender', ""women/woman/female/femme/lady/mujer/women's/womens"", 'season', 'spring/summer/autumn', 'style', 'lolita/japan/Princess/sweet', 'occasion', 'holiday/club/street/cocktail', 'skirt type', 'A-line skirt/pleated skirt']",https://www.aliexpress.us/item/3256805157044025.html?algo_pvid=a6281eec-e08a-49ee-9865-b639d70c1282&algo_exp_id=a6281eec-e08a-49ee-9865-b639d70c1282-23&pdp_ext_f=%7B%22order%22%3A%22474%22%2C%22eval%22%3A%221%22%2C%22fromPage%22%3A%22search%22%7D&pdp_npi=6%40dis%21USD%2111.16%214.16%21%21%2176.67%2128.56%21%402103126e17729929022276577e5a2a%2112000032685293589%21sea%21US%210%21ABX%211%210%21n_tag%3A-29910%3Bd%3Ad1df2f05%3Bm03_new_user%3A-29895%3BpisId%3A5000000197847475&curPageLogUid=04inJgp1USI6&utparam-url=scene%3Asearch%7Cquery_from%3A%7Cx_object_id%3A1005005343358777%7C_p_origin_prod%3A
Women's Skirt Workplace Style High Elasticity Package Hip Skirt Casual Commuter Ladies Milk Silk Solid Color Half Bodycon Skirt,$0.99 ,"https://ae-pic-a1.aliexpress-media.com/kf/S77af7ee3ae534ede88927ef7b56f7425B.jpg_220x220q75.jpg_.avif,https://ae-pic-a1.aliexpress-media.com/kf/S60c1eaaf3e7a40589a388379a0ea4f3dF.jpg_220x220q75.jpg_.avif,https://ae-pic-a1.aliexpress-media.com/kf/S9d888e7d54dc48619c4d42491672464eN.jpg_220x220q75.jpg_.avif,https://ae-pic-a1.aliexpress-media.com/kf/S0078f4b055b14893857e99f5c7b92121K.jpg_220x220q75.jpg_.avif,https://ae-pic-a1.aliexpress-media.com/kf/Sfb8f8488fe534d51a5a7a7eeca7b2dfdx.jpg_220x220q75.jpg_.avif","['High-concerned chemical', 'None', 'Craft of Weaving', 'Knit', 'Season', 'Summer', 'Fabric Type', 'Blended', 'Age', 'Junior', 'Waistline', 'Natural', 'Dresses Length', 'Knee-Length', 'Decoration', 'None', 'Silhouette', 'Straight', 'Pattern Type', 'Solid', 'Style', 'Office Lady', 'Material', 'POLYESTER,Elastane', 'Gender', 'Women', 'Origin', 'Mainland China', 'Brand Name', 'T3', 'Elasticity', 'High Strecth', 'CN', 'Guangdong', 'Fit Type', 'Slim']",https://www.aliexpress.us/item/3256808640425506.html?algo_pvid=a6281eec-e08a-49ee-9865-b639d70c1282&algo_exp_id=a6281eec-e08a-49ee-9865-b639d70c1282-24&pdp_ext_f=%7B%22order%22%3A%22473%22%2C%22eval%22%3A%221%22%2C%22fromPage%22%3A%22search%22%7D&pdp_npi=6%40dis%21USD%2112.01%210.99%21%21%2182.52%216.76%21%402103126e17729929022276577e5a2a%2112000046842383030%21sea%21US%210%21ABX%211%210%21n_tag%3A-29910%3Bd%3Ad1df2f05%3Bm03_new_user%3A-29895%3BpisId%3A5000000197847475&curPageLogUid=pkQUOwqQkdEb&utparam-url=scene%3Asearch%7Cquery_from%3A%7Cx_object_id%3A1005008826740258%7C_p_origin_prod%3A
Women Spring Autumn Plaid Print Wrap Hips Skirts Fashion Ankle-Length Sexy Slim Pencil Skirts Preppy Style Girls Slit Midiskirt,$2.80 ,"https://ae-pic-a1.aliexpress-media.com/kf/S03a25e3d72a84fc29bd353ad2f3de96cY.jpg_220x220q75.jpg_.avif,https://ae-pic-a1.aliexpress-media.com/kf/S34cc37eb749146cdbcf43583743fb4e1v.jpg_220x220q75.jpg_.avif,https://ae-pic-a1.aliexpress-media.com/kf/Sfafcf751a506484db3facbca8fbe41abo.jpg_220x220q75.jpg_.avif,https://ae-pic-a1.aliexpress-media.com/kf/S45e5b3efec984f558e435737683887f96.jpg_220x220q75.jpg_.avif,https://ae-pic-a1.aliexpress-media.com/kf/Sf1375d98de0248098c95ec1962e7280b8.jpg_220x220q75.jpg_.avif","['High-concerned chemical', 'None', 'Release Date', 'Autumn 2024', 'Craft of Weaving', 'Tatting', 'Season', 'Autumn/Winter', 'is_customized', 'No', 'Fabric Type', 'Woolen', 'Age', 'Junior', 'Place Of Origin', 'China (mainland)', 'Model Number', 'plaid skirt', 'Waistline', 'empire', 'Dresses Length', 'Ankle-Length', 'Decoration', 'None', 'Silhouette', 'Pencil', 'Pattern Type', 'Plaid', 'Style', 'Vintage', 'Material', 'POLYESTER', 'Gender', 'Women', 'Origin', 'Mainland China', 'Elasticity', 'Slight Strech', 'CN', 'Guangdong', 'Fit Type', 'Slim']",https://www.aliexpress.us/item/3256807341567579.html?algo_pvid=a6281eec-e08a-49ee-9865-b639d70c1282&algo_exp_id=a6281eec-e08a-49ee-9865-b639d70c1282-26&pdp_ext_f=%7B%22order%22%3A%22471%22%2C%22eval%22%3A%221%22%2C%22fromPage%22%3A%22search%22%7D&pdp_npi=6%40dis%21USD%2120.01%212.80%21%21%21137.53%2119.28%21%402103126e17729929022276577e5a2a%2112000041165417549%21sea%21US%210%21ABX%211%210%21n_tag%3A-29910%3Bd%3Ad1df2f05%3Bm03_new_user%3A-29895%3BpisId%3A5000000197847475&curPageLogUid=ZvAoryCpfTrk&utparam-url=scene%3Asearch%7Cquery_from%3A%7Cx_object_id%3A1005007527882331%7C_p_origin_prod%3A
Women's Basic Versatile Stretchy Flared Casual Mini Skater Skirt Red Black Green Blue Short Skirt 3XL,$1.65 ,"https://ae-pic-a1.aliexpress-media.com/kf/S535b3ea950654f3f9410749b2932c564r.jpg_220x220q75.jpg_.avif,https://ae-pic-a1.aliexpress-media.com/kf/Sda44ff54eee048ada7a2e6390bae5d84w.jpg_220x220q75.jpg_.avif,https://ae-pic-a1.aliexpress-media.com/kf/S660a68ccbaa54eb6ad50b400651b16fem.jpg_220x220q75.jpg_.avif,https://ae-pic-a1.aliexpress-media.com/kf/S371c1cfd53f24aebbb5a84860c31d57ct.jpg_220x220q75.jpg_.avif,https://ae-pic-a1.aliexpress-media.com/kf/S616d91d160d846d4af41b6eb2f8caee1Z.jpg_220x220q75.jpg_.avif","['Season', 'Summer', 'Fabric Type', 'Blended', 'Age', 'Ages 18-35 Years Old', 'Waistline', 'Natural', 'Dresses Length', 'Above Knee , Mini', 'Decoration', 'None', 'Silhouette', 'A-LINE', 'Pattern Type', 'Solid', 'Style', 'Casual', 'Material', 'POLYESTER', 'Gender', 'Women', 'Origin', 'Mainland China', 'Brand Name', 'DakunhuiLC', 'Fit Type', 'LOOSE FIT']",https://www.aliexpress.us/item/3256804039131422.html?algo_pvid=a6281eec-e08a-49ee-9865-b639d70c1282&algo_exp_id=a6281eec-e08a-49ee-9865-b639d70c1282-28&pdp_ext_f=%7B%22order%22%3A%22467%22%2C%22eval%22%3A%221%22%2C%22fromPage%22%3A%22search%22%7D&pdp_npi=6%40dis%21USD%218.65%211.65%21%21%218.65%211.65%21%402103126e17729929022276577e5a2a%2112000028442058846%21sea%21US%210%21ABX%211%210%21n_tag%3A-29910%3Bd%3Ad1df2f05%3Bm03_new_user%3A-29895%3BpisId%3A5000000197847475&curPageLogUid=rBmdmADreWGo&utparam-url=scene%3Asearch%7Cquery_from%3A%7Cx_object_id%3A1005004225446174%7C_p_origin_prod%3A
Lolita Print Tops Bow Cake Blouse Y2K JK Lolita Japan Kawaii Girl Cute Sweet Lace T-shirt A-line Spliced Cake Skirt New Chic,$4.02 ,"https://ae-pic-a1.aliexpress-media.com/kf/S2d570a7088c94e8aa439a127fed1c56dv.jpg_220x220q75.jpg_.avif,https://ae-pic-a1.aliexpress-media.com/kf/S4c3e055af2a5486b8dd6f8be3aab2bdeG.jpg?has_lang=1&ver=2_220x220q75.jpg_.avif,https://ae-pic-a1.aliexpress-media.com/kf/S333d06bfc2ba40be957fda83e781e1efs.jpg?has_lang=1&ver=1_220x220q75.jpg_.avif,https://ae-pic-a1.aliexpress-media.com/kf/S0465c18a6bd4472a8b21b0bbe2c46646c.jpg_220x220q75.jpg_.avif,https://ae-pic-a1.aliexpress-media.com/kf/S64b4a4e217e447c495380a4c1ddf112a8.jpg_220x220q75.jpg_.avif","['High-concerned chemical', 'None', 'Release Date', 'Summer 2025', 'Craft of Weaving', 'Tatting', 'Season', 'Summer', 'is_customized', 'No', 'Fabric Type', 'Blended', 'Age', 'Middle Age', 'Place Of Origin', 'China (mainland)', 'Model Number', 'YY1768', 'Waistline', 'empire', 'Dresses Length', 'Above Knee , Mini', 'Decoration', 'None', 'Silhouette', 'A-LINE', 'Pattern Type', 'Solid', 'Style', 'Casual', 'Material', 'POLYESTER', 'Gender', 'Women', 'Origin', 'Mainland China', 'Brand Name', 'Miss Tough', 'Elasticity', 'Non Strech', 'CN', 'Guangdong', 'Fit Type', 'Regular Fit']",https://www.aliexpress.us/item/3256808847843548.html?algo_pvid=a6281eec-e08a-49ee-9865-b639d70c1282&algo_exp_id=a6281eec-e08a-49ee-9865-b639d70c1282-29&pdp_ext_f=%7B%22order%22%3A%22465%22%2C%22spu_best_type%22%3A%22price%22%2C%22eval%22%3A%221%22%2C%22fromPage%22%3A%22search%22%7D&pdp_npi=6%40dis%21USD%216.70%214.02%21%21%216.70%214.02%21%402103126e17729929022276577e5a2a%2112000048979205076%21sea%21US%210%21ABX%211%210%21n_tag%3A-29910%3Bd%3Ad1df2f05%3Bm03_new_user%3A-29895&curPageLogUid=oyTLaehqgrk1&utparam-url=scene%3Asearch%7Cquery_from%3A%7Cx_object_id%3A1005009034158300%7C_p_origin_prod%3A
Women New Asymmetrical Shirring Skirt High Waist Pleated Fashion Pencil Skirt Summer Solid Wrap Hip Sexy Slim Irregular Skirts,$5.37 ,"https://ae-pic-a1.aliexpress-media.com/kf/S8ff6c578f2714580a65edc1be47f29fbx.jpg_220x220q75.jpg_.avif,https://ae-pic-a1.aliexpress-media.com/kf/S25e9953adf9a47809e8ec0f48ea7c5680.jpg_220x220q75.jpg_.avif,https://ae-pic-a1.aliexpress-media.com/kf/S39f2353bd31040afa65b77f5e74389afB.jpg_220x220q75.jpg_.avif,https://ae-pic-a1.aliexpress-media.com/kf/Sddb6b984f9ce43fc9ea1d55c4573c8a01.jpg_220x220q75.jpg_.avif,https://ae-pic-a1.aliexpress-media.com/kf/S787b57d5d1984c589766787ce6a09f564.jpg_220x220q75.jpg_.avif","['Occasion', 'Party', 'Festival', ""Valentine's Day"", 'High-concerned chemical', 'None', 'Release Date', 'Autumn 2025', 'Craft of Weaving', 'Tatting', 'Season', 'Spring/Summer', 'is_customized', 'No', 'Fabric Type', '100% Polyester', 'Age', 'Middle Age', 'Place Of Origin', 'China (mainland)', 'Model Number', 'shirring skirt', 'Waistline', 'Natural', 'Dresses Length', 'Mid-Calf', 'Decoration', 'Shirring', 'Silhouette', 'Asymmetrical', 'Pattern Type', 'Solid', 'Style', 'Vintage', 'Material', 'POLYESTER', 'Gender', 'Women', 'Origin', 'Mainland China', 'Elasticity', 'High Strecth', 'CN', 'Guangdong', 'Fit Type', 'Slim']",https://www.aliexpress.us/item/3256806880379634.html?algo_pvid=a6281eec-e08a-49ee-9865-b639d70c1282&algo_exp_id=a6281eec-e08a-49ee-9865-b639d70c1282-30&pdp_ext_f=%7B%22order%22%3A%22464%22%2C%22eval%22%3A%221%22%2C%22fromPage%22%3A%22search%22%7D&pdp_npi=6%40dis%21USD%2116.57%215.37%21%21%21113.88%2136.88%21%402103126e17729929022276577e5a2a%2112000039294594988%21sea%21US%210%21ABX%211%210%21n_tag%3A-29910%3Bd%3Ad1df2f05%3Bm03_new_user%3A-29895%3BpisId%3A5000000201906197&curPageLogUid=JiRcDMkt7cuc&utparam-url=scene%3Asearch%7Cquery_from%3A%7Cx_object_id%3A1005007066694386%7C_p_origin_prod%3A
Y2K Spicy Girl Subculture Punk Girl Anti exposure Half length Skirt Harajuku Style Trend Pumpkin Short Skirt Cake Puff Skirt,$5.78 ,"https://ae-pic-a1.aliexpress-media.com/kf/S5d5bca70a8f243718b641d662d7738dbs.jpg_220x220q75.jpg_.avif,https://ae-pic-a1.aliexpress-media.com/kf/Sb2cfbce8c77c40be8932eab401434390S.jpg_220x220q75.jpg_.avif,https://ae-pic-a1.aliexpress-media.com/kf/S30c454b1a2e24d0e968efa15f707db51g.png_220x220.png_.avif,https://ae-pic-a1.aliexpress-media.com/kf/S2fc4d5654b8f41c7908996dd247e31eeP.jpg_220x220q75.jpg_.avif,https://ae-pic-a1.aliexpress-media.com/kf/Saca9627f4e79485fad0278f354717bf4O.jpg_220x220q75.jpg_.avif","['High-concerned chemical', 'None', 'Release Date', 'Summer 2025', 'Craft of Weaving', 'Non-Woven', 'Season', 'Spring/Summer', 'is_customized', 'No', 'Fabric Type', 'Broadcloth', 'Age', 'Junior', 'Place Of Origin', 'China (mainland)', 'Waistline', 'Natural', 'Dresses Length', 'Above Knee , Mini', 'Decoration', 'Folds', 'Silhouette', 'Ball Gown', 'Pattern Type', 'Solid', 'Style', 'Y2k', 'Material', 'POLYESTER,Elastane', 'Gender', 'Women', 'Origin', 'Mainland China', 'Brand Name', 'KERESLINA', 'Elasticity', 'Slight Strech', 'CN', 'Guangdong', 'Fit Type', 'Regular Fit']",https://www.aliexpress.us/item/3256809375820015.html?algo_pvid=a6281eec-e08a-49ee-9865-b639d70c1282&algo_exp_id=a6281eec-e08a-49ee-9865-b639d70c1282-31&pdp_ext_f=%7B%22order%22%3A%22462%22%2C%22eval%22%3A%221%22%2C%22fromPage%22%3A%22search%22%7D&pdp_npi=6%40dis%21USD%219.63%215.78%21%21%2166.19%2139.71%21%402103126e17729929022276577e5a2a%2112000049467940609%21sea%21US%210%21ABX%211%210%21n_tag%3A-29910%3Bd%3Ad1df2f05%3Bm03_new_user%3A-29895&curPageLogUid=637Rbo4d6UfH&utparam-url=scene%3Asearch%7Cquery_from%3A%7Cx_object_id%3A1005009562134767%7C_p_origin_prod%3A
Elegant Floral Women Tulle Skirts High Waist Korean Flocking Pleated Midi Skirts Mesh Summer Office Ladies Skirt New,$7.31 ,"https://ae-pic-a1.aliexpress-media.com/kf/S4e11fbb45b40464590fd14dc051fc499y.jpg_220x220q75.jpg_.avif,https://ae-pic-a1.aliexpress-media.com/kf/S5e7fef5b7c294a29a0af7fb6be815495g.jpg_220x220q75.jpg_.avif,https://ae-pic-a1.aliexpress-media.com/kf/S044ab25e6c9747a9be0f863be43f3facQ.jpg_220x220q75.jpg_.avif,https://ae-pic-a1.aliexpress-media.com/kf/Sa2e27ee23f9d44e986ff77d89502ccdcb.jpg_220x220q75.jpg_.avif,https://ae-pic-a1.aliexpress-media.com/kf/S950e266875a44914a7519893b4ca04b0o.jpg_220x220q75.jpg_.avif","['High-concerned chemical', 'None', 'Release Date', 'Spring 2024', 'Craft of Weaving', 'Tatting', 'Season', 'Summer', 'Fabric Type', 'Broadcloth', 'Age', 'Junior', 'Place Of Origin', 'China (mainland)', 'Model Number', 'FD03203', 'Waistline', 'empire', 'Dresses Length', 'Mid-Calf', 'Decoration', 'Tie flowers', 'Silhouette', 'A-LINE', 'Pattern Type', 'Solid', 'Style', 'Casual', 'Material', 'POLYESTER', 'Gender', 'Women', 'Origin', 'Mainland China', 'Brand Name', 'ZOKI', 'Elasticity', 'Medium Strecth', 'CN', 'Guangdong', 'Fit Type', 'Loose']",https://www.aliexpress.us/item/3256806739217794.html?algo_pvid=a6281eec-e08a-49ee-9865-b639d70c1282&algo_exp_id=a6281eec-e08a-49ee-9865-b639d70c1282-32&pdp_ext_f=%7B%22order%22%3A%22461%22%2C%22eval%22%3A%221%22%2C%22fromPage%22%3A%22search%22%7D&pdp_npi=6%40dis%21USD%2115.26%217.31%21%21%21104.86%2150.25%21%402103126e17729929022276577e5a2a%2112000038743401964%21sea%21US%210%21ABX%211%210%21n_tag%3A-29910%3Bd%3Ad1df2f05%3Bm03_new_user%3A-29895%3BpisId%3A5000000201897517&curPageLogUid=rLOcDdfEPbTz&utparam-url=scene%3Asearch%7Cquery_from%3A%7Cx_object_id%3A1005006925532546%7C_p_origin_prod%3A
AS AW25 trendy oversize Sports wear + Quick-drying pleat skirt cover knee set woman clothes,$27.00 ,"https://ae-pic-a1.aliexpress-media.com/kf/Sd153e29aef1d4f0dbddb36036f526c5az.jpg_220x220q75.jpg_.avif,https://ae-pic-a1.aliexpress-media.com/kf/Sd153e29aef1d4f0dbddb36036f526c5az.jpg_220x220q75.jpg_.avif,https://ae-pic-a1.aliexpress-media.com/kf/Sdfbe659bc47849cda2838b8c5b1884aek.jpg_220x220q75.jpg_.avif,https://ae-pic-a1.aliexpress-media.com/kf/Sb6b2b073710248c38fd637c295371d1fT.jpg?has_lang=1&ver=1_220x220q75.jpg_.avif,https://ae-pic-a1.aliexpress-media.com/kf/S21f543ca38ef4b9c8e46008b3b77affeT.jpg_220x220q75.jpg_.avif","['High-concerned chemical', 'None', 'Craft of Weaving', 'Tatting', 'Season', 'All Season', 'Fabric Type', 'Broadcloth', 'Age', 'Middle Age', 'Waistline', 'Natural', 'Dresses Length', 'Mid-Calf', 'Decoration', 'None', 'Silhouette', 'Pleated', 'Pattern Type', 'Solid', 'Style', 'Sporty', 'Material', 'COTTON,POLYESTER', 'Gender', 'Women', 'Origin', 'Mainland China', 'Elasticity', 'Slight Strech', 'CN', 'Guangdong', 'Fit Type', 'Loose']",https://www.aliexpress.us/item/3256809584893026.html?algo_pvid=a6281eec-e08a-49ee-9865-b639d70c1282&algo_exp_id=a6281eec-e08a-49ee-9865-b639d70c1282-33&pdp_ext_f=%7B%22order%22%3A%22460%22%2C%22eval%22%3A%221%22%2C%22fromPage%22%3A%22search%22%7D&pdp_npi=6%40dis%21USD%2174.00%2127.00%21%21%2174.00%2127.00%21%402103126e17729929022276577e5a2a%2112000050112107042%21sea%21US%210%21ABX%211%210%21n_tag%3A-29910%3Bd%3Ad1df2f05%3Bm03_new_user%3A-29895%3BpisId%3A5000000197847450&curPageLogUid=MorjFGI5CHQo&utparam-url=scene%3Asearch%7Cquery_from%3A%7Cx_object_id%3A1005009771207778%7C_p_origin_prod%3A
Harajuku Punk Gothic Black High Waist Black Skirts Women Sexy Patchwork Bandage Mini Female Streetwear Black Skirt,$1.20 ,"https://ae-pic-a1.aliexpress-media.com/kf/S1b6e7a7ab9fd4acba1ce19e2ffe0505b6.jpg_220x220q75.jpg_.avif,https://ae-pic-a1.aliexpress-media.com/kf/S1b6e7a7ab9fd4acba1ce19e2ffe0505b6.jpg_220x220q75.jpg_.avif,https://ae-pic-a1.aliexpress-media.com/kf/Sf372fb1dae994c368a3ba315ba955188v.jpg_220x220q75.jpg_.avif,https://ae-pic-a1.aliexpress-media.com/kf/S9d0b2e7bdf8b4b1db41270e5737fd2ecq.jpg?has_lang=1&ver=2_220x220q75.jpg_.avif,https://ae-pic-a1.aliexpress-media.com/kf/S2851b7f187474115a6cc5ef08934bda2Y.jpg?has_lang=1&ver=2_220x220q75.jpg_.avif","['Season', 'All Season', 'Fabric Type', 'TWILL', 'Age', 'Junior', 'Waistline', 'empire', 'Dresses Length', 'Above Knee , Mini', 'Decoration', 'Lace-Up', 'Silhouette', 'A-LINE', 'Pattern Type', 'Solid', 'Style', 'Punk Style', 'Material', 'POLYESTER', 'Gender', 'Women', 'Origin', 'Mainland China', 'Brand Name', 'CORLVON', 'Elasticity', 'Non Strech', 'CN', 'Hubei', 'Fit Type', 'Slim']",https://www.aliexpress.us/item/3256801664990439.html?algo_pvid=a6281eec-e08a-49ee-9865-b639d70c1282&algo_exp_id=a6281eec-e08a-49ee-9865-b639d70c1282-34&pdp_ext_f=%7B%22order%22%3A%22459%22%2C%22eval%22%3A%221%22%2C%22fromPage%22%3A%22search%22%7D&pdp_npi=6%40dis%21USD%2110.70%211.20%21%21%2110.70%211.20%21%402103126e17729929022276577e5a2a%2112000028817801553%21sea%21US%210%21ABX%211%210%21n_tag%3A-29910%3Bd%3Ad1df2f05%3Bm03_new_user%3A-29895%3BpisId%3A5000000197847458&curPageLogUid=4zq98L1TBQYQ&utparam-url=scene%3Asearch%7Cquery_from%3A%7Cx_object_id%3A1005001851305191%7C_p_origin_prod%3A
Pleated Skirts for Women American Style Vintage Clothing Summer Camouflage High Street Fit Students All-match Young Sexy Chic,$14.13 ,"https://ae-pic-a1.aliexpress-media.com/kf/Sbca440b024d84e098abe10c35b421d54O.jpg_220x220q75.jpg_.avif,https://ae-pic-a1.aliexpress-media.com/kf/Sda5e654024ba4f2db5653ecef634e829g.jpg_220x220q75.jpg_.avif,https://ae-pic-a1.aliexpress-media.com/kf/S01aa7d1747544690a348497a70b18a8eI.jpg_220x220q75.jpg_.avif,https://ae-pic-a1.aliexpress-media.com/kf/Sdfffce65e62f4d609bdac68cac882efaU.jpg_220x220q75.jpg_.avif,https://ae-pic-a1.aliexpress-media.com/kf/Sa4973655ea5d4030833927ba2d086384X.jpg_220x220q75.jpg_.avif","['Occasion', 'Party', 'Festival', 'Back to school season', 'High-concerned chemical', 'None', 'Release Date', 'Autumn 2025', 'Craft of Weaving', 'Tatting', 'Season', 'Summer', 'is_customized', 'No', 'Fabric Type', 'Broadcloth', 'Age', 'Junior', 'Place Of Origin', 'China (mainland)', 'Model Number', 'zwlj0095', 'Waistline', 'Dropped', 'Dresses Length', 'Above Knee , Mini', 'Decoration', 'Folds', 'Silhouette', 'A-LINE', 'Pattern Type', 'Camouflage', 'Style', 'Casual', 'Material', 'COTTON,POLYESTER', 'Gender', 'Women', 'Origin', 'Mainland China', 'Brand Name', 'Altayskiy', 'Elasticity', 'Slight Strech', 'CN', 'Guangdong', 'Fit Type', 'Regular Fit', 'Size', 'S M L XL 2XL 3XL 4XL', 'Style', 'European style', 'Season', 'summer', 'Color', 'camouflage', 'Condition', 'daily', 'Model number', 'women skirts', 'Departments name', 'adult', 'Feature 1', 'ins', 'Feature 2', 'new', 'Feature 3', 'fashion']",https://www.aliexpress.us/item/3256806823285959.html?algo_pvid=a6281eec-e08a-49ee-9865-b639d70c1282&algo_exp_id=a6281eec-e08a-49ee-9865-b639d70c1282-35&pdp_ext_f=%7B%22order%22%3A%22457%22%2C%22eval%22%3A%221%22%2C%22fromPage%22%3A%22search%22%7D&pdp_npi=6%40dis%21USD%2125.69%2114.13%21%21%2125.69%2114.13%21%402103126e17729929022276577e5a2a%2112000039047194614%21sea%21US%210%21ABX%211%210%21n_tag%3A-29910%3Bd%3Ad1df2f05%3Bm03_new_user%3A-29895&curPageLogUid=lBSEuF6IKfi3&utparam-url=scene%3Asearch%7Cquery_from%3A%7Cx_object_id%3A1005007009600711%7C_p_origin_prod%3A
Pleated Skirts for Women American Style Vintage Clothing Summer Camouflage High Street Fit Students All-match Young Sexy Chic,$14.13 ,"https://ae-pic-a1.aliexpress-media.com/kf/Sbca440b024d84e098abe10c35b421d54O.jpg_220x220q75.jpg_.avif,https://ae-pic-a1.aliexpress-media.com/kf/Sda5e654024ba4f2db5653ecef634e829g.jpg_220x220q75.jpg_.avif,https://ae-pic-a1.aliexpress-media.com/kf/S01aa7d1747544690a348497a70b18a8eI.jpg_220x220q75.jpg_.avif,https://ae-pic-a1.aliexpress-media.com/kf/Sdfffce65e62f4d609bdac68cac882efaU.jpg_220x220q75.jpg_.avif,https://ae-pic-a1.aliexpress-media.com/kf/Sa4973655ea5d4030833927ba2d086384X.jpg_220x220q75.jpg_.avif","['Occasion', 'Party', 'Festival', 'Back to school season', 'High-concerned chemical', 'None', 'Release Date', 'Autumn 2025', 'Craft of Weaving', 'Tatting', 'Season', 'Summer', 'is_customized', 'No', 'Fabric Type', 'Broadcloth', 'Age', 'Junior', 'Place Of Origin', 'China (mainland)', 'Model Number', 'zwlj0095', 'Waistline', 'Dropped', 'Dresses Length', 'Above Knee , Mini', 'Decoration', 'Folds', 'Silhouette', 'A-LINE', 'Pattern Type', 'Camouflage', 'Style', 'Casual', 'Material', 'COTTON,POLYESTER', 'Gender', 'Women', 'Origin', 'Mainland China', 'Brand Name', 'Altayskiy', 'Elasticity', 'Slight Strech', 'CN', 'Guangdong', 'Fit Type', 'Regular Fit', 'Size', 'S M L XL 2XL 3XL 4XL', 'Style', 'European style', 'Season', 'summer', 'Color', 'camouflage', 'Condition', 'daily', 'Model number', 'women skirts', 'Departments name', 'adult', 'Feature 1', 'ins', 'Feature 2', 'new', 'Feature 3', 'fashion']",https://www.aliexpress.us/item/3256806823285959.html?algo_pvid=a6281eec-e08a-49ee-9865-b639d70c1282&algo_exp_id=a6281eec-e08a-49ee-9865-b639d70c1282-35&pdp_ext_f=%7B%22order%22%3A%22457%22%2C%22eval%22%3A%221%22%2C%22fromPage%22%3A%22search%22%7D&pdp_npi=6%40dis%21USD%2125.69%2114.13%21%21%2125.69%2114.13%21%402103126e17729929022276577e5a2a%2112000039047194614%21sea%21US%210%21ABX%211%210%21n_tag%3A-29910%3Bd%3Ad1df2f05%3Bm03_new_user%3A-29895&curPageLogUid=lBSEuF6IKfi3&utparam-url=scene%3Asearch%7Cquery_from%3A%7Cx_object_id%3A1005007009600711%7C_p_origin_prod%3A
2024 Spring Summer New Arrivals High Waist Short Mini Pleated Skirt Streetwear Women Slim Fashion Korea Kawaii A Line Skirt,$14.78 ,"https://ae-pic-a1.aliexpress-media.com/kf/Sc501b7772df4429090887d6e69ac20d8H.jpg?has_lang=1&ver=3_220x220q75.jpg_.avif,https://ae-pic-a1.aliexpress-media.com/kf/S1283c40a07194abdb360cdce0f32703aZ.jpg?has_lang=1&ver=2_220x220q75.jpg_.avif,https://ae-pic-a1.aliexpress-media.com/kf/S943689bc53304fb8a825fcf8a284153cT.jpg?has_lang=1&ver=3_220x220q75.jpg_.avif,https://ae-pic-a1.aliexpress-media.com/kf/S2ab71c7e6dd94331b14678e7e7652f395.jpg?has_lang=1&ver=3_220x220q75.jpg_.avif,https://ae-pic-a1.aliexpress-media.com/kf/S5f0bed28057f47fbafbc482d54da3d4a9.jpg?has_lang=1&ver=3_220x220q75.jpg_.avif","['High-concerned chemical', 'None', 'Release Date', 'Summer 2024', 'Craft of Weaving', 'Tatting', 'Season', 'Spring/Summer', 'is_customized', 'No', 'Fabric Type', 'Broadcloth', 'Age', 'Junior', 'Place Of Origin', 'China (mainland)', 'Model Number', '888', 'Waistline', 'empire', 'Dresses Length', 'Above Knee , Mini', 'Decoration', 'Button', 'Silhouette', 'Pleated', 'Pattern Type', 'Solid', 'Style', 'Casual', 'Material', 'POLYESTER', 'Gender', 'Women', 'Origin', 'Mainland China', 'Brand Name', 'Namou Drane', 'Elasticity', 'Non Strech', 'CN', 'Guangdong', 'Fit Type', 'Slim', 'CN', 'Guangdong']",https://www.aliexpress.us/item/3256806751824897.html?algo_pvid=a6281eec-e08a-49ee-9865-b639d70c1282&algo_exp_id=a6281eec-e08a-49ee-9865-b639d70c1282-36&pdp_ext_f=%7B%22order%22%3A%22457%22%2C%22spu_best_type%22%3A%22price%22%2C%22eval%22%3A%221%22%2C%22fromPage%22%3A%22search%22%7D&pdp_npi=6%40dis%21USD%2129.56%2114.78%21%21%2129.56%2114.78%21%402103126e17729929022276577e5a2a%2112000038790045757%21sea%21US%210%21ABX%211%210%21n_tag%3A-29910%3Bd%3Ad1df2f05%3Bm03_new_user%3A-29895&curPageLogUid=0vvfvJwZDtFh&utparam-url=scene%3Asearch%7Cquery_from%3A%7Cx_object_id%3A1005006938139649%7C_p_origin_prod%3A
Casual Vintage Women Skirt Matching Chic Lady's White Skirt Sweet Girl's Cake Skirt Elastic Waist A-Line Mid Length Flare Skirt,$0.99 ,"https://ae-pic-a1.aliexpress-media.com/kf/S529bc1dd933146f28817488b66824a7bX.jpg_220x220q75.jpg_.avif,https://ae-pic-a1.aliexpress-media.com/kf/S56dd3ffd0f61432d98d69497d1711eb37.jpg_220x220q75.jpg_.avif,https://ae-pic-a1.aliexpress-media.com/kf/Sa9dd6aa849514c95863a61b63ab10039L.jpg_220x220q75.jpg_.avif,https://ae-pic-a1.aliexpress-media.com/kf/Sde4479d6a77c47049481007bc48eeb655.jpg_220x220q75.jpg_.avif,https://ae-pic-a1.aliexpress-media.com/kf/S8df691798e974e1b866238e2e5fe69c1y.jpg_220x220q75.jpg_.avif","['High-concerned chemical', 'None', 'Craft of Weaving', 'Tatting', 'Season', 'Spring/Summer', 'Fabric Type', 'Blended', 'Age', 'Middle Age', 'Place Of Origin', 'China (mainland)', 'Waistline', 'Natural', 'Dresses Length', 'Mid-Calf', 'Decoration', 'Ruffles', 'Silhouette', 'A-LINE', 'Pattern Type', 'Solid', 'Style', 'Casual', 'Material', 'POLYESTER', 'Gender', 'Women', 'Origin', 'Mainland China', 'Brand Name', 'SUYISODA', 'Elasticity', 'Slight Strech', 'CN', 'Guangdong', 'Fit Type', 'Loose']",https://www.aliexpress.us/item/3256808498498973.html?algo_pvid=a6281eec-e08a-49ee-9865-b639d70c1282&algo_exp_id=a6281eec-e08a-49ee-9865-b639d70c1282-37&pdp_ext_f=%7B%22order%22%3A%22455%22%2C%22eval%22%3A%221%22%2C%22fromPage%22%3A%22search%22%7D&pdp_npi=6%40dis%21USD%2115.30%210.99%21%21%21105.18%216.84%21%402103126e17729929022276577e5a2a%2112000046232568786%21sea%21US%210%21ABX%211%210%21n_tag%3A-29910%3Bd%3Ad1df2f05%3Bm03_new_user%3A-29895%3BpisId%3A5000000197847475&curPageLogUid=vDMcPDFoupuF&utparam-url=scene%3Asearch%7Cquery_from%3A%7Cx_object_id%3A1005008684813725%7C_p_origin_prod%3A
Japanese Skirts for Women High Waist A-line Ruffles Jupe Fashion Summer Saia 2025 Faldas Mujer De Moda Sweet Y2k Mini Skirt,$24.20 ,"https://ae-pic-a1.aliexpress-media.com/kf/S4eb9107ef8e54d5399e178c86587dc9ek.jpg?has_lang=1&ver=2_220x220q75.jpg_.avif,https://ae-pic-a1.aliexpress-media.com/kf/S28622cb789c54a0688e914722d54f9b6p.jpg?has_lang=1&ver=2_220x220q75.jpg_.avif,https://ae-pic-a1.aliexpress-media.com/kf/S0170ca7f7f7c41d187add1001d3da1ffo.jpg?has_lang=1&ver=2_220x220q75.jpg_.avif,https://ae-pic-a1.aliexpress-media.com/kf/S7d461b29b5a64d7c8ac3967c2b01443en.jpg?has_lang=1&ver=2_220x220q75.jpg_.avif,https://ae-pic-a1.aliexpress-media.com/kf/S3515d71a9fbb4cc6ad85f613a558ecd9U.jpg?has_lang=1&ver=2_220x220q75.jpg_.avif","['High-concerned chemical', 'None', 'Craft of Weaving', 'Tatting', 'Season', 'Spring/Summer', 'is_customized', 'No', 'Fabric Type', 'Broadcloth', 'Age', 'Junior', 'Place Of Origin', 'China (mainland)', 'Model Number', '7o874', 'Waistline', 'empire', 'Dresses Length', 'Above Knee , Mini', 'Decoration', 'Ruffles', 'Silhouette', 'A-LINE', 'Pattern Type', 'Solid', 'Style', 'Casual', 'Material', 'COTTON,POLYESTER', 'Gender', 'Women', 'Origin', 'Mainland China', 'Brand Name', 'HIKIGAWA', 'Elasticity', 'Non Strech', 'CN', 'Anhui', 'Fit Type', 'Regular Fit']",https://www.aliexpress.us/item/3256807664649423.html?algo_pvid=a6281eec-e08a-49ee-9865-b639d70c1282&algo_exp_id=a6281eec-e08a-49ee-9865-b639d70c1282-38&pdp_ext_f=%7B%22order%22%3A%22454%22%2C%22eval%22%3A%221%22%2C%22fromPage%22%3A%22search%22%7D&pdp_npi=6%40dis%21USD%2138.42%2124.20%21%21%2138.42%2124.20%21%402103126e17729929022276577e5a2a%2112000042536161001%21sea%21US%210%21ABX%211%210%21n_tag%3A-29910%3Bd%3Ad1df2f05%3Bm03_new_user%3A-29895&curPageLogUid=05rPIAoANpmY&utparam-url=scene%3Asearch%7Cquery_from%3A%7Cx_object_id%3A1005007850964175%7C_p_origin_prod%3A
Acetic Satin Fishtail Skirt Woman Korean Fashion Elastic High Waist Skirts for Women Spring/summer 2025 New Slim Long Dresses,$16.08 ,"https://ae-pic-a1.aliexpress-media.com/kf/S09f1de32aa1d4001a2988ec788cb1bf1O.jpg_220x220q75.jpg_.avif,https://ae-pic-a1.aliexpress-media.com/kf/S09f1de32aa1d4001a2988ec788cb1bf1O.jpg_220x220q75.jpg_.avif,https://ae-pic-a1.aliexpress-media.com/kf/Sfdd2ffb62c3d498a9006a469c3a2453de.jpg_220x220q75.jpg_.avif,https://ae-pic-a1.aliexpress-media.com/kf/Sbd482615025c455ebb815de95c778bc1s.jpg_220x220q75.jpg_.avif,https://ae-pic-a1.aliexpress-media.com/kf/S73922c7208c147199fe77136c38d29195.jpg_220x220q75.jpg_.avif","['High-concerned chemical', 'None', 'Release Date', 'Spring 2024', 'Craft of Weaving', 'Other', 'Season', 'Spring/Summer', 'Fabric Type', 'Satin', 'Age', 'Junior', 'Place Of Origin', 'China (mainland)', 'Model Number', 'DSK3266', 'Waistline', 'Natural', 'Dresses Length', 'Ankle-Length', 'Decoration', 'None', 'Silhouette', 'Trumpet / Mermaid', 'Pattern Type', 'Solid', 'Style', 'Office Lady', 'Material', 'Acetate,POLYESTER', 'Gender', 'Women', 'Origin', 'Mainland China', 'Brand Name', 'shzxssfy', 'Elasticity', 'Slight Strech', 'CN', 'Shandong', 'Fit Type', 'Slim', 'pattern', 'Solid color', 'style', 'Commuting', 'Waist shape', 'High waisted', 'Skirt shape', 'Fishtail Skirt', 'Year and season', 'Spring 2024', 'Skirt length', 'Long skirt', 'Popular elements/processes', 'zipper', 'profile', 'Type a']",https://www.aliexpress.us/item/3256806469006692.html?algo_pvid=a6281eec-e08a-49ee-9865-b639d70c1282&algo_exp_id=a6281eec-e08a-49ee-9865-b639d70c1282-39&pdp_ext_f=%7B%22order%22%3A%22454%22%2C%22eval%22%3A%221%22%2C%22fromPage%22%3A%22search%22%7D&pdp_npi=6%40dis%21USD%2134.78%2116.08%21%21%2134.78%2116.08%21%402103126e17729929022276577e5a2a%2112000037935617288%21sea%21US%210%21ABX%211%210%21n_tag%3A-29910%3Bd%3Ad1df2f05%3Bm03_new_user%3A-29895%3BpisId%3A5000000197847450&curPageLogUid=9mvkq9921x7P&utparam-url=scene%3Asearch%7Cquery_from%3A%7Cx_object_id%3A1005006655321444%7C_p_origin_prod%3A
Streetwear Y2k Ruffles Mini Skirts Women Sweet Kawaii High Waist Lace A Line Skirt Summer Korean Fashion Black Ball Gown Skirts,$10.34 ,"https://ae-pic-a1.aliexpress-media.com/kf/S3a75652aeeae40a0afd554206e9232baN.jpg_220x220q75.jpg_.avif,https://ae-pic-a1.aliexpress-media.com/kf/S889c53ddd30e4c9cad212956af354814W.jpg_220x220q75.jpg_.avif,https://ae-pic-a1.aliexpress-media.com/kf/S8e6a0ef52b984c0189af1160d7f96318T.jpg_220x220q75.jpg_.avif,https://ae-pic-a1.aliexpress-media.com/kf/S930b5caa445143b7bd06a3c84c89f925m.jpg_220x220q75.jpg_.avif,https://ae-pic-a1.aliexpress-media.com/kf/S9932c274104b4c3ab11c482779778f30X.jpg_220x220q75.jpg_.avif","['High-concerned chemical', 'None', 'Craft of Weaving', 'Tatting', 'Season', 'Spring/Summer', 'is_customized', 'No', 'Fabric Type', 'Broadcloth', 'Age', 'Junior', 'Place Of Origin', 'China (mainland)', 'Model Number', 'LC12271', 'Waistline', 'empire', 'Dresses Length', 'Above Knee , Mini', 'Decoration', 'Lace', 'Silhouette', 'A-LINE', 'Pattern Type', 'Solid', 'Style', 'Y2k', 'Material', 'POLYESTER', 'Gender', 'Women', 'Origin', 'Mainland China', 'Brand Name', 'MEXZT', 'Elasticity', 'High Strecth', 'CN', 'Guangdong', 'Fit Type', 'Slim']",https://www.aliexpress.us/item/3256806203287661.html?algo_pvid=a6281eec-e08a-49ee-9865-b639d70c1282&algo_exp_id=a6281eec-e08a-49ee-9865-b639d70c1282-40&pdp_ext_f=%7B%22order%22%3A%22453%22%2C%22spu_best_type%22%3A%22price%22%2C%22eval%22%3A%221%22%2C%22fromPage%22%3A%22search%22%7D&pdp_npi=6%40dis%21USD%2121.86%2110.34%21%21%21150.27%2171.07%21%402103126e17729929022276577e5a2a%2112000036993203282%21sea%21US%210%21ABX%211%210%21n_tag%3A-29910%3Bd%3Ad1df2f05%3Bm03_new_user%3A-29895%3BpisId%3A5000000201899506&curPageLogUid=fO4HXW8BTn0D&utparam-url=scene%3Asearch%7Cquery_from%3A%7Cx_object_id%3A1005006389602413%7C_p_origin_prod%3A
Women Sexy Sheer Lace Maxi Skirts Female Summer Boho See Through Bodycon Long Skirts for Party Club Streetwear Y2K Fairy Clothes,$0.99 ,"https://ae-pic-a1.aliexpress-media.com/kf/S1876243350984682b845648bd44eb456H.jpg_220x220q75.jpg_.avif,https://ae-pic-a1.aliexpress-media.com/kf/S1876243350984682b845648bd44eb456H.jpg_220x220q75.jpg_.avif,https://ae-pic-a1.aliexpress-media.com/kf/S55f23b598f1642c8abc2f7073e850718i.jpg_220x220q75.jpg_.avif,https://ae-pic-a1.aliexpress-media.com/kf/S3430c4dbaff04c77a84a0a88972cad3dM.jpg_220x220q75.jpg_.avif,https://ae-pic-a1.aliexpress-media.com/kf/S222ca3bff1a54aef9a0168244cd33415U.jpg_220x220q75.jpg_.avif","['High-concerned chemical', 'None', 'Release Date', 'Summer 2025', 'Craft of Weaving', 'Tatting', 'Season', 'Summer', 'is_customized', 'No', 'Fabric Type', 'Broadcloth', 'Age', 'Middle Age', 'Place Of Origin', 'China (mainland)', 'Waistline', 'empire', 'Dresses Length', 'Ankle-Length', 'Decoration', 'Ruffles', 'Silhouette', 'A-LINE', 'Pattern Type', 'Solid', 'Style', 'Sweet', 'Material', 'POLYESTER,Elastane', 'Gender', 'Women', 'Origin', 'Mainland China', 'Brand Name', 'FYBITBO', 'Elasticity', 'Slight Strech', 'CN', 'Guangdong', 'Fit Type', 'Regular Fit']",https://www.aliexpress.us/item/3256808469877660.html?algo_pvid=a6281eec-e08a-49ee-9865-b639d70c1282&algo_exp_id=a6281eec-e08a-49ee-9865-b639d70c1282-41&pdp_ext_f=%7B%22order%22%3A%22452%22%2C%22eval%22%3A%221%22%2C%22fromPage%22%3A%22search%22%7D&pdp_npi=6%40dis%21USD%217.62%210.99%21%21%2152.35%216.78%21%402103126e17729929022276577e5a2a%2112000046117887399%21sea%21US%210%21ABX%211%210%21n_tag%3A-29910%3Bd%3Ad1df2f05%3Bm03_new_user%3A-29895%3BpisId%3A5000000197847475&curPageLogUid=qS4Gg4xulOrU&utparam-url=scene%3Asearch%7Cquery_from%3A%7Cx_object_id%3A1005008656192412%7C_p_origin_prod%3A
Fashion Satin Party Long Skirt High Waist Solid Color Casual Basic Women Skirts Fishtail Skirt Chic Summer Woman Clothing 2025,$1.11 ,"https://ae-pic-a1.aliexpress-media.com/kf/Se735105746e54fe0be7439dbe9cc967bB.jpg_220x220q75.jpg_.avif,https://ae-pic-a1.aliexpress-media.com/kf/Se735105746e54fe0be7439dbe9cc967bB.jpg_220x220q75.jpg_.avif,https://ae-pic-a1.aliexpress-media.com/kf/Sb093db108fc941b3b437358628180836A.jpg_220x220q75.jpg_.avif,https://ae-pic-a1.aliexpress-media.com/kf/Sacc04a3b20c642c3b5be811b1b322184W.jpg_220x220q75.jpg_.avif,https://ae-pic-a1.aliexpress-media.com/kf/Sd453e7e66e3b46c6acfec2a695d38f79I.jpg_220x220q75.jpg_.avif","['High-concerned chemical', 'None', 'Release Date', 'Summer 2024', 'Craft of Weaving', 'Knit', 'Season', 'Spring/Summer', 'is_customized', 'Yes', 'Fabric Type', 'Satin', 'Age', 'Middle Age', 'Place Of Origin', 'China (mainland)', 'Model Number', 'DF-816', 'Waistline', 'empire', 'Dresses Length', 'Mid-Calf', 'Decoration', 'None', 'Silhouette', 'Trumpet / Mermaid', 'Pattern Type', 'Solid', 'Style', 'Casual', 'Material', 'COTTON,POLYESTER', 'Gender', 'Women', 'Origin', 'Mainland China', 'Brand Name', 'sungnam', 'Elasticity', 'Non Strech', 'CN', 'Zhejiang', 'Fit Type', 'Loose']",https://www.aliexpress.us/item/3256808357050382.html?algo_pvid=a6281eec-e08a-49ee-9865-b639d70c1282&algo_exp_id=a6281eec-e08a-49ee-9865-b639d70c1282-42&pdp_ext_f=%7B%22order%22%3A%22452%22%2C%22eval%22%3A%221%22%2C%22fromPage%22%3A%22search%22%7D&pdp_npi=6%40dis%21USD%2111.11%211.11%21%21%2111.11%211.11%21%402103126e17729929022276577e5a2a%2112000045639660920%21sea%21US%210%21ABX%211%210%21n_tag%3A-29910%3Bd%3Ad1df2f05%3Bm03_new_user%3A-29895%3BpisId%3A5000000197847450&curPageLogUid=F1xO2UYLQOOa&utparam-url=scene%3Asearch%7Cquery_from%3A%7Cx_object_id%3A1005008543365134%7C_p_origin_prod%3A
2024 New Korean Skirt Women Solid Color Versatile Mid-length Pleated Skirt Large Swing Type Skirt Female Long Skirts for Women,$16.25 ,"https://ae-pic-a1.aliexpress-media.com/kf/Sfeede88a90a14dc0b739a3f2b521f472Z.jpg_220x220q75.jpg_.avif,https://ae-pic-a1.aliexpress-media.com/kf/Se98cea53a686497aa9a26c5b5f513210s.jpg_220x220q75.jpg_.avif,https://ae-pic-a1.aliexpress-media.com/kf/S409bc7abf40f4806bd8db06b535e870dE.jpg_220x220q75.jpg_.avif,https://ae-pic-a1.aliexpress-media.com/kf/S7c64b09b76c14e928451e64d3a37845eH.jpg_220x220q75.jpg_.avif,https://ae-pic-a1.aliexpress-media.com/kf/S97f2728d85124f1ba4a059ac93f73e3fL.jpg_220x220q75.jpg_.avif","['Occasion', 'Formal Evening', 'Festival', ""Valentine's Day"", 'High-concerned chemical', 'None', 'Release Date', 'Spring 2025', 'Craft of Weaving', 'Knit', 'Season', 'All Season', 'is_customized', 'No', 'Fabric Type', 'Blended', 'Age', 'Middle Age', 'Place Of Origin', 'China (mainland)', 'Model Number', '45', 'Waistline', 'empire', 'Dresses Length', 'Mid-Calf', 'Decoration', 'None', 'Silhouette', 'A-LINE', 'Pattern Type', 'Solid', 'Style', 'Casual', 'Material', 'POLYESTER,COTTON', 'Gender', 'Women', 'Origin', 'Mainland China', 'Brand Name', 'NoEnName_Null', 'Elasticity', 'Slight Strech', 'CN', 'Guangdong', 'Fit Type', 'Loose']",https://www.aliexpress.us/item/3256806011752294.html?algo_pvid=a6281eec-e08a-49ee-9865-b639d70c1282&algo_exp_id=a6281eec-e08a-49ee-9865-b639d70c1282-43&pdp_ext_f=%7B%22order%22%3A%22450%22%2C%22eval%22%3A%221%22%2C%22fromPage%22%3A%22search%22%7D&pdp_npi=6%40dis%21USD%2138.10%2116.25%21%21%21261.88%21111.74%21%402103126e17729929022276577e5a2a%2112000036232362880%21sea%21US%210%21ABX%211%210%21n_tag%3A-29910%3Bd%3Ad1df2f05%3Bm03_new_user%3A-29895%3BpisId%3A5000000201908393&curPageLogUid=NqQdO1AnBtHu&utparam-url=scene%3Asearch%7Cquery_from%3A%7Cx_object_id%3A1005006198067046%7C_p_origin_prod%3A
Transparent Sexy Lace Mesh Skirt Elastic High Waist Black White Tulle Mini Skirts Womens Skirt Korean Fashion Women's Skirt 2025,$0.99 ,"https://ae-pic-a1.aliexpress-media.com/kf/S8d3a675db4ef46ce93067eb121aa5c2dY.jpg_220x220q75.jpg_.avif,https://ae-pic-a1.aliexpress-media.com/kf/S8d3a675db4ef46ce93067eb121aa5c2dY.jpg_220x220q75.jpg_.avif,https://ae-pic-a1.aliexpress-media.com/kf/Sb2c0afba9d2940faa7aff0062c32fd8dP.jpg_220x220q75.jpg_.avif,https://ae-pic-a1.aliexpress-media.com/kf/S98e4c33fe89f4211adcefb750d3c5a021.jpg_220x220q75.jpg_.avif,https://ae-pic-a1.aliexpress-media.com/kf/S621eb1771aae498fa465b75f41a49aadE.jpg_220x220q75.jpg_.avif","['High-concerned chemical', 'None', 'Release Date', 'Summer 2025', 'Craft of Weaving', 'Knit', 'Season', 'All Season', 'is_customized', 'No', 'Fabric Type', 'Mesh', 'Age', 'Junior', 'Place Of Origin', 'China (mainland)', 'Waistline', 'empire', 'Dresses Length', 'Above Knee , Mini', 'Decoration', 'Hollow Out', 'Silhouette', 'A-LINE', 'Pattern Type', 'Floral', 'Style', 'Sexy & Club', 'Material', 'POLYESTER,Acrylic', 'Gender', 'Women', 'Origin', 'Mainland China', 'Elasticity', 'Slight Strech', 'CN', 'Guangdong', 'Fit Type', 'Loose', 'lace dress', 'lace dresses y2k', 'lace dresses woman', 'traf', 'cuteore', 'Skirt', 'ropa de mujer', 'Woman clothing', 'Woman clothes', ""Women's skirt"", 'ropa mujer', 'faldas para mujeres', 'Skirts for women', 'mini skirt']",https://www.aliexpress.us/item/3256808384382404.html?algo_pvid=a6281eec-e08a-49ee-9865-b639d70c1282&algo_exp_id=a6281eec-e08a-49ee-9865-b639d70c1282-44&pdp_ext_f=%7B%22order%22%3A%22447%22%2C%22eval%22%3A%221%22%2C%22fromPage%22%3A%22search%22%7D&pdp_npi=6%40dis%21USD%215.01%210.99%21%21%2134.42%216.79%21%402103126e17729929022276577e5a2a%2112000046142578547%21sea%21US%210%21ABX%211%210%21n_tag%3A-29910%3Bd%3Ad1df2f05%3Bm03_new_user%3A-29895%3BpisId%3A5000000197847475&curPageLogUid=LKoCStBAMr6W&utparam-url=scene%3Asearch%7Cquery_from%3A%7Cx_object_id%3A1005008570697156%7C_p_origin_prod%3A
BSAY Women Fashion 2024 Spring New Satin Texture Bow Decoration Vintage Chic Female High Waist H Line Long Skirts Mujer,$1.87 ,"https://ae-pic-a1.aliexpress-media.com/kf/S4a0db5a443ca436dad15c4592ba27dd5n.jpg_220x220q75.jpg_.avif,https://ae-pic-a1.aliexpress-media.com/kf/S66b2bef88d3d44f4bd3ff74f78a342faO.jpg_220x220q75.jpg_.avif,https://ae-pic-a1.aliexpress-media.com/kf/Sfa6d7518ac20404aa075fab033b3f39aK.jpg_220x220q75.jpg_.avif,https://ae-pic-a1.aliexpress-media.com/kf/S2ae3eef9a6dc47799620f569f6c43dff8.jpg_220x220q75.jpg_.avif,https://ae-pic-a1.aliexpress-media.com/kf/S39bdb999066f4e06913dd6752fcd8d04O.jpg_220x220q75.jpg_.avif","['High-concerned chemical', 'None', 'Craft of Weaving', 'Tatting', 'Season', 'Spring/Summer', 'is_customized', 'No', 'Fabric Type', 'Broadcloth', 'Age', 'Junior', 'Place Of Origin', 'China (mainland)', 'Waistline', 'empire', 'Dresses Length', 'Mid-Calf', 'Decoration', 'Folds', 'Silhouette', 'Pencil', 'Pattern Type', 'Solid', 'Style', 'Office Lady', 'Material', 'POLYESTER', 'Gender', 'Women', 'Origin', 'Mainland China', 'Brand Name', 'BSAY', 'Elasticity', 'Non Strech', 'CN', 'Guangdong', 'Fit Type', 'Regular Fit']",https://www.aliexpress.us/item/3256806224610387.html?algo_pvid=a6281eec-e08a-49ee-9865-b639d70c1282&algo_exp_id=a6281eec-e08a-49ee-9865-b639d70c1282-45&pdp_ext_f=%7B%22order%22%3A%22446%22%2C%22eval%22%3A%221%22%2C%22fromPage%22%3A%22search%22%7D&pdp_npi=6%40dis%21USD%2118.87%211.87%21%21%21129.71%2112.85%21%402103126e17729929022276577e5a2a%2112000037187262399%21sea%21US%210%21ABX%211%210%21n_tag%3A-29910%3Bd%3Ad1df2f05%3Bm03_new_user%3A-29895%3BpisId%3A5000000197847475&curPageLogUid=ZiCV7lJj22Ov&utparam-url=scene%3Asearch%7Cquery_from%3A%7Cx_object_id%3A1005006410925139%7C_p_origin_prod%3A
Casual Sport Shorts Skirts Running Shorts Women Summer Breathable Sweat Shorts Sexy High Waist Short Pant Outdoor Jogger Shorts,$0.99 ,"https://ae-pic-a1.aliexpress-media.com/kf/S4577b6fabb3446b0a274552440e6ff18M.jpg?has_lang=1&ver=1_220x220q75.jpg_.avif,https://ae-pic-a1.aliexpress-media.com/kf/S2f0e79ad660749fb936767a8531cb4faZ.jpg?has_lang=1&ver=1_220x220q75.jpg_.avif,https://ae-pic-a1.aliexpress-media.com/kf/S15a597bf2df34324a0453341017a4145e.jpg?has_lang=1&ver=1_220x220q75.jpg_.avif,https://ae-pic-a1.aliexpress-media.com/kf/S183f799c75834595860888587023aa65N.jpg?has_lang=1&ver=1_220x220q75.jpg_.avif,https://ae-pic-a1.aliexpress-media.com/kf/S96e2311ca58d4000bb29177d42fc085bp.jpg?has_lang=1&ver=1_220x220q75.jpg_.avif","['High-concerned chemical', 'None', 'Craft of Weaving', 'Knit', 'Season', 'Spring/Summer', 'Fabric Type', 'Broadcloth', 'Age', 'Middle Age', 'Waistline', 'Natural', 'Dresses Length', 'Above Knee , Mini', 'Decoration', 'None', 'Silhouette', 'A-LINE', 'Pattern Type', 'Solid', 'Style', 'Preppy Style', 'Material', 'POLYESTER', 'Gender', 'Women', 'Origin', 'Mainland China', 'Brand Name', 'Allukasa', 'Elasticity', 'Medium Strecth', 'CN', 'Guangdong', 'Fit Type', 'Slim']",https://www.aliexpress.us/item/3256808598339821.html?algo_pvid=a6281eec-e08a-49ee-9865-b639d70c1282&algo_exp_id=a6281eec-e08a-49ee-9865-b639d70c1282-46&pdp_ext_f=%7B%22order%22%3A%22445%22%2C%22eval%22%3A%221%22%2C%22fromPage%22%3A%22search%22%7D&pdp_npi=6%40dis%21USD%2112.96%210.99%21%21%2189.09%216.81%21%402103126e17729929022276577e5a2a%2112000046654451117%21sea%21US%210%21ABX%211%210%21n_tag%3A-29910%3Bd%3Ad1df2f05%3Bm03_new_user%3A-29895%3BpisId%3A5000000197847475&curPageLogUid=v1USCFfwFVLK&utparam-url=scene%3Asearch%7Cquery_from%3A%7Cx_object_id%3A1005008784654573%7C_p_origin_prod%3A
Lace Layered Skirt Vintage Y2K Boho Skirt Pants Fashion High Waist Asymmetrical A-line Skirt 2025 Korean Style Women's Clothing,$9.86 ,"https://ae-pic-a1.aliexpress-media.com/kf/Sb92795b16f3f43dfa0af28c09a45fc105.jpg_220x220q75.jpg_.avif,https://ae-pic-a1.aliexpress-media.com/kf/Sb92795b16f3f43dfa0af28c09a45fc105.jpg_220x220q75.jpg_.avif,https://ae-pic-a1.aliexpress-media.com/kf/S65482410656843efb3900b289007650a2.jpg_220x220q75.jpg_.avif,https://ae-pic-a1.aliexpress-media.com/kf/S78996af7754a4a8c97b2d82edb21f678E.jpg_220x220q75.jpg_.avif,https://ae-pic-a1.aliexpress-media.com/kf/S641325893ba043af826a053fc2e8e2d8L.jpg_220x220q75.jpg_.avif","['High-concerned chemical', 'None', 'Release Date', 'Autumn 2024', 'Craft of Weaving', 'Knit', 'Season', 'All Season', 'is_customized', 'No', 'Fabric Type', 'Blended', 'Age', 'Middle Age', 'Place Of Origin', 'China (mainland)', 'Waistline', 'empire', 'Dresses Length', 'Ankle-Length', 'Decoration', 'Lace', 'Silhouette', 'Asymmetrical', 'Pattern Type', 'Solid', 'Style', 'Office Lady', 'Material', 'Nylon,POLYESTER,Viscose', 'Gender', 'Women', 'Origin', 'Mainland China', 'Brand Name', 'EOENKKY', 'Elasticity', 'Slight Strech', 'CN', 'Guangdong', 'Fit Type', 'Slim', 'Skirt', 'Skirt', 'Long skirt', 'Long skirt', 'Skirt pants', 'Skirt pants', 'Layered skirt', 'Layered skirt', 'Korean reviews clothes', 'Korean reviews clothes', 'Japanese vintage clothes', 'Japanese vintage clothes', 'Clothes', 'Clothes', ""Korean style women's clothing"", ""Korean style women's clothing"", 'korean reviews many girls clothes', 'korean reviews many girls clothes', 'Korean dongdaemun high quality clothing', 'Korean dongdaemun high quality clothing']",https://www.aliexpress.us/item/3256808348616952.html?algo_pvid=a6281eec-e08a-49ee-9865-b639d70c1282&algo_exp_id=a6281eec-e08a-49ee-9865-b639d70c1282-47&pdp_ext_f=%7B%22order%22%3A%22444%22%2C%22eval%22%3A%221%22%2C%22fromPage%22%3A%22search%22%7D&pdp_npi=6%40dis%21USD%2128.37%219.86%21%21%21194.99%2167.76%21%402103126e17729929022276577e5a2a%2112000045602795401%21sea%21US%210%21ABX%211%210%21n_tag%3A-29910%3Bd%3Ad1df2f05%3Bm03_new_user%3A-29895%3BpisId%3A5000000197847450&curPageLogUid=8lg4MhIQwnGI&utparam-url=scene%3Asearch%7Cquery_from%3A%7Cx_object_id%3A1005008534931704%7C_p_origin_prod%3A
Spring Summer Chiffon Women skirts Casual Floral Printed Woman Long skirts Elastic Waist Female Loose extended Skirt,$0.99 ,"https://ae-pic-a1.aliexpress-media.com/kf/S2e8aedc7d5554e7b947e133ce1d94910X.jpg_220x220q75.jpg_.avif,https://ae-pic-a1.aliexpress-media.com/kf/S94d902ee186c470586ef97367660a16cr.jpg_220x220q75.jpg_.avif,https://ae-pic-a1.aliexpress-media.com/kf/Sfef644b9571a48e5b1685b742deb808ao.jpg_220x220q75.jpg_.avif,https://ae-pic-a1.aliexpress-media.com/kf/S3b690113be5a491aa6538edcb4fd3760i.jpg_220x220q75.jpg_.avif,https://ae-pic-a1.aliexpress-media.com/kf/Sf8f12746e8f94c8394fece33a9204338i.jpg_220x220q75.jpg_.avif","['High-concerned chemical', 'None', 'Craft of Weaving', 'Tatting', 'Season', 'Spring/Summer', 'is_customized', 'Yes', 'Fabric Type', 'Chiffon', 'Age', 'Middle Age', 'Model Number', '609', 'Waistline', 'Natural', 'Dresses Length', 'Mid-Calf', 'Decoration', 'None', 'Silhouette', 'A-LINE', 'Pattern Type', 'Floral', 'Style', 'Casual', 'Material', 'POLYESTER', 'Gender', 'Women', 'Origin', 'Mainland China', 'Brand Name', 'XIBUSANA', 'Elasticity', 'Slight Strech', 'CN', 'Guangdong', 'Fit Type', 'Loose']",https://www.aliexpress.us/item/3256805674893638.html?algo_pvid=a6281eec-e08a-49ee-9865-b639d70c1282&algo_exp_id=a6281eec-e08a-49ee-9865-b639d70c1282-48&pdp_ext_f=%7B%22order%22%3A%22444%22%2C%22spu_best_type%22%3A%22price%22%2C%22eval%22%3A%221%22%2C%22fromPage%22%3A%22search%22%7D&pdp_npi=6%40dis%21USD%2111.52%210.99%21%21%2179.17%216.80%21%402103126e17729929022276577e5a2a%2112000034609910755%21sea%21US%210%21ABX%211%210%21n_tag%3A-29910%3Bd%3Ad1df2f05%3Bm03_new_user%3A-29895%3BpisId%3A5000000197847475&curPageLogUid=vogpRFdXUPE7&utparam-url=scene%3Asearch%7Cquery_from%3A%7Cx_object_id%3A1005005861208390%7C_p_origin_prod%3A
Goth Streetwear Gothic Skirt Women Harajuku Emo Alternative Grunge High Waist Bandage A-line Skirts Y2k E-girl Indie Clothes,$10.66 ,"https://ae-pic-a1.aliexpress-media.com/kf/S7a8ec0635cc243978afd59456186b304j.jpg_220x220q75.jpg_.avif,https://ae-pic-a1.aliexpress-media.com/kf/Se0ccc8bd1b244b93b307082a06d9410cR.jpg_220x220q75.jpg_.avif,https://ae-pic-a1.aliexpress-media.com/kf/S322c660659ca4c58902debaa9eeb7e2b0.jpg_220x220q75.jpg_.avif,https://ae-pic-a1.aliexpress-media.com/kf/S7635e2d760be49e8a6cd57e5f3beef11G.jpg_220x220q75.jpg_.avif,https://ae-pic-a1.aliexpress-media.com/kf/Sb372db6524914f46a1dab09b5eb4f6de7.jpg_220x220q75.jpg_.avif","['High-concerned chemical', 'None', 'Craft of Weaving', 'Tatting', 'Season', 'All Season', 'Fabric Type', 'Broadcloth', 'Age', 'Junior', 'Waistline', 'Natural', 'Dresses Length', 'Mid-Calf', 'Decoration', 'Rivet', 'Silhouette', 'A-LINE', 'Pattern Type', 'Solid', 'Style', 'gothic', 'Material', 'POLYESTER', 'Gender', 'Women', 'Origin', 'Mainland China', 'Brand Name', 'FICHOR', 'Elasticity', 'Non Strech', 'CN', 'Hubei', 'Fit Type', 'Regular Fit']",https://www.aliexpress.us/item/3256807933943075.html?algo_pvid=a6281eec-e08a-49ee-9865-b639d70c1282&algo_exp_id=a6281eec-e08a-49ee-9865-b639d70c1282-49&pdp_ext_f=%7B%22order%22%3A%22442%22%2C%22eval%22%3A%221%22%2C%22fromPage%22%3A%22search%22%7D&pdp_npi=6%40dis%21USD%2141.68%2110.66%21%21%21286.49%2173.30%21%402103126e17729929022276577e5a2a%2112000043872789102%21sea%21US%210%21ABX%211%210%21n_tag%3A-29910%3Bd%3Ad1df2f05%3Bm03_new_user%3A-29895%3BpisId%3A5000000197847450&curPageLogUid=p1jkx0qzO9Lb&utparam-url=scene%3Asearch%7Cquery_from%3A%7Cx_object_id%3A1005008120257827%7C_p_origin_prod%3A
Women White Skirt Puffy Feather High Waist Performance Stage Dancing Costumes Women Skirt Irregular Elastic A-Line Skirt,$16.80 ,"https://ae-pic-a1.aliexpress-media.com/kf/S77185abcb53b43fea321eb4179bc3f09U.jpg_220x220q75.jpg_.avif,https://ae-pic-a1.aliexpress-media.com/kf/S70bb068fa5354c479efb81649baa5b02b.jpg_220x220q75.jpg_.avif,https://ae-pic-a1.aliexpress-media.com/kf/Sc118b23ffb444b03806f8cdbeae6b902t.jpg_220x220q75.jpg_.avif,https://ae-pic-a1.aliexpress-media.com/kf/S8a047bc089c54e498e90b5df9d38dbc3u.jpg_220x220q75.jpg_.avif,https://ae-pic-a1.aliexpress-media.com/kf/S17ac19621e2545a5b72794c4b9262c8c5.jpg?has_lang=1&ver=2_220x220q75.jpg_.avif","['High-concerned chemical', 'None', 'Release Date', 'Spring 2025', 'Craft of Weaving', 'Tatting', 'Season', 'All Season', 'Fabric Type', 'Broadcloth', 'Age', 'Middle Age', 'Waistline', 'Dropped', 'Dresses Length', 'Above Knee , Mini', 'Decoration', 'Feathers', 'Silhouette', 'A-LINE', 'Pattern Type', 'Solid', 'Style', 'Vintage', 'Material', 'POLYESTER', 'Gender', 'Women', 'Origin', 'Mainland China', 'Brand Name', 'ZOMAXIUJEE', 'Elasticity', 'Medium Strecth', 'CN', 'Guangdong', 'Fit Type', 'Slim']",https://www.aliexpress.us/item/3256808658152956.html?algo_pvid=a6281eec-e08a-49ee-9865-b639d70c1282&algo_exp_id=a6281eec-e08a-49ee-9865-b639d70c1282-50&pdp_ext_f=%7B%22order%22%3A%22441%22%2C%22eval%22%3A%221%22%2C%22fromPage%22%3A%22search%22%7D&pdp_npi=6%40dis%21USD%2125.46%2116.80%21%21%21174.99%21115.49%21%402103126e17729929022276577e5a2a%2112000046918749554%21sea%21US%210%21ABX%211%210%21n_tag%3A-29910%3Bd%3Ad1df2f05%3Bm03_new_user%3A-29895&curPageLogUid=pZyDgr3IElFe&utparam-url=scene%3Asearch%7Cquery_from%3A%7Cx_object_id%3A1005008844467708%7C_p_origin_prod%3A
AltGoth Punk Gothic Red Plaid Skirt Women Vintage Y2k E-girl Emo Alt High Waist Cake Skirt Harajuku Fairycore Grunge Clubwear,$21.11 ,"https://ae-pic-a1.aliexpress-media.com/kf/Sa9ee2ffd1d414342b556f6db5747d01aD.jpg?has_lang=1&ver=1_220x220q75.jpg_.avif,https://ae-pic-a1.aliexpress-media.com/kf/Se5d7193a373846749bb3347c5983fe6fz.jpg_220x220q75.jpg_.avif,https://ae-pic-a1.aliexpress-media.com/kf/Se9edf13d99ce442fb4bcdc4469e7329dU.jpg_220x220q75.jpg_.avif,https://ae-pic-a1.aliexpress-media.com/kf/S01bdf3eae8b34db583344f12fd296b735.jpg_220x220q75.jpg_.avif,https://ae-pic-a1.aliexpress-media.com/kf/S3096c1d7cb6942a09ac02008a984dfc5y.jpg_220x220q75.jpg_.avif","['High-concerned chemical', 'None', 'Craft of Weaving', 'Tatting', 'Season', 'Summer', 'Fabric Type', 'Broadcloth', 'Age', 'Junior', 'Place Of Origin', 'China (mainland)', 'Model Number', 'DF5245', 'Waistline', 'empire', 'Dresses Length', 'Above Knee , Mini', 'Decoration', 'Chain', 'Silhouette', 'A-LINE', 'Pattern Type', 'Plaid', 'Style', 'gothic', 'Material', 'COTTON,POLYESTER', 'Gender', 'Women', 'Origin', 'Mainland China', 'Elasticity', 'Slight Strech', 'CN', 'Guangdong', 'Fit Type', 'Regular Fit']",https://www.aliexpress.us/item/3256807605362518.html?algo_pvid=a6281eec-e08a-49ee-9865-b639d70c1282&algo_exp_id=a6281eec-e08a-49ee-9865-b639d70c1282-51&pdp_ext_f=%7B%22order%22%3A%22439%22%2C%22eval%22%3A%221%22%2C%22orig_sl_item_id%22%3A%221005007791677270%22%2C%22orig_item_id%22%3A%221005009477302381%22%2C%22fromPage%22%3A%22search%22%7D&pdp_npi=6%40dis%21USD%2144.92%2121.11%21%21%21308.74%21145.11%21%402103126e17729929022276577e5a2a%2112000042215834274%21sea%21US%210%21ABX%211%210%21n_tag%3A-29910%3Bd%3Ad1df2f05%3Bm03_new_user%3A-29895&curPageLogUid=ht12R0p5LDWx&utparam-url=scene%3Asearch%7Cquery_from%3A%7Cx_object_id%3A1005007791677270%7C_p_origin_prod%3A1005009477302381
2024 Autumn Korean Skirt Shorts Women High Waist Sexy Mini Skirt School Short Pleated Kawaii Japanese Pink Skirt Female Spring,$0.99 ,"https://ae-pic-a1.aliexpress-media.com/kf/S8054f7014845405c998c217e4da731a7p.jpg_220x220q75.jpg_.avif,https://ae-pic-a1.aliexpress-media.com/kf/Sdfed635969d5417d94db2152430a66a8S.jpg_220x220q75.jpg_.avif,https://ae-pic-a1.aliexpress-media.com/kf/S08ce8a68cd024466b5974e7b38d3552bT.jpg_220x220q75.jpg_.avif,https://ae-pic-a1.aliexpress-media.com/kf/Sd942644742c4440c8151c92c02032c60v.jpg_220x220q75.jpg_.avif,https://ae-pic-a1.aliexpress-media.com/kf/S1aca11561a1d42efbf4d50dd5c21643ba.jpg_220x220q75.jpg_.avif","['High-concerned chemical', 'None', 'Craft of Weaving', 'Tatting', 'Season', 'Spring/Summer', 'is_customized', 'Yes', 'Fabric Type', 'Broadcloth', 'Age', 'Middle Age', 'Place Of Origin', 'China (mainland)', 'Model Number', 'skirts', 'Waistline', 'empire', 'Dresses Length', 'Above Knee , Mini', 'Decoration', 'None', 'Silhouette', 'Pleated', 'Pattern Type', 'Solid', 'Style', 'Casual', 'Material', 'POLYESTER', 'Gender', 'Women', 'Origin', 'Mainland China', 'Brand Name', 'ULILICOO', 'Elasticity', 'Non Strech', 'CN', 'Zhejiang', 'Fit Type', 'Loose', 'CN', 'Zhejiang']",https://www.aliexpress.us/item/3256807131093038.html?algo_pvid=a6281eec-e08a-49ee-9865-b639d70c1282&algo_exp_id=a6281eec-e08a-49ee-9865-b639d70c1282-52&pdp_ext_f=%7B%22order%22%3A%22439%22%2C%22eval%22%3A%221%22%2C%22fromPage%22%3A%22search%22%7D&pdp_npi=6%40dis%21USD%216.91%210.99%21%21%2147.49%216.80%21%402103126e17729929022276577e5a2a%2112000040235710349%21sea%21US%210%21ABX%211%210%21n_tag%3A-29910%3Bd%3Ad1df2f05%3Bm03_new_user%3A-29895%3BpisId%3A5000000197847450&curPageLogUid=WzVu5syssC5W&utparam-url=scene%3Asearch%7Cquery_from%3A%7Cx_object_id%3A1005007317407790%7C_p_origin_prod%3A
"Guiz Low-Waist Elastic Hip-Hugging Skirt, Black Skirt, Versatile Mini Sexy Women's Short Skirt",$24.90 ,"https://ae-pic-a1.aliexpress-media.com/kf/S03ed8ce741ae40e489f1dc0c0c4f9a3bm.jpg_220x220q75.jpg_.avif,https://ae-pic-a1.aliexpress-media.com/kf/S03ed8ce741ae40e489f1dc0c0c4f9a3bm.jpg_220x220q75.jpg_.avif,https://ae-pic-a1.aliexpress-media.com/kf/Sa15daf068e984c08a6c895ba443d649aA.jpg_220x220q75.jpg_.avif,https://ae-pic-a1.aliexpress-media.com/kf/S604b597c80bc4c1297521ac31d775c07Q.jpg?has_lang=1&ver=2_220x220q75.jpg_.avif,https://ae-pic-a1.aliexpress-media.com/kf/S97749406384c4ed29ec45c160d5cc66c5.jpg_220x220q75.jpg_.avif","['High-concerned chemical', 'None', 'Release Date', 'Summer 2025', 'Craft of Weaving', 'Knit', 'Season', 'All Season', 'Fabric Type', 'Knitting', 'Age', 'Junior', 'Waistline', 'Dropped', 'Dresses Length', 'Above Knee , Mini', 'Decoration', 'None', 'Silhouette', 'A-LINE', 'Pattern Type', 'Solid', 'Style', 'Hotsweet', 'Material', 'Nylon,Elastane', 'Gender', 'Women', 'Origin', 'Mainland China', 'Elasticity', 'High Strecth', 'CN', 'Guangdong', 'Fit Type', 'Slim']",https://www.aliexpress.us/item/3256808722366066.html?algo_pvid=a6281eec-e08a-49ee-9865-b639d70c1282&algo_exp_id=a6281eec-e08a-49ee-9865-b639d70c1282-55&pdp_ext_f=%7B%22order%22%3A%22434%22%2C%22eval%22%3A%221%22%2C%22fromPage%22%3A%22search%22%7D&pdp_npi=6%40dis%21USD%2131.36%2127.89%21%21%21215.51%21191.69%21%402103126e17729929022276577e5a2a%2112000047179638542%21sea%21US%210%21ABX%211%210%21n_tag%3A-29910%3Bd%3Ad1df2f05%3Bm03_new_user%3A-29895%3BpisId%3A5000000201807428&curPageLogUid=HTm0SHgu9hka&utparam-url=scene%3Asearch%7Cquery_from%3A%7Cx_object_id%3A1005008908680818%7C_p_origin_prod%3A
2024 Women Vintage Solid Color JK Long Skirts Girls Elegant Comfortable Leisure Dress Female Sweet A Line Zipper Pleated Skirts,$10.94 ,"https://ae-pic-a1.aliexpress-media.com/kf/S9251e087d7d945718f8cb13943a089ec9.jpg_220x220q75.jpg_.avif,https://ae-pic-a1.aliexpress-media.com/kf/Sca625c54eb5c4ad6b879b1d25aa04885D.jpg_220x220q75.jpg_.avif,https://ae-pic-a1.aliexpress-media.com/kf/S63c7ac9be9204399844e3f7af9cc05d1p.jpg_220x220q75.jpg_.avif,https://ae-pic-a1.aliexpress-media.com/kf/Se74f4b2dee19412997a3fe22ce3da309h.jpg?has_lang=1&ver=1_220x220q75.jpg_.avif,https://ae-pic-a1.aliexpress-media.com/kf/S56010687315c4eb88caf08d271cb9e3dp.jpg_220x220q75.jpg_.avif","['High-concerned chemical', 'None', 'Release Date', 'Summer 2024', 'Craft of Weaving', 'Knit', 'Season', 'Summer', 'is_customized', 'Yes', 'Fabric Type', 'Blended', 'Age', 'Middle Age', 'Place Of Origin', 'China (mainland)', 'Model Number', 'q', 'Waistline', 'Natural', 'Dresses Length', 'Mid-Calf', 'Decoration', 'Zippers', 'Silhouette', 'Pleated', 'Pattern Type', 'Solid', 'Style', 'Preppy Style', 'Material', 'COTTON,POLYESTER', 'Gender', 'Women', 'Origin', 'Mainland China', 'Elasticity', 'Slight Strech', 'CN', 'Guangdong', 'Fit Type', 'Loose']",https://www.aliexpress.us/item/3256806897635704.html?algo_pvid=a6281eec-e08a-49ee-9865-b639d70c1282&algo_exp_id=a6281eec-e08a-49ee-9865-b639d70c1282-56&pdp_ext_f=%7B%22order%22%3A%22432%22%2C%22eval%22%3A%221%22%2C%22fromPage%22%3A%22search%22%7D&pdp_npi=6%40dis%21USD%2124.32%2110.94%21%21%21167.12%2175.18%21%402103126e17729929022276577e5a2a%2112000039344389253%21sea%21US%210%21ABX%211%210%21n_tag%3A-29910%3Bd%3Ad1df2f05%3Bm03_new_user%3A-29895%3BpisId%3A5000000201916175&curPageLogUid=cRSrwDtC6shD&utparam-url=scene%3Asearch%7Cquery_from%3A%7Cx_object_id%3A1005007083950456%7C_p_origin_prod%3A
AS AW25 classic high quality Satin skirt adjustable waist skirt all season woman clothing,$18.00 ,"https://ae-pic-a1.aliexpress-media.com/kf/S036c2a0fcd344b04946726d6fa533b49V.jpg_220x220q75.jpg_.avif,https://ae-pic-a1.aliexpress-media.com/kf/S632946d8646f43d5ae0eabed6b9398aad.jpg_220x220q75.jpg_.avif,https://ae-pic-a1.aliexpress-media.com/kf/S02f1c51a874949a581c5a921b24d8dadA.jpg?has_lang=1&ver=1_220x220q75.jpg_.avif,https://ae-pic-a1.aliexpress-media.com/kf/S3c1d2753d34c4c7f9ba393f3102ca2f7i.jpg_220x220q75.jpg_.avif,https://ae-pic-a1.aliexpress-media.com/kf/Sa4c619c6e73b4e2c900a4332f48e04f8m.jpg?has_lang=1&ver=1_220x220q75.jpg_.avif","['High-concerned chemical', 'None', 'Craft of Weaving', 'Tatting', 'Season', 'All Season', 'Fabric Type', 'Satin', 'Age', 'Middle Age', 'Waistline', 'Natural', 'Dresses Length', 'Ankle-Length', 'Decoration', 'None', 'Silhouette', 'A-LINE', 'Pattern Type', 'Solid', 'Style', 'Casual', 'Material', 'Satin', 'Gender', 'Women', 'Origin', 'Mainland China', 'Elasticity', 'Non Strech', 'CN', 'Guangdong', 'Fit Type', 'Regular Fit']",https://www.aliexpress.us/item/3256809627260051.html?algo_pvid=a6281eec-e08a-49ee-9865-b639d70c1282&algo_exp_id=a6281eec-e08a-49ee-9865-b639d70c1282-57&pdp_ext_f=%7B%22order%22%3A%22431%22%2C%22eval%22%3A%221%22%2C%22fromPage%22%3A%22search%22%7D&pdp_npi=6%40dis%21USD%2156.00%2118.00%21%21%2156.00%2118.00%21%402103126e17729929022276577e5a2a%2112000050256510083%21sea%21US%210%21ABX%211%210%21n_tag%3A-29910%3Bd%3Ad1df2f05%3Bm03_new_user%3A-29895%3BpisId%3A5000000197847450&curPageLogUid=Y5YRTZfdJSBg&utparam-url=scene%3Asearch%7Cquery_from%3A%7Cx_object_id%3A1005009813574803%7C_p_origin_prod%3A
Summer Women Sprints Tennis Dance Fitness Short Skirts Quick Drying Solid Female Lining High Waist Mini Skirts Shorts DF4987,$0.99 ,"https://ae-pic-a1.aliexpress-media.com/kf/S024fbc7bfe964f43a1b04b7f44cae5591.jpg_220x220q75.jpg_.avif,https://ae-pic-a1.aliexpress-media.com/kf/S1d3d08b506f0498e9e6ede81de810a45x.jpg_220x220q75.jpg_.avif,https://ae-pic-a1.aliexpress-media.com/kf/Scfb6f35bf48342a0a5752220fc423bf7g.jpg_220x220q75.jpg_.avif,https://ae-pic-a1.aliexpress-media.com/kf/S23c3a285d7e8446eb8c4e6c8e2655252T.jpg?has_lang=1&ver=2_220x220q75.jpg_.avif,https://ae-pic-a1.aliexpress-media.com/kf/Sf5b72ecc696d4b8dbe52441e6360841ey.jpg_220x220q75.jpg_.avif","['High-concerned chemical', 'None', 'Craft of Weaving', 'Tatting', 'Season', 'Summer', 'Fabric Type', 'Broadcloth', 'Age', 'Junior', 'Place Of Origin', 'China (mainland)', 'Model Number', 'DF4986', 'Waistline', 'empire', 'Dresses Length', 'Above Knee , Mini', 'Decoration', 'None', 'Silhouette', 'A-LINE', 'Pattern Type', 'Solid', 'Style', 'Sporty', 'Material', 'POLYESTER', 'Gender', 'Women', 'Origin', 'Mainland China', 'Elasticity', 'High Strecth', 'CN', 'Guangdong', 'Fit Type', 'Slim']",https://www.aliexpress.us/item/3256810078700710.html?algo_pvid=a6281eec-e08a-49ee-9865-b639d70c1282&algo_exp_id=a6281eec-e08a-49ee-9865-b639d70c1282-58&pdp_ext_f=%7B%22order%22%3A%22429%22%2C%22eval%22%3A%221%22%2C%22fromPage%22%3A%22search%22%7D&pdp_npi=6%40dis%21USD%2112.63%210.99%21%21%2186.79%216.82%21%402103126e17729929022276577e5a2a%2112000051713791251%21sea%21US%210%21ABX%211%210%21n_tag%3A-29910%3Bd%3Ad1df2f05%3Bm03_new_user%3A-29895%3BpisId%3A5000000197847475&curPageLogUid=98AhJzZFeraZ&utparam-url=scene%3Asearch%7Cquery_from%3A%7Cx_object_id%3A1005010265015462%7C_p_origin_prod%3A
Black Mini Skirts Vintage Clothes Kawaii Skirts Women Harajuku Cute Short Skirts For Woman Preppy Style Mirco Skirt Pleated Blue,$0.99 ,"https://ae-pic-a1.aliexpress-media.com/kf/S113d0bbb890442d7af51c94ac1950ed2D.jpg_220x220q75.jpg_.avif,https://ae-pic-a1.aliexpress-media.com/kf/Sececfa88a721415eb9e223eb4ee72fdcH.jpg_220x220q75.jpg_.avif,https://ae-pic-a1.aliexpress-media.com/kf/Sa9267380767a47e4b53a74d7f55c126bi.jpg_220x220q75.jpg_.avif,https://ae-pic-a1.aliexpress-media.com/kf/S33e3785fbc7444bcaaa17a755ae1865cE.jpg_220x220q75.jpg_.avif,https://ae-pic-a1.aliexpress-media.com/kf/Sed23d2880b0f45b49c1357d08da550f4z.jpg_220x220q75.jpg_.avif","['High-concerned chemical', 'None', 'Release Date', 'Summer 2024', 'Craft of Weaving', 'Tatting', 'Season', 'Spring/Summer', 'is_customized', 'No', 'Fabric Type', 'Blended', 'Age', 'Middle Age', 'Place Of Origin', 'China (mainland)', 'Model Number', 'KL5241G2', 'Waistline', 'Dropped', 'Dresses Length', 'Above Knee , Mini', 'Decoration', 'Bow', 'Silhouette', 'Pleated', 'Pattern Type', 'Striped', 'Style', 'Preppy Style', 'Material', 'POLYESTER', 'Gender', 'Women', 'Origin', 'Mainland China', 'Brand Name', 'BRUSCREST', 'Elasticity', 'Non Strech', 'CN', 'Zhejiang', 'Fit Type', 'Regular Fit']",https://www.aliexpress.us/item/3256807949028274.html?algo_pvid=a6281eec-e08a-49ee-9865-b639d70c1282&algo_exp_id=a6281eec-e08a-49ee-9865-b639d70c1282-59&pdp_ext_f=%7B%22order%22%3A%22429%22%2C%22eval%22%3A%221%22%2C%22fromPage%22%3A%22search%22%7D&pdp_npi=6%40dis%21USD%2110.25%210.99%21%21%2110.25%210.99%21%402103126e17729929022276577e5a2a%2112000043935551595%21sea%21US%210%21ABX%211%210%21n_tag%3A-29910%3Bd%3Ad1df2f05%3Bm03_new_user%3A-29895%3BpisId%3A5000000197847450&curPageLogUid=8hgLdtrhSUrP&utparam-url=scene%3Asearch%7Cquery_from%3A%7Cx_object_id%3A1005008135343026%7C_p_origin_prod%3A
Black Mini Skirts Vintage Clothes Kawaii Skirts Women Harajuku Cute Short Skirts For Woman Preppy Style Mirco Skirt Pleated Blue,$3.25 ,"https://ae-pic-a1.aliexpress-media.com/kf/S113d0bbb890442d7af51c94ac1950ed2D.jpg_220x220q75.jpg_.avif,https://ae-pic-a1.aliexpress-media.com/kf/Sececfa88a721415eb9e223eb4ee72fdcH.jpg_220x220q75.jpg_.avif,https://ae-pic-a1.aliexpress-media.com/kf/Sa9267380767a47e4b53a74d7f55c126bi.jpg_220x220q75.jpg_.avif,https://ae-pic-a1.aliexpress-media.com/kf/S33e3785fbc7444bcaaa17a755ae1865cE.jpg_220x220q75.jpg_.avif,https://ae-pic-a1.aliexpress-media.com/kf/Sed23d2880b0f45b49c1357d08da550f4z.jpg_220x220q75.jpg_.avif","['High-concerned chemical', 'None', 'Release Date', 'Summer 2024', 'Craft of Weaving', 'Tatting', 'Season', 'Spring/Summer', 'is_customized', 'No', 'Fabric Type', 'Blended', 'Age', 'Middle Age', 'Place Of Origin', 'China (mainland)', 'Model Number', 'KL5241G2', 'Waistline', 'Dropped', 'Dresses Length', 'Above Knee , Mini', 'Decoration', 'Bow', 'Silhouette', 'Pleated', 'Pattern Type', 'Striped', 'Style', 'Preppy Style', 'Material', 'POLYESTER', 'Gender', 'Women', 'Origin', 'Mainland China', 'Brand Name', 'BRUSCREST', 'Elasticity', 'Non Strech', 'CN', 'Zhejiang', 'Fit Type', 'Regular Fit']",https://www.aliexpress.us/item/3256807949028274.html?algo_pvid=81ef0434-09db-4828-8727-0b1da7ae43fa&algo_exp_id=81ef0434-09db-4828-8727-0b1da7ae43fa-32&pdp_ext_f=%7B%22order%22%3A%22429%22%2C%22eval%22%3A%221%22%2C%22fromPage%22%3A%22search%22%7D&pdp_npi=6%40dis%21USD%2110.25%210.99%21%21%2110.25%210.99%21%40210123bc17729975019712071eb70a%2112000043935551595%21sea%21US%210%21ABX%211%210%21n_tag%3A-29910%3Bd%3A36285acf%3Bm03_new_user%3A-29895%3BpisId%3A5000000197847450&curPageLogUid=94lTaaalqJJg&utparam-url=scene%3Asearch%7Cquery_from%3A%7Cx_object_id%3A1005008135343026%7C_p_origin_prod%3A
Solid Bodycon Ruched Long Skirt Women Sexy Black Elastic Elegant High Waist Mermaid Maxi Skirts Summer Streetwear,$2.28 ,"https://ae-pic-a1.aliexpress-media.com/kf/S23dfc802adc743feafa32de9dc1af951F.jpg_220x220q75.jpg_.avif,https://ae-pic-a1.aliexpress-media.com/kf/S8de70e08cd1e40b8aeed60bf3690c9f6M.jpg_220x220q75.jpg_.avif,https://ae-pic-a1.aliexpress-media.com/kf/Se485456b925c40d5abc4f0122e509ac4u.jpg_220x220q75.jpg_.avif,https://ae-pic-a1.aliexpress-media.com/kf/S8773e7f8e5a242b5a8e4e7645a1bf6ea8.jpg_220x220q75.jpg_.avif,https://ae-pic-a1.aliexpress-media.com/kf/S3a033e2f873f46e9a3ab2edbdf31098e0.jpg_220x220q75.jpg_.avif","['High-concerned chemical', 'None', 'Craft of Weaving', 'Knit', 'Season', 'Autumn/Winter', 'Fabric Type', 'Broadcloth', 'Age', 'Middle Age', 'Model Number', 'A1613', 'Waistline', 'empire', 'Dresses Length', 'Floor-Length', 'Decoration', 'None', 'Silhouette', 'Trumpet / Mermaid', 'Pattern Type', 'Solid', 'Style', 'High Street', 'Material', 'POLYESTER,Elastane', 'Gender', 'Women', 'Origin', 'Mainland China', 'Brand Name', 'phumee', 'Elasticity', 'Medium Strecth', 'CN', 'Guangdong', 'Fit Type', 'Slim']",https://www.aliexpress.us/item/3256805676560888.html?algo_pvid=81ef0434-09db-4828-8727-0b1da7ae43fa&algo_exp_id=81ef0434-09db-4828-8727-0b1da7ae43fa-1&pdp_ext_f=%7B%22order%22%3A%22417%22%2C%22eval%22%3A%221%22%2C%22fromPage%22%3A%22search%22%7D&pdp_npi=6%40dis%21USD%2118.56%212.28%21%21%21127.54%2115.66%21%40210123bc17729975019712071eb70a%2112000034615201695%21sea%21US%210%21ABX%211%210%21n_tag%3A-29910%3Bd%3A36285acf%3Bm03_new_user%3A-29895%3BpisId%3A5000000197847475&curPageLogUid=78bvMfIWeCOS&utparam-url=scene%3Asearch%7Cquery_from%3A%7Cx_object_id%3A1005005862875640%7C_p_origin_prod%3A
GIDYQ Korean Women Mesh Skirt Fashion Hook Flower Loose Midi Skirt Elegant Female Casual All Match Skirts Summer New,$0.99 ,"https://ae-pic-a1.aliexpress-media.com/kf/Sd8f4cf6dad7e40849103375606ecdeb6J.jpeg_220x220q75.jpeg_.avif,https://ae-pic-a1.aliexpress-media.com/kf/Sdd53645ae8c1464b9b75df529452be64N.jpeg_220x220q75.jpeg_.avif,https://ae-pic-a1.aliexpress-media.com/kf/S2aed111bdc874ad7ae59b43320804616d.jpeg_220x220q75.jpeg_.avif,https://ae-pic-a1.aliexpress-media.com/kf/Sa7d47ca95bd4483696fb85f876f9006a3.jpeg_220x220q75.jpeg_.avif,https://ae-pic-a1.aliexpress-media.com/kf/S23f41b30b49043008c138700b1a80eceX.jpg_220x220q75.jpg_.avif","['High-concerned chemical', 'None', 'Release Date', 'Spring 2024', 'Craft of Weaving', 'Non-Woven', 'Season', 'Summer', 'Fabric Type', 'Broadcloth', 'Age', 'Junior', 'Place Of Origin', 'China (mainland)', 'Model Number', 'FD03203', 'Waistline', 'empire', 'Dresses Length', 'Mid-Calf', 'Decoration', 'Tie flowers', 'Silhouette', 'A-LINE', 'Pattern Type', 'Solid', 'Style', 'Casual', 'Material', 'POLYESTER', 'Gender', 'Women', 'Origin', 'Mainland China', 'Elasticity', 'Medium Strecth', 'CN', 'Guangdong', 'Fit Type', 'Loose']",https://www.aliexpress.us/item/3256806537257502.html?algo_pvid=81ef0434-09db-4828-8727-0b1da7ae43fa&algo_exp_id=81ef0434-09db-4828-8727-0b1da7ae43fa-3&pdp_ext_f=%7B%22order%22%3A%22413%22%2C%22eval%22%3A%221%22%2C%22fromPage%22%3A%22search%22%7D&pdp_npi=6%40dis%21USD%2116.02%210.99%21%21%21110.07%216.80%21%40210123bc17729975019712071eb70a%2112000038095093117%21sea%21US%210%21ABX%211%210%21n_tag%3A-29910%3Bd%3A36285acf%3Bm03_new_user%3A-29895%3BpisId%3A5000000197847458&curPageLogUid=dyUlFryBDIpp&utparam-url=scene%3Asearch%7Cquery_from%3A%7Cx_object_id%3A1005006723572254%7C_p_origin_prod%3A
Tennis Skirt Women High Waist Sexy Girl Tight Bag Hip Short Skirt Summer Sports Culottes split A-line Mini skirt Y2K,$0.99 ,"https://ae-pic-a1.aliexpress-media.com/kf/S0b01f013f1fe4bf28fffabce5b494d8a5.jpg_220x220q75.jpg_.avif,https://ae-pic-a1.aliexpress-media.com/kf/S2eb826a69c744e76b3f1b18dd0c2981bu.jpg_220x220q75.jpg_.avif,https://ae-pic-a1.aliexpress-media.com/kf/S6535886dae094cbbb2ed92fb09c0058aG.jpg_220x220q75.jpg_.avif,https://ae-pic-a1.aliexpress-media.com/kf/S15ca9820bb4f484db00056e285d52201t.jpg_220x220q75.jpg_.avif,https://ae-pic-a1.aliexpress-media.com/kf/Sbda6c4707a5e495aa28707951af2e9b3a.jpg_220x220q75.jpg_.avif","['High-concerned chemical', 'None', 'Craft of Weaving', 'Knit', 'Season', 'All Season', 'Fabric Type', 'Broadcloth', 'Age', 'Junior', 'Waistline', 'empire', 'Dresses Length', 'Above Knee , Mini', 'Decoration', 'None', 'Silhouette', 'A-LINE', 'Pattern Type', 'Solid', 'Style', 'Sporty', 'Material', 'POLYESTER,Elastane', 'Gender', 'Women', 'Origin', 'Mainland China', 'Brand Name', 'JEYONGZOO', 'Elasticity', 'Medium Strecth', 'CN', 'Guangdong', 'Fit Type', 'Slim']",https://www.aliexpress.us/item/3256805715201647.html?algo_pvid=81ef0434-09db-4828-8727-0b1da7ae43fa&algo_exp_id=81ef0434-09db-4828-8727-0b1da7ae43fa-5&pdp_ext_f=%7B%22order%22%3A%22413%22%2C%22eval%22%3A%221%22%2C%22fromPage%22%3A%22search%22%7D&pdp_npi=6%40dis%21USD%2111.05%210.99%21%21%2175.94%216.83%21%40210123bc17729975019712071eb70a%2112000034776271678%21sea%21US%210%21ABX%211%210%21n_tag%3A-29910%3Bd%3A36285acf%3Bm03_new_user%3A-29895%3BpisId%3A5000000197847475&curPageLogUid=Xh7O9rCSXOIP&utparam-url=scene%3Asearch%7Cquery_from%3A%7Cx_object_id%3A1005005901516399%7C_p_origin_prod%3A
Hollow Out Embroidery Flower Lace Skirts Vintage Women Streetwear Irregular Fairy Faldas 2025 Grunge Button Skirt Y2k Aesthetic,$3.51 ,"https://ae-pic-a1.aliexpress-media.com/kf/S76ba2cfbc1244440baec92049fbc90d0p.jpg_220x220q75.jpg_.avif,https://ae-pic-a1.aliexpress-media.com/kf/S749628541c584815900ddddb1bd0ba1ey.jpg_220x220q75.jpg_.avif,https://ae-pic-a1.aliexpress-media.com/kf/S5af34db180924c15ba1a1dafab61f596q.jpg?has_lang=1&ver=2_220x220q75.jpg_.avif,https://ae-pic-a1.aliexpress-media.com/kf/Sb721aa9557c549d3bf40ad0f5a5b62dbt.jpg?has_lang=1&ver=2_220x220q75.jpg_.avif,https://ae-pic-a1.aliexpress-media.com/kf/S8634031816db44d9a6e45e61841daad5N.jpg_220x220q75.jpg_.avif","['High-concerned chemical', 'None', 'Craft of Weaving', 'Non-Woven', 'Season', 'All Season', 'Fabric Type', 'Lace', 'Age', 'Junior', 'Place Of Origin', 'China (mainland)', 'Model Number', '87EE4K18', 'Waistline', 'empire', 'Dresses Length', 'Above Knee , Mini', 'Decoration', 'Button', 'Silhouette', 'A-LINE', 'Pattern Type', 'Floral', 'Style', 'High Street', 'Material', 'POLYESTER', 'Gender', 'Women', 'Origin', 'Mainland China', 'Elasticity', 'Slight Strech', 'CN', 'Guangdong', 'Fit Type', 'Regular Fit']",https://www.aliexpress.us/item/3256809690075532.html?algo_pvid=81ef0434-09db-4828-8727-0b1da7ae43fa&algo_exp_id=81ef0434-09db-4828-8727-0b1da7ae43fa-7&pdp_ext_f=%7B%22order%22%3A%22412%22%2C%22spu_best_type%22%3A%22price%22%2C%22eval%22%3A%221%22%2C%22fromPage%22%3A%22search%22%7D&pdp_npi=6%40dis%21USD%213.54%213.51%21%21%2124.35%2124.11%21%40210123bc17729975019712071eb70a%2112000050450939143%21sea%21US%210%21ABX%211%210%21n_tag%3A-29910%3Bd%3A36285acf%3Bm03_new_user%3A-29895&curPageLogUid=xR4vXsFdWXtb&utparam-url=scene%3Asearch%7Cquery_from%3A%7Cx_object_id%3A1005009876390284%7C_p_origin_prod%3A
Women's Pencil Skirt High Waist Slim Skirts Print New Large Size Japan Cartoon Summer Young Girl Female Falda Sexy & Club,$6.07 ,"https://ae-pic-a1.aliexpress-media.com/kf/Hf1dce2abccfb41d3b3f50cadec19c6a3S.jpg_220x220q75.jpg_.avif,https://ae-pic-a1.aliexpress-media.com/kf/H8431e0201bfb416f8620baab10122705k.jpg?has_lang=1&ver=1_220x220q75.jpg_.avif,https://ae-pic-a1.aliexpress-media.com/kf/H1321a3154fe24b0fa8e67880e0788050R.jpg_220x220q75.jpg_.avif,https://ae-pic-a1.aliexpress-media.com/kf/Ha06873443e944d0bbf09ff3c66e643f2X.jpg_220x220q75.jpg_.avif,https://ae-pic-a1.aliexpress-media.com/kf/H1e725fbeea2e420aa45ebd934a78084dq.jpg_220x220q75.jpg_.avif","['High-concerned chemical', 'None', 'Craft of Weaving', 'Tatting', 'Season', 'Summer', 'Fabric Type', 'Blended', 'Age', 'Middle Age', 'Model Number', 'Q', 'Waistline', 'Natural', 'Dresses Length', 'Above Knee , Mini', 'Decoration', 'Appliques', 'Silhouette', 'A-LINE', 'Pattern Type', 'Cartoon', 'Style', 'Sexy & Club', 'Material', 'COTTON,POLYESTER', 'Gender', 'Women', 'Origin', 'Mainland China', 'Brand Name', 'Disney', 'Elasticity', 'Slight Strech', 'CN', 'Zhejiang', 'Fit Type', 'Slim']",https://www.aliexpress.us/item/3256802735574011.html?algo_pvid=81ef0434-09db-4828-8727-0b1da7ae43fa&algo_exp_id=81ef0434-09db-4828-8727-0b1da7ae43fa-58&pdp_ext_f=%7B%22order%22%3A%22412%22%2C%22eval%22%3A%221%22%2C%22fromPage%22%3A%22search%22%7D&pdp_npi=6%40dis%21USD%2113.07%213.07%21%21%2189.81%2121.08%21%40210123bc17729975019712071eb70a%2112000022811323414%21sea%21US%210%21ABX%211%210%21n_tag%3A-29910%3Bd%3A36285acf%3Bm03_new_user%3A-29895%3BpisId%3A5000000197847450&curPageLogUid=fZA7mxSLozyR&utparam-url=scene%3Asearch%7Cquery_from%3A%7Cx_object_id%3A1005002921888763%7C_p_origin_prod%3A
Tutu Skirt Women's 50s Skirt Retro Ballet Dance Skirt 3-Layer Tulle Ballet Rockabilly Petticoat Underskirt Dance Dress Cosplay,$4.53 ,"https://ae-pic-a1.aliexpress-media.com/kf/Sd7447c1940fd4d42af8721f14821089ee.jpg?has_lang=1&ver=2_220x220q75.jpg_.avif,https://ae-pic-a1.aliexpress-media.com/kf/Sfb971585b43e493689f7f54cf16d48d0b.jpg?has_lang=1&ver=2_220x220q75.jpg_.avif,https://ae-pic-a1.aliexpress-media.com/kf/S721d4136839a446c9b1a5359d98732b0p.jpg?has_lang=1&ver=2_220x220q75.jpg_.avif,https://ae-pic-a1.aliexpress-media.com/kf/S90e18f01b91e4db4b5c5b13868648b22N.jpg_220x220q75.jpg_.avif,https://ae-pic-a1.aliexpress-media.com/kf/S9690c5e19d374ad684246c9f593c895am.jpg_220x220q75.jpg_.avif","['High-concerned chemical', 'None', 'Craft of Weaving', 'Knit', 'Season', 'Summer', 'is_customized', 'No', 'Fabric Type', 'Lace', 'Age', 'Junior', 'Place Of Origin', 'China (mainland)', 'Model Number', 'WOMEN', 'Waistline', 'Natural', 'Dresses Length', 'Above Knee , Mini', 'Decoration', 'Lace', 'Silhouette', 'A-LINE', 'Pattern Type', 'Solid', 'Style', 'Lolita Style', 'Material', 'POLYESTER', 'Gender', 'Women', 'Origin', 'Mainland China', 'Elasticity', 'Slight Strech', 'CN', 'Zhejiang', 'Fit Type', 'Regular Fit']",https://www.aliexpress.us/item/3256808247917149.html?algo_pvid=81ef0434-09db-4828-8727-0b1da7ae43fa&algo_exp_id=81ef0434-09db-4828-8727-0b1da7ae43fa-8&pdp_ext_f=%7B%22order%22%3A%22411%22%2C%22eval%22%3A%221%22%2C%22fromPage%22%3A%22search%22%7D&pdp_npi=6%40dis%21USD%2111.53%214.53%21%21%2111.53%214.53%21%40210123bc17729975019712071eb70a%2112000045087128215%21sea%21US%210%21ABX%211%210%21n_tag%3A-29910%3Bd%3A36285acf%3Bm03_new_user%3A-29895%3BpisId%3A5000000197847475&curPageLogUid=wZCLocoP2Dz4&utparam-url=scene%3Asearch%7Cquery_from%3A%7Cx_object_id%3A1005008434231901%7C_p_origin_prod%3A
Elastic Waist Inner Lining Midi Skirt Women Solid Color Satin Half Slip Underskirt Long Underskirt for Ladies White/Black/Yellow,$0.99 ,"https://ae-pic-a1.aliexpress-media.com/kf/Sd003ac755703427caf9f1dc93c7bda6bM.jpg_220x220q75.jpg_.avif,https://ae-pic-a1.aliexpress-media.com/kf/Sbe4cd708017844adbd8f81c41b9459e6A.jpg_220x220q75.jpg_.avif,https://ae-pic-a1.aliexpress-media.com/kf/S1b9612693a604422a1400977975f6126f.jpg_220x220q75.jpg_.avif,https://ae-pic-a1.aliexpress-media.com/kf/S3d177c3a1d0d4cbe832da29477211153X.jpg_220x220q75.jpg_.avif,https://ae-pic-a1.aliexpress-media.com/kf/Sa8e629c861864250a5e50bc0f98f7902k.jpg?has_lang=1&ver=1_220x220q75.jpg_.avif","['High-concerned chemical', 'None', 'Release Date', 'Autumn 2024', 'Craft of Weaving', 'Non-Woven', 'Season', 'Summer', 'is_customized', 'No', 'Fabric Type', 'Satin', 'Age', 'Middle Age', 'Place Of Origin', 'China (mainland)', 'Model Number', 'Women Skirts', 'Waistline', 'empire', 'Dresses Length', 'Ankle-Length', 'Decoration', 'Lace', 'Silhouette', 'Straight', 'Pattern Type', 'Solid', 'Style', 'Casual', 'Material', 'COTTON,POLYESTER', 'Gender', 'Women', 'Origin', 'Mainland China', 'Brand Name', 'Lamuusaa', 'Elasticity', 'Non Strech', 'CN', 'Guangdong', 'Fit Type', 'Regular Fit']",https://www.aliexpress.us/item/3256807365835330.html?algo_pvid=81ef0434-09db-4828-8727-0b1da7ae43fa&algo_exp_id=81ef0434-09db-4828-8727-0b1da7ae43fa-9&pdp_ext_f=%7B%22order%22%3A%22411%22%2C%22spu_best_type%22%3A%22price%22%2C%22eval%22%3A%221%22%2C%22fromPage%22%3A%22search%22%7D&pdp_npi=6%40dis%21USD%217.99%210.99%21%21%2154.91%216.80%21%40210123bc17729975019712071eb70a%2112000041263256659%21sea%21US%210%21ABX%211%210%21n_tag%3A-29910%3Bd%3A36285acf%3Bm03_new_user%3A-29895%3BpisId%3A5000000197847475&curPageLogUid=lgZuDHLH7Bs7&utparam-url=scene%3Asearch%7Cquery_from%3A%7Cx_object_id%3A1005007552150082%7C_p_origin_prod%3A
Y2K New Gothic Cute Denim Skirt Womens Clothing Harajuku Vintage Slim Skirt Kawaii Light Blue Jean Low Waist Short Mini Skirt,$27.68 ,"https://ae-pic-a1.aliexpress-media.com/kf/Sbfcd8bc2e32547419524ad7d4eccc1f1o.jpg_220x220q75.jpg_.avif,https://ae-pic-a1.aliexpress-media.com/kf/S2e226f1da63c4fcb9baf296eb6f7bf31w.jpg_220x220q75.jpg_.avif,https://ae-pic-a1.aliexpress-media.com/kf/S2e226f1da63c4fcb9baf296eb6f7bf31w.jpg_220x220q75.jpg_.avif,https://ae-pic-a1.aliexpress-media.com/kf/S0096c571325b4f84882d00e6459f8e15C.jpg_220x220q75.jpg_.avif","['Occasion', 'Beach', 'High-concerned chemical', 'None', 'Craft of Weaving', 'Knit', 'Season', 'All Season', 'is_customized', 'No', 'Fabric Type', 'Denim', 'Age', 'Junior', 'Place Of Origin', 'China (mainland)', 'Waistline', 'Dropped', 'Dresses Length', 'Above Knee , Mini', 'Decoration', 'None', 'Silhouette', 'A-LINE', 'Pattern Type', 'Solid', 'Style', 'Y2k', 'Material', 'COTTON,POLYESTER', 'Gender', 'Women', 'Origin', 'Mainland China', 'Elasticity', 'Slight Strech', 'CN', 'Guangdong', 'Fit Type', 'Regular Fit']",https://www.aliexpress.us/item/3256809313243695.html?algo_pvid=81ef0434-09db-4828-8727-0b1da7ae43fa&algo_exp_id=81ef0434-09db-4828-8727-0b1da7ae43fa-10&pdp_ext_f=%7B%22order%22%3A%22410%22%2C%22eval%22%3A%221%22%2C%22fromPage%22%3A%22search%22%7D&pdp_npi=6%40dis%21USD%2155.36%2127.68%21%21%21380.48%21190.24%21%40210123bc17729975019712071eb70a%2112000049290431541%21sea%21US%210%21ABX%211%210%21n_tag%3A-29910%3Bd%3A36285acf%3Bm03_new_user%3A-29895&curPageLogUid=hnIoOPkwE3EQ&utparam-url=scene%3Asearch%7Cquery_from%3A%7Cx_object_id%3A1005009499558447%7C_p_origin_prod%3A
2025 Trendy Women Plaid Leather Patchwork Design Mini Skirts Y2k Streetwear Female Modern Punk Irregular Short Pleated Skirt,$26.45 ,"https://ae-pic-a1.aliexpress-media.com/kf/S560c07d3cec148f6a57159756efa74cdX.jpg_220x220q75.jpg_.avif,https://ae-pic-a1.aliexpress-media.com/kf/S2be391c7854f454ebe9787c3046ceef6t.jpg_220x220q75.jpg_.avif,https://ae-pic-a1.aliexpress-media.com/kf/S57d4baf214b549878f6b178e4af5f8b1s.jpg_220x220q75.jpg_.avif,https://ae-pic-a1.aliexpress-media.com/kf/S7498cb3dabeb4cc8926037bc387753d2A.jpg_220x220q75.jpg_.avif,https://ae-pic-a1.aliexpress-media.com/kf/S0336c949fa94490d83413f99e5cf71bef.jpg_220x220q75.jpg_.avif","['Occasion', 'Night Out', 'High-concerned chemical', 'None', 'Release Date', 'Winter 2024', 'Craft of Weaving', 'Tatting', 'Season', 'All Season', 'is_customized', 'No', 'Fabric Type', 'Blended', 'Age', 'Middle Age', 'Place Of Origin', 'China (mainland)', 'Model Number', 'RR1161', 'Waistline', 'Natural', 'Dresses Length', 'Above Knee , Mini', 'Decoration', 'None', 'Silhouette', 'A-LINE', 'Pattern Type', 'Patchwork', 'Style', 'Casual', 'Material', 'COTTON,Elastane', 'Gender', 'Women', 'Origin', 'Mainland China', 'Brand Name', 'JENYAGE', 'Elasticity', 'Non Strech', 'CN', 'Fujian', 'Fit Type', 'Slim', 'Packing', '1pc/Opp bag', 'Include', '1 Skirt']",https://www.aliexpress.us/item/3256808223310398.html?algo_pvid=81ef0434-09db-4828-8727-0b1da7ae43fa&algo_exp_id=81ef0434-09db-4828-8727-0b1da7ae43fa-11&pdp_ext_f=%7B%22order%22%3A%22410%22%2C%22eval%22%3A%221%22%2C%22fromPage%22%3A%22search%22%7D&pdp_npi=6%40dis%21USD%2126.99%2126.45%21%21%2126.99%2126.45%21%40210123bc17729975019712071eb70a%2112000044926688001%21sea%21US%210%21ABX%211%210%21n_tag%3A-29910%3Bd%3A36285acf%3Bm03_new_user%3A-29895&curPageLogUid=oSMZkD4FgsgX&utparam-url=scene%3Asearch%7Cquery_from%3A%7Cx_object_id%3A1005008409625150%7C_p_origin_prod%3A
YENKYE American Retro Pleated Mini Skirt Women Sexy Low Waist Summer Skirts Cool Girl Y2K saia,$20.82 ,"https://ae-pic-a1.aliexpress-media.com/kf/S12fe3ecdb8064559ba2051043c813d6ab.jpg_220x220q75.jpg_.avif,https://ae-pic-a1.aliexpress-media.com/kf/S0e5cbda4af16451e9d14af5a75455e5aM.jpg_220x220q75.jpg_.avif,https://ae-pic-a1.aliexpress-media.com/kf/Sb3a1f371c5ed4c29bafaa569a736f207N.jpg_220x220q75.jpg_.avif,https://ae-pic-a1.aliexpress-media.com/kf/S229c58a9bba84c02aeb8ba9f6c733d74Q.jpg_220x220q75.jpg_.avif,https://ae-pic-a1.aliexpress-media.com/kf/Sf0621315891d4a7aa0ac3df43a913cfaN.jpg_220x220q75.jpg_.avif","['High-concerned chemical', 'None', 'Release Date', 'Summer 2024', 'Craft of Weaving', 'Tatting', 'Season', 'Summer', 'is_customized', 'No', 'Fabric Type', 'Broadcloth', 'Age', 'Middle Age', 'Place Of Origin', 'China (mainland)', 'Model Number', 'mini skirt', 'Waistline', 'Dropped', 'Dresses Length', 'Above Knee , Mini', 'Decoration', 'Button', 'Silhouette', 'Pleated', 'Pattern Type', 'Solid', 'Style', 'American Retro', 'Material', 'POLYESTER,Elastane,Viscose', 'Gender', 'Women', 'Origin', 'Mainland China', 'Brand Name', 'yenkye', 'Elasticity', 'Non Strech', 'CN', 'Beijing', 'Fit Type', 'Regular Fit']",https://www.aliexpress.us/item/3256807232303882.html?algo_pvid=81ef0434-09db-4828-8727-0b1da7ae43fa&algo_exp_id=81ef0434-09db-4828-8727-0b1da7ae43fa-13&pdp_ext_f=%7B%22order%22%3A%22410%22%2C%22eval%22%3A%221%22%2C%22fromPage%22%3A%22search%22%7D&pdp_npi=6%40dis%21USD%2134.70%2120.82%21%21%2134.70%2120.82%21%40210123bc17729975019712071eb70a%2112000040670710696%21sea%21US%210%21ABX%211%210%21n_tag%3A-29910%3Bd%3A36285acf%3Bm03_new_user%3A-29895&curPageLogUid=5JrXEN0ZEhDl&utparam-url=scene%3Asearch%7Cquery_from%3A%7Cx_object_id%3A1005007418618634%7C_p_origin_prod%3A
Women Black skirt midi High waist korean style Pleated a line Vintage Clothing 2025 new Summer Casual Fashion Ladies Work Wear,$16.34 ,"https://ae-pic-a1.aliexpress-media.com/kf/S3c2bc05942924b5eaaaf0e4cddfaeb062.jpg_220x220q75.jpg_.avif,https://ae-pic-a1.aliexpress-media.com/kf/S881cdcbfacb64070a39eadbf99c20003w.jpg_220x220q75.jpg_.avif,https://ae-pic-a1.aliexpress-media.com/kf/S1f5f7b881f2b4b57be4eac5485b20f4cP.jpg_220x220q75.jpg_.avif,https://ae-pic-a1.aliexpress-media.com/kf/Sea34c74e585a45adb95453fa98ba67d3b.jpg_220x220q75.jpg_.avif,https://ae-pic-a1.aliexpress-media.com/kf/S449031a949d14d19870a87782470b75fS.jpg_220x220q75.jpg_.avif","['High-concerned chemical', 'None', 'Release Date', 'Summer 2025', 'Craft of Weaving', 'Tatting', 'Season', 'All Season', 'is_customized', 'No', 'Fabric Type', 'Broadcloth', 'Age', 'Middle Age', 'Place Of Origin', 'China (mainland)', 'Waistline', 'empire', 'Dresses Length', 'Mid-Calf', 'Decoration', 'Folds', 'Silhouette', 'A-LINE', 'Pattern Type', 'Solid', 'Style', 'Casual', 'Material', 'POLYESTER', 'Gender', 'Women', 'Origin', 'Mainland China', 'Brand Name', 'baldauren', 'Elasticity', 'Non Strech', 'CN', 'Guangdong', 'Fit Type', 'Loose']",https://www.aliexpress.us/item/3256805280791408.html?algo_pvid=81ef0434-09db-4828-8727-0b1da7ae43fa&algo_exp_id=81ef0434-09db-4828-8727-0b1da7ae43fa-12&pdp_ext_f=%7B%22order%22%3A%22409%22%2C%22eval%22%3A%221%22%2C%22fromPage%22%3A%22search%22%7D&pdp_npi=6%40dis%21USD%2132.67%2116.34%21%21%21224.51%21112.25%21%40210123bc17729975019712071eb70a%2112000035548940926%21sea%21US%210%21ABX%211%210%21n_tag%3A-29910%3Bd%3A36285acf%3Bm03_new_user%3A-29895&curPageLogUid=WGQPShLBSxZA&utparam-url=scene%3Asearch%7Cquery_from%3A%7Cx_object_id%3A1005005467106160%7C_p_origin_prod%3A
Casual Print Mini Skirts For Women 2024 Summer Fashion Women's High Waist Ruffle Short Skirts Female Y2K Pleated Skirts,$27.52 ,"https://ae-pic-a1.aliexpress-media.com/kf/S710b1e9b82474d489e8a44e9c0493c24j.jpg_220x220q75.jpg_.avif,https://ae-pic-a1.aliexpress-media.com/kf/S710b1e9b82474d489e8a44e9c0493c24j.jpg_220x220q75.jpg_.avif,https://ae-pic-a1.aliexpress-media.com/kf/Sa8874334849b4ae49fb54b9e8c2fbf70W.jpg_220x220q75.jpg_.avif,https://ae-pic-a1.aliexpress-media.com/kf/Sfc401f53100949ed9ab55dedf2215030d.jpg_220x220q75.jpg_.avif,https://ae-pic-a1.aliexpress-media.com/kf/S20a3ea7200294eeb8cd31b0748586f0c8.jpg_220x220q75.jpg_.avif","['High-concerned chemical', 'None', 'Release Date', 'Spring 2024', 'Craft of Weaving', 'Tatting', 'Season', 'Summer', 'is_customized', 'No', 'Fabric Type', 'Blended', 'Age', 'Middle Age', 'Place Of Origin', 'China (mainland)', 'Model Number', 'FA025', 'Waistline', 'empire', 'Dresses Length', 'Above Knee , Mini', 'Decoration', 'None', 'Silhouette', 'Ball Gown', 'Pattern Type', 'Floral', 'Style', 'Casual', 'Material', 'POLYESTER', 'Gender', 'Women', 'Origin', 'Mainland China', 'Brand Name', 'PXBX', 'Elasticity', 'Slight Strech', 'CN', 'Guangdong', 'Fit Type', 'Regular Fit']",https://www.aliexpress.us/item/3256807150286038.html?algo_pvid=81ef0434-09db-4828-8727-0b1da7ae43fa&algo_exp_id=81ef0434-09db-4828-8727-0b1da7ae43fa-2&pdp_ext_f=%7B%22order%22%3A%22408%22%2C%22eval%22%3A%221%22%2C%22fromPage%22%3A%22search%22%7D&pdp_npi=6%40dis%21USD%2127.52%2127.52%21%21%21189.12%21189.12%21%40210123bc17729975019712071eb70a%2112000040318425416%21sea%21US%210%21ABX%211%210%21n_tag%3A-29910%3Bd%3A36285acf%3Bm03_new_user%3A-29895&curPageLogUid=FMd0vGBFdkIm&utparam-url=scene%3Asearch%7Cquery_from%3A%7Cx_object_id%3A1005007336600790%7C_p_origin_prod%3A
Short skirt white lace cake skirt skirt skirt female summer high waist thin a line skirt princess puffy skirt,$2.28 ,"https://ae-pic-a1.aliexpress-media.com/kf/Se8a05aa4a69945ff84116920c8c91d39U.jpg_220x220q75.jpg_.avif,https://ae-pic-a1.aliexpress-media.com/kf/S96f0b857248f4bad9a675abe5e12fea8G.jpg_220x220q75.jpg_.avif,https://ae-pic-a1.aliexpress-media.com/kf/S27e340bb8a574aa39c38b5b235e496b1z.jpg_220x220q75.jpg_.avif,https://ae-pic-a1.aliexpress-media.com/kf/S0761c8a416a34068b8239cfa7e51e307S.jpg_220x220q75.jpg_.avif,https://ae-pic-a1.aliexpress-media.com/kf/Sec51017ca651423bb81ed38490c30da2i.jpg_220x220q75.jpg_.avif","['High-concerned chemical', 'None', 'Craft of Weaving', 'Tatting', 'Season', 'Summer', 'Fabric Type', 'Broadcloth', 'Age', 'Middle Age', 'Place Of Origin', 'China (mainland)', 'Model Number', 'DF5246', 'Waistline', 'Natural', 'Dresses Length', 'Above Knee , Mini', 'Decoration', 'Lace', 'Silhouette', 'Ball Gown', 'Pattern Type', 'Solid', 'Style', 'gothic', 'Material', 'POLYESTER', 'Gender', 'Women', 'Origin', 'Mainland China', 'Elasticity', 'Medium Strecth', 'CN', 'Guangdong', 'Fit Type', 'Regular Fit']",https://www.aliexpress.us/item/3256809545135763.html?algo_pvid=81ef0434-09db-4828-8727-0b1da7ae43fa&algo_exp_id=81ef0434-09db-4828-8727-0b1da7ae43fa-14&pdp_ext_f=%7B%22order%22%3A%22407%22%2C%22eval%22%3A%221%22%2C%22fromPage%22%3A%22search%22%7D&pdp_npi=6%40dis%21USD%2119.32%212.28%21%21%21132.75%2115.61%21%40210123bc17729975019712071eb70a%2112000049978064006%21sea%21US%210%21ABX%211%210%21n_tag%3A-29910%3Bd%3A36285acf%3Bm03_new_user%3A-29895%3BpisId%3A5000000197847475&curPageLogUid=jzugO4aY6xcb&utparam-url=scene%3Asearch%7Cquery_from%3A%7Cx_object_id%3A1005009731450515%7C_p_origin_prod%3A
Summer Women's Skirts Fashion Sexy Mini Elastic Pleated Sun Skirts For School Girl Uniform Korean Black High Waist Tennis Skirts,$0.99 ,"https://ae-pic-a1.aliexpress-media.com/kf/S93c6d6cf551e4231a4ddab09a7c12790j.jpg_220x220q75.jpg_.avif,https://ae-pic-a1.aliexpress-media.com/kf/Sd319df8ccf8049a5b4a0f4573c7a96cb3.jpg_220x220q75.jpg_.avif,https://ae-pic-a1.aliexpress-media.com/kf/Sf61f5fad8344408da117613449e04a222.jpg_220x220q75.jpg_.avif,https://ae-pic-a1.aliexpress-media.com/kf/Saac084a70baa4660b01ba95f9c00ede1g.jpg_220x220q75.jpg_.avif,https://ae-pic-a1.aliexpress-media.com/kf/S697d79fc86e94f1b849dbe02876f7c28J.jpg?has_lang=1&ver=2_220x220q75.jpg_.avif","['Festival', 'Carnivals', 'High-concerned chemical', 'None', 'Release Date', 'Autumn 2025', 'Craft of Weaving', 'Knit', 'Season', 'Spring/Summer', 'is_customized', 'Yes', 'Fabric Type', 'Woolen', 'Age', 'Junior', 'Place Of Origin', 'China (mainland)', 'Model Number', 'C000003', 'Waistline', 'empire', 'Dresses Length', 'Above Knee , Mini', 'Decoration', 'None', 'Silhouette', 'Pleated', 'Pattern Type', 'Solid', 'Style', 'Casual', 'Material', 'POLYESTER,Elastane', 'Gender', 'Women', 'Origin', 'Mainland China', 'Brand Name', 'JIAOYIFEN', 'Elasticity', 'Medium Strecth', 'CN', 'Zhejiang', 'Fit Type', 'Loose', 'Size', 'M L XL XXL 3XL']",https://www.aliexpress.us/item/3256805632070284.html?algo_pvid=81ef0434-09db-4828-8727-0b1da7ae43fa&algo_exp_id=81ef0434-09db-4828-8727-0b1da7ae43fa-15&pdp_ext_f=%7B%22order%22%3A%22407%22%2C%22eval%22%3A%221%22%2C%22fromPage%22%3A%22search%22%7D&pdp_npi=6%40dis%21USD%216.30%210.99%21%21%216.30%210.99%21%40210123bc17729975019712071eb70a%2112000034459233556%21sea%21US%210%21ABX%211%210%21n_tag%3A-29910%3Bd%3A36285acf%3Bm03_new_user%3A-29895%3BpisId%3A5000000197847475&curPageLogUid=k8XKSImGPLyQ&utparam-url=scene%3Asearch%7Cquery_from%3A%7Cx_object_id%3A1005005818385036%7C_p_origin_prod%3A
Willshela Women Fashion Solid Back Zipper A-Line Mini Skirt Vintage High Waist Female Chic Lady Skirts,$4.16 ,"https://ae-pic-a1.aliexpress-media.com/kf/S8a92fd785296467ca5456f60669a982eZ.jpg_220x220q75.jpg_.avif,https://ae-pic-a1.aliexpress-media.com/kf/Sd9453da3251c4dbc86b206e196e2cc91J.jpg_220x220q75.jpg_.avif,https://ae-pic-a1.aliexpress-media.com/kf/S270ff786c5e24f9597cad8d11dc4f21dl.jpg_220x220q75.jpg_.avif,https://ae-pic-a1.aliexpress-media.com/kf/Sbe14a6c582734078be66c0d06a6489e1Z.jpg_220x220q75.jpg_.avif,https://ae-pic-a1.aliexpress-media.com/kf/S3dd555ee8e884336a3fb458ebd1c0e5eD.jpg_220x220q75.jpg_.avif","['High-concerned chemical', 'None', 'Craft of Weaving', 'Tatting', 'Season', 'Autumn/Winter', 'Fabric Type', 'Woven', 'Age', 'Junior', 'Place Of Origin', 'China (mainland)', 'Model Number', '1369CT40', 'Waistline', 'Natural', 'Dresses Length', 'Above Knee , Mini', 'Decoration', 'None', 'Silhouette', 'A-LINE', 'Pattern Type', 'Solid', 'Style', 'Casual', 'Material', 'POLYESTER', 'Gender', 'Women', 'Origin', 'Mainland China', 'Brand Name', 'Willshela', 'Elasticity', 'Non Strech', 'CN', 'Jiangsu', 'Fit Type', 'Loose']",https://www.aliexpress.us/item/3256806512553655.html?algo_pvid=81ef0434-09db-4828-8727-0b1da7ae43fa&algo_exp_id=81ef0434-09db-4828-8727-0b1da7ae43fa-4&pdp_ext_f=%7B%22order%22%3A%22406%22%2C%22spu_best_type%22%3A%22price%22%2C%22eval%22%3A%221%22%2C%22fromPage%22%3A%22search%22%7D&pdp_npi=6%40dis%21USD%2122.31%211.16%21%21%21153.32%217.93%21%40210123bc17729975019712071eb70a%2112000038038978835%21sea%21US%210%21ABX%211%210%21n_tag%3A-29910%3Bd%3A36285acf%3Bm03_new_user%3A-29895%3BpisId%3A5000000197847450&curPageLogUid=stN5K1ji41wa&utparam-url=scene%3Asearch%7Cquery_from%3A%7Cx_object_id%3A1005006698868407%7C_p_origin_prod%3A
new 2020 Women Linen Cotton Long Skirts Elastic Waist Pleated Maxi Skirts Beach Boho Vintage Summer Skirts Faldas Saia,$11.50 ,"https://ae-pic-a1.aliexpress-media.com/kf/Scfeddfb9500d4e15b397bd586bbc89226.jpg_220x220q75.jpg_.avif,https://ae-pic-a1.aliexpress-media.com/kf/Se51820f2079446e89b4f00ee216f0484d.jpg_220x220q75.jpg_.avif,https://ae-pic-a1.aliexpress-media.com/kf/S340f658d76834b87bb37846c9a9a339ex.jpg_220x220q75.jpg_.avif,https://ae-pic-a1.aliexpress-media.com/kf/Sec72599d90d2424b8a9a5142a1ca3511r.jpg_220x220q75.jpg_.avif,https://ae-pic-a1.aliexpress-media.com/kf/Sb93c5636316d44e6b88650957e3b3bbeU.jpg_220x220q75.jpg_.avif","['High-concerned chemical', 'None', 'Craft of Weaving', 'Tatting', 'Season', 'All Season', 'Fabric Type', 'Broadcloth', 'Age', 'Middle Age', 'Place Of Origin', 'China (mainland)', 'Waistline', 'Natural', 'Dresses Length', 'Ankle-Length', 'Decoration', 'Shirring', 'Silhouette', 'Ball Gown', 'Pattern Type', 'Solid', 'Style', 'Casual', 'Material', 'COTTON,Linen', 'Gender', 'Women', 'Origin', 'Mainland China', 'Brand Name', 'longchengyixi', 'Elasticity', 'Slight Strech', 'CN', 'Jiangxi', 'Fit Type', 'Regular Fit']",https://www.aliexpress.us/item/3256805805912882.html?algo_pvid=81ef0434-09db-4828-8727-0b1da7ae43fa&algo_exp_id=81ef0434-09db-4828-8727-0b1da7ae43fa-17&pdp_ext_f=%7B%22order%22%3A%22406%22%2C%22eval%22%3A%221%22%2C%22fromPage%22%3A%22search%22%7D&pdp_npi=6%40dis%21USD%2116.43%2111.50%21%21%21112.94%2179.06%21%40210123bc17729975019712071eb70a%2112000035211976682%21sea%21US%210%21ABX%211%210%21n_tag%3A-29910%3Bd%3A36285acf%3Bm03_new_user%3A-29895&curPageLogUid=0gT8pdDUoS9Z&utparam-url=scene%3Asearch%7Cquery_from%3A%7Cx_object_id%3A1005005992227634%7C_p_origin_prod%3A
2025 new Skirts Women's Autumn Fashion British Youth Plaid Skirts Street Comfort Joker Students Travel Holiday Women's Skirt,$13.68 ,"https://ae-pic-a1.aliexpress-media.com/kf/S98ba4df5ca4640b7ab00eaef7da4211ef.jpg_220x220q75.jpg_.avif,https://ae-pic-a1.aliexpress-media.com/kf/S0db89efdd86f4a728e8fbac2c5eeda98l.jpg_220x220q75.jpg_.avif,https://ae-pic-a1.aliexpress-media.com/kf/S8720d352f8304adf90b0c9805a655916b.jpg_220x220q75.jpg_.avif,https://ae-pic-a1.aliexpress-media.com/kf/S96fa3636004248789b94de0b4d6b3e2cP.jpg_220x220q75.jpg_.avif,https://ae-pic-a1.aliexpress-media.com/kf/Sa2de061f3dbe4583a813f164fd894185B.jpg_220x220q75.jpg_.avif","['High-concerned chemical', 'None', 'Release Date', 'Autumn 2025', 'Craft of Weaving', 'Tatting', 'Season', 'Summer', 'is_customized', 'No', 'Fabric Type', 'Blended', 'Age', 'Middle Age', 'Waistline', 'Natural', 'Dresses Length', 'Ankle-Length', 'Decoration', 'None', 'Silhouette', 'A-LINE', 'Pattern Type', 'Plaid', 'Style', 'Casual', 'Material', 'POLYESTER', 'Gender', 'Women', 'Origin', 'Mainland China', 'Brand Name', 'SFSHB&ZA', 'Elasticity', 'Non Strech', 'CN', 'Jiangsu', 'Fit Type', 'Loose']",https://www.aliexpress.us/item/3256808954294060.html?algo_pvid=81ef0434-09db-4828-8727-0b1da7ae43fa&algo_exp_id=81ef0434-09db-4828-8727-0b1da7ae43fa-18&pdp_ext_f=%7B%22order%22%3A%22404%22%2C%22eval%22%3A%221%22%2C%22fromPage%22%3A%22search%22%7D&pdp_npi=6%40dis%21USD%2142.20%2110.68%21%21%21290.01%2173.37%21%40210123bc17729975019712071eb70a%2112000048062618417%21sea%21US%210%21ABX%211%210%21n_tag%3A-29910%3Bd%3A36285acf%3Bm03_new_user%3A-29895%3BpisId%3A5000000197847450&curPageLogUid=ZjVPhBvbQjPM&utparam-url=scene%3Asearch%7Cquery_from%3A%7Cx_object_id%3A1005009140608812%7C_p_origin_prod%3A
Casual Dual Layer Skirt Button Renaissance Costume Women Back Double Ruffle Long Shirring Skirt Waist Elastic Band Maxi Length,$23.26 ,"https://ae-pic-a1.aliexpress-media.com/kf/S97effead9eb446619d2d3857e6accba86.jpg_220x220q75.jpg_.avif,https://ae-pic-a1.aliexpress-media.com/kf/S97effead9eb446619d2d3857e6accba86.jpg_220x220q75.jpg_.avif,https://ae-pic-a1.aliexpress-media.com/kf/S50b2c74e3e984167897f134e3d5146ecJ.jpg_220x220q75.jpg_.avif,https://ae-pic-a1.aliexpress-media.com/kf/Sc38aeb1a151347ebaddef162aa71b466l.jpg_220x220q75.jpg_.avif,https://ae-pic-a1.aliexpress-media.com/kf/S51964871e5be4051969772875ef45beaV.jpg_220x220q75.jpg_.avif","['High-concerned chemical', 'None', 'Release Date', 'Summer 2024', 'Craft of Weaving', 'Tatting', 'Season', 'Spring/Summer', 'is_customized', 'Yes', 'Fabric Type', 'Broadcloth', 'Age', 'Middle Age', 'Place Of Origin', 'China (mainland)', 'Model Number', 'CNGZ-QS-015', 'Waistline', 'empire', 'Dresses Length', 'Ankle-Length', 'Decoration', 'Ruffles', 'Silhouette', 'A-LINE', 'Pattern Type', 'Solid', 'Style', 'Casual', 'Material', 'POLYESTER', 'Gender', 'Women', 'Origin', 'Mainland China', 'Brand Name', 'fonyoomaui', 'Elasticity', 'Slight Strech', 'CN', 'Sichuan', 'Fit Type', 'Regular Fit']",https://www.aliexpress.us/item/3256806581262226.html?algo_pvid=81ef0434-09db-4828-8727-0b1da7ae43fa&algo_exp_id=81ef0434-09db-4828-8727-0b1da7ae43fa-19&pdp_ext_f=%7B%22order%22%3A%22404%22%2C%22eval%22%3A%221%22%2C%22fromPage%22%3A%22search%22%7D&pdp_npi=6%40dis%21USD%2126.74%2123.26%21%21%2126.74%2123.26%21%40210123bc17729975019712071eb70a%2112000038232474120%21sea%21US%210%21ABX%211%210%21n_tag%3A-29910%3Bd%3A36285acf%3Bm03_new_user%3A-29895&curPageLogUid=O2qOMEiiSgep&utparam-url=scene%3Asearch%7Cquery_from%3A%7Cx_object_id%3A1005006767576978%7C_p_origin_prod%3A
Lace Jacquard Transperant Skirt Women Summer New High Waist Sexy Casual Long Skirts 2025 Streetwear Fashion Black Maxi Skirt,$0.99 ,"https://ae-pic-a1.aliexpress-media.com/kf/S6c938dddce3a4b4d9cfece289d9a89cev.jpg_220x220q75.jpg_.avif,https://ae-pic-a1.aliexpress-media.com/kf/S6c938dddce3a4b4d9cfece289d9a89cev.jpg_220x220q75.jpg_.avif,https://ae-pic-a1.aliexpress-media.com/kf/Sa274a4066370455a99dcd44b21ca56a2p.jpg_220x220q75.jpg_.avif,https://ae-pic-a1.aliexpress-media.com/kf/Sa132cd8ec24d4c748c178ba5cdf00d32C.jpg_220x220q75.jpg_.avif,https://ae-pic-a1.aliexpress-media.com/kf/Sd713ab7034cb43a497c770d0cb5db3fdC.jpg_220x220q75.jpg_.avif","['Occasion', 'Party', 'Festival', 'Christmas', 'High-concerned chemical', 'None', 'Release Date', 'Summer 2025', 'Craft of Weaving', 'Non-Woven', 'Season', 'All Season', 'is_customized', 'Yes', 'Fabric Type', 'Lace', 'Age', 'Middle Age', 'Place Of Origin', 'China (mainland)', 'Waistline', 'empire', 'Dresses Length', 'Ankle-Length', 'Decoration', 'Lace', 'Silhouette', 'A-LINE', 'Pattern Type', 'Solid', 'Style', 'Sexy & Club', 'Material', 'POLYESTER,Acetate', 'Gender', 'Women', 'Origin', 'Mainland China', 'Elasticity', 'Non Strech', 'CN', 'Guangdong', 'Fit Type', 'Loose', 'CN', 'Guangdong', 'Dropshipping order', 'Acceptable', 'Feature', 'Breathable', 'Type', 'Skirt /Women Skirt', 'Name', 'Skirt/Mini Skirt', 'Long Skirt', 'Skirts for women', 'Black Skirt', 'y2k skirt']",https://www.aliexpress.us/item/3256808848461833.html?algo_pvid=81ef0434-09db-4828-8727-0b1da7ae43fa&algo_exp_id=81ef0434-09db-4828-8727-0b1da7ae43fa-20&pdp_ext_f=%7B%22order%22%3A%22403%22%2C%22eval%22%3A%221%22%2C%22fromPage%22%3A%22search%22%7D&pdp_npi=6%40dis%21USD%217.01%210.99%21%21%2148.17%216.79%21%40210123bc17729975019712071eb70a%2112000048908765979%21sea%21US%210%21ABX%211%210%21n_tag%3A-29910%3Bd%3A36285acf%3Bm03_new_user%3A-29895%3BpisId%3A5000000197847475&curPageLogUid=d77qN9HCiaJr&utparam-url=scene%3Asearch%7Cquery_from%3A%7Cx_object_id%3A1005009034776585%7C_p_origin_prod%3A
Sexy Upskirt Solid Color Soft Silk Lotus Leaf Pendulum Transparent Nightclub Party Livestream Mini Skirts For Nightclub woman,$3.88 ,"https://ae-pic-a1.aliexpress-media.com/kf/Sf449a2a3e4694004b9f2ed646a2c0de4J.jpg_220x220q75.jpg_.avif,https://ae-pic-a1.aliexpress-media.com/kf/Sd6d3ac3b04a04a1c9bbde691b2a45d26I.jpg_220x220q75.jpg_.avif,https://ae-pic-a1.aliexpress-media.com/kf/Sead156424c354b2e8a7a33541c283fbeg.jpg_220x220q75.jpg_.avif,https://ae-pic-a1.aliexpress-media.com/kf/S0f9afa35ccdc4b058e0aeff4e638d357y.jpg_220x220q75.jpg_.avif,https://ae-pic-a1.aliexpress-media.com/kf/S58546dc29cfb4f8ba9b8c7a5e1486bb7i.jpg_220x220q75.jpg_.avif","['Season', 'Spring/Summer', 'Fabric Type', 'Mesh', 'Age', 'Middle Age', 'Waistline', 'empire', 'Dresses Length', 'Above Knee , Mini', 'Decoration', 'Folds', 'Silhouette', 'Pleated', 'Pattern Type', 'Solid', 'Style', 'Sexy & Club', 'Material', 'Nylon', 'Gender', 'Women', 'Origin', 'Mainland China', 'Brand Name', 'DakunhuiLC', 'Elasticity', 'High Strecth', 'CN', 'Guangdong', 'Fit Type', 'Slim', 'The name of the fabric', 'Nylon / nylon', 'color', 'White, black, red', 'Main fabric ingredients', 'Nylon / nylon', 'size', 'Average code', 'Applicable sex', 'female', 'Style details', 'perspective', 'cosplay', 'Cute girl type', 'style', 'Sexy, perspective']",https://www.aliexpress.us/item/3256803962770507.html?algo_pvid=81ef0434-09db-4828-8727-0b1da7ae43fa&algo_exp_id=81ef0434-09db-4828-8727-0b1da7ae43fa-21&pdp_ext_f=%7B%22order%22%3A%22403%22%2C%22eval%22%3A%221%22%2C%22fromPage%22%3A%22search%22%7D&pdp_npi=6%40dis%21USD%213.88%213.88%21%21%213.88%213.88%21%40210123bc17729975019712071eb70a%2112000028197915977%21sea%21US%210%21ABX%211%210%21n_tag%3A-29910%3Bd%3A36285acf%3Bm03_new_user%3A-29895&curPageLogUid=zNNbSPOo4772&utparam-url=scene%3Asearch%7Cquery_from%3A%7Cx_object_id%3A1005004149085259%7C_p_origin_prod%3A
American Vintage Black White Piano Keys Skirts Y2k Slim Waist Ruched A-line Skirt Women 2025 Summer New Korea Style Chic Mujer,$8.96 ,"https://ae-pic-a1.aliexpress-media.com/kf/Se967c161074b40a9a6fb9f8b1198282eT.jpg_220x220q75.jpg_.avif,https://ae-pic-a1.aliexpress-media.com/kf/S29ae27db13444b719f0e1c9a1284738fY.jpg?has_lang=1&ver=2_220x220q75.jpg_.avif,https://ae-pic-a1.aliexpress-media.com/kf/S3c1330ed16f644978089e7c9bc8231e9c.jpg?has_lang=1&ver=1_220x220q75.jpg_.avif,https://ae-pic-a1.aliexpress-media.com/kf/S2f6109c5586841019ddcedfeb4b4c269y.jpg?has_lang=1&ver=1_220x220q75.jpg_.avif,https://ae-pic-a1.aliexpress-media.com/kf/S1f83c15ab7244d67b01fb28971c135dbv.jpg?has_lang=1&ver=1_220x220q75.jpg_.avif","['High-concerned chemical', 'None', 'Release Date', 'Spring 2025', 'Craft of Weaving', 'Tatting', 'Season', 'Spring/Summer', 'Fabric Type', 'Blended', 'Age', 'Junior', 'Place Of Origin', 'China (mainland)', 'Model Number', '254130S', 'Waistline', 'empire', 'Dresses Length', 'Above Knee , Mini', 'Decoration', 'None', 'Silhouette', 'A-LINE', 'Pattern Type', 'Striped', 'Style', 'Vintage', 'Material', 'POLYESTER', 'Gender', 'Women', 'Origin', 'Mainland China', 'Brand Name', 'ZHUOLIN', 'Elasticity', 'Non Strech', 'CN', 'Guangdong', 'Fit Type', 'Regular Fit']",https://www.aliexpress.us/item/3256808628033468.html?algo_pvid=81ef0434-09db-4828-8727-0b1da7ae43fa&algo_exp_id=81ef0434-09db-4828-8727-0b1da7ae43fa-23&pdp_ext_f=%7B%22order%22%3A%22401%22%2C%22spu_best_type%22%3A%22price%22%2C%22eval%22%3A%221%22%2C%22fromPage%22%3A%22search%22%7D&pdp_npi=6%40dis%21USD%2114.93%218.96%21%21%21102.60%2161.56%21%40210123bc17729975019712071eb70a%2112000053030261432%21sea%21US%210%21ABX%211%210%21n_tag%3A-29910%3Bd%3A36285acf%3Bm03_new_user%3A-29895&curPageLogUid=cJzG18ZbtAaZ&utparam-url=scene%3Asearch%7Cquery_from%3A%7Cx_object_id%3A1005008814348220%7C_p_origin_prod%3A
HH Elegant Women Solid Sequined Slim Mini Skirt 2025 Sparkling Party Style Skirt Female Sexy High Waist Short A-Line Skirt,$18.91 ,"https://ae-pic-a1.aliexpress-media.com/kf/S787e1716b5f74271a4ff6e167328e798L.jpg_220x220q75.jpg_.avif,https://ae-pic-a1.aliexpress-media.com/kf/Sdaa6cfdfe4674d2cb83da82fd9d0bd86G.jpg_220x220q75.jpg_.avif,https://ae-pic-a1.aliexpress-media.com/kf/S90e0121a5f8d453fbaf1386fa71755b9p.jpg_220x220q75.jpg_.avif,https://ae-pic-a1.aliexpress-media.com/kf/Sbd7504af50c14af784cbe2e3e816f5f5O.jpg_220x220q75.jpg_.avif,https://ae-pic-a1.aliexpress-media.com/kf/Sba66eb751a3944bab1b306f87490f736o.jpg_220x220q75.jpg_.avif","['Occasion', 'Beach', 'High-concerned chemical', 'None', 'Release Date', 'Spring 2025', 'Craft of Weaving', 'Tatting', 'Season', 'Spring/Summer', 'Fabric Type', 'Blended', 'Age', 'Middle Age', 'Place Of Origin', 'China (mainland)', 'Model Number', 'NZA24531', 'Waistline', 'Natural', 'Dresses Length', 'Above Knee , Mini', 'Decoration', 'Sequined', 'Silhouette', 'A-LINE', 'Pattern Type', 'Solid', 'Style', 'High Street', 'Material', 'POLYESTER', 'Gender', 'Women', 'Origin', 'Mainland China', 'Brand Name', 'HH', 'Elasticity', 'Non Strech', 'CN', 'Jiangsu', 'Fit Type', 'Slim']",https://www.aliexpress.us/item/3256809532947392.html?algo_pvid=81ef0434-09db-4828-8727-0b1da7ae43fa&algo_exp_id=81ef0434-09db-4828-8727-0b1da7ae43fa-16&pdp_ext_f=%7B%22order%22%3A%22400%22%2C%22eval%22%3A%221%22%2C%22orig_sl_item_id%22%3A%221005009719262144%22%2C%22orig_item_id%22%3A%221005009494749712%22%2C%22fromPage%22%3A%22search%22%7D&pdp_npi=6%40dis%21USD%2139.40%2111.91%21%21%21270.80%2181.87%21%40210123bc17729975019712071eb70a%2112000049942855781%21sea%21US%210%21ABX%211%210%21n_tag%3A-29910%3Bd%3A36285acf%3Bm03_new_user%3A-29895%3BpisId%3A5000000197847475&curPageLogUid=IsfOUoVvOj5O&utparam-url=scene%3Asearch%7Cquery_from%3A%7Cx_object_id%3A1005009719262144%7C_p_origin_prod%3A1005009494749712
Women Sexy High Waist Satin Mini Skirt White Red Chic Streetwear Summer Elastic Waist Slim Skirt Hot Girls Casual Simple,$9.80 ,"https://ae-pic-a1.aliexpress-media.com/kf/Sa31b0c367eac497192afa8af4fff11ccb.jpg_220x220q75.jpg_.avif,https://ae-pic-a1.aliexpress-media.com/kf/Sb8ad73ecf997478cba670c121f8442fdl.jpg_220x220q75.jpg_.avif,https://ae-pic-a1.aliexpress-media.com/kf/S4a91ebca35984da0876c2de21509fa579.jpg_220x220q75.jpg_.avif,https://ae-pic-a1.aliexpress-media.com/kf/S2a47e5fc92df4d548540b5d308ab1528o.jpg_220x220q75.jpg_.avif,https://ae-pic-a1.aliexpress-media.com/kf/S44028869581e4f5890eeebd2f9ba9813i.jpg_220x220q75.jpg_.avif","['High-concerned chemical', 'None', 'Craft of Weaving', 'Tatting', 'Season', 'All Season', 'is_customized', 'No', 'Fabric Type', 'Satin', 'Age', 'Junior', 'Place Of Origin', 'China (mainland)', 'Waistline', 'empire', 'Dresses Length', 'Above Knee , Mini', 'Decoration', 'None', 'Silhouette', 'Straight', 'Pattern Type', 'Solid', 'Style', 'Sexy & Club', 'Material', 'COTTON,POLYESTER', 'Gender', 'Women', 'Origin', 'Mainland China', 'Brand Name', 'Jielur', 'Elasticity', 'Non Strech', 'CN', 'Guangdong', 'Fit Type', 'Slim']",https://www.aliexpress.us/item/3256809232466126.html?algo_pvid=81ef0434-09db-4828-8727-0b1da7ae43fa&algo_exp_id=81ef0434-09db-4828-8727-0b1da7ae43fa-24&pdp_ext_f=%7B%22order%22%3A%22400%22%2C%22eval%22%3A%221%22%2C%22fromPage%22%3A%22search%22%7D&pdp_npi=6%40dis%21USD%2115.08%219.80%21%21%2115.08%219.80%21%40210123bc17729975019712071eb70a%2112000049037150155%21sea%21US%210%21ABX%211%210%21n_tag%3A-29910%3Bd%3A36285acf%3Bm03_new_user%3A-29895&curPageLogUid=3UqgbfLkeIb3&utparam-url=scene%3Asearch%7Cquery_from%3A%7Cx_object_id%3A1005009418780878%7C_p_origin_prod%3A
Black PU-leather Pleated Skirt New Women High Waist Fashionable All-match A-Line mi-long Skirt Female,$12.59 ,"https://ae-pic-a1.aliexpress-media.com/kf/Sbf6e21596d10452b9bce2af3d2c646c43.jpg?has_lang=1&ver=2_220x220q75.jpg_.avif,https://ae-pic-a1.aliexpress-media.com/kf/S0c05fe1ef4d7438f80c1d0e6e7516ca6F.jpg_220x220q75.jpg_.avif,https://ae-pic-a1.aliexpress-media.com/kf/S5481cf6fe9654feb8a1a552532c2976c7.jpg_220x220q75.jpg_.avif,https://ae-pic-a1.aliexpress-media.com/kf/Sf56890527416423aa4b03439a6425ea5a.jpg?has_lang=1&ver=2_220x220q75.jpg_.avif,https://ae-pic-a1.aliexpress-media.com/kf/S8b32ae9ebbc7465082cc478461bc352f9.jpg_220x220q75.jpg_.avif","['High-concerned chemical', 'None', 'Release Date', 'Winter 2024', 'Craft of Weaving', 'Tatting', 'Season', 'Autumn/Winter', 'is_customized', 'No', 'Fabric Type', 'Leather', 'Age', 'Middle Age', 'Place Of Origin', 'China (mainland)', 'Model Number', 'NSK498', 'Waistline', 'empire', 'Dresses Length', 'Mid-Calf', 'Decoration', 'None', 'Silhouette', 'A-LINE', 'Pattern Type', 'Solid', 'Style', 'Casual', 'Material', 'PU', 'Gender', 'Women', 'Origin', 'Mainland China', 'Brand Name', 'REALEFT', 'Elasticity', 'Slight Strech', 'CN', 'Guangdong', 'Fit Type', 'Regular Fit']",https://www.aliexpress.us/item/3256804953441692.html?algo_pvid=81ef0434-09db-4828-8727-0b1da7ae43fa&algo_exp_id=81ef0434-09db-4828-8727-0b1da7ae43fa-25&pdp_ext_f=%7B%22order%22%3A%22398%22%2C%22eval%22%3A%221%22%2C%22fromPage%22%3A%22search%22%7D&pdp_npi=6%40dis%21USD%2140.81%219.59%21%21%21280.47%2165.90%21%40210123bc17729975019712071eb70a%2112000042734686765%21sea%21US%210%21ABX%211%210%21n_tag%3A-29910%3Bd%3A36285acf%3Bm03_new_user%3A-29895%3BpisId%3A5000000197847450&curPageLogUid=dAs8KfE43RQO&utparam-url=scene%3Asearch%7Cquery_from%3A%7Cx_object_id%3A1005005139756444%7C_p_origin_prod%3A
Spring Corduroy Mini Skirt Burgundy For Women Brown Vintage A Line Short Skirts With Short Inside For Women Skirt Corduroy Beige,$24.31 ,"https://ae-pic-a1.aliexpress-media.com/kf/Se69dba886d7d442294ab3cc61639d958Q.jpg_220x220q75.jpg_.avif,https://ae-pic-a1.aliexpress-media.com/kf/Se69dba886d7d442294ab3cc61639d958Q.jpg_220x220q75.jpg_.avif,https://ae-pic-a1.aliexpress-media.com/kf/S87f45f374b074959b5d1e26ad14f47ed0.jpg_220x220q75.jpg_.avif,https://ae-pic-a1.aliexpress-media.com/kf/Sc9b2bef83f5842248c1ab683819befe1b.jpg_220x220q75.jpg_.avif,https://ae-pic-a1.aliexpress-media.com/kf/S4e7420676863409985f6fa1e7a264612T.jpg_220x220q75.jpg_.avif","['Occasion', 'Office', 'High-concerned chemical', 'None', 'Release Date', 'Autumn 2025', 'Craft of Weaving', 'Tatting', 'Season', 'Autumn/Winter', 'is_customized', 'No', 'Fabric Type', 'synthetic fiber', 'Age', 'Middle Age', 'Place Of Origin', 'China (mainland)', 'Model Number', 'MY53012', 'Waistline', 'empire', 'Dresses Length', 'Above Knee , Mini', 'Decoration', 'Pockets', 'Silhouette', 'Straight', 'Pattern Type', 'Solid', 'Style', 'Casual', 'Material', 'corduroy', 'Gender', 'Women', 'Origin', 'Mainland China', 'Brand Name', 'streamgirl', 'Elasticity', 'Non Strech', 'CN', 'Shandong', 'Fit Type', 'Slim', '1', 'burgundy clothing woman', '2', 'office skirts woman', '3', 'navy blue skirt', '4', 'Corduroy skirt Navy Blue', '5', 'corduroy skirts mini women a line']",https://www.aliexpress.us/item/3256809771930533.html?algo_pvid=81ef0434-09db-4828-8727-0b1da7ae43fa&algo_exp_id=81ef0434-09db-4828-8727-0b1da7ae43fa-26&pdp_ext_f=%7B%22order%22%3A%22396%22%2C%22eval%22%3A%221%22%2C%22fromPage%22%3A%22search%22%7D&pdp_npi=6%40dis%21USD%2152.19%2121.81%21%21%2152.19%2121.81%21%40210123bc17729975019712071eb70a%2112000050689419079%21sea%21US%210%21ABX%211%210%21n_tag%3A-29910%3Bd%3A36285acf%3Bm03_new_user%3A-29895%3BpisId%3A5000000197847458&curPageLogUid=U1VZXKYjkt5i&utparam-url=scene%3Asearch%7Cquery_from%3A%7Cx_object_id%3A1005009958245285%7C_p_origin_prod%3A
Tutu Skirt For Women A-line Big Swing Multi-layered High Elastic Waist Fluffy Gauze Dancing Performance Short Pleated Skirt,$4.59 ,"https://ae-pic-a1.aliexpress-media.com/kf/S10320ba836f64043a2b9512ba5d1e32aH.jpg_220x220q75.jpg_.avif,https://ae-pic-a1.aliexpress-media.com/kf/Sa66f3d8f53a846a59d3337bf70cd1b4ag.jpg_220x220q75.jpg_.avif,https://ae-pic-a1.aliexpress-media.com/kf/S5ecd08ba3a4c4141a65e868e618fe591v.jpg_220x220q75.jpg_.avif,https://ae-pic-a1.aliexpress-media.com/kf/S27daa880860b41b7aaf50b69932148acx.jpg_220x220q75.jpg_.avif,https://ae-pic-a1.aliexpress-media.com/kf/Sf882d862c0a5474cb44ec9eb67f53cbdE.jpg_220x220q75.jpg_.avif","['Release Date', 'Summer 2024', 'Season', 'Summer', 'is_customized', 'No', 'Fabric Type', 'Blended', 'Age', 'Middle Age', 'Place Of Origin', 'China (mainland)', 'Model Number', 'None', 'Waistline', 'Natural', 'Dresses Length', 'Above Knee , Mini', 'Decoration', 'None', 'Silhouette', 'Ball Gown', 'Pattern Type', 'Solid', 'Style', 'Casual', 'Material', 'POLYESTER', 'Gender', 'Women', 'Origin', 'Mainland China', 'Brand Name', 'SANWOOD', 'Elasticity', 'Medium Strecth', 'CN', 'Guangdong', 'Fit Type', 'Regular Fit']",https://www.aliexpress.us/item/3256806634599089.html?algo_pvid=81ef0434-09db-4828-8727-0b1da7ae43fa&algo_exp_id=81ef0434-09db-4828-8727-0b1da7ae43fa-22&pdp_ext_f=%7B%22order%22%3A%22395%22%2C%22eval%22%3A%221%22%2C%22fromPage%22%3A%22search%22%7D&pdp_npi=6%40dis%21USD%219.18%214.59%21%21%2163.12%2131.56%21%40210123bc17729975019712071eb70a%2112000038412217914%21sea%21US%210%21ABX%211%210%21n_tag%3A-29910%3Bd%3A36285acf%3Bm03_new_user%3A-29895&curPageLogUid=x5kpchzVltSM&utparam-url=scene%3Asearch%7Cquery_from%3A%7Cx_object_id%3A1005006820913841%7C_p_origin_prod%3A
Skirts Womens Burlesque Corset Skirt High Waist Multilayer Lace Victorian Costumes Gothic Steampunk Skirt Matching Corset Black,$18.57 ,"https://ae-pic-a1.aliexpress-media.com/kf/H17ad9b5bfae54393b2e5697b2573dfb14.jpg_220x220q75.jpg_.avif,https://ae-pic-a1.aliexpress-media.com/kf/HTB19y7LVCzqK1RjSZFLq6An2XXa9.jpg_220x220q75.jpg_.avif,https://ae-pic-a1.aliexpress-media.com/kf/HTB1sW34VsfpK1RjSZFOq6y6nFXay.jpg_220x220q75.jpg_.avif,https://ae-pic-a1.aliexpress-media.com/kf/S91a10ebc2d114981a22ef3d0fedfd59eA.jpg_220x220q75.jpg_.avif,https://ae-pic-a1.aliexpress-media.com/kf/S603e045c960f4987bb585b6d8e96b067a.jpg_220x220q75.jpg_.avif","['Festival', 'Halloween', 'High-concerned chemical', 'None', 'Craft of Weaving', 'Knit', 'Season', 'All Season', 'Fabric Type', 'Lace', 'Age', 'Junior', 'Model Number', '7056', 'Waistline', 'Natural', 'Dresses Length', 'Above Knee , Mini', 'Decoration', 'Lace', 'Silhouette', 'Asymmetrical', 'Pattern Type', 'Solid', 'Style', 'Sexy & Club', 'Material', 'POLYESTER,Elastane', 'Gender', 'Women', 'Origin', 'Mainland China', 'Brand Name', 'Sapubonva', 'Elasticity', 'High Strecth', 'CN', 'Guangdong', 'Fit Type', 'Loose', 'color', 'black green brwon', 'size', 'plus size', 'plus size', 's m l xl 2xl 3xl 4xl 5xl 6xl']",https://www.aliexpress.us/item/2255800590275527.html?algo_pvid=81ef0434-09db-4828-8727-0b1da7ae43fa&algo_exp_id=81ef0434-09db-4828-8727-0b1da7ae43fa-27&pdp_ext_f=%7B%22order%22%3A%22393%22%2C%22eval%22%3A%221%22%2C%22fromPage%22%3A%22search%22%7D&pdp_npi=6%40dis%21USD%2132.02%2118.57%21%21%2132.02%2118.57%21%40210123bc17729975019712071eb70a%2110000007759677549%21sea%21US%210%21ABX%211%210%21n_tag%3A-29910%3Bd%3A36285acf%3Bm03_new_user%3A-29895&curPageLogUid=Mw4XmIRfFof1&utparam-url=scene%3Asearch%7Cquery_from%3A%7Cx_object_id%3A4000776590279%7C_p_origin_prod%3A
Sweet Lolita Style Cake Mini Skirts Japan Women Kawaii Cartoon Embroidery Bow Pleated Skirts Y2k Short Fairy Skirt Faldas Mujer,$22.89 ,"https://ae-pic-a1.aliexpress-media.com/kf/Sc9cb33cd86a1484c99da80a3dd759d8df.jpg?has_lang=1&ver=2_220x220q75.jpg_.avif,https://ae-pic-a1.aliexpress-media.com/kf/Sa61ba044bef64039b1cb79c6ee03bc1bd.jpg?has_lang=1&ver=2_220x220q75.jpg_.avif,https://ae-pic-a1.aliexpress-media.com/kf/Sbcad78268c2d4e5ebb970e7c249fc053U.jpg?has_lang=1&ver=2_220x220q75.jpg_.avif,https://ae-pic-a1.aliexpress-media.com/kf/Sb5dc880e009d4f1aaad2a37904c75091f.jpg?has_lang=1&ver=2_220x220q75.jpg_.avif,https://ae-pic-a1.aliexpress-media.com/kf/Sc0b2a3f395a84238be5998bb35ff86adc.jpg?has_lang=1&ver=2_220x220q75.jpg_.avif","['High-concerned chemical', 'None', 'Release Date', 'Autumn 2024', 'Craft of Weaving', 'Tatting', 'Season', 'All Season', 'is_customized', 'No', 'Fabric Type', 'Broadcloth', 'Age', 'Middle Age', 'Place Of Origin', 'China (mainland)', 'Model Number', 'Cake Mini Skirts', 'Waistline', 'empire', 'Dresses Length', 'Above Knee , Mini', 'Decoration', 'None', 'Silhouette', 'A-LINE', 'Pattern Type', 'Solid', 'Style', 'Japan Style', 'Material', 'POLYESTER', 'Gender', 'Women', 'Origin', 'Mainland China', 'Brand Name', 'UZSC', 'Elasticity', 'Non Strech', 'CN', 'Henan', 'Fit Type', 'Slim', 'Production location', 'Cake Mini Skirts', 'Product performance', 'Bow Pleated Skirts', 'Scope of use', 'Y2k Short Fairy Skirt', 'Cake Mini Skirts qualit', 'excellent']",https://www.aliexpress.us/item/3256808049530329.html?algo_pvid=81ef0434-09db-4828-8727-0b1da7ae43fa&algo_exp_id=81ef0434-09db-4828-8727-0b1da7ae43fa-28&pdp_ext_f=%7B%22order%22%3A%22390%22%2C%22eval%22%3A%221%22%2C%22fromPage%22%3A%22search%22%7D&pdp_npi=6%40dis%21USD%2135.22%2122.89%21%21%21242.06%21157.34%21%40210123bc17729975019712071eb70a%2112000044326522958%21sea%21US%210%21ABX%211%210%21n_tag%3A-29910%3Bd%3A36285acf%3Bm03_new_user%3A-29895&curPageLogUid=SVwOcP2iiyOz&utparam-url=scene%3Asearch%7Cquery_from%3A%7Cx_object_id%3A1005008235845081%7C_p_origin_prod%3A
Europe and the United States new high-waist pleated half skirt Spice girl bag buttock senior feeling female short skirt,$0.99 ,"https://ae-pic-a1.aliexpress-media.com/kf/S178cc60137c44ef4bb090aaa772d7d50f.jpg_220x220q75.jpg_.avif,https://ae-pic-a1.aliexpress-media.com/kf/S178cc60137c44ef4bb090aaa772d7d50f.jpg_220x220q75.jpg_.avif,https://ae-pic-a1.aliexpress-media.com/kf/Sa9bd86ea740244949017a3668b76337dy.jpg_220x220q75.jpg_.avif,https://ae-pic-a1.aliexpress-media.com/kf/Sc8d431efb7c04823bac384e73dcaae46o.jpg_220x220q75.jpg_.avif,https://ae-pic-a1.aliexpress-media.com/kf/Scb1c8d5ca9d0455da5923e4c3362790bJ.jpg_220x220q75.jpg_.avif","['High-concerned chemical', 'None', 'Release Date', 'Summer 2024', 'Craft of Weaving', 'Tatting', 'Season', 'Spring/Summer', 'is_customized', 'Yes', 'Fabric Type', 'Broadcloth', 'Age', 'Junior', 'Place Of Origin', 'China (mainland)', 'Waistline', 'Natural', 'Dresses Length', 'Above Knee , Mini', 'Decoration', 'Wave Cut', 'Silhouette', 'Pleated', 'Pattern Type', 'Solid', 'Style', 'Hotsweet', 'Material', 'POLYESTER,Elastane', 'Gender', 'Women', 'Origin', 'Mainland China', 'Elasticity', 'Slight Strech', 'CN', 'Guangdong', 'Fit Type', 'Slim']",https://www.aliexpress.us/item/3256807474504451.html?algo_pvid=81ef0434-09db-4828-8727-0b1da7ae43fa&algo_exp_id=81ef0434-09db-4828-8727-0b1da7ae43fa-29&pdp_ext_f=%7B%22order%22%3A%22390%22%2C%22eval%22%3A%221%22%2C%22fromPage%22%3A%22search%22%7D&pdp_npi=6%40dis%21USD%2111.15%210.99%21%21%2176.63%216.83%21%40210123bc17729975019712071eb70a%2112000041695523904%21sea%21US%210%21ABX%211%210%21n_tag%3A-29910%3Bd%3A36285acf%3Bm03_new_user%3A-29895%3BpisId%3A5000000197847475&curPageLogUid=gAxvqgJVGKBl&utparam-url=scene%3Asearch%7Cquery_from%3A%7Cx_object_id%3A1005007660819203%7C_p_origin_prod%3A
White Mini Skirts Women Lace Patchwork Sweet Ball Gown Sexy French Style Ruched Ruffled High Waist Summer Layered Romantic Gril,$11.86 ,"https://ae-pic-a1.aliexpress-media.com/kf/S0a555e680a5c4f4ca02d98e1b5eb7218H.jpg_220x220q75.jpg_.avif,https://ae-pic-a1.aliexpress-media.com/kf/Sb0f9119c6ea74ddc9b02a59ee115a4f1N.jpeg_220x220q75.jpeg_.avif,https://ae-pic-a1.aliexpress-media.com/kf/Sa5b88f1a508b4f0ea338fbe9e521cfe8L.jpg_220x220q75.jpg_.avif,https://ae-pic-a1.aliexpress-media.com/kf/S899feb4357294ddd9678531aaff9883bi.jpg_220x220q75.jpg_.avif,https://ae-pic-a1.aliexpress-media.com/kf/S237fa271195c4c02a083f122c92e06a4W.jpg_220x220q75.jpg_.avif","['Occasion', 'Night Out', 'Festival', 'Back to school season', 'High-concerned chemical', 'None', 'Release Date', 'Autumn 2025', 'Craft of Weaving', 'Tatting', 'Season', 'Spring/Summer', 'is_customized', 'No', 'Fabric Type', 'Broadcloth', 'Age', 'Junior', 'Place Of Origin', 'China (mainland)', 'Model Number', 'h341962', 'Waistline', 'Natural', 'Dresses Length', 'Above Knee , Mini', 'Decoration', 'Lace', 'Silhouette', 'Ball Gown', 'Pattern Type', 'Solid', 'Style', 'Lolita Style', 'Material', 'COTTON,POLYESTER', 'Gender', 'Women', 'Origin', 'Mainland China', 'Brand Name', 'Tyrosn', 'Elasticity', 'Slight Strech', 'CN', 'Guangdong', 'Fit Type', 'Regular Fit', 'Size', 'S M L', 'Color', 'white', 'Season', 'summer', 'Condition', 'daily', 'Model number', 'skirts women', 'Style', 'lolita', 'Department name', 'adults', 'Feature 1', 'sweet', 'Feature 2', 'all-match', 'Feature 3', 'college']",https://www.aliexpress.us/item/3256806446596516.html?algo_pvid=81ef0434-09db-4828-8727-0b1da7ae43fa&algo_exp_id=81ef0434-09db-4828-8727-0b1da7ae43fa-30&pdp_ext_f=%7B%22order%22%3A%22389%22%2C%22spu_best_type%22%3A%22price%22%2C%22eval%22%3A%221%22%2C%22fromPage%22%3A%22search%22%7D&pdp_npi=6%40dis%21USD%2122.37%2111.86%21%21%2122.37%2111.86%21%40210123bc17729975019712071eb70a%2112000037880866371%21sea%21US%210%21ABX%211%210%21n_tag%3A-29910%3Bd%3A36285acf%3Bm03_new_user%3A-29895&curPageLogUid=x3XqQ5QcLjQh&utparam-url=scene%3Asearch%7Cquery_from%3A%7Cx_object_id%3A1005006632911268%7C_p_origin_prod%3A
Autumn And Winter100% Pure Wool Skirt Women's Long Pocket Small A Skirt High Waist Slim Cashmere Knit A-Line Skirt,$19.74 ,"https://ae-pic-a1.aliexpress-media.com/kf/Sff954e10ccb046078f68d79842951e7ej.jpg_220x220q75.jpg_.avif,https://ae-pic-a1.aliexpress-media.com/kf/S872c49d583b9461f9e3e9e5bd6939bb2E.jpg_220x220q75.jpg_.avif,https://ae-pic-a1.aliexpress-media.com/kf/S06f023c902604c4dab7f45c9fd62244bu.jpg_220x220q75.jpg_.avif,https://ae-pic-a1.aliexpress-media.com/kf/Sa233c0209e844551a6d52927181475c7C.jpg?has_lang=1&ver=1_220x220q75.jpg_.avif,https://ae-pic-a1.aliexpress-media.com/kf/Scdbd17954e8e4194ab93264f01744a350.jpg_220x220q75.jpg_.avif","['High-concerned chemical', 'None', 'Craft of Weaving', 'Knit', 'Season', 'Autumn/Winter', 'is_customized', 'No', 'Fabric Type', 'Knitting', 'Age', 'Middle Age', 'Place Of Origin', 'China (mainland)', 'Model Number', 'JIANGSHAN', 'Waistline', 'Natural', 'Dresses Length', 'Knee-Length', 'Decoration', 'None', 'Silhouette', 'A-LINE', 'Pattern Type', 'Solid', 'Style', 'Casual', 'Material', 'Wool', 'Gender', 'Women', 'Origin', 'Mainland China', 'Elasticity', 'Slight Strech', 'CN', 'Hebei', 'Fit Type', 'Regular Fit']",https://www.aliexpress.us/item/3256805836324280.html?algo_pvid=81ef0434-09db-4828-8727-0b1da7ae43fa&algo_exp_id=81ef0434-09db-4828-8727-0b1da7ae43fa-31&pdp_ext_f=%7B%22order%22%3A%22387%22%2C%22spu_best_type%22%3A%22price%22%2C%22eval%22%3A%221%22%2C%22fromPage%22%3A%22search%22%7D&pdp_npi=6%40dis%21USD%2156.89%2116.74%21%21%21390.97%21115.03%21%40210123bc17729975019712071eb70a%2112000036024544691%21sea%21US%210%21ABX%211%210%21n_tag%3A-29910%3Bd%3A36285acf%3Bm03_new_user%3A-29895%3BpisId%3A5000000197847450&curPageLogUid=1panTk1kxhAy&utparam-url=scene%3Asearch%7Cquery_from%3A%7Cx_object_id%3A1005006022639032%7C_p_origin_prod%3A
Silver Sequin Skirt Woman High Waist Mini Skirt Woman Fashion Shiny Glitter Elegant Short Skirts For Women Y2k Skirts,$8.86 ,"https://ae-pic-a1.aliexpress-media.com/kf/S82784c45f82b420cb2cc22d7a993c0ccI.jpg_220x220q75.jpg_.avif,https://ae-pic-a1.aliexpress-media.com/kf/S00b1386c2c704c40ac9419e4209a3367T.jpg_220x220q75.jpg_.avif,https://ae-pic-a1.aliexpress-media.com/kf/S0bfe2eaf764140eb921201349397a141M.jpg_220x220q75.jpg_.avif,https://ae-pic-a1.aliexpress-media.com/kf/S3c456f5278194da0877907d18a4ecb0fS.jpg_220x220q75.jpg_.avif,https://ae-pic-a1.aliexpress-media.com/kf/S295daded2d844ddeb42029ba854f1b99T.jpg_220x220q75.jpg_.avif","['High-concerned chemical', 'None', 'Craft of Weaving', 'Tatting', 'Season', 'All Season', 'Fabric Type', 'Blended', 'Age', 'Middle Age', 'Place Of Origin', 'China (mainland)', 'Model Number', 'DF5253', 'Waistline', 'empire', 'Dresses Length', 'Above Knee , Mini', 'Decoration', 'Sequined', 'Silhouette', 'Straight', 'Pattern Type', 'Solid', 'Style', 'High Street', 'Material', 'POLYESTER', 'Gender', 'Women', 'Origin', 'Mainland China', 'Elasticity', 'Non Strech', 'CN', 'Guangdong', 'Fit Type', 'Regular Fit']",https://www.aliexpress.us/item/3256808450184755.html?algo_pvid=81ef0434-09db-4828-8727-0b1da7ae43fa&algo_exp_id=81ef0434-09db-4828-8727-0b1da7ae43fa-33&pdp_ext_f=%7B%22order%22%3A%22386%22%2C%22eval%22%3A%221%22%2C%22fromPage%22%3A%22search%22%7D&pdp_npi=6%40dis%21USD%2133.04%215.86%21%21%21227.09%2140.27%21%40210123bc17729975019712071eb70a%2112000046045899662%21sea%21US%210%21ABX%211%210%21n_tag%3A-29910%3Bd%3A36285acf%3Bm03_new_user%3A-29895%3BpisId%3A5000000197847450&curPageLogUid=RFRo5X7gSdWI&utparam-url=scene%3Asearch%7Cquery_from%3A%7Cx_object_id%3A1005008636499507%7C_p_origin_prod%3A
Women PU Leather Pleated Mini Skirt Lingerie Hot Outfit Clubwear 449B,$0.99 ,"https://ae-pic-a1.aliexpress-media.com/kf/Sd17ba05781d84afd909f4bf37bfd27eeZ.jpg_220x220q75.jpg_.avif,https://ae-pic-a1.aliexpress-media.com/kf/Se85b62476a4c4ebc8fb7894017495589A.jpg_220x220q75.jpg_.avif,https://ae-pic-a1.aliexpress-media.com/kf/S7b8ffd761a744ebcad1558adf42c93623.jpg_220x220q75.jpg_.avif,https://ae-pic-a1.aliexpress-media.com/kf/S98de7e514df14a0f830129ddb13b5b03h.jpg_220x220q75.jpg_.avif,https://ae-pic-a1.aliexpress-media.com/kf/Scf40d02644d840baae55f2e25eaad071m.jpg_220x220q75.jpg_.avif","['High-concerned chemical', 'None', 'Craft of Weaving', 'Knit', 'Season', 'All Season', 'is_customized', 'No', 'Fabric Type', 'Leather', 'Age', 'Junior', 'Place Of Origin', 'China (mainland)', 'Model Number', '449B6EE714169', 'Waistline', 'empire', 'Dresses Length', 'Above Knee , Mini', 'Decoration', 'None', 'Silhouette', 'A-LINE', 'Pattern Type', 'Solid', 'Style', 'Sexy & Club', 'Material', 'PU,Faux Leather', 'Gender', 'Women', 'Origin', 'Mainland China', 'Elasticity', 'Slight Strech', 'CN', 'Fujian', 'Fit Type', 'Slim', 'CN', 'FUJIAN']",https://www.aliexpress.us/item/3256807944415347.html?algo_pvid=81ef0434-09db-4828-8727-0b1da7ae43fa&algo_exp_id=81ef0434-09db-4828-8727-0b1da7ae43fa-34&pdp_ext_f=%7B%22order%22%3A%22386%22%2C%22eval%22%3A%221%22%2C%22fromPage%22%3A%22search%22%7D&pdp_npi=6%40dis%21USD%215.01%210.99%21%21%215.01%210.99%21%40210123bc17729975019712071eb70a%2112000043909556389%21sea%21US%210%21ABX%211%210%21n_tag%3A-29910%3Bd%3A36285acf%3Bm03_new_user%3A-29895%3BpisId%3A5000000198352206&curPageLogUid=fwag9vVbsiHW&utparam-url=scene%3Asearch%7Cquery_from%3A%7Cx_object_id%3A1005008130730099%7C_p_origin_prod%3A
Silver Sequin Skirt Woman High Waist Mini Skirt Woman Fashion Shiny Glitter Elegant Short Skirts For Women Y2k Skirts,$1.76 ,"https://ae-pic-a1.aliexpress-media.com/kf/S1663e25dcb6d419ea19d3158eaaab7d80.jpg?has_lang=1&ver=1_220x220q75.jpg_.avif,https://ae-pic-a1.aliexpress-media.com/kf/S03c6d92cfb8c4c8eab541c61fb48c6251.jpg_220x220q75.jpg_.avif,https://ae-pic-a1.aliexpress-media.com/kf/S2f547c86ab3540dd8e2f790533e166cet.jpg_220x220q75.jpg_.avif,https://ae-pic-a1.aliexpress-media.com/kf/Sc49107d3b3314f01a50d0c73c5afe4e63.jpg_220x220q75.jpg_.avif,https://ae-pic-a1.aliexpress-media.com/kf/S7725d1969767447690ed951a21a0219fT.jpg_220x220q75.jpg_.avif","['High-concerned chemical', 'None', 'Craft of Weaving', 'Tatting', 'Season', 'All Season', 'Fabric Type', 'Blended', 'Age', 'Middle Age', 'Place Of Origin', 'China (mainland)', 'Waistline', 'empire', 'Dresses Length', 'Above Knee , Mini', 'Decoration', 'Folds', 'Silhouette', 'Straight', 'Pattern Type', 'Solid', 'Style', 'High Street', 'Material', 'POLYESTER', 'Gender', 'Women', 'Origin', 'Mainland China', 'Elasticity', 'Medium Strecth', 'CN', 'Guangdong', 'Fit Type', 'Regular Fit']",https://www.aliexpress.us/item/3256809750489920.html?algo_pvid=81ef0434-09db-4828-8727-0b1da7ae43fa&algo_exp_id=81ef0434-09db-4828-8727-0b1da7ae43fa-35&pdp_ext_f=%7B%22order%22%3A%22385%22%2C%22eval%22%3A%221%22%2C%22fromPage%22%3A%22search%22%7D&pdp_npi=6%40dis%21USD%2119.04%211.76%21%21%21130.83%2112.07%21%40210123bc17729975019712071eb70a%2112000050624822913%21sea%21US%210%21ABX%211%210%21n_tag%3A-29910%3Bd%3A36285acf%3Bm03_new_user%3A-29895%3BpisId%3A5000000197847475&curPageLogUid=yAk4P4ySNnUi&utparam-url=scene%3Asearch%7Cquery_from%3A%7Cx_object_id%3A1005009936804672%7C_p_origin_prod%3A
"Women´s Casual Long Skirts, Solid Color Pleated Big Hem Elastic Waist Loose Fit Skirts, Simple Style Bottoms",$3.96 ,"https://ae-pic-a1.aliexpress-media.com/kf/S7bc3685f86a84719bc6b52e260bbe2b9A.jpg_220x220q75.jpg_.avif,https://ae-pic-a1.aliexpress-media.com/kf/S0cb644e717394ad98cf3aa8158b21c6ad.jpg_220x220q75.jpg_.avif,https://ae-pic-a1.aliexpress-media.com/kf/S206366e22e6844fb913fa4516916f441n.jpg_220x220q75.jpg_.avif,https://ae-pic-a1.aliexpress-media.com/kf/S8359de43903644319b32f9c4cdc5b438j.jpg_220x220q75.jpg_.avif,https://ae-pic-a1.aliexpress-media.com/kf/S5ad4dbb08b434ae0981131ec7c49eb35Q.jpg_220x220q75.jpg_.avif","['High-concerned chemical', 'None', 'Release Date', 'Summer 2024', 'Craft of Weaving', 'Tatting', 'Season', 'Summer', 'is_customized', 'No', 'Fabric Type', 'Broadcloth', 'Age', 'Middle Age', 'Place Of Origin', 'China (mainland)', 'Waistline', 'Natural', 'Dresses Length', 'Mid-Calf', 'Decoration', 'None', 'Silhouette', 'A-LINE', 'Pattern Type', 'Solid', 'Style', 'Casual', 'Material', 'COTTON', 'Gender', 'Women', 'Origin', 'Mainland China', 'Brand Name', 'Meihuida', 'Elasticity', 'Medium Strecth', 'Fit Type', 'Loose']",https://www.aliexpress.us/item/3256807626591073.html?algo_pvid=81ef0434-09db-4828-8727-0b1da7ae43fa&algo_exp_id=81ef0434-09db-4828-8727-0b1da7ae43fa-37&pdp_ext_f=%7B%22order%22%3A%22385%22%2C%22eval%22%3A%221%22%2C%22fromPage%22%3A%22search%22%7D&pdp_npi=6%40dis%21USD%2110.96%211.46%21%21%2175.36%2110.07%21%40210123bc17729975019712071eb70a%2112000042290780129%21sea%21US%210%21ABX%211%210%21n_tag%3A-29910%3Bd%3A36285acf%3Bm03_new_user%3A-29895%3BpisId%3A5000000197847458&curPageLogUid=3HKwSdjhERSi&utparam-url=scene%3Asearch%7Cquery_from%3A%7Cx_object_id%3A1005007812905825%7C_p_origin_prod%3A
Combhasaki Womens Summer Sexy Party Clubwear Shiny Sparkle Sequined Side Split Bowknot Tied Hollowed Low Waist Short Mini Skirts,$6.03 ,"https://ae-pic-a1.aliexpress-media.com/kf/Sbc6c783f210340648ea77b815aae20a7u.jpg_220x220q75.jpg_.avif,https://ae-pic-a1.aliexpress-media.com/kf/Sf94dccff024c484180029475f3eb9d0bu.jpg_220x220q75.jpg_.avif,https://ae-pic-a1.aliexpress-media.com/kf/S84ee7d238dbd467b936232fe7d7f5ab3a.jpg_220x220q75.jpg_.avif,https://ae-pic-a1.aliexpress-media.com/kf/S4fe42bff41fc4445a3507f188e5b0f5eh.jpg_220x220q75.jpg_.avif,https://ae-pic-a1.aliexpress-media.com/kf/Se7b4599ad90044fd8ad557b05352675e3.jpg_220x220q75.jpg_.avif","['High-concerned chemical', 'None', 'Release Date', 'Winter 2024', 'Craft of Weaving', 'Tatting', 'Season', 'Summer', 'is_customized', 'No', 'Fabric Type', 'Broadcloth', 'Age', 'Middle Age', 'Place Of Origin', 'China (mainland)', 'Model Number', 'Mini Skirts', 'Waistline', 'Dropped', 'Dresses Length', 'Above Knee , Mini', 'Decoration', 'Lace-Up', 'Silhouette', 'Pencil', 'Pattern Type', 'Solid', 'Style', 'High Street', 'Material', 'POLYESTER,Elastane', 'Gender', 'Women', 'Origin', 'Mainland China', 'Brand Name', 'Combhasaki', 'Elasticity', 'Slight Strech', 'CN', 'Guangdong,Guangdong', 'Fit Type', 'Regular Fit']",https://www.aliexpress.us/item/3256808274847307.html?algo_pvid=81ef0434-09db-4828-8727-0b1da7ae43fa&algo_exp_id=81ef0434-09db-4828-8727-0b1da7ae43fa-36&pdp_ext_f=%7B%22order%22%3A%22384%22%2C%22eval%22%3A%221%22%2C%22fromPage%22%3A%22search%22%7D&pdp_npi=6%40dis%21USD%2113.03%213.03%21%21%2189.57%2120.84%21%40210123bc17729975019712071eb70a%2112000045231648634%21sea%21US%210%21ABX%211%210%21n_tag%3A-29910%3Bd%3A36285acf%3Bm03_new_user%3A-29895%3BpisId%3A5000000197847450&curPageLogUid=vWM048HFeF9B&utparam-url=scene%3Asearch%7Cquery_from%3A%7Cx_object_id%3A1005008461162059%7C_p_origin_prod%3A
Fashion For Women Black Long Skirts High Waist Slim Seamless Elegant Ladies Gown Casual Summer 2024 New Female Maxi Skirts,$0.99 ,"https://ae-pic-a1.aliexpress-media.com/kf/S86337fd561564ef28e4414d409d62d18A.jpg_220x220q75.jpg_.avif,https://ae-pic-a1.aliexpress-media.com/kf/S86337fd561564ef28e4414d409d62d18A.jpg_220x220q75.jpg_.avif,https://ae-pic-a1.aliexpress-media.com/kf/S7176815d6bf043f388f91bda6c0c4dcfH.jpg_220x220q75.jpg_.avif,https://ae-pic-a1.aliexpress-media.com/kf/Sdc7d6f44cf4c4f71bd630329fa20774be.jpg_220x220q75.jpg_.avif,https://ae-pic-a1.aliexpress-media.com/kf/S496230e5b833476780e24ba3cc8a0dd9Y.jpg_220x220q75.jpg_.avif","['High-concerned chemical', 'None', 'Season', 'Autumn/Winter', 'is_customized', 'Yes', 'Fabric Type', 'Blended', 'Age', 'Middle Age', 'Place Of Origin', 'China (mainland)', 'Model Number', 'DF-1990', 'Waistline', 'Natural', 'Dresses Length', 'Ankle-Length', 'Decoration', 'None', 'Silhouette', 'Pencil', 'Pattern Type', 'Solid', 'Style', 'Casual', 'Material', 'COTTON,POLYESTER', 'Gender', 'Women', 'Origin', 'Mainland China', 'Brand Name', 'Dozw', 'Elasticity', 'Medium Strecth', 'CN', 'Zhejiang', 'Fit Type', 'Slim']",https://www.aliexpress.us/item/3256807535154738.html?algo_pvid=81ef0434-09db-4828-8727-0b1da7ae43fa&algo_exp_id=81ef0434-09db-4828-8727-0b1da7ae43fa-38&pdp_ext_f=%7B%22order%22%3A%22382%22%2C%22eval%22%3A%221%22%2C%22fromPage%22%3A%22search%22%7D&pdp_npi=6%40dis%21USD%2116.39%210.99%21%21%21112.62%216.78%21%40210123bc17729975019712071eb70a%2112000042536140390%21sea%21US%210%21ABX%211%210%21n_tag%3A-29910%3Bd%3A36285acf%3Bm03_new_user%3A-29895%3BpisId%3A5000000197847475&curPageLogUid=1VLgFXg9CApM&utparam-url=scene%3Asearch%7Cquery_from%3A%7Cx_object_id%3A1005007721469490%7C_p_origin_prod%3A
Femal Glossy Short Skirt Pleated Skirts Patent Leather Oily Shiny soft Miniskirt Dance A-Line Solid Color Skirt Erotic Clubwear,$1.34 ,"https://ae-pic-a1.aliexpress-media.com/kf/S95353b2396744186ab104257161b0087D.jpeg_220x220q75.jpeg_.avif,https://ae-pic-a1.aliexpress-media.com/kf/S95353b2396744186ab104257161b0087D.jpeg_220x220q75.jpeg_.avif,https://ae-pic-a1.aliexpress-media.com/kf/S8db1dcbb3074497eb65b0d0fb85258f8i.jpeg_220x220q75.jpeg_.avif,https://ae-pic-a1.aliexpress-media.com/kf/S35477a5c9baa4568996baf8b516f228c0.jpeg_220x220q75.jpeg_.avif,https://ae-pic-a1.aliexpress-media.com/kf/S9717d947d38345c59c97390b988d6dbeW.jpeg_220x220q75.jpeg_.avif","['High-concerned chemical', 'None', 'Craft of Weaving', 'Tatting', 'Season', 'Summer', 'is_customized', 'Yes', 'Fabric Type', 'Broadcloth', 'Age', 'Middle Age', 'Place Of Origin', 'China (mainland)', 'Waistline', 'Dropped', 'Dresses Length', 'Above Knee , Mini', 'Decoration', 'None', 'Silhouette', 'Pencil', 'Pattern Type', 'Solid', 'Style', 'Casual', 'Material', 'Leather', 'Gender', 'Women', 'Origin', 'Mainland China', 'Elasticity', 'Slight Strech', 'CN', 'Guangdong', 'Fit Type', 'Slim', 'Color', 'Oily Shiny', 'Slight Strech', 'Breathable', 'Lounge', 'Fashion', 'Lingerie', 'Underpants', 'Panties', 'calcinha']",https://www.aliexpress.us/item/3256807314958656.html?algo_pvid=81ef0434-09db-4828-8727-0b1da7ae43fa&algo_exp_id=81ef0434-09db-4828-8727-0b1da7ae43fa-39&pdp_ext_f=%7B%22order%22%3A%22381%22%2C%22eval%22%3A%221%22%2C%22fromPage%22%3A%22search%22%7D&pdp_npi=6%40dis%21USD%218.34%211.34%21%21%2157.35%219.24%21%40210123bc17729975019712071eb70a%2112000041041230212%21sea%21US%210%21ABX%211%210%21n_tag%3A-29910%3Bd%3A36285acf%3Bm03_new_user%3A-29895%3BpisId%3A5000000197847475&curPageLogUid=50rY1nbvNOMg&utparam-url=scene%3Asearch%7Cquery_from%3A%7Cx_object_id%3A1005007501273408%7C_p_origin_prod%3A
16 Colors Sexy Solid Zipper Orange Blue Black Red Bandage Skirt Women Elastic Bodycon Summer XL XXL Pencil Skirts 58cm,$14.06 ,"https://ae-pic-a1.aliexpress-media.com/kf/S7feb67ca8e014e238f08588a7977596e8.jpg_220x220q75.jpg_.avif,https://ae-pic-a1.aliexpress-media.com/kf/S7feb67ca8e014e238f08588a7977596e8.jpg_220x220q75.jpg_.avif,https://ae-pic-a1.aliexpress-media.com/kf/S3342ec3b2dfe49cb80607fed1f675a4fQ.jpg_220x220q75.jpg_.avif,https://ae-pic-a1.aliexpress-media.com/kf/Sd57f51b47fa946b3b0a6f2f6d33b74d8k.jpg_220x220q75.jpg_.avif,https://ae-pic-a1.aliexpress-media.com/kf/S3415018876984c1696f97d12ea4ad88bq.jpg_220x220q75.jpg_.avif","['High-concerned chemical', 'None', 'Craft of Weaving', 'Knit', 'Season', 'All Season', 'is_customized', 'No', 'Fabric Type', 'Knitted', 'Age', 'Middle Age', 'Place Of Origin', 'China (mainland)', 'Model Number', 'H888', 'Waistline', 'Natural', 'Dresses Length', 'Above Knee , Mini', 'Decoration', 'None', 'Silhouette', 'Pencil', 'Pattern Type', 'Solid', 'Style', 'Sexy & Club', 'Material', 'POLYESTER,Elastane', 'Gender', 'Women', 'Origin', 'Mainland China', 'Brand Name', 'swtao', 'Elasticity', 'Medium Strecth', 'CN', 'Guangdong', 'Fit Type', 'Slim', 'Length', '58CM', 'Closure Type', 'Zipper', 'Season', 'Summer', 'Thickness', 'Regular', 'Fit Type', 'Skinny']",https://www.aliexpress.us/item/2251832348109151.html?algo_pvid=81ef0434-09db-4828-8727-0b1da7ae43fa&algo_exp_id=81ef0434-09db-4828-8727-0b1da7ae43fa-40&pdp_ext_f=%7B%22order%22%3A%22381%22%2C%22eval%22%3A%221%22%2C%22fromPage%22%3A%22search%22%7D&pdp_npi=6%40dis%21USD%2121.06%2111.06%21%21%2121.06%2111.06%21%40210123bc17729975019712071eb70a%2167400627141%21sea%21US%210%21ABX%211%210%21n_tag%3A-29910%3Bd%3A36285acf%3Bm03_new_user%3A-29895%3BpisId%3A5000000197847450&curPageLogUid=aIs9NFSHwPTQ&utparam-url=scene%3Asearch%7Cquery_from%3A%7Cx_object_id%3A32534423903%7C_p_origin_prod%3A
Women's Elegant 16 Color High Waist Elastic Waist Linen Pleated Long Skirts Ladies Slim Casual Skirt Saias New 2024 Summer SK05,$5.35 ,"https://ae-pic-a1.aliexpress-media.com/kf/HTB1Vm4oajnuK1RkSmFPq6AuzFXaj.jpg_220x220q75.jpg_.avif,https://ae-pic-a1.aliexpress-media.com/kf/HTB1Vm4oajnuK1RkSmFPq6AuzFXaj.jpg_220x220q75.jpg_.avif,https://ae-pic-a1.aliexpress-media.com/kf/HTB1o.FfacfrK1RkSmLyq6xGApXaG.jpg_220x220q75.jpg_.avif,https://ae-pic-a1.aliexpress-media.com/kf/HTB1TGxhacfrK1RjSszcq6xGGFXa7.jpg_220x220q75.jpg_.avif,https://ae-pic-a1.aliexpress-media.com/kf/HTB1n2pjadjvK1RjSspiq6AEqXXaP.jpg_220x220q75.jpg_.avif","['High-concerned chemical', 'None', 'Craft of Weaving', 'Knit', 'Season', 'Spring/Summer', 'is_customized', 'No', 'Fabric Type', 'Cotton linen', 'Age', 'Middle Age', 'Place Of Origin', 'China (mainland)', 'Model Number', 'SK05', 'Waistline', 'empire', 'Dresses Length', 'Mid-Calf', 'Decoration', 'None', 'Silhouette', 'A-LINE', 'Pattern Type', 'Solid', 'Style', 'Casual', 'Material', 'COTTON,Linen', 'Gender', 'Women', 'Origin', 'Mainland China', 'Brand Name', 'Deturbg', 'Elasticity', 'Slight Strech', 'CN', 'Zhejiang', 'Fit Type', 'Regular Fit', 'Color', '16 Colors', 'Lining', 'Yes', 'Color Style', 'Natural Color']",https://www.aliexpress.us/item/2251832160902961.html?algo_pvid=81ef0434-09db-4828-8727-0b1da7ae43fa&algo_exp_id=81ef0434-09db-4828-8727-0b1da7ae43fa-41&pdp_ext_f=%7B%22order%22%3A%22381%22%2C%22eval%22%3A%221%22%2C%22fromPage%22%3A%22search%22%7D&pdp_npi=6%40dis%21USD%2112.35%212.35%21%21%2112.35%212.35%21%40210123bc17729975019712071eb70a%2165246834439%21sea%21US%210%21ABX%211%210%21n_tag%3A-29910%3Bd%3A36285acf%3Bm03_new_user%3A-29895%3BpisId%3A5000000197847450&curPageLogUid=zVVhojKdIAIg&utparam-url=scene%3Asearch%7Cquery_from%3A%7Cx_object_id%3A32347217713%7C_p_origin_prod%3A
KONDALA Sexy Party Sequined Mini Skirts Women's Hip Wrap Sequin Mini Skirts 2026 Spring Summer Fashion Dinner Date Ladies Skirts,$9.82 ,"https://ae-pic-a1.aliexpress-media.com/kf/S768f3a8784814b1daf3f8c159bb97bf4t.png?has_lang=1&ver=2_220x220.png_.avif,https://ae-pic-a1.aliexpress-media.com/kf/S768f3a8784814b1daf3f8c159bb97bf4t.png?has_lang=1&ver=2_220x220.png_.avif,https://ae-pic-a1.aliexpress-media.com/kf/Sb390afbbfee04b67996b157f9d9f0b32D.png?has_lang=1&ver=2_220x220.png_.avif,https://ae-pic-a1.aliexpress-media.com/kf/Sd24fb4baf1034ad098383f27411cc15b4.png?has_lang=1&ver=2_220x220.png_.avif,https://ae-pic-a1.aliexpress-media.com/kf/S9f3e04c896e54e7c85e4e06ffb45122fC.png?has_lang=1&ver=2_220x220.png_.avif","['Occasion', 'Party', 'Festival', ""Valentine's Day"", 'High-concerned chemical', 'None', 'Release Date', 'Winter 2025', 'Craft of Weaving', 'Tatting', 'Season', 'All Season', 'is_customized', 'No', 'Fabric Type', 'POLYESTER', 'Age', 'Middle Age', 'Place Of Origin', 'China (mainland)', 'Model Number', 'W12199980', 'Waistline', 'Natural', 'Dresses Length', 'Above Knee , Mini', 'Decoration', 'Sequined', 'Silhouette', 'A-LINE', 'Pattern Type', 'Solid', 'Style', 'Hotsweet', 'Material', 'POLYESTER', 'Gender', 'Women', 'Origin', 'Mainland China', 'Brand Name', 'KONDALA', 'Elasticity', 'Non Strech', 'CN', 'Jiangsu', 'Fit Type', 'Regular Fit']",https://www.aliexpress.us/item/3256810157607319.html?algo_pvid=81ef0434-09db-4828-8727-0b1da7ae43fa&algo_exp_id=81ef0434-09db-4828-8727-0b1da7ae43fa-42&pdp_ext_f=%7B%22order%22%3A%22380%22%2C%22spu_best_type%22%3A%22price%22%2C%22eval%22%3A%221%22%2C%22fromPage%22%3A%22search%22%7D&pdp_npi=6%40dis%21USD%2135.78%216.82%21%21%21245.90%2146.84%21%40210123bc17729975019712071eb70a%2112000052301395783%21sea%21US%210%21ABX%211%210%21n_tag%3A-29910%3Bd%3A36285acf%3Bm03_new_user%3A-29895%3BpisId%3A5000000197847450&curPageLogUid=atZ2hJY27niE&utparam-url=scene%3Asearch%7Cquery_from%3A%7Cx_object_id%3A1005010343922071%7C_p_origin_prod%3A
Women Black Gothic A-line Cake Skirt Vintage Y2k Skirt Aesthetic Harajuku Korean Elegant Kawaii Emo Skirts 2000s Trashy Clothes,$24.18 ,"https://ae-pic-a1.aliexpress-media.com/kf/S7f85ca22b125425e9bf56d63b1b9756fK.png_220x220.png_.avif,https://ae-pic-a1.aliexpress-media.com/kf/S7f85ca22b125425e9bf56d63b1b9756fK.png_220x220.png_.avif,https://ae-pic-a1.aliexpress-media.com/kf/S7d601ca9722a4346b9e689ac3dbaff7e3.jpg_220x220q75.jpg_.avif,https://ae-pic-a1.aliexpress-media.com/kf/S8a052af7202e482ebcf68a4827bcb12fT.jpg_220x220q75.jpg_.avif,https://ae-pic-a1.aliexpress-media.com/kf/S8daccd4e372e472ebab32cfb728cdb3bY.jpg?has_lang=1&ver=1_220x220q75.jpg_.avif","['High-concerned chemical', 'None', 'Craft of Weaving', 'Tatting', 'Season', 'Spring/Summer', 'is_customized', 'No', 'Fabric Type', 'Blended', 'Age', 'Junior', 'Place Of Origin', 'China (mainland)', 'Model Number', 'M078', 'Waistline', 'empire', 'Dresses Length', 'Above Knee , Mini', 'Decoration', 'Folds', 'Silhouette', 'Ball Gown', 'Pattern Type', 'Solid', 'Style', 'Lolita Style', 'Material', 'POLYESTER', 'Gender', 'Women', 'Origin', 'Mainland China', 'Brand Name', 'MODX', 'Elasticity', 'Non Strech', 'CN', 'Guangdong', 'Fit Type', 'Regular Fit']",https://www.aliexpress.us/item/3256807368198651.html?algo_pvid=81ef0434-09db-4828-8727-0b1da7ae43fa&algo_exp_id=81ef0434-09db-4828-8727-0b1da7ae43fa-44&pdp_ext_f=%7B%22order%22%3A%22380%22%2C%22spu_best_type%22%3A%22price%22%2C%22eval%22%3A%221%22%2C%22fromPage%22%3A%22search%22%7D&pdp_npi=6%40dis%21USD%2130.22%2114.18%21%21%21207.69%2197.42%21%40210123bc17729975019712071eb70a%2112000041274899735%21sea%21US%210%21ABX%211%210%21n_tag%3A-29910%3Bd%3A36285acf%3Bm03_new_user%3A-29895%3BpisId%3A5000000197847450&curPageLogUid=eUxSOMxHlhrJ&utparam-url=scene%3Asearch%7Cquery_from%3A%7Cx_object_id%3A1005007554513403%7C_p_origin_prod%3A
ZANZEA Women Satin Silk Black Long Skirts Elegant Luxury A-Line Party Jupe Femme Waist Zipper Oversized Bohemian Casual Dresses,$17.11 ,"https://ae-pic-a1.aliexpress-media.com/kf/S8330a6434d204967b4928582ad4b7303V.jpg?has_lang=1&ver=2_220x220q75.jpg_.avif,https://ae-pic-a1.aliexpress-media.com/kf/Sfc22057cb6ae46a483d234bbf000c8f0N.jpg?has_lang=1&ver=2_220x220q75.jpg_.avif,https://ae-pic-a1.aliexpress-media.com/kf/S3b7916e5ad4f4b8b93e85675fadbc866A.jpg?has_lang=1&ver=2_220x220q75.jpg_.avif,https://ae-pic-a1.aliexpress-media.com/kf/S6d04102a9ed8479ca1349b1d7a7d2031q.jpg?has_lang=1&ver=2_220x220q75.jpg_.avif,https://ae-pic-a1.aliexpress-media.com/kf/S2eff03b66bde4d829ff7bc653a7bb6751.jpg?has_lang=1&ver=2_220x220q75.jpg_.avif","['Occasion', 'Party', 'High-concerned chemical', 'None', 'Craft of Weaving', 'Tatting', 'Season', 'All Season', 'is_customized', 'No', 'Fabric Type', 'Satin', 'Age', 'Middle Age', 'Place Of Origin', 'China (mainland)', 'Model Number', 'Autumn Skirt', 'Waistline', 'empire', 'Dresses Length', 'Ankle-Length', 'Decoration', 'None', 'Silhouette', 'A-LINE', 'Pattern Type', 'Solid', 'Style', 'Office Lady', 'Material', 'POLYESTER', 'Gender', 'Women', 'Origin', 'Mainland China', 'Brand Name', 'ZANZEA', 'Elasticity', 'Non Strech', 'CN', 'Guangdong', 'Fit Type', 'Slim']",https://www.aliexpress.us/item/3256803904821168.html?algo_pvid=81ef0434-09db-4828-8727-0b1da7ae43fa&algo_exp_id=81ef0434-09db-4828-8727-0b1da7ae43fa-45&pdp_ext_f=%7B%22order%22%3A%22380%22%2C%22eval%22%3A%221%22%2C%22fromPage%22%3A%22search%22%7D&pdp_npi=6%40dis%21USD%2125.54%2117.11%21%21%2125.54%2117.11%21%40210123bc17729975019712071eb70a%2112000028000818766%21sea%21US%210%21ABX%211%210%21n_tag%3A-29910%3Bd%3A36285acf%3Bm03_new_user%3A-29895&curPageLogUid=JyQtIcREMOMp&utparam-url=scene%3Asearch%7Cquery_from%3A%7Cx_object_id%3A1005004091135920%7C_p_origin_prod%3A
Seoulish Vintage Polka Dot Satin Mermaid Skirts for Women 2026 New Spring Summer High Waist Casual Mid Length Women's Skirts,$10.87 ,"https://ae-pic-a1.aliexpress-media.com/kf/S61ac34123f1049aa862feb335310d23d9.jpg?has_lang=1&ver=1_220x220q75.jpg_.avif,https://ae-pic-a1.aliexpress-media.com/kf/S92b90147cbac4a8383d8c9691ad35e15B.jpg?has_lang=1&ver=1_220x220q75.jpg_.avif,https://ae-pic-a1.aliexpress-media.com/kf/S01d357002cb04d02927eb58710a183dbp.jpg?has_lang=1&ver=1_220x220q75.jpg_.avif,https://ae-pic-a1.aliexpress-media.com/kf/S62b04572f3a2416cab6b53fa8be2153bU.jpg?has_lang=1&ver=1_220x220q75.jpg_.avif,https://ae-pic-a1.aliexpress-media.com/kf/S48cd653cd8984be69fddc737151959f5g.jpg_220x220q75.jpg_.avif","['Occasion', 'Beach', 'High-concerned chemical', 'None', 'Release Date', 'Summer 2026', 'Craft of Weaving', 'Tatting', 'Season', 'Spring/Summer', 'is_customized', 'No', 'Fabric Type', 'Blended', 'Age', 'Middle Age', 'Place Of Origin', 'China (mainland)', 'Waistline', 'empire', 'Dresses Length', 'Knee-Length', 'Decoration', 'None', 'Silhouette', 'Trumpet / Mermaid', 'Pattern Type', 'Dot', 'Style', 'Casual', 'Material', 'POLYESTER,Lycra', 'Gender', 'Women', 'Origin', 'Mainland China', 'Brand Name', 'Seoulish', 'Elasticity', 'Non Strech', 'CN', 'Guangdong', 'Fit Type', 'Slim']",https://www.aliexpress.us/item/3256809773907011.html?algo_pvid=81ef0434-09db-4828-8727-0b1da7ae43fa&algo_exp_id=81ef0434-09db-4828-8727-0b1da7ae43fa-47&pdp_ext_f=%7B%22order%22%3A%22376%22%2C%22eval%22%3A%221%22%2C%22orig_sl_item_id%22%3A%221005009960221763%22%2C%22orig_item_id%22%3A%221005008641862865%22%2C%22fromPage%22%3A%22search%22%7D&pdp_npi=6%40dis%21USD%2137.23%218.37%21%21%21255.90%2157.54%21%40210123bc17729975019712071eb70a%2112000050697434922%21sea%21US%210%21ABX%211%210%21n_tag%3A-29910%3Bd%3A36285acf%3Bm03_new_user%3A-29895%3BpisId%3A5000000197847458&curPageLogUid=l6NK6uaZ9M5H&utparam-url=scene%3Asearch%7Cquery_from%3A%7Cx_object_id%3A1005009960221763%7C_p_origin_prod%3A1005008641862865
New Contrast Lace Plaid Pleated Skirt Vintage Sexy Skater Clothes Harajuku Gothic Punk England Style Y2k Skirt,$1.39 ,"https://ae-pic-a1.aliexpress-media.com/kf/Sb26a3ef2422f439a9d0136d0d8888936h.jpg_220x220q75.jpg_.avif,https://ae-pic-a1.aliexpress-media.com/kf/Sbc745902f5714b96abc0615089d8ecc5C.jpg_220x220q75.jpg_.avif,https://ae-pic-a1.aliexpress-media.com/kf/S3d2a7728a21e4137a6568cd18b8d4446D.jpg_220x220q75.jpg_.avif,https://ae-pic-a1.aliexpress-media.com/kf/S5ac66c9d2c9e4c479d3c918ab24ae0b12.jpg_220x220q75.jpg_.avif,https://ae-pic-a1.aliexpress-media.com/kf/S92bf4986f15c47399ddd442660b9a6c3f.jpg_220x220q75.jpg_.avif","['High-concerned chemical', 'None', 'Craft of Weaving', 'Tatting', 'Season', 'All Season', 'Fabric Type', 'TWILL', 'Age', 'Junior', 'Waistline', 'empire', 'Dresses Length', 'Above Knee , Mini', 'Decoration', 'Lace', 'Silhouette', 'A-LINE', 'Pattern Type', 'Plaid', 'Style', 'England Style', 'Material', 'POLYESTER', 'Gender', 'Women', 'Origin', 'Mainland China', 'Brand Name', 'CORLVON', 'Elasticity', 'Non Strech', 'CN', 'Hubei', 'Fit Type', 'Regular Fit']",https://www.aliexpress.us/item/3256806791258463.html?algo_pvid=81ef0434-09db-4828-8727-0b1da7ae43fa&algo_exp_id=81ef0434-09db-4828-8727-0b1da7ae43fa-48&pdp_ext_f=%7B%22order%22%3A%22376%22%2C%22eval%22%3A%221%22%2C%22fromPage%22%3A%22search%22%7D&pdp_npi=6%40dis%21USD%2116.65%211.39%21%21%21114.41%219.53%21%40210123bc17729975019712071eb70a%2112000038939418755%21sea%21US%210%21ABX%211%210%21n_tag%3A-29910%3Bd%3A36285acf%3Bm03_new_user%3A-29895%3BpisId%3A5000000197847475&curPageLogUid=Cz6WkruYSQfH&utparam-url=scene%3Asearch%7Cquery_from%3A%7Cx_object_id%3A1005006977573215%7C_p_origin_prod%3A
2025 Women Summer MIDI Skirts Fashion Print Side Zipper Female ELegant Street Skirt Clothing,$5.76 ,"https://ae-pic-a1.aliexpress-media.com/kf/S2ee4e30430284a91918db81eb1986b444.jpg_220x220q75.jpg_.avif,https://ae-pic-a1.aliexpress-media.com/kf/S6551a696639f4c379e8424dd7ce0def6U.jpg_220x220q75.jpg_.avif,https://ae-pic-a1.aliexpress-media.com/kf/Sf77124947e4f40a8a694d61c32bca0951.jpg_220x220q75.jpg_.avif,https://ae-pic-a1.aliexpress-media.com/kf/Sf50b5993a2d643528d052857eb5896940.jpg_220x220q75.jpg_.avif,https://ae-pic-a1.aliexpress-media.com/kf/S1a2c733f54d14ceb966c24b02525ae7df.jpg_220x220q75.jpg_.avif","['Occasion', 'Beach', 'Festival', 'Carnivals', 'High-concerned chemical', 'None', 'Release Date', 'Spring 2025', 'Craft of Weaving', 'Tatting', 'Season', 'Summer', 'is_customized', 'No', 'Fabric Type', 'Herringbone', 'Age', 'Middle Age', 'Place Of Origin', 'China (mainland)', 'Model Number', 'BB6316', 'Waistline', 'empire', 'Dresses Length', 'Mid-Calf', 'Decoration', 'None', 'Silhouette', 'A-LINE', 'Pattern Type', 'Print', 'Style', 'Vintage', 'Material', 'POLYESTER', 'Gender', 'Women', 'Origin', 'Mainland China', 'Brand Name', 'Kumsvag', 'Elasticity', 'Non Strech', 'CN', 'Jiangsu', 'Fit Type', 'Loose']",https://www.aliexpress.us/item/3256808633470640.html?algo_pvid=81ef0434-09db-4828-8727-0b1da7ae43fa&algo_exp_id=81ef0434-09db-4828-8727-0b1da7ae43fa-49&pdp_ext_f=%7B%22order%22%3A%22375%22%2C%22spu_best_type%22%3A%22price%22%2C%22eval%22%3A%221%22%2C%22fromPage%22%3A%22search%22%7D&pdp_npi=6%40dis%21USD%2125.52%212.76%21%21%21175.38%2118.96%21%40210123bc17729975019712071eb70a%2112000046806422665%21sea%21US%210%21ABX%211%210%21n_tag%3A-29910%3Bd%3A36285acf%3Bm03_new_user%3A-29895%3BpisId%3A5000000197847450&curPageLogUid=NyL1xDQtHg3t&utparam-url=scene%3Asearch%7Cquery_from%3A%7Cx_object_id%3A1005008819785392%7C_p_origin_prod%3A
Xpqbb Summer Denim Short Skirt for Women Sexy Slim High Wiast Wrap Hip Mini Skirts Woman Korean Chic Pockets Shorts Jeans Skirt,$3.80 ,"https://ae-pic-a1.aliexpress-media.com/kf/Sa97fd385b3c94961beb8703735e945c0F.jpg_220x220q75.jpg_.avif,https://ae-pic-a1.aliexpress-media.com/kf/S8deead75529c41048760676ea71d84a8D.jpg_220x220q75.jpg_.avif,https://ae-pic-a1.aliexpress-media.com/kf/S2de39b936cfd46c8b337fcb7a41e1421G.jpg_220x220q75.jpg_.avif,https://ae-pic-a1.aliexpress-media.com/kf/Sc8bd7c1274184342bd942101577ef127i.jpg_220x220q75.jpg_.avif,https://ae-pic-a1.aliexpress-media.com/kf/S360d86bb675b44608b316d0361a9bbe7K.jpg_220x220q75.jpg_.avif","['High-concerned chemical', 'None', 'Release Date', 'Summer 2024', 'Craft of Weaving', 'Tatting', 'Season', 'Summer', 'Fabric Type', 'Denim', 'Age', 'Junior', 'Place Of Origin', 'China (mainland)', 'Model Number', 'Y6742', 'Waistline', 'empire', 'Dresses Length', 'Above Knee , Mini', 'Decoration', 'Pockets', 'Silhouette', 'A-LINE', 'Pattern Type', 'Solid', 'Style', 'Office Lady', 'Material', 'COTTON,POLYESTER', 'Gender', 'Women', 'Origin', 'Mainland China', 'Brand Name', 'XPQBB', 'Elasticity', 'Medium Strecth', 'CN', 'Zhejiang', 'Fit Type', 'Slim']",https://www.aliexpress.us/item/3256806827818569.html?algo_pvid=81ef0434-09db-4828-8727-0b1da7ae43fa&algo_exp_id=81ef0434-09db-4828-8727-0b1da7ae43fa-51&pdp_ext_f=%7B%22order%22%3A%22374%22%2C%22spu_best_type%22%3A%22price%22%2C%22eval%22%3A%221%22%2C%22fromPage%22%3A%22search%22%7D&pdp_npi=6%40dis%21USD%2121.31%210.99%21%21%21146.47%216.80%21%40210123bc17729975019712071eb70a%2112000039071621411%21sea%21US%210%21ABX%211%210%21n_tag%3A-29910%3Bd%3A36285acf%3Bm03_new_user%3A-29895%3BpisId%3A5000000197847450&curPageLogUid=fxJBwZAwbjc8&utparam-url=scene%3Asearch%7Cquery_from%3A%7Cx_object_id%3A1005007014133321%7C_p_origin_prod%3A
Y2k Gothic Punk Black White Short Skirt Women Hot Chick Darkly Polka Dot Ruffle Cake Skirt Female Sweet Chic Lolita Lace Skirts,$0.99 ,"https://ae-pic-a1.aliexpress-media.com/kf/S091d67fc32dd41f9bdabb68556bbaddae.jpg_220x220q75.jpg_.avif,https://ae-pic-a1.aliexpress-media.com/kf/S80586c1a55af485a93a9608bf872a637J.jpg_220x220q75.jpg_.avif,https://ae-pic-a1.aliexpress-media.com/kf/S4977ac0acb86461882716e2a24a35dacA.jpg_220x220q75.jpg_.avif,https://ae-pic-a1.aliexpress-media.com/kf/S188fb855c58b49e4ade5fe47f127ce2fI.jpg_220x220q75.jpg_.avif,https://ae-pic-a1.aliexpress-media.com/kf/Sf3b01ec6b0ca4d3ab0d7d88f4bfb1c56Q.jpg?has_lang=1&ver=2_220x220q75.jpg_.avif","['High-concerned chemical', 'None', 'Release Date', 'Autumn 2024', 'Craft of Weaving', 'Tatting', 'Season', 'Spring/Summer', 'is_customized', 'No', 'Fabric Type', 'Blended', 'Age', 'Middle Age', 'Place Of Origin', 'China (mainland)', 'Model Number', 'HH03148', 'Waistline', 'empire', 'Dresses Length', 'Mid-Calf', 'Decoration', 'None', 'Silhouette', 'A-LINE', 'Pattern Type', 'Solid', 'Style', 'Casual', 'Material', 'POLYESTER', 'Gender', 'Women', 'Origin', 'Mainland China', 'Brand Name', 'Miss Tough', 'Elasticity', 'Non Strech', 'CN', 'Guangdong', 'Fit Type', 'Loose']",https://www.aliexpress.us/item/3256808295033068.html?algo_pvid=81ef0434-09db-4828-8727-0b1da7ae43fa&algo_exp_id=81ef0434-09db-4828-8727-0b1da7ae43fa-52&pdp_ext_f=%7B%22order%22%3A%22373%22%2C%22eval%22%3A%221%22%2C%22fromPage%22%3A%22search%22%7D&pdp_npi=6%40dis%21USD%215.93%210.99%21%21%215.93%210.99%21%40210123bc17729975019712071eb70a%2112000045338244586%21sea%21US%210%21ABX%211%210%21n_tag%3A-29910%3Bd%3A36285acf%3Bm03_new_user%3A-29895%3BpisId%3A5000000197847450&curPageLogUid=2xIvDEyxIt7O&utparam-url=scene%3Asearch%7Cquery_from%3A%7Cx_object_id%3A1005008481347820%7C_p_origin_prod%3A
Elegant Fashionable European Style Women's Midi Skirt With Satin Texture Versatile Solid Color Bright Light Sensation Long Dress,$13.32 ,"https://ae-pic-a1.aliexpress-media.com/kf/Sa5983fe8356c4bdb8127010a098e5205U.jpg_220x220q75.jpg_.avif,https://ae-pic-a1.aliexpress-media.com/kf/S151dcd58cd6f4743a1ac90657ea927eaf.jpg_220x220q75.jpg_.avif,https://ae-pic-a1.aliexpress-media.com/kf/Se9d59308684f4b9f9d75e08ed4d8cd34P.jpg?has_lang=1&ver=2_220x220q75.jpg_.avif,https://ae-pic-a1.aliexpress-media.com/kf/S20aeae8d83c14e0cb48a0a71b2e6f026X.jpg_220x220q75.jpg_.avif,https://ae-pic-a1.aliexpress-media.com/kf/S7d59633e08f64cd388c2af28e6598289r.jpg_220x220q75.jpg_.avif","['Season', 'All Season', 'Fabric Type', 'Satin,Simulated Silk', 'Decoration', 'None', 'Pattern Type', 'Other', 'Style', 'American Retro', 'Material', 'POLYESTER', 'Origin', 'Mainland China', 'Fit Type', 'Slim']",https://www.aliexpress.us/item/3256808318984116.html?algo_pvid=81ef0434-09db-4828-8727-0b1da7ae43fa&algo_exp_id=81ef0434-09db-4828-8727-0b1da7ae43fa-53&pdp_ext_f=%7B%22order%22%3A%22371%22%2C%22eval%22%3A%221%22%2C%22fromPage%22%3A%22search%22%7D&pdp_npi=6%40dis%21USD%2145.16%2110.32%21%21%2145.16%2110.32%21%40210123bc17729975019712071eb70a%2112000045464546213%21sea%21US%210%21ABX%211%210%21n_tag%3A-29910%3Bd%3A36285acf%3Bm03_new_user%3A-29895%3BpisId%3A5000000197847450&curPageLogUid=cdqr4KdqTlNG&utparam-url=scene%3Asearch%7Cquery_from%3A%7Cx_object_id%3A1005008505298868%7C_p_origin_prod%3A
2025 Chic Korea Clothes Summer Women Cute Sweet GIrl Floral Robe Holiday Date High Waist Retro Vintage One-Piece Lace-Up Skirts,$17.01 ,"https://ae-pic-a1.aliexpress-media.com/kf/S1967eb0de9744edd8dfec41dda302310Y.jpg_220x220q75.jpg_.avif,https://ae-pic-a1.aliexpress-media.com/kf/S1967eb0de9744edd8dfec41dda302310Y.jpg_220x220q75.jpg_.avif,https://ae-pic-a1.aliexpress-media.com/kf/S3fcb18a938c241a8b95d60af6c3fcb316.jpg_220x220q75.jpg_.avif,https://ae-pic-a1.aliexpress-media.com/kf/Sc66b0136b947461caa8756a6dd0edec8f.jpg_220x220q75.jpg_.avif,https://ae-pic-a1.aliexpress-media.com/kf/Scd1b4ab90fd24066a1a518e95afba354r.jpg_220x220q75.jpg_.avif","['Occasion', 'Beach', 'Festival', ""Valentine's Day"", 'High-concerned chemical', 'None', 'Craft of Weaving', 'Tatting', 'Season', 'Summer', 'is_customized', 'No', 'Fabric Type', 'Chiffon', 'Age', 'Junior', 'Place Of Origin', 'China (mainland)', 'Model Number', '9628', 'Waistline', 'empire', 'Dresses Length', 'Mid-Calf', 'Decoration', 'None', 'Silhouette', 'A-LINE', 'Pattern Type', 'Floral', 'Style', 'Preppy Style', 'Material', 'Microfiber,POLYESTER', 'Gender', 'Women', 'Origin', 'Mainland China', 'Brand Name', 'FLHJLWOC', 'Elasticity', 'Non Strech', 'CN', 'Guangdong', 'Fit Type', 'Regular Fit']",https://www.aliexpress.us/item/3256805579365075.html?algo_pvid=81ef0434-09db-4828-8727-0b1da7ae43fa&algo_exp_id=81ef0434-09db-4828-8727-0b1da7ae43fa-57&pdp_ext_f=%7B%22order%22%3A%22371%22%2C%22spu_best_type%22%3A%22price%22%2C%22eval%22%3A%221%22%2C%22fromPage%22%3A%22search%22%7D&pdp_npi=6%40dis%21USD%2120.74%2117.01%21%21%2120.74%2117.01%21%40210123bc17729975019712071eb70a%2112000034274625560%21sea%21US%210%21ABX%211%210%21n_tag%3A-29910%3Bd%3A36285acf%3Bm03_new_user%3A-29895&curPageLogUid=dYAhKUgXRtVB&utparam-url=scene%3Asearch%7Cquery_from%3A%7Cx_object_id%3A1005005765679827%7C_p_origin_prod%3A
BSAY Lace Asymmetry Satin Texture Skirt Women Fashion Autumn Winter New Solid Chic Female High Waist Elegant Skirts Mujer,$10.28 ,"https://ae-pic-a1.aliexpress-media.com/kf/Sebf6d41b699e40cdb3c126d79b7b5bbav.jpg?has_lang=1&ver=2_220x220q75.jpg_.avif,https://ae-pic-a1.aliexpress-media.com/kf/S53d9a38c958d490fa7cc469845de94d03.jpg_220x220q75.jpg_.avif,https://ae-pic-a1.aliexpress-media.com/kf/S79e940b9c8ed4a0abb5cf81ecb0764933.jpg_220x220q75.jpg_.avif,https://ae-pic-a1.aliexpress-media.com/kf/Sf6fc8af67cfd4a41bcc607c656bf2b07z.jpg_220x220q75.jpg_.avif,https://ae-pic-a1.aliexpress-media.com/kf/Sf3b1f9d4e1c9478881b88c785da22d70O.jpg_220x220q75.jpg_.avif","['Occasion', 'Party', 'Festival', 'Christmas', 'High-concerned chemical', 'None', 'Release Date', 'Autumn 2025', 'Craft of Weaving', 'Tatting', 'Season', 'Autumn/Winter', 'is_customized', 'No', 'Fabric Type', 'Broadcloth', 'Age', 'Middle Age', 'Place Of Origin', 'China (mainland)', 'Waistline', 'empire', 'Dresses Length', 'Mid-Calf', 'Decoration', 'None', 'Silhouette', 'Asymmetrical', 'Pattern Type', 'Solid', 'Style', 'Elegant fashion', 'Material', 'POLYESTER', 'Gender', 'Women', 'Origin', 'Mainland China', 'Brand Name', 'BSAY', 'Elasticity', 'Non Strech', 'CN', 'Guangdong', 'Fit Type', 'Regular Fit']",https://www.aliexpress.us/item/3256810520420817.html?algo_pvid=81ef0434-09db-4828-8727-0b1da7ae43fa&algo_exp_id=81ef0434-09db-4828-8727-0b1da7ae43fa-54&pdp_ext_f=%7B%22order%22%3A%22370%22%2C%22eval%22%3A%221%22%2C%22orig_sl_item_id%22%3A%221005010706735569%22%2C%22orig_item_id%22%3A%221005010423139568%22%2C%22fromPage%22%3A%22search%22%7D&pdp_npi=6%40dis%21USD%2134.56%217.78%21%21%21237.52%2153.47%21%40210123bc17729975019712071eb70a%2112000053253034628%21sea%21US%210%21ABX%211%210%21n_tag%3A-29910%3Bd%3A36285acf%3Bm03_new_user%3A-29895%3BpisId%3A5000000197847458&curPageLogUid=jMlb2bCnu6iG&utparam-url=scene%3Asearch%7Cquery_from%3A%7Cx_object_id%3A1005010706735569%7C_p_origin_prod%3A1005010423139568
Smvp 2024 Autumn Winter New Thicken Plush A-line Skirts Wowen Solid Casual High Waisted Long Skirt Ladies Lazy Style Midi Skirts,$11.62 ,"https://ae-pic-a1.aliexpress-media.com/kf/S5f68e64d81304e12b6f0d7a7edb478576.jpg_220x220q75.jpg_.avif,https://ae-pic-a1.aliexpress-media.com/kf/Sba39719511f14b4f8fe53a69cea81077W.jpg_220x220q75.jpg_.avif,https://ae-pic-a1.aliexpress-media.com/kf/Se00c12fd80ed46a987176075f4faf10cb.jpg_220x220q75.jpg_.avif,https://ae-pic-a1.aliexpress-media.com/kf/Sdc548cc3b6fc447281f1c03866c8c19cx.jpg_220x220q75.jpg_.avif,https://ae-pic-a1.aliexpress-media.com/kf/S9eda14cfb6194ba88e9e2172f3a05ce5R.jpg_220x220q75.jpg_.avif","['High-concerned chemical', 'None', 'Release Date', 'Autumn 2024', 'Craft of Weaving', 'Tatting', 'Season', 'Autumn/Winter', 'is_customized', 'No', 'Fabric Type', 'Blended', 'Age', 'Junior', 'Place Of Origin', 'China (mainland)', 'Model Number', 'B79', 'Waistline', 'empire', 'Dresses Length', 'Mid-Calf', 'Decoration', 'None', 'Silhouette', 'A-LINE', 'Pattern Type', 'Solid', 'Style', 'Casual', 'Material', 'COTTON,POLYESTER', 'Gender', 'Women', 'Origin', 'Mainland China', 'Brand Name', 'smvp', 'Elasticity', 'Medium Strecth', 'CN', 'Zhejiang', 'Fit Type', 'Loose', 'Brand Name', 'Smvp', 'CN', 'Zhejiang', 'color', 'black/grey/white', 'gender', 'women/woman/ladies/femme/female/mujer/lady', 'season', 'autumn/winter', 'clothes type', 'casual/korean/fashion/elegant/vintage/simple/wild/all-match', 'occasion', 'beach/street/outdoor/birthday/club/school', 'Size', 'S/M/L/XL/XXL', 'Thickness', 'thick']",https://www.aliexpress.us/item/3256807783027981.html?algo_pvid=81ef0434-09db-4828-8727-0b1da7ae43fa&algo_exp_id=81ef0434-09db-4828-8727-0b1da7ae43fa-55&pdp_ext_f=%7B%22order%22%3A%22370%22%2C%22spu_best_type%22%3A%22price%22%2C%22eval%22%3A%221%22%2C%22fromPage%22%3A%22search%22%7D&pdp_npi=6%40dis%21USD%2138.01%218.62%21%21%21261.26%2159.29%21%40210123bc17729975019712071eb70a%2112000043074556518%21sea%21US%210%21ABX%211%210%21n_tag%3A-29910%3Bd%3A36285acf%3Bm03_new_user%3A-29895%3BpisId%3A5000000197847450&curPageLogUid=02tql1GD2fLJ&utparam-url=scene%3Asearch%7Cquery_from%3A%7Cx_object_id%3A1005007969342733%7C_p_origin_prod%3A
Summer Autumn Skirts Womens Midi Knee Length Korean Elegant Button High Waist Skirt Female Pleated School Skirt,$1.35 ,"https://ae-pic-a1.aliexpress-media.com/kf/S4f6a1f69b271486cb76e3218166260b5d.jpg_220x220q75.jpg_.avif,https://ae-pic-a1.aliexpress-media.com/kf/S51bd025f3e1f41399e97854a16eb74cbC.jpg_220x220q75.jpg_.avif,https://ae-pic-a1.aliexpress-media.com/kf/Sac6dd69affd745c5887ae96d2f4e4036I.jpg_220x220q75.jpg_.avif,https://ae-pic-a1.aliexpress-media.com/kf/Sfba36b7ddd774d5d81454fedf445ee26O.jpg_220x220q75.jpg_.avif,https://ae-pic-a1.aliexpress-media.com/kf/S07bf29443901402f9dc540862c6f2045v.jpg_220x220q75.jpg_.avif","['High-concerned chemical', 'None', 'Craft of Weaving', 'Knit', 'Season', 'Summer', 'is_customized', 'Yes', 'Fabric Type', 'Broadcloth', 'Age', 'Middle Age', 'Place Of Origin', 'China (mainland)', 'Model Number', 'DF-188/cc', 'Waistline', 'empire', 'Dresses Length', 'Knee-Length', 'Decoration', 'Sashes', 'Silhouette', 'A-LINE', 'Pattern Type', 'Solid', 'Style', 'Casual', 'Material', 'COTTON,POLYESTER', 'Gender', 'Women', 'Origin', 'Mainland China', 'Brand Name', 'Dozw', 'Elasticity', 'Non Strech', 'CN', 'Zhejiang', 'Fit Type', 'Regular Fit']",https://www.aliexpress.us/item/3256806477679908.html?algo_pvid=81ef0434-09db-4828-8727-0b1da7ae43fa&algo_exp_id=81ef0434-09db-4828-8727-0b1da7ae43fa-56&pdp_ext_f=%7B%22order%22%3A%22369%22%2C%22eval%22%3A%221%22%2C%22fromPage%22%3A%22search%22%7D&pdp_npi=6%40dis%21USD%2117.39%211.35%21%21%21119.50%219.25%21%40210123bc17729975019712071eb70a%2112000038178241693%21sea%21US%210%21ABX%211%210%21n_tag%3A-29910%3Bd%3A36285acf%3Bm03_new_user%3A-29895%3BpisId%3A5000000197847475&curPageLogUid=9hD3leypmuzN&utparam-url=scene%3Asearch%7Cquery_from%3A%7Cx_object_id%3A1005006663994660%7C_p_origin_prod%3A
Women'S Stretch Yoga Skirt Printed Athletic Shorts Lightweight High Waisted Skirt With Pockets Women'S Simple Sports Skirt,$2.67 ,"https://ae-pic-a1.aliexpress-media.com/kf/S74820204186f433991b7e6a87bd993edo.jpg_220x220q75.jpg_.avif,https://ae-pic-a1.aliexpress-media.com/kf/S3af5eb059709407faced4650198fefb8d.jpg_220x220q75.jpg_.avif,https://ae-pic-a1.aliexpress-media.com/kf/S97969cc7cb2e45e79eb48e3e0325b18fL.jpg_220x220q75.jpg_.avif,https://ae-pic-a1.aliexpress-media.com/kf/Sc47538f97751413ba113d5e225b31667y.jpg_220x220q75.jpg_.avif,https://ae-pic-a1.aliexpress-media.com/kf/Sf47909b946364062b1138b4e924bffb0F.jpg_220x220q75.jpg_.avif","['High-concerned chemical', 'None', 'Release Date', 'Summer 2024', 'Craft of Weaving', 'Tatting', 'Season', 'Summer', 'is_customized', 'No', 'Fabric Type', 'Broadcloth', 'Age', 'Junior', 'Place Of Origin', 'China (mainland)', 'Model Number', '1', 'Waistline', 'Natural', 'Dresses Length', 'Above Knee , Mini', 'Decoration', 'Appliques', 'Silhouette', 'A-LINE', 'Pattern Type', 'Solid', 'Style', 'Casual', 'Material', 'Acetate', 'Gender', 'Women', 'Origin', 'Mainland China', 'Elasticity', 'High Strecth', 'CN', 'Guangdong', 'Fit Type', 'slim fit']",https://www.aliexpress.us/item/3256807163349600.html?algo_pvid=81ef0434-09db-4828-8727-0b1da7ae43fa&algo_exp_id=81ef0434-09db-4828-8727-0b1da7ae43fa-59&pdp_ext_f=%7B%22order%22%3A%22369%22%2C%22eval%22%3A%221%22%2C%22fromPage%22%3A%22search%22%7D&pdp_npi=6%40dis%21USD%2119.89%212.67%21%21%21136.73%2118.38%21%40210123bc17729975019712071eb70a%2112000040370186724%21sea%21US%210%21ABX%211%210%21n_tag%3A-29910%3Bd%3A36285acf%3Bm03_new_user%3A-29895%3BpisId%3A5000000197847475&curPageLogUid=KdpZIIZi5ody&utparam-url=scene%3Asearch%7Cquery_from%3A%7Cx_object_id%3A1005007349664352%7C_p_origin_prod%3A
FSLE College Style Gray Retro Pleated Skirt For Women Autumn 2025 New Arrival Commuter Officelady Chic Long Skirt 25FS13198,$41.27 ,"https://ae-pic-a1.aliexpress-media.com/kf/S97e9f824295a4fd1bb01b9c905b2050dn.jpg?has_lang=1&ver=2_220x220q75.jpg_.avif,https://ae-pic-a1.aliexpress-media.com/kf/S97e9f824295a4fd1bb01b9c905b2050dn.jpg?has_lang=1&ver=2_220x220q75.jpg_.avif,https://ae-pic-a1.aliexpress-media.com/kf/Seb6b7014cc8f4e059c2ca7de21b0e77do.jpg_220x220q75.jpg_.avif,https://ae-pic-a1.aliexpress-media.com/kf/Sb6d0cfb067684c9bb574fad73913e90bk.jpg?has_lang=1&ver=1_220x220q75.jpg_.avif,https://ae-pic-a1.aliexpress-media.com/kf/S004f0ab55e7742f791539f831ccae98eL.jpg_220x220q75.jpg_.avif","['High-concerned chemical', 'None', 'Release Date', 'Autumn 2025', 'Craft of Weaving', 'Tatting', 'Season', 'All Season', 'is_customized', 'No', 'Fabric Type', 'Blended', 'Age', 'Junior', 'Place Of Origin', 'China (mainland)', 'Model Number', '25FS13198', 'Waistline', 'Natural', 'Dresses Length', 'Ankle-Length', 'Decoration', 'None', 'Silhouette', 'A-LINE', 'Pattern Type', 'Solid', 'Style', 'Casual', 'Material', 'POLYESTER,Viscose', 'Gender', 'Women', 'Origin', 'Mainland China', 'Brand Name', 'FANSILANEN', 'Elasticity', 'Non Strech', 'CN', 'Zhejiang', 'Fit Type', 'Regular Fit', 'Material composition', '77.1% polyester 22.9% viscose', 'Care instruction', 'Hand wash and do not dry clean']",https://www.aliexpress.us/item/3256809423596051.html?algo_pvid=81ef0434-09db-4828-8727-0b1da7ae43fa&algo_exp_id=81ef0434-09db-4828-8727-0b1da7ae43fa-6&pdp_ext_f=%7B%22order%22%3A%22344%22%2C%22eval%22%3A%221%22%2C%22fromPage%22%3A%22search%22%7D&pdp_npi=6%40dis%21USD%2196.54%2138.27%21%21%2196.54%2138.27%21%40210123bc17729975019712071eb70a%2112000049625541120%21sea%21US%210%21ABX%211%210%21n_tag%3A-29910%3Bd%3A36285acf%3Bm03_new_user%3A-29895%3BpisId%3A5000000197847450&curPageLogUid=ONF02rVw2QHs&utparam-url=scene%3Asearch%7Cquery_from%3A%7Cx_object_id%3A1005009609910803%7C_p_origin_prod%3A
Mooyufon Women Fashion 2024 Spring New Satin Texture Bow Decoration Vintage Chic Female High Waist H Line Long Skirts Mujer,$9.94 ,"https://ae-pic-a1.aliexpress-media.com/kf/S37a5075c57cf4d2a8712f0a0829285b3T.jpg_220x220q75.jpg_.avif,https://ae-pic-a1.aliexpress-media.com/kf/S3611deee854d4862858ac5949adeafe09.jpg_220x220q75.jpg_.avif,https://ae-pic-a1.aliexpress-media.com/kf/Sa4c88a59088c46858b6c1689c5a96c64m.jpg_220x220q75.jpg_.avif,https://ae-pic-a1.aliexpress-media.com/kf/S3b4fca932f27482fb909bd5fd2ae321d0.jpg_220x220q75.jpg_.avif,https://ae-pic-a1.aliexpress-media.com/kf/S90c1575880dd41aba0cad14406f36637q.jpg_220x220q75.jpg_.avif","['High-concerned chemical', 'None', 'Release Date', 'Autumn 2024', 'Craft of Weaving', 'Tatting', 'Season', 'All Season', 'is_customized', 'No', 'Fabric Type', 'Broadcloth', 'Age', 'Middle Age', 'Place Of Origin', 'China (mainland)', 'Waistline', 'empire', 'Dresses Length', 'Mid-Calf', 'Decoration', 'None', 'Silhouette', 'Pencil', 'Pattern Type', 'Solid', 'Style', 'Casual', 'Material', 'POLYESTER', 'Gender', 'Women', 'Origin', 'Mainland China', 'Brand Name', 'Mooyufon', 'Elasticity', 'Slight Strech', 'CN', 'Guangdong', 'Fit Type', 'Regular Fit']",https://www.aliexpress.us/item/3256806796398868.html?algo_pvid=fd3419bb-1aa5-4df5-9b64-fb9dfb6ea2bc&algo_exp_id=fd3419bb-1aa5-4df5-9b64-fb9dfb6ea2bc-0&pdp_ext_f=%7B%22order%22%3A%2238990%22%2C%22eval%22%3A%221%22%2C%22orig_sl_item_id%22%3A%221005006982713620%22%2C%22orig_item_id%22%3A%221005007406716799%22%2C%22fromPage%22%3A%22search%22%7D&pdp_npi=6%40dis%21USD%2119.88%219.94%21%21%21136.60%2168.30%21%402101e80f17728189925825847e4ca4%2112000038935960894%21sea%21US%210%21ABX%211%210%21n_tag%3A-29910%3Bd%3A64b8815b%3Bm03_new_user%3A-29895&curPageLogUid=45OUIRs8mEdK&utparam-url=scene%3Asearch%7Cquery_from%3A%7Cx_object_id%3A1005006982713620%7C_p_origin_prod%3A1005007406716799
MUJER Woman 2025 Satin Skirt Women High Waist Long Skirts For Women Summer Black Midi Skirt Woman Office Elegant Women's Skirts,$0.99 ,"https://ae-pic-a1.aliexpress-media.com/kf/Sdd3bed6fd84c450998d2fe744db117c8g.jpg?has_lang=1&ver=2_220x220q75.jpg_.avif,https://ae-pic-a1.aliexpress-media.com/kf/Sc32666a325bd4a1a84dcb8a1ab84abf1b.jpg_220x220q75.jpg_.avif,https://ae-pic-a1.aliexpress-media.com/kf/Sce2c8c15db244d43aa95db8611889575W.jpg_220x220q75.jpg_.avif,https://ae-pic-a1.aliexpress-media.com/kf/S94287983f342461b8b416dc449907c253.jpg_220x220q75.jpg_.avif,https://ae-pic-a1.aliexpress-media.com/kf/S1ffd63acfa4947259c9e468b3af84501n.jpg_220x220q75.jpg_.avif","['High-concerned chemical', 'None', 'Release Date', 'Summer 2025', 'Craft of Weaving', 'Tatting', 'Season', 'All Season', 'is_customized', 'No', 'Fabric Type', 'Satin', 'Age', 'Middle Age', 'Place Of Origin', 'China (mainland)', 'Model Number', ""Women's skirt"", 'Waistline', 'empire', 'Dresses Length', 'Mid-Calf', 'Decoration', 'None', 'Silhouette', 'BUD', 'Pattern Type', 'Solid', 'Style', 'Office Lady', 'Material', 'POLYESTER', 'Gender', 'Women', 'Origin', 'Mainland China', 'Brand Name', 'MUJER', 'Elasticity', 'Non Strech', 'CN', 'Jiangsu', 'Fit Type', 'Regular Fit']",https://www.aliexpress.us/item/3256807454465840.html?algo_pvid=fd3419bb-1aa5-4df5-9b64-fb9dfb6ea2bc&algo_exp_id=fd3419bb-1aa5-4df5-9b64-fb9dfb6ea2bc-2&pdp_ext_f=%7B%22order%22%3A%2212907%22%2C%22eval%22%3A%221%22%2C%22fromPage%22%3A%22search%22%7D&pdp_npi=6%40dis%21USD%2121.56%210.99%21%21%21148.17%216.78%21%402101e80f17728189925825847e4ca4%2112000041610905663%21sea%21US%210%21ABX%211%210%21n_tag%3A-29910%3Bd%3A64b8815b%3Bm03_new_user%3A-29895%3BpisId%3A5000000197847458&curPageLogUid=qEVIaCAV3RAq&utparam-url=scene%3Asearch%7Cquery_from%3A%7Cx_object_id%3A1005007640780592%7C_p_origin_prod%3A
Women Girls Shirt Blouse Extender Adjustable Layering Faux Top Lower Sweep Mini Skirt False Hemline Splitting Underskirt,$3.47 ,"https://ae-pic-a1.aliexpress-media.com/kf/S2bc455e3ff9e4d898beb8b76a6321846W.jpg_220x220q75.jpg_.avif,https://ae-pic-a1.aliexpress-media.com/kf/Sf3eea493b6154ee69b7a1c115d5fe093g.jpg_220x220q75.jpg_.avif,https://ae-pic-a1.aliexpress-media.com/kf/Sc1f577dc1a7e4f469a574c69c1f0db81J.jpg_220x220q75.jpg_.avif,https://ae-pic-a1.aliexpress-media.com/kf/S35b24b70e46c4d25af19748e0d64d18eq.jpg_220x220q75.jpg_.avif,https://ae-pic-a1.aliexpress-media.com/kf/Sa59ea47eb6dd452a9ac61ade9b3810e2q.jpg_220x220q75.jpg_.avif","['High-concerned chemical', 'None', 'Craft of Weaving', 'Tatting', 'Season', 'All Season', 'Fabric Type', 'Blended', 'Age', 'Junior', 'Waistline', 'Natural', 'Dresses Length', 'Above Knee , Mini', 'Decoration', 'None', 'Silhouette', 'A-LINE', 'Pattern Type', 'Solid', 'Style', 'Casual', 'Material', 'POLYESTER', 'Gender', 'Women', 'Origin', 'Mainland China', 'Elasticity', 'Slight Strech', 'CN', 'Liaoning', 'Fit Type', 'Loose', 'CN', 'Zhejiang']",https://www.aliexpress.us/item/3256807353528004.html?algo_pvid=fd3419bb-1aa5-4df5-9b64-fb9dfb6ea2bc&algo_exp_id=fd3419bb-1aa5-4df5-9b64-fb9dfb6ea2bc-4&pdp_ext_f=%7B%22order%22%3A%229477%22%2C%22eval%22%3A%221%22%2C%22orig_sl_item_id%22%3A%221005007539842756%22%2C%22orig_item_id%22%3A%221005006235008594%22%2C%22fromPage%22%3A%22search%22%7D&pdp_npi=6%40dis%21USD%216.94%213.47%21%21%2147.70%2123.85%21%402101e80f17728189925825847e4ca4%2112000041212202463%21sea%21US%210%21ABX%211%210%21n_tag%3A-29910%3Bd%3A64b8815b%3Bm03_new_user%3A-29895&curPageLogUid=Iw231aID8hvH&utparam-url=scene%3Asearch%7Cquery_from%3A%7Cx_object_id%3A1005007539842756%7C_p_origin_prod%3A1005006235008594
Willshela 2024 Black Satin Skirt Woman High Waist Elegant Long Skirts For Women Fashion Summer Midi Skirt Office Women's Skirts,$2.38 ,"https://ae-pic-a1.aliexpress-media.com/kf/S6d1ac686998d4a0e82a8d7a78269ecbbx.jpg_220x220q75.jpg_.avif,https://ae-pic-a1.aliexpress-media.com/kf/Sc70ab6cdcc184423b0cebb340916e669P.jpg_220x220q75.jpg_.avif,https://ae-pic-a1.aliexpress-media.com/kf/S6c532a68ed074b7ea98bd5cde2db64bcz.jpg_220x220q75.jpg_.avif,https://ae-pic-a1.aliexpress-media.com/kf/Sf9d94ea604be40879febacdb78942c4cQ.jpg_220x220q75.jpg_.avif,https://ae-pic-a1.aliexpress-media.com/kf/Sdc9572e136d345b096bcf74ae4ae5bfdK.jpg_220x220q75.jpg_.avif","['High-concerned chemical', 'None', 'Release Date', 'Autumn 2024', 'Craft of Weaving', 'Tatting', 'Season', 'All Season', 'Fabric Type', 'Blended', 'Age', 'Junior', 'Place Of Origin', 'China (mainland)', 'Model Number', '9798XX35', 'Waistline', 'Natural', 'Dresses Length', 'Mid-Calf', 'Decoration', 'None', 'Silhouette', 'A-LINE', 'Pattern Type', 'Solid', 'Style', 'Casual', 'Material', 'POLYESTER', 'Gender', 'Women', 'Origin', 'Mainland China', 'Brand Name', 'Willshela', 'Elasticity', 'Non Strech', 'CN', 'Jiangsu', 'Fit Type', 'Regular Fit']",https://www.aliexpress.us/item/3256807908381548.html?algo_pvid=fd3419bb-1aa5-4df5-9b64-fb9dfb6ea2bc&algo_exp_id=fd3419bb-1aa5-4df5-9b64-fb9dfb6ea2bc-9&pdp_ext_f=%7B%22order%22%3A%226499%22%2C%22eval%22%3A%221%22%2C%22fromPage%22%3A%22search%22%7D&pdp_npi=6%40dis%21USD%2119.96%212.38%21%21%21137.17%2116.36%21%402101e80f17728189925825847e4ca4%2112000043699879959%21sea%21US%210%21ABX%211%210%21n_tag%3A-29910%3Bd%3A64b8815b%3Bm03_new_user%3A-29895%3BpisId%3A5000000197847475&curPageLogUid=bua3fYMcblvy&utparam-url=scene%3Asearch%7Cquery_from%3A%7Cx_object_id%3A1005008094696300%7C_p_origin_prod%3A
INS Blogger Lace Layered Gauze Skirt Y2k Streetwear Apron Wrap Skirt Lace Up Matching Pants Spicy Girl Stacked Y2k Wrap Skirt,$2.82 ,"https://ae-pic-a1.aliexpress-media.com/kf/S355f0e0f71574986a5724723adfadb6ft.jpg_220x220q75.jpg_.avif,https://ae-pic-a1.aliexpress-media.com/kf/S355f0e0f71574986a5724723adfadb6ft.jpg_220x220q75.jpg_.avif,https://ae-pic-a1.aliexpress-media.com/kf/Sd7894522d6f44bbf8c31c931619e72c3U.jpg_220x220q75.jpg_.avif,https://ae-pic-a1.aliexpress-media.com/kf/S3f4a54d0fd3f4c5997c5b9cfc2df62f6Q.jpg_220x220q75.jpg_.avif,https://ae-pic-a1.aliexpress-media.com/kf/See77fd5724a145e492c8c5ffa2a241f8J.jpg_220x220q75.jpg_.avif","['High-concerned chemical', 'None', 'Craft of Weaving', 'Tatting', 'Season', 'Spring/Summer', 'Fabric Type', 'Mesh', 'Age', 'Middle Age', 'Waistline', 'Natural', 'Dresses Length', 'Knee-Length', 'Decoration', 'Lace', 'Silhouette', 'A-LINE', 'Pattern Type', 'Floral', 'Style', 'Casual', 'Material', 'POLYESTER', 'Gender', 'Women', 'Origin', 'Mainland China', 'Elasticity', 'Slight Strech', 'CN', 'Zhejiang', 'Fit Type', 'Slim', 'CN', 'Zhejiang']",https://www.aliexpress.us/item/3256809857697980.html?algo_pvid=fd3419bb-1aa5-4df5-9b64-fb9dfb6ea2bc&algo_exp_id=fd3419bb-1aa5-4df5-9b64-fb9dfb6ea2bc-12&pdp_ext_f=%7B%22order%22%3A%226102%22%2C%22eval%22%3A%221%22%2C%22orig_sl_item_id%22%3A%221005010044012732%22%2C%22orig_item_id%22%3A%221005007254447532%22%2C%22fromPage%22%3A%22search%22%7D&pdp_npi=6%40dis%21USD%215.88%212.82%21%21%2140.44%2119.41%21%402101e80f17728189925825847e4ca4%2112000050930158351%21sea%21US%210%21ABX%211%210%21n_tag%3A-29910%3Bd%3A64b8815b%3Bm03_new_user%3A-29895&curPageLogUid=SpYmGBpIh1FQ&utparam-url=scene%3Asearch%7Cquery_from%3A%7Cx_object_id%3A1005010044012732%7C_p_origin_prod%3A1005007254447532
Vintage Gray Pleated Skirt Women Kawaii High Waist Mini Skirts Korean Fashion School Uniform Harajuku Streetwear Spring,$7.62 ,"https://ae-pic-a1.aliexpress-media.com/kf/S72eaa3fa6424478ea4cfdc20adaae9a9D.jpg_220x220q75.jpg_.avif,https://ae-pic-a1.aliexpress-media.com/kf/S564cc2236c1645a98bd97316e7ba5d86T.jpg_220x220q75.jpg_.avif,https://ae-pic-a1.aliexpress-media.com/kf/Sc8b937353e714f62bfa9238a489f4155d.jpg_220x220q75.jpg_.avif,https://ae-pic-a1.aliexpress-media.com/kf/Sacba1b7d966e429aa819e433d75b8821v.jpg_220x220q75.jpg_.avif,https://ae-pic-a1.aliexpress-media.com/kf/Sc464adcce05c46e09e64425175b52e9c8.jpg_220x220q75.jpg_.avif","['High-concerned chemical', 'None', 'Craft of Weaving', 'Tatting', 'Season', 'Summer', 'Fabric Type', 'Blended', 'Age', 'Junior', 'Waistline', 'empire', 'Dresses Length', 'Above Knee , Mini', 'Decoration', 'Zippers', 'Silhouette', 'A-LINE', 'Pattern Type', 'Solid', 'Style', 'Y2k', 'Material', 'POLYESTER', 'Gender', 'Women', 'Origin', 'Mainland China', 'Elasticity', 'Non Strech', 'CN', 'Guangdong', 'Fit Type', 'Slim']",https://www.aliexpress.us/item/3256806810367969.html?algo_pvid=fd3419bb-1aa5-4df5-9b64-fb9dfb6ea2bc&algo_exp_id=fd3419bb-1aa5-4df5-9b64-fb9dfb6ea2bc-15&pdp_ext_f=%7B%22order%22%3A%224990%22%2C%22eval%22%3A%221%22%2C%22orig_sl_item_id%22%3A%221005006996682721%22%2C%22orig_item_id%22%3A%221005010764456059%22%2C%22fromPage%22%3A%22search%22%7D&pdp_npi=6%40dis%21USD%2115.56%217.62%21%21%21106.96%2152.41%21%402101e80f17728189925825847e4ca4%2112000038989818349%21sea%21US%210%21ABX%211%210%21n_tag%3A-29910%3Bd%3A64b8815b%3Bm03_new_user%3A-29895&curPageLogUid=eQfbn3vHIFpZ&utparam-url=scene%3Asearch%7Cquery_from%3A%7Cx_object_id%3A1005006996682721%7C_p_origin_prod%3A1005010764456059
Spice girl pleated skirt female pure color small short skirt summer new Korean version JK college wind high waist mini skirt,$9.75 ,"https://ae-pic-a1.aliexpress-media.com/kf/Scb1b473379594878b18da59fb14dae5co.jpeg_220x220q75.jpeg_.avif,https://ae-pic-a1.aliexpress-media.com/kf/Sbe4d726a0ffd43ee904648857be787875.jpeg_220x220q75.jpeg_.avif,https://ae-pic-a1.aliexpress-media.com/kf/Sf58b1ce11c174fe6abae046eecaa7cc8Y.jpeg_220x220q75.jpeg_.avif,https://ae-pic-a1.aliexpress-media.com/kf/S27ed67cca0c7451fb7c26db7f94332068.jpeg_220x220q75.jpeg_.avif,https://ae-pic-a1.aliexpress-media.com/kf/Sc885a5738c2241e4b277f47678824d527.jpeg_220x220q75.jpeg_.avif","['High-concerned chemical', 'None', 'Craft of Weaving', 'Tatting', 'Season', 'Summer', 'Fabric Type', 'Broadcloth', 'Age', 'Junior', 'Place Of Origin', 'China (mainland)', 'Waistline', 'empire', 'Dresses Length', 'Above Knee , Mini', 'Decoration', 'None', 'Silhouette', 'A-LINE', 'Pattern Type', 'Solid', 'Style', 'Casual', 'Material', 'POLYESTER', 'Gender', 'Women', 'Origin', 'Mainland China', 'Elasticity', 'Non Strech', 'CN', 'Guangdong', 'Fit Type', 'Regular Fit']",https://www.aliexpress.us/item/3256806810013686.html?algo_pvid=fd3419bb-1aa5-4df5-9b64-fb9dfb6ea2bc&algo_exp_id=fd3419bb-1aa5-4df5-9b64-fb9dfb6ea2bc-18&pdp_ext_f=%7B%22order%22%3A%224800%22%2C%22eval%22%3A%221%22%2C%22orig_sl_item_id%22%3A%221005006996328438%22%2C%22orig_item_id%22%3A%221005009680552843%22%2C%22fromPage%22%3A%22search%22%7D&pdp_npi=6%40dis%21USD%2120.75%219.75%21%21%21142.62%2167.03%21%402101e80f17728189925825847e4ca4%2112000038988392038%21sea%21US%210%21ABX%211%210%21n_tag%3A-29910%3Bd%3A64b8815b%3Bm03_new_user%3A-29895&curPageLogUid=kuBI26xDaghO&utparam-url=scene%3Asearch%7Cquery_from%3A%7Cx_object_id%3A1005006996328438%7C_p_origin_prod%3A1005009680552843
Sexy Mini Skirt Women New Summer Black Fashion Zipper Partywear Casual Slim Pleated Skirt Elegant Versatile Sexy Female Skirt,$15.03 ,"https://ae-pic-a1.aliexpress-media.com/kf/Sc778a33d662c42f986a8f0a4f4a847bfr.jpg_220x220q75.jpg_.avif,https://ae-pic-a1.aliexpress-media.com/kf/S7ff26da08e924dd7ba0580c410a5b183h.jpg_220x220q75.jpg_.avif,https://ae-pic-a1.aliexpress-media.com/kf/Sb88b830bcb4645d484dc5be7811480d1p.jpg_220x220q75.jpg_.avif,https://ae-pic-a1.aliexpress-media.com/kf/S4fbd85e7ce8f4e3f84897eb840deeea6S.jpg_220x220q75.jpg_.avif,https://ae-pic-a1.aliexpress-media.com/kf/S5da109e0995b4d5cbdd51023b918ad04e.jpg_220x220q75.jpg_.avif","['High-concerned chemical', 'None', 'Craft of Weaving', 'Knit', 'Season', 'Summer', 'is_customized', 'Yes', 'Fabric Type', 'Broadcloth', 'Age', 'Middle Age', 'Place Of Origin', 'China (mainland)', 'Model Number', 'AC162', 'Waistline', 'Natural', 'Dresses Length', 'Above Knee , Mini', 'Decoration', 'Zippers', 'Silhouette', 'Pleated', 'Pattern Type', 'Solid', 'Style', 'Sexy & Club', 'Material', 'POLYESTER,Elastane', 'Gender', 'Women', 'Origin', 'Mainland China', 'Elasticity', 'Slight Strech', 'CN', 'Hebei', 'Fit Type', 'Regular Fit', 'Brand Name', 'VYTB', 'CN', 'Guangdong']",https://www.aliexpress.us/item/3256811371426586.html?algo_pvid=fd3419bb-1aa5-4df5-9b64-fb9dfb6ea2bc&algo_exp_id=fd3419bb-1aa5-4df5-9b64-fb9dfb6ea2bc-37&pdp_ext_f=%7B%22order%22%3A%224769%22%2C%22eval%22%3A%221%22%2C%22orig_sl_item_id%22%3A%221005011557741338%22%2C%22orig_item_id%22%3A%221005009844877662%22%2C%22fromPage%22%3A%22search%22%7D&pdp_npi=6%40dis%21USD%2150.06%2115.03%21%21%21344.06%21103.30%21%402101e80f17728189925825847e4ca4%2112000055916756794%21sea%21US%210%21ABX%211%210%21n_tag%3A-29910%3Bd%3A64b8815b%3Bm03_new_user%3A-29895%3BpisId%3A5000000197847450&curPageLogUid=9NWjP14LzsNM&utparam-url=scene%3Asearch%7Cquery_from%3A%7Cx_object_id%3A1005011557741338%7C_p_origin_prod%3A1005009844877662
Women Summer Vintage Tulle Skirt Adult Fancy Ballet Dancewear Party Costume Ball Gown Mini Skirt,$0.99 ,"https://ae-pic-a1.aliexpress-media.com/kf/S7f3bb83c848d4f1892a11d22fec699c4p.jpg_220x220q75.jpg_.avif,https://ae-pic-a1.aliexpress-media.com/kf/S7072550ab6624c9cacb6423abd52017ck.jpg_220x220q75.jpg_.avif,https://ae-pic-a1.aliexpress-media.com/kf/Sbf5018d2928e4968b2846c00e871d217u.jpg?has_lang=1&ver=1_220x220q75.jpg_.avif,https://ae-pic-a1.aliexpress-media.com/kf/S7549bc407e7e462ba682eb66f281e2dfn.jpg_220x220q75.jpg_.avif,https://ae-pic-a1.aliexpress-media.com/kf/S94e61ddf6828442bb674a97f450c316bT.jpg_220x220q75.jpg_.avif","['Season', 'All Season', 'Fabric Type', 'Mesh', 'Age', 'Middle Age', 'Waistline', 'empire', 'Dresses Length', 'Above Knee , Mini', 'Decoration', 'None', 'Silhouette', 'Ball Gown', 'Pattern Type', 'Solid', 'Style', 'Casual', 'Material', 'Mesh', 'Gender', 'Women', 'Origin', 'Mainland China', 'Elasticity', 'Slight Strech', 'CN', 'Guangdong', 'Fit Type', 'Loose']",https://www.aliexpress.us/item/3256803831401770.html?algo_pvid=fd3419bb-1aa5-4df5-9b64-fb9dfb6ea2bc&algo_exp_id=fd3419bb-1aa5-4df5-9b64-fb9dfb6ea2bc-21&pdp_ext_f=%7B%22order%22%3A%223922%22%2C%22spu_best_type%22%3A%22price%22%2C%22eval%22%3A%221%22%2C%22fromPage%22%3A%22search%22%7D&pdp_npi=6%40dis%21USD%213.96%210.99%21%21%213.96%210.99%21%402101e80f17728189925825847e4ca4%2112000027752941787%21sea%21US%210%21ABX%211%210%21n_tag%3A-29910%3Bd%3A64b8815b%3Bm03_new_user%3A-29895%3BpisId%3A5000000197847475&curPageLogUid=tSPvsQwMuCXS&utparam-url=scene%3Asearch%7Cquery_from%3A%7Cx_object_id%3A1005004017716522%7C_p_origin_prod%3A
American summer new camouflage multi pocket workwear pants loose spicy girl street casual low waisted short denim skirt pants,$16.72 ,"https://ae-pic-a1.aliexpress-media.com/kf/S83a2b24acdf846acade24170ab240109C.jpg_220x220q75.jpg_.avif,https://ae-pic-a1.aliexpress-media.com/kf/S5a1b4dc3dce84505b136e9b3a9d6d3aem.jpg_220x220q75.jpg_.avif,https://ae-pic-a1.aliexpress-media.com/kf/S1bb94d75ac454e11b4c265e4ec44504fi.jpg_220x220q75.jpg_.avif,https://ae-pic-a1.aliexpress-media.com/kf/S37f749a31154439da93a94f48a1d346ae.jpg_220x220q75.jpg_.avif,https://ae-pic-a1.aliexpress-media.com/kf/S9dc777e614e14abb8310549b5683b1144.jpg_220x220q75.jpg_.avif","['High-concerned chemical', 'None', 'Craft of Weaving', 'Tatting', 'Season', 'Spring/Summer', 'Fabric Type', 'Denim', 'Age', 'Junior', 'Waistline', 'Dropped', 'Dresses Length', 'Above Knee , Mini', 'Decoration', 'Pockets', 'Silhouette', 'Straight', 'Pattern Type', 'Tie Dye', 'Style', 'Casual', 'Material', 'Acetate,COTTON', 'Gender', 'Women', 'Origin', 'Mainland China', 'Elasticity', 'Slight Strech', 'CN', 'Hubei', 'Fit Type', 'Slim']",https://www.aliexpress.us/item/3256807606615614.html?algo_pvid=fd3419bb-1aa5-4df5-9b64-fb9dfb6ea2bc&algo_exp_id=fd3419bb-1aa5-4df5-9b64-fb9dfb6ea2bc-27&pdp_ext_f=%7B%22order%22%3A%223394%22%2C%22eval%22%3A%221%22%2C%22orig_sl_item_id%22%3A%221005007792930366%22%2C%22orig_item_id%22%3A%221005007311407391%22%2C%22fromPage%22%3A%22search%22%7D&pdp_npi=6%40dis%21USD%2133.43%2116.72%21%21%21229.74%21114.87%21%402101e80f17728189925825847e4ca4%2112000042220005090%21sea%21US%210%21ABX%211%210%21n_tag%3A-29910%3Bd%3A64b8815b%3Bm03_new_user%3A-29895&curPageLogUid=pCkeKLKV2pyH&utparam-url=scene%3Asearch%7Cquery_from%3A%7Cx_object_id%3A1005007792930366%7C_p_origin_prod%3A1005007311407391
2025 New Solid Color Skirt Women Summer Fashion Outdoor Versatile High Waist Slim Fit Elastic Waist Short Skirt Goods In Stock,$3.15 ,"https://ae-pic-a1.aliexpress-media.com/kf/Sa99492ec9a03430ab45e705932d23c10Z.jpg_220x220q75.jpg_.avif,https://ae-pic-a1.aliexpress-media.com/kf/Sa99492ec9a03430ab45e705932d23c10Z.jpg_220x220q75.jpg_.avif,https://ae-pic-a1.aliexpress-media.com/kf/S72cdd55e20a94a308ad2288b6891dc96V.jpg_220x220q75.jpg_.avif,https://ae-pic-a1.aliexpress-media.com/kf/S3217ffecc4434343a048109cbf7a41fdg.jpg_220x220q75.jpg_.avif,https://ae-pic-a1.aliexpress-media.com/kf/S34393b8cafad476eb3f54caf9ab8bed0k.jpg_220x220q75.jpg_.avif","['High-concerned chemical', 'None', 'Craft of Weaving', 'Knit', 'Season', 'All Season', 'Fabric Type', 'Blended', 'Age', 'Junior', 'Place Of Origin', 'China (mainland)', 'Model Number', '21140', 'Waistline', 'empire', 'Dresses Length', 'Above Knee , Mini', 'Decoration', 'Lace-Up', 'Silhouette', 'A-LINE', 'Pattern Type', 'Solid', 'Style', 'Casual', 'Material', 'POLYESTER,Elastane', 'Gender', 'Women', 'Origin', 'Mainland China', 'Brand Name', 'Cherry Aka', 'Elasticity', 'Slight Strech', 'CN', 'Guangdong', 'Fit Type', 'Slim']",https://www.aliexpress.us/item/3256808053661598.html?algo_pvid=fd3419bb-1aa5-4df5-9b64-fb9dfb6ea2bc&algo_exp_id=fd3419bb-1aa5-4df5-9b64-fb9dfb6ea2bc-29&pdp_ext_f=%7B%22order%22%3A%223361%22%2C%22eval%22%3A%221%22%2C%22fromPage%22%3A%22search%22%7D&pdp_npi=6%40dis%21USD%2110.15%213.15%21%21%2169.78%2121.67%21%402101e80f17728189925825847e4ca4%2112000047926068298%21sea%21US%210%21ABX%211%210%21n_tag%3A-29910%3Bd%3A64b8815b%3Bm03_new_user%3A-29895%3BpisId%3A5000000197847475&curPageLogUid=3Sr4alAsM9kf&utparam-url=scene%3Asearch%7Cquery_from%3A%7Cx_object_id%3A1005008239976350%7C_p_origin_prod%3A
HXAO Women's Skort High Waist Brown Skirt Pants Stylish Summer Pink Black Mini Skirt Shorts Asymmetric Casual Off White Skort,$1.19 ,"https://ae-pic-a1.aliexpress-media.com/kf/Sf31b306c7c5748c6ac655e646edfdaaaV.jpg?has_lang=1&ver=2_220x220q75.jpg_.avif,https://ae-pic-a1.aliexpress-media.com/kf/Sb70a2459a453412bb15a07d2d8eea105f.jpg?has_lang=1&ver=2_220x220q75.jpg_.avif,https://ae-pic-a1.aliexpress-media.com/kf/S18118f5e859c49859a86b0f5b5339ae6y.jpg_220x220q75.jpg_.avif,https://ae-pic-a1.aliexpress-media.com/kf/Sef3d4e35ec0a49aaa7ae39728a79f6164.jpg_220x220q75.jpg_.avif,https://ae-pic-a1.aliexpress-media.com/kf/Sa335a823e4754e6b9b3b8b2e8c4cebabq.jpg_220x220q75.jpg_.avif","['High-concerned chemical', 'None', 'Release Date', 'Summer 2024', 'Craft of Weaving', 'Tatting', 'Season', 'All Season', 'is_customized', 'No', 'Fabric Type', 'Blended', 'Age', 'Middle Age', 'Place Of Origin', 'China (mainland)', 'Model Number', 'LY7112', 'Waistline', 'empire', 'Dresses Length', 'Above Knee , Mini', 'Decoration', 'None', 'Silhouette', 'Straight', 'Pattern Type', 'Solid', 'Style', 'High Street', 'Material', 'POLYESTER', 'Gender', 'Women', 'Origin', 'Mainland China', 'Brand Name', 'HXAO', 'Elasticity', 'Slight Strech', 'CN', 'Jiangsu', 'Fit Type', 'Regular Fit']",https://www.aliexpress.us/item/3256807742322104.html?algo_pvid=fd3419bb-1aa5-4df5-9b64-fb9dfb6ea2bc&algo_exp_id=fd3419bb-1aa5-4df5-9b64-fb9dfb6ea2bc-30&pdp_ext_f=%7B%22order%22%3A%223258%22%2C%22eval%22%3A%221%22%2C%22fromPage%22%3A%22search%22%7D&pdp_npi=6%40dis%21USD%2116.39%211.19%21%21%21112.67%218.22%21%402101e80f17728189925825847e4ca4%2112000042897724790%21sea%21US%210%21ABX%211%210%21n_tag%3A-29910%3Bd%3A64b8815b%3Bm03_new_user%3A-29895%3BpisId%3A5000000197847475&curPageLogUid=3xZF1TN74p0q&utparam-url=scene%3Asearch%7Cquery_from%3A%7Cx_object_id%3A1005007928636856%7C_p_origin_prod%3A
KONDALA 2026 Spring Summer Women Casual Tierred Mini Skirts Fashion Vintage Valentine‘s Day Ruffles Pleated Sexy Shorts Skirts,$14.50 ,"https://ae-pic-a1.aliexpress-media.com/kf/S4feaa81da53c4f84a2f7b184db469f53S.png?has_lang=1&ver=1_220x220.png_.avif,https://ae-pic-a1.aliexpress-media.com/kf/Sb14073ebcf2d439a918c4538e8a0e7f9z.png?has_lang=1&ver=1_220x220.png_.avif,https://ae-pic-a1.aliexpress-media.com/kf/S067f7cb6a774461b8f36c7be4933c29a6.png?has_lang=1&ver=1_220x220.png_.avif,https://ae-pic-a1.aliexpress-media.com/kf/S80cc6963882149e9a1275b3eb74a06d9H.png?has_lang=1&ver=1_220x220.png_.avif,https://ae-pic-a1.aliexpress-media.com/kf/S2fb4e6d6efd3445cabfc467e6ae0bb97c.png?has_lang=1&ver=1_220x220.png_.avif","['High-concerned chemical', 'None', 'Release Date', 'Autumn 2025', 'Craft of Weaving', 'Non-Woven', 'Season', 'All Season', 'is_customized', 'No', 'Fabric Type', 'Poplin', 'Age', 'Middle Age', 'Place Of Origin', 'China (mainland)', 'Model Number', 'F1103-8409', 'Waistline', 'Natural', 'Dresses Length', 'Above Knee , Mini', 'Decoration', 'Tierred', 'Silhouette', 'Straight', 'Pattern Type', 'Solid', 'Style', 'Casual', 'Material', 'POLYESTER', 'Gender', 'Women', 'Origin', 'Mainland China', 'Brand Name', 'KONDALA', 'Elasticity', 'Non Strech', 'CN', 'Jiangsu', 'Fit Type', 'Regular Fit']",https://www.aliexpress.us/item/3256807670798831.html?algo_pvid=fd3419bb-1aa5-4df5-9b64-fb9dfb6ea2bc&algo_exp_id=fd3419bb-1aa5-4df5-9b64-fb9dfb6ea2bc-36&pdp_ext_f=%7B%22order%22%3A%223018%22%2C%22eval%22%3A%221%22%2C%22orig_sl_item_id%22%3A%221005007857113583%22%2C%22orig_item_id%22%3A%221005006199835096%22%2C%22fromPage%22%3A%22search%22%7D&pdp_npi=6%40dis%21USD%2130.85%2114.50%21%21%21212.02%2199.65%21%402101e80f17728189925825847e4ca4%2112000042560417847%21sea%21US%210%21ABX%211%210%21n_tag%3A-29910%3Bd%3A64b8815b%3Bm03_new_user%3A-29895&curPageLogUid=0k6x4AhbCsQ4&utparam-url=scene%3Asearch%7Cquery_from%3A%7Cx_object_id%3A1005007857113583%7C_p_origin_prod%3A1005006199835096
Women Girls Shirt Blouse Extender Adjustable Layering Faux Top Lower Sweep Mini Skirt False Hemline Splitting Underskirt,$0.99 ,"https://ae-pic-a1.aliexpress-media.com/kf/S2bc455e3ff9e4d898beb8b76a6321846W.jpg_220x220q75.jpg_.avif,https://ae-pic-a1.aliexpress-media.com/kf/Sf3eea493b6154ee69b7a1c115d5fe093g.jpg_220x220q75.jpg_.avif,https://ae-pic-a1.aliexpress-media.com/kf/Sc1f577dc1a7e4f469a574c69c1f0db81J.jpg_220x220q75.jpg_.avif,https://ae-pic-a1.aliexpress-media.com/kf/S35b24b70e46c4d25af19748e0d64d18eq.jpg_220x220q75.jpg_.avif,https://ae-pic-a1.aliexpress-media.com/kf/Sa59ea47eb6dd452a9ac61ade9b3810e2q.jpg_220x220q75.jpg_.avif","['High-concerned chemical', 'None', 'Craft of Weaving', 'Tatting', 'Season', 'All Season', 'Fabric Type', 'Blended', 'Age', 'Junior', 'Waistline', 'Natural', 'Dresses Length', 'Above Knee , Mini', 'Decoration', 'None', 'Silhouette', 'A-LINE', 'Pattern Type', 'Solid', 'Style', 'Casual', 'Material', 'POLYESTER', 'Gender', 'Women', 'Origin', 'Mainland China', 'Elasticity', 'Slight Strech', 'CN', 'Liaoning', 'Fit Type', 'Loose', 'CN', 'Zhejiang']",https://www.aliexpress.us/item/3256806048693842.html?algo_pvid=fd3419bb-1aa5-4df5-9b64-fb9dfb6ea2bc&algo_exp_id=fd3419bb-1aa5-4df5-9b64-fb9dfb6ea2bc-41&pdp_ext_f=%7B%22order%22%3A%222692%22%2C%22eval%22%3A%221%22%2C%22fromPage%22%3A%22search%22%7D&pdp_npi=6%40dis%21USD%217.07%210.99%21%21%2148.57%216.75%21%402101e80f17728189925825847e4ca4%2112000036404228292%21sea%21US%210%21ABX%211%210%21n_tag%3A-29910%3Bd%3A64b8815b%3Bm03_new_user%3A-29895%3BpisId%3A5000000197847475&curPageLogUid=MwDvzDUpZcLI&utparam-url=scene%3Asearch%7Cquery_from%3A%7Cx_object_id%3A1005006235008594%7C_p_origin_prod%3A
Ultrashort Jk Skirts Plaid Cosplay Costume Skirt Japanese Style Summer Schoolgirl Pleated Skirts Vintage Sexy Clubwear Skirt,$0.99 ,"https://ae-pic-a1.aliexpress-media.com/kf/S0147d3896c4641588991f8c3d8ae7582S.jpg_220x220q75.jpg_.avif,https://ae-pic-a1.aliexpress-media.com/kf/S0147d3896c4641588991f8c3d8ae7582S.jpg_220x220q75.jpg_.avif,https://ae-pic-a1.aliexpress-media.com/kf/S90e1db55bc944d3da5b996944102f6d7K.jpg_220x220q75.jpg_.avif,https://ae-pic-a1.aliexpress-media.com/kf/Sfbd23084eefe4808bd622303b246aaf4Q.jpg_220x220q75.jpg_.avif,https://ae-pic-a1.aliexpress-media.com/kf/Se93f8ae3fef5433d80eaad1311fbb1f8a.jpg_220x220q75.jpg_.avif","['High-concerned chemical', 'None', 'Craft of Weaving', 'Tatting', 'Season', 'All Season', 'Fabric Type', 'Mesh', 'Age', 'Junior', 'Place Of Origin', 'China (mainland)', 'Model Number', '1', 'Waistline', 'Dropped', 'Dresses Length', 'Above Knee , Mini', 'Decoration', 'Shirring', 'Silhouette', 'Pleated', 'Pattern Type', 'Plaid', 'Style', 'Japan Style', 'Material', 'COTTON,POLYESTER', 'Gender', 'Women', 'Origin', 'Mainland China', 'Brand Name', 'YJSFG HOUSE', 'Elasticity', 'Non Strech', 'CN', 'Zhejiang', 'Fit Type', 'Slim', 'Type 1', 'Skirts', 'Type 2', ""women's clothing summer 2024 skirt sexy"", 'Type 3', 'Ultrashort Jk Skirts', 'Type 4', 'Plaid Cosplay Costume Skirt', 'Type 5', 'Japanese Style Summer Schoolgirl Pleated Skirts', 'Type 6', 'Vintage Sexy Clubwear Skirt', 'Type 7', 'Women Sexy Low Rise A-line Short Jk Skirts', 'Type 8', 'Summer Schoolgirl Plaid Pleated Skirt', 'Type 9', 'Vintage Short Skirt', 'Type 10', 'Cosplay Costume Skirts', 'Type 11', 'Role Play Women Anime Student Uniform Skirts', 'Type 12', 'School Girl Classic Black White Plaid Pleated Skirt', 'Type 13', 'College Clothes Outfits Costumes', 'Type 14', 'Sexy Short Student JK Pleated Skirt', 'Type 15', 'Summer Mini skirts for woman', 'Type 16', 'vintage korean fashion plaid skirts', 'Type 17', 'plaid skirts for women y2k skirts', 'Type 18', 'pleated red plaid skirts preppy style', 'Type 19', 'Women Summer Preppy Style Plaid Pleated Skirt', 'Type 20', 'School Uniform Anti Glare JK Skirt', 'Type 21', 'Harajuku High Waist A-line Skirt', 'Type 22', 'Y2k Pleated Skirts Korean Fashion Tennis Skirts Harajuku']",https://www.aliexpress.us/item/3256806675414059.html?algo_pvid=fd3419bb-1aa5-4df5-9b64-fb9dfb6ea2bc&algo_exp_id=fd3419bb-1aa5-4df5-9b64-fb9dfb6ea2bc-42&pdp_ext_f=%7B%22order%22%3A%222659%22%2C%22eval%22%3A%221%22%2C%22fromPage%22%3A%22search%22%7D&pdp_npi=6%40dis%21USD%214.90%210.99%21%21%214.90%210.99%21%402101e80f17728189925825847e4ca4%2112000038546087583%21sea%21US%210%21ABX%211%210%21n_tag%3A-29910%3Bd%3A64b8815b%3Bm03_new_user%3A-29895%3BpisId%3A5000000198352206&curPageLogUid=kUx4mRthiLtU&utparam-url=scene%3Asearch%7Cquery_from%3A%7Cx_object_id%3A1005006861728811%7C_p_origin_prod%3A
Women Y2K Korean Lace Mini Layered Skirt Streetwear Lace Up Ruffles Harajuku High Waist Pleated Ladies Jupe Skirts Clothes,$0.99 ,"https://ae-pic-a1.aliexpress-media.com/kf/S8e3e4708eaf24656b476ff9d798ec772h.jpg_220x220q75.jpg_.avif,https://ae-pic-a1.aliexpress-media.com/kf/S27f7b22f2e214ba89bef7dda09759b58d.jpg_220x220q75.jpg_.avif,https://ae-pic-a1.aliexpress-media.com/kf/S8f4019ec2c8a4dfc92680d2293642184f.jpg_220x220q75.jpg_.avif,https://ae-pic-a1.aliexpress-media.com/kf/Saa35260f146f42be86fb0279534cfa08z.jpg_220x220q75.jpg_.avif,https://ae-pic-a1.aliexpress-media.com/kf/Se5cc39134f33458b833793ae3a07462b5.jpg?has_lang=1&ver=2_220x220q75.jpg_.avif","['Occasion', 'Music Festival', 'Festival', 'Carnivals', 'High-concerned chemical', 'None', 'Release Date', 'Summer 2025', 'Craft of Weaving', 'Knit', 'Season', 'Summer', 'is_customized', 'No', 'Fabric Type', 'Broadcloth', 'Age', 'Middle Age', 'Place Of Origin', 'China (mainland)', 'Model Number', 'W002', 'Waistline', 'empire', 'Dresses Length', 'Above Knee , Mini', 'Decoration', 'None', 'Silhouette', 'A-LINE', 'Pattern Type', 'Solid', 'Style', 'Casual', 'Material', 'Voile', 'Gender', 'Women', 'Origin', 'Mainland China', 'Elasticity', 'Non Strech', 'CN', 'Guangdong', 'Fit Type', 'Slim']",https://www.aliexpress.us/item/3256808616550623.html?algo_pvid=fd3419bb-1aa5-4df5-9b64-fb9dfb6ea2bc&algo_exp_id=fd3419bb-1aa5-4df5-9b64-fb9dfb6ea2bc-43&pdp_ext_f=%7B%22order%22%3A%222652%22%2C%22eval%22%3A%221%22%2C%22fromPage%22%3A%22search%22%7D&pdp_npi=6%40dis%21USD%213.40%210.99%21%21%2123.34%216.78%21%402101e80f17728189925825847e4ca4%2112000046725135502%21sea%21US%210%21ABX%211%210%21n_tag%3A-29910%3Bd%3A64b8815b%3Bm03_new_user%3A-29895%3BpisId%3A5000000197847475&curPageLogUid=M8DvzdtEfndi&utparam-url=scene%3Asearch%7Cquery_from%3A%7Cx_object_id%3A1005008802865375%7C_p_origin_prod%3A
Pleated Mini Skirts Korean Sweet Knitted Skirts Sweet Elastic Waist Ladies Casual Youthful For Women's Clothes Solid Fashion New,$0.99 ,"https://ae-pic-a1.aliexpress-media.com/kf/S086cf34de20c415a82c6be94e0403233n.jpg_220x220q75.jpg_.avif,https://ae-pic-a1.aliexpress-media.com/kf/Sc2f861878ad74ea1890ee38e7c111523Q.jpg_220x220q75.jpg_.avif,https://ae-pic-a1.aliexpress-media.com/kf/S2fbafd5f077549c4a2e08a836eab0caed.jpg_220x220q75.jpg_.avif,https://ae-pic-a1.aliexpress-media.com/kf/Saf717fdf7577408aacb01e6604b29ace0.jpg_220x220q75.jpg_.avif,https://ae-pic-a1.aliexpress-media.com/kf/Se8cd8dff2c8441e0a10c03adae8ee16aU.jpg_220x220q75.jpg_.avif","['High-concerned chemical', 'None', 'Craft of Weaving', 'Knit', 'Season', 'Summer', 'is_customized', 'No', 'Fabric Type', 'Knitted', 'Age', 'Middle Age', 'Place Of Origin', 'China (mainland)', 'Waistline', 'empire', 'Dresses Length', 'Above Knee , Mini', 'Decoration', 'Folds', 'Silhouette', 'A-LINE', 'Pattern Type', 'Solid', 'Style', 'Casual', 'Material', 'POLYESTER,Elastane', 'Gender', 'Women', 'Origin', 'Mainland China', 'Brand Name', 'SUYISODA', 'Elasticity', 'Medium Strecth', 'CN', 'Guangdong', 'Fit Type', 'Regular Fit']",https://www.aliexpress.us/item/3256808758136347.html?algo_pvid=fd3419bb-1aa5-4df5-9b64-fb9dfb6ea2bc&algo_exp_id=fd3419bb-1aa5-4df5-9b64-fb9dfb6ea2bc-44&pdp_ext_f=%7B%22order%22%3A%222555%22%2C%22eval%22%3A%221%22%2C%22fromPage%22%3A%22search%22%7D&pdp_npi=6%40dis%21USD%2115.17%210.99%21%21%21104.28%216.85%21%402101e80f17728189925825847e4ca4%2112000047302403553%21sea%21US%210%21ABX%211%210%21n_tag%3A-29910%3Bd%3A64b8815b%3Bm03_new_user%3A-29895%3BpisId%3A5000000197847475&curPageLogUid=sazxk9WQIaCU&utparam-url=scene%3Asearch%7Cquery_from%3A%7Cx_object_id%3A1005008944451099%7C_p_origin_prod%3A
Fashion Women Tutus Skirt Classic Pleated Dance Tutu Skirts Female Lolita Petticoat Party Puffy Skirts Ballet Skirts,$3.45 ,"https://ae-pic-a1.aliexpress-media.com/kf/Se4eeb99be8054390bfc7c2c8bfb10ac5w.jpg?has_lang=1&ver=1_220x220q75.jpg_.avif,https://ae-pic-a1.aliexpress-media.com/kf/S696b7bad717b4357b668e6b17c55a12bC.jpg_220x220q75.jpg_.avif,https://ae-pic-a1.aliexpress-media.com/kf/S564f9b18ce214bfc812f5a51163626acz.jpg_220x220q75.jpg_.avif,https://ae-pic-a1.aliexpress-media.com/kf/S49de279e9ea443fca987bc361c4f2f7aj.jpg_220x220q75.jpg_.avif,https://ae-pic-a1.aliexpress-media.com/kf/S388855c8320c4920ab7e486edff9ce27P.jpg?has_lang=1&ver=1_220x220q75.jpg_.avif","['High-concerned chemical', 'None', 'Craft of Weaving', 'Tatting', 'Season', 'Summer', 'is_customized', 'No', 'Fabric Type', 'Mesh', 'Age', 'Middle Age', 'Place Of Origin', 'China (mainland)', 'Model Number', 'Tutus Skirt', 'Waistline', 'Dropped', 'Dresses Length', 'Above Knee , Mini', 'Decoration', 'Lace', 'Silhouette', 'Ball Gown', 'Pattern Type', 'Solid', 'Style', 'Casual', 'Material', 'POLYESTER', 'Gender', 'Women', 'Origin', 'Mainland China', 'Elasticity', 'Non Strech', 'CN', 'Zhejiang', 'Fit Type', 'Regular Fit']",https://www.aliexpress.us/item/3256810162116651.html?algo_pvid=fd3419bb-1aa5-4df5-9b64-fb9dfb6ea2bc&algo_exp_id=fd3419bb-1aa5-4df5-9b64-fb9dfb6ea2bc-46&pdp_ext_f=%7B%22order%22%3A%222538%22%2C%22eval%22%3A%221%22%2C%22orig_sl_item_id%22%3A%221005010348431403%22%2C%22orig_item_id%22%3A%221005009844354949%22%2C%22fromPage%22%3A%22search%22%7D&pdp_npi=6%40dis%21USD%216.90%213.45%21%21%2147.44%2123.72%21%402101e80f17728189925825847e4ca4%2112000052069232462%21sea%21US%210%21ABX%211%210%21n_tag%3A-29910%3Bd%3A64b8815b%3Bm03_new_user%3A-29895&curPageLogUid=CwQTxXnu90jp&utparam-url=scene%3Asearch%7Cquery_from%3A%7Cx_object_id%3A1005010348431403%7C_p_origin_prod%3A1005009844354949
Women's Soft Touch Silk-Like Midi Skirt High Waist Elastic Waistband Chic Fashion Female Skirts Elegant Mujer,$1.47 ,"https://ae-pic-a1.aliexpress-media.com/kf/S222268aca260443386207fe3492d7bc4G.jpg_220x220q75.jpg_.avif,https://ae-pic-a1.aliexpress-media.com/kf/Sa5184996ea3d432aae632f6e3f14f801o.jpg_220x220q75.jpg_.avif,https://ae-pic-a1.aliexpress-media.com/kf/S934af3a6c3944ae4810c4e1a6a86228ay.jpg_220x220q75.jpg_.avif,https://ae-pic-a1.aliexpress-media.com/kf/Sd9348e45ca074177b4316dffd2b81e7cx.jpg_220x220q75.jpg_.avif,https://ae-pic-a1.aliexpress-media.com/kf/S20d515a55cf949868060b97b81928e2em.jpg_220x220q75.jpg_.avif","['High-concerned chemical', 'None', 'Craft of Weaving', 'Tatting', 'Season', 'All Season', 'Fabric Type', 'Blended', 'Age', 'Middle Age', 'Place Of Origin', 'China (mainland)', 'Waistline', 'empire', 'Dresses Length', 'Mid-Calf', 'Decoration', 'None', 'Silhouette', 'Straight', 'Pattern Type', 'Solid', 'Style', 'Casual', 'Material', 'POLYESTER', 'Gender', 'Women', 'Origin', 'Mainland China', 'Brand Name', 'TRZA', 'Elasticity', 'Non Strech', 'CN', 'Jiangsu', 'Fit Type', 'Regular Fit']",https://www.aliexpress.us/item/3256806556066815.html?algo_pvid=fd3419bb-1aa5-4df5-9b64-fb9dfb6ea2bc&algo_exp_id=fd3419bb-1aa5-4df5-9b64-fb9dfb6ea2bc-47&pdp_ext_f=%7B%22order%22%3A%222398%22%2C%22eval%22%3A%221%22%2C%22fromPage%22%3A%22search%22%7D&pdp_npi=6%40dis%21USD%2118.01%211.47%21%21%21123.75%2110.05%21%402101e80f17728189925825847e4ca4%2112000038304174390%21sea%21US%210%21ABX%211%210%21n_tag%3A-29910%3Bd%3A64b8815b%3Bm03_new_user%3A-29895%3BpisId%3A5000000197847475&curPageLogUid=IXCzp9DOMMXe&utparam-url=scene%3Asearch%7Cquery_from%3A%7Cx_object_id%3A1005006742381567%7C_p_origin_prod%3A
Spring Black White Spliced Women Short Skirt 2025 Y2k Slim Design Harajuku Mini Skirt Female Empire Korea Style Chic Piano Skirt,$8.63 ,"https://ae-pic-a1.aliexpress-media.com/kf/S0d70167d5499421b8f218af4e4ed4bceu.jpg_220x220q75.jpg_.avif,https://ae-pic-a1.aliexpress-media.com/kf/S0d70167d5499421b8f218af4e4ed4bceu.jpg_220x220q75.jpg_.avif,https://ae-pic-a1.aliexpress-media.com/kf/Sa2bf7bd2b0c84868afd9ffa4d6e4c73cl.jpg?has_lang=1&ver=2_220x220q75.jpg_.avif,https://ae-pic-a1.aliexpress-media.com/kf/Se6780d98efc142c7ac75656f26cac3e9w.jpg?has_lang=1&ver=2_220x220q75.jpg_.avif,https://ae-pic-a1.aliexpress-media.com/kf/S24f33e4d11ce4e98b12b6eb19495c2da5.jpg?has_lang=1&ver=2_220x220q75.jpg_.avif","['High-concerned chemical', 'None', 'Release Date', 'Spring 2025', 'Craft of Weaving', 'Tatting', 'Season', 'Spring/Summer', 'Fabric Type', 'Blended', 'Age', 'Junior', 'Place Of Origin', 'China (mainland)', 'Model Number', '253255S', 'Waistline', 'empire', 'Dresses Length', 'Above Knee , Mini', 'Decoration', 'None', 'Silhouette', 'A-LINE', 'Pattern Type', 'Striped', 'Style', 'Vintage', 'Material', 'POLYESTER', 'Gender', 'Women', 'Origin', 'Mainland China', 'Brand Name', 'ZHUOLIN', 'Elasticity', 'Non Strech', 'CN', 'Guangdong', 'Fit Type', 'Regular Fit']",https://www.aliexpress.us/item/3256808524712915.html?algo_pvid=fd3419bb-1aa5-4df5-9b64-fb9dfb6ea2bc&algo_exp_id=fd3419bb-1aa5-4df5-9b64-fb9dfb6ea2bc-48&pdp_ext_f=%7B%22order%22%3A%222396%22%2C%22eval%22%3A%221%22%2C%22fromPage%22%3A%22search%22%7D&pdp_npi=6%40dis%21USD%2114.87%218.63%21%21%21102.20%2159.28%21%402101e80f17728189925825847e4ca4%2112000046347604043%21sea%21US%210%21ABX%211%210%21n_tag%3A-29910%3Bd%3A64b8815b%3Bm03_new_user%3A-29895&curPageLogUid=DsDaArHOViKL&utparam-url=scene%3Asearch%7Cquery_from%3A%7Cx_object_id%3A1005008711027667%7C_p_origin_prod%3A
Summer Mini skirts for woman vintage korean fashion plaid skirts for women y2k skirts pleated red plaid skirts preppy style,$1.23 ,"https://ae-pic-a1.aliexpress-media.com/kf/S31edde7af14b4174b4e6a91e6e51ef94R.jpg_220x220q75.jpg_.avif,https://ae-pic-a1.aliexpress-media.com/kf/S3afd81d4a5c4431ba3390d114dc945b45.jpg_220x220q75.jpg_.avif,https://ae-pic-a1.aliexpress-media.com/kf/S71ce43c1555c4f27b034fd9cfd48f0ceP.jpg_220x220q75.jpg_.avif,https://ae-pic-a1.aliexpress-media.com/kf/S418473df941d4765bff03232159ffd9b3.jpg_220x220q75.jpg_.avif,https://ae-pic-a1.aliexpress-media.com/kf/S1b21005d06584fe990c61d855b335279z.jpg_220x220q75.jpg_.avif","['High-concerned chemical', 'None', 'Release Date', 'Summer 2024', 'Craft of Weaving', 'Tatting', 'Season', 'Spring/Summer', 'is_customized', 'No', 'Fabric Type', 'Woolen', 'Age', 'Middle Age', 'Place Of Origin', 'China (mainland)', 'Model Number', 'Pleated skirts mini plaid', 'Waistline', 'empire', 'Dresses Length', 'Above Knee , Mini', 'Decoration', 'Folds', 'Silhouette', 'Pleated', 'Pattern Type', 'Plaid', 'Style', 'Preppy Style', 'Material', 'POLYESTER', 'Gender', 'Women', 'Origin', 'Mainland China', 'Brand Name', 'BRUSCREST', 'Elasticity', 'Non Strech', 'CN', 'Zhejiang', 'Fit Type', 'Regular Fit']",https://www.aliexpress.us/item/3256806737511714.html?algo_pvid=fd3419bb-1aa5-4df5-9b64-fb9dfb6ea2bc&algo_exp_id=fd3419bb-1aa5-4df5-9b64-fb9dfb6ea2bc-51&pdp_ext_f=%7B%22order%22%3A%222225%22%2C%22spu_best_type%22%3A%22price%22%2C%22eval%22%3A%221%22%2C%22fromPage%22%3A%22search%22%7D&pdp_npi=6%40dis%21USD%218.23%211.23%21%21%218.23%211.23%21%402101e80f17728189925825847e4ca4%2112000039595309503%21sea%21US%210%21ABX%211%210%21n_tag%3A-29910%3Bd%3A64b8815b%3Bm03_new_user%3A-29895%3BpisId%3A5000000197847475&curPageLogUid=ElJ28GJAe27r&utparam-url=scene%3Asearch%7Cquery_from%3A%7Cx_object_id%3A1005006923826466%7C_p_origin_prod%3A
FINETOO Spring Summer New High Waist Elastic Business Women Mini Skirt Black Slimming Knitted Half Body Skirt Professional Work,$3.51 ,"https://ae-pic-a1.aliexpress-media.com/kf/S60f1c812be8d44378c538b5aca00f9b3H.jpg_220x220q75.jpg_.avif,https://ae-pic-a1.aliexpress-media.com/kf/S60f1c812be8d44378c538b5aca00f9b3H.jpg_220x220q75.jpg_.avif,https://ae-pic-a1.aliexpress-media.com/kf/S86103bb6414149b5b171497748d6f5b9B.jpg?has_lang=1&ver=1_220x220q75.jpg_.avif,https://ae-pic-a1.aliexpress-media.com/kf/Scc5c81db59144f2a997c2c2b0474b693s.jpg_220x220q75.jpg_.avif,https://ae-pic-a1.aliexpress-media.com/kf/S7f486d7244034f15aba4b6ac5fb1d78dF.jpg_220x220q75.jpg_.avif","['High-concerned chemical', 'None', 'Craft of Weaving', 'Non-Woven', 'Season', 'Spring/Summer', 'is_customized', 'No', 'Fabric Type', 'POLYESTER', 'Age', 'Middle Age', 'Place Of Origin', 'China (mainland)', 'Model Number', 'N915', 'Waistline', 'Natural', 'Dresses Length', 'Above Knee , Mini', 'Decoration', 'None', 'Silhouette', 'Pencil', 'Pattern Type', 'Solid', 'Style', 'Office Lady', 'Material', 'Elastane,Polyamide', 'Gender', 'Women', 'Origin', 'Mainland China', 'Elasticity', 'Medium Strecth', 'CN', 'Zhejiang', 'Fit Type', 'Slim']",https://www.aliexpress.us/item/3256810399284373.html?algo_pvid=fd3419bb-1aa5-4df5-9b64-fb9dfb6ea2bc&algo_exp_id=fd3419bb-1aa5-4df5-9b64-fb9dfb6ea2bc-53&pdp_ext_f=%7B%22order%22%3A%222164%22%2C%22eval%22%3A%221%22%2C%22orig_sl_item_id%22%3A%221005010585599125%22%2C%22orig_item_id%22%3A%221005010241805573%22%2C%22fromPage%22%3A%22search%22%7D&pdp_npi=6%40dis%21USD%217.02%213.51%21%21%2148.26%2124.13%21%402101e80f17728189925825847e4ca4%2112000052901539716%21sea%21US%210%21ABX%211%210%21n_tag%3A-29910%3Bd%3A64b8815b%3Bm03_new_user%3A-29895&curPageLogUid=kxDZRAvpJYYG&utparam-url=scene%3Asearch%7Cquery_from%3A%7Cx_object_id%3A1005010585599125%7C_p_origin_prod%3A1005010241805573
Y2k Clothes Gothic Punk Studded Mini Skirt Harajuku Sexy Ultra Short Rivet Pleated Skirt Hot Girl Kawaii Skirt Womens Clothing,$0.99 ,"https://ae-pic-a1.aliexpress-media.com/kf/S317b29f19e054874b9fe1336bace297at.jpg_220x220q75.jpg_.avif,https://ae-pic-a1.aliexpress-media.com/kf/S0d18a76b7d664300a811e3433bcf693fW.jpg_220x220q75.jpg_.avif,https://ae-pic-a1.aliexpress-media.com/kf/Sd9fc18670759477b8245f9902d4321604.jpg_220x220q75.jpg_.avif,https://ae-pic-a1.aliexpress-media.com/kf/S317b29f19e054874b9fe1336bace297at.jpg_220x220q75.jpg_.avif,https://ae-pic-a1.aliexpress-media.com/kf/Sa6e348f26f7045929270d65737cd9994U.jpg_220x220q75.jpg_.avif","['High-concerned chemical', 'None', 'Release Date', 'Summer 2025', 'Craft of Weaving', 'Tatting', 'Season', 'Summer', 'is_customized', 'No', 'Fabric Type', 'Broadcloth', 'Age', 'Middle Age', 'Place Of Origin', 'China (mainland)', 'Waistline', 'Natural', 'Dresses Length', 'Above Knee , Mini', 'Decoration', 'None', 'Silhouette', 'A-LINE', 'Pattern Type', 'Solid', 'Style', 'High Street', 'Material', 'POLYESTER', 'Gender', 'Women', 'Origin', 'Mainland China', 'Brand Name', 'HIZILENT', 'Elasticity', 'Non Strech', 'CN', 'Guangdong', 'Fit Type', 'Regular Fit']",https://www.aliexpress.us/item/3256808457046024.html?algo_pvid=fd3419bb-1aa5-4df5-9b64-fb9dfb6ea2bc&algo_exp_id=fd3419bb-1aa5-4df5-9b64-fb9dfb6ea2bc-57&pdp_ext_f=%7B%22order%22%3A%222010%22%2C%22eval%22%3A%221%22%2C%22fromPage%22%3A%22search%22%7D&pdp_npi=6%40dis%21USD%218.56%210.99%21%21%218.56%210.99%21%402101e80f17728189925825847e4ca4%2112000046071181707%21sea%21US%210%21ABX%211%210%21n_tag%3A-29910%3Bd%3A64b8815b%3Bm03_new_user%3A-29895%3BpisId%3A5000000197847450&curPageLogUid=6Z2GHRf3aaxA&utparam-url=scene%3Asearch%7Cquery_from%3A%7Cx_object_id%3A1005008643360776%7C_p_origin_prod%3A
Lace Asymmetrical Skirt Fairycore Women Vintage Y2K Boho Aesthetic Fashion High Waist Mid Skirts Lady Holiday Outfits,$2.97 ,"https://ae-pic-a1.aliexpress-media.com/kf/S0fb646f3d11f45369e69e38914eedb01K.jpg_220x220q75.jpg_.avif,https://ae-pic-a1.aliexpress-media.com/kf/S0fb646f3d11f45369e69e38914eedb01K.jpg_220x220q75.jpg_.avif,https://ae-pic-a1.aliexpress-media.com/kf/Sf29756585ce849e6b6de33b7e27dfcdfv.jpg_220x220q75.jpg_.avif,https://ae-pic-a1.aliexpress-media.com/kf/S400419769a95474786b80816fe9bafda8.jpg_220x220q75.jpg_.avif,https://ae-pic-a1.aliexpress-media.com/kf/Scc0fd48d703b433f94972e667e3e5f260.jpg_220x220q75.jpg_.avif","['High-concerned chemical', 'None', 'Release Date', 'Autumn 2024', 'Craft of Weaving', 'Knit', 'Season', 'All Season', 'is_customized', 'No', 'Fabric Type', 'Lace', 'Age', 'Junior', 'Place Of Origin', 'China (mainland)', 'Model Number', 'YG0592', 'Waistline', 'empire', 'Dresses Length', 'Mid-Calf', 'Decoration', 'Lace', 'Silhouette', 'A-LINE', 'Pattern Type', 'Solid', 'Style', 'Vintage', 'Material', 'Acetate,Nylon,POLYESTER', 'Gender', 'Women', 'Origin', 'Mainland China', 'Brand Name', 'TOKITIND', 'Elasticity', 'Slight Strech', 'CN', 'Guangdong', 'Fit Type', 'Loose']",https://www.aliexpress.us/item/3256806708252578.html?algo_pvid=fd3419bb-1aa5-4df5-9b64-fb9dfb6ea2bc&algo_exp_id=fd3419bb-1aa5-4df5-9b64-fb9dfb6ea2bc-59&pdp_ext_f=%7B%22order%22%3A%221935%22%2C%22eval%22%3A%221%22%2C%22fromPage%22%3A%22search%22%7D&pdp_npi=6%40dis%21USD%2112.97%212.97%21%21%2189.16%2120.43%21%402101e80f17728189925825847e4ca4%2112000038642186505%21sea%21US%210%21ABX%211%210%21n_tag%3A-29910%3Bd%3A64b8815b%3Bm03_new_user%3A-29895%3BpisId%3A5000000197847450&curPageLogUid=1xQgXTFsw8P2&utparam-url=scene%3Asearch%7Cquery_from%3A%7Cx_object_id%3A1005006894567330%7C_p_origin_prod%3A
Jeans Pants Decor Embroidered Flower Lace Mini Skirt Irregular See Through Ruched Skirts High Waist Harajuku Pleated Skirts,$7.90 ,"https://ae-pic-a1.aliexpress-media.com/kf/Sdf8d5fb67e9c4bc996d2a41ac2f53a62Y.jpg?has_lang=1&ver=1_220x220q75.jpg_.avif,https://ae-pic-a1.aliexpress-media.com/kf/S1071ecec3c9340b3941b0d87c9fc216dj.jpg?has_lang=1&ver=1_220x220q75.jpg_.avif,https://ae-pic-a1.aliexpress-media.com/kf/S4d2b8bccac284d8ab1e689645e12d279j.jpg_220x220q75.jpg_.avif,https://ae-pic-a1.aliexpress-media.com/kf/Sd91c70d6cc584862a2434fee1e026bafD.jpg_220x220q75.jpg_.avif,https://ae-pic-a1.aliexpress-media.com/kf/S5f84226edd0e43a282a85e6435ca91470.jpg_220x220q75.jpg_.avif","['Occasion', 'Party', 'Festival', ""Valentine's Day"", 'High-concerned chemical', 'None', 'Release Date', 'Spring 2025', 'Craft of Weaving', 'Non-Woven', 'Season', 'Spring/Summer']",https://www.aliexpress.us/item/3256808965393579.html?algo_pvid=b9cc4b84-901c-4023-a89a-1a28ec464442&algo_exp_id=b9cc4b84-901c-4023-a89a-1a28ec464442-0&pdp_ext_f=%7B%22order%22%3A%221056%22%2C%22eval%22%3A%221%22%2C%22fromPage%22%3A%22search%22%7D&pdp_npi=6%40dis%21USD%217.95%217.90%21%21%2154.65%2154.31%21%402102eaa317729905216923047edb45%2112000048107000942%21sea%21US%210%21ABX%211%210%21n_tag%3A-29910%3Bd%3Ad1df2f05%3Bm03_new_user%3A-29895%3BpisId%3A5000000201818083&curPageLogUid=G3FwLEHE6Vv9&utparam-url=scene%3Asearch%7Cquery_from%3A%7Cx_object_id%3A1005009151708331%7C_p_origin_prod%3A
Erotic Lingerie Sexy Cosplay Schoolgirl Uniform Temptation Mini Pleated Skirt Fetish Porno Stockings Bodysuit Anime Costumes,$0.99 ,"https://ae-pic-a1.aliexpress-media.com/kf/S8e689e9592754fc1acbc01e32b28a363W.jpeg_220x220q75.jpeg_.avif,https://ae-pic-a1.aliexpress-media.com/kf/Se4491fa6887b48069d0cd5a8f1abbdf7F.jpeg_220x220q75.jpeg_.avif,https://ae-pic-a1.aliexpress-media.com/kf/S083cf146fdb64c268ecb3b77d5d945f4d.jpeg_220x220q75.jpeg_.avif,https://ae-pic-a1.aliexpress-media.com/kf/Se30f14a423c24f9d93a194b569566d315.jpeg_220x220q75.jpeg_.avif,https://ae-pic-a1.aliexpress-media.com/kf/Scd3ef1141d5443c5ba467437d5abcb05Z.jpeg_220x220q75.jpeg_.avif","['High-concerned chemical', 'None', 'Craft of Weaving', 'Non-Woven', 'Season', 'Spring/Summer', 'is_customized', 'No', 'Fabric Type', 'Chiffon', 'Age', 'Middle Age']",https://www.aliexpress.us/item/3256805006082895.html?algo_pvid=b9cc4b84-901c-4023-a89a-1a28ec464442&algo_exp_id=b9cc4b84-901c-4023-a89a-1a28ec464442-1&pdp_ext_f=%7B%22order%22%3A%221051%22%2C%22eval%22%3A%221%22%2C%22fromPage%22%3A%22search%22%7D&pdp_npi=6%40dis%21USD%215.03%210.99%21%21%2134.54%216.77%21%402102eaa317729905216923047edb45%2112000032065214563%21sea%21US%210%21ABX%211%210%21n_tag%3A-29910%3Bd%3Ad1df2f05%3Bm03_new_user%3A-29895%3BpisId%3A5000000197847475&curPageLogUid=uKBbKUFbQKtB&utparam-url=scene%3Asearch%7Cquery_from%3A%7Cx_object_id%3A1005005192397647%7C_p_origin_prod%3A
Women Skirt Bodycon Skirt Office Female Slim Knee Length High Waist Stretch Sexy Pencil Skirts Jupe Femme,$4.18 ,"https://ae-pic-a1.aliexpress-media.com/kf/S616d06ceacce407db32d848749fe271di.jpg_220x220q75.jpg_.avif,https://ae-pic-a1.aliexpress-media.com/kf/S7f5d8e118909409fb0c5fb4396a1ab15s.jpg_220x220q75.jpg_.avif,https://ae-pic-a1.aliexpress-media.com/kf/Sb9ddd857720040c7a0accf3fcb0fe2bdR.jpg_220x220q75.jpg_.avif,https://ae-pic-a1.aliexpress-media.com/kf/S58cf26e23c6d4ac7970d1fd5cddc49a67.jpg_220x220q75.jpg_.avif,https://ae-pic-a1.aliexpress-media.com/kf/S3ba99c3743474250ab58c1a6e773c487f.jpg_220x220q75.jpg_.avif","['is_customized', 'No', 'Fabric Type', 'Blended', 'Age', '25-34', 'Place Of Origin', 'China (mainland)', 'Waistline', 'empire', 'Dresses Length', 'Knee-Length']",https://www.aliexpress.us/item/3256806830041606.html?algo_pvid=b9cc4b84-901c-4023-a89a-1a28ec464442&algo_exp_id=b9cc4b84-901c-4023-a89a-1a28ec464442-4&pdp_ext_f=%7B%22order%22%3A%221036%22%2C%22eval%22%3A%221%22%2C%22orig_sl_item_id%22%3A%221005007016356358%22%2C%22orig_item_id%22%3A%221005005495329191%22%2C%22fromPage%22%3A%22search%22%7D&pdp_npi=6%40dis%21USD%218.72%214.18%21%21%2159.96%2128.78%21%402102eaa317729905216923047edb45%2112000039083018082%21sea%21US%210%21ABX%211%210%21n_tag%3A-29910%3Bd%3Ad1df2f05%3Bm03_new_user%3A-29895&curPageLogUid=jlIHdUGt0CrF&utparam-url=scene%3Asearch%7Cquery_from%3A%7Cx_object_id%3A1005007016356358%7C_p_origin_prod%3A1005005495329191
Brown Ruffled High Waisted Long Victorian Skirt Steampunk Skirts Womens Party Wear Gothic Vintage Clothes Medieval Costume Sexy,$0.99 ,"https://ae-pic-a1.aliexpress-media.com/kf/Sc0554e23283c422a9ddf69ba69b7d7ebj.jpg_220x220q75.jpg_.avif,https://ae-pic-a1.aliexpress-media.com/kf/S82dcb8a8d4e74db5866e6db05b5b6dbdp.jpg_220x220q75.jpg_.avif,https://ae-pic-a1.aliexpress-media.com/kf/S5c2a8919734b452a9765d8e89587075aS.jpg_220x220q75.jpg_.avif,https://ae-pic-a1.aliexpress-media.com/kf/Sbc249d0d40424e75874ac26857469fcdU.jpg_220x220q75.jpg_.avif,https://ae-pic-a1.aliexpress-media.com/kf/S28be59d249144b21ab6dd7a6eea5f068f.jpg_220x220q75.jpg_.avif","['High-concerned chemical', 'None', 'Craft of Weaving', 'Tatting', 'Season', 'All Season', 'is_customized', 'No', 'Fabric Type', 'Nylon Cotton', 'Age', 'Middle Age']",https://www.aliexpress.us/item/3256807059713231.html?algo_pvid=b9cc4b84-901c-4023-a89a-1a28ec464442&algo_exp_id=b9cc4b84-901c-4023-a89a-1a28ec464442-5&pdp_ext_f=%7B%22order%22%3A%221030%22%2C%22eval%22%3A%221%22%2C%22fromPage%22%3A%22search%22%7D&pdp_npi=6%40dis%21USD%2110.70%210.99%21%21%2110.70%210.99%21%402102eaa317729905216923047edb45%2112000039934938256%21sea%21US%210%21ABX%211%210%21n_tag%3A-29910%3Bd%3Ad1df2f05%3Bm03_new_user%3A-29895%3BpisId%3A5000000197847450&curPageLogUid=9SATJFk2M19b&utparam-url=scene%3Asearch%7Cquery_from%3A%7Cx_object_id%3A1005007246027983%7C_p_origin_prod%3A
Satin Mini Skirts Women Summer Beige Silk Short Skirt For Woman Drawstring High Waist Black Satin Skirt A Line Women Short 2025,$39.81 ,"https://ae-pic-a1.aliexpress-media.com/kf/S143658499a6245b997f9e82d86ba13d6K.jpg_220x220q75.jpg_.avif,https://ae-pic-a1.aliexpress-media.com/kf/S143658499a6245b997f9e82d86ba13d6K.jpg_220x220q75.jpg_.avif,https://ae-pic-a1.aliexpress-media.com/kf/S033f57907b2c46a5b8764455416e6422N.jpg_220x220q75.jpg_.avif,https://ae-pic-a1.aliexpress-media.com/kf/S671b7b7fd91f43c38ede2003ad5cbc3do.jpg_220x220q75.jpg_.avif,https://ae-pic-a1.aliexpress-media.com/kf/S7b4ebe9937804f27ae3f997da3f03cb9y.jpg_220x220q75.jpg_.avif","['High-concerned chemical', 'None', 'Release Date', 'Summer 2025', 'Craft of Weaving', 'Tatting', 'Season', 'Spring/Summer', 'is_customized', 'No', 'Fabric Type', 'Satin']",https://www.aliexpress.us/item/3256806722008283.html?algo_pvid=b9cc4b84-901c-4023-a89a-1a28ec464442&algo_exp_id=b9cc4b84-901c-4023-a89a-1a28ec464442-6&pdp_ext_f=%7B%22order%22%3A%221030%22%2C%22spu_best_type%22%3A%22price%22%2C%22eval%22%3A%221%22%2C%22fromPage%22%3A%22search%22%7D&pdp_npi=6%40dis%21USD%2182.19%2139.81%21%21%2182.19%2139.81%21%402102eaa317729905216923047edb45%2112000038681891734%21sea%21US%210%21ABX%211%210%21n_tag%3A-29910%3Bd%3Ad1df2f05%3Bm03_new_user%3A-29895%3BpisId%3A5000000197847458&curPageLogUid=XVu2cssbLe7I&utparam-url=scene%3Asearch%7Cquery_from%3A%7Cx_object_id%3A1005006908323035%7C_p_origin_prod%3A
Women's Black Gothic A-line Pleated Leather Skirt Y2k Mini Shorts Skirts Harajuku Korean Emo Skirt 2000s Vintage Clothes Summer,$22.58 ,"https://ae-pic-a1.aliexpress-media.com/kf/Sce01e7887efd445db5b26995c329626fR.jpg_220x220q75.jpg_.avif,https://ae-pic-a1.aliexpress-media.com/kf/S8c4a1ed61d9748fe805d760713ba97f50.jpg_220x220q75.jpg_.avif,https://ae-pic-a1.aliexpress-media.com/kf/S66fa2a6c6ddc46f6b787ee80b7da9090e.jpg_220x220q75.jpg_.avif,https://ae-pic-a1.aliexpress-media.com/kf/Sbf82588c375f49939deb51bdc9138742H.jpg_220x220q75.jpg_.avif,https://ae-pic-a1.aliexpress-media.com/kf/S3f180c0cb05646f58338a69bae1fea7bD.jpg_220x220q75.jpg_.avif","['High-concerned chemical', 'None', 'Craft of Weaving', 'Not Clothing or Textiles', 'Season', 'Summer', 'is_customized', 'No', 'Fabric Type', 'Leather', 'Age', 'Junior']",https://www.aliexpress.us/item/3256807325505457.html?algo_pvid=b9cc4b84-901c-4023-a89a-1a28ec464442&algo_exp_id=b9cc4b84-901c-4023-a89a-1a28ec464442-7&pdp_ext_f=%7B%22order%22%3A%221023%22%2C%22eval%22%3A%221%22%2C%22fromPage%22%3A%22search%22%7D&pdp_npi=6%40dis%21USD%2132.58%2122.58%21%21%2132.58%2122.58%21%402102eaa317729905216923047edb45%2112000041102853005%21sea%21US%210%21ABX%211%210%21n_tag%3A-29910%3Bd%3Ad1df2f05%3Bm03_new_user%3A-29895%3BpisId%3A5000000197847450&curPageLogUid=f1UYKvhAHh1r&utparam-url=scene%3Asearch%7Cquery_from%3A%7Cx_object_id%3A1005007511820209%7C_p_origin_prod%3A
French Lace Up Short Fart Curtain Skirt Spring Layered Skirt INS Women Wrap Skirt Bandage Dress Apron Curtain Expansion Skirt,$0.99 ,"https://ae-pic-a1.aliexpress-media.com/kf/S8d06485c3b5a4a7da31ef767234016dcz.jpg?has_lang=1&ver=1_220x220q75.jpg_.avif,https://ae-pic-a1.aliexpress-media.com/kf/S7fe96f34ba76422f9a11991d08786e17u.jpg_220x220q75.jpg_.avif,https://ae-pic-a1.aliexpress-media.com/kf/Se13c13e147614d3a993a751260a8c400R.jpg_220x220q75.jpg_.avif,https://ae-pic-a1.aliexpress-media.com/kf/Sfa086dab5cb346f78c29dcf391470c6cT.jpg_220x220q75.jpg_.avif,https://ae-pic-a1.aliexpress-media.com/kf/Sab92becec49a43fc955fb7ab1c55d425v.jpg_220x220q75.jpg_.avif","['High-concerned chemical', 'None', 'Craft of Weaving', 'Tatting', 'Season', 'Summer', 'Fabric Type', 'Blended', 'Age', 'Junior', 'Waistline', 'Natural']",https://www.aliexpress.us/item/3256808816058502.html?algo_pvid=b9cc4b84-901c-4023-a89a-1a28ec464442&algo_exp_id=b9cc4b84-901c-4023-a89a-1a28ec464442-8&pdp_ext_f=%7B%22order%22%3A%221015%22%2C%22spu_best_type%22%3A%22price%22%2C%22eval%22%3A%221%22%2C%22fromPage%22%3A%22search%22%7D&pdp_npi=6%40dis%21USD%213.92%210.99%21%21%2126.93%216.79%21%402102eaa317729905216923047edb45%2112000047530942196%21sea%21US%210%21ABX%211%210%21n_tag%3A-29910%3Bd%3Ad1df2f05%3Bm03_new_user%3A-29895%3BpisId%3A5000000197847475&curPageLogUid=XmYcZBsQjAWD&utparam-url=scene%3Asearch%7Cquery_from%3A%7Cx_object_id%3A1005009002373254%7C_p_origin_prod%3A
Casual Skirts Punk Sexy Net Yarn High-Waisted Irregular Skirt for Women Summer New European and American Gothic Style Versatile,$1.31 ,"https://ae-pic-a1.aliexpress-media.com/kf/Sc39f53a884dc458b8aed40403e19394dL.jpg_220x220q75.jpg_.avif,https://ae-pic-a1.aliexpress-media.com/kf/Se74b61411dbc4b8792decb0c0d30f1f8W.jpg_220x220q75.jpg_.avif,https://ae-pic-a1.aliexpress-media.com/kf/S8575cbdb92bb422dbf27a53c68826227s.jpg_220x220q75.jpg_.avif,https://ae-pic-a1.aliexpress-media.com/kf/S693166b55ca24ae1b3ea44d0682aeea20.png_220x220.png_.avif,https://ae-pic-a1.aliexpress-media.com/kf/Sd22fd962cc0b4ea5bf456fd5e6f45b0cu.png_220x220.png_.avif","['High-concerned chemical', 'None', 'Craft of Weaving', 'Not Clothing or Textiles', 'Season', 'Spring/Summer', 'Fabric Type', 'Blended', 'Age', 'Middle Age', 'Place Of Origin', 'China (mainland)']",https://www.aliexpress.us/item/3256808474019774.html?algo_pvid=b9cc4b84-901c-4023-a89a-1a28ec464442&algo_exp_id=b9cc4b84-901c-4023-a89a-1a28ec464442-9&pdp_ext_f=%7B%22order%22%3A%22997%22%2C%22spu_best_type%22%3A%22price%22%2C%22eval%22%3A%221%22%2C%22fromPage%22%3A%22search%22%7D&pdp_npi=6%40dis%21USD%2117.31%211.31%21%21%21118.96%218.99%21%402102eaa317729905216923047edb45%2112000046136469204%21sea%21US%210%21ABX%211%210%21n_tag%3A-29910%3Bd%3Ad1df2f05%3Bm03_new_user%3A-29895%3BpisId%3A5000000197847475&curPageLogUid=OwsXxC6h6oCn&utparam-url=scene%3Asearch%7Cquery_from%3A%7Cx_object_id%3A1005008660334526%7C_p_origin_prod%3A
Fashion High Waist Pleated Mini Skirt Chic Ladies Lace Skirt Classic Women Vintage High Street Club Party Y2k Fairy A-line Skirt,$4.27 ,"https://ae-pic-a1.aliexpress-media.com/kf/S4abd73058c81476e9bd6a9e67390cdbel.jpg_220x220q75.jpg_.avif,https://ae-pic-a1.aliexpress-media.com/kf/S82f5e52441444d19b2af09181ade814aV.jpg_220x220q75.jpg_.avif,https://ae-pic-a1.aliexpress-media.com/kf/S8a8375b2783043a7beefddfa8c192baaC.jpg_220x220q75.jpg_.avif,https://ae-pic-a1.aliexpress-media.com/kf/S5cf423d0ec3048e58c8eec67da27783bJ.jpg_220x220q75.jpg_.avif,https://ae-pic-a1.aliexpress-media.com/kf/S4b27bfe7a06240828a9c1047ba6d5450r.jpg_220x220q75.jpg_.avif","['High-concerned chemical', 'None', 'Release Date', 'Autumn 2024', 'Craft of Weaving', 'Tatting', 'Season', 'Summer', 'is_customized', 'No', 'Fabric Type', 'Broadcloth']",https://www.aliexpress.us/item/3256808089124413.html?algo_pvid=b9cc4b84-901c-4023-a89a-1a28ec464442&algo_exp_id=b9cc4b84-901c-4023-a89a-1a28ec464442-10&pdp_ext_f=%7B%22order%22%3A%22996%22%2C%22eval%22%3A%221%22%2C%22fromPage%22%3A%22search%22%7D&pdp_npi=6%40dis%21USD%2114.27%214.27%21%21%2114.27%214.27%21%402102eaa317729905216923047edb45%2112000044448180654%21sea%21US%210%21ABX%211%210%21n_tag%3A-29910%3Bd%3Ad1df2f05%3Bm03_new_user%3A-29895%3BpisId%3A5000000197847450&curPageLogUid=wqk7LYE9BBq8&utparam-url=scene%3Asearch%7Cquery_from%3A%7Cx_object_id%3A1005008275439165%7C_p_origin_prod%3A
Vintage Tulle Skirt Women Streetwear Elastic High Waist Mesh Pleated Skirts Summer Elegant Korean A Line Office Ladies Skirt New,$0.99 ,"https://ae-pic-a1.aliexpress-media.com/kf/S140575fc78bf42d7b8b6648ee081317dT.jpg?has_lang=1&ver=1_220x220q75.jpg_.avif,https://ae-pic-a1.aliexpress-media.com/kf/S22c6aa170c9c421bb64f3fae971d8915I.jpg_220x220q75.jpg_.avif,https://ae-pic-a1.aliexpress-media.com/kf/S083d43a26aa449d392480167dc9fd050R.jpg_220x220q75.jpg_.avif,https://ae-pic-a1.aliexpress-media.com/kf/Sc4f45153e85c4c82a78bc62a164a96bal.jpg?has_lang=1&ver=2_220x220q75.jpg_.avif,https://ae-pic-a1.aliexpress-media.com/kf/S7fb4929d6438491683b4488fe4a4b460s.jpg_220x220q75.jpg_.avif","['High-concerned chemical', 'None', 'Craft of Weaving', 'Tatting', 'Season', 'Spring/Summer', 'is_customized', 'No', 'Fabric Type', 'Mesh', 'Age', 'Junior']",https://www.aliexpress.us/item/3256806337880713.html?algo_pvid=b9cc4b84-901c-4023-a89a-1a28ec464442&algo_exp_id=b9cc4b84-901c-4023-a89a-1a28ec464442-11&pdp_ext_f=%7B%22order%22%3A%22987%22%2C%22eval%22%3A%221%22%2C%22fromPage%22%3A%22search%22%7D&pdp_npi=6%40dis%21USD%2111.11%210.99%21%21%2176.34%216.76%21%402102eaa317729905216923047edb45%2112000037524600852%21sea%21US%210%21ABX%211%210%21n_tag%3A-29910%3Bd%3Ad1df2f05%3Bm03_new_user%3A-29895%3BpisId%3A5000000197847475&curPageLogUid=CMHK026fpEDO&utparam-url=scene%3Asearch%7Cquery_from%3A%7Cx_object_id%3A1005006524195465%7C_p_origin_prod%3A
"Lolita Flying Saucer Petticoat - Boneless Maximum Volume Crinoline, Invisible Wire-Free Underskirt for Daily Gothic Sweet OP/JSK",$7.56 ,"https://ae-pic-a1.aliexpress-media.com/kf/S21a70e29e19848b1b3d0d9c33cb982f5q.jpg?has_lang=1&ver=2_220x220q75.jpg_.avif,https://ae-pic-a1.aliexpress-media.com/kf/Sf05f257b94444307b39f5005445a0583V.jpg?has_lang=1&ver=2_220x220q75.jpg_.avif,https://ae-pic-a1.aliexpress-media.com/kf/Sf04cc1c6e66c4d3d9600f7d1ec3c9fa3s.jpg?has_lang=1&ver=2_220x220q75.jpg_.avif,https://ae-pic-a1.aliexpress-media.com/kf/S6c984767d46e4f1ba767509be676d6c4b.jpg?has_lang=1&ver=2_220x220q75.jpg_.avif,https://ae-pic-a1.aliexpress-media.com/kf/S2006c32e1b5149c3b75040d695d1ce9an.jpg_220x220q75.jpg_.avif","['Occasion', 'Party', 'Festival', 'Carnivals', 'High-concerned chemical', 'None', 'Release Date', 'Summer 2025', 'Craft of Weaving', 'Tatting', 'Season', 'Spring/Summer']",https://www.aliexpress.us/item/3256809968918995.html?algo_pvid=b9cc4b84-901c-4023-a89a-1a28ec464442&algo_exp_id=b9cc4b84-901c-4023-a89a-1a28ec464442-13&pdp_ext_f=%7B%22order%22%3A%22977%22%2C%22eval%22%3A%221%22%2C%22orig_sl_item_id%22%3A%221005010155233747%22%2C%22orig_item_id%22%3A%221005009749898421%22%2C%22fromPage%22%3A%22search%22%7D&pdp_npi=6%40dis%21USD%2115.75%217.56%21%21%21108.22%2151.95%21%402102eaa317729905216923047edb45%2112000051347358293%21sea%21US%210%21ABX%211%210%21n_tag%3A-29910%3Bd%3Ad1df2f05%3Bm03_new_user%3A-29895&curPageLogUid=pdbol0JffuFe&utparam-url=scene%3Asearch%7Cquery_from%3A%7Cx_object_id%3A1005010155233747%7C_p_origin_prod%3A1005009749898421
Women Summer Plaid Pleated Skirt With Necktie Bowtie Korean Jk Skirt Uniform Japanese School Preppy A Line Mini Skirts,$4.60 ,"https://ae-pic-a1.aliexpress-media.com/kf/S52218f168c8642269207fa5a022fba08e.jpg_220x220q75.jpg_.avif,https://ae-pic-a1.aliexpress-media.com/kf/S703e00fc367242edb4bfd38e9393e1fce.jpg_220x220q75.jpg_.avif,https://ae-pic-a1.aliexpress-media.com/kf/S0ec63f5bca2445cc93b3a2864edcd9551.jpg?has_lang=1&ver=2_220x220q75.jpg_.avif,https://ae-pic-a1.aliexpress-media.com/kf/S88f4e437c82942f4954d872ac848af54n.jpg_220x220q75.jpg_.avif,https://ae-pic-a1.aliexpress-media.com/kf/S1ec2306f79fa4a7a9ecaf6128972ae6e4.jpg_220x220q75.jpg_.avif","['Occasion', 'Music Festival', 'High-concerned chemical', 'None', 'Craft of Weaving', 'Knit', 'Season', 'Summer', 'Fabric Type', 'Leather', 'Age', 'Junior']",https://www.aliexpress.us/item/3256807375022038.html?algo_pvid=b9cc4b84-901c-4023-a89a-1a28ec464442&algo_exp_id=b9cc4b84-901c-4023-a89a-1a28ec464442-14&pdp_ext_f=%7B%22order%22%3A%22971%22%2C%22eval%22%3A%221%22%2C%22fromPage%22%3A%22search%22%7D&pdp_npi=6%40dis%21USD%2114.60%214.60%21%21%21100.33%2131.60%21%402102eaa317729905216923047edb45%2112000041300852285%21sea%21US%210%21ABX%211%210%21n_tag%3A-29910%3Bd%3Ad1df2f05%3Bm03_new_user%3A-29895%3BpisId%3A5000000197847450&curPageLogUid=0jBdRqHINpzO&utparam-url=scene%3Asearch%7Cquery_from%3A%7Cx_object_id%3A1005007561336790%7C_p_origin_prod%3A
AS AW25 pinstripe collection slip dress + knit mockneck top + embroidery cableknit + stripe pleat skirt,$19.50 ,"https://ae-pic-a1.aliexpress-media.com/kf/Sdfaec86ddb69431d88ab571b50512ae8P.jpg_220x220q75.jpg_.avif,https://ae-pic-a1.aliexpress-media.com/kf/Sdfaec86ddb69431d88ab571b50512ae8P.jpg_220x220q75.jpg_.avif,https://ae-pic-a1.aliexpress-media.com/kf/Sd1baffea02924da789227acb44c041710.jpg_220x220q75.jpg_.avif,https://ae-pic-a1.aliexpress-media.com/kf/Sd37a2006c4e54d87b2a676472bfa191cy.jpg?has_lang=1&ver=2_220x220q75.jpg_.avif,https://ae-pic-a1.aliexpress-media.com/kf/S69284a6dab3f427ca15f342ba564a1f8I.jpg_220x220q75.jpg_.avif","['High-concerned chemical', 'None', 'Craft of Weaving', 'Knit', 'Season', 'Autumn', 'is_customized', 'Yes', 'Fabric Type', 'Broadcloth', 'Age', 'Middle Age']",https://www.aliexpress.us/item/3256809584733545.html?algo_pvid=b9cc4b84-901c-4023-a89a-1a28ec464442&algo_exp_id=b9cc4b84-901c-4023-a89a-1a28ec464442-15&pdp_ext_f=%7B%22order%22%3A%22964%22%2C%22eval%22%3A%221%22%2C%22fromPage%22%3A%22search%22%7D&pdp_npi=6%40dis%21USD%2159.00%2119.50%21%21%2159.00%2119.50%21%402102eaa317729905216923047edb45%2112000050110561470%21sea%21US%210%21ABX%211%210%21n_tag%3A-29910%3Bd%3Ad1df2f05%3Bm03_new_user%3A-29895%3BpisId%3A5000000197847450&curPageLogUid=6vI82gX8xkUN&utparam-url=scene%3Asearch%7Cquery_from%3A%7Cx_object_id%3A1005009771048297%7C_p_origin_prod%3A
Womens Summer Sexy PU Faux Leather Pleated Mini Skirt High Waist Short Skirt Lingerie Hot Dance Outfit Clubwear,$0.99 ,"https://ae-pic-a1.aliexpress-media.com/kf/Sb52e353677494dcfb7dc9b153327c736U.jpg_220x220q75.jpg_.avif,https://ae-pic-a1.aliexpress-media.com/kf/Sb52e353677494dcfb7dc9b153327c736U.jpg_220x220q75.jpg_.avif,https://ae-pic-a1.aliexpress-media.com/kf/S1598b8fab6ce4aac8bb709ebe7168043S.jpg_220x220q75.jpg_.avif,https://ae-pic-a1.aliexpress-media.com/kf/Sc5947cab36a2440dae3af3c8c12f7e60t.jpg_220x220q75.jpg_.avif,https://ae-pic-a1.aliexpress-media.com/kf/Sf78e0a02cf1b4c76893138fbcec12189u.jpg_220x220q75.jpg_.avif","['High-concerned chemical', 'None', 'Craft of Weaving', 'Other', 'Season', 'All Season', 'is_customized', 'No', 'Fabric Type', 'Leather', 'Age', 'Junior']",https://www.aliexpress.us/item/3256806566048446.html?algo_pvid=b9cc4b84-901c-4023-a89a-1a28ec464442&algo_exp_id=b9cc4b84-901c-4023-a89a-1a28ec464442-16&pdp_ext_f=%7B%22order%22%3A%22963%22%2C%22eval%22%3A%221%22%2C%22fromPage%22%3A%22search%22%7D&pdp_npi=6%40dis%21USD%214.31%210.99%21%21%2129.65%216.83%21%402102eaa317729905216923047edb45%2112000038188312435%21sea%21US%210%21ABX%211%210%21n_tag%3A-29910%3Bd%3Ad1df2f05%3Bm03_new_user%3A-29895%3BpisId%3A5000000197847475&curPageLogUid=q1atmmXKkhaS&utparam-url=scene%3Asearch%7Cquery_from%3A%7Cx_object_id%3A1005006752363198%7C_p_origin_prod%3A
Women's Lace Mini Skirts Solid Color Summer Sexy Short Skirt Sexy Ultra Short Skirt Party Lace Skirts 2024 New Fashion,$0.99 ,"https://ae-pic-a1.aliexpress-media.com/kf/S3c5970603fae4ce6ac840be857696e11W.jpg_220x220q75.jpg_.avif,https://ae-pic-a1.aliexpress-media.com/kf/S3c5970603fae4ce6ac840be857696e11W.jpg_220x220q75.jpg_.avif,https://ae-pic-a1.aliexpress-media.com/kf/S79c10c82727e4eb39aa5385080540256z.jpg_220x220q75.jpg_.avif,https://ae-pic-a1.aliexpress-media.com/kf/Sdf13267742ee414e95d71e951ee4233dQ.jpg_220x220q75.jpg_.avif,https://ae-pic-a1.aliexpress-media.com/kf/S58f44347f3ba4cad906426f1a3f4a66d8.jpg_220x220q75.jpg_.avif","['High-concerned chemical', 'None', 'Release Date', 'Autumn 2024', 'Craft of Weaving', 'Tatting', 'Season', 'Spring/Summer', 'Fabric Type', 'Broadcloth', 'Age', 'Middle Age']",https://www.aliexpress.us/item/3256807034735480.html?algo_pvid=b9cc4b84-901c-4023-a89a-1a28ec464442&algo_exp_id=b9cc4b84-901c-4023-a89a-1a28ec464442-17&pdp_ext_f=%7B%22order%22%3A%22958%22%2C%22eval%22%3A%221%22%2C%22fromPage%22%3A%22search%22%7D&pdp_npi=6%40dis%21USD%216.25%210.99%21%21%2142.95%216.80%21%402102eaa317729905216923047edb45%2112000039859061289%21sea%21US%210%21ABX%211%210%21n_tag%3A-29910%3Bd%3Ad1df2f05%3Bm03_new_user%3A-29895%3BpisId%3A5000000197847475&curPageLogUid=EXCeSrQC34eU&utparam-url=scene%3Asearch%7Cquery_from%3A%7Cx_object_id%3A1005007221050232%7C_p_origin_prod%3A
Japanese Gothic Lolita Ribbon Short Suspender plaid Skirt Girls Sweet Cute Lace A-Line Mini Skirts summer2025 black solid kawaii,$25.30 ,"https://ae-pic-a1.aliexpress-media.com/kf/S0df068636ba74ed8a8ca0533d29bdbeao.jpg_220x220q75.jpg_.avif,https://ae-pic-a1.aliexpress-media.com/kf/Sdc423ff9a02547ecb45ebb51c56f4c67O.jpg_220x220q75.jpg_.avif,https://ae-pic-a1.aliexpress-media.com/kf/Sb51a9d53f8a043258e1516b8112fb087O.jpg_220x220q75.jpg_.avif,https://ae-pic-a1.aliexpress-media.com/kf/Sa03ad37f62fe4f389b03842d858f5431P.jpg_220x220q75.jpg_.avif,https://ae-pic-a1.aliexpress-media.com/kf/Sab6b8049ce894c98ac3dcfb0918a4352k.jpg_220x220q75.jpg_.avif","['High-concerned chemical', 'None', 'Release Date', 'Summer 2025', 'Craft of Weaving', 'Tatting', 'Season', 'Spring/Summer', 'is_customized', 'No', 'Fabric Type', 'Blended']",https://www.aliexpress.us/item/3256806645683853.html?algo_pvid=b9cc4b84-901c-4023-a89a-1a28ec464442&algo_exp_id=b9cc4b84-901c-4023-a89a-1a28ec464442-20&pdp_ext_f=%7B%22order%22%3A%22942%22%2C%22eval%22%3A%221%22%2C%22fromPage%22%3A%22search%22%7D&pdp_npi=6%40dis%21USD%2144.38%2125.30%21%21%21304.99%21173.84%21%402102eaa317729905216923047edb45%2112000042021332946%21sea%21US%210%21ABX%211%210%21n_tag%3A-29910%3Bd%3Ad1df2f05%3Bm03_new_user%3A-29895&curPageLogUid=Jabz1OOp61V9&utparam-url=scene%3Asearch%7Cquery_from%3A%7Cx_object_id%3A1005006831998605%7C_p_origin_prod%3A
Gothic Sweet Women Pleated Skirt Fashion Plaid Mini High Waist Chic Skirt Kawaii Summer Casual Ladies Plaid Pleated Skirt,$4.15 ,"https://ae-pic-a1.aliexpress-media.com/kf/S243cfe0d20c04ed48dadbb0b7ce72b2aM.jpg?has_lang=1&ver=2_220x220q75.jpg_.avif,https://ae-pic-a1.aliexpress-media.com/kf/S438d30d8990a406da8b9d0fe9c77b74dq.jpg?has_lang=1&ver=2_220x220q75.jpg_.avif,https://ae-pic-a1.aliexpress-media.com/kf/S5042fcfa1a21427faaf65b4e7b7a58bez.jpg_220x220q75.jpg_.avif,https://ae-pic-a1.aliexpress-media.com/kf/S12cb2fbe4f56438ebe51401d390f9d0dT.jpg?has_lang=1&ver=2_220x220q75.jpg_.avif,https://ae-pic-a1.aliexpress-media.com/kf/S28a877a1e8aa46e7869d054a98860040z.jpg?has_lang=1&ver=2_220x220q75.jpg_.avif","['High-concerned chemical', 'None', 'Season', 'All Season', 'Fabric Type', 'TWILL', 'Age', 'Junior', 'Waistline', 'empire', 'Dresses Length', 'Above Knee , Mini']",https://www.aliexpress.us/item/3256801445174310.html?algo_pvid=b9cc4b84-901c-4023-a89a-1a28ec464442&algo_exp_id=b9cc4b84-901c-4023-a89a-1a28ec464442-22&pdp_ext_f=%7B%22order%22%3A%22938%22%2C%22eval%22%3A%221%22%2C%22fromPage%22%3A%22search%22%7D&pdp_npi=6%40dis%21USD%2111.15%214.15%21%21%2111.15%214.15%21%402102eaa317729905216923047edb45%2112000016895979501%21sea%21US%210%21ABX%211%210%21n_tag%3A-29910%3Bd%3Ad1df2f05%3Bm03_new_user%3A-29895%3BpisId%3A5000000197847475&curPageLogUid=25psO43KJDtg&utparam-url=scene%3Asearch%7Cquery_from%3A%7Cx_object_id%3A1005001631489062%7C_p_origin_prod%3A
White Ruffles Elegant Mini Skirts Fashion 2025 Women High Waist Pleated Fluffy A-Line Skirt Summer Loose Communte Female Clothes,$1.72 ,"https://ae-pic-a1.aliexpress-media.com/kf/Sfe58a4418fd646fba2a2b5b73c7393ddS.jpg_220x220q75.jpg_.avif,https://ae-pic-a1.aliexpress-media.com/kf/Sfe58a4418fd646fba2a2b5b73c7393ddS.jpg_220x220q75.jpg_.avif,https://ae-pic-a1.aliexpress-media.com/kf/S880f501bf1994cfb92c13dd30ed9e1348.jpg_220x220q75.jpg_.avif,https://ae-pic-a1.aliexpress-media.com/kf/Sae18fdbfd1d8420fa53405c58d78f3a8R.jpg_220x220q75.jpg_.avif,https://ae-pic-a1.aliexpress-media.com/kf/Sb0c24bbf29374d6fbaff886d12032445I.jpg_220x220q75.jpg_.avif","['High-concerned chemical', 'None', 'Release Date', 'Winter 2024', 'Craft of Weaving', 'Tatting', 'Season', 'Spring/Summer', 'is_customized', 'Yes', 'Fabric Type', 'Broadcloth']",https://www.aliexpress.us/item/3256808297476049.html?algo_pvid=b9cc4b84-901c-4023-a89a-1a28ec464442&algo_exp_id=b9cc4b84-901c-4023-a89a-1a28ec464442-26&pdp_ext_f=%7B%22order%22%3A%22912%22%2C%22eval%22%3A%221%22%2C%22fromPage%22%3A%22search%22%7D&pdp_npi=6%40dis%21USD%2117.79%211.72%21%21%21122.27%2111.80%21%402102eaa317729905216923047edb45%2112000045347387870%21sea%21US%210%21ABX%211%210%21n_tag%3A-29910%3Bd%3Ad1df2f05%3Bm03_new_user%3A-29895%3BpisId%3A5000000197847475&curPageLogUid=1HnFkPtAxSxu&utparam-url=scene%3Asearch%7Cquery_from%3A%7Cx_object_id%3A1005008483790801%7C_p_origin_prod%3A
Wolfeel Summer White Mini Skirt High Waist Sexy Cute Ruffle Vintage Tennis Skirt Elastic Waist Tutu Short Skirts for Women,$4.93 ,"https://ae-pic-a1.aliexpress-media.com/kf/S2abfe5b40747491fabd503003efe7cb0q.jpg_220x220q75.jpg_.avif,https://ae-pic-a1.aliexpress-media.com/kf/S2abfe5b40747491fabd503003efe7cb0q.jpg_220x220q75.jpg_.avif,https://ae-pic-a1.aliexpress-media.com/kf/S8b520a5fa397421da822889516a82315z.jpg_220x220q75.jpg_.avif,https://ae-pic-a1.aliexpress-media.com/kf/Sf807787f2f1a4ff48c1532ca4efa4b56I.jpg_220x220q75.jpg_.avif,https://ae-pic-a1.aliexpress-media.com/kf/S7c514b4a9b244e5c9cee546e8781af96C.jpg_220x220q75.jpg_.avif","['High-concerned chemical', 'None', 'Craft of Weaving', 'Tatting', 'Season', 'Spring/Summer', 'is_customized', 'No', 'Fabric Type', 'Chiffon', 'Age', 'Middle Age']",https://www.aliexpress.us/item/3256806857962417.html?algo_pvid=b9cc4b84-901c-4023-a89a-1a28ec464442&algo_exp_id=b9cc4b84-901c-4023-a89a-1a28ec464442-27&pdp_ext_f=%7B%22order%22%3A%22904%22%2C%22eval%22%3A%221%22%2C%22fromPage%22%3A%22search%22%7D&pdp_npi=6%40dis%21USD%2114.93%214.93%21%21%21102.58%2133.85%21%402102eaa317729905216923047edb45%2112000039204487408%21sea%21US%210%21ABX%211%210%21n_tag%3A-29910%3Bd%3Ad1df2f05%3Bm03_new_user%3A-29895%3BpisId%3A5000000197847450&curPageLogUid=63MOFajjWKLN&utparam-url=scene%3Asearch%7Cquery_from%3A%7Cx_object_id%3A1005007044277169%7C_p_origin_prod%3A
Transparent Sexy Lace Mesh Skirt Elastic High Waist Black White Tulle Mini Skirts Womens Skirt Korean Fashion,$0.99 ,"https://ae-pic-a1.aliexpress-media.com/kf/S7b34afac56d84f069f13a63ba46e610d4.jpg_220x220q75.jpg_.avif,https://ae-pic-a1.aliexpress-media.com/kf/S940b7aacabac4667bb014ddd674f4edaT.jpg_220x220q75.jpg_.avif,https://ae-pic-a1.aliexpress-media.com/kf/S796b98b2b7304445b7cb23f2af80d6e7t.jpg_220x220q75.jpg_.avif,https://ae-pic-a1.aliexpress-media.com/kf/S80d19262bac64374a19770983767ad7dy.jpg_220x220q75.jpg_.avif,https://ae-pic-a1.aliexpress-media.com/kf/Sba8119a4bb5c4280a5728aa8d9fa98c5f.jpg_220x220q75.jpg_.avif","['Craft of Weaving', 'Knit', 'Season', 'All Season', 'Fabric Type', 'Mesh', 'Age', 'Junior', 'Waistline', 'empire', 'Dresses Length', 'Above Knee , Mini']",https://www.aliexpress.us/item/3256803892348630.html?algo_pvid=b9cc4b84-901c-4023-a89a-1a28ec464442&algo_exp_id=b9cc4b84-901c-4023-a89a-1a28ec464442-28&pdp_ext_f=%7B%22order%22%3A%22903%22%2C%22eval%22%3A%221%22%2C%22fromPage%22%3A%22search%22%7D&pdp_npi=6%40dis%21USD%214.60%210.99%21%21%214.60%210.99%21%402102eaa317729905216923047edb45%2112000027968633770%21sea%21US%210%21ABX%211%210%21n_tag%3A-29910%3Bd%3Ad1df2f05%3Bm03_new_user%3A-29895%3BpisId%3A5000000198352206&curPageLogUid=MfwoEsj1nlys&utparam-url=scene%3Asearch%7Cquery_from%3A%7Cx_object_id%3A1005004078663382%7C_p_origin_prod%3A
Preppy Girl Pleated Skirts Elastic Waist Summer Vintage Mini Skirts Korean Streetwear Spring Student Strips Designed Dance Skirt,$2.48 ,"https://ae-pic-a1.aliexpress-media.com/kf/S9187415be52c4e4d8c673c2cc77ae79ds.jpg_220x220q75.jpg_.avif,https://ae-pic-a1.aliexpress-media.com/kf/S87625bd588a44a5492db813d2d55f2cbV.jpg?has_lang=1&ver=1_220x220q75.jpg_.avif,https://ae-pic-a1.aliexpress-media.com/kf/S7a9a078edb744857a71d62d558553c04k.jpg_220x220q75.jpg_.avif,https://ae-pic-a1.aliexpress-media.com/kf/S1b23a106f407420aa1307225d19ab88em.jpg_220x220q75.jpg_.avif,https://ae-pic-a1.aliexpress-media.com/kf/S285ab909c93e40a7a80cce0fdbe8c28dV.jpg_220x220q75.jpg_.avif","['High-concerned chemical', 'None', 'Craft of Weaving', 'Knit', 'Season', 'All Season', 'is_customized', 'Yes', 'Fabric Type', 'Knitted', 'Age', 'Junior']",https://www.aliexpress.us/item/3256806860642313.html?algo_pvid=b9cc4b84-901c-4023-a89a-1a28ec464442&algo_exp_id=b9cc4b84-901c-4023-a89a-1a28ec464442-29&pdp_ext_f=%7B%22order%22%3A%22894%22%2C%22eval%22%3A%221%22%2C%22fromPage%22%3A%22search%22%7D&pdp_npi=6%40dis%21USD%2118.70%212.48%21%21%21128.54%2117.03%21%402102eaa317729905216923047edb45%2112000039213050379%21sea%21US%210%21ABX%211%210%21n_tag%3A-29910%3Bd%3Ad1df2f05%3Bm03_new_user%3A-29895%3BpisId%3A5000000197847475&curPageLogUid=78lmeSEzbtlZ&utparam-url=scene%3Asearch%7Cquery_from%3A%7Cx_object_id%3A1005007046957065%7C_p_origin_prod%3A
White Ruffles Mini Skirt Women Kawaii Elastic Waist A-line Loose Preppy Style Cute Short Pleated Skirt Korean Fashion,$0.99 ,"https://ae-pic-a1.aliexpress-media.com/kf/Sa083c979f866472591bcee3a2f4e8e2fW.jpg_220x220q75.jpg_.avif,https://ae-pic-a1.aliexpress-media.com/kf/Sa083c979f866472591bcee3a2f4e8e2fW.jpg_220x220q75.jpg_.avif,https://ae-pic-a1.aliexpress-media.com/kf/S5a3cff0fbe1c47b49132a9fe899f3adco.jpg_220x220q75.jpg_.avif,https://ae-pic-a1.aliexpress-media.com/kf/Sfd0e6788d40c49e180a4650d98c3cd2cy.jpg_220x220q75.jpg_.avif,https://ae-pic-a1.aliexpress-media.com/kf/Sd3cad518f8874c95aa5ed6cd62070d43i.jpg_220x220q75.jpg_.avif","['Occasion', 'Music Festival', 'Festival', ""Valentine's Day"", 'High-concerned chemical', 'None', 'Release Date', 'Summer 2025', 'Craft of Weaving', 'Tatting', 'Season', 'Summer']",https://www.aliexpress.us/item/3256806830325804.html?algo_pvid=b9cc4b84-901c-4023-a89a-1a28ec464442&algo_exp_id=b9cc4b84-901c-4023-a89a-1a28ec464442-31&pdp_ext_f=%7B%22order%22%3A%22877%22%2C%22eval%22%3A%221%22%2C%22fromPage%22%3A%22search%22%7D&pdp_npi=6%40dis%21USD%218.90%210.99%21%21%2161.16%216.80%21%402102eaa317729905216923047edb45%2112000039084128049%21sea%21US%210%21ABX%211%210%21n_tag%3A-29910%3Bd%3Ad1df2f05%3Bm03_new_user%3A-29895%3BpisId%3A5000000197847458&curPageLogUid=HYPUpprluHNk&utparam-url=scene%3Asearch%7Cquery_from%3A%7Cx_object_id%3A1005007016640556%7C_p_origin_prod%3A
Black Skirt Spring Shirt Skirt Women Fake Hem Sweater Casual Korean Style Bottom Skirt Sweater Bottom Fake Shirt Buttock Skirt,$0.99 ,"https://ae-pic-a1.aliexpress-media.com/kf/S65ed590a0e4644d6b7ad6f2929d2c259M.jpg_220x220q75.jpg_.avif,https://ae-pic-a1.aliexpress-media.com/kf/S418538b588df4417812bf1a2fd997aaf7.jpg_220x220q75.jpg_.avif,https://ae-pic-a1.aliexpress-media.com/kf/Sc6d6df0849604dc191388c2aa95e8100Z.jpg_220x220q75.jpg_.avif,https://ae-pic-a1.aliexpress-media.com/kf/Se9b7994ac00c466a84232e565922be2d2.jpg_220x220q75.jpg_.avif,https://ae-pic-a1.aliexpress-media.com/kf/S7f9ea5ec9af74eba8fbf24e57beeb658a.jpg_220x220q75.jpg_.avif","['Season', 'All Season', 'Fabric Type', 'Blended', 'Age', 'Middle Age', 'Waistline', 'Natural', 'Dresses Length', 'Above Knee , Mini', 'Decoration', 'Button']",https://www.aliexpress.us/item/3256806036257415.html?algo_pvid=b9cc4b84-901c-4023-a89a-1a28ec464442&algo_exp_id=b9cc4b84-901c-4023-a89a-1a28ec464442-32&pdp_ext_f=%7B%22order%22%3A%22874%22%2C%22eval%22%3A%221%22%2C%22fromPage%22%3A%22search%22%7D&pdp_npi=6%40dis%21USD%217.39%210.99%21%21%2150.77%216.79%21%402102eaa317729905216923047edb45%2112000036348765012%21sea%21US%210%21ABX%211%210%21n_tag%3A-29910%3Bd%3Ad1df2f05%3Bm03_new_user%3A-29895%3BpisId%3A5000000197847475&curPageLogUid=7qpBTaL7dZjD&utparam-url=scene%3Asearch%7Cquery_from%3A%7Cx_object_id%3A1005006222572167%7C_p_origin_prod%3A
Lace Mini Skirts Women Elegant Sweet Lolita Short Skirts High Waist Y2k Streetwear Ruffle Skirts Lace Trim Butt Curtain Skirt,$0.99 ,"https://ae-pic-a1.aliexpress-media.com/kf/S4a0357f8afff422a9eda86dad1ace775A.jpg_220x220q75.jpg_.avif,https://ae-pic-a1.aliexpress-media.com/kf/S4a0357f8afff422a9eda86dad1ace775A.jpg_220x220q75.jpg_.avif,https://ae-pic-a1.aliexpress-media.com/kf/Sedaac1e7317148a8909065282ae30e00o.jpg?has_lang=1&ver=2_220x220q75.jpg_.avif,https://ae-pic-a1.aliexpress-media.com/kf/Sceb93314670444fab7f9897cb20890c5U.jpg?has_lang=1&ver=2_220x220q75.jpg_.avif,https://ae-pic-a1.aliexpress-media.com/kf/Sc3db9cd9353f408aaca353a4b38da0f3w.jpg_220x220q75.jpg_.avif","['High-concerned chemical', 'None', 'Craft of Weaving', 'Tatting', 'Season', 'Spring/Summer', 'Fabric Type', 'Lace', 'Age', 'Middle Age', 'Place Of Origin', 'China (mainland)']",https://www.aliexpress.us/item/3256808411683406.html?algo_pvid=b9cc4b84-901c-4023-a89a-1a28ec464442&algo_exp_id=b9cc4b84-901c-4023-a89a-1a28ec464442-33&pdp_ext_f=%7B%22order%22%3A%22867%22%2C%22eval%22%3A%221%22%2C%22fromPage%22%3A%22search%22%7D&pdp_npi=6%40dis%21USD%214.75%210.99%21%21%214.75%210.99%21%402102eaa317729905216923047edb45%2112000048960441457%21sea%21US%210%21ABX%211%210%21n_tag%3A-29910%3Bd%3Ad1df2f05%3Bm03_new_user%3A-29895%3BpisId%3A5000000198352206&curPageLogUid=OSfVHXIXYenK&utparam-url=scene%3Asearch%7Cquery_from%3A%7Cx_object_id%3A1005008597998158%7C_p_origin_prod%3A
Mikumn Gothic Lolita Retro Bow Pearl Buckle Ruffles Suspender Skirts Y2k Japanese Girls Sweet Kawaii Lace A-Line Mini Skirts,$19.20 ,"https://ae-pic-a1.aliexpress-media.com/kf/S48231dfb6fb945b281fb33c3a2feafd2n.jpg?has_lang=1&ver=2_220x220q75.jpg_.avif,https://ae-pic-a1.aliexpress-media.com/kf/Sba2da61e4841425688c23f324a289038i.jpg?has_lang=1&ver=2_220x220q75.jpg_.avif,https://ae-pic-a1.aliexpress-media.com/kf/S61d49f2fc89d4ad4a185e196bb35c5daU.jpg?has_lang=1&ver=2_220x220q75.jpg_.avif,https://ae-pic-a1.aliexpress-media.com/kf/S997ca954ad5640bcb26edbdc734f0e584.jpg?has_lang=1&ver=2_220x220q75.jpg_.avif,https://ae-pic-a1.aliexpress-media.com/kf/S3fe5c0b456f246b6869257cd70066e83I.jpg?has_lang=1&ver=2_220x220q75.jpg_.avif","['High-concerned chemical', 'None', 'Craft of Weaving', 'Tatting', 'Season', 'Summer', 'Fabric Type', 'Broadcloth', 'Age', 'Junior', 'Place Of Origin', 'China (mainland)']",https://www.aliexpress.us/item/3256807048916939.html?algo_pvid=b9cc4b84-901c-4023-a89a-1a28ec464442&algo_exp_id=b9cc4b84-901c-4023-a89a-1a28ec464442-34&pdp_ext_f=%7B%22order%22%3A%22856%22%2C%22eval%22%3A%221%22%2C%22fromPage%22%3A%22search%22%7D&pdp_npi=6%40dis%21USD%2122.59%2119.20%21%21%2122.59%2119.20%21%402102eaa317729905216923047edb45%2112000039906996109%21sea%21US%210%21ABX%211%210%21n_tag%3A-29910%3Bd%3Ad1df2f05%3Bm03_new_user%3A-29895&curPageLogUid=QxyNw5iL8UWP&utparam-url=scene%3Asearch%7Cquery_from%3A%7Cx_object_id%3A1005007235231691%7C_p_origin_prod%3A
Women's Skirt Fashion Streetwear Pink Polka Dot Pattern Sports Casual Style vintage Y2K Emo Girls Sweet Harajuku Cute Slim Skirt,$2.36 ,"https://ae-pic-a1.aliexpress-media.com/kf/Sed6dd4c88fd04070895e4bc5f8cd4facC.jpg_220x220q75.jpg_.avif,https://ae-pic-a1.aliexpress-media.com/kf/Sf37e111350f1438aa6266e7abfa1a13f4.jpg_220x220q75.jpg_.avif,https://ae-pic-a1.aliexpress-media.com/kf/Sed6dd4c88fd04070895e4bc5f8cd4facC.jpg_220x220q75.jpg_.avif,https://ae-pic-a1.aliexpress-media.com/kf/S7789f349b6954a5bbddfa6596384f885z.jpg_220x220q75.jpg_.avif,https://ae-pic-a1.aliexpress-media.com/kf/S992bf27c417f4d81abc8f9081a1098a1B.jpg_220x220q75.jpg_.avif","['High-concerned chemical', 'None', 'Craft of Weaving', 'Knit', 'Season', 'Summer', 'Fabric Type', 'Woven', 'Age', 'Junior', 'Place Of Origin', 'China (mainland)']",https://www.aliexpress.us/item/3256807069106373.html?algo_pvid=b9cc4b84-901c-4023-a89a-1a28ec464442&algo_exp_id=b9cc4b84-901c-4023-a89a-1a28ec464442-35&pdp_ext_f=%7B%22order%22%3A%22855%22%2C%22eval%22%3A%221%22%2C%22fromPage%22%3A%22search%22%7D&pdp_npi=6%40dis%21USD%2125.41%212.36%21%21%21174.63%2116.24%21%402102eaa317729905216923047edb45%2112000046697882639%21sea%21US%210%21ABX%211%210%21n_tag%3A-29910%3Bd%3Ad1df2f05%3Bm03_new_user%3A-29895%3BpisId%3A5000000201000927&curPageLogUid=UkpPB37ZxRFm&utparam-url=scene%3Asearch%7Cquery_from%3A%7Cx_object_id%3A1005007255421125%7C_p_origin_prod%3A
HXAO Leopard Long Skirts Women's 2024 Spring Summer Autumn Elegant Party Printed Skirts Ladies Fashion Casual Office Midi Skirts,$0.99 ,"https://ae-pic-a1.aliexpress-media.com/kf/Sba2356ca67ab4d9e836f5364bf91fc7b4.jpg_220x220q75.jpg_.avif,https://ae-pic-a1.aliexpress-media.com/kf/S1900d157c43741e5af1cd984f7bbe08ab.jpg_220x220q75.jpg_.avif,https://ae-pic-a1.aliexpress-media.com/kf/Se43ea28486c44ee9a38d2da196a9dcd8e.jpg_220x220q75.jpg_.avif,https://ae-pic-a1.aliexpress-media.com/kf/S496d3f0ce3f4492aac55107f20de33b0e.png_220x220.png_.avif,https://ae-pic-a1.aliexpress-media.com/kf/Scb455456e86c4edc9dbaeb65b50d0a5ev.jpg_220x220q75.jpg_.avif","['High-concerned chemical', 'None', 'Release Date', 'Autumn 2024', 'Craft of Weaving', 'Tatting', 'Season', 'Spring/Summer', 'is_customized', 'No', 'Fabric Type', 'Blended']",https://www.aliexpress.us/item/3256807446562972.html?algo_pvid=b9cc4b84-901c-4023-a89a-1a28ec464442&algo_exp_id=b9cc4b84-901c-4023-a89a-1a28ec464442-36&pdp_ext_f=%7B%22order%22%3A%22853%22%2C%22eval%22%3A%221%22%2C%22fromPage%22%3A%22search%22%7D&pdp_npi=6%40dis%21USD%2114.97%210.99%21%21%21102.91%216.84%21%402102eaa317729905216923047edb45%2112000041581075005%21sea%21US%210%21ABX%211%210%21n_tag%3A-29910%3Bd%3Ad1df2f05%3Bm03_new_user%3A-29895%3BpisId%3A5000000197847475&curPageLogUid=4DJInaBBApQq&utparam-url=scene%3Asearch%7Cquery_from%3A%7Cx_object_id%3A1005007632877724%7C_p_origin_prod%3A
Vintage Renaissance Pleated Maxi Corset Button Skirt Women A Line Costume Victoria High Waist Gown Big Swing Floor Ruffle Skirt,$18.63 ,"https://ae-pic-a1.aliexpress-media.com/kf/S34c8f317f8dd41809e9fcfa2fba80a98g.jpg_220x220q75.jpg_.avif,https://ae-pic-a1.aliexpress-media.com/kf/Saf60c04fb23f4e8daf618bcdc9f92023q.jpg_220x220q75.jpg_.avif,https://ae-pic-a1.aliexpress-media.com/kf/Sbcc7dcd478aa4ff1b5e419f5ff127c80X.jpg_220x220q75.jpg_.avif,https://ae-pic-a1.aliexpress-media.com/kf/Sd7b7311446c34d6a889db700a91c884a0.jpg_220x220q75.jpg_.avif,https://ae-pic-a1.aliexpress-media.com/kf/S01cd235471d448ddb03f075c2433fbcfE.jpg_220x220q75.jpg_.avif","['High-concerned chemical', 'None', 'Craft of Weaving', 'Knit', 'Season', 'Spring/Summer', 'Fabric Type', 'Broadcloth', 'Age', 'Middle Age', 'Place Of Origin', 'China (mainland)']",https://www.aliexpress.us/item/3256807295642495.html?algo_pvid=b9cc4b84-901c-4023-a89a-1a28ec464442&algo_exp_id=b9cc4b84-901c-4023-a89a-1a28ec464442-38&pdp_ext_f=%7B%22order%22%3A%22842%22%2C%22eval%22%3A%221%22%2C%22fromPage%22%3A%22search%22%7D&pdp_npi=6%40dis%21USD%2122.45%2118.63%21%21%2122.45%2118.63%21%402102eaa317729905216923047edb45%2112000040929364643%21sea%21US%210%21ABX%211%210%21n_tag%3A-29910%3Bd%3Ad1df2f05%3Bm03_new_user%3A-29895&curPageLogUid=KVIyyPC78oi3&utparam-url=scene%3Asearch%7Cquery_from%3A%7Cx_object_id%3A1005007481957247%7C_p_origin_prod%3A
Lace Asymmetrical Skirt Women Vintage Y2K Boho Aesthetic Fashion High Waist Mid Skirts Summer Ladies Holiday Outfits,$4.83 ,"https://ae-pic-a1.aliexpress-media.com/kf/Sf6c33e73b7a349b9830dbe5d72690d9dq.jpeg_220x220q75.jpeg_.avif,https://ae-pic-a1.aliexpress-media.com/kf/S86aac75277784975bc92d7946d3f04f9q.jpeg_220x220q75.jpeg_.avif,https://ae-pic-a1.aliexpress-media.com/kf/S8793bee6f55a41b5ae2206794f3576b54.jpeg_220x220q75.jpeg_.avif,https://ae-pic-a1.aliexpress-media.com/kf/Sf9db6c9a47164afa9b60eea6ec06f078Y.jpeg_220x220q75.jpeg_.avif,https://ae-pic-a1.aliexpress-media.com/kf/S91b98a40edf04a5ba6cbd094750e4bf2M.jpeg_220x220q75.jpeg_.avif","['High-concerned chemical', 'None', 'Craft of Weaving', 'Tatting', 'Season', 'Summer', 'Fabric Type', 'Lace', 'Age', 'Junior', 'Waistline', 'empire']",https://www.aliexpress.us/item/3256806636852767.html?algo_pvid=b9cc4b84-901c-4023-a89a-1a28ec464442&algo_exp_id=b9cc4b84-901c-4023-a89a-1a28ec464442-40&pdp_ext_f=%7B%22order%22%3A%22838%22%2C%22eval%22%3A%221%22%2C%22fromPage%22%3A%22search%22%7D&pdp_npi=6%40dis%21USD%2129.67%214.83%21%21%21203.95%2133.24%21%402102eaa317729905216923047edb45%2112000038417416027%21sea%21US%210%21ABX%211%210%21n_tag%3A-29910%3Bd%3Ad1df2f05%3Bm03_new_user%3A-29895%3BpisId%3A5000000197847450&curPageLogUid=T8tDsPftOczz&utparam-url=scene%3Asearch%7Cquery_from%3A%7Cx_object_id%3A1005006823167519%7C_p_origin_prod%3A
Summer Mini skirts for woman vintage korean fashion plaid skirts for women y2k skirts pleated green plaid skirts preppy style,$7.69 ,"https://ae-pic-a1.aliexpress-media.com/kf/Sd075cd16f77146f8910b0ccf1ec95c56x.jpg_220x220q75.jpg_.avif,https://ae-pic-a1.aliexpress-media.com/kf/S9b48dfc8b1014b968b4ebf1dbbd2c785L.jpg_220x220q75.jpg_.avif,https://ae-pic-a1.aliexpress-media.com/kf/S26d013bb538a41599d70a5558460c840u.jpg_220x220q75.jpg_.avif,https://ae-pic-a1.aliexpress-media.com/kf/S4ba02f8d1512465b923f84b09be98786j.jpg_220x220q75.jpg_.avif,https://ae-pic-a1.aliexpress-media.com/kf/Sa99f5fbb32c84f5eaf40a3da2dc9979cB.jpg_220x220q75.jpg_.avif","['High-concerned chemical', 'None', 'Release Date', 'Summer 2024', 'Craft of Weaving', 'Tatting', 'Season', 'Spring/Summer', 'is_customized', 'No', 'Fabric Type', 'Woolen']",https://www.aliexpress.us/item/3256806963198804.html?algo_pvid=b9cc4b84-901c-4023-a89a-1a28ec464442&algo_exp_id=b9cc4b84-901c-4023-a89a-1a28ec464442-41&pdp_ext_f=%7B%22order%22%3A%22831%22%2C%22eval%22%3A%221%22%2C%22fromPage%22%3A%22search%22%7D&pdp_npi=6%40dis%21USD%217.69%217.69%21%21%217.69%217.69%21%402102eaa317729905216923047edb45%2112000039595796300%21sea%21US%210%21ABX%211%210%21n_tag%3A-29910%3Bd%3Ad1df2f05%3Bm03_new_user%3A-29895&curPageLogUid=011iEtqWUroH&utparam-url=scene%3Asearch%7Cquery_from%3A%7Cx_object_id%3A1005007149513556%7C_p_origin_prod%3A
hirigin Women Pleated Bubble Mini Skirt Y2k Ruffle Hem Elastic Waist Puffy Short Skirt Tee Girls Cute Aline Balloon Skirt,$3.64 ,"https://ae-pic-a1.aliexpress-media.com/kf/Sc24051c009734a2aa1deb636ad9082dfT.jpg_220x220q75.jpg_.avif,https://ae-pic-a1.aliexpress-media.com/kf/S22adce275c514f65a3b0cb5f9721ef59E.jpg_220x220q75.jpg_.avif,https://ae-pic-a1.aliexpress-media.com/kf/S8ac67669b2764ac19c3d961477c2a3c1Q.jpg_220x220q75.jpg_.avif,https://ae-pic-a1.aliexpress-media.com/kf/Sf37ac2c459624292976e0347f7eb5d7dG.jpg_220x220q75.jpg_.avif,https://ae-pic-a1.aliexpress-media.com/kf/S079d7ba177ba4671b199480939c37108V.jpg_220x220q75.jpg_.avif","['High-concerned chemical', 'None', 'Craft of Weaving', 'Tatting', 'Season', 'Summer', 'is_customized', 'No', 'Fabric Type', 'Broadcloth', 'Age', 'Junior']",https://www.aliexpress.us/item/3256806775281269.html?algo_pvid=b9cc4b84-901c-4023-a89a-1a28ec464442&algo_exp_id=b9cc4b84-901c-4023-a89a-1a28ec464442-43&pdp_ext_f=%7B%22order%22%3A%22825%22%2C%22eval%22%3A%221%22%2C%22fromPage%22%3A%22search%22%7D&pdp_npi=6%40dis%21USD%2113.64%213.64%21%21%2113.64%213.64%21%402102eaa317729905216923047edb45%2112000038867265049%21sea%21US%210%21ABX%211%210%21n_tag%3A-29910%3Bd%3Ad1df2f05%3Bm03_new_user%3A-29895%3BpisId%3A5000000197847450&curPageLogUid=jVOrAGspUN1y&utparam-url=scene%3Asearch%7Cquery_from%3A%7Cx_object_id%3A1005006961596021%7C_p_origin_prod%3A
AS 2025 pinstripe denim skirt fashion woman clothes lady wear,$28.00 ,"https://ae-pic-a1.aliexpress-media.com/kf/Sd379341ea164441b97baddb5014ed859o.jpg_220x220q75.jpg_.avif,https://ae-pic-a1.aliexpress-media.com/kf/S85487eafbc324d9d85e76b583fce5967P.jpg_220x220q75.jpg_.avif,https://ae-pic-a1.aliexpress-media.com/kf/Sb89edbe92caa4bfb88130369a74b3110U.jpg_220x220q75.jpg_.avif,https://ae-pic-a1.aliexpress-media.com/kf/S0aac5a38505847c1a9666d718c6f49e2Q.jpg_220x220q75.jpg_.avif,https://ae-pic-a1.aliexpress-media.com/kf/Se7f9c1ae15d541a3bc40bf5b2c4841161.jpg_220x220q75.jpg_.avif","['High-concerned chemical', 'None', 'Craft of Weaving', 'Knit', 'Season', 'Spring/Summer', 'Fabric Type', 'Denim', 'Age', 'Junior', 'Waistline', 'Natural']",https://www.aliexpress.us/item/3256808468217146.html?algo_pvid=b9cc4b84-901c-4023-a89a-1a28ec464442&algo_exp_id=b9cc4b84-901c-4023-a89a-1a28ec464442-44&pdp_ext_f=%7B%22order%22%3A%22821%22%2C%22eval%22%3A%221%22%2C%22fromPage%22%3A%22search%22%7D&pdp_npi=6%40dis%21USD%2176.00%2128.00%21%21%2176.00%2128.00%21%402102eaa317729905216923047edb45%2112000046112525659%21sea%21US%210%21ABX%211%210%21n_tag%3A-29910%3Bd%3Ad1df2f05%3Bm03_new_user%3A-29895%3BpisId%3A5000000197847450&curPageLogUid=FX1mrM5r9AZk&utparam-url=scene%3Asearch%7Cquery_from%3A%7Cx_object_id%3A1005008654531898%7C_p_origin_prod%3A
Spring Summer Women Chiffon Skirts Vintage High Waist Elastic Patchwork White Black Chic Long Cake A-line Skirt for Student,$1.68 ,"https://ae-pic-a1.aliexpress-media.com/kf/Hcb88bb06362e4dfe88a7916650a92e35q.jpg_220x220q75.jpg_.avif,https://ae-pic-a1.aliexpress-media.com/kf/Hf4ad71cf71084ceb930e74d1e0ddbb2eF.jpg_220x220q75.jpg_.avif,https://ae-pic-a1.aliexpress-media.com/kf/Hc17196abec954ab18062c3893ba3f495w.jpg_220x220q75.jpg_.avif,https://ae-pic-a1.aliexpress-media.com/kf/H7fe0457a3f8f456eb8948f21fa249d03V.jpg_220x220q75.jpg_.avif,https://ae-pic-a1.aliexpress-media.com/kf/H7ed6a53a3a1248998cebbb16904c3f92H.jpg_220x220q75.jpg_.avif","['High-concerned chemical', 'None', 'Release Date', 'Spring 2024', 'Craft of Weaving', 'Tatting', 'Season', 'Spring/Summer', 'is_customized', 'No', 'Fabric Type', 'Broadcloth']",https://www.aliexpress.us/item/3256801832394404.html?algo_pvid=b9cc4b84-901c-4023-a89a-1a28ec464442&algo_exp_id=b9cc4b84-901c-4023-a89a-1a28ec464442-45&pdp_ext_f=%7B%22order%22%3A%22820%22%2C%22spu_best_type%22%3A%22price%22%2C%22eval%22%3A%221%22%2C%22fromPage%22%3A%22search%22%7D&pdp_npi=6%40dis%21USD%218.68%211.68%21%21%218.68%211.68%21%402102eaa317729905216923047edb45%2112000018432664182%21sea%21US%210%21ABX%211%210%21n_tag%3A-29910%3Bd%3Ad1df2f05%3Bm03_new_user%3A-29895%3BpisId%3A5000000197847475&curPageLogUid=zjfqNinLeEtF&utparam-url=scene%3Asearch%7Cquery_from%3A%7Cx_object_id%3A1005002018709156%7C_p_origin_prod%3A
Weird Puss Colorful Tassel Skirts Peach Hip Women Thin Knit Wild Sexy Midnight Summer Trend Stretch Skinny Streetwear Bodycon,$7.90 ,"https://ae-pic-a1.aliexpress-media.com/kf/S629a2489aa4642e8adf85d4facb896efk.jpg_220x220q75.jpg_.avif,https://ae-pic-a1.aliexpress-media.com/kf/S629a2489aa4642e8adf85d4facb896efk.jpg_220x220q75.jpg_.avif,https://ae-pic-a1.aliexpress-media.com/kf/S4c0a5734ffe3423eb24b16f957f001f1u.jpg_220x220q75.jpg_.avif,https://ae-pic-a1.aliexpress-media.com/kf/Sfc6d83e062ec4b6f9325442ff4adba99D.jpg_220x220q75.jpg_.avif,https://ae-pic-a1.aliexpress-media.com/kf/S77f633e625404f2baa5a426999a9624bh.jpg_220x220q75.jpg_.avif","['High-concerned chemical', 'None', 'Release Date', 'Summer 2024', 'Craft of Weaving', 'Knit', 'Season', 'Summer', 'is_customized', 'Yes', 'Fabric Type', 'Knitted']",https://www.aliexpress.us/item/3256807071132576.html?algo_pvid=b9cc4b84-901c-4023-a89a-1a28ec464442&algo_exp_id=b9cc4b84-901c-4023-a89a-1a28ec464442-46&pdp_ext_f=%7B%22order%22%3A%22809%22%2C%22eval%22%3A%221%22%2C%22fromPage%22%3A%22search%22%7D&pdp_npi=6%40dis%21USD%2117.55%217.90%21%21%21120.59%2154.27%21%402102eaa317729905216923047edb45%2112000041096688928%21sea%21US%210%21ABX%211%210%21n_tag%3A-29910%3Bd%3Ad1df2f05%3Bm03_new_user%3A-29895&curPageLogUid=NPKd8mV4vSxr&utparam-url=scene%3Asearch%7Cquery_from%3A%7Cx_object_id%3A1005007257447328%7C_p_origin_prod%3A
Goth Streetwear Gothic Skirt Women Harajuku Emo Alternative Grunge High Waist Bandage A-line Skirts Y2k E-girl Indie Clothes,$21.23 ,"https://ae-pic-a1.aliexpress-media.com/kf/S7a8ec0635cc243978afd59456186b304j.jpg_220x220q75.jpg_.avif,https://ae-pic-a1.aliexpress-media.com/kf/Se0ccc8bd1b244b93b307082a06d9410cR.jpg_220x220q75.jpg_.avif,https://ae-pic-a1.aliexpress-media.com/kf/S322c660659ca4c58902debaa9eeb7e2b0.jpg_220x220q75.jpg_.avif,https://ae-pic-a1.aliexpress-media.com/kf/S7635e2d760be49e8a6cd57e5f3beef11G.jpg_220x220q75.jpg_.avif,https://ae-pic-a1.aliexpress-media.com/kf/Sb372db6524914f46a1dab09b5eb4f6de7.jpg_220x220q75.jpg_.avif","['High-concerned chemical', 'None', 'Craft of Weaving', 'Tatting', 'Season', 'All Season', 'Fabric Type', 'Broadcloth', 'Age', 'Junior', 'Waistline', 'Natural']",https://www.aliexpress.us/item/3256808473903912.html?algo_pvid=b9cc4b84-901c-4023-a89a-1a28ec464442&algo_exp_id=b9cc4b84-901c-4023-a89a-1a28ec464442-47&pdp_ext_f=%7B%22order%22%3A%22807%22%2C%22eval%22%3A%221%22%2C%22orig_sl_item_id%22%3A%221005008660218664%22%2C%22orig_item_id%22%3A%221005008120257827%22%2C%22fromPage%22%3A%22search%22%7D&pdp_npi=6%40dis%21USD%2142.46%2121.23%21%21%21291.82%21145.91%21%402102eaa317729905216923047edb45%2112000046136043451%21sea%21US%210%21ABX%211%210%21n_tag%3A-29910%3Bd%3Ad1df2f05%3Bm03_new_user%3A-29895&curPageLogUid=gfVSPxIR5HGm&utparam-url=scene%3Asearch%7Cquery_from%3A%7Cx_object_id%3A1005008660218664%7C_p_origin_prod%3A1005008120257827
Sweet Puffy Cake Women Skirts Korean Fashion Ruched Ruffle Mini Skirt Campus Harajuku Casual Versatile Elastic Waist Solid Skirt,$17.11 ,"https://ae-pic-a1.aliexpress-media.com/kf/S7a1e0e1171114107923ab27de9e7e8e3B.jpg_220x220q75.jpg_.avif,https://ae-pic-a1.aliexpress-media.com/kf/S46cb7f09dd7f4cd2a5557db67133b1b3F.jpg_220x220q75.jpg_.avif,https://ae-pic-a1.aliexpress-media.com/kf/S010c8621402441a48dfeaab5eed4ffd5r.jpg_220x220q75.jpg_.avif,https://ae-pic-a1.aliexpress-media.com/kf/S2f91869c229541038aa5c7870b1ebc6e1.jpg_220x220q75.jpg_.avif,https://ae-pic-a1.aliexpress-media.com/kf/S265d54a12d0643d8a884086e8880f3fcj.jpg_220x220q75.jpg_.avif","['High-concerned chemical', 'None', 'Release Date', 'Spring 2025', 'Craft of Weaving', 'Tatting', 'Season', 'Spring/Summer', 'is_customized', 'No', 'Fabric Type', 'Blended']",https://www.aliexpress.us/item/3256808470034516.html?algo_pvid=b9cc4b84-901c-4023-a89a-1a28ec464442&algo_exp_id=b9cc4b84-901c-4023-a89a-1a28ec464442-48&pdp_ext_f=%7B%22order%22%3A%22804%22%2C%22eval%22%3A%221%22%2C%22fromPage%22%3A%22search%22%7D&pdp_npi=6%40dis%21USD%2131.11%2117.11%21%21%21213.83%21117.61%21%402102eaa317729905216923047edb45%2112000046118297219%21sea%21US%210%21ABX%211%210%21n_tag%3A-29910%3Bd%3Ad1df2f05%3Bm03_new_user%3A-29895&curPageLogUid=VLCjaauLc0cq&utparam-url=scene%3Asearch%7Cquery_from%3A%7Cx_object_id%3A1005008656349268%7C_p_origin_prod%3A
Tulle Skirt Women's Tutu Skirt 50s Rockabilly Petticoat for Carnival Costumes Tutu Underskirt Dance Skirt Ballet Skirt Cosplay,$0.99 ,"https://ae-pic-a1.aliexpress-media.com/kf/Se08ad0baaa584dadb8aa0cc5c6287da7V.jpg?has_lang=1&ver=2_220x220q75.jpg_.avif,https://ae-pic-a1.aliexpress-media.com/kf/Se08ad0baaa584dadb8aa0cc5c6287da7V.jpg?has_lang=1&ver=2_220x220q75.jpg_.avif,https://ae-pic-a1.aliexpress-media.com/kf/Scfca5a34667241e5b89649699156885dM.jpg_220x220q75.jpg_.avif,https://ae-pic-a1.aliexpress-media.com/kf/S58292fc9de4c4b128dd2bca842aff98e1.jpg_220x220q75.jpg_.avif,https://ae-pic-a1.aliexpress-media.com/kf/S3f25dbb45dcf4b36b5a9f7dd5be803afj.jpg_220x220q75.jpg_.avif","['High-concerned chemical', 'None', 'Craft of Weaving', 'Tatting', 'Season', 'Summer', 'is_customized', 'No', 'Fabric Type', 'Lace', 'Age', 'Junior']",https://www.aliexpress.us/item/3256806286075502.html?algo_pvid=b9cc4b84-901c-4023-a89a-1a28ec464442&algo_exp_id=b9cc4b84-901c-4023-a89a-1a28ec464442-49&pdp_ext_f=%7B%22order%22%3A%22792%22%2C%22eval%22%3A%221%22%2C%22fromPage%22%3A%22search%22%7D&pdp_npi=6%40dis%21USD%214.56%210.99%21%21%214.56%210.99%21%402102eaa317729905216923047edb45%2112000037320602884%21sea%21US%210%21ABX%211%210%21n_tag%3A-29910%3Bd%3Ad1df2f05%3Bm03_new_user%3A-29895%3BpisId%3A5000000197847475&curPageLogUid=ZbuXeIyKf2TF&utparam-url=scene%3Asearch%7Cquery_from%3A%7Cx_object_id%3A1005006472390254%7C_p_origin_prod%3A
Lady Mini Skirts Club Sexy Sweet Harajuku Girls Dance Short Skirt Street High Waist Ice Silk A-Line Flared Pleated Women Dress,$3.88 ,"https://ae-pic-a1.aliexpress-media.com/kf/Sc60623d654e0422294293887f6c51cfc9.jpg_220x220q75.jpg_.avif,https://ae-pic-a1.aliexpress-media.com/kf/S3d65f7cfb21b4e9e845eb92c98449b83M.jpg_220x220q75.jpg_.avif,https://ae-pic-a1.aliexpress-media.com/kf/S61a17f588b6640e18c7b2f299873cc52b.jpg_220x220q75.jpg_.avif,https://ae-pic-a1.aliexpress-media.com/kf/S5db9257fe6124ed89c3ad51b964af47e9.jpg_220x220q75.jpg_.avif,https://ae-pic-a1.aliexpress-media.com/kf/S64f9f740b41445e99c174c60014d8b1b5.jpg_220x220q75.jpg_.avif","['High-concerned chemical', 'None', 'Season', 'Spring/Summer', 'is_customized', 'No', 'Fabric Type', 'Nylon Cotton', 'Age', 'Junior', 'Place Of Origin', 'China (mainland)']",https://www.aliexpress.us/item/3256805935151985.html?algo_pvid=b9cc4b84-901c-4023-a89a-1a28ec464442&algo_exp_id=b9cc4b84-901c-4023-a89a-1a28ec464442-50&pdp_ext_f=%7B%22order%22%3A%22790%22%2C%22eval%22%3A%221%22%2C%22fromPage%22%3A%22search%22%7D&pdp_npi=6%40dis%21USD%213.88%213.88%21%21%213.88%213.88%21%402102eaa317729905216923047edb45%2112000035848406391%21sea%21US%210%21ABX%211%210%21n_tag%3A-29910%3Bd%3Ad1df2f05%3Bm03_new_user%3A-29895&curPageLogUid=klK1aPluidno&utparam-url=scene%3Asearch%7Cquery_from%3A%7Cx_object_id%3A1005006121466737%7C_p_origin_prod%3A
True ostrich feather Multicolor Mini Skirt Elastic Waist Sexy Clothing Club Party Dance Rave Short Skirt Note select 3 colors,$75.17 ,"https://ae-pic-a1.aliexpress-media.com/kf/Sd501c453ff6745d9a0d2fe5b3b879947Z.jpg?has_lang=1&ver=2_220x220q75.jpg_.avif,https://ae-pic-a1.aliexpress-media.com/kf/Sd501c453ff6745d9a0d2fe5b3b879947Z.jpg?has_lang=1&ver=2_220x220q75.jpg_.avif,https://ae-pic-a1.aliexpress-media.com/kf/Sb5770b2d8dc64529806a414ea9dd02a3y.jpg?has_lang=1&ver=2_220x220q75.jpg_.avif,https://ae-pic-a1.aliexpress-media.com/kf/S859f142545644625aa7d16ca9f4b67f5J.jpg_220x220q75.jpg_.avif,https://ae-pic-a1.aliexpress-media.com/kf/S861a36f2f68f41d7a40e9dd256a3b97dm.jpg_220x220q75.jpg_.avif","['High-concerned chemical', 'None', 'Craft of Weaving', 'Knit', 'Season', 'All Season', 'is_customized', 'Yes', 'Fabric Type', 'Blended', 'Age', 'Middle Age']",https://www.aliexpress.us/item/3256803939706788.html?algo_pvid=b9cc4b84-901c-4023-a89a-1a28ec464442&algo_exp_id=b9cc4b84-901c-4023-a89a-1a28ec464442-51&pdp_ext_f=%7B%22order%22%3A%22788%22%2C%22eval%22%3A%221%22%2C%22fromPage%22%3A%22search%22%7D&pdp_npi=6%40dis%21USD%21169.34%2175.17%21%21%211163.82%21516.62%21%402102eaa317729905216923047edb45%2112000029518710225%21sea%21US%210%21ABX%211%210%21n_tag%3A-29910%3Bd%3Ad1df2f05%3Bm03_new_user%3A-29895%3BpisId%3A5000000197847458&curPageLogUid=3Y7aZowoslcS&utparam-url=scene%3Asearch%7Cquery_from%3A%7Cx_object_id%3A1005004126021540%7C_p_origin_prod%3A
Tossy Snakeskin Printed Fashion Skirt Women's High Waist Slim Contrast Patchwork Commute Streetwear Female Vintage Y2k Skirt,$9.37 ,"https://ae-pic-a1.aliexpress-media.com/kf/Sb94cf9909e234b12b10c641c72ada95eI.jpg_220x220q75.jpg_.avif,https://ae-pic-a1.aliexpress-media.com/kf/Sb94cf9909e234b12b10c641c72ada95eI.jpg_220x220q75.jpg_.avif,https://ae-pic-a1.aliexpress-media.com/kf/S0d61c0a100d44335a9f932e9fa7a9786N.jpg_220x220q75.jpg_.avif,https://ae-pic-a1.aliexpress-media.com/kf/S1cc792d7e41d41aa9dd87b802af481cd1.jpg_220x220q75.jpg_.avif,https://ae-pic-a1.aliexpress-media.com/kf/S2bc5f5984e8f42a4b8798d8899647f13K.jpg_220x220q75.jpg_.avif","['High-concerned chemical', 'None', 'Release Date', 'Summer 2025', 'Craft of Weaving', 'Non-Woven', 'Season', 'All Season', 'is_customized', 'No', 'Fabric Type', 'Blended']",https://www.aliexpress.us/item/3256808735677865.html?algo_pvid=b9cc4b84-901c-4023-a89a-1a28ec464442&algo_exp_id=b9cc4b84-901c-4023-a89a-1a28ec464442-52&pdp_ext_f=%7B%22order%22%3A%22786%22%2C%22spu_best_type%22%3A%22price%22%2C%22eval%22%3A%221%22%2C%22fromPage%22%3A%22search%22%7D&pdp_npi=6%40dis%21USD%2115.61%219.37%21%21%2115.61%219.37%21%402102eaa317729905216923047edb45%2112000047216248139%21sea%21US%210%21ABX%211%210%21n_tag%3A-29910%3Bd%3Ad1df2f05%3Bm03_new_user%3A-29895&curPageLogUid=1V98yLSFIUaN&utparam-url=scene%3Asearch%7Cquery_from%3A%7Cx_object_id%3A1005008921992617%7C_p_origin_prod%3A
Sexy Female Women Glossy Patent Leather Skirt Ladies Low Rise Mini Skirt for Clubwear Party Pole Dancing Stage Performance,$4.16 ,"https://ae-pic-a1.aliexpress-media.com/kf/Sedda2ac9909543d0866ef46d55bf32bbT.jpg?has_lang=1&ver=2_220x220q75.jpg_.avif,https://ae-pic-a1.aliexpress-media.com/kf/Sc3a87e78cbb3470b904615a44575a511Q.jpg?has_lang=1&ver=2_220x220q75.jpg_.avif,https://ae-pic-a1.aliexpress-media.com/kf/S5b76b7109cdd4dd4bf76e94b2dd53034g.jpg?has_lang=1&ver=2_220x220q75.jpg_.avif,https://ae-pic-a1.aliexpress-media.com/kf/Se4afd342a0f54fa6ae218abf8dabdb767.jpg?has_lang=1&ver=2_220x220q75.jpg_.avif,https://ae-pic-a1.aliexpress-media.com/kf/S5e4ca450abe74c99940b8e8fbf8e114eE.jpg?has_lang=1&ver=2_220x220q75.jpg_.avif","['Occasion', 'Music Festival', 'Festival', 'Halloween', 'High-concerned chemical', 'None', 'Release Date', 'Summer 2025', 'Craft of Weaving', 'Tatting', 'Season', 'Summer']",https://www.aliexpress.us/item/2251832867391817.html?algo_pvid=b9cc4b84-901c-4023-a89a-1a28ec464442&algo_exp_id=b9cc4b84-901c-4023-a89a-1a28ec464442-54&pdp_ext_f=%7B%22order%22%3A%22777%22%2C%22eval%22%3A%221%22%2C%22fromPage%22%3A%22search%22%7D&pdp_npi=6%40dis%21USD%214.95%214.16%21%21%214.95%214.16%21%402102eaa317729905216923047edb45%2112000032221494949%21sea%21US%210%21ABX%211%210%21n_tag%3A-29910%3Bd%3Ad1df2f05%3Bm03_new_user%3A-29895&curPageLogUid=8pr7Y10jENpM&utparam-url=scene%3Asearch%7Cquery_from%3A%7Cx_object_id%3A33053706569%7C_p_origin_prod%3A
AS 2025 spring summer woman linen one pieces wrap skirts adjustable waist 2cm skirt high quality linen lady wear,$30.00 ,"https://ae-pic-a1.aliexpress-media.com/kf/Sbdf0d0e02c994dc4ac5b28cb716d2fa6I.jpg_220x220q75.jpg_.avif,https://ae-pic-a1.aliexpress-media.com/kf/Sbdf0d0e02c994dc4ac5b28cb716d2fa6I.jpg_220x220q75.jpg_.avif,https://ae-pic-a1.aliexpress-media.com/kf/Sd39395fa7e7049219c15487d63beede7R.jpg_220x220q75.jpg_.avif,https://ae-pic-a1.aliexpress-media.com/kf/S7f6d995b9f894f789a984e480790d832g.jpg_220x220q75.jpg_.avif,https://ae-pic-a1.aliexpress-media.com/kf/Sda101e9f0910414c90ccaea9c440098fF.jpg_220x220q75.jpg_.avif","['High-concerned chemical', 'None', 'Craft of Weaving', 'Tatting', 'Season', 'All Season', 'Fabric Type', 'Broadcloth', 'Age', 'Middle Age', 'Waistline', 'Natural']",https://www.aliexpress.us/item/3256808481673285.html?algo_pvid=b9cc4b84-901c-4023-a89a-1a28ec464442&algo_exp_id=b9cc4b84-901c-4023-a89a-1a28ec464442-55&pdp_ext_f=%7B%22order%22%3A%22772%22%2C%22spu_best_type%22%3A%22price%22%2C%22eval%22%3A%221%22%2C%22fromPage%22%3A%22search%22%7D&pdp_npi=6%40dis%21USD%2179.00%2130.00%21%21%2179.00%2130.00%21%402102eaa317729905216923047edb45%2112000046162841029%21sea%21US%210%21ABX%211%210%21n_tag%3A-29910%3Bd%3Ad1df2f05%3Bm03_new_user%3A-29895%3BpisId%3A5000000197847458&curPageLogUid=nZyQ0K8xs8XA&utparam-url=scene%3Asearch%7Cquery_from%3A%7Cx_object_id%3A1005008667988037%7C_p_origin_prod%3A
Women Mini Skirt Sheer for Women Low-rise Lifting Clubwear Solid Color Sexy Ultrathin Skinny Style for A Flirty Look Mini Skirt,$0.99 ,"https://ae-pic-a1.aliexpress-media.com/kf/Se9f950ef799c4136bf84c0227f24dcda9.jpg_220x220q75.jpg_.avif,https://ae-pic-a1.aliexpress-media.com/kf/Sa39f2e854dc9462f9c8d1b1e2760826dY.jpg_220x220q75.jpg_.avif,https://ae-pic-a1.aliexpress-media.com/kf/S91f854f680994620b0bd246b0b7686d4x.jpg_220x220q75.jpg_.avif,https://ae-pic-a1.aliexpress-media.com/kf/Sb2e90b73625e4bf199f3594b52bded28X.png_220x220.png_.avif,https://ae-pic-a1.aliexpress-media.com/kf/Sf6185a2c7686465abfc0fad9aa943ca2O.png_220x220.png_.avif","['High-concerned chemical', 'None', 'Release Date', 'Autumn 2024', 'Craft of Weaving', 'Knit', 'Season', 'All Season', 'is_customized', 'No', 'Fabric Type', 'jacquard']",https://www.aliexpress.us/item/3256807615850809.html?algo_pvid=b9cc4b84-901c-4023-a89a-1a28ec464442&algo_exp_id=b9cc4b84-901c-4023-a89a-1a28ec464442-57&pdp_ext_f=%7B%22order%22%3A%22763%22%2C%22eval%22%3A%221%22%2C%22fromPage%22%3A%22search%22%7D&pdp_npi=6%40dis%21USD%214.95%210.99%21%21%214.95%210.99%21%402102eaa317729905216923047edb45%2112000042252718629%21sea%21US%210%21ABX%211%210%21n_tag%3A-29910%3Bd%3Ad1df2f05%3Bm03_new_user%3A-29895%3BpisId%3A5000000197847475&curPageLogUid=xbps4Am7nGZF&utparam-url=scene%3Asearch%7Cquery_from%3A%7Cx_object_id%3A1005007802165561%7C_p_origin_prod%3A
"Lolita Flying Saucer Petticoat - Boneless Maximum Volume Crinoline, Invisible Wire-Free Underskirt for Daily Gothic Sweet OP/JSK",$1.12 ,"https://ae-pic-a1.aliexpress-media.com/kf/S21a70e29e19848b1b3d0d9c33cb982f5q.jpg?has_lang=1&ver=2_220x220q75.jpg_.avif,https://ae-pic-a1.aliexpress-media.com/kf/Sf05f257b94444307b39f5005445a0583V.jpg?has_lang=1&ver=2_220x220q75.jpg_.avif,https://ae-pic-a1.aliexpress-media.com/kf/Sf04cc1c6e66c4d3d9600f7d1ec3c9fa3s.jpg?has_lang=1&ver=2_220x220q75.jpg_.avif,https://ae-pic-a1.aliexpress-media.com/kf/S6c984767d46e4f1ba767509be676d6c4b.jpg?has_lang=1&ver=2_220x220q75.jpg_.avif,https://ae-pic-a1.aliexpress-media.com/kf/S2006c32e1b5149c3b75040d695d1ce9an.jpg_220x220q75.jpg_.avif","['Occasion', 'Party', 'Festival', 'Carnivals', 'High-concerned chemical', 'None', 'Release Date', 'Summer 2025', 'Craft of Weaving', 'Tatting', 'Season', 'Spring/Summer']",https://www.aliexpress.us/item/3256809563583669.html?algo_pvid=b9cc4b84-901c-4023-a89a-1a28ec464442&algo_exp_id=b9cc4b84-901c-4023-a89a-1a28ec464442-58&pdp_ext_f=%7B%22order%22%3A%22761%22%2C%22spu_best_type%22%3A%22price%22%2C%22eval%22%3A%221%22%2C%22fromPage%22%3A%22search%22%7D&pdp_npi=6%40dis%21USD%2116.92%211.12%21%21%21116.31%217.72%21%402102eaa317729905216923047edb45%2112000050040948144%21sea%21US%210%21ABX%211%210%21n_tag%3A-29910%3Bd%3Ad1df2f05%3Bm03_new_user%3A-29895%3BpisId%3A5000000197847475&curPageLogUid=2IoMtXlqrIVE&utparam-url=scene%3Asearch%7Cquery_from%3A%7Cx_object_id%3A1005009749898421%7C_p_origin_prod%3A
Japanese Sweet Lolita Style Mini Skirt Women Elegant Lace Bandage Party Cake Skirts Female Gothic Y2k Metal Buckle Skirt,$12.74 ,"https://ae-pic-a1.aliexpress-media.com/kf/Sa9723917c8f7468ea0b4c6e2f44029eaL.jpg?has_lang=1&ver=1_220x220q75.jpg_.avif,https://ae-pic-a1.aliexpress-media.com/kf/Sa9723917c8f7468ea0b4c6e2f44029eaL.jpg?has_lang=1&ver=1_220x220q75.jpg_.avif,https://ae-pic-a1.aliexpress-media.com/kf/S9ac58c97a68446c4be938f1317313574o.jpeg_220x220q75.jpeg_.avif,https://ae-pic-a1.aliexpress-media.com/kf/S0ac5876a46c64166a4f43a7e74144b78G.jpg_220x220q75.jpg_.avif,https://ae-pic-a1.aliexpress-media.com/kf/Sb602aa0952334036b7b0bcb25d9fd7c3U.jpg_220x220q75.jpg_.avif","['High-concerned chemical', 'None', 'Release Date', 'Summer 2025', 'Craft of Weaving', 'Tatting', 'Season', 'Summer', 'is_customized', 'No', 'Fabric Type', 'Polyester Fiber']",https://www.aliexpress.us/item/3256808992008986.html?algo_pvid=b9cc4b84-901c-4023-a89a-1a28ec464442&algo_exp_id=b9cc4b84-901c-4023-a89a-1a28ec464442-59&pdp_ext_f=%7B%22order%22%3A%22760%22%2C%22eval%22%3A%221%22%2C%22fromPage%22%3A%22search%22%7D&pdp_npi=6%40dis%21USD%2123.59%2112.74%21%21%21162.16%2187.57%21%402102eaa317729905216923047edb45%2112000053165110122%21sea%21US%210%21ABX%211%210%21n_tag%3A-29910%3Bd%3Ad1df2f05%3Bm03_new_user%3A-29895&curPageLogUid=8e34FqU1Avty&utparam-url=scene%3Asearch%7Cquery_from%3A%7Cx_object_id%3A1005009178323738%7C_p_origin_prod%3A
Patchwork Tiered Skirt Women 2025 Summer Vintage Checkered High Waisted Elastic Waist Slimming Midi Skir,$0.99 ,"https://ae-pic-a1.aliexpress-media.com/kf/Se37b3c5919544010baa6fc916e8193174.jpg_220x220q75.jpg_.avif,https://ae-pic-a1.aliexpress-media.com/kf/Se37b3c5919544010baa6fc916e8193174.jpg_220x220q75.jpg_.avif,https://ae-pic-a1.aliexpress-media.com/kf/S54ff640eb79f4d8ca57740968d56298e9.jpg_220x220q75.jpg_.avif,https://ae-pic-a1.aliexpress-media.com/kf/Saddc99d18b094abd8112de0bb8398eaba.jpg_220x220q75.jpg_.avif,https://ae-pic-a1.aliexpress-media.com/kf/S3061bf3317034bb9933faa95cac59349L.jpg_220x220q75.jpg_.avif","['High-concerned chemical', 'None', 'Release Date', 'Summer 2025', 'Craft of Weaving', 'Knit', 'Season', 'Summer', 'is_customized', 'No', 'Fabric Type', 'Blended']",https://www.aliexpress.us/item/3256808483607271.html?algo_pvid=97bd464f-6ac0-4ae1-a976-9be85e397b59&algo_exp_id=97bd464f-6ac0-4ae1-a976-9be85e397b59-0&pdp_ext_f=%7B%22order%22%3A%22712%22%2C%22spu_best_type%22%3A%22price%22%2C%22eval%22%3A%221%22%2C%22fromPage%22%3A%22search%22%7D&pdp_npi=6%40dis%21USD%2112.97%210.99%21%21%2189.12%216.76%21%402103849717729911070312868ebce7%2112000046169498428%21sea%21US%210%21ABX%211%210%21n_tag%3A-29910%3Bd%3Ad1df2f05%3Bm03_new_user%3A-29895%3BpisId%3A5000000197847475&curPageLogUid=5xTdFZdX1VP6&utparam-url=scene%3Asearch%7Cquery_from%3A%7Cx_object_id%3A1005008669922023%7C_p_origin_prod%3A
Summer Printed Fashion Long Skirt for Women High Waist Contrast Patchwork Slim Elegant Party Looks Ladies Y2k Maxi Skirt,$9.07 ,"https://ae-pic-a1.aliexpress-media.com/kf/S9d7300fbb8d2462c89baaee6f9dc6410Q.jpg_220x220q75.jpg_.avif,https://ae-pic-a1.aliexpress-media.com/kf/S286a62148e064e019e2568fd80af1154I.jpg_220x220q75.jpg_.avif,https://ae-pic-a1.aliexpress-media.com/kf/S627e4f03aa6442a4a42d5dad6d8fcccdI.jpg_220x220q75.jpg_.avif,https://ae-pic-a1.aliexpress-media.com/kf/Sc4d9f25c579f4bf8874340e648a68e44b.jpg_220x220q75.jpg_.avif,https://ae-pic-a1.aliexpress-media.com/kf/S6f8ca1711d6944f8bf1c371e8ccf01b3G.jpg_220x220q75.jpg_.avif","['High-concerned chemical', 'None', 'Release Date', 'Spring 2025', 'Craft of Weaving', 'Non-Woven', 'Season', 'All Season', 'is_customized', 'No', 'Fabric Type', 'Blended']",https://www.aliexpress.us/item/3256808440125543.html?algo_pvid=97bd464f-6ac0-4ae1-a976-9be85e397b59&algo_exp_id=97bd464f-6ac0-4ae1-a976-9be85e397b59-1&pdp_ext_f=%7B%22order%22%3A%22710%22%2C%22eval%22%3A%221%22%2C%22fromPage%22%3A%22search%22%7D&pdp_npi=6%40dis%21USD%2119.07%219.07%21%21%21131.08%2162.35%21%402103849717729911070312868ebce7%2112000046007245854%21sea%21US%210%21ABX%211%210%21n_tag%3A-29910%3Bd%3Ad1df2f05%3Bm03_new_user%3A-29895%3BpisId%3A5000000197847450&curPageLogUid=V19R3dWN3mzY&utparam-url=scene%3Asearch%7Cquery_from%3A%7Cx_object_id%3A1005008626440295%7C_p_origin_prod%3A
Shestyle Lace Transparent Long Skirts for Women Asymmetrical Floral Ruffles Summer 2025 Nre Stylish Outfits Holiday Slit Elegant,$20.55 ,"https://ae-pic-a1.aliexpress-media.com/kf/Sca85bb63c6224818a35774272325b2b9j.jpg_220x220q75.jpg_.avif,https://ae-pic-a1.aliexpress-media.com/kf/Sca85bb63c6224818a35774272325b2b9j.jpg_220x220q75.jpg_.avif,https://ae-pic-a1.aliexpress-media.com/kf/S4232b44bcacc466087d20b139f982e2fy.jpg_220x220q75.jpg_.avif,https://ae-pic-a1.aliexpress-media.com/kf/Sbefa6bdf8b6c4783b6b5ef65a3cc782ca.jpg_220x220q75.jpg_.avif,https://ae-pic-a1.aliexpress-media.com/kf/Sf430d5f157e2440c8903c5b3fd5ccce9e.jpg_220x220q75.jpg_.avif","['High-concerned chemical', 'None', 'Release Date', 'Summer 2025', 'Craft of Weaving', 'Tatting', 'Season', 'Spring/Summer', 'is_customized', 'No', 'Fabric Type', 'Lace']",https://www.aliexpress.us/item/3256808525322484.html?algo_pvid=97bd464f-6ac0-4ae1-a976-9be85e397b59&algo_exp_id=97bd464f-6ac0-4ae1-a976-9be85e397b59-3&pdp_ext_f=%7B%22order%22%3A%22709%22%2C%22eval%22%3A%221%22%2C%22fromPage%22%3A%22search%22%7D&pdp_npi=6%40dis%21USD%2136.69%2120.55%21%21%2136.69%2120.55%21%402103849717729911070312868ebce7%2112000046349705235%21sea%21US%210%21ABX%211%210%21n_tag%3A-29910%3Bd%3Ad1df2f05%3Bm03_new_user%3A-29895&curPageLogUid=1uYCQ6ynFpxA&utparam-url=scene%3Asearch%7Cquery_from%3A%7Cx_object_id%3A1005008711637236%7C_p_origin_prod%3A
Linad Sexy Lace White Asymmetrical Midi Skirts Street Chic Satin High Waist Slim Skirt Summer Casual Solid Skirt Female 2025,$32.84 ,"https://ae-pic-a1.aliexpress-media.com/kf/Sef5450f25e8341808e643a51a37137be3.jpg_220x220q75.jpg_.avif,https://ae-pic-a1.aliexpress-media.com/kf/Sef5450f25e8341808e643a51a37137be3.jpg_220x220q75.jpg_.avif,https://ae-pic-a1.aliexpress-media.com/kf/S4ab6e16d2e864d8cbf7bd54a736051549.jpg_220x220q75.jpg_.avif,https://ae-pic-a1.aliexpress-media.com/kf/S00ab15750f6749a1817ee9e3ae582d2aX.jpg?has_lang=1&ver=1_220x220q75.jpg_.avif,https://ae-pic-a1.aliexpress-media.com/kf/Sf302162c555a401299c115756c348545Z.jpg?has_lang=1&ver=1_220x220q75.jpg_.avif","['High-concerned chemical', 'None', 'Release Date', 'Summer 2025', 'Craft of Weaving', 'Tatting', 'Season', 'All Season', 'is_customized', 'No', 'Fabric Type', 'Satin']",https://www.aliexpress.us/item/3256809065379605.html?algo_pvid=97bd464f-6ac0-4ae1-a976-9be85e397b59&algo_exp_id=97bd464f-6ac0-4ae1-a976-9be85e397b59-4&pdp_ext_f=%7B%22order%22%3A%22697%22%2C%22eval%22%3A%221%22%2C%22fromPage%22%3A%22search%22%7D&pdp_npi=6%40dis%21USD%2146.91%2132.84%21%21%21322.42%21225.69%21%402103849717729911070312868ebce7%2112000048514302830%21sea%21US%210%21ABX%211%210%21n_tag%3A-29910%3Bd%3Ad1df2f05%3Bm03_new_user%3A-29895&curPageLogUid=wsRsWYsJanjK&utparam-url=scene%3Asearch%7Cquery_from%3A%7Cx_object_id%3A1005009251694357%7C_p_origin_prod%3A
Pleated Skirt with Shorts Women Sexy High Waist Irregular White Black A-line Gyaru Tennis extreme Mini Skirt School,$0.99 ,"https://ae-pic-a1.aliexpress-media.com/kf/S83c3d9f4f4c5476a82c4f758219d8b63i.jpeg?has_lang=1&ver=2_220x220q75.jpeg_.avif,https://ae-pic-a1.aliexpress-media.com/kf/S5ab3061bcbb1430d803bc1267be0f46bp.jpeg_220x220q75.jpeg_.avif,https://ae-pic-a1.aliexpress-media.com/kf/S6d6de35f3cb0489a9e2afc5aef6ed16d8.jpeg?has_lang=1&ver=2_220x220q75.jpeg_.avif,https://ae-pic-a1.aliexpress-media.com/kf/S2cce97c4014149c596952fd089f1569da.jpeg?has_lang=1&ver=2_220x220q75.jpeg_.avif,https://ae-pic-a1.aliexpress-media.com/kf/Saabb83b4c0334b9887d6c8f048a610af4.jpeg?has_lang=1&ver=2_220x220q75.jpeg_.avif","['High-concerned chemical', 'None', 'Craft of Weaving', 'Tatting', 'Season', 'Spring/Summer', 'Fabric Type', 'Broadcloth', 'Age', 'Junior', 'Waistline', 'empire']",https://www.aliexpress.us/item/3256806693352354.html?algo_pvid=97bd464f-6ac0-4ae1-a976-9be85e397b59&algo_exp_id=97bd464f-6ac0-4ae1-a976-9be85e397b59-5&pdp_ext_f=%7B%22order%22%3A%22697%22%2C%22spu_best_type%22%3A%22price%22%2C%22eval%22%3A%221%22%2C%22fromPage%22%3A%22search%22%7D&pdp_npi=6%40dis%21USD%2121.26%210.99%21%21%21146.11%216.82%21%402103849717729911070312868ebce7%2112000038601506964%21sea%21US%210%21ABX%211%210%21n_tag%3A-29910%3Bd%3Ad1df2f05%3Bm03_new_user%3A-29895%3BpisId%3A5000000197847450&curPageLogUid=AGtGzA8LwLOL&utparam-url=scene%3Asearch%7Cquery_from%3A%7Cx_object_id%3A1005006879667106%7C_p_origin_prod%3A
Summer Kawaii Mini A-line Skirt Adorable Flirty High Waist Ruffle Patchwork Lolita Ball Gown Y2K Korean Sweet Women's Clothing,$1.70 ,"https://ae-pic-a1.aliexpress-media.com/kf/S3331f85c528b44c5b2e59d82b8b795bcL.jpg_220x220q75.jpg_.avif,https://ae-pic-a1.aliexpress-media.com/kf/S3331f85c528b44c5b2e59d82b8b795bcL.jpg_220x220q75.jpg_.avif,https://ae-pic-a1.aliexpress-media.com/kf/Sfc255da39c9f4febb0d331f0753cb02fX.jpg_220x220q75.jpg_.avif,https://ae-pic-a1.aliexpress-media.com/kf/Sc8a6169e2c61432590d19796b559637eZ.jpg_220x220q75.jpg_.avif,https://ae-pic-a1.aliexpress-media.com/kf/S1b7797e89bc44cc2acd6781178c68d82R.jpg_220x220q75.jpg_.avif","['Occasion', 'Party', 'Festival', 'Christmas', 'High-concerned chemical', 'None', 'Release Date', 'Summer 2025', 'Craft of Weaving', 'Tatting', 'Season', 'Summer']",https://www.aliexpress.us/item/3256808337032065.html?algo_pvid=97bd464f-6ac0-4ae1-a976-9be85e397b59&algo_exp_id=97bd464f-6ac0-4ae1-a976-9be85e397b59-6&pdp_ext_f=%7B%22order%22%3A%22696%22%2C%22eval%22%3A%221%22%2C%22fromPage%22%3A%22search%22%7D&pdp_npi=6%40dis%21USD%218.70%211.70%21%21%2159.76%2111.65%21%402103849717729911070312868ebce7%2112000045551883720%21sea%21US%210%21ABX%211%210%21n_tag%3A-29910%3Bd%3Ad1df2f05%3Bm03_new_user%3A-29895%3BpisId%3A5000000197847475&curPageLogUid=dO48jTlv43Jy&utparam-url=scene%3Asearch%7Cquery_from%3A%7Cx_object_id%3A1005008523346817%7C_p_origin_prod%3A
Black White Long Tulle Lace Mesh Skirt Women Petticoat Underskirt Summer Korean Irregular Cover Up Skirt Tutu Skirt For Girl,$0.99 ,"https://ae-pic-a1.aliexpress-media.com/kf/S4915575508914898bb3d9e122c32ea1bl.jpg_220x220q75.jpg_.avif,https://ae-pic-a1.aliexpress-media.com/kf/S0b22a7a1af4a477eb3957bc8da9a98b52.jpg_220x220q75.jpg_.avif,https://ae-pic-a1.aliexpress-media.com/kf/S372a8496a237473d918a842a9d5632522.jpg_220x220q75.jpg_.avif,https://ae-pic-a1.aliexpress-media.com/kf/S3735d6019d2d44bd8496bab63f2c24872.jpg_220x220q75.jpg_.avif,https://ae-pic-a1.aliexpress-media.com/kf/Saacb74a4fc6245f5a3d2263d98d5b638e.jpg_220x220q75.jpg_.avif","['Season', 'Summer', 'Fabric Type', 'Mesh', 'Age', '18-24 Years', 'Waistline', 'empire', 'Dresses Length', 'Mid-Calf', 'Decoration', 'Hollow Out']",https://www.aliexpress.us/item/3256805149813969.html?algo_pvid=97bd464f-6ac0-4ae1-a976-9be85e397b59&algo_exp_id=97bd464f-6ac0-4ae1-a976-9be85e397b59-7&pdp_ext_f=%7B%22order%22%3A%22696%22%2C%22spu_best_type%22%3A%22price%22%2C%22eval%22%3A%221%22%2C%22fromPage%22%3A%22search%22%7D&pdp_npi=6%40dis%21USD%214.94%210.99%21%21%214.94%210.99%21%402103849717729911070312868ebce7%2112000032655918972%21sea%21US%210%21ABX%211%210%21n_tag%3A-29910%3Bd%3Ad1df2f05%3Bm03_new_user%3A-29895%3BpisId%3A5000000197847475&curPageLogUid=3DxvmpPaggsJ&utparam-url=scene%3Asearch%7Cquery_from%3A%7Cx_object_id%3A1005005336128721%7C_p_origin_prod%3A
2026 Fashion New Pleated Skirts Women S-5XL Vintage Young Basic Leisure Korean All-match Autumn High Waist Female College Clothe,$10.82 ,"https://ae-pic-a1.aliexpress-media.com/kf/S5cc45fe34ebb4a59a7b7732c2bdf5e98Y.jpg_220x220q75.jpg_.avif,https://ae-pic-a1.aliexpress-media.com/kf/S565f2ba29e6c4e7a9df77cb84e571e1cg.jpg_220x220q75.jpg_.avif,https://ae-pic-a1.aliexpress-media.com/kf/S0a7953bfe50847a6999578368dc149d2L.jpg_220x220q75.jpg_.avif,https://ae-pic-a1.aliexpress-media.com/kf/Scd4fae3c544c4c7dba060b535fdae268J.jpg_220x220q75.jpg_.avif,https://ae-pic-a1.aliexpress-media.com/kf/S1a703f500f244b1eb061c584498c80a5N.jpg_220x220q75.jpg_.avif","['Occasion', 'Office', 'Festival', 'Back to school season', 'High-concerned chemical', 'None', 'Release Date', 'Winter 2025', 'Craft of Weaving', 'Tatting', 'Season', 'Autumn/Winter']",https://www.aliexpress.us/item/3256805804793756.html?algo_pvid=97bd464f-6ac0-4ae1-a976-9be85e397b59&algo_exp_id=97bd464f-6ac0-4ae1-a976-9be85e397b59-9&pdp_ext_f=%7B%22order%22%3A%22693%22%2C%22spu_best_type%22%3A%22price%22%2C%22eval%22%3A%221%22%2C%22fromPage%22%3A%22search%22%7D&pdp_npi=6%40dis%21USD%2115.46%2110.82%21%21%2115.46%2110.82%21%402103849717729911070312868ebce7%2112000035206926196%21sea%21US%210%21ABX%211%210%21n_tag%3A-29910%3Bd%3Ad1df2f05%3Bm03_new_user%3A-29895&curPageLogUid=HDZUimhuBGzd&utparam-url=scene%3Asearch%7Cquery_from%3A%7Cx_object_id%3A1005005991108508%7C_p_origin_prod%3A
Elastic Waist Slim Women Short Skirt Sexy Elegant All-Match Basic Mini Skirt Winter Sweet Casual Knit Imitation Mink Fur Skirt,$0.99 ,"https://ae-pic-a1.aliexpress-media.com/kf/Se064351938234701bc4261268388088ah.jpg_220x220q75.jpg_.avif,https://ae-pic-a1.aliexpress-media.com/kf/S8f59b947078f4223961981d30f6b0476F.jpg_220x220q75.jpg_.avif,https://ae-pic-a1.aliexpress-media.com/kf/S7cb031180fee4b8eba196f1967bb56e2e.jpg_220x220q75.jpg_.avif,https://ae-pic-a1.aliexpress-media.com/kf/Sfe03c797527049f4a96b27b944ef0611k.jpg_220x220q75.jpg_.avif,https://ae-pic-a1.aliexpress-media.com/kf/S48c8180be1be43aab1daf97313c69903H.jpg_220x220q75.jpg_.avif","['High-concerned chemical', 'None', 'Craft of Weaving', 'Knit', 'Season', 'Autumn/Winter', 'Fabric Type', 'Blended', 'Age', 'Middle Age', 'Place Of Origin', 'China (mainland)']",https://www.aliexpress.us/item/3256807872274880.html?algo_pvid=97bd464f-6ac0-4ae1-a976-9be85e397b59&algo_exp_id=97bd464f-6ac0-4ae1-a976-9be85e397b59-10&pdp_ext_f=%7B%22order%22%3A%22679%22%2C%22eval%22%3A%221%22%2C%22fromPage%22%3A%22search%22%7D&pdp_npi=6%40dis%21USD%216.95%210.99%21%21%2147.74%216.78%21%402103849717729911070312868ebce7%2112000043486517388%21sea%21US%210%21ABX%211%210%21n_tag%3A-29910%3Bd%3Ad1df2f05%3Bm03_new_user%3A-29895%3BpisId%3A5000000197847475&curPageLogUid=lKpFpeoUh3CX&utparam-url=scene%3Asearch%7Cquery_from%3A%7Cx_object_id%3A1005008058589632%7C_p_origin_prod%3A
TOYOUTH Women Skirt 2025 Summer New Skirt 8520027,$25.88 ,"https://ae-pic-a1.aliexpress-media.com/kf/S1680b169ec964854805a141479195ed4R.jpg_220x220q75.jpg_.avif,https://ae-pic-a1.aliexpress-media.com/kf/S03e0fffd81c7434aa3a74523a8eaa9a3V.jpg_220x220q75.jpg_.avif,https://ae-pic-a1.aliexpress-media.com/kf/S4da5be21755c4b658807b210d6f8f3ce8.jpg_220x220q75.jpg_.avif,https://ae-pic-a1.aliexpress-media.com/kf/Sf6ce7c4f53124ba18cf23681ebd2c215S.jpg_220x220q75.jpg_.avif,https://ae-pic-a1.aliexpress-media.com/kf/S084ec2ec4e2f4d408f7be37b792a1b45e.jpg_220x220q75.jpg_.avif","['High-concerned chemical', 'None', 'Release Date', 'Summer 2024', 'Craft of Weaving', 'Tatting', 'Season', 'Summer', 'is_customized', 'No', 'Fabric Type', 'Blended']",https://www.aliexpress.us/item/3256808422317884.html?algo_pvid=97bd464f-6ac0-4ae1-a976-9be85e397b59&algo_exp_id=97bd464f-6ac0-4ae1-a976-9be85e397b59-12&pdp_ext_f=%7B%22order%22%3A%22675%22%2C%22eval%22%3A%221%22%2C%22fromPage%22%3A%22search%22%7D&pdp_npi=6%40dis%21USD%2185.43%2125.88%21%21%2185.43%2125.88%21%402103849717729911070312868ebce7%2112000045935076324%21sea%21US%210%21ABX%211%210%21n_tag%3A-29910%3Bd%3Ad1df2f05%3Bm03_new_user%3A-29895%3BpisId%3A5000000197847450&curPageLogUid=DPnznRzGStfn&utparam-url=scene%3Asearch%7Cquery_from%3A%7Cx_object_id%3A1005008608632636%7C_p_origin_prod%3A
Women White Long Skirt Fashion Pockets Pleated Knee Length Skirts Autumn 2024 New Casual Elegant High Waist A Line Femme Skirts,$0.99 ,"https://ae-pic-a1.aliexpress-media.com/kf/Sa484ceab8ca244c7af42bb22edf012d6G.jpg_220x220q75.jpg_.avif,https://ae-pic-a1.aliexpress-media.com/kf/Sa484ceab8ca244c7af42bb22edf012d6G.jpg_220x220q75.jpg_.avif,https://ae-pic-a1.aliexpress-media.com/kf/S1a4348c73a4e4fa487ab135bdab84b5dt.jpg_220x220q75.jpg_.avif,https://ae-pic-a1.aliexpress-media.com/kf/Sa52ec4a2ae354a169cc0566a75a7a39eS.jpg_220x220q75.jpg_.avif,https://ae-pic-a1.aliexpress-media.com/kf/Sd360ff685dbe488998c94b1d2415d28fU.jpg_220x220q75.jpg_.avif","['High-concerned chemical', 'None', 'Release Date', 'Autumn 2024', 'Craft of Weaving', 'Tatting', 'Season', 'Autumn/Winter', 'Fabric Type', 'Broadcloth', 'Age', 'Junior']",https://www.aliexpress.us/item/3256807792301375.html?algo_pvid=97bd464f-6ac0-4ae1-a976-9be85e397b59&algo_exp_id=97bd464f-6ac0-4ae1-a976-9be85e397b59-13&pdp_ext_f=%7B%22order%22%3A%22674%22%2C%22eval%22%3A%221%22%2C%22fromPage%22%3A%22search%22%7D&pdp_npi=6%40dis%21USD%2115.98%213.39%21%21%2115.98%213.39%21%402103849717729911070312868ebce7%2112000043129901046%21sea%21US%210%21ABX%211%210%21n_tag%3A-29910%3Bd%3Ad1df2f05%3Bm03_new_user%3A-29895%3BpisId%3A5000000197847475&curPageLogUid=3qXa73YbEwBB&utparam-url=scene%3Asearch%7Cquery_from%3A%7Cx_object_id%3A1005007978616127%7C_p_origin_prod%3A
Irregular Printed Big Swing Long Skirts For Women High Waist Buttock Cover A-Line Maxi Skirt Female Vintage Bottom Clothes,$20.03 ,"https://ae-pic-a1.aliexpress-media.com/kf/S3535cedd0e7547f2b89c6600998a6bacm.jpg_220x220q75.jpg_.avif,https://ae-pic-a1.aliexpress-media.com/kf/S3535cedd0e7547f2b89c6600998a6bacm.jpg_220x220q75.jpg_.avif,https://ae-pic-a1.aliexpress-media.com/kf/S2e33bcd8bf164f33b73d504bb62c43e00.jpg_220x220q75.jpg_.avif,https://ae-pic-a1.aliexpress-media.com/kf/Sbb8afea640654cc28e6435f4394baaeeC.jpg_220x220q75.jpg_.avif,https://ae-pic-a1.aliexpress-media.com/kf/S42bf124f34f44d1fb6f439c7b9a3fb63f.jpg_220x220q75.jpg_.avif","['High-concerned chemical', 'None', 'Release Date', 'Summer 2025', 'Craft of Weaving', 'Tatting', 'Season', 'Spring/Summer', 'is_customized', 'No', 'Fabric Type', 'Broadcloth']",https://www.aliexpress.us/item/3256809340165286.html?algo_pvid=97bd464f-6ac0-4ae1-a976-9be85e397b59&algo_exp_id=97bd464f-6ac0-4ae1-a976-9be85e397b59-14&pdp_ext_f=%7B%22order%22%3A%22670%22%2C%22spu_best_type%22%3A%22price%22%2C%22eval%22%3A%221%22%2C%22fromPage%22%3A%22search%22%7D&pdp_npi=6%40dis%21USD%2139.28%2120.03%21%21%21270.00%21137.70%21%402103849717729911070312868ebce7%2112000051714757820%21sea%21US%210%21ABX%211%210%21n_tag%3A-29910%3Bd%3Ad1df2f05%3Bm03_new_user%3A-29895&curPageLogUid=7UTivmSJ0jFV&utparam-url=scene%3Asearch%7Cquery_from%3A%7Cx_object_id%3A1005009526480038%7C_p_origin_prod%3A
AS 2024 Retro corduroy skirt a little stretch + soft super high stretch closed-fit basic tops (ship out in 1 day),$14.00 ,"https://ae-pic-a1.aliexpress-media.com/kf/S4c1f051076054bd497b27817ef77708du.jpg_220x220q75.jpg_.avif,https://ae-pic-a1.aliexpress-media.com/kf/S4c1f051076054bd497b27817ef77708du.jpg_220x220q75.jpg_.avif,https://ae-pic-a1.aliexpress-media.com/kf/S0974c514733649c59b8ad984af1673357.jpg_220x220q75.jpg_.avif,https://ae-pic-a1.aliexpress-media.com/kf/S0c17321f0fa4423f8e2845a8191dca61p.jpg?has_lang=1&ver=1_220x220q75.jpg_.avif,https://ae-pic-a1.aliexpress-media.com/kf/Sb807a3a0aac34c1a824db52bb992f56er.jpg_220x220q75.jpg_.avif","['High-concerned chemical', 'None', 'Craft of Weaving', 'Knit', 'Season', 'Autumn/Winter', 'is_customized', 'Yes', 'Fabric Type', 'corduroy', 'Age', 'Middle Age']",https://www.aliexpress.us/item/3256807523968235.html?algo_pvid=97bd464f-6ac0-4ae1-a976-9be85e397b59&algo_exp_id=97bd464f-6ac0-4ae1-a976-9be85e397b59-16&pdp_ext_f=%7B%22order%22%3A%22662%22%2C%22eval%22%3A%221%22%2C%22fromPage%22%3A%22search%22%7D&pdp_npi=6%40dis%21USD%2148.00%2114.00%21%21%2148.00%2114.00%21%402103849717729911070312868ebce7%2112000041936276740%21sea%21US%210%21ABX%211%210%21n_tag%3A-29910%3Bd%3Ad1df2f05%3Bm03_new_user%3A-29895%3BpisId%3A5000000197847450&curPageLogUid=i3NKeTRNm1uw&utparam-url=scene%3Asearch%7Cquery_from%3A%7Cx_object_id%3A1005007710282987%7C_p_origin_prod%3A
Sexy black lace high waist mini skirt women summer streetwear short skirts woman clothes 2026 fashion casual Straight skirt hot,$20.63 ,"https://ae-pic-a1.aliexpress-media.com/kf/S1c29cad4d5a1424ea09bdc6a9661c0506.jpg_220x220q75.jpg_.avif,https://ae-pic-a1.aliexpress-media.com/kf/S3051abed3d0848678448a274ac9e1251S.jpg_220x220q75.jpg_.avif,https://ae-pic-a1.aliexpress-media.com/kf/S1e4c6114b65146d4b47792bffb6c559cC.jpg_220x220q75.jpg_.avif,https://ae-pic-a1.aliexpress-media.com/kf/S8b0942ad50b3408c98d3dc8bd12dbca7L.jpg_220x220q75.jpg_.avif,https://ae-pic-a1.aliexpress-media.com/kf/Sea0170df861543ba9d096aa071c127baU.jpg_220x220q75.jpg_.avif","['Occasion', 'Party', 'Festival', 'Carnivals', 'High-concerned chemical', 'None', 'Release Date', 'Spring 2026', 'Craft of Weaving', 'Knit', 'Season', 'Summer']",https://www.aliexpress.us/item/3256809661850467.html?algo_pvid=97bd464f-6ac0-4ae1-a976-9be85e397b59&algo_exp_id=97bd464f-6ac0-4ae1-a976-9be85e397b59-19&pdp_ext_f=%7B%22order%22%3A%22657%22%2C%22eval%22%3A%221%22%2C%22fromPage%22%3A%22search%22%7D&pdp_npi=6%40dis%21USD%2131.74%2120.63%21%21%2131.74%2120.63%21%402103849717729911070312868ebce7%2112000050351300633%21sea%21US%210%21ABX%211%210%21n_tag%3A-29910%3Bd%3Ad1df2f05%3Bm03_new_user%3A-29895&curPageLogUid=vGBL0KshXcQF&utparam-url=scene%3Asearch%7Cquery_from%3A%7Cx_object_id%3A1005009848165219%7C_p_origin_prod%3A
Women's Blue Black Riveted Belt Denim Skirt Y2K Harajuku High Street Fashion 90s Sexy A-line Mini Skirt Summer Clothing 2026 New,$9.64 ,"https://ae-pic-a1.aliexpress-media.com/kf/S68f67e013bec4c349e9dbc206c09696ep.jpg?has_lang=1&ver=2_220x220q75.jpg_.avif,https://ae-pic-a1.aliexpress-media.com/kf/S05a935b282c048769bbcfb79eb6035a0m.jpg?has_lang=1&ver=1_220x220q75.jpg_.avif,https://ae-pic-a1.aliexpress-media.com/kf/S10b5e69bbedd407dab21440459d1c8305.jpg?has_lang=1&ver=2_220x220q75.jpg_.avif,https://ae-pic-a1.aliexpress-media.com/kf/S8b607a3f989a47f595937b6fbec5601eU.jpg?has_lang=1&ver=2_220x220q75.jpg_.avif,https://ae-pic-a1.aliexpress-media.com/kf/S964e14805ceb4b359d33f77ae64d9133T.jpg_220x220q75.jpg_.avif","['High-concerned chemical', 'None', 'Release Date', 'Summer 2025', 'Craft of Weaving', 'Tatting', 'Season', 'Summer', 'is_customized', 'No', 'Fabric Type', 'Blended']",https://www.aliexpress.us/item/3256808613180042.html?algo_pvid=97bd464f-6ac0-4ae1-a976-9be85e397b59&algo_exp_id=97bd464f-6ac0-4ae1-a976-9be85e397b59-20&pdp_ext_f=%7B%22order%22%3A%22656%22%2C%22eval%22%3A%221%22%2C%22fromPage%22%3A%22search%22%7D&pdp_npi=6%40dis%21USD%2117.87%219.64%21%21%21122.79%2166.24%21%402103849717729911070312868ebce7%2112000047605424692%21sea%21US%210%21ABX%211%210%21n_tag%3A-29910%3Bd%3Ad1df2f05%3Bm03_new_user%3A-29895%3BpisId%3A5000000201950879&curPageLogUid=r1ddoxnJwQU2&utparam-url=scene%3Asearch%7Cquery_from%3A%7Cx_object_id%3A1005008799494794%7C_p_origin_prod%3A
Mooyufon Women's Fashion Spring New Black Wide Pleated Swing Vintage Chic Female High Waist Elegant A-line Long Skirt Mujer,$9.42 ,"https://ae-pic-a1.aliexpress-media.com/kf/Sa9d0ee70a32443d185847dc21e9ac767s.jpg_220x220q75.jpg_.avif,https://ae-pic-a1.aliexpress-media.com/kf/S8da0f090beb748f197c10e1ea7bfe6521.jpg_220x220q75.jpg_.avif,https://ae-pic-a1.aliexpress-media.com/kf/Sb4acebd5519c4ba4b7d348adf34933717.jpg_220x220q75.jpg_.avif,https://ae-pic-a1.aliexpress-media.com/kf/S512ccdf9f65241d9841ec694786606b3d.jpg_220x220q75.jpg_.avif,https://ae-pic-a1.aliexpress-media.com/kf/Sf7ff97fa98124bc0a6fa1b6dd4feb514m.jpg_220x220q75.jpg_.avif","['High-concerned chemical', 'None', 'Release Date', 'Spring 2024', 'Craft of Weaving', 'Tatting', 'Season', 'Spring/Summer', 'is_customized', 'No', 'Fabric Type', 'Broadcloth']",https://www.aliexpress.us/item/3256807917793337.html?algo_pvid=97bd464f-6ac0-4ae1-a976-9be85e397b59&algo_exp_id=97bd464f-6ac0-4ae1-a976-9be85e397b59-21&pdp_ext_f=%7B%22order%22%3A%22654%22%2C%22eval%22%3A%221%22%2C%22fromPage%22%3A%22search%22%7D&pdp_npi=6%40dis%21USD%2141.31%219.42%21%21%21283.92%2164.71%21%402103849717729911070312868ebce7%2112000043780578456%21sea%21US%210%21ABX%211%210%21n_tag%3A-29910%3Bd%3Ad1df2f05%3Bm03_new_user%3A-29895%3BpisId%3A5000000197847450&curPageLogUid=Hs2TJF5DOsBm&utparam-url=scene%3Asearch%7Cquery_from%3A%7Cx_object_id%3A1005008104108089%7C_p_origin_prod%3A
Japanese Kawaii Mini Cake Skirts Womens Jupe Fairy Bandage Lolita High Waist Y2k Aesthetic Sweet Lace Gothic JK Faldas Skirt,$23.82 ,"https://ae-pic-a1.aliexpress-media.com/kf/S48ebf5464adf49768e18dbed094bf6cc3.jpg_220x220q75.jpg_.avif,https://ae-pic-a1.aliexpress-media.com/kf/Sf52423a45d4a4c87aaacf89069e03541A.jpg?has_lang=1&ver=2_220x220q75.jpg_.avif,https://ae-pic-a1.aliexpress-media.com/kf/S778ef29b665d4a07b7f5aadfbc031bdcw.jpg_220x220q75.jpg_.avif,https://ae-pic-a1.aliexpress-media.com/kf/S635c7e5eb06c48f89793cabb46464cbad.jpg_220x220q75.jpg_.avif,https://ae-pic-a1.aliexpress-media.com/kf/Sfc50e20343834b8b8e2dcf936731866aO.jpg_220x220q75.jpg_.avif","['High-concerned chemical', 'None', 'Release Date', 'Summer 2024', 'Craft of Weaving', 'Non-Woven', 'Season', 'Summer', 'Fabric Type', 'Broadcloth', 'Age', 'Junior']",https://www.aliexpress.us/item/3256806707175045.html?algo_pvid=97bd464f-6ac0-4ae1-a976-9be85e397b59&algo_exp_id=97bd464f-6ac0-4ae1-a976-9be85e397b59-22&pdp_ext_f=%7B%22order%22%3A%22653%22%2C%22eval%22%3A%221%22%2C%22fromPage%22%3A%22search%22%7D&pdp_npi=6%40dis%21USD%2138.42%2123.82%21%21%2138.42%2123.82%21%402103849717729911070312868ebce7%2112000038640130284%21sea%21US%210%21ABX%211%210%21n_tag%3A-29910%3Bd%3Ad1df2f05%3Bm03_new_user%3A-29895&curPageLogUid=TkmKttY93Jq7&utparam-url=scene%3Asearch%7Cquery_from%3A%7Cx_object_id%3A1005006893489797%7C_p_origin_prod%3A
Tornova Black Mesh Skirts For Women Double-layer Design Sexy Perspective High Waist Slit Hip Skirt Female Thin Loose New Summer,$9.68 ,"https://ae-pic-a1.aliexpress-media.com/kf/S4d4d44108e954903a1f2774bf112e150E.jpg_220x220q75.jpg_.avif,https://ae-pic-a1.aliexpress-media.com/kf/S4d4d44108e954903a1f2774bf112e150E.jpg_220x220q75.jpg_.avif,https://ae-pic-a1.aliexpress-media.com/kf/S11cef30b5ac64c5eb537afe87dc652af8.jpg_220x220q75.jpg_.avif,https://ae-pic-a1.aliexpress-media.com/kf/S33751615cf3741d3b580ab2f50871044J.jpg_220x220q75.jpg_.avif,https://ae-pic-a1.aliexpress-media.com/kf/S22a9f21b2cd4456a8d8aa4b2719f8fc04.jpg_220x220q75.jpg_.avif","['High-concerned chemical', 'None', 'Release Date', 'Spring 2025', 'Craft of Weaving', 'Tatting', 'Season', 'Spring/Summer', 'is_customized', 'No', 'Fabric Type', 'Broadcloth']",https://www.aliexpress.us/item/3256808419545459.html?algo_pvid=97bd464f-6ac0-4ae1-a976-9be85e397b59&algo_exp_id=97bd464f-6ac0-4ae1-a976-9be85e397b59-23&pdp_ext_f=%7B%22order%22%3A%22652%22%2C%22eval%22%3A%221%22%2C%22fromPage%22%3A%22search%22%7D&pdp_npi=6%40dis%21USD%2116.14%219.68%21%21%21110.93%2166.56%21%402103849717729911070312868ebce7%2112000045921996206%21sea%21US%210%21ABX%211%210%21n_tag%3A-29910%3Bd%3Ad1df2f05%3Bm03_new_user%3A-29895&curPageLogUid=grQmt8y5Iq9O&utparam-url=scene%3Asearch%7Cquery_from%3A%7Cx_object_id%3A1005008605860211%7C_p_origin_prod%3A
Summer Casual Retro Irregular Women Skirt Bow-knot Elastic Waist Shirt Style Blue White Lattice Mini A-line Shortskirt Female,$2.07 ,"https://ae-pic-a1.aliexpress-media.com/kf/Sc2188b5ab97745809bc667bd16004036J.jpg_220x220q75.jpg_.avif,https://ae-pic-a1.aliexpress-media.com/kf/Sb02e89a3044e4d859a0c4a5205b5962cC.jpg_220x220q75.jpg_.avif,https://ae-pic-a1.aliexpress-media.com/kf/S40a52311371c4eba8819d98ba2cacca70.jpg_220x220q75.jpg_.avif,https://ae-pic-a1.aliexpress-media.com/kf/Sd1dac7e2aef34ce6b872284a015ff88dt.jpg_220x220q75.jpg_.avif,https://ae-pic-a1.aliexpress-media.com/kf/Sf1678c47a56143c39790405146fc49a8t.jpg_220x220q75.jpg_.avif","['Occasion', 'Office', 'Festival', 'Back to school season', 'High-concerned chemical', 'None', 'Release Date', 'Summer 2025', 'Craft of Weaving', 'Knit', 'Season', 'Spring/Summer']",https://www.aliexpress.us/item/3256803783730248.html?algo_pvid=97bd464f-6ac0-4ae1-a976-9be85e397b59&algo_exp_id=97bd464f-6ac0-4ae1-a976-9be85e397b59-24&pdp_ext_f=%7B%22order%22%3A%22646%22%2C%22spu_best_type%22%3A%22price%22%2C%22eval%22%3A%221%22%2C%22fromPage%22%3A%22search%22%7D&pdp_npi=6%40dis%21USD%2112.43%215.07%21%21%2112.43%215.07%21%402103849717729911070312868ebce7%2112000027598118538%21sea%21US%210%21ABX%211%210%21n_tag%3A-29910%3Bd%3Ad1df2f05%3Bm03_new_user%3A-29895%3BpisId%3A5000000197847475&curPageLogUid=59TFSm6rW4IL&utparam-url=scene%3Asearch%7Cquery_from%3A%7Cx_object_id%3A1005003970045000%7C_p_origin_prod%3A
Women Summer Sexy Shorts Skirts Summer Korean Low Waist Office Ladies Mini Skirts Fashion Casual Solid A Line Skirts New,$0.99 ,"https://ae-pic-a1.aliexpress-media.com/kf/Sbb8438efc83543a8abd4c27aa647a4f32.jpg_220x220q75.jpg_.avif,https://ae-pic-a1.aliexpress-media.com/kf/Sbc96036b39e94bf5acbdb2293d9dd353S.jpg_220x220q75.jpg_.avif,https://ae-pic-a1.aliexpress-media.com/kf/S3aeff23f4632445ea6cb90a5dc1d08a3V.jpg_220x220q75.jpg_.avif,https://ae-pic-a1.aliexpress-media.com/kf/Se2d3ac52d73249bf8e24b4803b3176d9p.jpg_220x220q75.jpg_.avif,https://ae-pic-a1.aliexpress-media.com/kf/S499ab54e6c5840c38931d737e5cebc69P.jpg_220x220q75.jpg_.avif","['High-concerned chemical', 'None', 'Release Date', 'Summer 2024', 'Craft of Weaving', 'Knit', 'Season', 'Summer', 'is_customized', 'No', 'Fabric Type', 'Broadcloth']",https://www.aliexpress.us/item/3256807408979040.html?algo_pvid=97bd464f-6ac0-4ae1-a976-9be85e397b59&algo_exp_id=97bd464f-6ac0-4ae1-a976-9be85e397b59-25&pdp_ext_f=%7B%22order%22%3A%22644%22%2C%22eval%22%3A%221%22%2C%22fromPage%22%3A%22search%22%7D&pdp_npi=6%40dis%21USD%215.76%210.99%21%21%215.76%210.99%21%402103849717729911070312868ebce7%2112000044173483724%21sea%21US%210%21ABX%211%210%21n_tag%3A-29910%3Bd%3Ad1df2f05%3Bm03_new_user%3A-29895%3BpisId%3A5000000197847475&curPageLogUid=4l2HxkVVW5fl&utparam-url=scene%3Asearch%7Cquery_from%3A%7Cx_object_id%3A1005007595293792%7C_p_origin_prod%3A
Korean Women Lace Layered Gauze Skirt With Tie Up Y2k Streetwear Apron Wrap Skirt Lace Up Matching Pants Girl Stacked Wrap Skirt,$2.20 ,"https://ae-pic-a1.aliexpress-media.com/kf/Se7377c2dada342689a8e4f56f4b00e90y.jpg_220x220q75.jpg_.avif,https://ae-pic-a1.aliexpress-media.com/kf/Sdf789e28c7c54498b7bd0451969da556d.jpg_220x220q75.jpg_.avif,https://ae-pic-a1.aliexpress-media.com/kf/Sf33fc45543e34c2eb085b0398a54ec2dJ.jpg_220x220q75.jpg_.avif,https://ae-pic-a1.aliexpress-media.com/kf/Sb7b050a44ee14ead8527e4181028dda04.jpg_220x220q75.jpg_.avif,https://ae-pic-a1.aliexpress-media.com/kf/Sed878a5fc4f04091bc782134db301315B.jpg_220x220q75.jpg_.avif","['High-concerned chemical', 'None', 'Craft of Weaving', 'Tatting', 'Season', 'All Season', 'is_customized', 'No', 'Fabric Type', 'Mesh', 'Age', 'Middle Age']",https://www.aliexpress.us/item/3256808406039493.html?algo_pvid=97bd464f-6ac0-4ae1-a976-9be85e397b59&algo_exp_id=97bd464f-6ac0-4ae1-a976-9be85e397b59-26&pdp_ext_f=%7B%22order%22%3A%22642%22%2C%22spu_best_type%22%3A%22price%22%2C%22eval%22%3A%221%22%2C%22fromPage%22%3A%22search%22%7D&pdp_npi=6%40dis%21USD%214.90%212.20%21%21%214.90%212.20%21%402103849717729911070312868ebce7%2112000045865548431%21sea%21US%210%21ABX%211%210%21n_tag%3A-29910%3Bd%3Ad1df2f05%3Bm03_new_user%3A-29895&curPageLogUid=AzBMQmxEdbQJ&utparam-url=scene%3Asearch%7Cquery_from%3A%7Cx_object_id%3A1005008592354245%7C_p_origin_prod%3A
TARUXY Fashion Snake Pattern Straight Skirt For women High Waist Slim Long Skirt Ins Hot Streetwear Female Skirt Summer New 2025,$8.61 ,"https://ae-pic-a1.aliexpress-media.com/kf/S157e7d4ad1904e07aaf7565c530d3086M.jpg_220x220q75.jpg_.avif,https://ae-pic-a1.aliexpress-media.com/kf/S157e7d4ad1904e07aaf7565c530d3086M.jpg_220x220q75.jpg_.avif,https://ae-pic-a1.aliexpress-media.com/kf/S98e60fe5cf8b4427966407bbb7967949C.jpg_220x220q75.jpg_.avif,https://ae-pic-a1.aliexpress-media.com/kf/S0ab2a343300443d980379bdade26d823A.jpg?has_lang=1&ver=1_220x220q75.jpg_.avif,https://ae-pic-a1.aliexpress-media.com/kf/S7cbc4799aeee4e99b17b99ddfbad2877S.jpg_220x220q75.jpg_.avif","['High-concerned chemical', 'None', 'Release Date', 'Summer 2025', 'Craft of Weaving', 'Tatting', 'Season', 'Spring/Summer', 'is_customized', 'No', 'Fabric Type', 'Broadcloth']",https://www.aliexpress.us/item/3256808696050202.html?algo_pvid=97bd464f-6ac0-4ae1-a976-9be85e397b59&algo_exp_id=97bd464f-6ac0-4ae1-a976-9be85e397b59-27&pdp_ext_f=%7B%22order%22%3A%22634%22%2C%22eval%22%3A%221%22%2C%22fromPage%22%3A%22search%22%7D&pdp_npi=6%40dis%21USD%2114.35%218.61%21%21%2114.35%218.61%21%402103849717729911070312868ebce7%2112000047074010065%21sea%21US%210%21ABX%211%210%21n_tag%3A-29910%3Bd%3Ad1df2f05%3Bm03_new_user%3A-29895&curPageLogUid=k776ayx3aPJ6&utparam-url=scene%3Asearch%7Cquery_from%3A%7Cx_object_id%3A1005008882364954%7C_p_origin_prod%3A
Vintage Korean Style Patchwork Skirt Harajuku JK Black Pleated Skirts Gothic Streetwear High Waist Mini Skirt Women Punk Skirt,$2.41 ,"https://ae-pic-a1.aliexpress-media.com/kf/H38fc9c9f1b70472f85178ecb6e1ee0e8J.jpg_220x220q75.jpg_.avif,https://ae-pic-a1.aliexpress-media.com/kf/H64beb639dab54fa790f301f86731fcf6E.jpg_220x220q75.jpg_.avif,https://ae-pic-a1.aliexpress-media.com/kf/H19946fceff564f49aeea6eef7865c598w.jpg_220x220q75.jpg_.avif,https://ae-pic-a1.aliexpress-media.com/kf/H6eb5b6219c904f0aa5d064e013b2b0f6Y.jpg?has_lang=1&ver=2_220x220q75.jpg_.avif,https://ae-pic-a1.aliexpress-media.com/kf/H1d819a146e8b4b60b0fb575fb24a13e84.jpg?has_lang=1&ver=2_220x220q75.jpg_.avif","['Season', 'Spring', 'Fabric Type', 'Blended', 'Age', '18-24 Years', 'Waistline', 'empire', 'Dresses Length', 'Above Knee , Mini', 'Decoration', 'None']",https://www.aliexpress.us/item/3256801672529010.html?algo_pvid=97bd464f-6ac0-4ae1-a976-9be85e397b59&algo_exp_id=97bd464f-6ac0-4ae1-a976-9be85e397b59-28&pdp_ext_f=%7B%22order%22%3A%22632%22%2C%22eval%22%3A%221%22%2C%22fromPage%22%3A%22search%22%7D&pdp_npi=6%40dis%21USD%2110.21%212.41%21%21%2110.21%212.41%21%402103849717729911070312868ebce7%2112000017882874695%21sea%21US%210%21ABX%211%210%21n_tag%3A-29910%3Bd%3Ad1df2f05%3Bm03_new_user%3A-29895%3BpisId%3A5000000201000927&curPageLogUid=kQzNWuncD9hU&utparam-url=scene%3Asearch%7Cquery_from%3A%7Cx_object_id%3A1005001858843762%7C_p_origin_prod%3A
Japanese Lolita Lace Layered Skirt Women Anime High Waist Maid Style Sweet Ruffle Cake Skirt Kawaii Harajuku A-Line Mini Skirt,$14.90 ,"https://ae-pic-a1.aliexpress-media.com/kf/S09bc3a4c4e7a4a8eaa0acc16c4e4100fR.jpg?has_lang=1&ver=2_220x220q75.jpg_.avif,https://ae-pic-a1.aliexpress-media.com/kf/S6512c9b3e3f442bbaf9a40e9593ad19fg.jpg_220x220q75.jpg_.avif,https://ae-pic-a1.aliexpress-media.com/kf/S6e904d8089ee44dcbc091ed404c8e598B.jpg?has_lang=1&ver=2_220x220q75.jpg_.avif,https://ae-pic-a1.aliexpress-media.com/kf/S26b6fe055e834b58a456123f61159368s.jpg_220x220q75.jpg_.avif,https://ae-pic-a1.aliexpress-media.com/kf/S63157d68c6b7498b8043600c0ea33f1aR.jpg_220x220q75.jpg_.avif","['High-concerned chemical', 'None', 'Release Date', 'Summer 2025', 'Craft of Weaving', 'Tatting', 'Season', 'Summer', 'is_customized', 'No', 'Fabric Type', 'Blended']",https://www.aliexpress.us/item/3256809155734744.html?algo_pvid=97bd464f-6ac0-4ae1-a976-9be85e397b59&algo_exp_id=97bd464f-6ac0-4ae1-a976-9be85e397b59-29&pdp_ext_f=%7B%22order%22%3A%22630%22%2C%22spu_best_type%22%3A%22price%22%2C%22eval%22%3A%221%22%2C%22fromPage%22%3A%22search%22%7D&pdp_npi=6%40dis%21USD%2123.28%2114.90%21%21%21159.97%21102.38%21%402103849717729911070312868ebce7%2112000048812468539%21sea%21US%210%21ABX%211%210%21n_tag%3A-29910%3Bd%3Ad1df2f05%3Bm03_new_user%3A-29895&curPageLogUid=kmUT5V8b1vSV&utparam-url=scene%3Asearch%7Cquery_from%3A%7Cx_object_id%3A1005009342049496%7C_p_origin_prod%3A
YENKYE 2025 Women Vintage Black White Polka Dot A-line Knee Length Skirt Sexy Low Waist Holiday Summer Skirts,$16.46 ,"https://ae-pic-a1.aliexpress-media.com/kf/Sfd28686442e34588bc0f21a2e550e204S.jpg_220x220q75.jpg_.avif,https://ae-pic-a1.aliexpress-media.com/kf/Sf08ad9afd93e495f9843f7d4c12524783.jpg_220x220q75.jpg_.avif,https://ae-pic-a1.aliexpress-media.com/kf/S16a0397912854382b87bdd9755f1d4c9o.jpg_220x220q75.jpg_.avif,https://ae-pic-a1.aliexpress-media.com/kf/S1ab7d9f9cf744ab4a00e122dabfa232a3.jpg_220x220q75.jpg_.avif,https://ae-pic-a1.aliexpress-media.com/kf/S8f5089d98af24f1795fabc185824af36S.jpg_220x220q75.jpg_.avif","['High-concerned chemical', 'None', 'Release Date', 'Winter 2024', 'Craft of Weaving', 'Tatting', 'Season', 'Summer', 'is_customized', 'No', 'Fabric Type', 'Broadcloth']",https://www.aliexpress.us/item/3256808202702902.html?algo_pvid=97bd464f-6ac0-4ae1-a976-9be85e397b59&algo_exp_id=97bd464f-6ac0-4ae1-a976-9be85e397b59-30&pdp_ext_f=%7B%22order%22%3A%22628%22%2C%22eval%22%3A%221%22%2C%22fromPage%22%3A%22search%22%7D&pdp_npi=6%40dis%21USD%2125.32%2116.46%21%21%2125.32%2116.46%21%402103849717729911070312868ebce7%2112000044819866711%21sea%21US%210%21ABX%211%210%21n_tag%3A-29910%3Bd%3Ad1df2f05%3Bm03_new_user%3A-29895&curPageLogUid=Bl65X9vTRp3g&utparam-url=scene%3Asearch%7Cquery_from%3A%7Cx_object_id%3A1005008389017654%7C_p_origin_prod%3A
Solid Harajuku White Beige Mesh Lace Skirt Y2k Korean Girl Stacked Skirt Chic Apron Wrap Skirt Lace Up Matching Pants Streetwear,$0.99 ,"https://ae-pic-a1.aliexpress-media.com/kf/S098772efff604f489ef526b31e08e744k.jpg_220x220q75.jpg_.avif,https://ae-pic-a1.aliexpress-media.com/kf/S4ef50d7e8d1e4db58d9213438d3308b4C.jpg_220x220q75.jpg_.avif,https://ae-pic-a1.aliexpress-media.com/kf/S5af90bb6877c463a8391c7dd09fb3b9fa.jpg_220x220q75.jpg_.avif,https://ae-pic-a1.aliexpress-media.com/kf/Sd99c2ea91d724d26adad7121d2f91c075.jpg_220x220q75.jpg_.avif,https://ae-pic-a1.aliexpress-media.com/kf/S79390963da3a449f9ad14fdda06bd1e7H.jpg_220x220q75.jpg_.avif","['High-concerned chemical', 'None', 'Craft of Weaving', 'Tatting', 'Season', 'All Season', 'Fabric Type', 'Mesh', 'Age', 'Middle Age', 'Place Of Origin', 'China (mainland)']",https://www.aliexpress.us/item/3256808341068688.html?algo_pvid=97bd464f-6ac0-4ae1-a976-9be85e397b59&algo_exp_id=97bd464f-6ac0-4ae1-a976-9be85e397b59-34&pdp_ext_f=%7B%22order%22%3A%22624%22%2C%22spu_best_type%22%3A%22price%22%2C%22eval%22%3A%221%22%2C%22fromPage%22%3A%22search%22%7D&pdp_npi=6%40dis%21USD%214.26%210.99%21%21%214.26%210.99%21%402103849717729911070312868ebce7%2112000045989092529%21sea%21US%210%21ABX%211%210%21n_tag%3A-29910%3Bd%3Ad1df2f05%3Bm03_new_user%3A-29895%3BpisId%3A5000000197847475&curPageLogUid=fvddYUJ0Ov1S&utparam-url=scene%3Asearch%7Cquery_from%3A%7Cx_object_id%3A1005008527383440%7C_p_origin_prod%3A
Y2K Adjustable Waist Mini Skirt Harajuku Hot Girl Solid Color Retro Gray Denim Skirt Women Gothic Slim Hip Low Waist Short Skirt,$29.32 ,"https://ae-pic-a1.aliexpress-media.com/kf/S53a9cae2842a493aa2c55439104f232cn.jpg?has_lang=1&ver=2_220x220q75.jpg_.avif,https://ae-pic-a1.aliexpress-media.com/kf/Sbda1e717c4ed46c58d3885fc053c21e8i.jpg_220x220q75.jpg_.avif,https://ae-pic-a1.aliexpress-media.com/kf/Sbd21d7c36b4844c7a8af1820481837e37.jpg_220x220q75.jpg_.avif,https://ae-pic-a1.aliexpress-media.com/kf/S53a9cae2842a493aa2c55439104f232cn.jpg_220x220q75.jpg_.avif,https://ae-pic-a1.aliexpress-media.com/kf/Sbd21d7c36b4844c7a8af1820481837e37.jpg_220x220q75.jpg_.avif","['High-concerned chemical', 'None', 'Craft of Weaving', 'Knit', 'Season', 'All Season', 'is_customized', 'No', 'Fabric Type', 'Denim', 'Age', 'Junior']",https://www.aliexpress.us/item/3256808629286432.html?algo_pvid=97bd464f-6ac0-4ae1-a976-9be85e397b59&algo_exp_id=97bd464f-6ac0-4ae1-a976-9be85e397b59-35&pdp_ext_f=%7B%22order%22%3A%22620%22%2C%22spu_best_type%22%3A%22price%22%2C%22eval%22%3A%221%22%2C%22fromPage%22%3A%22search%22%7D&pdp_npi=6%40dis%21USD%2158.64%2129.32%21%21%21403.04%21201.52%21%402103849717729911070312868ebce7%2112000046789571565%21sea%21US%210%21ABX%211%210%21n_tag%3A-29910%3Bd%3Ad1df2f05%3Bm03_new_user%3A-29895&curPageLogUid=fNKZY8LjBMmm&utparam-url=scene%3Asearch%7Cquery_from%3A%7Cx_object_id%3A1005008815601184%7C_p_origin_prod%3A
Nibber Tassels Women Skirts Irregular Hem Multi-Layered Ruffles Lace Patchwork Sweet Summer Trend Daily Skinny Versatile Bottoms,$9.09 ,"https://ae-pic-a1.aliexpress-media.com/kf/S9b35a2320b7348979f7095683d46eebfa.jpg_220x220q75.jpg_.avif,https://ae-pic-a1.aliexpress-media.com/kf/S05d1d3ef21a44bff91b621cb6b55f186R.jpg_220x220q75.jpg_.avif,https://ae-pic-a1.aliexpress-media.com/kf/S23df5a0517c3472e84b126833f867c3a3.jpg_220x220q75.jpg_.avif,https://ae-pic-a1.aliexpress-media.com/kf/S1590eaa328994a219b4562421e0b4121h.jpg_220x220q75.jpg_.avif,https://ae-pic-a1.aliexpress-media.com/kf/S5f5a3c29f3fb47bfa8eee8869fa6ce98T.jpg_220x220q75.jpg_.avif","['High-concerned chemical', 'None', 'Release Date', 'Summer 2025', 'Craft of Weaving', 'Tatting', 'Season', 'Summer', 'is_customized', 'Yes', 'Fabric Type', 'Woven']",https://www.aliexpress.us/item/3256808504853123.html?algo_pvid=97bd464f-6ac0-4ae1-a976-9be85e397b59&algo_exp_id=97bd464f-6ac0-4ae1-a976-9be85e397b59-37&pdp_ext_f=%7B%22order%22%3A%22618%22%2C%22eval%22%3A%221%22%2C%22fromPage%22%3A%22search%22%7D&pdp_npi=6%40dis%21USD%2140.63%219.09%21%21%21279.27%2162.53%21%402103849717729911070312868ebce7%2112000046340756755%21sea%21US%210%21ABX%211%210%21n_tag%3A-29910%3Bd%3Ad1df2f05%3Bm03_new_user%3A-29895%3BpisId%3A5000000197847450&curPageLogUid=EIRm9JZiazI5&utparam-url=scene%3Asearch%7Cquery_from%3A%7Cx_object_id%3A1005008691167875%7C_p_origin_prod%3A
MUJER Satin Long Skirts for Women Draped High Waist Midi Skirt Woman Summer Straight Women's Skirt Holiday Beach Women Skirt,$11.07 ,"https://ae-pic-a1.aliexpress-media.com/kf/S28b4b809985c43c88875e549fce0538cn.jpg?has_lang=1&ver=2_220x220q75.jpg_.avif,https://ae-pic-a1.aliexpress-media.com/kf/Sf130a70725f34de6a2f63c45bf3de472H.jpg_220x220q75.jpg_.avif,https://ae-pic-a1.aliexpress-media.com/kf/Sc32666a325bd4a1a84dcb8a1ab84abf1b.jpg_220x220q75.jpg_.avif,https://ae-pic-a1.aliexpress-media.com/kf/S94287983f342461b8b416dc449907c253.jpg_220x220q75.jpg_.avif,https://ae-pic-a1.aliexpress-media.com/kf/S9328f00329d1472fa6edf4f47ff601fbx.jpg_220x220q75.jpg_.avif","['High-concerned chemical', 'None', 'Release Date', 'Summer 2025', 'Craft of Weaving', 'Tatting', 'Season', 'Summer', 'is_customized', 'No', 'Fabric Type', 'Satin']",https://www.aliexpress.us/item/3256807336784151.html?algo_pvid=97bd464f-6ac0-4ae1-a976-9be85e397b59&algo_exp_id=97bd464f-6ac0-4ae1-a976-9be85e397b59-38&pdp_ext_f=%7B%22order%22%3A%22613%22%2C%22eval%22%3A%221%22%2C%22fromPage%22%3A%22search%22%7D&pdp_npi=6%40dis%21USD%2125.79%2112.12%21%21%21177.23%2183.30%21%402103849717729911070312868ebce7%2112000041136032495%21sea%21US%210%21ABX%211%210%21n_tag%3A-29910%3Bd%3Ad1df2f05%3Bm03_new_user%3A-29895&curPageLogUid=SgAnNPbjZvGb&utparam-url=scene%3Asearch%7Cquery_from%3A%7Cx_object_id%3A1005007523098903%7C_p_origin_prod%3A
Women Fashion With Sequined Solid Side Zipper Mini Skirt Vintage High Waist Female Chic Lady Skirts,$4.69 ,"https://ae-pic-a1.aliexpress-media.com/kf/Se464028b71c9476bbc959e56ca78a38d2.jpg_220x220q75.jpg_.avif,https://ae-pic-a1.aliexpress-media.com/kf/S88f8eade2a5e4c558f1690ba2dc3cc16K.jpg_220x220q75.jpg_.avif,https://ae-pic-a1.aliexpress-media.com/kf/S5ab3fb2af996474c80496376dba8c104V.jpg_220x220q75.jpg_.avif,https://ae-pic-a1.aliexpress-media.com/kf/Sdfc384c6d62b441eb69490df94795b701.jpg_220x220q75.jpg_.avif,https://ae-pic-a1.aliexpress-media.com/kf/Sa7083a619027474b84b09a618bb75590A.jpg_220x220q75.jpg_.avif","['Occasion', 'Night Out', 'Festival', 'Back to school season', 'High-concerned chemical', 'None', 'Release Date', 'Summer 2024', 'Craft of Weaving', 'Knit', 'Season', 'All Season']",https://www.aliexpress.us/item/3256808118723400.html?algo_pvid=97bd464f-6ac0-4ae1-a976-9be85e397b59&algo_exp_id=97bd464f-6ac0-4ae1-a976-9be85e397b59-39&pdp_ext_f=%7B%22order%22%3A%22612%22%2C%22eval%22%3A%221%22%2C%22fromPage%22%3A%22search%22%7D&pdp_npi=6%40dis%21USD%2125.80%217.19%21%21%2125.80%217.19%21%402103849717729911070312868ebce7%2112000044557143114%21sea%21US%210%21ABX%211%210%21n_tag%3A-29910%3Bd%3Ad1df2f05%3Bm03_new_user%3A-29895%3BpisId%3A5000000197847475&curPageLogUid=DKyeSgynfSZZ&utparam-url=scene%3Asearch%7Cquery_from%3A%7Cx_object_id%3A1005008305038152%7C_p_origin_prod%3A
FREEAUCE High Waist Pencil Mini Skirts Bodycon Tight Night Club Party Package Wrap Short Skirt Sexy Casual Black White for Women,$0.99 ,"https://ae-pic-a1.aliexpress-media.com/kf/S78d87c90d1014f388ab73055e94ae78cD.jpg_220x220q75.jpg_.avif,https://ae-pic-a1.aliexpress-media.com/kf/S78d87c90d1014f388ab73055e94ae78cD.jpg_220x220q75.jpg_.avif,https://ae-pic-a1.aliexpress-media.com/kf/Sd9dca5aeb1a24d0fa203f5e2b670983aa.jpg_220x220q75.jpg_.avif,https://ae-pic-a1.aliexpress-media.com/kf/S306e9c2328444c2ca9ccf4a851ff114dI.jpg_220x220q75.jpg_.avif,https://ae-pic-a1.aliexpress-media.com/kf/S10beb2d261734a4e8529bfa6f1f97620A.jpg_220x220q75.jpg_.avif","['High-concerned chemical', 'None', 'Release Date', 'Winter 2025', 'Craft of Weaving', 'Knit', 'Season', 'All Season', 'is_customized', 'No', 'Fabric Type', 'Woven']",https://www.aliexpress.us/item/3256806665000310.html?algo_pvid=97bd464f-6ac0-4ae1-a976-9be85e397b59&algo_exp_id=97bd464f-6ac0-4ae1-a976-9be85e397b59-40&pdp_ext_f=%7B%22order%22%3A%22612%22%2C%22spu_best_type%22%3A%22price%22%2C%22eval%22%3A%221%22%2C%22fromPage%22%3A%22search%22%7D&pdp_npi=6%40dis%21USD%214.14%210.99%21%21%2128.48%216.80%21%402103849717729911070312868ebce7%2112000038513845084%21sea%21US%210%21ABX%211%210%21n_tag%3A-29910%3Bd%3Ad1df2f05%3Bm03_new_user%3A-29895%3BpisId%3A5000000197847475&curPageLogUid=7viXmBtUwivA&utparam-url=scene%3Asearch%7Cquery_from%3A%7Cx_object_id%3A1005006851315062%7C_p_origin_prod%3A
Adult Female Tutu Skirt 5 Layered Tutu Mini Ball Gown Skirt Women Lady's Tulle Princess Party Skirts Sexy Club Short Pettiskirt,$0.99 ,"https://ae-pic-a1.aliexpress-media.com/kf/S0c05e003e31444b8a16123789f6e8c8fT.jpg_220x220q75.jpg_.avif,https://ae-pic-a1.aliexpress-media.com/kf/S6a68ef1eba6a4b708c492de501984871K.jpg_220x220q75.jpg_.avif,https://ae-pic-a1.aliexpress-media.com/kf/S1feed8e07dab44db9e2c59ccb25b329eH.jpg_220x220q75.jpg_.avif,https://ae-pic-a1.aliexpress-media.com/kf/S9b309fd458e344d899d007b796c81e63y.jpg_220x220q75.jpg_.avif,https://ae-pic-a1.aliexpress-media.com/kf/Sae58b203045841e0aca0d8294da01e43f.jpg_220x220q75.jpg_.avif","['High-concerned chemical', 'None', 'Release Date', 'Summer 2024', 'Craft of Weaving', 'Knit', 'Season', 'Spring/Summer', 'Fabric Type', 'Mesh', 'Age', 'Middle Age']",https://www.aliexpress.us/item/3256806987741324.html?algo_pvid=97bd464f-6ac0-4ae1-a976-9be85e397b59&algo_exp_id=97bd464f-6ac0-4ae1-a976-9be85e397b59-41&pdp_ext_f=%7B%22order%22%3A%22610%22%2C%22eval%22%3A%221%22%2C%22fromPage%22%3A%22search%22%7D&pdp_npi=6%40dis%21USD%219.24%210.99%21%21%2163.49%216.76%21%402103849717729911070312868ebce7%2112000039700600723%21sea%21US%210%21ABX%211%210%21n_tag%3A-29910%3Bd%3Ad1df2f05%3Bm03_new_user%3A-29895%3BpisId%3A5000000198352206&curPageLogUid=yoO5xb1QKOcV&utparam-url=scene%3Asearch%7Cquery_from%3A%7Cx_object_id%3A1005007174056076%7C_p_origin_prod%3A
"2026 Summer Plus Size Solid Slim Skirt, Casual High Waist Slit Skirt, Women's Plus SizeClothing",$7.58 ,"https://ae-pic-a1.aliexpress-media.com/kf/S01fb9724c4f94ad5a285a392f57120beX.jpg_220x220q75.jpg_.avif,https://ae-pic-a1.aliexpress-media.com/kf/S4edd40aa1ed4408299945591867745ecc.jpg_220x220q75.jpg_.avif,https://ae-pic-a1.aliexpress-media.com/kf/Sbaf77689f8224567b0585265a7f1ee91v.jpg_220x220q75.jpg_.avif,https://ae-pic-a1.aliexpress-media.com/kf/S420489bd527c496aad0460e483378031w.jpg_220x220q75.jpg_.avif,https://ae-pic-a1.aliexpress-media.com/kf/Sdea83e2815804f52a8f2b5ebb1bad03bu.jpg_220x220q75.jpg_.avif","['High-concerned chemical', 'None', 'Release Date', 'Spring 2026', 'Craft of Weaving', 'Knit', 'Season', 'Spring/Summer', 'is_customized', 'No', 'Fabric Type', 'Broadcloth']",https://www.aliexpress.us/item/3256808473922847.html?algo_pvid=97bd464f-6ac0-4ae1-a976-9be85e397b59&algo_exp_id=97bd464f-6ac0-4ae1-a976-9be85e397b59-42&pdp_ext_f=%7B%22order%22%3A%22604%22%2C%22eval%22%3A%221%22%2C%22orig_sl_item_id%22%3A%221005008660237599%22%2C%22orig_item_id%22%3A%221005006879424764%22%2C%22fromPage%22%3A%22search%22%7D&pdp_npi=6%40dis%21USD%2115.15%217.58%21%21%21104.12%2152.06%21%402103849717729911070312868ebce7%2112000046135965774%21sea%21US%210%21ABX%211%210%21n_tag%3A-29910%3Bd%3Ad1df2f05%3Bm03_new_user%3A-29895&curPageLogUid=vHECbKhmQ2ne&utparam-url=scene%3Asearch%7Cquery_from%3A%7Cx_object_id%3A1005008660237599%7C_p_origin_prod%3A1005006879424764
Summer Beach Floral Skirt for Women Cotton High Waist Wrap Maxi Skirt Long with Side Slit & Tie Detail Boho Style Design,$0.99 ,"https://ae-pic-a1.aliexpress-media.com/kf/S29b1f9af1ae44f8db527bccb7372dc02o.jpg_220x220q75.jpg_.avif,https://ae-pic-a1.aliexpress-media.com/kf/S29b1f9af1ae44f8db527bccb7372dc02o.jpg_220x220q75.jpg_.avif,https://ae-pic-a1.aliexpress-media.com/kf/S4f97a1a9de5a48dcae61e129a135fb94R.jpg_220x220q75.jpg_.avif,https://ae-pic-a1.aliexpress-media.com/kf/Sa27a89c09b0f4a008fa5d882e7bcd734e.jpg_220x220q75.jpg_.avif,https://ae-pic-a1.aliexpress-media.com/kf/Sb4a0d834a41f405c9e5ed857aa26b622i.jpg_220x220q75.jpg_.avif","['High-concerned chemical', 'None', 'Release Date', 'Summer 2025', 'Craft of Weaving', 'Tatting', 'Season', 'Spring/Summer', 'is_customized', 'No', 'Fabric Type', 'Broadcloth']",https://www.aliexpress.us/item/3256808369978690.html?algo_pvid=97bd464f-6ac0-4ae1-a976-9be85e397b59&algo_exp_id=97bd464f-6ac0-4ae1-a976-9be85e397b59-43&pdp_ext_f=%7B%22order%22%3A%22604%22%2C%22eval%22%3A%221%22%2C%22fromPage%22%3A%22search%22%7D&pdp_npi=6%40dis%21USD%217.36%210.99%21%21%2150.59%216.81%21%402103849717729911070312868ebce7%2112000045696054169%21sea%21US%210%21ABX%211%210%21n_tag%3A-29910%3Bd%3Ad1df2f05%3Bm03_new_user%3A-29895%3BpisId%3A5000000197847458&curPageLogUid=esqIfEd6O8lq&utparam-url=scene%3Asearch%7Cquery_from%3A%7Cx_object_id%3A1005008556293442%7C_p_origin_prod%3A
Fashion Preppy Style Pleated Skirts Women 2025 Spring Summer New A Line Short Dress Sweet Girl High Waist Petchwork Skirt Street,$0.99 ,"https://ae-pic-a1.aliexpress-media.com/kf/Sf247a03b2b4144ca8cbd1486669d924cA.jpg_220x220q75.jpg_.avif,https://ae-pic-a1.aliexpress-media.com/kf/S4bb6967580df4b09a56781f25355d370x.png_220x220.png_.avif,https://ae-pic-a1.aliexpress-media.com/kf/S03e86237d87f4740a763ce09485c02a4l.jpg?has_lang=1&ver=1_220x220q75.jpg_.avif,https://ae-pic-a1.aliexpress-media.com/kf/S3a99762bba3740cfbac1934f388474eav.jpg_220x220q75.jpg_.avif,https://ae-pic-a1.aliexpress-media.com/kf/Sc36411bbb6864c169d7419b1dc9c8494R.jpg_220x220q75.jpg_.avif","['High-concerned chemical', 'None', 'Release Date', 'Spring 2025', 'Craft of Weaving', 'Tatting', 'Season', 'Spring/Summer', 'is_customized', 'No', 'Fabric Type', 'Broadcloth']",https://www.aliexpress.us/item/3256808632216502.html?algo_pvid=97bd464f-6ac0-4ae1-a976-9be85e397b59&algo_exp_id=97bd464f-6ac0-4ae1-a976-9be85e397b59-44&pdp_ext_f=%7B%22order%22%3A%22602%22%2C%22spu_best_type%22%3A%22price%22%2C%22eval%22%3A%221%22%2C%22fromPage%22%3A%22search%22%7D&pdp_npi=6%40dis%21USD%2112.12%210.99%21%21%2183.29%216.79%21%402103849717729911070312868ebce7%2112000046802903018%21sea%21US%210%21ABX%211%210%21n_tag%3A-29910%3Bd%3Ad1df2f05%3Bm03_new_user%3A-29895%3BpisId%3A5000000197847475&curPageLogUid=Hrtyoik0AW8d&utparam-url=scene%3Asearch%7Cquery_from%3A%7Cx_object_id%3A1005008818531254%7C_p_origin_prod%3A
Harajuku 0Women Pleat Skirt 0Preppy Style Plaid 0Mini Cute Japanese School Uniforms Ladies Jupe Kawaii,$4.36 ,"https://ae-pic-a1.aliexpress-media.com/kf/S46893de65415411497090c6de7831ab6C.jpg_220x220q75.jpg_.avif,https://ae-pic-a1.aliexpress-media.com/kf/S249aa67023e94307bfa4d3ed1807512eC.jpg?has_lang=1&ver=2_220x220q75.jpg_.avif,https://ae-pic-a1.aliexpress-media.com/kf/S2418a09bc7154a3396ad156dcf28d6556.jpg_220x220q75.jpg_.avif,https://ae-pic-a1.aliexpress-media.com/kf/S4a72e275f492452f8ded43262fa5bea9z.jpg_220x220q75.jpg_.avif,https://ae-pic-a1.aliexpress-media.com/kf/S13bf748767434595ab52ccd302299bb2D.jpg_220x220q75.jpg_.avif","['High-concerned chemical', 'None', 'Season', 'All Season', 'Fabric Type', 'TWILL', 'Age', 'Junior', 'Waistline', 'empire', 'Dresses Length', 'Above Knee , Mini']",https://www.aliexpress.us/item/3256801444558302.html?algo_pvid=97bd464f-6ac0-4ae1-a976-9be85e397b59&algo_exp_id=97bd464f-6ac0-4ae1-a976-9be85e397b59-45&pdp_ext_f=%7B%22order%22%3A%22601%22%2C%22eval%22%3A%221%22%2C%22fromPage%22%3A%22search%22%7D&pdp_npi=6%40dis%21USD%2111.36%211.36%21%21%2111.36%211.36%21%402103849717729911070312868ebce7%2112000016894328200%21sea%21US%210%21ABX%211%210%21n_tag%3A-29910%3Bd%3Ad1df2f05%3Bm03_new_user%3A-29895%3BpisId%3A5000000197847450&curPageLogUid=U72pzXql4c4z&utparam-url=scene%3Asearch%7Cquery_from%3A%7Cx_object_id%3A1005001630873054%7C_p_origin_prod%3A
Womens Tennis Skirt with Pockets Crossover High Waisted Athletic Golf Skorts Running Workout Skirts 2 in 1 Fashion Streetwear,$2.90 ,"https://ae-pic-a1.aliexpress-media.com/kf/S8bdd5d40e4434591941694f22726656eL.png_220x220.png_.avif,https://ae-pic-a1.aliexpress-media.com/kf/S8bdd5d40e4434591941694f22726656eL.png_220x220.png_.avif,https://ae-pic-a1.aliexpress-media.com/kf/S92b9a161c1c54aa7bf0227f0c0311ae40.jpg_220x220q75.jpg_.avif,https://ae-pic-a1.aliexpress-media.com/kf/S40db4e09b71949c883aea624e8039d864.jpg_220x220q75.jpg_.avif,https://ae-pic-a1.aliexpress-media.com/kf/S356d9b89b0774c9484ad4b0c9b364321g.jpg_220x220q75.jpg_.avif","['High-concerned chemical', 'None', 'Craft of Weaving', 'Knit', 'Season', 'All Season', 'Fabric Type', 'Broadcloth', 'Age', 'Middle Age', 'Place Of Origin', 'China (mainland)']",https://www.aliexpress.us/item/3256808497526164.html?algo_pvid=97bd464f-6ac0-4ae1-a976-9be85e397b59&algo_exp_id=97bd464f-6ac0-4ae1-a976-9be85e397b59-46&pdp_ext_f=%7B%22order%22%3A%22600%22%2C%22spu_best_type%22%3A%22price%22%2C%22eval%22%3A%221%22%2C%22fromPage%22%3A%22search%22%7D&pdp_npi=6%40dis%21USD%2121.07%212.90%21%21%21144.80%2119.95%21%402103849717729911070312868ebce7%2112000046228770490%21sea%21US%210%21ABX%211%210%21n_tag%3A-29910%3Bd%3Ad1df2f05%3Bm03_new_user%3A-29895%3BpisId%3A5000000197847475&curPageLogUid=k8FFo3qzaJEp&utparam-url=scene%3Asearch%7Cquery_from%3A%7Cx_object_id%3A1005008683840916%7C_p_origin_prod%3A
hirigin Women Y2K Sparkly Sequin Mini Skirt Side Tie-up Low Waist Pencil Skirt Glitter Festival Rave Short Skirts Party Clubwear,$10.57 ,"https://ae-pic-a1.aliexpress-media.com/kf/Scde598e3ac3941ba9bbc360bd39fd3f6X.jpg_220x220q75.jpg_.avif,https://ae-pic-a1.aliexpress-media.com/kf/Sa4af4c323f154f0d8300f0cfc6226080i.jpg_220x220q75.jpg_.avif,https://ae-pic-a1.aliexpress-media.com/kf/Sf876c432a3a8482d95cac63fa404d505o.jpg_220x220q75.jpg_.avif,https://ae-pic-a1.aliexpress-media.com/kf/S11a1eda31eb040e28d81abf03f6c581au.jpg_220x220q75.jpg_.avif,https://ae-pic-a1.aliexpress-media.com/kf/Sf7848fd4aff64661a3b6b8d76e556c80L.jpg_220x220q75.jpg_.avif","['High-concerned chemical', 'None', 'Release Date', 'Summer 2025', 'Craft of Weaving', 'Tatting', 'Season', 'Summer', 'is_customized', 'No', 'Fabric Type', 'Broadcloth']",https://www.aliexpress.us/item/3256809067314958.html?algo_pvid=97bd464f-6ac0-4ae1-a976-9be85e397b59&algo_exp_id=97bd464f-6ac0-4ae1-a976-9be85e397b59-47&pdp_ext_f=%7B%22order%22%3A%22599%22%2C%22eval%22%3A%221%22%2C%22fromPage%22%3A%22search%22%7D&pdp_npi=6%40dis%21USD%2111.74%2110.57%21%21%2111.74%2110.57%21%402103849717729911070312868ebce7%2112000048864711378%21sea%21US%210%21ABX%211%210%21n_tag%3A-29910%3Bd%3Ad1df2f05%3Bm03_new_user%3A-29895&curPageLogUid=CWRzWpJqm5Ju&utparam-url=scene%3Asearch%7Cquery_from%3A%7Cx_object_id%3A1005009253629710%7C_p_origin_prod%3A
HXAO Women's Pleated Skirt Summer Brown Ruffle Skirt Cylinder Pleats Mid Waist Midi Skirt Fashion Elegant Women Long Skirt 2025,$7.28 ,"https://ae-pic-a1.aliexpress-media.com/kf/S47dd61ff427540d69ca7e7ae2eb25848p.jpg_220x220q75.jpg_.avif,https://ae-pic-a1.aliexpress-media.com/kf/S47dd61ff427540d69ca7e7ae2eb25848p.jpg_220x220q75.jpg_.avif,https://ae-pic-a1.aliexpress-media.com/kf/Sc37d8f5a49db4923a6a60ef536879344F.jpg_220x220q75.jpg_.avif,https://ae-pic-a1.aliexpress-media.com/kf/S967d1a4982554c879657aa42dc7e735au.jpg_220x220q75.jpg_.avif,https://ae-pic-a1.aliexpress-media.com/kf/S397566c73b574de899abc397e04fa4ceM.jpg_220x220q75.jpg_.avif","['Occasion', 'Beach', 'Festival', 'Carnivals', 'High-concerned chemical', 'None', 'Release Date', 'Winter 2024', 'Craft of Weaving', 'Tatting', 'Season', 'All Season']",https://www.aliexpress.us/item/3256808336572003.html?algo_pvid=97bd464f-6ac0-4ae1-a976-9be85e397b59&algo_exp_id=97bd464f-6ac0-4ae1-a976-9be85e397b59-49&pdp_ext_f=%7B%22order%22%3A%22598%22%2C%22eval%22%3A%221%22%2C%22fromPage%22%3A%22search%22%7D&pdp_npi=6%40dis%21USD%2135.69%217.28%21%21%21245.26%2149.98%21%402103849717729911070312868ebce7%2112000045968676473%21sea%21US%210%21ABX%211%210%21n_tag%3A-29910%3Bd%3Ad1df2f05%3Bm03_new_user%3A-29895%3BpisId%3A5000000197847458&curPageLogUid=fYdlTHauPsEe&utparam-url=scene%3Asearch%7Cquery_from%3A%7Cx_object_id%3A1005008522886755%7C_p_origin_prod%3A
Solid Bodycon Ruched Long Skirt Women Sexy Black Elastic Elegant High Waist Mermaid Maxi Skirts Summer Streetwear,$3.56 ,"https://ae-pic-a1.aliexpress-media.com/kf/Sb297abf7a64a4d6ea09fdbee343707e7M.jpg_220x220q75.jpg_.avif,https://ae-pic-a1.aliexpress-media.com/kf/S7b21f4d289c340d3926ab001d961c102W.jpg_220x220q75.jpg_.avif,https://ae-pic-a1.aliexpress-media.com/kf/Sa7848f5807d3406f8f1c542974a1ea37I.jpg_220x220q75.jpg_.avif,https://ae-pic-a1.aliexpress-media.com/kf/S92bc183f0ff04e119eca70924fbf2535b.jpg_220x220q75.jpg_.avif,https://ae-pic-a1.aliexpress-media.com/kf/Sf428c6c9aefe46feba3f258fadea654di.jpg_220x220q75.jpg_.avif","['High-concerned chemical', 'None', 'Craft of Weaving', 'Knit', 'Season', 'Autumn/Winter', 'Fabric Type', 'Broadcloth', 'Age', 'Middle Age', 'Model Number', 'A1613']",https://www.aliexpress.us/item/3256805582215952.html?algo_pvid=97bd464f-6ac0-4ae1-a976-9be85e397b59&algo_exp_id=97bd464f-6ac0-4ae1-a976-9be85e397b59-50&pdp_ext_f=%7B%22order%22%3A%22598%22%2C%22eval%22%3A%221%22%2C%22fromPage%22%3A%22search%22%7D&pdp_npi=6%40dis%21USD%2110.56%213.56%21%21%2172.60%2124.49%21%402103849717729911070312868ebce7%2112000043871788033%21sea%21US%210%21ABX%211%210%21n_tag%3A-29910%3Bd%3Ad1df2f05%3Bm03_new_user%3A-29895%3BpisId%3A5000000197847475&curPageLogUid=qFibj8SX9M4M&utparam-url=scene%3Asearch%7Cquery_from%3A%7Cx_object_id%3A1005005768530704%7C_p_origin_prod%3A
Wolfeel Casual Satin Women'S Skirt Spring Summer Fashion Loose High Waist Maxi Skirts Elegant Simple Slik Fishtail Skirt,$4.78 ,"https://ae-pic-a1.aliexpress-media.com/kf/S8a17efc8480c4507886552b33dfdd737E.jpg_220x220q75.jpg_.avif,https://ae-pic-a1.aliexpress-media.com/kf/S10dfdf7911ba48278278f3e21835c522E.jpg_220x220q75.jpg_.avif,https://ae-pic-a1.aliexpress-media.com/kf/S58babb48732e4a25b4460bbecc7d5b26t.jpg_220x220q75.jpg_.avif,https://ae-pic-a1.aliexpress-media.com/kf/Sa1c952cc909040cf8646dd64d461911aM.jpg_220x220q75.jpg_.avif,https://ae-pic-a1.aliexpress-media.com/kf/S3053de320bac4610873be64d53b740a6y.jpg_220x220q75.jpg_.avif","['High-concerned chemical', 'None', 'Craft of Weaving', 'Tatting', 'Season', 'Spring/Summer', 'is_customized', 'No', 'Fabric Type', 'Broadcloth', 'Age', 'Middle Age']",https://www.aliexpress.us/item/3256806506429593.html?algo_pvid=97bd464f-6ac0-4ae1-a976-9be85e397b59&algo_exp_id=97bd464f-6ac0-4ae1-a976-9be85e397b59-51&pdp_ext_f=%7B%22order%22%3A%22597%22%2C%22spu_best_type%22%3A%22price%22%2C%22eval%22%3A%221%22%2C%22fromPage%22%3A%22search%22%7D&pdp_npi=6%40dis%21USD%2114.78%214.78%21%21%21101.59%2132.86%21%402103849717729911070312868ebce7%2112000038026762246%21sea%21US%210%21ABX%211%210%21n_tag%3A-29910%3Bd%3Ad1df2f05%3Bm03_new_user%3A-29895%3BpisId%3A5000000197847450&curPageLogUid=H5JOXXMcnUUx&utparam-url=scene%3Asearch%7Cquery_from%3A%7Cx_object_id%3A1005006692744345%7C_p_origin_prod%3A
Women Solid Slim Fishtail Skirt Spring Summer New In Elegant Fashion High Waist Fold Skirts Lady Causal Street Short Dress Sexy,$0.99 ,"https://ae-pic-a1.aliexpress-media.com/kf/Sb19bc75c287148da8f84c66999e7c7b9i.jpg_220x220q75.jpg_.avif,https://ae-pic-a1.aliexpress-media.com/kf/S5a71bb25a3294d03b4dd6da377c21d0eN.jpg_220x220q75.jpg_.avif,https://ae-pic-a1.aliexpress-media.com/kf/S35c728eca39b49198507a46d22a95be4R.jpg_220x220q75.jpg_.avif,https://ae-pic-a1.aliexpress-media.com/kf/S345d9c22b31e49aeb70edf0f69270bea7.jpg_220x220q75.jpg_.avif,https://ae-pic-a1.aliexpress-media.com/kf/Sb17a235e410b44cd8c1f86a37cfc7903k.jpg_220x220q75.jpg_.avif","['High-concerned chemical', 'None', 'Release Date', 'Spring 2025', 'Craft of Weaving', 'Tatting', 'Season', 'Spring/Summer', 'is_customized', 'No', 'Fabric Type', 'Broadcloth']",https://www.aliexpress.us/item/3256808689180076.html?algo_pvid=97bd464f-6ac0-4ae1-a976-9be85e397b59&algo_exp_id=97bd464f-6ac0-4ae1-a976-9be85e397b59-53&pdp_ext_f=%7B%22order%22%3A%22596%22%2C%22eval%22%3A%221%22%2C%22fromPage%22%3A%22search%22%7D&pdp_npi=6%40dis%21USD%2115.95%210.99%21%21%21109.60%216.77%21%402103849717729911070312868ebce7%2112000047054760873%21sea%21US%210%21ABX%211%210%21n_tag%3A-29910%3Bd%3Ad1df2f05%3Bm03_new_user%3A-29895%3BpisId%3A5000000197847475&curPageLogUid=YXjAVoO9ucVA&utparam-url=scene%3Asearch%7Cquery_from%3A%7Cx_object_id%3A1005008875494828%7C_p_origin_prod%3A
Steampunk Women Skirts Gothic Irregular Shirring Pleated Party Maxi Long Skirt High Low Costumes Punk Sexy Corset Plus Size Red,$10.42 ,"https://ae-pic-a1.aliexpress-media.com/kf/S944c1ba138bb4de89ca47b224acec1d2v.jpg_220x220q75.jpg_.avif,https://ae-pic-a1.aliexpress-media.com/kf/S9ef161c7d3724856ba2d6bc97001d922Y.jpg_220x220q75.jpg_.avif,https://ae-pic-a1.aliexpress-media.com/kf/Sc36e619bfc714544a1f21c92bbc0b391e.jpg_220x220q75.jpg_.avif,https://ae-pic-a1.aliexpress-media.com/kf/S9ee6632b96474f7c909d4528a6d40605q.jpg_220x220q75.jpg_.avif,https://ae-pic-a1.aliexpress-media.com/kf/S823a8a5a1c8b4310aac39793ce2d86c9c.jpg_220x220q75.jpg_.avif","['High-concerned chemical', 'None', 'Craft of Weaving', 'Not Clothing or Textiles', 'Season', 'All Season', 'Fabric Type', 'Blended', 'Age', 'Junior', 'Model Number', '6388']",https://www.aliexpress.us/item/2255800806868607.html?algo_pvid=97bd464f-6ac0-4ae1-a976-9be85e397b59&algo_exp_id=97bd464f-6ac0-4ae1-a976-9be85e397b59-54&pdp_ext_f=%7B%22order%22%3A%22593%22%2C%22eval%22%3A%221%22%2C%22fromPage%22%3A%22search%22%7D&pdp_npi=6%40dis%21USD%2118.99%2111.58%21%21%2118.99%2111.58%21%402103849717729911070312868ebce7%2110000013251048223%21sea%21US%210%21ABX%211%210%21n_tag%3A-29910%3Bd%3Ad1df2f05%3Bm03_new_user%3A-29895&curPageLogUid=Pthv6yZTynLs&utparam-url=scene%3Asearch%7Cquery_from%3A%7Cx_object_id%3A4000993183359%7C_p_origin_prod%3A
Autumn Winter Woolen Pleated Skirts Women New Korean High Waist Slimming Mini Skirt Ladies Preppy Style Side Zipper A-Line Skirt,$7.34 ,"https://ae-pic-a1.aliexpress-media.com/kf/S1d5c5bed3c4745dfb3393b22fba7cdb3J.jpg_220x220q75.jpg_.avif,https://ae-pic-a1.aliexpress-media.com/kf/S1c02b989e9bd40e2a91d7727b47e715aC.jpg_220x220q75.jpg_.avif,https://ae-pic-a1.aliexpress-media.com/kf/S221c4430262f4881935707a24e3fe246s.jpg_220x220q75.jpg_.avif,https://ae-pic-a1.aliexpress-media.com/kf/Sd2fedb7444fc457183cce914c2be62d4Q.jpg_220x220q75.jpg_.avif,https://ae-pic-a1.aliexpress-media.com/kf/S485a3b22bd32469a90b20627ddb93cedi.jpg_220x220q75.jpg_.avif","['High-concerned chemical', 'None', 'Release Date', 'Winter 2025', 'Craft of Weaving', 'Knit', 'Season', 'Autumn/Winter', 'is_customized', 'No', 'Fabric Type', 'Woolen']",https://www.aliexpress.us/item/3256809232024668.html?algo_pvid=97bd464f-6ac0-4ae1-a976-9be85e397b59&algo_exp_id=97bd464f-6ac0-4ae1-a976-9be85e397b59-55&pdp_ext_f=%7B%22order%22%3A%22592%22%2C%22eval%22%3A%221%22%2C%22fromPage%22%3A%22search%22%7D&pdp_npi=6%40dis%21USD%2128.90%217.34%21%21%21198.60%2150.43%21%402103849717729911070312868ebce7%2112000049035240800%21sea%21US%210%21ABX%211%210%21n_tag%3A-29910%3Bd%3Ad1df2f05%3Bm03_new_user%3A-29895%3BpisId%3A5000000197847450&curPageLogUid=dmYf648oyfu7&utparam-url=scene%3Asearch%7Cquery_from%3A%7Cx_object_id%3A1005009418339420%7C_p_origin_prod%3A
AltGoth Punk Mall Goth Shorts Skirt Women Y2k E-girl Streetwear Harajuku Leg Ring Buckle Detachable High Waist Emo Alt Clubwear,$12.32 ,"https://ae-pic-a1.aliexpress-media.com/kf/S094f643a67ae44d4934f93898786aaaci.jpg?has_lang=1&ver=2_220x220q75.jpg_.avif,https://ae-pic-a1.aliexpress-media.com/kf/S094f643a67ae44d4934f93898786aaaci.jpg?has_lang=1&ver=2_220x220q75.jpg_.avif,https://ae-pic-a1.aliexpress-media.com/kf/S6d07bbad262b4421b985fd91f28eededt.jpg?has_lang=1&ver=2_220x220q75.jpg_.avif,https://ae-pic-a1.aliexpress-media.com/kf/S5d0e826b6a2541e6a3cf9434565d8919k.jpg_220x220q75.jpg_.avif,https://ae-pic-a1.aliexpress-media.com/kf/S06849e8f4fac4fd485f26434cb2b0795Z.jpg?has_lang=1&ver=2_220x220q75.jpg_.avif","['High-concerned chemical', 'None', 'Season', 'Spring/Summer', 'is_customized', 'No', 'Fabric Type', 'Broadcloth', 'Age', 'Junior', 'Place Of Origin', 'China (mainland)']",https://www.aliexpress.us/item/3256807670712996.html?algo_pvid=97bd464f-6ac0-4ae1-a976-9be85e397b59&algo_exp_id=97bd464f-6ac0-4ae1-a976-9be85e397b59-56&pdp_ext_f=%7B%22order%22%3A%22592%22%2C%22eval%22%3A%221%22%2C%22orig_sl_item_id%22%3A%221005007857027748%22%2C%22orig_item_id%22%3A%221005006157998320%22%2C%22fromPage%22%3A%22search%22%7D&pdp_npi=6%40dis%21USD%2125.67%2112.32%21%21%21176.44%2184.69%21%402103849717729911070312868ebce7%2112000042560479064%21sea%21US%210%21ABX%211%210%21n_tag%3A-29910%3Bd%3Ad1df2f05%3Bm03_new_user%3A-29895&curPageLogUid=thnpbn8tDSw1&utparam-url=scene%3Asearch%7Cquery_from%3A%7Cx_object_id%3A1005007857027748%7C_p_origin_prod%3A1005006157998320
Beachapche Hand Crochet Tassel Skirts Women Fashion Sexy Side High Knitted Beach Cover Ups,$23.27 ,"https://ae-pic-a1.aliexpress-media.com/kf/Sc8b6794c0be843af9d2fab3b60e3a6984.jpg_220x220q75.jpg_.avif,https://ae-pic-a1.aliexpress-media.com/kf/Sd323aa53b8a748cb9c74c91f5261e8cdh.jpg_220x220q75.jpg_.avif,https://ae-pic-a1.aliexpress-media.com/kf/S9aa52a0aded84f34a24108f8efa9b2d0y.jpg_220x220q75.jpg_.avif,https://ae-pic-a1.aliexpress-media.com/kf/Sa4dd74d9b3484d53bea2ea6bb1063f7do.jpg_220x220q75.jpg_.avif,https://ae-pic-a1.aliexpress-media.com/kf/S4f0e68700743466da4d61ac661e7e7c52.jpg_220x220q75.jpg_.avif","['High-concerned chemical', 'None', 'Craft of Weaving', 'Knit', 'Season', 'Spring/Summer', 'is_customized', 'Yes', 'Fabric Type', 'Broadcloth', 'Age', 'Middle Age']",https://www.aliexpress.us/item/3256807387857199.html?algo_pvid=97bd464f-6ac0-4ae1-a976-9be85e397b59&algo_exp_id=97bd464f-6ac0-4ae1-a976-9be85e397b59-58&pdp_ext_f=%7B%22order%22%3A%22589%22%2C%22eval%22%3A%221%22%2C%22fromPage%22%3A%22search%22%7D&pdp_npi=6%40dis%21USD%2138.79%2123.27%21%21%2138.79%2123.27%21%402103849717729911070312868ebce7%2112000041353887477%21sea%21US%210%21ABX%211%210%21n_tag%3A-29910%3Bd%3Ad1df2f05%3Bm03_new_user%3A-29895&curPageLogUid=zUwZtPIS3zXB&utparam-url=scene%3Asearch%7Cquery_from%3A%7Cx_object_id%3A1005007574171951%7C_p_origin_prod%3A
"New Fairycore Lady ´s Fashionable Sexy Solid Color Mesh Skirt, Irregular Elastic Tulle Bubble Skirt, Daily Life and Vacation",$3.11 ,"https://ae-pic-a1.aliexpress-media.com/kf/Safe24f6850b54f2c98dc33a059e57417K.jpg_220x220q75.jpg_.avif,https://ae-pic-a1.aliexpress-media.com/kf/S324056b1d4ae42eea6250225b93ab62cg.jpg_220x220q75.jpg_.avif,https://ae-pic-a1.aliexpress-media.com/kf/Sc3a9021d1f0d4fdaab8f88c37ca040d5a.jpg_220x220q75.jpg_.avif,https://ae-pic-a1.aliexpress-media.com/kf/Saf9a582593c94bad839ec3d2174038d4L.jpg_220x220q75.jpg_.avif,https://ae-pic-a1.aliexpress-media.com/kf/Sdbbcbcf3f16a4825b1afcc1839183c3bj.jpg_220x220q75.jpg_.avif","['High-concerned chemical', 'None', 'Release Date', 'Summer 2024', 'Craft of Weaving', 'Tatting', 'Season', 'All Season', 'is_customized', 'No', 'Fabric Type', 'Broadcloth']",https://www.aliexpress.us/item/3256805987436117.html?algo_pvid=97bd464f-6ac0-4ae1-a976-9be85e397b59&algo_exp_id=97bd464f-6ac0-4ae1-a976-9be85e397b59-59&pdp_ext_f=%7B%22order%22%3A%22580%22%2C%22eval%22%3A%221%22%2C%22fromPage%22%3A%22search%22%7D&pdp_npi=6%40dis%21USD%2110.11%213.11%21%21%2110.11%213.11%21%402103849717729911070312868ebce7%2112000036119449067%21sea%21US%210%21ABX%211%210%21n_tag%3A-29910%3Bd%3Ad1df2f05%3Bm03_new_user%3A-29895%3BpisId%3A5000000197847475&curPageLogUid=io1YTw6naT1L&utparam-url=scene%3Asearch%7Cquery_from%3A%7Cx_object_id%3A1005006173750869%7C_p_origin_prod%3A
Sports Yoga Skirt Badminton Tennis Skirt Pants Half-body Quick Drying Pocket Skirt Side Split Strap Pants For Outwear,$0.99 ,"https://ae-pic-a1.aliexpress-media.com/kf/S169ecc4eae824ced9d3c57104badad60d.jpg_220x220q75.jpg_.avif,https://ae-pic-a1.aliexpress-media.com/kf/S169ecc4eae824ced9d3c57104badad60d.jpg_220x220q75.jpg_.avif,https://ae-pic-a1.aliexpress-media.com/kf/S2b28c6d99cac4a1bb5771a8be715ca806.jpg_220x220q75.jpg_.avif,https://ae-pic-a1.aliexpress-media.com/kf/S2d8dc1e923124503bb601db60d9327b6X.jpg_220x220q75.jpg_.avif,https://ae-pic-a1.aliexpress-media.com/kf/S9ad68cb7ba274fb89da41ed07492524bj.jpg_220x220q75.jpg_.avif","['High-concerned chemical', 'None', 'Release Date', 'Summer 2024', 'Craft of Weaving', 'Tatting', 'Season', 'Summer', 'is_customized', 'Yes', 'Fabric Type', 'Broadcloth']",https://www.aliexpress.us/item/3256807104997963.html?algo_pvid=86390692-681c-4a97-90e4-559478fd2ca5&algo_exp_id=86390692-681c-4a97-90e4-559478fd2ca5-0&pdp_ext_f=%7B%22order%22%3A%22577%22%2C%22eval%22%3A%221%22%2C%22fromPage%22%3A%22search%22%7D&pdp_npi=6%40dis%21USD%217.99%210.99%21%21%2154.93%216.82%21%40211b61d017729920574061026eb681%2112000040087511208%21sea%21US%210%21ABX%211%210%21n_tag%3A-29910%3Bd%3Ad1df2f05%3Bm03_new_user%3A-29895%3BpisId%3A5000000197847458&curPageLogUid=eF4J4es5BKtp&utparam-url=scene%3Asearch%7Cquery_from%3A%7Cx_object_id%3A1005007291312715%7C_p_origin_prod%3A
Puffy Cake Skirts Women Ruffles Chic Popular Sweet Spicy Girls Gothic All-match Korean Fashion Streetwear Summer Y2k,$14.70 ,"https://ae-pic-a1.aliexpress-media.com/kf/Sb044d2f910de43819eb5f4009cfc5d42I.jpg_220x220q75.jpg_.avif,https://ae-pic-a1.aliexpress-media.com/kf/S4259adce3c1944aea67e832642a9321fo.jpg_220x220q75.jpg_.avif,https://ae-pic-a1.aliexpress-media.com/kf/S9a3bffc506a14967bf5b79125f7944c60.jpg_220x220q75.jpg_.avif,https://ae-pic-a1.aliexpress-media.com/kf/S8dc581c4f85248bcb3434c636d99e2355.jpg_220x220q75.jpg_.avif,https://ae-pic-a1.aliexpress-media.com/kf/S6d639f25bb5a4826b524956b994c66d9x.jpg_220x220q75.jpg_.avif","['High-concerned chemical', 'None', 'Release Date', 'Autumn 2025', 'Craft of Weaving', 'Tatting', 'Season', 'Summer', 'is_customized', 'No', 'Fabric Type', 'Broadcloth']",https://www.aliexpress.us/item/3256807118416734.html?algo_pvid=86390692-681c-4a97-90e4-559478fd2ca5&algo_exp_id=86390692-681c-4a97-90e4-559478fd2ca5-1&pdp_ext_f=%7B%22order%22%3A%22573%22%2C%22spu_best_type%22%3A%22price%22%2C%22eval%22%3A%221%22%2C%22fromPage%22%3A%22search%22%7D&pdp_npi=6%40dis%21USD%2126.73%2114.70%21%21%2126.73%2114.70%21%40211b61d017729920574061026eb681%2112000040158614747%21sea%21US%210%21ABX%211%210%21n_tag%3A-29910%3Bd%3Ad1df2f05%3Bm03_new_user%3A-29895&curPageLogUid=P1KeZHpqTA84&utparam-url=scene%3Asearch%7Cquery_from%3A%7Cx_object_id%3A1005007304731486%7C_p_origin_prod%3A
Womens Garters Suspender Belt Skirts Ladies Wet Look Mini Skirts Leather Garters with Metal Clips Clubwear Costume Underwear,$7.82 ,"https://ae-pic-a1.aliexpress-media.com/kf/S3c564e8a670341959f3295a32078c395R.jpg?has_lang=1&ver=2_220x220q75.jpg_.avif,https://ae-pic-a1.aliexpress-media.com/kf/S3c564e8a670341959f3295a32078c395R.jpg?has_lang=1&ver=2_220x220q75.jpg_.avif,https://ae-pic-a1.aliexpress-media.com/kf/S536d1d29905a4378ada11ecb0f17dc6bQ.jpg_220x220q75.jpg_.avif,https://ae-pic-a1.aliexpress-media.com/kf/Sf1675e9f8ee44226bdfc8d7902756a393.jpg_220x220q75.jpg_.avif,https://ae-pic-a1.aliexpress-media.com/kf/S1c0acb4155d148b9bd86a8749394b9eaw.jpg_220x220q75.jpg_.avif","['Occasion', 'Party', 'High-concerned chemical', 'None', 'Craft of Weaving', 'Tatting', 'Season', 'All Season', 'is_customized', 'No', 'Fabric Type', 'Leather']",https://www.aliexpress.us/item/3256806249360553.html?algo_pvid=86390692-681c-4a97-90e4-559478fd2ca5&algo_exp_id=86390692-681c-4a97-90e4-559478fd2ca5-2&pdp_ext_f=%7B%22order%22%3A%22571%22%2C%22eval%22%3A%221%22%2C%22fromPage%22%3A%22search%22%7D&pdp_npi=6%40dis%21USD%2128.86%217.82%21%21%21198.33%2153.71%21%40211b61d017729920574061026eb681%2112000037157314956%21sea%21US%210%21ABX%211%210%21n_tag%3A-29910%3Bd%3Ad1df2f05%3Bm03_new_user%3A-29895%3BpisId%3A5000000197847458&curPageLogUid=DPJa1RUVMrfj&utparam-url=scene%3Asearch%7Cquery_from%3A%7Cx_object_id%3A1005006435675305%7C_p_origin_prod%3A
MisShow Women Tutu Short Skirt High Waist Mesh Soft Tulle Skirt Puffy Pettiskirt Prom Ball Gown Party Dance Tutu Dress,$7.31 ,"https://ae-pic-a1.aliexpress-media.com/kf/S607d8126ecc149d1a26d69cefcb3ece9N.jpg?has_lang=1&ver=2_220x220q75.jpg_.avif,https://ae-pic-a1.aliexpress-media.com/kf/Sa2af8d4a2347494f8beed3930d92eb97l.jpg?has_lang=1&ver=2_220x220q75.jpg_.avif,https://ae-pic-a1.aliexpress-media.com/kf/S9b4c1da4978c48b78b48caf9357fbd82X.jpg?has_lang=1&ver=2_220x220q75.jpg_.avif,https://ae-pic-a1.aliexpress-media.com/kf/S0bf0a207bb664141b12f205918b14bcbU.jpg_220x220q75.jpg_.avif,https://ae-pic-a1.aliexpress-media.com/kf/S03605f74cdb64d92b072b338ac96eb72m.jpg?has_lang=1&ver=2_220x220q75.jpg_.avif","['Occasion', 'Party', 'Festival', 'Halloween', 'High-concerned chemical', 'None', 'Release Date', 'Spring 2025', 'Craft of Weaving', 'Knit', 'Season', 'All Season']",https://www.aliexpress.us/item/3256806333499549.html?algo_pvid=86390692-681c-4a97-90e4-559478fd2ca5&algo_exp_id=86390692-681c-4a97-90e4-559478fd2ca5-3&pdp_ext_f=%7B%22order%22%3A%22566%22%2C%22eval%22%3A%221%22%2C%22fromPage%22%3A%22search%22%7D&pdp_npi=6%40dis%21USD%2133.95%217.31%21%21%21233.36%2150.28%21%40211b61d017729920574061026eb681%2112000037512803374%21sea%21US%210%21ABX%211%210%21n_tag%3A-29910%3Bd%3Ad1df2f05%3Bm03_new_user%3A-29895%3BpisId%3A5000000197847450&curPageLogUid=shfbdvIGeIvQ&utparam-url=scene%3Asearch%7Cquery_from%3A%7Cx_object_id%3A1005006519814301%7C_p_origin_prod%3A
Multi-layer Ruffled Petticoats for Women Fluffy Bubble Skirt Crinoline Underskirt No Hoop Boneless Lolita Puffy Skirt Mini Skirt,$20.82 ,"https://ae-pic-a1.aliexpress-media.com/kf/S9ba25334642f4c74ad358c898d8bba5fn.jpg?has_lang=1&ver=2_220x220q75.jpg_.avif,https://ae-pic-a1.aliexpress-media.com/kf/S9ba25334642f4c74ad358c898d8bba5fn.jpg?has_lang=1&ver=2_220x220q75.jpg_.avif,https://ae-pic-a1.aliexpress-media.com/kf/Sf9780ebf6c31426da230f8a7c7883697f.jpg_220x220q75.jpg_.avif,https://ae-pic-a1.aliexpress-media.com/kf/S135d1f1603574c03907dcafc37fda06bF.jpg?has_lang=1&ver=2_220x220q75.jpg_.avif,https://ae-pic-a1.aliexpress-media.com/kf/S3fd0371dcb3e4aa7858fedf056fc437fN.jpg?has_lang=1&ver=2_220x220q75.jpg_.avif","['High-concerned chemical', 'None', 'Release Date', 'Summer 2025', 'Craft of Weaving', 'Tatting', 'Season', 'All Season', 'is_customized', 'No', 'Fabric Type', 'Organza']",https://www.aliexpress.us/item/3256807218861275.html?algo_pvid=86390692-681c-4a97-90e4-559478fd2ca5&algo_exp_id=86390692-681c-4a97-90e4-559478fd2ca5-4&pdp_ext_f=%7B%22order%22%3A%22564%22%2C%22eval%22%3A%221%22%2C%22fromPage%22%3A%22search%22%7D&pdp_npi=6%40dis%21USD%2139.28%2120.82%21%21%21269.96%21143.08%21%40211b61d017729920574061026eb681%2112000040606314016%21sea%21US%210%21ABX%211%210%21n_tag%3A-29910%3Bd%3Ad1df2f05%3Bm03_new_user%3A-29895&curPageLogUid=FIznGeanVq8J&utparam-url=scene%3Asearch%7Cquery_from%3A%7Cx_object_id%3A1005007405176027%7C_p_origin_prod%3A
Summer Women High Waist Pleated Plaid Skirts Mini Tennis Skirt Harajuku JK Japanese School Uniform Short A-Line Mini Skirt Girl,$0.99 ,"https://ae-pic-a1.aliexpress-media.com/kf/S054d5673f4c344b0b2a3c9dd99772fd0r.jpg?has_lang=1&ver=2_220x220q75.jpg_.avif,https://ae-pic-a1.aliexpress-media.com/kf/Sb78b6095b04648bfa47a6715c2bccae8e.jpg_220x220q75.jpg_.avif,https://ae-pic-a1.aliexpress-media.com/kf/Sd13b11e318dc4635ad1e5d2febce8ae4j.jpg_220x220q75.jpg_.avif,https://ae-pic-a1.aliexpress-media.com/kf/S1014e0e1eb7a4e6f9389268398fe8fffM.jpg_220x220q75.jpg_.avif,https://ae-pic-a1.aliexpress-media.com/kf/See3fc71e986049dd91816277694c5da7J.jpg_220x220q75.jpg_.avif","['Release Date', 'Summer 2024', 'Craft of Weaving', 'Knit', 'Season', 'Summer', 'Fabric Type', 'Nylon Cotton', 'Age', 'Junior', 'Place Of Origin', 'China (mainland)']",https://www.aliexpress.us/item/3256806813822910.html?algo_pvid=86390692-681c-4a97-90e4-559478fd2ca5&algo_exp_id=86390692-681c-4a97-90e4-559478fd2ca5-5&pdp_ext_f=%7B%22order%22%3A%22562%22%2C%22spu_best_type%22%3A%22price%22%2C%22eval%22%3A%221%22%2C%22fromPage%22%3A%22search%22%7D&pdp_npi=6%40dis%21USD%2110.82%210.99%21%21%2174.37%216.81%21%40211b61d017729920574061026eb681%2112000039005454817%21sea%21US%210%21ABX%211%210%21n_tag%3A-29910%3Bd%3Ad1df2f05%3Bm03_new_user%3A-29895%3BpisId%3A5000000197847450&curPageLogUid=jG8XjEr46W7E&utparam-url=scene%3Asearch%7Cquery_from%3A%7Cx_object_id%3A1005007000137662%7C_p_origin_prod%3A
HH Women Elegant Solid Satin Long Skirt Chic Y2K High Waist Slim Skirts Female Fashion Silk Texture Ladies Tight Midi Skirt,$3.80 ,"https://ae-pic-a1.aliexpress-media.com/kf/S9aceabda8eca4de090c5ef78fcbacc35H.jpg_220x220q75.jpg_.avif,https://ae-pic-a1.aliexpress-media.com/kf/S9aceabda8eca4de090c5ef78fcbacc35H.jpg_220x220q75.jpg_.avif,https://ae-pic-a1.aliexpress-media.com/kf/S9ce07024aabb44258fb81962a59b5583Y.jpg_220x220q75.jpg_.avif,https://ae-pic-a1.aliexpress-media.com/kf/S113d60c0b6bb43a199a1d24f3b53311eD.jpg_220x220q75.jpg_.avif,https://ae-pic-a1.aliexpress-media.com/kf/Sb27d9e8c76fe444796e1b5e33e887b9cO.jpg_220x220q75.jpg_.avif","['High-concerned chemical', 'None', 'Craft of Weaving', 'Tatting', 'Season', 'Spring/Summer', 'is_customized', 'No', 'Fabric Type', 'Satin', 'Age', 'Middle Age']",https://www.aliexpress.us/item/3256806508224169.html?algo_pvid=86390692-681c-4a97-90e4-559478fd2ca5&algo_exp_id=86390692-681c-4a97-90e4-559478fd2ca5-6&pdp_ext_f=%7B%22order%22%3A%22562%22%2C%22eval%22%3A%221%22%2C%22fromPage%22%3A%22search%22%7D&pdp_npi=6%40dis%21USD%2128.74%213.80%21%21%21197.51%2126.07%21%40211b61d017729920574061026eb681%2112000038031923077%21sea%21US%210%21ABX%211%210%21n_tag%3A-29910%3Bd%3Ad1df2f05%3Bm03_new_user%3A-29895%3BpisId%3A5000000197847450&curPageLogUid=E5zQffbvRrzq&utparam-url=scene%3Asearch%7Cquery_from%3A%7Cx_object_id%3A1005006694538921%7C_p_origin_prod%3A
"French elegant retro green umbrella skirt, temperament high-waisted slim fluffy skirt, ladies half skirt",$26.92 ,"https://ae-pic-a1.aliexpress-media.com/kf/S17190b56d05f41d8ae97d2b3cb6bbbf6Y.jpg_220x220q75.jpg_.avif,https://ae-pic-a1.aliexpress-media.com/kf/S17190b56d05f41d8ae97d2b3cb6bbbf6Y.jpg_220x220q75.jpg_.avif,https://ae-pic-a1.aliexpress-media.com/kf/S0af156b08bc548dd83427bb27e25ebf1U.jpg_220x220q75.jpg_.avif,https://ae-pic-a1.aliexpress-media.com/kf/Sa6be1830cd8e497ba33fc10b800e982e4.jpg_220x220q75.jpg_.avif,https://ae-pic-a1.aliexpress-media.com/kf/S93af713f1cef45288d0ef4b333629826T.jpg_220x220q75.jpg_.avif","['High-concerned chemical', 'None', 'Release Date', 'Summer 2024', 'Craft of Weaving', 'Tatting', 'Season', 'Summer', 'Fabric Type', 'Blended', 'Age', 'Middle Age']",https://www.aliexpress.us/item/3256807188212954.html?algo_pvid=86390692-681c-4a97-90e4-559478fd2ca5&algo_exp_id=86390692-681c-4a97-90e4-559478fd2ca5-7&pdp_ext_f=%7B%22order%22%3A%22561%22%2C%22eval%22%3A%221%22%2C%22fromPage%22%3A%22search%22%7D&pdp_npi=6%40dis%21USD%2129.03%2126.92%21%21%21199.52%21185.02%21%40211b61d017729920574061026eb681%2112000046761224785%21sea%21US%210%21ABX%211%210%21n_tag%3A-29910%3Bd%3Ad1df2f05%3Bm03_new_user%3A-29895%3BpisId%3A5000000201909246&curPageLogUid=ymc15xeje1IP&utparam-url=scene%3Asearch%7Cquery_from%3A%7Cx_object_id%3A1005007374527706%7C_p_origin_prod%3A
Women’s Tulle Long Skirts Elastic High Waist Ruffle Hem Tutu Skirts Fluffy A-line Midi Skirts,$8.85 ,"https://ae-pic-a1.aliexpress-media.com/kf/Sa67022c5179f4ed198e5eec82e2f76530.jpg_220x220q75.jpg_.avif,https://ae-pic-a1.aliexpress-media.com/kf/S813dfea868264d89af8b01fa19629d1co.jpg_220x220q75.jpg_.avif,https://ae-pic-a1.aliexpress-media.com/kf/S57fa62029d0b4d42a8118b2b597518edM.jpg_220x220q75.jpg_.avif,https://ae-pic-a1.aliexpress-media.com/kf/Sa7f2df5e4f7d40dd84f0bf2acb41acdcq.jpg_220x220q75.jpg_.avif,https://ae-pic-a1.aliexpress-media.com/kf/S8228430c6ff24e84a9ab53fe487d7fe0p.jpg_220x220q75.jpg_.avif","['High-concerned chemical', 'None', 'Release Date', 'Summer 2024', 'Season', 'All Season', 'is_customized', 'No', 'Fabric Type', 'Velvet', 'Age', 'Junior']",https://www.aliexpress.us/item/3256811494221004.html?algo_pvid=86390692-681c-4a97-90e4-559478fd2ca5&algo_exp_id=86390692-681c-4a97-90e4-559478fd2ca5-9&pdp_ext_f=%7B%22order%22%3A%22557%22%2C%22eval%22%3A%221%22%2C%22orig_sl_item_id%22%3A%221005011680535756%22%2C%22orig_item_id%22%3A%221005007684644548%22%2C%22fromPage%22%3A%22search%22%7D&pdp_npi=6%40dis%21USD%2137.70%218.85%21%21%21259.08%2160.81%21%40211b61d017729920574061026eb681%2112000056228405545%21sea%21US%210%21ABX%211%210%21n_tag%3A-29910%3Bd%3Ad1df2f05%3Bm03_new_user%3A-29895%3BpisId%3A5000000197847450&curPageLogUid=ljyPAFAYLmMB&utparam-url=scene%3Asearch%7Cquery_from%3A%7Cx_object_id%3A1005011680535756%7C_p_origin_prod%3A1005007684644548
Women Chic Shiny Green Tassel Skirt High Waist Slim Fit Long Straight Tube Dress 2026 New Outfits Commuting Club Party Clothing,$20.91 ,"https://ae-pic-a1.aliexpress-media.com/kf/S093a76d3fbed40c9bdca78fb0be488f6p.jpg_220x220q75.jpg_.avif,https://ae-pic-a1.aliexpress-media.com/kf/S093a76d3fbed40c9bdca78fb0be488f6p.jpg_220x220q75.jpg_.avif,https://ae-pic-a1.aliexpress-media.com/kf/Sa3e0ddf59ed3492b854538c0b8a30d2c5.jpg_220x220q75.jpg_.avif,https://ae-pic-a1.aliexpress-media.com/kf/Sb6cf9ef7849f48ec831d45331a264099i.jpg_220x220q75.jpg_.avif,https://ae-pic-a1.aliexpress-media.com/kf/S70c283232b8f401da202eec2ed63d0feN.jpg_220x220q75.jpg_.avif","['Occasion', 'Night Out', 'High-concerned chemical', 'None', 'Release Date', 'Autumn 2025', 'Craft of Weaving', 'Tatting', 'Season', 'All Season', 'Fabric Type', 'Blended']",https://www.aliexpress.us/item/3256810211620895.html?algo_pvid=86390692-681c-4a97-90e4-559478fd2ca5&algo_exp_id=86390692-681c-4a97-90e4-559478fd2ca5-10&pdp_ext_f=%7B%22order%22%3A%22557%22%2C%22spu_best_type%22%3A%22price%22%2C%22eval%22%3A%221%22%2C%22fromPage%22%3A%22search%22%7D&pdp_npi=6%40dis%21USD%2170.26%2120.91%21%21%21482.89%21143.74%21%40211b61d017729920574061026eb681%2112000052279160919%21sea%21US%210%21ABX%211%210%21n_tag%3A-29910%3Bd%3Ad1df2f05%3Bm03_new_user%3A-29895%3BpisId%3A5000000197847450&curPageLogUid=Kzgp1IZCWVEW&utparam-url=scene%3Asearch%7Cquery_from%3A%7Cx_object_id%3A1005010397935647%7C_p_origin_prod%3A
DUOPERI Women Fashion Solid Mini Balloon Skirt High Elastic Waist Female Chic Lady Casual Y2K Short Skirt,$2.10 ,"https://ae-pic-a1.aliexpress-media.com/kf/S631dc36c04c04f26b9133716b4021542F.jpg_220x220q75.jpg_.avif,https://ae-pic-a1.aliexpress-media.com/kf/Sf450987f925744149f36f6b06d665499d.jpg_220x220q75.jpg_.avif,https://ae-pic-a1.aliexpress-media.com/kf/S9874081f2f7d459b9badda54ac870310C.jpg_220x220q75.jpg_.avif,https://ae-pic-a1.aliexpress-media.com/kf/S2625329832844e4ab187b02b6af78c97u.jpg_220x220q75.jpg_.avif,https://ae-pic-a1.aliexpress-media.com/kf/Scf64161014bf41779033c458174fd091v.jpg_220x220q75.jpg_.avif","['High-concerned chemical', 'None', 'Release Date', 'Summer 2024', 'Craft of Weaving', 'Tatting', 'Season', 'Summer', 'Fabric Type', 'Blended', 'Age', 'Junior']",https://www.aliexpress.us/item/3256807199866196.html?algo_pvid=86390692-681c-4a97-90e4-559478fd2ca5&algo_exp_id=86390692-681c-4a97-90e4-559478fd2ca5-11&pdp_ext_f=%7B%22order%22%3A%22557%22%2C%22eval%22%3A%221%22%2C%22fromPage%22%3A%22search%22%7D&pdp_npi=6%40dis%21USD%2118.38%212.10%21%21%21126.31%2114.39%21%40211b61d017729920574061026eb681%2112000040531849998%21sea%21US%210%21ABX%211%210%21n_tag%3A-29910%3Bd%3Ad1df2f05%3Bm03_new_user%3A-29895%3BpisId%3A5000000197847475&curPageLogUid=F3PdZcTseToo&utparam-url=scene%3Asearch%7Cquery_from%3A%7Cx_object_id%3A1005007386180948%7C_p_origin_prod%3A
Sexy PU Leather Short Skirts for Women Club Prom Performance Solid High Waist Mini Skirt Gold Red Shine Bright Fladas Mujer XXL,$0.99 ,"https://ae-pic-a1.aliexpress-media.com/kf/Sab1c4a6a00e94f08abebce88b93633bai.jpg_220x220q75.jpg_.avif,https://ae-pic-a1.aliexpress-media.com/kf/S77d8b5c36482421093739c25997e57e6i.jpg_220x220q75.jpg_.avif,https://ae-pic-a1.aliexpress-media.com/kf/Sf312be6ef4864114a7c09fce7d2d1ae3Y.jpg_220x220q75.jpg_.avif,https://ae-pic-a1.aliexpress-media.com/kf/S028f22a443ee4306b718048408c3e4b6F.jpg_220x220q75.jpg_.avif,https://ae-pic-a1.aliexpress-media.com/kf/S984dc344810a402c8afd09d2826d72b0W.jpg_220x220q75.jpg_.avif","['High-concerned chemical', 'None', 'Release Date', 'Summer 2024', 'Craft of Weaving', 'Tatting', 'Season', 'Summer', 'is_customized', 'No', 'Fabric Type', 'Blended']",https://www.aliexpress.us/item/3256807945697037.html?algo_pvid=86390692-681c-4a97-90e4-559478fd2ca5&algo_exp_id=86390692-681c-4a97-90e4-559478fd2ca5-12&pdp_ext_f=%7B%22order%22%3A%22556%22%2C%22eval%22%3A%221%22%2C%22fromPage%22%3A%22search%22%7D&pdp_npi=6%40dis%21USD%2112.94%210.99%21%21%2188.94%216.80%21%40211b61d017729920574061026eb681%2112000043917003860%21sea%21US%210%21ABX%211%210%21n_tag%3A-29910%3Bd%3Ad1df2f05%3Bm03_new_user%3A-29895%3BpisId%3A5000000197847475&curPageLogUid=B1eGLqOMiYhj&utparam-url=scene%3Asearch%7Cquery_from%3A%7Cx_object_id%3A1005008132011789%7C_p_origin_prod%3A
New Arrival High Waisted Sexy Womens Double Slits Summer Solid Long Maxi Skirt Wholesale 51 Valentine's Day Gifts,$4.67 ,"https://ae-pic-a1.aliexpress-media.com/kf/S919567d51f5d4e7a96d6d5d0bddd1edeQ.jpg_220x220q75.jpg_.avif,https://ae-pic-a1.aliexpress-media.com/kf/S61fdbc200a1e428796b6a91bfb2312bbN.jpg_220x220q75.jpg_.avif,https://ae-pic-a1.aliexpress-media.com/kf/S9e6dad112ff340f6b8073daa60aa4130L.jpg_220x220q75.jpg_.avif,https://ae-pic-a1.aliexpress-media.com/kf/S2be1771d0083487eb537fdaedc5da1002.jpg_220x220q75.jpg_.avif,https://ae-pic-a1.aliexpress-media.com/kf/S8eb2ee95136a449f8950f0d70d5539de2.jpg_220x220q75.jpg_.avif","['High-concerned chemical', 'None', 'Craft of Weaving', 'Knit', 'Season', 'Summer', 'is_customized', 'No', 'Fabric Type', 'Broadcloth', 'Age', 'Junior']",https://www.aliexpress.us/item/3256807303358296.html?algo_pvid=86390692-681c-4a97-90e4-559478fd2ca5&algo_exp_id=86390692-681c-4a97-90e4-559478fd2ca5-13&pdp_ext_f=%7B%22order%22%3A%22554%22%2C%22eval%22%3A%221%22%2C%22fromPage%22%3A%22search%22%7D&pdp_npi=6%40dis%21USD%2115.02%214.67%21%21%21103.23%2132.09%21%40211b61d017729920574061026eb681%2112000040987911001%21sea%21US%210%21ABX%211%210%21n_tag%3A-29910%3Bd%3Ad1df2f05%3Bm03_new_user%3A-29895%3BpisId%3A5000000197847450&curPageLogUid=AnERab3pZpta&utparam-url=scene%3Asearch%7Cquery_from%3A%7Cx_object_id%3A1005007489673048%7C_p_origin_prod%3A
Womens Sequins Dance Skirt Lace-Up Mermaid Hip Scarf Wrap Long Belly Dance Hip Skirt Festival Dance Stage Performance Costumes,$7.15 ,"https://ae-pic-a1.aliexpress-media.com/kf/S487e1432dd7948b481733c59241d6c3bv.jpg?has_lang=1&ver=2_220x220q75.jpg_.avif,https://ae-pic-a1.aliexpress-media.com/kf/S487e1432dd7948b481733c59241d6c3bv.jpg?has_lang=1&ver=2_220x220q75.jpg_.avif,https://ae-pic-a1.aliexpress-media.com/kf/S6e202a10038949e0bd669d66087685e7t.jpg_220x220q75.jpg_.avif,https://ae-pic-a1.aliexpress-media.com/kf/S7d834601a6ad4026878b4cc846df81115.jpg?has_lang=1&ver=2_220x220q75.jpg_.avif,https://ae-pic-a1.aliexpress-media.com/kf/Sfc93133b774b49b981400d71756e5ce7k.jpg_220x220q75.jpg_.avif","['Occasion', 'Party', 'Festival', 'Halloween', 'High-concerned chemical', 'None', 'Release Date', 'Winter 2024', 'Craft of Weaving', 'Tatting', 'Season', 'Summer']",https://www.aliexpress.us/item/3256808189017891.html?algo_pvid=86390692-681c-4a97-90e4-559478fd2ca5&algo_exp_id=86390692-681c-4a97-90e4-559478fd2ca5-15&pdp_ext_f=%7B%22order%22%3A%22553%22%2C%22eval%22%3A%221%22%2C%22fromPage%22%3A%22search%22%7D&pdp_npi=6%40dis%21USD%2113.00%217.15%21%21%2113.00%217.15%21%40211b61d017729920574061026eb681%2112000044779431629%21sea%21US%210%21ABX%211%210%21n_tag%3A-29910%3Bd%3Ad1df2f05%3Bm03_new_user%3A-29895&curPageLogUid=RmlGc72vWc8v&utparam-url=scene%3Asearch%7Cquery_from%3A%7Cx_object_id%3A1005008375332643%7C_p_origin_prod%3A
fashionable summer sports shorts women's pleated skirt anti glare short skirt running outdoor fitness breathable tennis skirt,$2.07 ,"https://ae-pic-a1.aliexpress-media.com/kf/S29d937414f40493e996732a5c7c3cd6cd.jpg_220x220q75.jpg_.avif,https://ae-pic-a1.aliexpress-media.com/kf/S29d937414f40493e996732a5c7c3cd6cd.jpg_220x220q75.jpg_.avif,https://ae-pic-a1.aliexpress-media.com/kf/S22e7c7228dc145a1ab28f06c5759b8dab.jpg_220x220q75.jpg_.avif,https://ae-pic-a1.aliexpress-media.com/kf/S07383bf219d64fb080ee8cb3308d9286P.jpg_220x220q75.jpg_.avif,https://ae-pic-a1.aliexpress-media.com/kf/S583653f9ba6f4b5a8c116c8d1ba1c63b5.jpg_220x220q75.jpg_.avif","['High-concerned chemical', 'None', 'Release Date', 'Summer 2024', 'Craft of Weaving', 'Knit', 'Season', 'Spring/Summer', 'is_customized', 'Yes', 'Fabric Type', 'Knitting']",https://www.aliexpress.us/item/3256807196658601.html?algo_pvid=86390692-681c-4a97-90e4-559478fd2ca5&algo_exp_id=86390692-681c-4a97-90e4-559478fd2ca5-17&pdp_ext_f=%7B%22order%22%3A%22552%22%2C%22eval%22%3A%221%22%2C%22fromPage%22%3A%22search%22%7D&pdp_npi=6%40dis%21USD%2112.07%212.07%21%21%2182.97%2114.24%21%40211b61d017729920574061026eb681%2112000040518834937%21sea%21US%210%21ABX%211%210%21n_tag%3A-29910%3Bd%3Ad1df2f05%3Bm03_new_user%3A-29895%3BpisId%3A5000000197847450&curPageLogUid=GuW863hVe7Ua&utparam-url=scene%3Asearch%7Cquery_from%3A%7Cx_object_id%3A1005007382973353%7C_p_origin_prod%3A
Cute Ruffle Bloomer Skirts Women's Summer Lace Floral Skirt High Rise Tiered Ruffled Flowy Short Mini A Line Skirt,$7.24 ,"https://ae-pic-a1.aliexpress-media.com/kf/Sad2932828b834ff88226c5bc846fb9afC.jpg_220x220q75.jpg_.avif,https://ae-pic-a1.aliexpress-media.com/kf/Se097b3a8573745878124022bb45d4c1eI.jpg_220x220q75.jpg_.avif,https://ae-pic-a1.aliexpress-media.com/kf/S7727bb2138504bbba30c851fc89cc04bG.jpg_220x220q75.jpg_.avif,https://ae-pic-a1.aliexpress-media.com/kf/Sb15f42a24d924fc4babc4ac19e90d26cv.jpg_220x220q75.jpg_.avif,https://ae-pic-a1.aliexpress-media.com/kf/S3f1e42cd8d754567a18f575414bf5dbax.jpg_220x220q75.jpg_.avif","['High-concerned chemical', 'None', 'Release Date', 'Autumn 2024', 'Craft of Weaving', 'Tatting', 'Season', 'Summer', 'is_customized', 'No', 'Fabric Type', 'Broadcloth']",https://www.aliexpress.us/item/3256808099847257.html?algo_pvid=86390692-681c-4a97-90e4-559478fd2ca5&algo_exp_id=86390692-681c-4a97-90e4-559478fd2ca5-18&pdp_ext_f=%7B%22order%22%3A%22548%22%2C%22eval%22%3A%221%22%2C%22fromPage%22%3A%22search%22%7D&pdp_npi=6%40dis%21USD%219.05%217.24%21%21%219.05%217.24%21%40211b61d017729920574061026eb681%2112000044480391381%21sea%21US%210%21ABX%211%210%21n_tag%3A-29910%3Bd%3Ad1df2f05%3Bm03_new_user%3A-29895&curPageLogUid=FdPUesuS6gOL&utparam-url=scene%3Asearch%7Cquery_from%3A%7Cx_object_id%3A1005008286162009%7C_p_origin_prod%3A
AltGoth Punk Mall Goth Shorts Skirt Women Y2k E-girl Streetwear Harajuku Leg Ring Buckle Detachable High Waist Emo Alt Clubwear,$3.23 ,"https://ae-pic-a1.aliexpress-media.com/kf/S094f643a67ae44d4934f93898786aaaci.jpg?has_lang=1&ver=2_220x220q75.jpg_.avif,https://ae-pic-a1.aliexpress-media.com/kf/S094f643a67ae44d4934f93898786aaaci.jpg?has_lang=1&ver=2_220x220q75.jpg_.avif,https://ae-pic-a1.aliexpress-media.com/kf/S6d07bbad262b4421b985fd91f28eededt.jpg?has_lang=1&ver=2_220x220q75.jpg_.avif,https://ae-pic-a1.aliexpress-media.com/kf/S5d0e826b6a2541e6a3cf9434565d8919k.jpg_220x220q75.jpg_.avif,https://ae-pic-a1.aliexpress-media.com/kf/S06849e8f4fac4fd485f26434cb2b0795Z.jpg?has_lang=1&ver=2_220x220q75.jpg_.avif","['High-concerned chemical', 'None', 'Season', 'Spring/Summer', 'is_customized', 'No', 'Fabric Type', 'Broadcloth', 'Age', 'Junior', 'Place Of Origin', 'China (mainland)']",https://www.aliexpress.us/item/3256805971683568.html?algo_pvid=86390692-681c-4a97-90e4-559478fd2ca5&algo_exp_id=86390692-681c-4a97-90e4-559478fd2ca5-19&pdp_ext_f=%7B%22order%22%3A%22547%22%2C%22spu_best_type%22%3A%22price%22%2C%22eval%22%3A%221%22%2C%22fromPage%22%3A%22search%22%7D&pdp_npi=6%40dis%21USD%2126.46%213.23%21%21%21181.87%2122.20%21%40211b61d017729920574061026eb681%2112000036032308268%21sea%21US%210%21ABX%211%210%21n_tag%3A-29910%3Bd%3Ad1df2f05%3Bm03_new_user%3A-29895%3BpisId%3A5000000197847450&curPageLogUid=dPyrYvwRiG1M&utparam-url=scene%3Asearch%7Cquery_from%3A%7Cx_object_id%3A1005006157998320%7C_p_origin_prod%3A
Japan Style High Waist Pleated Mini Skirts Bow Knot Design Mini Skirts Kawaii Slim Fit A-line Skirts Pink Lace Skirts For Women,$28.31 ,"https://ae-pic-a1.aliexpress-media.com/kf/Scd09a0f51f9f441289e425a6de0163580.jpg_220x220q75.jpg_.avif,https://ae-pic-a1.aliexpress-media.com/kf/S64213e9a13e543ce883a569ead23dde7w.jpg_220x220q75.jpg_.avif,https://ae-pic-a1.aliexpress-media.com/kf/Se197364e27714bd0bcf2235c144ad964L.jpg_220x220q75.jpg_.avif,https://ae-pic-a1.aliexpress-media.com/kf/S8aa7a5f5cbb1495c8d30b77f3026d508d.jpg_220x220q75.jpg_.avif,https://ae-pic-a1.aliexpress-media.com/kf/S60fd7dd13ef04cc5b3b771a94ef8bf1aa.jpg?has_lang=1&ver=2_220x220q75.jpg_.avif","['High-concerned chemical', 'None', 'Release Date', 'Summer 2024', 'Craft of Weaving', 'Tatting', 'Season', 'Autumn/Winter', 'is_customized', 'No', 'Fabric Type', 'Broadcloth']",https://www.aliexpress.us/item/3256807261649729.html?algo_pvid=86390692-681c-4a97-90e4-559478fd2ca5&algo_exp_id=86390692-681c-4a97-90e4-559478fd2ca5-20&pdp_ext_f=%7B%22order%22%3A%22543%22%2C%22eval%22%3A%221%22%2C%22fromPage%22%3A%22search%22%7D&pdp_npi=6%40dis%21USD%2137.11%2128.31%21%21%21255.03%21194.54%21%40211b61d017729920574061026eb681%2112000040792459950%21sea%21US%210%21ABX%211%210%21n_tag%3A-29910%3Bd%3Ad1df2f05%3Bm03_new_user%3A-29895%3BpisId%3A5000000201897380&curPageLogUid=FbSHZTnYAgQR&utparam-url=scene%3Asearch%7Cquery_from%3A%7Cx_object_id%3A1005007447964481%7C_p_origin_prod%3A
Womens Glossy Nightclub Outfit Shiny High Waist Mini Skirt with Stockings Set Rave Party Cheer Booty Workout Pole Dance Clubwear,$0.99 ,"https://ae-pic-a1.aliexpress-media.com/kf/Sa973756eb8dc4921a629b8455aec7e2cp.jpg?has_lang=1&ver=1_220x220q75.jpg_.avif,https://ae-pic-a1.aliexpress-media.com/kf/Sa973756eb8dc4921a629b8455aec7e2cp.jpg?has_lang=1&ver=1_220x220q75.jpg_.avif,https://ae-pic-a1.aliexpress-media.com/kf/S38d6971767dc4d759502010a939e62e5M.jpg_220x220q75.jpg_.avif,https://ae-pic-a1.aliexpress-media.com/kf/Saaac17b7d04f43e0b4a3e0115db15a21j.jpg_220x220q75.jpg_.avif,https://ae-pic-a1.aliexpress-media.com/kf/S124be134392146419791258742c75effZ.jpg?has_lang=1&ver=1_220x220q75.jpg_.avif","['High-concerned chemical', 'None', 'Release Date', 'Summer 2025', 'Craft of Weaving', 'Tatting', 'Season', 'All Season', 'is_customized', 'No', 'Fabric Type', 'Broadcloth']",https://www.aliexpress.us/item/3256804295961229.html?algo_pvid=86390692-681c-4a97-90e4-559478fd2ca5&algo_exp_id=86390692-681c-4a97-90e4-559478fd2ca5-21&pdp_ext_f=%7B%22order%22%3A%22542%22%2C%22eval%22%3A%221%22%2C%22fromPage%22%3A%22search%22%7D&pdp_npi=6%40dis%21USD%214.92%210.99%21%21%214.92%210.99%21%40211b61d017729920574061026eb681%2112000029316628278%21sea%21US%210%21ABX%211%210%21n_tag%3A-29910%3Bd%3Ad1df2f05%3Bm03_new_user%3A-29895%3BpisId%3A5000000198352206&curPageLogUid=976cchINiqUY&utparam-url=scene%3Asearch%7Cquery_from%3A%7Cx_object_id%3A1005004482275981%7C_p_origin_prod%3A
Japanese Y2k Cute Ruffled Plaid Skirt Punk Rock Subculture Cake Skirts Japanese Preppy Style Casual New 2025 Women Skirts,$0.99 ,"https://ae-pic-a1.aliexpress-media.com/kf/S01c12b64a1064830bbab2529da32783bJ.jpg_220x220q75.jpg_.avif,https://ae-pic-a1.aliexpress-media.com/kf/Sda1c4c4e407b4921a32b87d70ed832ceQ.jpg_220x220q75.jpg_.avif,https://ae-pic-a1.aliexpress-media.com/kf/Sa1c7c77929224cd98d86ae20436ea8caz.jpg?has_lang=1&ver=2_220x220q75.jpg_.avif,https://ae-pic-a1.aliexpress-media.com/kf/S5b5bfeff89ea42a78fbda456b1f7734cC.jpg?has_lang=1&ver=2_220x220q75.jpg_.avif,https://ae-pic-a1.aliexpress-media.com/kf/Sd8521bf484de4a4daa72b032f9b68faao.jpg_220x220q75.jpg_.avif","['High-concerned chemical', 'None', 'Release Date', 'Summer 2025', 'Craft of Weaving', 'Tatting', 'Season', 'Summer', 'is_customized', 'No', 'Fabric Type', 'Blended']",https://www.aliexpress.us/item/3256809318269590.html?algo_pvid=86390692-681c-4a97-90e4-559478fd2ca5&algo_exp_id=86390692-681c-4a97-90e4-559478fd2ca5-22&pdp_ext_f=%7B%22order%22%3A%22541%22%2C%22eval%22%3A%221%22%2C%22fromPage%22%3A%22search%22%7D&pdp_npi=6%40dis%21USD%219.57%210.99%21%21%2165.80%216.80%21%40211b61d017729920574061026eb681%2112000049303857857%21sea%21US%210%21ABX%211%210%21n_tag%3A-29910%3Bd%3Ad1df2f05%3Bm03_new_user%3A-29895%3BpisId%3A5000000197847475&curPageLogUid=ACS7R6bjleBP&utparam-url=scene%3Asearch%7Cquery_from%3A%7Cx_object_id%3A1005009504584342%7C_p_origin_prod%3A
Mooyufon Women Fashion Solid Back Zipper A-Line Mini Skirt Vintage High Waist Female Chic Lady Skirts,$1.07 ,"https://ae-pic-a1.aliexpress-media.com/kf/Sc4e70fc97f6643858cf6ed5c94f9baf2u.jpg_220x220q75.jpg_.avif,https://ae-pic-a1.aliexpress-media.com/kf/Sf713798a422a41a8bd9d63052a3dab3cf.jpg_220x220q75.jpg_.avif,https://ae-pic-a1.aliexpress-media.com/kf/S66b03a3c41024c4fa6950c7d4278664eR.jpg_220x220q75.jpg_.avif,https://ae-pic-a1.aliexpress-media.com/kf/Sda0c3a7715d24e48a552f6791925c02aW.jpg_220x220q75.jpg_.avif,https://ae-pic-a1.aliexpress-media.com/kf/Sab860358ac764857950af385375540411.jpg?has_lang=1&ver=1_220x220q75.jpg_.avif","['High-concerned chemical', 'None', 'Release Date', 'Autumn 2024', 'Craft of Weaving', 'Tatting', 'Season', 'All Season', 'is_customized', 'No', 'Fabric Type', 'Broadcloth']",https://www.aliexpress.us/item/3256807500873579.html?algo_pvid=86390692-681c-4a97-90e4-559478fd2ca5&algo_exp_id=86390692-681c-4a97-90e4-559478fd2ca5-23&pdp_ext_f=%7B%22order%22%3A%22541%22%2C%22eval%22%3A%221%22%2C%22fromPage%22%3A%22search%22%7D&pdp_npi=6%40dis%21USD%2117.53%211.07%21%21%21120.47%217.31%21%40211b61d017729920574061026eb681%2112000041837096381%21sea%21US%210%21ABX%211%210%21n_tag%3A-29910%3Bd%3Ad1df2f05%3Bm03_new_user%3A-29895%3BpisId%3A5000000197847475&curPageLogUid=mptQ9Z3aeiSB&utparam-url=scene%3Asearch%7Cquery_from%3A%7Cx_object_id%3A1005007687188331%7C_p_origin_prod%3A
Women's Apricot A-line Skirt Vintage 90s Aesthetic Y2k 3D Floral Skirts Harajuku Korean Mini Skirts 2000s Cutecore Clothes 2024,$23.91 ,"https://ae-pic-a1.aliexpress-media.com/kf/S12ad93b1d32244c6bb5735cfd2ee17b2Z.jpg_220x220q75.jpg_.avif,https://ae-pic-a1.aliexpress-media.com/kf/S740937f6a9a440cf9a6498ff0ad2260dt.jpg_220x220q75.jpg_.avif,https://ae-pic-a1.aliexpress-media.com/kf/S1887c844b3f94d4b9d6681f34d5ff55eD.jpg_220x220q75.jpg_.avif,https://ae-pic-a1.aliexpress-media.com/kf/S3d90bb2267a94fda918dafa0f920dee5B.jpg_220x220q75.jpg_.avif,https://ae-pic-a1.aliexpress-media.com/kf/S66f24a8bfb90403cbc8b517170c2bb72e.jpg_220x220q75.jpg_.avif","['High-concerned chemical', 'None', 'Craft of Weaving', 'Tatting', 'Season', 'Summer', 'is_customized', 'No', 'Fabric Type', 'Blended', 'Age', 'Junior']",https://www.aliexpress.us/item/3256807977778989.html?algo_pvid=86390692-681c-4a97-90e4-559478fd2ca5&algo_exp_id=86390692-681c-4a97-90e4-559478fd2ca5-24&pdp_ext_f=%7B%22order%22%3A%22540%22%2C%22eval%22%3A%221%22%2C%22fromPage%22%3A%22search%22%7D&pdp_npi=6%40dis%21USD%2147.83%2123.91%21%21%2147.83%2123.91%21%40211b61d017729920574061026eb681%2112000044220050373%21sea%21US%210%21ABX%211%210%21n_tag%3A-29910%3Bd%3Ad1df2f05%3Bm03_new_user%3A-29895&curPageLogUid=3zZ2l856q6H2&utparam-url=scene%3Asearch%7Cquery_from%3A%7Cx_object_id%3A1005008164093741%7C_p_origin_prod%3A
Preppy Style Lolita Kawaii Skirts Japanese Sweet Mini Women Harajuku Cute Ball Gown Denim Skater Y2K High Waist Lace Cake Skirts,$24.19 ,"https://ae-pic-a1.aliexpress-media.com/kf/Sf690ead7860648a99f68e18ff7e4b7e74.jpg_220x220q75.jpg_.avif,https://ae-pic-a1.aliexpress-media.com/kf/Sf690ead7860648a99f68e18ff7e4b7e74.jpg_220x220q75.jpg_.avif,https://ae-pic-a1.aliexpress-media.com/kf/Sd6d0f6eeb7e246f9b430a0dec818200cM.jpg_220x220q75.jpg_.avif,https://ae-pic-a1.aliexpress-media.com/kf/Sb633afc94103494886f1ad7b769e1f97f.jpg_220x220q75.jpg_.avif,https://ae-pic-a1.aliexpress-media.com/kf/Sc193e9286dd74404822857795f48a8d85.jpg_220x220q75.jpg_.avif","['High-concerned chemical', 'None', 'Release Date', 'Summer 2025', 'Craft of Weaving', 'Tatting', 'Season', 'All Season', 'is_customized', 'No', 'Fabric Type', 'Broadcloth']",https://www.aliexpress.us/item/3256804514511763.html?algo_pvid=86390692-681c-4a97-90e4-559478fd2ca5&algo_exp_id=86390692-681c-4a97-90e4-559478fd2ca5-25&pdp_ext_f=%7B%22order%22%3A%22537%22%2C%22eval%22%3A%221%22%2C%22fromPage%22%3A%22search%22%7D&pdp_npi=6%40dis%21USD%2134.19%2124.19%21%21%2134.19%2124.19%21%40211b61d017729920574061026eb681%2112000030150806205%21sea%21US%210%21ABX%211%210%21n_tag%3A-29910%3Bd%3Ad1df2f05%3Bm03_new_user%3A-29895%3BpisId%3A5000000197847450&curPageLogUid=9g3RE5tovOM1&utparam-url=scene%3Asearch%7Cquery_from%3A%7Cx_object_id%3A1005004700826515%7C_p_origin_prod%3A
Women Plaid Pleat Skirt With Necktie Bowtie XS- 5XL Harajuku Preppy Mini Japanese School Uniforms Girls Summer Jupe Kawaii Skirt,$0.99 ,"https://ae-pic-a1.aliexpress-media.com/kf/S57275aebd33d42efb6e05d30740fc29b3.jpg_220x220q75.jpg_.avif,https://ae-pic-a1.aliexpress-media.com/kf/S63ded15b99cb4ed1b3f4f20cdc5c1edbZ.jpg_220x220q75.jpg_.avif,https://ae-pic-a1.aliexpress-media.com/kf/Sf320b5932004428e9ec8a25ca5d3a968N.jpg_220x220q75.jpg_.avif,https://ae-pic-a1.aliexpress-media.com/kf/S66412b7650cf464d993030d084d7b2d4H.jpg_220x220q75.jpg_.avif,https://ae-pic-a1.aliexpress-media.com/kf/See17e5dcce9547f5b4f42beec22431fay.jpg_220x220q75.jpg_.avif","['High-concerned chemical', 'None', 'Craft of Weaving', 'Knit', 'Season', 'All Season', 'is_customized', 'No', 'Fabric Type', 'Broadcloth', 'Age', 'Junior']",https://www.aliexpress.us/item/3256804982541697.html?algo_pvid=86390692-681c-4a97-90e4-559478fd2ca5&algo_exp_id=86390692-681c-4a97-90e4-559478fd2ca5-26&pdp_ext_f=%7B%22order%22%3A%22536%22%2C%22eval%22%3A%221%22%2C%22fromPage%22%3A%22search%22%7D&pdp_npi=6%40dis%21USD%219.96%210.99%21%21%2168.48%216.83%21%40211b61d017729920574061026eb681%2112000031953418932%21sea%21US%210%21ABX%211%210%21n_tag%3A-29910%3Bd%3Ad1df2f05%3Bm03_new_user%3A-29895%3BpisId%3A5000000197847458&curPageLogUid=dHWQGRsWgR10&utparam-url=scene%3Asearch%7Cquery_from%3A%7Cx_object_id%3A1005005168856449%7C_p_origin_prod%3A
Women Y2k Lace Mini Skirt Fairy Coquette Low Rise Pleated Ruffle Half Slip Skirt Vintage Layered Flowy Short Skirt Streetwear,$10.68 ,"https://ae-pic-a1.aliexpress-media.com/kf/S2ed7ebfc62f7422fb87fe8267212b4eb4.jpg_220x220q75.jpg_.avif,https://ae-pic-a1.aliexpress-media.com/kf/S33390b9532964cde86f6d520ac7ac5c0p.jpg_220x220q75.jpg_.avif,https://ae-pic-a1.aliexpress-media.com/kf/S484899d8da604b80bf1a6346fc6ac9a0y.jpg_220x220q75.jpg_.avif,https://ae-pic-a1.aliexpress-media.com/kf/Se5dfba53744b4d87a5a4fa207bb0bb8bk.jpg?has_lang=1&ver=2_220x220q75.jpg_.avif,https://ae-pic-a1.aliexpress-media.com/kf/S9ba2d754a70f4b56b2fbb1e0f6d6ef4al.jpg_220x220q75.jpg_.avif","['High-concerned chemical', 'None', 'Release Date', 'Autumn 2024', 'Craft of Weaving', 'Tatting', 'Season', 'All Season', 'is_customized', 'No', 'Fabric Type', 'Broadcloth']",https://www.aliexpress.us/item/3256808139603881.html?algo_pvid=86390692-681c-4a97-90e4-559478fd2ca5&algo_exp_id=86390692-681c-4a97-90e4-559478fd2ca5-28&pdp_ext_f=%7B%22order%22%3A%22532%22%2C%22spu_best_type%22%3A%22price%22%2C%22eval%22%3A%221%22%2C%22fromPage%22%3A%22search%22%7D&pdp_npi=6%40dis%21USD%2110.68%2110.68%21%21%2110.68%2110.68%21%40211b61d017729920574061026eb681%2112000044611848969%21sea%21US%210%21ABX%211%210%21n_tag%3A-29910%3Bd%3Ad1df2f05%3Bm03_new_user%3A-29895&curPageLogUid=llYLo1MMsiyW&utparam-url=scene%3Asearch%7Cquery_from%3A%7Cx_object_id%3A1005008325918633%7C_p_origin_prod%3A
100-crotch Women Spring Summer Jk White A- crotch High-waist Short Skirt Autumn Winter Plaid Half-skirt,$7.95 ,"https://ae-pic-a1.aliexpress-media.com/kf/S69c78d6cdfd74b52836218e9c529494bb.png_220x220.png_.avif,https://ae-pic-a1.aliexpress-media.com/kf/Sfde0296ed9f449a5a99994f39cc6cd39M.png_220x220.png_.avif,https://ae-pic-a1.aliexpress-media.com/kf/Sd980df3560054884971c283ec79cb850o.png_220x220.png_.avif,https://ae-pic-a1.aliexpress-media.com/kf/S4ff069e274094821b611e53548d8f5991.png_220x220.png_.avif,https://ae-pic-a1.aliexpress-media.com/kf/S308db630d1dd4b78854b53803a2cacf2e.png_220x220.png_.avif","['High-concerned chemical', 'None', 'Craft of Weaving', 'Tatting', 'Season', 'Summer', 'Fabric Type', 'Blended', 'Age', 'Middle Age', 'Place Of Origin', 'China (mainland)']",https://www.aliexpress.us/item/3256806852007210.html?algo_pvid=86390692-681c-4a97-90e4-559478fd2ca5&algo_exp_id=86390692-681c-4a97-90e4-559478fd2ca5-29&pdp_ext_f=%7B%22order%22%3A%22532%22%2C%22eval%22%3A%221%22%2C%22orig_sl_item_id%22%3A%221005007038321962%22%2C%22orig_item_id%22%3A%221005008781941926%22%2C%22fromPage%22%3A%22search%22%7D&pdp_npi=6%40dis%21USD%2115.90%217.95%21%21%21109.30%2154.65%21%40211b61d017729920574061026eb681%2112000039180406635%21sea%21US%210%21ABX%211%210%21n_tag%3A-29910%3Bd%3Ad1df2f05%3Bm03_new_user%3A-29895&curPageLogUid=Cpwze4DopR47&utparam-url=scene%3Asearch%7Cquery_from%3A%7Cx_object_id%3A1005007038321962%7C_p_origin_prod%3A1005008781941926
HXAO Women's Satin Long Skirts Black White Green Khaki Skirt Summer Elegant Women's Skirts Luxury Smooth High Waist Skirts 066,$1.06 ,"https://ae-pic-a1.aliexpress-media.com/kf/S27a433cc808f40c9b7c226bf0b7c736ec.jpg_220x220q75.jpg_.avif,https://ae-pic-a1.aliexpress-media.com/kf/S833e3c3d74cc45c698fbf7f39c0c2218n.jpg_220x220q75.jpg_.avif,https://ae-pic-a1.aliexpress-media.com/kf/S912ac92f00dd4911bde769eaad3225cct.jpg_220x220q75.jpg_.avif,https://ae-pic-a1.aliexpress-media.com/kf/Sdd31cfdcfad94438a849dfed3ac403e5I.jpg_220x220q75.jpg_.avif,https://ae-pic-a1.aliexpress-media.com/kf/S2cff0387571244eabcf765af5c335e90u.jpg_220x220q75.jpg_.avif","['Occasion', 'Party', 'Festival', 'Carnivals', 'High-concerned chemical', 'None', 'Release Date', 'Spring 2025', 'Craft of Weaving', 'Tatting', 'Season', 'All Season']",https://www.aliexpress.us/item/3256808569664762.html?algo_pvid=86390692-681c-4a97-90e4-559478fd2ca5&algo_exp_id=86390692-681c-4a97-90e4-559478fd2ca5-30&pdp_ext_f=%7B%22order%22%3A%22530%22%2C%22eval%22%3A%221%22%2C%22fromPage%22%3A%22search%22%7D&pdp_npi=6%40dis%21USD%2124.04%211.06%21%21%21165.22%217.27%21%40211b61d017729920574061026eb681%2112000046535880145%21sea%21US%210%21ABX%211%210%21n_tag%3A-29910%3Bd%3Ad1df2f05%3Bm03_new_user%3A-29895%3BpisId%3A5000000197847450&curPageLogUid=TKXH6QLuJyCb&utparam-url=scene%3Asearch%7Cquery_from%3A%7Cx_object_id%3A1005008755979514%7C_p_origin_prod%3A
Y2K Vintage High Waist Pleated Skirt Women College Style Uniforms Safety Pants Mini Skirts Woman Korean Street Slim A-Line Skirt,$5.58 ,"https://ae-pic-a1.aliexpress-media.com/kf/Sa5e02f7fc70b4c24b9a63462b8b4b17cR.jpg_220x220q75.jpg_.avif,https://ae-pic-a1.aliexpress-media.com/kf/Sa8f1f7c3ca6a4a9db3c2aa437e3ac2e83.jpg_220x220q75.jpg_.avif,https://ae-pic-a1.aliexpress-media.com/kf/S6f4ba4a0d061449380095a5f8db7119ct.jpg_220x220q75.jpg_.avif,https://ae-pic-a1.aliexpress-media.com/kf/Sc21a5bd1c57d441e8204ea653d9f1045l.jpg_220x220q75.jpg_.avif,https://ae-pic-a1.aliexpress-media.com/kf/S2b8eaa7f634344e185223aaeeb505b8eT.jpg_220x220q75.jpg_.avif","['High-concerned chemical', 'None', 'Craft of Weaving', 'Tatting', 'Season', 'All Season', 'is_customized', 'No', 'Fabric Type', 'Broadcloth', 'Age', 'Junior']",https://www.aliexpress.us/item/3256804885293919.html?algo_pvid=86390692-681c-4a97-90e4-559478fd2ca5&algo_exp_id=86390692-681c-4a97-90e4-559478fd2ca5-31&pdp_ext_f=%7B%22order%22%3A%22529%22%2C%22spu_best_type%22%3A%22price%22%2C%22eval%22%3A%221%22%2C%22fromPage%22%3A%22search%22%7D&pdp_npi=6%40dis%21USD%2115.58%215.58%21%21%21107.10%2138.37%21%40211b61d017729920574061026eb681%2112000031524811569%21sea%21US%210%21ABX%211%210%21n_tag%3A-29910%3Bd%3Ad1df2f05%3Bm03_new_user%3A-29895%3BpisId%3A5000000197847450&curPageLogUid=bt10QOtg4OI2&utparam-url=scene%3Asearch%7Cquery_from%3A%7Cx_object_id%3A1005005071608671%7C_p_origin_prod%3A
KONDALA 2026 Spring Summer Women Casual Tierred Mini Skirts Fashion Vintage Valentine‘s Day Ruffles Pleated Sexy Shorts Skirts,$5.91 ,"https://ae-pic-a1.aliexpress-media.com/kf/S4feaa81da53c4f84a2f7b184db469f53S.png?has_lang=1&ver=1_220x220.png_.avif,https://ae-pic-a1.aliexpress-media.com/kf/Sb14073ebcf2d439a918c4538e8a0e7f9z.png?has_lang=1&ver=1_220x220.png_.avif,https://ae-pic-a1.aliexpress-media.com/kf/S067f7cb6a774461b8f36c7be4933c29a6.png?has_lang=1&ver=1_220x220.png_.avif,https://ae-pic-a1.aliexpress-media.com/kf/S80cc6963882149e9a1275b3eb74a06d9H.png?has_lang=1&ver=1_220x220.png_.avif,https://ae-pic-a1.aliexpress-media.com/kf/S2fb4e6d6efd3445cabfc467e6ae0bb97c.png?has_lang=1&ver=1_220x220.png_.avif","['High-concerned chemical', 'None', 'Release Date', 'Autumn 2025', 'Craft of Weaving', 'Non-Woven', 'Season', 'All Season', 'is_customized', 'No', 'Fabric Type', 'Poplin']",https://www.aliexpress.us/item/3256806013520344.html?algo_pvid=86390692-681c-4a97-90e4-559478fd2ca5&algo_exp_id=86390692-681c-4a97-90e4-559478fd2ca5-32&pdp_ext_f=%7B%22order%22%3A%22526%22%2C%22eval%22%3A%221%22%2C%22fromPage%22%3A%22search%22%7D&pdp_npi=6%40dis%21USD%2133.15%215.91%21%21%21227.82%2140.62%21%40211b61d017729920574061026eb681%2112000036238593834%21sea%21US%210%21ABX%211%210%21n_tag%3A-29910%3Bd%3Ad1df2f05%3Bm03_new_user%3A-29895%3BpisId%3A5000000197847450&curPageLogUid=rFT4Vzgs3bvc&utparam-url=scene%3Asearch%7Cquery_from%3A%7Cx_object_id%3A1005006199835096%7C_p_origin_prod%3A
Black Mini Skirts Women Irregular Side Slits High Waist A Line Shorts Skirts Summer Korean Fashion Chic Hip Wrap Skirt Female,$1.55 ,"https://ae-pic-a1.aliexpress-media.com/kf/Sd56463329c784b568f2bc0878c81f91du.jpeg_220x220q75.jpeg_.avif,https://ae-pic-a1.aliexpress-media.com/kf/Sed4e9fcb386f4e8eb1d9b86cd1b8cacf4.jpeg_220x220q75.jpeg_.avif,https://ae-pic-a1.aliexpress-media.com/kf/S067e8930e6d54592b5be774f7524a3c7d.jpeg_220x220q75.jpeg_.avif,https://ae-pic-a1.aliexpress-media.com/kf/Seb6591a254e14d7ca84d11151c6f571au.jpeg_220x220q75.jpeg_.avif,https://ae-pic-a1.aliexpress-media.com/kf/Sf8e35cf349bd458cb382f2fc453ef5608.jpeg_220x220q75.jpeg_.avif","['High-concerned chemical', 'None', 'Release Date', 'Summer 2024', 'Craft of Weaving', 'Tatting', 'Season', 'Spring/Summer', 'is_customized', 'No', 'Fabric Type', 'JERSEY']",https://www.aliexpress.us/item/3256806952984366.html?algo_pvid=86390692-681c-4a97-90e4-559478fd2ca5&algo_exp_id=86390692-681c-4a97-90e4-559478fd2ca5-33&pdp_ext_f=%7B%22order%22%3A%22525%22%2C%22eval%22%3A%221%22%2C%22fromPage%22%3A%22search%22%7D&pdp_npi=6%40dis%21USD%2116.21%211.55%21%21%21111.43%2110.64%21%40211b61d017729920574061026eb681%2112000039541933552%21sea%21US%210%21ABX%211%210%21n_tag%3A-29910%3Bd%3Ad1df2f05%3Bm03_new_user%3A-29895%3BpisId%3A5000000197847475&curPageLogUid=D5NsYCRZDvfW&utparam-url=scene%3Asearch%7Cquery_from%3A%7Cx_object_id%3A1005007139299118%7C_p_origin_prod%3A
2024 New Arrival Spring/summer Arts Style Women Casual Loose Fit Elastic Waist A-line Jacquard Design Ankle-length Skirt P02,$18.89 ,"https://ae-pic-a1.aliexpress-media.com/kf/S8a7457afab9f431297586e127341867co.jpg_220x220q75.jpg_.avif,https://ae-pic-a1.aliexpress-media.com/kf/S69bcf0169f564e10990841181d099c47L.jpg_220x220q75.jpg_.avif,https://ae-pic-a1.aliexpress-media.com/kf/S0cf27ea3073e445980bcfd3159d8cec7j.jpg_220x220q75.jpg_.avif,https://ae-pic-a1.aliexpress-media.com/kf/Sd0eba46326c948229c2562a7801d5bc4W.jpg_220x220q75.jpg_.avif,https://ae-pic-a1.aliexpress-media.com/kf/S53cb9ce773bd4c5a884c611cd0c65489A.jpg_220x220q75.jpg_.avif","['High-concerned chemical', 'None', 'Release Date', 'Spring 2024', 'Craft of Weaving', 'Tatting', 'Season', 'Spring/Summer', 'is_customized', 'No', 'Fabric Type', 'Broadcloth']",https://www.aliexpress.us/item/3256806523823485.html?algo_pvid=86390692-681c-4a97-90e4-559478fd2ca5&algo_exp_id=86390692-681c-4a97-90e4-559478fd2ca5-35&pdp_ext_f=%7B%22order%22%3A%22524%22%2C%22eval%22%3A%221%22%2C%22fromPage%22%3A%22search%22%7D&pdp_npi=6%40dis%21USD%2140.13%2118.89%21%21%21275.84%21129.87%21%40211b61d017729920574061026eb681%2112000038067365068%21sea%21US%210%21ABX%211%210%21n_tag%3A-29910%3Bd%3Ad1df2f05%3Bm03_new_user%3A-29895%3BpisId%3A5000000197847450&curPageLogUid=7Hqpmg5aP5JF&utparam-url=scene%3Asearch%7Cquery_from%3A%7Cx_object_id%3A1005006710138237%7C_p_origin_prod%3A
2024 New Women's European And American Style Fashion Silk Satin Texture High Waist Skirt Street Style Elegant Mid-length Skirt,$7.87 ,"https://ae-pic-a1.aliexpress-media.com/kf/S0eea5e49470848dd90ec49fb70a6be9df.jpg?has_lang=1&ver=1_220x220q75.jpg_.avif,https://ae-pic-a1.aliexpress-media.com/kf/Sf9417f67c13c4233ae0f9afb5149bb83a.jpg_220x220q75.jpg_.avif,https://ae-pic-a1.aliexpress-media.com/kf/Seaa33139f47442049bd0a887e39f10183.jpg_220x220q75.jpg_.avif,https://ae-pic-a1.aliexpress-media.com/kf/S30b31d5dc5894c05bf8ae7e882e30b85v.jpg_220x220q75.jpg_.avif,https://ae-pic-a1.aliexpress-media.com/kf/Se05bd5e00b454e9fa6e9586316b29fc2w.jpg_220x220q75.jpg_.avif","['High-concerned chemical', 'None', 'Release Date', 'Autumn 2024', 'Craft of Weaving', 'Tatting', 'Season', 'Summer', 'is_customized', 'No', 'Fabric Type', 'Blended']",https://www.aliexpress.us/item/3256807243583017.html?algo_pvid=86390692-681c-4a97-90e4-559478fd2ca5&algo_exp_id=86390692-681c-4a97-90e4-559478fd2ca5-37&pdp_ext_f=%7B%22order%22%3A%22523%22%2C%22eval%22%3A%221%22%2C%22fromPage%22%3A%22search%22%7D&pdp_npi=6%40dis%21USD%2134.65%217.87%21%21%21238.11%2154.08%21%40211b61d017729920574061026eb681%2112000040727078307%21sea%21US%210%21ABX%211%210%21n_tag%3A-29910%3Bd%3Ad1df2f05%3Bm03_new_user%3A-29895%3BpisId%3A5000000197847450&curPageLogUid=QcjqrY9DXfKB&utparam-url=scene%3Asearch%7Cquery_from%3A%7Cx_object_id%3A1005007429897769%7C_p_origin_prod%3A
Summer Kawaii White Ruflles Skirt Women Fashion Slim Fit Chiffon Mini Skirts Giris Y2k All Match Elastic High Waist Black Faldas,$8.73 ,"https://ae-pic-a1.aliexpress-media.com/kf/Sc8542e19d6a7426186285387f4b7163dN.jpg_220x220q75.jpg_.avif,https://ae-pic-a1.aliexpress-media.com/kf/Sc8542e19d6a7426186285387f4b7163dN.jpg_220x220q75.jpg_.avif,https://ae-pic-a1.aliexpress-media.com/kf/S42dee90abdcb42869af93f4f6fe40070R.jpg_220x220q75.jpg_.avif,https://ae-pic-a1.aliexpress-media.com/kf/S348b484be5f44f809c7fe19c07380010G.jpg_220x220q75.jpg_.avif,https://ae-pic-a1.aliexpress-media.com/kf/Sfa775d90db8948cdacd4e664768eb625m.jpg_220x220q75.jpg_.avif","['Occasion', 'Night Out', 'Festival', 'Back to school season', 'High-concerned chemical', 'None', 'Release Date', 'Summer 2025', 'Craft of Weaving', 'Tatting', 'Season', 'Summer', 'is_customized', 'No', 'Fabric Type', 'Broadcloth', 'Age', 'Junior', 'Place Of Origin', 'China (mainland)', 'Model Number', 'SZD007', 'Waistline', 'Natural', 'Dresses Length', 'Above Knee , Mini', 'Decoration', 'Ruffles', 'Silhouette', 'A-LINE', 'Pattern Type', 'Solid', 'Style', 'Preppy Style', 'Material', 'POLYESTER,Acetate', 'Gender', 'Women', 'Origin', 'Mainland China', 'Elasticity', 'Non Strech', 'CN', 'Guangdong', 'Fit Type', 'Loose', 'CN', 'Guangdong', 'Skirt', ""Women's skirt"", 'Skirt shorts', 'White skirt', 'Summer skirt', 'Skirts', 'Skirt black', 'White skirt', ""Women's summer skirt"", 'Short skirt', 'Skirt for women', 'korean style', ""Women's skirt"", 'Skirt with shorts', 'Short skirt', ""Women's skirt"", 'Pleated skirt', ""women's mini skirt"", ""women's black skirt"", 'mini skirt for women', 'Black skirt', 'Skirt', 'cute skirt', 'white skirt', 'white mini skirt', ""women's short skirt"", 'Mini skirts', 'Layered skirt', ""Korean women's clothing"", 'skirt with ruffles', 'black mini skirt', 'black short skirt', 'White mini skirt', 'Skirt pants', 'Summer skirt for women', ""women's short skirt""]",https://www.aliexpress.us/item/3256808301858228.html?algo_pvid=86390692-681c-4a97-90e4-559478fd2ca5&algo_exp_id=86390692-681c-4a97-90e4-559478fd2ca5-38&pdp_ext_f=%7B%22order%22%3A%22519%22%2C%22eval%22%3A%221%22%2C%22fromPage%22%3A%22search%22%7D&pdp_npi=6%40dis%21USD%218.73%218.73%21%21%2159.97%2159.97%21%40211b61d017729920574061026eb681%2112000045363573518%21sea%21US%210%21ABX%211%210%21n_tag%3A-29910%3Bd%3Ad1df2f05%3Bm03_new_user%3A-29895&curPageLogUid=LDOmn2FMZbtb&utparam-url=scene%3Asearch%7Cquery_from%3A%7Cx_object_id%3A1005008488172980%7C_p_origin_prod%3A
Streetwear Ruffles Mini Skirts Women Sweet Kawaii High Waist Lace A Line Skirt Summer Korean Fashion Black Ball Gown Skirts,$1.02 ,"https://ae-pic-a1.aliexpress-media.com/kf/S3b73474ce02d458d927cbbc1bbc5da7cm.jpg_220x220q75.jpg_.avif,https://ae-pic-a1.aliexpress-media.com/kf/Sa0cc4887e9aa49bcb8757493e325d60eo.jpg_220x220q75.jpg_.avif,https://ae-pic-a1.aliexpress-media.com/kf/S0c3dbb8c327e48e69e82e42f86418f01L.jpg_220x220q75.jpg_.avif,https://ae-pic-a1.aliexpress-media.com/kf/Sba50c7ce5e384aa2881f9e5ecfd04266R.jpg_220x220q75.jpg_.avif,https://ae-pic-a1.aliexpress-media.com/kf/Sa3ad2c2058434e888b47bd61ca3e32faR.jpg_220x220q75.jpg_.avif","['High-concerned chemical', 'None', 'Release Date', 'Summer 2024', 'Craft of Weaving', 'Non-Woven', 'Season', 'Spring/Summer', 'Fabric Type', 'Broadcloth', 'Age', 'Junior', 'Place Of Origin', 'China (mainland)', 'Model Number', 'LC12271', 'Waistline', 'empire', 'Dresses Length', 'Above Knee , Mini', 'Decoration', 'Lace', 'Silhouette', 'A-LINE', 'Pattern Type', 'Solid', 'Style', 'High Street', 'Material', 'POLYESTER', 'Gender', 'Women', 'Origin', 'Mainland China', 'Elasticity', 'High Strecth', 'CN', 'Guangdong', 'Fit Type', 'Slim']",https://www.aliexpress.us/item/3256807249399906.html?algo_pvid=86390692-681c-4a97-90e4-559478fd2ca5&algo_exp_id=86390692-681c-4a97-90e4-559478fd2ca5-39&pdp_ext_f=%7B%22order%22%3A%22519%22%2C%22eval%22%3A%221%22%2C%22fromPage%22%3A%22search%22%7D&pdp_npi=6%40dis%21USD%2116.70%211.02%21%21%21114.79%216.99%21%40211b61d017729920574061026eb681%2112000040747492544%21sea%21US%210%21ABX%211%210%21n_tag%3A-29910%3Bd%3Ad1df2f05%3Bm03_new_user%3A-29895%3BpisId%3A5000000197847475&curPageLogUid=3imhmZvdFZBu&utparam-url=scene%3Asearch%7Cquery_from%3A%7Cx_object_id%3A1005007435714658%7C_p_origin_prod%3A
21 Colors New 2026 Women's Elegant High Waist Satin Long Skirts Female Summer Solid Color Faldas,$9.94 ,"https://ae-pic-a1.aliexpress-media.com/kf/S4805a8c8c31d43cabe5232ccc3e6f0082.jpg_220x220q75.jpg_.avif,https://ae-pic-a1.aliexpress-media.com/kf/S2a50e039d21a4c90a04c58dfe41bdc66Y.jpg_220x220q75.jpg_.avif,https://ae-pic-a1.aliexpress-media.com/kf/S03492fb8701e4028a03232ade0067695H.jpg_220x220q75.jpg_.avif,https://ae-pic-a1.aliexpress-media.com/kf/Sc8d7c3c205ec4fea9185478e40fcbd734.jpg_220x220q75.jpg_.avif,https://ae-pic-a1.aliexpress-media.com/kf/S242758aedaa94443b42346d817d7bb05K.jpg_220x220q75.jpg_.avif","['High-concerned chemical', 'None', 'Release Date', 'Spring 2026', 'Craft of Weaving', 'Tatting', 'Season', 'Summer', 'is_customized', 'No', 'Fabric Type', 'Satin', 'Age', 'Middle Age', 'Place Of Origin', 'China (mainland)', 'Model Number', 'DQ223', 'Waistline', 'empire', 'Dresses Length', 'Ankle-Length', 'Decoration', 'None', 'Silhouette', 'Trumpet / Mermaid', 'Pattern Type', 'Solid color', 'Style', 'High Street', 'Material', 'POLYESTER', 'Gender', 'Women', 'Origin', 'Mainland China', 'Brand Name', 'AIUJXK', 'Elasticity', 'Non Strech', 'CN', 'Guangdong', 'Fit Type', 'Regular Fit']",https://www.aliexpress.us/item/3256808564871267.html?algo_pvid=86390692-681c-4a97-90e4-559478fd2ca5&algo_exp_id=86390692-681c-4a97-90e4-559478fd2ca5-41&pdp_ext_f=%7B%22order%22%3A%22507%22%2C%22eval%22%3A%221%22%2C%22fromPage%22%3A%22search%22%7D&pdp_npi=6%40dis%21USD%2110.46%219.94%21%21%2171.91%2168.31%21%40211b61d017729920574061026eb681%2112000046516162050%21sea%21US%210%21ABX%211%210%21n_tag%3A-29910%3Bd%3Ad1df2f05%3Bm03_new_user%3A-29895&curPageLogUid=kjSfnfiTQZgA&utparam-url=scene%3Asearch%7Cquery_from%3A%7Cx_object_id%3A1005008751186019%7C_p_origin_prod%3A
Black Mini Skirts Elegant Korean Fashion Faux Leather Skirts For Woman Low Rise Skirts Split Leather Skirt With Shorts Brown,$4.61 ,"https://ae-pic-a1.aliexpress-media.com/kf/S2043dc6923294afaafd0aff326dd6b27K.jpg_220x220q75.jpg_.avif,https://ae-pic-a1.aliexpress-media.com/kf/S2043dc6923294afaafd0aff326dd6b27K.jpg_220x220q75.jpg_.avif,https://ae-pic-a1.aliexpress-media.com/kf/S50cf6f8620cf4b15b968b67fbe3d6a5eD.jpg_220x220q75.jpg_.avif,https://ae-pic-a1.aliexpress-media.com/kf/Sbfe149a490eb467bb023de415e79d3cc0.jpg_220x220q75.jpg_.avif,https://ae-pic-a1.aliexpress-media.com/kf/S6da34c3c6fed4b14bd7a85e0f88d0e47K.jpg_220x220q75.jpg_.avif","['High-concerned chemical', 'None', 'Release Date', 'Summer 2024', 'Craft of Weaving', 'Tatting', 'Season', 'All Season', 'is_customized', 'No', 'Fabric Type', 'Leather', 'Age', 'Middle Age', 'Place Of Origin', 'China (mainland)', 'Model Number', 'Satin skirts black mini', 'Waistline', 'Dropped', 'Dresses Length', 'Above Knee , Mini', 'Decoration', 'Asymmetrical', 'Silhouette', 'Pencil', 'Pattern Type', 'Solid', 'Style', 'Casual', 'Material', 'POLYESTER', 'Gender', 'Women', 'Origin', 'Mainland China', 'Brand Name', 'BRUSCREST', 'Elasticity', 'Non Strech', 'CN', 'Zhejiang', 'Fit Type', 'Regular Fit']",https://www.aliexpress.us/item/3256807326557791.html?algo_pvid=86390692-681c-4a97-90e4-559478fd2ca5&algo_exp_id=86390692-681c-4a97-90e4-559478fd2ca5-42&pdp_ext_f=%7B%22order%22%3A%22506%22%2C%22eval%22%3A%221%22%2C%22fromPage%22%3A%22search%22%7D&pdp_npi=6%40dis%21USD%2111.61%214.61%21%21%2111.61%214.61%21%40211b61d017729920574061026eb681%2112000041082765609%21sea%21US%210%21ABX%211%210%21n_tag%3A-29910%3Bd%3Ad1df2f05%3Bm03_new_user%3A-29895%3BpisId%3A5000000197847475&curPageLogUid=jjQtAeQWspyn&utparam-url=scene%3Asearch%7Cquery_from%3A%7Cx_object_id%3A1005007512872543%7C_p_origin_prod%3A
Women's Elegant High Waist Linen Maxi Skirt 2023 Summer Ladies Casual Elastic Waist 2 Layers Skirts saia feminina 20 Colors SK53,$9.90 ,"https://ae-pic-a1.aliexpress-media.com/kf/H3f0f9cf2a9c54145b67929b86ca484c2r.jpg_220x220q75.jpg_.avif,https://ae-pic-a1.aliexpress-media.com/kf/H3f0f9cf2a9c54145b67929b86ca484c2r.jpg_220x220q75.jpg_.avif,https://ae-pic-a1.aliexpress-media.com/kf/H6e2ded0185094cef9950f728b4db7721q.jpg_220x220q75.jpg_.avif,https://ae-pic-a1.aliexpress-media.com/kf/H54d60facf0dc410ab85621e84d80943fD.jpg_220x220q75.jpg_.avif,https://ae-pic-a1.aliexpress-media.com/kf/Hdec5afc0a9414eb3964c63eaa4271d35o.jpg_220x220q75.jpg_.avif","['High-concerned chemical', 'None', 'Craft of Weaving', 'Knit', 'Season', 'Spring/Summer', 'Fabric Type', 'Cotton linen', 'Age', 'Middle Age', 'Place Of Origin', 'China (mainland)', 'Model Number', 'SK53', 'Waistline', 'empire', 'Dresses Length', 'Floor-Length', 'Decoration', 'None', 'Silhouette', 'Ball Gown', 'Pattern Type', 'Solid', 'Style', 'bohemian', 'Material', 'COTTON,Linen', 'Gender', 'Women', 'Origin', 'Mainland China', 'Brand Name', 'Deturbg', 'Elasticity', 'Slight Strech', 'CN', 'Zhejiang', 'Fit Type', 'Regular Fit', 'Size', 'M,L', 'Color', '20 Colors']",https://www.aliexpress.us/item/2251832436673311.html?algo_pvid=86390692-681c-4a97-90e4-559478fd2ca5&algo_exp_id=86390692-681c-4a97-90e4-559478fd2ca5-44&pdp_ext_f=%7B%22order%22%3A%22505%22%2C%22eval%22%3A%221%22%2C%22fromPage%22%3A%22search%22%7D&pdp_npi=6%40dis%21USD%2119.90%219.90%21%21%2119.90%219.90%21%40211b61d017729920574061026eb681%2164821241736%21sea%21US%210%21ABX%211%210%21n_tag%3A-29910%3Bd%3Ad1df2f05%3Bm03_new_user%3A-29895%3BpisId%3A5000000197847450&curPageLogUid=KNxOMeNCSqR2&utparam-url=scene%3Asearch%7Cquery_from%3A%7Cx_object_id%3A32622988063%7C_p_origin_prod%3A
DEAT 2025 Summer New Patchwork Plaid Irregular Pleated Mini Skirt For Women Zipper Pockets Lace Design Skirts Female 29L7565,$14.33 ,"https://ae-pic-a1.aliexpress-media.com/kf/Sbd0a77d918d142f687c227b038794af4R.jpg?has_lang=1&ver=1_220x220q75.jpg_.avif,https://ae-pic-a1.aliexpress-media.com/kf/Sbd0a77d918d142f687c227b038794af4R.jpg?has_lang=1&ver=1_220x220q75.jpg_.avif,https://ae-pic-a1.aliexpress-media.com/kf/Sa67e45d7ac334d9f9cceaa73d2351a452.jpg_220x220q75.jpg_.avif,https://ae-pic-a1.aliexpress-media.com/kf/S659981ff87534140a8e6501ce7562d29Y.jpg_220x220q75.jpg_.avif,https://ae-pic-a1.aliexpress-media.com/kf/Sb36dbdeab81f436495809d8d7d96aa83u.jpg_220x220q75.jpg_.avif","['High-concerned chemical', 'None', 'Release Date', 'Summer 2024', 'Craft of Weaving', 'Non-Woven', 'Season', 'Summer', 'is_customized', 'No', 'Fabric Type', 'Leather', 'Age', 'Middle Age', 'Place Of Origin', 'China (mainland)', 'Model Number', '89/0.38', 'Waistline', 'Natural', 'Dresses Length', 'Above Knee , Mini', 'Decoration', 'PATCHWORK', 'Silhouette', 'A-LINE', 'Pattern Type', 'Patchwork', 'Style', 'High Street', 'Material', 'POLYESTER', 'Gender', 'Women', 'Origin', 'Mainland China', 'Brand Name', 'DEAT', 'Elasticity', 'Non Strech', 'CN', 'Zhejiang', 'Fit Type', 'Slim']",https://www.aliexpress.us/item/3256806875272881.html?algo_pvid=86390692-681c-4a97-90e4-559478fd2ca5&algo_exp_id=86390692-681c-4a97-90e4-559478fd2ca5-45&pdp_ext_f=%7B%22order%22%3A%22504%22%2C%22eval%22%3A%221%22%2C%22fromPage%22%3A%22search%22%7D&pdp_npi=6%40dis%21USD%2139.06%2114.33%21%21%2139.06%2114.33%21%40211b61d017729920574061026eb681%2112000039276049026%21sea%21US%210%21ABX%211%210%21n_tag%3A-29910%3Bd%3Ad1df2f05%3Bm03_new_user%3A-29895%3BpisId%3A5000000197847458&curPageLogUid=DN8O14C5Wmo0&utparam-url=scene%3Asearch%7Cquery_from%3A%7Cx_object_id%3A1005007061587633%7C_p_origin_prod%3A
Women Mini Pleated Skirts Gothic Punk Mid Waist Stripe Print Lace Ruffle Harajuku School Zip Up Short Skirt Y2K Mini Skirts,$1.46 ,"https://ae-pic-a1.aliexpress-media.com/kf/S3fdd3db82b6d4e2892b915d6fa95492ad.jpg?has_lang=1&ver=2_220x220q75.jpg_.avif,https://ae-pic-a1.aliexpress-media.com/kf/S149d2b43cbd24273bd66d84898383edaK.jpg_220x220q75.jpg_.avif,https://ae-pic-a1.aliexpress-media.com/kf/S9ebd9ea76cdc4f1f8651bebff4c368690.jpg?has_lang=1&ver=2_220x220q75.jpg_.avif,https://ae-pic-a1.aliexpress-media.com/kf/S896822450cd6417fbbbfb961217d09ebC.jpg_220x220q75.jpg_.avif,https://ae-pic-a1.aliexpress-media.com/kf/S51f22bdc645d404e80ca0ab1f5418447b.jpg_220x220q75.jpg_.avif","['Release Date', 'Summer 2024', 'Craft of Weaving', 'Tatting', 'Season', 'Summer', 'is_customized', 'No', 'Fabric Type', 'Broadcloth', 'Age', 'Middle Age', 'Model Number', 'Jean Skirts', 'Waistline', 'empire', 'Dresses Length', 'Above Knee , Mini', 'Decoration', 'Hollow Out', 'Silhouette', 'Pleated', 'Pattern Type', 'Solid', 'Style', 'Streetwear', 'Material', 'POLYESTER', 'Gender', 'Women', 'Origin', 'Mainland China', 'Brand Name', 'Thefound', 'Elasticity', 'Slight Strech', 'CN', 'Guangdong', 'Fit Type', 'Slim']",https://www.aliexpress.us/item/3256803882929709.html?algo_pvid=86390692-681c-4a97-90e4-559478fd2ca5&algo_exp_id=86390692-681c-4a97-90e4-559478fd2ca5-46&pdp_ext_f=%7B%22order%22%3A%22500%22%2C%22eval%22%3A%221%22%2C%22fromPage%22%3A%22search%22%7D&pdp_npi=6%40dis%21USD%2110.96%211.46%21%21%2110.96%211.46%21%40211b61d017729920574061026eb681%2112000027934677993%21sea%21US%210%21ABX%211%210%21n_tag%3A-29910%3Bd%3Ad1df2f05%3Bm03_new_user%3A-29895%3BpisId%3A5000000197847458&curPageLogUid=qAEH2JgApwFZ&utparam-url=scene%3Asearch%7Cquery_from%3A%7Cx_object_id%3A1005004069244461%7C_p_origin_prod%3A
New Women Mesh Elastic Tutu Skirt Beach Spring Summer Korean High Waist Fashion Pleated Long Skirt Black White Tulle Skirts,$14.84 ,"https://ae-pic-a1.aliexpress-media.com/kf/S6addff9e80474c7f8d512c3e6c64a85fk.jpg_220x220q75.jpg_.avif,https://ae-pic-a1.aliexpress-media.com/kf/Sced54acfcdf84a09a19526829fa02facv.jpg_220x220q75.jpg_.avif,https://ae-pic-a1.aliexpress-media.com/kf/S4d10a457092c4f56a636d37da8d06270P.jpg_220x220q75.jpg_.avif,https://ae-pic-a1.aliexpress-media.com/kf/Sa73877e511994a8a890341af35d5aa2bZ.jpg_220x220q75.jpg_.avif,https://ae-pic-a1.aliexpress-media.com/kf/S7239de07d32247f8ba91429cfdab1ee0F.jpg_220x220q75.jpg_.avif","['Season', 'All Season', 'is_customized', 'No', 'Fabric Type', 'Broadcloth', 'Age', 'Middle Age', 'Place Of Origin', 'China (mainland)', 'Model Number', 'women skirts', 'Waistline', 'Natural', 'Dresses Length', 'Mid-Calf', 'Decoration', 'None', 'Silhouette', 'A-LINE', 'Pattern Type', 'Solid', 'Style', 'Casual', 'Material', 'POLYESTER', 'Gender', 'Women', 'Origin', 'Mainland China', 'Brand Name', 'hxyqveuyg', 'Elasticity', 'Non Strech', 'CN', 'Zhejiang', 'Fit Type', 'Regular Fit']",https://www.aliexpress.us/item/3256803789043664.html?algo_pvid=86390692-681c-4a97-90e4-559478fd2ca5&algo_exp_id=86390692-681c-4a97-90e4-559478fd2ca5-47&pdp_ext_f=%7B%22order%22%3A%22494%22%2C%22eval%22%3A%221%22%2C%22fromPage%22%3A%22search%22%7D&pdp_npi=6%40dis%21USD%2118.42%2114.84%21%21%2118.42%2114.84%21%40211b61d017729920574061026eb681%2112000027615149098%21sea%21US%210%21ABX%211%210%21n_tag%3A-29910%3Bd%3Ad1df2f05%3Bm03_new_user%3A-29895%3BpisId%3A5000000201908206&curPageLogUid=HAsZspLpTUcg&utparam-url=scene%3Asearch%7Cquery_from%3A%7Cx_object_id%3A1005003975358416%7C_p_origin_prod%3A
Zevity Women Vintage Geometric Print Knotted Mini Sarong Skirt Faldas Mujer Female Beading Tassel Casual Zipper Vestidos QUN1436,$18.65 ,"https://ae-pic-a1.aliexpress-media.com/kf/S2089b5215314482a877a17e81f637f84O.jpg_220x220q75.jpg_.avif,https://ae-pic-a1.aliexpress-media.com/kf/Sd002f87dad7641b292a9840603cbeb30l.jpg_220x220q75.jpg_.avif,https://ae-pic-a1.aliexpress-media.com/kf/S3691dfb27d01467494b824ec9c34a4c30.jpg_220x220q75.jpg_.avif,https://ae-pic-a1.aliexpress-media.com/kf/Sa68e774444394d5d9ac4e49ef968a877y.jpg_220x220q75.jpg_.avif,https://ae-pic-a1.aliexpress-media.com/kf/S90dce12d63f14d6880fe435a65ea41c78.jpg_220x220q75.jpg_.avif","['High-concerned chemical', 'None', 'Release Date', 'Summer 2024', 'Craft of Weaving', 'Tatting', 'Season', 'Summer', 'is_customized', 'Yes', 'Fabric Type', 'Broadcloth', 'Age', 'Middle Age', 'Place Of Origin', 'China (mainland)', 'Model Number', 'QUN1436', 'Waistline', 'empire', 'Dresses Length', 'Above Knee , Mini', 'Decoration', 'Beading', 'Silhouette', 'A-LINE', 'Pattern Type', 'Solid', 'Style', 'Casual', 'Material', 'POLYESTER', 'Gender', 'Women', 'Origin', 'Mainland China', 'Brand Name', 'ZEVITY', 'Elasticity', 'Non Strech', 'CN', 'Guangdong', 'Fit Type', 'Regular Fit']",https://www.aliexpress.us/item/3256807091321486.html?algo_pvid=86390692-681c-4a97-90e4-559478fd2ca5&algo_exp_id=86390692-681c-4a97-90e4-559478fd2ca5-48&pdp_ext_f=%7B%22order%22%3A%22492%22%2C%22eval%22%3A%221%22%2C%22fromPage%22%3A%22search%22%7D&pdp_npi=6%40dis%21USD%2139.13%2118.65%21%21%21268.95%21128.16%21%40211b61d017729920574061026eb681%2112000040040947559%21sea%21US%210%21ABX%211%210%21n_tag%3A-29910%3Bd%3Ad1df2f05%3Bm03_new_user%3A-29895%3BpisId%3A5000000201900489&curPageLogUid=czDBG2Uqshm4&utparam-url=scene%3Asearch%7Cquery_from%3A%7Cx_object_id%3A1005007277636238%7C_p_origin_prod%3A
Kukeita Harajuku Y2k Punk Piano Key Wave Dot Lace Skirt Japanese Gothic Lolita Kawaii Cake Skirt Fairy Grunge Y2k Women Skirts,$22.09 ,"https://ae-pic-a1.aliexpress-media.com/kf/Se4898799c76b421b8bbf3c100cd6d9add.jpg?has_lang=1&ver=2_220x220q75.jpg_.avif,https://ae-pic-a1.aliexpress-media.com/kf/S29131b75158e4faabceb0eb7861d676bE.jpg?has_lang=1&ver=2_220x220q75.jpg_.avif,https://ae-pic-a1.aliexpress-media.com/kf/Sbfa996ccd42248deb77d5cafa0bed06f3.jpg?has_lang=1&ver=2_220x220q75.jpg_.avif,https://ae-pic-a1.aliexpress-media.com/kf/S6907a7f82d994d679a7da4e2ad0ec2caE.jpg?has_lang=1&ver=2_220x220q75.jpg_.avif,https://ae-pic-a1.aliexpress-media.com/kf/S6ec34c256e3b449e8f8e520f936f610fZ.jpg?has_lang=1&ver=2_220x220q75.jpg_.avif","['High-concerned chemical', 'None', 'Craft of Weaving', 'Non-Woven', 'Season', 'Summer', 'Fabric Type', 'Broadcloth', 'Age', 'Junior', 'Place Of Origin', 'China (mainland)', 'Waistline', 'empire', 'Dresses Length', 'Above Knee , Mini', 'Decoration', 'Lace', 'Silhouette', 'Pleated', 'Pattern Type', 'Dot', 'Style', 'Streetwear', 'Material', 'POLYESTER,Mesh,Voile', 'Gender', 'Women', 'Origin', 'Mainland China', 'Brand Name', 'Kukeita', 'Elasticity', 'Non Strech', 'CN', 'Zhejiang', 'Fit Type', 'Loose']",https://www.aliexpress.us/item/3256806419112118.html?algo_pvid=86390692-681c-4a97-90e4-559478fd2ca5&algo_exp_id=86390692-681c-4a97-90e4-559478fd2ca5-49&pdp_ext_f=%7B%22order%22%3A%22492%22%2C%22eval%22%3A%221%22%2C%22fromPage%22%3A%22search%22%7D&pdp_npi=6%40dis%21USD%2122.96%2122.09%21%21%2122.96%2122.09%21%40211b61d017729920574061026eb681%2112000037801897427%21sea%21US%210%21ABX%211%210%21n_tag%3A-29910%3Bd%3Ad1df2f05%3Bm03_new_user%3A-29895%3BpisId%3A5000000201915065&curPageLogUid=Qa4N2fDjRIBM&utparam-url=scene%3Asearch%7Cquery_from%3A%7Cx_object_id%3A1005006605426870%7C_p_origin_prod%3A
Sports short skirt women summer anti-walk yoga pants running fitness clothes quick dry breathable high waist pleated skirt,$0.99 ,"https://ae-pic-a1.aliexpress-media.com/kf/S2a942ad4279043faa0f8b8504ccc5dd7U.jpg_220x220q75.jpg_.avif,https://ae-pic-a1.aliexpress-media.com/kf/S2848552889fd4932bb71fa75824bc333X.jpg_220x220q75.jpg_.avif,https://ae-pic-a1.aliexpress-media.com/kf/S432ecf6e6640478289cda1fd42e01cfdg.jpg_220x220q75.jpg_.avif,https://ae-pic-a1.aliexpress-media.com/kf/S44063c31608446ae8758fb5a3dfaf30cX.jpg_220x220q75.jpg_.avif,https://ae-pic-a1.aliexpress-media.com/kf/S010173099ce4424bae8ab4bf44f4b961u.jpg_220x220q75.jpg_.avif","['High-concerned chemical', 'None', 'Craft of Weaving', 'Tatting', 'Season', 'Summer', 'Fabric Type', 'Knitted', 'Age', 'Junior', 'Place Of Origin', 'China (mainland)', 'Waistline', 'empire', 'Dresses Length', 'Above Knee , Mini', 'Decoration', 'None', 'Silhouette', 'A-LINE', 'Pattern Type', 'Solid', 'Style', 'Casual', 'Material', 'POLYESTER', 'Gender', 'Women', 'Origin', 'Mainland China', 'Elasticity', 'High Strecth', 'CN', 'Guangdong', 'Fit Type', 'Regular Fit']",https://www.aliexpress.us/item/3256808448207268.html?algo_pvid=86390692-681c-4a97-90e4-559478fd2ca5&algo_exp_id=86390692-681c-4a97-90e4-559478fd2ca5-50&pdp_ext_f=%7B%22order%22%3A%22491%22%2C%22spu_best_type%22%3A%22price%22%2C%22eval%22%3A%221%22%2C%22fromPage%22%3A%22search%22%7D&pdp_npi=6%40dis%21USD%2122.78%210.99%21%21%21156.59%216.84%21%40211b61d017729920574061026eb681%2112000046037161764%21sea%21US%210%21ABX%211%210%21n_tag%3A-29910%3Bd%3Ad1df2f05%3Bm03_new_user%3A-29895%3BpisId%3A5000000197847450&curPageLogUid=tkMFf7DdqE2b&utparam-url=scene%3Asearch%7Cquery_from%3A%7Cx_object_id%3A1005008634522020%7C_p_origin_prod%3A
SUCHCUTE Y2K Vacation Floral Printed Long Skirts Holiday Beach Sexy Low Waist Aesthetics Lace Skirt Women Grunge Party Outfits,$17.32 ,"https://ae-pic-a1.aliexpress-media.com/kf/S0808acd0f30549168a261d2e50d1cf45o.jpg_220x220q75.jpg_.avif,https://ae-pic-a1.aliexpress-media.com/kf/S0808acd0f30549168a261d2e50d1cf45o.jpg_220x220q75.jpg_.avif,https://ae-pic-a1.aliexpress-media.com/kf/Sbfc4c23c03c64ec38304dbd640da7560Y.jpg_220x220q75.jpg_.avif,https://ae-pic-a1.aliexpress-media.com/kf/S7f442fe4cde547168f18b83abd710ffdD.jpg_220x220q75.jpg_.avif,https://ae-pic-a1.aliexpress-media.com/kf/S687033c7536d42bdabf4be1ba5100bbax.jpg_220x220q75.jpg_.avif","['Festival', ""Valentine's Day"", 'High-concerned chemical', 'None', 'Release Date', 'Summer 2025', 'Craft of Weaving', 'Tatting', 'Season', 'All Season', 'Fabric Type', 'Woven', 'Age', 'Junior', 'Place Of Origin', 'China (mainland)', 'Model Number', 'WDD16820', 'Waistline', 'Dropped', 'Dresses Length', 'Floor-Length', 'Decoration', 'Print', 'Silhouette', 'Straight', 'Pattern Type', 'Print', 'Style', 'Street Style', 'Material', 'POLYESTER,Elastane', 'Gender', 'Women', 'Origin', 'Mainland China', 'Elasticity', 'Slight Strech', 'CN', 'Guangdong', 'Fit Type', 'Slim']",https://www.aliexpress.us/item/3256807605325796.html?algo_pvid=86390692-681c-4a97-90e4-559478fd2ca5&algo_exp_id=86390692-681c-4a97-90e4-559478fd2ca5-51&pdp_ext_f=%7B%22order%22%3A%22489%22%2C%22eval%22%3A%221%22%2C%22orig_sl_item_id%22%3A%221005007791640548%22%2C%22orig_item_id%22%3A%221005010521013813%22%2C%22fromPage%22%3A%22search%22%7D&pdp_npi=6%40dis%21USD%2136.84%2117.32%21%21%21253.18%21118.99%21%40211b61d017729920574061026eb681%2112000042215789415%21sea%21US%210%21ABX%211%210%21n_tag%3A-29910%3Bd%3Ad1df2f05%3Bm03_new_user%3A-29895&curPageLogUid=nfrf4eVCaUSW&utparam-url=scene%3Asearch%7Cquery_from%3A%7Cx_object_id%3A1005007791640548%7C_p_origin_prod%3A1005010521013813
Suitable for Apple Mobile Phone PD Fast Charge Android European Standard Charging Head 20W Dual-Port USB + Type-C Charging Port,$0.99 ,"https://ae-pic-a1.aliexpress-media.com/kf/S94da67f3755b4869b282ff90e93ac6c9D.jpg_220x220q75.jpg_.avif,https://ae-pic-a1.aliexpress-media.com/kf/S49408f8d061547c884a329ce10813668R.jpg_220x220q75.jpg_.avif,https://ae-pic-a1.aliexpress-media.com/kf/Sf36e05be76f54713b793dc8812aa0bba5.jpg_220x220q75.jpg_.avif,https://ae-pic-a1.aliexpress-media.com/kf/Sac67b635d3914dd089f95c87555c6e3cQ.jpg_220x220q75.jpg_.avif,https://ae-pic-a1.aliexpress-media.com/kf/S26c697816b2a461a9149388edb7b85da5.jpg_220x220q75.jpg_.avif","['Season', 'All Season', 'Decoration', 'None', 'Pattern Type', 'fruit', 'Fit Type', 'Regular Fit', '品牌', 'Others', 'Type', 'lv xing chong', 'Model', '009 from list']",https://www.aliexpress.us/item/3256805963939374.html?algo_pvid=86390692-681c-4a97-90e4-559478fd2ca5&algo_exp_id=86390692-681c-4a97-90e4-559478fd2ca5-52&pdp_ext_f=%7B%22order%22%3A%22487%22%2C%22spu_best_type%22%3A%22price%22%2C%22eval%22%3A%221%22%2C%22fromPage%22%3A%22search%22%7D&pdp_npi=6%40dis%21USD%217.22%210.99%21%21%2149.59%216.80%21%40211b61d017729920574061026eb681%2112000035990067011%21sea%21US%210%21ABX%211%210%21n_tag%3A-29910%3Bd%3Ad1df2f05%3Bm03_new_user%3A-29895%3BpisId%3A5000000197847475&curPageLogUid=VVzp6tTJRWGo&utparam-url=scene%3Asearch%7Cquery_from%3A%7Cx_object_id%3A1005006150254126%7C_p_origin_prod%3A
SINGREINY Women Korean Split Sexy Long Skirt 2024 Winter Corduroy Slim Thick Streetwear Fashion Vintage Autumn Bodycon Skirt,$12.51 ,"https://ae-pic-a1.aliexpress-media.com/kf/Sfb8246a4856a46ba819d5d3ea4ae36a6g.jpg?has_lang=1&ver=1_220x220q75.jpg_.avif,https://ae-pic-a1.aliexpress-media.com/kf/Sfb8246a4856a46ba819d5d3ea4ae36a6g.jpg?has_lang=1&ver=1_220x220q75.jpg_.avif,https://ae-pic-a1.aliexpress-media.com/kf/Sf4b8e6254745488290b90d5556b68238F.jpg_220x220q75.jpg_.avif,https://ae-pic-a1.aliexpress-media.com/kf/S8333f723a3404218870f092022f4cf69V.jpg?has_lang=1&ver=1_220x220q75.jpg_.avif,https://ae-pic-a1.aliexpress-media.com/kf/S02887d8e3b364091b850b054ba9475bbU.jpg?has_lang=1&ver=1_220x220q75.jpg_.avif","['High-concerned chemical', 'None', 'Craft of Weaving', 'Knit', 'Season', 'Autumn/Winter', 'is_customized', 'No', 'Fabric Type', 'corduroy', 'Age', 'Middle Age', 'Place Of Origin', 'China (mainland)', 'Waistline', 'Natural', 'Dresses Length', 'Mid-Calf', 'Decoration', 'Sashes', 'Silhouette', 'A-LINE', 'Pattern Type', 'Solid', 'Style', 'Office Lady', 'Material', 'POLYESTER,Viscose', 'Gender', 'Women', 'Origin', 'Mainland China', 'Brand Name', 'SR.Singreiny', 'Elasticity', 'Non Strech', 'CN', 'Guangdong', 'Fit Type', 'Slim']",https://www.aliexpress.us/item/3256805909036574.html?algo_pvid=86390692-681c-4a97-90e4-559478fd2ca5&algo_exp_id=86390692-681c-4a97-90e4-559478fd2ca5-53&pdp_ext_f=%7B%22order%22%3A%22487%22%2C%22eval%22%3A%221%22%2C%22fromPage%22%3A%22search%22%7D&pdp_npi=6%40dis%21USD%2130.83%2112.51%21%21%2130.83%2112.51%21%40211b61d017729920574061026eb681%2112000035715361544%21sea%21US%210%21ABX%211%210%21n_tag%3A-29910%3Bd%3Ad1df2f05%3Bm03_new_user%3A-29895%3BpisId%3A5000000197847450&curPageLogUid=xk4ZkWYSxBDC&utparam-url=scene%3Asearch%7Cquery_from%3A%7Cx_object_id%3A1005006095351326%7C_p_origin_prod%3A
Japanese Lolita Skirts Ruffled Pleated Plaid Skirt Women 2026 Spring New Elastic High Waist Slimming Gentle Mini Skirt Culottes,$21.73 ,"https://ae-pic-a1.aliexpress-media.com/kf/S6dc87d34b5774f78902ebf49dfc8ea9fx.jpg?has_lang=1&ver=2_220x220q75.jpg_.avif,https://ae-pic-a1.aliexpress-media.com/kf/S6dc87d34b5774f78902ebf49dfc8ea9fx.jpg?has_lang=1&ver=2_220x220q75.jpg_.avif,https://ae-pic-a1.aliexpress-media.com/kf/S25f64ab1247f4423adb93a7cbfd3e01br.jpg?has_lang=1&ver=2_220x220q75.jpg_.avif,https://ae-pic-a1.aliexpress-media.com/kf/S0d7a60c7febb4fbe8219dc250b150410M.jpg?has_lang=1&ver=2_220x220q75.jpg_.avif,https://ae-pic-a1.aliexpress-media.com/kf/S3e4ae3ac1ff04f54a613289e81c903cf5.jpg?has_lang=1&ver=2_220x220q75.jpg_.avif","['High-concerned chemical', 'None', 'Release Date', 'Summer 2025', 'Craft of Weaving', 'Non-Woven', 'Season', 'Autumn/Winter', 'Fabric Type', 'Blended', 'Age', 'Middle Age', 'Place Of Origin', 'China (mainland)', 'Waistline', 'empire', 'Dresses Length', 'Above Knee , Mini', 'Decoration', 'Ruffles', 'Silhouette', 'A-LINE', 'Pattern Type', 'Solid', 'Style', 'Office Lady', 'Material', 'POLYESTER', 'Gender', 'Women', 'Origin', 'Mainland China', 'Brand Name', 'Geyalovvy', 'Elasticity', 'Slight Strech', 'CN', 'Guangdong', 'Fit Type', 'Regular Fit', 'Size', 'XS S M', 'Color classification', 'Light pink', 'Skirt-type', 'A- line skirt', 'Year Season', 'Winter 2025', 'Skirt length', 'Short skirt', 'Material composition', 'Polyester Fiber 92% viscose fiber 8%']",https://www.aliexpress.us/item/3256806028036840.html?algo_pvid=86390692-681c-4a97-90e4-559478fd2ca5&algo_exp_id=86390692-681c-4a97-90e4-559478fd2ca5-54&pdp_ext_f=%7B%22order%22%3A%22486%22%2C%22eval%22%3A%221%22%2C%22fromPage%22%3A%22search%22%7D&pdp_npi=6%40dis%21USD%2144.07%2121.73%21%21%21302.90%21149.36%21%40211b61d017729920574061026eb681%2112000038647113768%21sea%21US%210%21ABX%211%210%21n_tag%3A-29910%3Bd%3Ad1df2f05%3Bm03_new_user%3A-29895%3BpisId%3A5000000197847450&curPageLogUid=zOphL7PSuEYY&utparam-url=scene%3Asearch%7Cquery_from%3A%7Cx_object_id%3A1005006214351592%7C_p_origin_prod%3A
2024 New Spring and Summer Women's Mini Skirts Fashion Women Denim Skirts Casual Chic High Street Ladies Skirt,$8.80 ,"https://ae-pic-a1.aliexpress-media.com/kf/S0e33b9914bca45bba5ee9573001a0233h.jpg_220x220q75.jpg_.avif,https://ae-pic-a1.aliexpress-media.com/kf/Se893cb4b943944f58ff4c8a1bb9c3f9cb.jpg_220x220q75.jpg_.avif,https://ae-pic-a1.aliexpress-media.com/kf/S4d478833961843569906fb77322112b3u.jpg_220x220q75.jpg_.avif,https://ae-pic-a1.aliexpress-media.com/kf/S3558a816fe5243a9a021d33235fd6b702.jpg_220x220q75.jpg_.avif,https://ae-pic-a1.aliexpress-media.com/kf/S77b5ae8a3371413d9feb2dd55fce0736i.jpg_220x220q75.jpg_.avif","['High-concerned chemical', 'None', 'Release Date', 'Spring 2024', 'Craft of Weaving', 'Tatting', 'Season', 'Spring/Summer', 'is_customized', 'No', 'Fabric Type', 'Denim', 'Age', 'Middle Age', 'Place Of Origin', 'China (mainland)', 'Model Number', '10242', 'Waistline', 'Natural', 'Dresses Length', 'Above Knee , Mini', 'Decoration', 'Pockets', 'Silhouette', 'A-LINE', 'Pattern Type', 'Solid', 'Style', 'High Street', 'Material', 'POLYESTER', 'Gender', 'Women', 'Origin', 'Mainland China', 'Brand Name', 'Guobioziy', 'Elasticity', 'Slight Strech', 'CN', 'Jiangsu', 'Fit Type', 'Regular Fit']",https://www.aliexpress.us/item/3256807115729063.html?algo_pvid=86390692-681c-4a97-90e4-559478fd2ca5&algo_exp_id=86390692-681c-4a97-90e4-559478fd2ca5-56&pdp_ext_f=%7B%22order%22%3A%22484%22%2C%22eval%22%3A%221%22%2C%22fromPage%22%3A%22search%22%7D&pdp_npi=6%40dis%21USD%2138.36%218.80%21%21%21263.64%2160.45%21%40211b61d017729920574061026eb681%2112000040320335530%21sea%21US%210%21ABX%211%210%21n_tag%3A-29910%3Bd%3Ad1df2f05%3Bm03_new_user%3A-29895%3BpisId%3A5000000197847450&curPageLogUid=XuIh7ISAMXI1&utparam-url=scene%3Asearch%7Cquery_from%3A%7Cx_object_id%3A1005007302043815%7C_p_origin_prod%3A
Boho Cotton Linen Beach Long Skirt Women Vintage Casual Solid A-line High Waist Dance Floor-Length Maxi Skirt Spring Summer New,$19.02 ,"https://ae-pic-a1.aliexpress-media.com/kf/S554225d281a540a7ae99efab526c5fe7u.jpg_220x220q75.jpg_.avif,https://ae-pic-a1.aliexpress-media.com/kf/S4cb64f5dc2ca4c009bb7f9e2582db11fm.jpg_220x220q75.jpg_.avif,https://ae-pic-a1.aliexpress-media.com/kf/S96d3c6398259492799d9049dfb6b15c8O.jpg_220x220q75.jpg_.avif,https://ae-pic-a1.aliexpress-media.com/kf/S976722cdbc8b489ea79be0d2def59f0dU.jpg_220x220q75.jpg_.avif,https://ae-pic-a1.aliexpress-media.com/kf/Sb4398385d56e49b68643ffc10394064eq.jpg_220x220q75.jpg_.avif","['High-concerned chemical', 'None', 'Craft of Weaving', 'Tatting', 'Season', 'All Season', 'is_customized', 'No', 'Fabric Type', 'Cotton linen', 'Age', 'Middle Age', 'Place Of Origin', 'China (mainland)', 'Waistline', 'empire', 'Dresses Length', 'Floor-Length', 'Decoration', 'None', 'Silhouette', 'A-LINE', 'Pattern Type', 'Solid', 'Style', 'Casual', 'Material', 'COTTON,Linen', 'Gender', 'Women', 'Origin', 'Mainland China', 'Brand Name', 'Stinlicher', 'Elasticity', 'Slight Strech', 'CN', 'Guangdong', 'Fit Type', 'Loose']",https://www.aliexpress.us/item/3256805378123138.html?algo_pvid=86390692-681c-4a97-90e4-559478fd2ca5&algo_exp_id=86390692-681c-4a97-90e4-559478fd2ca5-57&pdp_ext_f=%7B%22order%22%3A%22484%22%2C%22eval%22%3A%221%22%2C%22fromPage%22%3A%22search%22%7D&pdp_npi=6%40dis%21USD%2128.82%2119.02%21%21%2128.82%2119.02%21%40211b61d017729920574061026eb681%2112000033567652760%21sea%21US%210%21ABX%211%210%21n_tag%3A-29910%3Bd%3Ad1df2f05%3Bm03_new_user%3A-29895&curPageLogUid=lNUK518DJE4s&utparam-url=scene%3Asearch%7Cquery_from%3A%7Cx_object_id%3A1005005564437890%7C_p_origin_prod%3A
Sexy PU Leather Pleated Skirt Women Solid Basic Mini Skirt Low Waist Skirt Female Nightwear Micro Bikini Skirts Nightclub Skirts,$3.55 ,"https://ae-pic-a1.aliexpress-media.com/kf/S0e0fddb813274acb9a97ae8d7fdbf312u.jpg_220x220q75.jpg_.avif,https://ae-pic-a1.aliexpress-media.com/kf/S0e0fddb813274acb9a97ae8d7fdbf312u.jpg_220x220q75.jpg_.avif,https://ae-pic-a1.aliexpress-media.com/kf/S59586d5fba95473386eb281d1c62809bl.jpg_220x220q75.jpg_.avif,https://ae-pic-a1.aliexpress-media.com/kf/S06bdfad2e4d14aada62a726fc18f6752z.jpg_220x220q75.jpg_.avif,https://ae-pic-a1.aliexpress-media.com/kf/S4f4a24b5140f4066bc8316ef9071548f3.jpg_220x220q75.jpg_.avif","['High-concerned chemical', 'None', 'Release Date', 'Summer 2025', 'Craft of Weaving', 'Tatting', 'Season', 'Autumn/Winter', 'Fabric Type', 'Leather', 'Age', 'Junior', 'Model Number', 'Q2359', 'Waistline', 'Dropped', 'Dresses Length', 'Above Knee , Mini', 'Decoration', 'Shirring', 'Silhouette', 'Ball Gown', 'Pattern Type', 'Solid', 'Style', 'Sexy & Club', 'Material', 'POLYESTER,Elastane', 'Gender', 'Women', 'Origin', 'Mainland China', 'Elasticity', 'Slight Strech', 'CN', 'Guangdong', 'Fit Type', 'Slim', 'Feature', 'Side opening mini skirt', 'Fabric', 'Pu Leather']",https://www.aliexpress.us/item/3256807995253667.html?algo_pvid=86390692-681c-4a97-90e4-559478fd2ca5&algo_exp_id=86390692-681c-4a97-90e4-559478fd2ca5-58&pdp_ext_f=%7B%22order%22%3A%22481%22%2C%22eval%22%3A%221%22%2C%22fromPage%22%3A%22search%22%7D&pdp_npi=6%40dis%21USD%2110.91%213.55%21%21%2110.91%213.55%21%40211b61d017729920574061026eb681%2112000044140327589%21sea%21US%210%21ABX%211%210%21n_tag%3A-29910%3Bd%3Ad1df2f05%3Bm03_new_user%3A-29895%3BpisId%3A5000000197847475&curPageLogUid=nm2KpNKzQsvO&utparam-url=scene%3Asearch%7Cquery_from%3A%7Cx_object_id%3A1005008181568419%7C_p_origin_prod%3A
MEXZT S-3XL Y2K Pu Leather Mini Skirts Women Streetwear High Waist Pleated Skirt Vintage Korean Black Slim Casual A Line Skirts,$5.64 ,"https://ae-pic-a1.aliexpress-media.com/kf/Sc5c44960bec5481c81a15532e36c8792F.jpeg_220x220q75.jpeg_.avif,https://ae-pic-a1.aliexpress-media.com/kf/S16beaf8153214bbcbc7b40b7aef9a0cc0.jpeg_220x220q75.jpeg_.avif,https://ae-pic-a1.aliexpress-media.com/kf/Seb0fb76c46314c2fb6d35d32ad4863ff0.jpeg_220x220q75.jpeg_.avif,https://ae-pic-a1.aliexpress-media.com/kf/Sb6d6f6313b264e12b2431f7793c9e0c3L.jpeg_220x220q75.jpeg_.avif,https://ae-pic-a1.aliexpress-media.com/kf/S822c3e4a715b4b7fa13cf3b31ff135f4O.jpeg_220x220q75.jpeg_.avif","['High-concerned chemical', 'None', 'Release Date', 'Spring 2024', 'Craft of Weaving', 'Tatting', 'Season', 'Spring/Summer', 'is_customized', 'No', 'Fabric Type', 'Leather', 'Age', 'Junior', 'Place Of Origin', 'China (mainland)', 'Model Number', 'ALC12231', 'Waistline', 'empire', 'Dresses Length', 'Above Knee , Mini', 'Decoration', 'Sashes', 'Silhouette', 'Pleated', 'Pattern Type', 'Solid', 'Style', 'Y2k', 'Material', 'POLYESTER,Faux Leather', 'Gender', 'Women', 'Origin', 'Mainland China', 'Brand Name', 'MEXZT', 'Elasticity', 'Non Strech', 'CN', 'Guangdong', 'Fit Type', 'Slim']",https://www.aliexpress.us/item/3256806952160314.html?algo_pvid=86390692-681c-4a97-90e4-559478fd2ca5&algo_exp_id=86390692-681c-4a97-90e4-559478fd2ca5-59&pdp_ext_f=%7B%22order%22%3A%22479%22%2C%22eval%22%3A%221%22%2C%22fromPage%22%3A%22search%22%7D&pdp_npi=6%40dis%21USD%2130.14%215.64%21%21%21207.14%2138.75%21%40211b61d017729920574061026eb681%2112000039537862174%21sea%21US%210%21ABX%211%210%21n_tag%3A-29910%3Bd%3Ad1df2f05%3Bm03_new_user%3A-29895%3BpisId%3A5000000197847450&curPageLogUid=Ncggr0N9mef2&utparam-url=scene%3Asearch%7Cquery_from%3A%7Cx_object_id%3A1005007138475066%7C_p_origin_prod%3A
Black Mini Skirts Elegant Korean Fashion Faux Leather Skirts For Woman Low Rise Skirts Split Leather Skirt With Shorts Brown,$4.61 ,"https://ae-pic-a1.aliexpress-media.com/kf/S2043dc6923294afaafd0aff326dd6b27K.jpg_220x220q75.jpg_.avif,https://ae-pic-a1.aliexpress-media.com/kf/S2043dc6923294afaafd0aff326dd6b27K.jpg_220x220q75.jpg_.avif,https://ae-pic-a1.aliexpress-media.com/kf/S50cf6f8620cf4b15b968b67fbe3d6a5eD.jpg_220x220q75.jpg_.avif,https://ae-pic-a1.aliexpress-media.com/kf/Sbfe149a490eb467bb023de415e79d3cc0.jpg_220x220q75.jpg_.avif,https://ae-pic-a1.aliexpress-media.com/kf/S6da34c3c6fed4b14bd7a85e0f88d0e47K.jpg_220x220q75.jpg_.avif","['High-concerned chemical', 'None', 'Release Date', 'Summer 2024', 'Craft of Weaving', 'Tatting', 'Season', 'All Season', 'is_customized', 'No', 'Fabric Type', 'Leather', 'Age', 'Middle Age', 'Place Of Origin', 'China (mainland)', 'Model Number', 'Satin skirts black mini', 'Waistline', 'Dropped', 'Dresses Length', 'Above Knee , Mini', 'Decoration', 'Asymmetrical', 'Silhouette', 'Pencil', 'Pattern Type', 'Solid', 'Style', 'Casual', 'Material', 'POLYESTER', 'Gender', 'Women', 'Origin', 'Mainland China', 'Brand Name', 'BRUSCREST', 'Elasticity', 'Non Strech', 'CN', 'Zhejiang', 'Fit Type', 'Regular Fit']",https://www.aliexpress.us/item/3256807326557791.html?algo_pvid=a6281eec-e08a-49ee-9865-b639d70c1282&algo_exp_id=a6281eec-e08a-49ee-9865-b639d70c1282-0&pdp_ext_f=%7B%22order%22%3A%22506%22%2C%22eval%22%3A%221%22%2C%22fromPage%22%3A%22search%22%7D&pdp_npi=6%40dis%21USD%2111.61%214.61%21%21%2111.61%214.61%21%402103126e17729929022276577e5a2a%2112000041082765609%21sea%21US%210%21ABX%211%210%21n_tag%3A-29910%3Bd%3Ad1df2f05%3Bm03_new_user%3A-29895%3BpisId%3A5000000197847475&curPageLogUid=UXnSl00pmIZJ&utparam-url=scene%3Asearch%7Cquery_from%3A%7Cx_object_id%3A1005007512872543%7C_p_origin_prod%3A
Women's Elegant High Waist Linen Maxi Skirt 2023 Summer Ladies Casual Elastic Waist 2 Layers Skirts saia feminina 20 Colors SK53,$9.90 ,"https://ae-pic-a1.aliexpress-media.com/kf/H3f0f9cf2a9c54145b67929b86ca484c2r.jpg_220x220q75.jpg_.avif,https://ae-pic-a1.aliexpress-media.com/kf/H3f0f9cf2a9c54145b67929b86ca484c2r.jpg_220x220q75.jpg_.avif,https://ae-pic-a1.aliexpress-media.com/kf/H6e2ded0185094cef9950f728b4db7721q.jpg_220x220q75.jpg_.avif,https://ae-pic-a1.aliexpress-media.com/kf/H54d60facf0dc410ab85621e84d80943fD.jpg_220x220q75.jpg_.avif,https://ae-pic-a1.aliexpress-media.com/kf/Hdec5afc0a9414eb3964c63eaa4271d35o.jpg_220x220q75.jpg_.avif","['High-concerned chemical', 'None', 'Craft of Weaving', 'Knit', 'Season', 'Spring/Summer', 'Fabric Type', 'Cotton linen', 'Age', 'Middle Age', 'Place Of Origin', 'China (mainland)', 'Model Number', 'SK53', 'Waistline', 'empire', 'Dresses Length', 'Floor-Length', 'Decoration', 'None', 'Silhouette', 'Ball Gown', 'Pattern Type', 'Solid', 'Style', 'bohemian', 'Material', 'COTTON,Linen', 'Gender', 'Women', 'Origin', 'Mainland China', 'Brand Name', 'Deturbg', 'Elasticity', 'Slight Strech', 'CN', 'Zhejiang', 'Fit Type', 'Regular Fit', 'Size', 'M,L', 'Color', '20 Colors']",https://www.aliexpress.us/item/2251832436673311.html?algo_pvid=a6281eec-e08a-49ee-9865-b639d70c1282&algo_exp_id=a6281eec-e08a-49ee-9865-b639d70c1282-2&pdp_ext_f=%7B%22order%22%3A%22505%22%2C%22eval%22%3A%221%22%2C%22fromPage%22%3A%22search%22%7D&pdp_npi=6%40dis%21USD%2119.90%219.90%21%21%2119.90%219.90%21%402103126e17729929022276577e5a2a%2164821241736%21sea%21US%210%21ABX%211%210%21n_tag%3A-29910%3Bd%3Ad1df2f05%3Bm03_new_user%3A-29895%3BpisId%3A5000000197847450&curPageLogUid=EyzvFED1JlYe&utparam-url=scene%3Asearch%7Cquery_from%3A%7Cx_object_id%3A32622988063%7C_p_origin_prod%3A
DEAT 2025 Summer New Patchwork Plaid Irregular Pleated Mini Skirt For Women Zipper Pockets Lace Design Skirts Female 29L7565,$14.33 ,"https://ae-pic-a1.aliexpress-media.com/kf/Sbd0a77d918d142f687c227b038794af4R.jpg?has_lang=1&ver=1_220x220q75.jpg_.avif,https://ae-pic-a1.aliexpress-media.com/kf/Sbd0a77d918d142f687c227b038794af4R.jpg?has_lang=1&ver=1_220x220q75.jpg_.avif,https://ae-pic-a1.aliexpress-media.com/kf/Sa67e45d7ac334d9f9cceaa73d2351a452.jpg_220x220q75.jpg_.avif,https://ae-pic-a1.aliexpress-media.com/kf/S659981ff87534140a8e6501ce7562d29Y.jpg_220x220q75.jpg_.avif,https://ae-pic-a1.aliexpress-media.com/kf/Sb36dbdeab81f436495809d8d7d96aa83u.jpg_220x220q75.jpg_.avif","['High-concerned chemical', 'None', 'Release Date', 'Summer 2024', 'Craft of Weaving', 'Non-Woven', 'Season', 'Summer', 'is_customized', 'No', 'Fabric Type', 'Leather', 'Age', 'Middle Age', 'Place Of Origin', 'China (mainland)', 'Model Number', '89/0.38', 'Waistline', 'Natural', 'Dresses Length', 'Above Knee , Mini', 'Decoration', 'PATCHWORK', 'Silhouette', 'A-LINE', 'Pattern Type', 'Patchwork', 'Style', 'High Street', 'Material', 'POLYESTER', 'Gender', 'Women', 'Origin', 'Mainland China', 'Brand Name', 'DEAT', 'Elasticity', 'Non Strech', 'CN', 'Zhejiang', 'Fit Type', 'Slim']",https://www.aliexpress.us/item/3256806875272881.html?algo_pvid=a6281eec-e08a-49ee-9865-b639d70c1282&algo_exp_id=a6281eec-e08a-49ee-9865-b639d70c1282-3&pdp_ext_f=%7B%22order%22%3A%22504%22%2C%22eval%22%3A%221%22%2C%22fromPage%22%3A%22search%22%7D&pdp_npi=6%40dis%21USD%2139.06%2114.33%21%21%2139.06%2114.33%21%402103126e17729929022276577e5a2a%2112000039276049026%21sea%21US%210%21ABX%211%210%21n_tag%3A-29910%3Bd%3Ad1df2f05%3Bm03_new_user%3A-29895%3BpisId%3A5000000197847458&curPageLogUid=iW3r9Kn3Kiej&utparam-url=scene%3Asearch%7Cquery_from%3A%7Cx_object_id%3A1005007061587633%7C_p_origin_prod%3A
Women Summer Solid Color Mini Pleated Skirt High Waist School Skirts Sexy Skirts for Party Nightclub,$7.17 ,"https://ae-pic-a1.aliexpress-media.com/kf/S8dbf2e1282f74ad3a47654fb1197b1ecG.jpg_220x220q75.jpg_.avif,https://ae-pic-a1.aliexpress-media.com/kf/S8dbf2e1282f74ad3a47654fb1197b1ecG.jpg_220x220q75.jpg_.avif,https://ae-pic-a1.aliexpress-media.com/kf/S09c310722b634ceebd4c89cac91f0cd0C.jpg_220x220q75.jpg_.avif,https://ae-pic-a1.aliexpress-media.com/kf/S33563242c6134dbd9dd9957b412f5b5f2.jpg_220x220q75.jpg_.avif,https://ae-pic-a1.aliexpress-media.com/kf/S65fd403657af4884a23d484ad12b95d7Q.jpg_220x220q75.jpg_.avif","['High-concerned chemical', 'None', 'Release Date', 'Spring 2025', 'Craft of Weaving', 'Non-Woven', 'Season', 'Summer', 'is_customized', 'No', 'Fabric Type', 'Broadcloth', 'Age', 'Junior', 'Place Of Origin', 'China (mainland)', 'Model Number', 'Women Mini Skirts', 'Waistline', 'Dropped', 'Dresses Length', 'Above Knee , Mini', 'Decoration', 'None', 'Silhouette', 'Pleated', 'Pattern Type', 'Solid', 'Style', 'Casual', 'Material', 'POLYESTER', 'Gender', 'Women', 'Origin', 'Mainland China', 'Brand Name', 'Lamuusaa', 'Elasticity', 'Slight Strech', 'CN', 'Guangdong', 'Fit Type', 'Slim']",https://www.aliexpress.us/item/3256808613530274.html?algo_pvid=a6281eec-e08a-49ee-9865-b639d70c1282&algo_exp_id=a6281eec-e08a-49ee-9865-b639d70c1282-4&pdp_ext_f=%7B%22order%22%3A%22500%22%2C%22eval%22%3A%221%22%2C%22fromPage%22%3A%22search%22%7D&pdp_npi=6%40dis%21USD%217.55%217.17%21%21%2151.92%2149.31%21%402103126e17729929022276577e5a2a%2112000046710509455%21sea%21US%210%21ABX%211%210%21n_tag%3A-29910%3Bd%3Ad1df2f05%3Bm03_new_user%3A-29895%3BpisId%3A5000000201915079&curPageLogUid=jad4hr3uaJxg&utparam-url=scene%3Asearch%7Cquery_from%3A%7Cx_object_id%3A1005008799845026%7C_p_origin_prod%3A
Women Mini Pleated Skirts Gothic Punk Mid Waist Stripe Print Lace Ruffle Harajuku School Zip Up Short Skirt Y2K Mini Skirts,$1.46 ,"https://ae-pic-a1.aliexpress-media.com/kf/S3fdd3db82b6d4e2892b915d6fa95492ad.jpg?has_lang=1&ver=2_220x220q75.jpg_.avif,https://ae-pic-a1.aliexpress-media.com/kf/S149d2b43cbd24273bd66d84898383edaK.jpg_220x220q75.jpg_.avif,https://ae-pic-a1.aliexpress-media.com/kf/S9ebd9ea76cdc4f1f8651bebff4c368690.jpg?has_lang=1&ver=2_220x220q75.jpg_.avif,https://ae-pic-a1.aliexpress-media.com/kf/S896822450cd6417fbbbfb961217d09ebC.jpg_220x220q75.jpg_.avif,https://ae-pic-a1.aliexpress-media.com/kf/S51f22bdc645d404e80ca0ab1f5418447b.jpg_220x220q75.jpg_.avif","['Release Date', 'Summer 2024', 'Craft of Weaving', 'Tatting', 'Season', 'Summer', 'is_customized', 'No', 'Fabric Type', 'Broadcloth', 'Age', 'Middle Age', 'Model Number', 'Jean Skirts', 'Waistline', 'empire', 'Dresses Length', 'Above Knee , Mini', 'Decoration', 'Hollow Out', 'Silhouette', 'Pleated', 'Pattern Type', 'Solid', 'Style', 'Streetwear', 'Material', 'POLYESTER', 'Gender', 'Women', 'Origin', 'Mainland China', 'Brand Name', 'Thefound', 'Elasticity', 'Slight Strech', 'CN', 'Guangdong', 'Fit Type', 'Slim']",https://www.aliexpress.us/item/3256803882929709.html?algo_pvid=a6281eec-e08a-49ee-9865-b639d70c1282&algo_exp_id=a6281eec-e08a-49ee-9865-b639d70c1282-5&pdp_ext_f=%7B%22order%22%3A%22500%22%2C%22eval%22%3A%221%22%2C%22fromPage%22%3A%22search%22%7D&pdp_npi=6%40dis%21USD%2110.96%211.46%21%21%2110.96%211.46%21%402103126e17729929022276577e5a2a%2112000027934677993%21sea%21US%210%21ABX%211%210%21n_tag%3A-29910%3Bd%3Ad1df2f05%3Bm03_new_user%3A-29895%3BpisId%3A5000000197847458&curPageLogUid=cBS4SI0bRvss&utparam-url=scene%3Asearch%7Cquery_from%3A%7Cx_object_id%3A1005004069244461%7C_p_origin_prod%3A
New Women Mesh Elastic Tutu Skirt Beach Spring Summer Korean High Waist Fashion Pleated Long Skirt Black White Tulle Skirts,$14.84 ,"https://ae-pic-a1.aliexpress-media.com/kf/S6addff9e80474c7f8d512c3e6c64a85fk.jpg_220x220q75.jpg_.avif,https://ae-pic-a1.aliexpress-media.com/kf/Sced54acfcdf84a09a19526829fa02facv.jpg_220x220q75.jpg_.avif,https://ae-pic-a1.aliexpress-media.com/kf/S4d10a457092c4f56a636d37da8d06270P.jpg_220x220q75.jpg_.avif,https://ae-pic-a1.aliexpress-media.com/kf/Sa73877e511994a8a890341af35d5aa2bZ.jpg_220x220q75.jpg_.avif,https://ae-pic-a1.aliexpress-media.com/kf/S7239de07d32247f8ba91429cfdab1ee0F.jpg_220x220q75.jpg_.avif","['Season', 'All Season', 'is_customized', 'No', 'Fabric Type', 'Broadcloth', 'Age', 'Middle Age', 'Place Of Origin', 'China (mainland)', 'Model Number', 'women skirts', 'Waistline', 'Natural', 'Dresses Length', 'Mid-Calf', 'Decoration', 'None', 'Silhouette', 'A-LINE', 'Pattern Type', 'Solid', 'Style', 'Casual', 'Material', 'POLYESTER', 'Gender', 'Women', 'Origin', 'Mainland China', 'Brand Name', 'hxyqveuyg', 'Elasticity', 'Non Strech', 'CN', 'Zhejiang', 'Fit Type', 'Regular Fit']",https://www.aliexpress.us/item/3256803789043664.html?algo_pvid=a6281eec-e08a-49ee-9865-b639d70c1282&algo_exp_id=a6281eec-e08a-49ee-9865-b639d70c1282-6&pdp_ext_f=%7B%22order%22%3A%22494%22%2C%22eval%22%3A%221%22%2C%22fromPage%22%3A%22search%22%7D&pdp_npi=6%40dis%21USD%2118.42%2114.84%21%21%2118.42%2114.84%21%402103126e17729929022276577e5a2a%2112000027615149098%21sea%21US%210%21ABX%211%210%21n_tag%3A-29910%3Bd%3Ad1df2f05%3Bm03_new_user%3A-29895%3BpisId%3A5000000201908206&curPageLogUid=FrOvV8z4nTzI&utparam-url=scene%3Asearch%7Cquery_from%3A%7Cx_object_id%3A1005003975358416%7C_p_origin_prod%3A
Zevity Women Vintage Geometric Print Knotted Mini Sarong Skirt Faldas Mujer Female Beading Tassel Casual Zipper Vestidos QUN1436,$18.65 ,"https://ae-pic-a1.aliexpress-media.com/kf/S2089b5215314482a877a17e81f637f84O.jpg_220x220q75.jpg_.avif,https://ae-pic-a1.aliexpress-media.com/kf/Sd002f87dad7641b292a9840603cbeb30l.jpg_220x220q75.jpg_.avif,https://ae-pic-a1.aliexpress-media.com/kf/S3691dfb27d01467494b824ec9c34a4c30.jpg_220x220q75.jpg_.avif,https://ae-pic-a1.aliexpress-media.com/kf/Sa68e774444394d5d9ac4e49ef968a877y.jpg_220x220q75.jpg_.avif,https://ae-pic-a1.aliexpress-media.com/kf/S90dce12d63f14d6880fe435a65ea41c78.jpg_220x220q75.jpg_.avif","['High-concerned chemical', 'None', 'Release Date', 'Summer 2024', 'Craft of Weaving', 'Tatting', 'Season', 'Summer', 'is_customized', 'Yes', 'Fabric Type', 'Broadcloth', 'Age', 'Middle Age', 'Place Of Origin', 'China (mainland)', 'Model Number', 'QUN1436', 'Waistline', 'empire', 'Dresses Length', 'Above Knee , Mini', 'Decoration', 'Beading', 'Silhouette', 'A-LINE', 'Pattern Type', 'Solid', 'Style', 'Casual', 'Material', 'POLYESTER', 'Gender', 'Women', 'Origin', 'Mainland China', 'Brand Name', 'ZEVITY', 'Elasticity', 'Non Strech', 'CN', 'Guangdong', 'Fit Type', 'Regular Fit']",https://www.aliexpress.us/item/3256807091321486.html?algo_pvid=a6281eec-e08a-49ee-9865-b639d70c1282&algo_exp_id=a6281eec-e08a-49ee-9865-b639d70c1282-7&pdp_ext_f=%7B%22order%22%3A%22492%22%2C%22eval%22%3A%221%22%2C%22fromPage%22%3A%22search%22%7D&pdp_npi=6%40dis%21USD%2139.13%2118.65%21%21%21268.95%21128.16%21%402103126e17729929022276577e5a2a%2112000040040947559%21sea%21US%210%21ABX%211%210%21n_tag%3A-29910%3Bd%3Ad1df2f05%3Bm03_new_user%3A-29895%3BpisId%3A5000000201900489&curPageLogUid=0dPic8GUzcOy&utparam-url=scene%3Asearch%7Cquery_from%3A%7Cx_object_id%3A1005007277636238%7C_p_origin_prod%3A
Kukeita Harajuku Y2k Punk Piano Key Wave Dot Lace Skirt Japanese Gothic Lolita Kawaii Cake Skirt Fairy Grunge Y2k Women Skirts,$22.09 ,"https://ae-pic-a1.aliexpress-media.com/kf/Se4898799c76b421b8bbf3c100cd6d9add.jpg?has_lang=1&ver=2_220x220q75.jpg_.avif,https://ae-pic-a1.aliexpress-media.com/kf/S29131b75158e4faabceb0eb7861d676bE.jpg?has_lang=1&ver=2_220x220q75.jpg_.avif,https://ae-pic-a1.aliexpress-media.com/kf/Sbfa996ccd42248deb77d5cafa0bed06f3.jpg?has_lang=1&ver=2_220x220q75.jpg_.avif,https://ae-pic-a1.aliexpress-media.com/kf/S6907a7f82d994d679a7da4e2ad0ec2caE.jpg?has_lang=1&ver=2_220x220q75.jpg_.avif,https://ae-pic-a1.aliexpress-media.com/kf/S6ec34c256e3b449e8f8e520f936f610fZ.jpg?has_lang=1&ver=2_220x220q75.jpg_.avif","['High-concerned chemical', 'None', 'Craft of Weaving', 'Non-Woven', 'Season', 'Summer', 'Fabric Type', 'Broadcloth', 'Age', 'Junior', 'Place Of Origin', 'China (mainland)', 'Waistline', 'empire', 'Dresses Length', 'Above Knee , Mini', 'Decoration', 'Lace', 'Silhouette', 'Pleated', 'Pattern Type', 'Dot', 'Style', 'Streetwear', 'Material', 'POLYESTER,Mesh,Voile', 'Gender', 'Women', 'Origin', 'Mainland China', 'Brand Name', 'Kukeita', 'Elasticity', 'Non Strech', 'CN', 'Zhejiang', 'Fit Type', 'Loose']",https://www.aliexpress.us/item/3256806419112118.html?algo_pvid=a6281eec-e08a-49ee-9865-b639d70c1282&algo_exp_id=a6281eec-e08a-49ee-9865-b639d70c1282-8&pdp_ext_f=%7B%22order%22%3A%22492%22%2C%22eval%22%3A%221%22%2C%22fromPage%22%3A%22search%22%7D&pdp_npi=6%40dis%21USD%2122.96%2122.09%21%21%2122.96%2122.09%21%402103126e17729929022276577e5a2a%2112000037801897427%21sea%21US%210%21ABX%211%210%21n_tag%3A-29910%3Bd%3Ad1df2f05%3Bm03_new_user%3A-29895%3BpisId%3A5000000201915065&curPageLogUid=rvWeBYT8mSua&utparam-url=scene%3Asearch%7Cquery_from%3A%7Cx_object_id%3A1005006605426870%7C_p_origin_prod%3A
Sports short skirt women summer anti-walk yoga pants running fitness clothes quick dry breathable high waist pleated skirt,$0.99 ,"https://ae-pic-a1.aliexpress-media.com/kf/S2a942ad4279043faa0f8b8504ccc5dd7U.jpg_220x220q75.jpg_.avif,https://ae-pic-a1.aliexpress-media.com/kf/S2848552889fd4932bb71fa75824bc333X.jpg_220x220q75.jpg_.avif,https://ae-pic-a1.aliexpress-media.com/kf/S432ecf6e6640478289cda1fd42e01cfdg.jpg_220x220q75.jpg_.avif,https://ae-pic-a1.aliexpress-media.com/kf/S44063c31608446ae8758fb5a3dfaf30cX.jpg_220x220q75.jpg_.avif,https://ae-pic-a1.aliexpress-media.com/kf/S010173099ce4424bae8ab4bf44f4b961u.jpg_220x220q75.jpg_.avif","['High-concerned chemical', 'None', 'Craft of Weaving', 'Tatting', 'Season', 'Summer', 'Fabric Type', 'Knitted', 'Age', 'Junior', 'Place Of Origin', 'China (mainland)', 'Waistline', 'empire', 'Dresses Length', 'Above Knee , Mini', 'Decoration', 'None', 'Silhouette', 'A-LINE', 'Pattern Type', 'Solid', 'Style', 'Casual', 'Material', 'POLYESTER', 'Gender', 'Women', 'Origin', 'Mainland China', 'Elasticity', 'High Strecth', 'CN', 'Guangdong', 'Fit Type', 'Regular Fit']",https://www.aliexpress.us/item/3256808448207268.html?algo_pvid=a6281eec-e08a-49ee-9865-b639d70c1282&algo_exp_id=a6281eec-e08a-49ee-9865-b639d70c1282-9&pdp_ext_f=%7B%22order%22%3A%22491%22%2C%22spu_best_type%22%3A%22price%22%2C%22eval%22%3A%221%22%2C%22fromPage%22%3A%22search%22%7D&pdp_npi=6%40dis%21USD%2122.78%210.99%21%21%21156.59%216.84%21%402103126e17729929022276577e5a2a%2112000046037161764%21sea%21US%210%21ABX%211%210%21n_tag%3A-29910%3Bd%3Ad1df2f05%3Bm03_new_user%3A-29895%3BpisId%3A5000000197847450&curPageLogUid=7emx5I9zX6Wd&utparam-url=scene%3Asearch%7Cquery_from%3A%7Cx_object_id%3A1005008634522020%7C_p_origin_prod%3A
SUCHCUTE Y2K Vacation Floral Printed Long Skirts Holiday Beach Sexy Low Waist Aesthetics Lace Skirt Women Grunge Party Outfits,$17.32 ,"https://ae-pic-a1.aliexpress-media.com/kf/S0808acd0f30549168a261d2e50d1cf45o.jpg_220x220q75.jpg_.avif,https://ae-pic-a1.aliexpress-media.com/kf/S0808acd0f30549168a261d2e50d1cf45o.jpg_220x220q75.jpg_.avif,https://ae-pic-a1.aliexpress-media.com/kf/Sbfc4c23c03c64ec38304dbd640da7560Y.jpg_220x220q75.jpg_.avif,https://ae-pic-a1.aliexpress-media.com/kf/S7f442fe4cde547168f18b83abd710ffdD.jpg_220x220q75.jpg_.avif,https://ae-pic-a1.aliexpress-media.com/kf/S687033c7536d42bdabf4be1ba5100bbax.jpg_220x220q75.jpg_.avif","['Festival', ""Valentine's Day"", 'High-concerned chemical', 'None', 'Release Date', 'Summer 2025', 'Craft of Weaving', 'Tatting', 'Season', 'All Season', 'Fabric Type', 'Woven', 'Age', 'Junior', 'Place Of Origin', 'China (mainland)', 'Model Number', 'WDD16820', 'Waistline', 'Dropped', 'Dresses Length', 'Floor-Length', 'Decoration', 'Print', 'Silhouette', 'Straight', 'Pattern Type', 'Print', 'Style', 'Street Style', 'Material', 'POLYESTER,Elastane', 'Gender', 'Women', 'Origin', 'Mainland China', 'Elasticity', 'Slight Strech', 'CN', 'Guangdong', 'Fit Type', 'Slim']",https://www.aliexpress.us/item/3256807605325796.html?algo_pvid=a6281eec-e08a-49ee-9865-b639d70c1282&algo_exp_id=a6281eec-e08a-49ee-9865-b639d70c1282-10&pdp_ext_f=%7B%22order%22%3A%22489%22%2C%22eval%22%3A%221%22%2C%22orig_sl_item_id%22%3A%221005007791640548%22%2C%22orig_item_id%22%3A%221005010521013813%22%2C%22fromPage%22%3A%22search%22%7D&pdp_npi=6%40dis%21USD%2136.84%2117.32%21%21%21253.18%21118.99%21%402103126e17729929022276577e5a2a%2112000042215789415%21sea%21US%210%21ABX%211%210%21n_tag%3A-29910%3Bd%3Ad1df2f05%3Bm03_new_user%3A-29895&curPageLogUid=dvAyVQgehZWy&utparam-url=scene%3Asearch%7Cquery_from%3A%7Cx_object_id%3A1005007791640548%7C_p_origin_prod%3A1005010521013813
Suitable for Apple Mobile Phone PD Fast Charge Android European Standard Charging Head 20W Dual-Port USB + Type-C Charging Port,$0.99 ,"https://ae-pic-a1.aliexpress-media.com/kf/S94da67f3755b4869b282ff90e93ac6c9D.jpg_220x220q75.jpg_.avif,https://ae-pic-a1.aliexpress-media.com/kf/S49408f8d061547c884a329ce10813668R.jpg_220x220q75.jpg_.avif,https://ae-pic-a1.aliexpress-media.com/kf/Sf36e05be76f54713b793dc8812aa0bba5.jpg_220x220q75.jpg_.avif,https://ae-pic-a1.aliexpress-media.com/kf/Sac67b635d3914dd089f95c87555c6e3cQ.jpg_220x220q75.jpg_.avif,https://ae-pic-a1.aliexpress-media.com/kf/S26c697816b2a461a9149388edb7b85da5.jpg_220x220q75.jpg_.avif","['Season', 'All Season', 'Decoration', 'None', 'Pattern Type', 'fruit', 'Fit Type', 'Regular Fit', '品牌', 'Others', 'Type', 'lv xing chong', 'Model', '009 from list']",https://www.aliexpress.us/item/3256805963939374.html?algo_pvid=a6281eec-e08a-49ee-9865-b639d70c1282&algo_exp_id=a6281eec-e08a-49ee-9865-b639d70c1282-11&pdp_ext_f=%7B%22order%22%3A%22487%22%2C%22spu_best_type%22%3A%22price%22%2C%22eval%22%3A%221%22%2C%22fromPage%22%3A%22search%22%7D&pdp_npi=6%40dis%21USD%217.22%210.99%21%21%2149.59%216.80%21%402103126e17729929022276577e5a2a%2112000035990067011%21sea%21US%210%21ABX%211%210%21n_tag%3A-29910%3Bd%3Ad1df2f05%3Bm03_new_user%3A-29895%3BpisId%3A5000000197847475&curPageLogUid=tUmz6xMqCSe1&utparam-url=scene%3Asearch%7Cquery_from%3A%7Cx_object_id%3A1005006150254126%7C_p_origin_prod%3A
SINGREINY Women Korean Split Sexy Long Skirt 2024 Winter Corduroy Slim Thick Streetwear Fashion Vintage Autumn Bodycon Skirt,$12.51 ,"https://ae-pic-a1.aliexpress-media.com/kf/Sfb8246a4856a46ba819d5d3ea4ae36a6g.jpg?has_lang=1&ver=1_220x220q75.jpg_.avif,https://ae-pic-a1.aliexpress-media.com/kf/Sfb8246a4856a46ba819d5d3ea4ae36a6g.jpg?has_lang=1&ver=1_220x220q75.jpg_.avif,https://ae-pic-a1.aliexpress-media.com/kf/Sf4b8e6254745488290b90d5556b68238F.jpg_220x220q75.jpg_.avif,https://ae-pic-a1.aliexpress-media.com/kf/S8333f723a3404218870f092022f4cf69V.jpg?has_lang=1&ver=1_220x220q75.jpg_.avif,https://ae-pic-a1.aliexpress-media.com/kf/S02887d8e3b364091b850b054ba9475bbU.jpg?has_lang=1&ver=1_220x220q75.jpg_.avif","['High-concerned chemical', 'None', 'Craft of Weaving', 'Knit', 'Season', 'Autumn/Winter', 'is_customized', 'No', 'Fabric Type', 'corduroy', 'Age', 'Middle Age', 'Place Of Origin', 'China (mainland)', 'Waistline', 'Natural', 'Dresses Length', 'Mid-Calf', 'Decoration', 'Sashes', 'Silhouette', 'A-LINE', 'Pattern Type', 'Solid', 'Style', 'Office Lady', 'Material', 'POLYESTER,Viscose', 'Gender', 'Women', 'Origin', 'Mainland China', 'Brand Name', 'SR.Singreiny', 'Elasticity', 'Non Strech', 'CN', 'Guangdong', 'Fit Type', 'Slim']",https://www.aliexpress.us/item/3256805909036574.html?algo_pvid=a6281eec-e08a-49ee-9865-b639d70c1282&algo_exp_id=a6281eec-e08a-49ee-9865-b639d70c1282-12&pdp_ext_f=%7B%22order%22%3A%22487%22%2C%22eval%22%3A%221%22%2C%22fromPage%22%3A%22search%22%7D&pdp_npi=6%40dis%21USD%2130.83%2112.51%21%21%2130.83%2112.51%21%402103126e17729929022276577e5a2a%2112000035715361544%21sea%21US%210%21ABX%211%210%21n_tag%3A-29910%3Bd%3Ad1df2f05%3Bm03_new_user%3A-29895%3BpisId%3A5000000197847450&curPageLogUid=ZytTMesjWoOg&utparam-url=scene%3Asearch%7Cquery_from%3A%7Cx_object_id%3A1005006095351326%7C_p_origin_prod%3A
Japanese Lolita Skirts Ruffled Pleated Plaid Skirt Women 2026 Spring New Elastic High Waist Slimming Gentle Mini Skirt Culottes,$21.73 ,"https://ae-pic-a1.aliexpress-media.com/kf/S6dc87d34b5774f78902ebf49dfc8ea9fx.jpg?has_lang=1&ver=2_220x220q75.jpg_.avif,https://ae-pic-a1.aliexpress-media.com/kf/S6dc87d34b5774f78902ebf49dfc8ea9fx.jpg?has_lang=1&ver=2_220x220q75.jpg_.avif,https://ae-pic-a1.aliexpress-media.com/kf/S25f64ab1247f4423adb93a7cbfd3e01br.jpg?has_lang=1&ver=2_220x220q75.jpg_.avif,https://ae-pic-a1.aliexpress-media.com/kf/S0d7a60c7febb4fbe8219dc250b150410M.jpg?has_lang=1&ver=2_220x220q75.jpg_.avif,https://ae-pic-a1.aliexpress-media.com/kf/S3e4ae3ac1ff04f54a613289e81c903cf5.jpg?has_lang=1&ver=2_220x220q75.jpg_.avif","['High-concerned chemical', 'None', 'Release Date', 'Summer 2025', 'Craft of Weaving', 'Non-Woven', 'Season', 'Autumn/Winter', 'Fabric Type', 'Blended', 'Age', 'Middle Age', 'Place Of Origin', 'China (mainland)', 'Waistline', 'empire', 'Dresses Length', 'Above Knee , Mini', 'Decoration', 'Ruffles', 'Silhouette', 'A-LINE', 'Pattern Type', 'Solid', 'Style', 'Office Lady', 'Material', 'POLYESTER', 'Gender', 'Women', 'Origin', 'Mainland China', 'Brand Name', 'Geyalovvy', 'Elasticity', 'Slight Strech', 'CN', 'Guangdong', 'Fit Type', 'Regular Fit', 'Size', 'XS S M', 'Color classification', 'Light pink', 'Skirt-type', 'A- line skirt', 'Year Season', 'Winter 2025', 'Skirt length', 'Short skirt', 'Material composition', 'Polyester Fiber 92% viscose fiber 8%']",https://www.aliexpress.us/item/3256806028036840.html?algo_pvid=a6281eec-e08a-49ee-9865-b639d70c1282&algo_exp_id=a6281eec-e08a-49ee-9865-b639d70c1282-13&pdp_ext_f=%7B%22order%22%3A%22486%22%2C%22eval%22%3A%221%22%2C%22fromPage%22%3A%22search%22%7D&pdp_npi=6%40dis%21USD%2144.07%2121.73%21%21%21302.90%21149.36%21%402103126e17729929022276577e5a2a%2112000038647113768%21sea%21US%210%21ABX%211%210%21n_tag%3A-29910%3Bd%3Ad1df2f05%3Bm03_new_user%3A-29895%3BpisId%3A5000000197847450&curPageLogUid=aHnamfiLkX1Q&utparam-url=scene%3Asearch%7Cquery_from%3A%7Cx_object_id%3A1005006214351592%7C_p_origin_prod%3A
2024 New Spring and Summer Women's Mini Skirts Fashion Women Denim Skirts Casual Chic High Street Ladies Skirt,$8.80 ,"https://ae-pic-a1.aliexpress-media.com/kf/S0e33b9914bca45bba5ee9573001a0233h.jpg_220x220q75.jpg_.avif,https://ae-pic-a1.aliexpress-media.com/kf/Se893cb4b943944f58ff4c8a1bb9c3f9cb.jpg_220x220q75.jpg_.avif,https://ae-pic-a1.aliexpress-media.com/kf/S4d478833961843569906fb77322112b3u.jpg_220x220q75.jpg_.avif,https://ae-pic-a1.aliexpress-media.com/kf/S3558a816fe5243a9a021d33235fd6b702.jpg_220x220q75.jpg_.avif,https://ae-pic-a1.aliexpress-media.com/kf/S77b5ae8a3371413d9feb2dd55fce0736i.jpg_220x220q75.jpg_.avif","['High-concerned chemical', 'None', 'Release Date', 'Spring 2024', 'Craft of Weaving', 'Tatting', 'Season', 'Spring/Summer', 'is_customized', 'No', 'Fabric Type', 'Denim', 'Age', 'Middle Age', 'Place Of Origin', 'China (mainland)', 'Model Number', '10242', 'Waistline', 'Natural', 'Dresses Length', 'Above Knee , Mini', 'Decoration', 'Pockets', 'Silhouette', 'A-LINE', 'Pattern Type', 'Solid', 'Style', 'High Street', 'Material', 'POLYESTER', 'Gender', 'Women', 'Origin', 'Mainland China', 'Brand Name', 'Guobioziy', 'Elasticity', 'Slight Strech', 'CN', 'Jiangsu', 'Fit Type', 'Regular Fit']",https://www.aliexpress.us/item/3256807115729063.html?algo_pvid=a6281eec-e08a-49ee-9865-b639d70c1282&algo_exp_id=a6281eec-e08a-49ee-9865-b639d70c1282-15&pdp_ext_f=%7B%22order%22%3A%22484%22%2C%22eval%22%3A%221%22%2C%22fromPage%22%3A%22search%22%7D&pdp_npi=6%40dis%21USD%2138.36%218.80%21%21%21263.64%2160.45%21%402103126e17729929022276577e5a2a%2112000040320335530%21sea%21US%210%21ABX%211%210%21n_tag%3A-29910%3Bd%3Ad1df2f05%3Bm03_new_user%3A-29895%3BpisId%3A5000000197847450&curPageLogUid=aoNfOixOcq8g&utparam-url=scene%3Asearch%7Cquery_from%3A%7Cx_object_id%3A1005007302043815%7C_p_origin_prod%3A
Boho Cotton Linen Beach Long Skirt Women Vintage Casual Solid A-line High Waist Dance Floor-Length Maxi Skirt Spring Summer New,$19.02 ,"https://ae-pic-a1.aliexpress-media.com/kf/S554225d281a540a7ae99efab526c5fe7u.jpg_220x220q75.jpg_.avif,https://ae-pic-a1.aliexpress-media.com/kf/S4cb64f5dc2ca4c009bb7f9e2582db11fm.jpg_220x220q75.jpg_.avif,https://ae-pic-a1.aliexpress-media.com/kf/S96d3c6398259492799d9049dfb6b15c8O.jpg_220x220q75.jpg_.avif,https://ae-pic-a1.aliexpress-media.com/kf/S976722cdbc8b489ea79be0d2def59f0dU.jpg_220x220q75.jpg_.avif,https://ae-pic-a1.aliexpress-media.com/kf/Sb4398385d56e49b68643ffc10394064eq.jpg_220x220q75.jpg_.avif","['High-concerned chemical', 'None', 'Craft of Weaving', 'Tatting', 'Season', 'All Season', 'is_customized', 'No', 'Fabric Type', 'Cotton linen', 'Age', 'Middle Age', 'Place Of Origin', 'China (mainland)', 'Waistline', 'empire', 'Dresses Length', 'Floor-Length', 'Decoration', 'None', 'Silhouette', 'A-LINE', 'Pattern Type', 'Solid', 'Style', 'Casual', 'Material', 'COTTON,Linen', 'Gender', 'Women', 'Origin', 'Mainland China', 'Brand Name', 'Stinlicher', 'Elasticity', 'Slight Strech', 'CN', 'Guangdong', 'Fit Type', 'Loose']",https://www.aliexpress.us/item/3256805378123138.html?algo_pvid=a6281eec-e08a-49ee-9865-b639d70c1282&algo_exp_id=a6281eec-e08a-49ee-9865-b639d70c1282-16&pdp_ext_f=%7B%22order%22%3A%22484%22%2C%22eval%22%3A%221%22%2C%22fromPage%22%3A%22search%22%7D&pdp_npi=6%40dis%21USD%2128.82%2119.02%21%21%2128.82%2119.02%21%402103126e17729929022276577e5a2a%2112000033567652760%21sea%21US%210%21ABX%211%210%21n_tag%3A-29910%3Bd%3Ad1df2f05%3Bm03_new_user%3A-29895&curPageLogUid=ivyKfBeMaC9A&utparam-url=scene%3Asearch%7Cquery_from%3A%7Cx_object_id%3A1005005564437890%7C_p_origin_prod%3A
Sexy PU Leather Pleated Skirt Women Solid Basic Mini Skirt Low Waist Skirt Female Nightwear Micro Bikini Skirts Nightclub Skirts,$3.55 ,"https://ae-pic-a1.aliexpress-media.com/kf/S0e0fddb813274acb9a97ae8d7fdbf312u.jpg_220x220q75.jpg_.avif,https://ae-pic-a1.aliexpress-media.com/kf/S0e0fddb813274acb9a97ae8d7fdbf312u.jpg_220x220q75.jpg_.avif,https://ae-pic-a1.aliexpress-media.com/kf/S59586d5fba95473386eb281d1c62809bl.jpg_220x220q75.jpg_.avif,https://ae-pic-a1.aliexpress-media.com/kf/S06bdfad2e4d14aada62a726fc18f6752z.jpg_220x220q75.jpg_.avif,https://ae-pic-a1.aliexpress-media.com/kf/S4f4a24b5140f4066bc8316ef9071548f3.jpg_220x220q75.jpg_.avif","['High-concerned chemical', 'None', 'Release Date', 'Summer 2025', 'Craft of Weaving', 'Tatting', 'Season', 'Autumn/Winter', 'Fabric Type', 'Leather', 'Age', 'Junior', 'Model Number', 'Q2359', 'Waistline', 'Dropped', 'Dresses Length', 'Above Knee , Mini', 'Decoration', 'Shirring', 'Silhouette', 'Ball Gown', 'Pattern Type', 'Solid', 'Style', 'Sexy & Club', 'Material', 'POLYESTER,Elastane', 'Gender', 'Women', 'Origin', 'Mainland China', 'Elasticity', 'Slight Strech', 'CN', 'Guangdong', 'Fit Type', 'Slim', 'Feature', 'Side opening mini skirt', 'Fabric', 'Pu Leather']",https://www.aliexpress.us/item/3256807995253667.html?algo_pvid=a6281eec-e08a-49ee-9865-b639d70c1282&algo_exp_id=a6281eec-e08a-49ee-9865-b639d70c1282-17&pdp_ext_f=%7B%22order%22%3A%22481%22%2C%22eval%22%3A%221%22%2C%22fromPage%22%3A%22search%22%7D&pdp_npi=6%40dis%21USD%2110.91%213.55%21%21%2110.91%213.55%21%402103126e17729929022276577e5a2a%2112000044140327589%21sea%21US%210%21ABX%211%210%21n_tag%3A-29910%3Bd%3Ad1df2f05%3Bm03_new_user%3A-29895%3BpisId%3A5000000197847475&curPageLogUid=rb0uuWpBeT12&utparam-url=scene%3Asearch%7Cquery_from%3A%7Cx_object_id%3A1005008181568419%7C_p_origin_prod%3A
MEXZT S-3XL Y2K Pu Leather Mini Skirts Women Streetwear High Waist Pleated Skirt Vintage Korean Black Slim Casual A Line Skirts,$5.64 ,"https://ae-pic-a1.aliexpress-media.com/kf/Sc5c44960bec5481c81a15532e36c8792F.jpeg_220x220q75.jpeg_.avif,https://ae-pic-a1.aliexpress-media.com/kf/S16beaf8153214bbcbc7b40b7aef9a0cc0.jpeg_220x220q75.jpeg_.avif,https://ae-pic-a1.aliexpress-media.com/kf/Seb0fb76c46314c2fb6d35d32ad4863ff0.jpeg_220x220q75.jpeg_.avif,https://ae-pic-a1.aliexpress-media.com/kf/Sb6d6f6313b264e12b2431f7793c9e0c3L.jpeg_220x220q75.jpeg_.avif,https://ae-pic-a1.aliexpress-media.com/kf/S822c3e4a715b4b7fa13cf3b31ff135f4O.jpeg_220x220q75.jpeg_.avif","['High-concerned chemical', 'None', 'Release Date', 'Spring 2024', 'Craft of Weaving', 'Tatting', 'Season', 'Spring/Summer', 'is_customized', 'No', 'Fabric Type', 'Leather', 'Age', 'Junior', 'Place Of Origin', 'China (mainland)', 'Model Number', 'ALC12231', 'Waistline', 'empire', 'Dresses Length', 'Above Knee , Mini', 'Decoration', 'Sashes', 'Silhouette', 'Pleated', 'Pattern Type', 'Solid', 'Style', 'Y2k', 'Material', 'POLYESTER,Faux Leather', 'Gender', 'Women', 'Origin', 'Mainland China', 'Brand Name', 'MEXZT', 'Elasticity', 'Non Strech', 'CN', 'Guangdong', 'Fit Type', 'Slim']",https://www.aliexpress.us/item/3256806952160314.html?algo_pvid=a6281eec-e08a-49ee-9865-b639d70c1282&algo_exp_id=a6281eec-e08a-49ee-9865-b639d70c1282-18&pdp_ext_f=%7B%22order%22%3A%22479%22%2C%22eval%22%3A%221%22%2C%22fromPage%22%3A%22search%22%7D&pdp_npi=6%40dis%21USD%2130.14%215.64%21%21%21207.14%2138.75%21%402103126e17729929022276577e5a2a%2112000039537862174%21sea%21US%210%21ABX%211%210%21n_tag%3A-29910%3Bd%3Ad1df2f05%3Bm03_new_user%3A-29895%3BpisId%3A5000000197847450&curPageLogUid=LGXqpXA4YYEx&utparam-url=scene%3Asearch%7Cquery_from%3A%7Cx_object_id%3A1005007138475066%7C_p_origin_prod%3A
Vintage Y2k Black White Piano Skirt Women Design Hepburn Summer Harajuku Mini Skirt Female Fashion Hot Girl New Retro Clothing,$8.84 ,"https://ae-pic-a1.aliexpress-media.com/kf/S9f704a7ea4e14129991ed854e3330511b.jpg_220x220q75.jpg_.avif,https://ae-pic-a1.aliexpress-media.com/kf/S472d545a490c43dab03b52da72dc58b3E.jpg_220x220q75.jpg_.avif,https://ae-pic-a1.aliexpress-media.com/kf/S0636059283794bb5a5f33b3a2e72d80bR.jpg_220x220q75.jpg_.avif,https://ae-pic-a1.aliexpress-media.com/kf/S7a5d7da35b3b4b5cb544e9f4a2c097f20.jpg_220x220q75.jpg_.avif,https://ae-pic-a1.aliexpress-media.com/kf/Sd50e3b592aaa478aa143269212b1f08fb.jpg_220x220q75.jpg_.avif","['High-concerned chemical', 'None', 'Release Date', 'Summer 2025', 'Craft of Weaving', 'Tatting', 'Season', 'Spring/Summer', 'is_customized', 'No', 'Fabric Type', 'Blended', 'Age', 'Junior', 'Place Of Origin', 'China (mainland)', 'Model Number', 'Y2505278', 'Waistline', 'Natural', 'Dresses Length', 'Above Knee , Mini', 'Decoration', 'None', 'Silhouette', 'A-LINE', 'Pattern Type', 'Solid', 'Style', 'gothic', 'Material', 'COTTON,POLYESTER', 'Gender', 'Women', 'Origin', 'Mainland China', 'Brand Name', 'ZHUOFU', 'Elasticity', 'Slight Strech', 'CN', 'Guangdong', 'Fit Type', 'Loose']",https://www.aliexpress.us/item/3256808943363952.html?algo_pvid=a6281eec-e08a-49ee-9865-b639d70c1282&algo_exp_id=a6281eec-e08a-49ee-9865-b639d70c1282-19&pdp_ext_f=%7B%22order%22%3A%22476%22%2C%22spu_best_type%22%3A%22price%22%2C%22eval%22%3A%221%22%2C%22fromPage%22%3A%22search%22%7D&pdp_npi=6%40dis%21USD%2115.61%218.84%21%21%21107.31%2160.75%21%402103126e17729929022276577e5a2a%2112000048018980822%21sea%21US%210%21ABX%211%210%21n_tag%3A-29910%3Bd%3Ad1df2f05%3Bm03_new_user%3A-29895%3BpisId%3A5000000201905370&curPageLogUid=J3DijbhDPM13&utparam-url=scene%3Asearch%7Cquery_from%3A%7Cx_object_id%3A1005009129678704%7C_p_origin_prod%3A
Womens Adult 80s Vintage Tulle Skirt Layered Short Vintage Petticoat Color Layered Mesh Ballet Bubble Mini Dress Up,$0.99 ,"https://ae-pic-a1.aliexpress-media.com/kf/S690a4ea78901436abf8387e67bc6f955h.jpg_220x220q75.jpg_.avif,https://ae-pic-a1.aliexpress-media.com/kf/S27a2dfcdc5c64faa95bd807eaaebf823Q.jpg_220x220q75.jpg_.avif,https://ae-pic-a1.aliexpress-media.com/kf/Sad0675d14e0d438687ff0b959570a1a3Z.jpg_220x220q75.jpg_.avif,https://ae-pic-a1.aliexpress-media.com/kf/S3ec3fb665e6441d5b586e1c1c3292a89V.jpg_220x220q75.jpg_.avif,https://ae-pic-a1.aliexpress-media.com/kf/S4d10b2c920f840f18aaa8f3fc66d218fU.jpg_220x220q75.jpg_.avif","['High-concerned chemical', 'None', 'Craft of Weaving', 'Not Clothing or Textiles', 'Season', 'All Season', 'Fabric Type', 'Blended', 'Age', 'Junior', 'Waistline', 'Natural', 'Dresses Length', 'Ankle-Length', 'Decoration', 'None', 'Silhouette', 'Ball Gown', 'Pattern Type', 'Solid', 'Style', 'Sweet', 'Material', 'POLYESTER,COTTON', 'Gender', 'Women', 'Origin', 'Mainland China', 'Brand Name', 'KLV', 'Fit Type', 'Loose', 'CN', 'Guangdong', 'Elasticity', 'Non Strech']",https://www.aliexpress.us/item/3256808142704539.html?algo_pvid=a6281eec-e08a-49ee-9865-b639d70c1282&algo_exp_id=a6281eec-e08a-49ee-9865-b639d70c1282-20&pdp_ext_f=%7B%22order%22%3A%22476%22%2C%22eval%22%3A%221%22%2C%22fromPage%22%3A%22search%22%7D&pdp_npi=6%40dis%21USD%212.48%210.99%21%21%2117.04%216.80%21%402103126e17729929022276577e5a2a%2112000044618657748%21sea%21US%210%21ABX%211%210%21n_tag%3A-29910%3Bd%3Ad1df2f05%3Bm03_new_user%3A-29895%3BpisId%3A5000000197847458&curPageLogUid=xrqo50z7aBNh&utparam-url=scene%3Asearch%7Cquery_from%3A%7Cx_object_id%3A1005008329019291%7C_p_origin_prod%3A
SISHION 2025 Autumn New A Line Swing Buttons Long Midi Vintage Skirt SS0037 Red Green High Waist Plaid Skirts for Women Jupe,$0.99 ,"https://ae-pic-a1.aliexpress-media.com/kf/Sa8e0479d9c454924a42a309be0ce325bA.jpg_220x220q75.jpg_.avif,https://ae-pic-a1.aliexpress-media.com/kf/Sd730e4535cf048f69835edf43fde0fc3l.jpg_220x220q75.jpg_.avif,https://ae-pic-a1.aliexpress-media.com/kf/S41e9fdbccbbe4115ab0c4f7b4617fddd7.jpg?has_lang=1&ver=2_220x220q75.jpg_.avif,https://ae-pic-a1.aliexpress-media.com/kf/Scc99cf0001ae415b92621126dd44b4c3H.jpg?has_lang=1&ver=2_220x220q75.jpg_.avif,https://ae-pic-a1.aliexpress-media.com/kf/S34dcef24880544ab848bba2211e93302p.jpg_220x220q75.jpg_.avif","['High-concerned chemical', 'None', 'Release Date', 'Summer 2024', 'Craft of Weaving', 'Tatting', 'Season', 'All Season', 'is_customized', 'No', 'Fabric Type', 'Woolen', 'Age', 'Middle Age', 'Place Of Origin', 'China (mainland)', 'Model Number', 'SS0037', 'Waistline', 'empire', 'Dresses Length', 'Mid-Calf', 'Decoration', 'Button', 'Silhouette', 'A-LINE', 'Pattern Type', 'Plaid', 'Style', 'Vintage', 'Material', 'POLYESTER,Elastane', 'Gender', 'Women', 'Origin', 'Mainland China', 'Brand Name', 'Sishion', 'Elasticity', 'Slight Strech', 'CN', 'Zhejiang', 'Fit Type', 'Loose']",https://www.aliexpress.us/item/3256806007290096.html?algo_pvid=a6281eec-e08a-49ee-9865-b639d70c1282&algo_exp_id=a6281eec-e08a-49ee-9865-b639d70c1282-21&pdp_ext_f=%7B%22order%22%3A%22475%22%2C%22eval%22%3A%221%22%2C%22fromPage%22%3A%22search%22%7D&pdp_npi=6%40dis%21USD%217.48%210.99%21%21%217.48%210.99%21%402103126e17729929022276577e5a2a%2112000036456025450%21sea%21US%210%21ABX%211%210%21n_tag%3A-29910%3Bd%3Ad1df2f05%3Bm03_new_user%3A-29895%3BpisId%3A5000000197847458&curPageLogUid=Uw7c58sEbeBa&utparam-url=scene%3Asearch%7Cquery_from%3A%7Cx_object_id%3A1005006193604848%7C_p_origin_prod%3A
ZOKI Vintage Gray Pleated Skirt Women Kawaii High Waist Mini Skirts Korean Fashion School Uniform Harajuku Streetwear Spring,$12.62 ,"https://ae-pic-a1.aliexpress-media.com/kf/S320c2f0544e644269c00e47524b1902bh.jpg_220x220q75.jpg_.avif,https://ae-pic-a1.aliexpress-media.com/kf/S89d7399c45db4dc2895b0ffd46ee0e36X.jpg_220x220q75.jpg_.avif,https://ae-pic-a1.aliexpress-media.com/kf/S8f0751e3572e4f89801462c9f04ff8f19.jpg_220x220q75.jpg_.avif,https://ae-pic-a1.aliexpress-media.com/kf/Sbf247aa22c3d4817bcbe230ddfdeaa6eV.jpg_220x220q75.jpg_.avif,https://ae-pic-a1.aliexpress-media.com/kf/Sc15273b796fd44b6975e03df0777a763d.jpg_220x220q75.jpg_.avif","['High-concerned chemical', 'None', 'Craft of Weaving', 'Tatting', 'Season', 'Spring/Summer', 'is_customized', 'No', 'Fabric Type', 'Nylon Cotton', 'Age', 'Junior', 'Place Of Origin', 'China (mainland)', 'Model Number', 'KB04061', 'Waistline', 'empire', 'Dresses Length', 'Above Knee , Mini', 'Decoration', 'None', 'Silhouette', 'Pleated', 'Pattern Type', 'Solid', 'Style', 'Casual', 'Material', 'POLYESTER', 'Gender', 'Women', 'Origin', 'Mainland China', 'Brand Name', 'ZOKI', 'Elasticity', 'Non Strech', 'CN', 'Guangdong', 'Fit Type', 'Regular Fit']",https://www.aliexpress.us/item/3256804865164428.html?algo_pvid=a6281eec-e08a-49ee-9865-b639d70c1282&algo_exp_id=a6281eec-e08a-49ee-9865-b639d70c1282-22&pdp_ext_f=%7B%22order%22%3A%22475%22%2C%22eval%22%3A%221%22%2C%22fromPage%22%3A%22search%22%7D&pdp_npi=6%40dis%21USD%2122.94%2112.62%21%21%21157.69%2186.73%21%402103126e17729929022276577e5a2a%2112000031459760844%21sea%21US%210%21ABX%211%210%21n_tag%3A-29910%3Bd%3Ad1df2f05%3Bm03_new_user%3A-29895&curPageLogUid=mpfYdAHySLLV&utparam-url=scene%3Asearch%7Cquery_from%3A%7Cx_object_id%3A1005005051479180%7C_p_origin_prod%3A
Japanese ruffles pleated skirt woman sweet high waist loose Ankle-length skirts women college style black patchwork A-line skirt,$4.16 ,"https://ae-pic-a1.aliexpress-media.com/kf/Scc517e1c06af4573ab7b1d4efa60017cp.jpg_220x220q75.jpg_.avif,https://ae-pic-a1.aliexpress-media.com/kf/S10fefbb3f3284a2c9d1decfa6c7e578aj.jpg_220x220q75.jpg_.avif,https://ae-pic-a1.aliexpress-media.com/kf/S4885c9d64f844b13a869e413df6cfdf5N.jpg_220x220q75.jpg_.avif,https://ae-pic-a1.aliexpress-media.com/kf/S63f70e7bb7854c4fbe4977a70a97c017Y.jpg_220x220q75.jpg_.avif,https://ae-pic-a1.aliexpress-media.com/kf/S93a9f9e8888c4cffa79a150fafbe45379.jpg_220x220q75.jpg_.avif","['High-concerned chemical', 'None', 'Craft of Weaving', 'Non-Woven', 'Season', 'All Season', 'is_customized', 'No', 'Fabric Type', 'Blended', 'Age', 'Junior', 'Place Of Origin', 'China (mainland)', 'Model Number', 'R5020', 'Waistline', 'empire', 'Dresses Length', 'Ankle-Length', 'Decoration', 'Ruffles', 'Silhouette', 'A-LINE', 'Pattern Type', 'Solid', 'Style', 'Preppy Style', 'Material', 'COTTON,POLYESTER', 'Gender', 'Women', 'Origin', 'Mainland China', 'Brand Name', 'BIYABY', 'Elasticity', 'Slight Strech', 'CN', 'Zhejiang', 'Fit Type', 'Loose', 'size', 'S/M/L/XL', 'color', 'black/white', 'gender', ""women/woman/female/femme/lady/mujer/women's/womens"", 'season', 'spring/summer/autumn', 'style', 'lolita/japan/Princess/sweet', 'occasion', 'holiday/club/street/cocktail', 'skirt type', 'A-line skirt/pleated skirt']",https://www.aliexpress.us/item/3256805157044025.html?algo_pvid=a6281eec-e08a-49ee-9865-b639d70c1282&algo_exp_id=a6281eec-e08a-49ee-9865-b639d70c1282-23&pdp_ext_f=%7B%22order%22%3A%22474%22%2C%22eval%22%3A%221%22%2C%22fromPage%22%3A%22search%22%7D&pdp_npi=6%40dis%21USD%2111.16%214.16%21%21%2176.67%2128.56%21%402103126e17729929022276577e5a2a%2112000032685293589%21sea%21US%210%21ABX%211%210%21n_tag%3A-29910%3Bd%3Ad1df2f05%3Bm03_new_user%3A-29895%3BpisId%3A5000000197847475&curPageLogUid=04inJgp1USI6&utparam-url=scene%3Asearch%7Cquery_from%3A%7Cx_object_id%3A1005005343358777%7C_p_origin_prod%3A
Women's Skirt Workplace Style High Elasticity Package Hip Skirt Casual Commuter Ladies Milk Silk Solid Color Half Bodycon Skirt,$0.99 ,"https://ae-pic-a1.aliexpress-media.com/kf/S77af7ee3ae534ede88927ef7b56f7425B.jpg_220x220q75.jpg_.avif,https://ae-pic-a1.aliexpress-media.com/kf/S60c1eaaf3e7a40589a388379a0ea4f3dF.jpg_220x220q75.jpg_.avif,https://ae-pic-a1.aliexpress-media.com/kf/S9d888e7d54dc48619c4d42491672464eN.jpg_220x220q75.jpg_.avif,https://ae-pic-a1.aliexpress-media.com/kf/S0078f4b055b14893857e99f5c7b92121K.jpg_220x220q75.jpg_.avif,https://ae-pic-a1.aliexpress-media.com/kf/Sfb8f8488fe534d51a5a7a7eeca7b2dfdx.jpg_220x220q75.jpg_.avif","['High-concerned chemical', 'None', 'Craft of Weaving', 'Knit', 'Season', 'Summer', 'Fabric Type', 'Blended', 'Age', 'Junior', 'Waistline', 'Natural', 'Dresses Length', 'Knee-Length', 'Decoration', 'None', 'Silhouette', 'Straight', 'Pattern Type', 'Solid', 'Style', 'Office Lady', 'Material', 'POLYESTER,Elastane', 'Gender', 'Women', 'Origin', 'Mainland China', 'Brand Name', 'T3', 'Elasticity', 'High Strecth', 'CN', 'Guangdong', 'Fit Type', 'Slim']",https://www.aliexpress.us/item/3256808640425506.html?algo_pvid=a6281eec-e08a-49ee-9865-b639d70c1282&algo_exp_id=a6281eec-e08a-49ee-9865-b639d70c1282-24&pdp_ext_f=%7B%22order%22%3A%22473%22%2C%22eval%22%3A%221%22%2C%22fromPage%22%3A%22search%22%7D&pdp_npi=6%40dis%21USD%2112.01%210.99%21%21%2182.52%216.76%21%402103126e17729929022276577e5a2a%2112000046842383030%21sea%21US%210%21ABX%211%210%21n_tag%3A-29910%3Bd%3Ad1df2f05%3Bm03_new_user%3A-29895%3BpisId%3A5000000197847475&curPageLogUid=pkQUOwqQkdEb&utparam-url=scene%3Asearch%7Cquery_from%3A%7Cx_object_id%3A1005008826740258%7C_p_origin_prod%3A
Women Spring Autumn Plaid Print Wrap Hips Skirts Fashion Ankle-Length Sexy Slim Pencil Skirts Preppy Style Girls Slit Midiskirt,$2.80 ,"https://ae-pic-a1.aliexpress-media.com/kf/S03a25e3d72a84fc29bd353ad2f3de96cY.jpg_220x220q75.jpg_.avif,https://ae-pic-a1.aliexpress-media.com/kf/S34cc37eb749146cdbcf43583743fb4e1v.jpg_220x220q75.jpg_.avif,https://ae-pic-a1.aliexpress-media.com/kf/Sfafcf751a506484db3facbca8fbe41abo.jpg_220x220q75.jpg_.avif,https://ae-pic-a1.aliexpress-media.com/kf/S45e5b3efec984f558e435737683887f96.jpg_220x220q75.jpg_.avif,https://ae-pic-a1.aliexpress-media.com/kf/Sf1375d98de0248098c95ec1962e7280b8.jpg_220x220q75.jpg_.avif","['High-concerned chemical', 'None', 'Release Date', 'Autumn 2024', 'Craft of Weaving', 'Tatting', 'Season', 'Autumn/Winter', 'is_customized', 'No', 'Fabric Type', 'Woolen', 'Age', 'Junior', 'Place Of Origin', 'China (mainland)', 'Model Number', 'plaid skirt', 'Waistline', 'empire', 'Dresses Length', 'Ankle-Length', 'Decoration', 'None', 'Silhouette', 'Pencil', 'Pattern Type', 'Plaid', 'Style', 'Vintage', 'Material', 'POLYESTER', 'Gender', 'Women', 'Origin', 'Mainland China', 'Elasticity', 'Slight Strech', 'CN', 'Guangdong', 'Fit Type', 'Slim']",https://www.aliexpress.us/item/3256807341567579.html?algo_pvid=a6281eec-e08a-49ee-9865-b639d70c1282&algo_exp_id=a6281eec-e08a-49ee-9865-b639d70c1282-26&pdp_ext_f=%7B%22order%22%3A%22471%22%2C%22eval%22%3A%221%22%2C%22fromPage%22%3A%22search%22%7D&pdp_npi=6%40dis%21USD%2120.01%212.80%21%21%21137.53%2119.28%21%402103126e17729929022276577e5a2a%2112000041165417549%21sea%21US%210%21ABX%211%210%21n_tag%3A-29910%3Bd%3Ad1df2f05%3Bm03_new_user%3A-29895%3BpisId%3A5000000197847475&curPageLogUid=ZvAoryCpfTrk&utparam-url=scene%3Asearch%7Cquery_from%3A%7Cx_object_id%3A1005007527882331%7C_p_origin_prod%3A
Women's Basic Versatile Stretchy Flared Casual Mini Skater Skirt Red Black Green Blue Short Skirt 3XL,$1.65 ,"https://ae-pic-a1.aliexpress-media.com/kf/S535b3ea950654f3f9410749b2932c564r.jpg_220x220q75.jpg_.avif,https://ae-pic-a1.aliexpress-media.com/kf/Sda44ff54eee048ada7a2e6390bae5d84w.jpg_220x220q75.jpg_.avif,https://ae-pic-a1.aliexpress-media.com/kf/S660a68ccbaa54eb6ad50b400651b16fem.jpg_220x220q75.jpg_.avif,https://ae-pic-a1.aliexpress-media.com/kf/S371c1cfd53f24aebbb5a84860c31d57ct.jpg_220x220q75.jpg_.avif,https://ae-pic-a1.aliexpress-media.com/kf/S616d91d160d846d4af41b6eb2f8caee1Z.jpg_220x220q75.jpg_.avif","['Season', 'Summer', 'Fabric Type', 'Blended', 'Age', 'Ages 18-35 Years Old', 'Waistline', 'Natural', 'Dresses Length', 'Above Knee , Mini', 'Decoration', 'None', 'Silhouette', 'A-LINE', 'Pattern Type', 'Solid', 'Style', 'Casual', 'Material', 'POLYESTER', 'Gender', 'Women', 'Origin', 'Mainland China', 'Brand Name', 'DakunhuiLC', 'Fit Type', 'LOOSE FIT']",https://www.aliexpress.us/item/3256804039131422.html?algo_pvid=a6281eec-e08a-49ee-9865-b639d70c1282&algo_exp_id=a6281eec-e08a-49ee-9865-b639d70c1282-28&pdp_ext_f=%7B%22order%22%3A%22467%22%2C%22eval%22%3A%221%22%2C%22fromPage%22%3A%22search%22%7D&pdp_npi=6%40dis%21USD%218.65%211.65%21%21%218.65%211.65%21%402103126e17729929022276577e5a2a%2112000028442058846%21sea%21US%210%21ABX%211%210%21n_tag%3A-29910%3Bd%3Ad1df2f05%3Bm03_new_user%3A-29895%3BpisId%3A5000000197847475&curPageLogUid=rBmdmADreWGo&utparam-url=scene%3Asearch%7Cquery_from%3A%7Cx_object_id%3A1005004225446174%7C_p_origin_prod%3A
Lolita Print Tops Bow Cake Blouse Y2K JK Lolita Japan Kawaii Girl Cute Sweet Lace T-shirt A-line Spliced Cake Skirt New Chic,$4.02 ,"https://ae-pic-a1.aliexpress-media.com/kf/S2d570a7088c94e8aa439a127fed1c56dv.jpg_220x220q75.jpg_.avif,https://ae-pic-a1.aliexpress-media.com/kf/S4c3e055af2a5486b8dd6f8be3aab2bdeG.jpg?has_lang=1&ver=2_220x220q75.jpg_.avif,https://ae-pic-a1.aliexpress-media.com/kf/S333d06bfc2ba40be957fda83e781e1efs.jpg?has_lang=1&ver=1_220x220q75.jpg_.avif,https://ae-pic-a1.aliexpress-media.com/kf/S0465c18a6bd4472a8b21b0bbe2c46646c.jpg_220x220q75.jpg_.avif,https://ae-pic-a1.aliexpress-media.com/kf/S64b4a4e217e447c495380a4c1ddf112a8.jpg_220x220q75.jpg_.avif","['High-concerned chemical', 'None', 'Release Date', 'Summer 2025', 'Craft of Weaving', 'Tatting', 'Season', 'Summer', 'is_customized', 'No', 'Fabric Type', 'Blended', 'Age', 'Middle Age', 'Place Of Origin', 'China (mainland)', 'Model Number', 'YY1768', 'Waistline', 'empire', 'Dresses Length', 'Above Knee , Mini', 'Decoration', 'None', 'Silhouette', 'A-LINE', 'Pattern Type', 'Solid', 'Style', 'Casual', 'Material', 'POLYESTER', 'Gender', 'Women', 'Origin', 'Mainland China', 'Brand Name', 'Miss Tough', 'Elasticity', 'Non Strech', 'CN', 'Guangdong', 'Fit Type', 'Regular Fit']",https://www.aliexpress.us/item/3256808847843548.html?algo_pvid=a6281eec-e08a-49ee-9865-b639d70c1282&algo_exp_id=a6281eec-e08a-49ee-9865-b639d70c1282-29&pdp_ext_f=%7B%22order%22%3A%22465%22%2C%22spu_best_type%22%3A%22price%22%2C%22eval%22%3A%221%22%2C%22fromPage%22%3A%22search%22%7D&pdp_npi=6%40dis%21USD%216.70%214.02%21%21%216.70%214.02%21%402103126e17729929022276577e5a2a%2112000048979205076%21sea%21US%210%21ABX%211%210%21n_tag%3A-29910%3Bd%3Ad1df2f05%3Bm03_new_user%3A-29895&curPageLogUid=oyTLaehqgrk1&utparam-url=scene%3Asearch%7Cquery_from%3A%7Cx_object_id%3A1005009034158300%7C_p_origin_prod%3A
Women New Asymmetrical Shirring Skirt High Waist Pleated Fashion Pencil Skirt Summer Solid Wrap Hip Sexy Slim Irregular Skirts,$5.37 ,"https://ae-pic-a1.aliexpress-media.com/kf/S8ff6c578f2714580a65edc1be47f29fbx.jpg_220x220q75.jpg_.avif,https://ae-pic-a1.aliexpress-media.com/kf/S25e9953adf9a47809e8ec0f48ea7c5680.jpg_220x220q75.jpg_.avif,https://ae-pic-a1.aliexpress-media.com/kf/S39f2353bd31040afa65b77f5e74389afB.jpg_220x220q75.jpg_.avif,https://ae-pic-a1.aliexpress-media.com/kf/Sddb6b984f9ce43fc9ea1d55c4573c8a01.jpg_220x220q75.jpg_.avif,https://ae-pic-a1.aliexpress-media.com/kf/S787b57d5d1984c589766787ce6a09f564.jpg_220x220q75.jpg_.avif","['Occasion', 'Party', 'Festival', ""Valentine's Day"", 'High-concerned chemical', 'None', 'Release Date', 'Autumn 2025', 'Craft of Weaving', 'Tatting', 'Season', 'Spring/Summer', 'is_customized', 'No', 'Fabric Type', '100% Polyester', 'Age', 'Middle Age', 'Place Of Origin', 'China (mainland)', 'Model Number', 'shirring skirt', 'Waistline', 'Natural', 'Dresses Length', 'Mid-Calf', 'Decoration', 'Shirring', 'Silhouette', 'Asymmetrical', 'Pattern Type', 'Solid', 'Style', 'Vintage', 'Material', 'POLYESTER', 'Gender', 'Women', 'Origin', 'Mainland China', 'Elasticity', 'High Strecth', 'CN', 'Guangdong', 'Fit Type', 'Slim']",https://www.aliexpress.us/item/3256806880379634.html?algo_pvid=a6281eec-e08a-49ee-9865-b639d70c1282&algo_exp_id=a6281eec-e08a-49ee-9865-b639d70c1282-30&pdp_ext_f=%7B%22order%22%3A%22464%22%2C%22eval%22%3A%221%22%2C%22fromPage%22%3A%22search%22%7D&pdp_npi=6%40dis%21USD%2116.57%215.37%21%21%21113.88%2136.88%21%402103126e17729929022276577e5a2a%2112000039294594988%21sea%21US%210%21ABX%211%210%21n_tag%3A-29910%3Bd%3Ad1df2f05%3Bm03_new_user%3A-29895%3BpisId%3A5000000201906197&curPageLogUid=JiRcDMkt7cuc&utparam-url=scene%3Asearch%7Cquery_from%3A%7Cx_object_id%3A1005007066694386%7C_p_origin_prod%3A
Y2K Spicy Girl Subculture Punk Girl Anti exposure Half length Skirt Harajuku Style Trend Pumpkin Short Skirt Cake Puff Skirt,$5.78 ,"https://ae-pic-a1.aliexpress-media.com/kf/S5d5bca70a8f243718b641d662d7738dbs.jpg_220x220q75.jpg_.avif,https://ae-pic-a1.aliexpress-media.com/kf/Sb2cfbce8c77c40be8932eab401434390S.jpg_220x220q75.jpg_.avif,https://ae-pic-a1.aliexpress-media.com/kf/S30c454b1a2e24d0e968efa15f707db51g.png_220x220.png_.avif,https://ae-pic-a1.aliexpress-media.com/kf/S2fc4d5654b8f41c7908996dd247e31eeP.jpg_220x220q75.jpg_.avif,https://ae-pic-a1.aliexpress-media.com/kf/Saca9627f4e79485fad0278f354717bf4O.jpg_220x220q75.jpg_.avif","['High-concerned chemical', 'None', 'Release Date', 'Summer 2025', 'Craft of Weaving', 'Non-Woven', 'Season', 'Spring/Summer', 'is_customized', 'No', 'Fabric Type', 'Broadcloth', 'Age', 'Junior', 'Place Of Origin', 'China (mainland)', 'Waistline', 'Natural', 'Dresses Length', 'Above Knee , Mini', 'Decoration', 'Folds', 'Silhouette', 'Ball Gown', 'Pattern Type', 'Solid', 'Style', 'Y2k', 'Material', 'POLYESTER,Elastane', 'Gender', 'Women', 'Origin', 'Mainland China', 'Brand Name', 'KERESLINA', 'Elasticity', 'Slight Strech', 'CN', 'Guangdong', 'Fit Type', 'Regular Fit']",https://www.aliexpress.us/item/3256809375820015.html?algo_pvid=a6281eec-e08a-49ee-9865-b639d70c1282&algo_exp_id=a6281eec-e08a-49ee-9865-b639d70c1282-31&pdp_ext_f=%7B%22order%22%3A%22462%22%2C%22eval%22%3A%221%22%2C%22fromPage%22%3A%22search%22%7D&pdp_npi=6%40dis%21USD%219.63%215.78%21%21%2166.19%2139.71%21%402103126e17729929022276577e5a2a%2112000049467940609%21sea%21US%210%21ABX%211%210%21n_tag%3A-29910%3Bd%3Ad1df2f05%3Bm03_new_user%3A-29895&curPageLogUid=637Rbo4d6UfH&utparam-url=scene%3Asearch%7Cquery_from%3A%7Cx_object_id%3A1005009562134767%7C_p_origin_prod%3A
Elegant Floral Women Tulle Skirts High Waist Korean Flocking Pleated Midi Skirts Mesh Summer Office Ladies Skirt New,$7.31 ,"https://ae-pic-a1.aliexpress-media.com/kf/S4e11fbb45b40464590fd14dc051fc499y.jpg_220x220q75.jpg_.avif,https://ae-pic-a1.aliexpress-media.com/kf/S5e7fef5b7c294a29a0af7fb6be815495g.jpg_220x220q75.jpg_.avif,https://ae-pic-a1.aliexpress-media.com/kf/S044ab25e6c9747a9be0f863be43f3facQ.jpg_220x220q75.jpg_.avif,https://ae-pic-a1.aliexpress-media.com/kf/Sa2e27ee23f9d44e986ff77d89502ccdcb.jpg_220x220q75.jpg_.avif,https://ae-pic-a1.aliexpress-media.com/kf/S950e266875a44914a7519893b4ca04b0o.jpg_220x220q75.jpg_.avif","['High-concerned chemical', 'None', 'Release Date', 'Spring 2024', 'Craft of Weaving', 'Tatting', 'Season', 'Summer', 'Fabric Type', 'Broadcloth', 'Age', 'Junior', 'Place Of Origin', 'China (mainland)', 'Model Number', 'FD03203', 'Waistline', 'empire', 'Dresses Length', 'Mid-Calf', 'Decoration', 'Tie flowers', 'Silhouette', 'A-LINE', 'Pattern Type', 'Solid', 'Style', 'Casual', 'Material', 'POLYESTER', 'Gender', 'Women', 'Origin', 'Mainland China', 'Brand Name', 'ZOKI', 'Elasticity', 'Medium Strecth', 'CN', 'Guangdong', 'Fit Type', 'Loose']",https://www.aliexpress.us/item/3256806739217794.html?algo_pvid=a6281eec-e08a-49ee-9865-b639d70c1282&algo_exp_id=a6281eec-e08a-49ee-9865-b639d70c1282-32&pdp_ext_f=%7B%22order%22%3A%22461%22%2C%22eval%22%3A%221%22%2C%22fromPage%22%3A%22search%22%7D&pdp_npi=6%40dis%21USD%2115.26%217.31%21%21%21104.86%2150.25%21%402103126e17729929022276577e5a2a%2112000038743401964%21sea%21US%210%21ABX%211%210%21n_tag%3A-29910%3Bd%3Ad1df2f05%3Bm03_new_user%3A-29895%3BpisId%3A5000000201897517&curPageLogUid=rLOcDdfEPbTz&utparam-url=scene%3Asearch%7Cquery_from%3A%7Cx_object_id%3A1005006925532546%7C_p_origin_prod%3A
AS AW25 trendy oversize Sports wear + Quick-drying pleat skirt cover knee set woman clothes,$27.00 ,"https://ae-pic-a1.aliexpress-media.com/kf/Sd153e29aef1d4f0dbddb36036f526c5az.jpg_220x220q75.jpg_.avif,https://ae-pic-a1.aliexpress-media.com/kf/Sd153e29aef1d4f0dbddb36036f526c5az.jpg_220x220q75.jpg_.avif,https://ae-pic-a1.aliexpress-media.com/kf/Sdfbe659bc47849cda2838b8c5b1884aek.jpg_220x220q75.jpg_.avif,https://ae-pic-a1.aliexpress-media.com/kf/Sb6b2b073710248c38fd637c295371d1fT.jpg?has_lang=1&ver=1_220x220q75.jpg_.avif,https://ae-pic-a1.aliexpress-media.com/kf/S21f543ca38ef4b9c8e46008b3b77affeT.jpg_220x220q75.jpg_.avif","['High-concerned chemical', 'None', 'Craft of Weaving', 'Tatting', 'Season', 'All Season', 'Fabric Type', 'Broadcloth', 'Age', 'Middle Age', 'Waistline', 'Natural', 'Dresses Length', 'Mid-Calf', 'Decoration', 'None', 'Silhouette', 'Pleated', 'Pattern Type', 'Solid', 'Style', 'Sporty', 'Material', 'COTTON,POLYESTER', 'Gender', 'Women', 'Origin', 'Mainland China', 'Elasticity', 'Slight Strech', 'CN', 'Guangdong', 'Fit Type', 'Loose']",https://www.aliexpress.us/item/3256809584893026.html?algo_pvid=a6281eec-e08a-49ee-9865-b639d70c1282&algo_exp_id=a6281eec-e08a-49ee-9865-b639d70c1282-33&pdp_ext_f=%7B%22order%22%3A%22460%22%2C%22eval%22%3A%221%22%2C%22fromPage%22%3A%22search%22%7D&pdp_npi=6%40dis%21USD%2174.00%2127.00%21%21%2174.00%2127.00%21%402103126e17729929022276577e5a2a%2112000050112107042%21sea%21US%210%21ABX%211%210%21n_tag%3A-29910%3Bd%3Ad1df2f05%3Bm03_new_user%3A-29895%3BpisId%3A5000000197847450&curPageLogUid=MorjFGI5CHQo&utparam-url=scene%3Asearch%7Cquery_from%3A%7Cx_object_id%3A1005009771207778%7C_p_origin_prod%3A
Harajuku Punk Gothic Black High Waist Black Skirts Women Sexy Patchwork Bandage Mini Female Streetwear Black Skirt,$1.20 ,"https://ae-pic-a1.aliexpress-media.com/kf/S1b6e7a7ab9fd4acba1ce19e2ffe0505b6.jpg_220x220q75.jpg_.avif,https://ae-pic-a1.aliexpress-media.com/kf/S1b6e7a7ab9fd4acba1ce19e2ffe0505b6.jpg_220x220q75.jpg_.avif,https://ae-pic-a1.aliexpress-media.com/kf/Sf372fb1dae994c368a3ba315ba955188v.jpg_220x220q75.jpg_.avif,https://ae-pic-a1.aliexpress-media.com/kf/S9d0b2e7bdf8b4b1db41270e5737fd2ecq.jpg?has_lang=1&ver=2_220x220q75.jpg_.avif,https://ae-pic-a1.aliexpress-media.com/kf/S2851b7f187474115a6cc5ef08934bda2Y.jpg?has_lang=1&ver=2_220x220q75.jpg_.avif","['Season', 'All Season', 'Fabric Type', 'TWILL', 'Age', 'Junior', 'Waistline', 'empire', 'Dresses Length', 'Above Knee , Mini', 'Decoration', 'Lace-Up', 'Silhouette', 'A-LINE', 'Pattern Type', 'Solid', 'Style', 'Punk Style', 'Material', 'POLYESTER', 'Gender', 'Women', 'Origin', 'Mainland China', 'Brand Name', 'CORLVON', 'Elasticity', 'Non Strech', 'CN', 'Hubei', 'Fit Type', 'Slim']",https://www.aliexpress.us/item/3256801664990439.html?algo_pvid=a6281eec-e08a-49ee-9865-b639d70c1282&algo_exp_id=a6281eec-e08a-49ee-9865-b639d70c1282-34&pdp_ext_f=%7B%22order%22%3A%22459%22%2C%22eval%22%3A%221%22%2C%22fromPage%22%3A%22search%22%7D&pdp_npi=6%40dis%21USD%2110.70%211.20%21%21%2110.70%211.20%21%402103126e17729929022276577e5a2a%2112000028817801553%21sea%21US%210%21ABX%211%210%21n_tag%3A-29910%3Bd%3Ad1df2f05%3Bm03_new_user%3A-29895%3BpisId%3A5000000197847458&curPageLogUid=4zq98L1TBQYQ&utparam-url=scene%3Asearch%7Cquery_from%3A%7Cx_object_id%3A1005001851305191%7C_p_origin_prod%3A
Pleated Skirts for Women American Style Vintage Clothing Summer Camouflage High Street Fit Students All-match Young Sexy Chic,$14.13 ,"https://ae-pic-a1.aliexpress-media.com/kf/Sbca440b024d84e098abe10c35b421d54O.jpg_220x220q75.jpg_.avif,https://ae-pic-a1.aliexpress-media.com/kf/Sda5e654024ba4f2db5653ecef634e829g.jpg_220x220q75.jpg_.avif,https://ae-pic-a1.aliexpress-media.com/kf/S01aa7d1747544690a348497a70b18a8eI.jpg_220x220q75.jpg_.avif,https://ae-pic-a1.aliexpress-media.com/kf/Sdfffce65e62f4d609bdac68cac882efaU.jpg_220x220q75.jpg_.avif,https://ae-pic-a1.aliexpress-media.com/kf/Sa4973655ea5d4030833927ba2d086384X.jpg_220x220q75.jpg_.avif","['Occasion', 'Party', 'Festival', 'Back to school season', 'High-concerned chemical', 'None', 'Release Date', 'Autumn 2025', 'Craft of Weaving', 'Tatting', 'Season', 'Summer', 'is_customized', 'No', 'Fabric Type', 'Broadcloth', 'Age', 'Junior', 'Place Of Origin', 'China (mainland)', 'Model Number', 'zwlj0095', 'Waistline', 'Dropped', 'Dresses Length', 'Above Knee , Mini', 'Decoration', 'Folds', 'Silhouette', 'A-LINE', 'Pattern Type', 'Camouflage', 'Style', 'Casual', 'Material', 'COTTON,POLYESTER', 'Gender', 'Women', 'Origin', 'Mainland China', 'Brand Name', 'Altayskiy', 'Elasticity', 'Slight Strech', 'CN', 'Guangdong', 'Fit Type', 'Regular Fit', 'Size', 'S M L XL 2XL 3XL 4XL', 'Style', 'European style', 'Season', 'summer', 'Color', 'camouflage', 'Condition', 'daily', 'Model number', 'women skirts', 'Departments name', 'adult', 'Feature 1', 'ins', 'Feature 2', 'new', 'Feature 3', 'fashion']",https://www.aliexpress.us/item/3256806823285959.html?algo_pvid=a6281eec-e08a-49ee-9865-b639d70c1282&algo_exp_id=a6281eec-e08a-49ee-9865-b639d70c1282-35&pdp_ext_f=%7B%22order%22%3A%22457%22%2C%22eval%22%3A%221%22%2C%22fromPage%22%3A%22search%22%7D&pdp_npi=6%40dis%21USD%2125.69%2114.13%21%21%2125.69%2114.13%21%402103126e17729929022276577e5a2a%2112000039047194614%21sea%21US%210%21ABX%211%210%21n_tag%3A-29910%3Bd%3Ad1df2f05%3Bm03_new_user%3A-29895&curPageLogUid=lBSEuF6IKfi3&utparam-url=scene%3Asearch%7Cquery_from%3A%7Cx_object_id%3A1005007009600711%7C_p_origin_prod%3A
Pleated Skirts for Women American Style Vintage Clothing Summer Camouflage High Street Fit Students All-match Young Sexy Chic,$14.13 ,"https://ae-pic-a1.aliexpress-media.com/kf/Sbca440b024d84e098abe10c35b421d54O.jpg_220x220q75.jpg_.avif,https://ae-pic-a1.aliexpress-media.com/kf/Sda5e654024ba4f2db5653ecef634e829g.jpg_220x220q75.jpg_.avif,https://ae-pic-a1.aliexpress-media.com/kf/S01aa7d1747544690a348497a70b18a8eI.jpg_220x220q75.jpg_.avif,https://ae-pic-a1.aliexpress-media.com/kf/Sdfffce65e62f4d609bdac68cac882efaU.jpg_220x220q75.jpg_.avif,https://ae-pic-a1.aliexpress-media.com/kf/Sa4973655ea5d4030833927ba2d086384X.jpg_220x220q75.jpg_.avif","['Occasion', 'Party', 'Festival', 'Back to school season', 'High-concerned chemical', 'None', 'Release Date', 'Autumn 2025', 'Craft of Weaving', 'Tatting', 'Season', 'Summer', 'is_customized', 'No', 'Fabric Type', 'Broadcloth', 'Age', 'Junior', 'Place Of Origin', 'China (mainland)', 'Model Number', 'zwlj0095', 'Waistline', 'Dropped', 'Dresses Length', 'Above Knee , Mini', 'Decoration', 'Folds', 'Silhouette', 'A-LINE', 'Pattern Type', 'Camouflage', 'Style', 'Casual', 'Material', 'COTTON,POLYESTER', 'Gender', 'Women', 'Origin', 'Mainland China', 'Brand Name', 'Altayskiy', 'Elasticity', 'Slight Strech', 'CN', 'Guangdong', 'Fit Type', 'Regular Fit', 'Size', 'S M L XL 2XL 3XL 4XL', 'Style', 'European style', 'Season', 'summer', 'Color', 'camouflage', 'Condition', 'daily', 'Model number', 'women skirts', 'Departments name', 'adult', 'Feature 1', 'ins', 'Feature 2', 'new', 'Feature 3', 'fashion']",https://www.aliexpress.us/item/3256806823285959.html?algo_pvid=a6281eec-e08a-49ee-9865-b639d70c1282&algo_exp_id=a6281eec-e08a-49ee-9865-b639d70c1282-35&pdp_ext_f=%7B%22order%22%3A%22457%22%2C%22eval%22%3A%221%22%2C%22fromPage%22%3A%22search%22%7D&pdp_npi=6%40dis%21USD%2125.69%2114.13%21%21%2125.69%2114.13%21%402103126e17729929022276577e5a2a%2112000039047194614%21sea%21US%210%21ABX%211%210%21n_tag%3A-29910%3Bd%3Ad1df2f05%3Bm03_new_user%3A-29895&curPageLogUid=lBSEuF6IKfi3&utparam-url=scene%3Asearch%7Cquery_from%3A%7Cx_object_id%3A1005007009600711%7C_p_origin_prod%3A
2024 Spring Summer New Arrivals High Waist Short Mini Pleated Skirt Streetwear Women Slim Fashion Korea Kawaii A Line Skirt,$14.78 ,"https://ae-pic-a1.aliexpress-media.com/kf/Sc501b7772df4429090887d6e69ac20d8H.jpg?has_lang=1&ver=3_220x220q75.jpg_.avif,https://ae-pic-a1.aliexpress-media.com/kf/S1283c40a07194abdb360cdce0f32703aZ.jpg?has_lang=1&ver=2_220x220q75.jpg_.avif,https://ae-pic-a1.aliexpress-media.com/kf/S943689bc53304fb8a825fcf8a284153cT.jpg?has_lang=1&ver=3_220x220q75.jpg_.avif,https://ae-pic-a1.aliexpress-media.com/kf/S2ab71c7e6dd94331b14678e7e7652f395.jpg?has_lang=1&ver=3_220x220q75.jpg_.avif,https://ae-pic-a1.aliexpress-media.com/kf/S5f0bed28057f47fbafbc482d54da3d4a9.jpg?has_lang=1&ver=3_220x220q75.jpg_.avif","['High-concerned chemical', 'None', 'Release Date', 'Summer 2024', 'Craft of Weaving', 'Tatting', 'Season', 'Spring/Summer', 'is_customized', 'No', 'Fabric Type', 'Broadcloth', 'Age', 'Junior', 'Place Of Origin', 'China (mainland)', 'Model Number', '888', 'Waistline', 'empire', 'Dresses Length', 'Above Knee , Mini', 'Decoration', 'Button', 'Silhouette', 'Pleated', 'Pattern Type', 'Solid', 'Style', 'Casual', 'Material', 'POLYESTER', 'Gender', 'Women', 'Origin', 'Mainland China', 'Brand Name', 'Namou Drane', 'Elasticity', 'Non Strech', 'CN', 'Guangdong', 'Fit Type', 'Slim', 'CN', 'Guangdong']",https://www.aliexpress.us/item/3256806751824897.html?algo_pvid=a6281eec-e08a-49ee-9865-b639d70c1282&algo_exp_id=a6281eec-e08a-49ee-9865-b639d70c1282-36&pdp_ext_f=%7B%22order%22%3A%22457%22%2C%22spu_best_type%22%3A%22price%22%2C%22eval%22%3A%221%22%2C%22fromPage%22%3A%22search%22%7D&pdp_npi=6%40dis%21USD%2129.56%2114.78%21%21%2129.56%2114.78%21%402103126e17729929022276577e5a2a%2112000038790045757%21sea%21US%210%21ABX%211%210%21n_tag%3A-29910%3Bd%3Ad1df2f05%3Bm03_new_user%3A-29895&curPageLogUid=0vvfvJwZDtFh&utparam-url=scene%3Asearch%7Cquery_from%3A%7Cx_object_id%3A1005006938139649%7C_p_origin_prod%3A
Casual Vintage Women Skirt Matching Chic Lady's White Skirt Sweet Girl's Cake Skirt Elastic Waist A-Line Mid Length Flare Skirt,$0.99 ,"https://ae-pic-a1.aliexpress-media.com/kf/S529bc1dd933146f28817488b66824a7bX.jpg_220x220q75.jpg_.avif,https://ae-pic-a1.aliexpress-media.com/kf/S56dd3ffd0f61432d98d69497d1711eb37.jpg_220x220q75.jpg_.avif,https://ae-pic-a1.aliexpress-media.com/kf/Sa9dd6aa849514c95863a61b63ab10039L.jpg_220x220q75.jpg_.avif,https://ae-pic-a1.aliexpress-media.com/kf/Sde4479d6a77c47049481007bc48eeb655.jpg_220x220q75.jpg_.avif,https://ae-pic-a1.aliexpress-media.com/kf/S8df691798e974e1b866238e2e5fe69c1y.jpg_220x220q75.jpg_.avif","['High-concerned chemical', 'None', 'Craft of Weaving', 'Tatting', 'Season', 'Spring/Summer', 'Fabric Type', 'Blended', 'Age', 'Middle Age', 'Place Of Origin', 'China (mainland)', 'Waistline', 'Natural', 'Dresses Length', 'Mid-Calf', 'Decoration', 'Ruffles', 'Silhouette', 'A-LINE', 'Pattern Type', 'Solid', 'Style', 'Casual', 'Material', 'POLYESTER', 'Gender', 'Women', 'Origin', 'Mainland China', 'Brand Name', 'SUYISODA', 'Elasticity', 'Slight Strech', 'CN', 'Guangdong', 'Fit Type', 'Loose']",https://www.aliexpress.us/item/3256808498498973.html?algo_pvid=a6281eec-e08a-49ee-9865-b639d70c1282&algo_exp_id=a6281eec-e08a-49ee-9865-b639d70c1282-37&pdp_ext_f=%7B%22order%22%3A%22455%22%2C%22eval%22%3A%221%22%2C%22fromPage%22%3A%22search%22%7D&pdp_npi=6%40dis%21USD%2115.30%210.99%21%21%21105.18%216.84%21%402103126e17729929022276577e5a2a%2112000046232568786%21sea%21US%210%21ABX%211%210%21n_tag%3A-29910%3Bd%3Ad1df2f05%3Bm03_new_user%3A-29895%3BpisId%3A5000000197847475&curPageLogUid=vDMcPDFoupuF&utparam-url=scene%3Asearch%7Cquery_from%3A%7Cx_object_id%3A1005008684813725%7C_p_origin_prod%3A
Japanese Skirts for Women High Waist A-line Ruffles Jupe Fashion Summer Saia 2025 Faldas Mujer De Moda Sweet Y2k Mini Skirt,$24.20 ,"https://ae-pic-a1.aliexpress-media.com/kf/S4eb9107ef8e54d5399e178c86587dc9ek.jpg?has_lang=1&ver=2_220x220q75.jpg_.avif,https://ae-pic-a1.aliexpress-media.com/kf/S28622cb789c54a0688e914722d54f9b6p.jpg?has_lang=1&ver=2_220x220q75.jpg_.avif,https://ae-pic-a1.aliexpress-media.com/kf/S0170ca7f7f7c41d187add1001d3da1ffo.jpg?has_lang=1&ver=2_220x220q75.jpg_.avif,https://ae-pic-a1.aliexpress-media.com/kf/S7d461b29b5a64d7c8ac3967c2b01443en.jpg?has_lang=1&ver=2_220x220q75.jpg_.avif,https://ae-pic-a1.aliexpress-media.com/kf/S3515d71a9fbb4cc6ad85f613a558ecd9U.jpg?has_lang=1&ver=2_220x220q75.jpg_.avif","['High-concerned chemical', 'None', 'Craft of Weaving', 'Tatting', 'Season', 'Spring/Summer', 'is_customized', 'No', 'Fabric Type', 'Broadcloth', 'Age', 'Junior', 'Place Of Origin', 'China (mainland)', 'Model Number', '7o874', 'Waistline', 'empire', 'Dresses Length', 'Above Knee , Mini', 'Decoration', 'Ruffles', 'Silhouette', 'A-LINE', 'Pattern Type', 'Solid', 'Style', 'Casual', 'Material', 'COTTON,POLYESTER', 'Gender', 'Women', 'Origin', 'Mainland China', 'Brand Name', 'HIKIGAWA', 'Elasticity', 'Non Strech', 'CN', 'Anhui', 'Fit Type', 'Regular Fit']",https://www.aliexpress.us/item/3256807664649423.html?algo_pvid=a6281eec-e08a-49ee-9865-b639d70c1282&algo_exp_id=a6281eec-e08a-49ee-9865-b639d70c1282-38&pdp_ext_f=%7B%22order%22%3A%22454%22%2C%22eval%22%3A%221%22%2C%22fromPage%22%3A%22search%22%7D&pdp_npi=6%40dis%21USD%2138.42%2124.20%21%21%2138.42%2124.20%21%402103126e17729929022276577e5a2a%2112000042536161001%21sea%21US%210%21ABX%211%210%21n_tag%3A-29910%3Bd%3Ad1df2f05%3Bm03_new_user%3A-29895&curPageLogUid=05rPIAoANpmY&utparam-url=scene%3Asearch%7Cquery_from%3A%7Cx_object_id%3A1005007850964175%7C_p_origin_prod%3A
Acetic Satin Fishtail Skirt Woman Korean Fashion Elastic High Waist Skirts for Women Spring/summer 2025 New Slim Long Dresses,$16.08 ,"https://ae-pic-a1.aliexpress-media.com/kf/S09f1de32aa1d4001a2988ec788cb1bf1O.jpg_220x220q75.jpg_.avif,https://ae-pic-a1.aliexpress-media.com/kf/S09f1de32aa1d4001a2988ec788cb1bf1O.jpg_220x220q75.jpg_.avif,https://ae-pic-a1.aliexpress-media.com/kf/Sfdd2ffb62c3d498a9006a469c3a2453de.jpg_220x220q75.jpg_.avif,https://ae-pic-a1.aliexpress-media.com/kf/Sbd482615025c455ebb815de95c778bc1s.jpg_220x220q75.jpg_.avif,https://ae-pic-a1.aliexpress-media.com/kf/S73922c7208c147199fe77136c38d29195.jpg_220x220q75.jpg_.avif","['High-concerned chemical', 'None', 'Release Date', 'Spring 2024', 'Craft of Weaving', 'Other', 'Season', 'Spring/Summer', 'Fabric Type', 'Satin', 'Age', 'Junior', 'Place Of Origin', 'China (mainland)', 'Model Number', 'DSK3266', 'Waistline', 'Natural', 'Dresses Length', 'Ankle-Length', 'Decoration', 'None', 'Silhouette', 'Trumpet / Mermaid', 'Pattern Type', 'Solid', 'Style', 'Office Lady', 'Material', 'Acetate,POLYESTER', 'Gender', 'Women', 'Origin', 'Mainland China', 'Brand Name', 'shzxssfy', 'Elasticity', 'Slight Strech', 'CN', 'Shandong', 'Fit Type', 'Slim', 'pattern', 'Solid color', 'style', 'Commuting', 'Waist shape', 'High waisted', 'Skirt shape', 'Fishtail Skirt', 'Year and season', 'Spring 2024', 'Skirt length', 'Long skirt', 'Popular elements/processes', 'zipper', 'profile', 'Type a']",https://www.aliexpress.us/item/3256806469006692.html?algo_pvid=a6281eec-e08a-49ee-9865-b639d70c1282&algo_exp_id=a6281eec-e08a-49ee-9865-b639d70c1282-39&pdp_ext_f=%7B%22order%22%3A%22454%22%2C%22eval%22%3A%221%22%2C%22fromPage%22%3A%22search%22%7D&pdp_npi=6%40dis%21USD%2134.78%2116.08%21%21%2134.78%2116.08%21%402103126e17729929022276577e5a2a%2112000037935617288%21sea%21US%210%21ABX%211%210%21n_tag%3A-29910%3Bd%3Ad1df2f05%3Bm03_new_user%3A-29895%3BpisId%3A5000000197847450&curPageLogUid=9mvkq9921x7P&utparam-url=scene%3Asearch%7Cquery_from%3A%7Cx_object_id%3A1005006655321444%7C_p_origin_prod%3A
Streetwear Y2k Ruffles Mini Skirts Women Sweet Kawaii High Waist Lace A Line Skirt Summer Korean Fashion Black Ball Gown Skirts,$10.34 ,"https://ae-pic-a1.aliexpress-media.com/kf/S3a75652aeeae40a0afd554206e9232baN.jpg_220x220q75.jpg_.avif,https://ae-pic-a1.aliexpress-media.com/kf/S889c53ddd30e4c9cad212956af354814W.jpg_220x220q75.jpg_.avif,https://ae-pic-a1.aliexpress-media.com/kf/S8e6a0ef52b984c0189af1160d7f96318T.jpg_220x220q75.jpg_.avif,https://ae-pic-a1.aliexpress-media.com/kf/S930b5caa445143b7bd06a3c84c89f925m.jpg_220x220q75.jpg_.avif,https://ae-pic-a1.aliexpress-media.com/kf/S9932c274104b4c3ab11c482779778f30X.jpg_220x220q75.jpg_.avif","['High-concerned chemical', 'None', 'Craft of Weaving', 'Tatting', 'Season', 'Spring/Summer', 'is_customized', 'No', 'Fabric Type', 'Broadcloth', 'Age', 'Junior', 'Place Of Origin', 'China (mainland)', 'Model Number', 'LC12271', 'Waistline', 'empire', 'Dresses Length', 'Above Knee , Mini', 'Decoration', 'Lace', 'Silhouette', 'A-LINE', 'Pattern Type', 'Solid', 'Style', 'Y2k', 'Material', 'POLYESTER', 'Gender', 'Women', 'Origin', 'Mainland China', 'Brand Name', 'MEXZT', 'Elasticity', 'High Strecth', 'CN', 'Guangdong', 'Fit Type', 'Slim']",https://www.aliexpress.us/item/3256806203287661.html?algo_pvid=a6281eec-e08a-49ee-9865-b639d70c1282&algo_exp_id=a6281eec-e08a-49ee-9865-b639d70c1282-40&pdp_ext_f=%7B%22order%22%3A%22453%22%2C%22spu_best_type%22%3A%22price%22%2C%22eval%22%3A%221%22%2C%22fromPage%22%3A%22search%22%7D&pdp_npi=6%40dis%21USD%2121.86%2110.34%21%21%21150.27%2171.07%21%402103126e17729929022276577e5a2a%2112000036993203282%21sea%21US%210%21ABX%211%210%21n_tag%3A-29910%3Bd%3Ad1df2f05%3Bm03_new_user%3A-29895%3BpisId%3A5000000201899506&curPageLogUid=fO4HXW8BTn0D&utparam-url=scene%3Asearch%7Cquery_from%3A%7Cx_object_id%3A1005006389602413%7C_p_origin_prod%3A
Women Sexy Sheer Lace Maxi Skirts Female Summer Boho See Through Bodycon Long Skirts for Party Club Streetwear Y2K Fairy Clothes,$0.99 ,"https://ae-pic-a1.aliexpress-media.com/kf/S1876243350984682b845648bd44eb456H.jpg_220x220q75.jpg_.avif,https://ae-pic-a1.aliexpress-media.com/kf/S1876243350984682b845648bd44eb456H.jpg_220x220q75.jpg_.avif,https://ae-pic-a1.aliexpress-media.com/kf/S55f23b598f1642c8abc2f7073e850718i.jpg_220x220q75.jpg_.avif,https://ae-pic-a1.aliexpress-media.com/kf/S3430c4dbaff04c77a84a0a88972cad3dM.jpg_220x220q75.jpg_.avif,https://ae-pic-a1.aliexpress-media.com/kf/S222ca3bff1a54aef9a0168244cd33415U.jpg_220x220q75.jpg_.avif","['High-concerned chemical', 'None', 'Release Date', 'Summer 2025', 'Craft of Weaving', 'Tatting', 'Season', 'Summer', 'is_customized', 'No', 'Fabric Type', 'Broadcloth', 'Age', 'Middle Age', 'Place Of Origin', 'China (mainland)', 'Waistline', 'empire', 'Dresses Length', 'Ankle-Length', 'Decoration', 'Ruffles', 'Silhouette', 'A-LINE', 'Pattern Type', 'Solid', 'Style', 'Sweet', 'Material', 'POLYESTER,Elastane', 'Gender', 'Women', 'Origin', 'Mainland China', 'Brand Name', 'FYBITBO', 'Elasticity', 'Slight Strech', 'CN', 'Guangdong', 'Fit Type', 'Regular Fit']",https://www.aliexpress.us/item/3256808469877660.html?algo_pvid=a6281eec-e08a-49ee-9865-b639d70c1282&algo_exp_id=a6281eec-e08a-49ee-9865-b639d70c1282-41&pdp_ext_f=%7B%22order%22%3A%22452%22%2C%22eval%22%3A%221%22%2C%22fromPage%22%3A%22search%22%7D&pdp_npi=6%40dis%21USD%217.62%210.99%21%21%2152.35%216.78%21%402103126e17729929022276577e5a2a%2112000046117887399%21sea%21US%210%21ABX%211%210%21n_tag%3A-29910%3Bd%3Ad1df2f05%3Bm03_new_user%3A-29895%3BpisId%3A5000000197847475&curPageLogUid=qS4Gg4xulOrU&utparam-url=scene%3Asearch%7Cquery_from%3A%7Cx_object_id%3A1005008656192412%7C_p_origin_prod%3A
Fashion Satin Party Long Skirt High Waist Solid Color Casual Basic Women Skirts Fishtail Skirt Chic Summer Woman Clothing 2025,$1.11 ,"https://ae-pic-a1.aliexpress-media.com/kf/Se735105746e54fe0be7439dbe9cc967bB.jpg_220x220q75.jpg_.avif,https://ae-pic-a1.aliexpress-media.com/kf/Se735105746e54fe0be7439dbe9cc967bB.jpg_220x220q75.jpg_.avif,https://ae-pic-a1.aliexpress-media.com/kf/Sb093db108fc941b3b437358628180836A.jpg_220x220q75.jpg_.avif,https://ae-pic-a1.aliexpress-media.com/kf/Sacc04a3b20c642c3b5be811b1b322184W.jpg_220x220q75.jpg_.avif,https://ae-pic-a1.aliexpress-media.com/kf/Sd453e7e66e3b46c6acfec2a695d38f79I.jpg_220x220q75.jpg_.avif","['High-concerned chemical', 'None', 'Release Date', 'Summer 2024', 'Craft of Weaving', 'Knit', 'Season', 'Spring/Summer', 'is_customized', 'Yes', 'Fabric Type', 'Satin', 'Age', 'Middle Age', 'Place Of Origin', 'China (mainland)', 'Model Number', 'DF-816', 'Waistline', 'empire', 'Dresses Length', 'Mid-Calf', 'Decoration', 'None', 'Silhouette', 'Trumpet / Mermaid', 'Pattern Type', 'Solid', 'Style', 'Casual', 'Material', 'COTTON,POLYESTER', 'Gender', 'Women', 'Origin', 'Mainland China', 'Brand Name', 'sungnam', 'Elasticity', 'Non Strech', 'CN', 'Zhejiang', 'Fit Type', 'Loose']",https://www.aliexpress.us/item/3256808357050382.html?algo_pvid=a6281eec-e08a-49ee-9865-b639d70c1282&algo_exp_id=a6281eec-e08a-49ee-9865-b639d70c1282-42&pdp_ext_f=%7B%22order%22%3A%22452%22%2C%22eval%22%3A%221%22%2C%22fromPage%22%3A%22search%22%7D&pdp_npi=6%40dis%21USD%2111.11%211.11%21%21%2111.11%211.11%21%402103126e17729929022276577e5a2a%2112000045639660920%21sea%21US%210%21ABX%211%210%21n_tag%3A-29910%3Bd%3Ad1df2f05%3Bm03_new_user%3A-29895%3BpisId%3A5000000197847450&curPageLogUid=F1xO2UYLQOOa&utparam-url=scene%3Asearch%7Cquery_from%3A%7Cx_object_id%3A1005008543365134%7C_p_origin_prod%3A
2024 New Korean Skirt Women Solid Color Versatile Mid-length Pleated Skirt Large Swing Type Skirt Female Long Skirts for Women,$16.25 ,"https://ae-pic-a1.aliexpress-media.com/kf/Sfeede88a90a14dc0b739a3f2b521f472Z.jpg_220x220q75.jpg_.avif,https://ae-pic-a1.aliexpress-media.com/kf/Se98cea53a686497aa9a26c5b5f513210s.jpg_220x220q75.jpg_.avif,https://ae-pic-a1.aliexpress-media.com/kf/S409bc7abf40f4806bd8db06b535e870dE.jpg_220x220q75.jpg_.avif,https://ae-pic-a1.aliexpress-media.com/kf/S7c64b09b76c14e928451e64d3a37845eH.jpg_220x220q75.jpg_.avif,https://ae-pic-a1.aliexpress-media.com/kf/S97f2728d85124f1ba4a059ac93f73e3fL.jpg_220x220q75.jpg_.avif","['Occasion', 'Formal Evening', 'Festival', ""Valentine's Day"", 'High-concerned chemical', 'None', 'Release Date', 'Spring 2025', 'Craft of Weaving', 'Knit', 'Season', 'All Season', 'is_customized', 'No', 'Fabric Type', 'Blended', 'Age', 'Middle Age', 'Place Of Origin', 'China (mainland)', 'Model Number', '45', 'Waistline', 'empire', 'Dresses Length', 'Mid-Calf', 'Decoration', 'None', 'Silhouette', 'A-LINE', 'Pattern Type', 'Solid', 'Style', 'Casual', 'Material', 'POLYESTER,COTTON', 'Gender', 'Women', 'Origin', 'Mainland China', 'Brand Name', 'NoEnName_Null', 'Elasticity', 'Slight Strech', 'CN', 'Guangdong', 'Fit Type', 'Loose']",https://www.aliexpress.us/item/3256806011752294.html?algo_pvid=a6281eec-e08a-49ee-9865-b639d70c1282&algo_exp_id=a6281eec-e08a-49ee-9865-b639d70c1282-43&pdp_ext_f=%7B%22order%22%3A%22450%22%2C%22eval%22%3A%221%22%2C%22fromPage%22%3A%22search%22%7D&pdp_npi=6%40dis%21USD%2138.10%2116.25%21%21%21261.88%21111.74%21%402103126e17729929022276577e5a2a%2112000036232362880%21sea%21US%210%21ABX%211%210%21n_tag%3A-29910%3Bd%3Ad1df2f05%3Bm03_new_user%3A-29895%3BpisId%3A5000000201908393&curPageLogUid=NqQdO1AnBtHu&utparam-url=scene%3Asearch%7Cquery_from%3A%7Cx_object_id%3A1005006198067046%7C_p_origin_prod%3A
Transparent Sexy Lace Mesh Skirt Elastic High Waist Black White Tulle Mini Skirts Womens Skirt Korean Fashion Women's Skirt 2025,$0.99 ,"https://ae-pic-a1.aliexpress-media.com/kf/S8d3a675db4ef46ce93067eb121aa5c2dY.jpg_220x220q75.jpg_.avif,https://ae-pic-a1.aliexpress-media.com/kf/S8d3a675db4ef46ce93067eb121aa5c2dY.jpg_220x220q75.jpg_.avif,https://ae-pic-a1.aliexpress-media.com/kf/Sb2c0afba9d2940faa7aff0062c32fd8dP.jpg_220x220q75.jpg_.avif,https://ae-pic-a1.aliexpress-media.com/kf/S98e4c33fe89f4211adcefb750d3c5a021.jpg_220x220q75.jpg_.avif,https://ae-pic-a1.aliexpress-media.com/kf/S621eb1771aae498fa465b75f41a49aadE.jpg_220x220q75.jpg_.avif","['High-concerned chemical', 'None', 'Release Date', 'Summer 2025', 'Craft of Weaving', 'Knit', 'Season', 'All Season', 'is_customized', 'No', 'Fabric Type', 'Mesh', 'Age', 'Junior', 'Place Of Origin', 'China (mainland)', 'Waistline', 'empire', 'Dresses Length', 'Above Knee , Mini', 'Decoration', 'Hollow Out', 'Silhouette', 'A-LINE', 'Pattern Type', 'Floral', 'Style', 'Sexy & Club', 'Material', 'POLYESTER,Acrylic', 'Gender', 'Women', 'Origin', 'Mainland China', 'Elasticity', 'Slight Strech', 'CN', 'Guangdong', 'Fit Type', 'Loose', 'lace dress', 'lace dresses y2k', 'lace dresses woman', 'traf', 'cuteore', 'Skirt', 'ropa de mujer', 'Woman clothing', 'Woman clothes', ""Women's skirt"", 'ropa mujer', 'faldas para mujeres', 'Skirts for women', 'mini skirt']",https://www.aliexpress.us/item/3256808384382404.html?algo_pvid=a6281eec-e08a-49ee-9865-b639d70c1282&algo_exp_id=a6281eec-e08a-49ee-9865-b639d70c1282-44&pdp_ext_f=%7B%22order%22%3A%22447%22%2C%22eval%22%3A%221%22%2C%22fromPage%22%3A%22search%22%7D&pdp_npi=6%40dis%21USD%215.01%210.99%21%21%2134.42%216.79%21%402103126e17729929022276577e5a2a%2112000046142578547%21sea%21US%210%21ABX%211%210%21n_tag%3A-29910%3Bd%3Ad1df2f05%3Bm03_new_user%3A-29895%3BpisId%3A5000000197847475&curPageLogUid=LKoCStBAMr6W&utparam-url=scene%3Asearch%7Cquery_from%3A%7Cx_object_id%3A1005008570697156%7C_p_origin_prod%3A
BSAY Women Fashion 2024 Spring New Satin Texture Bow Decoration Vintage Chic Female High Waist H Line Long Skirts Mujer,$1.87 ,"https://ae-pic-a1.aliexpress-media.com/kf/S4a0db5a443ca436dad15c4592ba27dd5n.jpg_220x220q75.jpg_.avif,https://ae-pic-a1.aliexpress-media.com/kf/S66b2bef88d3d44f4bd3ff74f78a342faO.jpg_220x220q75.jpg_.avif,https://ae-pic-a1.aliexpress-media.com/kf/Sfa6d7518ac20404aa075fab033b3f39aK.jpg_220x220q75.jpg_.avif,https://ae-pic-a1.aliexpress-media.com/kf/S2ae3eef9a6dc47799620f569f6c43dff8.jpg_220x220q75.jpg_.avif,https://ae-pic-a1.aliexpress-media.com/kf/S39bdb999066f4e06913dd6752fcd8d04O.jpg_220x220q75.jpg_.avif","['High-concerned chemical', 'None', 'Craft of Weaving', 'Tatting', 'Season', 'Spring/Summer', 'is_customized', 'No', 'Fabric Type', 'Broadcloth', 'Age', 'Junior', 'Place Of Origin', 'China (mainland)', 'Waistline', 'empire', 'Dresses Length', 'Mid-Calf', 'Decoration', 'Folds', 'Silhouette', 'Pencil', 'Pattern Type', 'Solid', 'Style', 'Office Lady', 'Material', 'POLYESTER', 'Gender', 'Women', 'Origin', 'Mainland China', 'Brand Name', 'BSAY', 'Elasticity', 'Non Strech', 'CN', 'Guangdong', 'Fit Type', 'Regular Fit']",https://www.aliexpress.us/item/3256806224610387.html?algo_pvid=a6281eec-e08a-49ee-9865-b639d70c1282&algo_exp_id=a6281eec-e08a-49ee-9865-b639d70c1282-45&pdp_ext_f=%7B%22order%22%3A%22446%22%2C%22eval%22%3A%221%22%2C%22fromPage%22%3A%22search%22%7D&pdp_npi=6%40dis%21USD%2118.87%211.87%21%21%21129.71%2112.85%21%402103126e17729929022276577e5a2a%2112000037187262399%21sea%21US%210%21ABX%211%210%21n_tag%3A-29910%3Bd%3Ad1df2f05%3Bm03_new_user%3A-29895%3BpisId%3A5000000197847475&curPageLogUid=ZiCV7lJj22Ov&utparam-url=scene%3Asearch%7Cquery_from%3A%7Cx_object_id%3A1005006410925139%7C_p_origin_prod%3A
Casual Sport Shorts Skirts Running Shorts Women Summer Breathable Sweat Shorts Sexy High Waist Short Pant Outdoor Jogger Shorts,$0.99 ,"https://ae-pic-a1.aliexpress-media.com/kf/S4577b6fabb3446b0a274552440e6ff18M.jpg?has_lang=1&ver=1_220x220q75.jpg_.avif,https://ae-pic-a1.aliexpress-media.com/kf/S2f0e79ad660749fb936767a8531cb4faZ.jpg?has_lang=1&ver=1_220x220q75.jpg_.avif,https://ae-pic-a1.aliexpress-media.com/kf/S15a597bf2df34324a0453341017a4145e.jpg?has_lang=1&ver=1_220x220q75.jpg_.avif,https://ae-pic-a1.aliexpress-media.com/kf/S183f799c75834595860888587023aa65N.jpg?has_lang=1&ver=1_220x220q75.jpg_.avif,https://ae-pic-a1.aliexpress-media.com/kf/S96e2311ca58d4000bb29177d42fc085bp.jpg?has_lang=1&ver=1_220x220q75.jpg_.avif","['High-concerned chemical', 'None', 'Craft of Weaving', 'Knit', 'Season', 'Spring/Summer', 'Fabric Type', 'Broadcloth', 'Age', 'Middle Age', 'Waistline', 'Natural', 'Dresses Length', 'Above Knee , Mini', 'Decoration', 'None', 'Silhouette', 'A-LINE', 'Pattern Type', 'Solid', 'Style', 'Preppy Style', 'Material', 'POLYESTER', 'Gender', 'Women', 'Origin', 'Mainland China', 'Brand Name', 'Allukasa', 'Elasticity', 'Medium Strecth', 'CN', 'Guangdong', 'Fit Type', 'Slim']",https://www.aliexpress.us/item/3256808598339821.html?algo_pvid=a6281eec-e08a-49ee-9865-b639d70c1282&algo_exp_id=a6281eec-e08a-49ee-9865-b639d70c1282-46&pdp_ext_f=%7B%22order%22%3A%22445%22%2C%22eval%22%3A%221%22%2C%22fromPage%22%3A%22search%22%7D&pdp_npi=6%40dis%21USD%2112.96%210.99%21%21%2189.09%216.81%21%402103126e17729929022276577e5a2a%2112000046654451117%21sea%21US%210%21ABX%211%210%21n_tag%3A-29910%3Bd%3Ad1df2f05%3Bm03_new_user%3A-29895%3BpisId%3A5000000197847475&curPageLogUid=v1USCFfwFVLK&utparam-url=scene%3Asearch%7Cquery_from%3A%7Cx_object_id%3A1005008784654573%7C_p_origin_prod%3A
Lace Layered Skirt Vintage Y2K Boho Skirt Pants Fashion High Waist Asymmetrical A-line Skirt 2025 Korean Style Women's Clothing,$9.86 ,"https://ae-pic-a1.aliexpress-media.com/kf/Sb92795b16f3f43dfa0af28c09a45fc105.jpg_220x220q75.jpg_.avif,https://ae-pic-a1.aliexpress-media.com/kf/Sb92795b16f3f43dfa0af28c09a45fc105.jpg_220x220q75.jpg_.avif,https://ae-pic-a1.aliexpress-media.com/kf/S65482410656843efb3900b289007650a2.jpg_220x220q75.jpg_.avif,https://ae-pic-a1.aliexpress-media.com/kf/S78996af7754a4a8c97b2d82edb21f678E.jpg_220x220q75.jpg_.avif,https://ae-pic-a1.aliexpress-media.com/kf/S641325893ba043af826a053fc2e8e2d8L.jpg_220x220q75.jpg_.avif","['High-concerned chemical', 'None', 'Release Date', 'Autumn 2024', 'Craft of Weaving', 'Knit', 'Season', 'All Season', 'is_customized', 'No', 'Fabric Type', 'Blended', 'Age', 'Middle Age', 'Place Of Origin', 'China (mainland)', 'Waistline', 'empire', 'Dresses Length', 'Ankle-Length', 'Decoration', 'Lace', 'Silhouette', 'Asymmetrical', 'Pattern Type', 'Solid', 'Style', 'Office Lady', 'Material', 'Nylon,POLYESTER,Viscose', 'Gender', 'Women', 'Origin', 'Mainland China', 'Brand Name', 'EOENKKY', 'Elasticity', 'Slight Strech', 'CN', 'Guangdong', 'Fit Type', 'Slim', 'Skirt', 'Skirt', 'Long skirt', 'Long skirt', 'Skirt pants', 'Skirt pants', 'Layered skirt', 'Layered skirt', 'Korean reviews clothes', 'Korean reviews clothes', 'Japanese vintage clothes', 'Japanese vintage clothes', 'Clothes', 'Clothes', ""Korean style women's clothing"", ""Korean style women's clothing"", 'korean reviews many girls clothes', 'korean reviews many girls clothes', 'Korean dongdaemun high quality clothing', 'Korean dongdaemun high quality clothing']",https://www.aliexpress.us/item/3256808348616952.html?algo_pvid=a6281eec-e08a-49ee-9865-b639d70c1282&algo_exp_id=a6281eec-e08a-49ee-9865-b639d70c1282-47&pdp_ext_f=%7B%22order%22%3A%22444%22%2C%22eval%22%3A%221%22%2C%22fromPage%22%3A%22search%22%7D&pdp_npi=6%40dis%21USD%2128.37%219.86%21%21%21194.99%2167.76%21%402103126e17729929022276577e5a2a%2112000045602795401%21sea%21US%210%21ABX%211%210%21n_tag%3A-29910%3Bd%3Ad1df2f05%3Bm03_new_user%3A-29895%3BpisId%3A5000000197847450&curPageLogUid=8lg4MhIQwnGI&utparam-url=scene%3Asearch%7Cquery_from%3A%7Cx_object_id%3A1005008534931704%7C_p_origin_prod%3A
Spring Summer Chiffon Women skirts Casual Floral Printed Woman Long skirts Elastic Waist Female Loose extended Skirt,$0.99 ,"https://ae-pic-a1.aliexpress-media.com/kf/S2e8aedc7d5554e7b947e133ce1d94910X.jpg_220x220q75.jpg_.avif,https://ae-pic-a1.aliexpress-media.com/kf/S94d902ee186c470586ef97367660a16cr.jpg_220x220q75.jpg_.avif,https://ae-pic-a1.aliexpress-media.com/kf/Sfef644b9571a48e5b1685b742deb808ao.jpg_220x220q75.jpg_.avif,https://ae-pic-a1.aliexpress-media.com/kf/S3b690113be5a491aa6538edcb4fd3760i.jpg_220x220q75.jpg_.avif,https://ae-pic-a1.aliexpress-media.com/kf/Sf8f12746e8f94c8394fece33a9204338i.jpg_220x220q75.jpg_.avif","['High-concerned chemical', 'None', 'Craft of Weaving', 'Tatting', 'Season', 'Spring/Summer', 'is_customized', 'Yes', 'Fabric Type', 'Chiffon', 'Age', 'Middle Age', 'Model Number', '609', 'Waistline', 'Natural', 'Dresses Length', 'Mid-Calf', 'Decoration', 'None', 'Silhouette', 'A-LINE', 'Pattern Type', 'Floral', 'Style', 'Casual', 'Material', 'POLYESTER', 'Gender', 'Women', 'Origin', 'Mainland China', 'Brand Name', 'XIBUSANA', 'Elasticity', 'Slight Strech', 'CN', 'Guangdong', 'Fit Type', 'Loose']",https://www.aliexpress.us/item/3256805674893638.html?algo_pvid=a6281eec-e08a-49ee-9865-b639d70c1282&algo_exp_id=a6281eec-e08a-49ee-9865-b639d70c1282-48&pdp_ext_f=%7B%22order%22%3A%22444%22%2C%22spu_best_type%22%3A%22price%22%2C%22eval%22%3A%221%22%2C%22fromPage%22%3A%22search%22%7D&pdp_npi=6%40dis%21USD%2111.52%210.99%21%21%2179.17%216.80%21%402103126e17729929022276577e5a2a%2112000034609910755%21sea%21US%210%21ABX%211%210%21n_tag%3A-29910%3Bd%3Ad1df2f05%3Bm03_new_user%3A-29895%3BpisId%3A5000000197847475&curPageLogUid=vogpRFdXUPE7&utparam-url=scene%3Asearch%7Cquery_from%3A%7Cx_object_id%3A1005005861208390%7C_p_origin_prod%3A
Goth Streetwear Gothic Skirt Women Harajuku Emo Alternative Grunge High Waist Bandage A-line Skirts Y2k E-girl Indie Clothes,$10.66 ,"https://ae-pic-a1.aliexpress-media.com/kf/S7a8ec0635cc243978afd59456186b304j.jpg_220x220q75.jpg_.avif,https://ae-pic-a1.aliexpress-media.com/kf/Se0ccc8bd1b244b93b307082a06d9410cR.jpg_220x220q75.jpg_.avif,https://ae-pic-a1.aliexpress-media.com/kf/S322c660659ca4c58902debaa9eeb7e2b0.jpg_220x220q75.jpg_.avif,https://ae-pic-a1.aliexpress-media.com/kf/S7635e2d760be49e8a6cd57e5f3beef11G.jpg_220x220q75.jpg_.avif,https://ae-pic-a1.aliexpress-media.com/kf/Sb372db6524914f46a1dab09b5eb4f6de7.jpg_220x220q75.jpg_.avif","['High-concerned chemical', 'None', 'Craft of Weaving', 'Tatting', 'Season', 'All Season', 'Fabric Type', 'Broadcloth', 'Age', 'Junior', 'Waistline', 'Natural', 'Dresses Length', 'Mid-Calf', 'Decoration', 'Rivet', 'Silhouette', 'A-LINE', 'Pattern Type', 'Solid', 'Style', 'gothic', 'Material', 'POLYESTER', 'Gender', 'Women', 'Origin', 'Mainland China', 'Brand Name', 'FICHOR', 'Elasticity', 'Non Strech', 'CN', 'Hubei', 'Fit Type', 'Regular Fit']",https://www.aliexpress.us/item/3256807933943075.html?algo_pvid=a6281eec-e08a-49ee-9865-b639d70c1282&algo_exp_id=a6281eec-e08a-49ee-9865-b639d70c1282-49&pdp_ext_f=%7B%22order%22%3A%22442%22%2C%22eval%22%3A%221%22%2C%22fromPage%22%3A%22search%22%7D&pdp_npi=6%40dis%21USD%2141.68%2110.66%21%21%21286.49%2173.30%21%402103126e17729929022276577e5a2a%2112000043872789102%21sea%21US%210%21ABX%211%210%21n_tag%3A-29910%3Bd%3Ad1df2f05%3Bm03_new_user%3A-29895%3BpisId%3A5000000197847450&curPageLogUid=p1jkx0qzO9Lb&utparam-url=scene%3Asearch%7Cquery_from%3A%7Cx_object_id%3A1005008120257827%7C_p_origin_prod%3A
Women White Skirt Puffy Feather High Waist Performance Stage Dancing Costumes Women Skirt Irregular Elastic A-Line Skirt,$16.80 ,"https://ae-pic-a1.aliexpress-media.com/kf/S77185abcb53b43fea321eb4179bc3f09U.jpg_220x220q75.jpg_.avif,https://ae-pic-a1.aliexpress-media.com/kf/S70bb068fa5354c479efb81649baa5b02b.jpg_220x220q75.jpg_.avif,https://ae-pic-a1.aliexpress-media.com/kf/Sc118b23ffb444b03806f8cdbeae6b902t.jpg_220x220q75.jpg_.avif,https://ae-pic-a1.aliexpress-media.com/kf/S8a047bc089c54e498e90b5df9d38dbc3u.jpg_220x220q75.jpg_.avif,https://ae-pic-a1.aliexpress-media.com/kf/S17ac19621e2545a5b72794c4b9262c8c5.jpg?has_lang=1&ver=2_220x220q75.jpg_.avif","['High-concerned chemical', 'None', 'Release Date', 'Spring 2025', 'Craft of Weaving', 'Tatting', 'Season', 'All Season', 'Fabric Type', 'Broadcloth', 'Age', 'Middle Age', 'Waistline', 'Dropped', 'Dresses Length', 'Above Knee , Mini', 'Decoration', 'Feathers', 'Silhouette', 'A-LINE', 'Pattern Type', 'Solid', 'Style', 'Vintage', 'Material', 'POLYESTER', 'Gender', 'Women', 'Origin', 'Mainland China', 'Brand Name', 'ZOMAXIUJEE', 'Elasticity', 'Medium Strecth', 'CN', 'Guangdong', 'Fit Type', 'Slim']",https://www.aliexpress.us/item/3256808658152956.html?algo_pvid=a6281eec-e08a-49ee-9865-b639d70c1282&algo_exp_id=a6281eec-e08a-49ee-9865-b639d70c1282-50&pdp_ext_f=%7B%22order%22%3A%22441%22%2C%22eval%22%3A%221%22%2C%22fromPage%22%3A%22search%22%7D&pdp_npi=6%40dis%21USD%2125.46%2116.80%21%21%21174.99%21115.49%21%402103126e17729929022276577e5a2a%2112000046918749554%21sea%21US%210%21ABX%211%210%21n_tag%3A-29910%3Bd%3Ad1df2f05%3Bm03_new_user%3A-29895&curPageLogUid=pZyDgr3IElFe&utparam-url=scene%3Asearch%7Cquery_from%3A%7Cx_object_id%3A1005008844467708%7C_p_origin_prod%3A
AltGoth Punk Gothic Red Plaid Skirt Women Vintage Y2k E-girl Emo Alt High Waist Cake Skirt Harajuku Fairycore Grunge Clubwear,$21.11 ,"https://ae-pic-a1.aliexpress-media.com/kf/Sa9ee2ffd1d414342b556f6db5747d01aD.jpg?has_lang=1&ver=1_220x220q75.jpg_.avif,https://ae-pic-a1.aliexpress-media.com/kf/Se5d7193a373846749bb3347c5983fe6fz.jpg_220x220q75.jpg_.avif,https://ae-pic-a1.aliexpress-media.com/kf/Se9edf13d99ce442fb4bcdc4469e7329dU.jpg_220x220q75.jpg_.avif,https://ae-pic-a1.aliexpress-media.com/kf/S01bdf3eae8b34db583344f12fd296b735.jpg_220x220q75.jpg_.avif,https://ae-pic-a1.aliexpress-media.com/kf/S3096c1d7cb6942a09ac02008a984dfc5y.jpg_220x220q75.jpg_.avif","['High-concerned chemical', 'None', 'Craft of Weaving', 'Tatting', 'Season', 'Summer', 'Fabric Type', 'Broadcloth', 'Age', 'Junior', 'Place Of Origin', 'China (mainland)', 'Model Number', 'DF5245', 'Waistline', 'empire', 'Dresses Length', 'Above Knee , Mini', 'Decoration', 'Chain', 'Silhouette', 'A-LINE', 'Pattern Type', 'Plaid', 'Style', 'gothic', 'Material', 'COTTON,POLYESTER', 'Gender', 'Women', 'Origin', 'Mainland China', 'Elasticity', 'Slight Strech', 'CN', 'Guangdong', 'Fit Type', 'Regular Fit']",https://www.aliexpress.us/item/3256807605362518.html?algo_pvid=a6281eec-e08a-49ee-9865-b639d70c1282&algo_exp_id=a6281eec-e08a-49ee-9865-b639d70c1282-51&pdp_ext_f=%7B%22order%22%3A%22439%22%2C%22eval%22%3A%221%22%2C%22orig_sl_item_id%22%3A%221005007791677270%22%2C%22orig_item_id%22%3A%221005009477302381%22%2C%22fromPage%22%3A%22search%22%7D&pdp_npi=6%40dis%21USD%2144.92%2121.11%21%21%21308.74%21145.11%21%402103126e17729929022276577e5a2a%2112000042215834274%21sea%21US%210%21ABX%211%210%21n_tag%3A-29910%3Bd%3Ad1df2f05%3Bm03_new_user%3A-29895&curPageLogUid=ht12R0p5LDWx&utparam-url=scene%3Asearch%7Cquery_from%3A%7Cx_object_id%3A1005007791677270%7C_p_origin_prod%3A1005009477302381
2024 Autumn Korean Skirt Shorts Women High Waist Sexy Mini Skirt School Short Pleated Kawaii Japanese Pink Skirt Female Spring,$0.99 ,"https://ae-pic-a1.aliexpress-media.com/kf/S8054f7014845405c998c217e4da731a7p.jpg_220x220q75.jpg_.avif,https://ae-pic-a1.aliexpress-media.com/kf/Sdfed635969d5417d94db2152430a66a8S.jpg_220x220q75.jpg_.avif,https://ae-pic-a1.aliexpress-media.com/kf/S08ce8a68cd024466b5974e7b38d3552bT.jpg_220x220q75.jpg_.avif,https://ae-pic-a1.aliexpress-media.com/kf/Sd942644742c4440c8151c92c02032c60v.jpg_220x220q75.jpg_.avif,https://ae-pic-a1.aliexpress-media.com/kf/S1aca11561a1d42efbf4d50dd5c21643ba.jpg_220x220q75.jpg_.avif","['High-concerned chemical', 'None', 'Craft of Weaving', 'Tatting', 'Season', 'Spring/Summer', 'is_customized', 'Yes', 'Fabric Type', 'Broadcloth', 'Age', 'Middle Age', 'Place Of Origin', 'China (mainland)', 'Model Number', 'skirts', 'Waistline', 'empire', 'Dresses Length', 'Above Knee , Mini', 'Decoration', 'None', 'Silhouette', 'Pleated', 'Pattern Type', 'Solid', 'Style', 'Casual', 'Material', 'POLYESTER', 'Gender', 'Women', 'Origin', 'Mainland China', 'Brand Name', 'ULILICOO', 'Elasticity', 'Non Strech', 'CN', 'Zhejiang', 'Fit Type', 'Loose', 'CN', 'Zhejiang']",https://www.aliexpress.us/item/3256807131093038.html?algo_pvid=a6281eec-e08a-49ee-9865-b639d70c1282&algo_exp_id=a6281eec-e08a-49ee-9865-b639d70c1282-52&pdp_ext_f=%7B%22order%22%3A%22439%22%2C%22eval%22%3A%221%22%2C%22fromPage%22%3A%22search%22%7D&pdp_npi=6%40dis%21USD%216.91%210.99%21%21%2147.49%216.80%21%402103126e17729929022276577e5a2a%2112000040235710349%21sea%21US%210%21ABX%211%210%21n_tag%3A-29910%3Bd%3Ad1df2f05%3Bm03_new_user%3A-29895%3BpisId%3A5000000197847450&curPageLogUid=WzVu5syssC5W&utparam-url=scene%3Asearch%7Cquery_from%3A%7Cx_object_id%3A1005007317407790%7C_p_origin_prod%3A
"Guiz Low-Waist Elastic Hip-Hugging Skirt, Black Skirt, Versatile Mini Sexy Women's Short Skirt",$24.90 ,"https://ae-pic-a1.aliexpress-media.com/kf/S03ed8ce741ae40e489f1dc0c0c4f9a3bm.jpg_220x220q75.jpg_.avif,https://ae-pic-a1.aliexpress-media.com/kf/S03ed8ce741ae40e489f1dc0c0c4f9a3bm.jpg_220x220q75.jpg_.avif,https://ae-pic-a1.aliexpress-media.com/kf/Sa15daf068e984c08a6c895ba443d649aA.jpg_220x220q75.jpg_.avif,https://ae-pic-a1.aliexpress-media.com/kf/S604b597c80bc4c1297521ac31d775c07Q.jpg?has_lang=1&ver=2_220x220q75.jpg_.avif,https://ae-pic-a1.aliexpress-media.com/kf/S97749406384c4ed29ec45c160d5cc66c5.jpg_220x220q75.jpg_.avif","['High-concerned chemical', 'None', 'Release Date', 'Summer 2025', 'Craft of Weaving', 'Knit', 'Season', 'All Season', 'Fabric Type', 'Knitting', 'Age', 'Junior', 'Waistline', 'Dropped', 'Dresses Length', 'Above Knee , Mini', 'Decoration', 'None', 'Silhouette', 'A-LINE', 'Pattern Type', 'Solid', 'Style', 'Hotsweet', 'Material', 'Nylon,Elastane', 'Gender', 'Women', 'Origin', 'Mainland China', 'Elasticity', 'High Strecth', 'CN', 'Guangdong', 'Fit Type', 'Slim']",https://www.aliexpress.us/item/3256808722366066.html?algo_pvid=a6281eec-e08a-49ee-9865-b639d70c1282&algo_exp_id=a6281eec-e08a-49ee-9865-b639d70c1282-55&pdp_ext_f=%7B%22order%22%3A%22434%22%2C%22eval%22%3A%221%22%2C%22fromPage%22%3A%22search%22%7D&pdp_npi=6%40dis%21USD%2131.36%2127.89%21%21%21215.51%21191.69%21%402103126e17729929022276577e5a2a%2112000047179638542%21sea%21US%210%21ABX%211%210%21n_tag%3A-29910%3Bd%3Ad1df2f05%3Bm03_new_user%3A-29895%3BpisId%3A5000000201807428&curPageLogUid=HTm0SHgu9hka&utparam-url=scene%3Asearch%7Cquery_from%3A%7Cx_object_id%3A1005008908680818%7C_p_origin_prod%3A
2024 Women Vintage Solid Color JK Long Skirts Girls Elegant Comfortable Leisure Dress Female Sweet A Line Zipper Pleated Skirts,$10.94 ,"https://ae-pic-a1.aliexpress-media.com/kf/S9251e087d7d945718f8cb13943a089ec9.jpg_220x220q75.jpg_.avif,https://ae-pic-a1.aliexpress-media.com/kf/Sca625c54eb5c4ad6b879b1d25aa04885D.jpg_220x220q75.jpg_.avif,https://ae-pic-a1.aliexpress-media.com/kf/S63c7ac9be9204399844e3f7af9cc05d1p.jpg_220x220q75.jpg_.avif,https://ae-pic-a1.aliexpress-media.com/kf/Se74f4b2dee19412997a3fe22ce3da309h.jpg?has_lang=1&ver=1_220x220q75.jpg_.avif,https://ae-pic-a1.aliexpress-media.com/kf/S56010687315c4eb88caf08d271cb9e3dp.jpg_220x220q75.jpg_.avif","['High-concerned chemical', 'None', 'Release Date', 'Summer 2024', 'Craft of Weaving', 'Knit', 'Season', 'Summer', 'is_customized', 'Yes', 'Fabric Type', 'Blended', 'Age', 'Middle Age', 'Place Of Origin', 'China (mainland)', 'Model Number', 'q', 'Waistline', 'Natural', 'Dresses Length', 'Mid-Calf', 'Decoration', 'Zippers', 'Silhouette', 'Pleated', 'Pattern Type', 'Solid', 'Style', 'Preppy Style', 'Material', 'COTTON,POLYESTER', 'Gender', 'Women', 'Origin', 'Mainland China', 'Elasticity', 'Slight Strech', 'CN', 'Guangdong', 'Fit Type', 'Loose']",https://www.aliexpress.us/item/3256806897635704.html?algo_pvid=a6281eec-e08a-49ee-9865-b639d70c1282&algo_exp_id=a6281eec-e08a-49ee-9865-b639d70c1282-56&pdp_ext_f=%7B%22order%22%3A%22432%22%2C%22eval%22%3A%221%22%2C%22fromPage%22%3A%22search%22%7D&pdp_npi=6%40dis%21USD%2124.32%2110.94%21%21%21167.12%2175.18%21%402103126e17729929022276577e5a2a%2112000039344389253%21sea%21US%210%21ABX%211%210%21n_tag%3A-29910%3Bd%3Ad1df2f05%3Bm03_new_user%3A-29895%3BpisId%3A5000000201916175&curPageLogUid=cRSrwDtC6shD&utparam-url=scene%3Asearch%7Cquery_from%3A%7Cx_object_id%3A1005007083950456%7C_p_origin_prod%3A
AS AW25 classic high quality Satin skirt adjustable waist skirt all season woman clothing,$18.00 ,"https://ae-pic-a1.aliexpress-media.com/kf/S036c2a0fcd344b04946726d6fa533b49V.jpg_220x220q75.jpg_.avif,https://ae-pic-a1.aliexpress-media.com/kf/S632946d8646f43d5ae0eabed6b9398aad.jpg_220x220q75.jpg_.avif,https://ae-pic-a1.aliexpress-media.com/kf/S02f1c51a874949a581c5a921b24d8dadA.jpg?has_lang=1&ver=1_220x220q75.jpg_.avif,https://ae-pic-a1.aliexpress-media.com/kf/S3c1d2753d34c4c7f9ba393f3102ca2f7i.jpg_220x220q75.jpg_.avif,https://ae-pic-a1.aliexpress-media.com/kf/Sa4c619c6e73b4e2c900a4332f48e04f8m.jpg?has_lang=1&ver=1_220x220q75.jpg_.avif","['High-concerned chemical', 'None', 'Craft of Weaving', 'Tatting', 'Season', 'All Season', 'Fabric Type', 'Satin', 'Age', 'Middle Age', 'Waistline', 'Natural', 'Dresses Length', 'Ankle-Length', 'Decoration', 'None', 'Silhouette', 'A-LINE', 'Pattern Type', 'Solid', 'Style', 'Casual', 'Material', 'Satin', 'Gender', 'Women', 'Origin', 'Mainland China', 'Elasticity', 'Non Strech', 'CN', 'Guangdong', 'Fit Type', 'Regular Fit']",https://www.aliexpress.us/item/3256809627260051.html?algo_pvid=a6281eec-e08a-49ee-9865-b639d70c1282&algo_exp_id=a6281eec-e08a-49ee-9865-b639d70c1282-57&pdp_ext_f=%7B%22order%22%3A%22431%22%2C%22eval%22%3A%221%22%2C%22fromPage%22%3A%22search%22%7D&pdp_npi=6%40dis%21USD%2156.00%2118.00%21%21%2156.00%2118.00%21%402103126e17729929022276577e5a2a%2112000050256510083%21sea%21US%210%21ABX%211%210%21n_tag%3A-29910%3Bd%3Ad1df2f05%3Bm03_new_user%3A-29895%3BpisId%3A5000000197847450&curPageLogUid=Y5YRTZfdJSBg&utparam-url=scene%3Asearch%7Cquery_from%3A%7Cx_object_id%3A1005009813574803%7C_p_origin_prod%3A
Summer Women Sprints Tennis Dance Fitness Short Skirts Quick Drying Solid Female Lining High Waist Mini Skirts Shorts DF4987,$0.99 ,"https://ae-pic-a1.aliexpress-media.com/kf/S024fbc7bfe964f43a1b04b7f44cae5591.jpg_220x220q75.jpg_.avif,https://ae-pic-a1.aliexpress-media.com/kf/S1d3d08b506f0498e9e6ede81de810a45x.jpg_220x220q75.jpg_.avif,https://ae-pic-a1.aliexpress-media.com/kf/Scfb6f35bf48342a0a5752220fc423bf7g.jpg_220x220q75.jpg_.avif,https://ae-pic-a1.aliexpress-media.com/kf/S23c3a285d7e8446eb8c4e6c8e2655252T.jpg?has_lang=1&ver=2_220x220q75.jpg_.avif,https://ae-pic-a1.aliexpress-media.com/kf/Sf5b72ecc696d4b8dbe52441e6360841ey.jpg_220x220q75.jpg_.avif","['High-concerned chemical', 'None', 'Craft of Weaving', 'Tatting', 'Season', 'Summer', 'Fabric Type', 'Broadcloth', 'Age', 'Junior', 'Place Of Origin', 'China (mainland)', 'Model Number', 'DF4986', 'Waistline', 'empire', 'Dresses Length', 'Above Knee , Mini', 'Decoration', 'None', 'Silhouette', 'A-LINE', 'Pattern Type', 'Solid', 'Style', 'Sporty', 'Material', 'POLYESTER', 'Gender', 'Women', 'Origin', 'Mainland China', 'Elasticity', 'High Strecth', 'CN', 'Guangdong', 'Fit Type', 'Slim']",https://www.aliexpress.us/item/3256810078700710.html?algo_pvid=a6281eec-e08a-49ee-9865-b639d70c1282&algo_exp_id=a6281eec-e08a-49ee-9865-b639d70c1282-58&pdp_ext_f=%7B%22order%22%3A%22429%22%2C%22eval%22%3A%221%22%2C%22fromPage%22%3A%22search%22%7D&pdp_npi=6%40dis%21USD%2112.63%210.99%21%21%2186.79%216.82%21%402103126e17729929022276577e5a2a%2112000051713791251%21sea%21US%210%21ABX%211%210%21n_tag%3A-29910%3Bd%3Ad1df2f05%3Bm03_new_user%3A-29895%3BpisId%3A5000000197847475&curPageLogUid=98AhJzZFeraZ&utparam-url=scene%3Asearch%7Cquery_from%3A%7Cx_object_id%3A1005010265015462%7C_p_origin_prod%3A
Black Mini Skirts Vintage Clothes Kawaii Skirts Women Harajuku Cute Short Skirts For Woman Preppy Style Mirco Skirt Pleated Blue,$0.99 ,"https://ae-pic-a1.aliexpress-media.com/kf/S113d0bbb890442d7af51c94ac1950ed2D.jpg_220x220q75.jpg_.avif,https://ae-pic-a1.aliexpress-media.com/kf/Sececfa88a721415eb9e223eb4ee72fdcH.jpg_220x220q75.jpg_.avif,https://ae-pic-a1.aliexpress-media.com/kf/Sa9267380767a47e4b53a74d7f55c126bi.jpg_220x220q75.jpg_.avif,https://ae-pic-a1.aliexpress-media.com/kf/S33e3785fbc7444bcaaa17a755ae1865cE.jpg_220x220q75.jpg_.avif,https://ae-pic-a1.aliexpress-media.com/kf/Sed23d2880b0f45b49c1357d08da550f4z.jpg_220x220q75.jpg_.avif","['High-concerned chemical', 'None', 'Release Date', 'Summer 2024', 'Craft of Weaving', 'Tatting', 'Season', 'Spring/Summer', 'is_customized', 'No', 'Fabric Type', 'Blended', 'Age', 'Middle Age', 'Place Of Origin', 'China (mainland)', 'Model Number', 'KL5241G2', 'Waistline', 'Dropped', 'Dresses Length', 'Above Knee , Mini', 'Decoration', 'Bow', 'Silhouette', 'Pleated', 'Pattern Type', 'Striped', 'Style', 'Preppy Style', 'Material', 'POLYESTER', 'Gender', 'Women', 'Origin', 'Mainland China', 'Brand Name', 'BRUSCREST', 'Elasticity', 'Non Strech', 'CN', 'Zhejiang', 'Fit Type', 'Regular Fit']",https://www.aliexpress.us/item/3256807949028274.html?algo_pvid=a6281eec-e08a-49ee-9865-b639d70c1282&algo_exp_id=a6281eec-e08a-49ee-9865-b639d70c1282-59&pdp_ext_f=%7B%22order%22%3A%22429%22%2C%22eval%22%3A%221%22%2C%22fromPage%22%3A%22search%22%7D&pdp_npi=6%40dis%21USD%2110.25%210.99%21%21%2110.25%210.99%21%402103126e17729929022276577e5a2a%2112000043935551595%21sea%21US%210%21ABX%211%210%21n_tag%3A-29910%3Bd%3Ad1df2f05%3Bm03_new_user%3A-29895%3BpisId%3A5000000197847450&curPageLogUid=8hgLdtrhSUrP&utparam-url=scene%3Asearch%7Cquery_from%3A%7Cx_object_id%3A1005008135343026%7C_p_origin_prod%3A
Black Mini Skirts Vintage Clothes Kawaii Skirts Women Harajuku Cute Short Skirts For Woman Preppy Style Mirco Skirt Pleated Blue,$3.25 ,"https://ae-pic-a1.aliexpress-media.com/kf/S113d0bbb890442d7af51c94ac1950ed2D.jpg_220x220q75.jpg_.avif,https://ae-pic-a1.aliexpress-media.com/kf/Sececfa88a721415eb9e223eb4ee72fdcH.jpg_220x220q75.jpg_.avif,https://ae-pic-a1.aliexpress-media.com/kf/Sa9267380767a47e4b53a74d7f55c126bi.jpg_220x220q75.jpg_.avif,https://ae-pic-a1.aliexpress-media.com/kf/S33e3785fbc7444bcaaa17a755ae1865cE.jpg_220x220q75.jpg_.avif,https://ae-pic-a1.aliexpress-media.com/kf/Sed23d2880b0f45b49c1357d08da550f4z.jpg_220x220q75.jpg_.avif","['High-concerned chemical', 'None', 'Release Date', 'Summer 2024', 'Craft of Weaving', 'Tatting', 'Season', 'Spring/Summer', 'is_customized', 'No', 'Fabric Type', 'Blended', 'Age', 'Middle Age', 'Place Of Origin', 'China (mainland)', 'Model Number', 'KL5241G2', 'Waistline', 'Dropped', 'Dresses Length', 'Above Knee , Mini', 'Decoration', 'Bow', 'Silhouette', 'Pleated', 'Pattern Type', 'Striped', 'Style', 'Preppy Style', 'Material', 'POLYESTER', 'Gender', 'Women', 'Origin', 'Mainland China', 'Brand Name', 'BRUSCREST', 'Elasticity', 'Non Strech', 'CN', 'Zhejiang', 'Fit Type', 'Regular Fit']",https://www.aliexpress.us/item/3256807949028274.html?algo_pvid=81ef0434-09db-4828-8727-0b1da7ae43fa&algo_exp_id=81ef0434-09db-4828-8727-0b1da7ae43fa-32&pdp_ext_f=%7B%22order%22%3A%22429%22%2C%22eval%22%3A%221%22%2C%22fromPage%22%3A%22search%22%7D&pdp_npi=6%40dis%21USD%2110.25%210.99%21%21%2110.25%210.99%21%40210123bc17729975019712071eb70a%2112000043935551595%21sea%21US%210%21ABX%211%210%21n_tag%3A-29910%3Bd%3A36285acf%3Bm03_new_user%3A-29895%3BpisId%3A5000000197847450&curPageLogUid=94lTaaalqJJg&utparam-url=scene%3Asearch%7Cquery_from%3A%7Cx_object_id%3A1005008135343026%7C_p_origin_prod%3A
Solid Bodycon Ruched Long Skirt Women Sexy Black Elastic Elegant High Waist Mermaid Maxi Skirts Summer Streetwear,$2.28 ,"https://ae-pic-a1.aliexpress-media.com/kf/S23dfc802adc743feafa32de9dc1af951F.jpg_220x220q75.jpg_.avif,https://ae-pic-a1.aliexpress-media.com/kf/S8de70e08cd1e40b8aeed60bf3690c9f6M.jpg_220x220q75.jpg_.avif,https://ae-pic-a1.aliexpress-media.com/kf/Se485456b925c40d5abc4f0122e509ac4u.jpg_220x220q75.jpg_.avif,https://ae-pic-a1.aliexpress-media.com/kf/S8773e7f8e5a242b5a8e4e7645a1bf6ea8.jpg_220x220q75.jpg_.avif,https://ae-pic-a1.aliexpress-media.com/kf/S3a033e2f873f46e9a3ab2edbdf31098e0.jpg_220x220q75.jpg_.avif","['High-concerned chemical', 'None', 'Craft of Weaving', 'Knit', 'Season', 'Autumn/Winter', 'Fabric Type', 'Broadcloth', 'Age', 'Middle Age', 'Model Number', 'A1613', 'Waistline', 'empire', 'Dresses Length', 'Floor-Length', 'Decoration', 'None', 'Silhouette', 'Trumpet / Mermaid', 'Pattern Type', 'Solid', 'Style', 'High Street', 'Material', 'POLYESTER,Elastane', 'Gender', 'Women', 'Origin', 'Mainland China', 'Brand Name', 'phumee', 'Elasticity', 'Medium Strecth', 'CN', 'Guangdong', 'Fit Type', 'Slim']",https://www.aliexpress.us/item/3256805676560888.html?algo_pvid=81ef0434-09db-4828-8727-0b1da7ae43fa&algo_exp_id=81ef0434-09db-4828-8727-0b1da7ae43fa-1&pdp_ext_f=%7B%22order%22%3A%22417%22%2C%22eval%22%3A%221%22%2C%22fromPage%22%3A%22search%22%7D&pdp_npi=6%40dis%21USD%2118.56%212.28%21%21%21127.54%2115.66%21%40210123bc17729975019712071eb70a%2112000034615201695%21sea%21US%210%21ABX%211%210%21n_tag%3A-29910%3Bd%3A36285acf%3Bm03_new_user%3A-29895%3BpisId%3A5000000197847475&curPageLogUid=78bvMfIWeCOS&utparam-url=scene%3Asearch%7Cquery_from%3A%7Cx_object_id%3A1005005862875640%7C_p_origin_prod%3A
GIDYQ Korean Women Mesh Skirt Fashion Hook Flower Loose Midi Skirt Elegant Female Casual All Match Skirts Summer New,$0.99 ,"https://ae-pic-a1.aliexpress-media.com/kf/Sd8f4cf6dad7e40849103375606ecdeb6J.jpeg_220x220q75.jpeg_.avif,https://ae-pic-a1.aliexpress-media.com/kf/Sdd53645ae8c1464b9b75df529452be64N.jpeg_220x220q75.jpeg_.avif,https://ae-pic-a1.aliexpress-media.com/kf/S2aed111bdc874ad7ae59b43320804616d.jpeg_220x220q75.jpeg_.avif,https://ae-pic-a1.aliexpress-media.com/kf/Sa7d47ca95bd4483696fb85f876f9006a3.jpeg_220x220q75.jpeg_.avif,https://ae-pic-a1.aliexpress-media.com/kf/S23f41b30b49043008c138700b1a80eceX.jpg_220x220q75.jpg_.avif","['High-concerned chemical', 'None', 'Release Date', 'Spring 2024', 'Craft of Weaving', 'Non-Woven', 'Season', 'Summer', 'Fabric Type', 'Broadcloth', 'Age', 'Junior', 'Place Of Origin', 'China (mainland)', 'Model Number', 'FD03203', 'Waistline', 'empire', 'Dresses Length', 'Mid-Calf', 'Decoration', 'Tie flowers', 'Silhouette', 'A-LINE', 'Pattern Type', 'Solid', 'Style', 'Casual', 'Material', 'POLYESTER', 'Gender', 'Women', 'Origin', 'Mainland China', 'Elasticity', 'Medium Strecth', 'CN', 'Guangdong', 'Fit Type', 'Loose']",https://www.aliexpress.us/item/3256806537257502.html?algo_pvid=81ef0434-09db-4828-8727-0b1da7ae43fa&algo_exp_id=81ef0434-09db-4828-8727-0b1da7ae43fa-3&pdp_ext_f=%7B%22order%22%3A%22413%22%2C%22eval%22%3A%221%22%2C%22fromPage%22%3A%22search%22%7D&pdp_npi=6%40dis%21USD%2116.02%210.99%21%21%21110.07%216.80%21%40210123bc17729975019712071eb70a%2112000038095093117%21sea%21US%210%21ABX%211%210%21n_tag%3A-29910%3Bd%3A36285acf%3Bm03_new_user%3A-29895%3BpisId%3A5000000197847458&curPageLogUid=dyUlFryBDIpp&utparam-url=scene%3Asearch%7Cquery_from%3A%7Cx_object_id%3A1005006723572254%7C_p_origin_prod%3A
Tennis Skirt Women High Waist Sexy Girl Tight Bag Hip Short Skirt Summer Sports Culottes split A-line Mini skirt Y2K,$0.99 ,"https://ae-pic-a1.aliexpress-media.com/kf/S0b01f013f1fe4bf28fffabce5b494d8a5.jpg_220x220q75.jpg_.avif,https://ae-pic-a1.aliexpress-media.com/kf/S2eb826a69c744e76b3f1b18dd0c2981bu.jpg_220x220q75.jpg_.avif,https://ae-pic-a1.aliexpress-media.com/kf/S6535886dae094cbbb2ed92fb09c0058aG.jpg_220x220q75.jpg_.avif,https://ae-pic-a1.aliexpress-media.com/kf/S15ca9820bb4f484db00056e285d52201t.jpg_220x220q75.jpg_.avif,https://ae-pic-a1.aliexpress-media.com/kf/Sbda6c4707a5e495aa28707951af2e9b3a.jpg_220x220q75.jpg_.avif","['High-concerned chemical', 'None', 'Craft of Weaving', 'Knit', 'Season', 'All Season', 'Fabric Type', 'Broadcloth', 'Age', 'Junior', 'Waistline', 'empire', 'Dresses Length', 'Above Knee , Mini', 'Decoration', 'None', 'Silhouette', 'A-LINE', 'Pattern Type', 'Solid', 'Style', 'Sporty', 'Material', 'POLYESTER,Elastane', 'Gender', 'Women', 'Origin', 'Mainland China', 'Brand Name', 'JEYONGZOO', 'Elasticity', 'Medium Strecth', 'CN', 'Guangdong', 'Fit Type', 'Slim']",https://www.aliexpress.us/item/3256805715201647.html?algo_pvid=81ef0434-09db-4828-8727-0b1da7ae43fa&algo_exp_id=81ef0434-09db-4828-8727-0b1da7ae43fa-5&pdp_ext_f=%7B%22order%22%3A%22413%22%2C%22eval%22%3A%221%22%2C%22fromPage%22%3A%22search%22%7D&pdp_npi=6%40dis%21USD%2111.05%210.99%21%21%2175.94%216.83%21%40210123bc17729975019712071eb70a%2112000034776271678%21sea%21US%210%21ABX%211%210%21n_tag%3A-29910%3Bd%3A36285acf%3Bm03_new_user%3A-29895%3BpisId%3A5000000197847475&curPageLogUid=Xh7O9rCSXOIP&utparam-url=scene%3Asearch%7Cquery_from%3A%7Cx_object_id%3A1005005901516399%7C_p_origin_prod%3A
Hollow Out Embroidery Flower Lace Skirts Vintage Women Streetwear Irregular Fairy Faldas 2025 Grunge Button Skirt Y2k Aesthetic,$3.51 ,"https://ae-pic-a1.aliexpress-media.com/kf/S76ba2cfbc1244440baec92049fbc90d0p.jpg_220x220q75.jpg_.avif,https://ae-pic-a1.aliexpress-media.com/kf/S749628541c584815900ddddb1bd0ba1ey.jpg_220x220q75.jpg_.avif,https://ae-pic-a1.aliexpress-media.com/kf/S5af34db180924c15ba1a1dafab61f596q.jpg?has_lang=1&ver=2_220x220q75.jpg_.avif,https://ae-pic-a1.aliexpress-media.com/kf/Sb721aa9557c549d3bf40ad0f5a5b62dbt.jpg?has_lang=1&ver=2_220x220q75.jpg_.avif,https://ae-pic-a1.aliexpress-media.com/kf/S8634031816db44d9a6e45e61841daad5N.jpg_220x220q75.jpg_.avif","['High-concerned chemical', 'None', 'Craft of Weaving', 'Non-Woven', 'Season', 'All Season', 'Fabric Type', 'Lace', 'Age', 'Junior', 'Place Of Origin', 'China (mainland)', 'Model Number', '87EE4K18', 'Waistline', 'empire', 'Dresses Length', 'Above Knee , Mini', 'Decoration', 'Button', 'Silhouette', 'A-LINE', 'Pattern Type', 'Floral', 'Style', 'High Street', 'Material', 'POLYESTER', 'Gender', 'Women', 'Origin', 'Mainland China', 'Elasticity', 'Slight Strech', 'CN', 'Guangdong', 'Fit Type', 'Regular Fit']",https://www.aliexpress.us/item/3256809690075532.html?algo_pvid=81ef0434-09db-4828-8727-0b1da7ae43fa&algo_exp_id=81ef0434-09db-4828-8727-0b1da7ae43fa-7&pdp_ext_f=%7B%22order%22%3A%22412%22%2C%22spu_best_type%22%3A%22price%22%2C%22eval%22%3A%221%22%2C%22fromPage%22%3A%22search%22%7D&pdp_npi=6%40dis%21USD%213.54%213.51%21%21%2124.35%2124.11%21%40210123bc17729975019712071eb70a%2112000050450939143%21sea%21US%210%21ABX%211%210%21n_tag%3A-29910%3Bd%3A36285acf%3Bm03_new_user%3A-29895&curPageLogUid=xR4vXsFdWXtb&utparam-url=scene%3Asearch%7Cquery_from%3A%7Cx_object_id%3A1005009876390284%7C_p_origin_prod%3A
Women's Pencil Skirt High Waist Slim Skirts Print New Large Size Japan Cartoon Summer Young Girl Female Falda Sexy & Club,$6.07 ,"https://ae-pic-a1.aliexpress-media.com/kf/Hf1dce2abccfb41d3b3f50cadec19c6a3S.jpg_220x220q75.jpg_.avif,https://ae-pic-a1.aliexpress-media.com/kf/H8431e0201bfb416f8620baab10122705k.jpg?has_lang=1&ver=1_220x220q75.jpg_.avif,https://ae-pic-a1.aliexpress-media.com/kf/H1321a3154fe24b0fa8e67880e0788050R.jpg_220x220q75.jpg_.avif,https://ae-pic-a1.aliexpress-media.com/kf/Ha06873443e944d0bbf09ff3c66e643f2X.jpg_220x220q75.jpg_.avif,https://ae-pic-a1.aliexpress-media.com/kf/H1e725fbeea2e420aa45ebd934a78084dq.jpg_220x220q75.jpg_.avif","['High-concerned chemical', 'None', 'Craft of Weaving', 'Tatting', 'Season', 'Summer', 'Fabric Type', 'Blended', 'Age', 'Middle Age', 'Model Number', 'Q', 'Waistline', 'Natural', 'Dresses Length', 'Above Knee , Mini', 'Decoration', 'Appliques', 'Silhouette', 'A-LINE', 'Pattern Type', 'Cartoon', 'Style', 'Sexy & Club', 'Material', 'COTTON,POLYESTER', 'Gender', 'Women', 'Origin', 'Mainland China', 'Brand Name', 'Disney', 'Elasticity', 'Slight Strech', 'CN', 'Zhejiang', 'Fit Type', 'Slim']",https://www.aliexpress.us/item/3256802735574011.html?algo_pvid=81ef0434-09db-4828-8727-0b1da7ae43fa&algo_exp_id=81ef0434-09db-4828-8727-0b1da7ae43fa-58&pdp_ext_f=%7B%22order%22%3A%22412%22%2C%22eval%22%3A%221%22%2C%22fromPage%22%3A%22search%22%7D&pdp_npi=6%40dis%21USD%2113.07%213.07%21%21%2189.81%2121.08%21%40210123bc17729975019712071eb70a%2112000022811323414%21sea%21US%210%21ABX%211%210%21n_tag%3A-29910%3Bd%3A36285acf%3Bm03_new_user%3A-29895%3BpisId%3A5000000197847450&curPageLogUid=fZA7mxSLozyR&utparam-url=scene%3Asearch%7Cquery_from%3A%7Cx_object_id%3A1005002921888763%7C_p_origin_prod%3A
Tutu Skirt Women's 50s Skirt Retro Ballet Dance Skirt 3-Layer Tulle Ballet Rockabilly Petticoat Underskirt Dance Dress Cosplay,$4.53 ,"https://ae-pic-a1.aliexpress-media.com/kf/Sd7447c1940fd4d42af8721f14821089ee.jpg?has_lang=1&ver=2_220x220q75.jpg_.avif,https://ae-pic-a1.aliexpress-media.com/kf/Sfb971585b43e493689f7f54cf16d48d0b.jpg?has_lang=1&ver=2_220x220q75.jpg_.avif,https://ae-pic-a1.aliexpress-media.com/kf/S721d4136839a446c9b1a5359d98732b0p.jpg?has_lang=1&ver=2_220x220q75.jpg_.avif,https://ae-pic-a1.aliexpress-media.com/kf/S90e18f01b91e4db4b5c5b13868648b22N.jpg_220x220q75.jpg_.avif,https://ae-pic-a1.aliexpress-media.com/kf/S9690c5e19d374ad684246c9f593c895am.jpg_220x220q75.jpg_.avif","['High-concerned chemical', 'None', 'Craft of Weaving', 'Knit', 'Season', 'Summer', 'is_customized', 'No', 'Fabric Type', 'Lace', 'Age', 'Junior', 'Place Of Origin', 'China (mainland)', 'Model Number', 'WOMEN', 'Waistline', 'Natural', 'Dresses Length', 'Above Knee , Mini', 'Decoration', 'Lace', 'Silhouette', 'A-LINE', 'Pattern Type', 'Solid', 'Style', 'Lolita Style', 'Material', 'POLYESTER', 'Gender', 'Women', 'Origin', 'Mainland China', 'Elasticity', 'Slight Strech', 'CN', 'Zhejiang', 'Fit Type', 'Regular Fit']",https://www.aliexpress.us/item/3256808247917149.html?algo_pvid=81ef0434-09db-4828-8727-0b1da7ae43fa&algo_exp_id=81ef0434-09db-4828-8727-0b1da7ae43fa-8&pdp_ext_f=%7B%22order%22%3A%22411%22%2C%22eval%22%3A%221%22%2C%22fromPage%22%3A%22search%22%7D&pdp_npi=6%40dis%21USD%2111.53%214.53%21%21%2111.53%214.53%21%40210123bc17729975019712071eb70a%2112000045087128215%21sea%21US%210%21ABX%211%210%21n_tag%3A-29910%3Bd%3A36285acf%3Bm03_new_user%3A-29895%3BpisId%3A5000000197847475&curPageLogUid=wZCLocoP2Dz4&utparam-url=scene%3Asearch%7Cquery_from%3A%7Cx_object_id%3A1005008434231901%7C_p_origin_prod%3A
Elastic Waist Inner Lining Midi Skirt Women Solid Color Satin Half Slip Underskirt Long Underskirt for Ladies White/Black/Yellow,$0.99 ,"https://ae-pic-a1.aliexpress-media.com/kf/Sd003ac755703427caf9f1dc93c7bda6bM.jpg_220x220q75.jpg_.avif,https://ae-pic-a1.aliexpress-media.com/kf/Sbe4cd708017844adbd8f81c41b9459e6A.jpg_220x220q75.jpg_.avif,https://ae-pic-a1.aliexpress-media.com/kf/S1b9612693a604422a1400977975f6126f.jpg_220x220q75.jpg_.avif,https://ae-pic-a1.aliexpress-media.com/kf/S3d177c3a1d0d4cbe832da29477211153X.jpg_220x220q75.jpg_.avif,https://ae-pic-a1.aliexpress-media.com/kf/Sa8e629c861864250a5e50bc0f98f7902k.jpg?has_lang=1&ver=1_220x220q75.jpg_.avif","['High-concerned chemical', 'None', 'Release Date', 'Autumn 2024', 'Craft of Weaving', 'Non-Woven', 'Season', 'Summer', 'is_customized', 'No', 'Fabric Type', 'Satin', 'Age', 'Middle Age', 'Place Of Origin', 'China (mainland)', 'Model Number', 'Women Skirts', 'Waistline', 'empire', 'Dresses Length', 'Ankle-Length', 'Decoration', 'Lace', 'Silhouette', 'Straight', 'Pattern Type', 'Solid', 'Style', 'Casual', 'Material', 'COTTON,POLYESTER', 'Gender', 'Women', 'Origin', 'Mainland China', 'Brand Name', 'Lamuusaa', 'Elasticity', 'Non Strech', 'CN', 'Guangdong', 'Fit Type', 'Regular Fit']",https://www.aliexpress.us/item/3256807365835330.html?algo_pvid=81ef0434-09db-4828-8727-0b1da7ae43fa&algo_exp_id=81ef0434-09db-4828-8727-0b1da7ae43fa-9&pdp_ext_f=%7B%22order%22%3A%22411%22%2C%22spu_best_type%22%3A%22price%22%2C%22eval%22%3A%221%22%2C%22fromPage%22%3A%22search%22%7D&pdp_npi=6%40dis%21USD%217.99%210.99%21%21%2154.91%216.80%21%40210123bc17729975019712071eb70a%2112000041263256659%21sea%21US%210%21ABX%211%210%21n_tag%3A-29910%3Bd%3A36285acf%3Bm03_new_user%3A-29895%3BpisId%3A5000000197847475&curPageLogUid=lgZuDHLH7Bs7&utparam-url=scene%3Asearch%7Cquery_from%3A%7Cx_object_id%3A1005007552150082%7C_p_origin_prod%3A
Y2K New Gothic Cute Denim Skirt Womens Clothing Harajuku Vintage Slim Skirt Kawaii Light Blue Jean Low Waist Short Mini Skirt,$27.68 ,"https://ae-pic-a1.aliexpress-media.com/kf/Sbfcd8bc2e32547419524ad7d4eccc1f1o.jpg_220x220q75.jpg_.avif,https://ae-pic-a1.aliexpress-media.com/kf/S2e226f1da63c4fcb9baf296eb6f7bf31w.jpg_220x220q75.jpg_.avif,https://ae-pic-a1.aliexpress-media.com/kf/S2e226f1da63c4fcb9baf296eb6f7bf31w.jpg_220x220q75.jpg_.avif,https://ae-pic-a1.aliexpress-media.com/kf/S0096c571325b4f84882d00e6459f8e15C.jpg_220x220q75.jpg_.avif","['Occasion', 'Beach', 'High-concerned chemical', 'None', 'Craft of Weaving', 'Knit', 'Season', 'All Season', 'is_customized', 'No', 'Fabric Type', 'Denim', 'Age', 'Junior', 'Place Of Origin', 'China (mainland)', 'Waistline', 'Dropped', 'Dresses Length', 'Above Knee , Mini', 'Decoration', 'None', 'Silhouette', 'A-LINE', 'Pattern Type', 'Solid', 'Style', 'Y2k', 'Material', 'COTTON,POLYESTER', 'Gender', 'Women', 'Origin', 'Mainland China', 'Elasticity', 'Slight Strech', 'CN', 'Guangdong', 'Fit Type', 'Regular Fit']",https://www.aliexpress.us/item/3256809313243695.html?algo_pvid=81ef0434-09db-4828-8727-0b1da7ae43fa&algo_exp_id=81ef0434-09db-4828-8727-0b1da7ae43fa-10&pdp_ext_f=%7B%22order%22%3A%22410%22%2C%22eval%22%3A%221%22%2C%22fromPage%22%3A%22search%22%7D&pdp_npi=6%40dis%21USD%2155.36%2127.68%21%21%21380.48%21190.24%21%40210123bc17729975019712071eb70a%2112000049290431541%21sea%21US%210%21ABX%211%210%21n_tag%3A-29910%3Bd%3A36285acf%3Bm03_new_user%3A-29895&curPageLogUid=hnIoOPkwE3EQ&utparam-url=scene%3Asearch%7Cquery_from%3A%7Cx_object_id%3A1005009499558447%7C_p_origin_prod%3A
2025 Trendy Women Plaid Leather Patchwork Design Mini Skirts Y2k Streetwear Female Modern Punk Irregular Short Pleated Skirt,$26.45 ,"https://ae-pic-a1.aliexpress-media.com/kf/S560c07d3cec148f6a57159756efa74cdX.jpg_220x220q75.jpg_.avif,https://ae-pic-a1.aliexpress-media.com/kf/S2be391c7854f454ebe9787c3046ceef6t.jpg_220x220q75.jpg_.avif,https://ae-pic-a1.aliexpress-media.com/kf/S57d4baf214b549878f6b178e4af5f8b1s.jpg_220x220q75.jpg_.avif,https://ae-pic-a1.aliexpress-media.com/kf/S7498cb3dabeb4cc8926037bc387753d2A.jpg_220x220q75.jpg_.avif,https://ae-pic-a1.aliexpress-media.com/kf/S0336c949fa94490d83413f99e5cf71bef.jpg_220x220q75.jpg_.avif","['Occasion', 'Night Out', 'High-concerned chemical', 'None', 'Release Date', 'Winter 2024', 'Craft of Weaving', 'Tatting', 'Season', 'All Season', 'is_customized', 'No', 'Fabric Type', 'Blended', 'Age', 'Middle Age', 'Place Of Origin', 'China (mainland)', 'Model Number', 'RR1161', 'Waistline', 'Natural', 'Dresses Length', 'Above Knee , Mini', 'Decoration', 'None', 'Silhouette', 'A-LINE', 'Pattern Type', 'Patchwork', 'Style', 'Casual', 'Material', 'COTTON,Elastane', 'Gender', 'Women', 'Origin', 'Mainland China', 'Brand Name', 'JENYAGE', 'Elasticity', 'Non Strech', 'CN', 'Fujian', 'Fit Type', 'Slim', 'Packing', '1pc/Opp bag', 'Include', '1 Skirt']",https://www.aliexpress.us/item/3256808223310398.html?algo_pvid=81ef0434-09db-4828-8727-0b1da7ae43fa&algo_exp_id=81ef0434-09db-4828-8727-0b1da7ae43fa-11&pdp_ext_f=%7B%22order%22%3A%22410%22%2C%22eval%22%3A%221%22%2C%22fromPage%22%3A%22search%22%7D&pdp_npi=6%40dis%21USD%2126.99%2126.45%21%21%2126.99%2126.45%21%40210123bc17729975019712071eb70a%2112000044926688001%21sea%21US%210%21ABX%211%210%21n_tag%3A-29910%3Bd%3A36285acf%3Bm03_new_user%3A-29895&curPageLogUid=oSMZkD4FgsgX&utparam-url=scene%3Asearch%7Cquery_from%3A%7Cx_object_id%3A1005008409625150%7C_p_origin_prod%3A
YENKYE American Retro Pleated Mini Skirt Women Sexy Low Waist Summer Skirts Cool Girl Y2K saia,$20.82 ,"https://ae-pic-a1.aliexpress-media.com/kf/S12fe3ecdb8064559ba2051043c813d6ab.jpg_220x220q75.jpg_.avif,https://ae-pic-a1.aliexpress-media.com/kf/S0e5cbda4af16451e9d14af5a75455e5aM.jpg_220x220q75.jpg_.avif,https://ae-pic-a1.aliexpress-media.com/kf/Sb3a1f371c5ed4c29bafaa569a736f207N.jpg_220x220q75.jpg_.avif,https://ae-pic-a1.aliexpress-media.com/kf/S229c58a9bba84c02aeb8ba9f6c733d74Q.jpg_220x220q75.jpg_.avif,https://ae-pic-a1.aliexpress-media.com/kf/Sf0621315891d4a7aa0ac3df43a913cfaN.jpg_220x220q75.jpg_.avif","['High-concerned chemical', 'None', 'Release Date', 'Summer 2024', 'Craft of Weaving', 'Tatting', 'Season', 'Summer', 'is_customized', 'No', 'Fabric Type', 'Broadcloth', 'Age', 'Middle Age', 'Place Of Origin', 'China (mainland)', 'Model Number', 'mini skirt', 'Waistline', 'Dropped', 'Dresses Length', 'Above Knee , Mini', 'Decoration', 'Button', 'Silhouette', 'Pleated', 'Pattern Type', 'Solid', 'Style', 'American Retro', 'Material', 'POLYESTER,Elastane,Viscose', 'Gender', 'Women', 'Origin', 'Mainland China', 'Brand Name', 'yenkye', 'Elasticity', 'Non Strech', 'CN', 'Beijing', 'Fit Type', 'Regular Fit']",https://www.aliexpress.us/item/3256807232303882.html?algo_pvid=81ef0434-09db-4828-8727-0b1da7ae43fa&algo_exp_id=81ef0434-09db-4828-8727-0b1da7ae43fa-13&pdp_ext_f=%7B%22order%22%3A%22410%22%2C%22eval%22%3A%221%22%2C%22fromPage%22%3A%22search%22%7D&pdp_npi=6%40dis%21USD%2134.70%2120.82%21%21%2134.70%2120.82%21%40210123bc17729975019712071eb70a%2112000040670710696%21sea%21US%210%21ABX%211%210%21n_tag%3A-29910%3Bd%3A36285acf%3Bm03_new_user%3A-29895&curPageLogUid=5JrXEN0ZEhDl&utparam-url=scene%3Asearch%7Cquery_from%3A%7Cx_object_id%3A1005007418618634%7C_p_origin_prod%3A
Women Black skirt midi High waist korean style Pleated a line Vintage Clothing 2025 new Summer Casual Fashion Ladies Work Wear,$16.34 ,"https://ae-pic-a1.aliexpress-media.com/kf/S3c2bc05942924b5eaaaf0e4cddfaeb062.jpg_220x220q75.jpg_.avif,https://ae-pic-a1.aliexpress-media.com/kf/S881cdcbfacb64070a39eadbf99c20003w.jpg_220x220q75.jpg_.avif,https://ae-pic-a1.aliexpress-media.com/kf/S1f5f7b881f2b4b57be4eac5485b20f4cP.jpg_220x220q75.jpg_.avif,https://ae-pic-a1.aliexpress-media.com/kf/Sea34c74e585a45adb95453fa98ba67d3b.jpg_220x220q75.jpg_.avif,https://ae-pic-a1.aliexpress-media.com/kf/S449031a949d14d19870a87782470b75fS.jpg_220x220q75.jpg_.avif","['High-concerned chemical', 'None', 'Release Date', 'Summer 2025', 'Craft of Weaving', 'Tatting', 'Season', 'All Season', 'is_customized', 'No', 'Fabric Type', 'Broadcloth', 'Age', 'Middle Age', 'Place Of Origin', 'China (mainland)', 'Waistline', 'empire', 'Dresses Length', 'Mid-Calf', 'Decoration', 'Folds', 'Silhouette', 'A-LINE', 'Pattern Type', 'Solid', 'Style', 'Casual', 'Material', 'POLYESTER', 'Gender', 'Women', 'Origin', 'Mainland China', 'Brand Name', 'baldauren', 'Elasticity', 'Non Strech', 'CN', 'Guangdong', 'Fit Type', 'Loose']",https://www.aliexpress.us/item/3256805280791408.html?algo_pvid=81ef0434-09db-4828-8727-0b1da7ae43fa&algo_exp_id=81ef0434-09db-4828-8727-0b1da7ae43fa-12&pdp_ext_f=%7B%22order%22%3A%22409%22%2C%22eval%22%3A%221%22%2C%22fromPage%22%3A%22search%22%7D&pdp_npi=6%40dis%21USD%2132.67%2116.34%21%21%21224.51%21112.25%21%40210123bc17729975019712071eb70a%2112000035548940926%21sea%21US%210%21ABX%211%210%21n_tag%3A-29910%3Bd%3A36285acf%3Bm03_new_user%3A-29895&curPageLogUid=WGQPShLBSxZA&utparam-url=scene%3Asearch%7Cquery_from%3A%7Cx_object_id%3A1005005467106160%7C_p_origin_prod%3A
Casual Print Mini Skirts For Women 2024 Summer Fashion Women's High Waist Ruffle Short Skirts Female Y2K Pleated Skirts,$27.52 ,"https://ae-pic-a1.aliexpress-media.com/kf/S710b1e9b82474d489e8a44e9c0493c24j.jpg_220x220q75.jpg_.avif,https://ae-pic-a1.aliexpress-media.com/kf/S710b1e9b82474d489e8a44e9c0493c24j.jpg_220x220q75.jpg_.avif,https://ae-pic-a1.aliexpress-media.com/kf/Sa8874334849b4ae49fb54b9e8c2fbf70W.jpg_220x220q75.jpg_.avif,https://ae-pic-a1.aliexpress-media.com/kf/Sfc401f53100949ed9ab55dedf2215030d.jpg_220x220q75.jpg_.avif,https://ae-pic-a1.aliexpress-media.com/kf/S20a3ea7200294eeb8cd31b0748586f0c8.jpg_220x220q75.jpg_.avif","['High-concerned chemical', 'None', 'Release Date', 'Spring 2024', 'Craft of Weaving', 'Tatting', 'Season', 'Summer', 'is_customized', 'No', 'Fabric Type', 'Blended', 'Age', 'Middle Age', 'Place Of Origin', 'China (mainland)', 'Model Number', 'FA025', 'Waistline', 'empire', 'Dresses Length', 'Above Knee , Mini', 'Decoration', 'None', 'Silhouette', 'Ball Gown', 'Pattern Type', 'Floral', 'Style', 'Casual', 'Material', 'POLYESTER', 'Gender', 'Women', 'Origin', 'Mainland China', 'Brand Name', 'PXBX', 'Elasticity', 'Slight Strech', 'CN', 'Guangdong', 'Fit Type', 'Regular Fit']",https://www.aliexpress.us/item/3256807150286038.html?algo_pvid=81ef0434-09db-4828-8727-0b1da7ae43fa&algo_exp_id=81ef0434-09db-4828-8727-0b1da7ae43fa-2&pdp_ext_f=%7B%22order%22%3A%22408%22%2C%22eval%22%3A%221%22%2C%22fromPage%22%3A%22search%22%7D&pdp_npi=6%40dis%21USD%2127.52%2127.52%21%21%21189.12%21189.12%21%40210123bc17729975019712071eb70a%2112000040318425416%21sea%21US%210%21ABX%211%210%21n_tag%3A-29910%3Bd%3A36285acf%3Bm03_new_user%3A-29895&curPageLogUid=FMd0vGBFdkIm&utparam-url=scene%3Asearch%7Cquery_from%3A%7Cx_object_id%3A1005007336600790%7C_p_origin_prod%3A
Short skirt white lace cake skirt skirt skirt female summer high waist thin a line skirt princess puffy skirt,$2.28 ,"https://ae-pic-a1.aliexpress-media.com/kf/Se8a05aa4a69945ff84116920c8c91d39U.jpg_220x220q75.jpg_.avif,https://ae-pic-a1.aliexpress-media.com/kf/S96f0b857248f4bad9a675abe5e12fea8G.jpg_220x220q75.jpg_.avif,https://ae-pic-a1.aliexpress-media.com/kf/S27e340bb8a574aa39c38b5b235e496b1z.jpg_220x220q75.jpg_.avif,https://ae-pic-a1.aliexpress-media.com/kf/S0761c8a416a34068b8239cfa7e51e307S.jpg_220x220q75.jpg_.avif,https://ae-pic-a1.aliexpress-media.com/kf/Sec51017ca651423bb81ed38490c30da2i.jpg_220x220q75.jpg_.avif","['High-concerned chemical', 'None', 'Craft of Weaving', 'Tatting', 'Season', 'Summer', 'Fabric Type', 'Broadcloth', 'Age', 'Middle Age', 'Place Of Origin', 'China (mainland)', 'Model Number', 'DF5246', 'Waistline', 'Natural', 'Dresses Length', 'Above Knee , Mini', 'Decoration', 'Lace', 'Silhouette', 'Ball Gown', 'Pattern Type', 'Solid', 'Style', 'gothic', 'Material', 'POLYESTER', 'Gender', 'Women', 'Origin', 'Mainland China', 'Elasticity', 'Medium Strecth', 'CN', 'Guangdong', 'Fit Type', 'Regular Fit']",https://www.aliexpress.us/item/3256809545135763.html?algo_pvid=81ef0434-09db-4828-8727-0b1da7ae43fa&algo_exp_id=81ef0434-09db-4828-8727-0b1da7ae43fa-14&pdp_ext_f=%7B%22order%22%3A%22407%22%2C%22eval%22%3A%221%22%2C%22fromPage%22%3A%22search%22%7D&pdp_npi=6%40dis%21USD%2119.32%212.28%21%21%21132.75%2115.61%21%40210123bc17729975019712071eb70a%2112000049978064006%21sea%21US%210%21ABX%211%210%21n_tag%3A-29910%3Bd%3A36285acf%3Bm03_new_user%3A-29895%3BpisId%3A5000000197847475&curPageLogUid=jzugO4aY6xcb&utparam-url=scene%3Asearch%7Cquery_from%3A%7Cx_object_id%3A1005009731450515%7C_p_origin_prod%3A
Summer Women's Skirts Fashion Sexy Mini Elastic Pleated Sun Skirts For School Girl Uniform Korean Black High Waist Tennis Skirts,$0.99 ,"https://ae-pic-a1.aliexpress-media.com/kf/S93c6d6cf551e4231a4ddab09a7c12790j.jpg_220x220q75.jpg_.avif,https://ae-pic-a1.aliexpress-media.com/kf/Sd319df8ccf8049a5b4a0f4573c7a96cb3.jpg_220x220q75.jpg_.avif,https://ae-pic-a1.aliexpress-media.com/kf/Sf61f5fad8344408da117613449e04a222.jpg_220x220q75.jpg_.avif,https://ae-pic-a1.aliexpress-media.com/kf/Saac084a70baa4660b01ba95f9c00ede1g.jpg_220x220q75.jpg_.avif,https://ae-pic-a1.aliexpress-media.com/kf/S697d79fc86e94f1b849dbe02876f7c28J.jpg?has_lang=1&ver=2_220x220q75.jpg_.avif","['Festival', 'Carnivals', 'High-concerned chemical', 'None', 'Release Date', 'Autumn 2025', 'Craft of Weaving', 'Knit', 'Season', 'Spring/Summer', 'is_customized', 'Yes', 'Fabric Type', 'Woolen', 'Age', 'Junior', 'Place Of Origin', 'China (mainland)', 'Model Number', 'C000003', 'Waistline', 'empire', 'Dresses Length', 'Above Knee , Mini', 'Decoration', 'None', 'Silhouette', 'Pleated', 'Pattern Type', 'Solid', 'Style', 'Casual', 'Material', 'POLYESTER,Elastane', 'Gender', 'Women', 'Origin', 'Mainland China', 'Brand Name', 'JIAOYIFEN', 'Elasticity', 'Medium Strecth', 'CN', 'Zhejiang', 'Fit Type', 'Loose', 'Size', 'M L XL XXL 3XL']",https://www.aliexpress.us/item/3256805632070284.html?algo_pvid=81ef0434-09db-4828-8727-0b1da7ae43fa&algo_exp_id=81ef0434-09db-4828-8727-0b1da7ae43fa-15&pdp_ext_f=%7B%22order%22%3A%22407%22%2C%22eval%22%3A%221%22%2C%22fromPage%22%3A%22search%22%7D&pdp_npi=6%40dis%21USD%216.30%210.99%21%21%216.30%210.99%21%40210123bc17729975019712071eb70a%2112000034459233556%21sea%21US%210%21ABX%211%210%21n_tag%3A-29910%3Bd%3A36285acf%3Bm03_new_user%3A-29895%3BpisId%3A5000000197847475&curPageLogUid=k8XKSImGPLyQ&utparam-url=scene%3Asearch%7Cquery_from%3A%7Cx_object_id%3A1005005818385036%7C_p_origin_prod%3A
Willshela Women Fashion Solid Back Zipper A-Line Mini Skirt Vintage High Waist Female Chic Lady Skirts,$4.16 ,"https://ae-pic-a1.aliexpress-media.com/kf/S8a92fd785296467ca5456f60669a982eZ.jpg_220x220q75.jpg_.avif,https://ae-pic-a1.aliexpress-media.com/kf/Sd9453da3251c4dbc86b206e196e2cc91J.jpg_220x220q75.jpg_.avif,https://ae-pic-a1.aliexpress-media.com/kf/S270ff786c5e24f9597cad8d11dc4f21dl.jpg_220x220q75.jpg_.avif,https://ae-pic-a1.aliexpress-media.com/kf/Sbe14a6c582734078be66c0d06a6489e1Z.jpg_220x220q75.jpg_.avif,https://ae-pic-a1.aliexpress-media.com/kf/S3dd555ee8e884336a3fb458ebd1c0e5eD.jpg_220x220q75.jpg_.avif","['High-concerned chemical', 'None', 'Craft of Weaving', 'Tatting', 'Season', 'Autumn/Winter', 'Fabric Type', 'Woven', 'Age', 'Junior', 'Place Of Origin', 'China (mainland)', 'Model Number', '1369CT40', 'Waistline', 'Natural', 'Dresses Length', 'Above Knee , Mini', 'Decoration', 'None', 'Silhouette', 'A-LINE', 'Pattern Type', 'Solid', 'Style', 'Casual', 'Material', 'POLYESTER', 'Gender', 'Women', 'Origin', 'Mainland China', 'Brand Name', 'Willshela', 'Elasticity', 'Non Strech', 'CN', 'Jiangsu', 'Fit Type', 'Loose']",https://www.aliexpress.us/item/3256806512553655.html?algo_pvid=81ef0434-09db-4828-8727-0b1da7ae43fa&algo_exp_id=81ef0434-09db-4828-8727-0b1da7ae43fa-4&pdp_ext_f=%7B%22order%22%3A%22406%22%2C%22spu_best_type%22%3A%22price%22%2C%22eval%22%3A%221%22%2C%22fromPage%22%3A%22search%22%7D&pdp_npi=6%40dis%21USD%2122.31%211.16%21%21%21153.32%217.93%21%40210123bc17729975019712071eb70a%2112000038038978835%21sea%21US%210%21ABX%211%210%21n_tag%3A-29910%3Bd%3A36285acf%3Bm03_new_user%3A-29895%3BpisId%3A5000000197847450&curPageLogUid=stN5K1ji41wa&utparam-url=scene%3Asearch%7Cquery_from%3A%7Cx_object_id%3A1005006698868407%7C_p_origin_prod%3A
new 2020 Women Linen Cotton Long Skirts Elastic Waist Pleated Maxi Skirts Beach Boho Vintage Summer Skirts Faldas Saia,$11.50 ,"https://ae-pic-a1.aliexpress-media.com/kf/Scfeddfb9500d4e15b397bd586bbc89226.jpg_220x220q75.jpg_.avif,https://ae-pic-a1.aliexpress-media.com/kf/Se51820f2079446e89b4f00ee216f0484d.jpg_220x220q75.jpg_.avif,https://ae-pic-a1.aliexpress-media.com/kf/S340f658d76834b87bb37846c9a9a339ex.jpg_220x220q75.jpg_.avif,https://ae-pic-a1.aliexpress-media.com/kf/Sec72599d90d2424b8a9a5142a1ca3511r.jpg_220x220q75.jpg_.avif,https://ae-pic-a1.aliexpress-media.com/kf/Sb93c5636316d44e6b88650957e3b3bbeU.jpg_220x220q75.jpg_.avif","['High-concerned chemical', 'None', 'Craft of Weaving', 'Tatting', 'Season', 'All Season', 'Fabric Type', 'Broadcloth', 'Age', 'Middle Age', 'Place Of Origin', 'China (mainland)', 'Waistline', 'Natural', 'Dresses Length', 'Ankle-Length', 'Decoration', 'Shirring', 'Silhouette', 'Ball Gown', 'Pattern Type', 'Solid', 'Style', 'Casual', 'Material', 'COTTON,Linen', 'Gender', 'Women', 'Origin', 'Mainland China', 'Brand Name', 'longchengyixi', 'Elasticity', 'Slight Strech', 'CN', 'Jiangxi', 'Fit Type', 'Regular Fit']",https://www.aliexpress.us/item/3256805805912882.html?algo_pvid=81ef0434-09db-4828-8727-0b1da7ae43fa&algo_exp_id=81ef0434-09db-4828-8727-0b1da7ae43fa-17&pdp_ext_f=%7B%22order%22%3A%22406%22%2C%22eval%22%3A%221%22%2C%22fromPage%22%3A%22search%22%7D&pdp_npi=6%40dis%21USD%2116.43%2111.50%21%21%21112.94%2179.06%21%40210123bc17729975019712071eb70a%2112000035211976682%21sea%21US%210%21ABX%211%210%21n_tag%3A-29910%3Bd%3A36285acf%3Bm03_new_user%3A-29895&curPageLogUid=0gT8pdDUoS9Z&utparam-url=scene%3Asearch%7Cquery_from%3A%7Cx_object_id%3A1005005992227634%7C_p_origin_prod%3A
2025 new Skirts Women's Autumn Fashion British Youth Plaid Skirts Street Comfort Joker Students Travel Holiday Women's Skirt,$13.68 ,"https://ae-pic-a1.aliexpress-media.com/kf/S98ba4df5ca4640b7ab00eaef7da4211ef.jpg_220x220q75.jpg_.avif,https://ae-pic-a1.aliexpress-media.com/kf/S0db89efdd86f4a728e8fbac2c5eeda98l.jpg_220x220q75.jpg_.avif,https://ae-pic-a1.aliexpress-media.com/kf/S8720d352f8304adf90b0c9805a655916b.jpg_220x220q75.jpg_.avif,https://ae-pic-a1.aliexpress-media.com/kf/S96fa3636004248789b94de0b4d6b3e2cP.jpg_220x220q75.jpg_.avif,https://ae-pic-a1.aliexpress-media.com/kf/Sa2de061f3dbe4583a813f164fd894185B.jpg_220x220q75.jpg_.avif","['High-concerned chemical', 'None', 'Release Date', 'Autumn 2025', 'Craft of Weaving', 'Tatting', 'Season', 'Summer', 'is_customized', 'No', 'Fabric Type', 'Blended', 'Age', 'Middle Age', 'Waistline', 'Natural', 'Dresses Length', 'Ankle-Length', 'Decoration', 'None', 'Silhouette', 'A-LINE', 'Pattern Type', 'Plaid', 'Style', 'Casual', 'Material', 'POLYESTER', 'Gender', 'Women', 'Origin', 'Mainland China', 'Brand Name', 'SFSHB&ZA', 'Elasticity', 'Non Strech', 'CN', 'Jiangsu', 'Fit Type', 'Loose']",https://www.aliexpress.us/item/3256808954294060.html?algo_pvid=81ef0434-09db-4828-8727-0b1da7ae43fa&algo_exp_id=81ef0434-09db-4828-8727-0b1da7ae43fa-18&pdp_ext_f=%7B%22order%22%3A%22404%22%2C%22eval%22%3A%221%22%2C%22fromPage%22%3A%22search%22%7D&pdp_npi=6%40dis%21USD%2142.20%2110.68%21%21%21290.01%2173.37%21%40210123bc17729975019712071eb70a%2112000048062618417%21sea%21US%210%21ABX%211%210%21n_tag%3A-29910%3Bd%3A36285acf%3Bm03_new_user%3A-29895%3BpisId%3A5000000197847450&curPageLogUid=ZjVPhBvbQjPM&utparam-url=scene%3Asearch%7Cquery_from%3A%7Cx_object_id%3A1005009140608812%7C_p_origin_prod%3A
Casual Dual Layer Skirt Button Renaissance Costume Women Back Double Ruffle Long Shirring Skirt Waist Elastic Band Maxi Length,$23.26 ,"https://ae-pic-a1.aliexpress-media.com/kf/S97effead9eb446619d2d3857e6accba86.jpg_220x220q75.jpg_.avif,https://ae-pic-a1.aliexpress-media.com/kf/S97effead9eb446619d2d3857e6accba86.jpg_220x220q75.jpg_.avif,https://ae-pic-a1.aliexpress-media.com/kf/S50b2c74e3e984167897f134e3d5146ecJ.jpg_220x220q75.jpg_.avif,https://ae-pic-a1.aliexpress-media.com/kf/Sc38aeb1a151347ebaddef162aa71b466l.jpg_220x220q75.jpg_.avif,https://ae-pic-a1.aliexpress-media.com/kf/S51964871e5be4051969772875ef45beaV.jpg_220x220q75.jpg_.avif","['High-concerned chemical', 'None', 'Release Date', 'Summer 2024', 'Craft of Weaving', 'Tatting', 'Season', 'Spring/Summer', 'is_customized', 'Yes', 'Fabric Type', 'Broadcloth', 'Age', 'Middle Age', 'Place Of Origin', 'China (mainland)', 'Model Number', 'CNGZ-QS-015', 'Waistline', 'empire', 'Dresses Length', 'Ankle-Length', 'Decoration', 'Ruffles', 'Silhouette', 'A-LINE', 'Pattern Type', 'Solid', 'Style', 'Casual', 'Material', 'POLYESTER', 'Gender', 'Women', 'Origin', 'Mainland China', 'Brand Name', 'fonyoomaui', 'Elasticity', 'Slight Strech', 'CN', 'Sichuan', 'Fit Type', 'Regular Fit']",https://www.aliexpress.us/item/3256806581262226.html?algo_pvid=81ef0434-09db-4828-8727-0b1da7ae43fa&algo_exp_id=81ef0434-09db-4828-8727-0b1da7ae43fa-19&pdp_ext_f=%7B%22order%22%3A%22404%22%2C%22eval%22%3A%221%22%2C%22fromPage%22%3A%22search%22%7D&pdp_npi=6%40dis%21USD%2126.74%2123.26%21%21%2126.74%2123.26%21%40210123bc17729975019712071eb70a%2112000038232474120%21sea%21US%210%21ABX%211%210%21n_tag%3A-29910%3Bd%3A36285acf%3Bm03_new_user%3A-29895&curPageLogUid=O2qOMEiiSgep&utparam-url=scene%3Asearch%7Cquery_from%3A%7Cx_object_id%3A1005006767576978%7C_p_origin_prod%3A
Lace Jacquard Transperant Skirt Women Summer New High Waist Sexy Casual Long Skirts 2025 Streetwear Fashion Black Maxi Skirt,$0.99 ,"https://ae-pic-a1.aliexpress-media.com/kf/S6c938dddce3a4b4d9cfece289d9a89cev.jpg_220x220q75.jpg_.avif,https://ae-pic-a1.aliexpress-media.com/kf/S6c938dddce3a4b4d9cfece289d9a89cev.jpg_220x220q75.jpg_.avif,https://ae-pic-a1.aliexpress-media.com/kf/Sa274a4066370455a99dcd44b21ca56a2p.jpg_220x220q75.jpg_.avif,https://ae-pic-a1.aliexpress-media.com/kf/Sa132cd8ec24d4c748c178ba5cdf00d32C.jpg_220x220q75.jpg_.avif,https://ae-pic-a1.aliexpress-media.com/kf/Sd713ab7034cb43a497c770d0cb5db3fdC.jpg_220x220q75.jpg_.avif","['Occasion', 'Party', 'Festival', 'Christmas', 'High-concerned chemical', 'None', 'Release Date', 'Summer 2025', 'Craft of Weaving', 'Non-Woven', 'Season', 'All Season', 'is_customized', 'Yes', 'Fabric Type', 'Lace', 'Age', 'Middle Age', 'Place Of Origin', 'China (mainland)', 'Waistline', 'empire', 'Dresses Length', 'Ankle-Length', 'Decoration', 'Lace', 'Silhouette', 'A-LINE', 'Pattern Type', 'Solid', 'Style', 'Sexy & Club', 'Material', 'POLYESTER,Acetate', 'Gender', 'Women', 'Origin', 'Mainland China', 'Elasticity', 'Non Strech', 'CN', 'Guangdong', 'Fit Type', 'Loose', 'CN', 'Guangdong', 'Dropshipping order', 'Acceptable', 'Feature', 'Breathable', 'Type', 'Skirt /Women Skirt', 'Name', 'Skirt/Mini Skirt', 'Long Skirt', 'Skirts for women', 'Black Skirt', 'y2k skirt']",https://www.aliexpress.us/item/3256808848461833.html?algo_pvid=81ef0434-09db-4828-8727-0b1da7ae43fa&algo_exp_id=81ef0434-09db-4828-8727-0b1da7ae43fa-20&pdp_ext_f=%7B%22order%22%3A%22403%22%2C%22eval%22%3A%221%22%2C%22fromPage%22%3A%22search%22%7D&pdp_npi=6%40dis%21USD%217.01%210.99%21%21%2148.17%216.79%21%40210123bc17729975019712071eb70a%2112000048908765979%21sea%21US%210%21ABX%211%210%21n_tag%3A-29910%3Bd%3A36285acf%3Bm03_new_user%3A-29895%3BpisId%3A5000000197847475&curPageLogUid=d77qN9HCiaJr&utparam-url=scene%3Asearch%7Cquery_from%3A%7Cx_object_id%3A1005009034776585%7C_p_origin_prod%3A
Sexy Upskirt Solid Color Soft Silk Lotus Leaf Pendulum Transparent Nightclub Party Livestream Mini Skirts For Nightclub woman,$3.88 ,"https://ae-pic-a1.aliexpress-media.com/kf/Sf449a2a3e4694004b9f2ed646a2c0de4J.jpg_220x220q75.jpg_.avif,https://ae-pic-a1.aliexpress-media.com/kf/Sd6d3ac3b04a04a1c9bbde691b2a45d26I.jpg_220x220q75.jpg_.avif,https://ae-pic-a1.aliexpress-media.com/kf/Sead156424c354b2e8a7a33541c283fbeg.jpg_220x220q75.jpg_.avif,https://ae-pic-a1.aliexpress-media.com/kf/S0f9afa35ccdc4b058e0aeff4e638d357y.jpg_220x220q75.jpg_.avif,https://ae-pic-a1.aliexpress-media.com/kf/S58546dc29cfb4f8ba9b8c7a5e1486bb7i.jpg_220x220q75.jpg_.avif","['Season', 'Spring/Summer', 'Fabric Type', 'Mesh', 'Age', 'Middle Age', 'Waistline', 'empire', 'Dresses Length', 'Above Knee , Mini', 'Decoration', 'Folds', 'Silhouette', 'Pleated', 'Pattern Type', 'Solid', 'Style', 'Sexy & Club', 'Material', 'Nylon', 'Gender', 'Women', 'Origin', 'Mainland China', 'Brand Name', 'DakunhuiLC', 'Elasticity', 'High Strecth', 'CN', 'Guangdong', 'Fit Type', 'Slim', 'The name of the fabric', 'Nylon / nylon', 'color', 'White, black, red', 'Main fabric ingredients', 'Nylon / nylon', 'size', 'Average code', 'Applicable sex', 'female', 'Style details', 'perspective', 'cosplay', 'Cute girl type', 'style', 'Sexy, perspective']",https://www.aliexpress.us/item/3256803962770507.html?algo_pvid=81ef0434-09db-4828-8727-0b1da7ae43fa&algo_exp_id=81ef0434-09db-4828-8727-0b1da7ae43fa-21&pdp_ext_f=%7B%22order%22%3A%22403%22%2C%22eval%22%3A%221%22%2C%22fromPage%22%3A%22search%22%7D&pdp_npi=6%40dis%21USD%213.88%213.88%21%21%213.88%213.88%21%40210123bc17729975019712071eb70a%2112000028197915977%21sea%21US%210%21ABX%211%210%21n_tag%3A-29910%3Bd%3A36285acf%3Bm03_new_user%3A-29895&curPageLogUid=zNNbSPOo4772&utparam-url=scene%3Asearch%7Cquery_from%3A%7Cx_object_id%3A1005004149085259%7C_p_origin_prod%3A
American Vintage Black White Piano Keys Skirts Y2k Slim Waist Ruched A-line Skirt Women 2025 Summer New Korea Style Chic Mujer,$8.96 ,"https://ae-pic-a1.aliexpress-media.com/kf/Se967c161074b40a9a6fb9f8b1198282eT.jpg_220x220q75.jpg_.avif,https://ae-pic-a1.aliexpress-media.com/kf/S29ae27db13444b719f0e1c9a1284738fY.jpg?has_lang=1&ver=2_220x220q75.jpg_.avif,https://ae-pic-a1.aliexpress-media.com/kf/S3c1330ed16f644978089e7c9bc8231e9c.jpg?has_lang=1&ver=1_220x220q75.jpg_.avif,https://ae-pic-a1.aliexpress-media.com/kf/S2f6109c5586841019ddcedfeb4b4c269y.jpg?has_lang=1&ver=1_220x220q75.jpg_.avif,https://ae-pic-a1.aliexpress-media.com/kf/S1f83c15ab7244d67b01fb28971c135dbv.jpg?has_lang=1&ver=1_220x220q75.jpg_.avif","['High-concerned chemical', 'None', 'Release Date', 'Spring 2025', 'Craft of Weaving', 'Tatting', 'Season', 'Spring/Summer', 'Fabric Type', 'Blended', 'Age', 'Junior', 'Place Of Origin', 'China (mainland)', 'Model Number', '254130S', 'Waistline', 'empire', 'Dresses Length', 'Above Knee , Mini', 'Decoration', 'None', 'Silhouette', 'A-LINE', 'Pattern Type', 'Striped', 'Style', 'Vintage', 'Material', 'POLYESTER', 'Gender', 'Women', 'Origin', 'Mainland China', 'Brand Name', 'ZHUOLIN', 'Elasticity', 'Non Strech', 'CN', 'Guangdong', 'Fit Type', 'Regular Fit']",https://www.aliexpress.us/item/3256808628033468.html?algo_pvid=81ef0434-09db-4828-8727-0b1da7ae43fa&algo_exp_id=81ef0434-09db-4828-8727-0b1da7ae43fa-23&pdp_ext_f=%7B%22order%22%3A%22401%22%2C%22spu_best_type%22%3A%22price%22%2C%22eval%22%3A%221%22%2C%22fromPage%22%3A%22search%22%7D&pdp_npi=6%40dis%21USD%2114.93%218.96%21%21%21102.60%2161.56%21%40210123bc17729975019712071eb70a%2112000053030261432%21sea%21US%210%21ABX%211%210%21n_tag%3A-29910%3Bd%3A36285acf%3Bm03_new_user%3A-29895&curPageLogUid=cJzG18ZbtAaZ&utparam-url=scene%3Asearch%7Cquery_from%3A%7Cx_object_id%3A1005008814348220%7C_p_origin_prod%3A
HH Elegant Women Solid Sequined Slim Mini Skirt 2025 Sparkling Party Style Skirt Female Sexy High Waist Short A-Line Skirt,$18.91 ,"https://ae-pic-a1.aliexpress-media.com/kf/S787e1716b5f74271a4ff6e167328e798L.jpg_220x220q75.jpg_.avif,https://ae-pic-a1.aliexpress-media.com/kf/Sdaa6cfdfe4674d2cb83da82fd9d0bd86G.jpg_220x220q75.jpg_.avif,https://ae-pic-a1.aliexpress-media.com/kf/S90e0121a5f8d453fbaf1386fa71755b9p.jpg_220x220q75.jpg_.avif,https://ae-pic-a1.aliexpress-media.com/kf/Sbd7504af50c14af784cbe2e3e816f5f5O.jpg_220x220q75.jpg_.avif,https://ae-pic-a1.aliexpress-media.com/kf/Sba66eb751a3944bab1b306f87490f736o.jpg_220x220q75.jpg_.avif","['Occasion', 'Beach', 'High-concerned chemical', 'None', 'Release Date', 'Spring 2025', 'Craft of Weaving', 'Tatting', 'Season', 'Spring/Summer', 'Fabric Type', 'Blended', 'Age', 'Middle Age', 'Place Of Origin', 'China (mainland)', 'Model Number', 'NZA24531', 'Waistline', 'Natural', 'Dresses Length', 'Above Knee , Mini', 'Decoration', 'Sequined', 'Silhouette', 'A-LINE', 'Pattern Type', 'Solid', 'Style', 'High Street', 'Material', 'POLYESTER', 'Gender', 'Women', 'Origin', 'Mainland China', 'Brand Name', 'HH', 'Elasticity', 'Non Strech', 'CN', 'Jiangsu', 'Fit Type', 'Slim']",https://www.aliexpress.us/item/3256809532947392.html?algo_pvid=81ef0434-09db-4828-8727-0b1da7ae43fa&algo_exp_id=81ef0434-09db-4828-8727-0b1da7ae43fa-16&pdp_ext_f=%7B%22order%22%3A%22400%22%2C%22eval%22%3A%221%22%2C%22orig_sl_item_id%22%3A%221005009719262144%22%2C%22orig_item_id%22%3A%221005009494749712%22%2C%22fromPage%22%3A%22search%22%7D&pdp_npi=6%40dis%21USD%2139.40%2111.91%21%21%21270.80%2181.87%21%40210123bc17729975019712071eb70a%2112000049942855781%21sea%21US%210%21ABX%211%210%21n_tag%3A-29910%3Bd%3A36285acf%3Bm03_new_user%3A-29895%3BpisId%3A5000000197847475&curPageLogUid=IsfOUoVvOj5O&utparam-url=scene%3Asearch%7Cquery_from%3A%7Cx_object_id%3A1005009719262144%7C_p_origin_prod%3A1005009494749712
Women Sexy High Waist Satin Mini Skirt White Red Chic Streetwear Summer Elastic Waist Slim Skirt Hot Girls Casual Simple,$9.80 ,"https://ae-pic-a1.aliexpress-media.com/kf/Sa31b0c367eac497192afa8af4fff11ccb.jpg_220x220q75.jpg_.avif,https://ae-pic-a1.aliexpress-media.com/kf/Sb8ad73ecf997478cba670c121f8442fdl.jpg_220x220q75.jpg_.avif,https://ae-pic-a1.aliexpress-media.com/kf/S4a91ebca35984da0876c2de21509fa579.jpg_220x220q75.jpg_.avif,https://ae-pic-a1.aliexpress-media.com/kf/S2a47e5fc92df4d548540b5d308ab1528o.jpg_220x220q75.jpg_.avif,https://ae-pic-a1.aliexpress-media.com/kf/S44028869581e4f5890eeebd2f9ba9813i.jpg_220x220q75.jpg_.avif","['High-concerned chemical', 'None', 'Craft of Weaving', 'Tatting', 'Season', 'All Season', 'is_customized', 'No', 'Fabric Type', 'Satin', 'Age', 'Junior', 'Place Of Origin', 'China (mainland)', 'Waistline', 'empire', 'Dresses Length', 'Above Knee , Mini', 'Decoration', 'None', 'Silhouette', 'Straight', 'Pattern Type', 'Solid', 'Style', 'Sexy & Club', 'Material', 'COTTON,POLYESTER', 'Gender', 'Women', 'Origin', 'Mainland China', 'Brand Name', 'Jielur', 'Elasticity', 'Non Strech', 'CN', 'Guangdong', 'Fit Type', 'Slim']",https://www.aliexpress.us/item/3256809232466126.html?algo_pvid=81ef0434-09db-4828-8727-0b1da7ae43fa&algo_exp_id=81ef0434-09db-4828-8727-0b1da7ae43fa-24&pdp_ext_f=%7B%22order%22%3A%22400%22%2C%22eval%22%3A%221%22%2C%22fromPage%22%3A%22search%22%7D&pdp_npi=6%40dis%21USD%2115.08%219.80%21%21%2115.08%219.80%21%40210123bc17729975019712071eb70a%2112000049037150155%21sea%21US%210%21ABX%211%210%21n_tag%3A-29910%3Bd%3A36285acf%3Bm03_new_user%3A-29895&curPageLogUid=3UqgbfLkeIb3&utparam-url=scene%3Asearch%7Cquery_from%3A%7Cx_object_id%3A1005009418780878%7C_p_origin_prod%3A
Black PU-leather Pleated Skirt New Women High Waist Fashionable All-match A-Line mi-long Skirt Female,$12.59 ,"https://ae-pic-a1.aliexpress-media.com/kf/Sbf6e21596d10452b9bce2af3d2c646c43.jpg?has_lang=1&ver=2_220x220q75.jpg_.avif,https://ae-pic-a1.aliexpress-media.com/kf/S0c05fe1ef4d7438f80c1d0e6e7516ca6F.jpg_220x220q75.jpg_.avif,https://ae-pic-a1.aliexpress-media.com/kf/S5481cf6fe9654feb8a1a552532c2976c7.jpg_220x220q75.jpg_.avif,https://ae-pic-a1.aliexpress-media.com/kf/Sf56890527416423aa4b03439a6425ea5a.jpg?has_lang=1&ver=2_220x220q75.jpg_.avif,https://ae-pic-a1.aliexpress-media.com/kf/S8b32ae9ebbc7465082cc478461bc352f9.jpg_220x220q75.jpg_.avif","['High-concerned chemical', 'None', 'Release Date', 'Winter 2024', 'Craft of Weaving', 'Tatting', 'Season', 'Autumn/Winter', 'is_customized', 'No', 'Fabric Type', 'Leather', 'Age', 'Middle Age', 'Place Of Origin', 'China (mainland)', 'Model Number', 'NSK498', 'Waistline', 'empire', 'Dresses Length', 'Mid-Calf', 'Decoration', 'None', 'Silhouette', 'A-LINE', 'Pattern Type', 'Solid', 'Style', 'Casual', 'Material', 'PU', 'Gender', 'Women', 'Origin', 'Mainland China', 'Brand Name', 'REALEFT', 'Elasticity', 'Slight Strech', 'CN', 'Guangdong', 'Fit Type', 'Regular Fit']",https://www.aliexpress.us/item/3256804953441692.html?algo_pvid=81ef0434-09db-4828-8727-0b1da7ae43fa&algo_exp_id=81ef0434-09db-4828-8727-0b1da7ae43fa-25&pdp_ext_f=%7B%22order%22%3A%22398%22%2C%22eval%22%3A%221%22%2C%22fromPage%22%3A%22search%22%7D&pdp_npi=6%40dis%21USD%2140.81%219.59%21%21%21280.47%2165.90%21%40210123bc17729975019712071eb70a%2112000042734686765%21sea%21US%210%21ABX%211%210%21n_tag%3A-29910%3Bd%3A36285acf%3Bm03_new_user%3A-29895%3BpisId%3A5000000197847450&curPageLogUid=dAs8KfE43RQO&utparam-url=scene%3Asearch%7Cquery_from%3A%7Cx_object_id%3A1005005139756444%7C_p_origin_prod%3A
Spring Corduroy Mini Skirt Burgundy For Women Brown Vintage A Line Short Skirts With Short Inside For Women Skirt Corduroy Beige,$24.31 ,"https://ae-pic-a1.aliexpress-media.com/kf/Se69dba886d7d442294ab3cc61639d958Q.jpg_220x220q75.jpg_.avif,https://ae-pic-a1.aliexpress-media.com/kf/Se69dba886d7d442294ab3cc61639d958Q.jpg_220x220q75.jpg_.avif,https://ae-pic-a1.aliexpress-media.com/kf/S87f45f374b074959b5d1e26ad14f47ed0.jpg_220x220q75.jpg_.avif,https://ae-pic-a1.aliexpress-media.com/kf/Sc9b2bef83f5842248c1ab683819befe1b.jpg_220x220q75.jpg_.avif,https://ae-pic-a1.aliexpress-media.com/kf/S4e7420676863409985f6fa1e7a264612T.jpg_220x220q75.jpg_.avif","['Occasion', 'Office', 'High-concerned chemical', 'None', 'Release Date', 'Autumn 2025', 'Craft of Weaving', 'Tatting', 'Season', 'Autumn/Winter', 'is_customized', 'No', 'Fabric Type', 'synthetic fiber', 'Age', 'Middle Age', 'Place Of Origin', 'China (mainland)', 'Model Number', 'MY53012', 'Waistline', 'empire', 'Dresses Length', 'Above Knee , Mini', 'Decoration', 'Pockets', 'Silhouette', 'Straight', 'Pattern Type', 'Solid', 'Style', 'Casual', 'Material', 'corduroy', 'Gender', 'Women', 'Origin', 'Mainland China', 'Brand Name', 'streamgirl', 'Elasticity', 'Non Strech', 'CN', 'Shandong', 'Fit Type', 'Slim', '1', 'burgundy clothing woman', '2', 'office skirts woman', '3', 'navy blue skirt', '4', 'Corduroy skirt Navy Blue', '5', 'corduroy skirts mini women a line']",https://www.aliexpress.us/item/3256809771930533.html?algo_pvid=81ef0434-09db-4828-8727-0b1da7ae43fa&algo_exp_id=81ef0434-09db-4828-8727-0b1da7ae43fa-26&pdp_ext_f=%7B%22order%22%3A%22396%22%2C%22eval%22%3A%221%22%2C%22fromPage%22%3A%22search%22%7D&pdp_npi=6%40dis%21USD%2152.19%2121.81%21%21%2152.19%2121.81%21%40210123bc17729975019712071eb70a%2112000050689419079%21sea%21US%210%21ABX%211%210%21n_tag%3A-29910%3Bd%3A36285acf%3Bm03_new_user%3A-29895%3BpisId%3A5000000197847458&curPageLogUid=U1VZXKYjkt5i&utparam-url=scene%3Asearch%7Cquery_from%3A%7Cx_object_id%3A1005009958245285%7C_p_origin_prod%3A
Tutu Skirt For Women A-line Big Swing Multi-layered High Elastic Waist Fluffy Gauze Dancing Performance Short Pleated Skirt,$4.59 ,"https://ae-pic-a1.aliexpress-media.com/kf/S10320ba836f64043a2b9512ba5d1e32aH.jpg_220x220q75.jpg_.avif,https://ae-pic-a1.aliexpress-media.com/kf/Sa66f3d8f53a846a59d3337bf70cd1b4ag.jpg_220x220q75.jpg_.avif,https://ae-pic-a1.aliexpress-media.com/kf/S5ecd08ba3a4c4141a65e868e618fe591v.jpg_220x220q75.jpg_.avif,https://ae-pic-a1.aliexpress-media.com/kf/S27daa880860b41b7aaf50b69932148acx.jpg_220x220q75.jpg_.avif,https://ae-pic-a1.aliexpress-media.com/kf/Sf882d862c0a5474cb44ec9eb67f53cbdE.jpg_220x220q75.jpg_.avif","['Release Date', 'Summer 2024', 'Season', 'Summer', 'is_customized', 'No', 'Fabric Type', 'Blended', 'Age', 'Middle Age', 'Place Of Origin', 'China (mainland)', 'Model Number', 'None', 'Waistline', 'Natural', 'Dresses Length', 'Above Knee , Mini', 'Decoration', 'None', 'Silhouette', 'Ball Gown', 'Pattern Type', 'Solid', 'Style', 'Casual', 'Material', 'POLYESTER', 'Gender', 'Women', 'Origin', 'Mainland China', 'Brand Name', 'SANWOOD', 'Elasticity', 'Medium Strecth', 'CN', 'Guangdong', 'Fit Type', 'Regular Fit']",https://www.aliexpress.us/item/3256806634599089.html?algo_pvid=81ef0434-09db-4828-8727-0b1da7ae43fa&algo_exp_id=81ef0434-09db-4828-8727-0b1da7ae43fa-22&pdp_ext_f=%7B%22order%22%3A%22395%22%2C%22eval%22%3A%221%22%2C%22fromPage%22%3A%22search%22%7D&pdp_npi=6%40dis%21USD%219.18%214.59%21%21%2163.12%2131.56%21%40210123bc17729975019712071eb70a%2112000038412217914%21sea%21US%210%21ABX%211%210%21n_tag%3A-29910%3Bd%3A36285acf%3Bm03_new_user%3A-29895&curPageLogUid=x5kpchzVltSM&utparam-url=scene%3Asearch%7Cquery_from%3A%7Cx_object_id%3A1005006820913841%7C_p_origin_prod%3A
Skirts Womens Burlesque Corset Skirt High Waist Multilayer Lace Victorian Costumes Gothic Steampunk Skirt Matching Corset Black,$18.57 ,"https://ae-pic-a1.aliexpress-media.com/kf/H17ad9b5bfae54393b2e5697b2573dfb14.jpg_220x220q75.jpg_.avif,https://ae-pic-a1.aliexpress-media.com/kf/HTB19y7LVCzqK1RjSZFLq6An2XXa9.jpg_220x220q75.jpg_.avif,https://ae-pic-a1.aliexpress-media.com/kf/HTB1sW34VsfpK1RjSZFOq6y6nFXay.jpg_220x220q75.jpg_.avif,https://ae-pic-a1.aliexpress-media.com/kf/S91a10ebc2d114981a22ef3d0fedfd59eA.jpg_220x220q75.jpg_.avif,https://ae-pic-a1.aliexpress-media.com/kf/S603e045c960f4987bb585b6d8e96b067a.jpg_220x220q75.jpg_.avif","['Festival', 'Halloween', 'High-concerned chemical', 'None', 'Craft of Weaving', 'Knit', 'Season', 'All Season', 'Fabric Type', 'Lace', 'Age', 'Junior', 'Model Number', '7056', 'Waistline', 'Natural', 'Dresses Length', 'Above Knee , Mini', 'Decoration', 'Lace', 'Silhouette', 'Asymmetrical', 'Pattern Type', 'Solid', 'Style', 'Sexy & Club', 'Material', 'POLYESTER,Elastane', 'Gender', 'Women', 'Origin', 'Mainland China', 'Brand Name', 'Sapubonva', 'Elasticity', 'High Strecth', 'CN', 'Guangdong', 'Fit Type', 'Loose', 'color', 'black green brwon', 'size', 'plus size', 'plus size', 's m l xl 2xl 3xl 4xl 5xl 6xl']",https://www.aliexpress.us/item/2255800590275527.html?algo_pvid=81ef0434-09db-4828-8727-0b1da7ae43fa&algo_exp_id=81ef0434-09db-4828-8727-0b1da7ae43fa-27&pdp_ext_f=%7B%22order%22%3A%22393%22%2C%22eval%22%3A%221%22%2C%22fromPage%22%3A%22search%22%7D&pdp_npi=6%40dis%21USD%2132.02%2118.57%21%21%2132.02%2118.57%21%40210123bc17729975019712071eb70a%2110000007759677549%21sea%21US%210%21ABX%211%210%21n_tag%3A-29910%3Bd%3A36285acf%3Bm03_new_user%3A-29895&curPageLogUid=Mw4XmIRfFof1&utparam-url=scene%3Asearch%7Cquery_from%3A%7Cx_object_id%3A4000776590279%7C_p_origin_prod%3A
Sweet Lolita Style Cake Mini Skirts Japan Women Kawaii Cartoon Embroidery Bow Pleated Skirts Y2k Short Fairy Skirt Faldas Mujer,$22.89 ,"https://ae-pic-a1.aliexpress-media.com/kf/Sc9cb33cd86a1484c99da80a3dd759d8df.jpg?has_lang=1&ver=2_220x220q75.jpg_.avif,https://ae-pic-a1.aliexpress-media.com/kf/Sa61ba044bef64039b1cb79c6ee03bc1bd.jpg?has_lang=1&ver=2_220x220q75.jpg_.avif,https://ae-pic-a1.aliexpress-media.com/kf/Sbcad78268c2d4e5ebb970e7c249fc053U.jpg?has_lang=1&ver=2_220x220q75.jpg_.avif,https://ae-pic-a1.aliexpress-media.com/kf/Sb5dc880e009d4f1aaad2a37904c75091f.jpg?has_lang=1&ver=2_220x220q75.jpg_.avif,https://ae-pic-a1.aliexpress-media.com/kf/Sc0b2a3f395a84238be5998bb35ff86adc.jpg?has_lang=1&ver=2_220x220q75.jpg_.avif","['High-concerned chemical', 'None', 'Release Date', 'Autumn 2024', 'Craft of Weaving', 'Tatting', 'Season', 'All Season', 'is_customized', 'No', 'Fabric Type', 'Broadcloth', 'Age', 'Middle Age', 'Place Of Origin', 'China (mainland)', 'Model Number', 'Cake Mini Skirts', 'Waistline', 'empire', 'Dresses Length', 'Above Knee , Mini', 'Decoration', 'None', 'Silhouette', 'A-LINE', 'Pattern Type', 'Solid', 'Style', 'Japan Style', 'Material', 'POLYESTER', 'Gender', 'Women', 'Origin', 'Mainland China', 'Brand Name', 'UZSC', 'Elasticity', 'Non Strech', 'CN', 'Henan', 'Fit Type', 'Slim', 'Production location', 'Cake Mini Skirts', 'Product performance', 'Bow Pleated Skirts', 'Scope of use', 'Y2k Short Fairy Skirt', 'Cake Mini Skirts qualit', 'excellent']",https://www.aliexpress.us/item/3256808049530329.html?algo_pvid=81ef0434-09db-4828-8727-0b1da7ae43fa&algo_exp_id=81ef0434-09db-4828-8727-0b1da7ae43fa-28&pdp_ext_f=%7B%22order%22%3A%22390%22%2C%22eval%22%3A%221%22%2C%22fromPage%22%3A%22search%22%7D&pdp_npi=6%40dis%21USD%2135.22%2122.89%21%21%21242.06%21157.34%21%40210123bc17729975019712071eb70a%2112000044326522958%21sea%21US%210%21ABX%211%210%21n_tag%3A-29910%3Bd%3A36285acf%3Bm03_new_user%3A-29895&curPageLogUid=SVwOcP2iiyOz&utparam-url=scene%3Asearch%7Cquery_from%3A%7Cx_object_id%3A1005008235845081%7C_p_origin_prod%3A
Europe and the United States new high-waist pleated half skirt Spice girl bag buttock senior feeling female short skirt,$0.99 ,"https://ae-pic-a1.aliexpress-media.com/kf/S178cc60137c44ef4bb090aaa772d7d50f.jpg_220x220q75.jpg_.avif,https://ae-pic-a1.aliexpress-media.com/kf/S178cc60137c44ef4bb090aaa772d7d50f.jpg_220x220q75.jpg_.avif,https://ae-pic-a1.aliexpress-media.com/kf/Sa9bd86ea740244949017a3668b76337dy.jpg_220x220q75.jpg_.avif,https://ae-pic-a1.aliexpress-media.com/kf/Sc8d431efb7c04823bac384e73dcaae46o.jpg_220x220q75.jpg_.avif,https://ae-pic-a1.aliexpress-media.com/kf/Scb1c8d5ca9d0455da5923e4c3362790bJ.jpg_220x220q75.jpg_.avif","['High-concerned chemical', 'None', 'Release Date', 'Summer 2024', 'Craft of Weaving', 'Tatting', 'Season', 'Spring/Summer', 'is_customized', 'Yes', 'Fabric Type', 'Broadcloth', 'Age', 'Junior', 'Place Of Origin', 'China (mainland)', 'Waistline', 'Natural', 'Dresses Length', 'Above Knee , Mini', 'Decoration', 'Wave Cut', 'Silhouette', 'Pleated', 'Pattern Type', 'Solid', 'Style', 'Hotsweet', 'Material', 'POLYESTER,Elastane', 'Gender', 'Women', 'Origin', 'Mainland China', 'Elasticity', 'Slight Strech', 'CN', 'Guangdong', 'Fit Type', 'Slim']",https://www.aliexpress.us/item/3256807474504451.html?algo_pvid=81ef0434-09db-4828-8727-0b1da7ae43fa&algo_exp_id=81ef0434-09db-4828-8727-0b1da7ae43fa-29&pdp_ext_f=%7B%22order%22%3A%22390%22%2C%22eval%22%3A%221%22%2C%22fromPage%22%3A%22search%22%7D&pdp_npi=6%40dis%21USD%2111.15%210.99%21%21%2176.63%216.83%21%40210123bc17729975019712071eb70a%2112000041695523904%21sea%21US%210%21ABX%211%210%21n_tag%3A-29910%3Bd%3A36285acf%3Bm03_new_user%3A-29895%3BpisId%3A5000000197847475&curPageLogUid=gAxvqgJVGKBl&utparam-url=scene%3Asearch%7Cquery_from%3A%7Cx_object_id%3A1005007660819203%7C_p_origin_prod%3A
White Mini Skirts Women Lace Patchwork Sweet Ball Gown Sexy French Style Ruched Ruffled High Waist Summer Layered Romantic Gril,$11.86 ,"https://ae-pic-a1.aliexpress-media.com/kf/S0a555e680a5c4f4ca02d98e1b5eb7218H.jpg_220x220q75.jpg_.avif,https://ae-pic-a1.aliexpress-media.com/kf/Sb0f9119c6ea74ddc9b02a59ee115a4f1N.jpeg_220x220q75.jpeg_.avif,https://ae-pic-a1.aliexpress-media.com/kf/Sa5b88f1a508b4f0ea338fbe9e521cfe8L.jpg_220x220q75.jpg_.avif,https://ae-pic-a1.aliexpress-media.com/kf/S899feb4357294ddd9678531aaff9883bi.jpg_220x220q75.jpg_.avif,https://ae-pic-a1.aliexpress-media.com/kf/S237fa271195c4c02a083f122c92e06a4W.jpg_220x220q75.jpg_.avif","['Occasion', 'Night Out', 'Festival', 'Back to school season', 'High-concerned chemical', 'None', 'Release Date', 'Autumn 2025', 'Craft of Weaving', 'Tatting', 'Season', 'Spring/Summer', 'is_customized', 'No', 'Fabric Type', 'Broadcloth', 'Age', 'Junior', 'Place Of Origin', 'China (mainland)', 'Model Number', 'h341962', 'Waistline', 'Natural', 'Dresses Length', 'Above Knee , Mini', 'Decoration', 'Lace', 'Silhouette', 'Ball Gown', 'Pattern Type', 'Solid', 'Style', 'Lolita Style', 'Material', 'COTTON,POLYESTER', 'Gender', 'Women', 'Origin', 'Mainland China', 'Brand Name', 'Tyrosn', 'Elasticity', 'Slight Strech', 'CN', 'Guangdong', 'Fit Type', 'Regular Fit', 'Size', 'S M L', 'Color', 'white', 'Season', 'summer', 'Condition', 'daily', 'Model number', 'skirts women', 'Style', 'lolita', 'Department name', 'adults', 'Feature 1', 'sweet', 'Feature 2', 'all-match', 'Feature 3', 'college']",https://www.aliexpress.us/item/3256806446596516.html?algo_pvid=81ef0434-09db-4828-8727-0b1da7ae43fa&algo_exp_id=81ef0434-09db-4828-8727-0b1da7ae43fa-30&pdp_ext_f=%7B%22order%22%3A%22389%22%2C%22spu_best_type%22%3A%22price%22%2C%22eval%22%3A%221%22%2C%22fromPage%22%3A%22search%22%7D&pdp_npi=6%40dis%21USD%2122.37%2111.86%21%21%2122.37%2111.86%21%40210123bc17729975019712071eb70a%2112000037880866371%21sea%21US%210%21ABX%211%210%21n_tag%3A-29910%3Bd%3A36285acf%3Bm03_new_user%3A-29895&curPageLogUid=x3XqQ5QcLjQh&utparam-url=scene%3Asearch%7Cquery_from%3A%7Cx_object_id%3A1005006632911268%7C_p_origin_prod%3A
Autumn And Winter100% Pure Wool Skirt Women's Long Pocket Small A Skirt High Waist Slim Cashmere Knit A-Line Skirt,$19.74 ,"https://ae-pic-a1.aliexpress-media.com/kf/Sff954e10ccb046078f68d79842951e7ej.jpg_220x220q75.jpg_.avif,https://ae-pic-a1.aliexpress-media.com/kf/S872c49d583b9461f9e3e9e5bd6939bb2E.jpg_220x220q75.jpg_.avif,https://ae-pic-a1.aliexpress-media.com/kf/S06f023c902604c4dab7f45c9fd62244bu.jpg_220x220q75.jpg_.avif,https://ae-pic-a1.aliexpress-media.com/kf/Sa233c0209e844551a6d52927181475c7C.jpg?has_lang=1&ver=1_220x220q75.jpg_.avif,https://ae-pic-a1.aliexpress-media.com/kf/Scdbd17954e8e4194ab93264f01744a350.jpg_220x220q75.jpg_.avif","['High-concerned chemical', 'None', 'Craft of Weaving', 'Knit', 'Season', 'Autumn/Winter', 'is_customized', 'No', 'Fabric Type', 'Knitting', 'Age', 'Middle Age', 'Place Of Origin', 'China (mainland)', 'Model Number', 'JIANGSHAN', 'Waistline', 'Natural', 'Dresses Length', 'Knee-Length', 'Decoration', 'None', 'Silhouette', 'A-LINE', 'Pattern Type', 'Solid', 'Style', 'Casual', 'Material', 'Wool', 'Gender', 'Women', 'Origin', 'Mainland China', 'Elasticity', 'Slight Strech', 'CN', 'Hebei', 'Fit Type', 'Regular Fit']",https://www.aliexpress.us/item/3256805836324280.html?algo_pvid=81ef0434-09db-4828-8727-0b1da7ae43fa&algo_exp_id=81ef0434-09db-4828-8727-0b1da7ae43fa-31&pdp_ext_f=%7B%22order%22%3A%22387%22%2C%22spu_best_type%22%3A%22price%22%2C%22eval%22%3A%221%22%2C%22fromPage%22%3A%22search%22%7D&pdp_npi=6%40dis%21USD%2156.89%2116.74%21%21%21390.97%21115.03%21%40210123bc17729975019712071eb70a%2112000036024544691%21sea%21US%210%21ABX%211%210%21n_tag%3A-29910%3Bd%3A36285acf%3Bm03_new_user%3A-29895%3BpisId%3A5000000197847450&curPageLogUid=1panTk1kxhAy&utparam-url=scene%3Asearch%7Cquery_from%3A%7Cx_object_id%3A1005006022639032%7C_p_origin_prod%3A
Silver Sequin Skirt Woman High Waist Mini Skirt Woman Fashion Shiny Glitter Elegant Short Skirts For Women Y2k Skirts,$8.86 ,"https://ae-pic-a1.aliexpress-media.com/kf/S82784c45f82b420cb2cc22d7a993c0ccI.jpg_220x220q75.jpg_.avif,https://ae-pic-a1.aliexpress-media.com/kf/S00b1386c2c704c40ac9419e4209a3367T.jpg_220x220q75.jpg_.avif,https://ae-pic-a1.aliexpress-media.com/kf/S0bfe2eaf764140eb921201349397a141M.jpg_220x220q75.jpg_.avif,https://ae-pic-a1.aliexpress-media.com/kf/S3c456f5278194da0877907d18a4ecb0fS.jpg_220x220q75.jpg_.avif,https://ae-pic-a1.aliexpress-media.com/kf/S295daded2d844ddeb42029ba854f1b99T.jpg_220x220q75.jpg_.avif","['High-concerned chemical', 'None', 'Craft of Weaving', 'Tatting', 'Season', 'All Season', 'Fabric Type', 'Blended', 'Age', 'Middle Age', 'Place Of Origin', 'China (mainland)', 'Model Number', 'DF5253', 'Waistline', 'empire', 'Dresses Length', 'Above Knee , Mini', 'Decoration', 'Sequined', 'Silhouette', 'Straight', 'Pattern Type', 'Solid', 'Style', 'High Street', 'Material', 'POLYESTER', 'Gender', 'Women', 'Origin', 'Mainland China', 'Elasticity', 'Non Strech', 'CN', 'Guangdong', 'Fit Type', 'Regular Fit']",https://www.aliexpress.us/item/3256808450184755.html?algo_pvid=81ef0434-09db-4828-8727-0b1da7ae43fa&algo_exp_id=81ef0434-09db-4828-8727-0b1da7ae43fa-33&pdp_ext_f=%7B%22order%22%3A%22386%22%2C%22eval%22%3A%221%22%2C%22fromPage%22%3A%22search%22%7D&pdp_npi=6%40dis%21USD%2133.04%215.86%21%21%21227.09%2140.27%21%40210123bc17729975019712071eb70a%2112000046045899662%21sea%21US%210%21ABX%211%210%21n_tag%3A-29910%3Bd%3A36285acf%3Bm03_new_user%3A-29895%3BpisId%3A5000000197847450&curPageLogUid=RFRo5X7gSdWI&utparam-url=scene%3Asearch%7Cquery_from%3A%7Cx_object_id%3A1005008636499507%7C_p_origin_prod%3A
Women PU Leather Pleated Mini Skirt Lingerie Hot Outfit Clubwear 449B,$0.99 ,"https://ae-pic-a1.aliexpress-media.com/kf/Sd17ba05781d84afd909f4bf37bfd27eeZ.jpg_220x220q75.jpg_.avif,https://ae-pic-a1.aliexpress-media.com/kf/Se85b62476a4c4ebc8fb7894017495589A.jpg_220x220q75.jpg_.avif,https://ae-pic-a1.aliexpress-media.com/kf/S7b8ffd761a744ebcad1558adf42c93623.jpg_220x220q75.jpg_.avif,https://ae-pic-a1.aliexpress-media.com/kf/S98de7e514df14a0f830129ddb13b5b03h.jpg_220x220q75.jpg_.avif,https://ae-pic-a1.aliexpress-media.com/kf/Scf40d02644d840baae55f2e25eaad071m.jpg_220x220q75.jpg_.avif","['High-concerned chemical', 'None', 'Craft of Weaving', 'Knit', 'Season', 'All Season', 'is_customized', 'No', 'Fabric Type', 'Leather', 'Age', 'Junior', 'Place Of Origin', 'China (mainland)', 'Model Number', '449B6EE714169', 'Waistline', 'empire', 'Dresses Length', 'Above Knee , Mini', 'Decoration', 'None', 'Silhouette', 'A-LINE', 'Pattern Type', 'Solid', 'Style', 'Sexy & Club', 'Material', 'PU,Faux Leather', 'Gender', 'Women', 'Origin', 'Mainland China', 'Elasticity', 'Slight Strech', 'CN', 'Fujian', 'Fit Type', 'Slim', 'CN', 'FUJIAN']",https://www.aliexpress.us/item/3256807944415347.html?algo_pvid=81ef0434-09db-4828-8727-0b1da7ae43fa&algo_exp_id=81ef0434-09db-4828-8727-0b1da7ae43fa-34&pdp_ext_f=%7B%22order%22%3A%22386%22%2C%22eval%22%3A%221%22%2C%22fromPage%22%3A%22search%22%7D&pdp_npi=6%40dis%21USD%215.01%210.99%21%21%215.01%210.99%21%40210123bc17729975019712071eb70a%2112000043909556389%21sea%21US%210%21ABX%211%210%21n_tag%3A-29910%3Bd%3A36285acf%3Bm03_new_user%3A-29895%3BpisId%3A5000000198352206&curPageLogUid=fwag9vVbsiHW&utparam-url=scene%3Asearch%7Cquery_from%3A%7Cx_object_id%3A1005008130730099%7C_p_origin_prod%3A
Silver Sequin Skirt Woman High Waist Mini Skirt Woman Fashion Shiny Glitter Elegant Short Skirts For Women Y2k Skirts,$1.76 ,"https://ae-pic-a1.aliexpress-media.com/kf/S1663e25dcb6d419ea19d3158eaaab7d80.jpg?has_lang=1&ver=1_220x220q75.jpg_.avif,https://ae-pic-a1.aliexpress-media.com/kf/S03c6d92cfb8c4c8eab541c61fb48c6251.jpg_220x220q75.jpg_.avif,https://ae-pic-a1.aliexpress-media.com/kf/S2f547c86ab3540dd8e2f790533e166cet.jpg_220x220q75.jpg_.avif,https://ae-pic-a1.aliexpress-media.com/kf/Sc49107d3b3314f01a50d0c73c5afe4e63.jpg_220x220q75.jpg_.avif,https://ae-pic-a1.aliexpress-media.com/kf/S7725d1969767447690ed951a21a0219fT.jpg_220x220q75.jpg_.avif","['High-concerned chemical', 'None', 'Craft of Weaving', 'Tatting', 'Season', 'All Season', 'Fabric Type', 'Blended', 'Age', 'Middle Age', 'Place Of Origin', 'China (mainland)', 'Waistline', 'empire', 'Dresses Length', 'Above Knee , Mini', 'Decoration', 'Folds', 'Silhouette', 'Straight', 'Pattern Type', 'Solid', 'Style', 'High Street', 'Material', 'POLYESTER', 'Gender', 'Women', 'Origin', 'Mainland China', 'Elasticity', 'Medium Strecth', 'CN', 'Guangdong', 'Fit Type', 'Regular Fit']",https://www.aliexpress.us/item/3256809750489920.html?algo_pvid=81ef0434-09db-4828-8727-0b1da7ae43fa&algo_exp_id=81ef0434-09db-4828-8727-0b1da7ae43fa-35&pdp_ext_f=%7B%22order%22%3A%22385%22%2C%22eval%22%3A%221%22%2C%22fromPage%22%3A%22search%22%7D&pdp_npi=6%40dis%21USD%2119.04%211.76%21%21%21130.83%2112.07%21%40210123bc17729975019712071eb70a%2112000050624822913%21sea%21US%210%21ABX%211%210%21n_tag%3A-29910%3Bd%3A36285acf%3Bm03_new_user%3A-29895%3BpisId%3A5000000197847475&curPageLogUid=yAk4P4ySNnUi&utparam-url=scene%3Asearch%7Cquery_from%3A%7Cx_object_id%3A1005009936804672%7C_p_origin_prod%3A
"Women´s Casual Long Skirts, Solid Color Pleated Big Hem Elastic Waist Loose Fit Skirts, Simple Style Bottoms",$3.96 ,"https://ae-pic-a1.aliexpress-media.com/kf/S7bc3685f86a84719bc6b52e260bbe2b9A.jpg_220x220q75.jpg_.avif,https://ae-pic-a1.aliexpress-media.com/kf/S0cb644e717394ad98cf3aa8158b21c6ad.jpg_220x220q75.jpg_.avif,https://ae-pic-a1.aliexpress-media.com/kf/S206366e22e6844fb913fa4516916f441n.jpg_220x220q75.jpg_.avif,https://ae-pic-a1.aliexpress-media.com/kf/S8359de43903644319b32f9c4cdc5b438j.jpg_220x220q75.jpg_.avif,https://ae-pic-a1.aliexpress-media.com/kf/S5ad4dbb08b434ae0981131ec7c49eb35Q.jpg_220x220q75.jpg_.avif","['High-concerned chemical', 'None', 'Release Date', 'Summer 2024', 'Craft of Weaving', 'Tatting', 'Season', 'Summer', 'is_customized', 'No', 'Fabric Type', 'Broadcloth', 'Age', 'Middle Age', 'Place Of Origin', 'China (mainland)', 'Waistline', 'Natural', 'Dresses Length', 'Mid-Calf', 'Decoration', 'None', 'Silhouette', 'A-LINE', 'Pattern Type', 'Solid', 'Style', 'Casual', 'Material', 'COTTON', 'Gender', 'Women', 'Origin', 'Mainland China', 'Brand Name', 'Meihuida', 'Elasticity', 'Medium Strecth', 'Fit Type', 'Loose']",https://www.aliexpress.us/item/3256807626591073.html?algo_pvid=81ef0434-09db-4828-8727-0b1da7ae43fa&algo_exp_id=81ef0434-09db-4828-8727-0b1da7ae43fa-37&pdp_ext_f=%7B%22order%22%3A%22385%22%2C%22eval%22%3A%221%22%2C%22fromPage%22%3A%22search%22%7D&pdp_npi=6%40dis%21USD%2110.96%211.46%21%21%2175.36%2110.07%21%40210123bc17729975019712071eb70a%2112000042290780129%21sea%21US%210%21ABX%211%210%21n_tag%3A-29910%3Bd%3A36285acf%3Bm03_new_user%3A-29895%3BpisId%3A5000000197847458&curPageLogUid=3HKwSdjhERSi&utparam-url=scene%3Asearch%7Cquery_from%3A%7Cx_object_id%3A1005007812905825%7C_p_origin_prod%3A
Combhasaki Womens Summer Sexy Party Clubwear Shiny Sparkle Sequined Side Split Bowknot Tied Hollowed Low Waist Short Mini Skirts,$6.03 ,"https://ae-pic-a1.aliexpress-media.com/kf/Sbc6c783f210340648ea77b815aae20a7u.jpg_220x220q75.jpg_.avif,https://ae-pic-a1.aliexpress-media.com/kf/Sf94dccff024c484180029475f3eb9d0bu.jpg_220x220q75.jpg_.avif,https://ae-pic-a1.aliexpress-media.com/kf/S84ee7d238dbd467b936232fe7d7f5ab3a.jpg_220x220q75.jpg_.avif,https://ae-pic-a1.aliexpress-media.com/kf/S4fe42bff41fc4445a3507f188e5b0f5eh.jpg_220x220q75.jpg_.avif,https://ae-pic-a1.aliexpress-media.com/kf/Se7b4599ad90044fd8ad557b05352675e3.jpg_220x220q75.jpg_.avif","['High-concerned chemical', 'None', 'Release Date', 'Winter 2024', 'Craft of Weaving', 'Tatting', 'Season', 'Summer', 'is_customized', 'No', 'Fabric Type', 'Broadcloth', 'Age', 'Middle Age', 'Place Of Origin', 'China (mainland)', 'Model Number', 'Mini Skirts', 'Waistline', 'Dropped', 'Dresses Length', 'Above Knee , Mini', 'Decoration', 'Lace-Up', 'Silhouette', 'Pencil', 'Pattern Type', 'Solid', 'Style', 'High Street', 'Material', 'POLYESTER,Elastane', 'Gender', 'Women', 'Origin', 'Mainland China', 'Brand Name', 'Combhasaki', 'Elasticity', 'Slight Strech', 'CN', 'Guangdong,Guangdong', 'Fit Type', 'Regular Fit']",https://www.aliexpress.us/item/3256808274847307.html?algo_pvid=81ef0434-09db-4828-8727-0b1da7ae43fa&algo_exp_id=81ef0434-09db-4828-8727-0b1da7ae43fa-36&pdp_ext_f=%7B%22order%22%3A%22384%22%2C%22eval%22%3A%221%22%2C%22fromPage%22%3A%22search%22%7D&pdp_npi=6%40dis%21USD%2113.03%213.03%21%21%2189.57%2120.84%21%40210123bc17729975019712071eb70a%2112000045231648634%21sea%21US%210%21ABX%211%210%21n_tag%3A-29910%3Bd%3A36285acf%3Bm03_new_user%3A-29895%3BpisId%3A5000000197847450&curPageLogUid=vWM048HFeF9B&utparam-url=scene%3Asearch%7Cquery_from%3A%7Cx_object_id%3A1005008461162059%7C_p_origin_prod%3A
Fashion For Women Black Long Skirts High Waist Slim Seamless Elegant Ladies Gown Casual Summer 2024 New Female Maxi Skirts,$0.99 ,"https://ae-pic-a1.aliexpress-media.com/kf/S86337fd561564ef28e4414d409d62d18A.jpg_220x220q75.jpg_.avif,https://ae-pic-a1.aliexpress-media.com/kf/S86337fd561564ef28e4414d409d62d18A.jpg_220x220q75.jpg_.avif,https://ae-pic-a1.aliexpress-media.com/kf/S7176815d6bf043f388f91bda6c0c4dcfH.jpg_220x220q75.jpg_.avif,https://ae-pic-a1.aliexpress-media.com/kf/Sdc7d6f44cf4c4f71bd630329fa20774be.jpg_220x220q75.jpg_.avif,https://ae-pic-a1.aliexpress-media.com/kf/S496230e5b833476780e24ba3cc8a0dd9Y.jpg_220x220q75.jpg_.avif","['High-concerned chemical', 'None', 'Season', 'Autumn/Winter', 'is_customized', 'Yes', 'Fabric Type', 'Blended', 'Age', 'Middle Age', 'Place Of Origin', 'China (mainland)', 'Model Number', 'DF-1990', 'Waistline', 'Natural', 'Dresses Length', 'Ankle-Length', 'Decoration', 'None', 'Silhouette', 'Pencil', 'Pattern Type', 'Solid', 'Style', 'Casual', 'Material', 'COTTON,POLYESTER', 'Gender', 'Women', 'Origin', 'Mainland China', 'Brand Name', 'Dozw', 'Elasticity', 'Medium Strecth', 'CN', 'Zhejiang', 'Fit Type', 'Slim']",https://www.aliexpress.us/item/3256807535154738.html?algo_pvid=81ef0434-09db-4828-8727-0b1da7ae43fa&algo_exp_id=81ef0434-09db-4828-8727-0b1da7ae43fa-38&pdp_ext_f=%7B%22order%22%3A%22382%22%2C%22eval%22%3A%221%22%2C%22fromPage%22%3A%22search%22%7D&pdp_npi=6%40dis%21USD%2116.39%210.99%21%21%21112.62%216.78%21%40210123bc17729975019712071eb70a%2112000042536140390%21sea%21US%210%21ABX%211%210%21n_tag%3A-29910%3Bd%3A36285acf%3Bm03_new_user%3A-29895%3BpisId%3A5000000197847475&curPageLogUid=1VLgFXg9CApM&utparam-url=scene%3Asearch%7Cquery_from%3A%7Cx_object_id%3A1005007721469490%7C_p_origin_prod%3A
Femal Glossy Short Skirt Pleated Skirts Patent Leather Oily Shiny soft Miniskirt Dance A-Line Solid Color Skirt Erotic Clubwear,$1.34 ,"https://ae-pic-a1.aliexpress-media.com/kf/S95353b2396744186ab104257161b0087D.jpeg_220x220q75.jpeg_.avif,https://ae-pic-a1.aliexpress-media.com/kf/S95353b2396744186ab104257161b0087D.jpeg_220x220q75.jpeg_.avif,https://ae-pic-a1.aliexpress-media.com/kf/S8db1dcbb3074497eb65b0d0fb85258f8i.jpeg_220x220q75.jpeg_.avif,https://ae-pic-a1.aliexpress-media.com/kf/S35477a5c9baa4568996baf8b516f228c0.jpeg_220x220q75.jpeg_.avif,https://ae-pic-a1.aliexpress-media.com/kf/S9717d947d38345c59c97390b988d6dbeW.jpeg_220x220q75.jpeg_.avif","['High-concerned chemical', 'None', 'Craft of Weaving', 'Tatting', 'Season', 'Summer', 'is_customized', 'Yes', 'Fabric Type', 'Broadcloth', 'Age', 'Middle Age', 'Place Of Origin', 'China (mainland)', 'Waistline', 'Dropped', 'Dresses Length', 'Above Knee , Mini', 'Decoration', 'None', 'Silhouette', 'Pencil', 'Pattern Type', 'Solid', 'Style', 'Casual', 'Material', 'Leather', 'Gender', 'Women', 'Origin', 'Mainland China', 'Elasticity', 'Slight Strech', 'CN', 'Guangdong', 'Fit Type', 'Slim', 'Color', 'Oily Shiny', 'Slight Strech', 'Breathable', 'Lounge', 'Fashion', 'Lingerie', 'Underpants', 'Panties', 'calcinha']",https://www.aliexpress.us/item/3256807314958656.html?algo_pvid=81ef0434-09db-4828-8727-0b1da7ae43fa&algo_exp_id=81ef0434-09db-4828-8727-0b1da7ae43fa-39&pdp_ext_f=%7B%22order%22%3A%22381%22%2C%22eval%22%3A%221%22%2C%22fromPage%22%3A%22search%22%7D&pdp_npi=6%40dis%21USD%218.34%211.34%21%21%2157.35%219.24%21%40210123bc17729975019712071eb70a%2112000041041230212%21sea%21US%210%21ABX%211%210%21n_tag%3A-29910%3Bd%3A36285acf%3Bm03_new_user%3A-29895%3BpisId%3A5000000197847475&curPageLogUid=50rY1nbvNOMg&utparam-url=scene%3Asearch%7Cquery_from%3A%7Cx_object_id%3A1005007501273408%7C_p_origin_prod%3A
16 Colors Sexy Solid Zipper Orange Blue Black Red Bandage Skirt Women Elastic Bodycon Summer XL XXL Pencil Skirts 58cm,$14.06 ,"https://ae-pic-a1.aliexpress-media.com/kf/S7feb67ca8e014e238f08588a7977596e8.jpg_220x220q75.jpg_.avif,https://ae-pic-a1.aliexpress-media.com/kf/S7feb67ca8e014e238f08588a7977596e8.jpg_220x220q75.jpg_.avif,https://ae-pic-a1.aliexpress-media.com/kf/S3342ec3b2dfe49cb80607fed1f675a4fQ.jpg_220x220q75.jpg_.avif,https://ae-pic-a1.aliexpress-media.com/kf/Sd57f51b47fa946b3b0a6f2f6d33b74d8k.jpg_220x220q75.jpg_.avif,https://ae-pic-a1.aliexpress-media.com/kf/S3415018876984c1696f97d12ea4ad88bq.jpg_220x220q75.jpg_.avif","['High-concerned chemical', 'None', 'Craft of Weaving', 'Knit', 'Season', 'All Season', 'is_customized', 'No', 'Fabric Type', 'Knitted', 'Age', 'Middle Age', 'Place Of Origin', 'China (mainland)', 'Model Number', 'H888', 'Waistline', 'Natural', 'Dresses Length', 'Above Knee , Mini', 'Decoration', 'None', 'Silhouette', 'Pencil', 'Pattern Type', 'Solid', 'Style', 'Sexy & Club', 'Material', 'POLYESTER,Elastane', 'Gender', 'Women', 'Origin', 'Mainland China', 'Brand Name', 'swtao', 'Elasticity', 'Medium Strecth', 'CN', 'Guangdong', 'Fit Type', 'Slim', 'Length', '58CM', 'Closure Type', 'Zipper', 'Season', 'Summer', 'Thickness', 'Regular', 'Fit Type', 'Skinny']",https://www.aliexpress.us/item/2251832348109151.html?algo_pvid=81ef0434-09db-4828-8727-0b1da7ae43fa&algo_exp_id=81ef0434-09db-4828-8727-0b1da7ae43fa-40&pdp_ext_f=%7B%22order%22%3A%22381%22%2C%22eval%22%3A%221%22%2C%22fromPage%22%3A%22search%22%7D&pdp_npi=6%40dis%21USD%2121.06%2111.06%21%21%2121.06%2111.06%21%40210123bc17729975019712071eb70a%2167400627141%21sea%21US%210%21ABX%211%210%21n_tag%3A-29910%3Bd%3A36285acf%3Bm03_new_user%3A-29895%3BpisId%3A5000000197847450&curPageLogUid=aIs9NFSHwPTQ&utparam-url=scene%3Asearch%7Cquery_from%3A%7Cx_object_id%3A32534423903%7C_p_origin_prod%3A
Women's Elegant 16 Color High Waist Elastic Waist Linen Pleated Long Skirts Ladies Slim Casual Skirt Saias New 2024 Summer SK05,$5.35 ,"https://ae-pic-a1.aliexpress-media.com/kf/HTB1Vm4oajnuK1RkSmFPq6AuzFXaj.jpg_220x220q75.jpg_.avif,https://ae-pic-a1.aliexpress-media.com/kf/HTB1Vm4oajnuK1RkSmFPq6AuzFXaj.jpg_220x220q75.jpg_.avif,https://ae-pic-a1.aliexpress-media.com/kf/HTB1o.FfacfrK1RkSmLyq6xGApXaG.jpg_220x220q75.jpg_.avif,https://ae-pic-a1.aliexpress-media.com/kf/HTB1TGxhacfrK1RjSszcq6xGGFXa7.jpg_220x220q75.jpg_.avif,https://ae-pic-a1.aliexpress-media.com/kf/HTB1n2pjadjvK1RjSspiq6AEqXXaP.jpg_220x220q75.jpg_.avif","['High-concerned chemical', 'None', 'Craft of Weaving', 'Knit', 'Season', 'Spring/Summer', 'is_customized', 'No', 'Fabric Type', 'Cotton linen', 'Age', 'Middle Age', 'Place Of Origin', 'China (mainland)', 'Model Number', 'SK05', 'Waistline', 'empire', 'Dresses Length', 'Mid-Calf', 'Decoration', 'None', 'Silhouette', 'A-LINE', 'Pattern Type', 'Solid', 'Style', 'Casual', 'Material', 'COTTON,Linen', 'Gender', 'Women', 'Origin', 'Mainland China', 'Brand Name', 'Deturbg', 'Elasticity', 'Slight Strech', 'CN', 'Zhejiang', 'Fit Type', 'Regular Fit', 'Color', '16 Colors', 'Lining', 'Yes', 'Color Style', 'Natural Color']",https://www.aliexpress.us/item/2251832160902961.html?algo_pvid=81ef0434-09db-4828-8727-0b1da7ae43fa&algo_exp_id=81ef0434-09db-4828-8727-0b1da7ae43fa-41&pdp_ext_f=%7B%22order%22%3A%22381%22%2C%22eval%22%3A%221%22%2C%22fromPage%22%3A%22search%22%7D&pdp_npi=6%40dis%21USD%2112.35%212.35%21%21%2112.35%212.35%21%40210123bc17729975019712071eb70a%2165246834439%21sea%21US%210%21ABX%211%210%21n_tag%3A-29910%3Bd%3A36285acf%3Bm03_new_user%3A-29895%3BpisId%3A5000000197847450&curPageLogUid=zVVhojKdIAIg&utparam-url=scene%3Asearch%7Cquery_from%3A%7Cx_object_id%3A32347217713%7C_p_origin_prod%3A
KONDALA Sexy Party Sequined Mini Skirts Women's Hip Wrap Sequin Mini Skirts 2026 Spring Summer Fashion Dinner Date Ladies Skirts,$9.82 ,"https://ae-pic-a1.aliexpress-media.com/kf/S768f3a8784814b1daf3f8c159bb97bf4t.png?has_lang=1&ver=2_220x220.png_.avif,https://ae-pic-a1.aliexpress-media.com/kf/S768f3a8784814b1daf3f8c159bb97bf4t.png?has_lang=1&ver=2_220x220.png_.avif,https://ae-pic-a1.aliexpress-media.com/kf/Sb390afbbfee04b67996b157f9d9f0b32D.png?has_lang=1&ver=2_220x220.png_.avif,https://ae-pic-a1.aliexpress-media.com/kf/Sd24fb4baf1034ad098383f27411cc15b4.png?has_lang=1&ver=2_220x220.png_.avif,https://ae-pic-a1.aliexpress-media.com/kf/S9f3e04c896e54e7c85e4e06ffb45122fC.png?has_lang=1&ver=2_220x220.png_.avif","['Occasion', 'Party', 'Festival', ""Valentine's Day"", 'High-concerned chemical', 'None', 'Release Date', 'Winter 2025', 'Craft of Weaving', 'Tatting', 'Season', 'All Season', 'is_customized', 'No', 'Fabric Type', 'POLYESTER', 'Age', 'Middle Age', 'Place Of Origin', 'China (mainland)', 'Model Number', 'W12199980', 'Waistline', 'Natural', 'Dresses Length', 'Above Knee , Mini', 'Decoration', 'Sequined', 'Silhouette', 'A-LINE', 'Pattern Type', 'Solid', 'Style', 'Hotsweet', 'Material', 'POLYESTER', 'Gender', 'Women', 'Origin', 'Mainland China', 'Brand Name', 'KONDALA', 'Elasticity', 'Non Strech', 'CN', 'Jiangsu', 'Fit Type', 'Regular Fit']",https://www.aliexpress.us/item/3256810157607319.html?algo_pvid=81ef0434-09db-4828-8727-0b1da7ae43fa&algo_exp_id=81ef0434-09db-4828-8727-0b1da7ae43fa-42&pdp_ext_f=%7B%22order%22%3A%22380%22%2C%22spu_best_type%22%3A%22price%22%2C%22eval%22%3A%221%22%2C%22fromPage%22%3A%22search%22%7D&pdp_npi=6%40dis%21USD%2135.78%216.82%21%21%21245.90%2146.84%21%40210123bc17729975019712071eb70a%2112000052301395783%21sea%21US%210%21ABX%211%210%21n_tag%3A-29910%3Bd%3A36285acf%3Bm03_new_user%3A-29895%3BpisId%3A5000000197847450&curPageLogUid=atZ2hJY27niE&utparam-url=scene%3Asearch%7Cquery_from%3A%7Cx_object_id%3A1005010343922071%7C_p_origin_prod%3A
Women Black Gothic A-line Cake Skirt Vintage Y2k Skirt Aesthetic Harajuku Korean Elegant Kawaii Emo Skirts 2000s Trashy Clothes,$24.18 ,"https://ae-pic-a1.aliexpress-media.com/kf/S7f85ca22b125425e9bf56d63b1b9756fK.png_220x220.png_.avif,https://ae-pic-a1.aliexpress-media.com/kf/S7f85ca22b125425e9bf56d63b1b9756fK.png_220x220.png_.avif,https://ae-pic-a1.aliexpress-media.com/kf/S7d601ca9722a4346b9e689ac3dbaff7e3.jpg_220x220q75.jpg_.avif,https://ae-pic-a1.aliexpress-media.com/kf/S8a052af7202e482ebcf68a4827bcb12fT.jpg_220x220q75.jpg_.avif,https://ae-pic-a1.aliexpress-media.com/kf/S8daccd4e372e472ebab32cfb728cdb3bY.jpg?has_lang=1&ver=1_220x220q75.jpg_.avif","['High-concerned chemical', 'None', 'Craft of Weaving', 'Tatting', 'Season', 'Spring/Summer', 'is_customized', 'No', 'Fabric Type', 'Blended', 'Age', 'Junior', 'Place Of Origin', 'China (mainland)', 'Model Number', 'M078', 'Waistline', 'empire', 'Dresses Length', 'Above Knee , Mini', 'Decoration', 'Folds', 'Silhouette', 'Ball Gown', 'Pattern Type', 'Solid', 'Style', 'Lolita Style', 'Material', 'POLYESTER', 'Gender', 'Women', 'Origin', 'Mainland China', 'Brand Name', 'MODX', 'Elasticity', 'Non Strech', 'CN', 'Guangdong', 'Fit Type', 'Regular Fit']",https://www.aliexpress.us/item/3256807368198651.html?algo_pvid=81ef0434-09db-4828-8727-0b1da7ae43fa&algo_exp_id=81ef0434-09db-4828-8727-0b1da7ae43fa-44&pdp_ext_f=%7B%22order%22%3A%22380%22%2C%22spu_best_type%22%3A%22price%22%2C%22eval%22%3A%221%22%2C%22fromPage%22%3A%22search%22%7D&pdp_npi=6%40dis%21USD%2130.22%2114.18%21%21%21207.69%2197.42%21%40210123bc17729975019712071eb70a%2112000041274899735%21sea%21US%210%21ABX%211%210%21n_tag%3A-29910%3Bd%3A36285acf%3Bm03_new_user%3A-29895%3BpisId%3A5000000197847450&curPageLogUid=eUxSOMxHlhrJ&utparam-url=scene%3Asearch%7Cquery_from%3A%7Cx_object_id%3A1005007554513403%7C_p_origin_prod%3A
ZANZEA Women Satin Silk Black Long Skirts Elegant Luxury A-Line Party Jupe Femme Waist Zipper Oversized Bohemian Casual Dresses,$17.11 ,"https://ae-pic-a1.aliexpress-media.com/kf/S8330a6434d204967b4928582ad4b7303V.jpg?has_lang=1&ver=2_220x220q75.jpg_.avif,https://ae-pic-a1.aliexpress-media.com/kf/Sfc22057cb6ae46a483d234bbf000c8f0N.jpg?has_lang=1&ver=2_220x220q75.jpg_.avif,https://ae-pic-a1.aliexpress-media.com/kf/S3b7916e5ad4f4b8b93e85675fadbc866A.jpg?has_lang=1&ver=2_220x220q75.jpg_.avif,https://ae-pic-a1.aliexpress-media.com/kf/S6d04102a9ed8479ca1349b1d7a7d2031q.jpg?has_lang=1&ver=2_220x220q75.jpg_.avif,https://ae-pic-a1.aliexpress-media.com/kf/S2eff03b66bde4d829ff7bc653a7bb6751.jpg?has_lang=1&ver=2_220x220q75.jpg_.avif","['Occasion', 'Party', 'High-concerned chemical', 'None', 'Craft of Weaving', 'Tatting', 'Season', 'All Season', 'is_customized', 'No', 'Fabric Type', 'Satin', 'Age', 'Middle Age', 'Place Of Origin', 'China (mainland)', 'Model Number', 'Autumn Skirt', 'Waistline', 'empire', 'Dresses Length', 'Ankle-Length', 'Decoration', 'None', 'Silhouette', 'A-LINE', 'Pattern Type', 'Solid', 'Style', 'Office Lady', 'Material', 'POLYESTER', 'Gender', 'Women', 'Origin', 'Mainland China', 'Brand Name', 'ZANZEA', 'Elasticity', 'Non Strech', 'CN', 'Guangdong', 'Fit Type', 'Slim']",https://www.aliexpress.us/item/3256803904821168.html?algo_pvid=81ef0434-09db-4828-8727-0b1da7ae43fa&algo_exp_id=81ef0434-09db-4828-8727-0b1da7ae43fa-45&pdp_ext_f=%7B%22order%22%3A%22380%22%2C%22eval%22%3A%221%22%2C%22fromPage%22%3A%22search%22%7D&pdp_npi=6%40dis%21USD%2125.54%2117.11%21%21%2125.54%2117.11%21%40210123bc17729975019712071eb70a%2112000028000818766%21sea%21US%210%21ABX%211%210%21n_tag%3A-29910%3Bd%3A36285acf%3Bm03_new_user%3A-29895&curPageLogUid=JyQtIcREMOMp&utparam-url=scene%3Asearch%7Cquery_from%3A%7Cx_object_id%3A1005004091135920%7C_p_origin_prod%3A
Seoulish Vintage Polka Dot Satin Mermaid Skirts for Women 2026 New Spring Summer High Waist Casual Mid Length Women's Skirts,$10.87 ,"https://ae-pic-a1.aliexpress-media.com/kf/S61ac34123f1049aa862feb335310d23d9.jpg?has_lang=1&ver=1_220x220q75.jpg_.avif,https://ae-pic-a1.aliexpress-media.com/kf/S92b90147cbac4a8383d8c9691ad35e15B.jpg?has_lang=1&ver=1_220x220q75.jpg_.avif,https://ae-pic-a1.aliexpress-media.com/kf/S01d357002cb04d02927eb58710a183dbp.jpg?has_lang=1&ver=1_220x220q75.jpg_.avif,https://ae-pic-a1.aliexpress-media.com/kf/S62b04572f3a2416cab6b53fa8be2153bU.jpg?has_lang=1&ver=1_220x220q75.jpg_.avif,https://ae-pic-a1.aliexpress-media.com/kf/S48cd653cd8984be69fddc737151959f5g.jpg_220x220q75.jpg_.avif","['Occasion', 'Beach', 'High-concerned chemical', 'None', 'Release Date', 'Summer 2026', 'Craft of Weaving', 'Tatting', 'Season', 'Spring/Summer', 'is_customized', 'No', 'Fabric Type', 'Blended', 'Age', 'Middle Age', 'Place Of Origin', 'China (mainland)', 'Waistline', 'empire', 'Dresses Length', 'Knee-Length', 'Decoration', 'None', 'Silhouette', 'Trumpet / Mermaid', 'Pattern Type', 'Dot', 'Style', 'Casual', 'Material', 'POLYESTER,Lycra', 'Gender', 'Women', 'Origin', 'Mainland China', 'Brand Name', 'Seoulish', 'Elasticity', 'Non Strech', 'CN', 'Guangdong', 'Fit Type', 'Slim']",https://www.aliexpress.us/item/3256809773907011.html?algo_pvid=81ef0434-09db-4828-8727-0b1da7ae43fa&algo_exp_id=81ef0434-09db-4828-8727-0b1da7ae43fa-47&pdp_ext_f=%7B%22order%22%3A%22376%22%2C%22eval%22%3A%221%22%2C%22orig_sl_item_id%22%3A%221005009960221763%22%2C%22orig_item_id%22%3A%221005008641862865%22%2C%22fromPage%22%3A%22search%22%7D&pdp_npi=6%40dis%21USD%2137.23%218.37%21%21%21255.90%2157.54%21%40210123bc17729975019712071eb70a%2112000050697434922%21sea%21US%210%21ABX%211%210%21n_tag%3A-29910%3Bd%3A36285acf%3Bm03_new_user%3A-29895%3BpisId%3A5000000197847458&curPageLogUid=l6NK6uaZ9M5H&utparam-url=scene%3Asearch%7Cquery_from%3A%7Cx_object_id%3A1005009960221763%7C_p_origin_prod%3A1005008641862865
New Contrast Lace Plaid Pleated Skirt Vintage Sexy Skater Clothes Harajuku Gothic Punk England Style Y2k Skirt,$1.39 ,"https://ae-pic-a1.aliexpress-media.com/kf/Sb26a3ef2422f439a9d0136d0d8888936h.jpg_220x220q75.jpg_.avif,https://ae-pic-a1.aliexpress-media.com/kf/Sbc745902f5714b96abc0615089d8ecc5C.jpg_220x220q75.jpg_.avif,https://ae-pic-a1.aliexpress-media.com/kf/S3d2a7728a21e4137a6568cd18b8d4446D.jpg_220x220q75.jpg_.avif,https://ae-pic-a1.aliexpress-media.com/kf/S5ac66c9d2c9e4c479d3c918ab24ae0b12.jpg_220x220q75.jpg_.avif,https://ae-pic-a1.aliexpress-media.com/kf/S92bf4986f15c47399ddd442660b9a6c3f.jpg_220x220q75.jpg_.avif","['High-concerned chemical', 'None', 'Craft of Weaving', 'Tatting', 'Season', 'All Season', 'Fabric Type', 'TWILL', 'Age', 'Junior', 'Waistline', 'empire', 'Dresses Length', 'Above Knee , Mini', 'Decoration', 'Lace', 'Silhouette', 'A-LINE', 'Pattern Type', 'Plaid', 'Style', 'England Style', 'Material', 'POLYESTER', 'Gender', 'Women', 'Origin', 'Mainland China', 'Brand Name', 'CORLVON', 'Elasticity', 'Non Strech', 'CN', 'Hubei', 'Fit Type', 'Regular Fit']",https://www.aliexpress.us/item/3256806791258463.html?algo_pvid=81ef0434-09db-4828-8727-0b1da7ae43fa&algo_exp_id=81ef0434-09db-4828-8727-0b1da7ae43fa-48&pdp_ext_f=%7B%22order%22%3A%22376%22%2C%22eval%22%3A%221%22%2C%22fromPage%22%3A%22search%22%7D&pdp_npi=6%40dis%21USD%2116.65%211.39%21%21%21114.41%219.53%21%40210123bc17729975019712071eb70a%2112000038939418755%21sea%21US%210%21ABX%211%210%21n_tag%3A-29910%3Bd%3A36285acf%3Bm03_new_user%3A-29895%3BpisId%3A5000000197847475&curPageLogUid=Cz6WkruYSQfH&utparam-url=scene%3Asearch%7Cquery_from%3A%7Cx_object_id%3A1005006977573215%7C_p_origin_prod%3A
2025 Women Summer MIDI Skirts Fashion Print Side Zipper Female ELegant Street Skirt Clothing,$5.76 ,"https://ae-pic-a1.aliexpress-media.com/kf/S2ee4e30430284a91918db81eb1986b444.jpg_220x220q75.jpg_.avif,https://ae-pic-a1.aliexpress-media.com/kf/S6551a696639f4c379e8424dd7ce0def6U.jpg_220x220q75.jpg_.avif,https://ae-pic-a1.aliexpress-media.com/kf/Sf77124947e4f40a8a694d61c32bca0951.jpg_220x220q75.jpg_.avif,https://ae-pic-a1.aliexpress-media.com/kf/Sf50b5993a2d643528d052857eb5896940.jpg_220x220q75.jpg_.avif,https://ae-pic-a1.aliexpress-media.com/kf/S1a2c733f54d14ceb966c24b02525ae7df.jpg_220x220q75.jpg_.avif","['Occasion', 'Beach', 'Festival', 'Carnivals', 'High-concerned chemical', 'None', 'Release Date', 'Spring 2025', 'Craft of Weaving', 'Tatting', 'Season', 'Summer', 'is_customized', 'No', 'Fabric Type', 'Herringbone', 'Age', 'Middle Age', 'Place Of Origin', 'China (mainland)', 'Model Number', 'BB6316', 'Waistline', 'empire', 'Dresses Length', 'Mid-Calf', 'Decoration', 'None', 'Silhouette', 'A-LINE', 'Pattern Type', 'Print', 'Style', 'Vintage', 'Material', 'POLYESTER', 'Gender', 'Women', 'Origin', 'Mainland China', 'Brand Name', 'Kumsvag', 'Elasticity', 'Non Strech', 'CN', 'Jiangsu', 'Fit Type', 'Loose']",https://www.aliexpress.us/item/3256808633470640.html?algo_pvid=81ef0434-09db-4828-8727-0b1da7ae43fa&algo_exp_id=81ef0434-09db-4828-8727-0b1da7ae43fa-49&pdp_ext_f=%7B%22order%22%3A%22375%22%2C%22spu_best_type%22%3A%22price%22%2C%22eval%22%3A%221%22%2C%22fromPage%22%3A%22search%22%7D&pdp_npi=6%40dis%21USD%2125.52%212.76%21%21%21175.38%2118.96%21%40210123bc17729975019712071eb70a%2112000046806422665%21sea%21US%210%21ABX%211%210%21n_tag%3A-29910%3Bd%3A36285acf%3Bm03_new_user%3A-29895%3BpisId%3A5000000197847450&curPageLogUid=NyL1xDQtHg3t&utparam-url=scene%3Asearch%7Cquery_from%3A%7Cx_object_id%3A1005008819785392%7C_p_origin_prod%3A
Xpqbb Summer Denim Short Skirt for Women Sexy Slim High Wiast Wrap Hip Mini Skirts Woman Korean Chic Pockets Shorts Jeans Skirt,$3.80 ,"https://ae-pic-a1.aliexpress-media.com/kf/Sa97fd385b3c94961beb8703735e945c0F.jpg_220x220q75.jpg_.avif,https://ae-pic-a1.aliexpress-media.com/kf/S8deead75529c41048760676ea71d84a8D.jpg_220x220q75.jpg_.avif,https://ae-pic-a1.aliexpress-media.com/kf/S2de39b936cfd46c8b337fcb7a41e1421G.jpg_220x220q75.jpg_.avif,https://ae-pic-a1.aliexpress-media.com/kf/Sc8bd7c1274184342bd942101577ef127i.jpg_220x220q75.jpg_.avif,https://ae-pic-a1.aliexpress-media.com/kf/S360d86bb675b44608b316d0361a9bbe7K.jpg_220x220q75.jpg_.avif","['High-concerned chemical', 'None', 'Release Date', 'Summer 2024', 'Craft of Weaving', 'Tatting', 'Season', 'Summer', 'Fabric Type', 'Denim', 'Age', 'Junior', 'Place Of Origin', 'China (mainland)', 'Model Number', 'Y6742', 'Waistline', 'empire', 'Dresses Length', 'Above Knee , Mini', 'Decoration', 'Pockets', 'Silhouette', 'A-LINE', 'Pattern Type', 'Solid', 'Style', 'Office Lady', 'Material', 'COTTON,POLYESTER', 'Gender', 'Women', 'Origin', 'Mainland China', 'Brand Name', 'XPQBB', 'Elasticity', 'Medium Strecth', 'CN', 'Zhejiang', 'Fit Type', 'Slim']",https://www.aliexpress.us/item/3256806827818569.html?algo_pvid=81ef0434-09db-4828-8727-0b1da7ae43fa&algo_exp_id=81ef0434-09db-4828-8727-0b1da7ae43fa-51&pdp_ext_f=%7B%22order%22%3A%22374%22%2C%22spu_best_type%22%3A%22price%22%2C%22eval%22%3A%221%22%2C%22fromPage%22%3A%22search%22%7D&pdp_npi=6%40dis%21USD%2121.31%210.99%21%21%21146.47%216.80%21%40210123bc17729975019712071eb70a%2112000039071621411%21sea%21US%210%21ABX%211%210%21n_tag%3A-29910%3Bd%3A36285acf%3Bm03_new_user%3A-29895%3BpisId%3A5000000197847450&curPageLogUid=fxJBwZAwbjc8&utparam-url=scene%3Asearch%7Cquery_from%3A%7Cx_object_id%3A1005007014133321%7C_p_origin_prod%3A
Y2k Gothic Punk Black White Short Skirt Women Hot Chick Darkly Polka Dot Ruffle Cake Skirt Female Sweet Chic Lolita Lace Skirts,$0.99 ,"https://ae-pic-a1.aliexpress-media.com/kf/S091d67fc32dd41f9bdabb68556bbaddae.jpg_220x220q75.jpg_.avif,https://ae-pic-a1.aliexpress-media.com/kf/S80586c1a55af485a93a9608bf872a637J.jpg_220x220q75.jpg_.avif,https://ae-pic-a1.aliexpress-media.com/kf/S4977ac0acb86461882716e2a24a35dacA.jpg_220x220q75.jpg_.avif,https://ae-pic-a1.aliexpress-media.com/kf/S188fb855c58b49e4ade5fe47f127ce2fI.jpg_220x220q75.jpg_.avif,https://ae-pic-a1.aliexpress-media.com/kf/Sf3b01ec6b0ca4d3ab0d7d88f4bfb1c56Q.jpg?has_lang=1&ver=2_220x220q75.jpg_.avif","['High-concerned chemical', 'None', 'Release Date', 'Autumn 2024', 'Craft of Weaving', 'Tatting', 'Season', 'Spring/Summer', 'is_customized', 'No', 'Fabric Type', 'Blended', 'Age', 'Middle Age', 'Place Of Origin', 'China (mainland)', 'Model Number', 'HH03148', 'Waistline', 'empire', 'Dresses Length', 'Mid-Calf', 'Decoration', 'None', 'Silhouette', 'A-LINE', 'Pattern Type', 'Solid', 'Style', 'Casual', 'Material', 'POLYESTER', 'Gender', 'Women', 'Origin', 'Mainland China', 'Brand Name', 'Miss Tough', 'Elasticity', 'Non Strech', 'CN', 'Guangdong', 'Fit Type', 'Loose']",https://www.aliexpress.us/item/3256808295033068.html?algo_pvid=81ef0434-09db-4828-8727-0b1da7ae43fa&algo_exp_id=81ef0434-09db-4828-8727-0b1da7ae43fa-52&pdp_ext_f=%7B%22order%22%3A%22373%22%2C%22eval%22%3A%221%22%2C%22fromPage%22%3A%22search%22%7D&pdp_npi=6%40dis%21USD%215.93%210.99%21%21%215.93%210.99%21%40210123bc17729975019712071eb70a%2112000045338244586%21sea%21US%210%21ABX%211%210%21n_tag%3A-29910%3Bd%3A36285acf%3Bm03_new_user%3A-29895%3BpisId%3A5000000197847450&curPageLogUid=2xIvDEyxIt7O&utparam-url=scene%3Asearch%7Cquery_from%3A%7Cx_object_id%3A1005008481347820%7C_p_origin_prod%3A
Elegant Fashionable European Style Women's Midi Skirt With Satin Texture Versatile Solid Color Bright Light Sensation Long Dress,$13.32 ,"https://ae-pic-a1.aliexpress-media.com/kf/Sa5983fe8356c4bdb8127010a098e5205U.jpg_220x220q75.jpg_.avif,https://ae-pic-a1.aliexpress-media.com/kf/S151dcd58cd6f4743a1ac90657ea927eaf.jpg_220x220q75.jpg_.avif,https://ae-pic-a1.aliexpress-media.com/kf/Se9d59308684f4b9f9d75e08ed4d8cd34P.jpg?has_lang=1&ver=2_220x220q75.jpg_.avif,https://ae-pic-a1.aliexpress-media.com/kf/S20aeae8d83c14e0cb48a0a71b2e6f026X.jpg_220x220q75.jpg_.avif,https://ae-pic-a1.aliexpress-media.com/kf/S7d59633e08f64cd388c2af28e6598289r.jpg_220x220q75.jpg_.avif","['Season', 'All Season', 'Fabric Type', 'Satin,Simulated Silk', 'Decoration', 'None', 'Pattern Type', 'Other', 'Style', 'American Retro', 'Material', 'POLYESTER', 'Origin', 'Mainland China', 'Fit Type', 'Slim']",https://www.aliexpress.us/item/3256808318984116.html?algo_pvid=81ef0434-09db-4828-8727-0b1da7ae43fa&algo_exp_id=81ef0434-09db-4828-8727-0b1da7ae43fa-53&pdp_ext_f=%7B%22order%22%3A%22371%22%2C%22eval%22%3A%221%22%2C%22fromPage%22%3A%22search%22%7D&pdp_npi=6%40dis%21USD%2145.16%2110.32%21%21%2145.16%2110.32%21%40210123bc17729975019712071eb70a%2112000045464546213%21sea%21US%210%21ABX%211%210%21n_tag%3A-29910%3Bd%3A36285acf%3Bm03_new_user%3A-29895%3BpisId%3A5000000197847450&curPageLogUid=cdqr4KdqTlNG&utparam-url=scene%3Asearch%7Cquery_from%3A%7Cx_object_id%3A1005008505298868%7C_p_origin_prod%3A
2025 Chic Korea Clothes Summer Women Cute Sweet GIrl Floral Robe Holiday Date High Waist Retro Vintage One-Piece Lace-Up Skirts,$17.01 ,"https://ae-pic-a1.aliexpress-media.com/kf/S1967eb0de9744edd8dfec41dda302310Y.jpg_220x220q75.jpg_.avif,https://ae-pic-a1.aliexpress-media.com/kf/S1967eb0de9744edd8dfec41dda302310Y.jpg_220x220q75.jpg_.avif,https://ae-pic-a1.aliexpress-media.com/kf/S3fcb18a938c241a8b95d60af6c3fcb316.jpg_220x220q75.jpg_.avif,https://ae-pic-a1.aliexpress-media.com/kf/Sc66b0136b947461caa8756a6dd0edec8f.jpg_220x220q75.jpg_.avif,https://ae-pic-a1.aliexpress-media.com/kf/Scd1b4ab90fd24066a1a518e95afba354r.jpg_220x220q75.jpg_.avif","['Occasion', 'Beach', 'Festival', ""Valentine's Day"", 'High-concerned chemical', 'None', 'Craft of Weaving', 'Tatting', 'Season', 'Summer', 'is_customized', 'No', 'Fabric Type', 'Chiffon', 'Age', 'Junior', 'Place Of Origin', 'China (mainland)', 'Model Number', '9628', 'Waistline', 'empire', 'Dresses Length', 'Mid-Calf', 'Decoration', 'None', 'Silhouette', 'A-LINE', 'Pattern Type', 'Floral', 'Style', 'Preppy Style', 'Material', 'Microfiber,POLYESTER', 'Gender', 'Women', 'Origin', 'Mainland China', 'Brand Name', 'FLHJLWOC', 'Elasticity', 'Non Strech', 'CN', 'Guangdong', 'Fit Type', 'Regular Fit']",https://www.aliexpress.us/item/3256805579365075.html?algo_pvid=81ef0434-09db-4828-8727-0b1da7ae43fa&algo_exp_id=81ef0434-09db-4828-8727-0b1da7ae43fa-57&pdp_ext_f=%7B%22order%22%3A%22371%22%2C%22spu_best_type%22%3A%22price%22%2C%22eval%22%3A%221%22%2C%22fromPage%22%3A%22search%22%7D&pdp_npi=6%40dis%21USD%2120.74%2117.01%21%21%2120.74%2117.01%21%40210123bc17729975019712071eb70a%2112000034274625560%21sea%21US%210%21ABX%211%210%21n_tag%3A-29910%3Bd%3A36285acf%3Bm03_new_user%3A-29895&curPageLogUid=dYAhKUgXRtVB&utparam-url=scene%3Asearch%7Cquery_from%3A%7Cx_object_id%3A1005005765679827%7C_p_origin_prod%3A
BSAY Lace Asymmetry Satin Texture Skirt Women Fashion Autumn Winter New Solid Chic Female High Waist Elegant Skirts Mujer,$10.28 ,"https://ae-pic-a1.aliexpress-media.com/kf/Sebf6d41b699e40cdb3c126d79b7b5bbav.jpg?has_lang=1&ver=2_220x220q75.jpg_.avif,https://ae-pic-a1.aliexpress-media.com/kf/S53d9a38c958d490fa7cc469845de94d03.jpg_220x220q75.jpg_.avif,https://ae-pic-a1.aliexpress-media.com/kf/S79e940b9c8ed4a0abb5cf81ecb0764933.jpg_220x220q75.jpg_.avif,https://ae-pic-a1.aliexpress-media.com/kf/Sf6fc8af67cfd4a41bcc607c656bf2b07z.jpg_220x220q75.jpg_.avif,https://ae-pic-a1.aliexpress-media.com/kf/Sf3b1f9d4e1c9478881b88c785da22d70O.jpg_220x220q75.jpg_.avif","['Occasion', 'Party', 'Festival', 'Christmas', 'High-concerned chemical', 'None', 'Release Date', 'Autumn 2025', 'Craft of Weaving', 'Tatting', 'Season', 'Autumn/Winter', 'is_customized', 'No', 'Fabric Type', 'Broadcloth', 'Age', 'Middle Age', 'Place Of Origin', 'China (mainland)', 'Waistline', 'empire', 'Dresses Length', 'Mid-Calf', 'Decoration', 'None', 'Silhouette', 'Asymmetrical', 'Pattern Type', 'Solid', 'Style', 'Elegant fashion', 'Material', 'POLYESTER', 'Gender', 'Women', 'Origin', 'Mainland China', 'Brand Name', 'BSAY', 'Elasticity', 'Non Strech', 'CN', 'Guangdong', 'Fit Type', 'Regular Fit']",https://www.aliexpress.us/item/3256810520420817.html?algo_pvid=81ef0434-09db-4828-8727-0b1da7ae43fa&algo_exp_id=81ef0434-09db-4828-8727-0b1da7ae43fa-54&pdp_ext_f=%7B%22order%22%3A%22370%22%2C%22eval%22%3A%221%22%2C%22orig_sl_item_id%22%3A%221005010706735569%22%2C%22orig_item_id%22%3A%221005010423139568%22%2C%22fromPage%22%3A%22search%22%7D&pdp_npi=6%40dis%21USD%2134.56%217.78%21%21%21237.52%2153.47%21%40210123bc17729975019712071eb70a%2112000053253034628%21sea%21US%210%21ABX%211%210%21n_tag%3A-29910%3Bd%3A36285acf%3Bm03_new_user%3A-29895%3BpisId%3A5000000197847458&curPageLogUid=jMlb2bCnu6iG&utparam-url=scene%3Asearch%7Cquery_from%3A%7Cx_object_id%3A1005010706735569%7C_p_origin_prod%3A1005010423139568
Smvp 2024 Autumn Winter New Thicken Plush A-line Skirts Wowen Solid Casual High Waisted Long Skirt Ladies Lazy Style Midi Skirts,$11.62 ,"https://ae-pic-a1.aliexpress-media.com/kf/S5f68e64d81304e12b6f0d7a7edb478576.jpg_220x220q75.jpg_.avif,https://ae-pic-a1.aliexpress-media.com/kf/Sba39719511f14b4f8fe53a69cea81077W.jpg_220x220q75.jpg_.avif,https://ae-pic-a1.aliexpress-media.com/kf/Se00c12fd80ed46a987176075f4faf10cb.jpg_220x220q75.jpg_.avif,https://ae-pic-a1.aliexpress-media.com/kf/Sdc548cc3b6fc447281f1c03866c8c19cx.jpg_220x220q75.jpg_.avif,https://ae-pic-a1.aliexpress-media.com/kf/S9eda14cfb6194ba88e9e2172f3a05ce5R.jpg_220x220q75.jpg_.avif","['High-concerned chemical', 'None', 'Release Date', 'Autumn 2024', 'Craft of Weaving', 'Tatting', 'Season', 'Autumn/Winter', 'is_customized', 'No', 'Fabric Type', 'Blended', 'Age', 'Junior', 'Place Of Origin', 'China (mainland)', 'Model Number', 'B79', 'Waistline', 'empire', 'Dresses Length', 'Mid-Calf', 'Decoration', 'None', 'Silhouette', 'A-LINE', 'Pattern Type', 'Solid', 'Style', 'Casual', 'Material', 'COTTON,POLYESTER', 'Gender', 'Women', 'Origin', 'Mainland China', 'Brand Name', 'smvp', 'Elasticity', 'Medium Strecth', 'CN', 'Zhejiang', 'Fit Type', 'Loose', 'Brand Name', 'Smvp', 'CN', 'Zhejiang', 'color', 'black/grey/white', 'gender', 'women/woman/ladies/femme/female/mujer/lady', 'season', 'autumn/winter', 'clothes type', 'casual/korean/fashion/elegant/vintage/simple/wild/all-match', 'occasion', 'beach/street/outdoor/birthday/club/school', 'Size', 'S/M/L/XL/XXL', 'Thickness', 'thick']",https://www.aliexpress.us/item/3256807783027981.html?algo_pvid=81ef0434-09db-4828-8727-0b1da7ae43fa&algo_exp_id=81ef0434-09db-4828-8727-0b1da7ae43fa-55&pdp_ext_f=%7B%22order%22%3A%22370%22%2C%22spu_best_type%22%3A%22price%22%2C%22eval%22%3A%221%22%2C%22fromPage%22%3A%22search%22%7D&pdp_npi=6%40dis%21USD%2138.01%218.62%21%21%21261.26%2159.29%21%40210123bc17729975019712071eb70a%2112000043074556518%21sea%21US%210%21ABX%211%210%21n_tag%3A-29910%3Bd%3A36285acf%3Bm03_new_user%3A-29895%3BpisId%3A5000000197847450&curPageLogUid=02tql1GD2fLJ&utparam-url=scene%3Asearch%7Cquery_from%3A%7Cx_object_id%3A1005007969342733%7C_p_origin_prod%3A
Summer Autumn Skirts Womens Midi Knee Length Korean Elegant Button High Waist Skirt Female Pleated School Skirt,$1.35 ,"https://ae-pic-a1.aliexpress-media.com/kf/S4f6a1f69b271486cb76e3218166260b5d.jpg_220x220q75.jpg_.avif,https://ae-pic-a1.aliexpress-media.com/kf/S51bd025f3e1f41399e97854a16eb74cbC.jpg_220x220q75.jpg_.avif,https://ae-pic-a1.aliexpress-media.com/kf/Sac6dd69affd745c5887ae96d2f4e4036I.jpg_220x220q75.jpg_.avif,https://ae-pic-a1.aliexpress-media.com/kf/Sfba36b7ddd774d5d81454fedf445ee26O.jpg_220x220q75.jpg_.avif,https://ae-pic-a1.aliexpress-media.com/kf/S07bf29443901402f9dc540862c6f2045v.jpg_220x220q75.jpg_.avif","['High-concerned chemical', 'None', 'Craft of Weaving', 'Knit', 'Season', 'Summer', 'is_customized', 'Yes', 'Fabric Type', 'Broadcloth', 'Age', 'Middle Age', 'Place Of Origin', 'China (mainland)', 'Model Number', 'DF-188/cc', 'Waistline', 'empire', 'Dresses Length', 'Knee-Length', 'Decoration', 'Sashes', 'Silhouette', 'A-LINE', 'Pattern Type', 'Solid', 'Style', 'Casual', 'Material', 'COTTON,POLYESTER', 'Gender', 'Women', 'Origin', 'Mainland China', 'Brand Name', 'Dozw', 'Elasticity', 'Non Strech', 'CN', 'Zhejiang', 'Fit Type', 'Regular Fit']",https://www.aliexpress.us/item/3256806477679908.html?algo_pvid=81ef0434-09db-4828-8727-0b1da7ae43fa&algo_exp_id=81ef0434-09db-4828-8727-0b1da7ae43fa-56&pdp_ext_f=%7B%22order%22%3A%22369%22%2C%22eval%22%3A%221%22%2C%22fromPage%22%3A%22search%22%7D&pdp_npi=6%40dis%21USD%2117.39%211.35%21%21%21119.50%219.25%21%40210123bc17729975019712071eb70a%2112000038178241693%21sea%21US%210%21ABX%211%210%21n_tag%3A-29910%3Bd%3A36285acf%3Bm03_new_user%3A-29895%3BpisId%3A5000000197847475&curPageLogUid=9hD3leypmuzN&utparam-url=scene%3Asearch%7Cquery_from%3A%7Cx_object_id%3A1005006663994660%7C_p_origin_prod%3A
Women'S Stretch Yoga Skirt Printed Athletic Shorts Lightweight High Waisted Skirt With Pockets Women'S Simple Sports Skirt,$2.67 ,"https://ae-pic-a1.aliexpress-media.com/kf/S74820204186f433991b7e6a87bd993edo.jpg_220x220q75.jpg_.avif,https://ae-pic-a1.aliexpress-media.com/kf/S3af5eb059709407faced4650198fefb8d.jpg_220x220q75.jpg_.avif,https://ae-pic-a1.aliexpress-media.com/kf/S97969cc7cb2e45e79eb48e3e0325b18fL.jpg_220x220q75.jpg_.avif,https://ae-pic-a1.aliexpress-media.com/kf/Sc47538f97751413ba113d5e225b31667y.jpg_220x220q75.jpg_.avif,https://ae-pic-a1.aliexpress-media.com/kf/Sf47909b946364062b1138b4e924bffb0F.jpg_220x220q75.jpg_.avif","['High-concerned chemical', 'None', 'Release Date', 'Summer 2024', 'Craft of Weaving', 'Tatting', 'Season', 'Summer', 'is_customized', 'No', 'Fabric Type', 'Broadcloth', 'Age', 'Junior', 'Place Of Origin', 'China (mainland)', 'Model Number', '1', 'Waistline', 'Natural', 'Dresses Length', 'Above Knee , Mini', 'Decoration', 'Appliques', 'Silhouette', 'A-LINE', 'Pattern Type', 'Solid', 'Style', 'Casual', 'Material', 'Acetate', 'Gender', 'Women', 'Origin', 'Mainland China', 'Elasticity', 'High Strecth', 'CN', 'Guangdong', 'Fit Type', 'slim fit']",https://www.aliexpress.us/item/3256807163349600.html?algo_pvid=81ef0434-09db-4828-8727-0b1da7ae43fa&algo_exp_id=81ef0434-09db-4828-8727-0b1da7ae43fa-59&pdp_ext_f=%7B%22order%22%3A%22369%22%2C%22eval%22%3A%221%22%2C%22fromPage%22%3A%22search%22%7D&pdp_npi=6%40dis%21USD%2119.89%212.67%21%21%21136.73%2118.38%21%40210123bc17729975019712071eb70a%2112000040370186724%21sea%21US%210%21ABX%211%210%21n_tag%3A-29910%3Bd%3A36285acf%3Bm03_new_user%3A-29895%3BpisId%3A5000000197847475&curPageLogUid=KdpZIIZi5ody&utparam-url=scene%3Asearch%7Cquery_from%3A%7Cx_object_id%3A1005007349664352%7C_p_origin_prod%3A
FSLE College Style Gray Retro Pleated Skirt For Women Autumn 2025 New Arrival Commuter Officelady Chic Long Skirt 25FS13198,$41.27 ,"https://ae-pic-a1.aliexpress-media.com/kf/S97e9f824295a4fd1bb01b9c905b2050dn.jpg?has_lang=1&ver=2_220x220q75.jpg_.avif,https://ae-pic-a1.aliexpress-media.com/kf/S97e9f824295a4fd1bb01b9c905b2050dn.jpg?has_lang=1&ver=2_220x220q75.jpg_.avif,https://ae-pic-a1.aliexpress-media.com/kf/Seb6b7014cc8f4e059c2ca7de21b0e77do.jpg_220x220q75.jpg_.avif,https://ae-pic-a1.aliexpress-media.com/kf/Sb6d0cfb067684c9bb574fad73913e90bk.jpg?has_lang=1&ver=1_220x220q75.jpg_.avif,https://ae-pic-a1.aliexpress-media.com/kf/S004f0ab55e7742f791539f831ccae98eL.jpg_220x220q75.jpg_.avif","['High-concerned chemical', 'None', 'Release Date', 'Autumn 2025', 'Craft of Weaving', 'Tatting', 'Season', 'All Season', 'is_customized', 'No', 'Fabric Type', 'Blended', 'Age', 'Junior', 'Place Of Origin', 'China (mainland)', 'Model Number', '25FS13198', 'Waistline', 'Natural', 'Dresses Length', 'Ankle-Length', 'Decoration', 'None', 'Silhouette', 'A-LINE', 'Pattern Type', 'Solid', 'Style', 'Casual', 'Material', 'POLYESTER,Viscose', 'Gender', 'Women', 'Origin', 'Mainland China', 'Brand Name', 'FANSILANEN', 'Elasticity', 'Non Strech', 'CN', 'Zhejiang', 'Fit Type', 'Regular Fit', 'Material composition', '77.1% polyester 22.9% viscose', 'Care instruction', 'Hand wash and do not dry clean']",https://www.aliexpress.us/item/3256809423596051.html?algo_pvid=81ef0434-09db-4828-8727-0b1da7ae43fa&algo_exp_id=81ef0434-09db-4828-8727-0b1da7ae43fa-6&pdp_ext_f=%7B%22order%22%3A%22344%22%2C%22eval%22%3A%221%22%2C%22fromPage%22%3A%22search%22%7D&pdp_npi=6%40dis%21USD%2196.54%2138.27%21%21%2196.54%2138.27%21%40210123bc17729975019712071eb70a%2112000049625541120%21sea%21US%210%21ABX%211%210%21n_tag%3A-29910%3Bd%3A36285acf%3Bm03_new_user%3A-29895%3BpisId%3A5000000197847450&curPageLogUid=ONF02rVw2QHs&utparam-url=scene%3Asearch%7Cquery_from%3A%7Cx_object_id%3A1005009609910803%7C_p_origin_prod%3A
American summer new camouflage multi pocket workwear pants loose spicy girl street casual low waisted short denim skirt pants,$16.72 ,"https://ae-pic-a1.aliexpress-media.com/kf/S83a2b24acdf846acade24170ab240109C.jpg_220x220q75.jpg_.avif,https://ae-pic-a1.aliexpress-media.com/kf/S5a1b4dc3dce84505b136e9b3a9d6d3aem.jpg_220x220q75.jpg_.avif,https://ae-pic-a1.aliexpress-media.com/kf/S1bb94d75ac454e11b4c265e4ec44504fi.jpg_220x220q75.jpg_.avif,https://ae-pic-a1.aliexpress-media.com/kf/S37f749a31154439da93a94f48a1d346ae.jpg_220x220q75.jpg_.avif,https://ae-pic-a1.aliexpress-media.com/kf/S9dc777e614e14abb8310549b5683b1144.jpg_220x220q75.jpg_.avif","['High-concerned chemical', 'None', 'Craft of Weaving', 'Tatting', 'Season', 'Spring/Summer', 'Fabric Type', 'Denim', 'Age', 'Junior', 'Waistline', 'Dropped', 'Dresses Length', 'Above Knee , Mini', 'Decoration', 'Pockets', 'Silhouette', 'Straight', 'Pattern Type', 'Tie Dye', 'Style', 'Casual', 'Material', 'Acetate,COTTON', 'Gender', 'Women', 'Origin', 'Mainland China', 'Elasticity', 'Slight Strech', 'CN', 'Hubei', 'Fit Type', 'Slim']",https://www.aliexpress.us/item/3256807606615614.html?algo_pvid=fd3419bb-1aa5-4df5-9b64-fb9dfb6ea2bc&algo_exp_id=fd3419bb-1aa5-4df5-9b64-fb9dfb6ea2bc-27&pdp_ext_f=%7B%22order%22%3A%223394%22%2C%22eval%22%3A%221%22%2C%22orig_sl_item_id%22%3A%221005007792930366%22%2C%22orig_item_id%22%3A%221005007311407391%22%2C%22fromPage%22%3A%22search%22%7D&pdp_npi=6%40dis%21USD%2133.43%2116.72%21%21%21229.74%21114.87%21%402101e80f17728189925825847e4ca4%2112000042220005090%21sea%21US%210%21ABX%211%210%21n_tag%3A-29910%3Bd%3A64b8815b%3Bm03_new_user%3A-29895&curPageLogUid=pCkeKLKV2pyH&utparam-url=scene%3Asearch%7Cquery_from%3A%7Cx_object_id%3A1005007792930366%7C_p_origin_prod%3A1005007311407391
2025 New Solid Color Skirt Women Summer Fashion Outdoor Versatile High Waist Slim Fit Elastic Waist Short Skirt Goods In Stock,$3.15 ,"https://ae-pic-a1.aliexpress-media.com/kf/Sa99492ec9a03430ab45e705932d23c10Z.jpg_220x220q75.jpg_.avif,https://ae-pic-a1.aliexpress-media.com/kf/Sa99492ec9a03430ab45e705932d23c10Z.jpg_220x220q75.jpg_.avif,https://ae-pic-a1.aliexpress-media.com/kf/S72cdd55e20a94a308ad2288b6891dc96V.jpg_220x220q75.jpg_.avif,https://ae-pic-a1.aliexpress-media.com/kf/S3217ffecc4434343a048109cbf7a41fdg.jpg_220x220q75.jpg_.avif,https://ae-pic-a1.aliexpress-media.com/kf/S34393b8cafad476eb3f54caf9ab8bed0k.jpg_220x220q75.jpg_.avif","['High-concerned chemical', 'None', 'Craft of Weaving', 'Knit', 'Season', 'All Season', 'Fabric Type', 'Blended', 'Age', 'Junior', 'Place Of Origin', 'China (mainland)', 'Model Number', '21140', 'Waistline', 'empire', 'Dresses Length', 'Above Knee , Mini', 'Decoration', 'Lace-Up', 'Silhouette', 'A-LINE', 'Pattern Type', 'Solid', 'Style', 'Casual', 'Material', 'POLYESTER,Elastane', 'Gender', 'Women', 'Origin', 'Mainland China', 'Brand Name', 'Cherry Aka', 'Elasticity', 'Slight Strech', 'CN', 'Guangdong', 'Fit Type', 'Slim']",https://www.aliexpress.us/item/3256808053661598.html?algo_pvid=fd3419bb-1aa5-4df5-9b64-fb9dfb6ea2bc&algo_exp_id=fd3419bb-1aa5-4df5-9b64-fb9dfb6ea2bc-29&pdp_ext_f=%7B%22order%22%3A%223361%22%2C%22eval%22%3A%221%22%2C%22fromPage%22%3A%22search%22%7D&pdp_npi=6%40dis%21USD%2110.15%213.15%21%21%2169.78%2121.67%21%402101e80f17728189925825847e4ca4%2112000047926068298%21sea%21US%210%21ABX%211%210%21n_tag%3A-29910%3Bd%3A64b8815b%3Bm03_new_user%3A-29895%3BpisId%3A5000000197847475&curPageLogUid=3Sr4alAsM9kf&utparam-url=scene%3Asearch%7Cquery_from%3A%7Cx_object_id%3A1005008239976350%7C_p_origin_prod%3A
HXAO Women's Skort High Waist Brown Skirt Pants Stylish Summer Pink Black Mini Skirt Shorts Asymmetric Casual Off White Skort,$1.19 ,"https://ae-pic-a1.aliexpress-media.com/kf/Sf31b306c7c5748c6ac655e646edfdaaaV.jpg?has_lang=1&ver=2_220x220q75.jpg_.avif,https://ae-pic-a1.aliexpress-media.com/kf/Sb70a2459a453412bb15a07d2d8eea105f.jpg?has_lang=1&ver=2_220x220q75.jpg_.avif,https://ae-pic-a1.aliexpress-media.com/kf/S18118f5e859c49859a86b0f5b5339ae6y.jpg_220x220q75.jpg_.avif,https://ae-pic-a1.aliexpress-media.com/kf/Sef3d4e35ec0a49aaa7ae39728a79f6164.jpg_220x220q75.jpg_.avif,https://ae-pic-a1.aliexpress-media.com/kf/Sa335a823e4754e6b9b3b8b2e8c4cebabq.jpg_220x220q75.jpg_.avif","['High-concerned chemical', 'None', 'Release Date', 'Summer 2024', 'Craft of Weaving', 'Tatting', 'Season', 'All Season', 'is_customized', 'No', 'Fabric Type', 'Blended', 'Age', 'Middle Age', 'Place Of Origin', 'China (mainland)', 'Model Number', 'LY7112', 'Waistline', 'empire', 'Dresses Length', 'Above Knee , Mini', 'Decoration', 'None', 'Silhouette', 'Straight', 'Pattern Type', 'Solid', 'Style', 'High Street', 'Material', 'POLYESTER', 'Gender', 'Women', 'Origin', 'Mainland China', 'Brand Name', 'HXAO', 'Elasticity', 'Slight Strech', 'CN', 'Jiangsu', 'Fit Type', 'Regular Fit']",https://www.aliexpress.us/item/3256807742322104.html?algo_pvid=fd3419bb-1aa5-4df5-9b64-fb9dfb6ea2bc&algo_exp_id=fd3419bb-1aa5-4df5-9b64-fb9dfb6ea2bc-30&pdp_ext_f=%7B%22order%22%3A%223258%22%2C%22eval%22%3A%221%22%2C%22fromPage%22%3A%22search%22%7D&pdp_npi=6%40dis%21USD%2116.39%211.19%21%21%21112.67%218.22%21%402101e80f17728189925825847e4ca4%2112000042897724790%21sea%21US%210%21ABX%211%210%21n_tag%3A-29910%3Bd%3A64b8815b%3Bm03_new_user%3A-29895%3BpisId%3A5000000197847475&curPageLogUid=3xZF1TN74p0q&utparam-url=scene%3Asearch%7Cquery_from%3A%7Cx_object_id%3A1005007928636856%7C_p_origin_prod%3A
KONDALA 2026 Spring Summer Women Casual Tierred Mini Skirts Fashion Vintage Valentine‘s Day Ruffles Pleated Sexy Shorts Skirts,$14.50 ,"https://ae-pic-a1.aliexpress-media.com/kf/S4feaa81da53c4f84a2f7b184db469f53S.png?has_lang=1&ver=1_220x220.png_.avif,https://ae-pic-a1.aliexpress-media.com/kf/Sb14073ebcf2d439a918c4538e8a0e7f9z.png?has_lang=1&ver=1_220x220.png_.avif,https://ae-pic-a1.aliexpress-media.com/kf/S067f7cb6a774461b8f36c7be4933c29a6.png?has_lang=1&ver=1_220x220.png_.avif,https://ae-pic-a1.aliexpress-media.com/kf/S80cc6963882149e9a1275b3eb74a06d9H.png?has_lang=1&ver=1_220x220.png_.avif,https://ae-pic-a1.aliexpress-media.com/kf/S2fb4e6d6efd3445cabfc467e6ae0bb97c.png?has_lang=1&ver=1_220x220.png_.avif","['High-concerned chemical', 'None', 'Release Date', 'Autumn 2025', 'Craft of Weaving', 'Non-Woven', 'Season', 'All Season', 'is_customized', 'No', 'Fabric Type', 'Poplin', 'Age', 'Middle Age', 'Place Of Origin', 'China (mainland)', 'Model Number', 'F1103-8409', 'Waistline', 'Natural', 'Dresses Length', 'Above Knee , Mini', 'Decoration', 'Tierred', 'Silhouette', 'Straight', 'Pattern Type', 'Solid', 'Style', 'Casual', 'Material', 'POLYESTER', 'Gender', 'Women', 'Origin', 'Mainland China', 'Brand Name', 'KONDALA', 'Elasticity', 'Non Strech', 'CN', 'Jiangsu', 'Fit Type', 'Regular Fit']",https://www.aliexpress.us/item/3256807670798831.html?algo_pvid=fd3419bb-1aa5-4df5-9b64-fb9dfb6ea2bc&algo_exp_id=fd3419bb-1aa5-4df5-9b64-fb9dfb6ea2bc-36&pdp_ext_f=%7B%22order%22%3A%223018%22%2C%22eval%22%3A%221%22%2C%22orig_sl_item_id%22%3A%221005007857113583%22%2C%22orig_item_id%22%3A%221005006199835096%22%2C%22fromPage%22%3A%22search%22%7D&pdp_npi=6%40dis%21USD%2130.85%2114.50%21%21%21212.02%2199.65%21%402101e80f17728189925825847e4ca4%2112000042560417847%21sea%21US%210%21ABX%211%210%21n_tag%3A-29910%3Bd%3A64b8815b%3Bm03_new_user%3A-29895&curPageLogUid=0k6x4AhbCsQ4&utparam-url=scene%3Asearch%7Cquery_from%3A%7Cx_object_id%3A1005007857113583%7C_p_origin_prod%3A1005006199835096
Women Girls Shirt Blouse Extender Adjustable Layering Faux Top Lower Sweep Mini Skirt False Hemline Splitting Underskirt,$0.99 ,"https://ae-pic-a1.aliexpress-media.com/kf/S2bc455e3ff9e4d898beb8b76a6321846W.jpg_220x220q75.jpg_.avif,https://ae-pic-a1.aliexpress-media.com/kf/Sf3eea493b6154ee69b7a1c115d5fe093g.jpg_220x220q75.jpg_.avif,https://ae-pic-a1.aliexpress-media.com/kf/Sc1f577dc1a7e4f469a574c69c1f0db81J.jpg_220x220q75.jpg_.avif,https://ae-pic-a1.aliexpress-media.com/kf/S35b24b70e46c4d25af19748e0d64d18eq.jpg_220x220q75.jpg_.avif,https://ae-pic-a1.aliexpress-media.com/kf/Sa59ea47eb6dd452a9ac61ade9b3810e2q.jpg_220x220q75.jpg_.avif","['High-concerned chemical', 'None', 'Craft of Weaving', 'Tatting', 'Season', 'All Season', 'Fabric Type', 'Blended', 'Age', 'Junior', 'Waistline', 'Natural', 'Dresses Length', 'Above Knee , Mini', 'Decoration', 'None', 'Silhouette', 'A-LINE', 'Pattern Type', 'Solid', 'Style', 'Casual', 'Material', 'POLYESTER', 'Gender', 'Women', 'Origin', 'Mainland China', 'Elasticity', 'Slight Strech', 'CN', 'Liaoning', 'Fit Type', 'Loose', 'CN', 'Zhejiang']",https://www.aliexpress.us/item/3256806048693842.html?algo_pvid=fd3419bb-1aa5-4df5-9b64-fb9dfb6ea2bc&algo_exp_id=fd3419bb-1aa5-4df5-9b64-fb9dfb6ea2bc-41&pdp_ext_f=%7B%22order%22%3A%222692%22%2C%22eval%22%3A%221%22%2C%22fromPage%22%3A%22search%22%7D&pdp_npi=6%40dis%21USD%217.07%210.99%21%21%2148.57%216.75%21%402101e80f17728189925825847e4ca4%2112000036404228292%21sea%21US%210%21ABX%211%210%21n_tag%3A-29910%3Bd%3A64b8815b%3Bm03_new_user%3A-29895%3BpisId%3A5000000197847475&curPageLogUid=MwDvzDUpZcLI&utparam-url=scene%3Asearch%7Cquery_from%3A%7Cx_object_id%3A1005006235008594%7C_p_origin_prod%3A
Ultrashort Jk Skirts Plaid Cosplay Costume Skirt Japanese Style Summer Schoolgirl Pleated Skirts Vintage Sexy Clubwear Skirt,$0.99 ,"https://ae-pic-a1.aliexpress-media.com/kf/S0147d3896c4641588991f8c3d8ae7582S.jpg_220x220q75.jpg_.avif,https://ae-pic-a1.aliexpress-media.com/kf/S0147d3896c4641588991f8c3d8ae7582S.jpg_220x220q75.jpg_.avif,https://ae-pic-a1.aliexpress-media.com/kf/S90e1db55bc944d3da5b996944102f6d7K.jpg_220x220q75.jpg_.avif,https://ae-pic-a1.aliexpress-media.com/kf/Sfbd23084eefe4808bd622303b246aaf4Q.jpg_220x220q75.jpg_.avif,https://ae-pic-a1.aliexpress-media.com/kf/Se93f8ae3fef5433d80eaad1311fbb1f8a.jpg_220x220q75.jpg_.avif","['High-concerned chemical', 'None', 'Craft of Weaving', 'Tatting', 'Season', 'All Season', 'Fabric Type', 'Mesh', 'Age', 'Junior', 'Place Of Origin', 'China (mainland)', 'Model Number', '1', 'Waistline', 'Dropped', 'Dresses Length', 'Above Knee , Mini', 'Decoration', 'Shirring', 'Silhouette', 'Pleated', 'Pattern Type', 'Plaid', 'Style', 'Japan Style', 'Material', 'COTTON,POLYESTER', 'Gender', 'Women', 'Origin', 'Mainland China', 'Brand Name', 'YJSFG HOUSE', 'Elasticity', 'Non Strech', 'CN', 'Zhejiang', 'Fit Type', 'Slim', 'Type 1', 'Skirts', 'Type 2', ""women's clothing summer 2024 skirt sexy"", 'Type 3', 'Ultrashort Jk Skirts', 'Type 4', 'Plaid Cosplay Costume Skirt', 'Type 5', 'Japanese Style Summer Schoolgirl Pleated Skirts', 'Type 6', 'Vintage Sexy Clubwear Skirt', 'Type 7', 'Women Sexy Low Rise A-line Short Jk Skirts', 'Type 8', 'Summer Schoolgirl Plaid Pleated Skirt', 'Type 9', 'Vintage Short Skirt', 'Type 10', 'Cosplay Costume Skirts', 'Type 11', 'Role Play Women Anime Student Uniform Skirts', 'Type 12', 'School Girl Classic Black White Plaid Pleated Skirt', 'Type 13', 'College Clothes Outfits Costumes', 'Type 14', 'Sexy Short Student JK Pleated Skirt', 'Type 15', 'Summer Mini skirts for woman', 'Type 16', 'vintage korean fashion plaid skirts', 'Type 17', 'plaid skirts for women y2k skirts', 'Type 18', 'pleated red plaid skirts preppy style', 'Type 19', 'Women Summer Preppy Style Plaid Pleated Skirt', 'Type 20', 'School Uniform Anti Glare JK Skirt', 'Type 21', 'Harajuku High Waist A-line Skirt', 'Type 22', 'Y2k Pleated Skirts Korean Fashion Tennis Skirts Harajuku']",https://www.aliexpress.us/item/3256806675414059.html?algo_pvid=fd3419bb-1aa5-4df5-9b64-fb9dfb6ea2bc&algo_exp_id=fd3419bb-1aa5-4df5-9b64-fb9dfb6ea2bc-42&pdp_ext_f=%7B%22order%22%3A%222659%22%2C%22eval%22%3A%221%22%2C%22fromPage%22%3A%22search%22%7D&pdp_npi=6%40dis%21USD%214.90%210.99%21%21%214.90%210.99%21%402101e80f17728189925825847e4ca4%2112000038546087583%21sea%21US%210%21ABX%211%210%21n_tag%3A-29910%3Bd%3A64b8815b%3Bm03_new_user%3A-29895%3BpisId%3A5000000198352206&curPageLogUid=kUx4mRthiLtU&utparam-url=scene%3Asearch%7Cquery_from%3A%7Cx_object_id%3A1005006861728811%7C_p_origin_prod%3A
Women Y2K Korean Lace Mini Layered Skirt Streetwear Lace Up Ruffles Harajuku High Waist Pleated Ladies Jupe Skirts Clothes,$0.99 ,"https://ae-pic-a1.aliexpress-media.com/kf/S8e3e4708eaf24656b476ff9d798ec772h.jpg_220x220q75.jpg_.avif,https://ae-pic-a1.aliexpress-media.com/kf/S27f7b22f2e214ba89bef7dda09759b58d.jpg_220x220q75.jpg_.avif,https://ae-pic-a1.aliexpress-media.com/kf/S8f4019ec2c8a4dfc92680d2293642184f.jpg_220x220q75.jpg_.avif,https://ae-pic-a1.aliexpress-media.com/kf/Saa35260f146f42be86fb0279534cfa08z.jpg_220x220q75.jpg_.avif,https://ae-pic-a1.aliexpress-media.com/kf/Se5cc39134f33458b833793ae3a07462b5.jpg?has_lang=1&ver=2_220x220q75.jpg_.avif","['Occasion', 'Music Festival', 'Festival', 'Carnivals', 'High-concerned chemical', 'None', 'Release Date', 'Summer 2025', 'Craft of Weaving', 'Knit', 'Season', 'Summer', 'is_customized', 'No', 'Fabric Type', 'Broadcloth', 'Age', 'Middle Age', 'Place Of Origin', 'China (mainland)', 'Model Number', 'W002', 'Waistline', 'empire', 'Dresses Length', 'Above Knee , Mini', 'Decoration', 'None', 'Silhouette', 'A-LINE', 'Pattern Type', 'Solid', 'Style', 'Casual', 'Material', 'Voile', 'Gender', 'Women', 'Origin', 'Mainland China', 'Elasticity', 'Non Strech', 'CN', 'Guangdong', 'Fit Type', 'Slim']",https://www.aliexpress.us/item/3256808616550623.html?algo_pvid=fd3419bb-1aa5-4df5-9b64-fb9dfb6ea2bc&algo_exp_id=fd3419bb-1aa5-4df5-9b64-fb9dfb6ea2bc-43&pdp_ext_f=%7B%22order%22%3A%222652%22%2C%22eval%22%3A%221%22%2C%22fromPage%22%3A%22search%22%7D&pdp_npi=6%40dis%21USD%213.40%210.99%21%21%2123.34%216.78%21%402101e80f17728189925825847e4ca4%2112000046725135502%21sea%21US%210%21ABX%211%210%21n_tag%3A-29910%3Bd%3A64b8815b%3Bm03_new_user%3A-29895%3BpisId%3A5000000197847475&curPageLogUid=M8DvzdtEfndi&utparam-url=scene%3Asearch%7Cquery_from%3A%7Cx_object_id%3A1005008802865375%7C_p_origin_prod%3A
Pleated Mini Skirts Korean Sweet Knitted Skirts Sweet Elastic Waist Ladies Casual Youthful For Women's Clothes Solid Fashion New,$0.99 ,"https://ae-pic-a1.aliexpress-media.com/kf/S086cf34de20c415a82c6be94e0403233n.jpg_220x220q75.jpg_.avif,https://ae-pic-a1.aliexpress-media.com/kf/Sc2f861878ad74ea1890ee38e7c111523Q.jpg_220x220q75.jpg_.avif,https://ae-pic-a1.aliexpress-media.com/kf/S2fbafd5f077549c4a2e08a836eab0caed.jpg_220x220q75.jpg_.avif,https://ae-pic-a1.aliexpress-media.com/kf/Saf717fdf7577408aacb01e6604b29ace0.jpg_220x220q75.jpg_.avif,https://ae-pic-a1.aliexpress-media.com/kf/Se8cd8dff2c8441e0a10c03adae8ee16aU.jpg_220x220q75.jpg_.avif","['High-concerned chemical', 'None', 'Craft of Weaving', 'Knit', 'Season', 'Summer', 'is_customized', 'No', 'Fabric Type', 'Knitted', 'Age', 'Middle Age', 'Place Of Origin', 'China (mainland)', 'Waistline', 'empire', 'Dresses Length', 'Above Knee , Mini', 'Decoration', 'Folds', 'Silhouette', 'A-LINE', 'Pattern Type', 'Solid', 'Style', 'Casual', 'Material', 'POLYESTER,Elastane', 'Gender', 'Women', 'Origin', 'Mainland China', 'Brand Name', 'SUYISODA', 'Elasticity', 'Medium Strecth', 'CN', 'Guangdong', 'Fit Type', 'Regular Fit']",https://www.aliexpress.us/item/3256808758136347.html?algo_pvid=fd3419bb-1aa5-4df5-9b64-fb9dfb6ea2bc&algo_exp_id=fd3419bb-1aa5-4df5-9b64-fb9dfb6ea2bc-44&pdp_ext_f=%7B%22order%22%3A%222555%22%2C%22eval%22%3A%221%22%2C%22fromPage%22%3A%22search%22%7D&pdp_npi=6%40dis%21USD%2115.17%210.99%21%21%21104.28%216.85%21%402101e80f17728189925825847e4ca4%2112000047302403553%21sea%21US%210%21ABX%211%210%21n_tag%3A-29910%3Bd%3A64b8815b%3Bm03_new_user%3A-29895%3BpisId%3A5000000197847475&curPageLogUid=sazxk9WQIaCU&utparam-url=scene%3Asearch%7Cquery_from%3A%7Cx_object_id%3A1005008944451099%7C_p_origin_prod%3A
Fashion Women Tutus Skirt Classic Pleated Dance Tutu Skirts Female Lolita Petticoat Party Puffy Skirts Ballet Skirts,$3.45 ,"https://ae-pic-a1.aliexpress-media.com/kf/Se4eeb99be8054390bfc7c2c8bfb10ac5w.jpg?has_lang=1&ver=1_220x220q75.jpg_.avif,https://ae-pic-a1.aliexpress-media.com/kf/S696b7bad717b4357b668e6b17c55a12bC.jpg_220x220q75.jpg_.avif,https://ae-pic-a1.aliexpress-media.com/kf/S564f9b18ce214bfc812f5a51163626acz.jpg_220x220q75.jpg_.avif,https://ae-pic-a1.aliexpress-media.com/kf/S49de279e9ea443fca987bc361c4f2f7aj.jpg_220x220q75.jpg_.avif,https://ae-pic-a1.aliexpress-media.com/kf/S388855c8320c4920ab7e486edff9ce27P.jpg?has_lang=1&ver=1_220x220q75.jpg_.avif","['High-concerned chemical', 'None', 'Craft of Weaving', 'Tatting', 'Season', 'Summer', 'is_customized', 'No', 'Fabric Type', 'Mesh', 'Age', 'Middle Age', 'Place Of Origin', 'China (mainland)', 'Model Number', 'Tutus Skirt', 'Waistline', 'Dropped', 'Dresses Length', 'Above Knee , Mini', 'Decoration', 'Lace', 'Silhouette', 'Ball Gown', 'Pattern Type', 'Solid', 'Style', 'Casual', 'Material', 'POLYESTER', 'Gender', 'Women', 'Origin', 'Mainland China', 'Elasticity', 'Non Strech', 'CN', 'Zhejiang', 'Fit Type', 'Regular Fit']",https://www.aliexpress.us/item/3256810162116651.html?algo_pvid=fd3419bb-1aa5-4df5-9b64-fb9dfb6ea2bc&algo_exp_id=fd3419bb-1aa5-4df5-9b64-fb9dfb6ea2bc-46&pdp_ext_f=%7B%22order%22%3A%222538%22%2C%22eval%22%3A%221%22%2C%22orig_sl_item_id%22%3A%221005010348431403%22%2C%22orig_item_id%22%3A%221005009844354949%22%2C%22fromPage%22%3A%22search%22%7D&pdp_npi=6%40dis%21USD%216.90%213.45%21%21%2147.44%2123.72%21%402101e80f17728189925825847e4ca4%2112000052069232462%21sea%21US%210%21ABX%211%210%21n_tag%3A-29910%3Bd%3A64b8815b%3Bm03_new_user%3A-29895&curPageLogUid=CwQTxXnu90jp&utparam-url=scene%3Asearch%7Cquery_from%3A%7Cx_object_id%3A1005010348431403%7C_p_origin_prod%3A1005009844354949
Women's Soft Touch Silk-Like Midi Skirt High Waist Elastic Waistband Chic Fashion Female Skirts Elegant Mujer,$1.47 ,"https://ae-pic-a1.aliexpress-media.com/kf/S222268aca260443386207fe3492d7bc4G.jpg_220x220q75.jpg_.avif,https://ae-pic-a1.aliexpress-media.com/kf/Sa5184996ea3d432aae632f6e3f14f801o.jpg_220x220q75.jpg_.avif,https://ae-pic-a1.aliexpress-media.com/kf/S934af3a6c3944ae4810c4e1a6a86228ay.jpg_220x220q75.jpg_.avif,https://ae-pic-a1.aliexpress-media.com/kf/Sd9348e45ca074177b4316dffd2b81e7cx.jpg_220x220q75.jpg_.avif,https://ae-pic-a1.aliexpress-media.com/kf/S20d515a55cf949868060b97b81928e2em.jpg_220x220q75.jpg_.avif","['High-concerned chemical', 'None', 'Craft of Weaving', 'Tatting', 'Season', 'All Season', 'Fabric Type', 'Blended', 'Age', 'Middle Age', 'Place Of Origin', 'China (mainland)', 'Waistline', 'empire', 'Dresses Length', 'Mid-Calf', 'Decoration', 'None', 'Silhouette', 'Straight', 'Pattern Type', 'Solid', 'Style', 'Casual', 'Material', 'POLYESTER', 'Gender', 'Women', 'Origin', 'Mainland China', 'Brand Name', 'TRZA', 'Elasticity', 'Non Strech', 'CN', 'Jiangsu', 'Fit Type', 'Regular Fit']",https://www.aliexpress.us/item/3256806556066815.html?algo_pvid=fd3419bb-1aa5-4df5-9b64-fb9dfb6ea2bc&algo_exp_id=fd3419bb-1aa5-4df5-9b64-fb9dfb6ea2bc-47&pdp_ext_f=%7B%22order%22%3A%222398%22%2C%22eval%22%3A%221%22%2C%22fromPage%22%3A%22search%22%7D&pdp_npi=6%40dis%21USD%2118.01%211.47%21%21%21123.75%2110.05%21%402101e80f17728189925825847e4ca4%2112000038304174390%21sea%21US%210%21ABX%211%210%21n_tag%3A-29910%3Bd%3A64b8815b%3Bm03_new_user%3A-29895%3BpisId%3A5000000197847475&curPageLogUid=IXCzp9DOMMXe&utparam-url=scene%3Asearch%7Cquery_from%3A%7Cx_object_id%3A1005006742381567%7C_p_origin_prod%3A
Spring Black White Spliced Women Short Skirt 2025 Y2k Slim Design Harajuku Mini Skirt Female Empire Korea Style Chic Piano Skirt,$8.63 ,"https://ae-pic-a1.aliexpress-media.com/kf/S0d70167d5499421b8f218af4e4ed4bceu.jpg_220x220q75.jpg_.avif,https://ae-pic-a1.aliexpress-media.com/kf/S0d70167d5499421b8f218af4e4ed4bceu.jpg_220x220q75.jpg_.avif,https://ae-pic-a1.aliexpress-media.com/kf/Sa2bf7bd2b0c84868afd9ffa4d6e4c73cl.jpg?has_lang=1&ver=2_220x220q75.jpg_.avif,https://ae-pic-a1.aliexpress-media.com/kf/Se6780d98efc142c7ac75656f26cac3e9w.jpg?has_lang=1&ver=2_220x220q75.jpg_.avif,https://ae-pic-a1.aliexpress-media.com/kf/S24f33e4d11ce4e98b12b6eb19495c2da5.jpg?has_lang=1&ver=2_220x220q75.jpg_.avif","['High-concerned chemical', 'None', 'Release Date', 'Spring 2025', 'Craft of Weaving', 'Tatting', 'Season', 'Spring/Summer', 'Fabric Type', 'Blended', 'Age', 'Junior', 'Place Of Origin', 'China (mainland)', 'Model Number', '253255S', 'Waistline', 'empire', 'Dresses Length', 'Above Knee , Mini', 'Decoration', 'None', 'Silhouette', 'A-LINE', 'Pattern Type', 'Striped', 'Style', 'Vintage', 'Material', 'POLYESTER', 'Gender', 'Women', 'Origin', 'Mainland China', 'Brand Name', 'ZHUOLIN', 'Elasticity', 'Non Strech', 'CN', 'Guangdong', 'Fit Type', 'Regular Fit']",https://www.aliexpress.us/item/3256808524712915.html?algo_pvid=fd3419bb-1aa5-4df5-9b64-fb9dfb6ea2bc&algo_exp_id=fd3419bb-1aa5-4df5-9b64-fb9dfb6ea2bc-48&pdp_ext_f=%7B%22order%22%3A%222396%22%2C%22eval%22%3A%221%22%2C%22fromPage%22%3A%22search%22%7D&pdp_npi=6%40dis%21USD%2114.87%218.63%21%21%21102.20%2159.28%21%402101e80f17728189925825847e4ca4%2112000046347604043%21sea%21US%210%21ABX%211%210%21n_tag%3A-29910%3Bd%3A64b8815b%3Bm03_new_user%3A-29895&curPageLogUid=DsDaArHOViKL&utparam-url=scene%3Asearch%7Cquery_from%3A%7Cx_object_id%3A1005008711027667%7C_p_origin_prod%3A
Summer Mini skirts for woman vintage korean fashion plaid skirts for women y2k skirts pleated red plaid skirts preppy style,$1.23 ,"https://ae-pic-a1.aliexpress-media.com/kf/S31edde7af14b4174b4e6a91e6e51ef94R.jpg_220x220q75.jpg_.avif,https://ae-pic-a1.aliexpress-media.com/kf/S3afd81d4a5c4431ba3390d114dc945b45.jpg_220x220q75.jpg_.avif,https://ae-pic-a1.aliexpress-media.com/kf/S71ce43c1555c4f27b034fd9cfd48f0ceP.jpg_220x220q75.jpg_.avif,https://ae-pic-a1.aliexpress-media.com/kf/S418473df941d4765bff03232159ffd9b3.jpg_220x220q75.jpg_.avif,https://ae-pic-a1.aliexpress-media.com/kf/S1b21005d06584fe990c61d855b335279z.jpg_220x220q75.jpg_.avif","['High-concerned chemical', 'None', 'Release Date', 'Summer 2024', 'Craft of Weaving', 'Tatting', 'Season', 'Spring/Summer', 'is_customized', 'No', 'Fabric Type', 'Woolen', 'Age', 'Middle Age', 'Place Of Origin', 'China (mainland)', 'Model Number', 'Pleated skirts mini plaid', 'Waistline', 'empire', 'Dresses Length', 'Above Knee , Mini', 'Decoration', 'Folds', 'Silhouette', 'Pleated', 'Pattern Type', 'Plaid', 'Style', 'Preppy Style', 'Material', 'POLYESTER', 'Gender', 'Women', 'Origin', 'Mainland China', 'Brand Name', 'BRUSCREST', 'Elasticity', 'Non Strech', 'CN', 'Zhejiang', 'Fit Type', 'Regular Fit']",https://www.aliexpress.us/item/3256806737511714.html?algo_pvid=fd3419bb-1aa5-4df5-9b64-fb9dfb6ea2bc&algo_exp_id=fd3419bb-1aa5-4df5-9b64-fb9dfb6ea2bc-51&pdp_ext_f=%7B%22order%22%3A%222225%22%2C%22spu_best_type%22%3A%22price%22%2C%22eval%22%3A%221%22%2C%22fromPage%22%3A%22search%22%7D&pdp_npi=6%40dis%21USD%218.23%211.23%21%21%218.23%211.23%21%402101e80f17728189925825847e4ca4%2112000039595309503%21sea%21US%210%21ABX%211%210%21n_tag%3A-29910%3Bd%3A64b8815b%3Bm03_new_user%3A-29895%3BpisId%3A5000000197847475&curPageLogUid=ElJ28GJAe27r&utparam-url=scene%3Asearch%7Cquery_from%3A%7Cx_object_id%3A1005006923826466%7C_p_origin_prod%3A
FINETOO Spring Summer New High Waist Elastic Business Women Mini Skirt Black Slimming Knitted Half Body Skirt Professional Work,$3.51 ,"https://ae-pic-a1.aliexpress-media.com/kf/S60f1c812be8d44378c538b5aca00f9b3H.jpg_220x220q75.jpg_.avif,https://ae-pic-a1.aliexpress-media.com/kf/S60f1c812be8d44378c538b5aca00f9b3H.jpg_220x220q75.jpg_.avif,https://ae-pic-a1.aliexpress-media.com/kf/S86103bb6414149b5b171497748d6f5b9B.jpg?has_lang=1&ver=1_220x220q75.jpg_.avif,https://ae-pic-a1.aliexpress-media.com/kf/Scc5c81db59144f2a997c2c2b0474b693s.jpg_220x220q75.jpg_.avif,https://ae-pic-a1.aliexpress-media.com/kf/S7f486d7244034f15aba4b6ac5fb1d78dF.jpg_220x220q75.jpg_.avif","['High-concerned chemical', 'None', 'Craft of Weaving', 'Non-Woven', 'Season', 'Spring/Summer', 'is_customized', 'No', 'Fabric Type', 'POLYESTER', 'Age', 'Middle Age', 'Place Of Origin', 'China (mainland)', 'Model Number', 'N915', 'Waistline', 'Natural', 'Dresses Length', 'Above Knee , Mini', 'Decoration', 'None', 'Silhouette', 'Pencil', 'Pattern Type', 'Solid', 'Style', 'Office Lady', 'Material', 'Elastane,Polyamide', 'Gender', 'Women', 'Origin', 'Mainland China', 'Elasticity', 'Medium Strecth', 'CN', 'Zhejiang', 'Fit Type', 'Slim']",https://www.aliexpress.us/item/3256810399284373.html?algo_pvid=fd3419bb-1aa5-4df5-9b64-fb9dfb6ea2bc&algo_exp_id=fd3419bb-1aa5-4df5-9b64-fb9dfb6ea2bc-53&pdp_ext_f=%7B%22order%22%3A%222164%22%2C%22eval%22%3A%221%22%2C%22orig_sl_item_id%22%3A%221005010585599125%22%2C%22orig_item_id%22%3A%221005010241805573%22%2C%22fromPage%22%3A%22search%22%7D&pdp_npi=6%40dis%21USD%217.02%213.51%21%21%2148.26%2124.13%21%402101e80f17728189925825847e4ca4%2112000052901539716%21sea%21US%210%21ABX%211%210%21n_tag%3A-29910%3Bd%3A64b8815b%3Bm03_new_user%3A-29895&curPageLogUid=kxDZRAvpJYYG&utparam-url=scene%3Asearch%7Cquery_from%3A%7Cx_object_id%3A1005010585599125%7C_p_origin_prod%3A1005010241805573
Y2k Clothes Gothic Punk Studded Mini Skirt Harajuku Sexy Ultra Short Rivet Pleated Skirt Hot Girl Kawaii Skirt Womens Clothing,$0.99 ,"https://ae-pic-a1.aliexpress-media.com/kf/S317b29f19e054874b9fe1336bace297at.jpg_220x220q75.jpg_.avif,https://ae-pic-a1.aliexpress-media.com/kf/S0d18a76b7d664300a811e3433bcf693fW.jpg_220x220q75.jpg_.avif,https://ae-pic-a1.aliexpress-media.com/kf/Sd9fc18670759477b8245f9902d4321604.jpg_220x220q75.jpg_.avif,https://ae-pic-a1.aliexpress-media.com/kf/S317b29f19e054874b9fe1336bace297at.jpg_220x220q75.jpg_.avif,https://ae-pic-a1.aliexpress-media.com/kf/Sa6e348f26f7045929270d65737cd9994U.jpg_220x220q75.jpg_.avif","['High-concerned chemical', 'None', 'Release Date', 'Summer 2025', 'Craft of Weaving', 'Tatting', 'Season', 'Summer', 'is_customized', 'No', 'Fabric Type', 'Broadcloth', 'Age', 'Middle Age', 'Place Of Origin', 'China (mainland)', 'Waistline', 'Natural', 'Dresses Length', 'Above Knee , Mini', 'Decoration', 'None', 'Silhouette', 'A-LINE', 'Pattern Type', 'Solid', 'Style', 'High Street', 'Material', 'POLYESTER', 'Gender', 'Women', 'Origin', 'Mainland China', 'Brand Name', 'HIZILENT', 'Elasticity', 'Non Strech', 'CN', 'Guangdong', 'Fit Type', 'Regular Fit']",https://www.aliexpress.us/item/3256808457046024.html?algo_pvid=fd3419bb-1aa5-4df5-9b64-fb9dfb6ea2bc&algo_exp_id=fd3419bb-1aa5-4df5-9b64-fb9dfb6ea2bc-57&pdp_ext_f=%7B%22order%22%3A%222010%22%2C%22eval%22%3A%221%22%2C%22fromPage%22%3A%22search%22%7D&pdp_npi=6%40dis%21USD%218.56%210.99%21%21%218.56%210.99%21%402101e80f17728189925825847e4ca4%2112000046071181707%21sea%21US%210%21ABX%211%210%21n_tag%3A-29910%3Bd%3A64b8815b%3Bm03_new_user%3A-29895%3BpisId%3A5000000197847450&curPageLogUid=6Z2GHRf3aaxA&utparam-url=scene%3Asearch%7Cquery_from%3A%7Cx_object_id%3A1005008643360776%7C_p_origin_prod%3A
Lace Asymmetrical Skirt Fairycore Women Vintage Y2K Boho Aesthetic Fashion High Waist Mid Skirts Lady Holiday Outfits,$2.97 ,"https://ae-pic-a1.aliexpress-media.com/kf/S0fb646f3d11f45369e69e38914eedb01K.jpg_220x220q75.jpg_.avif,https://ae-pic-a1.aliexpress-media.com/kf/S0fb646f3d11f45369e69e38914eedb01K.jpg_220x220q75.jpg_.avif,https://ae-pic-a1.aliexpress-media.com/kf/Sf29756585ce849e6b6de33b7e27dfcdfv.jpg_220x220q75.jpg_.avif,https://ae-pic-a1.aliexpress-media.com/kf/S400419769a95474786b80816fe9bafda8.jpg_220x220q75.jpg_.avif,https://ae-pic-a1.aliexpress-media.com/kf/Scc0fd48d703b433f94972e667e3e5f260.jpg_220x220q75.jpg_.avif","['High-concerned chemical', 'None', 'Release Date', 'Autumn 2024', 'Craft of Weaving', 'Knit', 'Season', 'All Season', 'is_customized', 'No', 'Fabric Type', 'Lace', 'Age', 'Junior', 'Place Of Origin', 'China (mainland)', 'Model Number', 'YG0592', 'Waistline', 'empire', 'Dresses Length', 'Mid-Calf', 'Decoration', 'Lace', 'Silhouette', 'A-LINE', 'Pattern Type', 'Solid', 'Style', 'Vintage', 'Material', 'Acetate,Nylon,POLYESTER', 'Gender', 'Women', 'Origin', 'Mainland China', 'Brand Name', 'TOKITIND', 'Elasticity', 'Slight Strech', 'CN', 'Guangdong', 'Fit Type', 'Loose']",https://www.aliexpress.us/item/3256806708252578.html?algo_pvid=fd3419bb-1aa5-4df5-9b64-fb9dfb6ea2bc&algo_exp_id=fd3419bb-1aa5-4df5-9b64-fb9dfb6ea2bc-59&pdp_ext_f=%7B%22order%22%3A%221935%22%2C%22eval%22%3A%221%22%2C%22fromPage%22%3A%22search%22%7D&pdp_npi=6%40dis%21USD%2112.97%212.97%21%21%2189.16%2120.43%21%402101e80f17728189925825847e4ca4%2112000038642186505%21sea%21US%210%21ABX%211%210%21n_tag%3A-29910%3Bd%3A64b8815b%3Bm03_new_user%3A-29895%3BpisId%3A5000000197847450&curPageLogUid=1xQgXTFsw8P2&utparam-url=scene%3Asearch%7Cquery_from%3A%7Cx_object_id%3A1005006894567330%7C_p_origin_prod%3A
Jeans Pants Decor Embroidered Flower Lace Mini Skirt Irregular See Through Ruched Skirts High Waist Harajuku Pleated Skirts,$7.90 ,"https://ae-pic-a1.aliexpress-media.com/kf/Sdf8d5fb67e9c4bc996d2a41ac2f53a62Y.jpg?has_lang=1&ver=1_220x220q75.jpg_.avif,https://ae-pic-a1.aliexpress-media.com/kf/S1071ecec3c9340b3941b0d87c9fc216dj.jpg?has_lang=1&ver=1_220x220q75.jpg_.avif,https://ae-pic-a1.aliexpress-media.com/kf/S4d2b8bccac284d8ab1e689645e12d279j.jpg_220x220q75.jpg_.avif,https://ae-pic-a1.aliexpress-media.com/kf/Sd91c70d6cc584862a2434fee1e026bafD.jpg_220x220q75.jpg_.avif,https://ae-pic-a1.aliexpress-media.com/kf/S5f84226edd0e43a282a85e6435ca91470.jpg_220x220q75.jpg_.avif","['Occasion', 'Party', 'Festival', ""Valentine's Day"", 'High-concerned chemical', 'None', 'Release Date', 'Spring 2025', 'Craft of Weaving', 'Non-Woven', 'Season', 'Spring/Summer']",https://www.aliexpress.us/item/3256808965393579.html?algo_pvid=b9cc4b84-901c-4023-a89a-1a28ec464442&algo_exp_id=b9cc4b84-901c-4023-a89a-1a28ec464442-0&pdp_ext_f=%7B%22order%22%3A%221056%22%2C%22eval%22%3A%221%22%2C%22fromPage%22%3A%22search%22%7D&pdp_npi=6%40dis%21USD%217.95%217.90%21%21%2154.65%2154.31%21%402102eaa317729905216923047edb45%2112000048107000942%21sea%21US%210%21ABX%211%210%21n_tag%3A-29910%3Bd%3Ad1df2f05%3Bm03_new_user%3A-29895%3BpisId%3A5000000201818083&curPageLogUid=G3FwLEHE6Vv9&utparam-url=scene%3Asearch%7Cquery_from%3A%7Cx_object_id%3A1005009151708331%7C_p_origin_prod%3A
Erotic Lingerie Sexy Cosplay Schoolgirl Uniform Temptation Mini Pleated Skirt Fetish Porno Stockings Bodysuit Anime Costumes,$0.99 ,"https://ae-pic-a1.aliexpress-media.com/kf/S8e689e9592754fc1acbc01e32b28a363W.jpeg_220x220q75.jpeg_.avif,https://ae-pic-a1.aliexpress-media.com/kf/Se4491fa6887b48069d0cd5a8f1abbdf7F.jpeg_220x220q75.jpeg_.avif,https://ae-pic-a1.aliexpress-media.com/kf/S083cf146fdb64c268ecb3b77d5d945f4d.jpeg_220x220q75.jpeg_.avif,https://ae-pic-a1.aliexpress-media.com/kf/Se30f14a423c24f9d93a194b569566d315.jpeg_220x220q75.jpeg_.avif,https://ae-pic-a1.aliexpress-media.com/kf/Scd3ef1141d5443c5ba467437d5abcb05Z.jpeg_220x220q75.jpeg_.avif","['High-concerned chemical', 'None', 'Craft of Weaving', 'Non-Woven', 'Season', 'Spring/Summer', 'is_customized', 'No', 'Fabric Type', 'Chiffon', 'Age', 'Middle Age']",https://www.aliexpress.us/item/3256805006082895.html?algo_pvid=b9cc4b84-901c-4023-a89a-1a28ec464442&algo_exp_id=b9cc4b84-901c-4023-a89a-1a28ec464442-1&pdp_ext_f=%7B%22order%22%3A%221051%22%2C%22eval%22%3A%221%22%2C%22fromPage%22%3A%22search%22%7D&pdp_npi=6%40dis%21USD%215.03%210.99%21%21%2134.54%216.77%21%402102eaa317729905216923047edb45%2112000032065214563%21sea%21US%210%21ABX%211%210%21n_tag%3A-29910%3Bd%3Ad1df2f05%3Bm03_new_user%3A-29895%3BpisId%3A5000000197847475&curPageLogUid=uKBbKUFbQKtB&utparam-url=scene%3Asearch%7Cquery_from%3A%7Cx_object_id%3A1005005192397647%7C_p_origin_prod%3A
Women Skirt Bodycon Skirt Office Female Slim Knee Length High Waist Stretch Sexy Pencil Skirts Jupe Femme,$4.18 ,"https://ae-pic-a1.aliexpress-media.com/kf/S616d06ceacce407db32d848749fe271di.jpg_220x220q75.jpg_.avif,https://ae-pic-a1.aliexpress-media.com/kf/S7f5d8e118909409fb0c5fb4396a1ab15s.jpg_220x220q75.jpg_.avif,https://ae-pic-a1.aliexpress-media.com/kf/Sb9ddd857720040c7a0accf3fcb0fe2bdR.jpg_220x220q75.jpg_.avif,https://ae-pic-a1.aliexpress-media.com/kf/S58cf26e23c6d4ac7970d1fd5cddc49a67.jpg_220x220q75.jpg_.avif,https://ae-pic-a1.aliexpress-media.com/kf/S3ba99c3743474250ab58c1a6e773c487f.jpg_220x220q75.jpg_.avif","['is_customized', 'No', 'Fabric Type', 'Blended', 'Age', '25-34', 'Place Of Origin', 'China (mainland)', 'Waistline', 'empire', 'Dresses Length', 'Knee-Length']",https://www.aliexpress.us/item/3256806830041606.html?algo_pvid=b9cc4b84-901c-4023-a89a-1a28ec464442&algo_exp_id=b9cc4b84-901c-4023-a89a-1a28ec464442-4&pdp_ext_f=%7B%22order%22%3A%221036%22%2C%22eval%22%3A%221%22%2C%22orig_sl_item_id%22%3A%221005007016356358%22%2C%22orig_item_id%22%3A%221005005495329191%22%2C%22fromPage%22%3A%22search%22%7D&pdp_npi=6%40dis%21USD%218.72%214.18%21%21%2159.96%2128.78%21%402102eaa317729905216923047edb45%2112000039083018082%21sea%21US%210%21ABX%211%210%21n_tag%3A-29910%3Bd%3Ad1df2f05%3Bm03_new_user%3A-29895&curPageLogUid=jlIHdUGt0CrF&utparam-url=scene%3Asearch%7Cquery_from%3A%7Cx_object_id%3A1005007016356358%7C_p_origin_prod%3A1005005495329191
Brown Ruffled High Waisted Long Victorian Skirt Steampunk Skirts Womens Party Wear Gothic Vintage Clothes Medieval Costume Sexy,$0.99 ,"https://ae-pic-a1.aliexpress-media.com/kf/Sc0554e23283c422a9ddf69ba69b7d7ebj.jpg_220x220q75.jpg_.avif,https://ae-pic-a1.aliexpress-media.com/kf/S82dcb8a8d4e74db5866e6db05b5b6dbdp.jpg_220x220q75.jpg_.avif,https://ae-pic-a1.aliexpress-media.com/kf/S5c2a8919734b452a9765d8e89587075aS.jpg_220x220q75.jpg_.avif,https://ae-pic-a1.aliexpress-media.com/kf/Sbc249d0d40424e75874ac26857469fcdU.jpg_220x220q75.jpg_.avif,https://ae-pic-a1.aliexpress-media.com/kf/S28be59d249144b21ab6dd7a6eea5f068f.jpg_220x220q75.jpg_.avif","['High-concerned chemical', 'None', 'Craft of Weaving', 'Tatting', 'Season', 'All Season', 'is_customized', 'No', 'Fabric Type', 'Nylon Cotton', 'Age', 'Middle Age']",https://www.aliexpress.us/item/3256807059713231.html?algo_pvid=b9cc4b84-901c-4023-a89a-1a28ec464442&algo_exp_id=b9cc4b84-901c-4023-a89a-1a28ec464442-5&pdp_ext_f=%7B%22order%22%3A%221030%22%2C%22eval%22%3A%221%22%2C%22fromPage%22%3A%22search%22%7D&pdp_npi=6%40dis%21USD%2110.70%210.99%21%21%2110.70%210.99%21%402102eaa317729905216923047edb45%2112000039934938256%21sea%21US%210%21ABX%211%210%21n_tag%3A-29910%3Bd%3Ad1df2f05%3Bm03_new_user%3A-29895%3BpisId%3A5000000197847450&curPageLogUid=9SATJFk2M19b&utparam-url=scene%3Asearch%7Cquery_from%3A%7Cx_object_id%3A1005007246027983%7C_p_origin_prod%3A
Satin Mini Skirts Women Summer Beige Silk Short Skirt For Woman Drawstring High Waist Black Satin Skirt A Line Women Short 2025,$39.81 ,"https://ae-pic-a1.aliexpress-media.com/kf/S143658499a6245b997f9e82d86ba13d6K.jpg_220x220q75.jpg_.avif,https://ae-pic-a1.aliexpress-media.com/kf/S143658499a6245b997f9e82d86ba13d6K.jpg_220x220q75.jpg_.avif,https://ae-pic-a1.aliexpress-media.com/kf/S033f57907b2c46a5b8764455416e6422N.jpg_220x220q75.jpg_.avif,https://ae-pic-a1.aliexpress-media.com/kf/S671b7b7fd91f43c38ede2003ad5cbc3do.jpg_220x220q75.jpg_.avif,https://ae-pic-a1.aliexpress-media.com/kf/S7b4ebe9937804f27ae3f997da3f03cb9y.jpg_220x220q75.jpg_.avif","['High-concerned chemical', 'None', 'Release Date', 'Summer 2025', 'Craft of Weaving', 'Tatting', 'Season', 'Spring/Summer', 'is_customized', 'No', 'Fabric Type', 'Satin']",https://www.aliexpress.us/item/3256806722008283.html?algo_pvid=b9cc4b84-901c-4023-a89a-1a28ec464442&algo_exp_id=b9cc4b84-901c-4023-a89a-1a28ec464442-6&pdp_ext_f=%7B%22order%22%3A%221030%22%2C%22spu_best_type%22%3A%22price%22%2C%22eval%22%3A%221%22%2C%22fromPage%22%3A%22search%22%7D&pdp_npi=6%40dis%21USD%2182.19%2139.81%21%21%2182.19%2139.81%21%402102eaa317729905216923047edb45%2112000038681891734%21sea%21US%210%21ABX%211%210%21n_tag%3A-29910%3Bd%3Ad1df2f05%3Bm03_new_user%3A-29895%3BpisId%3A5000000197847458&curPageLogUid=XVu2cssbLe7I&utparam-url=scene%3Asearch%7Cquery_from%3A%7Cx_object_id%3A1005006908323035%7C_p_origin_prod%3A
Women's Black Gothic A-line Pleated Leather Skirt Y2k Mini Shorts Skirts Harajuku Korean Emo Skirt 2000s Vintage Clothes Summer,$22.58 ,"https://ae-pic-a1.aliexpress-media.com/kf/Sce01e7887efd445db5b26995c329626fR.jpg_220x220q75.jpg_.avif,https://ae-pic-a1.aliexpress-media.com/kf/S8c4a1ed61d9748fe805d760713ba97f50.jpg_220x220q75.jpg_.avif,https://ae-pic-a1.aliexpress-media.com/kf/S66fa2a6c6ddc46f6b787ee80b7da9090e.jpg_220x220q75.jpg_.avif,https://ae-pic-a1.aliexpress-media.com/kf/Sbf82588c375f49939deb51bdc9138742H.jpg_220x220q75.jpg_.avif,https://ae-pic-a1.aliexpress-media.com/kf/S3f180c0cb05646f58338a69bae1fea7bD.jpg_220x220q75.jpg_.avif","['High-concerned chemical', 'None', 'Craft of Weaving', 'Not Clothing or Textiles', 'Season', 'Summer', 'is_customized', 'No', 'Fabric Type', 'Leather', 'Age', 'Junior']",https://www.aliexpress.us/item/3256807325505457.html?algo_pvid=b9cc4b84-901c-4023-a89a-1a28ec464442&algo_exp_id=b9cc4b84-901c-4023-a89a-1a28ec464442-7&pdp_ext_f=%7B%22order%22%3A%221023%22%2C%22eval%22%3A%221%22%2C%22fromPage%22%3A%22search%22%7D&pdp_npi=6%40dis%21USD%2132.58%2122.58%21%21%2132.58%2122.58%21%402102eaa317729905216923047edb45%2112000041102853005%21sea%21US%210%21ABX%211%210%21n_tag%3A-29910%3Bd%3Ad1df2f05%3Bm03_new_user%3A-29895%3BpisId%3A5000000197847450&curPageLogUid=f1UYKvhAHh1r&utparam-url=scene%3Asearch%7Cquery_from%3A%7Cx_object_id%3A1005007511820209%7C_p_origin_prod%3A
French Lace Up Short Fart Curtain Skirt Spring Layered Skirt INS Women Wrap Skirt Bandage Dress Apron Curtain Expansion Skirt,$0.99 ,"https://ae-pic-a1.aliexpress-media.com/kf/S8d06485c3b5a4a7da31ef767234016dcz.jpg?has_lang=1&ver=1_220x220q75.jpg_.avif,https://ae-pic-a1.aliexpress-media.com/kf/S7fe96f34ba76422f9a11991d08786e17u.jpg_220x220q75.jpg_.avif,https://ae-pic-a1.aliexpress-media.com/kf/Se13c13e147614d3a993a751260a8c400R.jpg_220x220q75.jpg_.avif,https://ae-pic-a1.aliexpress-media.com/kf/Sfa086dab5cb346f78c29dcf391470c6cT.jpg_220x220q75.jpg_.avif,https://ae-pic-a1.aliexpress-media.com/kf/Sab92becec49a43fc955fb7ab1c55d425v.jpg_220x220q75.jpg_.avif","['High-concerned chemical', 'None', 'Craft of Weaving', 'Tatting', 'Season', 'Summer', 'Fabric Type', 'Blended', 'Age', 'Junior', 'Waistline', 'Natural']",https://www.aliexpress.us/item/3256808816058502.html?algo_pvid=b9cc4b84-901c-4023-a89a-1a28ec464442&algo_exp_id=b9cc4b84-901c-4023-a89a-1a28ec464442-8&pdp_ext_f=%7B%22order%22%3A%221015%22%2C%22spu_best_type%22%3A%22price%22%2C%22eval%22%3A%221%22%2C%22fromPage%22%3A%22search%22%7D&pdp_npi=6%40dis%21USD%213.92%210.99%21%21%2126.93%216.79%21%402102eaa317729905216923047edb45%2112000047530942196%21sea%21US%210%21ABX%211%210%21n_tag%3A-29910%3Bd%3Ad1df2f05%3Bm03_new_user%3A-29895%3BpisId%3A5000000197847475&curPageLogUid=XmYcZBsQjAWD&utparam-url=scene%3Asearch%7Cquery_from%3A%7Cx_object_id%3A1005009002373254%7C_p_origin_prod%3A
Casual Skirts Punk Sexy Net Yarn High-Waisted Irregular Skirt for Women Summer New European and American Gothic Style Versatile,$1.31 ,"https://ae-pic-a1.aliexpress-media.com/kf/Sc39f53a884dc458b8aed40403e19394dL.jpg_220x220q75.jpg_.avif,https://ae-pic-a1.aliexpress-media.com/kf/Se74b61411dbc4b8792decb0c0d30f1f8W.jpg_220x220q75.jpg_.avif,https://ae-pic-a1.aliexpress-media.com/kf/S8575cbdb92bb422dbf27a53c68826227s.jpg_220x220q75.jpg_.avif,https://ae-pic-a1.aliexpress-media.com/kf/S693166b55ca24ae1b3ea44d0682aeea20.png_220x220.png_.avif,https://ae-pic-a1.aliexpress-media.com/kf/Sd22fd962cc0b4ea5bf456fd5e6f45b0cu.png_220x220.png_.avif","['High-concerned chemical', 'None', 'Craft of Weaving', 'Not Clothing or Textiles', 'Season', 'Spring/Summer', 'Fabric Type', 'Blended', 'Age', 'Middle Age', 'Place Of Origin', 'China (mainland)']",https://www.aliexpress.us/item/3256808474019774.html?algo_pvid=b9cc4b84-901c-4023-a89a-1a28ec464442&algo_exp_id=b9cc4b84-901c-4023-a89a-1a28ec464442-9&pdp_ext_f=%7B%22order%22%3A%22997%22%2C%22spu_best_type%22%3A%22price%22%2C%22eval%22%3A%221%22%2C%22fromPage%22%3A%22search%22%7D&pdp_npi=6%40dis%21USD%2117.31%211.31%21%21%21118.96%218.99%21%402102eaa317729905216923047edb45%2112000046136469204%21sea%21US%210%21ABX%211%210%21n_tag%3A-29910%3Bd%3Ad1df2f05%3Bm03_new_user%3A-29895%3BpisId%3A5000000197847475&curPageLogUid=OwsXxC6h6oCn&utparam-url=scene%3Asearch%7Cquery_from%3A%7Cx_object_id%3A1005008660334526%7C_p_origin_prod%3A
Fashion High Waist Pleated Mini Skirt Chic Ladies Lace Skirt Classic Women Vintage High Street Club Party Y2k Fairy A-line Skirt,$4.27 ,"https://ae-pic-a1.aliexpress-media.com/kf/S4abd73058c81476e9bd6a9e67390cdbel.jpg_220x220q75.jpg_.avif,https://ae-pic-a1.aliexpress-media.com/kf/S82f5e52441444d19b2af09181ade814aV.jpg_220x220q75.jpg_.avif,https://ae-pic-a1.aliexpress-media.com/kf/S8a8375b2783043a7beefddfa8c192baaC.jpg_220x220q75.jpg_.avif,https://ae-pic-a1.aliexpress-media.com/kf/S5cf423d0ec3048e58c8eec67da27783bJ.jpg_220x220q75.jpg_.avif,https://ae-pic-a1.aliexpress-media.com/kf/S4b27bfe7a06240828a9c1047ba6d5450r.jpg_220x220q75.jpg_.avif","['High-concerned chemical', 'None', 'Release Date', 'Autumn 2024', 'Craft of Weaving', 'Tatting', 'Season', 'Summer', 'is_customized', 'No', 'Fabric Type', 'Broadcloth']",https://www.aliexpress.us/item/3256808089124413.html?algo_pvid=b9cc4b84-901c-4023-a89a-1a28ec464442&algo_exp_id=b9cc4b84-901c-4023-a89a-1a28ec464442-10&pdp_ext_f=%7B%22order%22%3A%22996%22%2C%22eval%22%3A%221%22%2C%22fromPage%22%3A%22search%22%7D&pdp_npi=6%40dis%21USD%2114.27%214.27%21%21%2114.27%214.27%21%402102eaa317729905216923047edb45%2112000044448180654%21sea%21US%210%21ABX%211%210%21n_tag%3A-29910%3Bd%3Ad1df2f05%3Bm03_new_user%3A-29895%3BpisId%3A5000000197847450&curPageLogUid=wqk7LYE9BBq8&utparam-url=scene%3Asearch%7Cquery_from%3A%7Cx_object_id%3A1005008275439165%7C_p_origin_prod%3A
Vintage Tulle Skirt Women Streetwear Elastic High Waist Mesh Pleated Skirts Summer Elegant Korean A Line Office Ladies Skirt New,$0.99 ,"https://ae-pic-a1.aliexpress-media.com/kf/S140575fc78bf42d7b8b6648ee081317dT.jpg?has_lang=1&ver=1_220x220q75.jpg_.avif,https://ae-pic-a1.aliexpress-media.com/kf/S22c6aa170c9c421bb64f3fae971d8915I.jpg_220x220q75.jpg_.avif,https://ae-pic-a1.aliexpress-media.com/kf/S083d43a26aa449d392480167dc9fd050R.jpg_220x220q75.jpg_.avif,https://ae-pic-a1.aliexpress-media.com/kf/Sc4f45153e85c4c82a78bc62a164a96bal.jpg?has_lang=1&ver=2_220x220q75.jpg_.avif,https://ae-pic-a1.aliexpress-media.com/kf/S7fb4929d6438491683b4488fe4a4b460s.jpg_220x220q75.jpg_.avif","['High-concerned chemical', 'None', 'Craft of Weaving', 'Tatting', 'Season', 'Spring/Summer', 'is_customized', 'No', 'Fabric Type', 'Mesh', 'Age', 'Junior']",https://www.aliexpress.us/item/3256806337880713.html?algo_pvid=b9cc4b84-901c-4023-a89a-1a28ec464442&algo_exp_id=b9cc4b84-901c-4023-a89a-1a28ec464442-11&pdp_ext_f=%7B%22order%22%3A%22987%22%2C%22eval%22%3A%221%22%2C%22fromPage%22%3A%22search%22%7D&pdp_npi=6%40dis%21USD%2111.11%210.99%21%21%2176.34%216.76%21%402102eaa317729905216923047edb45%2112000037524600852%21sea%21US%210%21ABX%211%210%21n_tag%3A-29910%3Bd%3Ad1df2f05%3Bm03_new_user%3A-29895%3BpisId%3A5000000197847475&curPageLogUid=CMHK026fpEDO&utparam-url=scene%3Asearch%7Cquery_from%3A%7Cx_object_id%3A1005006524195465%7C_p_origin_prod%3A
"Lolita Flying Saucer Petticoat - Boneless Maximum Volume Crinoline, Invisible Wire-Free Underskirt for Daily Gothic Sweet OP/JSK",$7.56 ,"https://ae-pic-a1.aliexpress-media.com/kf/S21a70e29e19848b1b3d0d9c33cb982f5q.jpg?has_lang=1&ver=2_220x220q75.jpg_.avif,https://ae-pic-a1.aliexpress-media.com/kf/Sf05f257b94444307b39f5005445a0583V.jpg?has_lang=1&ver=2_220x220q75.jpg_.avif,https://ae-pic-a1.aliexpress-media.com/kf/Sf04cc1c6e66c4d3d9600f7d1ec3c9fa3s.jpg?has_lang=1&ver=2_220x220q75.jpg_.avif,https://ae-pic-a1.aliexpress-media.com/kf/S6c984767d46e4f1ba767509be676d6c4b.jpg?has_lang=1&ver=2_220x220q75.jpg_.avif,https://ae-pic-a1.aliexpress-media.com/kf/S2006c32e1b5149c3b75040d695d1ce9an.jpg_220x220q75.jpg_.avif","['Occasion', 'Party', 'Festival', 'Carnivals', 'High-concerned chemical', 'None', 'Release Date', 'Summer 2025', 'Craft of Weaving', 'Tatting', 'Season', 'Spring/Summer']",https://www.aliexpress.us/item/3256809968918995.html?algo_pvid=b9cc4b84-901c-4023-a89a-1a28ec464442&algo_exp_id=b9cc4b84-901c-4023-a89a-1a28ec464442-13&pdp_ext_f=%7B%22order%22%3A%22977%22%2C%22eval%22%3A%221%22%2C%22orig_sl_item_id%22%3A%221005010155233747%22%2C%22orig_item_id%22%3A%221005009749898421%22%2C%22fromPage%22%3A%22search%22%7D&pdp_npi=6%40dis%21USD%2115.75%217.56%21%21%21108.22%2151.95%21%402102eaa317729905216923047edb45%2112000051347358293%21sea%21US%210%21ABX%211%210%21n_tag%3A-29910%3Bd%3Ad1df2f05%3Bm03_new_user%3A-29895&curPageLogUid=pdbol0JffuFe&utparam-url=scene%3Asearch%7Cquery_from%3A%7Cx_object_id%3A1005010155233747%7C_p_origin_prod%3A1005009749898421
Women Summer Plaid Pleated Skirt With Necktie Bowtie Korean Jk Skirt Uniform Japanese School Preppy A Line Mini Skirts,$4.60 ,"https://ae-pic-a1.aliexpress-media.com/kf/S52218f168c8642269207fa5a022fba08e.jpg_220x220q75.jpg_.avif,https://ae-pic-a1.aliexpress-media.com/kf/S703e00fc367242edb4bfd38e9393e1fce.jpg_220x220q75.jpg_.avif,https://ae-pic-a1.aliexpress-media.com/kf/S0ec63f5bca2445cc93b3a2864edcd9551.jpg?has_lang=1&ver=2_220x220q75.jpg_.avif,https://ae-pic-a1.aliexpress-media.com/kf/S88f4e437c82942f4954d872ac848af54n.jpg_220x220q75.jpg_.avif,https://ae-pic-a1.aliexpress-media.com/kf/S1ec2306f79fa4a7a9ecaf6128972ae6e4.jpg_220x220q75.jpg_.avif","['Occasion', 'Music Festival', 'High-concerned chemical', 'None', 'Craft of Weaving', 'Knit', 'Season', 'Summer', 'Fabric Type', 'Leather', 'Age', 'Junior']",https://www.aliexpress.us/item/3256807375022038.html?algo_pvid=b9cc4b84-901c-4023-a89a-1a28ec464442&algo_exp_id=b9cc4b84-901c-4023-a89a-1a28ec464442-14&pdp_ext_f=%7B%22order%22%3A%22971%22%2C%22eval%22%3A%221%22%2C%22fromPage%22%3A%22search%22%7D&pdp_npi=6%40dis%21USD%2114.60%214.60%21%21%21100.33%2131.60%21%402102eaa317729905216923047edb45%2112000041300852285%21sea%21US%210%21ABX%211%210%21n_tag%3A-29910%3Bd%3Ad1df2f05%3Bm03_new_user%3A-29895%3BpisId%3A5000000197847450&curPageLogUid=0jBdRqHINpzO&utparam-url=scene%3Asearch%7Cquery_from%3A%7Cx_object_id%3A1005007561336790%7C_p_origin_prod%3A
AS AW25 pinstripe collection slip dress + knit mockneck top + embroidery cableknit + stripe pleat skirt,$19.50 ,"https://ae-pic-a1.aliexpress-media.com/kf/Sdfaec86ddb69431d88ab571b50512ae8P.jpg_220x220q75.jpg_.avif,https://ae-pic-a1.aliexpress-media.com/kf/Sdfaec86ddb69431d88ab571b50512ae8P.jpg_220x220q75.jpg_.avif,https://ae-pic-a1.aliexpress-media.com/kf/Sd1baffea02924da789227acb44c041710.jpg_220x220q75.jpg_.avif,https://ae-pic-a1.aliexpress-media.com/kf/Sd37a2006c4e54d87b2a676472bfa191cy.jpg?has_lang=1&ver=2_220x220q75.jpg_.avif,https://ae-pic-a1.aliexpress-media.com/kf/S69284a6dab3f427ca15f342ba564a1f8I.jpg_220x220q75.jpg_.avif","['High-concerned chemical', 'None', 'Craft of Weaving', 'Knit', 'Season', 'Autumn', 'is_customized', 'Yes', 'Fabric Type', 'Broadcloth', 'Age', 'Middle Age']",https://www.aliexpress.us/item/3256809584733545.html?algo_pvid=b9cc4b84-901c-4023-a89a-1a28ec464442&algo_exp_id=b9cc4b84-901c-4023-a89a-1a28ec464442-15&pdp_ext_f=%7B%22order%22%3A%22964%22%2C%22eval%22%3A%221%22%2C%22fromPage%22%3A%22search%22%7D&pdp_npi=6%40dis%21USD%2159.00%2119.50%21%21%2159.00%2119.50%21%402102eaa317729905216923047edb45%2112000050110561470%21sea%21US%210%21ABX%211%210%21n_tag%3A-29910%3Bd%3Ad1df2f05%3Bm03_new_user%3A-29895%3BpisId%3A5000000197847450&curPageLogUid=6vI82gX8xkUN&utparam-url=scene%3Asearch%7Cquery_from%3A%7Cx_object_id%3A1005009771048297%7C_p_origin_prod%3A
Womens Summer Sexy PU Faux Leather Pleated Mini Skirt High Waist Short Skirt Lingerie Hot Dance Outfit Clubwear,$0.99 ,"https://ae-pic-a1.aliexpress-media.com/kf/Sb52e353677494dcfb7dc9b153327c736U.jpg_220x220q75.jpg_.avif,https://ae-pic-a1.aliexpress-media.com/kf/Sb52e353677494dcfb7dc9b153327c736U.jpg_220x220q75.jpg_.avif,https://ae-pic-a1.aliexpress-media.com/kf/S1598b8fab6ce4aac8bb709ebe7168043S.jpg_220x220q75.jpg_.avif,https://ae-pic-a1.aliexpress-media.com/kf/Sc5947cab36a2440dae3af3c8c12f7e60t.jpg_220x220q75.jpg_.avif,https://ae-pic-a1.aliexpress-media.com/kf/Sf78e0a02cf1b4c76893138fbcec12189u.jpg_220x220q75.jpg_.avif","['High-concerned chemical', 'None', 'Craft of Weaving', 'Other', 'Season', 'All Season', 'is_customized', 'No', 'Fabric Type', 'Leather', 'Age', 'Junior']",https://www.aliexpress.us/item/3256806566048446.html?algo_pvid=b9cc4b84-901c-4023-a89a-1a28ec464442&algo_exp_id=b9cc4b84-901c-4023-a89a-1a28ec464442-16&pdp_ext_f=%7B%22order%22%3A%22963%22%2C%22eval%22%3A%221%22%2C%22fromPage%22%3A%22search%22%7D&pdp_npi=6%40dis%21USD%214.31%210.99%21%21%2129.65%216.83%21%402102eaa317729905216923047edb45%2112000038188312435%21sea%21US%210%21ABX%211%210%21n_tag%3A-29910%3Bd%3Ad1df2f05%3Bm03_new_user%3A-29895%3BpisId%3A5000000197847475&curPageLogUid=q1atmmXKkhaS&utparam-url=scene%3Asearch%7Cquery_from%3A%7Cx_object_id%3A1005006752363198%7C_p_origin_prod%3A
Women's Lace Mini Skirts Solid Color Summer Sexy Short Skirt Sexy Ultra Short Skirt Party Lace Skirts 2024 New Fashion,$0.99 ,"https://ae-pic-a1.aliexpress-media.com/kf/S3c5970603fae4ce6ac840be857696e11W.jpg_220x220q75.jpg_.avif,https://ae-pic-a1.aliexpress-media.com/kf/S3c5970603fae4ce6ac840be857696e11W.jpg_220x220q75.jpg_.avif,https://ae-pic-a1.aliexpress-media.com/kf/S79c10c82727e4eb39aa5385080540256z.jpg_220x220q75.jpg_.avif,https://ae-pic-a1.aliexpress-media.com/kf/Sdf13267742ee414e95d71e951ee4233dQ.jpg_220x220q75.jpg_.avif,https://ae-pic-a1.aliexpress-media.com/kf/S58f44347f3ba4cad906426f1a3f4a66d8.jpg_220x220q75.jpg_.avif","['High-concerned chemical', 'None', 'Release Date', 'Autumn 2024', 'Craft of Weaving', 'Tatting', 'Season', 'Spring/Summer', 'Fabric Type', 'Broadcloth', 'Age', 'Middle Age']",https://www.aliexpress.us/item/3256807034735480.html?algo_pvid=b9cc4b84-901c-4023-a89a-1a28ec464442&algo_exp_id=b9cc4b84-901c-4023-a89a-1a28ec464442-17&pdp_ext_f=%7B%22order%22%3A%22958%22%2C%22eval%22%3A%221%22%2C%22fromPage%22%3A%22search%22%7D&pdp_npi=6%40dis%21USD%216.25%210.99%21%21%2142.95%216.80%21%402102eaa317729905216923047edb45%2112000039859061289%21sea%21US%210%21ABX%211%210%21n_tag%3A-29910%3Bd%3Ad1df2f05%3Bm03_new_user%3A-29895%3BpisId%3A5000000197847475&curPageLogUid=EXCeSrQC34eU&utparam-url=scene%3Asearch%7Cquery_from%3A%7Cx_object_id%3A1005007221050232%7C_p_origin_prod%3A
Japanese Gothic Lolita Ribbon Short Suspender plaid Skirt Girls Sweet Cute Lace A-Line Mini Skirts summer2025 black solid kawaii,$25.30 ,"https://ae-pic-a1.aliexpress-media.com/kf/S0df068636ba74ed8a8ca0533d29bdbeao.jpg_220x220q75.jpg_.avif,https://ae-pic-a1.aliexpress-media.com/kf/Sdc423ff9a02547ecb45ebb51c56f4c67O.jpg_220x220q75.jpg_.avif,https://ae-pic-a1.aliexpress-media.com/kf/Sb51a9d53f8a043258e1516b8112fb087O.jpg_220x220q75.jpg_.avif,https://ae-pic-a1.aliexpress-media.com/kf/Sa03ad37f62fe4f389b03842d858f5431P.jpg_220x220q75.jpg_.avif,https://ae-pic-a1.aliexpress-media.com/kf/Sab6b8049ce894c98ac3dcfb0918a4352k.jpg_220x220q75.jpg_.avif","['High-concerned chemical', 'None', 'Release Date', 'Summer 2025', 'Craft of Weaving', 'Tatting', 'Season', 'Spring/Summer', 'is_customized', 'No', 'Fabric Type', 'Blended']",https://www.aliexpress.us/item/3256806645683853.html?algo_pvid=b9cc4b84-901c-4023-a89a-1a28ec464442&algo_exp_id=b9cc4b84-901c-4023-a89a-1a28ec464442-20&pdp_ext_f=%7B%22order%22%3A%22942%22%2C%22eval%22%3A%221%22%2C%22fromPage%22%3A%22search%22%7D&pdp_npi=6%40dis%21USD%2144.38%2125.30%21%21%21304.99%21173.84%21%402102eaa317729905216923047edb45%2112000042021332946%21sea%21US%210%21ABX%211%210%21n_tag%3A-29910%3Bd%3Ad1df2f05%3Bm03_new_user%3A-29895&curPageLogUid=Jabz1OOp61V9&utparam-url=scene%3Asearch%7Cquery_from%3A%7Cx_object_id%3A1005006831998605%7C_p_origin_prod%3A
Gothic Sweet Women Pleated Skirt Fashion Plaid Mini High Waist Chic Skirt Kawaii Summer Casual Ladies Plaid Pleated Skirt,$4.15 ,"https://ae-pic-a1.aliexpress-media.com/kf/S243cfe0d20c04ed48dadbb0b7ce72b2aM.jpg?has_lang=1&ver=2_220x220q75.jpg_.avif,https://ae-pic-a1.aliexpress-media.com/kf/S438d30d8990a406da8b9d0fe9c77b74dq.jpg?has_lang=1&ver=2_220x220q75.jpg_.avif,https://ae-pic-a1.aliexpress-media.com/kf/S5042fcfa1a21427faaf65b4e7b7a58bez.jpg_220x220q75.jpg_.avif,https://ae-pic-a1.aliexpress-media.com/kf/S12cb2fbe4f56438ebe51401d390f9d0dT.jpg?has_lang=1&ver=2_220x220q75.jpg_.avif,https://ae-pic-a1.aliexpress-media.com/kf/S28a877a1e8aa46e7869d054a98860040z.jpg?has_lang=1&ver=2_220x220q75.jpg_.avif","['High-concerned chemical', 'None', 'Season', 'All Season', 'Fabric Type', 'TWILL', 'Age', 'Junior', 'Waistline', 'empire', 'Dresses Length', 'Above Knee , Mini']",https://www.aliexpress.us/item/3256801445174310.html?algo_pvid=b9cc4b84-901c-4023-a89a-1a28ec464442&algo_exp_id=b9cc4b84-901c-4023-a89a-1a28ec464442-22&pdp_ext_f=%7B%22order%22%3A%22938%22%2C%22eval%22%3A%221%22%2C%22fromPage%22%3A%22search%22%7D&pdp_npi=6%40dis%21USD%2111.15%214.15%21%21%2111.15%214.15%21%402102eaa317729905216923047edb45%2112000016895979501%21sea%21US%210%21ABX%211%210%21n_tag%3A-29910%3Bd%3Ad1df2f05%3Bm03_new_user%3A-29895%3BpisId%3A5000000197847475&curPageLogUid=25psO43KJDtg&utparam-url=scene%3Asearch%7Cquery_from%3A%7Cx_object_id%3A1005001631489062%7C_p_origin_prod%3A
White Ruffles Elegant Mini Skirts Fashion 2025 Women High Waist Pleated Fluffy A-Line Skirt Summer Loose Communte Female Clothes,$1.72 ,"https://ae-pic-a1.aliexpress-media.com/kf/Sfe58a4418fd646fba2a2b5b73c7393ddS.jpg_220x220q75.jpg_.avif,https://ae-pic-a1.aliexpress-media.com/kf/Sfe58a4418fd646fba2a2b5b73c7393ddS.jpg_220x220q75.jpg_.avif,https://ae-pic-a1.aliexpress-media.com/kf/S880f501bf1994cfb92c13dd30ed9e1348.jpg_220x220q75.jpg_.avif,https://ae-pic-a1.aliexpress-media.com/kf/Sae18fdbfd1d8420fa53405c58d78f3a8R.jpg_220x220q75.jpg_.avif,https://ae-pic-a1.aliexpress-media.com/kf/Sb0c24bbf29374d6fbaff886d12032445I.jpg_220x220q75.jpg_.avif","['High-concerned chemical', 'None', 'Release Date', 'Winter 2024', 'Craft of Weaving', 'Tatting', 'Season', 'Spring/Summer', 'is_customized', 'Yes', 'Fabric Type', 'Broadcloth']",https://www.aliexpress.us/item/3256808297476049.html?algo_pvid=b9cc4b84-901c-4023-a89a-1a28ec464442&algo_exp_id=b9cc4b84-901c-4023-a89a-1a28ec464442-26&pdp_ext_f=%7B%22order%22%3A%22912%22%2C%22eval%22%3A%221%22%2C%22fromPage%22%3A%22search%22%7D&pdp_npi=6%40dis%21USD%2117.79%211.72%21%21%21122.27%2111.80%21%402102eaa317729905216923047edb45%2112000045347387870%21sea%21US%210%21ABX%211%210%21n_tag%3A-29910%3Bd%3Ad1df2f05%3Bm03_new_user%3A-29895%3BpisId%3A5000000197847475&curPageLogUid=1HnFkPtAxSxu&utparam-url=scene%3Asearch%7Cquery_from%3A%7Cx_object_id%3A1005008483790801%7C_p_origin_prod%3A
Wolfeel Summer White Mini Skirt High Waist Sexy Cute Ruffle Vintage Tennis Skirt Elastic Waist Tutu Short Skirts for Women,$4.93 ,"https://ae-pic-a1.aliexpress-media.com/kf/S2abfe5b40747491fabd503003efe7cb0q.jpg_220x220q75.jpg_.avif,https://ae-pic-a1.aliexpress-media.com/kf/S2abfe5b40747491fabd503003efe7cb0q.jpg_220x220q75.jpg_.avif,https://ae-pic-a1.aliexpress-media.com/kf/S8b520a5fa397421da822889516a82315z.jpg_220x220q75.jpg_.avif,https://ae-pic-a1.aliexpress-media.com/kf/Sf807787f2f1a4ff48c1532ca4efa4b56I.jpg_220x220q75.jpg_.avif,https://ae-pic-a1.aliexpress-media.com/kf/S7c514b4a9b244e5c9cee546e8781af96C.jpg_220x220q75.jpg_.avif","['High-concerned chemical', 'None', 'Craft of Weaving', 'Tatting', 'Season', 'Spring/Summer', 'is_customized', 'No', 'Fabric Type', 'Chiffon', 'Age', 'Middle Age']",https://www.aliexpress.us/item/3256806857962417.html?algo_pvid=b9cc4b84-901c-4023-a89a-1a28ec464442&algo_exp_id=b9cc4b84-901c-4023-a89a-1a28ec464442-27&pdp_ext_f=%7B%22order%22%3A%22904%22%2C%22eval%22%3A%221%22%2C%22fromPage%22%3A%22search%22%7D&pdp_npi=6%40dis%21USD%2114.93%214.93%21%21%21102.58%2133.85%21%402102eaa317729905216923047edb45%2112000039204487408%21sea%21US%210%21ABX%211%210%21n_tag%3A-29910%3Bd%3Ad1df2f05%3Bm03_new_user%3A-29895%3BpisId%3A5000000197847450&curPageLogUid=63MOFajjWKLN&utparam-url=scene%3Asearch%7Cquery_from%3A%7Cx_object_id%3A1005007044277169%7C_p_origin_prod%3A
Transparent Sexy Lace Mesh Skirt Elastic High Waist Black White Tulle Mini Skirts Womens Skirt Korean Fashion,$0.99 ,"https://ae-pic-a1.aliexpress-media.com/kf/S7b34afac56d84f069f13a63ba46e610d4.jpg_220x220q75.jpg_.avif,https://ae-pic-a1.aliexpress-media.com/kf/S940b7aacabac4667bb014ddd674f4edaT.jpg_220x220q75.jpg_.avif,https://ae-pic-a1.aliexpress-media.com/kf/S796b98b2b7304445b7cb23f2af80d6e7t.jpg_220x220q75.jpg_.avif,https://ae-pic-a1.aliexpress-media.com/kf/S80d19262bac64374a19770983767ad7dy.jpg_220x220q75.jpg_.avif,https://ae-pic-a1.aliexpress-media.com/kf/Sba8119a4bb5c4280a5728aa8d9fa98c5f.jpg_220x220q75.jpg_.avif","['Craft of Weaving', 'Knit', 'Season', 'All Season', 'Fabric Type', 'Mesh', 'Age', 'Junior', 'Waistline', 'empire', 'Dresses Length', 'Above Knee , Mini']",https://www.aliexpress.us/item/3256803892348630.html?algo_pvid=b9cc4b84-901c-4023-a89a-1a28ec464442&algo_exp_id=b9cc4b84-901c-4023-a89a-1a28ec464442-28&pdp_ext_f=%7B%22order%22%3A%22903%22%2C%22eval%22%3A%221%22%2C%22fromPage%22%3A%22search%22%7D&pdp_npi=6%40dis%21USD%214.60%210.99%21%21%214.60%210.99%21%402102eaa317729905216923047edb45%2112000027968633770%21sea%21US%210%21ABX%211%210%21n_tag%3A-29910%3Bd%3Ad1df2f05%3Bm03_new_user%3A-29895%3BpisId%3A5000000198352206&curPageLogUid=MfwoEsj1nlys&utparam-url=scene%3Asearch%7Cquery_from%3A%7Cx_object_id%3A1005004078663382%7C_p_origin_prod%3A
Preppy Girl Pleated Skirts Elastic Waist Summer Vintage Mini Skirts Korean Streetwear Spring Student Strips Designed Dance Skirt,$2.48 ,"https://ae-pic-a1.aliexpress-media.com/kf/S9187415be52c4e4d8c673c2cc77ae79ds.jpg_220x220q75.jpg_.avif,https://ae-pic-a1.aliexpress-media.com/kf/S87625bd588a44a5492db813d2d55f2cbV.jpg?has_lang=1&ver=1_220x220q75.jpg_.avif,https://ae-pic-a1.aliexpress-media.com/kf/S7a9a078edb744857a71d62d558553c04k.jpg_220x220q75.jpg_.avif,https://ae-pic-a1.aliexpress-media.com/kf/S1b23a106f407420aa1307225d19ab88em.jpg_220x220q75.jpg_.avif,https://ae-pic-a1.aliexpress-media.com/kf/S285ab909c93e40a7a80cce0fdbe8c28dV.jpg_220x220q75.jpg_.avif","['High-concerned chemical', 'None', 'Craft of Weaving', 'Knit', 'Season', 'All Season', 'is_customized', 'Yes', 'Fabric Type', 'Knitted', 'Age', 'Junior']",https://www.aliexpress.us/item/3256806860642313.html?algo_pvid=b9cc4b84-901c-4023-a89a-1a28ec464442&algo_exp_id=b9cc4b84-901c-4023-a89a-1a28ec464442-29&pdp_ext_f=%7B%22order%22%3A%22894%22%2C%22eval%22%3A%221%22%2C%22fromPage%22%3A%22search%22%7D&pdp_npi=6%40dis%21USD%2118.70%212.48%21%21%21128.54%2117.03%21%402102eaa317729905216923047edb45%2112000039213050379%21sea%21US%210%21ABX%211%210%21n_tag%3A-29910%3Bd%3Ad1df2f05%3Bm03_new_user%3A-29895%3BpisId%3A5000000197847475&curPageLogUid=78lmeSEzbtlZ&utparam-url=scene%3Asearch%7Cquery_from%3A%7Cx_object_id%3A1005007046957065%7C_p_origin_prod%3A
White Ruffles Mini Skirt Women Kawaii Elastic Waist A-line Loose Preppy Style Cute Short Pleated Skirt Korean Fashion,$0.99 ,"https://ae-pic-a1.aliexpress-media.com/kf/Sa083c979f866472591bcee3a2f4e8e2fW.jpg_220x220q75.jpg_.avif,https://ae-pic-a1.aliexpress-media.com/kf/Sa083c979f866472591bcee3a2f4e8e2fW.jpg_220x220q75.jpg_.avif,https://ae-pic-a1.aliexpress-media.com/kf/S5a3cff0fbe1c47b49132a9fe899f3adco.jpg_220x220q75.jpg_.avif,https://ae-pic-a1.aliexpress-media.com/kf/Sfd0e6788d40c49e180a4650d98c3cd2cy.jpg_220x220q75.jpg_.avif,https://ae-pic-a1.aliexpress-media.com/kf/Sd3cad518f8874c95aa5ed6cd62070d43i.jpg_220x220q75.jpg_.avif","['Occasion', 'Music Festival', 'Festival', ""Valentine's Day"", 'High-concerned chemical', 'None', 'Release Date', 'Summer 2025', 'Craft of Weaving', 'Tatting', 'Season', 'Summer']",https://www.aliexpress.us/item/3256806830325804.html?algo_pvid=b9cc4b84-901c-4023-a89a-1a28ec464442&algo_exp_id=b9cc4b84-901c-4023-a89a-1a28ec464442-31&pdp_ext_f=%7B%22order%22%3A%22877%22%2C%22eval%22%3A%221%22%2C%22fromPage%22%3A%22search%22%7D&pdp_npi=6%40dis%21USD%218.90%210.99%21%21%2161.16%216.80%21%402102eaa317729905216923047edb45%2112000039084128049%21sea%21US%210%21ABX%211%210%21n_tag%3A-29910%3Bd%3Ad1df2f05%3Bm03_new_user%3A-29895%3BpisId%3A5000000197847458&curPageLogUid=HYPUpprluHNk&utparam-url=scene%3Asearch%7Cquery_from%3A%7Cx_object_id%3A1005007016640556%7C_p_origin_prod%3A
Black Skirt Spring Shirt Skirt Women Fake Hem Sweater Casual Korean Style Bottom Skirt Sweater Bottom Fake Shirt Buttock Skirt,$0.99 ,"https://ae-pic-a1.aliexpress-media.com/kf/S65ed590a0e4644d6b7ad6f2929d2c259M.jpg_220x220q75.jpg_.avif,https://ae-pic-a1.aliexpress-media.com/kf/S418538b588df4417812bf1a2fd997aaf7.jpg_220x220q75.jpg_.avif,https://ae-pic-a1.aliexpress-media.com/kf/Sc6d6df0849604dc191388c2aa95e8100Z.jpg_220x220q75.jpg_.avif,https://ae-pic-a1.aliexpress-media.com/kf/Se9b7994ac00c466a84232e565922be2d2.jpg_220x220q75.jpg_.avif,https://ae-pic-a1.aliexpress-media.com/kf/S7f9ea5ec9af74eba8fbf24e57beeb658a.jpg_220x220q75.jpg_.avif","['Season', 'All Season', 'Fabric Type', 'Blended', 'Age', 'Middle Age', 'Waistline', 'Natural', 'Dresses Length', 'Above Knee , Mini', 'Decoration', 'Button']",https://www.aliexpress.us/item/3256806036257415.html?algo_pvid=b9cc4b84-901c-4023-a89a-1a28ec464442&algo_exp_id=b9cc4b84-901c-4023-a89a-1a28ec464442-32&pdp_ext_f=%7B%22order%22%3A%22874%22%2C%22eval%22%3A%221%22%2C%22fromPage%22%3A%22search%22%7D&pdp_npi=6%40dis%21USD%217.39%210.99%21%21%2150.77%216.79%21%402102eaa317729905216923047edb45%2112000036348765012%21sea%21US%210%21ABX%211%210%21n_tag%3A-29910%3Bd%3Ad1df2f05%3Bm03_new_user%3A-29895%3BpisId%3A5000000197847475&curPageLogUid=7qpBTaL7dZjD&utparam-url=scene%3Asearch%7Cquery_from%3A%7Cx_object_id%3A1005006222572167%7C_p_origin_prod%3A
Lace Mini Skirts Women Elegant Sweet Lolita Short Skirts High Waist Y2k Streetwear Ruffle Skirts Lace Trim Butt Curtain Skirt,$0.99 ,"https://ae-pic-a1.aliexpress-media.com/kf/S4a0357f8afff422a9eda86dad1ace775A.jpg_220x220q75.jpg_.avif,https://ae-pic-a1.aliexpress-media.com/kf/S4a0357f8afff422a9eda86dad1ace775A.jpg_220x220q75.jpg_.avif,https://ae-pic-a1.aliexpress-media.com/kf/Sedaac1e7317148a8909065282ae30e00o.jpg?has_lang=1&ver=2_220x220q75.jpg_.avif,https://ae-pic-a1.aliexpress-media.com/kf/Sceb93314670444fab7f9897cb20890c5U.jpg?has_lang=1&ver=2_220x220q75.jpg_.avif,https://ae-pic-a1.aliexpress-media.com/kf/Sc3db9cd9353f408aaca353a4b38da0f3w.jpg_220x220q75.jpg_.avif","['High-concerned chemical', 'None', 'Craft of Weaving', 'Tatting', 'Season', 'Spring/Summer', 'Fabric Type', 'Lace', 'Age', 'Middle Age', 'Place Of Origin', 'China (mainland)']",https://www.aliexpress.us/item/3256808411683406.html?algo_pvid=b9cc4b84-901c-4023-a89a-1a28ec464442&algo_exp_id=b9cc4b84-901c-4023-a89a-1a28ec464442-33&pdp_ext_f=%7B%22order%22%3A%22867%22%2C%22eval%22%3A%221%22%2C%22fromPage%22%3A%22search%22%7D&pdp_npi=6%40dis%21USD%214.75%210.99%21%21%214.75%210.99%21%402102eaa317729905216923047edb45%2112000048960441457%21sea%21US%210%21ABX%211%210%21n_tag%3A-29910%3Bd%3Ad1df2f05%3Bm03_new_user%3A-29895%3BpisId%3A5000000198352206&curPageLogUid=OSfVHXIXYenK&utparam-url=scene%3Asearch%7Cquery_from%3A%7Cx_object_id%3A1005008597998158%7C_p_origin_prod%3A
Mikumn Gothic Lolita Retro Bow Pearl Buckle Ruffles Suspender Skirts Y2k Japanese Girls Sweet Kawaii Lace A-Line Mini Skirts,$19.20 ,"https://ae-pic-a1.aliexpress-media.com/kf/S48231dfb6fb945b281fb33c3a2feafd2n.jpg?has_lang=1&ver=2_220x220q75.jpg_.avif,https://ae-pic-a1.aliexpress-media.com/kf/Sba2da61e4841425688c23f324a289038i.jpg?has_lang=1&ver=2_220x220q75.jpg_.avif,https://ae-pic-a1.aliexpress-media.com/kf/S61d49f2fc89d4ad4a185e196bb35c5daU.jpg?has_lang=1&ver=2_220x220q75.jpg_.avif,https://ae-pic-a1.aliexpress-media.com/kf/S997ca954ad5640bcb26edbdc734f0e584.jpg?has_lang=1&ver=2_220x220q75.jpg_.avif,https://ae-pic-a1.aliexpress-media.com/kf/S3fe5c0b456f246b6869257cd70066e83I.jpg?has_lang=1&ver=2_220x220q75.jpg_.avif","['High-concerned chemical', 'None', 'Craft of Weaving', 'Tatting', 'Season', 'Summer', 'Fabric Type', 'Broadcloth', 'Age', 'Junior', 'Place Of Origin', 'China (mainland)']",https://www.aliexpress.us/item/3256807048916939.html?algo_pvid=b9cc4b84-901c-4023-a89a-1a28ec464442&algo_exp_id=b9cc4b84-901c-4023-a89a-1a28ec464442-34&pdp_ext_f=%7B%22order%22%3A%22856%22%2C%22eval%22%3A%221%22%2C%22fromPage%22%3A%22search%22%7D&pdp_npi=6%40dis%21USD%2122.59%2119.20%21%21%2122.59%2119.20%21%402102eaa317729905216923047edb45%2112000039906996109%21sea%21US%210%21ABX%211%210%21n_tag%3A-29910%3Bd%3Ad1df2f05%3Bm03_new_user%3A-29895&curPageLogUid=QxyNw5iL8UWP&utparam-url=scene%3Asearch%7Cquery_from%3A%7Cx_object_id%3A1005007235231691%7C_p_origin_prod%3A
Mooyufon Women Fashion Solid Back Zipper A-Line Mini Skirt Vintage High Waist Female Chic Lady Skirts,$1.07 ,"https://ae-pic-a1.aliexpress-media.com/kf/Sc4e70fc97f6643858cf6ed5c94f9baf2u.jpg_220x220q75.jpg_.avif,https://ae-pic-a1.aliexpress-media.com/kf/Sf713798a422a41a8bd9d63052a3dab3cf.jpg_220x220q75.jpg_.avif,https://ae-pic-a1.aliexpress-media.com/kf/S66b03a3c41024c4fa6950c7d4278664eR.jpg_220x220q75.jpg_.avif,https://ae-pic-a1.aliexpress-media.com/kf/Sda0c3a7715d24e48a552f6791925c02aW.jpg_220x220q75.jpg_.avif,https://ae-pic-a1.aliexpress-media.com/kf/Sab860358ac764857950af385375540411.jpg?has_lang=1&ver=1_220x220q75.jpg_.avif","['High-concerned chemical', 'None', 'Release Date', 'Autumn 2024', 'Craft of Weaving', 'Tatting', 'Season', 'All Season', 'is_customized', 'No', 'Fabric Type', 'Broadcloth']",https://www.aliexpress.us/item/3256807500873579.html?algo_pvid=86390692-681c-4a97-90e4-559478fd2ca5&algo_exp_id=86390692-681c-4a97-90e4-559478fd2ca5-23&pdp_ext_f=%7B%22order%22%3A%22541%22%2C%22eval%22%3A%221%22%2C%22fromPage%22%3A%22search%22%7D&pdp_npi=6%40dis%21USD%2117.53%211.07%21%21%21120.47%217.31%21%40211b61d017729920574061026eb681%2112000041837096381%21sea%21US%210%21ABX%211%210%21n_tag%3A-29910%3Bd%3Ad1df2f05%3Bm03_new_user%3A-29895%3BpisId%3A5000000197847475&curPageLogUid=mptQ9Z3aeiSB&utparam-url=scene%3Asearch%7Cquery_from%3A%7Cx_object_id%3A1005007687188331%7C_p_origin_prod%3A
Women's Apricot A-line Skirt Vintage 90s Aesthetic Y2k 3D Floral Skirts Harajuku Korean Mini Skirts 2000s Cutecore Clothes 2024,$23.91 ,"https://ae-pic-a1.aliexpress-media.com/kf/S12ad93b1d32244c6bb5735cfd2ee17b2Z.jpg_220x220q75.jpg_.avif,https://ae-pic-a1.aliexpress-media.com/kf/S740937f6a9a440cf9a6498ff0ad2260dt.jpg_220x220q75.jpg_.avif,https://ae-pic-a1.aliexpress-media.com/kf/S1887c844b3f94d4b9d6681f34d5ff55eD.jpg_220x220q75.jpg_.avif,https://ae-pic-a1.aliexpress-media.com/kf/S3d90bb2267a94fda918dafa0f920dee5B.jpg_220x220q75.jpg_.avif,https://ae-pic-a1.aliexpress-media.com/kf/S66f24a8bfb90403cbc8b517170c2bb72e.jpg_220x220q75.jpg_.avif","['High-concerned chemical', 'None', 'Craft of Weaving', 'Tatting', 'Season', 'Summer', 'is_customized', 'No', 'Fabric Type', 'Blended', 'Age', 'Junior']",https://www.aliexpress.us/item/3256807977778989.html?algo_pvid=86390692-681c-4a97-90e4-559478fd2ca5&algo_exp_id=86390692-681c-4a97-90e4-559478fd2ca5-24&pdp_ext_f=%7B%22order%22%3A%22540%22%2C%22eval%22%3A%221%22%2C%22fromPage%22%3A%22search%22%7D&pdp_npi=6%40dis%21USD%2147.83%2123.91%21%21%2147.83%2123.91%21%40211b61d017729920574061026eb681%2112000044220050373%21sea%21US%210%21ABX%211%210%21n_tag%3A-29910%3Bd%3Ad1df2f05%3Bm03_new_user%3A-29895&curPageLogUid=3zZ2l856q6H2&utparam-url=scene%3Asearch%7Cquery_from%3A%7Cx_object_id%3A1005008164093741%7C_p_origin_prod%3A
Preppy Style Lolita Kawaii Skirts Japanese Sweet Mini Women Harajuku Cute Ball Gown Denim Skater Y2K High Waist Lace Cake Skirts,$24.19 ,"https://ae-pic-a1.aliexpress-media.com/kf/Sf690ead7860648a99f68e18ff7e4b7e74.jpg_220x220q75.jpg_.avif,https://ae-pic-a1.aliexpress-media.com/kf/Sf690ead7860648a99f68e18ff7e4b7e74.jpg_220x220q75.jpg_.avif,https://ae-pic-a1.aliexpress-media.com/kf/Sd6d0f6eeb7e246f9b430a0dec818200cM.jpg_220x220q75.jpg_.avif,https://ae-pic-a1.aliexpress-media.com/kf/Sb633afc94103494886f1ad7b769e1f97f.jpg_220x220q75.jpg_.avif,https://ae-pic-a1.aliexpress-media.com/kf/Sc193e9286dd74404822857795f48a8d85.jpg_220x220q75.jpg_.avif","['High-concerned chemical', 'None', 'Release Date', 'Summer 2025', 'Craft of Weaving', 'Tatting', 'Season', 'All Season', 'is_customized', 'No', 'Fabric Type', 'Broadcloth']",https://www.aliexpress.us/item/3256804514511763.html?algo_pvid=86390692-681c-4a97-90e4-559478fd2ca5&algo_exp_id=86390692-681c-4a97-90e4-559478fd2ca5-25&pdp_ext_f=%7B%22order%22%3A%22537%22%2C%22eval%22%3A%221%22%2C%22fromPage%22%3A%22search%22%7D&pdp_npi=6%40dis%21USD%2134.19%2124.19%21%21%2134.19%2124.19%21%40211b61d017729920574061026eb681%2112000030150806205%21sea%21US%210%21ABX%211%210%21n_tag%3A-29910%3Bd%3Ad1df2f05%3Bm03_new_user%3A-29895%3BpisId%3A5000000197847450&curPageLogUid=9g3RE5tovOM1&utparam-url=scene%3Asearch%7Cquery_from%3A%7Cx_object_id%3A1005004700826515%7C_p_origin_prod%3A
Women Plaid Pleat Skirt With Necktie Bowtie XS- 5XL Harajuku Preppy Mini Japanese School Uniforms Girls Summer Jupe Kawaii Skirt,$0.99 ,"https://ae-pic-a1.aliexpress-media.com/kf/S57275aebd33d42efb6e05d30740fc29b3.jpg_220x220q75.jpg_.avif,https://ae-pic-a1.aliexpress-media.com/kf/S63ded15b99cb4ed1b3f4f20cdc5c1edbZ.jpg_220x220q75.jpg_.avif,https://ae-pic-a1.aliexpress-media.com/kf/Sf320b5932004428e9ec8a25ca5d3a968N.jpg_220x220q75.jpg_.avif,https://ae-pic-a1.aliexpress-media.com/kf/S66412b7650cf464d993030d084d7b2d4H.jpg_220x220q75.jpg_.avif,https://ae-pic-a1.aliexpress-media.com/kf/See17e5dcce9547f5b4f42beec22431fay.jpg_220x220q75.jpg_.avif","['High-concerned chemical', 'None', 'Craft of Weaving', 'Knit', 'Season', 'All Season', 'is_customized', 'No', 'Fabric Type', 'Broadcloth', 'Age', 'Junior']",https://www.aliexpress.us/item/3256804982541697.html?algo_pvid=86390692-681c-4a97-90e4-559478fd2ca5&algo_exp_id=86390692-681c-4a97-90e4-559478fd2ca5-26&pdp_ext_f=%7B%22order%22%3A%22536%22%2C%22eval%22%3A%221%22%2C%22fromPage%22%3A%22search%22%7D&pdp_npi=6%40dis%21USD%219.96%210.99%21%21%2168.48%216.83%21%40211b61d017729920574061026eb681%2112000031953418932%21sea%21US%210%21ABX%211%210%21n_tag%3A-29910%3Bd%3Ad1df2f05%3Bm03_new_user%3A-29895%3BpisId%3A5000000197847458&curPageLogUid=dHWQGRsWgR10&utparam-url=scene%3Asearch%7Cquery_from%3A%7Cx_object_id%3A1005005168856449%7C_p_origin_prod%3A
