Name,Price,Images,Details,product_link
50ML Plastic Liquid Alcohol Bottle For Dispenser Rosin Solder Flux Paste For Phone PCB Cleaning Welding Repair Tools,$1.99 ,"https://ae-pic-a1.aliexpress-media.com/kf/S2ad947846c95430791a3cdc5e843f92a3.jpg_220x220q75.jpg_.avif,https://ae-pic-a1.aliexpress-media.com/kf/Sc5fa7d99f6ec437fbb5db8a3a49ffc01u.jpg_220x220q75.jpg_.avif,https://ae-pic-a1.aliexpress-media.com/kf/Sbfaff335413e40ee8f80872f50e9ee2c4.jpg_220x220q75.jpg_.avif,https://ae-pic-a1.aliexpress-media.com/kf/S134da16877e84a40a61ac3603e35c5280.jpg_220x220q75.jpg_.avif,https://ae-pic-a1.aliexpress-media.com/kf/S534819d014fd47ca9b12862d08294a75d.jpg_220x220q75.jpg_.avif","['High-concerned chemical', 'None', 'Pieces Included', '6 in 1', 'Material', 'Other', 'Origin', 'Mainland China']",https://www.aliexpress.us/item/3256806281437562.html?algo_pvid=ce3c9d97-8d3a-4fe9-8dab-31e081eb3e82&algo_exp_id=ce3c9d97-8d3a-4fe9-8dab-31e081eb3e82-3&pdp_ext_f=%7B%22order%22%3A%2219691%22%2C%22eval%22%3A%221%22%2C%22fromPage%22%3A%22search%22%7D&pdp_npi=6%40dis%21USD%211.99%211.99%21%21%2113.52%2113.52%21%40210123bc17768914130077945e9c5a%2112000043455143892%21sea%21US%210%21ABX%211%210%21n_tag%3A-29910%3Bd%3A7753d89f%3Bm03_new_user%3A-29895&curPageLogUid=KGPETlaAXLOg&utparam-url=scene%3Asearch%7Cquery_from%3A%7Cx_object_id%3A1005006467752314%7C_p_origin_prod%3A
PPD Master Dismantling Piece Mobile Phone Repair Disassembly Pry Piece Curved Screen Dismantling Blade For iPhone Android iPad,$3.26 ,"https://ae-pic-a1.aliexpress-media.com/kf/Sc2f2905ee34f4d4c89b0209bbb91f9509.jpg_220x220q75.jpg_.avif,https://ae-pic-a1.aliexpress-media.com/kf/Sf7e7d898f86c461eb85c687586ae68c59.jpg_220x220q75.jpg_.avif,https://ae-pic-a1.aliexpress-media.com/kf/S063409af63384b3094a81b792b9d3f4a4.jpg_220x220q75.jpg_.avif,https://ae-pic-a1.aliexpress-media.com/kf/S975f7e7aea654d3da8423010162a02d7C.jpg_220x220q75.jpg_.avif,https://ae-pic-a1.aliexpress-media.com/kf/S2bc1f43466754cd797376742b6a4529eX.jpg_220x220q75.jpg_.avif","['High-concerned chemical', 'None', 'Model Number', 'PPD Opening Pry Tool', 'Pieces Included', '1 PCS', 'Material', 'Other', 'Origin', 'Mainland China']",https://www.aliexpress.us/item/3256808061814511.html?algo_pvid=ce3c9d97-8d3a-4fe9-8dab-31e081eb3e82&algo_exp_id=ce3c9d97-8d3a-4fe9-8dab-31e081eb3e82-7&pdp_ext_f=%7B%22order%22%3A%2212364%22%2C%22eval%22%3A%221%22%2C%22orig_sl_item_id%22%3A%221005008248129263%22%2C%22orig_item_id%22%3A%221005008737699789%22%2C%22fromPage%22%3A%22search%22%7D&pdp_npi=6%40dis%21USD%217.52%213.26%21%21%2151.02%2122.12%21%40210123bc17768914130077945e9c5a%2112000044371345048%21sea%21US%210%21ABX%211%210%21n_tag%3A-29910%3Bd%3A7753d89f%3Bm03_new_user%3A-29895%3BpisId%3A5000000204886261&curPageLogUid=3nOJQUW7txb0&utparam-url=scene%3Asearch%7Cquery_from%3A%7Cx_object_id%3A1005008248129263%7C_p_origin_prod%3A1005008737699789
Screen Opening Tool Super Strong Suction Cup Mobile Phone Tablet Universal Cell Phone LCD Screen Opening Repair Tools For iPhone,$1.67 ,"https://ae-pic-a1.aliexpress-media.com/kf/S53944acab02c48d39190f6c13638b0161.jpg_220x220q75.jpg_.avif,https://ae-pic-a1.aliexpress-media.com/kf/Sb3adc043c09c477392c073110e0ca7d0e.jpg?has_lang=1&ver=1_220x220q75.jpg_.avif,https://ae-pic-a1.aliexpress-media.com/kf/S6c0b94b359bf429e81befeabb4056020S.jpg?has_lang=1&ver=1_220x220q75.jpg_.avif,https://ae-pic-a1.aliexpress-media.com/kf/S87a9cda44cec4db888f41a09e0320142I.jpg?has_lang=1&ver=1_220x220q75.jpg_.avif,https://ae-pic-a1.aliexpress-media.com/kf/S8306ccd94c2040adaae145f855bdeaa7w.jpg?has_lang=1&ver=1_220x220q75.jpg_.avif","['High-concerned chemical', 'None', 'With Magnetic', 'No', 'Pieces Included', '1pcs', 'Material', 'Plastic', 'Brand Name', 'Mrgabwte', 'Origin', 'Mainland China']",https://www.aliexpress.us/item/3256811400866081.html?algo_pvid=ce3c9d97-8d3a-4fe9-8dab-31e081eb3e82&algo_exp_id=ce3c9d97-8d3a-4fe9-8dab-31e081eb3e82-10&pdp_ext_f=%7B%22order%22%3A%2211178%22%2C%22eval%22%3A%221%22%2C%22orig_sl_item_id%22%3A%221005011587180833%22%2C%22orig_item_id%22%3A%221005010612717292%22%2C%22fromPage%22%3A%22search%22%7D&pdp_npi=6%40dis%21USD%214.35%211.67%21%21%2129.54%2111.38%21%40210123bc17768914130077945e9c5a%2112000055994510631%21sea%21US%210%21ABX%211%210%21n_tag%3A-29910%3Bd%3A7753d89f%3Bm03_new_user%3A-29895%3BpisId%3A5000000204886261&curPageLogUid=tkAs6wbUPPlE&utparam-url=scene%3Asearch%7Cquery_from%3A%7Cx_object_id%3A1005011587180833%7C_p_origin_prod%3A1005010612717292
40 in 1 Mobile Phone Repair Tools Disassemble Repair Set for iPhone Screwdriver Combination Skid Multi Function Disassembly Kit,$10.97 ,"https://ae-pic-a1.aliexpress-media.com/kf/S1ba0a75e051343d7adc2f9a64fc51ddc9.jpg_220x220q75.jpg_.avif,https://ae-pic-a1.aliexpress-media.com/kf/Sf4220d7c395446d7ae85e4e884e531c6D.jpg_220x220q75.jpg_.avif,https://ae-pic-a1.aliexpress-media.com/kf/Sdad30cf2c1464539a129980315e2bac5l.jpg_220x220q75.jpg_.avif,https://ae-pic-a1.aliexpress-media.com/kf/S0989a7bc6b994b808f1a77fad0277f55Q.jpg_220x220q75.jpg_.avif,https://ae-pic-a1.aliexpress-media.com/kf/S4fb81865ec354a269acf885543ad36c7Y.jpg_220x220q75.jpg_.avif","['High-concerned chemical', 'None', 'With Magnetic', 'No', 'Model Number', '40 in 1 Mobile Phone Repair Tools Set', 'Pieces Included', '40 in 1', 'Material', 'S2 Alloy Steel', 'Origin', 'Mainland China']",https://www.aliexpress.us/item/3256811620330257.html?algo_pvid=ce3c9d97-8d3a-4fe9-8dab-31e081eb3e82&algo_exp_id=ce3c9d97-8d3a-4fe9-8dab-31e081eb3e82-6&pdp_ext_f=%7B%22order%22%3A%226491%22%2C%22eval%22%3A%221%22%2C%22orig_sl_item_id%22%3A%221005011806645009%22%2C%22orig_item_id%22%3A%221005010801707531%22%2C%22fromPage%22%3A%22search%22%7D&pdp_npi=6%40dis%21USD%2125.73%2110.97%21%21%21174.70%2174.52%21%40210123bc17768914130077945e9c5a%2112000056630558576%21sea%21US%210%21ABX%211%210%21n_tag%3A-29910%3Bd%3A7753d89f%3Bm03_new_user%3A-29895%3BpisId%3A5000000205226609&curPageLogUid=txF0F0WgEjfK&utparam-url=scene%3Asearch%7Cquery_from%3A%7Cx_object_id%3A1005011806645009%7C_p_origin_prod%3A1005010801707531
115 in 1 Multifunctional Precision Magnetic Screwdriver Set Computer PC Mobile Phone Equipment Repair Screwdrive Kit Hand Tools,$0.99 ,"https://ae-pic-a1.aliexpress-media.com/kf/S53fa3150203d4c5e9408e6677a1b045f2.jpg_220x220q75.jpg_.avif,https://ae-pic-a1.aliexpress-media.com/kf/Seaa74a5441164e9f900fd4cdcb31ad59N.jpg_220x220q75.jpg_.avif,https://ae-pic-a1.aliexpress-media.com/kf/Sdb3af260c1884ebc80dd06a82c00a178Y.jpg_220x220q75.jpg_.avif,https://ae-pic-a1.aliexpress-media.com/kf/S66d31f01a6664663877c5418ea65a314n.jpg_220x220q75.jpg_.avif,https://ae-pic-a1.aliexpress-media.com/kf/Sc9644588fe47479bac6ca89ff31a7746G.jpg_220x220q75.jpg_.avif","['High-concerned chemical', 'None', 'With Magnetic', 'Yes', 'Model Number', 'Repair Tool Sets', 'Pieces Included', '6 in 1', 'Material', 'Other', 'Origin', 'Mainland China']",https://www.aliexpress.us/item/3256806908434926.html?algo_pvid=ce3c9d97-8d3a-4fe9-8dab-31e081eb3e82&algo_exp_id=ce3c9d97-8d3a-4fe9-8dab-31e081eb3e82-21&pdp_ext_f=%7B%22order%22%3A%225635%22%2C%22eval%22%3A%221%22%2C%22fromPage%22%3A%22search%22%7D&pdp_npi=6%40dis%21USD%219.24%211.24%21%21%2162.72%218.41%21%40210123bc17768914130077945e9c5a%2112000047375307804%21sea%21US%210%21ABX%211%210%21n_tag%3A-29910%3Bd%3A7753d89f%3Bm03_new_user%3A-29895%3BpisId%3A5000000203537387&curPageLogUid=VORwQeL3aKnT&utparam-url=scene%3Asearch%7Cquery_from%3A%7Cx_object_id%3A1005007094749678%7C_p_origin_prod%3A
10pcs Stretch Glue Seamless Double-sided Tape Battery Sticker Adhesive Strips For Mobile Phone,$1.46 ,"https://ae-pic-a1.aliexpress-media.com/kf/S87922849b34344e491603a678310b7dc0.jpg_220x220q75.jpg_.avif,https://ae-pic-a1.aliexpress-media.com/kf/S6107e4b7dad6410fb5ff0367519a068az.jpg_220x220q75.jpg_.avif,https://ae-pic-a1.aliexpress-media.com/kf/S610e4e4ef51143f791d0c742803f8228I.jpg_220x220q75.jpg_.avif,https://ae-pic-a1.aliexpress-media.com/kf/Sf7d98d631cfe476b94c9aa6fff21e7b7F.jpg_220x220q75.jpg_.avif,https://ae-pic-a1.aliexpress-media.com/kf/S407c7964dcc7423f97c61d288aa51b311.jpg_220x220q75.jpg_.avif","['High-concerned chemical', 'None', 'Material', 'Cloth', 'Sticker Type', 'Full Wrapped', 'Model Number', 'Battery Sticker', 'Product Type', 'Stickers', 'Origin', 'Mainland China']",https://www.aliexpress.us/item/3256806810933656.html?algo_pvid=ce3c9d97-8d3a-4fe9-8dab-31e081eb3e82&algo_exp_id=ce3c9d97-8d3a-4fe9-8dab-31e081eb3e82-26&pdp_ext_f=%7B%22order%22%3A%223960%22%2C%22eval%22%3A%221%22%2C%22orig_sl_item_id%22%3A%221005006997248408%22%2C%22orig_item_id%22%3A%221005006267164207%22%2C%22fromPage%22%3A%22search%22%7D&pdp_npi=6%40dis%21USD%214.09%211.46%21%21%2127.78%219.94%21%40210123bc17768914130077945e9c5a%2112000038991562042%21sea%21US%210%21ABX%211%210%21n_tag%3A-29910%3Bd%3A7753d89f%3Bm03_new_user%3A-29895%3BpisId%3A5000000204886261&curPageLogUid=Q0Tb1SkPw3xY&utparam-url=scene%3Asearch%7Cquery_from%3A%7Cx_object_id%3A1005006997248408%7C_p_origin_prod%3A1005006267164207
MECHANIC TZ01 TP01 Anti-static Alcohol Bottle for Motherboard Cleaning Industrial Stainless Steel Solution Dispenser,$0.99 ,"https://ae-pic-a1.aliexpress-media.com/kf/S5274dbfe02a5403eb83cf7a073af4334e.png?has_lang=1&ver=2_220x220.png_.avif,https://ae-pic-a1.aliexpress-media.com/kf/S5274dbfe02a5403eb83cf7a073af4334e.png?has_lang=1&ver=2_220x220.png_.avif,https://ae-pic-a1.aliexpress-media.com/kf/S08ce7ee4ab9f4d3194aa0d0263568496C.jpg?has_lang=1&ver=2_220x220q75.jpg_.avif,https://ae-pic-a1.aliexpress-media.com/kf/Seaa630f245f94943bca62a4d5d05e98ce.jpg?has_lang=1&ver=2_220x220q75.jpg_.avif,https://ae-pic-a1.aliexpress-media.com/kf/Sa900c1f2e5b549909a5c7cc9febe9f2f1.jpg?has_lang=1&ver=2_220x220q75.jpg_.avif","['High-concerned chemical', 'None', 'With Magnetic', 'No', 'Model Number', 'MECHANIC', 'Pieces Included', '1', 'Material', 'Other', 'Origin', 'Mainland China', 'effect', 'repair tool', 'Function', 'alcohol bottle', 'capacity', '100ml/180ml', 'Model Number', 'MECHANIC TZ01 4oz 6oz Anti-static Alcohol Bottle', 'Model Number 1', 'MECHANIC TP01 4oz 6oz Anti-static Alcohol Bottle', 'Capacity', '4oz / 6oz']",https://www.aliexpress.us/item/3256807251119207.html?algo_pvid=ce3c9d97-8d3a-4fe9-8dab-31e081eb3e82&algo_exp_id=ce3c9d97-8d3a-4fe9-8dab-31e081eb3e82-29&pdp_ext_f=%7B%22order%22%3A%223369%22%2C%22eval%22%3A%221%22%2C%22fromPage%22%3A%22search%22%7D&pdp_npi=6%40dis%21USD%214.83%210.99%21%21%2132.78%216.71%21%40210123bc17768914130077945e9c5a%2112000040772046302%21sea%21US%210%21ABX%211%210%21n_tag%3A-29910%3Bd%3A7753d89f%3Bm03_new_user%3A-29895%3BpisId%3A5000000203537387&curPageLogUid=XMjdZZJahFPa&utparam-url=scene%3Asearch%7Cquery_from%3A%7Cx_object_id%3A1005007437433959%7C_p_origin_prod%3A
Mobile Phone Repair Tools Plastic Pry Bar Blade Opening Screwdriver for Screen iPhone iPad Laptop Computer Disassemble Hand Kit,$0.99 ,"https://ae-pic-a1.aliexpress-media.com/kf/S995ad4ff68be48b1bd47b69e2a2f53f3h.jpg_220x220q75.jpg_.avif,https://ae-pic-a1.aliexpress-media.com/kf/S5a404f3fac324545a0cb27a3cc5820f95.jpg_220x220q75.jpg_.avif,https://ae-pic-a1.aliexpress-media.com/kf/Sb713512cf3964614938229ad8e83c705B.jpg_220x220q75.jpg_.avif,https://ae-pic-a1.aliexpress-media.com/kf/S35f669b7efde4ec0ad545d0070ad1cebd.jpg_220x220q75.jpg_.avif,https://ae-pic-a1.aliexpress-media.com/kf/S8a5f578ab21f447f963585e0a970c0f33.jpg_220x220q75.jpg_.avif","['High-concerned chemical', 'None', 'With Magnetic', 'No', 'Model Number', '40', 'Pieces Included', '40 in 1', 'Material', 'S2 Alloy Steel', 'Brand Name', 'HTDTMTI', 'Origin', 'Mainland China']",https://www.aliexpress.us/item/3256805136510840.html?algo_pvid=ce3c9d97-8d3a-4fe9-8dab-31e081eb3e82&algo_exp_id=ce3c9d97-8d3a-4fe9-8dab-31e081eb3e82-30&pdp_ext_f=%7B%22order%22%3A%223353%22%2C%22eval%22%3A%221%22%2C%22fromPage%22%3A%22search%22%7D&pdp_npi=6%40dis%21USD%212.33%210.99%21%21%2115.82%216.72%21%40210123bc17768914130077945e9c5a%2112000032625373072%21sea%21US%210%21ABX%211%210%21n_tag%3A-29910%3Bd%3A7753d89f%3Bm03_new_user%3A-29895%3BpisId%3A5000000203537387&curPageLogUid=6TLJDWAJnW4J&utparam-url=scene%3Asearch%7Cquery_from%3A%7Cx_object_id%3A1005005322825592%7C_p_origin_prod%3A
50ml Empty Plastic Liquid Bottle With Needle For Rosin Solder Flux Paste 502 Glue Dispenser Drop For iPhone Repair Tools,$0.99 ,"https://ae-pic-a1.aliexpress-media.com/kf/S0263687a37f5431e8604e74123807883l.jpg?has_lang=1&ver=1_220x220q75.jpg_.avif,https://ae-pic-a1.aliexpress-media.com/kf/S0263687a37f5431e8604e74123807883l.jpg?has_lang=1&ver=1_220x220q75.jpg_.avif,https://ae-pic-a1.aliexpress-media.com/kf/S13a822b30dd140149bdaf3d5226d4574x.jpg?has_lang=1&ver=1_220x220q75.jpg_.avif,https://ae-pic-a1.aliexpress-media.com/kf/S7e5839fe52144121a0dbcb750bb2985eA.jpg_220x220q75.jpg_.avif,https://ae-pic-a1.aliexpress-media.com/kf/Sac794867b30849ed86adb745185274a3d.jpg?has_lang=1&ver=1_220x220q75.jpg_.avif","['High-concerned chemical', 'None', 'Pieces Included', '1', 'Material', 'Other', 'Origin', 'Mainland China']",https://www.aliexpress.us/item/3256803282659519.html?algo_pvid=ce3c9d97-8d3a-4fe9-8dab-31e081eb3e82&algo_exp_id=ce3c9d97-8d3a-4fe9-8dab-31e081eb3e82-32&pdp_ext_f=%7B%22order%22%3A%223255%22%2C%22eval%22%3A%221%22%2C%22fromPage%22%3A%22search%22%7D&pdp_npi=6%40dis%21USD%211.59%210.99%21%21%2110.77%216.70%21%40210123bc17768914130077945e9c5a%2112000031507558703%21sea%21US%210%21ABX%211%210%21n_tag%3A-29910%3Bd%3A7753d89f%3Bm03_new_user%3A-29895%3BpisId%3A5000000203537387&curPageLogUid=gs12XuQ63gXn&utparam-url=scene%3Asearch%7Cquery_from%3A%7Cx_object_id%3A1005003468974271%7C_p_origin_prod%3A
1-6Pcs Stainless Steel Blade Soft Thin Pry Spudger Cell Phone Tablet Screen Battery Opening Tools for Samsung iPhone iPad Opener,$0.99 ,"https://ae-pic-a1.aliexpress-media.com/kf/S97346816b965443884f2f73f0798c412w.jpg?has_lang=1&ver=2_220x220q75.jpg_.avif,https://ae-pic-a1.aliexpress-media.com/kf/S291f56ea3bfa4d36a8eb32192e8a2f8eQ.jpg?has_lang=1&ver=2_220x220q75.jpg_.avif,https://ae-pic-a1.aliexpress-media.com/kf/S3aa4ed24215341bd9f8fa5e9cd1602d3Q.jpg?has_lang=1&ver=2_220x220q75.jpg_.avif,https://ae-pic-a1.aliexpress-media.com/kf/S83cd0b3ac47e468a9a8704beadebb222z.jpg?has_lang=1&ver=2_220x220q75.jpg_.avif,https://ae-pic-a1.aliexpress-media.com/kf/Saf1c66f57b274cce9e5d675600dcfcfdr.jpg?has_lang=1&ver=2_220x220q75.jpg_.avif","['High-concerned chemical', 'None', 'Pieces Included', '6 in 1', 'Material', 'Other', 'Origin', 'Mainland China']",https://www.aliexpress.us/item/3256807943387641.html?algo_pvid=ce3c9d97-8d3a-4fe9-8dab-31e081eb3e82&algo_exp_id=ce3c9d97-8d3a-4fe9-8dab-31e081eb3e82-33&pdp_ext_f=%7B%22order%22%3A%223176%22%2C%22eval%22%3A%221%22%2C%22fromPage%22%3A%22search%22%7D&pdp_npi=6%40dis%21USD%212.68%210.99%21%21%2118.20%216.73%21%40210123bc17768914130077945e9c5a%2112000043906953145%21sea%21US%210%21ABX%211%210%21n_tag%3A-29910%3Bd%3A7753d89f%3Bm03_new_user%3A-29895%3BpisId%3A5000000203537387&curPageLogUid=vhmexhI31N1C&utparam-url=scene%3Asearch%7Cquery_from%3A%7Cx_object_id%3A1005008129702393%7C_p_origin_prod%3A
Back Cover Disassembly Tool Repair for iPhone 16 Pro Max 15 11 12 13 14 Pro Max Rear Housing Camera Glass Remove Opening Tools,$0.99 ,"https://ae-pic-a1.aliexpress-media.com/kf/S1d3c977c25854b68b9de9f0681e6ab7fL.jpg?has_lang=1&ver=2_220x220q75.jpg_.avif,https://ae-pic-a1.aliexpress-media.com/kf/S5c2fb586482f4f449fbf6254e43488a5h.jpg?has_lang=1&ver=2_220x220q75.jpg_.avif,https://ae-pic-a1.aliexpress-media.com/kf/Sf5e7cfd92a9a4bef91bfa4dd7c237f059.jpg?has_lang=1&ver=2_220x220q75.jpg_.avif,https://ae-pic-a1.aliexpress-media.com/kf/S7fffd3caf4ba49039a4dde1ad8a5e45dU.jpg?has_lang=1&ver=2_220x220q75.jpg_.avif,https://ae-pic-a1.aliexpress-media.com/kf/S2bfbe5d25670457ea203b1aa7db6c8d4V.jpg?has_lang=1&ver=2_220x220q75.jpg_.avif","['High-concerned chemical', 'None', 'With Magnetic', 'No', 'Pieces Included', '10 in 1', 'Material', 'Other', 'Origin', 'Mainland China']",https://www.aliexpress.us/item/3256807723854402.html?algo_pvid=ce3c9d97-8d3a-4fe9-8dab-31e081eb3e82&algo_exp_id=ce3c9d97-8d3a-4fe9-8dab-31e081eb3e82-34&pdp_ext_f=%7B%22order%22%3A%223034%22%2C%22eval%22%3A%221%22%2C%22fromPage%22%3A%22search%22%7D&pdp_npi=6%40dis%21USD%218.26%210.99%21%21%2156.05%216.72%21%40210123bc17768914130077945e9c5a%2112000042802608206%21sea%21US%210%21ABX%211%210%21n_tag%3A-29910%3Bd%3A7753d89f%3Bm03_new_user%3A-29895%3BpisId%3A5000000203537387&curPageLogUid=i5QzQn659CNI&utparam-url=scene%3Asearch%7Cquery_from%3A%7Cx_object_id%3A1005007910169154%7C_p_origin_prod%3A
4-8pcs Mobile Phone Repair Tools Plastic Clip Fixture Fastening Clamp For IPhone Samsung iPad Tablet LCD Screen Repair Tool,$3.28 ,"https://ae-pic-a1.aliexpress-media.com/kf/S084af40de21e46cdaa8dab61cb11b0feM.jpg_220x220q75.jpg_.avif,https://ae-pic-a1.aliexpress-media.com/kf/S8593fd4b6db740a2af827ffd8118affaY.jpg_220x220q75.jpg_.avif,https://ae-pic-a1.aliexpress-media.com/kf/Sa3d925fbfead435da9bb70aebb83af65O.jpg_220x220q75.jpg_.avif,https://ae-pic-a1.aliexpress-media.com/kf/Se43693461e884aeaaefeaaec61426ab7C.jpg_220x220q75.jpg_.avif,https://ae-pic-a1.aliexpress-media.com/kf/S6838026e44f5454ebc026fbfd2d3913cq.jpg_220x220q75.jpg_.avif","['High-concerned chemical', 'None', 'With Magnetic', 'No', 'Model Number', 'Fixture Fastening Clamp', 'Pieces Included', '8 in 1', 'Material', 'Other', 'Origin', 'Mainland China']",https://www.aliexpress.us/item/3256808599407650.html?algo_pvid=ce3c9d97-8d3a-4fe9-8dab-31e081eb3e82&algo_exp_id=ce3c9d97-8d3a-4fe9-8dab-31e081eb3e82-36&pdp_ext_f=%7B%22order%22%3A%222871%22%2C%22eval%22%3A%221%22%2C%22fromPage%22%3A%22search%22%7D&pdp_npi=6%40dis%21USD%217.71%213.28%21%21%2152.33%2122.25%21%40210123bc17768914130077945e9c5a%2112000046657794167%21sea%21US%210%21ABX%211%210%21n_tag%3A-29910%3Bd%3A7753d89f%3Bm03_new_user%3A-29895%3BpisId%3A5000000204886261&curPageLogUid=UsbVOLEjO1sm&utparam-url=scene%3Asearch%7Cquery_from%3A%7Cx_object_id%3A1005008785722402%7C_p_origin_prod%3A
5 in 1 Professional Stainless Steel Curved Screen Pry Tools for iPhone iPad Tablet Laptop Repair Metal Spudger Disassembly Kit,$0.99 ,"https://ae-pic-a1.aliexpress-media.com/kf/S91a47c44da4d4293aecf95a87793bf63q.jpg?has_lang=1&ver=2_220x220q75.jpg_.avif,https://ae-pic-a1.aliexpress-media.com/kf/Sc96f424c3477499bafc5ca411b5b93e8m.jpg?has_lang=1&ver=2_220x220q75.jpg_.avif,https://ae-pic-a1.aliexpress-media.com/kf/Secf743ab1a0d42248bc381295497483bM.jpg?has_lang=1&ver=2_220x220q75.jpg_.avif,https://ae-pic-a1.aliexpress-media.com/kf/S6a3a9b1b62324846a661b7eed912ea96p.jpg?has_lang=1&ver=2_220x220q75.jpg_.avif,https://ae-pic-a1.aliexpress-media.com/kf/S1fc283c08e0148d3834e3be8d8a2cea1U.jpg?has_lang=1&ver=2_220x220q75.jpg_.avif","['High-concerned chemical', 'None', 'With Magnetic', 'No', 'Pieces Included', '5', 'Material', 'Other', 'Origin', 'Mainland China']",https://www.aliexpress.us/item/3256809000129420.html?algo_pvid=ce3c9d97-8d3a-4fe9-8dab-31e081eb3e82&algo_exp_id=ce3c9d97-8d3a-4fe9-8dab-31e081eb3e82-37&pdp_ext_f=%7B%22order%22%3A%222794%22%2C%22eval%22%3A%221%22%2C%22fromPage%22%3A%22search%22%7D&pdp_npi=6%40dis%21USD%214.85%210.99%21%21%214.85%210.99%21%40210123bc17768914130077945e9c5a%2112000048232681349%21sea%21US%210%21ABX%211%210%21n_tag%3A-29910%3Bd%3A7753d89f%3Bm03_new_user%3A-29895%3BpisId%3A5000000203537387&curPageLogUid=I9HZa69pqKRy&utparam-url=scene%3Asearch%7Cquery_from%3A%7Cx_object_id%3A1005009186444172%7C_p_origin_prod%3A
Lanrui U8 Alloy Piercing And Sliding Drill Bit Quickly Remove The Slipped Screws Without Damaging The Frame Phone Repair Tool,$0.99 ,"https://ae-pic-a1.aliexpress-media.com/kf/S3f3ba515b528409e9bcb887cc1076c31m.jpg?has_lang=1&ver=2_220x220q75.jpg_.avif,https://ae-pic-a1.aliexpress-media.com/kf/S3f3ba515b528409e9bcb887cc1076c31m.jpg?has_lang=1&ver=2_220x220q75.jpg_.avif,https://ae-pic-a1.aliexpress-media.com/kf/S4246f341c1fe4d149120da47280a390eN.jpg?has_lang=1&ver=2_220x220q75.jpg_.avif,https://ae-pic-a1.aliexpress-media.com/kf/Sd656fcef647547c4a47f4e342145083aR.jpg?has_lang=1&ver=2_220x220q75.jpg_.avif,https://ae-pic-a1.aliexpress-media.com/kf/Sb792db3a3fd84410af04059e3d5da8b0P.jpg?has_lang=1&ver=2_220x220q75.jpg_.avif","['High-concerned chemical', 'None', 'Pieces Included', '1', 'Material', 'Other', 'Origin', 'Mainland China', 'Brand', 'Lanrui']",https://www.aliexpress.us/item/3256809637535309.html?algo_pvid=ce3c9d97-8d3a-4fe9-8dab-31e081eb3e82&algo_exp_id=ce3c9d97-8d3a-4fe9-8dab-31e081eb3e82-40&pdp_ext_f=%7B%22order%22%3A%222550%22%2C%22eval%22%3A%221%22%2C%22fromPage%22%3A%22search%22%7D&pdp_npi=6%40dis%21USD%213.78%210.99%21%21%2125.65%216.71%21%40210123bc17768914130077945e9c5a%2112000050284757883%21sea%21US%210%21ABX%211%210%21n_tag%3A-29910%3Bd%3A7753d89f%3Bm03_new_user%3A-29895%3BpisId%3A5000000203537387&curPageLogUid=FEuOg6vQ56qs&utparam-url=scene%3Asearch%7Cquery_from%3A%7Cx_object_id%3A1005009823850061%7C_p_origin_prod%3A
WYLIE For iPhone 16 15 Pro MAX Esim Modified To Sim No Punching Layering Separation Dual Card with Built-in Card Holder Parts,$2.94 ,"https://ae-pic-a1.aliexpress-media.com/kf/S127dad947c864bd9bd992dc84151240cV.jpg?has_lang=1&ver=1_220x220q75.jpg_.avif,https://ae-pic-a1.aliexpress-media.com/kf/S127dad947c864bd9bd992dc84151240cV.jpg?has_lang=1&ver=1_220x220q75.jpg_.avif,https://ae-pic-a1.aliexpress-media.com/kf/S0f2fcf838e544f0f90f766945c7b9c9f2.jpg?has_lang=1&ver=1_220x220q75.jpg_.avif,https://ae-pic-a1.aliexpress-media.com/kf/S713a91037443406bb647e6af79b8aa9cZ.jpg?has_lang=1&ver=1_220x220q75.jpg_.avif,https://ae-pic-a1.aliexpress-media.com/kf/Sb833217b572d44c48301af4abd4436afl.jpg?has_lang=1&ver=1_220x220q75.jpg_.avif","['High-concerned chemical', 'None', 'With Magnetic', 'No', 'Model Number', 'For iPhone', 'Pieces Included', '1', 'Material', 'Other', 'Brand Name', 'NoEnName_Null', 'Origin', 'Mainland China', 'Brand', 'WYLIE', 'Function', 'Esim Modified To Sim', 'effect', 'SIM Accessories']",https://www.aliexpress.us/item/3256807810273074.html?algo_pvid=ce3c9d97-8d3a-4fe9-8dab-31e081eb3e82&algo_exp_id=ce3c9d97-8d3a-4fe9-8dab-31e081eb3e82-42&pdp_ext_f=%7B%22order%22%3A%222361%22%2C%22eval%22%3A%221%22%2C%22fromPage%22%3A%22search%22%7D&pdp_npi=6%40dis%21USD%213.44%212.94%21%21%2123.32%2119.93%21%40210123bc17768914130077945e9c5a%2112000043201397978%21sea%21US%210%21ABX%211%210%21n_tag%3A-29910%3Bd%3A7753d89f%3Bm03_new_user%3A-29895%3BpisId%3A5000000204886261&curPageLogUid=vTwLIP2GR3Ey&utparam-url=scene%3Asearch%7Cquery_from%3A%7Cx_object_id%3A1005007996587826%7C_p_origin_prod%3A
Bright Black Double-layer Electronic Component Storage Box Screw Accessories Organization DIY Storage For Phone Repair Tool,$0.99 ,"https://ae-pic-a1.aliexpress-media.com/kf/S72ef8dd4ccf840759c6a9a509abcff3cC.jpg_220x220q75.jpg_.avif,https://ae-pic-a1.aliexpress-media.com/kf/S72ef8dd4ccf840759c6a9a509abcff3cC.jpg_220x220q75.jpg_.avif,https://ae-pic-a1.aliexpress-media.com/kf/Sfef403524bc24f6aa89afdae80dbc1d5E.jpg?has_lang=1&ver=2_220x220q75.jpg_.avif,https://ae-pic-a1.aliexpress-media.com/kf/S3226c6fe4f6b4db4b2e2b1c9048a4265j.jpg?has_lang=1&ver=2_220x220q75.jpg_.avif,https://ae-pic-a1.aliexpress-media.com/kf/S81f5b66a5ed148b7b2d0623aafc8cdead.jpg?has_lang=1&ver=2_220x220q75.jpg_.avif","['High-concerned chemical', 'None', 'Pieces Included', '1', 'Material', 'Other', 'Brand Name', 'manumoc', 'Origin', 'Mainland China']",https://www.aliexpress.us/item/3256808518591409.html?algo_pvid=ce3c9d97-8d3a-4fe9-8dab-31e081eb3e82&algo_exp_id=ce3c9d97-8d3a-4fe9-8dab-31e081eb3e82-43&pdp_ext_f=%7B%22order%22%3A%222135%22%2C%22eval%22%3A%221%22%2C%22fromPage%22%3A%22search%22%7D&pdp_npi=6%40dis%21USD%215.70%210.99%21%21%2138.72%216.74%21%40210123bc17768914130077945e9c5a%2112000046320594814%21sea%21US%210%21ABX%211%210%21n_tag%3A-29910%3Bd%3A7753d89f%3Bm03_new_user%3A-29895%3BpisId%3A5000000203537387&curPageLogUid=cleRIUmgdDaI&utparam-url=scene%3Asearch%7Cquery_from%3A%7Cx_object_id%3A1005008704906161%7C_p_origin_prod%3A
40 in 1 Mobile Phone Repair Tools Kits Phones Opening Screen Pry Mobile Phone Screwdriver Tools for iPhone Samsung Xiaomi Huawei,$0.99 ,"https://ae-pic-a1.aliexpress-media.com/kf/S77b388cb874646e593b940a35b9b8c99o.jpg_220x220q75.jpg_.avif,https://ae-pic-a1.aliexpress-media.com/kf/S71bcea056bac418d9e63254a3a9d6082j.jpg_220x220q75.jpg_.avif,https://ae-pic-a1.aliexpress-media.com/kf/S9833d50b5906463ea3d6b2606e09a985u.jpg_220x220q75.jpg_.avif,https://ae-pic-a1.aliexpress-media.com/kf/Sc37951d674d94961a018723ff6fdfbccr.jpg_220x220q75.jpg_.avif,https://ae-pic-a1.aliexpress-media.com/kf/S1709081721204e568e87833d49844de5j.jpg_220x220q75.jpg_.avif","['High-concerned chemical', 'None', 'Pieces Included', '40 in 1', 'Material', 'Chrome Vanadium Steel', 'Origin', 'Mainland China']",https://www.aliexpress.us/item/3256809759286591.html?algo_pvid=ce3c9d97-8d3a-4fe9-8dab-31e081eb3e82&algo_exp_id=ce3c9d97-8d3a-4fe9-8dab-31e081eb3e82-44&pdp_ext_f=%7B%22order%22%3A%222089%22%2C%22eval%22%3A%221%22%2C%22fromPage%22%3A%22search%22%7D&pdp_npi=6%40dis%21USD%212.75%210.99%21%21%2118.66%216.71%21%40210123bc17768914130077945e9c5a%2112000050649562512%21sea%21US%210%21ABX%211%210%21n_tag%3A-29910%3Bd%3A7753d89f%3Bm03_new_user%3A-29895%3BpisId%3A5000000203537387&curPageLogUid=Y0RgUi9KAGqy&utparam-url=scene%3Asearch%7Cquery_from%3A%7Cx_object_id%3A1005009945601343%7C_p_origin_prod%3A
8 In 1 CPU IC Phone Repair Tools Glue Remover Chip Repair Thin Blades Piratical Repair Hand Tool For Mobile Phone Computer,$2.46 ,"https://ae-pic-a1.aliexpress-media.com/kf/S22ebf7e8dd7e40f1a1e1b2683d1fd450M.jpg_220x220q75.jpg_.avif,https://ae-pic-a1.aliexpress-media.com/kf/S8b441c57b6e44fd8be234baf308e1b86f.jpg_220x220q75.jpg_.avif,https://ae-pic-a1.aliexpress-media.com/kf/S8f6d6ab081cf43ff81c3d8f82f57f9f2b.jpg_220x220q75.jpg_.avif,https://ae-pic-a1.aliexpress-media.com/kf/S394af64a077a4b3faa154be34621c0f24.jpg_220x220q75.jpg_.avif,https://ae-pic-a1.aliexpress-media.com/kf/Sc58eb4cf05654422b4dae6b06d9f1768w.jpg_220x220q75.jpg_.avif","['High-concerned chemical', 'None', 'With Magnetic', 'No', 'Pieces Included', '8 in 1', 'Material', 'Other', 'Origin', 'Mainland China']",https://www.aliexpress.us/item/3256808823346461.html?algo_pvid=ce3c9d97-8d3a-4fe9-8dab-31e081eb3e82&algo_exp_id=ce3c9d97-8d3a-4fe9-8dab-31e081eb3e82-45&pdp_ext_f=%7B%22order%22%3A%222085%22%2C%22eval%22%3A%221%22%2C%22fromPage%22%3A%22search%22%7D&pdp_npi=6%40dis%21USD%215.92%212.46%21%21%2140.17%2116.69%21%40210123bc17768914130077945e9c5a%2112000047567547689%21sea%21US%210%21ABX%211%210%21n_tag%3A-29910%3Bd%3A7753d89f%3Bm03_new_user%3A-29895%3BpisId%3A5000000204886261&curPageLogUid=ndUUpKBAW5QV&utparam-url=scene%3Asearch%7Cquery_from%3A%7Cx_object_id%3A1005009009661213%7C_p_origin_prod%3A
PPD Screen Disassembly Pry Piece Blade Mobile Phone Repair Kit Disassembly Pry Piece Curved Screen For iPhone For Android,$0.99 ,"https://ae-pic-a1.aliexpress-media.com/kf/Se1d63b21cd794faa952ed2f648200617X.jpg_220x220q75.jpg_.avif,https://ae-pic-a1.aliexpress-media.com/kf/Se1d63b21cd794faa952ed2f648200617X.jpg_220x220q75.jpg_.avif,https://ae-pic-a1.aliexpress-media.com/kf/Sacd5d2c101d84407af0cbc9198bb2398R.jpg_220x220q75.jpg_.avif,https://ae-pic-a1.aliexpress-media.com/kf/S39fa9f044ef84ab5a21b1377c78a7efc3.jpg_220x220q75.jpg_.avif,https://ae-pic-a1.aliexpress-media.com/kf/Scc502a3867da45e98aebaf245c56d187i.jpg_220x220q75.jpg_.avif","['High-concerned chemical', 'None', 'Pieces Included', '7', 'Material', 'Other', 'Brand Name', 'NoEnName_Null', 'Origin', 'Mainland China']",https://www.aliexpress.us/item/3256806448754103.html?algo_pvid=ce3c9d97-8d3a-4fe9-8dab-31e081eb3e82&algo_exp_id=ce3c9d97-8d3a-4fe9-8dab-31e081eb3e82-46&pdp_ext_f=%7B%22order%22%3A%222043%22%2C%22eval%22%3A%221%22%2C%22fromPage%22%3A%22search%22%7D&pdp_npi=6%40dis%21USD%216.87%210.99%21%21%216.87%210.99%21%40210123bc17768914130077945e9c5a%2112000050535651173%21sea%21US%210%21ABX%211%210%21n_tag%3A-29910%3Bd%3A7753d89f%3Bm03_new_user%3A-29895%3BpisId%3A5000000203537387&curPageLogUid=bGRUhjojiP83&utparam-url=scene%3Asearch%7Cquery_from%3A%7Cx_object_id%3A1005006635068855%7C_p_origin_prod%3A
Universal Fixture Clamp Holder Adjustable Mobile Phone Repair Tools LCD Display Screen Fastening Clip for Smartphone Tablet,$4.89 ,"https://ae-pic-a1.aliexpress-media.com/kf/S2fd590241b8441d2a842ba2fde61915ev.jpg?has_lang=1&ver=1_220x220q75.jpg_.avif,https://ae-pic-a1.aliexpress-media.com/kf/S2daeff8df5bc4eeebdc838a19b27a34b6.jpg?has_lang=1&ver=1_220x220q75.jpg_.avif,https://ae-pic-a1.aliexpress-media.com/kf/S5b587e95d06246dda978063469f4d82av.jpg?has_lang=1&ver=1_220x220q75.jpg_.avif,https://ae-pic-a1.aliexpress-media.com/kf/S8e04b40d0f6a4572a229b49f9e0b6b7el.jpg?has_lang=1&ver=1_220x220q75.jpg_.avif,https://ae-pic-a1.aliexpress-media.com/kf/Sce328754a7cc42cbb1687c861c2ea3baM.jpg?has_lang=1&ver=1_220x220q75.jpg_.avif","['High-concerned chemical', 'None', 'Model Number', 'Phone Repair Clamp', 'Pieces Included', '4-8', 'Material', 'Plastic', 'Origin', 'Mainland China']",https://www.aliexpress.us/item/3256809857832966.html?algo_pvid=ce3c9d97-8d3a-4fe9-8dab-31e081eb3e82&algo_exp_id=ce3c9d97-8d3a-4fe9-8dab-31e081eb3e82-47&pdp_ext_f=%7B%22order%22%3A%221935%22%2C%22eval%22%3A%221%22%2C%22orig_sl_item_id%22%3A%221005010044147718%22%2C%22orig_item_id%22%3A%221005010120674353%22%2C%22fromPage%22%3A%22search%22%7D&pdp_npi=6%40dis%21USD%2110.79%214.89%21%21%2173.28%2133.25%21%40210123bc17768914130077945e9c5a%2112000057266115719%21sea%21US%210%21ABX%211%210%21n_tag%3A-29910%3Bd%3A7753d89f%3Bm03_new_user%3A-29895%3BpisId%3A5000000204886261&curPageLogUid=xLT2wzXI0a16&utparam-url=scene%3Asearch%7Cquery_from%3A%7Cx_object_id%3A1005010044147718%7C_p_origin_prod%3A1005010120674353
Mechanic NC800 Nano Spong Cleaning No Residue Phone Screen PCB Motherboard Back Glass Camera Solder Flux Oil Frame Clean Tool,$0.99 ,"https://ae-pic-a1.aliexpress-media.com/kf/S96bb860d85d2449e9db1ff6502f6c98bK.jpg_220x220q75.jpg_.avif,https://ae-pic-a1.aliexpress-media.com/kf/S7620b7f4a1c840479d84eb7cfdd31e97o.jpg_220x220q75.jpg_.avif,https://ae-pic-a1.aliexpress-media.com/kf/S45cc58e29eab4f7cad68c1f83c88d949l.jpg_220x220q75.jpg_.avif,https://ae-pic-a1.aliexpress-media.com/kf/Sd1016ac2da524aa4b0fdc264a913ddceP.jpg_220x220q75.jpg_.avif,https://ae-pic-a1.aliexpress-media.com/kf/S760cd99dd3f74cdbb7208749d41b5f3dl.jpg_220x220q75.jpg_.avif","['High-concerned chemical', 'None', 'Model Number', 'Mechanical NC800 NANO Cleaning Sponge', 'Pieces Included', '1', 'Material', 'Other', 'Origin', 'Mainland China', 'Brand Name', 'MECHANIC', 'Feature', 'Phone Repair Tool', 'Feature 1', 'Camera cleaning', 'Feature 2', '800pcs one boxes', 'Feature 3', 'Can be used with a variety of cleaning agents', 'Feature 4', 'oca glue clean', 'Feature 5', 'Solder Pad Cleaning']",https://www.aliexpress.us/item/3256807448136964.html?algo_pvid=ce3c9d97-8d3a-4fe9-8dab-31e081eb3e82&algo_exp_id=ce3c9d97-8d3a-4fe9-8dab-31e081eb3e82-51&pdp_ext_f=%7B%22order%22%3A%221724%22%2C%22eval%22%3A%221%22%2C%22fromPage%22%3A%22search%22%7D&pdp_npi=6%40dis%21USD%214.94%210.99%21%21%2133.56%216.74%21%40210123bc17768914130077945e9c5a%2112000041585780912%21sea%21US%210%21ABX%211%210%21n_tag%3A-29910%3Bd%3A7753d89f%3Bm03_new_user%3A-29895%3BpisId%3A5000000203537387&curPageLogUid=bIhqYONho2wQ&utparam-url=scene%3Asearch%7Cquery_from%3A%7Cx_object_id%3A1005007634451716%7C_p_origin_prod%3A
4-8pcs Mobile Phone Repair Tools Plastic Clip Fixture Fastening Clamp For IPhone Samsung iPad Tablet LCD Screen Repair Tool,$0.99 ,"https://ae-pic-a1.aliexpress-media.com/kf/Sa84fd596200c42e5b4ee1dd25cb192b6T.jpg?has_lang=1&ver=2_220x220q75.jpg_.avif,https://ae-pic-a1.aliexpress-media.com/kf/S260d9687b87146efa6dabff5df50d951a.jpg_220x220q75.jpg_.avif,https://ae-pic-a1.aliexpress-media.com/kf/Sc32634951ad64231a7026e3906500467L.jpg_220x220q75.jpg_.avif,https://ae-pic-a1.aliexpress-media.com/kf/See7d7424d86c4db7b17d78fc39fcd090i.jpg_220x220q75.jpg_.avif,https://ae-pic-a1.aliexpress-media.com/kf/S2db3dbf2b8ed42009bd07cf4e9476ac0X.jpg?has_lang=1&ver=1_220x220q75.jpg_.avif","['High-concerned chemical', 'None', 'With Magnetic', 'No', 'Model Number', 'Fixture Fastening Clamp', 'Pieces Included', '8 in 1', 'Material', 'Other', 'Origin', 'Mainland China']",https://www.aliexpress.us/item/3256809922906639.html?algo_pvid=ce3c9d97-8d3a-4fe9-8dab-31e081eb3e82&algo_exp_id=ce3c9d97-8d3a-4fe9-8dab-31e081eb3e82-52&pdp_ext_f=%7B%22order%22%3A%221691%22%2C%22eval%22%3A%221%22%2C%22fromPage%22%3A%22search%22%7D&pdp_npi=6%40dis%21USD%217.96%210.99%21%21%2154.05%216.73%21%40210123bc17768914130077945e9c5a%2112000051176740541%21sea%21US%210%21ABX%211%210%21n_tag%3A-29910%3Bd%3A7753d89f%3Bm03_new_user%3A-29895%3BpisId%3A5000000203537387&curPageLogUid=vftSvy2Z4Qgn&utparam-url=scene%3Asearch%7Cquery_from%3A%7Cx_object_id%3A1005010109221391%7C_p_origin_prod%3A
1-10Pcs Metal Plastic Crowbar Pry Tool Repairing Disassemble Tool For Mobile Phone Computer Repair Opening Tools,$0.99 ,"https://ae-pic-a1.aliexpress-media.com/kf/S3df7a7250ef247e2b3425f0c2b40835b9.jpg_220x220q75.jpg_.avif,https://ae-pic-a1.aliexpress-media.com/kf/S6103646d8c0f44c282baed7b1260425cn.jpg?has_lang=1&ver=2_220x220q75.jpg_.avif,https://ae-pic-a1.aliexpress-media.com/kf/S217875d7f14e4bb7b06d95ae7cd3f50dk.jpg_220x220q75.jpg_.avif,https://ae-pic-a1.aliexpress-media.com/kf/S7dd02564f90742e6857c6ad09f33c6bf6.jpg?has_lang=1&ver=2_220x220q75.jpg_.avif,https://ae-pic-a1.aliexpress-media.com/kf/Sb2d05b6f3a6c400bba3cf9474a0aa6b0e.jpg_220x220q75.jpg_.avif","['High-concerned chemical', 'None', 'Pieces Included', '10 in 1', 'Material', 'Other', 'Brand Name', 'FERREIRA', 'Origin', 'Mainland China']",https://www.aliexpress.us/item/3256807032428356.html?algo_pvid=ce3c9d97-8d3a-4fe9-8dab-31e081eb3e82&algo_exp_id=ce3c9d97-8d3a-4fe9-8dab-31e081eb3e82-56&pdp_ext_f=%7B%22order%22%3A%221624%22%2C%22eval%22%3A%221%22%2C%22fromPage%22%3A%22search%22%7D&pdp_npi=6%40dis%21USD%212.59%210.99%21%21%2117.61%216.75%21%40210123bc17768914130077945e9c5a%2112000039846199954%21sea%21US%210%21ABX%211%210%21n_tag%3A-29910%3Bd%3A7753d89f%3Bm03_new_user%3A-29895%3BpisId%3A5000000203537387&curPageLogUid=KNxxjpXb5cOs&utparam-url=scene%3Asearch%7Cquery_from%3A%7Cx_object_id%3A1005007218743108%7C_p_origin_prod%3A
PU Coated Finger ESD Anti-Static Glove For iPhone Computer Phone Repair Tools Protection Electronic Working Glove,$0.99 ,"https://ae-pic-a1.aliexpress-media.com/kf/S7c7a091b2f144ee399e72d6a7fb1b9b4k.jpg_220x220q75.jpg_.avif,https://ae-pic-a1.aliexpress-media.com/kf/S2d73ba59f2fc445db99140e923dbbc44e.jpeg_220x220q75.jpeg_.avif,https://ae-pic-a1.aliexpress-media.com/kf/Sa60b817983314d22af6a2967893d1b00i.jpg?has_lang=1&ver=1_220x220q75.jpg_.avif,https://ae-pic-a1.aliexpress-media.com/kf/S3c1d3cf99b1544d7939b9f6780b49f55I.jpg_220x220q75.jpg_.avif,https://ae-pic-a1.aliexpress-media.com/kf/S251c02d34ac74b3f9d8ebff2d29468f8J.jpg?has_lang=1&ver=1_220x220q75.jpg_.avif","['High-concerned chemical', 'None', 'Pieces Included', '1', 'Material', 'Other', 'Origin', 'Mainland China']",https://www.aliexpress.us/item/3256806110513468.html?algo_pvid=ce3c9d97-8d3a-4fe9-8dab-31e081eb3e82&algo_exp_id=ce3c9d97-8d3a-4fe9-8dab-31e081eb3e82-57&pdp_ext_f=%7B%22order%22%3A%221587%22%2C%22eval%22%3A%221%22%2C%22fromPage%22%3A%22search%22%7D&pdp_npi=6%40dis%21USD%211.76%210.99%21%21%2111.98%216.75%21%40210123bc17768914130077945e9c5a%2112000036655764655%21sea%21US%210%21ABX%211%210%21n_tag%3A-29910%3Bd%3A7753d89f%3Bm03_new_user%3A-29895%3BpisId%3A5000000203537387&curPageLogUid=PpiDeaD3qcdd&utparam-url=scene%3Asearch%7Cquery_from%3A%7Cx_object_id%3A1005006296828220%7C_p_origin_prod%3A
Wooden Double Hog Bristle Wire Material Head ESD Safe Brush PCB Rework Cleaning And Dust Removal Phone Repair Tools,$0.99 ,"https://ae-pic-a1.aliexpress-media.com/kf/S8c1362780f2a46c3b14b92a78c708b0cV.jpg_220x220q75.jpg_.avif,https://ae-pic-a1.aliexpress-media.com/kf/S8c1362780f2a46c3b14b92a78c708b0cV.jpg_220x220q75.jpg_.avif,https://ae-pic-a1.aliexpress-media.com/kf/S3e9b140d5b874d828866b04f398a1e1dS.jpg_220x220q75.jpg_.avif,https://ae-pic-a1.aliexpress-media.com/kf/S412108aa9c424603801542ada8e413cer.jpg_220x220q75.jpg_.avif,https://ae-pic-a1.aliexpress-media.com/kf/S50c47daaa288443f9b79fe3b93bfbca0V.jpg?has_lang=1&ver=2_220x220q75.jpg_.avif","['High-concerned chemical', 'None', 'Pieces Included', '1', 'Material', 'Other', 'Origin', 'Mainland China']",https://www.aliexpress.us/item/3256804953792938.html?algo_pvid=ce3c9d97-8d3a-4fe9-8dab-31e081eb3e82&algo_exp_id=ce3c9d97-8d3a-4fe9-8dab-31e081eb3e82-58&pdp_ext_f=%7B%22order%22%3A%221542%22%2C%22eval%22%3A%221%22%2C%22fromPage%22%3A%22search%22%7D&pdp_npi=6%40dis%21USD%211.96%210.99%21%21%2113.30%216.72%21%40210123bc17768914130077945e9c5a%2112000046567634423%21sea%21US%210%21ABX%211%210%21n_tag%3A-29910%3Bd%3A7753d89f%3Bm03_new_user%3A-29895%3BpisId%3A5000000203537387&curPageLogUid=oONGACboI7rc&utparam-url=scene%3Asearch%7Cquery_from%3A%7Cx_object_id%3A1005005140107690%7C_p_origin_prod%3A
22 in 1 Mobile Phone Repair Tools Disassemble Repair Kit for iPhone Screwdriver Combination Skid Multi Function Disassembly Set,$0.99 ,"https://ae-pic-a1.aliexpress-media.com/kf/S6beee6f42d92488c9fbbb8629a93fd52c.jpg?has_lang=1&ver=1_220x220q75.jpg_.avif,https://ae-pic-a1.aliexpress-media.com/kf/S6beee6f42d92488c9fbbb8629a93fd52c.jpg?has_lang=1&ver=1_220x220q75.jpg_.avif,https://ae-pic-a1.aliexpress-media.com/kf/Se787af4d765b4ef9989ff7f153e2d1b9M.jpg?has_lang=1&ver=1_220x220q75.jpg_.avif,https://ae-pic-a1.aliexpress-media.com/kf/S3a7816a291574d24be5913c3c685659ey.jpg?has_lang=1&ver=1_220x220q75.jpg_.avif,https://ae-pic-a1.aliexpress-media.com/kf/S55a7900f205b4ecb8b05aa7ed87871cb5.jpg?has_lang=1&ver=1_220x220q75.jpg_.avif","['High-concerned chemical', 'None', 'Pieces Included', '20 in 1', 'Material', 'Other', 'Origin', 'Mainland China']",https://www.aliexpress.us/item/3256809035339547.html?algo_pvid=671b112c-c9b8-4fdd-8a1c-8216fa47d942&algo_exp_id=671b112c-c9b8-4fdd-8a1c-8216fa47d942-3&pdp_ext_f=%7B%22order%22%3A%221343%22%2C%22eval%22%3A%221%22%2C%22fromPage%22%3A%22search%22%7D&pdp_npi=6%40dis%21USD%216.79%210.99%21%21%2146.08%216.69%21%402140f54217768917148476982e4f10%2112000048366710065%21sea%21US%210%21ABX%211%210%21n_tag%3A-29910%3Bd%3A7753d89f%3Bm03_new_user%3A-29895%3BpisId%3A5000000203537387&curPageLogUid=dmrzKtzWN1l9&utparam-url=scene%3Asearch%7Cquery_from%3A%7Cx_object_id%3A1005009221654299%7C_p_origin_prod%3A
1-10Pcs Ultra Thin Curved LCD Screen Spudger Opening Pry Card Disassemble Stainless Steel Metal Mobile Phone Repair Tools,$0.99 ,"https://ae-pic-a1.aliexpress-media.com/kf/S5387cd345d7d472dab0ac0b729e32bd1Q.jpg_220x220q75.jpg_.avif,https://ae-pic-a1.aliexpress-media.com/kf/S95f26287df0e409e8a8c2b2c33256840g.jpg_220x220q75.jpg_.avif,https://ae-pic-a1.aliexpress-media.com/kf/Sde6d2340a0904b4e9ce4a9a439377085Y.jpg_220x220q75.jpg_.avif,https://ae-pic-a1.aliexpress-media.com/kf/Safd655fd7f924f01a43ac92b131c426f3.jpg_220x220q75.jpg_.avif,https://ae-pic-a1.aliexpress-media.com/kf/S48c14f91db2045098d60490ff5da9fa3B.jpg_220x220q75.jpg_.avif","['High-concerned chemical', 'None', 'Model Number', 'Thin Curved Spudger', 'Pieces Included', '6 in 1', 'Material', 'Other', 'Brand Name', 'WEIYIQI', 'Origin', 'Mainland China', 'Function', 'mobile screen separator']",https://www.aliexpress.us/item/3256805703685692.html?algo_pvid=671b112c-c9b8-4fdd-8a1c-8216fa47d942&algo_exp_id=671b112c-c9b8-4fdd-8a1c-8216fa47d942-7&pdp_ext_f=%7B%22order%22%3A%221180%22%2C%22eval%22%3A%221%22%2C%22fromPage%22%3A%22search%22%7D&pdp_npi=6%40dis%21USD%212.02%210.99%21%21%2113.71%216.72%21%402140f54217768917148476982e4f10%2112000034720241281%21sea%21US%210%21ABX%211%210%21n_tag%3A-29910%3Bd%3A7753d89f%3Bm03_new_user%3A-29895%3BpisId%3A5000000203537387&curPageLogUid=3bnOmOfn8Tfp&utparam-url=scene%3Asearch%7Cquery_from%3A%7Cx_object_id%3A1005005890000444%7C_p_origin_prod%3A
21 in 1 Mobile Phone Repair Tools Kit For Apple Android Samsung Set Screwdriver Combination Skid Multi Function Disassembly Kit,$0.99 ,"https://ae-pic-a1.aliexpress-media.com/kf/S41e90eef38d443abacff4e5bb77fbae9E.jpg_220x220q75.jpg_.avif,https://ae-pic-a1.aliexpress-media.com/kf/S3e569e2152394fce88a80249340f8cb2j.jpg_220x220q75.jpg_.avif,https://ae-pic-a1.aliexpress-media.com/kf/S7217e81fe0da4b33a55a7d35b2a5b49cQ.jpg_220x220q75.jpg_.avif,https://ae-pic-a1.aliexpress-media.com/kf/S9dfb71ca065d4bc2b19fa5afac3c6de71.jpg_220x220q75.jpg_.avif,https://ae-pic-a1.aliexpress-media.com/kf/Sba87c73c0d374840a1e734b45a87a3687.jpg_220x220q75.jpg_.avif","['High-concerned chemical', 'None', 'Model Number', '21 in 1', 'Pieces Included', '21', 'Material', 'Other', 'Origin', 'Mainland China']",https://www.aliexpress.us/item/3256806590116704.html?algo_pvid=671b112c-c9b8-4fdd-8a1c-8216fa47d942&algo_exp_id=671b112c-c9b8-4fdd-8a1c-8216fa47d942-11&pdp_ext_f=%7B%22order%22%3A%221107%22%2C%22eval%22%3A%221%22%2C%22fromPage%22%3A%22search%22%7D&pdp_npi=6%40dis%21USD%216.82%210.99%21%21%2146.27%216.72%21%402140f54217768917148476982e4f10%2112000038263943956%21sea%21US%210%21ABX%211%210%21n_tag%3A-29910%3Bd%3A7753d89f%3Bm03_new_user%3A-29895%3BpisId%3A5000000203537387&curPageLogUid=ORCRFceFerPA&utparam-url=scene%3Asearch%7Cquery_from%3A%7Cx_object_id%3A1005006776431456%7C_p_origin_prod%3A
Phone Repair Tools Kit Disassembly Blades Pry Opening Tool Metal Kit Special Adhesive Remover For Phone CPU IC Chip Tool,$0.99 ,"https://ae-pic-a1.aliexpress-media.com/kf/S4df99a59dc3e49aa9394d28841e0bd24r.jpg_220x220q75.jpg_.avif,https://ae-pic-a1.aliexpress-media.com/kf/S4df99a59dc3e49aa9394d28841e0bd24r.jpg_220x220q75.jpg_.avif,https://ae-pic-a1.aliexpress-media.com/kf/S93c5d53df2554b0ebd3ab1d0738d263eS.jpg?has_lang=1&ver=2_220x220q75.jpg_.avif,https://ae-pic-a1.aliexpress-media.com/kf/Sb441f260520b4a2a8c8efe07df82d3bbC.jpg?has_lang=1&ver=2_220x220q75.jpg_.avif,https://ae-pic-a1.aliexpress-media.com/kf/S65fc0b3261f6486d84927ca140451706z.jpg?has_lang=1&ver=2_220x220q75.jpg_.avif","['High-concerned chemical', 'None', 'Pieces Included', '8 in 1', 'Material', 'S2 Alloy Steel', 'Origin', 'Mainland China']",https://www.aliexpress.us/item/3256807071849114.html?algo_pvid=671b112c-c9b8-4fdd-8a1c-8216fa47d942&algo_exp_id=671b112c-c9b8-4fdd-8a1c-8216fa47d942-12&pdp_ext_f=%7B%22order%22%3A%221092%22%2C%22eval%22%3A%221%22%2C%22fromPage%22%3A%22search%22%7D&pdp_npi=6%40dis%21USD%218.96%210.99%21%21%2160.82%216.69%21%402140f54217768917148476982e4f10%2112000040026103042%21sea%21US%210%21ABX%211%210%21n_tag%3A-29910%3Bd%3A7753d89f%3Bm03_new_user%3A-29895%3BpisId%3A5000000203537387&curPageLogUid=CIzt0ZirCaRQ&utparam-url=scene%3Asearch%7Cquery_from%3A%7Cx_object_id%3A1005007258163866%7C_p_origin_prod%3A
Universal Phone Disassembly Opening Screen Pry Repair Tool Kit Professional Mobile Phone Screwdriver Tools Kit For iPhone Xiaomi,$0.99 ,"https://ae-pic-a1.aliexpress-media.com/kf/S7755e075b22f4b90b9ac8f01a979f3dcX.jpg?has_lang=1&ver=1_220x220q75.jpg_.avif,https://ae-pic-a1.aliexpress-media.com/kf/S465726cf6fe646f48dcc2de2f89e05dbI.jpg?has_lang=1&ver=1_220x220q75.jpg_.avif,https://ae-pic-a1.aliexpress-media.com/kf/S81dfac4746ff44c386487a3c1b1f28bah.jpg?has_lang=1&ver=1_220x220q75.jpg_.avif,https://ae-pic-a1.aliexpress-media.com/kf/S67120d67c78541aba3167761f71c6f9eh.jpg_220x220q75.jpg_.avif,https://ae-pic-a1.aliexpress-media.com/kf/S666981de3f704f199d683eed3f865b05b.jpg_220x220q75.jpg_.avif","['High-concerned chemical', 'None', 'With Magnetic', 'No', 'Model Number', '40 in 1', 'Pieces Included', '40 in 1', 'Material', 'Plastic', 'Brand Name', 'Mrgabwte', 'Origin', 'Mainland China']",https://www.aliexpress.us/item/3256810578366493.html?algo_pvid=671b112c-c9b8-4fdd-8a1c-8216fa47d942&algo_exp_id=671b112c-c9b8-4fdd-8a1c-8216fa47d942-15&pdp_ext_f=%7B%22order%22%3A%221080%22%2C%22eval%22%3A%221%22%2C%22fromPage%22%3A%22search%22%7D&pdp_npi=6%40dis%21USD%2110.20%210.99%21%21%2169.26%216.73%21%402140f54217768917148476982e4f10%2112000053430394307%21sea%21US%210%21ABX%211%210%21n_tag%3A-29910%3Bd%3A7753d89f%3Bm03_new_user%3A-29895%3BpisId%3A5000000203537387&curPageLogUid=AguJkpvrZGov&utparam-url=scene%3Asearch%7Cquery_from%3A%7Cx_object_id%3A1005010764681245%7C_p_origin_prod%3A
"polishing tools 18650 lithium battery solder joint grinding, suitable for 21700 battery auxiliary grinding tool set",$0.99 ,"https://ae-pic-a1.aliexpress-media.com/kf/S6315fe4b8d8c4d14b5feeb8e82bd35d70.jpg_220x220q75.jpg_.avif,https://ae-pic-a1.aliexpress-media.com/kf/S88ca26c98bc744afaafc28c0b6045a71Y.jpg_220x220q75.jpg_.avif,https://ae-pic-a1.aliexpress-media.com/kf/S6c9c2b3353d347978b979b21d2c389b5l.jpg_220x220q75.jpg_.avif,https://ae-pic-a1.aliexpress-media.com/kf/S045a2fad9d38466892a04d4ac63e9cedi.jpg?has_lang=1&ver=1_220x220q75.jpg_.avif,https://ae-pic-a1.aliexpress-media.com/kf/S36a71317cd994fb182336998c52490ffp.jpg_220x220q75.jpg_.avif","['High-concerned chemical', 'None', 'Pieces Included', '6 in 1', 'Material', 'Rubber', 'Brand Name', 'PHPR', 'Origin', 'Mainland China']",https://www.aliexpress.us/item/3256810188815098.html?algo_pvid=671b112c-c9b8-4fdd-8a1c-8216fa47d942&algo_exp_id=671b112c-c9b8-4fdd-8a1c-8216fa47d942-13&pdp_ext_f=%7B%22order%22%3A%221074%22%2C%22eval%22%3A%221%22%2C%22fromPage%22%3A%22search%22%7D&pdp_npi=6%40dis%21USD%211.81%210.99%21%21%2112.31%216.74%21%402140f54217768917148476982e4f10%2112000052189635548%21sea%21US%210%21ABX%211%210%21n_tag%3A-29910%3Bd%3A7753d89f%3Bm03_new_user%3A-29895%3BpisId%3A5000000203537387&curPageLogUid=Glxnxh9YHsdt&utparam-url=scene%3Asearch%7Cquery_from%3A%7Cx_object_id%3A1005010375129850%7C_p_origin_prod%3A
2.35mm Special Cutting Grinding Head Polishing Tool For iPhone Phone LCD Screen PCB Repair,$0.99 ,"https://ae-pic-a1.aliexpress-media.com/kf/Sd6e77d511f834d7fa6824069826bc1b75.jpg?has_lang=1&ver=2_220x220q75.jpg_.avif,https://ae-pic-a1.aliexpress-media.com/kf/S45a01c84d5b74d0392a878737a5b97609.jpg?has_lang=1&ver=2_220x220q75.jpg_.avif,https://ae-pic-a1.aliexpress-media.com/kf/Sea846f99df29401dac437139c98bd60er.jpg?has_lang=1&ver=2_220x220q75.jpg_.avif,https://ae-pic-a1.aliexpress-media.com/kf/S8b9784665db3426693ac288db942a967L.jpg?has_lang=1&ver=2_220x220q75.jpg_.avif,https://ae-pic-a1.aliexpress-media.com/kf/S701dcfe2ed6d4b9fabf18f50423eec83x.jpg?has_lang=1&ver=2_220x220q75.jpg_.avif","['High-concerned chemical', 'None', 'Model Number', 'Grinding Head', 'Pieces Included', '1', 'Material', 'Other', 'Origin', 'Mainland China']",https://www.aliexpress.us/item/3256805332110888.html?algo_pvid=671b112c-c9b8-4fdd-8a1c-8216fa47d942&algo_exp_id=671b112c-c9b8-4fdd-8a1c-8216fa47d942-14&pdp_ext_f=%7B%22order%22%3A%221068%22%2C%22eval%22%3A%221%22%2C%22fromPage%22%3A%22search%22%7D&pdp_npi=6%40dis%21USD%212.94%210.99%21%21%2119.97%216.73%21%402140f54217768917148476982e4f10%2112000033389518864%21sea%21US%210%21ABX%211%210%21n_tag%3A-29910%3Bd%3A7753d89f%3Bm03_new_user%3A-29895%3BpisId%3A5000000203537387&curPageLogUid=yHfsJuiXZc6B&utparam-url=scene%3Asearch%7Cquery_from%3A%7Cx_object_id%3A1005005518425640%7C_p_origin_prod%3A
Lanrui P08 Explosion-proof Tin Gasket White Protection Glass Prevent The Tin Balls To Burst BGA Solder Phone Repair Tool,$0.99 ,"https://ae-pic-a1.aliexpress-media.com/kf/Sed891136657a4ba78f450b1cc011922fW.jpg?has_lang=1&ver=2_220x220q75.jpg_.avif,https://ae-pic-a1.aliexpress-media.com/kf/Sed891136657a4ba78f450b1cc011922fW.jpg?has_lang=1&ver=2_220x220q75.jpg_.avif,https://ae-pic-a1.aliexpress-media.com/kf/Sedb45facc8cc4a1ebf23c16022bc53334.jpg?has_lang=1&ver=2_220x220q75.jpg_.avif,https://ae-pic-a1.aliexpress-media.com/kf/Sf445e55b48e749349ddf3a8807a159f4k.jpg?has_lang=1&ver=2_220x220q75.jpg_.avif,https://ae-pic-a1.aliexpress-media.com/kf/S9b5c9b5a29da4a82ac3cc09e799cc2b1V.jpg?has_lang=1&ver=2_220x220q75.jpg_.avif","['High-concerned chemical', 'None', 'Pieces Included', '1', 'Material', 'Other', 'Origin', 'Mainland China']",https://www.aliexpress.us/item/3256810323484770.html?algo_pvid=671b112c-c9b8-4fdd-8a1c-8216fa47d942&algo_exp_id=671b112c-c9b8-4fdd-8a1c-8216fa47d942-18&pdp_ext_f=%7B%22order%22%3A%22952%22%2C%22eval%22%3A%221%22%2C%22fromPage%22%3A%22search%22%7D&pdp_npi=6%40dis%21USD%213.42%210.99%21%21%2123.21%216.71%21%402140f54217768917148476982e4f10%2112000052640668646%21sea%21US%210%21ABX%211%210%21n_tag%3A-29910%3Bd%3A7753d89f%3Bm03_new_user%3A-29895%3BpisId%3A5000000203537387&curPageLogUid=LUE7YU7FwaCd&utparam-url=scene%3Asearch%7Cquery_from%3A%7Cx_object_id%3A1005010509799522%7C_p_origin_prod%3A
3mm 4mm 5mm Sponge Foam Ring Dust-proof Sticker for LCD Phone Front Camera Dustproof Phone Repair Tool,$0.99 ,"https://ae-pic-a1.aliexpress-media.com/kf/S5379f519fe9e45e9a2dc232a0b43c51ev.jpg?has_lang=1&ver=2_220x220q75.jpg_.avif,https://ae-pic-a1.aliexpress-media.com/kf/S5379f519fe9e45e9a2dc232a0b43c51ev.jpg?has_lang=1&ver=2_220x220q75.jpg_.avif,https://ae-pic-a1.aliexpress-media.com/kf/S26d39ae7f4784a1b875a484fb9b80b7ap.jpg?has_lang=1&ver=2_220x220q75.jpg_.avif,https://ae-pic-a1.aliexpress-media.com/kf/S78f46d47e338498fac6e191b1bef8a7dX.jpg?has_lang=1&ver=2_220x220q75.jpg_.avif,https://ae-pic-a1.aliexpress-media.com/kf/S84bca84ba6034ec9b57c8ccb5ab1cd6a5.jpg_220x220q75.jpg_.avif","['High-concerned chemical', 'None', 'Pieces Included', '1', 'Material', 'Other', 'Origin', 'Mainland China']",https://www.aliexpress.us/item/3256808628666059.html?algo_pvid=671b112c-c9b8-4fdd-8a1c-8216fa47d942&algo_exp_id=671b112c-c9b8-4fdd-8a1c-8216fa47d942-19&pdp_ext_f=%7B%22order%22%3A%22944%22%2C%22eval%22%3A%221%22%2C%22fromPage%22%3A%22search%22%7D&pdp_npi=6%40dis%21USD%212.33%210.99%21%21%2115.85%216.75%21%402140f54217768917148476982e4f10%2112000046786098118%21sea%21US%210%21ABX%211%210%21n_tag%3A-29910%3Bd%3A7753d89f%3Bm03_new_user%3A-29895%3BpisId%3A5000000203537387&curPageLogUid=k53rB115gtI7&utparam-url=scene%3Asearch%7Cquery_from%3A%7Cx_object_id%3A1005008814980811%7C_p_origin_prod%3A
22 in 1 Repair Opening Tools Kit Spudger Pry Screwdriver Set for Mobile Phone Tablet Computer Disassemble Hand Tool Set 22/14pcs,$0.99 ,"https://ae-pic-a1.aliexpress-media.com/kf/Se3a462dc7dfd4839acb912d519d6facfn.jpg_220x220q75.jpg_.avif,https://ae-pic-a1.aliexpress-media.com/kf/S3d388c94ba3e457cb542616920eef2b6C.jpg_220x220q75.jpg_.avif,https://ae-pic-a1.aliexpress-media.com/kf/S20c7b3038ae14cfcb6590b8dd391856cb.jpg_220x220q75.jpg_.avif,https://ae-pic-a1.aliexpress-media.com/kf/S82b724edf7074bf696bfc63d50121ab5d.jpg_220x220q75.jpg_.avif,https://ae-pic-a1.aliexpress-media.com/kf/S874f6834be1e45e5b268a4234d62e017G.jpg_220x220q75.jpg_.avif","['High-concerned chemical', 'None', 'Pieces Included', '8 in 1', 'Material', 'Other', 'Brand Name', 'FERREIRA', 'Origin', 'Mainland China']",https://www.aliexpress.us/item/3256806899997816.html?algo_pvid=671b112c-c9b8-4fdd-8a1c-8216fa47d942&algo_exp_id=671b112c-c9b8-4fdd-8a1c-8216fa47d942-20&pdp_ext_f=%7B%22order%22%3A%22917%22%2C%22eval%22%3A%221%22%2C%22fromPage%22%3A%22search%22%7D&pdp_npi=6%40dis%21USD%215.30%210.99%21%21%2136.01%216.75%21%402140f54217768917148476982e4f10%2112000039354612663%21sea%21US%210%21ABX%211%210%21n_tag%3A-29910%3Bd%3A7753d89f%3Bm03_new_user%3A-29895%3BpisId%3A5000000203537387&curPageLogUid=2WNbOrAdRNwK&utparam-url=scene%3Asearch%7Cquery_from%3A%7Cx_object_id%3A1005007086312568%7C_p_origin_prod%3A
MECHANIC 6 Colors UV Curing Solder Mask Ink Welding Oil 10cc BGA PCB Paint Prevent Corrosive Arcing Soldering Paste Weld Flux,$0.99 ,"https://ae-pic-a1.aliexpress-media.com/kf/Sa5abcfbdc8874954884ea42b46c1c14dQ.jpg_220x220q75.jpg_.avif,https://ae-pic-a1.aliexpress-media.com/kf/Sa5abcfbdc8874954884ea42b46c1c14dQ.jpg_220x220q75.jpg_.avif,https://ae-pic-a1.aliexpress-media.com/kf/S25491ba619dc43488f8f019b0979c6e4l.jpg_220x220q75.jpg_.avif,https://ae-pic-a1.aliexpress-media.com/kf/S2c1515bddb7547ef9d284ae7bb30c5ado.jpg_220x220q75.jpg_.avif,https://ae-pic-a1.aliexpress-media.com/kf/Sfe1d00ed1efc46db857e5898bb649286x.jpg_220x220q75.jpg_.avif","['High-concerned chemical', 'None', 'With Magnetic', 'No', 'Model Number', 'UVH900-XX', 'Pieces Included', '1pcs', 'Material', 'Other', 'Origin', 'Mainland China', 'Model', 'LY / BY / HY / RY / JY / WY', 'Type', 'UV Curing soldering mask ink', 'Color', 'Green/Blue/Red/Yellow/Black/White', 'Certification', 'RoSH', 'Capacity', '10cc', 'Net Weight', 'About 25.0g / pcs']",https://www.aliexpress.us/item/3256806542486928.html?algo_pvid=671b112c-c9b8-4fdd-8a1c-8216fa47d942&algo_exp_id=671b112c-c9b8-4fdd-8a1c-8216fa47d942-21&pdp_ext_f=%7B%22order%22%3A%22917%22%2C%22eval%22%3A%221%22%2C%22fromPage%22%3A%22search%22%7D&pdp_npi=6%40dis%21USD%2113.77%210.99%21%21%2193.47%216.72%21%402140f54217768917148476982e4f10%2112000038111146380%21sea%21US%210%21ABX%211%210%21n_tag%3A-29910%3Bd%3A7753d89f%3Bm03_new_user%3A-29895%3BpisId%3A5000000203537387&curPageLogUid=65sYiQ51GJ9J&utparam-url=scene%3Asearch%7Cquery_from%3A%7Cx_object_id%3A1005006728801680%7C_p_origin_prod%3A
Essential Plastic Clip-Style Fixture Clamp for Mobile Phone And Tablet Screen Repair Electronic Device Repairing Tool,$0.99 ,"https://ae-pic-a1.aliexpress-media.com/kf/S1d16ecc9fe55473e9d05657c7b2e78693.jpg?has_lang=1&ver=1_220x220q75.jpg_.avif,https://ae-pic-a1.aliexpress-media.com/kf/S8ce0245faa544951bd92a82d577b9787E.jpg_220x220q75.jpg_.avif,https://ae-pic-a1.aliexpress-media.com/kf/S934179a281c24a0b93eaf84213b737fbL.jpg_220x220q75.jpg_.avif,https://ae-pic-a1.aliexpress-media.com/kf/S441d44b6ee184715885de554d3affc397.jpg_220x220q75.jpg_.avif,https://ae-pic-a1.aliexpress-media.com/kf/S9962259ada7143af8ca084c1367e1ed7V.jpg_220x220q75.jpg_.avif","['High-concerned chemical', 'None', 'With Magnetic', 'No', 'Model Number', 'Fixture Fastening Clamp', 'Pieces Included', '8 in 1', 'Material', 'Other', 'Origin', 'Mainland China']",https://www.aliexpress.us/item/3256810339874189.html?algo_pvid=671b112c-c9b8-4fdd-8a1c-8216fa47d942&algo_exp_id=671b112c-c9b8-4fdd-8a1c-8216fa47d942-22&pdp_ext_f=%7B%22order%22%3A%22916%22%2C%22eval%22%3A%221%22%2C%22fromPage%22%3A%22search%22%7D&pdp_npi=6%40dis%21USD%216.91%210.99%21%21%2146.94%216.78%21%402140f54217768917148476982e4f10%2112000052703041678%21sea%21US%210%21ABX%211%210%21n_tag%3A-29910%3Bd%3A7753d89f%3Bm03_new_user%3A-29895%3BpisId%3A5000000203537387&curPageLogUid=lX87bFFGbaaz&utparam-url=scene%3Asearch%7Cquery_from%3A%7Cx_object_id%3A1005010526188941%7C_p_origin_prod%3A
100pcs Waterproof Seal Back Rear Camera Lens Slot Rubber Ring Circle For iPhone X XR XS 11 12 13 mini 14 Pro Max Repair Parts,$0.99 ,"https://ae-pic-a1.aliexpress-media.com/kf/Sbab2d0e42d164d4e8f52ee62d61ba157V.jpg_220x220q75.jpg_.avif,https://ae-pic-a1.aliexpress-media.com/kf/Sbab2d0e42d164d4e8f52ee62d61ba157V.jpg_220x220q75.jpg_.avif,https://ae-pic-a1.aliexpress-media.com/kf/S5944d38cc3d64a03b3480568c28f313d4.jpg_220x220q75.jpg_.avif,https://ae-pic-a1.aliexpress-media.com/kf/Sddaedc85fd3243d9a73e5f0b99583848z.jpg_220x220q75.jpg_.avif,https://ae-pic-a1.aliexpress-media.com/kf/S9f276d52c69b4cdcb7fa4ab8c19d8c520.jpg_220x220q75.jpg_.avif","['High-concerned chemical', 'None', 'Pieces Included', '100PCS', 'Material', 'Other', 'Brand Name', 'NoEnName_Null', 'Origin', 'Mainland China']",https://www.aliexpress.us/item/3256806316822949.html?algo_pvid=671b112c-c9b8-4fdd-8a1c-8216fa47d942&algo_exp_id=671b112c-c9b8-4fdd-8a1c-8216fa47d942-23&pdp_ext_f=%7B%22order%22%3A%22913%22%2C%22eval%22%3A%221%22%2C%22fromPage%22%3A%22search%22%7D&pdp_npi=6%40dis%21USD%2110.74%210.99%21%21%2172.92%216.72%21%402140f54217768917148476982e4f10%2112000037440178128%21sea%21US%210%21ABX%211%210%21n_tag%3A-29910%3Bd%3A7753d89f%3Bm03_new_user%3A-29895%3BpisId%3A5000000203537387&curPageLogUid=gStck4V9aatI&utparam-url=scene%3Asearch%7Cquery_from%3A%7Cx_object_id%3A1005006503137701%7C_p_origin_prod%3A
WYLIE Nano Conductive Silver Paste ITO Conductive Silver Paste Flexible Screen Repair Circuit Silver Paste for Phone Repair,$2.71 ,"https://ae-pic-a1.aliexpress-media.com/kf/S6c9cde8661194da09de758499a3e973cE.png?has_lang=1&ver=2_220x220.png_.avif,https://ae-pic-a1.aliexpress-media.com/kf/S6c9cde8661194da09de758499a3e973cE.png?has_lang=1&ver=2_220x220.png_.avif,https://ae-pic-a1.aliexpress-media.com/kf/S650bdae1be6442ce9efd7e232b5c2c27n.jpg?has_lang=1&ver=2_220x220q75.jpg_.avif,https://ae-pic-a1.aliexpress-media.com/kf/Sb699e3d08c044c24b69369f5a0bed1c6v.png?has_lang=1&ver=2_220x220.png_.avif,https://ae-pic-a1.aliexpress-media.com/kf/Sfe820fc494a14eb2b452f3d3b64c2a141.jpg?has_lang=1&ver=2_220x220q75.jpg_.avif","['High-concerned chemical', 'None', 'Pieces Included', '1', 'Material', 'Other', 'Origin', 'Mainland China']",https://www.aliexpress.us/item/3256808526100258.html?algo_pvid=671b112c-c9b8-4fdd-8a1c-8216fa47d942&algo_exp_id=671b112c-c9b8-4fdd-8a1c-8216fa47d942-24&pdp_ext_f=%7B%22order%22%3A%22902%22%2C%22eval%22%3A%221%22%2C%22fromPage%22%3A%22search%22%7D&pdp_npi=6%40dis%21USD%213.21%212.71%21%21%2121.76%2118.37%21%402140f54217768917148476982e4f10%2112000047187048970%21sea%21US%210%21ABX%211%210%21n_tag%3A-29910%3Bd%3A7753d89f%3Bm03_new_user%3A-29895%3BpisId%3A5000000204886261&curPageLogUid=T6BlH814SIHV&utparam-url=scene%3Asearch%7Cquery_from%3A%7Cx_object_id%3A1005008712415010%7C_p_origin_prod%3A
Stainless Steel Stand for 510 Thread Accessories Holder,$0.99 ,"https://ae-pic-a1.aliexpress-media.com/kf/S0cadc0391fad4e4e8e3bbcd8bbe6f998E.jpg?has_lang=1&ver=2_220x220q75.jpg_.avif,https://ae-pic-a1.aliexpress-media.com/kf/S0cadc0391fad4e4e8e3bbcd8bbe6f998E.jpg?has_lang=1&ver=2_220x220q75.jpg_.avif,https://ae-pic-a1.aliexpress-media.com/kf/S2bc117bbb702453fbfb5072c27a9aae2z.jpg_220x220q75.jpg_.avif,https://ae-pic-a1.aliexpress-media.com/kf/Sa2dff2f4176141949c1f972ffb358687g.jpg?has_lang=1&ver=2_220x220q75.jpg_.avif,https://ae-pic-a1.aliexpress-media.com/kf/Sb2e2e3bdb9d84f3bb061780e948baf0cq.jpg_220x220q75.jpg_.avif","['High-concerned chemical', 'None', 'With Magnetic', 'No', 'Pieces Included', '1PCS', 'Material', 'Other', 'Origin', 'Mainland China', 'Material', 'Stainless Steel', 'Color', 'Black ,Silver ,Golden']",https://www.aliexpress.us/item/3256803319907569.html?algo_pvid=671b112c-c9b8-4fdd-8a1c-8216fa47d942&algo_exp_id=671b112c-c9b8-4fdd-8a1c-8216fa47d942-25&pdp_ext_f=%7B%22order%22%3A%22883%22%2C%22eval%22%3A%221%22%2C%22fromPage%22%3A%22search%22%7D&pdp_npi=6%40dis%21USD%214.54%210.99%21%21%2130.81%216.69%21%402140f54217768917148476982e4f10%2112000026095725601%21sea%21US%210%21ABX%211%210%21n_tag%3A-29910%3Bd%3A7753d89f%3Bm03_new_user%3A-29895%3BpisId%3A5000000203537387&curPageLogUid=CmK8ZwuvFzeh&utparam-url=scene%3Asearch%7Cquery_from%3A%7Cx_object_id%3A1005003506222321%7C_p_origin_prod%3A
Middle Frame Bezel Replace For Galaxy Z Fold / Z Flip 1 2 3 4 5 6 7 F900 F916 F926 F936 F946 F700 F701 F711 F721 F731,$1.35 ,"https://ae-pic-a1.aliexpress-media.com/kf/S6250ce39e2d948be8e650c1fcf0ce5ccL.png_220x220.png_.avif,https://ae-pic-a1.aliexpress-media.com/kf/S2ac88cb8bb294da9b2e378e021577abb0.png_220x220.png_.avif,https://ae-pic-a1.aliexpress-media.com/kf/S820e7e7d69d746d1802084735625b3e6K.jpg_220x220q75.jpg_.avif,https://ae-pic-a1.aliexpress-media.com/kf/S5e7e03b1d96943faa5e4dd9bc2191135l.jpg_220x220q75.jpg_.avif,https://ae-pic-a1.aliexpress-media.com/kf/S60db717efabc4bd2937a37532bc72ba8M.jpg_220x220q75.jpg_.avif","['High-concerned chemical', 'None', 'With Magnetic', 'No', 'Pieces Included', '1', 'Material', 'Other', 'Origin', 'Mainland China', 'name', 'middle frame bezel', 'Model 1', 'For SM Z Fold 1 2 3 4 5 6 7', 'Model 2', 'W20 W21 W22 W23 W24', 'Model 3', 'F9000 F9160 F9260 F9360 F9460', 'Type 1', 'For SM Z Flip 1 2 3 4 5 6', 'Type 2', 'F7000 F7070 F7110 F7210 F7310', 'Package', '1 pair']",https://www.aliexpress.us/item/3256807142545012.html?algo_pvid=671b112c-c9b8-4fdd-8a1c-8216fa47d942&algo_exp_id=671b112c-c9b8-4fdd-8a1c-8216fa47d942-27&pdp_ext_f=%7B%22order%22%3A%22863%22%2C%22eval%22%3A%221%22%2C%22fromPage%22%3A%22search%22%7D&pdp_npi=6%40dis%21USD%211.85%211.35%21%21%211.85%211.35%21%402140f54217768917148476982e4f10%2112000040287111931%21sea%21US%210%21ABX%211%210%21n_tag%3A-29910%3Bd%3A7753d89f%3Bm03_new_user%3A-29895%3BpisId%3A5000000204886261&curPageLogUid=Nk3gbo0Jlnfp&utparam-url=scene%3Asearch%7Cquery_from%3A%7Cx_object_id%3A1005007328859764%7C_p_origin_prod%3A
Back Cover Glass Breaking Pen For iPhone Samsung Rear Glass Broken Breaker Disassembly Repair Tools,$0.99 ,"https://ae-pic-a1.aliexpress-media.com/kf/S39cb5c1511a24fa9a9e25b0173ffdaa2q.jpg_220x220q75.jpg_.avif,https://ae-pic-a1.aliexpress-media.com/kf/S4bb217303a594007b3ad4d1786607bc2t.jpg_220x220q75.jpg_.avif,https://ae-pic-a1.aliexpress-media.com/kf/S7656fa57e4f44c6da4fad50737568048F.jpeg_220x220q75.jpeg_.avif,https://ae-pic-a1.aliexpress-media.com/kf/Sed5aa8e856f149e18416548a5833e26dE.jpg_220x220q75.jpg_.avif,https://ae-pic-a1.aliexpress-media.com/kf/S37dec488d0cd4c54971364caff6b13bcQ.jpeg_220x220q75.jpeg_.avif","['High-concerned chemical', 'None', 'Pieces Included', '1', 'Material', 'Other', 'Origin', 'Mainland China']",https://www.aliexpress.us/item/3256806062220871.html?algo_pvid=671b112c-c9b8-4fdd-8a1c-8216fa47d942&algo_exp_id=671b112c-c9b8-4fdd-8a1c-8216fa47d942-29&pdp_ext_f=%7B%22order%22%3A%22843%22%2C%22eval%22%3A%221%22%2C%22fromPage%22%3A%22search%22%7D&pdp_npi=6%40dis%21USD%214.33%210.99%21%21%2129.37%216.69%21%402140f54217768917148476982e4f10%2112000036461603921%21sea%21US%210%21ABX%211%210%21n_tag%3A-29910%3Bd%3A7753d89f%3Bm03_new_user%3A-29895%3BpisId%3A5000000203537387&curPageLogUid=DeDvbWRWxNFK&utparam-url=scene%3Asearch%7Cquery_from%3A%7Cx_object_id%3A1005006248535623%7C_p_origin_prod%3A
100Pcs Non Woven Cotton Cleanroom Polyester Swab Dust Removal Cleaning COF Cable Phone Repair Tool,$0.99 ,"https://ae-pic-a1.aliexpress-media.com/kf/S03641ecc09fc4733aa8525ce58d5a04fH.jpg_220x220q75.jpg_.avif,https://ae-pic-a1.aliexpress-media.com/kf/S03641ecc09fc4733aa8525ce58d5a04fH.jpg_220x220q75.jpg_.avif,https://ae-pic-a1.aliexpress-media.com/kf/Se5009c6d8db04ab4952feef483a7a919I.jpg?has_lang=1&ver=1_220x220q75.jpg_.avif,https://ae-pic-a1.aliexpress-media.com/kf/Sf4804e56c667468194d207ca8ee8065cl.jpg_220x220q75.jpg_.avif,https://ae-pic-a1.aliexpress-media.com/kf/S31fccf6b4d774b0ea0d67ebb55f1591fB.jpg_220x220q75.jpg_.avif","['High-concerned chemical', 'None', 'Model Number', 'Cleaning Cotton Swab', 'Pieces Included', '1', 'Material', 'Other', 'Origin', 'Mainland China']",https://www.aliexpress.us/item/3256806815210597.html?algo_pvid=671b112c-c9b8-4fdd-8a1c-8216fa47d942&algo_exp_id=671b112c-c9b8-4fdd-8a1c-8216fa47d942-30&pdp_ext_f=%7B%22order%22%3A%22818%22%2C%22eval%22%3A%221%22%2C%22fromPage%22%3A%22search%22%7D&pdp_npi=6%40dis%21USD%214.32%210.99%21%21%2129.30%216.69%21%402140f54217768917148476982e4f10%2112000039009705197%21sea%21US%210%21ABX%211%210%21n_tag%3A-29910%3Bd%3A7753d89f%3Bm03_new_user%3A-29895%3BpisId%3A5000000203537387&curPageLogUid=2V5QBWKXNnz1&utparam-url=scene%3Asearch%7Cquery_from%3A%7Cx_object_id%3A1005007001525349%7C_p_origin_prod%3A
RL-066 Back Cover Glass Disassembly Tool for iPhone 16 15 14 13 12 11 Pro Max Repair Rear Housing Glass Remove Opening Tools,$0.99 ,"https://ae-pic-a1.aliexpress-media.com/kf/S90a3813bd6c544e5b1453e945683df63f.jpg?has_lang=1&ver=2_220x220q75.jpg_.avif,https://ae-pic-a1.aliexpress-media.com/kf/S1aec3c06db57439b9ce6f93a49f51b0b2.jpg_220x220q75.jpg_.avif,https://ae-pic-a1.aliexpress-media.com/kf/Sb145e22ec2954ff89a6b767cf398c61dV.jpg_220x220q75.jpg_.avif,https://ae-pic-a1.aliexpress-media.com/kf/Sde976fac48c14a2896497220924d88d6x.jpg?has_lang=1&ver=2_220x220q75.jpg_.avif,https://ae-pic-a1.aliexpress-media.com/kf/S28a9b97f9c5c4535abaae30b210df00bq.jpg?has_lang=1&ver=2_220x220q75.jpg_.avif","['High-concerned chemical', 'None', 'With Magnetic', 'No', 'Pieces Included', '6 in 1', 'Material', 'Other', 'Origin', 'Mainland China']",https://www.aliexpress.us/item/3256808533644918.html?algo_pvid=671b112c-c9b8-4fdd-8a1c-8216fa47d942&algo_exp_id=671b112c-c9b8-4fdd-8a1c-8216fa47d942-31&pdp_ext_f=%7B%22order%22%3A%22812%22%2C%22eval%22%3A%221%22%2C%22fromPage%22%3A%22search%22%7D&pdp_npi=6%40dis%21USD%212.64%210.99%21%21%212.64%210.99%21%402140f54217768917148476982e4f10%2112000046384142880%21sea%21US%210%21ABX%211%210%21n_tag%3A-29910%3Bd%3A7753d89f%3Bm03_new_user%3A-29895%3BpisId%3A5000000203537387&curPageLogUid=Jz90qcDjjiKf&utparam-url=scene%3Asearch%7Cquery_from%3A%7Cx_object_id%3A1005008719959670%7C_p_origin_prod%3A
For SM Galaxy Z Flip 1 2 3 4 5 6 F700 F701 F711 F721 F731 ZFold 1 2 3 4 5 6 F900 F916 F926 F936 F946 Middle Frame Bezel Replace,$1.03 ,"https://ae-pic-a1.aliexpress-media.com/kf/S2ac88cb8bb294da9b2e378e021577abb0.png_220x220.png_.avif,https://ae-pic-a1.aliexpress-media.com/kf/S820e7e7d69d746d1802084735625b3e6K.jpg_220x220q75.jpg_.avif,https://ae-pic-a1.aliexpress-media.com/kf/S5e7e03b1d96943faa5e4dd9bc2191135l.jpg_220x220q75.jpg_.avif,https://ae-pic-a1.aliexpress-media.com/kf/S60db717efabc4bd2937a37532bc72ba8M.jpg_220x220q75.jpg_.avif,https://ae-pic-a1.aliexpress-media.com/kf/Saa7795dfeca9435eb20f26f448851b42y.jpg_220x220q75.jpg_.avif","['High-concerned chemical', 'None', 'With Magnetic', 'No', 'Pieces Included', '1', 'Material', 'Other', 'Origin', 'Mainland China', 'name', 'middle frame bezel', 'Model 1', 'For SM Z Fold 1 2 3 4 5 6', 'Model 2', 'W20 W21 W22 W23 W24', 'Model 3', 'F9000 F9160 F9260 F9360 F9460', 'Type 1', 'For SM Z Flip 1 2 3 4 5 6', 'Type 2', 'F7000 F7070 F7110 F7210 F7310', 'Package', '1 pair']",https://www.aliexpress.us/item/3256805271854325.html?algo_pvid=671b112c-c9b8-4fdd-8a1c-8216fa47d942&algo_exp_id=671b112c-c9b8-4fdd-8a1c-8216fa47d942-33&pdp_ext_f=%7B%22order%22%3A%22750%22%2C%22eval%22%3A%221%22%2C%22fromPage%22%3A%22search%22%7D&pdp_npi=6%40dis%21USD%211.53%211.03%21%21%211.53%211.03%21%402140f54217768917148476982e4f10%2112000033161582339%21sea%21US%210%21ABX%211%210%21n_tag%3A-29910%3Bd%3A7753d89f%3Bm03_new_user%3A-29895%3BpisId%3A5000000204886261&curPageLogUid=fP0GDgGUSCtB&utparam-url=scene%3Asearch%7Cquery_from%3A%7Cx_object_id%3A1005005458169077%7C_p_origin_prod%3A
Universal Phone Disassembly Opening Screen Pry Repair Tool Kits Professional Phone Screwdriver Tools For iPhone Samsung Xiaomi,$0.99 ,"https://ae-pic-a1.aliexpress-media.com/kf/S900df8fd55d1441cb8adbada683e35bcd.jpg?has_lang=1&ver=2_220x220q75.jpg_.avif,https://ae-pic-a1.aliexpress-media.com/kf/S89b038bb97df418c8a3bf905568b8df1V.jpg?has_lang=1&ver=2_220x220q75.jpg_.avif,https://ae-pic-a1.aliexpress-media.com/kf/S354e8ca9d4d64d80bd3b39b6f9587f42V.jpg?has_lang=1&ver=2_220x220q75.jpg_.avif,https://ae-pic-a1.aliexpress-media.com/kf/S03b14a25bf154294a1e77bf6ea49780bx.jpg?has_lang=1&ver=2_220x220q75.jpg_.avif,https://ae-pic-a1.aliexpress-media.com/kf/S46a55f3cd8fd44b6870db629c8aa2ac5R.jpg_220x220q75.jpg_.avif","['High-concerned chemical', 'None', 'Pieces Included', '6 in 1', 'Material', 'Other', 'Origin', 'Mainland China']",https://www.aliexpress.us/item/3256806912815528.html?algo_pvid=671b112c-c9b8-4fdd-8a1c-8216fa47d942&algo_exp_id=671b112c-c9b8-4fdd-8a1c-8216fa47d942-36&pdp_ext_f=%7B%22order%22%3A%22729%22%2C%22eval%22%3A%221%22%2C%22fromPage%22%3A%22search%22%7D&pdp_npi=6%40dis%21USD%217.08%210.99%21%21%2148.07%216.73%21%402140f54217768917148476982e4f10%2112000039488300231%21sea%21US%210%21ABX%211%210%21n_tag%3A-29910%3Bd%3A7753d89f%3Bm03_new_user%3A-29895%3BpisId%3A5000000203537387&curPageLogUid=BRPjas24so8E&utparam-url=scene%3Asearch%7Cquery_from%3A%7Cx_object_id%3A1005007099130280%7C_p_origin_prod%3A
PPD Ultra Thin Metal Steel Pry Opening Tool For iPhone Samsung Curved Screen Disassembly Screen Separate Phone Repair Tool,$0.99 ,"https://ae-pic-a1.aliexpress-media.com/kf/Sfe9c3ac31ec94af49a99ef12e1c3cd9fv.jpg_220x220q75.jpg_.avif,https://ae-pic-a1.aliexpress-media.com/kf/S68663bfc86c744f789907d79699f36bd2.jpg_220x220q75.jpg_.avif,https://ae-pic-a1.aliexpress-media.com/kf/S3f3cb0801bd74bcda5ee969d89995d26v.jpg_220x220q75.jpg_.avif,https://ae-pic-a1.aliexpress-media.com/kf/S416362c4000147508fdd90a7f70ef448h.jpg_220x220q75.jpg_.avif,https://ae-pic-a1.aliexpress-media.com/kf/S8586dc017f7045f99649b25e5d3539abu.jpg_220x220q75.jpg_.avif","['High-concerned chemical', 'None', 'Pieces Included', '1', 'Material', 'Other', 'Brand Name', 'manumoc', 'Origin', 'Mainland China']",https://www.aliexpress.us/item/3256807992218100.html?algo_pvid=671b112c-c9b8-4fdd-8a1c-8216fa47d942&algo_exp_id=671b112c-c9b8-4fdd-8a1c-8216fa47d942-37&pdp_ext_f=%7B%22order%22%3A%22714%22%2C%22eval%22%3A%221%22%2C%22fromPage%22%3A%22search%22%7D&pdp_npi=6%40dis%21USD%215.58%210.99%21%21%2137.89%216.73%21%402140f54217768917148476982e4f10%2112000057227286941%21sea%21US%210%21ABX%211%210%21n_tag%3A-29910%3Bd%3A7753d89f%3Bm03_new_user%3A-29895%3BpisId%3A5000000203537349&curPageLogUid=Y5sL3xcmmzsi&utparam-url=scene%3Asearch%7Cquery_from%3A%7Cx_object_id%3A1005008178532852%7C_p_origin_prod%3A
10pcs Stainless Steel BSD Knife Engraving Blade Handle Phone Motherboard Glue Removal Phone Repair Tool Kit,$0.99 ,"https://ae-pic-a1.aliexpress-media.com/kf/S6622b9988b9247fc9f3fe493d564f3bde.jpg?has_lang=1&ver=2_220x220q75.jpg_.avif,https://ae-pic-a1.aliexpress-media.com/kf/S9ff9228e21e747dd888ef3ba537a5df6q.jpg?has_lang=1&ver=2_220x220q75.jpg_.avif,https://ae-pic-a1.aliexpress-media.com/kf/S7f4ea365668941a3963b938f5822275c2.jpg?has_lang=1&ver=2_220x220q75.jpg_.avif,https://ae-pic-a1.aliexpress-media.com/kf/Scfb40ec046994490a792a2ea68d5c9bai.jpg?has_lang=1&ver=2_220x220q75.jpg_.avif,https://ae-pic-a1.aliexpress-media.com/kf/Sd6f576a10f7e481383157f4c885aa7b65.jpg?has_lang=1&ver=2_220x220q75.jpg_.avif","['High-concerned chemical', 'None', 'Pieces Included', '1', 'Material', 'Other', 'Origin', 'Mainland China']",https://www.aliexpress.us/item/3256809200361107.html?algo_pvid=671b112c-c9b8-4fdd-8a1c-8216fa47d942&algo_exp_id=671b112c-c9b8-4fdd-8a1c-8216fa47d942-38&pdp_ext_f=%7B%22order%22%3A%22710%22%2C%22eval%22%3A%221%22%2C%22fromPage%22%3A%22search%22%7D&pdp_npi=6%40dis%21USD%212.39%210.99%21%21%2116.25%216.75%21%402140f54217768917148476982e4f10%2112000048945029389%21sea%21US%210%21ABX%211%210%21n_tag%3A-29910%3Bd%3A7753d89f%3Bm03_new_user%3A-29895%3BpisId%3A5000000203537349&curPageLogUid=hTp66K9KSXmY&utparam-url=scene%3Asearch%7Cquery_from%3A%7Cx_object_id%3A1005009386675859%7C_p_origin_prod%3A
AY A108 Tag-on External Battery Repair Flex Cable Programmer For iPhone 11 12 13 14 15 Pro Max Battereis Read Write Repair Tool,$0.99 ,"https://ae-pic-a1.aliexpress-media.com/kf/Scc41b1c043e34705a1fa1fcea8dd9b3b5.jpg?has_lang=1&ver=2_220x220q75.jpg_.avif,https://ae-pic-a1.aliexpress-media.com/kf/S0103a68f7d224e8cb2abfd4280028061x.jpg?has_lang=1&ver=2_220x220q75.jpg_.avif,https://ae-pic-a1.aliexpress-media.com/kf/S154099d0800a476e8093760ff8406788H.jpg?has_lang=1&ver=2_220x220q75.jpg_.avif,https://ae-pic-a1.aliexpress-media.com/kf/Sbecdb4feb19f41e693a11acee0d8f6e02.jpg?has_lang=1&ver=2_220x220q75.jpg_.avif,https://ae-pic-a1.aliexpress-media.com/kf/S2018dfeb1eab48cb858bacf709f37ab5u.jpg?has_lang=1&ver=2_220x220q75.jpg_.avif","['High-concerned chemical', 'None', 'Pieces Included', '1', 'Material', 'Other', 'Origin', 'Mainland China']",https://www.aliexpress.us/item/3256809059658768.html?algo_pvid=671b112c-c9b8-4fdd-8a1c-8216fa47d942&algo_exp_id=671b112c-c9b8-4fdd-8a1c-8216fa47d942-40&pdp_ext_f=%7B%22order%22%3A%22704%22%2C%22eval%22%3A%221%22%2C%22fromPage%22%3A%22search%22%7D&pdp_npi=6%40dis%21USD%214.45%210.99%21%21%2130.18%216.69%21%402140f54217768917148476982e4f10%2112000048457422702%21sea%21US%210%21ABX%211%210%21n_tag%3A-29910%3Bd%3A7753d89f%3Bm03_new_user%3A-29895%3BpisId%3A5000000203537387&curPageLogUid=nNlpaUsT01we&utparam-url=scene%3Asearch%7Cquery_from%3A%7Cx_object_id%3A1005009245973520%7C_p_origin_prod%3A
0.03mm Ultra Thin Reusable Stainless Steel Opening Metal Pry LCD Screen Disassembly iPhone Repair Tool Set,$0.99 ,"https://ae-pic-a1.aliexpress-media.com/kf/S2737be8ca585447c899f3a74dbcf9eb0z.jpg_220x220q75.jpg_.avif,https://ae-pic-a1.aliexpress-media.com/kf/S2737be8ca585447c899f3a74dbcf9eb0z.jpg_220x220q75.jpg_.avif,https://ae-pic-a1.aliexpress-media.com/kf/S78ba871956cc43359450250aa5e0759fu.jpg_220x220q75.jpg_.avif,https://ae-pic-a1.aliexpress-media.com/kf/S47fea34fe0f645968f2a770436f2f723E.jpg_220x220q75.jpg_.avif,https://ae-pic-a1.aliexpress-media.com/kf/Sa74e294314da4a8c9a6ebf7c9bbef123V.jpg_220x220q75.jpg_.avif","['High-concerned chemical', 'None', 'Pieces Included', '1', 'Material', 'Other', 'Origin', 'Mainland China']",https://www.aliexpress.us/item/3256807234786997.html?algo_pvid=671b112c-c9b8-4fdd-8a1c-8216fa47d942&algo_exp_id=671b112c-c9b8-4fdd-8a1c-8216fa47d942-41&pdp_ext_f=%7B%22order%22%3A%22685%22%2C%22eval%22%3A%221%22%2C%22fromPage%22%3A%22search%22%7D&pdp_npi=6%40dis%21USD%212.13%210.99%21%21%2114.48%216.74%21%402140f54217768917148476982e4f10%2112000040681344951%21sea%21US%210%21ABX%211%210%21n_tag%3A-29910%3Bd%3A7753d89f%3Bm03_new_user%3A-29895%3BpisId%3A5000000203537387&curPageLogUid=eD1SRTI1gewi&utparam-url=scene%3Asearch%7Cquery_from%3A%7Cx_object_id%3A1005007421101749%7C_p_origin_prod%3A
115 in 1 Multifunctional Screwdriver Set Electronic Repair Tools for Computer Phone and Household Use Insulation Screwdriver Kit,$0.99 ,"https://ae-pic-a1.aliexpress-media.com/kf/Sa9f4c198bba848a9afd768083958d1563.jpg_220x220q75.jpg_.avif,https://ae-pic-a1.aliexpress-media.com/kf/Sa9f4c198bba848a9afd768083958d1563.jpg_220x220q75.jpg_.avif,https://ae-pic-a1.aliexpress-media.com/kf/S78e4b00e50a1427a974d6fe1e2dba9bcN.jpg_220x220q75.jpg_.avif,https://ae-pic-a1.aliexpress-media.com/kf/S301d2997de62481986a64c44ed3b525ch.jpg_220x220q75.jpg_.avif,https://ae-pic-a1.aliexpress-media.com/kf/S35ce4f56d02c4789afdb27b894468146F.jpg_220x220q75.jpg_.avif","['High-concerned chemical', 'None', 'With Magnetic', 'No', 'Pieces Included', '108 in 1', 'Material', 'Plastic', 'Brand Name', 'MIVM', 'Origin', 'Mainland China']",https://www.aliexpress.us/item/3256810341548934.html?algo_pvid=671b112c-c9b8-4fdd-8a1c-8216fa47d942&algo_exp_id=671b112c-c9b8-4fdd-8a1c-8216fa47d942-43&pdp_ext_f=%7B%22order%22%3A%22672%22%2C%22eval%22%3A%221%22%2C%22fromPage%22%3A%22search%22%7D&pdp_npi=6%40dis%21USD%2116.86%210.99%21%21%21114.43%216.71%21%402140f54217768917148476982e4f10%2112000057329594396%21sea%21US%210%21ABX%211%210%21n_tag%3A-29910%3Bd%3A7753d89f%3Bm03_new_user%3A-29895%3BpisId%3A5000000203537387&curPageLogUid=W5xkoFxOg3uv&utparam-url=scene%3Asearch%7Cquery_from%3A%7Cx_object_id%3A1005010527863686%7C_p_origin_prod%3A
New non-slip 32-in-1 Precision Screwdriver Set Phillips Bits Multifunctional Hand Repair Tool Kit for Phone Watch Glasses PC,$4.14 ,"https://ae-pic-a1.aliexpress-media.com/kf/S5e3f1a9b2744447b9de87327c971c1d3U.jpg_220x220q75.jpg_.avif,https://ae-pic-a1.aliexpress-media.com/kf/Sd8617d7dd4564065aed8c13160d8d3f2B.jpg_220x220q75.jpg_.avif,https://ae-pic-a1.aliexpress-media.com/kf/S1486da5ee4684842a84cfbc7984c74e1O.jpg_220x220q75.jpg_.avif,https://ae-pic-a1.aliexpress-media.com/kf/S71b11630eaa545f09b36a7d3858cdadcR.jpg_220x220q75.jpg_.avif,https://ae-pic-a1.aliexpress-media.com/kf/S5ae2966c4b6946f09813ecbfd1ee52ae5.jpg_220x220q75.jpg_.avif","['High-concerned chemical', 'None', 'Pieces Included', '30 in 1', 'Material', 'Chrome Vanadium Steel', 'Origin', 'Mainland China', 'With Handle Or Not', 'Yes', 'Type', 'Mini Screwdriver', 'Screw Head Type', 'SLOTTED,Phillips,TORX,HEX,Square Socket,Pozidriv,5-Point,Spanner,TRIANGLE', 'Features 1', 'Multifunctional', 'Features 2', 'non-slip']",https://www.aliexpress.us/item/3256810162200425.html?algo_pvid=671b112c-c9b8-4fdd-8a1c-8216fa47d942&algo_exp_id=671b112c-c9b8-4fdd-8a1c-8216fa47d942-44&pdp_ext_f=%7B%22order%22%3A%22665%22%2C%22eval%22%3A%221%22%2C%22orig_sl_item_id%22%3A%221005010348515177%22%2C%22orig_item_id%22%3A%221005008678229071%22%2C%22fromPage%22%3A%22search%22%7D&pdp_npi=6%40dis%21USD%219.29%214.14%21%21%2163.10%2128.16%21%402140f54217768917148476982e4f10%2112000052069219440%21sea%21US%210%21ABX%211%210%21n_tag%3A-29910%3Bd%3A7753d89f%3Bm03_new_user%3A-29895%3BpisId%3A5000000204886261&curPageLogUid=vbZfO5Ix4MMx&utparam-url=scene%3Asearch%7Cquery_from%3A%7Cx_object_id%3A1005010348515177%7C_p_origin_prod%3A1005008678229071
100pcs Battery Insulation Protective Sticker Tape For iPhone X XS Max XR 11 12 Mini 13 Pro 15 LCD Repair Adhesive,$0.99 ,"https://ae-pic-a1.aliexpress-media.com/kf/S46162787d1a843079c3f7f2ef8596699F.jpg?has_lang=1&ver=2_220x220q75.jpg_.avif,https://ae-pic-a1.aliexpress-media.com/kf/Sb4dd65731de04ba8be723a7671cebb6ep.jpg?has_lang=1&ver=2_220x220q75.jpg_.avif,https://ae-pic-a1.aliexpress-media.com/kf/S246066baee0f426191d6e10aec09527c9.jpg_220x220q75.jpg_.avif,https://ae-pic-a1.aliexpress-media.com/kf/S30caf691a5fa4bdb9f234430e7dbb263V.jpg?has_lang=1&ver=2_220x220q75.jpg_.avif,https://ae-pic-a1.aliexpress-media.com/kf/S03e5d676e0754571a3ad8c6f77e36960J.png_220x220.png_.avif","['High-concerned chemical', 'None', 'Pieces Included', '100', 'Material', 'Other', 'Origin', 'Mainland China']",https://www.aliexpress.us/item/3256804379017882.html?algo_pvid=671b112c-c9b8-4fdd-8a1c-8216fa47d942&algo_exp_id=671b112c-c9b8-4fdd-8a1c-8216fa47d942-45&pdp_ext_f=%7B%22order%22%3A%22658%22%2C%22eval%22%3A%221%22%2C%22fromPage%22%3A%22search%22%7D&pdp_npi=6%40dis%21USD%212.48%210.99%21%21%2116.86%216.74%21%402140f54217768917148476982e4f10%2112000032297885856%21sea%21US%210%21ABX%211%210%21n_tag%3A-29910%3Bd%3A7753d89f%3Bm03_new_user%3A-29895%3BpisId%3A5000000203537387&curPageLogUid=25rEQDffqtBH&utparam-url=scene%3Asearch%7Cquery_from%3A%7Cx_object_id%3A1005004565332634%7C_p_origin_prod%3A
8-in-1 Mobile Phone LCD Chip Glue Removal Crowbar CPU Chip Tool Repair Removal Kit Multi-shape Disassembly Repair Tool for Phone,$2.55 ,"https://ae-pic-a1.aliexpress-media.com/kf/S29a96771be9a4559b2cd9c2a691246e1U.jpg_220x220q75.jpg_.avif,https://ae-pic-a1.aliexpress-media.com/kf/Sc07e533f4532471da57aa7a579f1e02bx.jpg_220x220q75.jpg_.avif,https://ae-pic-a1.aliexpress-media.com/kf/S046f260cfe56430084e90f7970d100eeS.jpg_220x220q75.jpg_.avif,https://ae-pic-a1.aliexpress-media.com/kf/S73b3a9c4f39f42e9bde3ed02374f94e2c.jpg_220x220q75.jpg_.avif,https://ae-pic-a1.aliexpress-media.com/kf/S3ec298335453416bb2138e02a2cd600dW.jpg_220x220q75.jpg_.avif","['High-concerned chemical', 'None', 'With Magnetic', 'No', 'Pieces Included', '8 in 1', 'Material', 'Other', 'Origin', 'Mainland China']",https://www.aliexpress.us/item/3256809283163975.html?algo_pvid=671b112c-c9b8-4fdd-8a1c-8216fa47d942&algo_exp_id=671b112c-c9b8-4fdd-8a1c-8216fa47d942-47&pdp_ext_f=%7B%22order%22%3A%22641%22%2C%22eval%22%3A%221%22%2C%22fromPage%22%3A%22search%22%7D&pdp_npi=6%40dis%21USD%216.22%212.55%21%21%2142.21%2117.29%21%402140f54217768917148476982e4f10%2112000049200194157%21sea%21US%210%21ABX%211%210%21n_tag%3A-29910%3Bd%3A7753d89f%3Bm03_new_user%3A-29895%3BpisId%3A5000000204886261&curPageLogUid=pwbLRtY3q12r&utparam-url=scene%3Asearch%7Cquery_from%3A%7Cx_object_id%3A1005009469478727%7C_p_origin_prod%3A
Original Spin Axis Flex Cable For SM Z Fold 1 2 3 4 5 6 7 Z Flip 1 2 3 4 5 6 7 Main Board LCD Connector Rotary Shaft Hinge Flex,$4.50 ,"https://ae-pic-a1.aliexpress-media.com/kf/S2a99c9cc948341dc9b7d4e30480543c0O.jpg_220x220q75.jpg_.avif,https://ae-pic-a1.aliexpress-media.com/kf/Sbfcb01430bf840c9bc2babbb84e9d097j.jpg_220x220q75.jpg_.avif,https://ae-pic-a1.aliexpress-media.com/kf/S8fe542d2e72242aea15f974735b7867b4.jpg_220x220q75.jpg_.avif,https://ae-pic-a1.aliexpress-media.com/kf/Se44b0e2b92164c5c9b3aa5d91247f2beS.jpg_220x220q75.jpg_.avif,https://ae-pic-a1.aliexpress-media.com/kf/S551c65b044124f019bb547491d802f479.jpg_220x220q75.jpg_.avif","['High-concerned chemical', 'None', 'With Magnetic', 'No', 'Pieces Included', '1', 'Material', 'Other', 'Origin', 'Mainland China', 'name', 'Spin Axis LCD Display Flex Cable', 'Quality', 'original flex', 'Model 1', 'For SM Z Fold 1 2 3 4 5 6 7', 'Model 2', 'W20 W21 W22 W23', 'Model 3', 'F900 F916 F926 F936 F746', 'Package', '2pcs/Pair']",https://www.aliexpress.us/item/3256806982867325.html?algo_pvid=671b112c-c9b8-4fdd-8a1c-8216fa47d942&algo_exp_id=671b112c-c9b8-4fdd-8a1c-8216fa47d942-48&pdp_ext_f=%7B%22order%22%3A%22641%22%2C%22eval%22%3A%221%22%2C%22fromPage%22%3A%22search%22%7D&pdp_npi=6%40dis%21USD%215.00%214.50%21%21%215.00%214.50%21%402140f54217768917148476982e4f10%2112000042826971432%21sea%21US%210%21ABX%211%210%21n_tag%3A-29910%3Bd%3A7753d89f%3Bm03_new_user%3A-29895%3BpisId%3A5000000204886261&curPageLogUid=O2RjFv7yem4G&utparam-url=scene%3Asearch%7Cquery_from%3A%7Cx_object_id%3A1005007169182077%7C_p_origin_prod%3A
100pcs Dispensing Needle Tip For UV Cold Press Glue Dispenser Tool,$0.99/lot,"https://ae-pic-a1.aliexpress-media.com/kf/Sc9e0a1073b5b4b9885bb420174280cccl.jpg_220x220q75.jpg_.avif,https://ae-pic-a1.aliexpress-media.com/kf/S620ec082b3bf444883ec8fb51ec9b934w.jpg_220x220q75.jpg_.avif,https://ae-pic-a1.aliexpress-media.com/kf/S99dc84d33df84ab3a97c2c458e4adbb5Z.jpg_220x220q75.jpg_.avif,https://ae-pic-a1.aliexpress-media.com/kf/S9aa500e3bf8344fe86134438d21096b3S.jpg_220x220q75.jpg_.avif,https://ae-pic-a1.aliexpress-media.com/kf/S4d8bba8af5fb48bc98d4df96f043d674U.jpg_220x220q75.jpg_.avif","['High-concerned chemical', 'None', 'Pieces Included', '1', 'Material', 'Other', 'Origin', 'Mainland China']",https://www.aliexpress.us/item/3256803410717616.html?algo_pvid=671b112c-c9b8-4fdd-8a1c-8216fa47d942&algo_exp_id=671b112c-c9b8-4fdd-8a1c-8216fa47d942-49&pdp_ext_f=%7B%22order%22%3A%22636%22%2C%22eval%22%3A%221%22%2C%22fromPage%22%3A%22search%22%7D&pdp_npi=6%40dis%21USD%212.86%210.99%21%21%2119.42%216.72%21%402140f54217768917148476982e4f10%2112000026434041313%21sea%21US%210%21ABX%211%210%21n_tag%3A-29910%3Bd%3A7753d89f%3Bm03_new_user%3A-29895%3BpisId%3A5000000203537387&curPageLogUid=I9siFSq34Jbg&utparam-url=scene%3Asearch%7Cquery_from%3A%7Cx_object_id%3A1005003597032368%7C_p_origin_prod%3A
Sharp Metal Scalpel Blade Set For Mobile Phone Glass Back Cover Removal Cleaning Tool Universal 936 Soldering Iron Heating Blade,$1.62 ,"https://ae-pic-a1.aliexpress-media.com/kf/Sb83551347d0346d7b8d9e514721619db8.png_220x220.png_.avif,https://ae-pic-a1.aliexpress-media.com/kf/Sb83551347d0346d7b8d9e514721619db8.png_220x220.png_.avif,https://ae-pic-a1.aliexpress-media.com/kf/Sf6e4b48214f441ad98067da3a6cbdde5O.png_220x220.png_.avif,https://ae-pic-a1.aliexpress-media.com/kf/S03c5ee89efa64547b44fe1f09d622100n.png_220x220.png_.avif,https://ae-pic-a1.aliexpress-media.com/kf/S3057607f77f14d478b77d15d838722fdr.png_220x220.png_.avif","['High-concerned chemical', 'None', 'With Magnetic', 'No', 'Model Number', 'blade', 'Pieces Included', '10 in 1', 'Material', 'Chrome Vanadium Steel', 'Origin', 'Mainland China']",https://www.aliexpress.us/item/3256806587042072.html?algo_pvid=671b112c-c9b8-4fdd-8a1c-8216fa47d942&algo_exp_id=671b112c-c9b8-4fdd-8a1c-8216fa47d942-51&pdp_ext_f=%7B%22order%22%3A%22620%22%2C%22eval%22%3A%221%22%2C%22fromPage%22%3A%22search%22%7D&pdp_npi=6%40dis%21USD%212.12%211.62%21%21%2114.41%2111.02%21%402140f54217768917148476982e4f10%2112000038256052408%21sea%21US%210%21ABX%211%210%21n_tag%3A-29910%3Bd%3A7753d89f%3Bm03_new_user%3A-29895%3BpisId%3A5000000204886261&curPageLogUid=i53JlfLojrDY&utparam-url=scene%3Asearch%7Cquery_from%3A%7Cx_object_id%3A1005006773356824%7C_p_origin_prod%3A
BSD Shovel Glue Scraping Blade Handle For Engraving And Glue Cleaning Removal Motherboard For iPhone Repair Tool,$0.99 ,"https://ae-pic-a1.aliexpress-media.com/kf/Sb62bdeb443b045ac8a8571ec47b39eadn.jpg_220x220q75.jpg_.avif,https://ae-pic-a1.aliexpress-media.com/kf/S79621c60016f466da0d8667b47e5b50dE.jpg_220x220q75.jpg_.avif,https://ae-pic-a1.aliexpress-media.com/kf/Haaa8a8ff51e440ca8dfc1e3c1b25e1f1L.jpg_220x220q75.jpg_.avif,https://ae-pic-a1.aliexpress-media.com/kf/H29c39e8d224b464e83605430f7041141x.jpg_220x220q75.jpg_.avif,https://ae-pic-a1.aliexpress-media.com/kf/Hb183a2f57e124f5aba5f32384f08d1afN.jpg_220x220q75.jpg_.avif","['High-concerned chemical', 'None', 'Pieces Included', '1', 'Material', 'Other', 'Origin', 'Mainland China']",https://www.aliexpress.us/item/3256805332340039.html?algo_pvid=671b112c-c9b8-4fdd-8a1c-8216fa47d942&algo_exp_id=671b112c-c9b8-4fdd-8a1c-8216fa47d942-52&pdp_ext_f=%7B%22order%22%3A%22617%22%2C%22eval%22%3A%221%22%2C%22fromPage%22%3A%22search%22%7D&pdp_npi=6%40dis%21USD%211.77%210.99%21%21%2112.02%216.72%21%402140f54217768917148476982e4f10%2112000033391222075%21sea%21US%210%21ABX%211%210%21n_tag%3A-29910%3Bd%3A7753d89f%3Bm03_new_user%3A-29895%3BpisId%3A5000000203537387&curPageLogUid=zIUTmifskZGs&utparam-url=scene%3Asearch%7Cquery_from%3A%7Cx_object_id%3A1005005518654791%7C_p_origin_prod%3A
RL-066C Back Cover Glass Disassembly Tool for iPhone X Xs Max Xr 11 -16 Pro Max Repair Rear Housing Glass Remove Opening Tools,$0.99 ,"https://ae-pic-a1.aliexpress-media.com/kf/S1ae4c559209b4b9abab2c46aa4ea6740q.jpg?has_lang=1&ver=2_220x220q75.jpg_.avif,https://ae-pic-a1.aliexpress-media.com/kf/S1ae4c559209b4b9abab2c46aa4ea6740q.jpg?has_lang=1&ver=2_220x220q75.jpg_.avif,https://ae-pic-a1.aliexpress-media.com/kf/Sf7ed24c43ed040068f014f2d5719e978R.jpg?has_lang=1&ver=2_220x220q75.jpg_.avif,https://ae-pic-a1.aliexpress-media.com/kf/S144515b577384ec5bf018415a91aef8f0.jpg?has_lang=1&ver=2_220x220q75.jpg_.avif,https://ae-pic-a1.aliexpress-media.com/kf/Sf5e7cfd92a9a4bef91bfa4dd7c237f059.jpg?has_lang=1&ver=2_220x220q75.jpg_.avif","['High-concerned chemical', 'None', 'With Magnetic', 'No', 'Pieces Included', '10 in 1', 'Material', 'Other', 'Origin', 'Mainland China']",https://www.aliexpress.us/item/3256809522513326.html?algo_pvid=671b112c-c9b8-4fdd-8a1c-8216fa47d942&algo_exp_id=671b112c-c9b8-4fdd-8a1c-8216fa47d942-53&pdp_ext_f=%7B%22order%22%3A%22605%22%2C%22eval%22%3A%221%22%2C%22fromPage%22%3A%22search%22%7D&pdp_npi=6%40dis%21USD%214.26%210.99%21%21%214.26%210.99%21%402140f54217768917148476982e4f10%2112000049917534529%21sea%21US%210%21ABX%211%210%21n_tag%3A-29910%3Bd%3A7753d89f%3Bm03_new_user%3A-29895%3BpisId%3A5000000203537387&curPageLogUid=Z7sFXb1AFN8G&utparam-url=scene%3Asearch%7Cquery_from%3A%7Cx_object_id%3A1005009708828078%7C_p_origin_prod%3A
MECHANIC 6 in 1 Screwdriver Set High Precision 4IP Y0.6 Pentalobe Convex Cross Torx For Mobile Phone Disassembly Repair Tool Kit,$22.98 ,"https://ae-pic-a1.aliexpress-media.com/kf/Sa5691ef8bf2344bd854d635b8c517499f.jpg_220x220q75.jpg_.avif,https://ae-pic-a1.aliexpress-media.com/kf/Sa5691ef8bf2344bd854d635b8c517499f.jpg_220x220q75.jpg_.avif,https://ae-pic-a1.aliexpress-media.com/kf/S686d570be92141d4802b96b48b4ff8b74.jpg_220x220q75.jpg_.avif,https://ae-pic-a1.aliexpress-media.com/kf/Se5902a716eac4dc4bc1981815394fca1J.jpg?has_lang=1&ver=1_220x220q75.jpg_.avif,https://ae-pic-a1.aliexpress-media.com/kf/Sb2b8894ea8784eeab9a6f2145472749dQ.jpg?has_lang=1&ver=1_220x220q75.jpg_.avif","['High-concerned chemical', 'None', 'Model Number', 'Mechanic IShell Screwdriver', 'Pieces Included', '6 in 1', 'Material', 'Other', 'Brand Name', 'NoEnName_Null', 'Origin', 'Mainland China', '100%', 'New and high quality', 'Application', 'For iPhone mobile phone repair', 'Application 2', 'for ipad watch repair', 'Bearing', 'noise reduction bearing']",https://www.aliexpress.us/item/3256805746695738.html?algo_pvid=671b112c-c9b8-4fdd-8a1c-8216fa47d942&algo_exp_id=671b112c-c9b8-4fdd-8a1c-8216fa47d942-54&pdp_ext_f=%7B%22order%22%3A%22594%22%2C%22eval%22%3A%221%22%2C%22fromPage%22%3A%22search%22%7D&pdp_npi=6%40dis%21USD%2133.40%2125.40%21%21%2133.40%2125.40%21%402140f54217768917148476982e4f10%2112000034907875375%21sea%21US%210%21ABX%211%210%21n_tag%3A-29910%3Bd%3A7753d89f%3Bm03_new_user%3A-29895%3BpisId%3A5000000203537387&curPageLogUid=NHgnUZ1ZbcTI&utparam-url=scene%3Asearch%7Cquery_from%3A%7Cx_object_id%3A1005005933010490%7C_p_origin_prod%3A
Plastic Pick Shovel Triangle Pry Tools Screen Opening Tool Screen Spudger Electronics Disassembly Supplies Crowbar,$0.99 ,"https://ae-pic-a1.aliexpress-media.com/kf/S1394495b9c2a4056b2ee111dc137a5d5q.jpg_220x220q75.jpg_.avif,https://ae-pic-a1.aliexpress-media.com/kf/Saff3a1a3cd104811bb430fd17321412cW.jpg_220x220q75.jpg_.avif,https://ae-pic-a1.aliexpress-media.com/kf/Se9f66b4d2a0a4333b677270482cf18fbp.jpg_220x220q75.jpg_.avif,https://ae-pic-a1.aliexpress-media.com/kf/Scd8ad11e42364bceafd655ee357e6079T.jpg_220x220q75.jpg_.avif,https://ae-pic-a1.aliexpress-media.com/kf/Se51c8e079f004302ba1460ace54596236.jpg_220x220q75.jpg_.avif","['High-concerned chemical', 'None', 'With Magnetic', 'No', 'Pieces Included', 'Other', 'Material', 'Other', 'Origin', 'Mainland China', 'Material', 'plastic', 'Feature1', 'Screen Spudger', 'Feature2', 'Triangle Pry Tools', 'Feature3', 'Screen Opening Tool', 'Feature4', 'Blade Repair Kit', 'Feature5', 'Screen Repair Kit', 'Feature6', 'Disassemble Crowbar']",https://www.aliexpress.us/item/3256804303806657.html?algo_pvid=671b112c-c9b8-4fdd-8a1c-8216fa47d942&algo_exp_id=671b112c-c9b8-4fdd-8a1c-8216fa47d942-55&pdp_ext_f=%7B%22order%22%3A%22592%22%2C%22eval%22%3A%221%22%2C%22fromPage%22%3A%22search%22%7D&pdp_npi=6%40dis%21USD%212.38%210.99%21%21%2116.17%216.73%21%402140f54217768917148476982e4f10%2112000029339907313%21sea%21US%210%21ABX%211%210%21n_tag%3A-29910%3Bd%3A7753d89f%3Bm03_new_user%3A-29895%3BpisId%3A5000000203537349&curPageLogUid=wgR1LiCAiLMS&utparam-url=scene%3Asearch%7Cquery_from%3A%7Cx_object_id%3A1005004490121409%7C_p_origin_prod%3A
5 in 1 Screwdriver Repair Kit Screwdriver Sets Phone Opening Tools Phone Repair Tools for iPhone Huawei Xiaomi Samsung,$2.38 ,"https://ae-pic-a1.aliexpress-media.com/kf/S825578645d0944b5b49f2044377bd83at.jpg_220x220q75.jpg_.avif,https://ae-pic-a1.aliexpress-media.com/kf/S852bf86a4408415fa2c6f1c3f287bd61q.jpg_220x220q75.jpg_.avif,https://ae-pic-a1.aliexpress-media.com/kf/S4772b71c166d4a6593b6e15100166f76z.jpg_220x220q75.jpg_.avif,https://ae-pic-a1.aliexpress-media.com/kf/S43c0233747844aa68084ddf58274ec94w.jpg_220x220q75.jpg_.avif,https://ae-pic-a1.aliexpress-media.com/kf/S603055773b0241f09c9a74ff0d56715dk.jpg_220x220q75.jpg_.avif","['High-concerned chemical', 'None', 'With Magnetic', 'Yes', 'Pieces Included', '6 in 1', 'Material', 'Other', 'Origin', 'Mainland China']",https://www.aliexpress.us/item/3256807353750408.html?algo_pvid=671b112c-c9b8-4fdd-8a1c-8216fa47d942&algo_exp_id=671b112c-c9b8-4fdd-8a1c-8216fa47d942-56&pdp_ext_f=%7B%22order%22%3A%22588%22%2C%22eval%22%3A%221%22%2C%22orig_sl_item_id%22%3A%221005007540065160%22%2C%22orig_item_id%22%3A%221005011852979355%22%2C%22fromPage%22%3A%22search%22%7D&pdp_npi=6%40dis%21USD%216.01%212.38%21%21%2140.82%2116.20%21%402140f54217768917148476982e4f10%2112000041212258259%21sea%21US%210%21ABX%211%210%21n_tag%3A-29910%3Bd%3A7753d89f%3Bm03_new_user%3A-29895%3BpisId%3A5000000204886261&curPageLogUid=5GQoh8acvhB1&utparam-url=scene%3Asearch%7Cquery_from%3A%7Cx_object_id%3A1005007540065160%7C_p_origin_prod%3A1005011852979355
1pc Smartphone Pry Knife LCD Screen Opening Tool Opener Mobile Phone Disassemble Repair Pry Blade Open Precision Pry Knife‌ Tool,$0.99 ,"https://ae-pic-a1.aliexpress-media.com/kf/Sf9e999bce3384a49a0e3994aed181b32s.jpg_220x220q75.jpg_.avif,https://ae-pic-a1.aliexpress-media.com/kf/Sf9e999bce3384a49a0e3994aed181b32s.jpg_220x220q75.jpg_.avif,https://ae-pic-a1.aliexpress-media.com/kf/S890fb3bc74864003ae2db71795900353k.jpg_220x220q75.jpg_.avif,https://ae-pic-a1.aliexpress-media.com/kf/S0ed071fde3a044ca92b3b4a0f578c4deu.jpg_220x220q75.jpg_.avif,https://ae-pic-a1.aliexpress-media.com/kf/S7708e093faef4128a493ba294961caa3q.jpg_220x220q75.jpg_.avif","['High-concerned chemical', 'None', 'Pieces Included', 'Other', 'Material', 'Other', 'Brand Name', 'dawndesslo', 'Origin', 'Mainland China', 'Pieces Included', '1pc']",https://www.aliexpress.us/item/3256803749133302.html?algo_pvid=671b112c-c9b8-4fdd-8a1c-8216fa47d942&algo_exp_id=671b112c-c9b8-4fdd-8a1c-8216fa47d942-57&pdp_ext_f=%7B%22order%22%3A%22588%22%2C%22eval%22%3A%221%22%2C%22fromPage%22%3A%22search%22%7D&pdp_npi=6%40dis%21USD%211.94%210.99%21%21%2113.15%216.70%21%402140f54217768917148476982e4f10%2112000027506650566%21sea%21US%210%21ABX%211%210%21n_tag%3A-29910%3Bd%3A7753d89f%3Bm03_new_user%3A-29895%3BpisId%3A5000000203537387&curPageLogUid=GuuMRm56KL6m&utparam-url=scene%3Asearch%7Cquery_from%3A%7Cx_object_id%3A1005003935448054%7C_p_origin_prod%3A
Lanrui U8 Alloy Sliding Thread Drill Bit 2Pcs Set for Stripped Screw Removal Easy Reverse Out Damaged Screws Tools,$0.99 ,"https://ae-pic-a1.aliexpress-media.com/kf/S038263db9e1d431386e3a21a64f67cf1t.png?has_lang=1&ver=2_220x220.png_.avif,https://ae-pic-a1.aliexpress-media.com/kf/S038263db9e1d431386e3a21a64f67cf1t.png?has_lang=1&ver=2_220x220.png_.avif,https://ae-pic-a1.aliexpress-media.com/kf/S85df549fe5bf4d1693b2ab996d5dbbc4R.jpg?has_lang=1&ver=2_220x220q75.jpg_.avif,https://ae-pic-a1.aliexpress-media.com/kf/S0b45249e0a164cb7a7072d003527e4fcA.jpg?has_lang=1&ver=2_220x220q75.jpg_.avif,https://ae-pic-a1.aliexpress-media.com/kf/S01eaca1a8d824af18630a2082266116c8.jpg?has_lang=1&ver=2_220x220q75.jpg_.avif","['High-concerned chemical', 'None', 'With Magnetic', 'No', 'Model Number', 'U8', 'Pieces Included', '1', 'Material', 'Other', 'Origin', 'Mainland China', 'Brand Name', 'oneten', 'Features', 'Efficiently removes stripped or damaged screws without slipping', 'Features1', 'Suitable for both professionals and beginners', 'Features2', 'Made of high-quality alloy tungsten steel for durability and precision', 'Features3', 'Compact and lightweight design for easy handling and storage', 'Clamping Specification', '2.35mm', 'Material', 'Alloy Tungsten Steel', 'Function', 'Quickly and easily removes stripped thread screws']",https://www.aliexpress.us/item/3256809647510805.html?algo_pvid=671b112c-c9b8-4fdd-8a1c-8216fa47d942&algo_exp_id=671b112c-c9b8-4fdd-8a1c-8216fa47d942-58&pdp_ext_f=%7B%22order%22%3A%22585%22%2C%22eval%22%3A%221%22%2C%22fromPage%22%3A%22search%22%7D&pdp_npi=6%40dis%21USD%218.18%210.99%21%21%2155.51%216.71%21%402140f54217768917148476982e4f10%2112000050311650340%21sea%21US%210%21ABX%211%210%21n_tag%3A-29910%3Bd%3A7753d89f%3Bm03_new_user%3A-29895%3BpisId%3A5000000203537387&curPageLogUid=uRAo6I129z38&utparam-url=scene%3Asearch%7Cquery_from%3A%7Cx_object_id%3A1005009833825557%7C_p_origin_prod%3A
SUNSHINE 2mm 3mm 5mm Green Film Foam Double Sided Tape Strong Sticker For Samsung Huawei Phone Edge Screen Frame Glue,$0.99 ,"https://ae-pic-a1.aliexpress-media.com/kf/S813b3211ee2141508703d175f184bcc7T.jpg_220x220q75.jpg_.avif,https://ae-pic-a1.aliexpress-media.com/kf/S13ebcbbe8a6d4483bcd42848c21e3a71K.jpg_220x220q75.jpg_.avif,https://ae-pic-a1.aliexpress-media.com/kf/S968c000aeeb04b648963b0a0c9d168f3z.jpg_220x220q75.jpg_.avif,https://ae-pic-a1.aliexpress-media.com/kf/S0af187ba9be64271bfdc212e4dec7ba8c.jpg_220x220q75.jpg_.avif,https://ae-pic-a1.aliexpress-media.com/kf/Sf9b041901c7c43a8b172b596b24bdfee5.jpg_220x220q75.jpg_.avif","['High-concerned chemical', 'None', 'Pieces Included', '1', 'Material', 'Other', 'Origin', 'Mainland China']",https://www.aliexpress.us/item/3256804219377095.html?algo_pvid=671b112c-c9b8-4fdd-8a1c-8216fa47d942&algo_exp_id=671b112c-c9b8-4fdd-8a1c-8216fa47d942-59&pdp_ext_f=%7B%22order%22%3A%22585%22%2C%22eval%22%3A%221%22%2C%22fromPage%22%3A%22search%22%7D&pdp_npi=6%40dis%21USD%211.73%210.99%21%21%2111.74%216.72%21%402140f54217768917148476982e4f10%2112000029065465198%21sea%21US%210%21ABX%211%210%21n_tag%3A-29910%3Bd%3A7753d89f%3Bm03_new_user%3A-29895%3BpisId%3A5000000203537349&curPageLogUid=E1g2XYFkp29D&utparam-url=scene%3Asearch%7Cquery_from%3A%7Cx_object_id%3A1005004405691847%7C_p_origin_prod%3A
E-FIXIT Rotating Screwdriver Storage Base Mobile Phone Repair Tools Holder,$8.27 ,"https://ae-pic-a1.aliexpress-media.com/kf/S4f64da45c3df4b1b9e9f83479b291b8a8.jpg?has_lang=1&ver=2_220x220q75.jpg_.avif,https://ae-pic-a1.aliexpress-media.com/kf/S4f64da45c3df4b1b9e9f83479b291b8a8.jpg?has_lang=1&ver=2_220x220q75.jpg_.avif,https://ae-pic-a1.aliexpress-media.com/kf/S1e9826cec45647e6b3695840410f01edf.jpg?has_lang=1&ver=2_220x220q75.jpg_.avif,https://ae-pic-a1.aliexpress-media.com/kf/S11337fa18c20451faa0ddad4a8614685I.jpg_220x220q75.jpg_.avif,https://ae-pic-a1.aliexpress-media.com/kf/S6f7c6ab7b1e949d5aec6eed01a3853112.jpg_220x220q75.jpg_.avif","['High-concerned chemical', 'None', 'Pieces Included', '1', 'Material', 'Other', 'Origin', 'Mainland China', 'Brand', 'E-FIXIT']",https://www.aliexpress.us/item/3256803589736908.html?algo_pvid=5d05a297-e7c7-49c7-9d2c-547800c667e8&algo_exp_id=5d05a297-e7c7-49c7-9d2c-547800c667e8-0&pdp_ext_f=%7B%22order%22%3A%22613%22%2C%22eval%22%3A%221%22%2C%22fromPage%22%3A%22search%22%7D&pdp_npi=6%40dis%21USD%2118.69%2110.69%21%21%21126.86%2172.55%21%402102f22c17768920965646872e3c13%2112000027125556331%21sea%21US%210%21ABX%211%210%21n_tag%3A-29910%3Bd%3A7753d89f%3Bm03_new_user%3A-29895%3BpisId%3A5000000203537387&curPageLogUid=YxCKydtPsPNL&utparam-url=scene%3Asearch%7Cquery_from%3A%7Cx_object_id%3A1005003776051660%7C_p_origin_prod%3A
Non Woven Cotton Swab Cleaning Sponge Dust Epson Roland Removal Tool For Phone Repair,$0.99 ,"https://ae-pic-a1.aliexpress-media.com/kf/Saebc440083764342a7a24dcdbf9e8c88f.jpg_220x220q75.jpg_.avif,https://ae-pic-a1.aliexpress-media.com/kf/Saebc440083764342a7a24dcdbf9e8c88f.jpg_220x220q75.jpg_.avif,https://ae-pic-a1.aliexpress-media.com/kf/S8378e28516f8426c9a42f0014640290cM.jpg_220x220q75.jpg_.avif,https://ae-pic-a1.aliexpress-media.com/kf/Sdd02fd1c932e4ab0b59712ccbcc054ddE.jpg_220x220q75.jpg_.avif,https://ae-pic-a1.aliexpress-media.com/kf/Sac6a1f6d5b3144c7a59ad4131c41d457F.jpg_220x220q75.jpg_.avif","['High-concerned chemical', 'None', 'Pieces Included', '50', 'Material', 'Other', 'Origin', 'Mainland China']",https://www.aliexpress.us/item/3256806009947939.html?algo_pvid=5d05a297-e7c7-49c7-9d2c-547800c667e8&algo_exp_id=5d05a297-e7c7-49c7-9d2c-547800c667e8-1&pdp_ext_f=%7B%22order%22%3A%22568%22%2C%22eval%22%3A%221%22%2C%22fromPage%22%3A%22search%22%7D&pdp_npi=6%40dis%21USD%213.70%210.99%21%21%2125.09%216.69%21%402102f22c17768920965646872e3c13%2112000036222359535%21sea%21US%210%21ABX%211%210%21n_tag%3A-29910%3Bd%3A7753d89f%3Bm03_new_user%3A-29895%3BpisId%3A5000000203537387&curPageLogUid=yrfXs2QFlEb7&utparam-url=scene%3Asearch%7Cquery_from%3A%7Cx_object_id%3A1005006196262691%7C_p_origin_prod%3A
Original Spin Axis Flex Hinge Cable For SM Z Fold 7 6 5 4 3 2 1 Z Flip 7 6 5 4 3 2 1 Main Board LCD Connector Rotary Shaft Flex,$4.50 ,"https://ae-pic-a1.aliexpress-media.com/kf/S3bf289d300844743b9dccf0a05a31730o.jpg_220x220q75.jpg_.avif,https://ae-pic-a1.aliexpress-media.com/kf/Sbfcb01430bf840c9bc2babbb84e9d097j.jpg_220x220q75.jpg_.avif,https://ae-pic-a1.aliexpress-media.com/kf/Sc84c6b7fd94b458d90d9f8848e5744f8b.jpg_220x220q75.jpg_.avif,https://ae-pic-a1.aliexpress-media.com/kf/S8fe542d2e72242aea15f974735b7867b4.jpg_220x220q75.jpg_.avif,https://ae-pic-a1.aliexpress-media.com/kf/S2a99c9cc948341dc9b7d4e30480543c0O.jpg_220x220q75.jpg_.avif","['High-concerned chemical', 'None', 'With Magnetic', 'No', 'Pieces Included', '1', 'Material', 'Other', 'Origin', 'Mainland China', 'name', 'Spin Axis LCD Display Flex Cable', 'Quality', 'original flex', 'Model 1', 'For Sm Z Fold1 Fold2 Fold3 Fold4 Fold5', 'Package', '2pcs/Pair']",https://www.aliexpress.us/item/3256807271905758.html?algo_pvid=5d05a297-e7c7-49c7-9d2c-547800c667e8&algo_exp_id=5d05a297-e7c7-49c7-9d2c-547800c667e8-3&pdp_ext_f=%7B%22order%22%3A%22566%22%2C%22eval%22%3A%221%22%2C%22fromPage%22%3A%22search%22%7D&pdp_npi=6%40dis%21USD%215.00%214.50%21%21%215.00%214.50%21%402102f22c17768920965646872e3c13%2112000040839218472%21sea%21US%210%21ABX%211%210%21n_tag%3A-29910%3Bd%3A7753d89f%3Bm03_new_user%3A-29895%3BpisId%3A5000000204886261&curPageLogUid=IWJrWstnZV1P&utparam-url=scene%3Asearch%7Cquery_from%3A%7Cx_object_id%3A1005007458220510%7C_p_origin_prod%3A
Back Cover Glass Remover Disassembly Tool for iPhone 15 14 13 11 12 Pro Max Phone Repair Rear Housing Glass Glue Remove Tool Kit,$54.57/lot,"https://ae-pic-a1.aliexpress-media.com/kf/S952efc25ad234efcbf1317cfa8b94d52C.jpg_220x220q75.jpg_.avif,https://ae-pic-a1.aliexpress-media.com/kf/S952efc25ad234efcbf1317cfa8b94d52C.jpg_220x220q75.jpg_.avif,https://ae-pic-a1.aliexpress-media.com/kf/S411432babf7c4356ac468cc4b71c38c6h.jpg_220x220q75.jpg_.avif,https://ae-pic-a1.aliexpress-media.com/kf/S2d67dca3c2ee445cbbca95291694b9feN.jpg_220x220q75.jpg_.avif,https://ae-pic-a1.aliexpress-media.com/kf/S4d07202f878b4c7c860598ef510fbfe80.jpg_220x220q75.jpg_.avif","['High-concerned chemical', 'None', 'With Magnetic', 'No', 'Model Number', 'Back cover remover knife', 'Pieces Included', 'other', 'Material', 'Chrome Vanadium Steel', 'Origin', 'Mainland China', 'Usage', 'Back cover disassembly', 'Advantage', 'No hurt display screen', 'Feature', 'Easier remover glass with fixture']",https://www.aliexpress.us/item/3256804659071631.html?algo_pvid=5d05a297-e7c7-49c7-9d2c-547800c667e8&algo_exp_id=5d05a297-e7c7-49c7-9d2c-547800c667e8-7&pdp_ext_f=%7B%22order%22%3A%22545%22%2C%22eval%22%3A%221%22%2C%22fromPage%22%3A%22search%22%7D&pdp_npi=6%40dis%21USD%2166.35%2154.57%21%21%2166.35%2154.57%21%402102f22c17768920965646872e3c13%2112000033036214231%21sea%21US%210%21ABX%211%210%21n_tag%3A-29910%3Bd%3A7753d89f%3Bm03_new_user%3A-29895%3BpisId%3A5000000204886261&curPageLogUid=Caxk739r5MQt&utparam-url=scene%3Asearch%7Cquery_from%3A%7Cx_object_id%3A1005004845386383%7C_p_origin_prod%3A
MaAnt Aidt Giant Stability Support Screen Side-mounted Clamping Fixture With Strong Fixed Suction Cup For iPhone Repair Tool,$0.99 ,"https://ae-pic-a1.aliexpress-media.com/kf/S5c47b94216b94122902712bfabcc0e46p.jpg_220x220q75.jpg_.avif,https://ae-pic-a1.aliexpress-media.com/kf/S5c47b94216b94122902712bfabcc0e46p.jpg_220x220q75.jpg_.avif,https://ae-pic-a1.aliexpress-media.com/kf/S1e9e3df68a164145b7091b01f8fea193p.jpg_220x220q75.jpg_.avif,https://ae-pic-a1.aliexpress-media.com/kf/S9690ab3e07294304953d6b06a1cf3b4cV.jpg_220x220q75.jpg_.avif,https://ae-pic-a1.aliexpress-media.com/kf/Scd7686a890f14c63ade1462a06bd5e3cE.jpg_220x220q75.jpg_.avif","['High-concerned chemical', 'None', 'Pieces Included', '1', 'Material', 'Other', 'Origin', 'Mainland China']",https://www.aliexpress.us/item/3256804955820690.html?algo_pvid=5d05a297-e7c7-49c7-9d2c-547800c667e8&algo_exp_id=5d05a297-e7c7-49c7-9d2c-547800c667e8-8&pdp_ext_f=%7B%22order%22%3A%22543%22%2C%22eval%22%3A%221%22%2C%22fromPage%22%3A%22search%22%7D&pdp_npi=6%40dis%21USD%217.56%210.99%21%21%2151.35%216.75%21%402102f22c17768920965646872e3c13%2112000031830652540%21sea%21US%210%21ABX%211%210%21n_tag%3A-29910%3Bd%3A7753d89f%3Bm03_new_user%3A-29895%3BpisId%3A5000000203537387&curPageLogUid=6va5pOaZs9uB&utparam-url=scene%3Asearch%7Cquery_from%3A%7Cx_object_id%3A1005005142135442%7C_p_origin_prod%3A
JCID X-16 Series Tag-on Face id Flex Cable for IPhone X MAX 11 12 13 14 15 16 PRO MAX Mini Dot Matrix Repair Read and Write Data,$8.22 ,"https://ae-pic-a1.aliexpress-media.com/kf/Sc894337310b34cf98908438d67288e6fS.jpg?has_lang=1&ver=2_220x220q75.jpg_.avif,https://ae-pic-a1.aliexpress-media.com/kf/Sc894337310b34cf98908438d67288e6fS.jpg?has_lang=1&ver=2_220x220q75.jpg_.avif,https://ae-pic-a1.aliexpress-media.com/kf/S1463698f10a84951989d63882b147573r.jpg?has_lang=1&ver=2_220x220q75.jpg_.avif,https://ae-pic-a1.aliexpress-media.com/kf/Sf41a98a8e2c244c588242484e84eafe6Z.jpg?has_lang=1&ver=2_220x220q75.jpg_.avif,https://ae-pic-a1.aliexpress-media.com/kf/S3ffe8525ebe24921b25ce4fe401a4ae1K.jpg?has_lang=1&ver=2_220x220q75.jpg_.avif","['High-concerned chemical', 'None', 'With Magnetic', 'No', 'Model Number', 'JCID Dot Matrix Flex', 'Pieces Included', '1', 'Material', 'Other', 'Origin', 'Mainland China']",https://www.aliexpress.us/item/3256809568310919.html?algo_pvid=5d05a297-e7c7-49c7-9d2c-547800c667e8&algo_exp_id=5d05a297-e7c7-49c7-9d2c-547800c667e8-9&pdp_ext_f=%7B%22order%22%3A%22534%22%2C%22eval%22%3A%221%22%2C%22fromPage%22%3A%22search%22%7D&pdp_npi=6%40dis%21USD%218.72%218.22%21%21%218.72%218.22%21%402102f22c17768920965646872e3c13%2112000050062688302%21sea%21US%210%21ABX%211%210%21n_tag%3A-29910%3Bd%3A7753d89f%3Bm03_new_user%3A-29895%3BpisId%3A5000000204886261&curPageLogUid=aKERjHvwuYtA&utparam-url=scene%3Asearch%7Cquery_from%3A%7Cx_object_id%3A1005009754625671%7C_p_origin_prod%3A
Double Head ESD Safe Brush PCB Rework Cleaning And Dust Removal For iPhone Samsung Repair Tools,$0.99 ,"https://ae-pic-a1.aliexpress-media.com/kf/S5fedd976fd92407fa526649a9601c6afV.jpg_220x220q75.jpg_.avif,https://ae-pic-a1.aliexpress-media.com/kf/S5fedd976fd92407fa526649a9601c6afV.jpg_220x220q75.jpg_.avif,https://ae-pic-a1.aliexpress-media.com/kf/S8b74ee6576e248b6995b21da5b7c19e3O.jpg_220x220q75.jpg_.avif,https://ae-pic-a1.aliexpress-media.com/kf/S1ee5f2511d9547aa8e07b483377956d7c.jpg_220x220q75.jpg_.avif,https://ae-pic-a1.aliexpress-media.com/kf/Sd356b863eadf4c388b93b17d13b3489az.jpg_220x220q75.jpg_.avif","['High-concerned chemical', 'None', 'Pieces Included', '1', 'Material', 'Other', 'Origin', 'Mainland China']",https://www.aliexpress.us/item/3256803286639803.html?algo_pvid=5d05a297-e7c7-49c7-9d2c-547800c667e8&algo_exp_id=5d05a297-e7c7-49c7-9d2c-547800c667e8-10&pdp_ext_f=%7B%22order%22%3A%22534%22%2C%22eval%22%3A%221%22%2C%22fromPage%22%3A%22search%22%7D&pdp_npi=6%40dis%21USD%212.30%210.99%21%21%2115.63%216.74%21%402102f22c17768920965646872e3c13%2112000031507569604%21sea%21US%210%21ABX%211%210%21n_tag%3A-29910%3Bd%3A7753d89f%3Bm03_new_user%3A-29895%3BpisId%3A5000000203537387&curPageLogUid=NnI0KTsVm1db&utparam-url=scene%3Asearch%7Cquery_from%3A%7Cx_object_id%3A1005003472954555%7C_p_origin_prod%3A
"18.1 diagnosis Battery Protection Board BMS Cable For iPhone 11 12 13 14 15 Pro MAX Plus Battery BMS Cable Efficiency random,",$3.70 ,"https://ae-pic-a1.aliexpress-media.com/kf/Sfef6a59e026949d9be44fb14dd49a81bh.jpg_220x220q75.jpg_.avif,https://ae-pic-a1.aliexpress-media.com/kf/S81fab240b0074e34aafd6755b2e7b4c40.jpg_220x220q75.jpg_.avif,https://ae-pic-a1.aliexpress-media.com/kf/S00e849dc9f834075a64e41a0f00164aap.jpg_220x220q75.jpg_.avif,https://ae-pic-a1.aliexpress-media.com/kf/Se3298cef4c0944538c705130a5f194479.jpg_220x220q75.jpg_.avif,https://ae-pic-a1.aliexpress-media.com/kf/S38bf33c0bb814312bac10359e5bbd7e1L.jpg_220x220q75.jpg_.avif","['High-concerned chemical', 'None', 'Model Number', '8G-15PM', 'Pieces Included', '1', 'Material', 'Other', 'Brand Name', 'BRESUN', 'Origin', 'Mainland China']",https://www.aliexpress.us/item/3256807897062177.html?algo_pvid=5d05a297-e7c7-49c7-9d2c-547800c667e8&algo_exp_id=5d05a297-e7c7-49c7-9d2c-547800c667e8-12&pdp_ext_f=%7B%22order%22%3A%22528%22%2C%22eval%22%3A%221%22%2C%22fromPage%22%3A%22search%22%7D&pdp_npi=6%40dis%21USD%214.20%213.70%21%21%2128.48%2125.09%21%402102f22c17768920965646872e3c13%2112000043611503157%21sea%21US%210%21ABX%211%210%21n_tag%3A-29910%3Bd%3A7753d89f%3Bm03_new_user%3A-29895%3BpisId%3A5000000204886261&curPageLogUid=eJgkaNLghgnu&utparam-url=scene%3Asearch%7Cquery_from%3A%7Cx_object_id%3A1005008083376929%7C_p_origin_prod%3A
6/3/1PCS Metal Flat Spudger Soft Thin Opening Pry Tools Mobile Phone Table Screen Stainless Steel Opener Blade for IPhone IPad,$2.66 ,"https://ae-pic-a1.aliexpress-media.com/kf/S4d37ee1974f64631851b7083b64a20b9l.jpg?has_lang=1&ver=1_220x220q75.jpg_.avif,https://ae-pic-a1.aliexpress-media.com/kf/Scc5c079f8d8343f0b648a822bb51779aK.jpg?has_lang=1&ver=1_220x220q75.jpg_.avif,https://ae-pic-a1.aliexpress-media.com/kf/S803cd2fb96634c82bb52a8b9a7c183e4a.jpg?has_lang=1&ver=1_220x220q75.jpg_.avif,https://ae-pic-a1.aliexpress-media.com/kf/Sa63bbd865f8f4752ae1c12525b2a1ed83.jpg?has_lang=1&ver=1_220x220q75.jpg_.avif,https://ae-pic-a1.aliexpress-media.com/kf/S2a7de2eb3ebc492892192b0a394ed9d6i.jpg?has_lang=1&ver=1_220x220q75.jpg_.avif","['High-concerned chemical', 'None', 'With Magnetic', 'No', 'Model Number', 'Metal Flat Spudger Soft Thin Opening Pry Tools', 'Pieces Included', '6 in 1', 'Material', 'Other', 'Origin', 'Mainland China']",https://www.aliexpress.us/item/3256809688002275.html?algo_pvid=5d05a297-e7c7-49c7-9d2c-547800c667e8&algo_exp_id=5d05a297-e7c7-49c7-9d2c-547800c667e8-14&pdp_ext_f=%7B%22order%22%3A%22518%22%2C%22eval%22%3A%221%22%2C%22orig_sl_item_id%22%3A%221005009874317027%22%2C%22orig_item_id%22%3A%221005009426009472%22%2C%22fromPage%22%3A%22search%22%7D&pdp_npi=6%40dis%21USD%216.58%212.66%21%21%2144.68%2118.06%21%402102f22c17768920965646872e3c13%2112000050444516017%21sea%21US%210%21ABX%211%210%21n_tag%3A-29910%3Bd%3A7753d89f%3Bm03_new_user%3A-29895%3BpisId%3A5000000204886261&curPageLogUid=lC5GloGj86u9&utparam-url=scene%3Asearch%7Cquery_from%3A%7Cx_object_id%3A1005009874317027%7C_p_origin_prod%3A1005009426009472
10pcs Rear Glass Sticker Tape For iPhone 8 SE X XS Max XR 11 12 13 14 Pro Max Battery Door Tape Adhesive,$0.99/lot,"https://ae-pic-a1.aliexpress-media.com/kf/S31bb18f983754779902f210739b573aet.jpg?has_lang=1&ver=2_220x220q75.jpg_.avif,https://ae-pic-a1.aliexpress-media.com/kf/S8dfbce9a48b643f78c3cd2103fdec009t.jpg?has_lang=1&ver=2_220x220q75.jpg_.avif,https://ae-pic-a1.aliexpress-media.com/kf/Sff75e5f1819d459f8d096242ba79b983l.jpg?has_lang=1&ver=2_220x220q75.jpg_.avif,https://ae-pic-a1.aliexpress-media.com/kf/S4531c58015fc48629d8d836743bda6c9J.png_220x220.png_.avif,https://ae-pic-a1.aliexpress-media.com/kf/S21d0486f27864431a4b791efcfe88edeq.png_220x220.png_.avif","['High-concerned chemical', 'None', 'Pieces Included', '1', 'Material', 'Other', 'Origin', 'Mainland China']",https://www.aliexpress.us/item/3256806354515565.html?algo_pvid=5d05a297-e7c7-49c7-9d2c-547800c667e8&algo_exp_id=5d05a297-e7c7-49c7-9d2c-547800c667e8-16&pdp_ext_f=%7B%22order%22%3A%22517%22%2C%22eval%22%3A%221%22%2C%22fromPage%22%3A%22search%22%7D&pdp_npi=6%40dis%21USD%212.51%210.99%21%21%2117.02%216.70%21%402102f22c17768920965646872e3c13%2112000037589625622%21sea%21US%210%21ABX%211%210%21n_tag%3A-29910%3Bd%3A7753d89f%3Bm03_new_user%3A-29895%3BpisId%3A5000000203537387&curPageLogUid=BFDJuB9qAAnY&utparam-url=scene%3Asearch%7Cquery_from%3A%7Cx_object_id%3A1005006540830317%7C_p_origin_prod%3A
Repair Pad Insulation Heat-Resistant Soldering Station Silicon Mat Work Mobile Phone Repair Screwdriver Tools Kit,$2.34 ,"https://ae-pic-a1.aliexpress-media.com/kf/Sd5545e1206184581a6a9824b56d14346t.jpg_220x220q75.jpg_.avif,https://ae-pic-a1.aliexpress-media.com/kf/Sdcdb8cb22d3c496db705398930fdef0aW.jpg_220x220q75.jpg_.avif,https://ae-pic-a1.aliexpress-media.com/kf/S2c02304ddd064c85aea1a9c16c006b3fB.jpg_220x220q75.jpg_.avif,https://ae-pic-a1.aliexpress-media.com/kf/S80efc170b6e74964a08c4543e66f1683k.jpg_220x220q75.jpg_.avif,https://ae-pic-a1.aliexpress-media.com/kf/Sbe8d2e83a2034c69827d3b69ecf66c91q.jpg_220x220q75.jpg_.avif","['With Magnetic', 'No', 'Model Number', '74', 'Pieces Included', '44 in 1', 'Material', 'Other', 'Origin', 'Mainland China']",https://www.aliexpress.us/item/3256807004673310.html?algo_pvid=5d05a297-e7c7-49c7-9d2c-547800c667e8&algo_exp_id=5d05a297-e7c7-49c7-9d2c-547800c667e8-17&pdp_ext_f=%7B%22order%22%3A%22516%22%2C%22eval%22%3A%221%22%2C%22fromPage%22%3A%22search%22%7D&pdp_npi=6%40dis%21USD%2112.76%214.76%21%21%2186.60%2132.29%21%402102f22c17768920965646872e3c13%2112000039749888379%21sea%21US%210%21ABX%211%210%21n_tag%3A-29910%3Bd%3A7753d89f%3Bm03_new_user%3A-29895%3BpisId%3A5000000203537387&curPageLogUid=G8IcIpRphs44&utparam-url=scene%3Asearch%7Cquery_from%3A%7Cx_object_id%3A1005007190988062%7C_p_origin_prod%3A
UYUE 0.028mm 0.035mm High Toughness Nano Gold Steel Cutting Wire For Curved Screen Separation Front Glass Phone Repair,$0.99 ,"https://ae-pic-a1.aliexpress-media.com/kf/S414075cf05604a85864d689cc62faca3Z.jpg?has_lang=1&ver=1_220x220q75.jpg_.avif,https://ae-pic-a1.aliexpress-media.com/kf/Sc3b60c0308274f0483a44bca7f947b05q.jpg?has_lang=1&ver=1_220x220q75.jpg_.avif,https://ae-pic-a1.aliexpress-media.com/kf/Sc5500343c5be44beace2a700f3d253512.jpg?has_lang=1&ver=1_220x220q75.jpg_.avif,https://ae-pic-a1.aliexpress-media.com/kf/S08693a21d2ce4a40bf8109fb8115fd0ef.jpg?has_lang=1&ver=1_220x220q75.jpg_.avif,https://ae-pic-a1.aliexpress-media.com/kf/Sebd27d56f82d4f0eacc4b9a175f535a2B.png_220x220.png_.avif","['High-concerned chemical', 'None', 'Pieces Included', '1', 'Material', 'Other', 'Origin', 'Mainland China']",https://www.aliexpress.us/item/3256809192128944.html?algo_pvid=5d05a297-e7c7-49c7-9d2c-547800c667e8&algo_exp_id=5d05a297-e7c7-49c7-9d2c-547800c667e8-19&pdp_ext_f=%7B%22order%22%3A%22504%22%2C%22eval%22%3A%221%22%2C%22fromPage%22%3A%22search%22%7D&pdp_npi=6%40dis%21USD%212.42%210.99%21%21%2116.45%216.74%21%402102f22c17768920965646872e3c13%2112000048923983434%21sea%21US%210%21ABX%211%210%21n_tag%3A-29910%3Bd%3A7753d89f%3Bm03_new_user%3A-29895%3BpisId%3A5000000203537387&curPageLogUid=HUrWTdyHuAit&utparam-url=scene%3Asearch%7Cquery_from%3A%7Cx_object_id%3A1005009378443696%7C_p_origin_prod%3A
YIHUA original C210 C245 C115 C120 982D-1 Soldering Tip Precision Welding Iron Head For Soldering Station Phone Repair Tool,$5.07 ,"https://ae-pic-a1.aliexpress-media.com/kf/Sca034775b0a24e06abffafb377b60ef3u.jpg?has_lang=1&ver=1_220x220q75.jpg_.avif,https://ae-pic-a1.aliexpress-media.com/kf/S5fe9276a8a9e4844a089528167ac6650r.jpg?has_lang=1&ver=1_220x220q75.jpg_.avif,https://ae-pic-a1.aliexpress-media.com/kf/Safc284927c704937ae489642f55135aeJ.jpg?has_lang=1&ver=1_220x220q75.jpg_.avif,https://ae-pic-a1.aliexpress-media.com/kf/S727dd446f708413a8f67377e2e686f3fA.jpg?has_lang=1&ver=1_220x220q75.jpg_.avif,https://ae-pic-a1.aliexpress-media.com/kf/S07f81391a04a48c283ded6e1edd19a12j.jpg?has_lang=1&ver=1_220x220q75.jpg_.avif","['High-concerned chemical', 'None', 'Pieces Included', '1', 'Material', 'Other', 'Origin', 'Mainland China']",https://www.aliexpress.us/item/3256809083056389.html?algo_pvid=5d05a297-e7c7-49c7-9d2c-547800c667e8&algo_exp_id=5d05a297-e7c7-49c7-9d2c-547800c667e8-20&pdp_ext_f=%7B%22order%22%3A%22503%22%2C%22eval%22%3A%221%22%2C%22fromPage%22%3A%22search%22%7D&pdp_npi=6%40dis%21USD%215.57%215.07%21%21%2137.79%2134.40%21%402102f22c17768920965646872e3c13%2112000050331997343%21sea%21US%210%21ABX%211%210%21n_tag%3A-29910%3Bd%3A7753d89f%3Bm03_new_user%3A-29895%3BpisId%3A5000000204886261&curPageLogUid=RTPhRcTswOqz&utparam-url=scene%3Asearch%7Cquery_from%3A%7Cx_object_id%3A1005009269371141%7C_p_origin_prod%3A
10PCS Thick Thin Phone Opening Tools Plastic Guitar Picks Pry Opener for iPhone iPad Tablet PC Disassemble Repair Tool Ki,$0.99 ,"https://ae-pic-a1.aliexpress-media.com/kf/S4320416eb6994b36982eb6d4c83b5d22G.jpg_220x220q75.jpg_.avif,https://ae-pic-a1.aliexpress-media.com/kf/S4320416eb6994b36982eb6d4c83b5d22G.jpg_220x220q75.jpg_.avif,https://ae-pic-a1.aliexpress-media.com/kf/HTB12VYdbnHuK1RkSndVq6xVwpXaM.jpg_220x220q75.jpg_.avif,https://ae-pic-a1.aliexpress-media.com/kf/HTB12e6fbdfvK1RjSszhq6AcGFXaa.jpg_220x220q75.jpg_.avif,https://ae-pic-a1.aliexpress-media.com/kf/HTB1RhW3birxK1RkHFCcq6AQCVXa3.jpg_220x220q75.jpg_.avif","['With Magnetic', 'No', 'Model Number', 'Tools', 'Pieces Included', '10 in 1', 'Material', 'Chrome Vanadium Steel', 'Origin', 'Mainland China']",https://www.aliexpress.us/item/3256805690379038.html?algo_pvid=5d05a297-e7c7-49c7-9d2c-547800c667e8&algo_exp_id=5d05a297-e7c7-49c7-9d2c-547800c667e8-22&pdp_ext_f=%7B%22order%22%3A%22501%22%2C%22eval%22%3A%221%22%2C%22fromPage%22%3A%22search%22%7D&pdp_npi=6%40dis%21USD%215.69%210.99%21%21%2138.62%216.73%21%402102f22c17768920965646872e3c13%2112000034685271650%21sea%21US%210%21ABX%211%210%21n_tag%3A-29910%3Bd%3A7753d89f%3Bm03_new_user%3A-29895%3BpisId%3A5000000203537387&curPageLogUid=23vmhCHXCMvY&utparam-url=scene%3Asearch%7Cquery_from%3A%7Cx_object_id%3A1005005876693790%7C_p_origin_prod%3A
YCS Universal Strong Core BGA Stencil Positioning Tin Pad Insulation Base For Phone CPU IC Soldering Reballing Repair Tool,$0.99 ,"https://ae-pic-a1.aliexpress-media.com/kf/S7e2cbc4f5acf40c984043011961f4338t.jpg?has_lang=1&ver=2_220x220q75.jpg_.avif,https://ae-pic-a1.aliexpress-media.com/kf/S7e2cbc4f5acf40c984043011961f4338t.jpg?has_lang=1&ver=2_220x220q75.jpg_.avif,https://ae-pic-a1.aliexpress-media.com/kf/Sf7752a4364c84353a57bb777c019444c9.jpg?has_lang=1&ver=2_220x220q75.jpg_.avif,https://ae-pic-a1.aliexpress-media.com/kf/S04705acab55749aead264276675d5374D.jpg_220x220q75.jpg_.avif,https://ae-pic-a1.aliexpress-media.com/kf/S052c6eef0d4f42dc97430366c9c107636.jpg?has_lang=1&ver=2_220x220q75.jpg_.avif","['High-concerned chemical', 'None', 'Pieces Included', '1', 'Material', 'Other', 'Origin', 'Mainland China']",https://www.aliexpress.us/item/3256808772940143.html?algo_pvid=5d05a297-e7c7-49c7-9d2c-547800c667e8&algo_exp_id=5d05a297-e7c7-49c7-9d2c-547800c667e8-23&pdp_ext_f=%7B%22order%22%3A%22500%22%2C%22eval%22%3A%221%22%2C%22fromPage%22%3A%22search%22%7D&pdp_npi=6%40dis%21USD%215.32%210.99%21%21%2136.15%216.75%21%402102f22c17768920965646872e3c13%2112000047374456545%21sea%21US%210%21ABX%211%210%21n_tag%3A-29910%3Bd%3A7753d89f%3Bm03_new_user%3A-29895%3BpisId%3A5000000203537387&curPageLogUid=1M7csORHXYNQ&utparam-url=scene%3Asearch%7Cquery_from%3A%7Cx_object_id%3A1005008959254895%7C_p_origin_prod%3A
MaAnt MY-065 Nano Cleaning Sponge No Flocculent Residue Mobile Phone Screen Glue Removal/Camera/PCB Welding Flux Oil Cleaner,$0.99 ,"https://ae-pic-a1.aliexpress-media.com/kf/S05146240b3e34d81a758115e7969a84dm.jpg_220x220q75.jpg_.avif,https://ae-pic-a1.aliexpress-media.com/kf/S84df55d11c5243a9bc7bd0df698da570h.jpg_220x220q75.jpg_.avif,https://ae-pic-a1.aliexpress-media.com/kf/S86ec4c0511094da49b6fc02646ba2b32d.jpg_220x220q75.jpg_.avif,https://ae-pic-a1.aliexpress-media.com/kf/Sca2d3fc51f59422b81afa874007f6930A.jpg_220x220q75.jpg_.avif,https://ae-pic-a1.aliexpress-media.com/kf/S39578950eeb54b86bb9cdcd038d5dc37u.jpg_220x220q75.jpg_.avif","['High-concerned chemical', 'None', 'Model Number', 'MY-065', 'Pieces Included', '1', 'Material', 'Other', 'Brand Name', 'BRESUN', 'Origin', 'Mainland China', 'Brand', 'MaAnt', 'Name', 'Nano-cleaning sponge', 'Advantages', 'High density, no drop, no residue, highadsorption', 'Features', 'Mobile phone chip, motherboard, screen, rear glass, camera module clea', 'Box weight', '26g']",https://www.aliexpress.us/item/3256807558433064.html?algo_pvid=5d05a297-e7c7-49c7-9d2c-547800c667e8&algo_exp_id=5d05a297-e7c7-49c7-9d2c-547800c667e8-28&pdp_ext_f=%7B%22order%22%3A%22500%22%2C%22eval%22%3A%221%22%2C%22fromPage%22%3A%22search%22%7D&pdp_npi=6%40dis%21USD%213.30%210.99%21%21%2122.40%216.72%21%402102f22c17768920965646872e3c13%2112000042067142669%21sea%21US%210%21ABX%211%210%21n_tag%3A-29910%3Bd%3A7753d89f%3Bm03_new_user%3A-29895%3BpisId%3A5000000203537349&curPageLogUid=j8U0behnklwS&utparam-url=scene%3Asearch%7Cquery_from%3A%7Cx_object_id%3A1005007744747816%7C_p_origin_prod%3A
POB U8 Alloy Piercing And Sliding Drill Bit Quickly Remove The Slipped Screws Without Damaging The Frame Phone Repair Tool,$2.79 ,"https://ae-pic-a1.aliexpress-media.com/kf/S43a4cf7c632c4d80b2acbf61e4ec85e9B.jpg_220x220q75.jpg_.avif,https://ae-pic-a1.aliexpress-media.com/kf/S43a4cf7c632c4d80b2acbf61e4ec85e9B.jpg_220x220q75.jpg_.avif,https://ae-pic-a1.aliexpress-media.com/kf/S67f0ea5ddce342079f0bbe25dcb84648Q.jpg?has_lang=1&ver=2_220x220q75.jpg_.avif,https://ae-pic-a1.aliexpress-media.com/kf/S7576e8ac615d4c248e338f92ce396565y.jpg_220x220q75.jpg_.avif,https://ae-pic-a1.aliexpress-media.com/kf/Sf799f7ad14af4627b77f6800a0cdb592n.png_220x220.png_.avif","['High-concerned chemical', 'None', 'Pieces Included', '1', 'Material', 'Other', 'Origin', 'Mainland China']",https://www.aliexpress.us/item/3256809761480864.html?algo_pvid=5d05a297-e7c7-49c7-9d2c-547800c667e8&algo_exp_id=5d05a297-e7c7-49c7-9d2c-547800c667e8-24&pdp_ext_f=%7B%22order%22%3A%22496%22%2C%22eval%22%3A%221%22%2C%22fromPage%22%3A%22search%22%7D&pdp_npi=6%40dis%21USD%213.29%212.79%21%21%2122.34%2118.95%21%402102f22c17768920965646872e3c13%2112000050657211419%21sea%21US%210%21ABX%211%210%21n_tag%3A-29910%3Bd%3A7753d89f%3Bm03_new_user%3A-29895%3BpisId%3A5000000204886261&curPageLogUid=OvqKkvBAemJ0&utparam-url=scene%3Asearch%7Cquery_from%3A%7Cx_object_id%3A1005009947795616%7C_p_origin_prod%3A
100pc 10:1 Epoxy Adhesive Applicator Static Mixer Mixing Nozzle AB Glue Dispenser Needle Tip For LCD Refurbishing,$0.99/lot,"https://ae-pic-a1.aliexpress-media.com/kf/Sd1c65cd14209449ab36ef0c94d2c264fJ.jpg?has_lang=1&ver=2_220x220q75.jpg_.avif,https://ae-pic-a1.aliexpress-media.com/kf/S755a3972b3094cce8292b85bbbe1bbc6G.png?has_lang=1&ver=2_220x220.png_.avif,https://ae-pic-a1.aliexpress-media.com/kf/S602afc8f72974e1da7eb5f7a3740bfbdK.jpg_220x220q75.jpg_.avif,https://ae-pic-a1.aliexpress-media.com/kf/S4999d4f86b4646ec9866c05ea66a02d0f.jpg_220x220q75.jpg_.avif,https://ae-pic-a1.aliexpress-media.com/kf/S3f86845d719e4947954b0a8b13b1094ax.jpg_220x220q75.jpg_.avif","['High-concerned chemical', 'None', 'Pieces Included', '100pcs', 'Material', 'Other', 'Origin', 'Mainland China']",https://www.aliexpress.us/item/3256807177895703.html?algo_pvid=5d05a297-e7c7-49c7-9d2c-547800c667e8&algo_exp_id=5d05a297-e7c7-49c7-9d2c-547800c667e8-25&pdp_ext_f=%7B%22order%22%3A%22494%22%2C%22eval%22%3A%221%22%2C%22fromPage%22%3A%22search%22%7D&pdp_npi=6%40dis%21USD%212.84%210.99%21%21%2119.27%216.71%21%402102f22c17768920965646872e3c13%2112000040443135266%21sea%21US%210%21ABX%211%210%21n_tag%3A-29910%3Bd%3A7753d89f%3Bm03_new_user%3A-29895%3BpisId%3A5000000203537387&curPageLogUid=Uddqdd71xr7C&utparam-url=scene%3Asearch%7Cquery_from%3A%7Cx_object_id%3A1005007364210455%7C_p_origin_prod%3A
48pcs RELIFE RL-094 Camera Lens Dust Removal Stick Strong Adhesion For Phone Repair Cleaning Tool,$5.36 ,"https://ae-pic-a1.aliexpress-media.com/kf/S9665482c5905433c9dad7213818b2afaG.jpg_220x220q75.jpg_.avif,https://ae-pic-a1.aliexpress-media.com/kf/S1bb690fdf3c44042aed41974011447b5o.jpg_220x220q75.jpg_.avif,https://ae-pic-a1.aliexpress-media.com/kf/Sf28332c0b17545b08eb93b338882c8aeY.jpg_220x220q75.jpg_.avif,https://ae-pic-a1.aliexpress-media.com/kf/S675f03296143436da7da57e96c8ff8f4j.jpg_220x220q75.jpg_.avif,https://ae-pic-a1.aliexpress-media.com/kf/S9c9a769e2dd740589b0a8e691c4a4d070.jpg_220x220q75.jpg_.avif","['High-concerned chemical', 'None', 'Pieces Included', '1', 'Material', 'Other', 'Origin', 'Mainland China']",https://www.aliexpress.us/item/3256807963065986.html?algo_pvid=5d05a297-e7c7-49c7-9d2c-547800c667e8&algo_exp_id=5d05a297-e7c7-49c7-9d2c-547800c667e8-26&pdp_ext_f=%7B%22order%22%3A%22485%22%2C%22eval%22%3A%221%22%2C%22fromPage%22%3A%22search%22%7D&pdp_npi=6%40dis%21USD%215.86%215.36%21%21%2139.75%2136.36%21%402102f22c17768920965646872e3c13%2112000043999562082%21sea%21US%210%21ABX%211%210%21n_tag%3A-29910%3Bd%3A7753d89f%3Bm03_new_user%3A-29895%3BpisId%3A5000000204886261&curPageLogUid=WYnorqXZQn5p&utparam-url=scene%3Asearch%7Cquery_from%3A%7Cx_object_id%3A1005008149380738%7C_p_origin_prod%3A
10Pcs/Lot Oca Blade single edge LCD Glue Remover Scraper For Mobile Phone Tablet Screen Repair opening pry Cleaning hand Tools,$0.99 ,"https://ae-pic-a1.aliexpress-media.com/kf/Sddd4cecd3bd84267995691cff1248ee1h.jpg_220x220q75.jpg_.avif,https://ae-pic-a1.aliexpress-media.com/kf/Sddd4cecd3bd84267995691cff1248ee1h.jpg_220x220q75.jpg_.avif,https://ae-pic-a1.aliexpress-media.com/kf/S4c1b37d332b843c48000029818440916t.jpg_220x220q75.jpg_.avif,https://ae-pic-a1.aliexpress-media.com/kf/S82ca59fdbf7241418c41f725faa0c230f.jpg_220x220q75.jpg_.avif,https://ae-pic-a1.aliexpress-media.com/kf/S7bc5769dd3ba4774973e97b31a014a03Y.jpg_220x220q75.jpg_.avif","['High-concerned chemical', 'None', 'With Magnetic', 'No', 'Pieces Included', '10 in 1', 'Material', 'Other', 'Origin', 'Mainland China', 'Application', 'Mobile Phone Repair Tool,Computer Tool Kit', 'Package', 'Case']",https://www.aliexpress.us/item/3256805440893287.html?algo_pvid=5d05a297-e7c7-49c7-9d2c-547800c667e8&algo_exp_id=5d05a297-e7c7-49c7-9d2c-547800c667e8-27&pdp_ext_f=%7B%22order%22%3A%22484%22%2C%22eval%22%3A%221%22%2C%22fromPage%22%3A%22search%22%7D&pdp_npi=6%40dis%21USD%212.64%210.99%21%21%2117.93%216.73%21%402102f22c17768920965646872e3c13%2112000033903985304%21sea%21US%210%21ABX%211%210%21n_tag%3A-29910%3Bd%3A7753d89f%3Bm03_new_user%3A-29895%3BpisId%3A5000000203537349&curPageLogUid=0D3irJxGCsHC&utparam-url=scene%3Asearch%7Cquery_from%3A%7Cx_object_id%3A1005005627208039%7C_p_origin_prod%3A
RELIFE TB-09 SE Charging Port Tester For Lighting Type-C Dual Plugs Rapid Testing Fault Detection Phone Repair Tool,$0.99 ,"https://ae-pic-a1.aliexpress-media.com/kf/Sb8bec330711f4453aa655b2fbf6692b7J.jpg?has_lang=1&ver=2_220x220q75.jpg_.avif,https://ae-pic-a1.aliexpress-media.com/kf/Sb8bec330711f4453aa655b2fbf6692b7J.jpg?has_lang=1&ver=2_220x220q75.jpg_.avif,https://ae-pic-a1.aliexpress-media.com/kf/S7576ef1fb5d046cdbcb969a09bf59580u.jpg?has_lang=1&ver=2_220x220q75.jpg_.avif,https://ae-pic-a1.aliexpress-media.com/kf/S23b2b6c903244dc08c3b02f8309bf41bk.jpg?has_lang=1&ver=2_220x220q75.jpg_.avif,https://ae-pic-a1.aliexpress-media.com/kf/Sb8d6b022d5674556b09a9d17f7cb2dbce.jpg?has_lang=1&ver=2_220x220q75.jpg_.avif","['High-concerned chemical', 'None', 'Pieces Included', '1', 'Material', 'Other', 'Origin', 'Mainland China']",https://www.aliexpress.us/item/3256809768018363.html?algo_pvid=5d05a297-e7c7-49c7-9d2c-547800c667e8&algo_exp_id=5d05a297-e7c7-49c7-9d2c-547800c667e8-29&pdp_ext_f=%7B%22order%22%3A%22474%22%2C%22eval%22%3A%221%22%2C%22fromPage%22%3A%22search%22%7D&pdp_npi=6%40dis%21USD%217.71%210.99%21%21%2152.31%216.69%21%402102f22c17768920965646872e3c13%2112000050675045579%21sea%21US%210%21ABX%211%210%21n_tag%3A-29910%3Bd%3A7753d89f%3Bm03_new_user%3A-29895%3BpisId%3A5000000203537387&curPageLogUid=6Alj5aeTppq3&utparam-url=scene%3Asearch%7Cquery_from%3A%7Cx_object_id%3A1005009954333115%7C_p_origin_prod%3A
MEP Mode Card Adapter flex built in Super Snow IC for iphone12 to IP17,$3.50 ,"https://ae-pic-a1.aliexpress-media.com/kf/Sf3509c44d3034e11bfbc6817066a675dK.png?has_lang=1&ver=1_220x220.png_.avif,https://ae-pic-a1.aliexpress-media.com/kf/S1431c4bc358e46549efb0a15ce9614cdJ.jpg_220x220q75.jpg_.avif,https://ae-pic-a1.aliexpress-media.com/kf/S769c80a88a514e61ad65fef68411f2475.jpg?has_lang=1&ver=1_220x220q75.jpg_.avif,https://ae-pic-a1.aliexpress-media.com/kf/S881213eb7c5c431b886159bd8c1d65efK.jpg?has_lang=1&ver=1_220x220q75.jpg_.avif,https://ae-pic-a1.aliexpress-media.com/kf/Sce5a9d9eb8ca409cbc0eaa63d149db75i.jpg?has_lang=1&ver=1_220x220q75.jpg_.avif","['High-concerned chemical', 'None', 'With Magnetic', 'No', 'Model Number', 'MEP Mode Card Adapter flex', 'Pieces Included', '1', 'Material', 'Other', 'Origin', 'Mainland China', 'Name', 'MEP Mode Card Adapter flex']",https://www.aliexpress.us/item/3256810493501821.html?algo_pvid=5d05a297-e7c7-49c7-9d2c-547800c667e8&algo_exp_id=5d05a297-e7c7-49c7-9d2c-547800c667e8-31&pdp_ext_f=%7B%22order%22%3A%22472%22%2C%22eval%22%3A%221%22%2C%22fromPage%22%3A%22search%22%7D&pdp_npi=6%40dis%21USD%213.50%213.50%21%21%213.50%213.50%21%402102f22c17768920965646872e3c13%2112000053172034085%21sea%21US%210%21ABX%211%210%21n_tag%3A-29910%3Bd%3A7753d89f%3Bm03_new_user%3A-29895&curPageLogUid=vHw3HjjDa7zD&utparam-url=scene%3Asearch%7Cquery_from%3A%7Cx_object_id%3A1005010679816573%7C_p_origin_prod%3A
WYLIE Change Dual Card Flex Cable Assembly for IP16 15 14 plus 14pro max Esim to Dual SIM No Need Separate No Damage Flex,$2.00 ,"https://ae-pic-a1.aliexpress-media.com/kf/S3a12e6cd61f2427785daa3148f6eb36aI.jpg?has_lang=1&ver=2_220x220q75.jpg_.avif,https://ae-pic-a1.aliexpress-media.com/kf/S64276e8c41b445d5b3ba336781638735r.jpg?has_lang=1&ver=2_220x220q75.jpg_.avif,https://ae-pic-a1.aliexpress-media.com/kf/S498c325a65b541a89f33a983f255b902v.jpg?has_lang=1&ver=1_220x220q75.jpg_.avif,https://ae-pic-a1.aliexpress-media.com/kf/S84f8f4dd344144d29bff2c450209e2dev.jpg?has_lang=1&ver=2_220x220q75.jpg_.avif,https://ae-pic-a1.aliexpress-media.com/kf/S9ac021cbcb274a1888720db553ef3d4dR.jpg?has_lang=1&ver=2_220x220q75.jpg_.avif","['High-concerned chemical', 'None', 'With Magnetic', 'No', 'Model Number', 'Dual Card Flex Cable Assembly', 'Pieces Included', '1', 'Material', 'Other', 'Origin', 'Mainland China', 'Name', 'Dual Card Flex Cable Assembly', 'quality', 'Best']",https://www.aliexpress.us/item/3256808468501514.html?algo_pvid=5d05a297-e7c7-49c7-9d2c-547800c667e8&algo_exp_id=5d05a297-e7c7-49c7-9d2c-547800c667e8-34&pdp_ext_f=%7B%22order%22%3A%22446%22%2C%22eval%22%3A%221%22%2C%22fromPage%22%3A%22search%22%7D&pdp_npi=6%40dis%21USD%212.50%212.00%21%21%212.50%212.00%21%402102f22c17768920965646872e3c13%2112000046112832881%21sea%21US%210%21ABX%211%210%21n_tag%3A-29910%3Bd%3A7753d89f%3Bm03_new_user%3A-29895%3BpisId%3A5000000204886261&curPageLogUid=6sDL3W1dLQ1N&utparam-url=scene%3Asearch%7Cquery_from%3A%7Cx_object_id%3A1005008654816266%7C_p_origin_prod%3A
UnlockTool 3/6/12 Months for Samsung Mobile Repairing Tool,$30.17 ,"https://ae-pic-a1.aliexpress-media.com/kf/Sff12b1e7df8e431ea5b0ef25385c4caf9.jpg?has_lang=1&ver=2_220x220q75.jpg_.avif,https://ae-pic-a1.aliexpress-media.com/kf/Sff12b1e7df8e431ea5b0ef25385c4caf9.jpg?has_lang=1&ver=2_220x220q75.jpg_.avif,https://ae-pic-a1.aliexpress-media.com/kf/S6affb61a52134ea5bea7771809b52d3e3.jpg?has_lang=1&ver=2_220x220q75.jpg_.avif,https://ae-pic-a1.aliexpress-media.com/kf/Sf15b3af9ef90418a847d874327fb846fR.jpg?has_lang=1&ver=2_220x220q75.jpg_.avif,https://ae-pic-a1.aliexpress-media.com/kf/S69e2a8d62f874289b4c7908dd757f5dfi.jpg?has_lang=1&ver=2_220x220q75.jpg_.avif","['High-concerned chemical', 'None', 'Model Number', 'Unlock tool', 'Pieces Included', '1', 'Material', 'Other', 'Origin', 'Mainland China', 'Type', 'Renew Unlocktool Repairing tools', 'Type 1', 'UnlockTool 3/6/12 Months Licens', 'Type 2', 'UnlockTool']",https://www.aliexpress.us/item/3256808681489839.html?algo_pvid=5d05a297-e7c7-49c7-9d2c-547800c667e8&algo_exp_id=5d05a297-e7c7-49c7-9d2c-547800c667e8-35&pdp_ext_f=%7B%22order%22%3A%22445%22%2C%22eval%22%3A%221%22%2C%22fromPage%22%3A%22search%22%7D&pdp_npi=6%40dis%21USD%2140.35%2130.17%21%21%21273.90%21204.77%21%402102f22c17768920965646872e3c13%2112000049655983064%21sea%21US%210%21ABX%211%210%21n_tag%3A-29910%3Bd%3A7753d89f%3Bm03_new_user%3A-29895%3BpisId%3A5000000204886261&curPageLogUid=v7Ogzlq3G3WE&utparam-url=scene%3Asearch%7Cquery_from%3A%7Cx_object_id%3A1005008867804591%7C_p_origin_prod%3A
WYLIE For iPhone 14 15 16 Pro MAX Esim Modified To Sim No Punching Layering Separation Dual Card With Built-in Card Holder Parts,$0.99 ,"https://ae-pic-a1.aliexpress-media.com/kf/S72eb5a03345e42329c3397ed2aebd2fe3.jpg_220x220q75.jpg_.avif,https://ae-pic-a1.aliexpress-media.com/kf/S72eb5a03345e42329c3397ed2aebd2fe3.jpg_220x220q75.jpg_.avif,https://ae-pic-a1.aliexpress-media.com/kf/S65c1714a5ed4463da8199b54870b59cfU.jpg_220x220q75.jpg_.avif,https://ae-pic-a1.aliexpress-media.com/kf/Sdacec69fe3c14e369696914983d6efc2o.jpg_220x220q75.jpg_.avif,https://ae-pic-a1.aliexpress-media.com/kf/Sc73af7335cf44c2ab039c4dc9cff4215Y.jpg_220x220q75.jpg_.avif","['High-concerned chemical', 'None', 'With Magnetic', 'No', 'Model Number', 'For iPhone', 'Pieces Included', '1', 'Material', 'Other', 'Brand Name', 'NoEnName_Null', 'Origin', 'Mainland China', 'Brand', 'WYLIE', 'Function', 'Esim Modified To Sim', 'effect', 'SIM Accessories']",https://www.aliexpress.us/item/3256809218830152.html?algo_pvid=5d05a297-e7c7-49c7-9d2c-547800c667e8&algo_exp_id=5d05a297-e7c7-49c7-9d2c-547800c667e8-37&pdp_ext_f=%7B%22order%22%3A%22431%22%2C%22eval%22%3A%221%22%2C%22fromPage%22%3A%22search%22%7D&pdp_npi=6%40dis%21USD%212.35%210.99%21%21%212.35%210.99%21%402102f22c17768920965646872e3c13%2112000048999102145%21sea%21US%210%21ABX%211%210%21n_tag%3A-29910%3Bd%3A7753d89f%3Bm03_new_user%3A-29895%3BpisId%3A5000000204886261&curPageLogUid=owUS1Xej898L&utparam-url=scene%3Asearch%7Cquery_from%3A%7Cx_object_id%3A1005009405144904%7C_p_origin_prod%3A
10Pcs Blu-ray Protective Cover for IPhone Camera 7 8 Plus X XS XR 11 12 13 14 15 Pro Max Plus Mini Plastic Cover Repair Tools,$3.06 ,"https://ae-pic-a1.aliexpress-media.com/kf/S7318d6d6ccac4d2dadf5772668698940P.jpg_220x220q75.jpg_.avif,https://ae-pic-a1.aliexpress-media.com/kf/S8ca9fe34eac14691824a0aa0d301c85e2.jpg_220x220q75.jpg_.avif,https://ae-pic-a1.aliexpress-media.com/kf/Sca213d2baac74d62bf08dee1b251b547J.jpg_220x220q75.jpg_.avif,https://ae-pic-a1.aliexpress-media.com/kf/Sae6fe53a9e584418a785603928b0461bi.jpg_220x220q75.jpg_.avif,https://ae-pic-a1.aliexpress-media.com/kf/S14555076bcd84de0b1a321c1ebbe29185.jpg_220x220q75.jpg_.avif","['High-concerned chemical', 'None', 'Model Number', 'XINGXUN', 'Pieces Included', '10', 'Material', 'Other', 'Brand Name', 'BRESUN', 'Origin', 'Mainland China']",https://www.aliexpress.us/item/3256808232620739.html?algo_pvid=5d05a297-e7c7-49c7-9d2c-547800c667e8&algo_exp_id=5d05a297-e7c7-49c7-9d2c-547800c667e8-38&pdp_ext_f=%7B%22order%22%3A%22429%22%2C%22eval%22%3A%221%22%2C%22fromPage%22%3A%22search%22%7D&pdp_npi=6%40dis%21USD%213.56%213.06%21%21%213.56%213.06%21%402102f22c17768920965646872e3c13%2112000044979146432%21sea%21US%210%21ABX%211%210%21n_tag%3A-29910%3Bd%3A7753d89f%3Bm03_new_user%3A-29895%3BpisId%3A5000000204886261&curPageLogUid=eFN5KQi97IQ6&utparam-url=scene%3Asearch%7Cquery_from%3A%7Cx_object_id%3A1005008418935491%7C_p_origin_prod%3A
HOZAN Anti-static Press Type Glass Alcohol Solvent Bottle With Copper Core For Phone Screen Repair Pump Dispenser Tool,$0.99 ,"https://ae-pic-a1.aliexpress-media.com/kf/S8e27243dc60547eba6bc643a0f0553d19.jpg_220x220q75.jpg_.avif,https://ae-pic-a1.aliexpress-media.com/kf/Sac6ad3ed049942579d25c254f7f7696eR.jpg_220x220q75.jpg_.avif,https://ae-pic-a1.aliexpress-media.com/kf/S80cf7e20343c45528048b239dd7f189ei.jpg_220x220q75.jpg_.avif,https://ae-pic-a1.aliexpress-media.com/kf/S259bda60090d40a489df2d5128461372f.jpg_220x220q75.jpg_.avif,https://ae-pic-a1.aliexpress-media.com/kf/Sbbae7a3cdf894d59b2f668b621088531A.jpg_220x220q75.jpg_.avif","['High-concerned chemical', 'None', 'Pieces Included', '1', 'Material', 'Other', 'Origin', 'Mainland China']",https://www.aliexpress.us/item/3256807003541023.html?algo_pvid=5d05a297-e7c7-49c7-9d2c-547800c667e8&algo_exp_id=5d05a297-e7c7-49c7-9d2c-547800c667e8-39&pdp_ext_f=%7B%22order%22%3A%22427%22%2C%22eval%22%3A%221%22%2C%22fromPage%22%3A%22search%22%7D&pdp_npi=6%40dis%21USD%219.05%211.05%21%21%2161.41%217.10%21%402102f22c17768920965646872e3c13%2112000039748781085%21sea%21US%210%21ABX%211%210%21n_tag%3A-29910%3Bd%3A7753d89f%3Bm03_new_user%3A-29895%3BpisId%3A5000000203537387&curPageLogUid=v8wSuSrqWmYj&utparam-url=scene%3Asearch%7Cquery_from%3A%7Cx_object_id%3A1005007189855775%7C_p_origin_prod%3A
Flash 64 Ultra F64 Box UFS & EMMC ISP V2 Adapter for Electronics Repair And Maintenance Tools,$43.25 ,"https://ae-pic-a1.aliexpress-media.com/kf/S5f6dfcc0f5e84a41a968e89a07405aea3.jpg?has_lang=1&ver=1_220x220q75.jpg_.avif,https://ae-pic-a1.aliexpress-media.com/kf/S5f6dfcc0f5e84a41a968e89a07405aea3.jpg?has_lang=1&ver=1_220x220q75.jpg_.avif,https://ae-pic-a1.aliexpress-media.com/kf/S517c58af9cc34a56a71208012e5f5f4bA.jpg?has_lang=1&ver=1_220x220q75.jpg_.avif,https://ae-pic-a1.aliexpress-media.com/kf/S6f61fe7dbca343b1af058de947614f4bQ.jpg_220x220q75.jpg_.avif,https://ae-pic-a1.aliexpress-media.com/kf/S93b45c4c8a0f46859e5b650a41f54c7aC.jpg_220x220q75.jpg_.avif","['High-concerned chemical', 'None', 'With Magnetic', 'No', 'Model Number', 'isp v2 adapter', 'Pieces Included', '1', 'Material', 'Plastic', 'Brand Name', 'z3x easy jtag', 'Origin', 'Mainland China']",https://www.aliexpress.us/item/3256811398343426.html?algo_pvid=5d05a297-e7c7-49c7-9d2c-547800c667e8&algo_exp_id=5d05a297-e7c7-49c7-9d2c-547800c667e8-40&pdp_ext_f=%7B%22order%22%3A%22425%22%2C%22eval%22%3A%221%22%2C%22fromPage%22%3A%22search%22%7D&pdp_npi=6%40dis%21USD%2163.40%2143.25%21%21%21430.42%21293.60%21%402102f22c17768920965646872e3c13%2112000055986224566%21sea%21US%210%21ABX%211%210%21n_tag%3A-29910%3Bd%3A7753d89f%3Bm03_new_user%3A-29895%3BpisId%3A5000000204886261&curPageLogUid=qFHM7BNBUFUy&utparam-url=scene%3Asearch%7Cquery_from%3A%7Cx_object_id%3A1005011584658178%7C_p_origin_prod%3A
High Hardness Insulated Ceramic Scissors For Phone Cut Battery Flex Cable iPhone Repair Tool,$0.99 ,"https://ae-pic-a1.aliexpress-media.com/kf/S62926cbb5c294d918f178149c1ce6ec6Y.jpg_220x220q75.jpg_.avif,https://ae-pic-a1.aliexpress-media.com/kf/Sf6e1f885f1124173a32db2d720eb20afE.jpg_220x220q75.jpg_.avif,https://ae-pic-a1.aliexpress-media.com/kf/Sbb9653b25f1d44e7aa83b4a983c36e7fH.png_220x220.png_.avif,https://ae-pic-a1.aliexpress-media.com/kf/S0e1c2d34b4bf486bb2b123979cecc93cN.png_220x220.png_.avif,https://ae-pic-a1.aliexpress-media.com/kf/S5bf167ec77d1471aa111662927dfcf4bd.png_220x220.png_.avif","['High-concerned chemical', 'None', 'Pieces Included', '1', 'Material', 'Other', 'Origin', 'Mainland China']",https://www.aliexpress.us/item/3256804078977506.html?algo_pvid=5d05a297-e7c7-49c7-9d2c-547800c667e8&algo_exp_id=5d05a297-e7c7-49c7-9d2c-547800c667e8-41&pdp_ext_f=%7B%22order%22%3A%22423%22%2C%22eval%22%3A%221%22%2C%22fromPage%22%3A%22search%22%7D&pdp_npi=6%40dis%21USD%212.35%210.99%21%21%2115.97%216.74%21%402102f22c17768920965646872e3c13%2112000028568164982%21sea%21US%210%21ABX%211%210%21n_tag%3A-29910%3Bd%3A7753d89f%3Bm03_new_user%3A-29895%3BpisId%3A5000000203537387&curPageLogUid=kCNER1P8tHsT&utparam-url=scene%3Asearch%7Cquery_from%3A%7Cx_object_id%3A1005004265292258%7C_p_origin_prod%3A
YCS 2mm 2015 Desoldering Braid Solder Remover Wick BGA Soldering Wire Tin Lead Cord Flux Absorption Line Braid Tape 1.5M tools,$0.99 ,"https://ae-pic-a1.aliexpress-media.com/kf/Sfb5b2b7d2fb44e99a62f7c494b47690fu.jpg_220x220q75.jpg_.avif,https://ae-pic-a1.aliexpress-media.com/kf/S7361f415ea9a47b590ab81bd08655046U.jpg_220x220q75.jpg_.avif,https://ae-pic-a1.aliexpress-media.com/kf/Sa6ff59598c0b416ab77eef74c753a160m.jpg_220x220q75.jpg_.avif,https://ae-pic-a1.aliexpress-media.com/kf/S5a28052c0dee433eb88e27c8ab0d7c4cN.jpg_220x220q75.jpg_.avif,https://ae-pic-a1.aliexpress-media.com/kf/Sc60a01d8285a44c79c109a589b5ecf7ba.jpg_220x220q75.jpg_.avif","['High-concerned chemical', 'None', 'Pieces Included', '1', 'Material', 'Other', 'Brand Name', 'welsolo', 'Origin', 'Mainland China']",https://www.aliexpress.us/item/3256807366633289.html?algo_pvid=5d05a297-e7c7-49c7-9d2c-547800c667e8&algo_exp_id=5d05a297-e7c7-49c7-9d2c-547800c667e8-42&pdp_ext_f=%7B%22order%22%3A%22422%22%2C%22eval%22%3A%221%22%2C%22fromPage%22%3A%22search%22%7D&pdp_npi=6%40dis%21USD%217.03%210.99%21%21%2147.72%216.72%21%402102f22c17768920965646872e3c13%2112000041266352914%21sea%21US%210%21ABX%211%210%21n_tag%3A-29910%3Bd%3A7753d89f%3Bm03_new_user%3A-29895%3BpisId%3A5000000203537387&curPageLogUid=oNB5NCSkIpto&utparam-url=scene%3Asearch%7Cquery_from%3A%7Cx_object_id%3A1005007552948041%7C_p_origin_prod%3A
JTX CT-1 Motherboard Coil Tester Inductor Detector Tool for PC Repair Electromagnetic Induction Quick Fault Check Tools Sets,$0.99 ,"https://ae-pic-a1.aliexpress-media.com/kf/S0dc395d4daa74b97ad750d0b36deb99eK.jpg_220x220q75.jpg_.avif,https://ae-pic-a1.aliexpress-media.com/kf/S0dc395d4daa74b97ad750d0b36deb99eK.jpg_220x220q75.jpg_.avif,https://ae-pic-a1.aliexpress-media.com/kf/S4bd8a32587164de692183d732a9c7178A.jpg_220x220q75.jpg_.avif,https://ae-pic-a1.aliexpress-media.com/kf/Sd3e77f4c34804cbc9d5bf2eb48d5d906E.jpg_220x220q75.jpg_.avif,https://ae-pic-a1.aliexpress-media.com/kf/S8126424e193e4d199d4a2ec4cb3819aan.jpg_220x220q75.jpg_.avif","['High-concerned chemical', 'None', 'Pieces Included', '1', 'Material', 'Other', 'Origin', 'Mainland China']",https://www.aliexpress.us/item/3256808924770539.html?algo_pvid=5d05a297-e7c7-49c7-9d2c-547800c667e8&algo_exp_id=5d05a297-e7c7-49c7-9d2c-547800c667e8-43&pdp_ext_f=%7B%22order%22%3A%22419%22%2C%22eval%22%3A%221%22%2C%22fromPage%22%3A%22search%22%7D&pdp_npi=6%40dis%21USD%212.85%210.99%21%21%212.85%210.99%21%402102f22c17768920965646872e3c13%2112000049495583282%21sea%21US%210%21ABX%211%210%21n_tag%3A-29910%3Bd%3A7753d89f%3Bm03_new_user%3A-29895%3BpisId%3A5000000204886261&curPageLogUid=tJeBH9hX2IOg&utparam-url=scene%3Asearch%7Cquery_from%3A%7Cx_object_id%3A1005009111085291%7C_p_origin_prod%3A
5 in 1 Screwdriver Repair Kit Screwdriver Sets Phone Opening Tools Phone Repair Tools for iPhone Huawei Xiaomi Samsung,$0.99 ,"https://ae-pic-a1.aliexpress-media.com/kf/Sa0ac7b5c5a3148af894e800ee9f278d6H.jpg_220x220q75.jpg_.avif,https://ae-pic-a1.aliexpress-media.com/kf/Sa0ac7b5c5a3148af894e800ee9f278d6H.jpg_220x220q75.jpg_.avif,https://ae-pic-a1.aliexpress-media.com/kf/Sf373f9002b9b4c2da31b5af52a37029dF.jpg_220x220q75.jpg_.avif,https://ae-pic-a1.aliexpress-media.com/kf/S35dd092d338446e19ea8fe97a51d0c72t.jpg_220x220q75.jpg_.avif,https://ae-pic-a1.aliexpress-media.com/kf/S4a6015a8c6164307a0a0ab207a03ef97l.jpg_220x220q75.jpg_.avif","['High-concerned chemical', 'None', 'With Magnetic', 'Yes', 'Pieces Included', '5in1', 'Material', 'Other', 'Origin', 'Mainland China']",https://www.aliexpress.us/item/3256805468364125.html?algo_pvid=5d05a297-e7c7-49c7-9d2c-547800c667e8&algo_exp_id=5d05a297-e7c7-49c7-9d2c-547800c667e8-44&pdp_ext_f=%7B%22order%22%3A%22417%22%2C%22eval%22%3A%221%22%2C%22fromPage%22%3A%22search%22%7D&pdp_npi=6%40dis%21USD%217.37%210.99%21%21%2150.05%216.73%21%402102f22c17768920965646872e3c13%2112000033902928081%21sea%21US%210%21ABX%211%210%21n_tag%3A-29910%3Bd%3A7753d89f%3Bm03_new_user%3A-29895%3BpisId%3A5000000203537387&curPageLogUid=2bSJmUyncuLh&utparam-url=scene%3Asearch%7Cquery_from%3A%7Cx_object_id%3A1005005654678877%7C_p_origin_prod%3A
40 in 1 Mobile Phone Repair Tools Spudger Pry Opening Tool Screwdriver Set for iPhone X XR XSMAX 8 7 6S 11 12 13 14 Hand Tools,$0.99 ,"https://ae-pic-a1.aliexpress-media.com/kf/S0795ec237c33460b931f28105ec8bd95E.jpg_220x220q75.jpg_.avif,https://ae-pic-a1.aliexpress-media.com/kf/Sd1d9e6b9f3ce401c8c7aabf57d992fa9W.jpg_220x220q75.jpg_.avif,https://ae-pic-a1.aliexpress-media.com/kf/S9a9f9036ddf44b23a26bcfa3804cf9a11.jpg_220x220q75.jpg_.avif,https://ae-pic-a1.aliexpress-media.com/kf/S4b807c19f44a4b26a11e84de49c140b5v.jpg_220x220q75.jpg_.avif,https://ae-pic-a1.aliexpress-media.com/kf/Scee879c350904e2b9d8566d10609fbf27.jpg_220x220q75.jpg_.avif","['High-concerned chemical', 'None', 'With Magnetic', 'No', 'Pieces Included', '40 in 1', 'Material', 'Other', 'Origin', 'Mainland China']",https://www.aliexpress.us/item/3256806122224325.html?algo_pvid=5d05a297-e7c7-49c7-9d2c-547800c667e8&algo_exp_id=5d05a297-e7c7-49c7-9d2c-547800c667e8-45&pdp_ext_f=%7B%22order%22%3A%22416%22%2C%22eval%22%3A%221%22%2C%22fromPage%22%3A%22search%22%7D&pdp_npi=6%40dis%21USD%2117.72%210.99%21%21%21120.30%216.72%21%402102f22c17768920965646872e3c13%2112000036703937582%21sea%21US%210%21ABX%211%210%21n_tag%3A-29910%3Bd%3A7753d89f%3Bm03_new_user%3A-29895%3BpisId%3A5000000203537387&curPageLogUid=HHAPYCcM5nGg&utparam-url=scene%3Asearch%7Cquery_from%3A%7Cx_object_id%3A1005006308539077%7C_p_origin_prod%3A
10/20pcs Plastic Card Pry Opening Scraper for iPhone iPad Samsung Mobile Phone Repair Tools,$2.34 ,"https://ae-pic-a1.aliexpress-media.com/kf/S14c4c8f5a51442f0a2094837aa900accH.jpg_220x220q75.jpg_.avif,https://ae-pic-a1.aliexpress-media.com/kf/S1419d4cc35354c26971d36c0569e198ew.jpg_220x220q75.jpg_.avif,https://ae-pic-a1.aliexpress-media.com/kf/Sa823bc8b29d540f6bf9ec022408835357.jpg_220x220q75.jpg_.avif,https://ae-pic-a1.aliexpress-media.com/kf/S50805b7e10284e9ba9ac09ce2847eff5y.jpg_220x220q75.jpg_.avif,https://ae-pic-a1.aliexpress-media.com/kf/S5f6812a2cbcc4eb8b3e40d2987cbfe19W.jpg_220x220q75.jpg_.avif","['High-concerned chemical', 'None', 'Pieces Included', '10/20PCS', 'Material', 'Other', 'Origin', 'Mainland China']",https://www.aliexpress.us/item/3256808446060992.html?algo_pvid=5d05a297-e7c7-49c7-9d2c-547800c667e8&algo_exp_id=5d05a297-e7c7-49c7-9d2c-547800c667e8-46&pdp_ext_f=%7B%22order%22%3A%22414%22%2C%22eval%22%3A%221%22%2C%22fromPage%22%3A%22search%22%7D&pdp_npi=6%40dis%21USD%215.68%212.34%21%21%2138.53%2115.87%21%402102f22c17768920965646872e3c13%2112000046029836543%21sea%21US%210%21ABX%211%210%21n_tag%3A-29910%3Bd%3A7753d89f%3Bm03_new_user%3A-29895%3BpisId%3A5000000204886261&curPageLogUid=jXj9MwhNM9ll&utparam-url=scene%3Asearch%7Cquery_from%3A%7Cx_object_id%3A1005008632375744%7C_p_origin_prod%3A
XUAN HOU Gold Cutting Wire For Mobile Phone LCD Screen Separate 0.028mm 0.035mm 0.04mm 0.06mm 0.08mm,$1.67 ,"https://ae-pic-a1.aliexpress-media.com/kf/S0a56330ec0c145db8cc4038df19cd8eeK.jpg_220x220q75.jpg_.avif,https://ae-pic-a1.aliexpress-media.com/kf/Sfcc289bb54194478b9364227c0914d1aG.jpg_220x220q75.jpg_.avif,https://ae-pic-a1.aliexpress-media.com/kf/S60983ab59ccc4a4d8067319473229620n.jpg_220x220q75.jpg_.avif,https://ae-pic-a1.aliexpress-media.com/kf/Sfcedd4ad517a4cc5aadf53773b9788dd9.jpg_220x220q75.jpg_.avif,https://ae-pic-a1.aliexpress-media.com/kf/S3807d82f3dd44bfdba9e132723ed3c7fQ.jpg_220x220q75.jpg_.avif","['High-concerned chemical', 'None', 'Pieces Included', '1', 'Material', 'Other', 'Origin', 'Mainland China']",https://www.aliexpress.us/item/3256803282015986.html?algo_pvid=5d05a297-e7c7-49c7-9d2c-547800c667e8&algo_exp_id=5d05a297-e7c7-49c7-9d2c-547800c667e8-49&pdp_ext_f=%7B%22order%22%3A%22400%22%2C%22eval%22%3A%221%22%2C%22fromPage%22%3A%22search%22%7D&pdp_npi=6%40dis%21USD%212.17%211.67%21%21%2114.70%2111.31%21%402102f22c17768920965646872e3c13%2112000031521704343%21sea%21US%210%21ABX%211%210%21n_tag%3A-29910%3Bd%3A7753d89f%3Bm03_new_user%3A-29895%3BpisId%3A5000000204886261&curPageLogUid=KWEsLUQJpWHI&utparam-url=scene%3Asearch%7Cquery_from%3A%7Cx_object_id%3A1005003468330738%7C_p_origin_prod%3A
100/1pcs Plastic Opening Card for Mobile Phone LCD Screen Display Disassemble Pry Scraper for IPhone IPad Tablet Repair Tools,$0.99 ,"https://ae-pic-a1.aliexpress-media.com/kf/Sd085feef24594fc0b963a21c48eeb40dP.jpg?has_lang=1&ver=1_220x220q75.jpg_.avif,https://ae-pic-a1.aliexpress-media.com/kf/Sd3d5a7314b774cc19d60cfa23cd13d072.jpg_220x220q75.jpg_.avif,https://ae-pic-a1.aliexpress-media.com/kf/Sc849aaa9c40d4b71b9371a630ef80ccbL.jpg_220x220q75.jpg_.avif,https://ae-pic-a1.aliexpress-media.com/kf/S74b0d4938cab410a85a0d5f9f5d228d3J.jpg?has_lang=1&ver=1_220x220q75.jpg_.avif,https://ae-pic-a1.aliexpress-media.com/kf/S84d391d415a148d3ba041c7f24ed5355C.jpg_220x220q75.jpg_.avif","['High-concerned chemical', 'None', 'Model Number', 'mobile phone repair disassembly card', 'Pieces Included', '10 in 1', 'Material', 'Other', 'Origin', 'Mainland China']",https://www.aliexpress.us/item/3256808998455673.html?algo_pvid=5d05a297-e7c7-49c7-9d2c-547800c667e8&algo_exp_id=5d05a297-e7c7-49c7-9d2c-547800c667e8-51&pdp_ext_f=%7B%22order%22%3A%22397%22%2C%22eval%22%3A%221%22%2C%22fromPage%22%3A%22search%22%7D&pdp_npi=6%40dis%21USD%214.94%210.99%21%21%2133.52%216.71%21%402102f22c17768920965646872e3c13%2112000048227597492%21sea%21US%210%21ABX%211%210%21n_tag%3A-29910%3Bd%3A7753d89f%3Bm03_new_user%3A-29895%3BpisId%3A5000000203537387&curPageLogUid=s0do9Jx1LWHA&utparam-url=scene%3Asearch%7Cquery_from%3A%7Cx_object_id%3A1005009184770425%7C_p_origin_prod%3A
YCS 3S UV Curing Green Oil for Mobile Phone Motherboard Jump Wire 3 Seconds Quick-Drying Curing Solder Mask Welding Flux tools,$0.99 ,"https://ae-pic-a1.aliexpress-media.com/kf/Secbc6519f50f43408f92da8c32a7920fu.jpg_220x220q75.jpg_.avif,https://ae-pic-a1.aliexpress-media.com/kf/S8b14c19174144b0f90ccf7f8c81968f33.jpg_220x220q75.jpg_.avif,https://ae-pic-a1.aliexpress-media.com/kf/S8dc95d3c070c46198b47666d3c7004bfP.jpg_220x220q75.jpg_.avif,https://ae-pic-a1.aliexpress-media.com/kf/S85d62ec1d1a7405c9f83ec96b7f45fa0J.jpg_220x220q75.jpg_.avif,https://ae-pic-a1.aliexpress-media.com/kf/S218accb428e5414eaa5bf4bd0720a10fv.jpg_220x220q75.jpg_.avif","['High-concerned chemical', 'None', 'With Magnetic', 'No', 'Model Number', 'YCS 3S UV Curing Green Oil', 'Pieces Included', '1', 'Material', 'Other', 'Origin', 'Mainland China']",https://www.aliexpress.us/item/3256807337666699.html?algo_pvid=5d05a297-e7c7-49c7-9d2c-547800c667e8&algo_exp_id=5d05a297-e7c7-49c7-9d2c-547800c667e8-52&pdp_ext_f=%7B%22order%22%3A%22397%22%2C%22eval%22%3A%221%22%2C%22fromPage%22%3A%22search%22%7D&pdp_npi=6%40dis%21USD%2112.10%210.99%21%21%2182.12%216.68%21%402102f22c17768920965646872e3c13%2112000041140030594%21sea%21US%210%21ABX%211%210%21n_tag%3A-29910%3Bd%3A7753d89f%3Bm03_new_user%3A-29895%3BpisId%3A5000000203537387&curPageLogUid=A2CFSWcMmsQR&utparam-url=scene%3Asearch%7Cquery_from%3A%7Cx_object_id%3A1005007523981451%7C_p_origin_prod%3A
"FANAUE Titanium EDC Mini Precision PocketScrewdriver Set, 10-in-1 Professional Grade Magnetic Repair Multitool Kit",$29.22 ,"https://ae-pic-a1.aliexpress-media.com/kf/Sdf8ee13cebd74c9bafed2d28698fb6b6b.jpg?has_lang=1&ver=2_220x220q75.jpg_.avif,https://ae-pic-a1.aliexpress-media.com/kf/Sdf8ee13cebd74c9bafed2d28698fb6b6b.jpg?has_lang=1&ver=2_220x220q75.jpg_.avif,https://ae-pic-a1.aliexpress-media.com/kf/S2bfdafb5dd314f4cbd0b7fdb398ca3752.jpg?has_lang=1&ver=2_220x220q75.jpg_.avif,https://ae-pic-a1.aliexpress-media.com/kf/Sdd1cd16e85e84ce2b7b4278f2c07bbdfz.jpg?has_lang=1&ver=2_220x220q75.jpg_.avif,https://ae-pic-a1.aliexpress-media.com/kf/S91275158f291433ba2bbe1972d0315d9h.jpg?has_lang=1&ver=2_220x220q75.jpg_.avif","['High-concerned chemical', 'None', 'With Magnetic', 'Yes', 'Model Number', 'PW-01', 'Pieces Included', '10 in 1', 'Material', 'Other', 'Origin', 'Mainland China']",https://www.aliexpress.us/item/3256807899871896.html?algo_pvid=5d05a297-e7c7-49c7-9d2c-547800c667e8&algo_exp_id=5d05a297-e7c7-49c7-9d2c-547800c667e8-53&pdp_ext_f=%7B%22order%22%3A%22396%22%2C%22eval%22%3A%221%22%2C%22fromPage%22%3A%22search%22%7D&pdp_npi=6%40dis%21USD%2139.64%2131.64%21%21%21269.08%21214.77%21%402102f22c17768920965646872e3c13%2112000043644901878%21sea%21US%210%21ABX%211%210%21n_tag%3A-29910%3Bd%3A7753d89f%3Bm03_new_user%3A-29895%3BpisId%3A5000000203537387&curPageLogUid=kIc1nX0TYQDn&utparam-url=scene%3Asearch%7Cquery_from%3A%7Cx_object_id%3A1005008086186648%7C_p_origin_prod%3A
"Unlock Tool New/Renew Unlocktool Repairing tools 90,180,360 Days",$29.47 ,"https://ae-pic-a1.aliexpress-media.com/kf/Sf15b3af9ef90418a847d874327fb846fR.jpg?has_lang=1&ver=2_220x220q75.jpg_.avif,https://ae-pic-a1.aliexpress-media.com/kf/Sf15b3af9ef90418a847d874327fb846fR.jpg?has_lang=1&ver=2_220x220q75.jpg_.avif,https://ae-pic-a1.aliexpress-media.com/kf/S6affb61a52134ea5bea7771809b52d3e3.jpg?has_lang=1&ver=2_220x220q75.jpg_.avif,https://ae-pic-a1.aliexpress-media.com/kf/Sff12b1e7df8e431ea5b0ef25385c4caf9.jpg?has_lang=1&ver=2_220x220q75.jpg_.avif,https://ae-pic-a1.aliexpress-media.com/kf/S69e2a8d62f874289b4c7908dd757f5dfi.jpg?has_lang=1&ver=2_220x220q75.jpg_.avif","['High-concerned chemical', 'None', 'Model Number', 'unlocktool', 'Pieces Included', '1', 'Material', 'Other', 'Origin', 'Mainland China', 'Type', 'Renew Unlocktool Repairing tools', 'Type 1', 'unlock tool', 'Type 2', 'unlock phone']",https://www.aliexpress.us/item/3256808735965708.html?algo_pvid=5d05a297-e7c7-49c7-9d2c-547800c667e8&algo_exp_id=5d05a297-e7c7-49c7-9d2c-547800c667e8-54&pdp_ext_f=%7B%22order%22%3A%22391%22%2C%22eval%22%3A%221%22%2C%22fromPage%22%3A%22search%22%7D&pdp_npi=6%40dis%21USD%2140.50%2129.47%21%21%21274.97%21200.09%21%402102f22c17768920965646872e3c13%2112000049627812958%21sea%21US%210%21ABX%211%210%21n_tag%3A-29910%3Bd%3A7753d89f%3Bm03_new_user%3A-29895%3BpisId%3A5000000204886261&curPageLogUid=ayEDo0Q0RVLm&utparam-url=scene%3Asearch%7Cquery_from%3A%7Cx_object_id%3A1005008922280460%7C_p_origin_prod%3A
115 in 1 Mini Professional Magnetic Repair Tool Kit Multifunctional Precision Screwdriver Set for Phone Laptop Tablet PC Watch,$8.47 ,"https://ae-pic-a1.aliexpress-media.com/kf/Sc62ac1f3aa1c4f14b2a8c191e35117784.jpg?has_lang=1&ver=2_220x220q75.jpg_.avif,https://ae-pic-a1.aliexpress-media.com/kf/Sc62ac1f3aa1c4f14b2a8c191e35117784.jpg?has_lang=1&ver=2_220x220q75.jpg_.avif,https://ae-pic-a1.aliexpress-media.com/kf/Sabd714105e2f462ba0285be46b4ef8e1O.jpg_220x220q75.jpg_.avif,https://ae-pic-a1.aliexpress-media.com/kf/S20ca02feafd94d78861639f5c41854e4L.jpg_220x220q75.jpg_.avif,https://ae-pic-a1.aliexpress-media.com/kf/Sc4fc28ab70dd4cb38886695f59b392bdv.jpg?has_lang=1&ver=2_220x220q75.jpg_.avif","['High-concerned chemical', 'None', 'Pieces Included', '115', 'Material', 'Chrome Vanadium Steel', 'Brand Name', 'BAPPSUS', 'Origin', 'Mainland China']",https://www.aliexpress.us/item/3256808810641194.html?algo_pvid=5d05a297-e7c7-49c7-9d2c-547800c667e8&algo_exp_id=5d05a297-e7c7-49c7-9d2c-547800c667e8-55&pdp_ext_f=%7B%22order%22%3A%22386%22%2C%22eval%22%3A%221%22%2C%22fromPage%22%3A%22search%22%7D&pdp_npi=6%40dis%21USD%2118.89%2110.89%21%21%21128.21%2173.90%21%402102f22c17768920965646872e3c13%2112000047507885561%21sea%21US%210%21ABX%211%210%21n_tag%3A-29910%3Bd%3A7753d89f%3Bm03_new_user%3A-29895%3BpisId%3A5000000203537387&curPageLogUid=CKKYqL3sZFiW&utparam-url=scene%3Asearch%7Cquery_from%3A%7Cx_object_id%3A1005008996955946%7C_p_origin_prod%3A
WYLIE WL-891 IC Screen Transplant Protective LCD Thermal Safety Insulation Pad not Damage Screen Mobile Phones repair tools Mat,$0.99 ,"https://ae-pic-a1.aliexpress-media.com/kf/S25a0305ad1764486a63cd80ba4ee85c3a.png_220x220.png_.avif,https://ae-pic-a1.aliexpress-media.com/kf/S25a0305ad1764486a63cd80ba4ee85c3a.png_220x220.png_.avif,https://ae-pic-a1.aliexpress-media.com/kf/Sfd09dd755ef842c4aee9dd755d468b70I.png_220x220.png_.avif,https://ae-pic-a1.aliexpress-media.com/kf/Se83b8da4d7c6441481500b93e0f11eaae.png_220x220.png_.avif,https://ae-pic-a1.aliexpress-media.com/kf/S94c1462b647042a58f6ec031ad20ccbaU.png_220x220.png_.avif","['High-concerned chemical', 'None', 'With Magnetic', 'No', 'Model Number', 'WYLIE', 'Pieces Included', '10 in 1', 'Material', 'Other', 'Origin', 'Mainland China']",https://www.aliexpress.us/item/3256808971263097.html?algo_pvid=5d05a297-e7c7-49c7-9d2c-547800c667e8&algo_exp_id=5d05a297-e7c7-49c7-9d2c-547800c667e8-57&pdp_ext_f=%7B%22order%22%3A%22374%22%2C%22eval%22%3A%221%22%2C%22fromPage%22%3A%22search%22%7D&pdp_npi=6%40dis%21USD%214.46%210.99%21%21%2130.31%216.73%21%402102f22c17768920965646872e3c13%2112000048130163238%21sea%21US%210%21ABX%211%210%21n_tag%3A-29910%3Bd%3A7753d89f%3Bm03_new_user%3A-29895%3BpisId%3A5000000203537387&curPageLogUid=Py6ZJVv0Wj3A&utparam-url=scene%3Asearch%7Cquery_from%3A%7Cx_object_id%3A1005009157577849%7C_p_origin_prod%3A
Back Glass Breaking Pen Breaking Tool For IPhone X-16 Pro Max Cell Phone Rear Glass Cover Breaker Phone Repair Tool,$0.99 ,"https://ae-pic-a1.aliexpress-media.com/kf/Sbc15b598c87642a1ab0314855a27fa41r.jpg_220x220q75.jpg_.avif,https://ae-pic-a1.aliexpress-media.com/kf/Sac5cd51dfa1c4cea8a98cc3e85a6f4e74.jpg_220x220q75.jpg_.avif,https://ae-pic-a1.aliexpress-media.com/kf/Sc6cc7b20971848c19ec051b9981a7f78F.jpg?has_lang=1&ver=2_220x220q75.jpg_.avif,https://ae-pic-a1.aliexpress-media.com/kf/S44cf08c20b574fd5a8a02e56c1c8c1eeL.jpg?has_lang=1&ver=2_220x220q75.jpg_.avif,https://ae-pic-a1.aliexpress-media.com/kf/Sb2cea6f20f404d9187b54ec95982d9592.jpg?has_lang=1&ver=2_220x220q75.jpg_.avif","['High-concerned chemical', 'None', 'Pieces Included', '1', 'Material', 'Other', 'Origin', 'Mainland China']",https://www.aliexpress.us/item/3256808628773991.html?algo_pvid=5d05a297-e7c7-49c7-9d2c-547800c667e8&algo_exp_id=5d05a297-e7c7-49c7-9d2c-547800c667e8-58&pdp_ext_f=%7B%22order%22%3A%22374%22%2C%22eval%22%3A%221%22%2C%22fromPage%22%3A%22search%22%7D&pdp_npi=6%40dis%21USD%215.24%210.99%21%21%2135.57%216.72%21%402102f22c17768920965646872e3c13%2112000046786769604%21sea%21US%210%21ABX%211%210%21n_tag%3A-29910%3Bd%3A7753d89f%3Bm03_new_user%3A-29895%3BpisId%3A5000000203537387&curPageLogUid=fU0ejaCO0fEb&utparam-url=scene%3Asearch%7Cquery_from%3A%7Cx_object_id%3A1005008815088743%7C_p_origin_prod%3A
"MECHANIC 20ml MCN-302 Strong Instant Glue Remover Liquid for PCB IC, UV Glue, 502, Phone Repair Stain Cleaning dissolve quickly",$0.99 ,"https://ae-pic-a1.aliexpress-media.com/kf/Se40a4cc5e2fd4b39ab39ba489d1d8b59t.png?has_lang=1&ver=1_220x220.png_.avif,https://ae-pic-a1.aliexpress-media.com/kf/Sdda601638c15415381db23006789802aI.png?has_lang=1&ver=1_220x220.png_.avif,https://ae-pic-a1.aliexpress-media.com/kf/Sc3b84ad835e94a5bac37e3de383e01b1M.png?has_lang=1&ver=1_220x220.png_.avif,https://ae-pic-a1.aliexpress-media.com/kf/Sdb46c064d0f8497b9826733804e0fe70k.png?has_lang=1&ver=1_220x220.png_.avif,https://ae-pic-a1.aliexpress-media.com/kf/Sf7488a1de38b44a0b92bb1d3b233aa5bp.png?has_lang=1&ver=1_220x220.png_.avif","['High-concerned chemical', 'None', 'Model Number', '302', 'Pieces Included', '6 in 1', 'Material', 'Other', 'Origin', 'Mainland China', 'Brand Name', 'MECHANIC', 'FUNCTION', 'dissolve quickly']",https://www.aliexpress.us/item/3256808148210165.html?algo_pvid=5d05a297-e7c7-49c7-9d2c-547800c667e8&algo_exp_id=5d05a297-e7c7-49c7-9d2c-547800c667e8-59&pdp_ext_f=%7B%22order%22%3A%22374%22%2C%22eval%22%3A%221%22%2C%22fromPage%22%3A%22search%22%7D&pdp_npi=6%40dis%21USD%2114.55%210.99%21%21%2198.77%216.70%21%402102f22c17768920965646872e3c13%2112000044634187811%21sea%21US%210%21ABX%211%210%21n_tag%3A-29910%3Bd%3A7753d89f%3Bm03_new_user%3A-29895%3BpisId%3A5000000203537387&curPageLogUid=tf36LecXxkD8&utparam-url=scene%3Asearch%7Cquery_from%3A%7Cx_object_id%3A1005008334524917%7C_p_origin_prod%3A
10/20pcs Triangle Plastic Pry Opening Tool Mobile Phone Repair Disassemble shell,$0.99 ,"https://ae-pic-a1.aliexpress-media.com/kf/S7c3f9981318441e9a159e5e3dd51b29b4.jpg_220x220q75.jpg_.avif,https://ae-pic-a1.aliexpress-media.com/kf/S7c3f9981318441e9a159e5e3dd51b29b4.jpg_220x220q75.jpg_.avif,https://ae-pic-a1.aliexpress-media.com/kf/S17036452ffc84dd48a7f2c507301f9a5Y.jpg_220x220q75.jpg_.avif,https://ae-pic-a1.aliexpress-media.com/kf/S3f56ff6d5c82474ab089e7db8909646b3.jpg_220x220q75.jpg_.avif,https://ae-pic-a1.aliexpress-media.com/kf/Sdc60bf73bc7b407993e5b3b64f3f9dafY.jpg_220x220q75.jpg_.avif","['Pieces Included', '10/20pcs', 'Material', 'Other', 'Origin', 'Mainland China']",https://www.aliexpress.us/item/3256806669092803.html?algo_pvid=08211699-5368-4e27-8ff5-675bdd779484&algo_exp_id=08211699-5368-4e27-8ff5-675bdd779484-0&pdp_ext_f=%7B%22order%22%3A%22374%22%2C%22eval%22%3A%221%22%2C%22fromPage%22%3A%22search%22%7D&pdp_npi=6%40dis%21USD%218.15%210.99%21%21%2155.34%216.76%21%402101062a17768925189632121ec2f2%2112000038535787124%21sea%21US%210%21ABX%211%210%21n_tag%3A-29910%3Bd%3A7753d89f%3Bm03_new_user%3A-29895%3BpisId%3A5000000203537387&curPageLogUid=LsFHPI3sJJTw&utparam-url=scene%3Asearch%7Cquery_from%3A%7Cx_object_id%3A1005006855407555%7C_p_origin_prod%3A
WYLIE 4 IN 1 Rotation Multi-Purpose Fixture 360° Mobile Phone Heating Free Screen Removal Separate Clamp Back Cover Diassembly,$35.06 ,"https://ae-pic-a1.aliexpress-media.com/kf/S107d691779c440eaa05dac37b121128cX.jpg?has_lang=1&ver=2_220x220q75.jpg_.avif,https://ae-pic-a1.aliexpress-media.com/kf/S483c5936ac5548bca36efc5b835f204ex.jpg?has_lang=1&ver=2_220x220q75.jpg_.avif,https://ae-pic-a1.aliexpress-media.com/kf/S7149630559804fe98eddcc97fad81c5f7.jpg?has_lang=1&ver=2_220x220q75.jpg_.avif,https://ae-pic-a1.aliexpress-media.com/kf/S3f41a9c009ec4005a9ab11f0a378842bH.jpg?has_lang=1&ver=2_220x220q75.jpg_.avif,https://ae-pic-a1.aliexpress-media.com/kf/S1b4d7239493f4dadb495027559409147B.jpg?has_lang=1&ver=2_220x220q75.jpg_.avif","['High-concerned chemical', 'None', 'With Magnetic', 'No', 'Pieces Included', '1pcs', 'Material', 'Other', 'Origin', 'Mainland China', 'Brand', 'WYLIE', 'Pruduct name', 'WYLIE 4 IN 1 Rotation Multi-Purpose Fixture']",https://www.aliexpress.us/item/3256806557068713.html?algo_pvid=08211699-5368-4e27-8ff5-675bdd779484&algo_exp_id=08211699-5368-4e27-8ff5-675bdd779484-1&pdp_ext_f=%7B%22order%22%3A%22373%22%2C%22eval%22%3A%221%22%2C%22fromPage%22%3A%22search%22%7D&pdp_npi=6%40dis%21USD%21126.03%2137.35%21%21%21855.59%21253.56%21%402101062a17768925189632121ec2f2%2112000038161060797%21sea%21US%210%21ABX%211%210%21n_tag%3A-29910%3Bd%3A7753d89f%3Bm03_new_user%3A-29895%3BpisId%3A5000000203537339&curPageLogUid=960ddMRS4JB9&utparam-url=scene%3Asearch%7Cquery_from%3A%7Cx_object_id%3A1005006743383465%7C_p_origin_prod%3A
20pcs A++ Waterproof Adhesive Sticker Tape For iPhone X XS Max XR 11 Pro Max 12 mini 13 Pro 14 Plus 15 16,$7.16/lot,"https://ae-pic-a1.aliexpress-media.com/kf/Scae53b66da0c4716ab1ca7e5ce19fbee7.jpg?has_lang=1&ver=2_220x220q75.jpg_.avif,https://ae-pic-a1.aliexpress-media.com/kf/Scae53b66da0c4716ab1ca7e5ce19fbee7.jpg?has_lang=1&ver=2_220x220q75.jpg_.avif,https://ae-pic-a1.aliexpress-media.com/kf/S227026114d9541549dff3f10d841c162l.jpg_220x220q75.jpg_.avif,https://ae-pic-a1.aliexpress-media.com/kf/S92ca95e40d2d41a2b01476968165c272h.jpg_220x220q75.jpg_.avif,https://ae-pic-a1.aliexpress-media.com/kf/S144e42129d144d38b7d734ea502a18d9P.jpg_220x220q75.jpg_.avif","['High-concerned chemical', 'None', 'Pieces Included', '1', 'Material', 'Other', 'Origin', 'Mainland China']",https://www.aliexpress.us/item/3256804512933430.html?algo_pvid=08211699-5368-4e27-8ff5-675bdd779484&algo_exp_id=08211699-5368-4e27-8ff5-675bdd779484-3&pdp_ext_f=%7B%22order%22%3A%22371%22%2C%22eval%22%3A%221%22%2C%22fromPage%22%3A%22search%22%7D&pdp_npi=6%40dis%21USD%217.66%217.16%21%21%2151.99%2148.60%21%402101062a17768925189632121ec2f2%2112000032571782579%21sea%21US%210%21ABX%211%210%21n_tag%3A-29910%3Bd%3A7753d89f%3Bm03_new_user%3A-29895%3BpisId%3A5000000204886261&curPageLogUid=OwCcx15MzK3r&utparam-url=scene%3Asearch%7Cquery_from%3A%7Cx_object_id%3A1005004699248182%7C_p_origin_prod%3A
500Pcs Water Damage Security Labels Mobile Phone Warranty Indicator Sensors Repair Stickers,$2.97 ,"https://ae-pic-a1.aliexpress-media.com/kf/S1a7a3821aa104e749a1e73e6545994aaV.jpg_220x220q75.jpg_.avif,https://ae-pic-a1.aliexpress-media.com/kf/See6e20b7eed347fa968453c07661f3ecd.jpg_220x220q75.jpg_.avif,https://ae-pic-a1.aliexpress-media.com/kf/Sfdabf0a97c904ad49f174f20486da316G.jpg_220x220q75.jpg_.avif,https://ae-pic-a1.aliexpress-media.com/kf/S844c3a58f19a4071a8b16893bf525fbcB.jpg_220x220q75.jpg_.avif,https://ae-pic-a1.aliexpress-media.com/kf/Sa853f7b9c53b478f80140729db165b17g.jpg_220x220q75.jpg_.avif","['High-concerned chemical', 'None', 'With Magnetic', 'No', 'Pieces Included', '=', 'Material', 'Other', 'Brand Name', 'KOQZM', 'Origin', 'Mainland China']",https://www.aliexpress.us/item/3256804069887702.html?algo_pvid=08211699-5368-4e27-8ff5-675bdd779484&algo_exp_id=08211699-5368-4e27-8ff5-675bdd779484-5&pdp_ext_f=%7B%22order%22%3A%22365%22%2C%22eval%22%3A%221%22%2C%22fromPage%22%3A%22search%22%7D&pdp_npi=6%40dis%21USD%213.47%212.97%21%21%2123.58%2120.19%21%402101062a17768925189632121ec2f2%2112000028540719988%21sea%21US%210%21ABX%211%210%21n_tag%3A-29910%3Bd%3A7753d89f%3Bm03_new_user%3A-29895%3BpisId%3A5000000204886261&curPageLogUid=i4BdGu0uNhFL&utparam-url=scene%3Asearch%7Cquery_from%3A%7Cx_object_id%3A1005004256202454%7C_p_origin_prod%3A
Camera Portable Lens Cleaner Resin Synthetic Stick Dust Fingerprint Removal for Phone Camera Lens Screen Cleaning Tool,$0.99 ,"https://ae-pic-a1.aliexpress-media.com/kf/S19b5e4c313144b39be86818b64f4406a4.jpg?has_lang=1&ver=1_220x220q75.jpg_.avif,https://ae-pic-a1.aliexpress-media.com/kf/Sa6c452be9cee45838e270461c2b86ac28.jpg?has_lang=1&ver=1_220x220q75.jpg_.avif,https://ae-pic-a1.aliexpress-media.com/kf/S74091159ded84975a7e36bdc885a5ff64.jpg?has_lang=1&ver=1_220x220q75.jpg_.avif,https://ae-pic-a1.aliexpress-media.com/kf/Sfa10104b4ec04c289363a5638f982839c.jpg?has_lang=1&ver=1_220x220q75.jpg_.avif,https://ae-pic-a1.aliexpress-media.com/kf/Se87e162a27c64abe9383d5946b206c54Q.jpg?has_lang=1&ver=1_220x220q75.jpg_.avif","['High-concerned chemical', 'None', 'With Magnetic', 'No', 'Pieces Included', '24 in 1', 'Material', 'Other', 'Brand Name', 'Accesfine', 'Origin', 'Mainland China']",https://www.aliexpress.us/item/3256808487130483.html?algo_pvid=08211699-5368-4e27-8ff5-675bdd779484&algo_exp_id=08211699-5368-4e27-8ff5-675bdd779484-14&pdp_ext_f=%7B%22order%22%3A%22365%22%2C%22eval%22%3A%221%22%2C%22fromPage%22%3A%22search%22%7D&pdp_npi=6%40dis%21USD%217.89%210.99%21%21%2153.54%216.67%21%402101062a17768925189632121ec2f2%2112000046197748727%21sea%21US%210%21ABX%211%210%21n_tag%3A-29910%3Bd%3A7753d89f%3Bm03_new_user%3A-29895%3BpisId%3A5000000203537387&curPageLogUid=XxWssUPjrjEA&utparam-url=scene%3Asearch%7Cquery_from%3A%7Cx_object_id%3A1005008673445235%7C_p_origin_prod%3A
LB L01/S01 Removal Knife Handle Suitable For Mobile Phone Motherboard BGA PCB Chip IC Glue Removal Shovel Scraper Repair Tool,$0.99 ,"https://ae-pic-a1.aliexpress-media.com/kf/S36315216c38f4e11af794052f1fa3555g.png?has_lang=1&ver=1_220x220.png_.avif,https://ae-pic-a1.aliexpress-media.com/kf/S36315216c38f4e11af794052f1fa3555g.png?has_lang=1&ver=1_220x220.png_.avif,https://ae-pic-a1.aliexpress-media.com/kf/Sf215b704bf3c4a3eb34b93b8e7058d2e3.jpg?has_lang=1&ver=1_220x220q75.jpg_.avif,https://ae-pic-a1.aliexpress-media.com/kf/Sf1cbc43706dd479a9ae80b2b3f17f01cL.jpg?has_lang=1&ver=1_220x220q75.jpg_.avif,https://ae-pic-a1.aliexpress-media.com/kf/Sa5f2a4a07fc041459e5e436462bb92dbi.jpg?has_lang=1&ver=1_220x220q75.jpg_.avif","['High-concerned chemical', 'None', 'With Magnetic', 'No', 'Model Number', 'LUBAN', 'Pieces Included', '1', 'Material', 'Other', 'Origin', 'Mainland China']",https://www.aliexpress.us/item/3256809532501390.html?algo_pvid=08211699-5368-4e27-8ff5-675bdd779484&algo_exp_id=08211699-5368-4e27-8ff5-675bdd779484-6&pdp_ext_f=%7B%22order%22%3A%22364%22%2C%22eval%22%3A%221%22%2C%22fromPage%22%3A%22search%22%7D&pdp_npi=6%40dis%21USD%217.33%210.99%21%21%2149.74%216.68%21%402101062a17768925189632121ec2f2%2112000049942832472%21sea%21US%210%21ABX%211%210%21n_tag%3A-29910%3Bd%3A7753d89f%3Bm03_new_user%3A-29895%3BpisId%3A5000000203537387&curPageLogUid=IOFqAqKBlVr1&utparam-url=scene%3Asearch%7Cquery_from%3A%7Cx_object_id%3A1005009718816142%7C_p_origin_prod%3A
WYLIE For iPhone 16 Pro Max Esim to Dual SIM Card Cable With Card Tray Card Slot Assembly No Need Separate No Damage Flex,$2.38 ,"https://ae-pic-a1.aliexpress-media.com/kf/S415981012b5e419387781b2e5d244759F.jpg_220x220q75.jpg_.avif,https://ae-pic-a1.aliexpress-media.com/kf/S415981012b5e419387781b2e5d244759F.jpg_220x220q75.jpg_.avif,https://ae-pic-a1.aliexpress-media.com/kf/S9aae55cc2da343078b433807f0eeeb464.jpg_220x220q75.jpg_.avif,https://ae-pic-a1.aliexpress-media.com/kf/S51eba42c930e4945bf832b76e89f7897H.png_220x220.png_.avif,https://ae-pic-a1.aliexpress-media.com/kf/S1b250080e0ec40c4a24183047ec9e10aI.png_220x220.png_.avif","['High-concerned chemical', 'None', 'Pieces Included', '1', 'Material', 'Other', 'Origin', 'Mainland China']",https://www.aliexpress.us/item/3256807868266598.html?algo_pvid=08211699-5368-4e27-8ff5-675bdd779484&algo_exp_id=08211699-5368-4e27-8ff5-675bdd779484-7&pdp_ext_f=%7B%22order%22%3A%22362%22%2C%22eval%22%3A%221%22%2C%22fromPage%22%3A%22search%22%7D&pdp_npi=6%40dis%21USD%212.88%212.38%21%21%2119.58%2116.19%21%402101062a17768925189632121ec2f2%2112000043461725200%21sea%21US%210%21ABX%211%210%21n_tag%3A-29910%3Bd%3A7753d89f%3Bm03_new_user%3A-29895%3BpisId%3A5000000204886261&curPageLogUid=S6m9IGgyHgR5&utparam-url=scene%3Asearch%7Cquery_from%3A%7Cx_object_id%3A1005008054581350%7C_p_origin_prod%3A
"7inch Soft Suction Pad, LCD Screen Glass Separate and OCA Removal Cleaning Mat, Use With LCD Separator Machine",$30.80 ,"https://ae-pic-a1.aliexpress-media.com/kf/See9af2b735034699b95009f491cced11t.jpg_220x220q75.jpg_.avif,https://ae-pic-a1.aliexpress-media.com/kf/S11f616f6cc1b4b4aacba01a727eb9e40H.jpg_220x220q75.jpg_.avif,https://ae-pic-a1.aliexpress-media.com/kf/Sbab1a26d3280488b86d5f9d367a5c1f39.jpg_220x220q75.jpg_.avif,https://ae-pic-a1.aliexpress-media.com/kf/S8f5abd1d87524feeb4c5dcbf5cabd29aM.jpg?has_lang=1&ver=2_220x220q75.jpg_.avif,https://ae-pic-a1.aliexpress-media.com/kf/S9636b37d723542079f400642814b7306i.jpg?has_lang=1&ver=2_220x220q75.jpg_.avif","['High-concerned chemical', 'None', 'With Magnetic', 'No', 'Model Number', 'JIALAN-7', 'Pieces Included', '1', 'Material', 'Other', 'Origin', 'Mainland China', 'Name', 'suction rubber', 'Usage', 'for mobile phone Lcd separated', 'Packed', '1 pcs/bag']",https://www.aliexpress.us/item/3256808002654706.html?algo_pvid=08211699-5368-4e27-8ff5-675bdd779484&algo_exp_id=08211699-5368-4e27-8ff5-675bdd779484-8&pdp_ext_f=%7B%22order%22%3A%22361%22%2C%22eval%22%3A%221%22%2C%22fromPage%22%3A%22search%22%7D&pdp_npi=6%40dis%21USD%2131.30%2130.80%21%21%2131.30%2130.80%21%402101062a17768925189632121ec2f2%2112000044173264989%21sea%21US%210%21ABX%211%210%21n_tag%3A-29910%3Bd%3A7753d89f%3Bm03_new_user%3A-29895%3BpisId%3A5000000204886261&curPageLogUid=5rcCzxeUrelt&utparam-url=scene%3Asearch%7Cquery_from%3A%7Cx_object_id%3A1005008188969458%7C_p_origin_prod%3A
QIANLI 3D 0.12mm LCD Screen Disassembler Metal Pry Opening Removal Disassembly Phone Repair Tool,$0.99 ,"https://ae-pic-a1.aliexpress-media.com/kf/Sd16ead6b43b148f4a4fd0f9b85b35507F.jpg_220x220q75.jpg_.avif,https://ae-pic-a1.aliexpress-media.com/kf/S03e1aad922fd4b5abbdee4678b12ff2dU.jpg_220x220q75.jpg_.avif,https://ae-pic-a1.aliexpress-media.com/kf/H2fb5db5d24a04cae9ff672c78e4850f1N.jpg_220x220q75.jpg_.avif,https://ae-pic-a1.aliexpress-media.com/kf/Hdb44c2dd2367425f9d0088c8f4b86105W.jpg_220x220q75.jpg_.avif,https://ae-pic-a1.aliexpress-media.com/kf/H04aa8fdbeb1c4a018693ca167703dd8cA.jpg_220x220q75.jpg_.avif","['High-concerned chemical', 'None', 'Pieces Included', '1', 'Material', 'Other', 'Origin', 'Mainland China', 'Brand', 'Qianli']",https://www.aliexpress.us/item/3256805223947509.html?algo_pvid=08211699-5368-4e27-8ff5-675bdd779484&algo_exp_id=08211699-5368-4e27-8ff5-675bdd779484-11&pdp_ext_f=%7B%22order%22%3A%22351%22%2C%22eval%22%3A%221%22%2C%22fromPage%22%3A%22search%22%7D&pdp_npi=6%40dis%21USD%211.82%210.99%21%21%2112.35%216.71%21%402101062a17768925189632121ec2f2%2112000032945880819%21sea%21US%210%21ABX%211%210%21n_tag%3A-29910%3Bd%3A7753d89f%3Bm03_new_user%3A-29895%3BpisId%3A5000000203537349&curPageLogUid=kQGK29F82xmJ&utparam-url=scene%3Asearch%7Cquery_from%3A%7Cx_object_id%3A1005005410262261%7C_p_origin_prod%3A
1PC Plastic Scraper Spatula for Mobile Phone LCD Screen Glue Air Bubble Removal Sticker Installation Scraper DIY Tool,$0.40 ,"https://ae-pic-a1.aliexpress-media.com/kf/Sc8c54e9d93914fd2b3c0e78cf8e213a7l.jpg_220x220q75.jpg_.avif,https://ae-pic-a1.aliexpress-media.com/kf/Sc8c54e9d93914fd2b3c0e78cf8e213a7l.jpg_220x220q75.jpg_.avif,https://ae-pic-a1.aliexpress-media.com/kf/S211c14ce5ad241b0ad8b4cfbcc6fa13cC.jpg_220x220q75.jpg_.avif,https://ae-pic-a1.aliexpress-media.com/kf/See4bcb41f1f64fdcbd065327113da6c7y.jpg_220x220q75.jpg_.avif,https://ae-pic-a1.aliexpress-media.com/kf/S4afed47eb5cb40f099558ee4f1c568809.jpg_220x220q75.jpg_.avif","['High-concerned chemical', 'None', 'Model Number', 'Plastic Scraper Spatula', 'Pieces Included', '1PC', 'Material', 'Plastic', 'Origin', 'Mainland China', 'Product number', 'LS0210']",https://www.aliexpress.us/item/3256802700400661.html?algo_pvid=08211699-5368-4e27-8ff5-675bdd779484&algo_exp_id=08211699-5368-4e27-8ff5-675bdd779484-12&pdp_ext_f=%7B%22order%22%3A%22351%22%2C%22eval%22%3A%221%22%2C%22fromPage%22%3A%22search%22%7D&pdp_npi=6%40dis%21USD%210.40%210.40%21%21%212.73%212.73%21%402101062a17768925189632121ec2f2%2112000022625484605%21sea%21US%210%21ABX%211%210%21n_tag%3A-29910%3Bd%3A7753d89f%3Bm03_new_user%3A-29895&curPageLogUid=IDWNrukDwGqO&utparam-url=scene%3Asearch%7Cquery_from%3A%7Cx_object_id%3A1005002886715413%7C_p_origin_prod%3A
22 In 1 Universal Phone Repair Tools Kit Set Mobile Phone iPad Laptop Screwdriver Maintenance Kit Repair Tools Opening Set,$0.99 ,"https://ae-pic-a1.aliexpress-media.com/kf/S3452c66197574bcfa00b662a0971a4a0N.jpg?has_lang=1&ver=2_220x220q75.jpg_.avif,https://ae-pic-a1.aliexpress-media.com/kf/Sba470057a6fe48faaa28a7c21006eb2dn.jpg?has_lang=1&ver=2_220x220q75.jpg_.avif,https://ae-pic-a1.aliexpress-media.com/kf/Se9170eac59f14dbda2d1e9eb5bfd6caeK.jpg?has_lang=1&ver=2_220x220q75.jpg_.avif,https://ae-pic-a1.aliexpress-media.com/kf/S474f44dbde68421c87f421603afc38f7K.jpg?has_lang=1&ver=2_220x220q75.jpg_.avif,https://ae-pic-a1.aliexpress-media.com/kf/Sfd3c7f6d7c0449c48789dd51b9517898v.jpg?has_lang=1&ver=2_220x220q75.jpg_.avif","['High-concerned chemical', 'None', 'Pieces Included', '22 in1', 'Material', 'Other', 'Origin', 'Mainland China']",https://www.aliexpress.us/item/3256809283248527.html?algo_pvid=08211699-5368-4e27-8ff5-675bdd779484&algo_exp_id=08211699-5368-4e27-8ff5-675bdd779484-13&pdp_ext_f=%7B%22order%22%3A%22350%22%2C%22eval%22%3A%221%22%2C%22fromPage%22%3A%22search%22%7D&pdp_npi=6%40dis%21USD%217.95%210.99%21%21%2153.98%216.76%21%402101062a17768925189632121ec2f2%2112000049199995833%21sea%21US%210%21ABX%211%210%21n_tag%3A-29910%3Bd%3A7753d89f%3Bm03_new_user%3A-29895%3BpisId%3A5000000203537387&curPageLogUid=zxrbZg9X0IMk&utparam-url=scene%3Asearch%7Cquery_from%3A%7Cx_object_id%3A1005009469563279%7C_p_origin_prod%3A
Phone Repair Tools Memory Metal Tin Scraping Knife Solder Paste Mixing Knife,$1.68 ,"https://ae-pic-a1.aliexpress-media.com/kf/S51cfbad6e3bb4a2fba214e2bbeb33a50u.jpg_220x220q75.jpg_.avif,https://ae-pic-a1.aliexpress-media.com/kf/Sd9d05eb566e34675b4632b57cf5b7746E.jpg_220x220q75.jpg_.avif,https://ae-pic-a1.aliexpress-media.com/kf/S4e6940561b1849baa34a633df29edee39.jpg_220x220q75.jpg_.avif,https://ae-pic-a1.aliexpress-media.com/kf/S63aa03424b2945f2a4fa08ce97e999efm.jpg_220x220q75.jpg_.avif,https://ae-pic-a1.aliexpress-media.com/kf/S1489a17884dc424e85aa8aa59685ec96i.jpg_220x220q75.jpg_.avif","['High-concerned chemical', 'None', 'Pieces Included', '6 in 1', 'Material', 'Other', 'Origin', 'Mainland China']",https://www.aliexpress.us/item/3256806293919476.html?algo_pvid=08211699-5368-4e27-8ff5-675bdd779484&algo_exp_id=08211699-5368-4e27-8ff5-675bdd779484-15&pdp_ext_f=%7B%22order%22%3A%22344%22%2C%22eval%22%3A%221%22%2C%22fromPage%22%3A%22search%22%7D&pdp_npi=6%40dis%21USD%216.14%211.68%21%21%2141.71%2111.46%21%402101062a17768925189632121ec2f2%2112000037354716652%21sea%21US%210%21ABX%211%210%21n_tag%3A-29910%3Bd%3A7753d89f%3Bm03_new_user%3A-29895%3BpisId%3A5000000204886261&curPageLogUid=fanmr6lzt6Go&utparam-url=scene%3Asearch%7Cquery_from%3A%7Cx_object_id%3A1005006480234228%7C_p_origin_prod%3A
DL400 Pro LCD Screen Test Flex Cable For iPhone 15 16 Plus 14 13 12 11 Pro Max X XS 8 7 MAX Display 3D Testing Phone Repair,$3.85 ,"https://ae-pic-a1.aliexpress-media.com/kf/S3d92da913b924a1781a5bbf5b63e6673p.jpg_220x220q75.jpg_.avif,https://ae-pic-a1.aliexpress-media.com/kf/Se5716a31c84d45a692d4377dc8c91cbez.jpg_220x220q75.jpg_.avif,https://ae-pic-a1.aliexpress-media.com/kf/S5f08a46ec4ef4d969c6493b79d045467I.jpg_220x220q75.jpg_.avif,https://ae-pic-a1.aliexpress-media.com/kf/S09fffd1944e44ca08a97a749b40b9d60A.jpg_220x220q75.jpg_.avif,https://ae-pic-a1.aliexpress-media.com/kf/S392a413b177a4acdbc5901b78dceca7bw.jpg_220x220q75.jpg_.avif","['High-concerned chemical', 'None', 'Pieces Included', '6 in 1', 'Material', 'Other', 'Brand Name', 'manumoc', 'Origin', 'Mainland China']",https://www.aliexpress.us/item/3256809168139936.html?algo_pvid=08211699-5368-4e27-8ff5-675bdd779484&algo_exp_id=08211699-5368-4e27-8ff5-675bdd779484-16&pdp_ext_f=%7B%22order%22%3A%22341%22%2C%22eval%22%3A%221%22%2C%22fromPage%22%3A%22search%22%7D&pdp_npi=6%40dis%21USD%214.35%213.85%21%21%2129.50%2126.11%21%402101062a17768925189632121ec2f2%2112000048849503300%21sea%21US%210%21ABX%211%210%21n_tag%3A-29910%3Bd%3A7753d89f%3Bm03_new_user%3A-29895%3BpisId%3A5000000204886261&curPageLogUid=0Ub1xk0URbRr&utparam-url=scene%3Asearch%7Cquery_from%3A%7Cx_object_id%3A1005009354454688%7C_p_origin_prod%3A
Blade Handle Kit For 936 Soldering Iron Heating Knife iPhone Back Cover Removal Glue Cleaning Repair Tool,$0.99 ,"https://ae-pic-a1.aliexpress-media.com/kf/S62a580e9b0da40ab82f9e11be72ae7eay.jpg_220x220q75.jpg_.avif,https://ae-pic-a1.aliexpress-media.com/kf/Sfedaf9cc6a274e3ab87693cd404f1779g.jpg_220x220q75.jpg_.avif,https://ae-pic-a1.aliexpress-media.com/kf/S1ef61c01899e427fa116201a8923e9b75.jpg_220x220q75.jpg_.avif,https://ae-pic-a1.aliexpress-media.com/kf/S13f4262618044179a12a1687aa9d494cv.jpg_220x220q75.jpg_.avif,https://ae-pic-a1.aliexpress-media.com/kf/Sac6b3aeb34da4f2e8fd2334e1422c683V.jpg_220x220q75.jpg_.avif","['High-concerned chemical', 'None', 'Pieces Included', '1', 'Material', 'Other', 'Origin', 'Mainland China']",https://www.aliexpress.us/item/3256805331923452.html?algo_pvid=08211699-5368-4e27-8ff5-675bdd779484&algo_exp_id=08211699-5368-4e27-8ff5-675bdd779484-17&pdp_ext_f=%7B%22order%22%3A%22339%22%2C%22eval%22%3A%221%22%2C%22fromPage%22%3A%22search%22%7D&pdp_npi=6%40dis%21USD%212.59%210.99%21%21%2117.58%216.72%21%402101062a17768925189632121ec2f2%2112000036723334079%21sea%21US%210%21ABX%211%210%21n_tag%3A-29910%3Bd%3A7753d89f%3Bm03_new_user%3A-29895%3BpisId%3A5000000203537349&curPageLogUid=2Xi18UwTp1Yp&utparam-url=scene%3Asearch%7Cquery_from%3A%7Cx_object_id%3A1005005518238204%7C_p_origin_prod%3A
Multifunction Plastic Double-layer Phone Repair Storage Box Motherboard IC Small Parts Collector Tools,$0.99 ,"https://ae-pic-a1.aliexpress-media.com/kf/S60041aac751a4db2a83029be2ac6eb30n.jpg_220x220q75.jpg_.avif,https://ae-pic-a1.aliexpress-media.com/kf/Sd0d473c84bf447499b1a258cce028785U.jpg_220x220q75.jpg_.avif,https://ae-pic-a1.aliexpress-media.com/kf/S469069370ef34e85bdf331ff9b816640c.jpg_220x220q75.jpg_.avif,https://ae-pic-a1.aliexpress-media.com/kf/S68d94cd12c0e4aeba17130ce8bc3886fZ.jpg_220x220q75.jpg_.avif,https://ae-pic-a1.aliexpress-media.com/kf/Sb73c311323f24cbb8a4d3cc65a22fed4n.jpg_220x220q75.jpg_.avif","['High-concerned chemical', 'None', 'Pieces Included', '1', 'Material', 'Other', 'Origin', 'Mainland China']",https://www.aliexpress.us/item/3256805073966706.html?algo_pvid=08211699-5368-4e27-8ff5-675bdd779484&algo_exp_id=08211699-5368-4e27-8ff5-675bdd779484-23&pdp_ext_f=%7B%22order%22%3A%22338%22%2C%22eval%22%3A%221%22%2C%22fromPage%22%3A%22search%22%7D&pdp_npi=6%40dis%21USD%216.84%210.99%21%21%2146.43%216.71%21%402101062a17768925189632121ec2f2%2112000043876605626%21sea%21US%210%21ABX%211%210%21n_tag%3A-29910%3Bd%3A7753d89f%3Bm03_new_user%3A-29895%3BpisId%3A5000000203537387&curPageLogUid=AVjAxqjxIYkE&utparam-url=scene%3Asearch%7Cquery_from%3A%7Cx_object_id%3A1005005260281458%7C_p_origin_prod%3A
UGREEN 38-in-1 Precision Screwdrivers Repair Set for Mobile Phone PC Multifunction Maintenance Disassembly Tool Screwdriver,$18.30 ,"https://ae-pic-a1.aliexpress-media.com/kf/S848b7a80a02842f8be6efe43355b6d8dn.jpg_220x220q75.jpg_.avif,https://ae-pic-a1.aliexpress-media.com/kf/S86c6b4e44e2342618cb2ddbd862cfe37i.jpg_220x220q75.jpg_.avif,https://ae-pic-a1.aliexpress-media.com/kf/Sc1a93639769b49e5af4a686d75264bcfR.jpg_220x220q75.jpg_.avif,https://ae-pic-a1.aliexpress-media.com/kf/S2541caeb66a14a58a1b38816476ec6aci.jpg_220x220q75.jpg_.avif,https://ae-pic-a1.aliexpress-media.com/kf/Sc08ced386a64462188c67b2d494e4b9eZ.jpg_220x220q75.jpg_.avif","['High-concerned chemical', 'None', 'With Magnetic', 'Yes', 'Model Number', 'UT110', 'Pieces Included', '38 in 1', 'Material', 'S2 Alloy Steel', 'Brand Name', 'UGREEN', 'Origin', 'Mainland China']",https://www.aliexpress.us/item/3256806824257557.html?algo_pvid=08211699-5368-4e27-8ff5-675bdd779484&algo_exp_id=08211699-5368-4e27-8ff5-675bdd779484-19&pdp_ext_f=%7B%22order%22%3A%22332%22%2C%22eval%22%3A%221%22%2C%22fromPage%22%3A%22search%22%7D&pdp_npi=6%40dis%21USD%2170.95%2120.59%21%21%2170.95%2120.59%21%402101062a17768925189632121ec2f2%2112000039052709341%21sea%21US%210%21ABX%211%210%21n_tag%3A-29910%3Bd%3A7753d89f%3Bm03_new_user%3A-29895%3BpisId%3A5000000203537339&curPageLogUid=a9SKKtxtZUAZ&utparam-url=scene%3Asearch%7Cquery_from%3A%7Cx_object_id%3A1005007010572309%7C_p_origin_prod%3A
XHZC LCD OCA Alignment Position Mold Laminating Mould In Frame For iPhone 17Pro 17 16 15 13 Pro Max 14 15pro Screen Repair Tool,$5.34 ,"https://ae-pic-a1.aliexpress-media.com/kf/S76edc71359f743a7bcec89f68b03bf59m.jpg_220x220q75.jpg_.avif,https://ae-pic-a1.aliexpress-media.com/kf/S76edc71359f743a7bcec89f68b03bf59m.jpg_220x220q75.jpg_.avif,https://ae-pic-a1.aliexpress-media.com/kf/Sb6573e1d763b46f7b8db01bbdfdd68c6N.jpg_220x220q75.jpg_.avif,https://ae-pic-a1.aliexpress-media.com/kf/S3d0620f2ae5349109e1d554392f0b17a6.jpg_220x220q75.jpg_.avif,https://ae-pic-a1.aliexpress-media.com/kf/S2fcc938b69214ad1bb261d155d32fa05E.jpg_220x220q75.jpg_.avif","['High-concerned chemical', 'None', 'Model Number', 'Inframe laminating mold for iPhone 12 13 14 15series', 'Pieces Included', 'other', 'Material', 'Chrome Vanadium Steel', 'Origin', 'Mainland China', 'Function', 'For cracked glass repair', 'Compatible model 1', 'For iPhone 12/12pro/12pro max/12mini', 'Compatible model 2', 'For iPhone 13/13pro/13pro max/13mini', 'Compatible model 3', 'For iPhone 14/14pro/14pro max/14plus', 'Compatible model 4', 'For iPhone 15/15pro/15pro max/15plus', 'Compatible model 5', 'For IP16 A3287 A3081 A3286 A3288/16Plus A3290 A3082 A3289 A3291/16Pro A3293 A3083 A3292 A3294/16Pro max A3296 A3084 A3295 A3297', 'Name', 'Inframe position mold for iPhone 12 13 14 15series', 'Compatible model 6', 'For IP17 A3520, A3258, A3519, A3521/17Pro A3256, A3523, A3522, A3524/17Air A3517, A3260, A3518, A3516/17Pro max/A3526, A3257, A3527, A3525']",https://www.aliexpress.us/item/3256809318958808.html?algo_pvid=08211699-5368-4e27-8ff5-675bdd779484&algo_exp_id=08211699-5368-4e27-8ff5-675bdd779484-20&pdp_ext_f=%7B%22order%22%3A%22327%22%2C%22eval%22%3A%221%22%2C%22fromPage%22%3A%22search%22%7D&pdp_npi=6%40dis%21USD%218.35%215.34%21%21%218.35%215.34%21%402101062a17768925189632121ec2f2%2112000049306535077%21sea%21US%210%21ABX%211%210%21n_tag%3A-29910%3Bd%3A7753d89f%3Bm03_new_user%3A-29895%3BpisId%3A5000000204886261&curPageLogUid=faGUggpgaQNd&utparam-url=scene%3Asearch%7Cquery_from%3A%7Cx_object_id%3A1005009505273560%7C_p_origin_prod%3A
8 In 1 CPU IC Phone Repair Tools Glue Remover IC Chip Repair Thin Blades Piratical Repair Hand Tool For Mobile Phone Computer,$0.99 ,"https://ae-pic-a1.aliexpress-media.com/kf/Sf41968e10e7d4c5ebca9fc6c87f6020eD.jpg?has_lang=1&ver=2_220x220q75.jpg_.avif,https://ae-pic-a1.aliexpress-media.com/kf/Sf2da1202fb994d7193b6d19c3e2f6fd3g.jpg?has_lang=1&ver=2_220x220q75.jpg_.avif,https://ae-pic-a1.aliexpress-media.com/kf/S98f01af00c13413b81ce7454258ec38bC.jpg_220x220q75.jpg_.avif,https://ae-pic-a1.aliexpress-media.com/kf/Sf06f8a2d232a42a497baf66750a1d0c9h.jpg?has_lang=1&ver=2_220x220q75.jpg_.avif,https://ae-pic-a1.aliexpress-media.com/kf/Sc17c64461e0847f3b13f2d577e023a73S.jpg?has_lang=1&ver=2_220x220q75.jpg_.avif","['High-concerned chemical', 'None', 'Pieces Included', '8 in 1', 'Material', 'Steel', 'Origin', 'Mainland China']",https://www.aliexpress.us/item/3256809922042548.html?algo_pvid=08211699-5368-4e27-8ff5-675bdd779484&algo_exp_id=08211699-5368-4e27-8ff5-675bdd779484-21&pdp_ext_f=%7B%22order%22%3A%22326%22%2C%22eval%22%3A%221%22%2C%22fromPage%22%3A%22search%22%7D&pdp_npi=6%40dis%21USD%215.36%210.99%21%21%2136.38%216.73%21%402101062a17768925189632121ec2f2%2112000051172947541%21sea%21US%210%21ABX%211%210%21n_tag%3A-29910%3Bd%3A7753d89f%3Bm03_new_user%3A-29895%3BpisId%3A5000000203537387&curPageLogUid=SkSN3GjRM6Ri&utparam-url=scene%3Asearch%7Cquery_from%3A%7Cx_object_id%3A1005010108357300%7C_p_origin_prod%3A
Silicone Air Blow Ball Dust Ejector Removing PCB Keyboard Camera Lens Cleaning LCD Screen Phone Repair Tool,$0.99 ,"https://ae-pic-a1.aliexpress-media.com/kf/Sf607e7c77dfe42b5806842e966f21062c.jpg_220x220q75.jpg_.avif,https://ae-pic-a1.aliexpress-media.com/kf/Sf607e7c77dfe42b5806842e966f21062c.jpg_220x220q75.jpg_.avif,https://ae-pic-a1.aliexpress-media.com/kf/S9f065d005d9645188aa597ae3c65f62e5.jpg?has_lang=1&ver=1_220x220q75.jpg_.avif,https://ae-pic-a1.aliexpress-media.com/kf/S7cb828e9e4634781a1fdc269f241d05bt.jpg_220x220q75.jpg_.avif,https://ae-pic-a1.aliexpress-media.com/kf/S570a650e84d34142802155fd5218ddbbZ.jpg_220x220q75.jpg_.avif","['High-concerned chemical', 'None', 'Pieces Included', '1', 'Material', 'Other', 'Origin', 'Mainland China']",https://www.aliexpress.us/item/3256808593547565.html?algo_pvid=08211699-5368-4e27-8ff5-675bdd779484&algo_exp_id=08211699-5368-4e27-8ff5-675bdd779484-22&pdp_ext_f=%7B%22order%22%3A%22325%22%2C%22eval%22%3A%221%22%2C%22fromPage%22%3A%22search%22%7D&pdp_npi=6%40dis%21USD%213.53%210.99%21%21%2123.95%216.71%21%402101062a17768925189632121ec2f2%2112000046637014326%21sea%21US%210%21ABX%211%210%21n_tag%3A-29910%3Bd%3A7753d89f%3Bm03_new_user%3A-29895%3BpisId%3A5000000203537387&curPageLogUid=kjNiJBsEWUdy&utparam-url=scene%3Asearch%7Cquery_from%3A%7Cx_object_id%3A1005008779862317%7C_p_origin_prod%3A
Glue Remover Thick Needle Accessories OCA Glue Remover Tapered Steel Needle For Mechanic IR10 IR12 IR13 IR14 CJ6 CJ7 CJ9 +,$1.16 ,"https://ae-pic-a1.aliexpress-media.com/kf/S317a1db719c34d798c9eb82f1d51ee5cI.jpg_220x220q75.jpg_.avif,https://ae-pic-a1.aliexpress-media.com/kf/Sf87df41c58ef472f9b81869f642b730fE.jpg_220x220q75.jpg_.avif,https://ae-pic-a1.aliexpress-media.com/kf/S4098a208e3d04aa89c0cf946132af1fdk.jpg_220x220q75.jpg_.avif,https://ae-pic-a1.aliexpress-media.com/kf/S13805a4b63044484b7636f0fb66a87d8l.jpg_220x220q75.jpg_.avif,https://ae-pic-a1.aliexpress-media.com/kf/S5340a872c61d4cdda820a36e12f1bd06T.jpg_220x220q75.jpg_.avif","['High-concerned chemical', 'None', 'Pieces Included', '1', 'Material', 'Steel', 'Origin', 'Mainland China']",https://www.aliexpress.us/item/3256809943601247.html?algo_pvid=08211699-5368-4e27-8ff5-675bdd779484&algo_exp_id=08211699-5368-4e27-8ff5-675bdd779484-26&pdp_ext_f=%7B%22order%22%3A%22314%22%2C%22eval%22%3A%221%22%2C%22fromPage%22%3A%22search%22%7D&pdp_npi=6%40dis%21USD%211.66%211.16%21%21%2111.30%217.91%21%402101062a17768925189632121ec2f2%2112000051250055466%21sea%21US%210%21ABX%211%210%21n_tag%3A-29910%3Bd%3A7753d89f%3Bm03_new_user%3A-29895%3BpisId%3A5000000204886261&curPageLogUid=NsSh85Z9NxeE&utparam-url=scene%3Asearch%7Cquery_from%3A%7Cx_object_id%3A1005010129915999%7C_p_origin_prod%3A
DDR BGA Reballing Stencil Template Station For DDR5 DDR6 DDR7 BGA170 BGA180 BGA266 Graphics Card Memory Chip Positioning Plate,$5.25 ,"https://ae-pic-a1.aliexpress-media.com/kf/S16a605a3bf20405d9bef521b6b9833bcF.jpg?has_lang=1&ver=2_220x220q75.jpg_.avif,https://ae-pic-a1.aliexpress-media.com/kf/Se48d2edfd2eb4fb5af7c8ffa1e6e5aedx.jpg?has_lang=1&ver=2_220x220q75.jpg_.avif,https://ae-pic-a1.aliexpress-media.com/kf/Sd07584187ff04af3b88444c40a1b14c6K.jpg?has_lang=1&ver=2_220x220q75.jpg_.avif,https://ae-pic-a1.aliexpress-media.com/kf/S4a69170e7a5640c582dd0a79203bcac38.jpg?has_lang=1&ver=2_220x220q75.jpg_.avif,https://ae-pic-a1.aliexpress-media.com/kf/Sb0b1c3a51dde4bd2857372c36745d491w.jpg?has_lang=1&ver=2_220x220q75.jpg_.avif","['High-concerned chemical', 'None', 'With Magnetic', 'No', 'Model Number', 'DDR55/6/7', 'Pieces Included', '1', 'Material', 'Other', 'Origin', 'Mainland China']",https://www.aliexpress.us/item/3256808932142316.html?algo_pvid=08211699-5368-4e27-8ff5-675bdd779484&algo_exp_id=08211699-5368-4e27-8ff5-675bdd779484-27&pdp_ext_f=%7B%22order%22%3A%22313%22%2C%22eval%22%3A%221%22%2C%22fromPage%22%3A%22search%22%7D&pdp_npi=6%40dis%21USD%215.75%215.25%21%21%215.75%215.25%21%402101062a17768925189632121ec2f2%2112000047979789128%21sea%21US%210%21ABX%211%210%21n_tag%3A-29910%3Bd%3A7753d89f%3Bm03_new_user%3A-29895%3BpisId%3A5000000204886261&curPageLogUid=qFrKkPNXc4Ek&utparam-url=scene%3Asearch%7Cquery_from%3A%7Cx_object_id%3A1005009118457068%7C_p_origin_prod%3A
Rear Housing Glass Remove Opening Tools for iPhone 11 12 13 14 Pro Max X Xs Max Xr Back Cover Disassembly Tool Repair,$0.99 ,"https://ae-pic-a1.aliexpress-media.com/kf/S153de800a5ba47e8941b31054e4710b3t.jpg_220x220q75.jpg_.avif,https://ae-pic-a1.aliexpress-media.com/kf/S153de800a5ba47e8941b31054e4710b3t.jpg_220x220q75.jpg_.avif,https://ae-pic-a1.aliexpress-media.com/kf/S5c2fb586482f4f449fbf6254e43488a5h.jpg_220x220q75.jpg_.avif,https://ae-pic-a1.aliexpress-media.com/kf/Sf5e7cfd92a9a4bef91bfa4dd7c237f059.jpg_220x220q75.jpg_.avif,https://ae-pic-a1.aliexpress-media.com/kf/S7fffd3caf4ba49039a4dde1ad8a5e45dU.jpg_220x220q75.jpg_.avif","['High-concerned chemical', 'None', 'With Magnetic', 'No', 'Pieces Included', '10 in 1', 'Material', 'Other', 'Origin', 'Mainland China']",https://www.aliexpress.us/item/3256805630062282.html?algo_pvid=08211699-5368-4e27-8ff5-675bdd779484&algo_exp_id=08211699-5368-4e27-8ff5-675bdd779484-28&pdp_ext_f=%7B%22order%22%3A%22312%22%2C%22eval%22%3A%221%22%2C%22fromPage%22%3A%22search%22%7D&pdp_npi=6%40dis%21USD%214.46%210.99%21%21%214.46%210.99%21%402101062a17768925189632121ec2f2%2112000034450696893%21sea%21US%210%21ABX%211%210%21n_tag%3A-29910%3Bd%3A7753d89f%3Bm03_new_user%3A-29895%3BpisId%3A5000000203537387&curPageLogUid=awtoWqqUUjhb&utparam-url=scene%3Asearch%7Cquery_from%3A%7Cx_object_id%3A1005005816377034%7C_p_origin_prod%3A
Repair Pad Insulation Heat-Resistant Soldering Station Silicon Soldering Mat Work Pad Desk Platform for BGA Soldering Station,$0.99 ,"https://ae-pic-a1.aliexpress-media.com/kf/S8e24303272bd40298b2c9a4fdabe256bh.jpg_220x220q75.jpg_.avif,https://ae-pic-a1.aliexpress-media.com/kf/S8e24303272bd40298b2c9a4fdabe256bh.jpg_220x220q75.jpg_.avif,https://ae-pic-a1.aliexpress-media.com/kf/Sd32ae05329c344d087d22c314e6b36571.jpg_220x220q75.jpg_.avif,https://ae-pic-a1.aliexpress-media.com/kf/Sad22bed6281e4630969d00f8ae56175cp.jpg_220x220q75.jpg_.avif,https://ae-pic-a1.aliexpress-media.com/kf/S6d0d51c065844a5491c6452fd23e56bcL.jpg_220x220q75.jpg_.avif","['High-concerned chemical', 'None', 'Model Number', 'ss-1', 'Pieces Included', '1', 'Material', 'Other', 'Brand Name', 'BRESUN', 'Origin', 'Mainland China']",https://www.aliexpress.us/item/3256807102602309.html?algo_pvid=08211699-5368-4e27-8ff5-675bdd779484&algo_exp_id=08211699-5368-4e27-8ff5-675bdd779484-31&pdp_ext_f=%7B%22order%22%3A%22307%22%2C%22eval%22%3A%221%22%2C%22fromPage%22%3A%22search%22%7D&pdp_npi=6%40dis%21USD%216.21%210.99%21%21%2142.17%216.73%21%402101062a17768925189632121ec2f2%2112000040079002310%21sea%21US%210%21ABX%211%210%21n_tag%3A-29910%3Bd%3A7753d89f%3Bm03_new_user%3A-29895%3BpisId%3A5000000203537387&curPageLogUid=8YMShIHIdrhy&utparam-url=scene%3Asearch%7Cquery_from%3A%7Cx_object_id%3A1005007288917061%7C_p_origin_prod%3A
Round head cotton swab CA-002 Dust-free cleaning for Optical fiber、lens、camera、screen wiper HUBY-340 Sanyo Japan 3‘’cotton head,$0.90 ,"https://ae-pic-a1.aliexpress-media.com/kf/Sc4e82b31ab7e43da935543e29dd732cfG.jpg_220x220q75.jpg_.avif,https://ae-pic-a1.aliexpress-media.com/kf/Scfabf1f207a749558814ec4130bccff9P.jpg_220x220q75.jpg_.avif,https://ae-pic-a1.aliexpress-media.com/kf/S263aad58bcc6427cbbc442f8e487b0der.jpg_220x220q75.jpg_.avif,https://ae-pic-a1.aliexpress-media.com/kf/S0779c69e63a94f97a317b68e9b443610s.jpg_220x220q75.jpg_.avif,https://ae-pic-a1.aliexpress-media.com/kf/S1aa379bab3de42b7a528bf2fe5b72e7cd.jpg_220x220q75.jpg_.avif","['High-concerned chemical', 'None', 'With Magnetic', 'No', 'Model Number', 'CA-002', 'Pieces Included', '1bag', 'Material', 'Other', 'Origin', 'Jp(origin)']",https://www.aliexpress.us/item/3256802999758477.html?algo_pvid=08211699-5368-4e27-8ff5-675bdd779484&algo_exp_id=08211699-5368-4e27-8ff5-675bdd779484-32&pdp_ext_f=%7B%22order%22%3A%22306%22%2C%22eval%22%3A%221%22%2C%22fromPage%22%3A%22search%22%7D&pdp_npi=6%40dis%21USD%210.90%210.90%21%21%210.90%210.90%21%402101062a17768925189632121ec2f2%2112000037977274887%21sea%21US%210%21ABX%211%210%21n_tag%3A-29910%3Bd%3A7753d89f%3Bm03_new_user%3A-29895&curPageLogUid=o7mqNdeLf51F&utparam-url=scene%3Asearch%7Cquery_from%3A%7Cx_object_id%3A1005003186073229%7C_p_origin_prod%3A
Screen Opening Super Strong Suction Cup Sucker For Mobile Phone Tablet Screen Disassembly Repair Tool For Car Dent Glass Suction,$1.70 ,"https://ae-pic-a1.aliexpress-media.com/kf/Sb6286b4e4b00417486b85ed4809073c0H.jpg_220x220q75.jpg_.avif,https://ae-pic-a1.aliexpress-media.com/kf/Sb6e0ddfd689f450397ce78e7cc806ea3I.jpg?has_lang=1&ver=1_220x220q75.jpg_.avif,https://ae-pic-a1.aliexpress-media.com/kf/Se2b0770f103d403a8c9287216fcb4e84W.jpg?has_lang=1&ver=1_220x220q75.jpg_.avif,https://ae-pic-a1.aliexpress-media.com/kf/Sd105862f8889422388573b90a0582916z.jpg?has_lang=1&ver=1_220x220q75.jpg_.avif,https://ae-pic-a1.aliexpress-media.com/kf/S7a4e56774196411c80ac1a214c4444f5e.jpg?has_lang=1&ver=1_220x220q75.jpg_.avif","['High-concerned chemical', 'None', 'With Magnetic', 'No', 'Pieces Included', '1pcs', 'Material', 'Plastic', 'Origin', 'Mainland China']",https://www.aliexpress.us/item/3256809806024684.html?algo_pvid=08211699-5368-4e27-8ff5-675bdd779484&algo_exp_id=08211699-5368-4e27-8ff5-675bdd779484-33&pdp_ext_f=%7B%22order%22%3A%22305%22%2C%22eval%22%3A%221%22%2C%22fromPage%22%3A%22search%22%7D&pdp_npi=6%40dis%21USD%214.41%211.70%21%21%2129.93%2111.57%21%402101062a17768925189632121ec2f2%2112000050782133492%21sea%21US%210%21ABX%211%210%21n_tag%3A-29910%3Bd%3A7753d89f%3Bm03_new_user%3A-29895%3BpisId%3A5000000204886261&curPageLogUid=bPqozcJaTFKh&utparam-url=scene%3Asearch%7Cquery_from%3A%7Cx_object_id%3A1005009992339436%7C_p_origin_prod%3A
Ultra Thin 0.1mm Flexible Stainless Steel Pry Bar Crowbar Removal Card For Mobile Phone Repair Tools Screen Pry Spudger Opening,$0.99 ,"https://ae-pic-a1.aliexpress-media.com/kf/S0ece7ec2e46949f7beebef66fcf0054fA.jpg_220x220q75.jpg_.avif,https://ae-pic-a1.aliexpress-media.com/kf/S1fe4b890bc634597ab6e4a64db8c41c6i.jpg_220x220q75.jpg_.avif,https://ae-pic-a1.aliexpress-media.com/kf/S32ddfb8dc36e47bdaaa42dae127fd15dN.jpg_220x220q75.jpg_.avif,https://ae-pic-a1.aliexpress-media.com/kf/Se4e05e75c55e455d8af61561259e3e6aN.jpg_220x220q75.jpg_.avif,https://ae-pic-a1.aliexpress-media.com/kf/S1a943f05f4aa4f2781e3f3741a9f3cc3b.jpg_220x220q75.jpg_.avif","['High-concerned chemical', 'None', 'With Magnetic', 'No', 'Pieces Included', '5in1', 'Material', 'Other', 'Origin', 'Mainland China']",https://www.aliexpress.us/item/3256808815621951.html?algo_pvid=08211699-5368-4e27-8ff5-675bdd779484&algo_exp_id=08211699-5368-4e27-8ff5-675bdd779484-34&pdp_ext_f=%7B%22order%22%3A%22304%22%2C%22eval%22%3A%221%22%2C%22fromPage%22%3A%22search%22%7D&pdp_npi=6%40dis%21USD%215.32%210.99%21%21%2136.10%216.69%21%402101062a17768925189632121ec2f2%2112000047529986292%21sea%21US%210%21ABX%211%210%21n_tag%3A-29910%3Bd%3A7753d89f%3Bm03_new_user%3A-29895%3BpisId%3A5000000203537387&curPageLogUid=Pj7ShBWsspkT&utparam-url=scene%3Asearch%7Cquery_from%3A%7Cx_object_id%3A1005009001936703%7C_p_origin_prod%3A
3PCS Repair Opening Pry Hand Tool Kit Blade Smart Phone Tablet PC Metal Spudger Disassemble Tools Set Phone Repair Tools,$0.99 ,"https://ae-pic-a1.aliexpress-media.com/kf/S79adee73340c48d8b68e488959825017N.jpg_220x220q75.jpg_.avif,https://ae-pic-a1.aliexpress-media.com/kf/Sf4b108ab22484c15af9acdb3c4cd4079V.jpg_220x220q75.jpg_.avif,https://ae-pic-a1.aliexpress-media.com/kf/S1f2eb5b79e4f4200a3f67e07f922d568W.jpg_220x220q75.jpg_.avif,https://ae-pic-a1.aliexpress-media.com/kf/Sb343483ec5c248f6af219a1e930049925.jpg_220x220q75.jpg_.avif,https://ae-pic-a1.aliexpress-media.com/kf/S99af953c29ba4957a74d5140e27f782fh.jpg_220x220q75.jpg_.avif","['High-concerned chemical', 'None', 'With Magnetic', 'No', 'Model Number', 'WTT0348', 'Pieces Included', '30 in 1', 'Material', 'Chrome Vanadium Steel', 'Origin', 'Mainland China']",https://www.aliexpress.us/item/3256808633774805.html?algo_pvid=08211699-5368-4e27-8ff5-675bdd779484&algo_exp_id=08211699-5368-4e27-8ff5-675bdd779484-35&pdp_ext_f=%7B%22order%22%3A%22302%22%2C%22eval%22%3A%221%22%2C%22fromPage%22%3A%22search%22%7D&pdp_npi=6%40dis%21USD%216.77%210.99%21%21%2145.97%216.71%21%402101062a17768925189632121ec2f2%2112000046807690525%21sea%21US%210%21ABX%211%210%21n_tag%3A-29910%3Bd%3A7753d89f%3Bm03_new_user%3A-29895%3BpisId%3A5000000203537387&curPageLogUid=QDIMBlT31ykj&utparam-url=scene%3Asearch%7Cquery_from%3A%7Cx_object_id%3A1005008820089557%7C_p_origin_prod%3A
0.03mm Ultra Thin Reusable Stainless Steel Opening Metal Pry LCD Screen Disassembler For Samsung iPhone Repair Tools Set,$0.99 ,"https://ae-pic-a1.aliexpress-media.com/kf/Se76be3af72ee4168850415dbd3f6e63cI.jpg_220x220q75.jpg_.avif,https://ae-pic-a1.aliexpress-media.com/kf/Se76be3af72ee4168850415dbd3f6e63cI.jpg_220x220q75.jpg_.avif,https://ae-pic-a1.aliexpress-media.com/kf/S08d6845c4b5948a9857968ed409a614at.jpg_220x220q75.jpg_.avif,https://ae-pic-a1.aliexpress-media.com/kf/S436850accbc04157a1a848a91604c6e3p.jpg_220x220q75.jpg_.avif,https://ae-pic-a1.aliexpress-media.com/kf/Sa3ac1d04ef3642df92e4cd08fb6a49b4n.jpg_220x220q75.jpg_.avif","['High-concerned chemical', 'None', 'With Magnetic', 'No', 'Pieces Included', '10 in 1', 'Material', 'Other', 'Origin', 'Mainland China']",https://www.aliexpress.us/item/3256808369110645.html?algo_pvid=08211699-5368-4e27-8ff5-675bdd779484&algo_exp_id=08211699-5368-4e27-8ff5-675bdd779484-37&pdp_ext_f=%7B%22order%22%3A%22301%22%2C%22eval%22%3A%221%22%2C%22fromPage%22%3A%22search%22%7D&pdp_npi=6%40dis%21USD%213.11%210.99%21%21%213.11%210.99%21%402101062a17768925189632121ec2f2%2112000045692186263%21sea%21US%210%21ABX%211%210%21n_tag%3A-29910%3Bd%3A7753d89f%3Bm03_new_user%3A-29895%3BpisId%3A5000000203537387&curPageLogUid=rVL0z3WaCwQl&utparam-url=scene%3Asearch%7Cquery_from%3A%7Cx_object_id%3A1005008555425397%7C_p_origin_prod%3A
High Quality Newest Well Sim for 6S/SE/7/8/X/XR/XSM/11/12PM/13/14PM,$3.21 ,"https://ae-pic-a1.aliexpress-media.com/kf/S25df41b99298497ebc3261a1d5da5f23C.jpg_220x220q75.jpg_.avif,https://ae-pic-a1.aliexpress-media.com/kf/S8646f4c8b4a24f05a0c896bad76d74970.jpg_220x220q75.jpg_.avif,https://ae-pic-a1.aliexpress-media.com/kf/S18c2456119f94e308109cd21251c51ebE.jpg_220x220q75.jpg_.avif,https://ae-pic-a1.aliexpress-media.com/kf/S6c97b3bc91c249c2b6e5c243696cfe06A.jpg_220x220q75.jpg_.avif,https://ae-pic-a1.aliexpress-media.com/kf/Sae35b0d9e732461dba521111978c64a7B.jpg_220x220q75.jpg_.avif","['High-concerned chemical', 'None', 'With Magnetic', 'No', 'Pieces Included', '8 in 1', 'Material', 'Other', 'Brand Name', 'SD&HI', 'Origin', 'Mainland China']",https://www.aliexpress.us/item/3256805965878820.html?algo_pvid=08211699-5368-4e27-8ff5-675bdd779484&algo_exp_id=08211699-5368-4e27-8ff5-675bdd779484-39&pdp_ext_f=%7B%22order%22%3A%22300%22%2C%22eval%22%3A%221%22%2C%22fromPage%22%3A%22search%22%7D&pdp_npi=6%40dis%21USD%213.71%213.21%21%21%2125.22%2121.83%21%402101062a17768925189632121ec2f2%2112000035999902293%21sea%21US%210%21ABX%211%210%21n_tag%3A-29910%3Bd%3A7753d89f%3Bm03_new_user%3A-29895%3BpisId%3A5000000204886261&curPageLogUid=VhI0Yuxj2AfV&utparam-url=scene%3Asearch%7Cquery_from%3A%7Cx_object_id%3A1005006152193572%7C_p_origin_prod%3A
24 in 1 Repair Opening Tools Kit Spudger Pry Screwdriver Set for Mobile Phone Tablet Computer Disassemble Hand Tool Set 24-1pcs,$0.99 ,"https://ae-pic-a1.aliexpress-media.com/kf/S0eb1c35dc90e46d49d84a7dec5192e63i.jpg_220x220q75.jpg_.avif,https://ae-pic-a1.aliexpress-media.com/kf/S5dbf6dae168640c9a97e05d395a479c2p.jpg_220x220q75.jpg_.avif,https://ae-pic-a1.aliexpress-media.com/kf/S74b554de642a468e8883b8ee32ac956cP.jpg_220x220q75.jpg_.avif,https://ae-pic-a1.aliexpress-media.com/kf/S96c0669532f848b69136e52af5d482d9W.jpg_220x220q75.jpg_.avif,https://ae-pic-a1.aliexpress-media.com/kf/S9a421d493b954507b0be25c081053509c.jpg_220x220q75.jpg_.avif","['High-concerned chemical', 'None', 'Pieces Included', '24 in 1', 'Material', 'Other', 'Brand Name', 'BAPPSUS', 'Origin', 'Mainland China']",https://www.aliexpress.us/item/3256808881431081.html?algo_pvid=08211699-5368-4e27-8ff5-675bdd779484&algo_exp_id=08211699-5368-4e27-8ff5-675bdd779484-49&pdp_ext_f=%7B%22order%22%3A%22300%22%2C%22eval%22%3A%221%22%2C%22fromPage%22%3A%22search%22%7D&pdp_npi=6%40dis%21USD%214.75%210.99%21%21%2132.25%216.75%21%402101062a17768925189632121ec2f2%2112000047800765000%21sea%21US%210%21ABX%211%210%21n_tag%3A-29910%3Bd%3A7753d89f%3Bm03_new_user%3A-29895%3BpisId%3A5000000203537387&curPageLogUid=oZlbMgAo7YDL&utparam-url=scene%3Asearch%7Cquery_from%3A%7Cx_object_id%3A1005009067745833%7C_p_origin_prod%3A
Back Cover Glass Disassembly Tool for iPhone 14 13 12 11 Pro Xs Max Mobile Phone Repair Rear Housing Glass Remove Opening Tools,$3.23 ,"https://ae-pic-a1.aliexpress-media.com/kf/Sc78e95ed4d2e48a69df9af36943770fas.jpg_220x220q75.jpg_.avif,https://ae-pic-a1.aliexpress-media.com/kf/Sc78e95ed4d2e48a69df9af36943770fas.jpg_220x220q75.jpg_.avif,https://ae-pic-a1.aliexpress-media.com/kf/Sc32ada5bde214f9e826681da789707b2w.jpg_220x220q75.jpg_.avif,https://ae-pic-a1.aliexpress-media.com/kf/S33791560ef784c85b2c9a767ed6d282aG.jpg_220x220q75.jpg_.avif,https://ae-pic-a1.aliexpress-media.com/kf/Sd1b07836970d4f35bb5944a86eca1df8z.jpg_220x220q75.jpg_.avif","['High-concerned chemical', 'None', 'With Magnetic', 'No', 'Pieces Included', '10 in 1', 'Material', 'Other', 'Origin', 'Mainland China']",https://www.aliexpress.us/item/3256805801496576.html?algo_pvid=08211699-5368-4e27-8ff5-675bdd779484&algo_exp_id=08211699-5368-4e27-8ff5-675bdd779484-40&pdp_ext_f=%7B%22order%22%3A%22298%22%2C%22eval%22%3A%221%22%2C%22fromPage%22%3A%22search%22%7D&pdp_npi=6%40dis%21USD%2110.65%213.23%21%21%2172.29%2121.91%21%402101062a17768925189632121ec2f2%2112000035203029115%21sea%21US%210%21ABX%211%210%21n_tag%3A-29910%3Bd%3A7753d89f%3Bm03_new_user%3A-29895%3BpisId%3A5000000204886261&curPageLogUid=e0a0TElApiVP&utparam-url=scene%3Asearch%7Cquery_from%3A%7Cx_object_id%3A1005005987811328%7C_p_origin_prod%3A
Well sim pro V3.9 with QPE For IP6 to 16 promax,$19.30 ,"https://ae-pic-a1.aliexpress-media.com/kf/S3d9aa28365954c3d93d0d15fd4a144f8B.jpg?has_lang=1&ver=2_220x220q75.jpg_.avif,https://ae-pic-a1.aliexpress-media.com/kf/S1ab06c7895a643d4bcdbd67610e9c908u.jpg?has_lang=1&ver=2_220x220q75.jpg_.avif,https://ae-pic-a1.aliexpress-media.com/kf/S44f18e331feb4841a3d1fca7058299a2m.jpg?has_lang=1&ver=2_220x220q75.jpg_.avif,https://ae-pic-a1.aliexpress-media.com/kf/Sda63fce0bcbc4357a36219d9eb8c934as.jpg?has_lang=1&ver=2_220x220q75.jpg_.avif,https://ae-pic-a1.aliexpress-media.com/kf/S68f2f56a3c9644d2bc163e96765db95a2.jpg?has_lang=1&ver=2_220x220q75.jpg_.avif","['High-concerned chemical', 'None', 'With Magnetic', 'No', 'Model Number', 'Well sim pro V3.9', 'Pieces Included', '1', 'Material', 'Other', 'Origin', 'Mainland China', 'Name', 'Well sim pro V3.9', 'color', 'Yellow', 'quality', 'Best', 'Ues For', 'IP6 to 16promax', 'shipping', 'fast shipping']",https://www.aliexpress.us/item/3256808316844119.html?algo_pvid=08211699-5368-4e27-8ff5-675bdd779484&algo_exp_id=08211699-5368-4e27-8ff5-675bdd779484-41&pdp_ext_f=%7B%22order%22%3A%22295%22%2C%22eval%22%3A%221%22%2C%22fromPage%22%3A%22search%22%7D&pdp_npi=6%40dis%21USD%2119.30%2119.30%21%21%21131.00%21131.00%21%402101062a17768925189632121ec2f2%2112000045456603168%21sea%21US%210%21ABX%211%210%21n_tag%3A-29910%3Bd%3A7753d89f%3Bm03_new_user%3A-29895&curPageLogUid=pZsm735t4Wyl&utparam-url=scene%3Asearch%7Cquery_from%3A%7Cx_object_id%3A1005008503158871%7C_p_origin_prod%3A
AMAOE For Samsung SAM1-SAM21 A14 A54 BGA Reballing Stencil Tin Planting Soldering Exynos1330-E8535P 1380-E8835P Repair Tool,$2.87 ,"https://ae-pic-a1.aliexpress-media.com/kf/Sb6fd4017336a4ec6b1f62270f7b246d1u.jpg?has_lang=1&ver=1_220x220q75.jpg_.avif,https://ae-pic-a1.aliexpress-media.com/kf/Sb6fd4017336a4ec6b1f62270f7b246d1u.jpg?has_lang=1&ver=1_220x220q75.jpg_.avif,https://ae-pic-a1.aliexpress-media.com/kf/Sb8109af5ecd84c7db5a83ae4561f581f3.jpg?has_lang=1&ver=1_220x220q75.jpg_.avif,https://ae-pic-a1.aliexpress-media.com/kf/S0477f8199d4c4993b4ac324036f05a88y.jpg?has_lang=1&ver=1_220x220q75.jpg_.avif,https://ae-pic-a1.aliexpress-media.com/kf/Sa520cfb8943d46c8952e302e926af1911.jpg?has_lang=1&ver=1_220x220q75.jpg_.avif","['High-concerned chemical', 'None', 'Pieces Included', '1', 'Material', 'Other', 'Origin', 'Mainland China']",https://www.aliexpress.us/item/3256807338749895.html?algo_pvid=08211699-5368-4e27-8ff5-675bdd779484&algo_exp_id=08211699-5368-4e27-8ff5-675bdd779484-43&pdp_ext_f=%7B%22order%22%3A%22293%22%2C%22eval%22%3A%221%22%2C%22fromPage%22%3A%22search%22%7D&pdp_npi=6%40dis%21USD%213.37%212.87%21%21%2122.90%2119.51%21%402101062a17768925189632121ec2f2%2112000047412951642%21sea%21US%210%21ABX%211%210%21n_tag%3A-29910%3Bd%3A7753d89f%3Bm03_new_user%3A-29895%3BpisId%3A5000000204886261&curPageLogUid=djB5jStFa8O7&utparam-url=scene%3Asearch%7Cquery_from%3A%7Cx_object_id%3A1005007525064647%7C_p_origin_prod%3A
iFixes iTK5 Precision Screwdriver Set For iPhone LCD Screen Disassembly Phone Repair Tool,$11.89/lot,"https://ae-pic-a1.aliexpress-media.com/kf/Sf4377d3fadce42019168d87f345e71b2t.jpg?has_lang=1&ver=2_220x220q75.jpg_.avif,https://ae-pic-a1.aliexpress-media.com/kf/Sf4377d3fadce42019168d87f345e71b2t.jpg?has_lang=1&ver=2_220x220q75.jpg_.avif,https://ae-pic-a1.aliexpress-media.com/kf/Se1df6fd4024d4c64acbab784a1102169Z.jpg?has_lang=1&ver=2_220x220q75.jpg_.avif,https://ae-pic-a1.aliexpress-media.com/kf/Se7ebb83b31794f57b98a0e85981c6c2as.jpg?has_lang=1&ver=2_220x220q75.jpg_.avif,https://ae-pic-a1.aliexpress-media.com/kf/S3b9bf63acf85440b8c7e055865ee89a7W.jpg?has_lang=1&ver=2_220x220q75.jpg_.avif","['High-concerned chemical', 'None', 'Pieces Included', '6', 'Material', 'Other', 'Brand Name', 'manumoc', 'Origin', 'Mainland China']",https://www.aliexpress.us/item/3256809050595459.html?algo_pvid=08211699-5368-4e27-8ff5-675bdd779484&algo_exp_id=08211699-5368-4e27-8ff5-675bdd779484-44&pdp_ext_f=%7B%22order%22%3A%22291%22%2C%22eval%22%3A%221%22%2C%22fromPage%22%3A%22search%22%7D&pdp_npi=6%40dis%21USD%2112.39%2111.89%21%21%2184.09%2180.70%21%402101062a17768925189632121ec2f2%2112000048426369519%21sea%21US%210%21ABX%211%210%21n_tag%3A-29910%3Bd%3A7753d89f%3Bm03_new_user%3A-29895%3BpisId%3A5000000204886261&curPageLogUid=sMW1ynyoRahg&utparam-url=scene%3Asearch%7Cquery_from%3A%7Cx_object_id%3A1005009236910211%7C_p_origin_prod%3A
Metal Scalpel Knife Blades Set Face ID Dot Matrix Repair Special 4A Blade for iPhone Facial Lattice Maintenance Hand Tools Set,$0.99 ,"https://ae-pic-a1.aliexpress-media.com/kf/S7bd5ec08412144adb22b1b74baa7f303B.jpg_220x220q75.jpg_.avif,https://ae-pic-a1.aliexpress-media.com/kf/S094f91259d7b46b68d49b95e1e199e2bk.jpg_220x220q75.jpg_.avif,https://ae-pic-a1.aliexpress-media.com/kf/Sbcb33e044b164a09bb28cd8cf2700a20s.jpg_220x220q75.jpg_.avif,https://ae-pic-a1.aliexpress-media.com/kf/S65067272839d4ee29fccfc4c9aeb1c34b.jpg_220x220q75.jpg_.avif,https://ae-pic-a1.aliexpress-media.com/kf/S7ad41111b0d94db490a5b770a9d146fee.jpg_220x220q75.jpg_.avif","['High-concerned chemical', 'None', 'Pieces Included', '4', 'Material', 'Other', 'Origin', 'Mainland China']",https://www.aliexpress.us/item/3256809801850684.html?algo_pvid=08211699-5368-4e27-8ff5-675bdd779484&algo_exp_id=08211699-5368-4e27-8ff5-675bdd779484-46&pdp_ext_f=%7B%22order%22%3A%22290%22%2C%22eval%22%3A%221%22%2C%22fromPage%22%3A%22search%22%7D&pdp_npi=6%40dis%21USD%211.69%210.99%21%21%2111.44%216.69%21%402101062a17768925189632121ec2f2%2112000050920237579%21sea%21US%210%21ABX%211%210%21n_tag%3A-29910%3Bd%3A7753d89f%3Bm03_new_user%3A-29895%3BpisId%3A5000000203537387&curPageLogUid=ZQPhZpdU1cwv&utparam-url=scene%3Asearch%7Cquery_from%3A%7Cx_object_id%3A1005009988165436%7C_p_origin_prod%3A
Harmony TP Cable / Harmony Test Point cables + HW USB COM 1.0 Adapter for Huawei HarmonyOS for chimera pro tool dongle,$0.99 ,"https://ae-pic-a1.aliexpress-media.com/kf/Sdf88a23a173e42ab98dc44504ce98175W.jpg?has_lang=1&ver=2_220x220q75.jpg_.avif,https://ae-pic-a1.aliexpress-media.com/kf/Sdf88a23a173e42ab98dc44504ce98175W.jpg?has_lang=1&ver=2_220x220q75.jpg_.avif,https://ae-pic-a1.aliexpress-media.com/kf/S5c9c5409bc214948a32d3279e688a5e3H.jpg?has_lang=1&ver=2_220x220q75.jpg_.avif,https://ae-pic-a1.aliexpress-media.com/kf/Se25c3ceb864e447fa0a02b494c9b47c5F.jpg?has_lang=1&ver=2_220x220q75.jpg_.avif,https://ae-pic-a1.aliexpress-media.com/kf/S0683d938b5fc4253bfc1ec35d03b4139A.jpg?has_lang=1&ver=2_220x220q75.jpg_.avif","['High-concerned chemical', 'None', 'Pieces Included', '1', 'Material', 'Other', 'Origin', 'Mainland China']",https://www.aliexpress.us/item/3256803351866291.html?algo_pvid=08211699-5368-4e27-8ff5-675bdd779484&algo_exp_id=08211699-5368-4e27-8ff5-675bdd779484-47&pdp_ext_f=%7B%22order%22%3A%22290%22%2C%22eval%22%3A%221%22%2C%22fromPage%22%3A%22search%22%7D&pdp_npi=6%40dis%21USD%217.78%210.99%21%21%217.78%210.99%21%402101062a17768925189632121ec2f2%2112000044492434402%21sea%21US%210%21ABX%211%210%21n_tag%3A-29910%3Bd%3A7753d89f%3Bm03_new_user%3A-29895%3BpisId%3A5000000203537387&curPageLogUid=dSMjyEm9Cl8h&utparam-url=scene%3Asearch%7Cquery_from%3A%7Cx_object_id%3A1005003538181043%7C_p_origin_prod%3A
Repair Pad Insulation Heat-Resistant Soldering Station Silicon Mat Work Insulator Pad Desk Maintenance Platform phone watch tool,$5.57 ,"https://ae-pic-a1.aliexpress-media.com/kf/S9c52421a89f04e41ab283a30eca450d7c.jpg_220x220q75.jpg_.avif,https://ae-pic-a1.aliexpress-media.com/kf/Sa3b7a11744ce4396a6515b4c4601bd56p.jpg_220x220q75.jpg_.avif,https://ae-pic-a1.aliexpress-media.com/kf/S854ff97681074f3592024129fb45bcb0a.jpg_220x220q75.jpg_.avif,https://ae-pic-a1.aliexpress-media.com/kf/S72357f3185414cc48d10256ad95358750.jpg_220x220q75.jpg_.avif,https://ae-pic-a1.aliexpress-media.com/kf/S9d873d223c5f4e019d1d95aae1f83364V.jpg_220x220q75.jpg_.avif","['With Magnetic', 'Yes', 'Model Number', 'CR0070-0076', 'Pieces Included', '1', 'Material', 'Other', 'Origin', 'Mainland China']",https://www.aliexpress.us/item/3256804222995086.html?algo_pvid=08211699-5368-4e27-8ff5-675bdd779484&algo_exp_id=08211699-5368-4e27-8ff5-675bdd779484-48&pdp_ext_f=%7B%22order%22%3A%22286%22%2C%22eval%22%3A%221%22%2C%22fromPage%22%3A%22search%22%7D&pdp_npi=6%40dis%21USD%216.07%215.57%21%21%2141.18%2137.79%21%402101062a17768925189632121ec2f2%2112000029080372420%21sea%21US%210%21ABX%211%210%21n_tag%3A-29910%3Bd%3A7753d89f%3Bm03_new_user%3A-29895%3BpisId%3A5000000204886261&curPageLogUid=JR0Lx6dinP1K&utparam-url=scene%3Asearch%7Cquery_from%3A%7Cx_object_id%3A1005004409309838%7C_p_origin_prod%3A
1/4 Screw To 17MM Ball Head Mount Interface Plastic Joint Adapter For Phone Camera Car Mounting Tripods Monitors GPS Bracket,$2.16 ,"https://ae-pic-a1.aliexpress-media.com/kf/S7ccae3483f20430c82d5c586685a4cd9V.jpg_220x220q75.jpg_.avif,https://ae-pic-a1.aliexpress-media.com/kf/Se538da6889104be68f6c7b113c6be109t.jpg_220x220q75.jpg_.avif,https://ae-pic-a1.aliexpress-media.com/kf/S2fc44e118c0547879dae13e62766fc46U.jpg_220x220q75.jpg_.avif,https://ae-pic-a1.aliexpress-media.com/kf/Se5c0b6ae25ed4c30897e3f4b14413571y.jpg_220x220q75.jpg_.avif,https://ae-pic-a1.aliexpress-media.com/kf/Sdb0ba48d5f3e408fa0cec6b757e1f3dfg.jpg?has_lang=1&ver=1_220x220q75.jpg_.avif","['High-concerned chemical', 'None', 'Pieces Included', '6 in 1', 'Material', 'Other', 'Origin', 'Mainland China']",https://www.aliexpress.us/item/3256810079501789.html?algo_pvid=08211699-5368-4e27-8ff5-675bdd779484&algo_exp_id=08211699-5368-4e27-8ff5-675bdd779484-50&pdp_ext_f=%7B%22order%22%3A%22284%22%2C%22eval%22%3A%221%22%2C%22fromPage%22%3A%22search%22%7D&pdp_npi=6%40dis%21USD%215.42%212.16%21%21%2136.80%2114.64%21%402101062a17768925189632121ec2f2%2112000051715352799%21sea%21US%210%21ABX%211%210%21n_tag%3A-29910%3Bd%3A7753d89f%3Bm03_new_user%3A-29895%3BpisId%3A5000000204886261&curPageLogUid=ZSDHhrMaGhOZ&utparam-url=scene%3Asearch%7Cquery_from%3A%7Cx_object_id%3A1005010265816541%7C_p_origin_prod%3A
10Pcs 0.03mm Ultra Thin Reusable Stainless Steel Ultra Thin Pry Opening Guide Sheet Tool For Samsung iPhone Screen Repair Tools,$0.99 ,"https://ae-pic-a1.aliexpress-media.com/kf/Sdc8b69dc3f034d35959914dbfd83a0d2I.jpg_220x220q75.jpg_.avif,https://ae-pic-a1.aliexpress-media.com/kf/Se686b86276474dba8184c210d4a64f7eU.jpg_220x220q75.jpg_.avif,https://ae-pic-a1.aliexpress-media.com/kf/S4c033f8bd62c465291d379f4eb58dcd3z.jpg_220x220q75.jpg_.avif,https://ae-pic-a1.aliexpress-media.com/kf/S0a4c525a0d9347daa336883f028141b8Y.jpg_220x220q75.jpg_.avif,https://ae-pic-a1.aliexpress-media.com/kf/S26beed60b42d4bd6a0e89d7daa6ce298y.jpg_220x220q75.jpg_.avif","['High-concerned chemical', 'None', 'With Magnetic', 'No', 'Pieces Included', '10 in 1', 'Material', 'Other', 'Brand Name', 'MAIJIEKE', 'Origin', 'Mainland China']",https://www.aliexpress.us/item/3256808504395978.html?algo_pvid=08211699-5368-4e27-8ff5-675bdd779484&algo_exp_id=08211699-5368-4e27-8ff5-675bdd779484-52&pdp_ext_f=%7B%22order%22%3A%22280%22%2C%22eval%22%3A%221%22%2C%22fromPage%22%3A%22search%22%7D&pdp_npi=6%40dis%21USD%213.06%210.99%21%21%213.06%210.99%21%402101062a17768925189632121ec2f2%2112000046259136227%21sea%21US%210%21ABX%211%210%21n_tag%3A-29910%3Bd%3A7753d89f%3Bm03_new_user%3A-29895%3BpisId%3A5000000203537387&curPageLogUid=KxNtuaNjVpkf&utparam-url=scene%3Asearch%7Cquery_from%3A%7Cx_object_id%3A1005008690710730%7C_p_origin_prod%3A
Lanrui U8 2.35mm Alloy Screw Extractor Sliding Drill Bit Set LW-331 for Mobile Phone PCB Motherboard Screw Removal Repair Tools,$3.21 ,"https://ae-pic-a1.aliexpress-media.com/kf/Sf1cfb6d108c240398bb7f9ae4bedd720r.jpg_220x220q75.jpg_.avif,https://ae-pic-a1.aliexpress-media.com/kf/Sf1cfb6d108c240398bb7f9ae4bedd720r.jpg_220x220q75.jpg_.avif,https://ae-pic-a1.aliexpress-media.com/kf/S32f5c7cd78ba43f9865845b483eebec3w.jpg_220x220q75.jpg_.avif,https://ae-pic-a1.aliexpress-media.com/kf/S8d66aa263d2b47bdbc20ad5f021241feX.jpg_220x220q75.jpg_.avif,https://ae-pic-a1.aliexpress-media.com/kf/S1e9ffdd1a65945208d9dc7de668be8b7d.jpg_220x220q75.jpg_.avif","['High-concerned chemical', 'None', 'Pieces Included', '1', 'Material', 'Other', 'Brand Name', 'BRESUN', 'Origin', 'Mainland China', 'Brand Name', 'Lanrui', 'Model Number', 'U8', 'Product Type', 'Screw Extractor Drill Bit Set', 'Material', 'Alloy Tungsten Steel', 'Chuck Size', '2.35mm', 'Application', 'Electronics Repair']",https://www.aliexpress.us/item/3256809634469466.html?algo_pvid=08211699-5368-4e27-8ff5-675bdd779484&algo_exp_id=08211699-5368-4e27-8ff5-675bdd779484-53&pdp_ext_f=%7B%22order%22%3A%22278%22%2C%22eval%22%3A%221%22%2C%22fromPage%22%3A%22search%22%7D&pdp_npi=6%40dis%21USD%213.71%213.21%21%21%213.71%213.21%21%402101062a17768925189632121ec2f2%2112000057337076174%21sea%21US%210%21ABX%211%210%21n_tag%3A-29910%3Bd%3A7753d89f%3Bm03_new_user%3A-29895%3BpisId%3A5000000204886261&curPageLogUid=OD4ek009BaQj&utparam-url=scene%3Asearch%7Cquery_from%3A%7Cx_object_id%3A1005009820784218%7C_p_origin_prod%3A
Adjustable Alloy Phone Screen Repair Clamp Clip LCD Screen Fastening Fixture Holder Clamps For iPhone iPad Tablet PC Repair Tool,$0.99 ,"https://ae-pic-a1.aliexpress-media.com/kf/Sd52cfaf515d64d568a4da86e697ed6fe4.jpg?has_lang=1&ver=1_220x220q75.jpg_.avif,https://ae-pic-a1.aliexpress-media.com/kf/Sd52cfaf515d64d568a4da86e697ed6fe4.jpg?has_lang=1&ver=1_220x220q75.jpg_.avif,https://ae-pic-a1.aliexpress-media.com/kf/S21670ebc696d4c44be57b430ca6a35d5k.jpg?has_lang=1&ver=1_220x220q75.jpg_.avif,https://ae-pic-a1.aliexpress-media.com/kf/Se2005d6ee8e94adbad501d5db50ee534z.jpg?has_lang=1&ver=1_220x220q75.jpg_.avif,https://ae-pic-a1.aliexpress-media.com/kf/Saccbfe9f38864878958c744c8ce41cd3s.jpg?has_lang=1&ver=1_220x220q75.jpg_.avif","['High-concerned chemical', 'None', 'Pieces Included', '6 in 1', 'Material', 'Other', 'Brand Name', 'BAPPSUS', 'Origin', 'Mainland China']",https://www.aliexpress.us/item/3256808588173788.html?algo_pvid=08211699-5368-4e27-8ff5-675bdd779484&algo_exp_id=08211699-5368-4e27-8ff5-675bdd779484-54&pdp_ext_f=%7B%22order%22%3A%22278%22%2C%22eval%22%3A%221%22%2C%22fromPage%22%3A%22search%22%7D&pdp_npi=6%40dis%21USD%219.15%211.15%21%21%2162.15%217.84%21%402101062a17768925189632121ec2f2%2112000046617643113%21sea%21US%210%21ABX%211%210%21n_tag%3A-29910%3Bd%3A7753d89f%3Bm03_new_user%3A-29895%3BpisId%3A5000000203537387&curPageLogUid=Xmkl5cOotrIz&utparam-url=scene%3Asearch%7Cquery_from%3A%7Cx_object_id%3A1005008774488540%7C_p_origin_prod%3A
kgx 30*25cm 25*20cm Magnetic Pad Storage Working Memory Mat Screw Sort Adsorption Keeper Phone Laptop Repair Tools Marker Pen,$0.99 ,"https://ae-pic-a1.aliexpress-media.com/kf/S061acee254f24059be106f7983e97f9f0.jpg_220x220q75.jpg_.avif,https://ae-pic-a1.aliexpress-media.com/kf/S1b51976ffa9e4375849548edbc755637n.jpg_220x220q75.jpg_.avif,https://ae-pic-a1.aliexpress-media.com/kf/Se359d48173a84acc9a848b33362d8bf1K.jpg_220x220q75.jpg_.avif,https://ae-pic-a1.aliexpress-media.com/kf/S9014c1fab55a49689b8b5e9ae53d5076M.jpg_220x220q75.jpg_.avif,https://ae-pic-a1.aliexpress-media.com/kf/Se068c8af05a64e5794ccd4792cdf4aca6.jpg_220x220q75.jpg_.avif","['High-concerned chemical', 'None', 'Model Number', '30*25cm 25*20cm', 'Pieces Included', '6 in 1', 'Material', 'Other', 'Origin', 'Mainland China']",https://www.aliexpress.us/item/3256806222637351.html?algo_pvid=08211699-5368-4e27-8ff5-675bdd779484&algo_exp_id=08211699-5368-4e27-8ff5-675bdd779484-55&pdp_ext_f=%7B%22order%22%3A%22276%22%2C%22eval%22%3A%221%22%2C%22fromPage%22%3A%22search%22%7D&pdp_npi=6%40dis%21USD%2116.96%210.99%21%21%21115.11%216.68%21%402101062a17768925189632121ec2f2%2112000037059914356%21sea%21US%210%21ABX%211%210%21n_tag%3A-29910%3Bd%3A7753d89f%3Bm03_new_user%3A-29895%3BpisId%3A5000000203537387&curPageLogUid=u1f3ovlOItP0&utparam-url=scene%3Asearch%7Cquery_from%3A%7Cx_object_id%3A1005006408952103%7C_p_origin_prod%3A
YCS Diamond Cover iPhone Lens Dust Cover Mobile Phone Repair Anti-Dust Magnetic Protection Camera,$4.92 ,"https://ae-pic-a1.aliexpress-media.com/kf/Sf3c3665682514caebced5d358d4ae76cU.jpg_220x220q75.jpg_.avif,https://ae-pic-a1.aliexpress-media.com/kf/S75d464931b6f4e84a86253dcfc8d9e0eV.jpg_220x220q75.jpg_.avif,https://ae-pic-a1.aliexpress-media.com/kf/S50535642f212438b8651e918a74fc03bw.jpg_220x220q75.jpg_.avif,https://ae-pic-a1.aliexpress-media.com/kf/S74375367423740baabfe30d2fba2161ak.jpg_220x220q75.jpg_.avif,https://ae-pic-a1.aliexpress-media.com/kf/Sab2851c231c44e7b802c0622a47986a5Y.jpg_220x220q75.jpg_.avif","['High-concerned chemical', 'None', 'Pieces Included', '1', 'Material', 'Other', 'Brand Name', 'BRESUN', 'Origin', 'Mainland China']",https://www.aliexpress.us/item/3256807723111485.html?algo_pvid=08211699-5368-4e27-8ff5-675bdd779484&algo_exp_id=08211699-5368-4e27-8ff5-675bdd779484-57&pdp_ext_f=%7B%22order%22%3A%22261%22%2C%22eval%22%3A%221%22%2C%22fromPage%22%3A%22search%22%7D&pdp_npi=6%40dis%21USD%215.42%214.92%21%21%2136.81%2133.42%21%402101062a17768925189632121ec2f2%2112000056394046052%21sea%21US%210%21ABX%211%210%21n_tag%3A-29910%3Bd%3A7753d89f%3Bm03_new_user%3A-29895%3BpisId%3A5000000204886261&curPageLogUid=elB9icCrYVd7&utparam-url=scene%3Asearch%7Cquery_from%3A%7Cx_object_id%3A1005007909426237%7C_p_origin_prod%3A
12-in-1 Mobile Phone Repair Tool Kit Screen Opening Pry Tools Precision Screwdrivers Set Compatible with iPhone Samsung Xiaomi,$0.99 ,"https://ae-pic-a1.aliexpress-media.com/kf/S1113d59ac3d4438e8159fbdb934ee19dx.jpg_220x220q75.jpg_.avif,https://ae-pic-a1.aliexpress-media.com/kf/Scedd13aa8d3d4297a73a783e3ae8e29cL.jpg_220x220q75.jpg_.avif,https://ae-pic-a1.aliexpress-media.com/kf/S9b8de34463c54c55a8209441a5c4a2675.jpg_220x220q75.jpg_.avif,https://ae-pic-a1.aliexpress-media.com/kf/S3f3c75b9a9204288ba90766bd72f125dO.jpg_220x220q75.jpg_.avif,https://ae-pic-a1.aliexpress-media.com/kf/S1628f212e8384c2d8879607e0bc15da7g.jpg_220x220q75.jpg_.avif","['High-concerned chemical', 'None', 'With Magnetic', 'No', 'Model Number', 'Smartphone mobile phone', 'Pieces Included', '10 in 1', 'Material', 'Other', 'Brand Name', 'EmmaHelp', 'Origin', 'Mainland China']",https://www.aliexpress.us/item/3256807439486113.html?algo_pvid=08211699-5368-4e27-8ff5-675bdd779484&algo_exp_id=08211699-5368-4e27-8ff5-675bdd779484-58&pdp_ext_f=%7B%22order%22%3A%22260%22%2C%22eval%22%3A%221%22%2C%22fromPage%22%3A%22search%22%7D&pdp_npi=6%40dis%21USD%212.65%210.99%21%21%2117.99%216.72%21%402101062a17768925189632121ec2f2%2112000041552937163%21sea%21US%210%21ABX%211%210%21n_tag%3A-29910%3Bd%3A7753d89f%3Bm03_new_user%3A-29895%3BpisId%3A5000000203537349&curPageLogUid=1xtUrJDkypOh&utparam-url=scene%3Asearch%7Cquery_from%3A%7Cx_object_id%3A1005007625800865%7C_p_origin_prod%3A
NASAN 0.028MM--0.08MM High Hardness Alloy Steel Cutting Wire For Mobile Phone LCD Glass Screen Separation Repair Tools,$4.05 ,"https://ae-pic-a1.aliexpress-media.com/kf/S9c94acf8ffb54a33b23017d5f5dd215aY.png_220x220.png_.avif,https://ae-pic-a1.aliexpress-media.com/kf/S9c94acf8ffb54a33b23017d5f5dd215aY.png_220x220.png_.avif,https://ae-pic-a1.aliexpress-media.com/kf/Se9f520508ddf4eb28f6c887a41ddf5b8i.jpg_220x220q75.jpg_.avif,https://ae-pic-a1.aliexpress-media.com/kf/S2c5a6325ec384b42bf66d2dc8904e2bc4.jpg_220x220q75.jpg_.avif,https://ae-pic-a1.aliexpress-media.com/kf/Sfc59953a92464559ae7188cda185e3c5h.jpg_220x220q75.jpg_.avif","['High-concerned chemical', 'None', 'With Magnetic', 'No', 'Model Number', 'NA-Cutting Wire', 'Pieces Included', '1', 'Material', 'Other', 'Origin', 'Mainland China', 'Brand', 'NASAN', 'Usage', 'Phone screen repair', 'Thickness', 'Optional', 'Size', '0.028/0.03/0.035/0.04/0.05/0.06/0.08mm', 'Feature', 'High Hardness/High Preciosion']",https://www.aliexpress.us/item/3256806385591706.html?algo_pvid=08211699-5368-4e27-8ff5-675bdd779484&algo_exp_id=08211699-5368-4e27-8ff5-675bdd779484-59&pdp_ext_f=%7B%22order%22%3A%22260%22%2C%22eval%22%3A%221%22%2C%22fromPage%22%3A%22search%22%7D&pdp_npi=6%40dis%21USD%214.55%214.05%21%21%2130.86%2127.47%21%402101062a17768925189632121ec2f2%2112000037705580905%21sea%21US%210%21ABX%211%210%21n_tag%3A-29910%3Bd%3A7753d89f%3Bm03_new_user%3A-29895%3BpisId%3A5000000204886261&curPageLogUid=siqAoQTzkf1L&utparam-url=scene%3Asearch%7Cquery_from%3A%7Cx_object_id%3A1005006571906458%7C_p_origin_prod%3A
0.1mm 0.15mm Ultra-thin Plastic Disassembly Card For LCD Curved Screen Frame Separate Glue Cleaning Phone Repair Tool,$0.99 ,"https://ae-pic-a1.aliexpress-media.com/kf/S58c83e13d93b4b3e8f0f285fdde946d7z.jpg_220x220q75.jpg_.avif,https://ae-pic-a1.aliexpress-media.com/kf/S638a7d07403c40359fb7e5c0c7238360j.jpg_220x220q75.jpg_.avif,https://ae-pic-a1.aliexpress-media.com/kf/S70165d190cb0494d937e00e5c1501d84E.jpg_220x220q75.jpg_.avif,https://ae-pic-a1.aliexpress-media.com/kf/S9f6ea5317d6344d0acab25af409e0323G.jpg_220x220q75.jpg_.avif,https://ae-pic-a1.aliexpress-media.com/kf/Sb6a187ada2bc46fc80db8d097647557ai.jpg_220x220q75.jpg_.avif","['High-concerned chemical', 'None', 'Pieces Included', '1', 'Material', 'Other', 'Origin', 'Mainland China']",https://www.aliexpress.us/item/3256804949681229.html?algo_pvid=bb01d527-4eb6-41de-926d-080ef800d859&algo_exp_id=bb01d527-4eb6-41de-926d-080ef800d859-1&pdp_ext_f=%7B%22order%22%3A%22252%22%2C%22eval%22%3A%221%22%2C%22fromPage%22%3A%22search%22%7D&pdp_npi=6%40dis%21USD%215.55%210.99%21%21%2137.69%216.73%21%402151e6dc17768929340241960e8e8a%2112000031806660232%21sea%21US%210%21ABX%211%210%21n_tag%3A-29910%3Bd%3A7753d89f%3Bm03_new_user%3A-29895%3BpisId%3A5000000203537387&curPageLogUid=vcpbNL6NwDpf&utparam-url=scene%3Asearch%7Cquery_from%3A%7Cx_object_id%3A1005005135995981%7C_p_origin_prod%3A
1/3set YCS Camera Lens Cover Magnetic Protector For iPhone16/15/14/13Rear Camera Protection During Soldering Repair Shield Cover,$2.32 ,"https://ae-pic-a1.aliexpress-media.com/kf/S371808d4b0f44cb29161c4052936cdcbs.jpg?has_lang=1&ver=2_220x220q75.jpg_.avif,https://ae-pic-a1.aliexpress-media.com/kf/S371808d4b0f44cb29161c4052936cdcbs.jpg?has_lang=1&ver=2_220x220q75.jpg_.avif,https://ae-pic-a1.aliexpress-media.com/kf/Sb791c37faabc40ac9915b001f2a98a6cV.jpg_220x220q75.jpg_.avif,https://ae-pic-a1.aliexpress-media.com/kf/Sd37901d325874050bd1f08da92ea767fY.jpg_220x220q75.jpg_.avif,https://ae-pic-a1.aliexpress-media.com/kf/S99d257735d8f41ca94412aab558a3855k.jpg_220x220q75.jpg_.avif","['High-concerned chemical', 'None', 'Pieces Included', '1', 'Material', 'Other', 'Origin', 'Mainland China']",https://www.aliexpress.us/item/3256810046926000.html?algo_pvid=bb01d527-4eb6-41de-926d-080ef800d859&algo_exp_id=bb01d527-4eb6-41de-926d-080ef800d859-2&pdp_ext_f=%7B%22order%22%3A%22251%22%2C%22eval%22%3A%221%22%2C%22fromPage%22%3A%22search%22%7D&pdp_npi=6%40dis%21USD%212.32%212.32%21%21%2115.77%2115.77%21%402151e6dc17768929340241960e8e8a%2112000051631274864%21sea%21US%210%21ABX%211%210%21n_tag%3A-29910%3Bd%3A7753d89f%3Bm03_new_user%3A-29895&curPageLogUid=O13LDanc6c2q&utparam-url=scene%3Asearch%7Cquery_from%3A%7Cx_object_id%3A1005010233240752%7C_p_origin_prod%3A
Universal Whole Phone Polishing Machine Waterproof Mold For iPhone X XS Max XR 11 12 13 Pro 14 Plus i Watch Repair Tools,$7.04 ,"https://ae-pic-a1.aliexpress-media.com/kf/Se65bcaf000db40b6b9915689580bf15aH.jpg?has_lang=1&ver=2_220x220q75.jpg_.avif,https://ae-pic-a1.aliexpress-media.com/kf/Se65bcaf000db40b6b9915689580bf15aH.jpg?has_lang=1&ver=2_220x220q75.jpg_.avif,https://ae-pic-a1.aliexpress-media.com/kf/S997d14706c50469ba655f174d8d2fb82c.jpg_220x220q75.jpg_.avif,https://ae-pic-a1.aliexpress-media.com/kf/Se4073739af174c199df00d63602f00d3P.jpg_220x220q75.jpg_.avif,https://ae-pic-a1.aliexpress-media.com/kf/S4e05a38ef9dd43c5aa5e18a85dc3c053Y.jpg_220x220q75.jpg_.avif","['High-concerned chemical', 'None', 'Model Number', 'X/XS XS Max XR/11 11Pro 12 Pro Max', 'Pieces Included', '1', 'Material', 'Other', 'Brand Name', 'manumoc', 'Origin', 'Mainland China']",https://www.aliexpress.us/item/3256805037306071.html?algo_pvid=bb01d527-4eb6-41de-926d-080ef800d859&algo_exp_id=bb01d527-4eb6-41de-926d-080ef800d859-3&pdp_ext_f=%7B%22order%22%3A%22250%22%2C%22eval%22%3A%221%22%2C%22fromPage%22%3A%22search%22%7D&pdp_npi=6%40dis%21USD%217.54%217.04%21%21%2151.18%2147.79%21%402151e6dc17768929340241960e8e8a%2112000032251286380%21sea%21US%210%21ABX%211%210%21n_tag%3A-29910%3Bd%3A7753d89f%3Bm03_new_user%3A-29895%3BpisId%3A5000000204886261&curPageLogUid=1YVQErfZIa3H&utparam-url=scene%3Asearch%7Cquery_from%3A%7Cx_object_id%3A1005005223620823%7C_p_origin_prod%3A
It is Suitable For Replacing a 9mm*21mm*0.1mm Multimeter Pen Needle,$0.99 ,"https://ae-pic-a1.aliexpress-media.com/kf/S1fb03c4f06574d84964a0d7f82e984eeZ.png_220x220.png_.avif,https://ae-pic-a1.aliexpress-media.com/kf/S1fb03c4f06574d84964a0d7f82e984eeZ.png_220x220.png_.avif,https://ae-pic-a1.aliexpress-media.com/kf/S1fb03c4f06574d84964a0d7f82e984eeZ.png_220x220.png_.avif","['High-concerned chemical', 'None', 'With Magnetic', 'No', 'Pieces Included', '1', 'Material', 'Other', 'Origin', 'Mainland China']",https://www.aliexpress.us/item/3256807515027504.html?algo_pvid=bb01d527-4eb6-41de-926d-080ef800d859&algo_exp_id=bb01d527-4eb6-41de-926d-080ef800d859-4&pdp_ext_f=%7B%22order%22%3A%22249%22%2C%22eval%22%3A%221%22%2C%22fromPage%22%3A%22search%22%7D&pdp_npi=6%40dis%21USD%215.93%210.99%21%21%2140.24%216.70%21%402151e6dc17768929340241960e8e8a%2112000041911100479%21sea%21US%210%21ABX%211%210%21n_tag%3A-29910%3Bd%3A7753d89f%3Bm03_new_user%3A-29895%3BpisId%3A5000000203537387&curPageLogUid=vs68abazEGZt&utparam-url=scene%3Asearch%7Cquery_from%3A%7Cx_object_id%3A1005007701342256%7C_p_origin_prod%3A
Portable Phone Suction Cup Tool Opening Plier LCD Screens Cellphone Repair Tools for IPhone 17 16 15 IPad Samsung Xiaomi Tablets,$0.99 ,"https://ae-pic-a1.aliexpress-media.com/kf/S2c8b6d6024814581978610d5f0bbf22e3.jpg?has_lang=1&ver=1_220x220q75.jpg_.avif,https://ae-pic-a1.aliexpress-media.com/kf/See21c641bc4a42e28ed2c955edd5dd5eu.jpg?has_lang=1&ver=1_220x220q75.jpg_.avif,https://ae-pic-a1.aliexpress-media.com/kf/S802f2a906e3a42bc9e804ddc14195af6I.jpg?has_lang=1&ver=1_220x220q75.jpg_.avif,https://ae-pic-a1.aliexpress-media.com/kf/S1b81e675bd594ef48ad3cfcc22e522fct.jpg?has_lang=1&ver=1_220x220q75.jpg_.avif,https://ae-pic-a1.aliexpress-media.com/kf/S903021fd92e54a20a7feb6cb342165c89.jpg?has_lang=1&ver=1_220x220q75.jpg_.avif","['High-concerned chemical', 'None', 'With Magnetic', 'No', 'Pieces Included', '6 in 1', 'Material', 'Other', 'Origin', 'Mainland China', 'Name', 'Phone Screen Separator']",https://www.aliexpress.us/item/3256810351162064.html?algo_pvid=bb01d527-4eb6-41de-926d-080ef800d859&algo_exp_id=bb01d527-4eb6-41de-926d-080ef800d859-5&pdp_ext_f=%7B%22order%22%3A%22248%22%2C%22eval%22%3A%221%22%2C%22fromPage%22%3A%22search%22%7D&pdp_npi=6%40dis%21USD%2110.33%210.99%21%21%2170.10%216.72%21%402151e6dc17768929340241960e8e8a%2112000052742159898%21sea%21US%210%21ABX%211%210%21n_tag%3A-29910%3Bd%3A7753d89f%3Bm03_new_user%3A-29895%3BpisId%3A5000000203537387&curPageLogUid=HE3JanpCQ2vK&utparam-url=scene%3Asearch%7Cquery_from%3A%7Cx_object_id%3A1005010537476816%7C_p_origin_prod%3A
7 14 inch Silicone Suction Heating Separate Rubber Mat For Separator Machine LCD Screen Glue Cleaning Remover Phone Repair Tool,$0.99 ,"https://ae-pic-a1.aliexpress-media.com/kf/S55d80b38428d4c60a568770c983810fcw.jpg_220x220q75.jpg_.avif,https://ae-pic-a1.aliexpress-media.com/kf/S03b55db0cfb847eaa9940706131a0171x.jpg_220x220q75.jpg_.avif,https://ae-pic-a1.aliexpress-media.com/kf/S9cadfc5b45774c72a2b9a70d0688ab2d2.jpg_220x220q75.jpg_.avif,https://ae-pic-a1.aliexpress-media.com/kf/S05257522608c4bd29586b24a24823502N.jpg_220x220q75.jpg_.avif,https://ae-pic-a1.aliexpress-media.com/kf/S10e5213149ad46edaae40e0622f6fd1bL.png_220x220.png_.avif","['High-concerned chemical', 'None', 'Pieces Included', '1', 'Material', 'Other', 'Origin', 'Mainland China']",https://www.aliexpress.us/item/3256803128291728.html?algo_pvid=bb01d527-4eb6-41de-926d-080ef800d859&algo_exp_id=bb01d527-4eb6-41de-926d-080ef800d859-6&pdp_ext_f=%7B%22order%22%3A%22248%22%2C%22eval%22%3A%221%22%2C%22fromPage%22%3A%22search%22%7D&pdp_npi=6%40dis%21USD%212.55%210.99%21%21%2117.32%216.73%21%402151e6dc17768929340241960e8e8a%2112000025167550011%21sea%21US%210%21ABX%211%210%21n_tag%3A-29910%3Bd%3A7753d89f%3Bm03_new_user%3A-29895%3BpisId%3A5000000203537349&curPageLogUid=uNYjoMpjiEvP&utparam-url=scene%3Asearch%7Cquery_from%3A%7Cx_object_id%3A1005003314606480%7C_p_origin_prod%3A
4/16PCS Universal Fixture Clamp Holder Adjustable Mobile Phone Repair Tool LCD Display Screen Fastening Fixing Clip Tablet Tools,$0.99 ,"https://ae-pic-a1.aliexpress-media.com/kf/S4290c2ff1b6e4810aa367fa98cfa0304g.jpg?has_lang=1&ver=1_220x220q75.jpg_.avif,https://ae-pic-a1.aliexpress-media.com/kf/Sa48b526fd685486da8aafe85be918b9fd.jpg?has_lang=1&ver=1_220x220q75.jpg_.avif,https://ae-pic-a1.aliexpress-media.com/kf/S1e22e9510130462e8f62697548208cadz.jpg?has_lang=1&ver=1_220x220q75.jpg_.avif,https://ae-pic-a1.aliexpress-media.com/kf/Sf68a16601ad54701b1f076013b79d069F.jpg_220x220q75.jpg_.avif,https://ae-pic-a1.aliexpress-media.com/kf/Sdf1ecf2a487e490599b224693a6f7785k.jpg?has_lang=1&ver=1_220x220q75.jpg_.avif","['High-concerned chemical', 'None', 'With Magnetic', 'No', 'Pieces Included', '8 in 1', 'Material', 'Plastic', 'Origin', 'Mainland China']",https://www.aliexpress.us/item/3256810070628802.html?algo_pvid=bb01d527-4eb6-41de-926d-080ef800d859&algo_exp_id=bb01d527-4eb6-41de-926d-080ef800d859-7&pdp_ext_f=%7B%22order%22%3A%22242%22%2C%22eval%22%3A%221%22%2C%22fromPage%22%3A%22search%22%7D&pdp_npi=6%40dis%21USD%2110.27%210.99%21%21%2169.69%216.72%21%402151e6dc17768929340241960e8e8a%2112000051692491960%21sea%21US%210%21ABX%211%210%21n_tag%3A-29910%3Bd%3A7753d89f%3Bm03_new_user%3A-29895%3BpisId%3A5000000203537387&curPageLogUid=whXyvOjjHLlC&utparam-url=scene%3Asearch%7Cquery_from%3A%7Cx_object_id%3A1005010256943554%7C_p_origin_prod%3A
WYLIE For iPhone 15 Pro Max Built In Card Sticker Integrated Circuit Design Hiding Card Sticker Phone Repair Tool,$0.99 ,"https://ae-pic-a1.aliexpress-media.com/kf/Sace51ed67ae44f38a6f6c3c7590184d7c.jpg?has_lang=1&ver=1_220x220q75.jpg_.avif,https://ae-pic-a1.aliexpress-media.com/kf/Sace51ed67ae44f38a6f6c3c7590184d7c.jpg?has_lang=1&ver=1_220x220q75.jpg_.avif,https://ae-pic-a1.aliexpress-media.com/kf/S68981814a39249ea909118ed5eb2088am.jpg?has_lang=1&ver=1_220x220q75.jpg_.avif,https://ae-pic-a1.aliexpress-media.com/kf/Sfc400884b9f94f9db3b33daf7724c2c4I.jpg?has_lang=1&ver=1_220x220q75.jpg_.avif,https://ae-pic-a1.aliexpress-media.com/kf/S7e563437aa354e80b20d133f3c4182603.jpg?has_lang=1&ver=1_220x220q75.jpg_.avif","['High-concerned chemical', 'None', 'Pieces Included', '1', 'Material', 'Other', 'Origin', 'Mainland China']",https://www.aliexpress.us/item/3256808446646155.html?algo_pvid=bb01d527-4eb6-41de-926d-080ef800d859&algo_exp_id=bb01d527-4eb6-41de-926d-080ef800d859-8&pdp_ext_f=%7B%22order%22%3A%22242%22%2C%22eval%22%3A%221%22%2C%22fromPage%22%3A%22search%22%7D&pdp_npi=6%40dis%21USD%218.99%210.99%21%21%2161.02%216.71%21%402151e6dc17768929340241960e8e8a%2112000046032715761%21sea%21US%210%21ABX%211%210%21n_tag%3A-29910%3Bd%3A7753d89f%3Bm03_new_user%3A-29895%3BpisId%3A5000000203537387&curPageLogUid=ApOCPbMjFb8X&utparam-url=scene%3Asearch%7Cquery_from%3A%7Cx_object_id%3A1005008632960907%7C_p_origin_prod%3A
YCS Ultra-light Knife Handle Kits for Mobile Phones Mainboard BGA PCB Chip IC Repair Degumming Spade Scraper Repair Tools Sets,$2.26 ,"https://ae-pic-a1.aliexpress-media.com/kf/Sa25eb1beef034a8585697bd33823bfd1F.jpg_220x220q75.jpg_.avif,https://ae-pic-a1.aliexpress-media.com/kf/Sc48040b02055469cadcc23baa0db2120B.jpg_220x220q75.jpg_.avif,https://ae-pic-a1.aliexpress-media.com/kf/S2b8900f3a3ff40b49535004239e8d05a0.jpg_220x220q75.jpg_.avif,https://ae-pic-a1.aliexpress-media.com/kf/S0dfd24450ed84b62baacbd66b71d9bb8b.jpg_220x220q75.jpg_.avif,https://ae-pic-a1.aliexpress-media.com/kf/S17aedfb149a442628902fe47a665d6bba.jpg_220x220q75.jpg_.avif","['High-concerned chemical', 'None', 'With Magnetic', 'No', 'Model Number', '9G', 'Pieces Included', '1', 'Material', 'Other', 'Origin', 'Mainland China']",https://www.aliexpress.us/item/3256808786187799.html?algo_pvid=bb01d527-4eb6-41de-926d-080ef800d859&algo_exp_id=bb01d527-4eb6-41de-926d-080ef800d859-9&pdp_ext_f=%7B%22order%22%3A%22241%22%2C%22eval%22%3A%221%22%2C%22fromPage%22%3A%22search%22%7D&pdp_npi=6%40dis%21USD%215.52%212.26%21%21%2137.45%2115.33%21%402151e6dc17768929340241960e8e8a%2112000047417262262%21sea%21US%210%21ABX%211%210%21n_tag%3A-29910%3Bd%3A7753d89f%3Bm03_new_user%3A-29895%3BpisId%3A5000000204886261&curPageLogUid=R5kpykZ4k62D&utparam-url=scene%3Asearch%7Cquery_from%3A%7Cx_object_id%3A1005008972502551%7C_p_origin_prod%3A
"TSM-TOOL New,Renew TSM TOOL Pro 1,2 Year for FRP IMEI KG MDM Repair",$19.88 ,"https://ae-pic-a1.aliexpress-media.com/kf/S5f0bd5f2c2fe446b99cc1833cc0551d6F.jpg?has_lang=1&ver=2_220x220q75.jpg_.avif,https://ae-pic-a1.aliexpress-media.com/kf/S5f0bd5f2c2fe446b99cc1833cc0551d6F.jpg?has_lang=1&ver=2_220x220q75.jpg_.avif,https://ae-pic-a1.aliexpress-media.com/kf/S358144207c424756a1227e960d57be7fn.jpg?has_lang=1&ver=2_220x220q75.jpg_.avif,https://ae-pic-a1.aliexpress-media.com/kf/S69abd9b81a6d41608fb6e71f30fae952k.jpg?has_lang=1&ver=2_220x220q75.jpg_.avif,https://ae-pic-a1.aliexpress-media.com/kf/S74b8bf0f471143f4996086bdda4712c6P.jpg?has_lang=1&ver=2_220x220q75.jpg_.avif","['High-concerned chemical', 'None', 'With Magnetic', 'No', 'Model Number', 'TSM-TOOL', 'Pieces Included', '1', 'Material', 'Other', 'Origin', 'Mainland China', 'Item Type', 'TSM TOOL Pro', 'Type', 'TSM TOOL License Repair', 'Type 1', 'Support for Qualcomm Mediatek device']",https://www.aliexpress.us/item/3256809507320655.html?algo_pvid=bb01d527-4eb6-41de-926d-080ef800d859&algo_exp_id=bb01d527-4eb6-41de-926d-080ef800d859-11&pdp_ext_f=%7B%22order%22%3A%22238%22%2C%22eval%22%3A%221%22%2C%22fromPage%22%3A%22search%22%7D&pdp_npi=6%40dis%21USD%2129.13%2122.17%21%21%21197.76%21150.53%21%402151e6dc17768929340241960e8e8a%2112000049874327520%21sea%21US%210%21ABX%211%210%21n_tag%3A-29910%3Bd%3A7753d89f%3Bm03_new_user%3A-29895%3BpisId%3A5000000203537339&curPageLogUid=U6GA51gfiIx4&utparam-url=scene%3Asearch%7Cquery_from%3A%7Cx_object_id%3A1005009693635407%7C_p_origin_prod%3A
10/5/1PCS Upgrade Cellphone Fixing Clamp Plastic Fixture Clip Adjustable Fastening Clamp for IPhone IPad LCD Screen Repair Tool,$0.99 ,"https://ae-pic-a1.aliexpress-media.com/kf/S80ea67d116534a78bede8897bfac3612A.jpg_220x220q75.jpg_.avif,https://ae-pic-a1.aliexpress-media.com/kf/S71a0cb07277e450bb1a4aaabb08d22c98.jpg_220x220q75.jpg_.avif,https://ae-pic-a1.aliexpress-media.com/kf/Sa3f96db7a57f41a6a4dd60605a44f27b5.jpg_220x220q75.jpg_.avif,https://ae-pic-a1.aliexpress-media.com/kf/S92c0dc1d5c7f44be846370005d78a9416.jpg_220x220q75.jpg_.avif,https://ae-pic-a1.aliexpress-media.com/kf/Sc9a5a4257e9346bfba69a0dbd7d572998.jpg_220x220q75.jpg_.avif","['High-concerned chemical', 'None', 'With Magnetic', 'No', 'Pieces Included', '10 in 1', 'Material', 'Other', 'Origin', 'Mainland China']",https://www.aliexpress.us/item/3256808816542780.html?algo_pvid=bb01d527-4eb6-41de-926d-080ef800d859&algo_exp_id=bb01d527-4eb6-41de-926d-080ef800d859-12&pdp_ext_f=%7B%22order%22%3A%22236%22%2C%22eval%22%3A%221%22%2C%22fromPage%22%3A%22search%22%7D&pdp_npi=6%40dis%21USD%214.63%210.99%21%21%2131.42%216.68%21%402151e6dc17768929340241960e8e8a%2112000047533609005%21sea%21US%210%21ABX%211%210%21n_tag%3A-29910%3Bd%3A7753d89f%3Bm03_new_user%3A-29895%3BpisId%3A5000000203537387&curPageLogUid=ExqfrYENBPBV&utparam-url=scene%3Asearch%7Cquery_from%3A%7Cx_object_id%3A1005009002857532%7C_p_origin_prod%3A
2uul KAKA screwdriver adjustable torque screwdriver mobile phone repair tool batch head detachable,$12.71 ,"https://ae-pic-a1.aliexpress-media.com/kf/Sea9663b406c84eb0b6a12fbcb43bfccfU.jpg?has_lang=1&ver=1_220x220q75.jpg_.avif,https://ae-pic-a1.aliexpress-media.com/kf/S95589b3bf9c14e629f2b518f091832ebF.jpg_220x220q75.jpg_.avif,https://ae-pic-a1.aliexpress-media.com/kf/Sc7961ec0f9be438eb53d1f3803ebb1f4P.jpg_220x220q75.jpg_.avif,https://ae-pic-a1.aliexpress-media.com/kf/Se4e2768a0ac94b0dbaaf97d2a1b542a18.jpg_220x220q75.jpg_.avif,https://ae-pic-a1.aliexpress-media.com/kf/S93f57eaf1d134f968c3d7c64bf2e801el.jpg_220x220q75.jpg_.avif","['High-concerned chemical', 'None', 'With Magnetic', 'No', 'Pieces Included', '1', 'Material', 'Other', 'Origin', 'Mainland China']",https://www.aliexpress.us/item/3256808728124556.html?algo_pvid=bb01d527-4eb6-41de-926d-080ef800d859&algo_exp_id=bb01d527-4eb6-41de-926d-080ef800d859-13&pdp_ext_f=%7B%22order%22%3A%22235%22%2C%22eval%22%3A%221%22%2C%22fromPage%22%3A%22search%22%7D&pdp_npi=6%40dis%21USD%2123.13%2115.13%21%21%21157.05%21102.74%21%402151e6dc17768929340241960e8e8a%2112000047183665758%21sea%21US%210%21ABX%211%210%21n_tag%3A-29910%3Bd%3A7753d89f%3Bm03_new_user%3A-29895%3BpisId%3A5000000203537387&curPageLogUid=eNFf8I3ESC53&utparam-url=scene%3Asearch%7Cquery_from%3A%7Cx_object_id%3A1005008914439308%7C_p_origin_prod%3A
100PCS Protective Camera Sticker For IPhone 6G-15Promax Camera Repair Infrared Dot Matrix replacement Protect Tool,$1.43 ,"https://ae-pic-a1.aliexpress-media.com/kf/Se15fa5ea5b4a4d14a06725d53a306064j.png_220x220.png_.avif,https://ae-pic-a1.aliexpress-media.com/kf/Se15fa5ea5b4a4d14a06725d53a306064j.png_220x220.png_.avif,https://ae-pic-a1.aliexpress-media.com/kf/S0bd92e40acdc499cad6a0550aa1766f6t.jpg_220x220q75.jpg_.avif,https://ae-pic-a1.aliexpress-media.com/kf/S0d1891dc71ff4e7bbf117c742f34b8439.jpg_220x220q75.jpg_.avif,https://ae-pic-a1.aliexpress-media.com/kf/S9bc9f237ffff4b6d8493d48113477b64U.jpg_220x220q75.jpg_.avif","['High-concerned chemical', 'None', 'With Magnetic', 'No', 'Model Number', 'photo stickers', 'Pieces Included', '100PCS', 'Material', 'Other', 'Origin', 'Mainland China', 'Item name', 'camera Protective sticker', 'quantity', '100PCS/Lot']",https://www.aliexpress.us/item/3256806158325859.html?algo_pvid=bb01d527-4eb6-41de-926d-080ef800d859&algo_exp_id=bb01d527-4eb6-41de-926d-080ef800d859-14&pdp_ext_f=%7B%22order%22%3A%22235%22%2C%22eval%22%3A%221%22%2C%22fromPage%22%3A%22search%22%7D&pdp_npi=6%40dis%21USD%211.93%211.43%21%21%2113.13%219.74%21%402151e6dc17768929340241960e8e8a%2112000036832937723%21sea%21US%210%21ABX%211%210%21n_tag%3A-29910%3Bd%3A7753d89f%3Bm03_new_user%3A-29895%3BpisId%3A5000000204886261&curPageLogUid=Em29lnWvizYR&utparam-url=scene%3Asearch%7Cquery_from%3A%7Cx_object_id%3A1005006344640611%7C_p_origin_prod%3A
Universal Stainless Steel Separation Residual Needle Tube For Glue Remover Phone Repair Tool,$1.68 ,"https://ae-pic-a1.aliexpress-media.com/kf/S88f4912b3e104ba7b4253e54493e493eG.jpg_220x220q75.jpg_.avif,https://ae-pic-a1.aliexpress-media.com/kf/H57a46ebda25d4d759b9749d727bb3052o.jpg_220x220q75.jpg_.avif,https://ae-pic-a1.aliexpress-media.com/kf/Hc39a2bc2f6cc4ffbae0f0925a6ea5573f.jpg_220x220q75.jpg_.avif,https://ae-pic-a1.aliexpress-media.com/kf/Sf58383acde5945a48405e670f54a89e8j.png_220x220.png_.avif,https://ae-pic-a1.aliexpress-media.com/kf/Sd93a950408b14de8a4ca4cb2877291dbc.png_220x220.png_.avif","['High-concerned chemical', 'None', 'Pieces Included', '1', 'Material', 'Other', 'Origin', 'Mainland China']",https://www.aliexpress.us/item/3256803472484717.html?algo_pvid=bb01d527-4eb6-41de-926d-080ef800d859&algo_exp_id=bb01d527-4eb6-41de-926d-080ef800d859-15&pdp_ext_f=%7B%22order%22%3A%22234%22%2C%22eval%22%3A%221%22%2C%22fromPage%22%3A%22search%22%7D&pdp_npi=6%40dis%21USD%212.18%211.68%21%21%2114.79%2111.40%21%402151e6dc17768929340241960e8e8a%2112000026685974668%21sea%21US%210%21ABX%211%210%21n_tag%3A-29910%3Bd%3A7753d89f%3Bm03_new_user%3A-29895%3BpisId%3A5000000204886261&curPageLogUid=EPV3xXcxbpAk&utparam-url=scene%3Asearch%7Cquery_from%3A%7Cx_object_id%3A1005003658799469%7C_p_origin_prod%3A
100pcs New Phone Front Glass Factory Paper Protective Films For iP 17 16 15 Plus Pro ProMax LCD Outer Screen Protector stickers,$15.45 ,"https://ae-pic-a1.aliexpress-media.com/kf/S70f5cafe7d474022a86cd1931642969aO.jpg_220x220q75.jpg_.avif,https://ae-pic-a1.aliexpress-media.com/kf/S70f5cafe7d474022a86cd1931642969aO.jpg_220x220q75.jpg_.avif,https://ae-pic-a1.aliexpress-media.com/kf/Sbf4ae69dc6b048f4b03c3619b09e33d7e.jpg_220x220q75.jpg_.avif,https://ae-pic-a1.aliexpress-media.com/kf/S8ef88b119d6e48ceaffccd4a91d67d1cz.jpg_220x220q75.jpg_.avif,https://ae-pic-a1.aliexpress-media.com/kf/S42658b74b285412b97a0d6e0324392c3u.jpg_220x220q75.jpg_.avif","['High-concerned chemical', 'None', 'With Magnetic', 'No', 'Model Number', '15 15pro 15plus 15promax', 'Pieces Included', '100', 'Material', 'Other', 'Brand Name', 'fonlyu', 'Origin', 'Mainland China', 'Function', 'For New Phone Screen Packaging', 'Model 1', 'For ip15 15pro 15plus 15promax', 'Model 2', 'For ip16 16pro 16plus 16promax', 'Model 3', 'For ip14 14pro 14plus 14promax', 'Model 4', 'For ip17 17pro 17Air 17promax']",https://www.aliexpress.us/item/3256807876112310.html?algo_pvid=bb01d527-4eb6-41de-926d-080ef800d859&algo_exp_id=bb01d527-4eb6-41de-926d-080ef800d859-17&pdp_ext_f=%7B%22order%22%3A%22228%22%2C%22eval%22%3A%221%22%2C%22fromPage%22%3A%22search%22%7D&pdp_npi=6%40dis%21USD%2123.24%2117.74%21%21%2123.24%2117.74%21%402151e6dc17768929340241960e8e8a%2112000051041311007%21sea%21US%210%21ABX%211%210%21n_tag%3A-29910%3Bd%3A7753d89f%3Bm03_new_user%3A-29895%3BpisId%3A5000000203537339&curPageLogUid=DUkvgyIKaxO9&utparam-url=scene%3Asearch%7Cquery_from%3A%7Cx_object_id%3A1005008062427062%7C_p_origin_prod%3A
Blue White Silicone Roller Phone LCD Screen OCA Polarizer Film Press For iPhone Samsung LCD Refurbish Repair Tool,$0.99 ,"https://ae-pic-a1.aliexpress-media.com/kf/S9b2608798264469e878f8534fb8b1db9O.jpg_220x220q75.jpg_.avif,https://ae-pic-a1.aliexpress-media.com/kf/S5191283dd2e84b5d95d0d015958ad379j.jpg_220x220q75.jpg_.avif,https://ae-pic-a1.aliexpress-media.com/kf/Scd61e96ad4434e0487c00c5ce0ead0431.jpg_220x220q75.jpg_.avif,https://ae-pic-a1.aliexpress-media.com/kf/S15da17971b534aaeb0f96ad165a0e737i.jpg_220x220q75.jpg_.avif,https://ae-pic-a1.aliexpress-media.com/kf/Se1fe964ad6854875a98aded66bfb8aa8F.jpg_220x220q75.jpg_.avif","['High-concerned chemical', 'None', 'Pieces Included', '1', 'Material', 'Other', 'Origin', 'Mainland China']",https://www.aliexpress.us/item/3256803285929228.html?algo_pvid=bb01d527-4eb6-41de-926d-080ef800d859&algo_exp_id=bb01d527-4eb6-41de-926d-080ef800d859-22&pdp_ext_f=%7B%22order%22%3A%22228%22%2C%22eval%22%3A%221%22%2C%22fromPage%22%3A%22search%22%7D&pdp_npi=6%40dis%21USD%215.75%210.99%21%21%2139.01%216.69%21%402151e6dc17768929340241960e8e8a%2112000051183551090%21sea%21US%210%21ABX%211%210%21n_tag%3A-29910%3Bd%3A7753d89f%3Bm03_new_user%3A-29895%3BpisId%3A5000000203537387&curPageLogUid=aLJDwJTsOVXN&utparam-url=scene%3Asearch%7Cquery_from%3A%7Cx_object_id%3A1005003472243980%7C_p_origin_prod%3A
Original F64 UFS FPC V2 + eMMC FPC V2 Flex Cable for Flash 64 Ultra / Lite Box,$15.53 ,"https://ae-pic-a1.aliexpress-media.com/kf/S779529a683dd4e8cb2a825e7972bd543h.jpg_220x220q75.jpg_.avif,https://ae-pic-a1.aliexpress-media.com/kf/S18eb311dfcb64e19b48cb6c23160c1414.png_220x220.png_.avif,https://ae-pic-a1.aliexpress-media.com/kf/S1fa87f9ec66c45abb764dedfbb4ac8db2.jpg_220x220q75.jpg_.avif,https://ae-pic-a1.aliexpress-media.com/kf/S56403f664713458cb466395f38ff80adn.jpg_220x220q75.jpg_.avif,https://ae-pic-a1.aliexpress-media.com/kf/Scf8d309035514e72979b61cddffa34b4x.jpg_220x220q75.jpg_.avif","['High-concerned chemical', 'None', 'With Magnetic', 'No', 'Model Number', 'Original F64 UFS FPC V2 + eMMC FPC V2 Flex Cable for Flash 64 Ultra /', 'Pieces Included', '1', 'Material', 'Other', 'Origin', 'Mainland China']",https://www.aliexpress.us/item/3256810543854783.html?algo_pvid=bb01d527-4eb6-41de-926d-080ef800d859&algo_exp_id=bb01d527-4eb6-41de-926d-080ef800d859-18&pdp_ext_f=%7B%22order%22%3A%22227%22%2C%22eval%22%3A%221%22%2C%22fromPage%22%3A%22search%22%7D&pdp_npi=6%40dis%21USD%2116.03%2115.53%21%21%2116.03%2115.53%21%402151e6dc17768929340241960e8e8a%2112000053336118198%21sea%21US%210%21ABX%211%210%21n_tag%3A-29910%3Bd%3A7753d89f%3Bm03_new_user%3A-29895%3BpisId%3A5000000204886261&curPageLogUid=ThjCQhsliMXa&utparam-url=scene%3Asearch%7Cquery_from%3A%7Cx_object_id%3A1005010730169535%7C_p_origin_prod%3A
Lanrui M191 Universal Switch Clip Power On Tool Dual Mode Detection Current Tester For iPhone Android Tablet iPad Repair Tool,$0.99 ,"https://ae-pic-a1.aliexpress-media.com/kf/S125c5c76c64946338400dfb847124fc4c.jpeg_220x220q75.jpeg_.avif,https://ae-pic-a1.aliexpress-media.com/kf/S125c5c76c64946338400dfb847124fc4c.jpeg_220x220q75.jpeg_.avif,https://ae-pic-a1.aliexpress-media.com/kf/Sc5b39f62966a4acbbac63d45feeb38666.jpg_220x220q75.jpg_.avif,https://ae-pic-a1.aliexpress-media.com/kf/Sb28fb049aa0f410fa7652459b8241a8aa.jpg_220x220q75.jpg_.avif,https://ae-pic-a1.aliexpress-media.com/kf/S74afb7df976b444fada67da973582636t.jpg_220x220q75.jpg_.avif","['High-concerned chemical', 'None', 'Model Number', 'SS-904A', 'Pieces Included', '6 in 1', 'Material', 'Other', 'Brand Name', 'manumoc', 'Origin', 'Mainland China']",https://www.aliexpress.us/item/3256811722818586.html?algo_pvid=bb01d527-4eb6-41de-926d-080ef800d859&algo_exp_id=bb01d527-4eb6-41de-926d-080ef800d859-24&pdp_ext_f=%7B%22order%22%3A%22226%22%2C%22eval%22%3A%221%22%2C%22fromPage%22%3A%22search%22%7D&pdp_npi=6%40dis%21USD%217.68%210.99%21%21%2152.12%216.70%21%402151e6dc17768929340241960e8e8a%2112000056983219285%21sea%21US%210%21ABX%211%210%21n_tag%3A-29910%3Bd%3A7753d89f%3Bm03_new_user%3A-29895%3BpisId%3A5000000203537387&curPageLogUid=iZ3Pvk3BjxtO&utparam-url=scene%3Asearch%7Cquery_from%3A%7Cx_object_id%3A1005011909133338%7C_p_origin_prod%3A
22 in 1 Mobile Phone Repair Tools Opening Screwdriver Set for iPhone iPad Laptop Computer Disassemble Hand Tool Kit Opening Tool,$0.99 ,"https://ae-pic-a1.aliexpress-media.com/kf/S1278b4134b314a39a15b9fe710c7b7260.jpg_220x220q75.jpg_.avif,https://ae-pic-a1.aliexpress-media.com/kf/S1278b4134b314a39a15b9fe710c7b7260.jpg_220x220q75.jpg_.avif,https://ae-pic-a1.aliexpress-media.com/kf/H8e61fcaf7e8c4abcbeab961a3521a8d2P.jpg_220x220q75.jpg_.avif,https://ae-pic-a1.aliexpress-media.com/kf/H6759193668b54d32ac0fd06f22b92b794.jpg_220x220q75.jpg_.avif,https://ae-pic-a1.aliexpress-media.com/kf/H0d35a376b28444cab251e886dbfea94eR.jpg_220x220q75.jpg_.avif","['High-concerned chemical', 'None', 'With Magnetic', 'No', 'Model Number', 'Smartphone ,Tablets,PC,Laptop,pad', 'Pieces Included', '21', 'Material', 'Chrome Vanadium Steel', 'Origin', 'Mainland China']",https://www.aliexpress.us/item/3256805343230802.html?algo_pvid=bb01d527-4eb6-41de-926d-080ef800d859&algo_exp_id=bb01d527-4eb6-41de-926d-080ef800d859-21&pdp_ext_f=%7B%22order%22%3A%22219%22%2C%22eval%22%3A%221%22%2C%22fromPage%22%3A%22search%22%7D&pdp_npi=6%40dis%21USD%2112.07%210.99%21%21%2181.91%216.68%21%402151e6dc17768929340241960e8e8a%2112000033436777791%21sea%21US%210%21ABX%211%210%21n_tag%3A-29910%3Bd%3A7753d89f%3Bm03_new_user%3A-29895%3BpisId%3A5000000203537387&curPageLogUid=csaeczWki0d4&utparam-url=scene%3Asearch%7Cquery_from%3A%7Cx_object_id%3A1005005529545554%7C_p_origin_prod%3A
Guide Sticker Wipes Wet Dry Paper Screen Cloth Dust Absorber Clean Dedust For Mobile Phone Tablet Camera Lens Tempered Glass,$2.08 ,"https://ae-pic-a1.aliexpress-media.com/kf/S3fb2153a0d80443880ca128d61fa40fck.jpg_220x220q75.jpg_.avif,https://ae-pic-a1.aliexpress-media.com/kf/Sd8bb6c23f9b645168ac8aafda8d67995k.jpg_220x220q75.jpg_.avif,https://ae-pic-a1.aliexpress-media.com/kf/S246ab260550a40378c0a635d1aa0853aX.jpg_220x220q75.jpg_.avif,https://ae-pic-a1.aliexpress-media.com/kf/S979a794d46494ed99f9232696c673156z.jpg_220x220q75.jpg_.avif,https://ae-pic-a1.aliexpress-media.com/kf/Sbb849d4e45984f5f92ed4b23cc6ca776z.jpg_220x220q75.jpg_.avif","['High-concerned chemical', 'None', 'With Magnetic', 'No', 'Model Number', 'For Smartphone', 'Pieces Included', '6 in 1', 'Material', 'Other', 'Brand Name', 'E-KINLIN', 'Origin', 'Mainland China', 'Usage', 'Smartphone Disassemble Tools', 'Type', 'Screen Clean']",https://www.aliexpress.us/item/3256803898198585.html?algo_pvid=bb01d527-4eb6-41de-926d-080ef800d859&algo_exp_id=bb01d527-4eb6-41de-926d-080ef800d859-23&pdp_ext_f=%7B%22order%22%3A%22215%22%2C%22eval%22%3A%221%22%2C%22fromPage%22%3A%22search%22%7D&pdp_npi=6%40dis%21USD%212.58%212.08%21%21%212.58%212.08%21%402151e6dc17768929340241960e8e8a%2112000027984196793%21sea%21US%210%21ABX%211%210%21n_tag%3A-29910%3Bd%3A7753d89f%3Bm03_new_user%3A-29895%3BpisId%3A5000000204886261&curPageLogUid=4yUorJRe8n5z&utparam-url=scene%3Asearch%7Cquery_from%3A%7Cx_object_id%3A1005004084513337%7C_p_origin_prod%3A
Lanrui K9 15ml Thixotropic De Sulfurization Paste for Fingerprint Flight Line/battery Holder/tail Plug Welding Repair,$4.83 ,"https://ae-pic-a1.aliexpress-media.com/kf/S42c7d2cb06f243329a209226c47ebb81p.jpg_220x220q75.jpg_.avif,https://ae-pic-a1.aliexpress-media.com/kf/S42c7d2cb06f243329a209226c47ebb81p.jpg_220x220q75.jpg_.avif,https://ae-pic-a1.aliexpress-media.com/kf/S436efd9586ed4c22999d29cf0d36ffbac.jpg_220x220q75.jpg_.avif,https://ae-pic-a1.aliexpress-media.com/kf/Sc171764a4006464680d408ee20561ca8d.jpg_220x220q75.jpg_.avif,https://ae-pic-a1.aliexpress-media.com/kf/S61d93651f00b47599084f3c6e42571d8W.jpg_220x220q75.jpg_.avif","['High-concerned chemical', 'None', 'With Magnetic', 'No', 'Model Number', 'Lanrui K9', 'Pieces Included', '1', 'Material', 'Other', 'Brand Name', 'NoEnName_Null', 'Origin', 'Mainland China']",https://www.aliexpress.us/item/3256808084431546.html?algo_pvid=bb01d527-4eb6-41de-926d-080ef800d859&algo_exp_id=bb01d527-4eb6-41de-926d-080ef800d859-25&pdp_ext_f=%7B%22order%22%3A%22213%22%2C%22eval%22%3A%221%22%2C%22fromPage%22%3A%22search%22%7D&pdp_npi=6%40dis%21USD%215.33%214.83%21%21%2136.18%2132.79%21%402151e6dc17768929340241960e8e8a%2112000044433057272%21sea%21US%210%21ABX%211%210%21n_tag%3A-29910%3Bd%3A7753d89f%3Bm03_new_user%3A-29895%3BpisId%3A5000000204886261&curPageLogUid=p0Buvtljgfjq&utparam-url=scene%3Asearch%7Cquery_from%3A%7Cx_object_id%3A1005008270746298%7C_p_origin_prod%3A
New MKSD v2.0 sim for version V18.x IP6 to 16promax,$89.25 ,"https://ae-pic-a1.aliexpress-media.com/kf/S777d5d5af305476ab4939c86a4fa8e39R.jpg?has_lang=1&ver=2_220x220q75.jpg_.avif,https://ae-pic-a1.aliexpress-media.com/kf/S9bc5ca3149024ccaa8253a08263b6f569.jpg?has_lang=1&ver=2_220x220q75.jpg_.avif,https://ae-pic-a1.aliexpress-media.com/kf/S4d67249b030c4dd9b33b272470d0d3d8B.jpg?has_lang=1&ver=2_220x220q75.jpg_.avif,https://ae-pic-a1.aliexpress-media.com/kf/S96e8614c5a2d43ca95e4dda5123eba095.jpg?has_lang=1&ver=2_220x220q75.jpg_.avif,https://ae-pic-a1.aliexpress-media.com/kf/Sd7b49be2bcfb41e2a329e4a93996103dG.jpg?has_lang=1&ver=2_220x220q75.jpg_.avif","['High-concerned chemical', 'None', 'With Magnetic', 'No', 'Model Number', 'MKSD V2.0', 'Pieces Included', '1', 'Material', 'Other', 'Origin', 'Mainland China', 'Name', 'MKSD V2.0', 'for', 'for IP6 to 16promax IOS 18', 'quality', 'Best']",https://www.aliexpress.us/item/3256804274879459.html?algo_pvid=bb01d527-4eb6-41de-926d-080ef800d859&algo_exp_id=bb01d527-4eb6-41de-926d-080ef800d859-26&pdp_ext_f=%7B%22order%22%3A%22212%22%2C%22eval%22%3A%221%22%2C%22fromPage%22%3A%22search%22%7D&pdp_npi=6%40dis%21USD%2189.75%2189.25%21%21%2189.75%2189.25%21%402151e6dc17768929340241960e8e8a%2112000029250929052%21sea%21US%210%21ABX%211%210%21n_tag%3A-29910%3Bd%3A7753d89f%3Bm03_new_user%3A-29895%3BpisId%3A5000000204886261&curPageLogUid=M4in6FhqKlW4&utparam-url=scene%3Asearch%7Cquery_from%3A%7Cx_object_id%3A1005004461194211%7C_p_origin_prod%3A
LCD Screen Opening Tool Mobile Phone Heavy Duty Suction Cup Disassembly Opener Repair Tools Hand Sets For Car Dent Glass Suction,$0.99 ,"https://ae-pic-a1.aliexpress-media.com/kf/S077ed419a62b423d946d35d6e9f7a64eY.jpg_220x220q75.jpg_.avif,https://ae-pic-a1.aliexpress-media.com/kf/S5a6a83c3313d4344a5bd17ac9cb5d21fZ.jpg?has_lang=1&ver=1_220x220q75.jpg_.avif,https://ae-pic-a1.aliexpress-media.com/kf/S249d775bd9d346e8a432e66573fc3b71E.jpg?has_lang=1&ver=1_220x220q75.jpg_.avif,https://ae-pic-a1.aliexpress-media.com/kf/Saef8f6e8c1bf4e97be49fd7bab7b629fv.jpg?has_lang=1&ver=1_220x220q75.jpg_.avif,https://ae-pic-a1.aliexpress-media.com/kf/S6b3db0d207ec4d089690c91553ed6c30A.jpg?has_lang=1&ver=1_220x220q75.jpg_.avif","['High-concerned chemical', 'None', 'With Magnetic', 'No', 'Pieces Included', '1pcs', 'Material', 'Plastic', 'Origin', 'Mainland China']",https://www.aliexpress.us/item/3256809822892845.html?algo_pvid=bb01d527-4eb6-41de-926d-080ef800d859&algo_exp_id=bb01d527-4eb6-41de-926d-080ef800d859-27&pdp_ext_f=%7B%22order%22%3A%22211%22%2C%22eval%22%3A%221%22%2C%22fromPage%22%3A%22search%22%7D&pdp_npi=6%40dis%21USD%214.61%210.99%21%21%2131.31%216.76%21%402151e6dc17768929340241960e8e8a%2112000050828841511%21sea%21US%210%21ABX%211%210%21n_tag%3A-29910%3Bd%3A7753d89f%3Bm03_new_user%3A-29895%3BpisId%3A5000000203537387&curPageLogUid=Ul7sGAQFwITn&utparam-url=scene%3Asearch%7Cquery_from%3A%7Cx_object_id%3A1005010009207597%7C_p_origin_prod%3A
XHZC LCD OCA Alignment Position Mold Laminating Mould With Frame For iPhone 15 13 Pro Max 14 Plus 15pro Screen Repair Tool,$8.59 ,"https://ae-pic-a1.aliexpress-media.com/kf/S4f12421fb1c64dd78c6109ba8c83acfcN.jpg_220x220q75.jpg_.avif,https://ae-pic-a1.aliexpress-media.com/kf/S26717563ca67426ebd2e667d7208f6d2k.jpg_220x220q75.jpg_.avif,https://ae-pic-a1.aliexpress-media.com/kf/S933adb61d7fc4c7fa0c6f7781562df7a5.jpg_220x220q75.jpg_.avif,https://ae-pic-a1.aliexpress-media.com/kf/S1d083115212c4d84bef84ea5df8a959ca.jpg_220x220q75.jpg_.avif,https://ae-pic-a1.aliexpress-media.com/kf/S924146d633054701bd7db8e9f40bd2efo.jpg_220x220q75.jpg_.avif","['High-concerned chemical', 'None', 'Pieces Included', '1', 'Material', 'Other', 'Brand Name', 'BRESUN', 'Origin', 'Mainland China']",https://www.aliexpress.us/item/3256807516374666.html?algo_pvid=bb01d527-4eb6-41de-926d-080ef800d859&algo_exp_id=bb01d527-4eb6-41de-926d-080ef800d859-28&pdp_ext_f=%7B%22order%22%3A%22211%22%2C%22eval%22%3A%221%22%2C%22fromPage%22%3A%22search%22%7D&pdp_npi=6%40dis%21USD%219.09%218.59%21%21%2161.73%2158.34%21%402151e6dc17768929340241960e8e8a%2112000041914041473%21sea%21US%210%21ABX%211%210%21n_tag%3A-29910%3Bd%3A7753d89f%3Bm03_new_user%3A-29895%3BpisId%3A5000000204886261&curPageLogUid=iW5K0v49QhfK&utparam-url=scene%3Asearch%7Cquery_from%3A%7Cx_object_id%3A1005007702689418%7C_p_origin_prod%3A
Built-In DB Double-SIM Slot Card Flex For Single Card And Dual Card For IP12-13-14-15-16 Series,$3.79 ,"https://ae-pic-a1.aliexpress-media.com/kf/S4e07603a100d475983c6ebe6512ac6eaa.png?has_lang=1&ver=2_220x220.png_.avif,https://ae-pic-a1.aliexpress-media.com/kf/S83ef1295d1e247048a2305ce505e22303.png?has_lang=1&ver=2_220x220.png_.avif,https://ae-pic-a1.aliexpress-media.com/kf/S47c29f9bdadc496f8cf61fb7b5901294x.png?has_lang=1&ver=2_220x220.png_.avif,https://ae-pic-a1.aliexpress-media.com/kf/Sd26a432ad76446449f3111519187f653N.png?has_lang=1&ver=2_220x220.png_.avif,https://ae-pic-a1.aliexpress-media.com/kf/Sfd915735b9234424925be6a5bdacc482r.png?has_lang=1&ver=2_220x220.png_.avif","['High-concerned chemical', 'None', 'With Magnetic', 'No', 'Model Number', 'Built-In DB Double-SIM Slot Card Flex', 'Pieces Included', '1', 'Material', 'Other', 'Origin', 'Mainland China', 'Name', 'Built-In DB Double-SIM Slot Card Flex']",https://www.aliexpress.us/item/3256810004448743.html?algo_pvid=bb01d527-4eb6-41de-926d-080ef800d859&algo_exp_id=bb01d527-4eb6-41de-926d-080ef800d859-29&pdp_ext_f=%7B%22order%22%3A%22206%22%2C%22eval%22%3A%221%22%2C%22fromPage%22%3A%22search%22%7D&pdp_npi=6%40dis%21USD%213.79%213.79%21%21%2125.75%2125.75%21%402151e6dc17768929340241960e8e8a%2112000051468825247%21sea%21US%210%21ABX%211%210%21n_tag%3A-29910%3Bd%3A7753d89f%3Bm03_new_user%3A-29895&curPageLogUid=Z79ky1bkdgyt&utparam-url=scene%3Asearch%7Cquery_from%3A%7Cx_object_id%3A1005010190763495%7C_p_origin_prod%3A
well sim pro smart V+2 with QPE working for version 18.2 For IP6 to 16 promax,$20.80 ,"https://ae-pic-a1.aliexpress-media.com/kf/Se2d1086d7cd346d192ad681a9d1bc678v.jpg_220x220q75.jpg_.avif,https://ae-pic-a1.aliexpress-media.com/kf/S525f141bdc2145ceb2f4bb671fab355cp.jpg_220x220q75.jpg_.avif,https://ae-pic-a1.aliexpress-media.com/kf/S8f176a02d535469f9ef332b654ad26c3P.jpg_220x220q75.jpg_.avif,https://ae-pic-a1.aliexpress-media.com/kf/S7e680e422df94e6c88c5c26d106f504bK.jpg_220x220q75.jpg_.avif","['High-concerned chemical', 'None', 'With Magnetic', 'No', 'Model Number', 'well sim pro smar', 'Pieces Included', '1', 'Material', 'Other', 'Origin', 'Mainland China', 'Name', 'well sim pro smar', 'quality', 'Best', 'Ues For', 'IP6 to 16promax', 'color', 'Yellow', 'shipping', 'fast shipping', 'Size', '8.6*5.4cm', 'weight', '10g']",https://www.aliexpress.us/item/3256808329048598.html?algo_pvid=bb01d527-4eb6-41de-926d-080ef800d859&algo_exp_id=bb01d527-4eb6-41de-926d-080ef800d859-30&pdp_ext_f=%7B%22order%22%3A%22205%22%2C%22eval%22%3A%221%22%2C%22fromPage%22%3A%22search%22%7D&pdp_npi=6%40dis%21USD%2121.30%2120.80%21%21%21144.62%21141.23%21%402151e6dc17768929340241960e8e8a%2112000045514950863%21sea%21US%210%21ABX%211%210%21n_tag%3A-29910%3Bd%3A7753d89f%3Bm03_new_user%3A-29895%3BpisId%3A5000000204886261&curPageLogUid=ALX4HaLyKvpf&utparam-url=scene%3Asearch%7Cquery_from%3A%7Cx_object_id%3A1005008515363350%7C_p_origin_prod%3A
Shovel Glue Scraper Blade Flat Mouth Blade 4A 16 No.11 BSD Film Carving Knife Pure Silver Color Utility Knife Phone Repair Tools,$1.84 ,"https://ae-pic-a1.aliexpress-media.com/kf/S020bdfbd198a41c69f22fa8d2da4bf75n.jpg_220x220q75.jpg_.avif,https://ae-pic-a1.aliexpress-media.com/kf/S020bdfbd198a41c69f22fa8d2da4bf75n.jpg_220x220q75.jpg_.avif,https://ae-pic-a1.aliexpress-media.com/kf/S43527d70779d4d72b20030a2939d9d4aH.jpg_220x220q75.jpg_.avif,https://ae-pic-a1.aliexpress-media.com/kf/Sc21170f245824383a42c59e8001480992.jpg_220x220q75.jpg_.avif,https://ae-pic-a1.aliexpress-media.com/kf/S9867e81db33f468fa25eca15f64b55f0o.jpg_220x220q75.jpg_.avif","['With Magnetic', 'No', 'Model Number', '4A', 'Pieces Included', '10 in 1', 'Material', 'S2 Alloy Steel', 'Brand Name', 'NoEnName_Null', 'Origin', 'Mainland China', 'item name', 'BSD Stainless Steel Blade', 'Model', 'BSD No.4A 16 11', 'material', 'Stainless Steel', 'Function 1', 'Cutting Clean Glue', 'Function 2', 'Engraving', 'Function 3', 'Mobile Repair Motherboard']",https://www.aliexpress.us/item/3256804506225984.html?algo_pvid=bb01d527-4eb6-41de-926d-080ef800d859&algo_exp_id=bb01d527-4eb6-41de-926d-080ef800d859-31&pdp_ext_f=%7B%22order%22%3A%22204%22%2C%22eval%22%3A%221%22%2C%22fromPage%22%3A%22search%22%7D&pdp_npi=6%40dis%21USD%212.34%211.84%21%21%212.34%211.84%21%402151e6dc17768929340241960e8e8a%2112000030122278830%21sea%21US%210%21ABX%211%210%21n_tag%3A-29910%3Bd%3A7753d89f%3Bm03_new_user%3A-29895%3BpisId%3A5000000204886261&curPageLogUid=t2ufTiSuWyLT&utparam-url=scene%3Asearch%7Cquery_from%3A%7Cx_object_id%3A1005004692540736%7C_p_origin_prod%3A
Amaoe Middle layer separation blade Mobile phone repair motherboard middle layer layer disassembly pry knife open the handle,$2.25 ,"https://ae-pic-a1.aliexpress-media.com/kf/Sa6884a9acbb148578d51c7724f9fab98t.jpg_220x220q75.jpg_.avif,https://ae-pic-a1.aliexpress-media.com/kf/S31e5d43efb224ec4a7b4f1da4736f5e0L.jpg_220x220q75.jpg_.avif,https://ae-pic-a1.aliexpress-media.com/kf/S524ad6bfafe64232bf38eab126dfdb82c.jpg_220x220q75.jpg_.avif,https://ae-pic-a1.aliexpress-media.com/kf/S1001c852fd564610b2c3f66f0d2169f8O.jpg_220x220q75.jpg_.avif,https://ae-pic-a1.aliexpress-media.com/kf/S5f59326158ab4d9b88915c537cbda52e6.jpg_220x220q75.jpg_.avif","['High-concerned chemical', 'None', 'Pieces Included', '1', 'Material', 'Other', 'Brand Name', 'welsolo', 'Origin', 'Mainland China']",https://www.aliexpress.us/item/3256807592795502.html?algo_pvid=bb01d527-4eb6-41de-926d-080ef800d859&algo_exp_id=bb01d527-4eb6-41de-926d-080ef800d859-32&pdp_ext_f=%7B%22order%22%3A%22203%22%2C%22eval%22%3A%221%22%2C%22fromPage%22%3A%22search%22%7D&pdp_npi=6%40dis%21USD%212.75%212.25%21%21%2118.67%2115.28%21%402151e6dc17768929340241960e8e8a%2112000042178184386%21sea%21US%210%21ABX%211%210%21n_tag%3A-29910%3Bd%3A7753d89f%3Bm03_new_user%3A-29895%3BpisId%3A5000000204886261&curPageLogUid=D4CVa6FNXixP&utparam-url=scene%3Asearch%7Cquery_from%3A%7Cx_object_id%3A1005007779110254%7C_p_origin_prod%3A
NJLD 0.015mm 100m Gold Cutting Wire High Toughness Anti-pull For LCD Screen Polarizer Film Separate Phone Repair Tool,$2.19 ,"https://ae-pic-a1.aliexpress-media.com/kf/Sa0e1c7a0ad6145c6b9b72bad5a858b23q.jpg_220x220q75.jpg_.avif,https://ae-pic-a1.aliexpress-media.com/kf/S386ccefe430447a4957d502ac386fc5ez.jpg_220x220q75.jpg_.avif,https://ae-pic-a1.aliexpress-media.com/kf/Sb4a5ce8b97bd4bb4889e83c84bafdb16B.jpg_220x220q75.jpg_.avif,https://ae-pic-a1.aliexpress-media.com/kf/S7201350168184cd99d5ba8b7f910cd49e.png_220x220.png_.avif,https://ae-pic-a1.aliexpress-media.com/kf/Sf5dde764c69f473b9c5e44214855879e9.png_220x220.png_.avif","['High-concerned chemical', 'None', 'Model Number', 'SS-051', 'Pieces Included', '1', 'Material', 'Other', 'Origin', 'Mainland China']",https://www.aliexpress.us/item/3256806348237384.html?algo_pvid=bb01d527-4eb6-41de-926d-080ef800d859&algo_exp_id=bb01d527-4eb6-41de-926d-080ef800d859-34&pdp_ext_f=%7B%22order%22%3A%22202%22%2C%22eval%22%3A%221%22%2C%22fromPage%22%3A%22search%22%7D&pdp_npi=6%40dis%21USD%212.69%212.19%21%21%2118.24%2114.85%21%402151e6dc17768929340241960e8e8a%2112000057409153823%21sea%21US%210%21ABX%211%210%21n_tag%3A-29910%3Bd%3A7753d89f%3Bm03_new_user%3A-29895%3BpisId%3A5000000204886261&curPageLogUid=MnNCrH9Eawu0&utparam-url=scene%3Asearch%7Cquery_from%3A%7Cx_object_id%3A1005006534552136%7C_p_origin_prod%3A
Magico CFG DCSD Cable Alex Engineering Serial Port Cable to Read Write Nand Data SysCfg for iPhone 6S-X for iPad Purple Screen,$6.99 ,"https://ae-pic-a1.aliexpress-media.com/kf/Sd51f2a83ebcb453a972d984a03db63ceY.jpg_220x220q75.jpg_.avif,https://ae-pic-a1.aliexpress-media.com/kf/Sd51f2a83ebcb453a972d984a03db63ceY.jpg_220x220q75.jpg_.avif,https://ae-pic-a1.aliexpress-media.com/kf/Sf6f3ef1ae6944200910c78eb580fa943C.jpg_220x220q75.jpg_.avif,https://ae-pic-a1.aliexpress-media.com/kf/S342988cf4d3049b594d4d9b26c416ba2P.jpg_220x220q75.jpg_.avif,https://ae-pic-a1.aliexpress-media.com/kf/S62ecb98367bf4de6a6bf8838fb5ddf9eR.jpg_220x220q75.jpg_.avif","['High-concerned chemical', 'None', 'With Magnetic', 'No', 'Model Number', 'dcsd cable', 'Pieces Included', '1', 'Material', 'Other', 'Brand Name', 'gsmjustoncct', 'Origin', 'Mainland China']",https://www.aliexpress.us/item/3256804624489005.html?algo_pvid=bb01d527-4eb6-41de-926d-080ef800d859&algo_exp_id=bb01d527-4eb6-41de-926d-080ef800d859-35&pdp_ext_f=%7B%22order%22%3A%22202%22%2C%22eval%22%3A%221%22%2C%22fromPage%22%3A%22search%22%7D&pdp_npi=6%40dis%21USD%217.72%216.99%21%21%217.72%216.99%21%402151e6dc17768929340241960e8e8a%2112000030580424777%21sea%21US%210%21ABX%211%210%21n_tag%3A-29910%3Bd%3A7753d89f%3Bm03_new_user%3A-29895%3BpisId%3A5000000204886261&curPageLogUid=Hw3ltVFGoOk3&utparam-url=scene%3Asearch%7Cquery_from%3A%7Cx_object_id%3A1005004810803757%7C_p_origin_prod%3A
XZZ BGA Reballing Stencil for Laptop Cpu SRLGK T2 YM2300 SRH8Q SRG0V M1 SRLD8 SRK02 SRKT3 SRKMA SRGKK SR170 SR2EZ SREJQ SR2C4,$3.88 ,"https://ae-pic-a1.aliexpress-media.com/kf/S05be670edc3c4bf9b86167fa3619dee9G.jpg_220x220q75.jpg_.avif,https://ae-pic-a1.aliexpress-media.com/kf/Sdd95d32523bd4ce0a56fe21590d2e1b6R.jpg_220x220q75.jpg_.avif,https://ae-pic-a1.aliexpress-media.com/kf/S4fbeda23c2654e449ca2f2a94e3ae959S.jpg_220x220q75.jpg_.avif,https://ae-pic-a1.aliexpress-media.com/kf/S01808542355a48c0b20a6b701178dffaK.jpg_220x220q75.jpg_.avif,https://ae-pic-a1.aliexpress-media.com/kf/S324e148edc9f4db8bb93c3eda632b5140.jpg_220x220q75.jpg_.avif","['High-concerned chemical', 'None', 'Model Number', 'BGA Stencil for laptop cpu', 'Pieces Included', '1', 'Material', 'Other', 'Origin', 'Mainland China']",https://www.aliexpress.us/item/3256806811129552.html?algo_pvid=bb01d527-4eb6-41de-926d-080ef800d859&algo_exp_id=bb01d527-4eb6-41de-926d-080ef800d859-36&pdp_ext_f=%7B%22order%22%3A%22201%22%2C%22eval%22%3A%221%22%2C%22fromPage%22%3A%22search%22%7D&pdp_npi=6%40dis%21USD%214.38%213.88%21%21%214.38%213.88%21%402151e6dc17768929340241960e8e8a%2112000038991661532%21sea%21US%210%21ABX%211%210%21n_tag%3A-29910%3Bd%3A7753d89f%3Bm03_new_user%3A-29895%3BpisId%3A5000000204886261&curPageLogUid=nu1sXlxziNWo&utparam-url=scene%3Asearch%7Cquery_from%3A%7Cx_object_id%3A1005006997444304%7C_p_origin_prod%3A
For Samsung Mobile Phones 100pcs Repair Tools 1.4x3.0mm Screws / Bolts / 100pcs Repair Tools 1.4x3.5mm Screws / Bolts,$0.99 ,"https://ae-pic-a1.aliexpress-media.com/kf/Sded5456f8f53434c839a8704a4dbf3df9.jpg_220x220q75.jpg_.avif,https://ae-pic-a1.aliexpress-media.com/kf/S86e82fa8805244d1ab7700cc6f27a41cA.jpg_220x220q75.jpg_.avif,https://ae-pic-a1.aliexpress-media.com/kf/S742bdea2d916457b9478405874fc79bbe.jpg_220x220q75.jpg_.avif,https://ae-pic-a1.aliexpress-media.com/kf/S095a8fa962294a62b681e2dd9916ecean.jpg_220x220q75.jpg_.avif,https://ae-pic-a1.aliexpress-media.com/kf/S86e82fa8805244d1ab7700cc6f27a41cA.jpg_220x220q75.jpg_.avif","['With Magnetic', 'No', 'Pieces Included', '100', 'Material', 'Other', 'Origin', 'Mainland China']",https://www.aliexpress.us/item/3256806689207232.html?algo_pvid=bb01d527-4eb6-41de-926d-080ef800d859&algo_exp_id=bb01d527-4eb6-41de-926d-080ef800d859-37&pdp_ext_f=%7B%22order%22%3A%22201%22%2C%22eval%22%3A%221%22%2C%22fromPage%22%3A%22search%22%7D&pdp_npi=6%40dis%21USD%211.17%210.99%21%21%211.17%210.99%21%402151e6dc17768929340241960e8e8a%2112000038927578990%21sea%21US%210%21ABX%211%210%21n_tag%3A-29910%3Bd%3A7753d89f%3Bm03_new_user%3A-29895%3BpisId%3A5000000203537349&curPageLogUid=2s8xxWxVC1NX&utparam-url=scene%3Asearch%7Cquery_from%3A%7Cx_object_id%3A1005006875521984%7C_p_origin_prod%3A
US Version Esim to Sim Dual Card Flex Ca‮lb‬e for iPhone 17 pro max Built-in MEP Integration Solution Support Super Snow IC,$4.79 ,"https://ae-pic-a1.aliexpress-media.com/kf/Acab51aebf4564581b4e809565473c781r.jpg_220x220q75.jpg_.avif,https://ae-pic-a1.aliexpress-media.com/kf/Acab51aebf4564581b4e809565473c781r.jpg_220x220q75.jpg_.avif,https://ae-pic-a1.aliexpress-media.com/kf/Sbc0f813b7b484c3592c33b9097f68a39T.jpg_220x220q75.jpg_.avif,https://ae-pic-a1.aliexpress-media.com/kf/Sba7df7cb21044694bdc4f43e6e1e6a381.jpg_220x220q75.jpg_.avif,https://ae-pic-a1.aliexpress-media.com/kf/S4d03572dc99e4e228aec82361b0a4eefF.jpg_220x220q75.jpg_.avif","['High-concerned chemical', 'None', 'With Magnetic', 'No', 'Model Number', 'WYLIE Parts ESIM to SIM Adapter for iPhone 15 15plus', 'Pieces Included', 'other', 'Material', 'S2 Alloy Steel', 'Brand Name', 'NOVECEL', 'Origin', 'Mainland China', 'Name', 'Built in Card Holder Set', 'Application', 'For ESIM Alter Dual Sim', 'Support models', 'For iPhone 17pro 17promax', 'Feature 1', 'No punching / Layer-free /', 'Feature 2', 'Does not hurt the motherboard', 'Feature 3', 'Stable performance']",https://www.aliexpress.us/item/3256810270292180.html?algo_pvid=bb01d527-4eb6-41de-926d-080ef800d859&algo_exp_id=bb01d527-4eb6-41de-926d-080ef800d859-38&pdp_ext_f=%7B%22order%22%3A%22199%22%2C%22eval%22%3A%221%22%2C%22fromPage%22%3A%22search%22%7D&pdp_npi=6%40dis%21USD%218.27%214.79%21%21%218.27%214.79%21%402151e6dc17768929340241960e8e8a%2112000052530330806%21sea%21US%210%21ABX%211%210%21n_tag%3A-29910%3Bd%3A7753d89f%3Bm03_new_user%3A-29895%3BpisId%3A5000000204886261&curPageLogUid=COFusBtOz84q&utparam-url=scene%3Asearch%7Cquery_from%3A%7Cx_object_id%3A1005010456606932%7C_p_origin_prod%3A
SUNSHINE SS-024B Multimeter Test Pen With Replaceable Needles Digital Current Voltage Detection Probe Tip Testing Lead,$5.27 ,"https://ae-pic-a1.aliexpress-media.com/kf/S1438e46c37d6425abdd6b9eb64f6edcc6.jpg_220x220q75.jpg_.avif,https://ae-pic-a1.aliexpress-media.com/kf/S1438e46c37d6425abdd6b9eb64f6edcc6.jpg_220x220q75.jpg_.avif,https://ae-pic-a1.aliexpress-media.com/kf/Sb3a98868a48f4c24aa9666e1a739f3135.jpg_220x220q75.jpg_.avif,https://ae-pic-a1.aliexpress-media.com/kf/Sac759f8c334542b499cbc9d101174ecfx.jpg_220x220q75.jpg_.avif,https://ae-pic-a1.aliexpress-media.com/kf/S9cc3300ded744af18baf0a3938708f9dg.jpg_220x220q75.jpg_.avif","['High-concerned chemical', 'None', 'Model Number', 'SUNSHINE SS-024B', 'Pieces Included', '1', 'Material', 'Other', 'Brand Name', 'BRESUN', 'Origin', 'Mainland China', 'Brand Name', 'SUNSHINE', 'Test pen size', '115.5*15*15mm', 'Line length', 'About 975mm', 'Socket diameter', '4mm', 'Pin length', '30mm/26mm', 'Pin diameter', '1mm/2mm', 'Current resistance', '20A', 'Voltage resistance', '1000V', 'Pin material', 'Stainless steel (gold-plated)']",https://www.aliexpress.us/item/3256807408895192.html?algo_pvid=bb01d527-4eb6-41de-926d-080ef800d859&algo_exp_id=bb01d527-4eb6-41de-926d-080ef800d859-39&pdp_ext_f=%7B%22order%22%3A%22199%22%2C%22eval%22%3A%221%22%2C%22fromPage%22%3A%22search%22%7D&pdp_npi=6%40dis%21USD%215.77%215.27%21%21%2139.19%2135.80%21%402151e6dc17768929340241960e8e8a%2112000041437043520%21sea%21US%210%21ABX%211%210%21n_tag%3A-29910%3Bd%3A7753d89f%3Bm03_new_user%3A-29895%3BpisId%3A5000000204886261&curPageLogUid=Etni9fVS931I&utparam-url=scene%3Asearch%7Cquery_from%3A%7Cx_object_id%3A1005007595209944%7C_p_origin_prod%3A
10pcs Heatproof Sticker Adhesive Tape For iPhone X XS XR 11 12 Mini 13 Pro Max 14 15 Plus 17 Insulation Heat Sink Dissipation,$2.72/lot,"https://ae-pic-a1.aliexpress-media.com/kf/S0e39b0359de14a7db1390a02ba8ee661F.jpg_220x220q75.jpg_.avif,https://ae-pic-a1.aliexpress-media.com/kf/S9f358826d14d4bce8824379967e93981g.jpg_220x220q75.jpg_.avif,https://ae-pic-a1.aliexpress-media.com/kf/S2a0737a81bb04feca5b9f80774993af7x.jpg_220x220q75.jpg_.avif,https://ae-pic-a1.aliexpress-media.com/kf/S4ca4b04d93de4085aeb6a856e433b46d5.jpg_220x220q75.jpg_.avif,https://ae-pic-a1.aliexpress-media.com/kf/S85d2d800a7ec45b9a3a98b960989526bE.png_220x220.png_.avif","['High-concerned chemical', 'None', 'Pieces Included', '1', 'Material', 'Other', 'Origin', 'Mainland China']",https://www.aliexpress.us/item/3256806840212238.html?algo_pvid=bb01d527-4eb6-41de-926d-080ef800d859&algo_exp_id=bb01d527-4eb6-41de-926d-080ef800d859-40&pdp_ext_f=%7B%22order%22%3A%22196%22%2C%22eval%22%3A%221%22%2C%22fromPage%22%3A%22search%22%7D&pdp_npi=6%40dis%21USD%213.22%212.72%21%21%2121.88%2118.49%21%402151e6dc17768929340241960e8e8a%2112000039137421103%21sea%21US%210%21ABX%211%210%21n_tag%3A-29910%3Bd%3A7753d89f%3Bm03_new_user%3A-29895%3BpisId%3A5000000204886261&curPageLogUid=DsSFXcPxNsMr&utparam-url=scene%3Asearch%7Cquery_from%3A%7Cx_object_id%3A1005007026526990%7C_p_origin_prod%3A
LCD OCA Alignment Position Mold Laminating Mould With Frame For iPhone 17 17Air 16pro 15 13 Pro Max 14 15pro Screen Repair Tools,$8.15 ,"https://ae-pic-a1.aliexpress-media.com/kf/Sd6db1987d1754a26bda2c0409432b0e48.jpg_220x220q75.jpg_.avif,https://ae-pic-a1.aliexpress-media.com/kf/Sd6db1987d1754a26bda2c0409432b0e48.jpg_220x220q75.jpg_.avif,https://ae-pic-a1.aliexpress-media.com/kf/S8b02f61027c845108fe23cf2e820a54ds.jpg_220x220q75.jpg_.avif,https://ae-pic-a1.aliexpress-media.com/kf/S399d017dcbcb47caac82150e47271c54i.jpg_220x220q75.jpg_.avif,https://ae-pic-a1.aliexpress-media.com/kf/S44cbcd47bb1442f6a24a8ee701113a010.jpg_220x220q75.jpg_.avif","['High-concerned chemical', 'None', 'With Magnetic', 'No', 'Model Number', 'Inframe Position Alignment /Laminating mold', 'Pieces Included', 'other', 'Material', 'Other', 'Origin', 'Mainland China', 'Function', 'For cracked lcd screen refurbish', 'Support model 1', 'For IPX A1865 A1901 A1902 /XS A2097 A1920 A2100 A2098/XS max A2101 A1921 A2104 A2102/XR A2105 A2105 A1984 A2107 A2108 A2106', 'Support model 2', 'For IP11 A2221 A2111 A2223/11pro A2215 A2160 A2217 /11pro max A2218 A2161 A2220', 'Support model 3', 'For IP12 A2403 A2172 A2402 A2404/12pro A2407 A2341 A2406 A2408/12mini A2399 A2176 A2398 A2400/12pro max A2411 A2342 A2410 A2412', 'Support model 4', 'For IP13 A2633 A2482 A2631 A2634 A2635/13pro A2638 A2483 A2636 A2639 A2640/13mini A2628 A2481 A2626 A2629 A2630/13pro max A2643 A2484 A2641 A2644 A2645', 'Support model 5', 'For IP14 A2882 A2649 A2881 A2884 A2883/14pro A2890 A2650 A2889 A2892 A2891/14plus A2886 A2632 A2885 A2888 A2887/14pro max A2894 A2651 A2893 A2896 A2895', 'Support model 6', 'For IP15 A3090 A2846 A3089 A3092/15plus A3094 A2847 A3093 A3096/15pro A3102 A2848 A3101 A3104/15pro max/ A3106 A2849 A3105 A3108', 'Support model 7', 'For IP16 A3287 A3081 A3286 A3288/16Plus A3290 A3082 A3289 A3291/16Pro A3293 A3083 A3292 A3294/16Pro max A3296 A3084 A3295 A3297', 'Support model 8', 'For IP17 A3520, A3258, A3519, A3521/17Pro A3256, A3523, A3522, A3524/17Air A3517, A3260, A3518, A3516/17Pro max/A3526, A3257, A3527, A3525', 'Feature 1', 'Precision position/laminate', 'Feature 2', 'Easy to operate']",https://www.aliexpress.us/item/3256806145573164.html?algo_pvid=bb01d527-4eb6-41de-926d-080ef800d859&algo_exp_id=bb01d527-4eb6-41de-926d-080ef800d859-41&pdp_ext_f=%7B%22order%22%3A%22196%22%2C%22eval%22%3A%221%22%2C%22fromPage%22%3A%22search%22%7D&pdp_npi=6%40dis%21USD%2110.19%218.15%21%21%2169.15%2155.32%21%402151e6dc17768929340241960e8e8a%2112000036789601544%21sea%21US%210%21ABX%211%210%21n_tag%3A-29910%3Bd%3A7753d89f%3Bm03_new_user%3A-29895&curPageLogUid=tIr5s47tqE2O&utparam-url=scene%3Asearch%7Cquery_from%3A%7Cx_object_id%3A1005006331887916%7C_p_origin_prod%3A
New Harmony TP Cable / Harmony Test Point cables + HW USB COM 1.0 Adapter for Huawei HarmonyOS for chimera pro tool dongle,$4.05 ,"https://ae-pic-a1.aliexpress-media.com/kf/S3991c0b324084d6ba702519fe13ad0376.jpg_220x220q75.jpg_.avif,https://ae-pic-a1.aliexpress-media.com/kf/S3991c0b324084d6ba702519fe13ad0376.jpg_220x220q75.jpg_.avif,https://ae-pic-a1.aliexpress-media.com/kf/S473fb6f9555941c185133e3ff5a797d7x.jpg_220x220q75.jpg_.avif,https://ae-pic-a1.aliexpress-media.com/kf/S8051842d20604585a614d8106c38c1fab.jpg_220x220q75.jpg_.avif,https://ae-pic-a1.aliexpress-media.com/kf/S84c745cbcf1944429b1b86a6c736995ef.jpg_220x220q75.jpg_.avif","['High-concerned chemical', 'None', 'With Magnetic', 'No', 'Model Number', 'harmony tp cable', 'Pieces Included', '1', 'Material', 'Other', 'Brand Name', 'gsmjustoncct', 'Origin', 'Mainland China']",https://www.aliexpress.us/item/3256803607611519.html?algo_pvid=bb01d527-4eb6-41de-926d-080ef800d859&algo_exp_id=bb01d527-4eb6-41de-926d-080ef800d859-43&pdp_ext_f=%7B%22order%22%3A%22195%22%2C%22eval%22%3A%221%22%2C%22fromPage%22%3A%22search%22%7D&pdp_npi=6%40dis%21USD%214.18%214.05%21%21%214.18%214.05%21%402151e6dc17768929340241960e8e8a%2112000027187081752%21sea%21US%210%21ABX%211%210%21n_tag%3A-29910%3Bd%3A7753d89f%3Bm03_new_user%3A-29895&curPageLogUid=YobJueqlqhUS&utparam-url=scene%3Asearch%7Cquery_from%3A%7Cx_object_id%3A1005003793926271%7C_p_origin_prod%3A
Repairing Camera Lens Opening Spanner Spanner Hexagon Wrench Camera Lens Disassemble Wrench Adjustable Stainless,$3.44 ,"https://ae-pic-a1.aliexpress-media.com/kf/S07c56040ed76465f81ac9650bfd4e3e0p.jpg_220x220q75.jpg_.avif,https://ae-pic-a1.aliexpress-media.com/kf/Sf12569c9f5c149909b86ec7e9d45ff104.jpg_220x220q75.jpg_.avif,https://ae-pic-a1.aliexpress-media.com/kf/S6ef940c580ec4cd481528a536f210f561.jpg_220x220q75.jpg_.avif,https://ae-pic-a1.aliexpress-media.com/kf/Scb97dd28ee954383b90370f12dd23c82W.jpg_220x220q75.jpg_.avif,https://ae-pic-a1.aliexpress-media.com/kf/S340bc8934f5943d6b3d76e565d579eadP.jpg_220x220q75.jpg_.avif","['High-concerned chemical', 'None', 'Pieces Included', '6 in 1', 'Material', 'Other', 'Origin', 'Mainland China']",https://www.aliexpress.us/item/3256807906112627.html?algo_pvid=bb01d527-4eb6-41de-926d-080ef800d859&algo_exp_id=bb01d527-4eb6-41de-926d-080ef800d859-44&pdp_ext_f=%7B%22order%22%3A%22194%22%2C%22eval%22%3A%221%22%2C%22fromPage%22%3A%22search%22%7D&pdp_npi=6%40dis%21USD%219.16%213.44%21%21%2162.17%2123.34%21%402151e6dc17768929340241960e8e8a%2112000043686809598%21sea%21US%210%21ABX%211%210%21n_tag%3A-29910%3Bd%3A7753d89f%3Bm03_new_user%3A-29895%3BpisId%3A5000000204886261&curPageLogUid=mXnkRLajUUEJ&utparam-url=scene%3Asearch%7Cquery_from%3A%7Cx_object_id%3A1005008092427379%7C_p_origin_prod%3A
MaAnt D1 Wholesale Charging Grinding Pen Mini Intelligent for Phone CPU eMMC Metal Cutting Tools Head Tips Engraving Polishing,$21.86 ,"https://ae-pic-a1.aliexpress-media.com/kf/S410dc40442534f28b31ef5430fa57a60W.jpg_220x220q75.jpg_.avif,https://ae-pic-a1.aliexpress-media.com/kf/S410dc40442534f28b31ef5430fa57a60W.jpg_220x220q75.jpg_.avif,https://ae-pic-a1.aliexpress-media.com/kf/S992fb71ae5d54423a0ee7747ab65f2fdH.jpg_220x220q75.jpg_.avif,https://ae-pic-a1.aliexpress-media.com/kf/Sbe12b10148184782b4e56fc7df65397cP.jpg_220x220q75.jpg_.avif,https://ae-pic-a1.aliexpress-media.com/kf/S7d3074aa44e94d649df339018a49df3dM.jpg_220x220q75.jpg_.avif","['High-concerned chemical', 'None', 'With Magnetic', 'No', 'Model Number', 'MaAnt D1', 'Pieces Included', '1', 'Material', 'Other', 'Origin', 'Mainland China', 'Producuts for', 'maant d1 grinding pen,metal grinding,metal grinding head,wood grinding,motherboard grinder,polishing grinding machine,grinding pen pcb,grinding pen rechargeable,grinding pen for traces repair chip,manicure grind,jade grinding']",https://www.aliexpress.us/item/3256805919050557.html?algo_pvid=bb01d527-4eb6-41de-926d-080ef800d859&algo_exp_id=bb01d527-4eb6-41de-926d-080ef800d859-46&pdp_ext_f=%7B%22order%22%3A%22191%22%2C%22eval%22%3A%221%22%2C%22fromPage%22%3A%22search%22%7D&pdp_npi=6%40dis%21USD%2187.24%2124.28%21%21%21592.23%21164.82%21%402151e6dc17768929340241960e8e8a%2112000035767990880%21sea%21US%210%21ABX%211%210%21n_tag%3A-29910%3Bd%3A7753d89f%3Bm03_new_user%3A-29895%3BpisId%3A5000000203537387&curPageLogUid=bjzNzGKopZ7X&utparam-url=scene%3Asearch%7Cquery_from%3A%7Cx_object_id%3A1005006105365309%7C_p_origin_prod%3A
Universal For Watch Whole Phone Polishing Machine Waterproof Mold For iWatch S 3 4 5 S8 Ultra 40mm 44mm 49mm Repair Tools,$7.04 ,"https://ae-pic-a1.aliexpress-media.com/kf/S3cc0e932289f4b43b9f2c06222e987det.jpg_220x220q75.jpg_.avif,https://ae-pic-a1.aliexpress-media.com/kf/S3cc0e932289f4b43b9f2c06222e987det.jpg_220x220q75.jpg_.avif,https://ae-pic-a1.aliexpress-media.com/kf/S4c895141b3b44fa68719c881a097edaaV.jpg_220x220q75.jpg_.avif,https://ae-pic-a1.aliexpress-media.com/kf/S3e7042cde46640cfa1d3a258d12fba831.jpg_220x220q75.jpg_.avif,https://ae-pic-a1.aliexpress-media.com/kf/S983753cf287447979e8a5528c848c454v.jpg_220x220q75.jpg_.avif","['High-concerned chemical', 'None', 'Model Number', 'X/XS XS Max XR/11 11Pro 12 Pro Max', 'Pieces Included', '1', 'Material', 'Other', 'Brand Name', 'manumoc', 'Origin', 'Mainland China']",https://www.aliexpress.us/item/3256805985488139.html?algo_pvid=bb01d527-4eb6-41de-926d-080ef800d859&algo_exp_id=bb01d527-4eb6-41de-926d-080ef800d859-47&pdp_ext_f=%7B%22order%22%3A%22189%22%2C%22eval%22%3A%221%22%2C%22fromPage%22%3A%22search%22%7D&pdp_npi=6%40dis%21USD%217.54%217.04%21%21%2151.18%2147.79%21%402151e6dc17768929340241960e8e8a%2112000036109548573%21sea%21US%210%21ABX%211%210%21n_tag%3A-29910%3Bd%3A7753d89f%3Bm03_new_user%3A-29895%3BpisId%3A5000000204886261&curPageLogUid=ACQ1OwRATBsC&utparam-url=scene%3Asearch%7Cquery_from%3A%7Cx_object_id%3A1005006171802891%7C_p_origin_prod%3A
LCD Screen Tester Flex Cable For DL400 Pro For iPhone 7 8 Plus X XS Max XR 11 12 14 15 Pro Max 16 13 Pro 14 14plus Repair,$3.87 ,"https://ae-pic-a1.aliexpress-media.com/kf/S9dda6fb3a1fb49a394c14bda9d180d39B.jpg_220x220q75.jpg_.avif,https://ae-pic-a1.aliexpress-media.com/kf/S2abab8f497d74708b04cce74b1553342A.jpg_220x220q75.jpg_.avif,https://ae-pic-a1.aliexpress-media.com/kf/Se3c94bea46404300b727d1156f675a4dC.jpg_220x220q75.jpg_.avif,https://ae-pic-a1.aliexpress-media.com/kf/Sbe70c50b82dc43be906a62a43f3011acV.jpg_220x220q75.jpg_.avif,https://ae-pic-a1.aliexpress-media.com/kf/Se0d7763862e243159fe3b87aed48c97aO.jpg_220x220q75.jpg_.avif","['High-concerned chemical', 'None', 'Pieces Included', '6 in 1', 'Material', 'Other', 'Brand Name', 'manumoc', 'Origin', 'Mainland China']",https://www.aliexpress.us/item/3256804380617215.html?algo_pvid=bb01d527-4eb6-41de-926d-080ef800d859&algo_exp_id=bb01d527-4eb6-41de-926d-080ef800d859-48&pdp_ext_f=%7B%22order%22%3A%22188%22%2C%22eval%22%3A%221%22%2C%22fromPage%22%3A%22search%22%7D&pdp_npi=6%40dis%21USD%213.87%213.87%21%21%2126.28%2126.28%21%402151e6dc17768929340241960e8e8a%2112000030987796574%21sea%21US%210%21ABX%211%210%21n_tag%3A-29910%3Bd%3A7753d89f%3Bm03_new_user%3A-29895&curPageLogUid=U5j9Q6bNZ2L8&utparam-url=scene%3Asearch%7Cquery_from%3A%7Cx_object_id%3A1005004566931967%7C_p_origin_prod%3A
6PCS Metal Crowbar Prying Opening Repair Tool Kit For Mobile Phone Notebook Dual Heads Metal Spudger Home Hand Tools Sets,$0.99 ,"https://ae-pic-a1.aliexpress-media.com/kf/S4987b2d804ee44fcb91fe6f71df2d0de2.jpg_220x220q75.jpg_.avif,https://ae-pic-a1.aliexpress-media.com/kf/S03fedc6b45814c289cb0de410f89a99bk.jpg_220x220q75.jpg_.avif,https://ae-pic-a1.aliexpress-media.com/kf/S52e2bdc80d264d8e843ee09e0eec831bO.jpg_220x220q75.jpg_.avif,https://ae-pic-a1.aliexpress-media.com/kf/Sa880a0b7da2f44d89d7e6185c581c8fcd.jpg_220x220q75.jpg_.avif,https://ae-pic-a1.aliexpress-media.com/kf/S9a337176a43d4e119d762f93792276c2t.jpg_220x220q75.jpg_.avif","['Pieces Included', '6 in 1', 'Material', 'Other', 'Origin', 'Mainland China']",https://www.aliexpress.us/item/3256806114661867.html?algo_pvid=bb01d527-4eb6-41de-926d-080ef800d859&algo_exp_id=bb01d527-4eb6-41de-926d-080ef800d859-49&pdp_ext_f=%7B%22order%22%3A%22187%22%2C%22eval%22%3A%221%22%2C%22fromPage%22%3A%22search%22%7D&pdp_npi=6%40dis%21USD%2113.56%210.99%21%21%2192.04%216.71%21%402151e6dc17768929340241960e8e8a%2112000036677510055%21sea%21US%210%21ABX%211%210%21n_tag%3A-29910%3Bd%3A7753d89f%3Bm03_new_user%3A-29895%3BpisId%3A5000000203537387&curPageLogUid=64NdlIyEgL4U&utparam-url=scene%3Asearch%7Cquery_from%3A%7Cx_object_id%3A1005006300976619%7C_p_origin_prod%3A
44 43 28 IN1 Mobile Phone Disassembly Repair Tools Kit Apple Android Cellphon Screw Screwdriver Spudger Pry Opening Repair Tool,$0.99 ,"https://ae-pic-a1.aliexpress-media.com/kf/Sc3786a4c72c1434d82db8c035fb5b9ece.jpg_220x220q75.jpg_.avif,https://ae-pic-a1.aliexpress-media.com/kf/Scaa6ad4ad46a4fc5b89c1919f410a2e4A.jpg_220x220q75.jpg_.avif,https://ae-pic-a1.aliexpress-media.com/kf/S7f697a3b4c114d31a096107cb4ece22aE.jpg_220x220q75.jpg_.avif,https://ae-pic-a1.aliexpress-media.com/kf/Se73c66b8c64e45d4b32ccdc3a3bf9cc7z.jpg_220x220q75.jpg_.avif,https://ae-pic-a1.aliexpress-media.com/kf/Sb72527b9f1b24d9891d3b7657818f537B.jpg_220x220q75.jpg_.avif","['High-concerned chemical', 'None', 'Pieces Included', '40 in 1', 'Material', 'Other', 'Origin', 'Mainland China']",https://www.aliexpress.us/item/3256806270080500.html?algo_pvid=bb01d527-4eb6-41de-926d-080ef800d859&algo_exp_id=bb01d527-4eb6-41de-926d-080ef800d859-52&pdp_ext_f=%7B%22order%22%3A%22185%22%2C%22eval%22%3A%221%22%2C%22fromPage%22%3A%22search%22%7D&pdp_npi=6%40dis%21USD%218.39%210.99%21%21%2156.98%216.73%21%402151e6dc17768929340241960e8e8a%2112000037264987597%21sea%21US%210%21ABX%211%210%21n_tag%3A-29910%3Bd%3A7753d89f%3Bm03_new_user%3A-29895%3BpisId%3A5000000203537387&curPageLogUid=fpUpYrNZF3m5&utparam-url=scene%3Asearch%7Cquery_from%3A%7Cx_object_id%3A1005006456395252%7C_p_origin_prod%3A
2in1 Sameking Green LCD OCA Lamination And Alignment Mould Mold For iPhone X XS XR 11Pro 12 13 Pro Max 14 14Pro 15 Repair Tool,$25.51 ,"https://ae-pic-a1.aliexpress-media.com/kf/Sf1bbcf0941a04eb8b3a8b2105bd76b93q.jpg_220x220q75.jpg_.avif,https://ae-pic-a1.aliexpress-media.com/kf/S02656a2a060d4bca9c452073d4562966D.jpg_220x220q75.jpg_.avif,https://ae-pic-a1.aliexpress-media.com/kf/Saa6092a9daea4e60b29e8794c0df0374F.jpg_220x220q75.jpg_.avif,https://ae-pic-a1.aliexpress-media.com/kf/S4fe914f06f9f41ef849cfbb365639b0dx.jpg_220x220q75.jpg_.avif,https://ae-pic-a1.aliexpress-media.com/kf/S36a1ee6f51324bdba135c1659bfd1650F.jpg_220x220q75.jpg_.avif","['High-concerned chemical', 'None', 'Model Number', 'X/XS XS Max XR/11 11Pro 12 Pro Max', 'Pieces Included', '2in1', 'Material', 'Other', 'Origin', 'Mainland China', 'Design', 'unbent flex cable', 'Use for', 'OCA alignment', 'Color', 'Green', 'Brand', 'Sameking']",https://www.aliexpress.us/item/3256803123353681.html?algo_pvid=bb01d527-4eb6-41de-926d-080ef800d859&algo_exp_id=bb01d527-4eb6-41de-926d-080ef800d859-53&pdp_ext_f=%7B%22order%22%3A%22183%22%2C%22eval%22%3A%221%22%2C%22fromPage%22%3A%22search%22%7D&pdp_npi=6%40dis%21USD%2126.01%2125.51%21%21%21176.56%21173.17%21%402151e6dc17768929340241960e8e8a%2112000025134849035%21sea%21US%210%21ABX%211%210%21n_tag%3A-29910%3Bd%3A7753d89f%3Bm03_new_user%3A-29895%3BpisId%3A5000000204886261&curPageLogUid=tDWDdPcbwQu6&utparam-url=scene%3Asearch%7Cquery_from%3A%7Cx_object_id%3A1005003309668433%7C_p_origin_prod%3A
3pcs Waterproof LCD Screen Adhesive Tape for iPhone 17 Pro Max / 16 / 15 Plus / 14 / 13 / 12 / 11 OEM Frame Seal,$0.99 ,"https://ae-pic-a1.aliexpress-media.com/kf/S1cef5cc538f34498ac3b6d650bc05a4eZ.jpg_220x220q75.jpg_.avif,https://ae-pic-a1.aliexpress-media.com/kf/S1cef5cc538f34498ac3b6d650bc05a4eZ.jpg_220x220q75.jpg_.avif,https://ae-pic-a1.aliexpress-media.com/kf/S0e859baf132143288c613b2b511766eeP.jpg_220x220q75.jpg_.avif,https://ae-pic-a1.aliexpress-media.com/kf/S6952ec1b12c240ed9ad4ea1ae956383bT.jpg_220x220q75.jpg_.avif,https://ae-pic-a1.aliexpress-media.com/kf/S2790044d8efc4909a15cea3ef727d233r.jpg_220x220q75.jpg_.avif","['High-concerned chemical', 'None', 'Model Number', 'For iPhone X/ 11 / 12 / 13 / 14 / 15 / 16/ 17 Series', 'Pieces Included', '3PCS', 'Material', 'Plastic', 'Brand Name', 'EmmaHelp', 'Origin', 'Mainland China']",https://www.aliexpress.us/item/3256810352837880.html?algo_pvid=bb01d527-4eb6-41de-926d-080ef800d859&algo_exp_id=bb01d527-4eb6-41de-926d-080ef800d859-54&pdp_ext_f=%7B%22order%22%3A%22182%22%2C%22eval%22%3A%221%22%2C%22fromPage%22%3A%22search%22%7D&pdp_npi=6%40dis%21USD%211.62%210.99%21%21%2111.01%216.73%21%402151e6dc17768929340241960e8e8a%2112000052750199188%21sea%21US%210%21ABX%211%210%21n_tag%3A-29910%3Bd%3A7753d89f%3Bm03_new_user%3A-29895%3BpisId%3A5000000203537387&curPageLogUid=Y31tc6n0lIEY&utparam-url=scene%3Asearch%7Cquery_from%3A%7Cx_object_id%3A1005010539152632%7C_p_origin_prod%3A
5/8 in 1 IC Chip Repair Thin Blade CPU NAND Remover BGA Maintenance Knife Glue Remover Tool Kit Electronics Opening Pry Tools,$0.94 ,"https://ae-pic-a1.aliexpress-media.com/kf/S094fafdc14e94e1b81a231fbf4b41502Z.jpg?has_lang=1&ver=1_220x220q75.jpg_.avif,https://ae-pic-a1.aliexpress-media.com/kf/Sc6ab17ae83a24d4c9c669f22b3dbeb6fv.jpg?has_lang=1&ver=1_220x220q75.jpg_.avif,https://ae-pic-a1.aliexpress-media.com/kf/S6629bce31f28410298fd09379f885d5ex.jpg?has_lang=1&ver=1_220x220q75.jpg_.avif,https://ae-pic-a1.aliexpress-media.com/kf/Sa19eb6c286ee43da82eea1d7f98a01ffm.jpg?has_lang=1&ver=1_220x220q75.jpg_.avif,https://ae-pic-a1.aliexpress-media.com/kf/S4b07655971bb43c19a2901f74df02c2ar.jpg?has_lang=1&ver=1_220x220q75.jpg_.avif","['High-concerned chemical', 'None', 'Pieces Included', '8 in 1', 'Material', 'Other', 'Brand Name', 'BAPPSUS', 'Origin', 'Mainland China']",https://www.aliexpress.us/item/3256809471965976.html?algo_pvid=bb01d527-4eb6-41de-926d-080ef800d859&algo_exp_id=bb01d527-4eb6-41de-926d-080ef800d859-55&pdp_ext_f=%7B%22order%22%3A%22181%22%2C%22eval%22%3A%221%22%2C%22fromPage%22%3A%22search%22%7D&pdp_npi=6%40dis%21USD%211.34%210.94%21%21%219.08%216.36%21%402151e6dc17768929340241960e8e8a%2112000049789690096%21sea%21US%210%21ABX%211%210%21n_tag%3A-29910%3Bd%3A7753d89f%3Bm03_new_user%3A-29895&curPageLogUid=W2DXpzZpI05y&utparam-url=scene%3Asearch%7Cquery_from%3A%7Cx_object_id%3A1005009658280728%7C_p_origin_prod%3A
JCID JC intelligent Maintenance Drawing Schematic Diagram Bitmap for iPhone iPad Android Circuit integrated Diagram Bitmap,$28.51 ,"https://ae-pic-a1.aliexpress-media.com/kf/Sb65b5a2cb39f4ed0bfe3c079dda47e31l.jpg_220x220q75.jpg_.avif,https://ae-pic-a1.aliexpress-media.com/kf/Sb65b5a2cb39f4ed0bfe3c079dda47e31l.jpg_220x220q75.jpg_.avif,https://ae-pic-a1.aliexpress-media.com/kf/S4fee0aab83ab4b82b034c628ebd33d3cG.jpg_220x220q75.jpg_.avif,https://ae-pic-a1.aliexpress-media.com/kf/S97613a0697d44c3994eed1de9e612967z.jpg_220x220q75.jpg_.avif,https://ae-pic-a1.aliexpress-media.com/kf/S3cb31e835f2d4c7080bbab10540c8ab8L.jpg_220x220q75.jpg_.avif","['High-concerned chemical', 'None', 'With Magnetic', 'No', 'Model Number', 'jcid intelligent drawing', 'Pieces Included', '1', 'Material', 'Other', 'Origin', 'Mainland China', 'Brand', 'jcid/jc', 'Scenes To Be Used', 'Cell Phone Repair tools', 'Function1', 'Video Tutorial', 'Function2', 'Repair Cases', 'Function3', 'Grounding Resistance Value Diagram', 'Function4', 'Box Diagram/ Test Point', 'Function5', 'Schematic Diagram', 'Function6', 'Double-open Diagram', 'Function7', 'Multi Layers Diagram Bitmap', 'Function8', 'Basic Knowledge', 'Function9', 'Basic Video', 'Function10', 'Component Search', 'Function11', 'Single Layer Diagram Bitmap', 'Function12', 'CPU Diagram Bitmap', 'Function13', 'Teaching Pen', 'Function14', 'Precise Diagram,borneo schematic', 'Function15', 'software', 'Function16', 'zxw', 'Function17', 'dzkj', 'Function18', 'borneo schematic software', 'Function19', 'jcid esquematico', 'Function20', 'jc drawing', 'Function21', 'Motherboard/ IC Diagram']",https://www.aliexpress.us/item/3256806763118214.html?algo_pvid=bb01d527-4eb6-41de-926d-080ef800d859&algo_exp_id=bb01d527-4eb6-41de-926d-080ef800d859-56&pdp_ext_f=%7B%22order%22%3A%22181%22%2C%22eval%22%3A%221%22%2C%22fromPage%22%3A%22search%22%7D&pdp_npi=6%40dis%21USD%2158.02%2128.51%21%21%21393.88%21193.55%21%402151e6dc17768929340241960e8e8a%2112000040468823740%21sea%21US%210%21ABX%211%210%21n_tag%3A-29910%3Bd%3A7753d89f%3Bm03_new_user%3A-29895%3BpisId%3A5000000204886261&curPageLogUid=1IZUzKHoBUYO&utparam-url=scene%3Asearch%7Cquery_from%3A%7Cx_object_id%3A1005006949432966%7C_p_origin_prod%3A
100*70*30mm NANO Magic Sponge Cleaning Dust OCA Glue Removal Tools For Phone LCD Screen Repair,$0.99/lot,"https://ae-pic-a1.aliexpress-media.com/kf/S989c1b10eae54e57944fa279eeae2f74u.jpg_220x220q75.jpg_.avif,https://ae-pic-a1.aliexpress-media.com/kf/S989c1b10eae54e57944fa279eeae2f74u.jpg_220x220q75.jpg_.avif,https://ae-pic-a1.aliexpress-media.com/kf/Sa093cd815f0d4e1eb54fc49e9631f38bj.jpg_220x220q75.jpg_.avif,https://ae-pic-a1.aliexpress-media.com/kf/S1e5f8a31260f40158dd91660a8dd66b2K.jpg_220x220q75.jpg_.avif,https://ae-pic-a1.aliexpress-media.com/kf/S90d11313846f464398c3855818494085K.jpg_220x220q75.jpg_.avif","['High-concerned chemical', 'None', 'Pieces Included', '1', 'Material', 'Other', 'Origin', 'Mainland China']",https://www.aliexpress.us/item/3256807850098237.html?algo_pvid=bb01d527-4eb6-41de-926d-080ef800d859&algo_exp_id=bb01d527-4eb6-41de-926d-080ef800d859-57&pdp_ext_f=%7B%22order%22%3A%22180%22%2C%22eval%22%3A%221%22%2C%22fromPage%22%3A%22search%22%7D&pdp_npi=6%40dis%21USD%214.33%210.99%21%21%2129.42%216.74%21%402151e6dc17768929340241960e8e8a%2112000043355544104%21sea%21US%210%21ABX%211%210%21n_tag%3A-29910%3Bd%3A7753d89f%3Bm03_new_user%3A-29895%3BpisId%3A5000000203537387&curPageLogUid=lHNrfcBgJdyY&utparam-url=scene%3Asearch%7Cquery_from%3A%7Cx_object_id%3A1005008036412989%7C_p_origin_prod%3A
10set/Lot OEM New Phone Seal Box Stickers For Apqle 17 16 15 14 Pro Max 17Air Airpods Pro 3 Outer Packing Wraping Sealing Labels,$0.99 ,"https://ae-pic-a1.aliexpress-media.com/kf/S76f48e794f6b48bf82563678d03d750fp.png_220x220.png_.avif,https://ae-pic-a1.aliexpress-media.com/kf/S76f48e794f6b48bf82563678d03d750fp.png_220x220.png_.avif,https://ae-pic-a1.aliexpress-media.com/kf/S082dbe58509d475ba07401a48fbc9f1bJ.jpg_220x220q75.jpg_.avif,https://ae-pic-a1.aliexpress-media.com/kf/S7fbbe644c7dc4787bf174bcf41b12ac0p.jpg_220x220q75.jpg_.avif,https://ae-pic-a1.aliexpress-media.com/kf/S3fcd1965670f41ddb9a8e485a7ccf123H.jpg_220x220q75.jpg_.avif","['High-concerned chemical', 'None', 'With Magnetic', 'No', 'Model Number', 'For iphone 17 17 Air 17Pro 17ProMax', 'Pieces Included', '10 in 1', 'Material', 'Other', 'Brand Name', 'fonlyu', 'Origin', 'Mainland China', 'Function', 'For Box Sealing', 'Compatible', 'For iphone 17 17 Air 17Pro 17ProMax,For Airpods Pro 3 , Iwatch Ultra 3']",https://www.aliexpress.us/item/3256806878751965.html?algo_pvid=bb01d527-4eb6-41de-926d-080ef800d859&algo_exp_id=bb01d527-4eb6-41de-926d-080ef800d859-58&pdp_ext_f=%7B%22order%22%3A%22180%22%2C%22eval%22%3A%221%22%2C%22fromPage%22%3A%22search%22%7D&pdp_npi=6%40dis%21USD%216.47%210.99%21%21%216.47%210.99%21%402151e6dc17768929340241960e8e8a%2112000050631830225%21sea%21US%210%21ABX%211%210%21n_tag%3A-29910%3Bd%3A7753d89f%3Bm03_new_user%3A-29895%3BpisId%3A5000000203537387&curPageLogUid=gptPZ7y55BgZ&utparam-url=scene%3Asearch%7Cquery_from%3A%7Cx_object_id%3A1005007065066717%7C_p_origin_prod%3A
SUNSHINE SS-024B Multimeter Test Pen With Replaceable Needles Digital Current Voltage Detection Probe Tip Testing Lead,$5.27 ,"https://ae-pic-a1.aliexpress-media.com/kf/S1438e46c37d6425abdd6b9eb64f6edcc6.jpg_220x220q75.jpg_.avif,https://ae-pic-a1.aliexpress-media.com/kf/S1438e46c37d6425abdd6b9eb64f6edcc6.jpg_220x220q75.jpg_.avif,https://ae-pic-a1.aliexpress-media.com/kf/Sb3a98868a48f4c24aa9666e1a739f3135.jpg_220x220q75.jpg_.avif,https://ae-pic-a1.aliexpress-media.com/kf/Sac759f8c334542b499cbc9d101174ecfx.jpg_220x220q75.jpg_.avif,https://ae-pic-a1.aliexpress-media.com/kf/S9cc3300ded744af18baf0a3938708f9dg.jpg_220x220q75.jpg_.avif","['High-concerned chemical', 'None', 'Model Number', 'SUNSHINE SS-024B', 'Pieces Included', '1', 'Material', 'Other', 'Brand Name', 'BRESUN', 'Origin', 'Mainland China', 'Brand Name', 'SUNSHINE', 'Test pen size', '115.5*15*15mm', 'Line length', 'About 975mm', 'Socket diameter', '4mm', 'Pin length', '30mm/26mm', 'Pin diameter', '1mm/2mm', 'Current resistance', '20A', 'Voltage resistance', '1000V', 'Pin material', 'Stainless steel (gold-plated)']",https://www.aliexpress.us/item/3256807408895192.html?algo_pvid=bb01d527-4eb6-41de-926d-080ef800d859&algo_exp_id=bb01d527-4eb6-41de-926d-080ef800d859-39&pdp_ext_f=%7B%22order%22%3A%22199%22%2C%22eval%22%3A%221%22%2C%22fromPage%22%3A%22search%22%7D&pdp_npi=6%40dis%21USD%215.77%215.27%21%21%2139.19%2135.80%21%402151e6dc17768929340241960e8e8a%2112000041437043520%21sea%21US%210%21ABX%211%210%21n_tag%3A-29910%3Bd%3A7753d89f%3Bm03_new_user%3A-29895%3BpisId%3A5000000204886261&curPageLogUid=Etni9fVS931I&utparam-url=scene%3Asearch%7Cquery_from%3A%7Cx_object_id%3A1005007595209944%7C_p_origin_prod%3A
10pcs Heatproof Sticker Adhesive Tape For iPhone X XS XR 11 12 Mini 13 Pro Max 14 15 Plus 17 Insulation Heat Sink Dissipation,$2.72/lot,"https://ae-pic-a1.aliexpress-media.com/kf/S0e39b0359de14a7db1390a02ba8ee661F.jpg_220x220q75.jpg_.avif,https://ae-pic-a1.aliexpress-media.com/kf/S9f358826d14d4bce8824379967e93981g.jpg_220x220q75.jpg_.avif,https://ae-pic-a1.aliexpress-media.com/kf/S2a0737a81bb04feca5b9f80774993af7x.jpg_220x220q75.jpg_.avif,https://ae-pic-a1.aliexpress-media.com/kf/S4ca4b04d93de4085aeb6a856e433b46d5.jpg_220x220q75.jpg_.avif,https://ae-pic-a1.aliexpress-media.com/kf/S85d2d800a7ec45b9a3a98b960989526bE.png_220x220.png_.avif","['High-concerned chemical', 'None', 'Pieces Included', '1', 'Material', 'Other', 'Origin', 'Mainland China']",https://www.aliexpress.us/item/3256806840212238.html?algo_pvid=bb01d527-4eb6-41de-926d-080ef800d859&algo_exp_id=bb01d527-4eb6-41de-926d-080ef800d859-40&pdp_ext_f=%7B%22order%22%3A%22196%22%2C%22eval%22%3A%221%22%2C%22fromPage%22%3A%22search%22%7D&pdp_npi=6%40dis%21USD%213.22%212.72%21%21%2121.88%2118.49%21%402151e6dc17768929340241960e8e8a%2112000039137421103%21sea%21US%210%21ABX%211%210%21n_tag%3A-29910%3Bd%3A7753d89f%3Bm03_new_user%3A-29895%3BpisId%3A5000000204886261&curPageLogUid=DsSFXcPxNsMr&utparam-url=scene%3Asearch%7Cquery_from%3A%7Cx_object_id%3A1005007026526990%7C_p_origin_prod%3A
LCD OCA Alignment Position Mold Laminating Mould With Frame For iPhone 17 17Air 16pro 15 13 Pro Max 14 15pro Screen Repair Tools,$8.15 ,"https://ae-pic-a1.aliexpress-media.com/kf/Sd6db1987d1754a26bda2c0409432b0e48.jpg_220x220q75.jpg_.avif,https://ae-pic-a1.aliexpress-media.com/kf/Sd6db1987d1754a26bda2c0409432b0e48.jpg_220x220q75.jpg_.avif,https://ae-pic-a1.aliexpress-media.com/kf/S8b02f61027c845108fe23cf2e820a54ds.jpg_220x220q75.jpg_.avif,https://ae-pic-a1.aliexpress-media.com/kf/S399d017dcbcb47caac82150e47271c54i.jpg_220x220q75.jpg_.avif,https://ae-pic-a1.aliexpress-media.com/kf/S44cbcd47bb1442f6a24a8ee701113a010.jpg_220x220q75.jpg_.avif","['High-concerned chemical', 'None', 'With Magnetic', 'No', 'Model Number', 'Inframe Position Alignment /Laminating mold', 'Pieces Included', 'other', 'Material', 'Other', 'Origin', 'Mainland China', 'Function', 'For cracked lcd screen refurbish', 'Support model 1', 'For IPX A1865 A1901 A1902 /XS A2097 A1920 A2100 A2098/XS max A2101 A1921 A2104 A2102/XR A2105 A2105 A1984 A2107 A2108 A2106', 'Support model 2', 'For IP11 A2221 A2111 A2223/11pro A2215 A2160 A2217 /11pro max A2218 A2161 A2220', 'Support model 3', 'For IP12 A2403 A2172 A2402 A2404/12pro A2407 A2341 A2406 A2408/12mini A2399 A2176 A2398 A2400/12pro max A2411 A2342 A2410 A2412', 'Support model 4', 'For IP13 A2633 A2482 A2631 A2634 A2635/13pro A2638 A2483 A2636 A2639 A2640/13mini A2628 A2481 A2626 A2629 A2630/13pro max A2643 A2484 A2641 A2644 A2645', 'Support model 5', 'For IP14 A2882 A2649 A2881 A2884 A2883/14pro A2890 A2650 A2889 A2892 A2891/14plus A2886 A2632 A2885 A2888 A2887/14pro max A2894 A2651 A2893 A2896 A2895', 'Support model 6', 'For IP15 A3090 A2846 A3089 A3092/15plus A3094 A2847 A3093 A3096/15pro A3102 A2848 A3101 A3104/15pro max/ A3106 A2849 A3105 A3108', 'Support model 7', 'For IP16 A3287 A3081 A3286 A3288/16Plus A3290 A3082 A3289 A3291/16Pro A3293 A3083 A3292 A3294/16Pro max A3296 A3084 A3295 A3297', 'Support model 8', 'For IP17 A3520, A3258, A3519, A3521/17Pro A3256, A3523, A3522, A3524/17Air A3517, A3260, A3518, A3516/17Pro max/A3526, A3257, A3527, A3525', 'Feature 1', 'Precision position/laminate', 'Feature 2', 'Easy to operate']",https://www.aliexpress.us/item/3256806145573164.html?algo_pvid=bb01d527-4eb6-41de-926d-080ef800d859&algo_exp_id=bb01d527-4eb6-41de-926d-080ef800d859-41&pdp_ext_f=%7B%22order%22%3A%22196%22%2C%22eval%22%3A%221%22%2C%22fromPage%22%3A%22search%22%7D&pdp_npi=6%40dis%21USD%2110.19%218.15%21%21%2169.15%2155.32%21%402151e6dc17768929340241960e8e8a%2112000036789601544%21sea%21US%210%21ABX%211%210%21n_tag%3A-29910%3Bd%3A7753d89f%3Bm03_new_user%3A-29895&curPageLogUid=tIr5s47tqE2O&utparam-url=scene%3Asearch%7Cquery_from%3A%7Cx_object_id%3A1005006331887916%7C_p_origin_prod%3A
New Harmony TP Cable / Harmony Test Point cables + HW USB COM 1.0 Adapter for Huawei HarmonyOS for chimera pro tool dongle,$4.05 ,"https://ae-pic-a1.aliexpress-media.com/kf/S3991c0b324084d6ba702519fe13ad0376.jpg_220x220q75.jpg_.avif,https://ae-pic-a1.aliexpress-media.com/kf/S3991c0b324084d6ba702519fe13ad0376.jpg_220x220q75.jpg_.avif,https://ae-pic-a1.aliexpress-media.com/kf/S473fb6f9555941c185133e3ff5a797d7x.jpg_220x220q75.jpg_.avif,https://ae-pic-a1.aliexpress-media.com/kf/S8051842d20604585a614d8106c38c1fab.jpg_220x220q75.jpg_.avif,https://ae-pic-a1.aliexpress-media.com/kf/S84c745cbcf1944429b1b86a6c736995ef.jpg_220x220q75.jpg_.avif","['High-concerned chemical', 'None', 'With Magnetic', 'No', 'Model Number', 'harmony tp cable', 'Pieces Included', '1', 'Material', 'Other', 'Brand Name', 'gsmjustoncct', 'Origin', 'Mainland China']",https://www.aliexpress.us/item/3256803607611519.html?algo_pvid=bb01d527-4eb6-41de-926d-080ef800d859&algo_exp_id=bb01d527-4eb6-41de-926d-080ef800d859-43&pdp_ext_f=%7B%22order%22%3A%22195%22%2C%22eval%22%3A%221%22%2C%22fromPage%22%3A%22search%22%7D&pdp_npi=6%40dis%21USD%214.18%214.05%21%21%214.18%214.05%21%402151e6dc17768929340241960e8e8a%2112000027187081752%21sea%21US%210%21ABX%211%210%21n_tag%3A-29910%3Bd%3A7753d89f%3Bm03_new_user%3A-29895&curPageLogUid=YobJueqlqhUS&utparam-url=scene%3Asearch%7Cquery_from%3A%7Cx_object_id%3A1005003793926271%7C_p_origin_prod%3A
Repairing Camera Lens Opening Spanner Spanner Hexagon Wrench Camera Lens Disassemble Wrench Adjustable Stainless,$3.44 ,"https://ae-pic-a1.aliexpress-media.com/kf/S07c56040ed76465f81ac9650bfd4e3e0p.jpg_220x220q75.jpg_.avif,https://ae-pic-a1.aliexpress-media.com/kf/Sf12569c9f5c149909b86ec7e9d45ff104.jpg_220x220q75.jpg_.avif,https://ae-pic-a1.aliexpress-media.com/kf/S6ef940c580ec4cd481528a536f210f561.jpg_220x220q75.jpg_.avif,https://ae-pic-a1.aliexpress-media.com/kf/Scb97dd28ee954383b90370f12dd23c82W.jpg_220x220q75.jpg_.avif,https://ae-pic-a1.aliexpress-media.com/kf/S340bc8934f5943d6b3d76e565d579eadP.jpg_220x220q75.jpg_.avif","['High-concerned chemical', 'None', 'Pieces Included', '6 in 1', 'Material', 'Other', 'Origin', 'Mainland China']",https://www.aliexpress.us/item/3256807906112627.html?algo_pvid=bb01d527-4eb6-41de-926d-080ef800d859&algo_exp_id=bb01d527-4eb6-41de-926d-080ef800d859-44&pdp_ext_f=%7B%22order%22%3A%22194%22%2C%22eval%22%3A%221%22%2C%22fromPage%22%3A%22search%22%7D&pdp_npi=6%40dis%21USD%219.16%213.44%21%21%2162.17%2123.34%21%402151e6dc17768929340241960e8e8a%2112000043686809598%21sea%21US%210%21ABX%211%210%21n_tag%3A-29910%3Bd%3A7753d89f%3Bm03_new_user%3A-29895%3BpisId%3A5000000204886261&curPageLogUid=mXnkRLajUUEJ&utparam-url=scene%3Asearch%7Cquery_from%3A%7Cx_object_id%3A1005008092427379%7C_p_origin_prod%3A
MaAnt D1 Wholesale Charging Grinding Pen Mini Intelligent for Phone CPU eMMC Metal Cutting Tools Head Tips Engraving Polishing,$21.86 ,"https://ae-pic-a1.aliexpress-media.com/kf/S410dc40442534f28b31ef5430fa57a60W.jpg_220x220q75.jpg_.avif,https://ae-pic-a1.aliexpress-media.com/kf/S410dc40442534f28b31ef5430fa57a60W.jpg_220x220q75.jpg_.avif,https://ae-pic-a1.aliexpress-media.com/kf/S992fb71ae5d54423a0ee7747ab65f2fdH.jpg_220x220q75.jpg_.avif,https://ae-pic-a1.aliexpress-media.com/kf/Sbe12b10148184782b4e56fc7df65397cP.jpg_220x220q75.jpg_.avif,https://ae-pic-a1.aliexpress-media.com/kf/S7d3074aa44e94d649df339018a49df3dM.jpg_220x220q75.jpg_.avif","['High-concerned chemical', 'None', 'With Magnetic', 'No', 'Model Number', 'MaAnt D1', 'Pieces Included', '1', 'Material', 'Other', 'Origin', 'Mainland China', 'Producuts for', 'maant d1 grinding pen,metal grinding,metal grinding head,wood grinding,motherboard grinder,polishing grinding machine,grinding pen pcb,grinding pen rechargeable,grinding pen for traces repair chip,manicure grind,jade grinding']",https://www.aliexpress.us/item/3256805919050557.html?algo_pvid=bb01d527-4eb6-41de-926d-080ef800d859&algo_exp_id=bb01d527-4eb6-41de-926d-080ef800d859-46&pdp_ext_f=%7B%22order%22%3A%22191%22%2C%22eval%22%3A%221%22%2C%22fromPage%22%3A%22search%22%7D&pdp_npi=6%40dis%21USD%2187.24%2124.28%21%21%21592.23%21164.82%21%402151e6dc17768929340241960e8e8a%2112000035767990880%21sea%21US%210%21ABX%211%210%21n_tag%3A-29910%3Bd%3A7753d89f%3Bm03_new_user%3A-29895%3BpisId%3A5000000203537387&curPageLogUid=bjzNzGKopZ7X&utparam-url=scene%3Asearch%7Cquery_from%3A%7Cx_object_id%3A1005006105365309%7C_p_origin_prod%3A
Universal For Watch Whole Phone Polishing Machine Waterproof Mold For iWatch S 3 4 5 S8 Ultra 40mm 44mm 49mm Repair Tools,$7.04 ,"https://ae-pic-a1.aliexpress-media.com/kf/S3cc0e932289f4b43b9f2c06222e987det.jpg_220x220q75.jpg_.avif,https://ae-pic-a1.aliexpress-media.com/kf/S3cc0e932289f4b43b9f2c06222e987det.jpg_220x220q75.jpg_.avif,https://ae-pic-a1.aliexpress-media.com/kf/S4c895141b3b44fa68719c881a097edaaV.jpg_220x220q75.jpg_.avif,https://ae-pic-a1.aliexpress-media.com/kf/S3e7042cde46640cfa1d3a258d12fba831.jpg_220x220q75.jpg_.avif,https://ae-pic-a1.aliexpress-media.com/kf/S983753cf287447979e8a5528c848c454v.jpg_220x220q75.jpg_.avif","['High-concerned chemical', 'None', 'Model Number', 'X/XS XS Max XR/11 11Pro 12 Pro Max', 'Pieces Included', '1', 'Material', 'Other', 'Brand Name', 'manumoc', 'Origin', 'Mainland China']",https://www.aliexpress.us/item/3256805985488139.html?algo_pvid=bb01d527-4eb6-41de-926d-080ef800d859&algo_exp_id=bb01d527-4eb6-41de-926d-080ef800d859-47&pdp_ext_f=%7B%22order%22%3A%22189%22%2C%22eval%22%3A%221%22%2C%22fromPage%22%3A%22search%22%7D&pdp_npi=6%40dis%21USD%217.54%217.04%21%21%2151.18%2147.79%21%402151e6dc17768929340241960e8e8a%2112000036109548573%21sea%21US%210%21ABX%211%210%21n_tag%3A-29910%3Bd%3A7753d89f%3Bm03_new_user%3A-29895%3BpisId%3A5000000204886261&curPageLogUid=ACQ1OwRATBsC&utparam-url=scene%3Asearch%7Cquery_from%3A%7Cx_object_id%3A1005006171802891%7C_p_origin_prod%3A
LCD Screen Tester Flex Cable For DL400 Pro For iPhone 7 8 Plus X XS Max XR 11 12 14 15 Pro Max 16 13 Pro 14 14plus Repair,$3.87 ,"https://ae-pic-a1.aliexpress-media.com/kf/S9dda6fb3a1fb49a394c14bda9d180d39B.jpg_220x220q75.jpg_.avif,https://ae-pic-a1.aliexpress-media.com/kf/S2abab8f497d74708b04cce74b1553342A.jpg_220x220q75.jpg_.avif,https://ae-pic-a1.aliexpress-media.com/kf/Se3c94bea46404300b727d1156f675a4dC.jpg_220x220q75.jpg_.avif,https://ae-pic-a1.aliexpress-media.com/kf/Sbe70c50b82dc43be906a62a43f3011acV.jpg_220x220q75.jpg_.avif,https://ae-pic-a1.aliexpress-media.com/kf/Se0d7763862e243159fe3b87aed48c97aO.jpg_220x220q75.jpg_.avif","['High-concerned chemical', 'None', 'Pieces Included', '6 in 1', 'Material', 'Other', 'Brand Name', 'manumoc', 'Origin', 'Mainland China']",https://www.aliexpress.us/item/3256804380617215.html?algo_pvid=bb01d527-4eb6-41de-926d-080ef800d859&algo_exp_id=bb01d527-4eb6-41de-926d-080ef800d859-48&pdp_ext_f=%7B%22order%22%3A%22188%22%2C%22eval%22%3A%221%22%2C%22fromPage%22%3A%22search%22%7D&pdp_npi=6%40dis%21USD%213.87%213.87%21%21%2126.28%2126.28%21%402151e6dc17768929340241960e8e8a%2112000030987796574%21sea%21US%210%21ABX%211%210%21n_tag%3A-29910%3Bd%3A7753d89f%3Bm03_new_user%3A-29895&curPageLogUid=U5j9Q6bNZ2L8&utparam-url=scene%3Asearch%7Cquery_from%3A%7Cx_object_id%3A1005004566931967%7C_p_origin_prod%3A
6PCS Metal Crowbar Prying Opening Repair Tool Kit For Mobile Phone Notebook Dual Heads Metal Spudger Home Hand Tools Sets,$0.99 ,"https://ae-pic-a1.aliexpress-media.com/kf/S4987b2d804ee44fcb91fe6f71df2d0de2.jpg_220x220q75.jpg_.avif,https://ae-pic-a1.aliexpress-media.com/kf/S03fedc6b45814c289cb0de410f89a99bk.jpg_220x220q75.jpg_.avif,https://ae-pic-a1.aliexpress-media.com/kf/S52e2bdc80d264d8e843ee09e0eec831bO.jpg_220x220q75.jpg_.avif,https://ae-pic-a1.aliexpress-media.com/kf/Sa880a0b7da2f44d89d7e6185c581c8fcd.jpg_220x220q75.jpg_.avif,https://ae-pic-a1.aliexpress-media.com/kf/S9a337176a43d4e119d762f93792276c2t.jpg_220x220q75.jpg_.avif","['Pieces Included', '6 in 1', 'Material', 'Other', 'Origin', 'Mainland China']",https://www.aliexpress.us/item/3256806114661867.html?algo_pvid=bb01d527-4eb6-41de-926d-080ef800d859&algo_exp_id=bb01d527-4eb6-41de-926d-080ef800d859-49&pdp_ext_f=%7B%22order%22%3A%22187%22%2C%22eval%22%3A%221%22%2C%22fromPage%22%3A%22search%22%7D&pdp_npi=6%40dis%21USD%2113.56%210.99%21%21%2192.04%216.71%21%402151e6dc17768929340241960e8e8a%2112000036677510055%21sea%21US%210%21ABX%211%210%21n_tag%3A-29910%3Bd%3A7753d89f%3Bm03_new_user%3A-29895%3BpisId%3A5000000203537387&curPageLogUid=64NdlIyEgL4U&utparam-url=scene%3Asearch%7Cquery_from%3A%7Cx_object_id%3A1005006300976619%7C_p_origin_prod%3A
44 43 28 IN1 Mobile Phone Disassembly Repair Tools Kit Apple Android Cellphon Screw Screwdriver Spudger Pry Opening Repair Tool,$0.99 ,"https://ae-pic-a1.aliexpress-media.com/kf/Sc3786a4c72c1434d82db8c035fb5b9ece.jpg_220x220q75.jpg_.avif,https://ae-pic-a1.aliexpress-media.com/kf/Scaa6ad4ad46a4fc5b89c1919f410a2e4A.jpg_220x220q75.jpg_.avif,https://ae-pic-a1.aliexpress-media.com/kf/S7f697a3b4c114d31a096107cb4ece22aE.jpg_220x220q75.jpg_.avif,https://ae-pic-a1.aliexpress-media.com/kf/Se73c66b8c64e45d4b32ccdc3a3bf9cc7z.jpg_220x220q75.jpg_.avif,https://ae-pic-a1.aliexpress-media.com/kf/Sb72527b9f1b24d9891d3b7657818f537B.jpg_220x220q75.jpg_.avif","['High-concerned chemical', 'None', 'Pieces Included', '40 in 1', 'Material', 'Other', 'Origin', 'Mainland China']",https://www.aliexpress.us/item/3256806270080500.html?algo_pvid=bb01d527-4eb6-41de-926d-080ef800d859&algo_exp_id=bb01d527-4eb6-41de-926d-080ef800d859-52&pdp_ext_f=%7B%22order%22%3A%22185%22%2C%22eval%22%3A%221%22%2C%22fromPage%22%3A%22search%22%7D&pdp_npi=6%40dis%21USD%218.39%210.99%21%21%2156.98%216.73%21%402151e6dc17768929340241960e8e8a%2112000037264987597%21sea%21US%210%21ABX%211%210%21n_tag%3A-29910%3Bd%3A7753d89f%3Bm03_new_user%3A-29895%3BpisId%3A5000000203537387&curPageLogUid=fpUpYrNZF3m5&utparam-url=scene%3Asearch%7Cquery_from%3A%7Cx_object_id%3A1005006456395252%7C_p_origin_prod%3A
2in1 Sameking Green LCD OCA Lamination And Alignment Mould Mold For iPhone X XS XR 11Pro 12 13 Pro Max 14 14Pro 15 Repair Tool,$25.51 ,"https://ae-pic-a1.aliexpress-media.com/kf/Sf1bbcf0941a04eb8b3a8b2105bd76b93q.jpg_220x220q75.jpg_.avif,https://ae-pic-a1.aliexpress-media.com/kf/S02656a2a060d4bca9c452073d4562966D.jpg_220x220q75.jpg_.avif,https://ae-pic-a1.aliexpress-media.com/kf/Saa6092a9daea4e60b29e8794c0df0374F.jpg_220x220q75.jpg_.avif,https://ae-pic-a1.aliexpress-media.com/kf/S4fe914f06f9f41ef849cfbb365639b0dx.jpg_220x220q75.jpg_.avif,https://ae-pic-a1.aliexpress-media.com/kf/S36a1ee6f51324bdba135c1659bfd1650F.jpg_220x220q75.jpg_.avif","['High-concerned chemical', 'None', 'Model Number', 'X/XS XS Max XR/11 11Pro 12 Pro Max', 'Pieces Included', '2in1', 'Material', 'Other', 'Origin', 'Mainland China', 'Design', 'unbent flex cable', 'Use for', 'OCA alignment', 'Color', 'Green', 'Brand', 'Sameking']",https://www.aliexpress.us/item/3256803123353681.html?algo_pvid=bb01d527-4eb6-41de-926d-080ef800d859&algo_exp_id=bb01d527-4eb6-41de-926d-080ef800d859-53&pdp_ext_f=%7B%22order%22%3A%22183%22%2C%22eval%22%3A%221%22%2C%22fromPage%22%3A%22search%22%7D&pdp_npi=6%40dis%21USD%2126.01%2125.51%21%21%21176.56%21173.17%21%402151e6dc17768929340241960e8e8a%2112000025134849035%21sea%21US%210%21ABX%211%210%21n_tag%3A-29910%3Bd%3A7753d89f%3Bm03_new_user%3A-29895%3BpisId%3A5000000204886261&curPageLogUid=tDWDdPcbwQu6&utparam-url=scene%3Asearch%7Cquery_from%3A%7Cx_object_id%3A1005003309668433%7C_p_origin_prod%3A
3pcs Waterproof LCD Screen Adhesive Tape for iPhone 17 Pro Max / 16 / 15 Plus / 14 / 13 / 12 / 11 OEM Frame Seal,$0.99 ,"https://ae-pic-a1.aliexpress-media.com/kf/S1cef5cc538f34498ac3b6d650bc05a4eZ.jpg_220x220q75.jpg_.avif,https://ae-pic-a1.aliexpress-media.com/kf/S1cef5cc538f34498ac3b6d650bc05a4eZ.jpg_220x220q75.jpg_.avif,https://ae-pic-a1.aliexpress-media.com/kf/S0e859baf132143288c613b2b511766eeP.jpg_220x220q75.jpg_.avif,https://ae-pic-a1.aliexpress-media.com/kf/S6952ec1b12c240ed9ad4ea1ae956383bT.jpg_220x220q75.jpg_.avif,https://ae-pic-a1.aliexpress-media.com/kf/S2790044d8efc4909a15cea3ef727d233r.jpg_220x220q75.jpg_.avif","['High-concerned chemical', 'None', 'Model Number', 'For iPhone X/ 11 / 12 / 13 / 14 / 15 / 16/ 17 Series', 'Pieces Included', '3PCS', 'Material', 'Plastic', 'Brand Name', 'EmmaHelp', 'Origin', 'Mainland China']",https://www.aliexpress.us/item/3256810352837880.html?algo_pvid=bb01d527-4eb6-41de-926d-080ef800d859&algo_exp_id=bb01d527-4eb6-41de-926d-080ef800d859-54&pdp_ext_f=%7B%22order%22%3A%22182%22%2C%22eval%22%3A%221%22%2C%22fromPage%22%3A%22search%22%7D&pdp_npi=6%40dis%21USD%211.62%210.99%21%21%2111.01%216.73%21%402151e6dc17768929340241960e8e8a%2112000052750199188%21sea%21US%210%21ABX%211%210%21n_tag%3A-29910%3Bd%3A7753d89f%3Bm03_new_user%3A-29895%3BpisId%3A5000000203537387&curPageLogUid=Y31tc6n0lIEY&utparam-url=scene%3Asearch%7Cquery_from%3A%7Cx_object_id%3A1005010539152632%7C_p_origin_prod%3A
5/8 in 1 IC Chip Repair Thin Blade CPU NAND Remover BGA Maintenance Knife Glue Remover Tool Kit Electronics Opening Pry Tools,$0.94 ,"https://ae-pic-a1.aliexpress-media.com/kf/S094fafdc14e94e1b81a231fbf4b41502Z.jpg?has_lang=1&ver=1_220x220q75.jpg_.avif,https://ae-pic-a1.aliexpress-media.com/kf/Sc6ab17ae83a24d4c9c669f22b3dbeb6fv.jpg?has_lang=1&ver=1_220x220q75.jpg_.avif,https://ae-pic-a1.aliexpress-media.com/kf/S6629bce31f28410298fd09379f885d5ex.jpg?has_lang=1&ver=1_220x220q75.jpg_.avif,https://ae-pic-a1.aliexpress-media.com/kf/Sa19eb6c286ee43da82eea1d7f98a01ffm.jpg?has_lang=1&ver=1_220x220q75.jpg_.avif,https://ae-pic-a1.aliexpress-media.com/kf/S4b07655971bb43c19a2901f74df02c2ar.jpg?has_lang=1&ver=1_220x220q75.jpg_.avif","['High-concerned chemical', 'None', 'Pieces Included', '8 in 1', 'Material', 'Other', 'Brand Name', 'BAPPSUS', 'Origin', 'Mainland China']",https://www.aliexpress.us/item/3256809471965976.html?algo_pvid=bb01d527-4eb6-41de-926d-080ef800d859&algo_exp_id=bb01d527-4eb6-41de-926d-080ef800d859-55&pdp_ext_f=%7B%22order%22%3A%22181%22%2C%22eval%22%3A%221%22%2C%22fromPage%22%3A%22search%22%7D&pdp_npi=6%40dis%21USD%211.34%210.94%21%21%219.08%216.36%21%402151e6dc17768929340241960e8e8a%2112000049789690096%21sea%21US%210%21ABX%211%210%21n_tag%3A-29910%3Bd%3A7753d89f%3Bm03_new_user%3A-29895&curPageLogUid=W2DXpzZpI05y&utparam-url=scene%3Asearch%7Cquery_from%3A%7Cx_object_id%3A1005009658280728%7C_p_origin_prod%3A
JCID JC intelligent Maintenance Drawing Schematic Diagram Bitmap for iPhone iPad Android Circuit integrated Diagram Bitmap,$28.51 ,"https://ae-pic-a1.aliexpress-media.com/kf/Sb65b5a2cb39f4ed0bfe3c079dda47e31l.jpg_220x220q75.jpg_.avif,https://ae-pic-a1.aliexpress-media.com/kf/Sb65b5a2cb39f4ed0bfe3c079dda47e31l.jpg_220x220q75.jpg_.avif,https://ae-pic-a1.aliexpress-media.com/kf/S4fee0aab83ab4b82b034c628ebd33d3cG.jpg_220x220q75.jpg_.avif,https://ae-pic-a1.aliexpress-media.com/kf/S97613a0697d44c3994eed1de9e612967z.jpg_220x220q75.jpg_.avif,https://ae-pic-a1.aliexpress-media.com/kf/S3cb31e835f2d4c7080bbab10540c8ab8L.jpg_220x220q75.jpg_.avif","['High-concerned chemical', 'None', 'With Magnetic', 'No', 'Model Number', 'jcid intelligent drawing', 'Pieces Included', '1', 'Material', 'Other', 'Origin', 'Mainland China', 'Brand', 'jcid/jc', 'Scenes To Be Used', 'Cell Phone Repair tools', 'Function1', 'Video Tutorial', 'Function2', 'Repair Cases', 'Function3', 'Grounding Resistance Value Diagram', 'Function4', 'Box Diagram/ Test Point', 'Function5', 'Schematic Diagram', 'Function6', 'Double-open Diagram', 'Function7', 'Multi Layers Diagram Bitmap', 'Function8', 'Basic Knowledge', 'Function9', 'Basic Video', 'Function10', 'Component Search', 'Function11', 'Single Layer Diagram Bitmap', 'Function12', 'CPU Diagram Bitmap', 'Function13', 'Teaching Pen', 'Function14', 'Precise Diagram,borneo schematic', 'Function15', 'software', 'Function16', 'zxw', 'Function17', 'dzkj', 'Function18', 'borneo schematic software', 'Function19', 'jcid esquematico', 'Function20', 'jc drawing', 'Function21', 'Motherboard/ IC Diagram']",https://www.aliexpress.us/item/3256806763118214.html?algo_pvid=bb01d527-4eb6-41de-926d-080ef800d859&algo_exp_id=bb01d527-4eb6-41de-926d-080ef800d859-56&pdp_ext_f=%7B%22order%22%3A%22181%22%2C%22eval%22%3A%221%22%2C%22fromPage%22%3A%22search%22%7D&pdp_npi=6%40dis%21USD%2158.02%2128.51%21%21%21393.88%21193.55%21%402151e6dc17768929340241960e8e8a%2112000040468823740%21sea%21US%210%21ABX%211%210%21n_tag%3A-29910%3Bd%3A7753d89f%3Bm03_new_user%3A-29895%3BpisId%3A5000000204886261&curPageLogUid=1IZUzKHoBUYO&utparam-url=scene%3Asearch%7Cquery_from%3A%7Cx_object_id%3A1005006949432966%7C_p_origin_prod%3A
100*70*30mm NANO Magic Sponge Cleaning Dust OCA Glue Removal Tools For Phone LCD Screen Repair,$0.99/lot,"https://ae-pic-a1.aliexpress-media.com/kf/S989c1b10eae54e57944fa279eeae2f74u.jpg_220x220q75.jpg_.avif,https://ae-pic-a1.aliexpress-media.com/kf/S989c1b10eae54e57944fa279eeae2f74u.jpg_220x220q75.jpg_.avif,https://ae-pic-a1.aliexpress-media.com/kf/Sa093cd815f0d4e1eb54fc49e9631f38bj.jpg_220x220q75.jpg_.avif,https://ae-pic-a1.aliexpress-media.com/kf/S1e5f8a31260f40158dd91660a8dd66b2K.jpg_220x220q75.jpg_.avif,https://ae-pic-a1.aliexpress-media.com/kf/S90d11313846f464398c3855818494085K.jpg_220x220q75.jpg_.avif","['High-concerned chemical', 'None', 'Pieces Included', '1', 'Material', 'Other', 'Origin', 'Mainland China']",https://www.aliexpress.us/item/3256807850098237.html?algo_pvid=bb01d527-4eb6-41de-926d-080ef800d859&algo_exp_id=bb01d527-4eb6-41de-926d-080ef800d859-57&pdp_ext_f=%7B%22order%22%3A%22180%22%2C%22eval%22%3A%221%22%2C%22fromPage%22%3A%22search%22%7D&pdp_npi=6%40dis%21USD%214.33%210.99%21%21%2129.42%216.74%21%402151e6dc17768929340241960e8e8a%2112000043355544104%21sea%21US%210%21ABX%211%210%21n_tag%3A-29910%3Bd%3A7753d89f%3Bm03_new_user%3A-29895%3BpisId%3A5000000203537387&curPageLogUid=lHNrfcBgJdyY&utparam-url=scene%3Asearch%7Cquery_from%3A%7Cx_object_id%3A1005008036412989%7C_p_origin_prod%3A
10set/Lot OEM New Phone Seal Box Stickers For Apqle 17 16 15 14 Pro Max 17Air Airpods Pro 3 Outer Packing Wraping Sealing Labels,$0.99 ,"https://ae-pic-a1.aliexpress-media.com/kf/S76f48e794f6b48bf82563678d03d750fp.png_220x220.png_.avif,https://ae-pic-a1.aliexpress-media.com/kf/S76f48e794f6b48bf82563678d03d750fp.png_220x220.png_.avif,https://ae-pic-a1.aliexpress-media.com/kf/S082dbe58509d475ba07401a48fbc9f1bJ.jpg_220x220q75.jpg_.avif,https://ae-pic-a1.aliexpress-media.com/kf/S7fbbe644c7dc4787bf174bcf41b12ac0p.jpg_220x220q75.jpg_.avif,https://ae-pic-a1.aliexpress-media.com/kf/S3fcd1965670f41ddb9a8e485a7ccf123H.jpg_220x220q75.jpg_.avif","['High-concerned chemical', 'None', 'With Magnetic', 'No', 'Model Number', 'For iphone 17 17 Air 17Pro 17ProMax', 'Pieces Included', '10 in 1', 'Material', 'Other', 'Brand Name', 'fonlyu', 'Origin', 'Mainland China', 'Function', 'For Box Sealing', 'Compatible', 'For iphone 17 17 Air 17Pro 17ProMax,For Airpods Pro 3 , Iwatch Ultra 3']",https://www.aliexpress.us/item/3256806878751965.html?algo_pvid=bb01d527-4eb6-41de-926d-080ef800d859&algo_exp_id=bb01d527-4eb6-41de-926d-080ef800d859-58&pdp_ext_f=%7B%22order%22%3A%22180%22%2C%22eval%22%3A%221%22%2C%22fromPage%22%3A%22search%22%7D&pdp_npi=6%40dis%21USD%216.47%210.99%21%21%216.47%210.99%21%402151e6dc17768929340241960e8e8a%2112000050631830225%21sea%21US%210%21ABX%211%210%21n_tag%3A-29910%3Bd%3A7753d89f%3Bm03_new_user%3A-29895%3BpisId%3A5000000203537387&curPageLogUid=gptPZ7y55BgZ&utparam-url=scene%3Asearch%7Cquery_from%3A%7Cx_object_id%3A1005007065066717%7C_p_origin_prod%3A
SUNSHINE SS-024B Multimeter Test Pen With Replaceable Needles Digital Current Voltage Detection Probe Tip Testing Lead,$5.27 ,"https://ae-pic-a1.aliexpress-media.com/kf/S1438e46c37d6425abdd6b9eb64f6edcc6.jpg_220x220q75.jpg_.avif,https://ae-pic-a1.aliexpress-media.com/kf/S1438e46c37d6425abdd6b9eb64f6edcc6.jpg_220x220q75.jpg_.avif,https://ae-pic-a1.aliexpress-media.com/kf/Sb3a98868a48f4c24aa9666e1a739f3135.jpg_220x220q75.jpg_.avif,https://ae-pic-a1.aliexpress-media.com/kf/Sac759f8c334542b499cbc9d101174ecfx.jpg_220x220q75.jpg_.avif,https://ae-pic-a1.aliexpress-media.com/kf/S9cc3300ded744af18baf0a3938708f9dg.jpg_220x220q75.jpg_.avif","['High-concerned chemical', 'None', 'Model Number', 'SUNSHINE SS-024B', 'Pieces Included', '1', 'Material', 'Other', 'Brand Name', 'BRESUN', 'Origin', 'Mainland China', 'Brand Name', 'SUNSHINE', 'Test pen size', '115.5*15*15mm', 'Line length', 'About 975mm', 'Socket diameter', '4mm', 'Pin length', '30mm/26mm', 'Pin diameter', '1mm/2mm', 'Current resistance', '20A', 'Voltage resistance', '1000V', 'Pin material', 'Stainless steel (gold-plated)']",https://www.aliexpress.us/item/3256807408895192.html?algo_pvid=bb01d527-4eb6-41de-926d-080ef800d859&algo_exp_id=bb01d527-4eb6-41de-926d-080ef800d859-39&pdp_ext_f=%7B%22order%22%3A%22199%22%2C%22eval%22%3A%221%22%2C%22fromPage%22%3A%22search%22%7D&pdp_npi=6%40dis%21USD%215.77%215.27%21%21%2139.19%2135.80%21%402151e6dc17768929340241960e8e8a%2112000041437043520%21sea%21US%210%21ABX%211%210%21n_tag%3A-29910%3Bd%3A7753d89f%3Bm03_new_user%3A-29895%3BpisId%3A5000000204886261&curPageLogUid=Etni9fVS931I&utparam-url=scene%3Asearch%7Cquery_from%3A%7Cx_object_id%3A1005007595209944%7C_p_origin_prod%3A
10pcs Heatproof Sticker Adhesive Tape For iPhone X XS XR 11 12 Mini 13 Pro Max 14 15 Plus 17 Insulation Heat Sink Dissipation,$2.72/lot,"https://ae-pic-a1.aliexpress-media.com/kf/S0e39b0359de14a7db1390a02ba8ee661F.jpg_220x220q75.jpg_.avif,https://ae-pic-a1.aliexpress-media.com/kf/S9f358826d14d4bce8824379967e93981g.jpg_220x220q75.jpg_.avif,https://ae-pic-a1.aliexpress-media.com/kf/S2a0737a81bb04feca5b9f80774993af7x.jpg_220x220q75.jpg_.avif,https://ae-pic-a1.aliexpress-media.com/kf/S4ca4b04d93de4085aeb6a856e433b46d5.jpg_220x220q75.jpg_.avif,https://ae-pic-a1.aliexpress-media.com/kf/S85d2d800a7ec45b9a3a98b960989526bE.png_220x220.png_.avif","['High-concerned chemical', 'None', 'Pieces Included', '1', 'Material', 'Other', 'Origin', 'Mainland China']",https://www.aliexpress.us/item/3256806840212238.html?algo_pvid=bb01d527-4eb6-41de-926d-080ef800d859&algo_exp_id=bb01d527-4eb6-41de-926d-080ef800d859-40&pdp_ext_f=%7B%22order%22%3A%22196%22%2C%22eval%22%3A%221%22%2C%22fromPage%22%3A%22search%22%7D&pdp_npi=6%40dis%21USD%213.22%212.72%21%21%2121.88%2118.49%21%402151e6dc17768929340241960e8e8a%2112000039137421103%21sea%21US%210%21ABX%211%210%21n_tag%3A-29910%3Bd%3A7753d89f%3Bm03_new_user%3A-29895%3BpisId%3A5000000204886261&curPageLogUid=DsSFXcPxNsMr&utparam-url=scene%3Asearch%7Cquery_from%3A%7Cx_object_id%3A1005007026526990%7C_p_origin_prod%3A
LCD OCA Alignment Position Mold Laminating Mould With Frame For iPhone 17 17Air 16pro 15 13 Pro Max 14 15pro Screen Repair Tools,$8.15 ,"https://ae-pic-a1.aliexpress-media.com/kf/Sd6db1987d1754a26bda2c0409432b0e48.jpg_220x220q75.jpg_.avif,https://ae-pic-a1.aliexpress-media.com/kf/Sd6db1987d1754a26bda2c0409432b0e48.jpg_220x220q75.jpg_.avif,https://ae-pic-a1.aliexpress-media.com/kf/S8b02f61027c845108fe23cf2e820a54ds.jpg_220x220q75.jpg_.avif,https://ae-pic-a1.aliexpress-media.com/kf/S399d017dcbcb47caac82150e47271c54i.jpg_220x220q75.jpg_.avif,https://ae-pic-a1.aliexpress-media.com/kf/S44cbcd47bb1442f6a24a8ee701113a010.jpg_220x220q75.jpg_.avif","['High-concerned chemical', 'None', 'With Magnetic', 'No', 'Model Number', 'Inframe Position Alignment /Laminating mold', 'Pieces Included', 'other', 'Material', 'Other', 'Origin', 'Mainland China', 'Function', 'For cracked lcd screen refurbish', 'Support model 1', 'For IPX A1865 A1901 A1902 /XS A2097 A1920 A2100 A2098/XS max A2101 A1921 A2104 A2102/XR A2105 A2105 A1984 A2107 A2108 A2106', 'Support model 2', 'For IP11 A2221 A2111 A2223/11pro A2215 A2160 A2217 /11pro max A2218 A2161 A2220', 'Support model 3', 'For IP12 A2403 A2172 A2402 A2404/12pro A2407 A2341 A2406 A2408/12mini A2399 A2176 A2398 A2400/12pro max A2411 A2342 A2410 A2412', 'Support model 4', 'For IP13 A2633 A2482 A2631 A2634 A2635/13pro A2638 A2483 A2636 A2639 A2640/13mini A2628 A2481 A2626 A2629 A2630/13pro max A2643 A2484 A2641 A2644 A2645', 'Support model 5', 'For IP14 A2882 A2649 A2881 A2884 A2883/14pro A2890 A2650 A2889 A2892 A2891/14plus A2886 A2632 A2885 A2888 A2887/14pro max A2894 A2651 A2893 A2896 A2895', 'Support model 6', 'For IP15 A3090 A2846 A3089 A3092/15plus A3094 A2847 A3093 A3096/15pro A3102 A2848 A3101 A3104/15pro max/ A3106 A2849 A3105 A3108', 'Support model 7', 'For IP16 A3287 A3081 A3286 A3288/16Plus A3290 A3082 A3289 A3291/16Pro A3293 A3083 A3292 A3294/16Pro max A3296 A3084 A3295 A3297', 'Support model 8', 'For IP17 A3520, A3258, A3519, A3521/17Pro A3256, A3523, A3522, A3524/17Air A3517, A3260, A3518, A3516/17Pro max/A3526, A3257, A3527, A3525', 'Feature 1', 'Precision position/laminate', 'Feature 2', 'Easy to operate']",https://www.aliexpress.us/item/3256806145573164.html?algo_pvid=bb01d527-4eb6-41de-926d-080ef800d859&algo_exp_id=bb01d527-4eb6-41de-926d-080ef800d859-41&pdp_ext_f=%7B%22order%22%3A%22196%22%2C%22eval%22%3A%221%22%2C%22fromPage%22%3A%22search%22%7D&pdp_npi=6%40dis%21USD%2110.19%218.15%21%21%2169.15%2155.32%21%402151e6dc17768929340241960e8e8a%2112000036789601544%21sea%21US%210%21ABX%211%210%21n_tag%3A-29910%3Bd%3A7753d89f%3Bm03_new_user%3A-29895&curPageLogUid=tIr5s47tqE2O&utparam-url=scene%3Asearch%7Cquery_from%3A%7Cx_object_id%3A1005006331887916%7C_p_origin_prod%3A
New Harmony TP Cable / Harmony Test Point cables + HW USB COM 1.0 Adapter for Huawei HarmonyOS for chimera pro tool dongle,$4.05 ,"https://ae-pic-a1.aliexpress-media.com/kf/S3991c0b324084d6ba702519fe13ad0376.jpg_220x220q75.jpg_.avif,https://ae-pic-a1.aliexpress-media.com/kf/S3991c0b324084d6ba702519fe13ad0376.jpg_220x220q75.jpg_.avif,https://ae-pic-a1.aliexpress-media.com/kf/S473fb6f9555941c185133e3ff5a797d7x.jpg_220x220q75.jpg_.avif,https://ae-pic-a1.aliexpress-media.com/kf/S8051842d20604585a614d8106c38c1fab.jpg_220x220q75.jpg_.avif,https://ae-pic-a1.aliexpress-media.com/kf/S84c745cbcf1944429b1b86a6c736995ef.jpg_220x220q75.jpg_.avif","['High-concerned chemical', 'None', 'With Magnetic', 'No', 'Model Number', 'harmony tp cable', 'Pieces Included', '1', 'Material', 'Other', 'Brand Name', 'gsmjustoncct', 'Origin', 'Mainland China']",https://www.aliexpress.us/item/3256803607611519.html?algo_pvid=bb01d527-4eb6-41de-926d-080ef800d859&algo_exp_id=bb01d527-4eb6-41de-926d-080ef800d859-43&pdp_ext_f=%7B%22order%22%3A%22195%22%2C%22eval%22%3A%221%22%2C%22fromPage%22%3A%22search%22%7D&pdp_npi=6%40dis%21USD%214.18%214.05%21%21%214.18%214.05%21%402151e6dc17768929340241960e8e8a%2112000027187081752%21sea%21US%210%21ABX%211%210%21n_tag%3A-29910%3Bd%3A7753d89f%3Bm03_new_user%3A-29895&curPageLogUid=YobJueqlqhUS&utparam-url=scene%3Asearch%7Cquery_from%3A%7Cx_object_id%3A1005003793926271%7C_p_origin_prod%3A
Repairing Camera Lens Opening Spanner Spanner Hexagon Wrench Camera Lens Disassemble Wrench Adjustable Stainless,$3.44 ,"https://ae-pic-a1.aliexpress-media.com/kf/S07c56040ed76465f81ac9650bfd4e3e0p.jpg_220x220q75.jpg_.avif,https://ae-pic-a1.aliexpress-media.com/kf/Sf12569c9f5c149909b86ec7e9d45ff104.jpg_220x220q75.jpg_.avif,https://ae-pic-a1.aliexpress-media.com/kf/S6ef940c580ec4cd481528a536f210f561.jpg_220x220q75.jpg_.avif,https://ae-pic-a1.aliexpress-media.com/kf/Scb97dd28ee954383b90370f12dd23c82W.jpg_220x220q75.jpg_.avif,https://ae-pic-a1.aliexpress-media.com/kf/S340bc8934f5943d6b3d76e565d579eadP.jpg_220x220q75.jpg_.avif","['High-concerned chemical', 'None', 'Pieces Included', '6 in 1', 'Material', 'Other', 'Origin', 'Mainland China']",https://www.aliexpress.us/item/3256807906112627.html?algo_pvid=bb01d527-4eb6-41de-926d-080ef800d859&algo_exp_id=bb01d527-4eb6-41de-926d-080ef800d859-44&pdp_ext_f=%7B%22order%22%3A%22194%22%2C%22eval%22%3A%221%22%2C%22fromPage%22%3A%22search%22%7D&pdp_npi=6%40dis%21USD%219.16%213.44%21%21%2162.17%2123.34%21%402151e6dc17768929340241960e8e8a%2112000043686809598%21sea%21US%210%21ABX%211%210%21n_tag%3A-29910%3Bd%3A7753d89f%3Bm03_new_user%3A-29895%3BpisId%3A5000000204886261&curPageLogUid=mXnkRLajUUEJ&utparam-url=scene%3Asearch%7Cquery_from%3A%7Cx_object_id%3A1005008092427379%7C_p_origin_prod%3A
MaAnt D1 Wholesale Charging Grinding Pen Mini Intelligent for Phone CPU eMMC Metal Cutting Tools Head Tips Engraving Polishing,$21.86 ,"https://ae-pic-a1.aliexpress-media.com/kf/S410dc40442534f28b31ef5430fa57a60W.jpg_220x220q75.jpg_.avif,https://ae-pic-a1.aliexpress-media.com/kf/S410dc40442534f28b31ef5430fa57a60W.jpg_220x220q75.jpg_.avif,https://ae-pic-a1.aliexpress-media.com/kf/S992fb71ae5d54423a0ee7747ab65f2fdH.jpg_220x220q75.jpg_.avif,https://ae-pic-a1.aliexpress-media.com/kf/Sbe12b10148184782b4e56fc7df65397cP.jpg_220x220q75.jpg_.avif,https://ae-pic-a1.aliexpress-media.com/kf/S7d3074aa44e94d649df339018a49df3dM.jpg_220x220q75.jpg_.avif","['High-concerned chemical', 'None', 'With Magnetic', 'No', 'Model Number', 'MaAnt D1', 'Pieces Included', '1', 'Material', 'Other', 'Origin', 'Mainland China', 'Producuts for', 'maant d1 grinding pen,metal grinding,metal grinding head,wood grinding,motherboard grinder,polishing grinding machine,grinding pen pcb,grinding pen rechargeable,grinding pen for traces repair chip,manicure grind,jade grinding']",https://www.aliexpress.us/item/3256805919050557.html?algo_pvid=bb01d527-4eb6-41de-926d-080ef800d859&algo_exp_id=bb01d527-4eb6-41de-926d-080ef800d859-46&pdp_ext_f=%7B%22order%22%3A%22191%22%2C%22eval%22%3A%221%22%2C%22fromPage%22%3A%22search%22%7D&pdp_npi=6%40dis%21USD%2187.24%2124.28%21%21%21592.23%21164.82%21%402151e6dc17768929340241960e8e8a%2112000035767990880%21sea%21US%210%21ABX%211%210%21n_tag%3A-29910%3Bd%3A7753d89f%3Bm03_new_user%3A-29895%3BpisId%3A5000000203537387&curPageLogUid=bjzNzGKopZ7X&utparam-url=scene%3Asearch%7Cquery_from%3A%7Cx_object_id%3A1005006105365309%7C_p_origin_prod%3A
Universal For Watch Whole Phone Polishing Machine Waterproof Mold For iWatch S 3 4 5 S8 Ultra 40mm 44mm 49mm Repair Tools,$7.04 ,"https://ae-pic-a1.aliexpress-media.com/kf/S3cc0e932289f4b43b9f2c06222e987det.jpg_220x220q75.jpg_.avif,https://ae-pic-a1.aliexpress-media.com/kf/S3cc0e932289f4b43b9f2c06222e987det.jpg_220x220q75.jpg_.avif,https://ae-pic-a1.aliexpress-media.com/kf/S4c895141b3b44fa68719c881a097edaaV.jpg_220x220q75.jpg_.avif,https://ae-pic-a1.aliexpress-media.com/kf/S3e7042cde46640cfa1d3a258d12fba831.jpg_220x220q75.jpg_.avif,https://ae-pic-a1.aliexpress-media.com/kf/S983753cf287447979e8a5528c848c454v.jpg_220x220q75.jpg_.avif","['High-concerned chemical', 'None', 'Model Number', 'X/XS XS Max XR/11 11Pro 12 Pro Max', 'Pieces Included', '1', 'Material', 'Other', 'Brand Name', 'manumoc', 'Origin', 'Mainland China']",https://www.aliexpress.us/item/3256805985488139.html?algo_pvid=bb01d527-4eb6-41de-926d-080ef800d859&algo_exp_id=bb01d527-4eb6-41de-926d-080ef800d859-47&pdp_ext_f=%7B%22order%22%3A%22189%22%2C%22eval%22%3A%221%22%2C%22fromPage%22%3A%22search%22%7D&pdp_npi=6%40dis%21USD%217.54%217.04%21%21%2151.18%2147.79%21%402151e6dc17768929340241960e8e8a%2112000036109548573%21sea%21US%210%21ABX%211%210%21n_tag%3A-29910%3Bd%3A7753d89f%3Bm03_new_user%3A-29895%3BpisId%3A5000000204886261&curPageLogUid=ACQ1OwRATBsC&utparam-url=scene%3Asearch%7Cquery_from%3A%7Cx_object_id%3A1005006171802891%7C_p_origin_prod%3A
LCD Screen Tester Flex Cable For DL400 Pro For iPhone 7 8 Plus X XS Max XR 11 12 14 15 Pro Max 16 13 Pro 14 14plus Repair,$3.87 ,"https://ae-pic-a1.aliexpress-media.com/kf/S9dda6fb3a1fb49a394c14bda9d180d39B.jpg_220x220q75.jpg_.avif,https://ae-pic-a1.aliexpress-media.com/kf/S2abab8f497d74708b04cce74b1553342A.jpg_220x220q75.jpg_.avif,https://ae-pic-a1.aliexpress-media.com/kf/Se3c94bea46404300b727d1156f675a4dC.jpg_220x220q75.jpg_.avif,https://ae-pic-a1.aliexpress-media.com/kf/Sbe70c50b82dc43be906a62a43f3011acV.jpg_220x220q75.jpg_.avif,https://ae-pic-a1.aliexpress-media.com/kf/Se0d7763862e243159fe3b87aed48c97aO.jpg_220x220q75.jpg_.avif","['High-concerned chemical', 'None', 'Pieces Included', '6 in 1', 'Material', 'Other', 'Brand Name', 'manumoc', 'Origin', 'Mainland China']",https://www.aliexpress.us/item/3256804380617215.html?algo_pvid=bb01d527-4eb6-41de-926d-080ef800d859&algo_exp_id=bb01d527-4eb6-41de-926d-080ef800d859-48&pdp_ext_f=%7B%22order%22%3A%22188%22%2C%22eval%22%3A%221%22%2C%22fromPage%22%3A%22search%22%7D&pdp_npi=6%40dis%21USD%213.87%213.87%21%21%2126.28%2126.28%21%402151e6dc17768929340241960e8e8a%2112000030987796574%21sea%21US%210%21ABX%211%210%21n_tag%3A-29910%3Bd%3A7753d89f%3Bm03_new_user%3A-29895&curPageLogUid=U5j9Q6bNZ2L8&utparam-url=scene%3Asearch%7Cquery_from%3A%7Cx_object_id%3A1005004566931967%7C_p_origin_prod%3A
6PCS Metal Crowbar Prying Opening Repair Tool Kit For Mobile Phone Notebook Dual Heads Metal Spudger Home Hand Tools Sets,$0.99 ,"https://ae-pic-a1.aliexpress-media.com/kf/S4987b2d804ee44fcb91fe6f71df2d0de2.jpg_220x220q75.jpg_.avif,https://ae-pic-a1.aliexpress-media.com/kf/S03fedc6b45814c289cb0de410f89a99bk.jpg_220x220q75.jpg_.avif,https://ae-pic-a1.aliexpress-media.com/kf/S52e2bdc80d264d8e843ee09e0eec831bO.jpg_220x220q75.jpg_.avif,https://ae-pic-a1.aliexpress-media.com/kf/Sa880a0b7da2f44d89d7e6185c581c8fcd.jpg_220x220q75.jpg_.avif,https://ae-pic-a1.aliexpress-media.com/kf/S9a337176a43d4e119d762f93792276c2t.jpg_220x220q75.jpg_.avif","['Pieces Included', '6 in 1', 'Material', 'Other', 'Origin', 'Mainland China']",https://www.aliexpress.us/item/3256806114661867.html?algo_pvid=bb01d527-4eb6-41de-926d-080ef800d859&algo_exp_id=bb01d527-4eb6-41de-926d-080ef800d859-49&pdp_ext_f=%7B%22order%22%3A%22187%22%2C%22eval%22%3A%221%22%2C%22fromPage%22%3A%22search%22%7D&pdp_npi=6%40dis%21USD%2113.56%210.99%21%21%2192.04%216.71%21%402151e6dc17768929340241960e8e8a%2112000036677510055%21sea%21US%210%21ABX%211%210%21n_tag%3A-29910%3Bd%3A7753d89f%3Bm03_new_user%3A-29895%3BpisId%3A5000000203537387&curPageLogUid=64NdlIyEgL4U&utparam-url=scene%3Asearch%7Cquery_from%3A%7Cx_object_id%3A1005006300976619%7C_p_origin_prod%3A
44 43 28 IN1 Mobile Phone Disassembly Repair Tools Kit Apple Android Cellphon Screw Screwdriver Spudger Pry Opening Repair Tool,$0.99 ,"https://ae-pic-a1.aliexpress-media.com/kf/Sc3786a4c72c1434d82db8c035fb5b9ece.jpg_220x220q75.jpg_.avif,https://ae-pic-a1.aliexpress-media.com/kf/Scaa6ad4ad46a4fc5b89c1919f410a2e4A.jpg_220x220q75.jpg_.avif,https://ae-pic-a1.aliexpress-media.com/kf/S7f697a3b4c114d31a096107cb4ece22aE.jpg_220x220q75.jpg_.avif,https://ae-pic-a1.aliexpress-media.com/kf/Se73c66b8c64e45d4b32ccdc3a3bf9cc7z.jpg_220x220q75.jpg_.avif,https://ae-pic-a1.aliexpress-media.com/kf/Sb72527b9f1b24d9891d3b7657818f537B.jpg_220x220q75.jpg_.avif","['High-concerned chemical', 'None', 'Pieces Included', '40 in 1', 'Material', 'Other', 'Origin', 'Mainland China']",https://www.aliexpress.us/item/3256806270080500.html?algo_pvid=bb01d527-4eb6-41de-926d-080ef800d859&algo_exp_id=bb01d527-4eb6-41de-926d-080ef800d859-52&pdp_ext_f=%7B%22order%22%3A%22185%22%2C%22eval%22%3A%221%22%2C%22fromPage%22%3A%22search%22%7D&pdp_npi=6%40dis%21USD%218.39%210.99%21%21%2156.98%216.73%21%402151e6dc17768929340241960e8e8a%2112000037264987597%21sea%21US%210%21ABX%211%210%21n_tag%3A-29910%3Bd%3A7753d89f%3Bm03_new_user%3A-29895%3BpisId%3A5000000203537387&curPageLogUid=fpUpYrNZF3m5&utparam-url=scene%3Asearch%7Cquery_from%3A%7Cx_object_id%3A1005006456395252%7C_p_origin_prod%3A
2in1 Sameking Green LCD OCA Lamination And Alignment Mould Mold For iPhone X XS XR 11Pro 12 13 Pro Max 14 14Pro 15 Repair Tool,$25.51 ,"https://ae-pic-a1.aliexpress-media.com/kf/Sf1bbcf0941a04eb8b3a8b2105bd76b93q.jpg_220x220q75.jpg_.avif,https://ae-pic-a1.aliexpress-media.com/kf/S02656a2a060d4bca9c452073d4562966D.jpg_220x220q75.jpg_.avif,https://ae-pic-a1.aliexpress-media.com/kf/Saa6092a9daea4e60b29e8794c0df0374F.jpg_220x220q75.jpg_.avif,https://ae-pic-a1.aliexpress-media.com/kf/S4fe914f06f9f41ef849cfbb365639b0dx.jpg_220x220q75.jpg_.avif,https://ae-pic-a1.aliexpress-media.com/kf/S36a1ee6f51324bdba135c1659bfd1650F.jpg_220x220q75.jpg_.avif","['High-concerned chemical', 'None', 'Model Number', 'X/XS XS Max XR/11 11Pro 12 Pro Max', 'Pieces Included', '2in1', 'Material', 'Other', 'Origin', 'Mainland China', 'Design', 'unbent flex cable', 'Use for', 'OCA alignment', 'Color', 'Green', 'Brand', 'Sameking']",https://www.aliexpress.us/item/3256803123353681.html?algo_pvid=bb01d527-4eb6-41de-926d-080ef800d859&algo_exp_id=bb01d527-4eb6-41de-926d-080ef800d859-53&pdp_ext_f=%7B%22order%22%3A%22183%22%2C%22eval%22%3A%221%22%2C%22fromPage%22%3A%22search%22%7D&pdp_npi=6%40dis%21USD%2126.01%2125.51%21%21%21176.56%21173.17%21%402151e6dc17768929340241960e8e8a%2112000025134849035%21sea%21US%210%21ABX%211%210%21n_tag%3A-29910%3Bd%3A7753d89f%3Bm03_new_user%3A-29895%3BpisId%3A5000000204886261&curPageLogUid=tDWDdPcbwQu6&utparam-url=scene%3Asearch%7Cquery_from%3A%7Cx_object_id%3A1005003309668433%7C_p_origin_prod%3A
3pcs Waterproof LCD Screen Adhesive Tape for iPhone 17 Pro Max / 16 / 15 Plus / 14 / 13 / 12 / 11 OEM Frame Seal,$0.99 ,"https://ae-pic-a1.aliexpress-media.com/kf/S1cef5cc538f34498ac3b6d650bc05a4eZ.jpg_220x220q75.jpg_.avif,https://ae-pic-a1.aliexpress-media.com/kf/S1cef5cc538f34498ac3b6d650bc05a4eZ.jpg_220x220q75.jpg_.avif,https://ae-pic-a1.aliexpress-media.com/kf/S0e859baf132143288c613b2b511766eeP.jpg_220x220q75.jpg_.avif,https://ae-pic-a1.aliexpress-media.com/kf/S6952ec1b12c240ed9ad4ea1ae956383bT.jpg_220x220q75.jpg_.avif,https://ae-pic-a1.aliexpress-media.com/kf/S2790044d8efc4909a15cea3ef727d233r.jpg_220x220q75.jpg_.avif","['High-concerned chemical', 'None', 'Model Number', 'For iPhone X/ 11 / 12 / 13 / 14 / 15 / 16/ 17 Series', 'Pieces Included', '3PCS', 'Material', 'Plastic', 'Brand Name', 'EmmaHelp', 'Origin', 'Mainland China']",https://www.aliexpress.us/item/3256810352837880.html?algo_pvid=bb01d527-4eb6-41de-926d-080ef800d859&algo_exp_id=bb01d527-4eb6-41de-926d-080ef800d859-54&pdp_ext_f=%7B%22order%22%3A%22182%22%2C%22eval%22%3A%221%22%2C%22fromPage%22%3A%22search%22%7D&pdp_npi=6%40dis%21USD%211.62%210.99%21%21%2111.01%216.73%21%402151e6dc17768929340241960e8e8a%2112000052750199188%21sea%21US%210%21ABX%211%210%21n_tag%3A-29910%3Bd%3A7753d89f%3Bm03_new_user%3A-29895%3BpisId%3A5000000203537387&curPageLogUid=Y31tc6n0lIEY&utparam-url=scene%3Asearch%7Cquery_from%3A%7Cx_object_id%3A1005010539152632%7C_p_origin_prod%3A
5/8 in 1 IC Chip Repair Thin Blade CPU NAND Remover BGA Maintenance Knife Glue Remover Tool Kit Electronics Opening Pry Tools,$0.94 ,"https://ae-pic-a1.aliexpress-media.com/kf/S094fafdc14e94e1b81a231fbf4b41502Z.jpg?has_lang=1&ver=1_220x220q75.jpg_.avif,https://ae-pic-a1.aliexpress-media.com/kf/Sc6ab17ae83a24d4c9c669f22b3dbeb6fv.jpg?has_lang=1&ver=1_220x220q75.jpg_.avif,https://ae-pic-a1.aliexpress-media.com/kf/S6629bce31f28410298fd09379f885d5ex.jpg?has_lang=1&ver=1_220x220q75.jpg_.avif,https://ae-pic-a1.aliexpress-media.com/kf/Sa19eb6c286ee43da82eea1d7f98a01ffm.jpg?has_lang=1&ver=1_220x220q75.jpg_.avif,https://ae-pic-a1.aliexpress-media.com/kf/S4b07655971bb43c19a2901f74df02c2ar.jpg?has_lang=1&ver=1_220x220q75.jpg_.avif","['High-concerned chemical', 'None', 'Pieces Included', '8 in 1', 'Material', 'Other', 'Brand Name', 'BAPPSUS', 'Origin', 'Mainland China']",https://www.aliexpress.us/item/3256809471965976.html?algo_pvid=bb01d527-4eb6-41de-926d-080ef800d859&algo_exp_id=bb01d527-4eb6-41de-926d-080ef800d859-55&pdp_ext_f=%7B%22order%22%3A%22181%22%2C%22eval%22%3A%221%22%2C%22fromPage%22%3A%22search%22%7D&pdp_npi=6%40dis%21USD%211.34%210.94%21%21%219.08%216.36%21%402151e6dc17768929340241960e8e8a%2112000049789690096%21sea%21US%210%21ABX%211%210%21n_tag%3A-29910%3Bd%3A7753d89f%3Bm03_new_user%3A-29895&curPageLogUid=W2DXpzZpI05y&utparam-url=scene%3Asearch%7Cquery_from%3A%7Cx_object_id%3A1005009658280728%7C_p_origin_prod%3A
JCID JC intelligent Maintenance Drawing Schematic Diagram Bitmap for iPhone iPad Android Circuit integrated Diagram Bitmap,$28.51 ,"https://ae-pic-a1.aliexpress-media.com/kf/Sb65b5a2cb39f4ed0bfe3c079dda47e31l.jpg_220x220q75.jpg_.avif,https://ae-pic-a1.aliexpress-media.com/kf/Sb65b5a2cb39f4ed0bfe3c079dda47e31l.jpg_220x220q75.jpg_.avif,https://ae-pic-a1.aliexpress-media.com/kf/S4fee0aab83ab4b82b034c628ebd33d3cG.jpg_220x220q75.jpg_.avif,https://ae-pic-a1.aliexpress-media.com/kf/S97613a0697d44c3994eed1de9e612967z.jpg_220x220q75.jpg_.avif,https://ae-pic-a1.aliexpress-media.com/kf/S3cb31e835f2d4c7080bbab10540c8ab8L.jpg_220x220q75.jpg_.avif","['High-concerned chemical', 'None', 'With Magnetic', 'No', 'Model Number', 'jcid intelligent drawing', 'Pieces Included', '1', 'Material', 'Other', 'Origin', 'Mainland China', 'Brand', 'jcid/jc', 'Scenes To Be Used', 'Cell Phone Repair tools', 'Function1', 'Video Tutorial', 'Function2', 'Repair Cases', 'Function3', 'Grounding Resistance Value Diagram', 'Function4', 'Box Diagram/ Test Point', 'Function5', 'Schematic Diagram', 'Function6', 'Double-open Diagram', 'Function7', 'Multi Layers Diagram Bitmap', 'Function8', 'Basic Knowledge', 'Function9', 'Basic Video', 'Function10', 'Component Search', 'Function11', 'Single Layer Diagram Bitmap', 'Function12', 'CPU Diagram Bitmap', 'Function13', 'Teaching Pen', 'Function14', 'Precise Diagram,borneo schematic', 'Function15', 'software', 'Function16', 'zxw', 'Function17', 'dzkj', 'Function18', 'borneo schematic software', 'Function19', 'jcid esquematico', 'Function20', 'jc drawing', 'Function21', 'Motherboard/ IC Diagram']",https://www.aliexpress.us/item/3256806763118214.html?algo_pvid=bb01d527-4eb6-41de-926d-080ef800d859&algo_exp_id=bb01d527-4eb6-41de-926d-080ef800d859-56&pdp_ext_f=%7B%22order%22%3A%22181%22%2C%22eval%22%3A%221%22%2C%22fromPage%22%3A%22search%22%7D&pdp_npi=6%40dis%21USD%2158.02%2128.51%21%21%21393.88%21193.55%21%402151e6dc17768929340241960e8e8a%2112000040468823740%21sea%21US%210%21ABX%211%210%21n_tag%3A-29910%3Bd%3A7753d89f%3Bm03_new_user%3A-29895%3BpisId%3A5000000204886261&curPageLogUid=1IZUzKHoBUYO&utparam-url=scene%3Asearch%7Cquery_from%3A%7Cx_object_id%3A1005006949432966%7C_p_origin_prod%3A
100*70*30mm NANO Magic Sponge Cleaning Dust OCA Glue Removal Tools For Phone LCD Screen Repair,$0.99/lot,"https://ae-pic-a1.aliexpress-media.com/kf/S989c1b10eae54e57944fa279eeae2f74u.jpg_220x220q75.jpg_.avif,https://ae-pic-a1.aliexpress-media.com/kf/S989c1b10eae54e57944fa279eeae2f74u.jpg_220x220q75.jpg_.avif,https://ae-pic-a1.aliexpress-media.com/kf/Sa093cd815f0d4e1eb54fc49e9631f38bj.jpg_220x220q75.jpg_.avif,https://ae-pic-a1.aliexpress-media.com/kf/S1e5f8a31260f40158dd91660a8dd66b2K.jpg_220x220q75.jpg_.avif,https://ae-pic-a1.aliexpress-media.com/kf/S90d11313846f464398c3855818494085K.jpg_220x220q75.jpg_.avif","['High-concerned chemical', 'None', 'Pieces Included', '1', 'Material', 'Other', 'Origin', 'Mainland China']",https://www.aliexpress.us/item/3256807850098237.html?algo_pvid=bb01d527-4eb6-41de-926d-080ef800d859&algo_exp_id=bb01d527-4eb6-41de-926d-080ef800d859-57&pdp_ext_f=%7B%22order%22%3A%22180%22%2C%22eval%22%3A%221%22%2C%22fromPage%22%3A%22search%22%7D&pdp_npi=6%40dis%21USD%214.33%210.99%21%21%2129.42%216.74%21%402151e6dc17768929340241960e8e8a%2112000043355544104%21sea%21US%210%21ABX%211%210%21n_tag%3A-29910%3Bd%3A7753d89f%3Bm03_new_user%3A-29895%3BpisId%3A5000000203537387&curPageLogUid=lHNrfcBgJdyY&utparam-url=scene%3Asearch%7Cquery_from%3A%7Cx_object_id%3A1005008036412989%7C_p_origin_prod%3A
10set/Lot OEM New Phone Seal Box Stickers For Apqle 17 16 15 14 Pro Max 17Air Airpods Pro 3 Outer Packing Wraping Sealing Labels,$0.99 ,"https://ae-pic-a1.aliexpress-media.com/kf/S76f48e794f6b48bf82563678d03d750fp.png_220x220.png_.avif,https://ae-pic-a1.aliexpress-media.com/kf/S76f48e794f6b48bf82563678d03d750fp.png_220x220.png_.avif,https://ae-pic-a1.aliexpress-media.com/kf/S082dbe58509d475ba07401a48fbc9f1bJ.jpg_220x220q75.jpg_.avif,https://ae-pic-a1.aliexpress-media.com/kf/S7fbbe644c7dc4787bf174bcf41b12ac0p.jpg_220x220q75.jpg_.avif,https://ae-pic-a1.aliexpress-media.com/kf/S3fcd1965670f41ddb9a8e485a7ccf123H.jpg_220x220q75.jpg_.avif","['High-concerned chemical', 'None', 'With Magnetic', 'No', 'Model Number', 'For iphone 17 17 Air 17Pro 17ProMax', 'Pieces Included', '10 in 1', 'Material', 'Other', 'Brand Name', 'fonlyu', 'Origin', 'Mainland China', 'Function', 'For Box Sealing', 'Compatible', 'For iphone 17 17 Air 17Pro 17ProMax,For Airpods Pro 3 , Iwatch Ultra 3']",https://www.aliexpress.us/item/3256806878751965.html?algo_pvid=bb01d527-4eb6-41de-926d-080ef800d859&algo_exp_id=bb01d527-4eb6-41de-926d-080ef800d859-58&pdp_ext_f=%7B%22order%22%3A%22180%22%2C%22eval%22%3A%221%22%2C%22fromPage%22%3A%22search%22%7D&pdp_npi=6%40dis%21USD%216.47%210.99%21%21%216.47%210.99%21%402151e6dc17768929340241960e8e8a%2112000050631830225%21sea%21US%210%21ABX%211%210%21n_tag%3A-29910%3Bd%3A7753d89f%3Bm03_new_user%3A-29895%3BpisId%3A5000000203537387&curPageLogUid=gptPZ7y55BgZ&utparam-url=scene%3Asearch%7Cquery_from%3A%7Cx_object_id%3A1005007065066717%7C_p_origin_prod%3A
XHZC Gold Cutting Wire For iPhone LCD Screen Separate 0.028mm*100m 0.035mm 0.04mm Display Refurbishing,$0.99 ,"https://ae-pic-a1.aliexpress-media.com/kf/S0a9a0f507b9845a992a81acbe98bab7fS.jpg_220x220q75.jpg_.avif,https://ae-pic-a1.aliexpress-media.com/kf/S96c49c85ffbb46dc98443c093ff854cdq.jpg_220x220q75.jpg_.avif,https://ae-pic-a1.aliexpress-media.com/kf/S3769717debfd4782af03073bb367ab6aa.jpg_220x220q75.jpg_.avif,https://ae-pic-a1.aliexpress-media.com/kf/Sf60e9ceb53f64ccf83d0fdb82cc01b57x.jpg_220x220q75.jpg_.avif,https://ae-pic-a1.aliexpress-media.com/kf/S4bba8a3cbc384263ac580815fffd44eer.jpg_220x220q75.jpg_.avif","['High-concerned chemical', 'None', 'Pieces Included', '1', 'Material', 'Other', 'Origin', 'Mainland China']",https://www.aliexpress.us/item/3256804051544258.html?algo_pvid=42130b6d-1885-4cd3-88c6-0019248cf6c1&algo_exp_id=42130b6d-1885-4cd3-88c6-0019248cf6c1-1&pdp_ext_f=%7B%22order%22%3A%22175%22%2C%22eval%22%3A%221%22%2C%22fromPage%22%3A%22search%22%7D&pdp_npi=6%40dis%21USD%212.18%210.99%21%21%2114.77%216.69%21%40210156fc17768934824755834e3882%2112000031521437766%21sea%21US%210%21ABX%211%210%21n_tag%3A-29910%3Bd%3A7753d89f%3Bm03_new_user%3A-29895%3BpisId%3A5000000203537349&curPageLogUid=GMMcWmseOdnr&utparam-url=scene%3Asearch%7Cquery_from%3A%7Cx_object_id%3A1005004237859010%7C_p_origin_prod%3A
100M 0.02/0.028/0.03/0.035/0.04mm Alloy Steel Molybdenum Cutting Line LCD Screen Separation Diamond Wire Phone Repair Tools,$2.19 ,"https://ae-pic-a1.aliexpress-media.com/kf/S42842e5a6e1848aca10352d79c325f55U.jpg_220x220q75.jpg_.avif,https://ae-pic-a1.aliexpress-media.com/kf/S2fbab17b11d84521a3ba965c7f8f6033g.jpg_220x220q75.jpg_.avif,https://ae-pic-a1.aliexpress-media.com/kf/S742a16214b2d4bd7aa1a2fdc9c7c93ad9.jpg_220x220q75.jpg_.avif,https://ae-pic-a1.aliexpress-media.com/kf/S8589b5af7e194361ac65ceff5432a5e8B.jpg_220x220q75.jpg_.avif,https://ae-pic-a1.aliexpress-media.com/kf/S4a4038af537e488982e23c814495459e0.jpg_220x220q75.jpg_.avif","['High-concerned chemical', 'None', 'Pieces Included', '6 in 1', 'Material', 'Other', 'Brand Name', 'WEIYIQI', 'Origin', 'Mainland China']",https://www.aliexpress.us/item/3256806758260999.html?algo_pvid=42130b6d-1885-4cd3-88c6-0019248cf6c1&algo_exp_id=42130b6d-1885-4cd3-88c6-0019248cf6c1-3&pdp_ext_f=%7B%22order%22%3A%22172%22%2C%22eval%22%3A%221%22%2C%22fromPage%22%3A%22search%22%7D&pdp_npi=6%40dis%21USD%212.69%212.19%21%21%2118.29%2114.90%21%40210156fc17768934824755834e3882%2112000038814614861%21sea%21US%210%21ABX%211%210%21n_tag%3A-29910%3Bd%3A7753d89f%3Bm03_new_user%3A-29895%3BpisId%3A5000000204886261&curPageLogUid=PHtSwEaZxwfY&utparam-url=scene%3Asearch%7Cquery_from%3A%7Cx_object_id%3A1005006944575751%7C_p_origin_prod%3A
RELIFE RL-066 Glass Breaking Pen For iPhone For Huawei Cell Phone Rear Housing Battery Glass Cover Breaker Blasting Tools,$0.99 ,"https://ae-pic-a1.aliexpress-media.com/kf/Sab6d7c0ce64a4ab792541bd42200418aR.jpg_220x220q75.jpg_.avif,https://ae-pic-a1.aliexpress-media.com/kf/Sab6d7c0ce64a4ab792541bd42200418aR.jpg_220x220q75.jpg_.avif,https://ae-pic-a1.aliexpress-media.com/kf/S7f72290a2a894a00b8bdfc5f732da541k.jpg_220x220q75.jpg_.avif,https://ae-pic-a1.aliexpress-media.com/kf/S213b182f80ea4326a477604f52faba93r.jpg_220x220q75.jpg_.avif,https://ae-pic-a1.aliexpress-media.com/kf/Sbef1ae7fed6d40c39d6105231d4ed4df8.jpg_220x220q75.jpg_.avif","['High-concerned chemical', 'None', 'Model Number', 'RL-066', 'Pieces Included', '8 in 1', 'Material', 'Other', 'Brand Name', 'NoEnName_Null', 'Origin', 'Mainland China']",https://www.aliexpress.us/item/3256804224594008.html?algo_pvid=42130b6d-1885-4cd3-88c6-0019248cf6c1&algo_exp_id=42130b6d-1885-4cd3-88c6-0019248cf6c1-4&pdp_ext_f=%7B%22order%22%3A%22172%22%2C%22eval%22%3A%221%22%2C%22fromPage%22%3A%22search%22%7D&pdp_npi=6%40dis%21USD%217.28%210.99%21%21%217.28%210.99%21%40210156fc17768934824755834e3882%2112000034004892571%21sea%21US%210%21ABX%211%210%21n_tag%3A-29910%3Bd%3A7753d89f%3Bm03_new_user%3A-29895%3BpisId%3A5000000203537387&curPageLogUid=LgqEq2T06AT5&utparam-url=scene%3Asearch%7Cquery_from%3A%7Cx_object_id%3A1005004410908760%7C_p_origin_prod%3A
original Fash64 F64 FPC V2 Cable UFS EMMC FPC V2 2 IN 1 CABLE,$16.41 ,"https://ae-pic-a1.aliexpress-media.com/kf/Sc7df5176e21a47a487e70891fbdcb677r.jpg?has_lang=1&ver=1_220x220q75.jpg_.avif,https://ae-pic-a1.aliexpress-media.com/kf/Sc9acb94bb22a48f6b8f1170c71ada251B.jpg?has_lang=1&ver=1_220x220q75.jpg_.avif,https://ae-pic-a1.aliexpress-media.com/kf/S4e5d2551a0a34dc2bf967f63bb02f37cR.jpg_220x220q75.jpg_.avif,https://ae-pic-a1.aliexpress-media.com/kf/S0f1973c3131d4009a1fa8c2b44e3f3f1I.jpg_220x220q75.jpg_.avif,https://ae-pic-a1.aliexpress-media.com/kf/S29faebc694314bce905bd1de21457788y.jpg_220x220q75.jpg_.avif","['High-concerned chemical', 'None', 'With Magnetic', 'No', 'Model Number', 'F64 FPC V2 CABLE', 'Pieces Included', '1', 'Material', 'Plastic', 'Brand Name', 'z3x easy jtag', 'Origin', 'Mainland China']",https://www.aliexpress.us/item/3256810546262853.html?algo_pvid=42130b6d-1885-4cd3-88c6-0019248cf6c1&algo_exp_id=42130b6d-1885-4cd3-88c6-0019248cf6c1-5&pdp_ext_f=%7B%22order%22%3A%22171%22%2C%22eval%22%3A%221%22%2C%22fromPage%22%3A%22search%22%7D&pdp_npi=6%40dis%21USD%2132.26%2118.70%21%21%21219.00%21126.91%21%40210156fc17768934824755834e3882%2112000053347365705%21sea%21US%210%21ABX%211%210%21n_tag%3A-29910%3Bd%3A7753d89f%3Bm03_new_user%3A-29895%3BpisId%3A5000000203537339&curPageLogUid=OVnIThUsOTNO&utparam-url=scene%3Asearch%7Cquery_from%3A%7Cx_object_id%3A1005010732577605%7C_p_origin_prod%3A
Rear Camera Blue Lens Replacement for IPhone 7 8 Plus X XS XR XSM 11 12 13 14 15 Pro Max Mini Back Camera Repair Replace Parts,$1.91 ,"https://ae-pic-a1.aliexpress-media.com/kf/S9a3e1f2f48534a8e983cf17c5527ca906.jpg_220x220q75.jpg_.avif,https://ae-pic-a1.aliexpress-media.com/kf/S9a3e1f2f48534a8e983cf17c5527ca906.jpg_220x220q75.jpg_.avif,https://ae-pic-a1.aliexpress-media.com/kf/Se0e1d4c6e00e4993baf0732e3c3173afO.jpg_220x220q75.jpg_.avif,https://ae-pic-a1.aliexpress-media.com/kf/Scac148d6de3e42879b1c0e78debfe2bfc.jpg_220x220q75.jpg_.avif,https://ae-pic-a1.aliexpress-media.com/kf/Sad6b4c637cc2432f8ea4b412ad7c8dbfc.jpg_220x220q75.jpg_.avif","['High-concerned chemical', 'None', 'Pieces Included', '1', 'Material', 'Other', 'Brand Name', 'BRESUN', 'Origin', 'Mainland China']",https://www.aliexpress.us/item/3256806897274200.html?algo_pvid=42130b6d-1885-4cd3-88c6-0019248cf6c1&algo_exp_id=42130b6d-1885-4cd3-88c6-0019248cf6c1-6&pdp_ext_f=%7B%22order%22%3A%22170%22%2C%22eval%22%3A%221%22%2C%22fromPage%22%3A%22search%22%7D&pdp_npi=6%40dis%21USD%212.41%211.91%21%21%212.41%211.91%21%40210156fc17768934824755834e3882%2112000039343776482%21sea%21US%210%21ABX%211%210%21n_tag%3A-29910%3Bd%3A7753d89f%3Bm03_new_user%3A-29895%3BpisId%3A5000000204886261&curPageLogUid=orhhaFPIE5uP&utparam-url=scene%3Asearch%7Cquery_from%3A%7Cx_object_id%3A1005007083588952%7C_p_origin_prod%3A
10-1Pcs Universal Phone Screen Fastening Clamp Plastic Fixture Clip Tool for Mobile Phone Tablet IPad LCD Screen Repair Tools,$4.18 ,"https://ae-pic-a1.aliexpress-media.com/kf/Saa0781e5d8af441c9c48c2d9db614d1f2.jpg?has_lang=1&ver=1_220x220q75.jpg_.avif,https://ae-pic-a1.aliexpress-media.com/kf/S63aee753953a412f9c4a913a8e76093aO.jpg_220x220q75.jpg_.avif,https://ae-pic-a1.aliexpress-media.com/kf/Se593f7e9da8949e48205b8756a68c475V.jpg_220x220q75.jpg_.avif,https://ae-pic-a1.aliexpress-media.com/kf/S331847573dbb4ae2bda6da41bd4ea14bc.jpg?has_lang=1&ver=1_220x220q75.jpg_.avif,https://ae-pic-a1.aliexpress-media.com/kf/Sec414ff695914c74ada3b739a8e746d3q.jpg?has_lang=1&ver=1_220x220q75.jpg_.avif","['High-concerned chemical', 'None', 'With Magnetic', 'No', 'Pieces Included', '10 in 1', 'Material', 'Other', 'Origin', 'Mainland China']",https://www.aliexpress.us/item/3256809390782851.html?algo_pvid=42130b6d-1885-4cd3-88c6-0019248cf6c1&algo_exp_id=42130b6d-1885-4cd3-88c6-0019248cf6c1-7&pdp_ext_f=%7B%22order%22%3A%22169%22%2C%22eval%22%3A%221%22%2C%22fromPage%22%3A%22search%22%7D&pdp_npi=6%40dis%21USD%219.74%214.18%21%21%2166.12%2128.35%21%40210156fc17768934824755834e3882%2112000049516572764%21sea%21US%210%21ABX%211%210%21n_tag%3A-29910%3Bd%3A7753d89f%3Bm03_new_user%3A-29895%3BpisId%3A5000000204886261&curPageLogUid=0Tj5RTFZOprY&utparam-url=scene%3Asearch%7Cquery_from%3A%7Cx_object_id%3A1005009577097603%7C_p_origin_prod%3A
qpe esim code for customizing eSIM QR For Ip12 to 15promax,$41.10 ,"https://ae-pic-a1.aliexpress-media.com/kf/S7135a7b47fd04639998d11ed07db4099J.png_220x220.png_.avif,https://ae-pic-a1.aliexpress-media.com/kf/S13ff2fb2facc4651a5b4a902262d2d5dp.png_220x220.png_.avif,https://ae-pic-a1.aliexpress-media.com/kf/Sb36fb1ebb661467da1ca38946308dd11i.png_220x220.png_.avif,https://ae-pic-a1.aliexpress-media.com/kf/Sd089e0cfbc7344b8b97b4846b9a7162fp.png_220x220.png_.avif,https://ae-pic-a1.aliexpress-media.com/kf/S7878c59f9349472b9e14befea364cb15T.png_220x220.png_.avif","['High-concerned chemical', 'None', 'With Magnetic', 'No', 'Model Number', 'QPE solution Ecode for customizing eSIM QR', 'Pieces Included', '1', 'Material', 'Other', 'Origin', 'Mainland China', 'Name', 'QPE solution Ecode for customizing eSIM QR']",https://www.aliexpress.us/item/3256806446932378.html?algo_pvid=42130b6d-1885-4cd3-88c6-0019248cf6c1&algo_exp_id=42130b6d-1885-4cd3-88c6-0019248cf6c1-8&pdp_ext_f=%7B%22order%22%3A%22169%22%2C%22eval%22%3A%221%22%2C%22fromPage%22%3A%22search%22%7D&pdp_npi=6%40dis%21USD%2141.60%2141.10%21%21%2141.60%2141.10%21%40210156fc17768934824755834e3882%2112000043133830733%21sea%21US%210%21ABX%211%210%21n_tag%3A-29910%3Bd%3A7753d89f%3Bm03_new_user%3A-29895%3BpisId%3A5000000204886261&curPageLogUid=GT7rXurbfbEG&utparam-url=scene%3Asearch%7Cquery_from%3A%7Cx_object_id%3A1005006633247130%7C_p_origin_prod%3A
DL400 Pro LCD Tester New 17/17Air/17Pro/17ProMax Test Flex Cable & Memory Expand IC & EDP Board And V4.0 Connector Board,$5.75 ,"https://ae-pic-a1.aliexpress-media.com/kf/Scf52e580708c4a36bf310b8a1c2eda76Q.png_220x220.png_.avif,https://ae-pic-a1.aliexpress-media.com/kf/Scf52e580708c4a36bf310b8a1c2eda76Q.png_220x220.png_.avif,https://ae-pic-a1.aliexpress-media.com/kf/S2d3169ac767d4e1dace41814474bfd60c.jpg_220x220q75.jpg_.avif,https://ae-pic-a1.aliexpress-media.com/kf/Sb8ae06c9f5a548fe952dc37aaf5e8c94T.jpg_220x220q75.jpg_.avif,https://ae-pic-a1.aliexpress-media.com/kf/Sf7566ba8025242b0a8658f6e5eda2e39W.png_220x220.png_.avif","['High-concerned chemical', 'None', 'With Magnetic', 'No', 'Pieces Included', '1', 'Material', 'Other', 'Origin', 'Mainland China', 'name', 'Digitize Display Touch Screen Tester', 'usage', 'mobile phone glass with touch Testing', 'function', 'Testing display and touch', 'Design', 'Software must upgrade to 20231025 version', 'NOte', 'DL400 Pro 4gb upgrade to 32GB', 'advantage', 'Accurate testing and easy operation']",https://www.aliexpress.us/item/3256806031121484.html?algo_pvid=42130b6d-1885-4cd3-88c6-0019248cf6c1&algo_exp_id=42130b6d-1885-4cd3-88c6-0019248cf6c1-9&pdp_ext_f=%7B%22order%22%3A%22169%22%2C%22eval%22%3A%221%22%2C%22fromPage%22%3A%22search%22%7D&pdp_npi=6%40dis%21USD%216.25%215.75%21%21%216.25%215.75%21%40210156fc17768934824755834e3882%2112000056637959379%21sea%21US%210%21ABX%211%210%21n_tag%3A-29910%3Bd%3A7753d89f%3Bm03_new_user%3A-29895%3BpisId%3A5000000204886261&curPageLogUid=po9RMS4l3da3&utparam-url=scene%3Asearch%7Cquery_from%3A%7Cx_object_id%3A1005006217436236%7C_p_origin_prod%3A
KGX CPU Jumper Wire 120M High Conductivity Silver Wire for Mobile Phone Motherboard CPU Repair Welding Leads Tools 0.004MM,$0.99 ,"https://ae-pic-a1.aliexpress-media.com/kf/S45197f3f4004465792b2b88043d738dar.jpg?has_lang=1&ver=1_220x220q75.jpg_.avif,https://ae-pic-a1.aliexpress-media.com/kf/S45197f3f4004465792b2b88043d738dar.jpg?has_lang=1&ver=1_220x220q75.jpg_.avif,https://ae-pic-a1.aliexpress-media.com/kf/S905b6dd4e6cd4b7cbd3bb6bc183850d8C.jpg?has_lang=1&ver=1_220x220q75.jpg_.avif,https://ae-pic-a1.aliexpress-media.com/kf/Sd4ae2a5161614c36826cf78fa0e8994fM.jpg?has_lang=1&ver=1_220x220q75.jpg_.avif,https://ae-pic-a1.aliexpress-media.com/kf/Se945256daa584f72b973b4b02bdfd9baR.jpg?has_lang=1&ver=1_220x220q75.jpg_.avif","['High-concerned chemical', 'None', 'With Magnetic', 'No', 'Model Number', 'KGX 0.004MMX120M', 'Pieces Included', '1', 'Material', 'Other', 'Brand Name', 'NoEnName_Null', 'Origin', 'Mainland China', 'Brand Name', '2UUL']",https://www.aliexpress.us/item/3256809523850035.html?algo_pvid=42130b6d-1885-4cd3-88c6-0019248cf6c1&algo_exp_id=42130b6d-1885-4cd3-88c6-0019248cf6c1-10&pdp_ext_f=%7B%22order%22%3A%22168%22%2C%22eval%22%3A%221%22%2C%22fromPage%22%3A%22search%22%7D&pdp_npi=6%40dis%21USD%219.40%210.99%21%21%219.40%210.99%21%40210156fc17768934824755834e3882%2112000049920935112%21sea%21US%210%21ABX%211%210%21n_tag%3A-29910%3Bd%3A7753d89f%3Bm03_new_user%3A-29895%3BpisId%3A5000000203537387&curPageLogUid=k24LuDnuYm9I&utparam-url=scene%3Asearch%7Cquery_from%3A%7Cx_object_id%3A1005009710164787%7C_p_origin_prod%3A
Ultra-thin Plastic LCD Phone Disassembly Opening Card For Curved Screen Frame Separating Phone Repair Tool,$0.99 ,"https://ae-pic-a1.aliexpress-media.com/kf/S9085cb47f58d475e8aa78e5d3726022cD.jpg?has_lang=1&ver=1_220x220q75.jpg_.avif,https://ae-pic-a1.aliexpress-media.com/kf/S9085cb47f58d475e8aa78e5d3726022cD.jpg?has_lang=1&ver=1_220x220q75.jpg_.avif,https://ae-pic-a1.aliexpress-media.com/kf/S4ba7ec8eb2f249e5aae277da0a4dc34eF.jpg?has_lang=1&ver=1_220x220q75.jpg_.avif,https://ae-pic-a1.aliexpress-media.com/kf/Sba6e05bbed1b4bc181c4998edb994d4fX.jpg_220x220q75.jpg_.avif,https://ae-pic-a1.aliexpress-media.com/kf/S905a44ceb1ba45748fc426765b3521685.jpg_220x220q75.jpg_.avif","['High-concerned chemical', 'None', 'Pieces Included', '1', 'Material', 'Other', 'Origin', 'Mainland China']",https://www.aliexpress.us/item/3256808593495099.html?algo_pvid=42130b6d-1885-4cd3-88c6-0019248cf6c1&algo_exp_id=42130b6d-1885-4cd3-88c6-0019248cf6c1-11&pdp_ext_f=%7B%22order%22%3A%22168%22%2C%22eval%22%3A%221%22%2C%22fromPage%22%3A%22search%22%7D&pdp_npi=6%40dis%21USD%214.44%210.99%21%21%2130.11%216.69%21%40210156fc17768934824755834e3882%2112000048288509027%21sea%21US%210%21ABX%211%210%21n_tag%3A-29910%3Bd%3A7753d89f%3Bm03_new_user%3A-29895%3BpisId%3A5000000203537387&curPageLogUid=KKPGLDI9Xh46&utparam-url=scene%3Asearch%7Cquery_from%3A%7Cx_object_id%3A1005008779809851%7C_p_origin_prod%3A
In Frame Position Mold Laminating Mould for iPhone 17 16 ProMax 15 13 12 Mini LCD Screen Glass OCA Location Laminate Repair Tool,$5.49 ,"https://ae-pic-a1.aliexpress-media.com/kf/S67ddcf53d4e3467f9b7703ac5cb70ec6D.jpg_220x220q75.jpg_.avif,https://ae-pic-a1.aliexpress-media.com/kf/S67ddcf53d4e3467f9b7703ac5cb70ec6D.jpg_220x220q75.jpg_.avif,https://ae-pic-a1.aliexpress-media.com/kf/Sce2d9f48cacf405bbff76bc7bc4de3b6Y.jpg_220x220q75.jpg_.avif,https://ae-pic-a1.aliexpress-media.com/kf/Hb7f19b5011bd4aa0b95f3e5155a5e0c2q.jpg_220x220q75.jpg_.avif,https://ae-pic-a1.aliexpress-media.com/kf/Sc8aee438021a454ea7df0146c1e5517ae.jpg_220x220q75.jpg_.avif","['High-concerned chemical', 'None', 'With Magnetic', 'No', 'Model Number', 'LCD Glass Alignment Position Mold for iPhone 12 Series', 'Pieces Included', '1', 'Material', 'Chrome Vanadium Steel', 'Brand Name', 'NOVECEL', 'Origin', 'Mainland China', 'Fuction', 'LCD Diplay Glass Alignment Location and laminating Mould', 'Feature 1', 'With LCD Bezel Frame Space', 'Feature 2', 'With flex cable Space', 'Models 1', 'For iPhone 12 12pro 12promax 12mini,For iphone 11 A2221 A2111 A2223 / 11pro A2215 A2160 A2217 / 11pro max A2218 A2161 A2220', 'Models 2', 'For iphone 12 A2403 A2172 A2402 A2404 / 12pro A2407 A2341 A2406 A2408 / 12mini A2399 A2176 A2398 A2400 / 12pro max A2411 A2342 A2410 A2412', 'Models 3', 'For iPhone 13 A2633 A2482 A2631 A2634 A2635 / 13pro A2638 A2483 A2636 A2639 A2640 / 13mini A2628 A2481 A2626 A2629 A2630 / 13pro max A2643 A2484 A2641 A2644 A2645', 'Models 4', 'For iPhone 14 A2882 A2649 A2881 A2884 A2883 / 14pro A2890 A2650 A2889 A2892 A2891 / 14plus A2886 A2632 A2885 A2888 A2887 / 14pro max A2894 A2651 A2893 A2896 A2895', 'Models 5', 'For iPhone 15 A3090 A2846 A3089 A3092 / 15plus A3094 A2847 A3093 A3096 / 15pro A3102 A2848 A3101 A3104 / 15pro max A3106 A2849 A3105 A3108', 'Models 6', 'For IP16 A3287 A3081 A3286 A3288 / 16plus A3290 A3082 A3289 A3291 / 16plus A3290 A3082 A3289 A3291 /16pro A3293 A3083 A3292 A3294 / 16promax A3296 A3084 A3295 A3297', 'Models 7', 'For IP17 A3520 A3258 A3519 / 17 Air A3517 A3260 A3518 / 17pro A3523 A3256 A3522 A3524 / 17promax A3526 A3257 A3525 A3527']",https://www.aliexpress.us/item/3256803392400656.html?algo_pvid=42130b6d-1885-4cd3-88c6-0019248cf6c1&algo_exp_id=42130b6d-1885-4cd3-88c6-0019248cf6c1-12&pdp_ext_f=%7B%22order%22%3A%22168%22%2C%22eval%22%3A%221%22%2C%22fromPage%22%3A%22search%22%7D&pdp_npi=6%40dis%21USD%216.66%215.49%21%21%216.66%215.49%21%40210156fc17768934824755834e3882%2112000043137683069%21sea%21US%210%21ABX%211%210%21n_tag%3A-29910%3Bd%3A7753d89f%3Bm03_new_user%3A-29895%3BpisId%3A5000000204886261&curPageLogUid=MDrj6Rhl4wIQ&utparam-url=scene%3Asearch%7Cquery_from%3A%7Cx_object_id%3A1005003578715408%7C_p_origin_prod%3A
100/1Pcs Plastic Opening Card for Mobile Phone LCD Screen Display Disassemble Pry Scraper for iPhone Samsung Tablet Repair Tools,$0.99 ,"https://ae-pic-a1.aliexpress-media.com/kf/S52ae3eaa8be1485d95572da7f1af6287H.jpg_220x220q75.jpg_.avif,https://ae-pic-a1.aliexpress-media.com/kf/Sea11e4b030e44f14b8b2093b7d2fbfb8q.jpg_220x220q75.jpg_.avif,https://ae-pic-a1.aliexpress-media.com/kf/S47f56cf1bc1845abbe596ec8aea7ef51p.jpg_220x220q75.jpg_.avif,https://ae-pic-a1.aliexpress-media.com/kf/S172c47c97e364d7aae7e934d26bbd525A.jpg_220x220q75.jpg_.avif,https://ae-pic-a1.aliexpress-media.com/kf/S5d306a87d5514aa99f50c73602464a84b.jpg_220x220q75.jpg_.avif","['High-concerned chemical', 'None', 'Pieces Included', '100/1PCS', 'Material', 'Other', 'Origin', 'Mainland China']",https://www.aliexpress.us/item/3256808715086085.html?algo_pvid=42130b6d-1885-4cd3-88c6-0019248cf6c1&algo_exp_id=42130b6d-1885-4cd3-88c6-0019248cf6c1-16&pdp_ext_f=%7B%22order%22%3A%22166%22%2C%22eval%22%3A%221%22%2C%22fromPage%22%3A%22search%22%7D&pdp_npi=6%40dis%21USD%212.56%210.99%21%21%2117.37%216.71%21%40210156fc17768934824755834e3882%2112000047128961826%21sea%21US%210%21ABX%211%210%21n_tag%3A-29910%3Bd%3A7753d89f%3Bm03_new_user%3A-29895%3BpisId%3A5000000203537387&curPageLogUid=9R4kQk5LhUel&utparam-url=scene%3Asearch%7Cquery_from%3A%7Cx_object_id%3A1005008901400837%7C_p_origin_prod%3A
100pcs Black Sticker For LCD Screen Flex Cable Adhesive For iPhone 11 12 13 Pro Max Phone Repair Tool,$2.54/lot,"https://ae-pic-a1.aliexpress-media.com/kf/Sad77e8ce57dc4da39fe41d8cd39682b1Q.jpg?has_lang=1&ver=2_220x220q75.jpg_.avif,https://ae-pic-a1.aliexpress-media.com/kf/S12f6e80e67074b88a1bbd43d392d7b3cl.jpg?has_lang=1&ver=2_220x220q75.jpg_.avif,https://ae-pic-a1.aliexpress-media.com/kf/S7ccbc9c0f7e54e678874db36b524d1beF.jpg?has_lang=1&ver=2_220x220q75.jpg_.avif,https://ae-pic-a1.aliexpress-media.com/kf/S4d435a7d51a24216b6abee0178c98406C.jpg?has_lang=1&ver=2_220x220q75.jpg_.avif,https://ae-pic-a1.aliexpress-media.com/kf/S40fd61c439f942be96b779d6a1f6a5af9.jpg?has_lang=1&ver=2_220x220q75.jpg_.avif","['High-concerned chemical', 'None', 'Pieces Included', '1', 'Material', 'Other', 'Origin', 'Mainland China']",https://www.aliexpress.us/item/3256807379114663.html?algo_pvid=42130b6d-1885-4cd3-88c6-0019248cf6c1&algo_exp_id=42130b6d-1885-4cd3-88c6-0019248cf6c1-17&pdp_ext_f=%7B%22order%22%3A%22165%22%2C%22eval%22%3A%221%22%2C%22fromPage%22%3A%22search%22%7D&pdp_npi=6%40dis%21USD%213.04%212.54%21%21%2120.61%2117.22%21%40210156fc17768934824755834e3882%2112000041320286456%21sea%21US%210%21ABX%211%210%21n_tag%3A-29910%3Bd%3A7753d89f%3Bm03_new_user%3A-29895%3BpisId%3A5000000204886261&curPageLogUid=4kyofn5dxv8y&utparam-url=scene%3Asearch%7Cquery_from%3A%7Cx_object_id%3A1005007565429415%7C_p_origin_prod%3A
NASAN 5pcs High Hardness Screwdriver Kit Convex Cross Torx T2 Y0.6 Pentalobe Phillips For Phone Watch Tablet Repair Opening Tool,$13.85 ,"https://ae-pic-a1.aliexpress-media.com/kf/S37572eefe56847bd833527b95ad3b015T.jpg_220x220q75.jpg_.avif,https://ae-pic-a1.aliexpress-media.com/kf/S37572eefe56847bd833527b95ad3b015T.jpg_220x220q75.jpg_.avif,https://ae-pic-a1.aliexpress-media.com/kf/S366e02b7f6534690a88e824890cc85baJ.png_220x220.png_.avif,https://ae-pic-a1.aliexpress-media.com/kf/S812dbf9b7aed4df8883e6fb8f7669db9b.jpg_220x220q75.jpg_.avif,https://ae-pic-a1.aliexpress-media.com/kf/S46c4efb1666e4050a91e46c579714c0b7.jpg_220x220q75.jpg_.avif","['High-concerned chemical', 'None', 'With Magnetic', 'No', 'Model Number', 'Screwdriver', 'Pieces Included', '6 in 1', 'Material', 'Other', 'Origin', 'Mainland China', 'For 1', 'NASAN Screwdriver', 'For 2', '5pcs Screwdriver Kit', 'For 3', 'High Hardness Screwdriver Kit', 'For 4', 'Screwdriver Kit', 'For 5', 'Screw driver Kit', 'For 6', 'Convex Cross Torx T2 Y0.6 Screwdriver', 'For 7', 'Cross Screwdriver', 'For 8', 'Pentalobe Phillips', 'For 9', 'Phone Watch Tablet Repair Opening Tool', 'For 10', 'Repair Opening Tool', 'For 11', 'Phone Repair Opening Tool', 'For 12', 'Phone Repair Tool', 'feature 1', 'NASAN Phone Repair Tool', 'feature 2', 'Precision screwdriver', 'feature 3', 'mobile phone repair and dismantling tools', 'feature 4', 'dismantling tools', 'feature 5', 'extra hard driver screwdriver', 'feature 6', 'Precision Screwdriver Set', 'feature 7', 'Magnetic Screw Driver', 'feature 8', 'Professional Repair Tool Kit for IPhone Watch Camera', 'feature 9', 'Plum blossom cross Screwdriver', 'feature 10', 'for IPhone bottom Internal disassembly tools', 'support 1', 'dropship', 'support 2', 'wholesale']",https://www.aliexpress.us/item/3256807277493735.html?algo_pvid=42130b6d-1885-4cd3-88c6-0019248cf6c1&algo_exp_id=42130b6d-1885-4cd3-88c6-0019248cf6c1-18&pdp_ext_f=%7B%22order%22%3A%22164%22%2C%22eval%22%3A%221%22%2C%22fromPage%22%3A%22search%22%7D&pdp_npi=6%40dis%21USD%2114.35%2113.85%21%21%2197.39%2194.00%21%40210156fc17768934824755834e3882%2112000040861233807%21sea%21US%210%21ABX%211%210%21n_tag%3A-29910%3Bd%3A7753d89f%3Bm03_new_user%3A-29895%3BpisId%3A5000000204886261&curPageLogUid=gsNbfnyLLvjW&utparam-url=scene%3Asearch%7Cquery_from%3A%7Cx_object_id%3A1005007463808487%7C_p_origin_prod%3A
Qianli LCD Screen Disassembly Card Ultra Thin Opening Pry Tools For iPhone Samsung Repair Tool,$1.37 ,"https://ae-pic-a1.aliexpress-media.com/kf/Sc99c9d1dbe6a464ca08defb4de064fb99.jpg_220x220q75.jpg_.avif,https://ae-pic-a1.aliexpress-media.com/kf/Ha75bbf6100e247238ee2226206f8e86er.jpg_220x220q75.jpg_.avif,https://ae-pic-a1.aliexpress-media.com/kf/Hd17b444c977440eaa617d2c3036ae497q.jpg_220x220q75.jpg_.avif,https://ae-pic-a1.aliexpress-media.com/kf/H509de108e9114ecaad41e041babe83e6x.jpg_220x220q75.jpg_.avif,https://ae-pic-a1.aliexpress-media.com/kf/S1ac98aeb45dc4969bbee6b346c447e3eZ.png_220x220.png_.avif","['High-concerned chemical', 'None', 'Pieces Included', '5', 'Material', 'Other', 'Brand Name', 'manumoc', 'Origin', 'Mainland China', 'Brand', 'Qianli']",https://www.aliexpress.us/item/3256805223834051.html?algo_pvid=42130b6d-1885-4cd3-88c6-0019248cf6c1&algo_exp_id=42130b6d-1885-4cd3-88c6-0019248cf6c1-19&pdp_ext_f=%7B%22order%22%3A%22164%22%2C%22eval%22%3A%221%22%2C%22fromPage%22%3A%22search%22%7D&pdp_npi=6%40dis%21USD%211.87%211.37%21%21%2112.67%219.28%21%40210156fc17768934824755834e3882%2112000032945827371%21sea%21US%210%21ABX%211%210%21n_tag%3A-29910%3Bd%3A7753d89f%3Bm03_new_user%3A-29895%3BpisId%3A5000000204886261&curPageLogUid=aWScq34h8GwM&utparam-url=scene%3Asearch%7Cquery_from%3A%7Cx_object_id%3A1005005410148803%7C_p_origin_prod%3A
100pcs Waterproof Label Meet Water Turn Red Warranty Indicator Sticker For iPhone X XS Max 12 15 Pro Max Motherboard Repair,$1.75 ,"https://ae-pic-a1.aliexpress-media.com/kf/Sc9f5a01eb1fa4cfbae7feb9a150fefb6v.jpg_220x220q75.jpg_.avif,https://ae-pic-a1.aliexpress-media.com/kf/Sdf2daeb4a3de4692919377d2b74fbef61.jpg_220x220q75.jpg_.avif,https://ae-pic-a1.aliexpress-media.com/kf/S2a673a45209a45c89866c16a12e71fdaN.jpg_220x220q75.jpg_.avif,https://ae-pic-a1.aliexpress-media.com/kf/S2d7d756ddd374d83b1a3c73faf868a5cD.jpeg_220x220q75.jpeg_.avif,https://ae-pic-a1.aliexpress-media.com/kf/Sb6f4365341bc43e6879ac5215d78ba41Y.jpg_220x220q75.jpg_.avif","['High-concerned chemical', 'None', 'Pieces Included', '1', 'Material', 'Other', 'Origin', 'Mainland China']",https://www.aliexpress.us/item/3256807379131394.html?algo_pvid=42130b6d-1885-4cd3-88c6-0019248cf6c1&algo_exp_id=42130b6d-1885-4cd3-88c6-0019248cf6c1-20&pdp_ext_f=%7B%22order%22%3A%22163%22%2C%22eval%22%3A%221%22%2C%22fromPage%22%3A%22search%22%7D&pdp_npi=6%40dis%21USD%212.25%211.75%21%21%2115.25%2111.86%21%40210156fc17768934824755834e3882%2112000041319565742%21sea%21US%210%21ABX%211%210%21n_tag%3A-29910%3Bd%3A7753d89f%3Bm03_new_user%3A-29895%3BpisId%3A5000000204886261&curPageLogUid=4d1Vxul6Ue8L&utparam-url=scene%3Asearch%7Cquery_from%3A%7Cx_object_id%3A1005007565446146%7C_p_origin_prod%3A
PPD Master Dismantling Piece Mobile Phone Repair Disassembly Pry Piece Curved Screen Dismantling Blade For iPhone Android iPad,$0.99 ,"https://ae-pic-a1.aliexpress-media.com/kf/Sc2f2905ee34f4d4c89b0209bbb91f9509.jpg_220x220q75.jpg_.avif,https://ae-pic-a1.aliexpress-media.com/kf/Sf7e7d898f86c461eb85c687586ae68c59.jpg_220x220q75.jpg_.avif,https://ae-pic-a1.aliexpress-media.com/kf/S063409af63384b3094a81b792b9d3f4a4.jpg_220x220q75.jpg_.avif,https://ae-pic-a1.aliexpress-media.com/kf/S975f7e7aea654d3da8423010162a02d7C.jpg_220x220q75.jpg_.avif,https://ae-pic-a1.aliexpress-media.com/kf/S2bc1f43466754cd797376742b6a4529eX.jpg_220x220q75.jpg_.avif","['High-concerned chemical', 'None', 'Model Number', 'PPD Opening Pry Tool', 'Pieces Included', '1 PCS', 'Material', 'Other', 'Origin', 'Mainland China']",https://www.aliexpress.us/item/3256808551385037.html?algo_pvid=42130b6d-1885-4cd3-88c6-0019248cf6c1&algo_exp_id=42130b6d-1885-4cd3-88c6-0019248cf6c1-22&pdp_ext_f=%7B%22order%22%3A%22161%22%2C%22eval%22%3A%221%22%2C%22fromPage%22%3A%22search%22%7D&pdp_npi=6%40dis%21USD%216.81%210.99%21%21%2146.21%216.67%21%40210156fc17768934824755834e3882%2112000046463965237%21sea%21US%210%21ABX%211%210%21n_tag%3A-29910%3Bd%3A7753d89f%3Bm03_new_user%3A-29895%3BpisId%3A5000000203537387&curPageLogUid=aK3AkDiIN5v8&utparam-url=scene%3Asearch%7Cquery_from%3A%7Cx_object_id%3A1005008737699789%7C_p_origin_prod%3A
Jcid Dock Charging Flex Cable for IPhone 8 7 Plus X XS Max XR 11 12 13 14 15 Charger Dock Connector USB Port Repair Part Flex,$3.45 ,"https://ae-pic-a1.aliexpress-media.com/kf/Sa3a9d260ae7945bb910199fa36fdb2e7g.jpg_220x220q75.jpg_.avif,https://ae-pic-a1.aliexpress-media.com/kf/Sa0767c252f184f7290140c8fa4ecca018.jpg_220x220q75.jpg_.avif,https://ae-pic-a1.aliexpress-media.com/kf/Sd54ade76ab2440bd8e0b875c841ce46e2.jpg_220x220q75.jpg_.avif,https://ae-pic-a1.aliexpress-media.com/kf/Sc61a815e02c648a2ad95df45b0034e5ce.jpg_220x220q75.jpg_.avif,https://ae-pic-a1.aliexpress-media.com/kf/S3666c72f9dea4785b1977353d3e631beF.jpg_220x220q75.jpg_.avif","['High-concerned chemical', 'None', 'Pieces Included', '1', 'Material', 'Other', 'Origin', 'Mainland China']",https://www.aliexpress.us/item/3256809058477164.html?algo_pvid=42130b6d-1885-4cd3-88c6-0019248cf6c1&algo_exp_id=42130b6d-1885-4cd3-88c6-0019248cf6c1-23&pdp_ext_f=%7B%22order%22%3A%22159%22%2C%22eval%22%3A%221%22%2C%22fromPage%22%3A%22search%22%7D&pdp_npi=6%40dis%21USD%213.95%213.45%21%21%213.95%213.45%21%40210156fc17768934824755834e3882%2112000048452245267%21sea%21US%210%21ABX%211%210%21n_tag%3A-29910%3Bd%3A7753d89f%3Bm03_new_user%3A-29895%3BpisId%3A5000000204886261&curPageLogUid=DXZgKReZGIYh&utparam-url=scene%3Asearch%7Cquery_from%3A%7Cx_object_id%3A1005009244791916%7C_p_origin_prod%3A
Multifunction Storage Box Large Capacity Strong Mobile Phone Screw driver Maintenance Collection Opening Repair Tool Kit Tool,$8.66 ,"https://ae-pic-a1.aliexpress-media.com/kf/S8cd490d3b35e423eb7ed1ddab1f4ecafZ.jpg_220x220q75.jpg_.avif,https://ae-pic-a1.aliexpress-media.com/kf/S8cd490d3b35e423eb7ed1ddab1f4ecafZ.jpg_220x220q75.jpg_.avif,https://ae-pic-a1.aliexpress-media.com/kf/S12aa04de13b74cbb89d23c866e6f47b45.jpg_220x220q75.jpg_.avif,https://ae-pic-a1.aliexpress-media.com/kf/S4e1944e9ace3431c90b93299faeabc18i.jpg_220x220q75.jpg_.avif,https://ae-pic-a1.aliexpress-media.com/kf/S4a9398ca5d2c48499ffaf011ded66783V.jpg_220x220q75.jpg_.avif","['High-concerned chemical', 'None', 'With Magnetic', 'No', 'Pieces Included', '1', 'Material', 'Other', 'Brand Name', 'HTDTMTI', 'Origin', 'Mainland China']",https://www.aliexpress.us/item/3256806604332029.html?algo_pvid=42130b6d-1885-4cd3-88c6-0019248cf6c1&algo_exp_id=42130b6d-1885-4cd3-88c6-0019248cf6c1-24&pdp_ext_f=%7B%22order%22%3A%22159%22%2C%22eval%22%3A%221%22%2C%22fromPage%22%3A%22search%22%7D&pdp_npi=6%40dis%21USD%2116.45%2110.95%21%21%21111.68%2174.34%21%40210156fc17768934824755834e3882%2112000038312692096%21sea%21US%210%21ABX%211%210%21n_tag%3A-29910%3Bd%3A7753d89f%3Bm03_new_user%3A-29895%3BpisId%3A5000000203537339&curPageLogUid=ddNVysoBLvWH&utparam-url=scene%3Asearch%7Cquery_from%3A%7Cx_object_id%3A1005006790646781%7C_p_origin_prod%3A
MaAnt CJ-1Pro Electric Glue Remover Pen Needles Machine Original Hard Touch Screen Adhensive Phone Repair Tools Set,$25.44 ,"https://ae-pic-a1.aliexpress-media.com/kf/S800523ea6ff64d9181ff6e57ea026ae2a.jpg?has_lang=1&ver=2_220x220q75.jpg_.avif,https://ae-pic-a1.aliexpress-media.com/kf/S800523ea6ff64d9181ff6e57ea026ae2a.jpg?has_lang=1&ver=2_220x220q75.jpg_.avif,https://ae-pic-a1.aliexpress-media.com/kf/Sd83365d7b8154368b785da81ffdc7d051.jpg?has_lang=1&ver=2_220x220q75.jpg_.avif,https://ae-pic-a1.aliexpress-media.com/kf/Sf0cce0cff8a846d4b833f3e1a306128d6.jpg?has_lang=1&ver=2_220x220q75.jpg_.avif,https://ae-pic-a1.aliexpress-media.com/kf/S671f99d97d58478ea3fbdb123d601bf1o.jpg?has_lang=1&ver=2_220x220q75.jpg_.avif","['High-concerned chemical', 'None', 'With Magnetic', 'No', 'Model Number', 'MaAnt CJ-1', 'Pieces Included', '8 in 1', 'Material', 'Other', 'Origin', 'Mainland China', 'MaAnt CJ-1 Electric Glue Remover', 'MaAnt CJ-1', 'Electric Glue Remover', 'MaAnt Electric Glue Remover', 'oca glue remover tool machine', 'oca glue remove thick needles', 'oca glue remover', 'oca glue remover liquid', 'oca glue remover tool', 'oca glue remover dispenser']",https://www.aliexpress.us/item/3256805958469147.html?algo_pvid=42130b6d-1885-4cd3-88c6-0019248cf6c1&algo_exp_id=42130b6d-1885-4cd3-88c6-0019248cf6c1-25&pdp_ext_f=%7B%22order%22%3A%22159%22%2C%22eval%22%3A%221%22%2C%22fromPage%22%3A%22search%22%7D&pdp_npi=6%40dis%21USD%2176.28%2125.44%21%21%21517.83%21172.67%21%40210156fc17768934824755834e3882%2112000036052822602%21sea%21US%210%21ABX%211%210%21n_tag%3A-29910%3Bd%3A7753d89f%3Bm03_new_user%3A-29895%3BpisId%3A5000000204886261&curPageLogUid=VBzvhFf1fexm&utparam-url=scene%3Asearch%7Cquery_from%3A%7Cx_object_id%3A1005006144783899%7C_p_origin_prod%3A
10pcs A++ Waterproof Sticker Tape For iPhone 14 Plus X XS Max XR 11 12 mini 13 Pro LCD Frame 15 Bezel Seal Tape Glue,$6.50 ,"https://ae-pic-a1.aliexpress-media.com/kf/S5f34102e3bdf4f37b34b80bc2d944b30E.jpg_220x220q75.jpg_.avif,https://ae-pic-a1.aliexpress-media.com/kf/S5f34102e3bdf4f37b34b80bc2d944b30E.jpg_220x220q75.jpg_.avif,https://ae-pic-a1.aliexpress-media.com/kf/S30814c15384c4976b6670f395d51fd2fw.jpg_220x220q75.jpg_.avif,https://ae-pic-a1.aliexpress-media.com/kf/S667beed0e2db406b82b5879e3a6639b0x.jpg_220x220q75.jpg_.avif,https://ae-pic-a1.aliexpress-media.com/kf/S4a4700273a914b8ca1fcba6550f0eee37.jpg_220x220q75.jpg_.avif","['High-concerned chemical', 'None', 'Pieces Included', '1', 'Material', 'Other', 'Origin', 'Mainland China']",https://www.aliexpress.us/item/3256805420008222.html?algo_pvid=42130b6d-1885-4cd3-88c6-0019248cf6c1&algo_exp_id=42130b6d-1885-4cd3-88c6-0019248cf6c1-26&pdp_ext_f=%7B%22order%22%3A%22159%22%2C%22eval%22%3A%221%22%2C%22fromPage%22%3A%22search%22%7D&pdp_npi=6%40dis%21USD%217.00%216.50%21%21%2147.55%2144.16%21%40210156fc17768934824755834e3882%2112000047952857548%21sea%21US%210%21ABX%211%210%21n_tag%3A-29910%3Bd%3A7753d89f%3Bm03_new_user%3A-29895%3BpisId%3A5000000204886261&curPageLogUid=iWzd4ATxhJRP&utparam-url=scene%3Asearch%7Cquery_from%3A%7Cx_object_id%3A1005005606322974%7C_p_origin_prod%3A
QIANLI Steel Reballing Stencil Kit for iPhone 11 12 13 14 15 Pro MAX XR X 8P 8 7P 7 6S 6 CPU IC Chip Tin Planting Soldering Net,$3.67 ,"https://ae-pic-a1.aliexpress-media.com/kf/S1e1c83dff484494fabca2ce79ea4e4f1m.jpg_220x220q75.jpg_.avif,https://ae-pic-a1.aliexpress-media.com/kf/S1e1c83dff484494fabca2ce79ea4e4f1m.jpg_220x220q75.jpg_.avif,https://ae-pic-a1.aliexpress-media.com/kf/S55f83dce1f4f4c02afba335a79900939u.jpg_220x220q75.jpg_.avif,https://ae-pic-a1.aliexpress-media.com/kf/Sc205fd499ec24492981a607ee50ffaf2A.jpg_220x220q75.jpg_.avif,https://ae-pic-a1.aliexpress-media.com/kf/S02b5ef0e55af4c29be5fe9c96025fcc7N.jpg_220x220q75.jpg_.avif","['High-concerned chemical', 'None', 'With Magnetic', 'No', 'Model Number', 'QIANLI', 'Pieces Included', '1', 'Material', 'Other', 'Brand Name', 'BRESUN', 'Origin', 'Mainland China', 'Usage', 'BGA Reballing for iPhone', 'Model Name', 'QIANLI BGA Reballing Stencil Kit', 'Feature', 'Square Hole Reballing Stencil', 'Colors', 'Black', 'Function', 'Qianli bga reballing stencil kit for iphone', 'Appliction1', 'Qianli MEGA-IDEA BGA Black Stencil', 'Appliction2', 'iphone 12 stencil', 'Appliction3', 'iphone stencil', 'Appliction4', 'iphone stencil kit', 'Appliction5', 'stencil for iphone reballling', 'Appliction6', 'stencil qianli for iphone', 'Appliction7', 'reballing kit', 'Appliction8', 'universal stencil for reballling', 'Appliction9', 'cpu stencil reballing']",https://www.aliexpress.us/item/3256802247191006.html?algo_pvid=42130b6d-1885-4cd3-88c6-0019248cf6c1&algo_exp_id=42130b6d-1885-4cd3-88c6-0019248cf6c1-27&pdp_ext_f=%7B%22order%22%3A%22159%22%2C%22eval%22%3A%221%22%2C%22fromPage%22%3A%22search%22%7D&pdp_npi=6%40dis%21USD%214.17%213.67%21%21%214.17%213.67%21%40210156fc17768934824755834e3882%2112000040780917716%21sea%21US%210%21ABX%211%210%21n_tag%3A-29910%3Bd%3A7753d89f%3Bm03_new_user%3A-29895%3BpisId%3A5000000204886261&curPageLogUid=76p8yEI95Gwo&utparam-url=scene%3Asearch%7Cquery_from%3A%7Cx_object_id%3A1005002433505758%7C_p_origin_prod%3A
AMAOE For iPhone X-16 Pro Max BGA Reballing Middle Layer Stencil Tin Planting Soldering XS Max 11 12 13 14 15 16 Repair Tool,$2.91 ,"https://ae-pic-a1.aliexpress-media.com/kf/Sde17b526b08146d9b4434c0dc293a4a6u.jpg_220x220q75.jpg_.avif,https://ae-pic-a1.aliexpress-media.com/kf/Sde17b526b08146d9b4434c0dc293a4a6u.jpg_220x220q75.jpg_.avif,https://ae-pic-a1.aliexpress-media.com/kf/S54f487e9a77c4adab5b334521ea2b83eG.jpg_220x220q75.jpg_.avif,https://ae-pic-a1.aliexpress-media.com/kf/S90b564d3c1d64927b3a1473286262aca2.jpg_220x220q75.jpg_.avif,https://ae-pic-a1.aliexpress-media.com/kf/S394e3528ec8641bb97e6a0bcb93204b7r.jpg_220x220q75.jpg_.avif","['High-concerned chemical', 'None', 'Pieces Included', '1', 'Material', 'Other', 'Origin', 'Mainland China']",https://www.aliexpress.us/item/3256807334504668.html?algo_pvid=42130b6d-1885-4cd3-88c6-0019248cf6c1&algo_exp_id=42130b6d-1885-4cd3-88c6-0019248cf6c1-28&pdp_ext_f=%7B%22order%22%3A%22158%22%2C%22eval%22%3A%221%22%2C%22fromPage%22%3A%22search%22%7D&pdp_npi=6%40dis%21USD%213.41%212.91%21%21%2123.14%2119.75%21%40210156fc17768934824755834e3882%2112000051711426838%21sea%21US%210%21ABX%211%210%21n_tag%3A-29910%3Bd%3A7753d89f%3Bm03_new_user%3A-29895%3BpisId%3A5000000204886261&curPageLogUid=zEoaowuwL3JM&utparam-url=scene%3Asearch%7Cquery_from%3A%7Cx_object_id%3A1005007520819420%7C_p_origin_prod%3A
YCS 4 in 1 Magnetic Adsorption Back Rear Camera Repair Protection Cap Cover for iPhone 17 16 15 14 13 12 11 X XR XS Max 7 8 6 6S,$0.99 ,"https://ae-pic-a1.aliexpress-media.com/kf/S0ab62b28d3b04392929143cb15f39869I.jpg?has_lang=1&ver=1_220x220q75.jpg_.avif,https://ae-pic-a1.aliexpress-media.com/kf/S935da23585654bb58179adc9afd84fcdu.jpg?has_lang=1&ver=1_220x220q75.jpg_.avif,https://ae-pic-a1.aliexpress-media.com/kf/S001ca619cb1342598242067563fef953w.jpg?has_lang=1&ver=1_220x220q75.jpg_.avif,https://ae-pic-a1.aliexpress-media.com/kf/Sc9fe7d2115c34f52a77c05a82375ae55q.jpg?has_lang=1&ver=1_220x220q75.jpg_.avif,https://ae-pic-a1.aliexpress-media.com/kf/S01e451338bbf4d9284e48745f6cf882eF.jpg_220x220q75.jpg_.avif","['High-concerned chemical', 'None', 'With Magnetic', 'Yes', 'Pieces Included', '4', 'Material', 'Other', 'Origin', 'Mainland China']",https://www.aliexpress.us/item/3256810304969673.html?algo_pvid=42130b6d-1885-4cd3-88c6-0019248cf6c1&algo_exp_id=42130b6d-1885-4cd3-88c6-0019248cf6c1-29&pdp_ext_f=%7B%22order%22%3A%22157%22%2C%22eval%22%3A%221%22%2C%22fromPage%22%3A%22search%22%7D&pdp_npi=6%40dis%21USD%218.25%210.99%21%21%218.25%210.99%21%40210156fc17768934824755834e3882%2112000052581650321%21sea%21US%210%21ABX%211%210%21n_tag%3A-29910%3Bd%3A7753d89f%3Bm03_new_user%3A-29895%3BpisId%3A5000000203537387&curPageLogUid=qQLUQM2mKX5F&utparam-url=scene%3Asearch%7Cquery_from%3A%7Cx_object_id%3A1005010491284425%7C_p_origin_prod%3A
Spacer + Hook For Camera Control Button Flex Cable For iPhone 16 Plus 16 Pro Max Middle Frame Side Button Replace,$2.68 ,"https://ae-pic-a1.aliexpress-media.com/kf/S246dc25135c84744bdc4a94e23c8d9171.jpg_220x220q75.jpg_.avif,https://ae-pic-a1.aliexpress-media.com/kf/S246dc25135c84744bdc4a94e23c8d9171.jpg_220x220q75.jpg_.avif,https://ae-pic-a1.aliexpress-media.com/kf/Sfcc5826d5fef40cfa375ade1119aa016A.jpg?has_lang=1&ver=1_220x220q75.jpg_.avif,https://ae-pic-a1.aliexpress-media.com/kf/S8e6dee4b7bc94cedaff653337490b8ecK.jpg_220x220q75.jpg_.avif,https://ae-pic-a1.aliexpress-media.com/kf/Secc8429bc7b24d17a3f100237a70dca57.jpg_220x220q75.jpg_.avif","['High-concerned chemical', 'None', 'Pieces Included', '1', 'Material', 'Iron', 'Origin', 'Mainland China']",https://www.aliexpress.us/item/3256809788166979.html?algo_pvid=42130b6d-1885-4cd3-88c6-0019248cf6c1&algo_exp_id=42130b6d-1885-4cd3-88c6-0019248cf6c1-30&pdp_ext_f=%7B%22order%22%3A%22157%22%2C%22eval%22%3A%221%22%2C%22fromPage%22%3A%22search%22%7D&pdp_npi=6%40dis%21USD%213.18%212.68%21%21%2121.61%2118.22%21%40210156fc17768934824755834e3882%2112000050734460708%21sea%21US%210%21ABX%211%210%21n_tag%3A-29910%3Bd%3A7753d89f%3Bm03_new_user%3A-29895%3BpisId%3A5000000204886261&curPageLogUid=jfBMlXl6ch7n&utparam-url=scene%3Asearch%7Cquery_from%3A%7Cx_object_id%3A1005009974481731%7C_p_origin_prod%3A
UMF All Boot Cable UMF Pro cable Ultimate Multi-Functional Cable For EDL V2 For Harmony TP HW USB COM1.0,$4.14 ,"https://ae-pic-a1.aliexpress-media.com/kf/S13a59edaa4694c3c944311071116dfe4s.jpg_220x220q75.jpg_.avif,https://ae-pic-a1.aliexpress-media.com/kf/Sbae3285829ff4015991e8b64ab659d36E.jpg_220x220q75.jpg_.avif,https://ae-pic-a1.aliexpress-media.com/kf/S618e3a97ccd34113813a31994c078d41k.jpg_220x220q75.jpg_.avif,https://ae-pic-a1.aliexpress-media.com/kf/Sacdf5435976341adb33839c6a863cd6cy.jpg_220x220q75.jpg_.avif,https://ae-pic-a1.aliexpress-media.com/kf/S24b447152f8d405cb0ffe5ea344cae573.jpg_220x220q75.jpg_.avif","['High-concerned chemical', 'None', 'With Magnetic', 'No', 'Model Number', 'UMF All Boot Cable', 'Pieces Included', '1', 'Material', 'Other', 'Brand Name', 'EFT PRO DONGLE', 'Origin', 'Mainland China']",https://www.aliexpress.us/item/3256806962685632.html?algo_pvid=42130b6d-1885-4cd3-88c6-0019248cf6c1&algo_exp_id=42130b6d-1885-4cd3-88c6-0019248cf6c1-31&pdp_ext_f=%7B%22order%22%3A%22157%22%2C%22eval%22%3A%221%22%2C%22fromPage%22%3A%22search%22%7D&pdp_npi=6%40dis%21USD%2111.93%216.43%21%21%2111.93%216.43%21%40210156fc17768934824755834e3882%2112000039593479639%21sea%21US%210%21ABX%211%210%21n_tag%3A-29910%3Bd%3A7753d89f%3Bm03_new_user%3A-29895%3BpisId%3A5000000203537339&curPageLogUid=NAlrY4IIj6pZ&utparam-url=scene%3Asearch%7Cquery_from%3A%7Cx_object_id%3A1005007149000384%7C_p_origin_prod%3A
44pcs/set Hand Tool Kit Opening Pry Bar Screen Disassemble Screwdriver Set Repair Tools for IPhone HuaWei Xiaomi Mobile Phone,$0.99 ,"https://ae-pic-a1.aliexpress-media.com/kf/S32e11db13e4d4ad587c7d9b05fdac87cr.jpg_220x220q75.jpg_.avif,https://ae-pic-a1.aliexpress-media.com/kf/S3cfacbc8781640bbba62f9c9753a3bf4B.jpg_220x220q75.jpg_.avif,https://ae-pic-a1.aliexpress-media.com/kf/Sa85a12cde3344051b1ae1891be046801a.jpg_220x220q75.jpg_.avif,https://ae-pic-a1.aliexpress-media.com/kf/S0f4e3d0d1f6f49e9a807dc871621c074B.jpg_220x220q75.jpg_.avif,https://ae-pic-a1.aliexpress-media.com/kf/Sddec23e175604301b015fe5125a2c589m.jpg_220x220q75.jpg_.avif","['High-concerned chemical', 'None', 'With Magnetic', 'No', 'Model Number', 'Repair Tools Set', 'Pieces Included', '44 in 1', 'Material', 'Other', 'Brand Name', 'dawndesslo', 'Origin', 'Mainland China', 'Pieces Included', '44 in 1', 'Component', 'Mobile Phone Disassemble Tools', 'Model Number', 'For Smartphone']",https://www.aliexpress.us/item/3256805662552607.html?algo_pvid=42130b6d-1885-4cd3-88c6-0019248cf6c1&algo_exp_id=42130b6d-1885-4cd3-88c6-0019248cf6c1-32&pdp_ext_f=%7B%22order%22%3A%22157%22%2C%22eval%22%3A%221%22%2C%22fromPage%22%3A%22search%22%7D&pdp_npi=6%40dis%21USD%211.48%210.99%21%21%2110.07%216.74%21%40210156fc17768934824755834e3882%2112000034565509550%21sea%21US%210%21ABX%211%210%21n_tag%3A-29910%3Bd%3A7753d89f%3Bm03_new_user%3A-29895%3BpisId%3A5000000204886261&curPageLogUid=ILdVML9V2hx0&utparam-url=scene%3Asearch%7Cquery_from%3A%7Cx_object_id%3A1005005848867359%7C_p_origin_prod%3A
Pure Copper Iron Tip for JBC C210 Soldering Tip Rework Station Welding Head BGA Soldering Tools Branding Iron Welding Tools,$2.50 ,"https://ae-pic-a1.aliexpress-media.com/kf/S56014696711a40728ab5807bbf8559751.png_220x220.png_.avif,https://ae-pic-a1.aliexpress-media.com/kf/Sd8a82c8415594f00b8e14c8f03ab39c1m.png_220x220.png_.avif,https://ae-pic-a1.aliexpress-media.com/kf/S432beb8a080f4143ba0fdf2a90ae863fs.png_220x220.png_.avif,https://ae-pic-a1.aliexpress-media.com/kf/Se138dde5a27b469a82b07027f7c903066.png_220x220.png_.avif,https://ae-pic-a1.aliexpress-media.com/kf/S8b639f62aeec484f85a077d58d46d5844.png_220x220.png_.avif","['With Magnetic', 'No', 'Model Number', 'C210', 'Pieces Included', '6 in 1', 'Material', 'Other', 'Brand Name', 'APOSAN', 'Origin', 'Mainland China', 'name', 'Pure Copper Iron Tip']",https://www.aliexpress.us/item/3256804310592630.html?algo_pvid=42130b6d-1885-4cd3-88c6-0019248cf6c1&algo_exp_id=42130b6d-1885-4cd3-88c6-0019248cf6c1-33&pdp_ext_f=%7B%22order%22%3A%22157%22%2C%22eval%22%3A%221%22%2C%22fromPage%22%3A%22search%22%7D&pdp_npi=6%40dis%21USD%213.00%212.50%21%21%213.00%212.50%21%40210156fc17768934824755834e3882%2112000029367258039%21sea%21US%210%21ABX%211%210%21n_tag%3A-29910%3Bd%3A7753d89f%3Bm03_new_user%3A-29895%3BpisId%3A5000000204886261&curPageLogUid=sABY7VTSCNkK&utparam-url=scene%3Asearch%7Cquery_from%3A%7Cx_object_id%3A1005004496907382%7C_p_origin_prod%3A
Newest MKSD Ultra V5.7 with QPE for 12 12pro 12promax 13 13pro 13promax to 16promax,$18.85 ,"https://ae-pic-a1.aliexpress-media.com/kf/S1bf4ca55b11e481b872ec0b158f86acfN.jpg?has_lang=1&ver=2_220x220q75.jpg_.avif,https://ae-pic-a1.aliexpress-media.com/kf/S2c4a090a63a34bbc859aa5c69179c4dd3.jpg?has_lang=1&ver=2_220x220q75.jpg_.avif,https://ae-pic-a1.aliexpress-media.com/kf/S1ab15ff47d314076ac1311816d1f429en.jpg?has_lang=1&ver=2_220x220q75.jpg_.avif,https://ae-pic-a1.aliexpress-media.com/kf/S178dbac7681c4ea1aff2790c1d57a4154.jpg?has_lang=1&ver=2_220x220q75.jpg_.avif,https://ae-pic-a1.aliexpress-media.com/kf/S9219fe36a0e54ddeb8ab4d8f6a27c6f0M.jpg?has_lang=1&ver=2_220x220q75.jpg_.avif","['High-concerned chemical', 'None', 'With Magnetic', 'No', 'Model Number', 'MKSD ultra V5.7', 'Pieces Included', '1', 'Material', 'Other', 'Origin', 'Mainland China', 'Name', 'MKSD ultra V5.7', 'Color', 'Blue', 'quality', 'good working', 'shipping', 'DHL or Aliexpress standard shipping']",https://www.aliexpress.us/item/3256805236902042.html?algo_pvid=42130b6d-1885-4cd3-88c6-0019248cf6c1&algo_exp_id=42130b6d-1885-4cd3-88c6-0019248cf6c1-35&pdp_ext_f=%7B%22order%22%3A%22156%22%2C%22eval%22%3A%221%22%2C%22fromPage%22%3A%22search%22%7D&pdp_npi=6%40dis%21USD%2121.50%2118.85%21%21%2121.50%2118.85%21%40210156fc17768934824755834e3882%2112000033010103179%21sea%21US%210%21ABX%211%210%21n_tag%3A-29910%3Bd%3A7753d89f%3Bm03_new_user%3A-29895%3BpisId%3A5000000204886261&curPageLogUid=2G1uqf7i7OOC&utparam-url=scene%3Asearch%7Cquery_from%3A%7Cx_object_id%3A1005005423216794%7C_p_origin_prod%3A
RELIFE RL-066C Rear Glass Breaking Pen for IPhone Huawei Mobile Phone Rear Shell Battery Glass Cover Breaker Blasting Repair Too,$0.99 ,"https://ae-pic-a1.aliexpress-media.com/kf/S447c74e3b8b4434792905196467cd2dbz.png_220x220.png_.avif,https://ae-pic-a1.aliexpress-media.com/kf/S473a6f38d5ad463f93e97bf7a85dc143B.jpg_220x220q75.jpg_.avif,https://ae-pic-a1.aliexpress-media.com/kf/S8a30b61d44ec44928be1a55ca749deb0U.jpg_220x220q75.jpg_.avif,https://ae-pic-a1.aliexpress-media.com/kf/S66c9e0214de94fdd9d4514dd8c39ca4dF.jpg_220x220q75.jpg_.avif,https://ae-pic-a1.aliexpress-media.com/kf/Sf37adbae9742474c8c088402aa45fb638.jpg_220x220q75.jpg_.avif","['High-concerned chemical', 'None', 'With Magnetic', 'No', 'Model Number', 'RELIFE RL-066C', 'Pieces Included', '1', 'Material', 'Other', 'Origin', 'Mainland China']",https://www.aliexpress.us/item/3256809271966758.html?algo_pvid=42130b6d-1885-4cd3-88c6-0019248cf6c1&algo_exp_id=42130b6d-1885-4cd3-88c6-0019248cf6c1-36&pdp_ext_f=%7B%22order%22%3A%22155%22%2C%22eval%22%3A%221%22%2C%22fromPage%22%3A%22search%22%7D&pdp_npi=6%40dis%21USD%217.51%210.99%21%21%2150.99%216.75%21%40210156fc17768934824755834e3882%2112000049165476290%21sea%21US%210%21ABX%211%210%21n_tag%3A-29910%3Bd%3A7753d89f%3Bm03_new_user%3A-29895%3BpisId%3A5000000203537387&curPageLogUid=fLPFNO4XS0WB&utparam-url=scene%3Asearch%7Cquery_from%3A%7Cx_object_id%3A1005009458281510%7C_p_origin_prod%3A
10/20/50PCS Metal Phone Opening Tools Metal Guitar Picks Pry Opener for iPhone iPad Tablet PC Disassemble Repair Tool Kit,$1.51 ,"https://ae-pic-a1.aliexpress-media.com/kf/S235ff668c9074bfba0f5ad00ce4b89b8R.jpg_220x220q75.jpg_.avif,https://ae-pic-a1.aliexpress-media.com/kf/S8f5ac36051ea40ccb0e30c868c1f45bcs.jpg_220x220q75.jpg_.avif,https://ae-pic-a1.aliexpress-media.com/kf/S0b58bfa1c8ca4b7b80ed743afdcc55bf0.jpg_220x220q75.jpg_.avif,https://ae-pic-a1.aliexpress-media.com/kf/S1e5d9ceeb63844d9a40f4fa1749c33cdU.jpg_220x220q75.jpg_.avif,https://ae-pic-a1.aliexpress-media.com/kf/S2867b9c80046484b9885960ecfb53c4ev.jpg_220x220q75.jpg_.avif","['High-concerned chemical', 'None', 'With Magnetic', 'No', 'Pieces Included', '10 in 1', 'Material', 'Other', 'Origin', 'Mainland China']",https://www.aliexpress.us/item/3256808302952115.html?algo_pvid=42130b6d-1885-4cd3-88c6-0019248cf6c1&algo_exp_id=42130b6d-1885-4cd3-88c6-0019248cf6c1-37&pdp_ext_f=%7B%22order%22%3A%22155%22%2C%22eval%22%3A%221%22%2C%22fromPage%22%3A%22search%22%7D&pdp_npi=6%40dis%21USD%214.11%211.51%21%21%2127.92%2110.29%21%40210156fc17768934824755834e3882%2112000045367612761%21sea%21US%210%21ABX%211%210%21n_tag%3A-29910%3Bd%3A7753d89f%3Bm03_new_user%3A-29895%3BpisId%3A5000000204886261&curPageLogUid=bfQQGvphjybc&utparam-url=scene%3Asearch%7Cquery_from%3A%7Cx_object_id%3A1005008489266867%7C_p_origin_prod%3A
Original factory effect screen ic sealant For iPhone maintenance BGA CPU NAND IC chip black sealant 30 seconds curing glue tools,$6.98 ,"https://ae-pic-a1.aliexpress-media.com/kf/Secad897dbbec4e7baab4dec2db4512bdG.jpg_220x220q75.jpg_.avif,https://ae-pic-a1.aliexpress-media.com/kf/S9a8469a6d1a545d0ae0cd1267872a61ay.jpg_220x220q75.jpg_.avif,https://ae-pic-a1.aliexpress-media.com/kf/Se85a3a2169ea45e69e60fa1ce7b8961ec.jpg_220x220q75.jpg_.avif,https://ae-pic-a1.aliexpress-media.com/kf/Sf9c0c4b0345043db89467904f428e4c8h.jpg_220x220q75.jpg_.avif,https://ae-pic-a1.aliexpress-media.com/kf/S3f79457275964fbdbe4f62556f07b111J.jpg_220x220q75.jpg_.avif","['With Magnetic', 'No', 'Model Number', 'FT-12', 'Pieces Included', '1pcs', 'Material', 'Other', 'Origin', 'Mainland China', 'Name', 'Original factory effect screen ic sealant', 'MODEL', 'FT-012', 'color', 'black', 'Curing time', '30S', 'Features 1', 'FT-012 Origina factory effect screen ic sealant', 'Features 2', 'Original black sealant for BGA CPU Touch IC']",https://www.aliexpress.us/item/3256806640399899.html?algo_pvid=42130b6d-1885-4cd3-88c6-0019248cf6c1&algo_exp_id=42130b6d-1885-4cd3-88c6-0019248cf6c1-38&pdp_ext_f=%7B%22order%22%3A%22155%22%2C%22eval%22%3A%221%22%2C%22fromPage%22%3A%22search%22%7D&pdp_npi=6%40dis%21USD%2122.65%216.98%21%21%21153.76%2147.35%21%40210156fc17768934824755834e3882%2112000038429696067%21sea%21US%210%21ABX%211%210%21n_tag%3A-29910%3Bd%3A7753d89f%3Bm03_new_user%3A-29895%3BpisId%3A5000000204886261&curPageLogUid=UwMT7p4nbdx6&utparam-url=scene%3Asearch%7Cquery_from%3A%7Cx_object_id%3A1005006826714651%7C_p_origin_prod%3A
Lanrui U8 Sliding Tooth Punch Drill Bit 2.35mm Cutting Head Disassembly Repair Sliding Screw Grinding Head Repair Tools Set,$29.26 ,"https://ae-pic-a1.aliexpress-media.com/kf/Sc1834e51d1ad4b2e8ed7421f481460a28.jpg?has_lang=1&ver=1_220x220q75.jpg_.avif,https://ae-pic-a1.aliexpress-media.com/kf/Sc1834e51d1ad4b2e8ed7421f481460a28.jpg?has_lang=1&ver=1_220x220q75.jpg_.avif,https://ae-pic-a1.aliexpress-media.com/kf/S71dcc57a44c44002a2331236201d01dd9.png?has_lang=1&ver=1_220x220.png_.avif,https://ae-pic-a1.aliexpress-media.com/kf/S877ca9b728ef4175b9b76477fabe2283T.jpg?has_lang=1&ver=1_220x220q75.jpg_.avif,https://ae-pic-a1.aliexpress-media.com/kf/S85af443676f846ffb69837cdaaabed29J.jpg?has_lang=1&ver=1_220x220q75.jpg_.avif","['High-concerned chemical', 'None', 'With Magnetic', 'No', 'Model Number', 'Lanrui U8 sliding tooth punch drill bit', 'Pieces Included', '1', 'Material', 'Other', 'Brand Name', 'NoEnName_Null', 'Origin', 'Mainland China', 'Brand', 'LANRUI']",https://www.aliexpress.us/item/3256809640242233.html?algo_pvid=42130b6d-1885-4cd3-88c6-0019248cf6c1&algo_exp_id=42130b6d-1885-4cd3-88c6-0019248cf6c1-40&pdp_ext_f=%7B%22order%22%3A%22152%22%2C%22eval%22%3A%221%22%2C%22fromPage%22%3A%22search%22%7D&pdp_npi=6%40dis%21USD%2129.76%2129.26%21%21%2129.76%2129.26%21%40210156fc17768934824755834e3882%2112000050469892653%21sea%21US%210%21ABX%211%210%21n_tag%3A-29910%3Bd%3A7753d89f%3Bm03_new_user%3A-29895%3BpisId%3A5000000204886261&curPageLogUid=zrRwnggYO0cj&utparam-url=scene%3Asearch%7Cquery_from%3A%7Cx_object_id%3A1005009826556985%7C_p_origin_prod%3A
28/37/44 in1 Screw Screwdriver Spudger Pry Opening Repair Tool Kit For Mobile Phone iPhone Android Replacement DIY Hand Tools,$4.04 ,"https://ae-pic-a1.aliexpress-media.com/kf/S3b35a98dcb25419586a610de77e5d3efA.jpg_220x220q75.jpg_.avif,https://ae-pic-a1.aliexpress-media.com/kf/Sda3df271e70e4a179c617deb56d06addq.jpg_220x220q75.jpg_.avif,https://ae-pic-a1.aliexpress-media.com/kf/Sfd3e9e1a4e3648d69ff173cf63ce8000b.jpg_220x220q75.jpg_.avif,https://ae-pic-a1.aliexpress-media.com/kf/S00e2951540b14453859419d2b7115380T.jpg_220x220q75.jpg_.avif,https://ae-pic-a1.aliexpress-media.com/kf/Sa2a8e959d64f4f68bdc66b3396420884i.jpg_220x220q75.jpg_.avif","['With Magnetic', 'No', 'Model Number', 'CR0089', 'Pieces Included', '2', 'Material', 'S2 Alloy Steel', 'Origin', 'Mainland China']",https://www.aliexpress.us/item/3256804232456285.html?algo_pvid=42130b6d-1885-4cd3-88c6-0019248cf6c1&algo_exp_id=42130b6d-1885-4cd3-88c6-0019248cf6c1-41&pdp_ext_f=%7B%22order%22%3A%22152%22%2C%22eval%22%3A%221%22%2C%22fromPage%22%3A%22search%22%7D&pdp_npi=6%40dis%21USD%214.54%214.04%21%21%2130.79%2127.40%21%40210156fc17768934824755834e3882%2112000035488484086%21sea%21US%210%21ABX%211%210%21n_tag%3A-29910%3Bd%3A7753d89f%3Bm03_new_user%3A-29895%3BpisId%3A5000000204886261&curPageLogUid=NjJfs5ON1hzU&utparam-url=scene%3Asearch%7Cquery_from%3A%7Cx_object_id%3A1005004418771037%7C_p_origin_prod%3A
50pc 10:1 Epoxy Adhesive Applicator Static Mixer Mixing Nozzle AB Glue Dispenser Needle Tip For LCD Refurbishing,$0.99 ,"https://ae-pic-a1.aliexpress-media.com/kf/S3f86845d719e4947954b0a8b13b1094ax.jpg_220x220q75.jpg_.avif,https://ae-pic-a1.aliexpress-media.com/kf/S755a3972b3094cce8292b85bbbe1bbc6G.png_220x220.png_.avif,https://ae-pic-a1.aliexpress-media.com/kf/S9931a19c0a5646398547410d05610981j.jpg_220x220q75.jpg_.avif,https://ae-pic-a1.aliexpress-media.com/kf/S0dd2835d190841b9aec78d2bda71a1e4S.jpg_220x220q75.jpg_.avif,https://ae-pic-a1.aliexpress-media.com/kf/S02c241a9cbff42ceabcab47e11184105u.jpg_220x220q75.jpg_.avif","['High-concerned chemical', 'None', 'Pieces Included', '50pcs', 'Material', 'Other', 'Origin', 'Mainland China']",https://www.aliexpress.us/item/3256804150134912.html?algo_pvid=42130b6d-1885-4cd3-88c6-0019248cf6c1&algo_exp_id=42130b6d-1885-4cd3-88c6-0019248cf6c1-42&pdp_ext_f=%7B%22order%22%3A%22151%22%2C%22eval%22%3A%221%22%2C%22fromPage%22%3A%22search%22%7D&pdp_npi=6%40dis%21USD%218.46%210.99%21%21%2157.46%216.75%21%40210156fc17768934824755834e3882%2112000028807346180%21sea%21US%210%21ABX%211%210%21n_tag%3A-29910%3Bd%3A7753d89f%3Bm03_new_user%3A-29895%3BpisId%3A5000000203537387&curPageLogUid=UJGWCvszOCzT&utparam-url=scene%3Asearch%7Cquery_from%3A%7Cx_object_id%3A1005004336449664%7C_p_origin_prod%3A
XHZC Magnetic Frame Clamping Holding Mold Mould For iPhone 12 Mini 12 13 14 15 Pro Max 14 16Plus LCD Screen Bracket Repair Tool,$16.94 ,"https://ae-pic-a1.aliexpress-media.com/kf/Sae9a963a5bae4a54bfbd15836e7aa8cej.jpg?has_lang=1&ver=2_220x220q75.jpg_.avif,https://ae-pic-a1.aliexpress-media.com/kf/Sae9a963a5bae4a54bfbd15836e7aa8cej.jpg?has_lang=1&ver=2_220x220q75.jpg_.avif,https://ae-pic-a1.aliexpress-media.com/kf/Sabd269c9075c495e83bb830578550d00F.jpg?has_lang=1&ver=2_220x220q75.jpg_.avif,https://ae-pic-a1.aliexpress-media.com/kf/S8035824982a94ae8ac0a0fb22f2b98d4o.jpg?has_lang=1&ver=2_220x220q75.jpg_.avif,https://ae-pic-a1.aliexpress-media.com/kf/Sa18310b465074aa297572004162b8ec5i.jpg?has_lang=1&ver=2_220x220q75.jpg_.avif","['High-concerned chemical', 'None', 'With Magnetic', 'No', 'Model Number', '12 Mini 15 Pro Max', 'Pieces Included', '1', 'Material', 'Other', 'Origin', 'Mainland China']",https://www.aliexpress.us/item/3256803128156280.html?algo_pvid=42130b6d-1885-4cd3-88c6-0019248cf6c1&algo_exp_id=42130b6d-1885-4cd3-88c6-0019248cf6c1-43&pdp_ext_f=%7B%22order%22%3A%22151%22%2C%22eval%22%3A%221%22%2C%22fromPage%22%3A%22search%22%7D&pdp_npi=6%40dis%21USD%2117.44%2116.94%21%21%21118.43%21115.04%21%40210156fc17768934824755834e3882%2112000025165883016%21sea%21US%210%21ABX%211%210%21n_tag%3A-29910%3Bd%3A7753d89f%3Bm03_new_user%3A-29895%3BpisId%3A5000000204886261&curPageLogUid=TokiubOJJMeL&utparam-url=scene%3Asearch%7Cquery_from%3A%7Cx_object_id%3A1005003314471032%7C_p_origin_prod%3A
XHZC 3mm 4mm 5mm Frame Housing Waterproof Adhesive Assisting Mounting Push Wheel For Phone Repair Tool,$0.99 ,"https://ae-pic-a1.aliexpress-media.com/kf/S9e10ed9eff8f4a27855f1bb177dd0760l.jpg_220x220q75.jpg_.avif,https://ae-pic-a1.aliexpress-media.com/kf/S9e10ed9eff8f4a27855f1bb177dd0760l.jpg_220x220q75.jpg_.avif,https://ae-pic-a1.aliexpress-media.com/kf/S2489d9fd533b4d2d8dea1c02a73ade34Y.jpg_220x220q75.jpg_.avif,https://ae-pic-a1.aliexpress-media.com/kf/S43a24e2f8e1748ef89f05f0f1fdf2d7eg.jpg_220x220q75.jpg_.avif,https://ae-pic-a1.aliexpress-media.com/kf/Sfed3a9cc94e442279194ae3ab22dc356f.png_220x220.png_.avif","['High-concerned chemical', 'None', 'Pieces Included', '1', 'Material', 'Other', 'Origin', 'Mainland China']",https://www.aliexpress.us/item/3256808830957835.html?algo_pvid=42130b6d-1885-4cd3-88c6-0019248cf6c1&algo_exp_id=42130b6d-1885-4cd3-88c6-0019248cf6c1-44&pdp_ext_f=%7B%22order%22%3A%22150%22%2C%22eval%22%3A%221%22%2C%22fromPage%22%3A%22search%22%7D&pdp_npi=6%40dis%21USD%218.89%210.99%21%21%2160.35%216.72%21%40210156fc17768934824755834e3882%2112000047593972922%21sea%21US%210%21ABX%211%210%21n_tag%3A-29910%3Bd%3A7753d89f%3Bm03_new_user%3A-29895%3BpisId%3A5000000203537387&curPageLogUid=epGIuUUf0uET&utparam-url=scene%3Asearch%7Cquery_from%3A%7Cx_object_id%3A1005009017272587%7C_p_origin_prod%3A
LUOWEI LW-K1 Chip Hard Disk Glue Remover Knife Set Elaborate Balance Hard Soft CPU Glue Pry Knife Quick Disassembly Blade,$4.51 ,"https://ae-pic-a1.aliexpress-media.com/kf/Sb38bb63c2a0945089c83606771c3e91b5.jpg_220x220q75.jpg_.avif,https://ae-pic-a1.aliexpress-media.com/kf/S238fbd8e255441f88e0ac2909eb3d3b0l.jpg_220x220q75.jpg_.avif,https://ae-pic-a1.aliexpress-media.com/kf/Safa20d3ff580403f8e02db1b15d0166dL.jpg_220x220q75.jpg_.avif,https://ae-pic-a1.aliexpress-media.com/kf/S719a483aba1945fdb336e9ff8076148aM.jpg_220x220q75.jpg_.avif,https://ae-pic-a1.aliexpress-media.com/kf/S09a1b8118b3642ea9c3e214dfff922aeU.jpg_220x220q75.jpg_.avif","['High-concerned chemical', 'None', 'Model Number', 'LW-K1', 'Pieces Included', '1', 'Material', 'Other', 'Origin', 'Mainland China', 'model', 'LW-K1', 'name', 'Chip/hard drive removal glue knife', 'product', '129*7.9mm', 'packaging', '147*61*20mm', 'Gross/net weight', '39g/18g', 'function', 'Mobile phone motherboard chip repair']",https://www.aliexpress.us/item/3256808557256469.html?algo_pvid=42130b6d-1885-4cd3-88c6-0019248cf6c1&algo_exp_id=42130b6d-1885-4cd3-88c6-0019248cf6c1-45&pdp_ext_f=%7B%22order%22%3A%22150%22%2C%22eval%22%3A%221%22%2C%22fromPage%22%3A%22search%22%7D&pdp_npi=6%40dis%21USD%215.01%214.51%21%21%215.01%214.51%21%40210156fc17768934824755834e3882%2112000046484751807%21sea%21US%210%21ABX%211%210%21n_tag%3A-29910%3Bd%3A7753d89f%3Bm03_new_user%3A-29895%3BpisId%3A5000000204886261&curPageLogUid=xwGF9P2SENug&utparam-url=scene%3Asearch%7Cquery_from%3A%7Cx_object_id%3A1005008743571221%7C_p_origin_prod%3A
MKSD Ultra V5.7 with 5G mode QPE-ESIM pro For IP6 to 16promax,$5.75 ,"https://ae-pic-a1.aliexpress-media.com/kf/S8a2b8d0d5c9745cb96c2519a61d82da5v.jpg_220x220q75.jpg_.avif,https://ae-pic-a1.aliexpress-media.com/kf/Sa35b1715445d43eb833ad79d4ecb09d88.jpg_220x220q75.jpg_.avif,https://ae-pic-a1.aliexpress-media.com/kf/S4cf5533a70be489ba16785f1c0f0f19c8.jpg_220x220q75.jpg_.avif,https://ae-pic-a1.aliexpress-media.com/kf/S458229b21ba149adbae7f113734b2ab1R.jpg_220x220q75.jpg_.avif,https://ae-pic-a1.aliexpress-media.com/kf/S09ec6e4712d349e09fac3f1f33c5c916w.jpg_220x220q75.jpg_.avif","['High-concerned chemical', 'None', 'With Magnetic', 'No', 'Model Number', 'MKSD Ultra V5.7', 'Pieces Included', '1', 'Material', 'Other', 'Origin', 'Mainland China', 'Name', 'MKSD Ultra V5.7']",https://www.aliexpress.us/item/3256805607022499.html?algo_pvid=42130b6d-1885-4cd3-88c6-0019248cf6c1&algo_exp_id=42130b6d-1885-4cd3-88c6-0019248cf6c1-46&pdp_ext_f=%7B%22order%22%3A%22150%22%2C%22eval%22%3A%221%22%2C%22fromPage%22%3A%22search%22%7D&pdp_npi=6%40dis%21USD%216.25%215.75%21%21%216.25%215.75%21%40210156fc17768934824755834e3882%2112000034411019589%21sea%21US%210%21ABX%211%210%21n_tag%3A-29910%3Bd%3A7753d89f%3Bm03_new_user%3A-29895%3BpisId%3A5000000204886261&curPageLogUid=Dnt80N0ssWy2&utparam-url=scene%3Asearch%7Cquery_from%3A%7Cx_object_id%3A1005005793337251%7C_p_origin_prod%3A
"JCID JC V1SE V1S PRO Newest Programmer with Full Set Board,For LCD True Tone Photosensitive Face ID Fingerprint Battery Repair",$131.50 ,"https://ae-pic-a1.aliexpress-media.com/kf/S305b2ca604d84fe6a36308e49bb40cc9j.png?has_lang=1&ver=1_220x220.png_.avif,https://ae-pic-a1.aliexpress-media.com/kf/Sa0794eafeb884ea08040c69d7a66bdb01.png?has_lang=1&ver=1_220x220.png_.avif,https://ae-pic-a1.aliexpress-media.com/kf/S7925843547074e0696e4c3ecc2f37853Y.jpg?has_lang=1&ver=1_220x220q75.jpg_.avif,https://ae-pic-a1.aliexpress-media.com/kf/S8c3be101c8a3440b9d221c0e989e0829t.jpg?has_lang=1&ver=1_220x220q75.jpg_.avif,https://ae-pic-a1.aliexpress-media.com/kf/S9fcecf8227764d938495568757bdb092s.jpg?has_lang=1&ver=1_220x220q75.jpg_.avif","['High-concerned chemical', 'None', 'With Magnetic', 'No', 'Pieces Included', '1', 'Material', 'Other', 'Origin', 'Mainland China', 'Support', 'For V1S Pro/V1SE', 'Package', '1 pcs/bag']",https://www.aliexpress.us/item/3256808802464980.html?algo_pvid=42130b6d-1885-4cd3-88c6-0019248cf6c1&algo_exp_id=42130b6d-1885-4cd3-88c6-0019248cf6c1-47&pdp_ext_f=%7B%22order%22%3A%22149%22%2C%22eval%22%3A%221%22%2C%22fromPage%22%3A%22search%22%7D&pdp_npi=6%40dis%21USD%21132.00%21131.50%21%21%21132.00%21131.50%21%40210156fc17768934824755834e3882%2112000047482945299%21sea%21US%210%21ABX%211%210%21n_tag%3A-29910%3Bd%3A7753d89f%3Bm03_new_user%3A-29895%3BpisId%3A5000000204886261&curPageLogUid=Q0sQGifvqwXM&utparam-url=scene%3Asearch%7Cquery_from%3A%7Cx_object_id%3A1005008988779732%7C_p_origin_prod%3A
YCS Mr.Yang 3S UV Curing Black Oil Solder Mask for Mobile Phone Motherboard PCB Jump Wire - Quick-Drying 3-Second Curing Tool,$0.99 ,"https://ae-pic-a1.aliexpress-media.com/kf/S3f2e4e953a414b19b6f143f2b19aade3S.jpg?has_lang=1&ver=1_220x220q75.jpg_.avif,https://ae-pic-a1.aliexpress-media.com/kf/S2db3f3a415dc402a8ae9ee4b0d21c7b1I.jpg?has_lang=1&ver=1_220x220q75.jpg_.avif,https://ae-pic-a1.aliexpress-media.com/kf/S0b31e407cdfe42e1afda2a093adbbdf7q.jpg?has_lang=1&ver=1_220x220q75.jpg_.avif,https://ae-pic-a1.aliexpress-media.com/kf/Sd50ebf5182d84f35bc342416f81eed5bG.jpg?has_lang=1&ver=1_220x220q75.jpg_.avif,https://ae-pic-a1.aliexpress-media.com/kf/Sdb967a5561ad4bb9b476ec03094e1ca9e.jpg?has_lang=1&ver=1_220x220q75.jpg_.avif","['High-concerned chemical', 'None', 'Pieces Included', '1in1', 'Material', 'Other', 'Origin', 'Mainland China']",https://www.aliexpress.us/item/3256810236576921.html?algo_pvid=42130b6d-1885-4cd3-88c6-0019248cf6c1&algo_exp_id=42130b6d-1885-4cd3-88c6-0019248cf6c1-48&pdp_ext_f=%7B%22order%22%3A%22148%22%2C%22eval%22%3A%221%22%2C%22fromPage%22%3A%22search%22%7D&pdp_npi=6%40dis%21USD%218.36%210.99%21%21%2156.77%216.75%21%40210156fc17768934824755834e3882%2112000052363263565%21sea%21US%210%21ABX%211%210%21n_tag%3A-29910%3Bd%3A7753d89f%3Bm03_new_user%3A-29895%3BpisId%3A5000000203537387&curPageLogUid=Ice3Vz7qHxW2&utparam-url=scene%3Asearch%7Cquery_from%3A%7Cx_object_id%3A1005010422891673%7C_p_origin_prod%3A
OSS T12 T12-X Plus Soldering Tip BLS/BJS/SKUS/KU/SUK/LS/ILS Tip For T12 Series Soldering Station High Quality Hard Tips Tools,$4.85 ,"https://ae-pic-a1.aliexpress-media.com/kf/S13e064ee71cf45508368b7b3f01648ffO.jpg_220x220q75.jpg_.avif,https://ae-pic-a1.aliexpress-media.com/kf/S13e064ee71cf45508368b7b3f01648ffO.jpg_220x220q75.jpg_.avif,https://ae-pic-a1.aliexpress-media.com/kf/S0e3c9f9ad389405cb545cddea81e45c85.jpg_220x220q75.jpg_.avif,https://ae-pic-a1.aliexpress-media.com/kf/S1fd58a198ba24dd6a0110bb0048149b1e.jpg_220x220q75.jpg_.avif,https://ae-pic-a1.aliexpress-media.com/kf/Sd528c23e86944d9eb9530080b9a44316a.jpg_220x220q75.jpg_.avif","['High-concerned chemical', 'None', 'With Magnetic', 'No', 'Model Number', 'OSS Team T12 Tips', 'Pieces Included', '1', 'Material', 'Chrome Vanadium Steel', 'Brand Name', 'NoEnName_Null', 'Origin', 'Mainland China']",https://www.aliexpress.us/item/3256807378435772.html?algo_pvid=42130b6d-1885-4cd3-88c6-0019248cf6c1&algo_exp_id=42130b6d-1885-4cd3-88c6-0019248cf6c1-49&pdp_ext_f=%7B%22order%22%3A%22148%22%2C%22eval%22%3A%221%22%2C%22fromPage%22%3A%22search%22%7D&pdp_npi=6%40dis%21USD%215.35%214.85%21%21%2136.29%2132.90%21%40210156fc17768934824755834e3882%2112000041317520275%21sea%21US%210%21ABX%211%210%21n_tag%3A-29910%3Bd%3A7753d89f%3Bm03_new_user%3A-29895%3BpisId%3A5000000204886261&curPageLogUid=m9imyUDXlKLf&utparam-url=scene%3Asearch%7Cquery_from%3A%7Cx_object_id%3A1005007564750524%7C_p_origin_prod%3A
AMAOE For Samsung SAM1 SAM21 BGA Reballing Stencil Tin Planting Soldering S8 S9 S10 S20 S24 S25 Ultra Note 20 Repair Tool,$3.53 ,"https://ae-pic-a1.aliexpress-media.com/kf/S4b89e141d52d41f6906ace9ee590b742t.jpg_220x220q75.jpg_.avif,https://ae-pic-a1.aliexpress-media.com/kf/Sf8ea4f49944540e2ad0486f93dc42a60W.jpg_220x220q75.jpg_.avif,https://ae-pic-a1.aliexpress-media.com/kf/S0ae08e1a9a2f4e7d92490392027c4608T.jpg_220x220q75.jpg_.avif,https://ae-pic-a1.aliexpress-media.com/kf/S950bb5d1995a4051b5ac6912dffd7841q.jpg_220x220q75.jpg_.avif,https://ae-pic-a1.aliexpress-media.com/kf/Sfe9dc81e5c9447a1998dce2ec611198eX.jpg_220x220q75.jpg_.avif","['High-concerned chemical', 'None', 'Pieces Included', '1', 'Material', 'Other', 'Origin', 'Mainland China']",https://www.aliexpress.us/item/3256807338727874.html?algo_pvid=42130b6d-1885-4cd3-88c6-0019248cf6c1&algo_exp_id=42130b6d-1885-4cd3-88c6-0019248cf6c1-50&pdp_ext_f=%7B%22order%22%3A%22147%22%2C%22eval%22%3A%221%22%2C%22fromPage%22%3A%22search%22%7D&pdp_npi=6%40dis%21USD%214.03%213.53%21%21%2127.34%2123.95%21%40210156fc17768934824755834e3882%2112000041145909405%21sea%21US%210%21ABX%211%210%21n_tag%3A-29910%3Bd%3A7753d89f%3Bm03_new_user%3A-29895%3BpisId%3A5000000204886261&curPageLogUid=lWjs61QRJ0Ls&utparam-url=scene%3Asearch%7Cquery_from%3A%7Cx_object_id%3A1005007525042626%7C_p_origin_prod%3A
All-Aluminum Flux Solder Paste Scraper Spudger Knife Stainless Steel Blade Repair Ccraper BGA Tools,$2.28 ,"https://ae-pic-a1.aliexpress-media.com/kf/H874263118e47430ebf522472a659d910p.jpg_220x220q75.jpg_.avif,https://ae-pic-a1.aliexpress-media.com/kf/H98483963eb474815877eff3318eae3abD.jpg_220x220q75.jpg_.avif,https://ae-pic-a1.aliexpress-media.com/kf/Hf7c1f6a5fd374291988abcc55107cced0.jpg_220x220q75.jpg_.avif,https://ae-pic-a1.aliexpress-media.com/kf/H26e2d8e6fa104d0daae91b1f17786b551.jpg_220x220q75.jpg_.avif,https://ae-pic-a1.aliexpress-media.com/kf/Hb376f5326b4b4d668b6eee203a5e710cG.jpg_220x220q75.jpg_.avif","['High-concerned chemical', 'None', 'With Magnetic', 'No', 'Model Number', 'All-Aluminum Flux Solder Paste Scraper', 'Pieces Included', '1', 'Material', 'Other', 'Origin', 'Mainland China', 'Material', 'All-Aluminum', 'Name', 'All-Aluminum Flux Solder Paste Scraper', 'Typle', 'BGA repair Tools', 'Color', 'Silver', 'Apply to', 'For laptop Mobile iphone motherboard BGA IC Chip Repair']",https://www.aliexpress.us/item/3256803036479223.html?algo_pvid=42130b6d-1885-4cd3-88c6-0019248cf6c1&algo_exp_id=42130b6d-1885-4cd3-88c6-0019248cf6c1-51&pdp_ext_f=%7B%22order%22%3A%22147%22%2C%22eval%22%3A%221%22%2C%22fromPage%22%3A%22search%22%7D&pdp_npi=6%40dis%21USD%212.78%212.28%21%21%212.78%212.28%21%40210156fc17768934824755834e3882%2112000024729775779%21sea%21US%210%21ABX%211%210%21n_tag%3A-29910%3Bd%3A7753d89f%3Bm03_new_user%3A-29895%3BpisId%3A5000000204886261&curPageLogUid=xBY1nSrL8kWd&utparam-url=scene%3Asearch%7Cquery_from%3A%7Cx_object_id%3A1005003222793975%7C_p_origin_prod%3A
4-16pcs Universal Screen Clip Fixture Tools Phone Screen Repair Kit Adjustable LCD Screen Fastening Clamp For iPhone iPad Tablet,$0.99 ,"https://ae-pic-a1.aliexpress-media.com/kf/S7571ea45ce95419a99963d922b5e214cc.jpg_220x220q75.jpg_.avif,https://ae-pic-a1.aliexpress-media.com/kf/S8109e7f847fd467ca547048dc9eb263bO.jpg_220x220q75.jpg_.avif,https://ae-pic-a1.aliexpress-media.com/kf/S41a30a241f8440309f390eb61b797425c.jpg_220x220q75.jpg_.avif,https://ae-pic-a1.aliexpress-media.com/kf/S7c2b67d1736b4ae3982450e6c2a40454R.jpg_220x220q75.jpg_.avif,https://ae-pic-a1.aliexpress-media.com/kf/S338ce2581d5d47928810cfe9a7c53727d.jpg_220x220q75.jpg_.avif","['High-concerned chemical', 'None', 'Pieces Included', '8 in 1', 'Material', 'Plastic', 'Origin', 'Mainland China']",https://www.aliexpress.us/item/3256809992584922.html?algo_pvid=42130b6d-1885-4cd3-88c6-0019248cf6c1&algo_exp_id=42130b6d-1885-4cd3-88c6-0019248cf6c1-52&pdp_ext_f=%7B%22order%22%3A%22146%22%2C%22eval%22%3A%221%22%2C%22fromPage%22%3A%22search%22%7D&pdp_npi=6%40dis%21USD%2110.51%210.99%21%21%2171.36%216.73%21%40210156fc17768934824755834e3882%2112000051417761428%21sea%21US%210%21ABX%211%210%21n_tag%3A-29910%3Bd%3A7753d89f%3Bm03_new_user%3A-29895%3BpisId%3A5000000203537387&curPageLogUid=mFtMfeGMr7LM&utparam-url=scene%3Asearch%7Cquery_from%3A%7Cx_object_id%3A1005010178899674%7C_p_origin_prod%3A
4-16PCS Universal Fixture Clamp Holder Adjustable Mobile Phone Repair Tool LCD Display Screen Fastening Fixing Clip Tablet Tools,$4.51 ,"https://ae-pic-a1.aliexpress-media.com/kf/Sbab836d557be47c3b4918fc041b3aa13O.jpg?has_lang=1&ver=1_220x220q75.jpg_.avif,https://ae-pic-a1.aliexpress-media.com/kf/S9a854ee665dd494e9f70e469fa43ee57Q.jpg?has_lang=1&ver=1_220x220q75.jpg_.avif,https://ae-pic-a1.aliexpress-media.com/kf/S1532b766fac540cda1365223b662a21a8.jpg?has_lang=1&ver=1_220x220q75.jpg_.avif,https://ae-pic-a1.aliexpress-media.com/kf/Sc233d3ec081644feae8c3fdf2ff7499d2.jpg_220x220q75.jpg_.avif,https://ae-pic-a1.aliexpress-media.com/kf/S60d883fc387f4532b0b35740dcddf1d4l.jpg?has_lang=1&ver=1_220x220q75.jpg_.avif","['High-concerned chemical', 'None', 'Pieces Included', '8 in 1', 'Material', 'Plastic', 'Origin', 'Mainland China']",https://www.aliexpress.us/item/3256810109267618.html?algo_pvid=42130b6d-1885-4cd3-88c6-0019248cf6c1&algo_exp_id=42130b6d-1885-4cd3-88c6-0019248cf6c1-53&pdp_ext_f=%7B%22order%22%3A%22145%22%2C%22eval%22%3A%221%22%2C%22fromPage%22%3A%22search%22%7D&pdp_npi=6%40dis%21USD%2110.23%214.51%21%21%2169.43%2130.63%21%40210156fc17768934824755834e3882%2112000051828201569%21sea%21US%210%21ABX%211%210%21n_tag%3A-29910%3Bd%3A7753d89f%3Bm03_new_user%3A-29895%3BpisId%3A5000000204886261&curPageLogUid=DVIpFjpD5P8d&utparam-url=scene%3Asearch%7Cquery_from%3A%7Cx_object_id%3A1005010295582370%7C_p_origin_prod%3A
Original Samsun Z Flip 5 F731 Motherboard Connector Hinge Flex Flip 1 2 3 4 5 6 7 F707 F711 F721 F741 LCD Spin Axis Flex Cable,$4.50 ,"https://ae-pic-a1.aliexpress-media.com/kf/S26627e91a00248f687c54588d7b3c0a2l.jpg_220x220q75.jpg_.avif,https://ae-pic-a1.aliexpress-media.com/kf/S91c8bf2dd2b347a19346a491827c0f3do.jpg_220x220q75.jpg_.avif,https://ae-pic-a1.aliexpress-media.com/kf/S0f2cc2d6019740e484f45f75a273b1110.jpg_220x220q75.jpg_.avif,https://ae-pic-a1.aliexpress-media.com/kf/S922b91b750664191afb1edcbeb22252eG.jpg_220x220q75.jpg_.avif,https://ae-pic-a1.aliexpress-media.com/kf/S55f321e8f4d9454cab225a9122ece391m.jpg_220x220q75.jpg_.avif","['High-concerned chemical', 'None', 'With Magnetic', 'No', 'Pieces Included', '1', 'Material', 'Other', 'Origin', 'Mainland China', 'name', 'Motherboard Connector Flex Cable', 'Quality', 'original flex', 'use', 'For Samsung Z Flip 1 2 3 4 5 6 7', 'support', 'F700 F707 F711 F721 F731 F741', 'Package', '1pcs', 'model', 'LCD Display Connector Flex Cable']",https://www.aliexpress.us/item/3256806985504822.html?algo_pvid=42130b6d-1885-4cd3-88c6-0019248cf6c1&algo_exp_id=42130b6d-1885-4cd3-88c6-0019248cf6c1-54&pdp_ext_f=%7B%22order%22%3A%22145%22%2C%22eval%22%3A%221%22%2C%22fromPage%22%3A%22search%22%7D&pdp_npi=6%40dis%21USD%215.00%214.50%21%21%215.00%214.50%21%40210156fc17768934824755834e3882%2112000042827623198%21sea%21US%210%21ABX%211%210%21n_tag%3A-29910%3Bd%3A7753d89f%3Bm03_new_user%3A-29895%3BpisId%3A5000000204886261&curPageLogUid=itM1MUBHi6ZS&utparam-url=scene%3Asearch%7Cquery_from%3A%7Cx_object_id%3A1005007171819574%7C_p_origin_prod%3A
2pcs XHZC LCD Alignment With Frame Mold + Silicone Black Pad Mat For iPhone 12 Mini 13 Pro Max 14 Plus 15 Promax OCA Lamination,$10.61 ,"https://ae-pic-a1.aliexpress-media.com/kf/Sa600ca4ec7114e07a1f74d3fe69e45f0S.jpg_220x220q75.jpg_.avif,https://ae-pic-a1.aliexpress-media.com/kf/Scfa6114d4fa74644a10e6efcdd7f358dV.jpg_220x220q75.jpg_.avif,https://ae-pic-a1.aliexpress-media.com/kf/Sdb127e5287674af5b601246b589a3bd82.jpg_220x220q75.jpg_.avif,https://ae-pic-a1.aliexpress-media.com/kf/S65e550e17ddb4dfaa7962abb0c300af2l.jpg_220x220q75.jpg_.avif,https://ae-pic-a1.aliexpress-media.com/kf/S999d5bc801c046deb92fe7759c64b3efA.jpg_220x220q75.jpg_.avif","['High-concerned chemical', 'None', 'Pieces Included', '1', 'Material', 'Other', 'Origin', 'Mainland China']",https://www.aliexpress.us/item/3256804772901757.html?algo_pvid=42130b6d-1885-4cd3-88c6-0019248cf6c1&algo_exp_id=42130b6d-1885-4cd3-88c6-0019248cf6c1-55&pdp_ext_f=%7B%22order%22%3A%22145%22%2C%22eval%22%3A%221%22%2C%22fromPage%22%3A%22search%22%7D&pdp_npi=6%40dis%21USD%2111.11%2110.61%21%21%2175.42%2172.03%21%40210156fc17768934824755834e3882%2112000031157479726%21sea%21US%210%21ABX%211%210%21n_tag%3A-29910%3Bd%3A7753d89f%3Bm03_new_user%3A-29895%3BpisId%3A5000000204886261&curPageLogUid=zj58x2OONgzF&utparam-url=scene%3Asearch%7Cquery_from%3A%7Cx_object_id%3A1005004959216509%7C_p_origin_prod%3A
Qianli iCopy Plus 2.3v 2025 LCD Ture Tone Virbrator EEPROM Programmer Battery Testing Board Headset For iPhone 7- 11 12Pro Max,$111.99 ,"https://ae-pic-a1.aliexpress-media.com/kf/Sf51d3b0b81bf4cdc9035ada4ee7d8254m.jpg_220x220q75.jpg_.avif,https://ae-pic-a1.aliexpress-media.com/kf/Sf51d3b0b81bf4cdc9035ada4ee7d8254m.jpg_220x220q75.jpg_.avif,https://ae-pic-a1.aliexpress-media.com/kf/S6172bddbb45441709843f051fc5958cfO.jpg_220x220q75.jpg_.avif,https://ae-pic-a1.aliexpress-media.com/kf/S1035169eadab4a03852bab27e41a8305e.jpg_220x220q75.jpg_.avif,https://ae-pic-a1.aliexpress-media.com/kf/S8efe37c44afe410792cdf0fc358a73e44.jpg_220x220q75.jpg_.avif","['High-concerned chemical', 'None', 'Pieces Included', '6 in 1', 'Material', 'Other', 'Origin', 'Mainland China', 'Brand Name', 'MITEKO', 'Product Brand', 'Qianli', 'Product Name', 'Qianli iCopy Plus Board Models', 'Store Options for Product', 'Battery board (1),Battery board 11 12,Detection Connection Board,Display & Touch Board.', 'Support Models', 'For iPhone 7G 7P 8G 8P X XS XR XSMAX 11 11Pro 11Promax', 'Support Languages', 'Chinese Spanish English', 'Latest Support Models', 'For 6 to 12 series', 'DIY Supplies', 'Electrical', 'Application 1', 'Computer Tool Kit', 'Application 2', 'Vibration Primary']",https://www.aliexpress.us/item/3256803318673232.html?algo_pvid=42130b6d-1885-4cd3-88c6-0019248cf6c1&algo_exp_id=42130b6d-1885-4cd3-88c6-0019248cf6c1-56&pdp_ext_f=%7B%22order%22%3A%22144%22%2C%22eval%22%3A%221%22%2C%22fromPage%22%3A%22search%22%7D&pdp_npi=6%40dis%21USD%21112.49%21111.99%21%21%21112.49%21111.99%21%40210156fc17768934824755834e3882%2112000027583871407%21sea%21US%210%21ABX%211%210%21n_tag%3A-29910%3Bd%3A7753d89f%3Bm03_new_user%3A-29895%3BpisId%3A5000000204886261&curPageLogUid=JXxZWg1BGSv1&utparam-url=scene%3Asearch%7Cquery_from%3A%7Cx_object_id%3A1005003504987984%7C_p_origin_prod%3A
Magnetic Precision Slotted Screwdriver Bit Mobile Phone Disassemble Opening Tool For iPhone For Samsung HuaWei Xiaomi Repair Kit,$3.44 ,"https://ae-pic-a1.aliexpress-media.com/kf/Sabb5000fab2a41978c1a1259e2a47865J.jpg_220x220q75.jpg_.avif,https://ae-pic-a1.aliexpress-media.com/kf/Sb380a3749f8146c7bc5d913571474065r.jpg_220x220q75.jpg_.avif,https://ae-pic-a1.aliexpress-media.com/kf/S771fd7bf0fd94092b65008fa4a5fe227v.jpg_220x220q75.jpg_.avif,https://ae-pic-a1.aliexpress-media.com/kf/Se75caf3781634acfa527a2803cb80d2f3.jpg_220x220q75.jpg_.avif,https://ae-pic-a1.aliexpress-media.com/kf/Sbf31609e793d4a60b8410e24ab8cd2f2i.jpg_220x220q75.jpg_.avif","['High-concerned chemical', 'None', 'With Magnetic', 'Yes', 'Model Number', 'For Smartphone', 'Pieces Included', '6 in 1', 'Material', 'Other', 'Brand Name', 'E-KINLIN', 'Origin', 'Mainland China', 'Type', 'Smartphone Disassemble Screwdriver Set']",https://www.aliexpress.us/item/3256801683875355.html?algo_pvid=42130b6d-1885-4cd3-88c6-0019248cf6c1&algo_exp_id=42130b6d-1885-4cd3-88c6-0019248cf6c1-58&pdp_ext_f=%7B%22order%22%3A%22142%22%2C%22eval%22%3A%221%22%2C%22fromPage%22%3A%22search%22%7D&pdp_npi=6%40dis%21USD%213.94%213.44%21%21%213.94%213.44%21%40210156fc17768934824755834e3882%2112000017951321260%21sea%21US%210%21ABX%211%210%21n_tag%3A-29910%3Bd%3A7753d89f%3Bm03_new_user%3A-29895%3BpisId%3A5000000204886261&curPageLogUid=BIa0W1eJMIXh&utparam-url=scene%3Asearch%7Cquery_from%3A%7Cx_object_id%3A1005001870190107%7C_p_origin_prod%3A
All Boot Cable (EASY SWITCHING) Micro USB RJ45 All In One Multifunction Boot Cable Edl Cable,$14.34 ,"https://ae-pic-a1.aliexpress-media.com/kf/Ha5859f6920b342a9acbf7fc8b78d7d2bR.jpg_220x220q75.jpg_.avif,https://ae-pic-a1.aliexpress-media.com/kf/Ha5859f6920b342a9acbf7fc8b78d7d2bR.jpg_220x220q75.jpg_.avif,https://ae-pic-a1.aliexpress-media.com/kf/H588f7783996749a091794db0a1a38426U.jpg_220x220q75.jpg_.avif,https://ae-pic-a1.aliexpress-media.com/kf/H624f8ac2f3a443a4862191ba5d083a4di.jpg_220x220q75.jpg_.avif,https://ae-pic-a1.aliexpress-media.com/kf/Hac403c77c8264179b73b37431ec2bb2ck.jpg_220x220q75.jpg_.avif","['High-concerned chemical', 'None', 'With Magnetic', 'No', 'Model Number', 'UMF BOOT CABLE', 'Pieces Included', '1', 'Material', 'Other', 'Brand Name', 'gsmjustoncct', 'Origin', 'Mainland China']",https://www.aliexpress.us/item/2255800731230636.html?algo_pvid=42130b6d-1885-4cd3-88c6-0019248cf6c1&algo_exp_id=42130b6d-1885-4cd3-88c6-0019248cf6c1-59&pdp_ext_f=%7B%22order%22%3A%22142%22%2C%22eval%22%3A%221%22%2C%22fromPage%22%3A%22search%22%7D&pdp_npi=6%40dis%21USD%2117.88%2114.34%21%21%2117.88%2114.34%21%40210156fc17768934824755834e3882%2112000046396578084%21sea%21US%210%21ABX%211%210%21n_tag%3A-29910%3Bd%3A7753d89f%3Bm03_new_user%3A-29895%3BpisId%3A5000000204886261&curPageLogUid=LSrXLa9W0rtK&utparam-url=scene%3Asearch%7Cquery_from%3A%7Cx_object_id%3A4000917545388%7C_p_origin_prod%3A
UNLOCKTOOL License Renewal for 3/6/12 Months - unlock tool Powerful Android Repairing Tools,$0.99 ,"https://ae-pic-a1.aliexpress-media.com/kf/S305b5e03129a44fda5978020be52d42eo.jpg_220x220q75.jpg_.avif,https://ae-pic-a1.aliexpress-media.com/kf/S305b5e03129a44fda5978020be52d42eo.jpg_220x220q75.jpg_.avif,https://ae-pic-a1.aliexpress-media.com/kf/Scd23e941c58a49d8a12e8cad242174b0i.jpg_220x220q75.jpg_.avif,https://ae-pic-a1.aliexpress-media.com/kf/S0ee92a119eb64ca4b9cd9ecb97f7e6b8W.jpg_220x220q75.jpg_.avif,https://ae-pic-a1.aliexpress-media.com/kf/Saa0baa5921a542fb9c3f34d9173cdf26V.jpg_220x220q75.jpg_.avif","['High-concerned chemical', 'None', 'With Magnetic', 'No', 'Pieces Included', '1', 'Material', 'Other', 'Origin', 'Mainland China', 'type', 'UNLOCKTOOL LICENSE New/Renew', 'type 1', 'UNLOCKTOOL.net', 'type 2', 'UNLOCK TOOL']",https://www.aliexpress.us/item/3256811610906662.html?algo_pvid=6f9ca26c-cf42-4294-9b9a-dc80f2ea5004&algo_exp_id=6f9ca26c-cf42-4294-9b9a-dc80f2ea5004-0&pdp_ext_f=%7B%22order%22%3A%22141%22%2C%22eval%22%3A%221%22%2C%22fromPage%22%3A%22search%22%7D&pdp_npi=6%40dis%21USD%2111.53%210.99%21%21%2178.28%216.71%21%4021015b7d17768939358838784e8cef%2112000056594510530%21sea%21US%210%21ABX%211%210%21n_tag%3A-29910%3Bd%3A7753d89f%3Bm03_new_user%3A-29895%3BpisId%3A5000000203537387&curPageLogUid=O1Fhklf4VlI0&utparam-url=scene%3Asearch%7Cquery_from%3A%7Cx_object_id%3A1005011797221414%7C_p_origin_prod%3A
4pcs Adjustable Metal Clip Universal Phone Repair Tool LCD Display Screen Fastening Fixture Holder Clamp,$0.99 ,"https://ae-pic-a1.aliexpress-media.com/kf/Sdb0ff0bd587842659b0dcb196320d24aj.jpg_220x220q75.jpg_.avif,https://ae-pic-a1.aliexpress-media.com/kf/S79c50fb672e5441e99bb4396cdbd74aac.jpg_220x220q75.jpg_.avif,https://ae-pic-a1.aliexpress-media.com/kf/S4a798d4f249a41e282279e9b7b40f8f6i.jpg_220x220q75.jpg_.avif,https://ae-pic-a1.aliexpress-media.com/kf/Scdddbbe4f5d242cebe358804fd741e78n.jpg_220x220q75.jpg_.avif,https://ae-pic-a1.aliexpress-media.com/kf/Sea0e4c88500649e282ec6de695791cfcs.jpg_220x220q75.jpg_.avif","['High-concerned chemical', 'None', 'Pieces Included', '1', 'Material', 'Other', 'Origin', 'Mainland China', 'item number', 'TE-798', 'material', 'alloy steel', 'Model', 'TE-798', 'Specifications', 'Boxed 58 * 63 * 20mm']",https://www.aliexpress.us/item/3256807301522572.html?algo_pvid=6f9ca26c-cf42-4294-9b9a-dc80f2ea5004&algo_exp_id=6f9ca26c-cf42-4294-9b9a-dc80f2ea5004-1&pdp_ext_f=%7B%22order%22%3A%22141%22%2C%22eval%22%3A%221%22%2C%22fromPage%22%3A%22search%22%7D&pdp_npi=6%40dis%21USD%216.85%210.99%21%21%2146.49%216.71%21%4021015b7d17768939358838784e8cef%2112000040978102934%21sea%21US%210%21ABX%211%210%21n_tag%3A-29910%3Bd%3A7753d89f%3Bm03_new_user%3A-29895%3BpisId%3A5000000203537387&curPageLogUid=9HzRh1K5cL6X&utparam-url=scene%3Asearch%7Cquery_from%3A%7Cx_object_id%3A1005007487837324%7C_p_origin_prod%3A
6PCS ESD Anti-Static Stainless Steel Tweezers Precision Maintenance Industrial Repair Curved Home Working Hand Phone Watch Tool,$3.66 ,"https://ae-pic-a1.aliexpress-media.com/kf/Se22e21d98d114ceba270a05c96b164f05.jpg_220x220q75.jpg_.avif,https://ae-pic-a1.aliexpress-media.com/kf/S7fea4e97db954a0eae7bce2cfd11a409i.jpg_220x220q75.jpg_.avif,https://ae-pic-a1.aliexpress-media.com/kf/S6c88b226250646c2b642e7ad86151f0cS.jpg_220x220q75.jpg_.avif,https://ae-pic-a1.aliexpress-media.com/kf/Sbd6b02d5055b4ed69b3bb1a61e4b81c6r.jpg_220x220q75.jpg_.avif,https://ae-pic-a1.aliexpress-media.com/kf/S2a61e1d3eaf445868cfa6082c33bf087d.jpg_220x220q75.jpg_.avif","['With Magnetic', 'No', 'Model Number', '#64', 'Pieces Included', '6 in 1', 'Material', 'High Carbon Steel', 'Origin', 'Mainland China']",https://www.aliexpress.us/item/3256805122189578.html?algo_pvid=6f9ca26c-cf42-4294-9b9a-dc80f2ea5004&algo_exp_id=6f9ca26c-cf42-4294-9b9a-dc80f2ea5004-52&pdp_ext_f=%7B%22order%22%3A%22141%22%2C%22eval%22%3A%221%22%2C%22fromPage%22%3A%22search%22%7D&pdp_npi=6%40dis%21USD%214.16%213.66%21%21%2128.25%2124.86%21%4021015b7d17768939358838784e8cef%2112000032575385242%21sea%21US%210%21ABX%211%210%21n_tag%3A-29910%3Bd%3A7753d89f%3Bm03_new_user%3A-29895%3BpisId%3A5000000204886261&curPageLogUid=1IOErx88LT8E&utparam-url=scene%3Asearch%7Cquery_from%3A%7Cx_object_id%3A1005005308504330%7C_p_origin_prod%3A
MIPI ISP free all users Support Gear2 Plus MiNi Pro,$15.09 ,"https://ae-pic-a1.aliexpress-media.com/kf/Sf33b62bc2cb24e57987a1128a1f4ee56c.jpg_220x220q75.jpg_.avif,https://ae-pic-a1.aliexpress-media.com/kf/Sf33b62bc2cb24e57987a1128a1f4ee56c.jpg_220x220q75.jpg_.avif,https://ae-pic-a1.aliexpress-media.com/kf/Sc441469cbdaf4bea9871746f47c7cdfcO.jpg_220x220q75.jpg_.avif,https://ae-pic-a1.aliexpress-media.com/kf/S4ecf8379c02544f1b8051563c1df5213R.jpg_220x220q75.jpg_.avif,https://ae-pic-a1.aliexpress-media.com/kf/S7a55f5e8a45147efacd82697be03187bo.jpg_220x220q75.jpg_.avif","['High-concerned chemical', 'None', 'With Magnetic', 'No', 'Model Number', 'MIPI isp', 'Pieces Included', '1', 'Material', 'Other', 'Brand Name', 'z3x easy jtag', 'Origin', 'Mainland China']",https://www.aliexpress.us/item/3256809234990532.html?algo_pvid=6f9ca26c-cf42-4294-9b9a-dc80f2ea5004&algo_exp_id=6f9ca26c-cf42-4294-9b9a-dc80f2ea5004-2&pdp_ext_f=%7B%22order%22%3A%22140%22%2C%22eval%22%3A%221%22%2C%22fromPage%22%3A%22search%22%7D&pdp_npi=6%40dis%21USD%2120.25%2115.09%21%21%2120.25%2115.09%21%4021015b7d17768939358838784e8cef%2112000049043442346%21sea%21US%210%21ABX%211%210%21n_tag%3A-29910%3Bd%3A7753d89f%3Bm03_new_user%3A-29895%3BpisId%3A5000000204886261&curPageLogUid=AhH37tTFzWcR&utparam-url=scene%3Asearch%7Cquery_from%3A%7Cx_object_id%3A1005009421305284%7C_p_origin_prod%3A
RELIFE RL-001H 360° Rotating Intelligent Repair Storage Rack Rotating Classified for Screwdriver Tweezers Parts Tin Wire Tools,$32.25 ,"https://ae-pic-a1.aliexpress-media.com/kf/Sc5b7419ec5d24435a34bd627f0e7f11eb.jpg?has_lang=1&ver=1_220x220q75.jpg_.avif,https://ae-pic-a1.aliexpress-media.com/kf/Sc5b7419ec5d24435a34bd627f0e7f11eb.jpg?has_lang=1&ver=1_220x220q75.jpg_.avif,https://ae-pic-a1.aliexpress-media.com/kf/S4128f0e49bc24b9fb550f12d46326ce0w.jpg?has_lang=1&ver=1_220x220q75.jpg_.avif,https://ae-pic-a1.aliexpress-media.com/kf/S953d0f281ef1403a8f016941ce5a040cn.jpg?has_lang=1&ver=1_220x220q75.jpg_.avif,https://ae-pic-a1.aliexpress-media.com/kf/Sbee4c22da28d46658117511ac3a381c1J.jpg?has_lang=1&ver=1_220x220q75.jpg_.avif","['High-concerned chemical', 'None', 'With Magnetic', 'Yes', 'Model Number', 'RELIFE RL-001H', 'Pieces Included', '1', 'Material', 'Other', 'Origin', 'Mainland China', 'Item Name', 'RL-001H Rotatable multifunctional repair storage', 'Brand', 'RELIFE', 'Package', 'Yes,Available', 'Weight', '752 g', 'Use For', 'for mobile phone Screwdriver Tweezer soldering wire flux repair Tool', 'Product', 'Rotatable Multifunctional Repair Storage', 'Color Options', 'Grey & Blue', 'Feature 1', 'Neat Storage And Strong Applicability', 'Feature 2', 'Professional Customization', 'Feature 3', 'Classified Storage', 'Feature 4', 'Rotating Storage']",https://www.aliexpress.us/item/3256809093732704.html?algo_pvid=6f9ca26c-cf42-4294-9b9a-dc80f2ea5004&algo_exp_id=6f9ca26c-cf42-4294-9b9a-dc80f2ea5004-3&pdp_ext_f=%7B%22order%22%3A%22140%22%2C%22eval%22%3A%221%22%2C%22fromPage%22%3A%22search%22%7D&pdp_npi=6%40dis%21USD%2165.51%2132.25%21%21%21444.75%21218.98%21%4021015b7d17768939358838784e8cef%2112000048595974458%21sea%21US%210%21ABX%211%210%21n_tag%3A-29910%3Bd%3A7753d89f%3Bm03_new_user%3A-29895%3BpisId%3A5000000204886261&curPageLogUid=R56P5GnS1Juh&utparam-url=scene%3Asearch%7Cquery_from%3A%7Cx_object_id%3A1005009280047456%7C_p_origin_prod%3A
Air Slice AirSlice Opening Tool For Macbook Air Pro Tablet CD Screen Display Disassembly Repair Tools No Hurt the Backlight,$17.50 ,"https://ae-pic-a1.aliexpress-media.com/kf/A23e8d59161ce477f9636d9c85771f13fk.jpg_220x220q75.jpg_.avif,https://ae-pic-a1.aliexpress-media.com/kf/A23e8d59161ce477f9636d9c85771f13fk.jpg_220x220q75.jpg_.avif,https://ae-pic-a1.aliexpress-media.com/kf/S24bf18ae57924829a368eaad97fe3c90r.jpg_220x220q75.jpg_.avif,https://ae-pic-a1.aliexpress-media.com/kf/Sfb5176ecd3064b8f87a9ae6db7220357y.jpg_220x220q75.jpg_.avif,https://ae-pic-a1.aliexpress-media.com/kf/Se8feb337281647e0b8eecb9559c37b12o.jpg_220x220q75.jpg_.avif","['High-concerned chemical', 'None', 'Pieces Included', '1', 'Material', 'Other', 'Brand Name', 'iinsumo', 'Origin', 'Mainland China', 'Model Number', 'Air Slice Opening Tool Kits For Macbook', 'Application', 'Separating tool of the LCD panel', 'Feature 1', 'Does not hurt the LCD', 'Feature 2', 'Do not hurt the backlight', 'Function', 'For macbook repair tool']",https://www.aliexpress.us/item/3256807697721917.html?algo_pvid=6f9ca26c-cf42-4294-9b9a-dc80f2ea5004&algo_exp_id=6f9ca26c-cf42-4294-9b9a-dc80f2ea5004-4&pdp_ext_f=%7B%22order%22%3A%22140%22%2C%22eval%22%3A%221%22%2C%22fromPage%22%3A%22search%22%7D&pdp_npi=6%40dis%21USD%2136.73%2117.50%21%21%21249.34%21118.79%21%4021015b7d17768939358838784e8cef%2112000042704701142%21sea%21US%210%21ABX%211%210%21n_tag%3A-29910%3Bd%3A7753d89f%3Bm03_new_user%3A-29895%3BpisId%3A5000000204886261&curPageLogUid=LypAz7mPmL28&utparam-url=scene%3Asearch%7Cquery_from%3A%7Cx_object_id%3A1005007884036669%7C_p_origin_prod%3A
YCS Universal LCD Screen Visualization Separation Mold ClwarCut Pro Support 99% Straight Curved lcd Phone Repair Tool,$11.14 ,"https://ae-pic-a1.aliexpress-media.com/kf/S625551bf81604356a20b6c21d8b88706u.jpg?has_lang=1&ver=2_220x220q75.jpg_.avif,https://ae-pic-a1.aliexpress-media.com/kf/S625551bf81604356a20b6c21d8b88706u.jpg?has_lang=1&ver=2_220x220q75.jpg_.avif,https://ae-pic-a1.aliexpress-media.com/kf/Sc84deb7efd284cfdaa8632e7fd8a4560B.jpg?has_lang=1&ver=2_220x220q75.jpg_.avif,https://ae-pic-a1.aliexpress-media.com/kf/S79ab2fae0bba41c6b730c85a7682fc837.jpg?has_lang=1&ver=2_220x220q75.jpg_.avif,https://ae-pic-a1.aliexpress-media.com/kf/S56879595e40f45bc8ea6334b348293dal.jpg?has_lang=1&ver=2_220x220q75.jpg_.avif","['High-concerned chemical', 'None', 'Pieces Included', '1', 'Material', 'Other', 'Origin', 'Mainland China']",https://www.aliexpress.us/item/3256810426540683.html?algo_pvid=6f9ca26c-cf42-4294-9b9a-dc80f2ea5004&algo_exp_id=6f9ca26c-cf42-4294-9b9a-dc80f2ea5004-5&pdp_ext_f=%7B%22order%22%3A%22139%22%2C%22eval%22%3A%221%22%2C%22fromPage%22%3A%22search%22%7D&pdp_npi=6%40dis%21USD%2111.64%2111.14%21%21%2179.01%2175.62%21%4021015b7d17768939358838784e8cef%2112000052971333327%21sea%21US%210%21ABX%211%210%21n_tag%3A-29910%3Bd%3A7753d89f%3Bm03_new_user%3A-29895%3BpisId%3A5000000204886261&curPageLogUid=HGaudkqhYCao&utparam-url=scene%3Asearch%7Cquery_from%3A%7Cx_object_id%3A1005010612855435%7C_p_origin_prod%3A
MECHANIC alcohol bottle 180ML plastic liquid container MIJING HZ11 nano cleaning sponge for repairing motherboard cleaning,$2.47 ,"https://ae-pic-a1.aliexpress-media.com/kf/S402905b480b2496c9ef2ceb3deeb95a8i.jpg_220x220q75.jpg_.avif,https://ae-pic-a1.aliexpress-media.com/kf/S5f7f570abc0a48ebb0dc7b3393954fe8T.jpg_220x220q75.jpg_.avif,https://ae-pic-a1.aliexpress-media.com/kf/S161618fa760948a3981941187e520232H.jpg_220x220q75.jpg_.avif,https://ae-pic-a1.aliexpress-media.com/kf/S5d0755f7c61b45629311fa82338ad9d9i.jpg_220x220q75.jpg_.avif,https://ae-pic-a1.aliexpress-media.com/kf/S6bdfe87ca099442eba31a857dae826e2U.jpg_220x220q75.jpg_.avif","['High-concerned chemical', 'None', 'Model Number', 'M041', 'Pieces Included', '1', 'Material', 'Other', 'Brand Name', 'welsolo', 'Origin', 'Mainland China', 'Type', 'TZ01', 'Application', 'Cleaning Tool', 'Body Material', 'Plastic', 'Cap Material', 'Metal', 'Capacity', '4oz / 6oz']",https://www.aliexpress.us/item/3256807254252322.html?algo_pvid=6f9ca26c-cf42-4294-9b9a-dc80f2ea5004&algo_exp_id=6f9ca26c-cf42-4294-9b9a-dc80f2ea5004-6&pdp_ext_f=%7B%22order%22%3A%22139%22%2C%22eval%22%3A%221%22%2C%22fromPage%22%3A%22search%22%7D&pdp_npi=6%40dis%21USD%212.97%212.47%21%21%2120.18%2116.79%21%4021015b7d17768939358838784e8cef%2112000040762030568%21sea%21US%210%21ABX%211%210%21n_tag%3A-29910%3Bd%3A7753d89f%3Bm03_new_user%3A-29895%3BpisId%3A5000000204886261&curPageLogUid=4cMuPW8lrPtb&utparam-url=scene%3Asearch%7Cquery_from%3A%7Cx_object_id%3A1005007440567074%7C_p_origin_prod%3A
6pcs Stainless Steel ESD Anti-static Antistatic Tweezers Kit For Phone Repair Tool,$0.99 ,"https://ae-pic-a1.aliexpress-media.com/kf/S24a34e4fdee84c618b12e1680bb936beE.jpg_220x220q75.jpg_.avif,https://ae-pic-a1.aliexpress-media.com/kf/S9ac6e0c050db475ea276ea43f52f309cU.jpg_220x220q75.jpg_.avif,https://ae-pic-a1.aliexpress-media.com/kf/S793276054f734d5b8c5b0cea9379eea5Y.jpg_220x220q75.jpg_.avif,https://ae-pic-a1.aliexpress-media.com/kf/S7c4c1b9b813e4ac39566bf928f5cd657B.jpg_220x220q75.jpg_.avif,https://ae-pic-a1.aliexpress-media.com/kf/S7f62f216de8e40bda7de39aca52b4a5bl.jpg_220x220q75.jpg_.avif","['High-concerned chemical', 'None', 'Pieces Included', '6 in 1', 'Material', 'Other', 'Origin', 'Mainland China']",https://www.aliexpress.us/item/3256808625771948.html?algo_pvid=6f9ca26c-cf42-4294-9b9a-dc80f2ea5004&algo_exp_id=6f9ca26c-cf42-4294-9b9a-dc80f2ea5004-7&pdp_ext_f=%7B%22order%22%3A%22138%22%2C%22eval%22%3A%221%22%2C%22fromPage%22%3A%22search%22%7D&pdp_npi=6%40dis%21USD%214.01%210.99%21%21%2127.23%216.73%21%4021015b7d17768939358838784e8cef%2112000046769210419%21sea%21US%210%21ABX%211%210%21n_tag%3A-29910%3Bd%3A7753d89f%3Bm03_new_user%3A-29895%3BpisId%3A5000000203537349&curPageLogUid=ttlFMI0RYHL3&utparam-url=scene%3Asearch%7Cquery_from%3A%7Cx_object_id%3A1005008812086700%7C_p_origin_prod%3A
BGA Reballing Stencil Template For iPhone X XS 11 12 13 Mini 14 Plus 15 16 17 Pro Max LCD screen IC Positioning Plate tin net,$4.50 ,"https://ae-pic-a1.aliexpress-media.com/kf/S3d3ba6f408424fa6bbed7bcbd9b181e89.jpg_220x220q75.jpg_.avif,https://ae-pic-a1.aliexpress-media.com/kf/Sf4b88abd000c41f68420e5a203de9f47i.jpg_220x220q75.jpg_.avif,https://ae-pic-a1.aliexpress-media.com/kf/S5201782836e940b9b1e186f4a3bbdc0fA.jpg_220x220q75.jpg_.avif,https://ae-pic-a1.aliexpress-media.com/kf/Sf4b88abd000c41f68420e5a203de9f47i.jpg_220x220q75.jpg_.avif,https://ae-pic-a1.aliexpress-media.com/kf/S5201782836e940b9b1e186f4a3bbdc0fA.jpg_220x220q75.jpg_.avif","['High-concerned chemical', 'None', 'With Magnetic', 'No', 'Model Number', 'X-17', 'Pieces Included', '1', 'Material', 'Steel', 'Origin', 'Mainland China']",https://www.aliexpress.us/item/3256806090901257.html?algo_pvid=6f9ca26c-cf42-4294-9b9a-dc80f2ea5004&algo_exp_id=6f9ca26c-cf42-4294-9b9a-dc80f2ea5004-8&pdp_ext_f=%7B%22order%22%3A%22138%22%2C%22eval%22%3A%221%22%2C%22fromPage%22%3A%22search%22%7D&pdp_npi=6%40dis%21USD%215.00%214.50%21%21%215.00%214.50%21%4021015b7d17768939358838784e8cef%2112000044326836937%21sea%21US%210%21ABX%211%210%21n_tag%3A-29910%3Bd%3A7753d89f%3Bm03_new_user%3A-29895%3BpisId%3A5000000204886261&curPageLogUid=fEykahhiEaHo&utparam-url=scene%3Asearch%7Cquery_from%3A%7Cx_object_id%3A1005006277216009%7C_p_origin_prod%3A
Flash 64 Box F64 ISP MiPitester MiPi Box For MINI & GEAR 2 EMMC ISP ADAPTER Repair tools ICfriend F64 ISP Adapter,$25.14 ,"https://ae-pic-a1.aliexpress-media.com/kf/Seb7396fd530e4e9daacf49501aabfb6ek.jpg?has_lang=1&ver=2_220x220q75.jpg_.avif,https://ae-pic-a1.aliexpress-media.com/kf/S7daf5a3721b049218389fbc7a3bfadb47.jpg?has_lang=1&ver=2_220x220q75.jpg_.avif,https://ae-pic-a1.aliexpress-media.com/kf/Sa2dde42e37da4ff3bf45d76caca7d702G.jpg?has_lang=1&ver=2_220x220q75.jpg_.avif,https://ae-pic-a1.aliexpress-media.com/kf/S5bfd9506f9494dcfb2d283bba4ee48f10.jpg?has_lang=1&ver=2_220x220q75.jpg_.avif,https://ae-pic-a1.aliexpress-media.com/kf/S0223c7e33694428d9b4344e683279173e.jpg?has_lang=1&ver=2_220x220q75.jpg_.avif","['High-concerned chemical', 'None', 'With Magnetic', 'No', 'Model Number', 'EMMC ISP ADAPTER', 'Pieces Included', '1', 'Material', 'Rubber', 'Brand Name', 'z3x easy jtag', 'Origin', 'Mainland China']",https://www.aliexpress.us/item/3256809862447407.html?algo_pvid=6f9ca26c-cf42-4294-9b9a-dc80f2ea5004&algo_exp_id=6f9ca26c-cf42-4294-9b9a-dc80f2ea5004-9&pdp_ext_f=%7B%22order%22%3A%22137%22%2C%22eval%22%3A%221%22%2C%22fromPage%22%3A%22search%22%7D&pdp_npi=6%40dis%21USD%2125.64%2125.14%21%21%21174.04%21170.65%21%4021015b7d17768939358838784e8cef%2112000050946875444%21sea%21US%210%21ABX%211%210%21n_tag%3A-29910%3Bd%3A7753d89f%3Bm03_new_user%3A-29895%3BpisId%3A5000000204886261&curPageLogUid=QdUsOY83um9g&utparam-url=scene%3Asearch%7Cquery_from%3A%7Cx_object_id%3A1005010048762159%7C_p_origin_prod%3A
Sofix Universal BGA Reballing Stencil for Macbook 2016-2022 WIFI T1 T2 M1 M2 Chip PMU SMC Integrated Tin Planting Soldering Net,$3.97 ,"https://ae-pic-a1.aliexpress-media.com/kf/S8c6ddb8cbe80439196e7caf204ab55d5T.jpg_220x220q75.jpg_.avif,https://ae-pic-a1.aliexpress-media.com/kf/S8c6ddb8cbe80439196e7caf204ab55d5T.jpg_220x220q75.jpg_.avif,https://ae-pic-a1.aliexpress-media.com/kf/S238ac0f6cb3740bcac0f399b8d6e27eeB.jpg_220x220q75.jpg_.avif,https://ae-pic-a1.aliexpress-media.com/kf/Sa88b5da3aba845958140cf7fbff93929v.jpg_220x220q75.jpg_.avif,https://ae-pic-a1.aliexpress-media.com/kf/S7ccc994015a84dd180bc3ea75b04db87E.jpg_220x220q75.jpg_.avif","['High-concerned chemical', 'None', 'Model Number', 'For Macbook', 'Pieces Included', '1', 'Material', 'Other', 'Brand Name', 'iinsumo', 'Origin', 'Mainland China', 'Name', 'MacBook logic board BGA chip stencil', 'Model Number', '2016-2020 WIFI,T1,T2,PMU,SMC Reballing', 'Application', 'For Macbook Repair', 'Feature 1', 'Efficient', 'Feature 2', 'Not easily deformed']",https://www.aliexpress.us/item/3256807031831089.html?algo_pvid=6f9ca26c-cf42-4294-9b9a-dc80f2ea5004&algo_exp_id=6f9ca26c-cf42-4294-9b9a-dc80f2ea5004-10&pdp_ext_f=%7B%22order%22%3A%22137%22%2C%22eval%22%3A%221%22%2C%22fromPage%22%3A%22search%22%7D&pdp_npi=6%40dis%21USD%218.76%213.97%21%21%2159.45%2126.93%21%4021015b7d17768939358838784e8cef%2112000050522046430%21sea%21US%210%21ABX%211%210%21n_tag%3A-29910%3Bd%3A7753d89f%3Bm03_new_user%3A-29895%3BpisId%3A5000000204886261&curPageLogUid=3YZw01RDf2xJ&utparam-url=scene%3Asearch%7Cquery_from%3A%7Cx_object_id%3A1005007218145841%7C_p_origin_prod%3A
Premium MasterXu Golden C210 Soldering Iron Tip 018 For JBC Sugon HS-02 T80 T26 T210 T245 Original Station Circuit Board Repair,$13.08 ,"https://ae-pic-a1.aliexpress-media.com/kf/S6aa74815cdd64933a6599b54efa582bfq.png_220x220.png_.avif,https://ae-pic-a1.aliexpress-media.com/kf/S6aa74815cdd64933a6599b54efa582bfq.png_220x220.png_.avif,https://ae-pic-a1.aliexpress-media.com/kf/S3be8d72514e449eca1a3bcabd52c5b64x.png_220x220.png_.avif,https://ae-pic-a1.aliexpress-media.com/kf/S568dcdca6786483499b2f82320cc5fc8P.png_220x220.png_.avif,https://ae-pic-a1.aliexpress-media.com/kf/S6dae092d8848477089eb294f54cd7c39b.jpg_220x220q75.jpg_.avif","['High-concerned chemical', 'None', 'Pieces Included', '6 in 1', 'Material', 'Other', 'Origin', 'Mainland China', 'product for', 'c210 soldering tip,c210 soldering iron handle,c210 soldering iron tip curbed,c210 soldering station,c210 soldering,c210 soldering cable,c210 soldering iron power,smart soldering iron,Infrared soldering station,soldering tool,aixun t3b soldering station,aixun t320 soldering station,soldering station aixun,jbc soldering station t245,soldering station c210 jbc,jbc c470 soldering station,jbc c245-764 soldering station']",https://www.aliexpress.us/item/3256809401933560.html?algo_pvid=6f9ca26c-cf42-4294-9b9a-dc80f2ea5004&algo_exp_id=6f9ca26c-cf42-4294-9b9a-dc80f2ea5004-11&pdp_ext_f=%7B%22order%22%3A%22136%22%2C%22eval%22%3A%221%22%2C%22fromPage%22%3A%22search%22%7D&pdp_npi=6%40dis%21USD%2124.69%2113.08%21%21%21167.59%2188.78%21%4021015b7d17768939358838784e8cef%2112000049548973137%21sea%21US%210%21ABX%211%210%21n_tag%3A-29910%3Bd%3A7753d89f%3Bm03_new_user%3A-29895%3BpisId%3A5000000204886261&curPageLogUid=GQWWzarKN5Aj&utparam-url=scene%3Asearch%7Cquery_from%3A%7Cx_object_id%3A1005009588248312%7C_p_origin_prod%3A
100pcs LIYING Single Edge Safety Razor Scraper Blade For OCA Polarizer Glue Remover Phone Repair Cleaning Tools,$0.99 ,"https://ae-pic-a1.aliexpress-media.com/kf/S9f545128c7fc4297a42a008b1d18052bO.jpg_220x220q75.jpg_.avif,https://ae-pic-a1.aliexpress-media.com/kf/Sd56ba94323c4442c86bcf1661e318a05C.jpg_220x220q75.jpg_.avif,https://ae-pic-a1.aliexpress-media.com/kf/S5c4056c57529489d92d9f90e095a0d6al.jpg_220x220q75.jpg_.avif,https://ae-pic-a1.aliexpress-media.com/kf/S5417fb8afded4219b8898e75e7ef3dc48.jpg_220x220q75.jpg_.avif,https://ae-pic-a1.aliexpress-media.com/kf/S655444e1001445a2b91703ab0acca51eH.png_220x220.png_.avif","['High-concerned chemical', 'None', 'Pieces Included', '1', 'Material', 'Other', 'Origin', 'Mainland China']",https://www.aliexpress.us/item/3256805152093755.html?algo_pvid=6f9ca26c-cf42-4294-9b9a-dc80f2ea5004&algo_exp_id=6f9ca26c-cf42-4294-9b9a-dc80f2ea5004-13&pdp_ext_f=%7B%22order%22%3A%22136%22%2C%22eval%22%3A%221%22%2C%22fromPage%22%3A%22search%22%7D&pdp_npi=6%40dis%21USD%2111.31%213.31%21%21%2176.81%2122.50%21%4021015b7d17768939358838784e8cef%2112000032663337172%21sea%21US%210%21ABX%211%210%21n_tag%3A-29910%3Bd%3A7753d89f%3Bm03_new_user%3A-29895%3BpisId%3A5000000203537387&curPageLogUid=7lzEOG0qRWw0&utparam-url=scene%3Asearch%7Cquery_from%3A%7Cx_object_id%3A1005005338408507%7C_p_origin_prod%3A
50 PCS Anti-static Spudger Pry Bar Electricity Disassemble Rod Crowbar LCD Screen Disassembly Tool,$0.99 ,"https://ae-pic-a1.aliexpress-media.com/kf/S4a6979068d924a4582d2b48e8f478104Z.jpg_220x220q75.jpg_.avif,https://ae-pic-a1.aliexpress-media.com/kf/S9f4a2c5108604b3f9c0c7627a8445704I.jpg_220x220q75.jpg_.avif,https://ae-pic-a1.aliexpress-media.com/kf/S035a74663e5248b08a1971f0c1855df6b.jpg_220x220q75.jpg_.avif,https://ae-pic-a1.aliexpress-media.com/kf/S764c7c55f29941d987aaeed671d1a6a7C.jpg_220x220q75.jpg_.avif,https://ae-pic-a1.aliexpress-media.com/kf/S51baf896dbae4f2fb7c0137161f3bf64Z.jpg_220x220q75.jpg_.avif","['High-concerned chemical', 'None', 'Pieces Included', '6 in 1', 'Material', 'High Carbon Steel', 'Origin', 'Mainland China', 'feature1', 'Anti-static Disassemble Rod', 'feature2', 'Anti-static Spudger', 'feature3', 'Anti-static Crowbar', 'feature4', 'Pry Bar', 'feature5', 'LCD Screen Disassembly Tool']",https://www.aliexpress.us/item/3256808271628065.html?algo_pvid=6f9ca26c-cf42-4294-9b9a-dc80f2ea5004&algo_exp_id=6f9ca26c-cf42-4294-9b9a-dc80f2ea5004-24&pdp_ext_f=%7B%22order%22%3A%22136%22%2C%22eval%22%3A%221%22%2C%22fromPage%22%3A%22search%22%7D&pdp_npi=6%40dis%21USD%2110.49%212.49%21%21%2171.23%2116.92%21%4021015b7d17768939358838784e8cef%2112000045221325918%21sea%21US%210%21ABX%211%210%21n_tag%3A-29910%3Bd%3A7753d89f%3Bm03_new_user%3A-29895%3BpisId%3A5000000203537387&curPageLogUid=GDNvHMK4Wjz9&utparam-url=scene%3Asearch%7Cquery_from%3A%7Cx_object_id%3A1005008457942817%7C_p_origin_prod%3A
115 in 1 Multifunctional Precision Screwdriver Repair Tool Sets Magnetic Phillips Torx Screw Driver Bits for IPhone Watch Glass,$2.18 ,"https://ae-pic-a1.aliexpress-media.com/kf/S8649685413e345d8925fa82313cb7a78Y.jpg_220x220q75.jpg_.avif,https://ae-pic-a1.aliexpress-media.com/kf/S8649685413e345d8925fa82313cb7a78Y.jpg_220x220q75.jpg_.avif,https://ae-pic-a1.aliexpress-media.com/kf/Sd0e799a4176442ce9ffbfeb79a23dc98J.jpg_220x220q75.jpg_.avif,https://ae-pic-a1.aliexpress-media.com/kf/Sf30658d0c25e4edfb1db8fcc6d317cade.jpg_220x220q75.jpg_.avif,https://ae-pic-a1.aliexpress-media.com/kf/S141e156e08c14ecdbda452d1857ad490f.jpg_220x220q75.jpg_.avif","['High-concerned chemical', 'None', 'Pieces Included', '118', 'Material', 'Other', 'Brand Name', 'BAPPSUS', 'Origin', 'Mainland China']",https://www.aliexpress.us/item/3256807705678006.html?algo_pvid=6f9ca26c-cf42-4294-9b9a-dc80f2ea5004&algo_exp_id=6f9ca26c-cf42-4294-9b9a-dc80f2ea5004-14&pdp_ext_f=%7B%22order%22%3A%22135%22%2C%22eval%22%3A%221%22%2C%22fromPage%22%3A%22search%22%7D&pdp_npi=6%40dis%21USD%2112.60%214.60%21%21%2185.51%2131.20%21%4021015b7d17768939358838784e8cef%2112000042741218580%21sea%21US%210%21ABX%211%210%21n_tag%3A-29910%3Bd%3A7753d89f%3Bm03_new_user%3A-29895%3BpisId%3A5000000203537387&curPageLogUid=VeWOxBy39UwG&utparam-url=scene%3Asearch%7Cquery_from%3A%7Cx_object_id%3A1005007891992758%7C_p_origin_prod%3A
New Copper Twist On RG6 F Type Cable Connector Plugs High Quality Connector for TV Satellite Antenna TV Satellite Virgin Cable,$2.03 ,"https://ae-pic-a1.aliexpress-media.com/kf/S60da11122b384d1797694c611036871dp.jpg?has_lang=1&ver=1_220x220q75.jpg_.avif,https://ae-pic-a1.aliexpress-media.com/kf/S791b3ad06985422386491fd610c46b08n.jpg?has_lang=1&ver=1_220x220q75.jpg_.avif,https://ae-pic-a1.aliexpress-media.com/kf/Sc3d67c42c1a7408ebe65bc37383553176.jpg_220x220q75.jpg_.avif,https://ae-pic-a1.aliexpress-media.com/kf/S8eaa6c02cf834e9db7ea5e7e63a0e9390.jpg?has_lang=1&ver=1_220x220q75.jpg_.avif,https://ae-pic-a1.aliexpress-media.com/kf/S825231d51d1047459afd4672c6bdbd9aX.jpg?has_lang=1&ver=1_220x220q75.jpg_.avif","['High-concerned chemical', 'None', 'With Magnetic', 'No', 'Model Number', '1', 'Pieces Included', '6 in 1', 'Material', 'Plastic', 'Origin', 'Mainland China']",https://www.aliexpress.us/item/3256810362588414.html?algo_pvid=6f9ca26c-cf42-4294-9b9a-dc80f2ea5004&algo_exp_id=6f9ca26c-cf42-4294-9b9a-dc80f2ea5004-16&pdp_ext_f=%7B%22order%22%3A%22134%22%2C%22eval%22%3A%221%22%2C%22fromPage%22%3A%22search%22%7D&pdp_npi=6%40dis%21USD%215.27%212.03%21%21%2135.80%2113.79%21%4021015b7d17768939358838784e8cef%2112000052782460813%21sea%21US%210%21ABX%211%210%21n_tag%3A-29910%3Bd%3A7753d89f%3Bm03_new_user%3A-29895%3BpisId%3A5000000204886261&curPageLogUid=YqSyd4LN31iG&utparam-url=scene%3Asearch%7Cquery_from%3A%7Cx_object_id%3A1005010548903166%7C_p_origin_prod%3A
50pcs Sponge Head Clean Swab Printhead Use For Cleaning The Ink Of Fax Machine Inkjet Printer Nozzle Dust Clean Tool,$0.99 ,"https://ae-pic-a1.aliexpress-media.com/kf/S6ab866d7be314bc58aaea186b4ddb07cd.jpg_220x220q75.jpg_.avif,https://ae-pic-a1.aliexpress-media.com/kf/S6ab866d7be314bc58aaea186b4ddb07cd.jpg_220x220q75.jpg_.avif,https://ae-pic-a1.aliexpress-media.com/kf/S9ffea648f70c4b8ba4c759525f861264P.jpg_220x220q75.jpg_.avif,https://ae-pic-a1.aliexpress-media.com/kf/S9921a261a9e84ca2b3e671b0db8db140G.jpg_220x220q75.jpg_.avif,https://ae-pic-a1.aliexpress-media.com/kf/Sda3ca3246d2849879a02247d94c413c54.jpg_220x220q75.jpg_.avif","['High-concerned chemical', 'None', 'Pieces Included', '1', 'Material', 'Other', 'Origin', 'Mainland China']",https://www.aliexpress.us/item/3256809354878866.html?algo_pvid=6f9ca26c-cf42-4294-9b9a-dc80f2ea5004&algo_exp_id=6f9ca26c-cf42-4294-9b9a-dc80f2ea5004-17&pdp_ext_f=%7B%22order%22%3A%22134%22%2C%22eval%22%3A%221%22%2C%22fromPage%22%3A%22search%22%7D&pdp_npi=6%40dis%21USD%216.33%210.99%21%21%2143.00%216.75%21%4021015b7d17768939358838784e8cef%2112000049424849588%21sea%21US%210%21ABX%211%210%21n_tag%3A-29910%3Bd%3A7753d89f%3Bm03_new_user%3A-29895%3BpisId%3A5000000203537387&curPageLogUid=GCWxMjt2qjVM&utparam-url=scene%3Asearch%7Cquery_from%3A%7Cx_object_id%3A1005009541193618%7C_p_origin_prod%3A
RELIFE TK1 Non Magnetic Anti-Static Ceramic Solder BGA Tin Planting Scraper For LCD Screen Phone Repair Tool,$0.99 ,"https://ae-pic-a1.aliexpress-media.com/kf/Sb2bf91d8b35742af86826d0cb7e33a808.jpg?has_lang=1&ver=1_220x220q75.jpg_.avif,https://ae-pic-a1.aliexpress-media.com/kf/Sf849c58ab281476d8577ccad42c85ee3W.jpg?has_lang=1&ver=1_220x220q75.jpg_.avif,https://ae-pic-a1.aliexpress-media.com/kf/S9af11af9b8104b20beeec48a9da9374fC.jpg?has_lang=1&ver=1_220x220q75.jpg_.avif,https://ae-pic-a1.aliexpress-media.com/kf/S16f205cef6744af7a85e326cd181085cr.jpg?has_lang=1&ver=1_220x220q75.jpg_.avif,https://ae-pic-a1.aliexpress-media.com/kf/S248910990d914858a304461b84a92cfbq.png_220x220.png_.avif","['High-concerned chemical', 'None', 'Pieces Included', '1', 'Material', 'Other', 'Origin', 'Mainland China']",https://www.aliexpress.us/item/3256809350554318.html?algo_pvid=6f9ca26c-cf42-4294-9b9a-dc80f2ea5004&algo_exp_id=6f9ca26c-cf42-4294-9b9a-dc80f2ea5004-18&pdp_ext_f=%7B%22order%22%3A%22134%22%2C%22eval%22%3A%221%22%2C%22fromPage%22%3A%22search%22%7D&pdp_npi=6%40dis%21USD%214.02%210.99%21%21%2127.30%216.73%21%4021015b7d17768939358838784e8cef%2112000056773962532%21sea%21US%210%21ABX%211%210%21n_tag%3A-29910%3Bd%3A7753d89f%3Bm03_new_user%3A-29895%3BpisId%3A5000000203537387&curPageLogUid=cGM8qvNA0uz4&utparam-url=scene%3Asearch%7Cquery_from%3A%7Cx_object_id%3A1005009536869070%7C_p_origin_prod%3A
Plastic Spudger Pry Crowbar Shovel Disassembly Card For iPhone HuaWei XiaoMi Mobile Phone LCD Screen Battery Teardown Open Tool,$2.06 ,"https://ae-pic-a1.aliexpress-media.com/kf/S0e018859ffce4eeebb04d999e1833837t.jpg_220x220q75.jpg_.avif,https://ae-pic-a1.aliexpress-media.com/kf/S7ca7cd9b2fff4d15b44d4e9a9446afa6r.jpg_220x220q75.jpg_.avif,https://ae-pic-a1.aliexpress-media.com/kf/S1c93299edec04f8d87dc1fb22264ddd0S.jpg_220x220q75.jpg_.avif,https://ae-pic-a1.aliexpress-media.com/kf/Sa847849fce004462ab1d187797591cfdD.jpg_220x220q75.jpg_.avif,https://ae-pic-a1.aliexpress-media.com/kf/S17ec98f655c041439550ea8ea51c5dd8K.jpg_220x220q75.jpg_.avif","['High-concerned chemical', 'None', 'With Magnetic', 'Yes', 'Model Number', 'For Smartphone', 'Pieces Included', '6 in 1', 'Material', 'Other', 'Brand Name', 'E-KINLIN', 'Origin', 'Mainland China', 'Type', 'Screen Open Pry Blade']",https://www.aliexpress.us/item/3256802202445624.html?algo_pvid=6f9ca26c-cf42-4294-9b9a-dc80f2ea5004&algo_exp_id=6f9ca26c-cf42-4294-9b9a-dc80f2ea5004-19&pdp_ext_f=%7B%22order%22%3A%22134%22%2C%22eval%22%3A%221%22%2C%22fromPage%22%3A%22search%22%7D&pdp_npi=6%40dis%21USD%212.56%212.06%21%21%212.56%212.06%21%4021015b7d17768939358838784e8cef%2112000020472968098%21sea%21US%210%21ABX%211%210%21n_tag%3A-29910%3Bd%3A7753d89f%3Bm03_new_user%3A-29895%3BpisId%3A5000000204886261&curPageLogUid=bdVyZFNtuVni&utparam-url=scene%3Asearch%7Cquery_from%3A%7Cx_object_id%3A1005002388760376%7C_p_origin_prod%3A
WYLIE For iPhone 16 Pro Max Version eSIM Conversion To Dual SIM Card MEP Integration Solution Super Snow IC iPhone Repair,$10.41 ,"https://ae-pic-a1.aliexpress-media.com/kf/Sfca265594baf413889c94030e31efe7eA.jpg?has_lang=1&ver=2_220x220q75.jpg_.avif,https://ae-pic-a1.aliexpress-media.com/kf/Sfca265594baf413889c94030e31efe7eA.jpg?has_lang=1&ver=2_220x220q75.jpg_.avif,https://ae-pic-a1.aliexpress-media.com/kf/S4e15da2ab9d64636ad75e62eb9d9f1fc7.jpg?has_lang=1&ver=2_220x220q75.jpg_.avif,https://ae-pic-a1.aliexpress-media.com/kf/S665088d07e134d49a5a4763454faea2d0.png_220x220.png_.avif,https://ae-pic-a1.aliexpress-media.com/kf/S1163f1b156e14b03b4eb7e7ac642aaddA.png_220x220.png_.avif","['High-concerned chemical', 'None', 'Pieces Included', '1', 'Material', 'Other', 'Brand Name', 'manumoc', 'Origin', 'Mainland China']",https://www.aliexpress.us/item/3256810184753289.html?algo_pvid=6f9ca26c-cf42-4294-9b9a-dc80f2ea5004&algo_exp_id=6f9ca26c-cf42-4294-9b9a-dc80f2ea5004-20&pdp_ext_f=%7B%22order%22%3A%22132%22%2C%22eval%22%3A%221%22%2C%22fromPage%22%3A%22search%22%7D&pdp_npi=6%40dis%21USD%2118.20%2112.70%21%21%21123.55%2186.21%21%4021015b7d17768939358838784e8cef%2112000053009045357%21sea%21US%210%21ABX%211%210%21n_tag%3A-29910%3Bd%3A7753d89f%3Bm03_new_user%3A-29895%3BpisId%3A5000000203537339&curPageLogUid=L6TGoCOsLgJe&utparam-url=scene%3Asearch%7Cquery_from%3A%7Cx_object_id%3A1005010371068041%7C_p_origin_prod%3A
WYLIE Thermal Pad For Swap IC Heat Insulation Protection Air Gun 360° Direct Blow Not Damage Screen For iPhone Repair,$0.99 ,"https://ae-pic-a1.aliexpress-media.com/kf/S5bd5375ddee14b70a38501e92500c313X.jpg?has_lang=1&ver=1_220x220q75.jpg_.avif,https://ae-pic-a1.aliexpress-media.com/kf/S5bd5375ddee14b70a38501e92500c313X.jpg?has_lang=1&ver=1_220x220q75.jpg_.avif,https://ae-pic-a1.aliexpress-media.com/kf/Sc41b0db71b8d4f0ea2e1d0beed418539a.jpg?has_lang=1&ver=1_220x220q75.jpg_.avif,https://ae-pic-a1.aliexpress-media.com/kf/S3599f34d07994c43b0473d8bdc79332aI.jpg?has_lang=1&ver=1_220x220q75.jpg_.avif,https://ae-pic-a1.aliexpress-media.com/kf/S3af09242b0f4454094c009c51de7544a7.jpg_220x220q75.jpg_.avif","['High-concerned chemical', 'None', 'With Magnetic', 'No', 'Pieces Included', '1', 'Material', 'Other', 'Origin', 'Mainland China', 'Brand', 'WYLIE']",https://www.aliexpress.us/item/3256808789685004.html?algo_pvid=6f9ca26c-cf42-4294-9b9a-dc80f2ea5004&algo_exp_id=6f9ca26c-cf42-4294-9b9a-dc80f2ea5004-37&pdp_ext_f=%7B%22order%22%3A%22132%22%2C%22eval%22%3A%221%22%2C%22fromPage%22%3A%22search%22%7D&pdp_npi=6%40dis%21USD%219.47%210.99%21%21%2164.29%216.72%21%4021015b7d17768939358838784e8cef%2112000047430999642%21sea%21US%210%21ABX%211%210%21n_tag%3A-29910%3Bd%3A7753d89f%3Bm03_new_user%3A-29895%3BpisId%3A5000000203537349&curPageLogUid=4DJkkjE7RrlG&utparam-url=scene%3Asearch%7Cquery_from%3A%7Cx_object_id%3A1005008975999756%7C_p_origin_prod%3A
BST 050 JP Super conducting Multimeter Probe for Digital Multimeter Current Voltage Needle Tip Test Lead Wire Pen Cable Tools,$5.07 ,"https://ae-pic-a1.aliexpress-media.com/kf/Sb5d50b69ab7e4650bc79b030e4bbd1f5t.png_220x220.png_.avif,https://ae-pic-a1.aliexpress-media.com/kf/Sb5d50b69ab7e4650bc79b030e4bbd1f5t.png_220x220.png_.avif,https://ae-pic-a1.aliexpress-media.com/kf/S1a03e17cde974094a821559a8d8e9a7cL.png_220x220.png_.avif,https://ae-pic-a1.aliexpress-media.com/kf/S72638c54e3204df480b086121d886abaQ.png_220x220.png_.avif,https://ae-pic-a1.aliexpress-media.com/kf/Se82fe783f36f4bfdb81efb3408dcd57fM.png_220x220.png_.avif","['High-concerned chemical', 'None', 'With Magnetic', 'No', 'Model Number', 'BST 050', 'Pieces Included', '6 in 1', 'Material', 'Other', 'Brand Name', 'NoEnName_Null', 'Origin', 'Mainland China', 'Type', 'multimeter feelers', 'Style', '100% Brand new and high quality', 'Model Number', 'BST probe pin', 'Application', 'For Digital Multimeter Pen', 'Feature', 'needle tip tester leads pen', 'Function', 'for mobile phone motherboard repair', 'Output Type', 'BST-050 Super Fine Test Leads Pen', 'Tip diameter', '0.1mm', 'Safety Ratings', 'CATIII 2000V 20A', 'Material', 'Copper+Silicone+PC', 'Wire length', '76cm', 'Handle length', '190mm', 'Package Size', '45x25x200mm']",https://www.aliexpress.us/item/3256805646970133.html?algo_pvid=6f9ca26c-cf42-4294-9b9a-dc80f2ea5004&algo_exp_id=6f9ca26c-cf42-4294-9b9a-dc80f2ea5004-21&pdp_ext_f=%7B%22order%22%3A%22131%22%2C%22eval%22%3A%221%22%2C%22fromPage%22%3A%22search%22%7D&pdp_npi=6%40dis%21USD%215.57%215.07%21%21%2137.81%2134.42%21%4021015b7d17768939358838784e8cef%2112000052130316965%21sea%21US%210%21ABX%211%210%21n_tag%3A-29910%3Bd%3A7753d89f%3Bm03_new_user%3A-29895%3BpisId%3A5000000204886261&curPageLogUid=3ocOaxOK6eEm&utparam-url=scene%3Asearch%7Cquery_from%3A%7Cx_object_id%3A1005005833284885%7C_p_origin_prod%3A
TBK-938 Polishing Machine Mold For iPhone 16 16Pro 15pro 14 13 12 For iWatch S10 S4 S5 S6 S7 46mm 44mm 41mm 45mm Repair Mould,$10.00 ,"https://ae-pic-a1.aliexpress-media.com/kf/Sb513ee7d404548e48ae284a3fa990c13p.jpg_220x220q75.jpg_.avif,https://ae-pic-a1.aliexpress-media.com/kf/Sb513ee7d404548e48ae284a3fa990c13p.jpg_220x220q75.jpg_.avif,https://ae-pic-a1.aliexpress-media.com/kf/S5993a17e47104b95965ce880236af028t.png_220x220.png_.avif,https://ae-pic-a1.aliexpress-media.com/kf/Se5324649e48243ceb916324a8e62806du.png_220x220.png_.avif,https://ae-pic-a1.aliexpress-media.com/kf/Sf7217544034349eea99e6ff94f8f7a0f4.png_220x220.png_.avif","['High-concerned chemical', 'None', 'With Magnetic', 'No', 'Model Number', 'TBK-938 Polishing Machine Mold', 'Pieces Included', 'other', 'Material', 'Chrome Vanadium Steel', 'Origin', 'Mainland China', 'Name', 'Screen polishing refurbishment mold', 'Function', 'For LCD screen/back cover scratch removing']",https://www.aliexpress.us/item/3256805549831301.html?algo_pvid=6f9ca26c-cf42-4294-9b9a-dc80f2ea5004&algo_exp_id=6f9ca26c-cf42-4294-9b9a-dc80f2ea5004-22&pdp_ext_f=%7B%22order%22%3A%22131%22%2C%22eval%22%3A%221%22%2C%22fromPage%22%3A%22search%22%7D&pdp_npi=6%40dis%21USD%2115.00%2110.00%21%21%2115.00%2110.00%21%4021015b7d17768939358838784e8cef%2112000034160212671%21sea%21US%210%21ABX%211%210%21n_tag%3A-29910%3Bd%3A7753d89f%3Bm03_new_user%3A-29895%3BpisId%3A5000000204886261&curPageLogUid=NRbsRjGi1Tdi&utparam-url=scene%3Asearch%7Cquery_from%3A%7Cx_object_id%3A1005005736146053%7C_p_origin_prod%3A
Glue Cleaning Wool Felt Head No Hurt Touch Screen For CJ9+ CJ6+ OCA Glue Cleaning Remover Tool LCD Phone Repair,$2.55 ,"https://ae-pic-a1.aliexpress-media.com/kf/S320fd1e10c4c4dde8d68689461c9a983N.jpg_220x220q75.jpg_.avif,https://ae-pic-a1.aliexpress-media.com/kf/Sd67192f5afaf4e2d9acbfdbb1cb9eab7X.jpg_220x220q75.jpg_.avif,https://ae-pic-a1.aliexpress-media.com/kf/S74e4a23e0f0b4561a7ed2a8b518b1402k.jpg_220x220q75.jpg_.avif,https://ae-pic-a1.aliexpress-media.com/kf/Sb9d6cbc5aa8f43908a86469ecc444feeR.jpg_220x220q75.jpg_.avif,https://ae-pic-a1.aliexpress-media.com/kf/Sae5270213d0b4b74b711cc15f64b1afcC.jpg_220x220q75.jpg_.avif","['High-concerned chemical', 'None', 'Pieces Included', '1', 'Material', 'Other', 'Origin', 'Mainland China']",https://www.aliexpress.us/item/3256803468429770.html?algo_pvid=6f9ca26c-cf42-4294-9b9a-dc80f2ea5004&algo_exp_id=6f9ca26c-cf42-4294-9b9a-dc80f2ea5004-23&pdp_ext_f=%7B%22order%22%3A%22131%22%2C%22eval%22%3A%221%22%2C%22fromPage%22%3A%22search%22%7D&pdp_npi=6%40dis%21USD%213.05%212.55%21%21%2120.68%2117.29%21%4021015b7d17768939358838784e8cef%2112000032305144957%21sea%21US%210%21ABX%211%210%21n_tag%3A-29910%3Bd%3A7753d89f%3Bm03_new_user%3A-29895%3BpisId%3A5000000204886261&curPageLogUid=Upk3Zs5G9gv7&utparam-url=scene%3Asearch%7Cquery_from%3A%7Cx_object_id%3A1005003654744522%7C_p_origin_prod%3A
RELIFE HW31A Nano Conductive Silver Paste High Conductivity for Motherboard PCB Screen Repair and Circuit Restoration,$0.99 ,"https://ae-pic-a1.aliexpress-media.com/kf/S7e08ba657f2a469dbf8c43b426109c25s.jpg?has_lang=1&ver=1_220x220q75.jpg_.avif,https://ae-pic-a1.aliexpress-media.com/kf/See03a5c0a66b44b5ac3b6cfe5c3d89bb3.png?has_lang=1&ver=1_220x220.png_.avif,https://ae-pic-a1.aliexpress-media.com/kf/S5ac3ea4b03534bb69812e16d824a2272m.jpg?has_lang=1&ver=1_220x220q75.jpg_.avif,https://ae-pic-a1.aliexpress-media.com/kf/Sddd9875c52df41b9ad141a602f4dfc0fr.jpg?has_lang=1&ver=1_220x220q75.jpg_.avif,https://ae-pic-a1.aliexpress-media.com/kf/Sf37781273a9f4777b54c2e422774827cZ.jpg?has_lang=1&ver=1_220x220q75.jpg_.avif","['High-concerned chemical', 'None', 'Pieces Included', '6 in 1', 'Material', 'Plastic', 'Origin', 'Mainland China']",https://www.aliexpress.us/item/3256809925334242.html?algo_pvid=6f9ca26c-cf42-4294-9b9a-dc80f2ea5004&algo_exp_id=6f9ca26c-cf42-4294-9b9a-dc80f2ea5004-45&pdp_ext_f=%7B%22order%22%3A%22130%22%2C%22eval%22%3A%221%22%2C%22fromPage%22%3A%22search%22%7D&pdp_npi=6%40dis%21USD%2113.62%210.99%21%21%2192.49%216.74%21%4021015b7d17768939358838784e8cef%2112000051551412478%21sea%21US%210%21ABX%211%210%21n_tag%3A-29910%3Bd%3A7753d89f%3Bm03_new_user%3A-29895%3BpisId%3A5000000203537387&curPageLogUid=7im6szNzqz8W&utparam-url=scene%3Asearch%7Cquery_from%3A%7Cx_object_id%3A1005010111648994%7C_p_origin_prod%3A
YCS Shenlong Curved Universal BGA Stencil Tin Planting Insulation Base for Cell Phones CPU IC Soldering BGA Reballing hand tools,$4.90 ,"https://ae-pic-a1.aliexpress-media.com/kf/S3e770f8f7299455ba26fb54fa2249fceC.jpg_220x220q75.jpg_.avif,https://ae-pic-a1.aliexpress-media.com/kf/S494913a1e6654a669bc70642ff82e929q.jpg_220x220q75.jpg_.avif,https://ae-pic-a1.aliexpress-media.com/kf/Sfc2242bfd99247f6bd7122ed11e8adb17.jpg_220x220q75.jpg_.avif,https://ae-pic-a1.aliexpress-media.com/kf/S17d5080aeaaa4a15b5cdd84eafc83825x.jpg_220x220q75.jpg_.avif,https://ae-pic-a1.aliexpress-media.com/kf/S141aeafbcfa04f769d98cf8a6d563068D.jpg_220x220q75.jpg_.avif","['High-concerned chemical', 'None', 'Model Number', 'YCS NEW', 'Pieces Included', '1', 'Material', 'Other', 'Brand Name', 'BRESUN', 'Origin', 'Mainland China']",https://www.aliexpress.us/item/3256808092966019.html?algo_pvid=6f9ca26c-cf42-4294-9b9a-dc80f2ea5004&algo_exp_id=6f9ca26c-cf42-4294-9b9a-dc80f2ea5004-25&pdp_ext_f=%7B%22order%22%3A%22129%22%2C%22eval%22%3A%221%22%2C%22fromPage%22%3A%22search%22%7D&pdp_npi=6%40dis%21USD%215.40%214.90%21%21%2136.67%2133.28%21%4021015b7d17768939358838784e8cef%2112000044462252307%21sea%21US%210%21ABX%211%210%21n_tag%3A-29910%3Bd%3A7753d89f%3Bm03_new_user%3A-29895%3BpisId%3A5000000204886261&curPageLogUid=Uvagin7P4CV0&utparam-url=scene%3Asearch%7Cquery_from%3A%7Cx_object_id%3A1005008279280771%7C_p_origin_prod%3A
100/500Pcs 1.4*3.5mm 3.5MM Screws for Samsung Galaxy Note 10 9 8 S21 S22 S23 S24 Ultra S10 S20 Plus Note 20 Ultra Screw Repair,$0.99 ,"https://ae-pic-a1.aliexpress-media.com/kf/S31ee74553166470b98ca9755f2af3203d.jpg_220x220q75.jpg_.avif,https://ae-pic-a1.aliexpress-media.com/kf/S0769a06a498c4777b0b5d03ebb3e17d5o.jpg_220x220q75.jpg_.avif,https://ae-pic-a1.aliexpress-media.com/kf/S7c673578e54a43f4bd3326143e835ca4G.jpg_220x220q75.jpg_.avif,https://ae-pic-a1.aliexpress-media.com/kf/Sb6d05e7c81fa465b8c7fd038ecb09057j.jpg_220x220q75.jpg_.avif,https://ae-pic-a1.aliexpress-media.com/kf/S121e961cf8fb4391bc09360b52496742J.jpg_220x220q75.jpg_.avif","['High-concerned chemical', 'None', 'With Magnetic', 'No', 'Pieces Included', '100PCS', 'Material', 'Other', 'Origin', 'Mainland China']",https://www.aliexpress.us/item/3256808872985960.html?algo_pvid=6f9ca26c-cf42-4294-9b9a-dc80f2ea5004&algo_exp_id=6f9ca26c-cf42-4294-9b9a-dc80f2ea5004-27&pdp_ext_f=%7B%22order%22%3A%22128%22%2C%22eval%22%3A%221%22%2C%22fromPage%22%3A%22search%22%7D&pdp_npi=6%40dis%21USD%211.49%210.99%21%21%2110.12%216.73%21%4021015b7d17768939358838784e8cef%2112000047761247053%21sea%21US%210%21ABX%211%210%21n_tag%3A-29910%3Bd%3A7753d89f%3Bm03_new_user%3A-29895%3BpisId%3A5000000204886261&curPageLogUid=2uF0Wn07Hmg5&utparam-url=scene%3Asearch%7Cquery_from%3A%7Cx_object_id%3A1005009059300712%7C_p_origin_prod%3A
JCID JC V1SE V1S Pro Battery Repair Flex Tag On For iPhone 11 12 13 14 15 Pro Max SE3 Removing Warning Battery External Cable,$9.07 ,"https://ae-pic-a1.aliexpress-media.com/kf/Sf5e57c52acb7472b8b92a1d310a82fd2S.jpg_220x220q75.jpg_.avif,https://ae-pic-a1.aliexpress-media.com/kf/Sf5e57c52acb7472b8b92a1d310a82fd2S.jpg_220x220q75.jpg_.avif,https://ae-pic-a1.aliexpress-media.com/kf/S4b3ead0568c84a5098236a751ea3da80y.jpg_220x220q75.jpg_.avif,https://ae-pic-a1.aliexpress-media.com/kf/S058acda9ee3f472fb7bb04b31a8994fbW.jpg_220x220q75.jpg_.avif,https://ae-pic-a1.aliexpress-media.com/kf/S5c566779fdd24aed8443f418cfc068895.jpg_220x220q75.jpg_.avif","['High-concerned chemical', 'None', 'With Magnetic', 'No', 'Model Number', 'For iPhone 11 to 14Promax', 'Pieces Included', 'Other', 'Material', 'Other', 'Brand Name', 'Vormir', 'Origin', 'Mainland China', 'Product Name', 'JCID Phone Battery Repair Cable', 'Funcation 1', 'Battery Data Read&Write', 'Funcation 2', 'Battery Health Warning Repair Error', 'Compatible Models 1', 'For iPhone 11 to 15Promax', 'Compatible Models 2', 'For iPhone SE 2022 A2783, A2595, A2785, A2782, A2784']",https://www.aliexpress.us/item/3256808041364010.html?algo_pvid=6f9ca26c-cf42-4294-9b9a-dc80f2ea5004&algo_exp_id=6f9ca26c-cf42-4294-9b9a-dc80f2ea5004-28&pdp_ext_f=%7B%22order%22%3A%22128%22%2C%22eval%22%3A%221%22%2C%22fromPage%22%3A%22search%22%7D&pdp_npi=6%40dis%21USD%2110.63%219.07%21%21%2110.63%219.07%21%4021015b7d17768939358838784e8cef%2112000044301943309%21sea%21US%210%21ABX%211%210%21n_tag%3A-29910%3Bd%3A7753d89f%3Bm03_new_user%3A-29895%3BpisId%3A5000000204886261&curPageLogUid=RCcIgGTiSjDS&utparam-url=scene%3Asearch%7Cquery_from%3A%7Cx_object_id%3A1005008227678762%7C_p_origin_prod%3A
W01 Type-C Inductance Tester Motherboard Coil Tester for Mobile Phone Component Fault Detection and Diagnosis Repair,$2.12 ,"https://ae-pic-a1.aliexpress-media.com/kf/S208c8a6f84314af494e8e2ce98c23b6do.jpg_220x220q75.jpg_.avif,https://ae-pic-a1.aliexpress-media.com/kf/S208c8a6f84314af494e8e2ce98c23b6do.jpg_220x220q75.jpg_.avif,https://ae-pic-a1.aliexpress-media.com/kf/Sf71f587e065744bea8fe91b91852706eh.png_220x220.png_.avif,https://ae-pic-a1.aliexpress-media.com/kf/Safefe14a14c740189ca49054ef3367e7v.jpg_220x220q75.jpg_.avif,https://ae-pic-a1.aliexpress-media.com/kf/Sf8a5e6bcfda349b68ed49bd3d525fa42q.jpg_220x220q75.jpg_.avif","['High-concerned chemical', 'None', 'With Magnetic', 'No', 'Model Number', 'Inductance Tester', 'Pieces Included', '6 in 1', 'Material', 'Plastic', 'Origin', 'Mainland China']",https://www.aliexpress.us/item/3256810137164199.html?algo_pvid=6f9ca26c-cf42-4294-9b9a-dc80f2ea5004&algo_exp_id=6f9ca26c-cf42-4294-9b9a-dc80f2ea5004-29&pdp_ext_f=%7B%22order%22%3A%22127%22%2C%22eval%22%3A%221%22%2C%22fromPage%22%3A%22search%22%7D&pdp_npi=6%40dis%21USD%212.62%212.12%21%21%2117.81%2114.42%21%4021015b7d17768939358838784e8cef%2112000051953772775%21sea%21US%210%21ABX%211%210%21n_tag%3A-29910%3Bd%3A7753d89f%3Bm03_new_user%3A-29895%3BpisId%3A5000000204886261&curPageLogUid=OBDgOQGsjEny&utparam-url=scene%3Asearch%7Cquery_from%3A%7Cx_object_id%3A1005010323478951%7C_p_origin_prod%3A
10/20pcs Metal Triangle Scraper For Mobile Phone Pry Opening Tool For iPad Tablets PC Teardown Repair Tool Kit Disassemble Shell,$1.49 ,"https://ae-pic-a1.aliexpress-media.com/kf/Sc1122f220a704e2896efdea6490fc5e7c.jpg_220x220q75.jpg_.avif,https://ae-pic-a1.aliexpress-media.com/kf/S98ef53c2d1d74f8cbc617f5197115a0av.jpg_220x220q75.jpg_.avif,https://ae-pic-a1.aliexpress-media.com/kf/S537aabedc9744c45a6aed201344b5d37R.jpg_220x220q75.jpg_.avif,https://ae-pic-a1.aliexpress-media.com/kf/S9d24a9461c844f6da6340e6d0765f42eR.jpg_220x220q75.jpg_.avif,https://ae-pic-a1.aliexpress-media.com/kf/S846caf3f1dc3403383913df65635d65fQ.jpg_220x220q75.jpg_.avif","['High-concerned chemical', 'None', 'With Magnetic', 'No', 'Model Number', '470274', 'Pieces Included', '-', 'Material', 'Other', 'Origin', 'Mainland China', 'Material', 'Stainless steel']",https://www.aliexpress.us/item/3256807521509998.html?algo_pvid=6f9ca26c-cf42-4294-9b9a-dc80f2ea5004&algo_exp_id=6f9ca26c-cf42-4294-9b9a-dc80f2ea5004-30&pdp_ext_f=%7B%22order%22%3A%22127%22%2C%22eval%22%3A%221%22%2C%22fromPage%22%3A%22search%22%7D&pdp_npi=6%40dis%21USD%211.99%211.49%21%21%211.99%211.49%21%4021015b7d17768939358838784e8cef%2112000041928031051%21sea%21US%210%21ABX%211%210%21n_tag%3A-29910%3Bd%3A7753d89f%3Bm03_new_user%3A-29895%3BpisId%3A5000000204886261&curPageLogUid=a77n3N2LTXZC&utparam-url=scene%3Asearch%7Cquery_from%3A%7Cx_object_id%3A1005007707824750%7C_p_origin_prod%3A
iFixes Carbon Fiber Opening Tool High temperature resistance LCD Screen Disassembly Card Phone Repair Tool Kit,$1.63 ,"https://ae-pic-a1.aliexpress-media.com/kf/S22e8dd5f694a458c8b77f3d5319d6e833.jpg_220x220q75.jpg_.avif,https://ae-pic-a1.aliexpress-media.com/kf/Sba51c2bf68b74255ac58e3679cbcf7d8E.jpg_220x220q75.jpg_.avif,https://ae-pic-a1.aliexpress-media.com/kf/S407652eea0a847bebd0c28125f2bf586I.jpg_220x220q75.jpg_.avif,https://ae-pic-a1.aliexpress-media.com/kf/Sa1beb11e11e44ca3924f02bfa2c75066C.jpg_220x220q75.jpg_.avif,https://ae-pic-a1.aliexpress-media.com/kf/Sece2af44b3154f16a8aed95de8d205b3p.jpg_220x220q75.jpg_.avif","['High-concerned chemical', 'None', 'Pieces Included', '1', 'Material', 'Other', 'Origin', 'Mainland China']",https://www.aliexpress.us/item/3256807341326398.html?algo_pvid=6f9ca26c-cf42-4294-9b9a-dc80f2ea5004&algo_exp_id=6f9ca26c-cf42-4294-9b9a-dc80f2ea5004-31&pdp_ext_f=%7B%22order%22%3A%22127%22%2C%22eval%22%3A%221%22%2C%22fromPage%22%3A%22search%22%7D&pdp_npi=6%40dis%21USD%212.13%211.63%21%21%2114.48%2111.09%21%4021015b7d17768939358838784e8cef%2112000041162941937%21sea%21US%210%21ABX%211%210%21n_tag%3A-29910%3Bd%3A7753d89f%3Bm03_new_user%3A-29895%3BpisId%3A5000000204886261&curPageLogUid=LeZYNQ3Vq6EN&utparam-url=scene%3Asearch%7Cquery_from%3A%7Cx_object_id%3A1005007527641150%7C_p_origin_prod%3A
RELIFE Solder Wick No-Clean Copper Desoldering Braid Low Residue Tin Repair Tool RL-1520 RL-2020 RL-2520 RL-3020 RL-3520,$0.99 ,"https://ae-pic-a1.aliexpress-media.com/kf/S465764d230df4a47ad152c4e66e2680fY.png_220x220.png_.avif,https://ae-pic-a1.aliexpress-media.com/kf/S465764d230df4a47ad152c4e66e2680fY.png_220x220.png_.avif,https://ae-pic-a1.aliexpress-media.com/kf/Sd0ff6a3e50644ba7a9ad9fe2f94ec0ebH.jpg_220x220q75.jpg_.avif,https://ae-pic-a1.aliexpress-media.com/kf/S09180e219ee34ac79edf5c1c5f135d60l.jpg_220x220q75.jpg_.avif,https://ae-pic-a1.aliexpress-media.com/kf/S2e1959e2217142c0ac58d9b48f5067adY.jpg_220x220q75.jpg_.avif","['High-concerned chemical', 'None', 'With Magnetic', 'No', 'Model Number', 'RL-1520 RL-2020 RL-2520 RL-3020 RL-3520', 'Pieces Included', '6 in 1', 'Material', 'Other', 'Origin', 'Mainland China', 'Weight', '30g,Tin', 'Product Size', '125*55*21.5mm', 'Package Size', '92*166mm', 'Length', '2m', 'Net weight', '28.9g/29.4g/30.3g/30.8g/31.2g', 'Gross weight', '31.9g/32.4g/33.3g/33.8g/34.2g', 'Featrue 1', 'Fixed line assembly', 'Featrue 2', 'Stainless steel anti-scalding cooling nozzle', 'Featrue 3', 'Grip quality housing design']",https://www.aliexpress.us/item/3256805658906378.html?algo_pvid=6f9ca26c-cf42-4294-9b9a-dc80f2ea5004&algo_exp_id=6f9ca26c-cf42-4294-9b9a-dc80f2ea5004-32&pdp_ext_f=%7B%22order%22%3A%22127%22%2C%22eval%22%3A%221%22%2C%22fromPage%22%3A%22search%22%7D&pdp_npi=6%40dis%21USD%215.41%210.99%21%21%2136.76%216.75%21%4021015b7d17768939358838784e8cef%2112000034553273708%21sea%21US%210%21ABX%211%210%21n_tag%3A-29910%3Bd%3A7753d89f%3Bm03_new_user%3A-29895%3BpisId%3A5000000203537387&curPageLogUid=L470fBU5bV0L&utparam-url=scene%3Asearch%7Cquery_from%3A%7Cx_object_id%3A1005005845221130%7C_p_origin_prod%3A
Screen/Back Glass Cover Housing Opening Tool Disassembly Tool For iPhone 15 pro max Glass Remove Open Repair Phone Repair Tools,$0.99 ,"https://ae-pic-a1.aliexpress-media.com/kf/Sb416fa5202cc4789880ab394c2c01874S.jpg_220x220q75.jpg_.avif,https://ae-pic-a1.aliexpress-media.com/kf/Sb416fa5202cc4789880ab394c2c01874S.jpg_220x220q75.jpg_.avif,https://ae-pic-a1.aliexpress-media.com/kf/See359e25e82c4fb89079670db71401cbK.jpg_220x220q75.jpg_.avif,https://ae-pic-a1.aliexpress-media.com/kf/S3ac2941169404d9fbc1eead4d7a87d67j.jpg_220x220q75.jpg_.avif,https://ae-pic-a1.aliexpress-media.com/kf/S49c87e2d522e43878c66bbc059d82686x.jpg_220x220q75.jpg_.avif","['High-concerned chemical', 'None', 'With Magnetic', 'No', 'Pieces Included', '10 in 1', 'Material', 'High Carbon Steel', 'Brand Name', 'fonlyu', 'Origin', 'Mainland China']",https://www.aliexpress.us/item/3256805918895102.html?algo_pvid=6f9ca26c-cf42-4294-9b9a-dc80f2ea5004&algo_exp_id=6f9ca26c-cf42-4294-9b9a-dc80f2ea5004-34&pdp_ext_f=%7B%22order%22%3A%22126%22%2C%22eval%22%3A%221%22%2C%22fromPage%22%3A%22search%22%7D&pdp_npi=6%40dis%21USD%212.57%210.99%21%21%212.57%210.99%21%4021015b7d17768939358838784e8cef%2112000035767477283%21sea%21US%210%21ABX%211%210%21n_tag%3A-29910%3Bd%3A7753d89f%3Bm03_new_user%3A-29895%3BpisId%3A5000000204886261&curPageLogUid=ovF4AhRr6uBq&utparam-url=scene%3Asearch%7Cquery_from%3A%7Cx_object_id%3A1005006105209854%7C_p_origin_prod%3A
Back Cover Glass Disassembly Tool for iPhone X Xs Max 11 12 13 14 15 16 Pro Max Repair Rear Housing Glass Remove Opening Tools,$2.34 ,"https://ae-pic-a1.aliexpress-media.com/kf/S92cde91a7a1748808f842a8e5ba0f5fcb.jpg_220x220q75.jpg_.avif,https://ae-pic-a1.aliexpress-media.com/kf/S92cde91a7a1748808f842a8e5ba0f5fcb.jpg_220x220q75.jpg_.avif,https://ae-pic-a1.aliexpress-media.com/kf/Sc32ada5bde214f9e826681da789707b2w.jpg_220x220q75.jpg_.avif,https://ae-pic-a1.aliexpress-media.com/kf/S33791560ef784c85b2c9a767ed6d282aG.jpg_220x220q75.jpg_.avif,https://ae-pic-a1.aliexpress-media.com/kf/Sd1b07836970d4f35bb5944a86eca1df8z.jpg_220x220q75.jpg_.avif","['High-concerned chemical', 'None', 'With Magnetic', 'No', 'Model Number', 'MAIJIEKE-BGR001', 'Pieces Included', '10 in 1', 'Material', 'Other', 'Brand Name', 'MAIJIEKE', 'Origin', 'Mainland China']",https://www.aliexpress.us/item/3256805695080108.html?algo_pvid=6f9ca26c-cf42-4294-9b9a-dc80f2ea5004&algo_exp_id=6f9ca26c-cf42-4294-9b9a-dc80f2ea5004-35&pdp_ext_f=%7B%22order%22%3A%22126%22%2C%22eval%22%3A%221%22%2C%22fromPage%22%3A%22search%22%7D&pdp_npi=6%40dis%21USD%212.84%212.34%21%21%212.84%212.34%21%4021015b7d17768939358838784e8cef%2112000034686793355%21sea%21US%210%21ABX%211%210%21n_tag%3A-29910%3Bd%3A7753d89f%3Bm03_new_user%3A-29895%3BpisId%3A5000000204886261&curPageLogUid=Poar09mp3HCS&utparam-url=scene%3Asearch%7Cquery_from%3A%7Cx_object_id%3A1005005881394860%7C_p_origin_prod%3A
100PCS Phone Package Box Paper Seal Sticker For Phone 17e 17 16e 16 Pro Max Watch S9 10 Ultra Airpods Outer Packing Wrap Sealing,$20.57 ,"https://ae-pic-a1.aliexpress-media.com/kf/S955767b562054b858dfcc5572c2dde3f1.jpg_220x220q75.jpg_.avif,https://ae-pic-a1.aliexpress-media.com/kf/S955767b562054b858dfcc5572c2dde3f1.jpg_220x220q75.jpg_.avif,https://ae-pic-a1.aliexpress-media.com/kf/S7d8169eac6484f9ea29a8485df4b9a256.jpg_220x220q75.jpg_.avif,https://ae-pic-a1.aliexpress-media.com/kf/Se4b0169a6ad249e9bc98e58fc8151c91q.jpg_220x220q75.jpg_.avif,https://ae-pic-a1.aliexpress-media.com/kf/S671aeb904f444cee8fca9609f49271426.jpg_220x220q75.jpg_.avif","['High-concerned chemical', 'None', 'With Magnetic', 'No', 'Model Number', '13 mini 14 Pro Max SE3', 'Pieces Included', '108 in 1', 'Material', 'Other', 'Origin', 'Mainland China', 'Function', 'For Box Sealing', 'Compatible1', 'For ip14 14Plus 14pro 14Promax', 'Compatible2', 'For IP15 15Plus 15Pro 15Promax', 'Compatible3', 'For IP16 16Plus 16Pro 16Promax', 'Compatible4', 'For IP17 17Air 17Pro 17Promax']",https://www.aliexpress.us/item/3256805015949582.html?algo_pvid=6f9ca26c-cf42-4294-9b9a-dc80f2ea5004&algo_exp_id=6f9ca26c-cf42-4294-9b9a-dc80f2ea5004-36&pdp_ext_f=%7B%22order%22%3A%22126%22%2C%22eval%22%3A%221%22%2C%22fromPage%22%3A%22search%22%7D&pdp_npi=6%40dis%21USD%2121.07%2120.57%21%21%2121.07%2120.57%21%4021015b7d17768939358838784e8cef%2112000032133753007%21sea%21US%210%21ABX%211%210%21n_tag%3A-29910%3Bd%3A7753d89f%3Bm03_new_user%3A-29895%3BpisId%3A5000000204886261&curPageLogUid=f03PaXOGNTCz&utparam-url=scene%3Asearch%7Cquery_from%3A%7Cx_object_id%3A1005005202264334%7C_p_origin_prod%3A
1/3/5 Pcs Ultra Thin Curved LCD Screen Spudger Opening Pry Card Tool Disassemble Stainless Steel Metal Mobile Phone Repair Tools,$0.99 ,"https://ae-pic-a1.aliexpress-media.com/kf/S1b6fc570582840d5a3d33bb1f7f8185fr.jpg_220x220q75.jpg_.avif,https://ae-pic-a1.aliexpress-media.com/kf/S18ef56434b534c328bd64bd23e62355e7.jpg_220x220q75.jpg_.avif,https://ae-pic-a1.aliexpress-media.com/kf/Sdbd39fd2af8c4677a300901d883d8e7aI.jpg_220x220q75.jpg_.avif,https://ae-pic-a1.aliexpress-media.com/kf/S3e7a50dcdc99473888d06baf1d18dd8de.jpg_220x220q75.jpg_.avif,https://ae-pic-a1.aliexpress-media.com/kf/Sbed74d6908d74a798fad644a1deeb0fcs.jpg_220x220q75.jpg_.avif","['High-concerned chemical', 'None', 'With Magnetic', 'No', 'Pieces Included', '1pcs 2pcs 3pcs 5pcs', 'Material', 'Plastic', 'Brand Name', 'KAFNHCKA', 'Origin', 'Mainland China']",https://www.aliexpress.us/item/3256810579971741.html?algo_pvid=6f9ca26c-cf42-4294-9b9a-dc80f2ea5004&algo_exp_id=6f9ca26c-cf42-4294-9b9a-dc80f2ea5004-38&pdp_ext_f=%7B%22order%22%3A%22125%22%2C%22eval%22%3A%221%22%2C%22fromPage%22%3A%22search%22%7D&pdp_npi=6%40dis%21USD%214.24%210.99%21%21%2128.78%216.72%21%4021015b7d17768939358838784e8cef%2112000053437057715%21sea%21US%210%21ABX%211%210%21n_tag%3A-29910%3Bd%3A7753d89f%3Bm03_new_user%3A-29895%3BpisId%3A5000000203537387&curPageLogUid=WgJZcWDMV837&utparam-url=scene%3Asearch%7Cquery_from%3A%7Cx_object_id%3A1005010766286493%7C_p_origin_prod%3A
WYLIE For iPhone 15 Plus Esim To Dual Sim Card Change Dual Card Assembly No N‮ee‬d ‮S‬ep‮ra‬ati‮no‬ No Damage Phone Repair Tool,$6.55 ,"https://ae-pic-a1.aliexpress-media.com/kf/S8bb1866dffdc4ad2a1d181d4328d47b4Y.jpg_220x220q75.jpg_.avif,https://ae-pic-a1.aliexpress-media.com/kf/S8bb1866dffdc4ad2a1d181d4328d47b4Y.jpg_220x220q75.jpg_.avif,https://ae-pic-a1.aliexpress-media.com/kf/S0d2a27e6304e421e8648da2035dec315m.jpg_220x220q75.jpg_.avif,https://ae-pic-a1.aliexpress-media.com/kf/S8020f6f7ac764531a4973373fd7215fdf.jpg_220x220q75.jpg_.avif,https://ae-pic-a1.aliexpress-media.com/kf/S99eee51af4dc4207a2cc4a2a9bfe8b5ej.jpg_220x220q75.jpg_.avif","['High-concerned chemical', 'None', 'Pieces Included', '1', 'Material', 'Other', 'Origin', 'Mainland China']",https://www.aliexpress.us/item/3256807340429587.html?algo_pvid=6f9ca26c-cf42-4294-9b9a-dc80f2ea5004&algo_exp_id=6f9ca26c-cf42-4294-9b9a-dc80f2ea5004-39&pdp_ext_f=%7B%22order%22%3A%22125%22%2C%22eval%22%3A%221%22%2C%22fromPage%22%3A%22search%22%7D&pdp_npi=6%40dis%21USD%217.05%216.55%21%21%2147.85%2144.46%21%4021015b7d17768939358838784e8cef%2112000056583085741%21sea%21US%210%21ABX%211%210%21n_tag%3A-29910%3Bd%3A7753d89f%3Bm03_new_user%3A-29895%3BpisId%3A5000000204886261&curPageLogUid=os3VdXE92nNn&utparam-url=scene%3Asearch%7Cquery_from%3A%7Cx_object_id%3A1005007526744339%7C_p_origin_prod%3A
IP 12 to 17series built in r sim db Double slot Card flex for IP12 to IP17,$5.00 ,"https://ae-pic-a1.aliexpress-media.com/kf/Se992ec2210bd4d9fb947b4e55a7c5d74c.jpg_220x220q75.jpg_.avif,https://ae-pic-a1.aliexpress-media.com/kf/S1aa5300016bf41aa9a9c9c1e1b050694F.jpg_220x220q75.jpg_.avif,https://ae-pic-a1.aliexpress-media.com/kf/S812972daf34d4ea7af3cd62d34a2bbf7p.jpg_220x220q75.jpg_.avif,https://ae-pic-a1.aliexpress-media.com/kf/S6d25b62c8fa245709c175c690b33ed4an.png_220x220.png_.avif,https://ae-pic-a1.aliexpress-media.com/kf/Sa53539fc5b064c409023d3c111938047J.jpg_220x220q75.jpg_.avif","['High-concerned chemical', 'None', 'With Magnetic', 'No', 'Model Number', 'db Double slot Card flex', 'Pieces Included', '1', 'Material', 'Other', 'Origin', 'Mainland China', 'Name', 'db Double slot Card flex']",https://www.aliexpress.us/item/3256810146624903.html?algo_pvid=6f9ca26c-cf42-4294-9b9a-dc80f2ea5004&algo_exp_id=6f9ca26c-cf42-4294-9b9a-dc80f2ea5004-40&pdp_ext_f=%7B%22order%22%3A%22124%22%2C%22eval%22%3A%221%22%2C%22fromPage%22%3A%22search%22%7D&pdp_npi=6%40dis%21USD%215.50%215.00%21%21%215.50%215.00%21%4021015b7d17768939358838784e8cef%2112000053177376543%21sea%21US%210%21ABX%211%210%21n_tag%3A-29910%3Bd%3A7753d89f%3Bm03_new_user%3A-29895%3BpisId%3A5000000204886261&curPageLogUid=J1MPtAG2Uwj0&utparam-url=scene%3Asearch%7Cquery_from%3A%7Cx_object_id%3A1005010332939655%7C_p_origin_prod%3A
3PCS Repair Opening Pry Hand Tool Kit Blade Smart Phone Tablet PC Metal Spudger Disassemble Tools Set,$0.99 ,"https://ae-pic-a1.aliexpress-media.com/kf/S972a22859c0044cfa5f2e83a5f2a7415M.jpg_220x220q75.jpg_.avif,https://ae-pic-a1.aliexpress-media.com/kf/S40908520ee094324805a50c282805a12s.jpg_220x220q75.jpg_.avif,https://ae-pic-a1.aliexpress-media.com/kf/Sfde10697b8a6425c83f711e015e3eb73q.jpg?has_lang=1&ver=1_220x220q75.jpg_.avif,https://ae-pic-a1.aliexpress-media.com/kf/Sd3d7e13a2f1d42c48d2dcb87a95f7d131.jpg_220x220q75.jpg_.avif,https://ae-pic-a1.aliexpress-media.com/kf/S1236153a36e247cfb50823072594b112u.jpg_220x220q75.jpg_.avif","['High-concerned chemical', 'None', 'With Magnetic', 'No', 'Model Number', 'WTT0348', 'Pieces Included', '30 in 1', 'Material', 'Chrome Vanadium Steel', 'Origin', 'Mainland China']",https://www.aliexpress.us/item/3256809511501707.html?algo_pvid=6f9ca26c-cf42-4294-9b9a-dc80f2ea5004&algo_exp_id=6f9ca26c-cf42-4294-9b9a-dc80f2ea5004-41&pdp_ext_f=%7B%22order%22%3A%22124%22%2C%22eval%22%3A%221%22%2C%22fromPage%22%3A%22search%22%7D&pdp_npi=6%40dis%21USD%216.61%210.99%21%21%2144.89%216.75%21%4021015b7d17768939358838784e8cef%2112000049886340101%21sea%21US%210%21ABX%211%210%21n_tag%3A-29910%3Bd%3A7753d89f%3Bm03_new_user%3A-29895%3BpisId%3A5000000203537387&curPageLogUid=eMjrE82NKuT5&utparam-url=scene%3Asearch%7Cquery_from%3A%7Cx_object_id%3A1005009697816459%7C_p_origin_prod%3A
MECHANIC Power Pro Max 2.0 16 FPC One-button Start Boot Line Power Supply Test Cable Type-C Input for IPhone 6-16 Pro Max,$12.42 ,"https://ae-pic-a1.aliexpress-media.com/kf/S6548adae130342a4ae2d0eed2243086cS.jpg_220x220q75.jpg_.avif,https://ae-pic-a1.aliexpress-media.com/kf/S6548adae130342a4ae2d0eed2243086cS.jpg_220x220q75.jpg_.avif,https://ae-pic-a1.aliexpress-media.com/kf/Sf3e7d496b2c442faabf70432c3241f42g.jpg_220x220q75.jpg_.avif,https://ae-pic-a1.aliexpress-media.com/kf/S9a6ea97d75eb46da8f831e909e9fb2a99.jpg_220x220q75.jpg_.avif,https://ae-pic-a1.aliexpress-media.com/kf/S3f269122dd514aad899da17cc6c53670p.jpg_220x220q75.jpg_.avif","['High-concerned chemical', 'None', 'Model Number', 'MECHANIC Power Pro Max 2.0', 'Pieces Included', '1', 'Material', 'Other', 'Brand Name', 'BRESUN', 'Origin', 'Mainland China', 'Brand Name', 'MECHANIC', 'Interface', 'Four Type-C interface']",https://www.aliexpress.us/item/3256807390384267.html?algo_pvid=6f9ca26c-cf42-4294-9b9a-dc80f2ea5004&algo_exp_id=6f9ca26c-cf42-4294-9b9a-dc80f2ea5004-42&pdp_ext_f=%7B%22order%22%3A%22124%22%2C%22eval%22%3A%221%22%2C%22fromPage%22%3A%22search%22%7D&pdp_npi=6%40dis%21USD%2112.92%2112.42%21%21%2112.92%2112.42%21%4021015b7d17768939358838784e8cef%2112000041360375728%21sea%21US%210%21ABX%211%210%21n_tag%3A-29910%3Bd%3A7753d89f%3Bm03_new_user%3A-29895%3BpisId%3A5000000204886261&curPageLogUid=w8Wl7NCrHoG7&utparam-url=scene%3Asearch%7Cquery_from%3A%7Cx_object_id%3A1005007576699019%7C_p_origin_prod%3A
WYLIE For iPhone 14 Pro Max US Version Change Single Card Flex Cable Assembly eSIM To SIM No N‮ee‬d Sep‮ra‬ati‮no‬ No Damage,$1.99 ,"https://ae-pic-a1.aliexpress-media.com/kf/S4bbecda8fbba415aa50b8d18c4b4938d3.jpg_220x220q75.jpg_.avif,https://ae-pic-a1.aliexpress-media.com/kf/S4bbecda8fbba415aa50b8d18c4b4938d3.jpg_220x220q75.jpg_.avif,https://ae-pic-a1.aliexpress-media.com/kf/Sb59badfd0ca74deb836b0302b6eb7f17J.jpg_220x220q75.jpg_.avif,https://ae-pic-a1.aliexpress-media.com/kf/S9bca4e1d7cab40828f53c1ad1bd9bcfd7.jpg_220x220q75.jpg_.avif,https://ae-pic-a1.aliexpress-media.com/kf/Seadc9b78400c4fc4a2f434ccdb43ac3bP.jpg_220x220q75.jpg_.avif","['High-concerned chemical', 'None', 'Pieces Included', '1', 'Material', 'Other', 'Brand Name', 'manumoc', 'Origin', 'Mainland China']",https://www.aliexpress.us/item/3256804955763457.html?algo_pvid=6f9ca26c-cf42-4294-9b9a-dc80f2ea5004&algo_exp_id=6f9ca26c-cf42-4294-9b9a-dc80f2ea5004-43&pdp_ext_f=%7B%22order%22%3A%22124%22%2C%22eval%22%3A%221%22%2C%22fromPage%22%3A%22search%22%7D&pdp_npi=6%40dis%21USD%212.49%211.99%21%21%2116.93%2113.54%21%4021015b7d17768939358838784e8cef%2112000031830209362%21sea%21US%210%21ABX%211%210%21n_tag%3A-29910%3Bd%3A7753d89f%3Bm03_new_user%3A-29895%3BpisId%3A5000000204886261&curPageLogUid=WVEejnU6jdt2&utparam-url=scene%3Asearch%7Cquery_from%3A%7Cx_object_id%3A1005005142078209%7C_p_origin_prod%3A
10pcs FAKEN Ceramic Blade For LCD Screen OCA Glue Remover Cleaning Phone Repair Tools,$7.14/lot,"https://ae-pic-a1.aliexpress-media.com/kf/Scafaab8438854fbdbd669d78b07138ccY.jpg_220x220q75.jpg_.avif,https://ae-pic-a1.aliexpress-media.com/kf/Scafaab8438854fbdbd669d78b07138ccY.jpg_220x220q75.jpg_.avif,https://ae-pic-a1.aliexpress-media.com/kf/S2dc2098df294422c9b84178313d5c9e5j.jpg_220x220q75.jpg_.avif,https://ae-pic-a1.aliexpress-media.com/kf/S9355b99438e747a98429003a91f0d8aco.jpg_220x220q75.jpg_.avif,https://ae-pic-a1.aliexpress-media.com/kf/Sf195b3ca8a814b24a8fa858ecf61c078k.jpg_220x220q75.jpg_.avif","['High-concerned chemical', 'None', 'Pieces Included', '1', 'Material', 'Other', 'Origin', 'Mainland China']",https://www.aliexpress.us/item/3256804953825481.html?algo_pvid=6f9ca26c-cf42-4294-9b9a-dc80f2ea5004&algo_exp_id=6f9ca26c-cf42-4294-9b9a-dc80f2ea5004-44&pdp_ext_f=%7B%22order%22%3A%22124%22%2C%22eval%22%3A%221%22%2C%22fromPage%22%3A%22search%22%7D&pdp_npi=6%40dis%21USD%217.64%217.14%21%21%2151.90%2148.51%21%4021015b7d17768939358838784e8cef%2112000031821848871%21sea%21US%210%21ABX%211%210%21n_tag%3A-29910%3Bd%3A7753d89f%3Bm03_new_user%3A-29895%3BpisId%3A5000000204886261&curPageLogUid=fKUHJanCOYG7&utparam-url=scene%3Asearch%7Cquery_from%3A%7Cx_object_id%3A1005005140140233%7C_p_origin_prod%3A
3PCS Smart Phone Repair Tools Kit Opening Pry Hand Tool Kit Blade Metal Spudger Disassemble Tools For APPLE Tablet PC,$2.76 ,"https://ae-pic-a1.aliexpress-media.com/kf/S2b700114e1964d6eb9dd9aa342ce3083a.jpg?has_lang=1&ver=1_220x220q75.jpg_.avif,https://ae-pic-a1.aliexpress-media.com/kf/S0811914495ad4f3ebd2180259806084ey.jpg_220x220q75.jpg_.avif,https://ae-pic-a1.aliexpress-media.com/kf/S6b7f3f38c94e4093a6aaa02354c460b8A.jpg_220x220q75.jpg_.avif,https://ae-pic-a1.aliexpress-media.com/kf/Sdfdcd3e65d454b409d02e37bd6a63709f.jpg?has_lang=1&ver=1_220x220q75.jpg_.avif,https://ae-pic-a1.aliexpress-media.com/kf/S7a807267c384434b9aa44335973daca5D.jpg_220x220q75.jpg_.avif","['High-concerned chemical', 'None', 'Pieces Included', '3', 'Material', 'Chrome Vanadium Steel', 'Origin', 'Mainland China']",https://www.aliexpress.us/item/3256809302167131.html?algo_pvid=6f9ca26c-cf42-4294-9b9a-dc80f2ea5004&algo_exp_id=6f9ca26c-cf42-4294-9b9a-dc80f2ea5004-46&pdp_ext_f=%7B%22order%22%3A%22122%22%2C%22eval%22%3A%221%22%2C%22fromPage%22%3A%22search%22%7D&pdp_npi=6%40dis%21USD%216.52%212.76%21%21%2144.29%2118.75%21%4021015b7d17768939358838784e8cef%2112000049259687390%21sea%21US%210%21ABX%211%210%21n_tag%3A-29910%3Bd%3A7753d89f%3Bm03_new_user%3A-29895%3BpisId%3A5000000204886261&curPageLogUid=o5JIB3IcqowA&utparam-url=scene%3Asearch%7Cquery_from%3A%7Cx_object_id%3A1005009488481883%7C_p_origin_prod%3A
Heicardsim TMSI PRO QPE for iP6 6s 7 8plus X Xr Xsmax 111213 Pm More Stable IOS 16.1,$219.95 ,"https://ae-pic-a1.aliexpress-media.com/kf/S392cb55685b947afb8bdf713d16e7382Z.jpg?has_lang=1&ver=2_220x220q75.jpg_.avif,https://ae-pic-a1.aliexpress-media.com/kf/Sf87d9ce57e314f61a98d458398536041t.jpg?has_lang=1&ver=2_220x220q75.jpg_.avif,https://ae-pic-a1.aliexpress-media.com/kf/Sd72032cb5d0d4389b391239678d085beF.jpg?has_lang=1&ver=2_220x220q75.jpg_.avif,https://ae-pic-a1.aliexpress-media.com/kf/Sd264beb040164fd4bfffba2ff742858bs.jpg?has_lang=1&ver=2_220x220q75.jpg_.avif,https://ae-pic-a1.aliexpress-media.com/kf/S12487303dd84487f9af2a7857e361c14x.jpg?has_lang=1&ver=2_220x220q75.jpg_.avif","['With Magnetic', 'No', 'Model Number', 'heicardsim V2.0', 'Pieces Included', '1', 'Material', 'Other', 'Origin', 'Mainland China', 'Name', 'heicardsim V2.0']",https://www.aliexpress.us/item/3256805007480309.html?algo_pvid=6f9ca26c-cf42-4294-9b9a-dc80f2ea5004&algo_exp_id=6f9ca26c-cf42-4294-9b9a-dc80f2ea5004-47&pdp_ext_f=%7B%22order%22%3A%22122%22%2C%22eval%22%3A%221%22%2C%22fromPage%22%3A%22search%22%7D&pdp_npi=6%40dis%21USD%21220.45%21219.95%21%21%21220.45%21219.95%21%4021015b7d17768939358838784e8cef%2112000032072922246%21sea%21US%210%21ABX%211%210%21n_tag%3A-29910%3Bd%3A7753d89f%3Bm03_new_user%3A-29895%3BpisId%3A5000000204886261&curPageLogUid=iJaIWCtNdLJe&utparam-url=scene%3Asearch%7Cquery_from%3A%7Cx_object_id%3A1005005193795061%7C_p_origin_prod%3A
Direct Heating 90*90MM BGA Stencil For Benz Audi Car Chip SAK-TC1797 SAK-TC1796 MPC5566 512F180EF SAK-TC1797 Ball Stencil,$9.00 ,"https://ae-pic-a1.aliexpress-media.com/kf/H33ed377204424614b61c5cee289e12abx.jpg_220x220q75.jpg_.avif,https://ae-pic-a1.aliexpress-media.com/kf/H1b58d8a035f349efa14ef261c6ab2bf5r.jpg_220x220q75.jpg_.avif,https://ae-pic-a1.aliexpress-media.com/kf/H1b58d8a035f349efa14ef261c6ab2bf5r.jpg_220x220q75.jpg_.avif,https://ae-pic-a1.aliexpress-media.com/kf/H226bfc962c7d4f759b17380906d0732e3.jpg_220x220q75.jpg_.avif","['High-concerned chemical', 'None', 'With Magnetic', 'No', 'Model Number', 'For Benz Audi car chip SAK-TC1797 SAK-TC1796 Stencil', 'Pieces Included', '1', 'Material', 'Other', 'Origin', 'Mainland China', 'Material', 'Made of imported stainless steel plate', 'Fineness', 'customize new stencils', 'Name', 'For Benz Audi car chip SAK-TC1797 SAK-TC1796 Stencil', 'Specifications', 'Chip size/80*80/90*90', 'stencils model 1', 'For Benz Audi car chip SAK-TC1797 SAK-TC1796']",https://www.aliexpress.us/item/3256803095969582.html?algo_pvid=6f9ca26c-cf42-4294-9b9a-dc80f2ea5004&algo_exp_id=6f9ca26c-cf42-4294-9b9a-dc80f2ea5004-48&pdp_ext_f=%7B%22order%22%3A%22121%22%2C%22eval%22%3A%221%22%2C%22fromPage%22%3A%22search%22%7D&pdp_npi=6%40dis%21USD%219.50%219.00%21%21%219.50%219.00%21%4021015b7d17768939358838784e8cef%2112000025007439470%21sea%21US%210%21ABX%211%210%21n_tag%3A-29910%3Bd%3A7753d89f%3Bm03_new_user%3A-29895%3BpisId%3A5000000204886261&curPageLogUid=I5aLlBrpOM9A&utparam-url=scene%3Asearch%7Cquery_from%3A%7Cx_object_id%3A1005003282284334%7C_p_origin_prod%3A
Lanrui U8 Alloy Piercing And Sliding Drill Bit Quickly Remove The Slipped Screws Without Damaging The Frame Phone Repair Tool,$1.49 ,"https://ae-pic-a1.aliexpress-media.com/kf/S7155e85058e045cf9bde9c6f85a27944k.jpg_220x220q75.jpg_.avif,https://ae-pic-a1.aliexpress-media.com/kf/S7155e85058e045cf9bde9c6f85a27944k.jpg_220x220q75.jpg_.avif,https://ae-pic-a1.aliexpress-media.com/kf/S64f07d1b0ff840ffab81a081ac43f6e76.jpg_220x220q75.jpg_.avif,https://ae-pic-a1.aliexpress-media.com/kf/Sdf630d3910dc4f7da85cc7f52c19896d8.jpg_220x220q75.jpg_.avif,https://ae-pic-a1.aliexpress-media.com/kf/S3e3bad3191734bdb86cec0aaf89d9dc3u.jpg_220x220q75.jpg_.avif","['High-concerned chemical', 'None', 'Model Number', 'Lanrui U8 Alloy Piercing And Sliding Drill Bit', 'Pieces Included', 'other', 'Material', 'Other', 'Origin', 'Mainland China', 'Feature', 'Quickly remove the slipped screws without damaging frame']",https://www.aliexpress.us/item/3256809641673408.html?algo_pvid=6f9ca26c-cf42-4294-9b9a-dc80f2ea5004&algo_exp_id=6f9ca26c-cf42-4294-9b9a-dc80f2ea5004-49&pdp_ext_f=%7B%22order%22%3A%22120%22%2C%22eval%22%3A%221%22%2C%22fromPage%22%3A%22search%22%7D&pdp_npi=6%40dis%21USD%212.85%211.49%21%21%212.85%211.49%21%4021015b7d17768939358838784e8cef%2112000050477045343%21sea%21US%210%21ABX%211%210%21n_tag%3A-29910%3Bd%3A7753d89f%3Bm03_new_user%3A-29895%3BpisId%3A5000000204886261&curPageLogUid=yKopsLrjxg0r&utparam-url=scene%3Asearch%7Cquery_from%3A%7Cx_object_id%3A1005009827988160%7C_p_origin_prod%3A
Newest Well Sim With QPE for 6S/SE/7/8/X/XR/XSM/11/12PM/13/14PM/15 series/16 series,$75.00 ,"https://ae-pic-a1.aliexpress-media.com/kf/Sf3b76d83bbb748c9936ab04cefd9f3b9S.jpg?has_lang=1&ver=1_220x220q75.jpg_.avif,https://ae-pic-a1.aliexpress-media.com/kf/Sf3b76d83bbb748c9936ab04cefd9f3b9S.jpg?has_lang=1&ver=1_220x220q75.jpg_.avif,https://ae-pic-a1.aliexpress-media.com/kf/S64b768e23ee84b8f942fe45b624b8b7fM.jpg?has_lang=1&ver=1_220x220q75.jpg_.avif,https://ae-pic-a1.aliexpress-media.com/kf/S499c09cc524f467fbb01a70faf9275e6X.jpg?has_lang=1&ver=1_220x220q75.jpg_.avif,https://ae-pic-a1.aliexpress-media.com/kf/S02ac3b2765324994885afef981e719b78.jpg?has_lang=1&ver=1_220x220q75.jpg_.avif","['High-concerned chemical', 'None', 'With Magnetic', 'No', 'Model Number', 'wellsim pro V3.9', 'Pieces Included', '1', 'Material', 'Other', 'Origin', 'Mainland China', 'Name', 'wellsim pro V3.9', 'quality', 'Best', 'Color', 'yellow', 'Feature 1', 'with QPE /TMSI / ICCID Mode', 'Feature 2', 'electricity saving and perfect durability', 'shipping', 'fast shipping']",https://www.aliexpress.us/item/3256806446596771.html?algo_pvid=6f9ca26c-cf42-4294-9b9a-dc80f2ea5004&algo_exp_id=6f9ca26c-cf42-4294-9b9a-dc80f2ea5004-50&pdp_ext_f=%7B%22order%22%3A%22120%22%2C%22eval%22%3A%221%22%2C%22fromPage%22%3A%22search%22%7D&pdp_npi=6%40dis%21USD%2175.00%2175.00%21%21%2175.00%2175.00%21%4021015b7d17768939358838784e8cef%2112000037880754526%21sea%21US%210%21ABX%211%210%21n_tag%3A-29910%3Bd%3A7753d89f%3Bm03_new_user%3A-29895&curPageLogUid=KzdEc986YWYx&utparam-url=scene%3Asearch%7Cquery_from%3A%7Cx_object_id%3A1005006632911523%7C_p_origin_prod%3A
Fabric production AZ-8 clean&green wiper 300mmX25cm high absorptionlow particle and fiber generation BEMCOT for industrial 1bag,$22.50 ,"https://ae-pic-a1.aliexpress-media.com/kf/S00850abcceec4d55b91520f9510560e78.jpg_220x220q75.jpg_.avif,https://ae-pic-a1.aliexpress-media.com/kf/S9b284c8368234dd6b8f5df9fab092e8by.jpg_220x220q75.jpg_.avif,https://ae-pic-a1.aliexpress-media.com/kf/Se6635186c7444d59854c2b65a25bbec7U.jpg_220x220q75.jpg_.avif,https://ae-pic-a1.aliexpress-media.com/kf/Sdb5fb0f15b884bc288b2488ffa5481efF.jpg_220x220q75.jpg_.avif,https://ae-pic-a1.aliexpress-media.com/kf/S0518fc26b1c64bc18ea8df032f418abeW.jpg_220x220q75.jpg_.avif","['High-concerned chemical', 'None', 'With Magnetic', 'No', 'Model Number', 'AZ-8', 'Pieces Included', '1bag', 'Material', 'Other', 'Origin', 'Jp(origin)']",https://www.aliexpress.us/item/3256802136042871.html?algo_pvid=6f9ca26c-cf42-4294-9b9a-dc80f2ea5004&algo_exp_id=6f9ca26c-cf42-4294-9b9a-dc80f2ea5004-51&pdp_ext_f=%7B%22order%22%3A%22120%22%2C%22eval%22%3A%221%22%2C%22fromPage%22%3A%22search%22%7D&pdp_npi=6%40dis%21USD%2122.50%2122.50%21%21%2122.50%2122.50%21%4021015b7d17768939358838784e8cef%2112000038023698385%21sea%21US%210%21ABX%211%210%21n_tag%3A-29910%3Bd%3A7753d89f%3Bm03_new_user%3A-29895&curPageLogUid=WvD5lqTUUL1E&utparam-url=scene%3Asearch%7Cquery_from%3A%7Cx_object_id%3A1005002322357623%7C_p_origin_prod%3A
1Set Metal Crowbar Pry Opener Kit For iPhone Back Cover Glass Disassembly Removal Tools,$0.99 ,"https://ae-pic-a1.aliexpress-media.com/kf/Sdc54773dc6714f939abb4a31dd9b5bb8T.jpg_220x220q75.jpg_.avif,https://ae-pic-a1.aliexpress-media.com/kf/S6f28f512f99043da9bb3e9e308d709bco.jpg_220x220q75.jpg_.avif,https://ae-pic-a1.aliexpress-media.com/kf/S1963e1d09d4c4b0387d8ca46fbc7cb36f.jpg_220x220q75.jpg_.avif,https://ae-pic-a1.aliexpress-media.com/kf/S29269fa79f554599b65da9e966b975bfp.jpg_220x220q75.jpg_.avif,https://ae-pic-a1.aliexpress-media.com/kf/Ha3c642a2af2340bb89795c7f6ce9f34eD.jpg_220x220q75.jpg_.avif","['High-concerned chemical', 'None', 'Pieces Included', '1', 'Material', 'Other', 'Origin', 'Mainland China']",https://www.aliexpress.us/item/3256803406728038.html?algo_pvid=6f9ca26c-cf42-4294-9b9a-dc80f2ea5004&algo_exp_id=6f9ca26c-cf42-4294-9b9a-dc80f2ea5004-53&pdp_ext_f=%7B%22order%22%3A%22119%22%2C%22eval%22%3A%221%22%2C%22fromPage%22%3A%22search%22%7D&pdp_npi=6%40dis%21USD%216.40%210.99%21%21%2143.42%216.69%21%4021015b7d17768939358838784e8cef%2112000026414856579%21sea%21US%210%21ABX%211%210%21n_tag%3A-29910%3Bd%3A7753d89f%3Bm03_new_user%3A-29895%3BpisId%3A5000000203537387&curPageLogUid=HsH8Tc35l2Az&utparam-url=scene%3Asearch%7Cquery_from%3A%7Cx_object_id%3A1005003593042790%7C_p_origin_prod%3A
Optical lens cleaning paper K-3，8cmX7.5cm，dust-free wipe for camera/screen/phone，Made in Japan Dusper，500pcs/pack 8*7.5cm useful,$0.99 ,"https://ae-pic-a1.aliexpress-media.com/kf/Secdfb06640694762b73a7ffd67aab1f4S.png_220x220.png_.avif,https://ae-pic-a1.aliexpress-media.com/kf/Sa904ee76bf694e41855817f226c5ccdfB.png_220x220.png_.avif,https://ae-pic-a1.aliexpress-media.com/kf/Hb394b61d2e334e8e9038a9cd331cea33F.jpg_220x220q75.jpg_.avif,https://ae-pic-a1.aliexpress-media.com/kf/H3574a8eb82064207849c51e0051db2d12.jpg_220x220q75.jpg_.avif,https://ae-pic-a1.aliexpress-media.com/kf/H526cc70a9a764e27b01e99bd9b810ce7I.jpg_220x220q75.jpg_.avif","['High-concerned chemical', 'None', 'With Magnetic', 'No', 'Model Number', '0875', 'Pieces Included', '1bag', 'Material', 'Other', 'Origin', 'Jp(origin)']",https://www.aliexpress.us/item/3256803004608232.html?algo_pvid=6f9ca26c-cf42-4294-9b9a-dc80f2ea5004&algo_exp_id=6f9ca26c-cf42-4294-9b9a-dc80f2ea5004-54&pdp_ext_f=%7B%22order%22%3A%22119%22%2C%22eval%22%3A%221%22%2C%22fromPage%22%3A%22search%22%7D&pdp_npi=6%40dis%21USD%218.71%213.21%21%21%218.71%213.21%21%4021015b7d17768939358838784e8cef%2112000037979932417%21sea%21US%210%21ABX%211%210%21n_tag%3A-29910%3Bd%3A7753d89f%3Bm03_new_user%3A-29895%3BpisId%3A5000000203537339&curPageLogUid=AoklEx6PTI5V&utparam-url=scene%3Asearch%7Cquery_from%3A%7Cx_object_id%3A1005003190922984%7C_p_origin_prod%3A
2.35/3mm Lanrui DB95 Dust Cleaning Brush For Phone Speaker Motherboard Dock Charging Port Ear Mesh Cleaning Phone Repair Tool,$0.99 ,"https://ae-pic-a1.aliexpress-media.com/kf/S203d29a8e6e84eb3aa768235671243eb7.jpg_220x220q75.jpg_.avif,https://ae-pic-a1.aliexpress-media.com/kf/S203d29a8e6e84eb3aa768235671243eb7.jpg_220x220q75.jpg_.avif,https://ae-pic-a1.aliexpress-media.com/kf/S33ab445fa6964f65b715426f94e8108ck.jpg_220x220q75.jpg_.avif,https://ae-pic-a1.aliexpress-media.com/kf/Se2e9082456034b7c9f2c20b82f7b0183S.jpg_220x220q75.jpg_.avif,https://ae-pic-a1.aliexpress-media.com/kf/Sc045d87f71c74a2687fb4ec3a50b6fc4h.jpg_220x220q75.jpg_.avif","['High-concerned chemical', 'None', 'Pieces Included', '1', 'Material', 'Other', 'Origin', 'Mainland China', 'Brand', 'Lanrui']",https://www.aliexpress.us/item/3256811636510667.html?algo_pvid=6f9ca26c-cf42-4294-9b9a-dc80f2ea5004&algo_exp_id=6f9ca26c-cf42-4294-9b9a-dc80f2ea5004-55&pdp_ext_f=%7B%22order%22%3A%22117%22%2C%22eval%22%3A%221%22%2C%22fromPage%22%3A%22search%22%7D&pdp_npi=6%40dis%21USD%213.79%210.99%21%21%2125.74%216.73%21%4021015b7d17768939358838784e8cef%2112000057258923753%21sea%21US%210%21ABX%211%210%21n_tag%3A-29910%3Bd%3A7753d89f%3Bm03_new_user%3A-29895%3BpisId%3A5000000203537387&curPageLogUid=3YzF6qk2SoKA&utparam-url=scene%3Asearch%7Cquery_from%3A%7Cx_object_id%3A1005011822825419%7C_p_origin_prod%3A
"LB Face ID Non-Removal Repair cable Simple and easy to use, suitable for repairing Face ID on Phone X, 11, 12, 13, 14, 15 16",$140.26 ,"https://ae-pic-a1.aliexpress-media.com/kf/S103183d9fd2d4ee791039c2b2a67ed26n.jpg_220x220q75.jpg_.avif,https://ae-pic-a1.aliexpress-media.com/kf/S819894b028d24255ab4abf5611c3141b7.jpg_220x220q75.jpg_.avif,https://ae-pic-a1.aliexpress-media.com/kf/S9461e4be94ec419380b563513b7b0dccn.jpg_220x220q75.jpg_.avif,https://ae-pic-a1.aliexpress-media.com/kf/Scb3a9c2daf28428896e9450ebc0116b68.jpg_220x220q75.jpg_.avif,https://ae-pic-a1.aliexpress-media.com/kf/Sbf129392ef80494bbd101f8da2762d49s.jpg_220x220q75.jpg_.avif","['High-concerned chemical', 'None', 'Pieces Included', '1', 'Material', 'Other', 'Brand Name', 'BRESUN', 'Origin', 'Mainland China']",https://www.aliexpress.us/item/3256810420360792.html?algo_pvid=6f9ca26c-cf42-4294-9b9a-dc80f2ea5004&algo_exp_id=6f9ca26c-cf42-4294-9b9a-dc80f2ea5004-56&pdp_ext_f=%7B%22order%22%3A%22117%22%2C%22eval%22%3A%221%22%2C%22fromPage%22%3A%22search%22%7D&pdp_npi=6%40dis%21USD%21140.76%21140.26%21%21%21955.62%21952.23%21%4021015b7d17768939358838784e8cef%2112000052957524964%21sea%21US%210%21ABX%211%210%21n_tag%3A-29910%3Bd%3A7753d89f%3Bm03_new_user%3A-29895%3BpisId%3A5000000204886261&curPageLogUid=OWkxLMB5mUxu&utparam-url=scene%3Asearch%7Cquery_from%3A%7Cx_object_id%3A1005010606675544%7C_p_origin_prod%3A
"Borneo Schematic Activation 3,6,12 Borneo Official Diagram Bitmap Drawing for IPhone Android IPad Integrated Logic Board Bitmap",$22.56 ,"https://ae-pic-a1.aliexpress-media.com/kf/Se358edd94c674e8eaec774d247ad44208.jpg?has_lang=1&ver=1_220x220q75.jpg_.avif,https://ae-pic-a1.aliexpress-media.com/kf/Se358edd94c674e8eaec774d247ad44208.jpg?has_lang=1&ver=1_220x220q75.jpg_.avif,https://ae-pic-a1.aliexpress-media.com/kf/Scc3e6135621a458dbadc2e3a476d89e2D.jpg?has_lang=1&ver=1_220x220q75.jpg_.avif,https://ae-pic-a1.aliexpress-media.com/kf/S9760e8a096254d8d8269861f777cc1b3W.jpg?has_lang=1&ver=1_220x220q75.jpg_.avif,https://ae-pic-a1.aliexpress-media.com/kf/S2cb3ad5b06e0487da770bf0b71eb595dK.jpg?has_lang=1&ver=1_220x220q75.jpg_.avif","['High-concerned chemical', 'None', 'With Magnetic', 'No', 'Pieces Included', '1', 'Material', 'Other', 'Origin', 'Mainland China', 'Item Type', 'Borneo Schematics', 'Model Number', 'Borneo Schematics', 'Item Type 1', 'Borneo Schematics PCB bitmaps', 'Item Type 2', 'for iPhone Android Mobile Circuit Diagram PCB Hardware Solution Repairing tool']",https://www.aliexpress.us/item/3256809582625137.html?algo_pvid=6f9ca26c-cf42-4294-9b9a-dc80f2ea5004&algo_exp_id=6f9ca26c-cf42-4294-9b9a-dc80f2ea5004-57&pdp_ext_f=%7B%22order%22%3A%22117%22%2C%22eval%22%3A%221%22%2C%22fromPage%22%3A%22search%22%7D&pdp_npi=6%40dis%21USD%2128.83%2122.56%21%21%21195.70%21153.17%21%4021015b7d17768939358838784e8cef%2112000050103009600%21sea%21US%210%21ABX%211%210%21n_tag%3A-29910%3Bd%3A7753d89f%3Bm03_new_user%3A-29895%3BpisId%3A5000000204886261&curPageLogUid=GMzPdiDJBFik&utparam-url=scene%3Asearch%7Cquery_from%3A%7Cx_object_id%3A1005009768939889%7C_p_origin_prod%3A
NASAN Cutting Wire 0.03 0.04 0.06 MM 200M Alloy Steel Cutting Line LCD Screen Separation Diamond Wire Mobile Phone Repair Tools,$6.60 ,"https://ae-pic-a1.aliexpress-media.com/kf/Sc1223f18e21542a180c77a6b02009fc3r.jpg_220x220q75.jpg_.avif,https://ae-pic-a1.aliexpress-media.com/kf/Sc1223f18e21542a180c77a6b02009fc3r.jpg_220x220q75.jpg_.avif,https://ae-pic-a1.aliexpress-media.com/kf/S384ec2e020a147c1baf4be9284aa2a52t.jpg_220x220q75.jpg_.avif,https://ae-pic-a1.aliexpress-media.com/kf/Sf378e05ae393406b92049188da84ff948.jpg_220x220q75.jpg_.avif,https://ae-pic-a1.aliexpress-media.com/kf/Sfdc2e87863ea4b878002ba726a89e0c2w.jpg_220x220q75.jpg_.avif","['High-concerned chemical', 'None', 'With Magnetic', 'No', 'Model Number', 'NASAN Cutting Wire', 'Pieces Included', '6 in 1', 'Material', 'Other', 'Origin', 'Mainland China', 'for 1', 'NASAN Cutting Wire', 'for 2', 'NASAN Cutting Line', 'for 3', '0.03 0.04 0.06 MM Cutting Wire', 'for 4', '200M Alloy Steel Cutting Line', 'for 5', 'LCD Screen Separation Diamond Wire', 'for 6', 'Diamond Wire', 'for 7', 'NASAN Diamond Wire', 'for 8', 'Mobile Phone Repair Tools', 'for 9', '1 Roll Repair Tools', 'for 10', '100M 0.04 0.05 0.06 0.08 MM Alloy Steel Molybdenum Cutting Line', 'feature 1', 'MM Alloy Steel Molybdenum Cutting Line', 'feature 2', 'LCD Screen Separation Diamond Wire', 'feature 3', 'High Hardness Special Steel Wire', 'feature 4', 'High Hardness Cutting Wire', 'feature 5', 'LCD Screen Separation Cutting Wire', 'feature 6', 'cell phone repair tool', 'feature 7', 'tools for cell maintenance', 'feature 8', 'front screen mobile phone repair wire', 'support 1', 'wholesale', 'support 2', 'dropship']",https://www.aliexpress.us/item/3256807156324442.html?algo_pvid=6f9ca26c-cf42-4294-9b9a-dc80f2ea5004&algo_exp_id=6f9ca26c-cf42-4294-9b9a-dc80f2ea5004-58&pdp_ext_f=%7B%22order%22%3A%22117%22%2C%22eval%22%3A%221%22%2C%22fromPage%22%3A%22search%22%7D&pdp_npi=6%40dis%21USD%2110.14%216.60%21%21%2168.87%2144.82%21%4021015b7d17768939358838784e8cef%2112000040343972112%21sea%21US%210%21ABX%211%210%21n_tag%3A-29910%3Bd%3A7753d89f%3Bm03_new_user%3A-29895%3BpisId%3A5000000204886261&curPageLogUid=MMReuDEuVNa1&utparam-url=scene%3Asearch%7Cquery_from%3A%7Cx_object_id%3A1005007342639194%7C_p_origin_prod%3A
1Set Phone Button Charging Port Anti Dust Mesh Net Set For iPhone 8 Plus X XR XS Max 12 13 mini 14 Plus 15 LCD Screen Repair,$1.19 ,"https://ae-pic-a1.aliexpress-media.com/kf/S5e245bf709244cd490b2a8739bd81198i.jpg_220x220q75.jpg_.avif,https://ae-pic-a1.aliexpress-media.com/kf/S3000a7b93ba5472fb797c7048610f518i.jpg_220x220q75.jpg_.avif,https://ae-pic-a1.aliexpress-media.com/kf/S3df2ce7d03474bb58732888afed61109t.jpg_220x220q75.jpg_.avif,https://ae-pic-a1.aliexpress-media.com/kf/S708de363670d453bac58468b7bf9724b3.png_220x220.png_.avif,https://ae-pic-a1.aliexpress-media.com/kf/S829cf0a121bc470488aae1bdd583082bG.png_220x220.png_.avif","['High-concerned chemical', 'None', 'Pieces Included', '1', 'Material', 'Other', 'Brand Name', 'manumoc', 'Origin', 'Mainland China']",https://www.aliexpress.us/item/3256805943127992.html?algo_pvid=6f9ca26c-cf42-4294-9b9a-dc80f2ea5004&algo_exp_id=6f9ca26c-cf42-4294-9b9a-dc80f2ea5004-59&pdp_ext_f=%7B%22order%22%3A%22117%22%2C%22eval%22%3A%221%22%2C%22fromPage%22%3A%22search%22%7D&pdp_npi=6%40dis%21USD%211.69%211.19%21%21%2111.48%218.09%21%4021015b7d17768939358838784e8cef%2112000035893182608%21sea%21US%210%21ABX%211%210%21n_tag%3A-29910%3Bd%3A7753d89f%3Bm03_new_user%3A-29895%3BpisId%3A5000000204886261&curPageLogUid=S6k1W8Qdmpwv&utparam-url=scene%3Asearch%7Cquery_from%3A%7Cx_object_id%3A1005006129442744%7C_p_origin_prod%3A
8Pcs/Set Metal Spudger Disassemble Crowbar Phone Repair Tools CPU Chips Pry High Precision Electronic Maintenance Tool,$0.99 ,"https://ae-pic-a1.aliexpress-media.com/kf/S9f96efd034c74c2d9198ecd6abcd21fdC.jpg?has_lang=1&ver=1_220x220q75.jpg_.avif,https://ae-pic-a1.aliexpress-media.com/kf/Sb08b593422dc4671a6714b18f9e5bfffy.jpg?has_lang=1&ver=1_220x220q75.jpg_.avif,https://ae-pic-a1.aliexpress-media.com/kf/S8af169e51175496b9966e500a42d57fdl.jpg?has_lang=1&ver=1_220x220q75.jpg_.avif,https://ae-pic-a1.aliexpress-media.com/kf/Sc8371bf97f8446dc86d7eeb216fbbf62H.jpg_220x220q75.jpg_.avif,https://ae-pic-a1.aliexpress-media.com/kf/Se4c63217c2aa4034aab56349a9387b31n.jpg?has_lang=1&ver=1_220x220q75.jpg_.avif","['High-concerned chemical', 'None', 'Pieces Included', '8 in 1', 'Material', 'Other', 'Origin', 'Mainland China']",https://www.aliexpress.us/item/3256808808180416.html?algo_pvid=4b73af6b-fb67-4545-9ce7-50cdaf579149&algo_exp_id=4b73af6b-fb67-4545-9ce7-50cdaf579149-2&pdp_ext_f=%7B%22order%22%3A%22122%22%2C%22eval%22%3A%221%22%2C%22fromPage%22%3A%22search%22%7D&pdp_npi=6%40dis%21USD%217.57%210.99%21%21%2151.39%216.71%21%40212a6e3217768943684885148e3a68%2112000047499556364%21sea%21US%210%21ABX%211%210%21n_tag%3A-29910%3Bd%3A7753d89f%3Bm03_new_user%3A-29895%3BpisId%3A5000000203537387&curPageLogUid=5e22vBtt2yB7&utparam-url=scene%3Asearch%7Cquery_from%3A%7Cx_object_id%3A1005008994495168%7C_p_origin_prod%3A
WYLIE Solder Dot Repairing Dot Soldering Jumper Wire Spot Fixing Copper Sheet Solder Pad For Lead Motherboard Repair Tools,$0.99 ,"https://ae-pic-a1.aliexpress-media.com/kf/S80f36d2fa7ec4fdda666cbb9b08b8b56o.png_220x220.png_.avif,https://ae-pic-a1.aliexpress-media.com/kf/S80f36d2fa7ec4fdda666cbb9b08b8b56o.png_220x220.png_.avif,https://ae-pic-a1.aliexpress-media.com/kf/S019527ee6c62474e9d356ac3b9f48546l.jpg_220x220q75.jpg_.avif,https://ae-pic-a1.aliexpress-media.com/kf/S0f68d695f24a4ef9bd93d612173f03a2C.jpg_220x220q75.jpg_.avif,https://ae-pic-a1.aliexpress-media.com/kf/Sad6fcc77e999495bb79ac0a2c274326bl.jpg_220x220q75.jpg_.avif","['High-concerned chemical', 'None', 'With Magnetic', 'No', 'Model Number', 'WYLIE', 'Pieces Included', '1pcs', 'Material', 'Other', 'Brand Name', 'NoEnName_Null', 'Origin', 'Mainland China', 'Model Number', 'WYLIE Solder pad']",https://www.aliexpress.us/item/3256806578704712.html?algo_pvid=4b73af6b-fb67-4545-9ce7-50cdaf579149&algo_exp_id=4b73af6b-fb67-4545-9ce7-50cdaf579149-9&pdp_ext_f=%7B%22order%22%3A%22118%22%2C%22eval%22%3A%221%22%2C%22fromPage%22%3A%22search%22%7D&pdp_npi=6%40dis%21USD%216.29%210.99%21%21%2142.69%216.71%21%40212a6e3217768943684885148e3a68%2112000038225477909%21sea%21US%210%21ABX%211%210%21n_tag%3A-29910%3Bd%3A7753d89f%3Bm03_new_user%3A-29895%3BpisId%3A5000000203537387&curPageLogUid=Ce42YQTcTFja&utparam-url=scene%3Asearch%7Cquery_from%3A%7Cx_object_id%3A1005006765019464%7C_p_origin_prod%3A
Android Multi Tool AMT License Unlocking and Flashing Tool for Smart Phones,$20.05 ,"https://ae-pic-a1.aliexpress-media.com/kf/S52bed91c0c2c4f3d92d4c935379baccap.jpg_220x220q75.jpg_.avif,https://ae-pic-a1.aliexpress-media.com/kf/S52bed91c0c2c4f3d92d4c935379baccap.jpg_220x220q75.jpg_.avif","['High-concerned chemical', 'None', 'Model Number', 'AMT Flash Unlock Tool For Android Multi Tool AMT license', 'Pieces Included', '1', 'Material', 'Other', 'Origin', 'Mainland China']",https://www.aliexpress.us/item/3256808527175245.html?algo_pvid=4b73af6b-fb67-4545-9ce7-50cdaf579149&algo_exp_id=4b73af6b-fb67-4545-9ce7-50cdaf579149-0&pdp_ext_f=%7B%22order%22%3A%22116%22%2C%22eval%22%3A%221%22%2C%22fromPage%22%3A%22search%22%7D&pdp_npi=6%40dis%21USD%2125.69%2120.05%21%21%21174.42%21136.15%21%40212a6e3217768943684885148e3a68%2112000049599557176%21sea%21US%210%21ABX%211%210%21n_tag%3A-29910%3Bd%3A7753d89f%3Bm03_new_user%3A-29895%3BpisId%3A5000000204886261&curPageLogUid=PYatj75KPqG5&utparam-url=scene%3Asearch%7Cquery_from%3A%7Cx_object_id%3A1005008713489997%7C_p_origin_prod%3A
BGA Reballing Stencil For macbook M3 A3113/A2992 Boost IC SN25A12 SN25A23,$5.00 ,"https://ae-pic-a1.aliexpress-media.com/kf/S94e370e30b4243f9b5f60b1d3074fdefc.jpg_220x220q75.jpg_.avif,https://ae-pic-a1.aliexpress-media.com/kf/S94e370e30b4243f9b5f60b1d3074fdefc.jpg_220x220q75.jpg_.avif","['High-concerned chemical', 'None', 'Model Number', 'SN25A12', 'Pieces Included', '1', 'Material', 'S2 Alloy Steel', 'Origin', 'Mainland China']",https://www.aliexpress.us/item/3256807958080347.html?algo_pvid=4b73af6b-fb67-4545-9ce7-50cdaf579149&algo_exp_id=4b73af6b-fb67-4545-9ce7-50cdaf579149-1&pdp_ext_f=%7B%22order%22%3A%22116%22%2C%22eval%22%3A%221%22%2C%22fromPage%22%3A%22search%22%7D&pdp_npi=6%40dis%21USD%215.50%215.00%21%21%215.50%215.00%21%40212a6e3217768943684885148e3a68%2112000043978391378%21sea%21US%210%21ABX%211%210%21n_tag%3A-29910%3Bd%3A7753d89f%3Bm03_new_user%3A-29895%3BpisId%3A5000000204886261&curPageLogUid=iZROaXVa8hqj&utparam-url=scene%3Asearch%7Cquery_from%3A%7Cx_object_id%3A1005008144395099%7C_p_origin_prod%3A
BGA Reballing Stencil For RTX 3080 3090 GA102-300-A1 GA102-100-A1 GA102-200-KD-A1 GA102-225-A1 GA102-875-A1 GA102-895-A1 Chip,$6.40 ,"https://ae-pic-a1.aliexpress-media.com/kf/Sfa175ca0a0be46698e7d411830cb152cF.jpg_220x220q75.jpg_.avif,https://ae-pic-a1.aliexpress-media.com/kf/S09122d2e3f9f45d48ca33c5709fc2696S.jpg_220x220q75.jpg_.avif,https://ae-pic-a1.aliexpress-media.com/kf/S561326a96de4465f99bf7a7c3220c8faN.jpg_220x220q75.jpg_.avif,https://ae-pic-a1.aliexpress-media.com/kf/S4e612ea03bb14505a44ca7e1c7a3fd676.jpg_220x220q75.jpg_.avif,https://ae-pic-a1.aliexpress-media.com/kf/S09122d2e3f9f45d48ca33c5709fc2696S.jpg_220x220q75.jpg_.avif","['High-concerned chemical', 'None', 'With Magnetic', 'No', 'Model Number', 'BGA Reballing Stencil For RTX 3080 3090', 'Pieces Included', '6 in 1', 'Material', 'Other', 'Origin', 'Mainland China', 'Name', 'BGA Reballing Stencil For RTX 3080 3090', 'Number', '1pcs', 'apply to', 'For Laptap Mobile Game IC', 'Function', 'BGA reballing']",https://www.aliexpress.us/item/3256805032443027.html?algo_pvid=4b73af6b-fb67-4545-9ce7-50cdaf579149&algo_exp_id=4b73af6b-fb67-4545-9ce7-50cdaf579149-3&pdp_ext_f=%7B%22order%22%3A%22115%22%2C%22eval%22%3A%221%22%2C%22fromPage%22%3A%22search%22%7D&pdp_npi=6%40dis%21USD%216.90%216.40%21%21%216.90%216.40%21%40212a6e3217768943684885148e3a68%2112000032231198550%21sea%21US%210%21ABX%211%210%21n_tag%3A-29910%3Bd%3A7753d89f%3Bm03_new_user%3A-29895%3BpisId%3A5000000204886261&curPageLogUid=lPEJp9jaGDIk&utparam-url=scene%3Asearch%7Cquery_from%3A%7Cx_object_id%3A1005005218757779%7C_p_origin_prod%3A
21 in 1 Mobile Phone Repair Tools Kit Spudger Pry Opening Tool Screwdriver Set for iPhone X 8 7 6S 6 Plus 11 Pro XS Hand Tools,$0.99 ,"https://ae-pic-a1.aliexpress-media.com/kf/Hf19a5a240f664761b6383569b7654ab5k.jpg_220x220q75.jpg_.avif,https://ae-pic-a1.aliexpress-media.com/kf/Hf19a5a240f664761b6383569b7654ab5k.jpg_220x220q75.jpg_.avif,https://ae-pic-a1.aliexpress-media.com/kf/H69aef0737e2c4feb825726d246c1b8a7d.jpg_220x220q75.jpg_.avif,https://ae-pic-a1.aliexpress-media.com/kf/H74b5faf04f7e480cb106f92a199a7dcf7.jpg_220x220q75.jpg_.avif,https://ae-pic-a1.aliexpress-media.com/kf/Hb740344445424f8daec48c2eb7d5b529w.jpg_220x220q75.jpg_.avif","['High-concerned chemical', 'None', 'With Magnetic', 'No', 'Model Number', 'Mobile phone Tablets Repair Tool Kit', 'Pieces Included', '20 in 1', 'Material', 'Other', 'Origin', 'Mainland China', 'Product name', 'Mobile Phone Repair Tools', 'Suit for', 'Smartphone ,Tablets,PC,Laptop,pad', 'Size', '21 in 1,11 in 1,8 in 1', 'Function 1', 'Computer Tool Kit', 'Function 2', 'Cell Phones Opening Pry Mobile Phone Repair Tool', 'Function 3', 'Screwdriver Set For Iphone Samsung Xiaomi', 'Function 4', 'Desarmadores para celular', 'Function 5', 'Suction cup', 'Function 6', 'For iphone tools', 'Function 7', 'Screwdrivers for repair mobile phone', 'Function 8', 'Phone Repair Screwdriver Set', 'Function 9', 'Opening LCD Screen Plier Suction Cup Repair Tool Set']",https://www.aliexpress.us/item/2255800578355662.html?algo_pvid=4b73af6b-fb67-4545-9ce7-50cdaf579149&algo_exp_id=4b73af6b-fb67-4545-9ce7-50cdaf579149-4&pdp_ext_f=%7B%22order%22%3A%22115%22%2C%22eval%22%3A%221%22%2C%22fromPage%22%3A%22search%22%7D&pdp_npi=6%40dis%21USD%211.91%210.99%21%21%211.91%210.99%21%40212a6e3217768943684885148e3a68%2110000007588897681%21sea%21US%210%21ABX%211%210%21n_tag%3A-29910%3Bd%3A7753d89f%3Bm03_new_user%3A-29895%3BpisId%3A5000000203537387&curPageLogUid=WfsU5H80cdh7&utparam-url=scene%3Asearch%7Cquery_from%3A%7Cx_object_id%3A4000764670414%7C_p_origin_prod%3A
Amaoe tin scraping blade / stainless steel non-magnetic BGA tin scraping tin shovel blade with copper chuck handle,$0.99 ,"https://ae-pic-a1.aliexpress-media.com/kf/Sc587eb03af4a404c87ddd4e1a539cc45Z.jpg_220x220q75.jpg_.avif,https://ae-pic-a1.aliexpress-media.com/kf/S72128f5f8094445d92d433f386e276c36.jpg_220x220q75.jpg_.avif,https://ae-pic-a1.aliexpress-media.com/kf/S6823cf9560a14741a2b43a5bc21289cdr.jpg_220x220q75.jpg_.avif,https://ae-pic-a1.aliexpress-media.com/kf/S0045e4ec865a4992b06cd089ef4c8b7fo.jpg_220x220q75.jpg_.avif,https://ae-pic-a1.aliexpress-media.com/kf/Sc458421370f647118863435dbb0586464.jpg_220x220q75.jpg_.avif","['High-concerned chemical', 'None', 'Pieces Included', '1', 'Material', 'Other', 'Brand Name', 'welsolo', 'Origin', 'Mainland China']",https://www.aliexpress.us/item/3256807589244122.html?algo_pvid=4b73af6b-fb67-4545-9ce7-50cdaf579149&algo_exp_id=4b73af6b-fb67-4545-9ce7-50cdaf579149-17&pdp_ext_f=%7B%22order%22%3A%22115%22%2C%22eval%22%3A%221%22%2C%22fromPage%22%3A%22search%22%7D&pdp_npi=6%40dis%21USD%212.64%210.99%21%21%2117.89%216.69%21%40212a6e3217768943684885148e3a68%2112000042164547266%21sea%21US%210%21ABX%211%210%21n_tag%3A-29910%3Bd%3A7753d89f%3Bm03_new_user%3A-29895%3BpisId%3A5000000203537349&curPageLogUid=roBIhrmB1YMU&utparam-url=scene%3Asearch%7Cquery_from%3A%7Cx_object_id%3A1005007775558874%7C_p_origin_prod%3A
DL400 Pro LCD Testing Flex For SM Fold4 /Z Flip4/5 S24 Ultra S8 S9 S10 S21 S22 A72 A71 A70 A51 A50 A42 A12 Screen Repair Tool,$3.41 ,"https://ae-pic-a1.aliexpress-media.com/kf/Sb05c1949211c4f149ed1e3c1c44c3e099.jpg_220x220q75.jpg_.avif,https://ae-pic-a1.aliexpress-media.com/kf/Sb05c1949211c4f149ed1e3c1c44c3e099.jpg_220x220q75.jpg_.avif,https://ae-pic-a1.aliexpress-media.com/kf/S826221a7d94b4e928b1d92bbbda4fb5dZ.jpg_220x220q75.jpg_.avif,https://ae-pic-a1.aliexpress-media.com/kf/Sc51d631eec6743a7b0f425c2d9aab3117.jpg_220x220q75.jpg_.avif,https://ae-pic-a1.aliexpress-media.com/kf/S20a6e2013cc346a5b7c4c4ffc2cf501bx.jpg_220x220q75.jpg_.avif","['High-concerned chemical', 'None', 'With Magnetic', 'No', 'Pieces Included', 'BOX', 'Material', 'Chrome Vanadium Steel', 'Origin', 'Mainland China', 'name', 'Screen Tester', 'function', 'Testing display and touch', 'packed', '1pcs/bag, foam box', 'Design', 'Tested before shipping, working well', 'Type', 'Provide overseas services', 'Features', '100% brand new', 'shipping', 'dhl ,fedex, tnt, ups can choose for delivery', 'advantage', 'Accurate testing and easy operation', 'notice 1', 'Shipped according to the actual model', 'notice 2', 'the pictures are for reference only']",https://www.aliexpress.us/item/3256804604561983.html?algo_pvid=4b73af6b-fb67-4545-9ce7-50cdaf579149&algo_exp_id=4b73af6b-fb67-4545-9ce7-50cdaf579149-5&pdp_ext_f=%7B%22order%22%3A%22114%22%2C%22eval%22%3A%221%22%2C%22fromPage%22%3A%22search%22%7D&pdp_npi=6%40dis%21USD%213.95%213.41%21%21%213.95%213.41%21%40212a6e3217768943684885148e3a68%2112000043663881113%21sea%21US%210%21ABX%211%210%21n_tag%3A-29910%3Bd%3A7753d89f%3Bm03_new_user%3A-29895%3BpisId%3A5000000204886261&curPageLogUid=Rbq5n48hRxaF&utparam-url=scene%3Asearch%7Cquery_from%3A%7Cx_object_id%3A1005004790876735%7C_p_origin_prod%3A
7pcs Metal Spudger Kit Universal Cell Phone Repair Opening Tool Mobile Phone Disassemble Crowbar Steel Pry Phone Hand Tool Set,$4.12 ,"https://ae-pic-a1.aliexpress-media.com/kf/S8ade17695d9c4e37a656d5f5709f9d95i.jpg_220x220q75.jpg_.avif,https://ae-pic-a1.aliexpress-media.com/kf/Sd946e8eacce4487d8104f5de137bdaf06.jpg_220x220q75.jpg_.avif,https://ae-pic-a1.aliexpress-media.com/kf/S6d74034680094c64b769542cab9e6dd9b.jpg_220x220q75.jpg_.avif,https://ae-pic-a1.aliexpress-media.com/kf/S39b14b6e115344c3b197901db1499981X.jpg_220x220q75.jpg_.avif,https://ae-pic-a1.aliexpress-media.com/kf/Se8bf9df7375c41ee954159e5dd31bbf0f.jpg_220x220q75.jpg_.avif","['High-concerned chemical', 'None', 'Pieces Included', '6 in 1', 'Material', 'Other', 'Brand Name', 'CHENJ', 'Origin', 'Mainland China']",https://www.aliexpress.us/item/3256807281158587.html?algo_pvid=4b73af6b-fb67-4545-9ce7-50cdaf579149&algo_exp_id=4b73af6b-fb67-4545-9ce7-50cdaf579149-6&pdp_ext_f=%7B%22order%22%3A%22113%22%2C%22eval%22%3A%221%22%2C%22fromPage%22%3A%22search%22%7D&pdp_npi=6%40dis%21USD%214.62%214.12%21%21%2131.36%2127.97%21%40212a6e3217768943684885148e3a68%2112000040875907905%21sea%21US%210%21ABX%211%210%21n_tag%3A-29910%3Bd%3A7753d89f%3Bm03_new_user%3A-29895%3BpisId%3A5000000204886261&curPageLogUid=yVXiCreJjjyg&utparam-url=scene%3Asearch%7Cquery_from%3A%7Cx_object_id%3A1005007467473339%7C_p_origin_prod%3A
Magico CFG DCSD Cable Alex Engineering Serial Port Cable to Read Write Nand Data SysCfg for iPhone 6S-X for iPad Purple Screen,$7.04 ,"https://ae-pic-a1.aliexpress-media.com/kf/S772648d32c97470aa33c369c7937dd90n.jpg_220x220q75.jpg_.avif,https://ae-pic-a1.aliexpress-media.com/kf/S772648d32c97470aa33c369c7937dd90n.jpg_220x220q75.jpg_.avif,https://ae-pic-a1.aliexpress-media.com/kf/S86bec2dd82894c3f9a8f4782fb0785e5Z.jpg_220x220q75.jpg_.avif,https://ae-pic-a1.aliexpress-media.com/kf/Sc7a5f61e5a1c4c2893e6718e9df48bdeh.jpg_220x220q75.jpg_.avif,https://ae-pic-a1.aliexpress-media.com/kf/Sa613ca98aae34fa4a51910781286fd6db.jpg_220x220q75.jpg_.avif","['High-concerned chemical', 'None', 'With Magnetic', 'No', 'Model Number', 'DCSD', 'Pieces Included', '1', 'Material', 'Other', 'Brand Name', 'gsmjustoncct', 'Origin', 'Mainland China']",https://www.aliexpress.us/item/3256804624583076.html?algo_pvid=4b73af6b-fb67-4545-9ce7-50cdaf579149&algo_exp_id=4b73af6b-fb67-4545-9ce7-50cdaf579149-7&pdp_ext_f=%7B%22order%22%3A%22113%22%2C%22eval%22%3A%221%22%2C%22fromPage%22%3A%22search%22%7D&pdp_npi=6%40dis%21USD%217.69%217.04%21%21%217.69%217.04%21%40212a6e3217768943684885148e3a68%2112000030580572668%21sea%21US%210%21ABX%211%210%21n_tag%3A-29910%3Bd%3A7753d89f%3Bm03_new_user%3A-29895%3BpisId%3A5000000204886261&curPageLogUid=1POHwPpWoFpi&utparam-url=scene%3Asearch%7Cquery_from%3A%7Cx_object_id%3A1005004810897828%7C_p_origin_prod%3A
Hydrogel Film Scraper Squeegee Screen Protector Plotter Cutting Machine Cellphone Front Back Film De-bubble Tools Bubble Remover,$1.74 ,"https://ae-pic-a1.aliexpress-media.com/kf/Sb47ddc0f81724cd6a323574a2726f431V.jpg_220x220q75.jpg_.avif,https://ae-pic-a1.aliexpress-media.com/kf/Sb47ddc0f81724cd6a323574a2726f431V.jpg_220x220q75.jpg_.avif,https://ae-pic-a1.aliexpress-media.com/kf/S43dd5ca98c484acd8aa3ac7220112bed9.jpg_220x220q75.jpg_.avif,https://ae-pic-a1.aliexpress-media.com/kf/S988d22f6e709424484b08abe45145b99o.jpg_220x220q75.jpg_.avif,https://ae-pic-a1.aliexpress-media.com/kf/Sc4d1d0c573de4fbcaf28f8112dae8986L.jpg_220x220q75.jpg_.avif","['High-concerned chemical', 'None', 'With Magnetic', 'No', 'Pieces Included', '1', 'Material', 'Other', 'Brand Name', 'Vormir', 'Origin', 'Mainland China', 'Product Type', 'Film Tools', 'Material', 'Plastic+Cloth', 'Function', 'Film-paste, bubble romover']",https://www.aliexpress.us/item/3256804382714686.html?algo_pvid=4b73af6b-fb67-4545-9ce7-50cdaf579149&algo_exp_id=4b73af6b-fb67-4545-9ce7-50cdaf579149-8&pdp_ext_f=%7B%22order%22%3A%22113%22%2C%22eval%22%3A%221%22%2C%22fromPage%22%3A%22search%22%7D&pdp_npi=6%40dis%21USD%212.49%211.74%21%21%212.49%211.74%21%40212a6e3217768943684885148e3a68%2112000029659754739%21sea%21US%210%21ABX%211%210%21n_tag%3A-29910%3Bd%3A7753d89f%3Bm03_new_user%3A-29895%3BpisId%3A5000000204886261&curPageLogUid=EGsCvPbtvc7y&utparam-url=scene%3Asearch%7Cquery_from%3A%7Cx_object_id%3A1005004569029438%7C_p_origin_prod%3A
Plastic Card Opening Cards for Cell Phone LCD Screen Display Disassemble Pry Scraper for IPhone IPad Samsung Tablet Repair Tools,$0.99 ,"https://ae-pic-a1.aliexpress-media.com/kf/S80eec1260146476f9e60febed0a45744q.jpg_220x220q75.jpg_.avif,https://ae-pic-a1.aliexpress-media.com/kf/S80eec1260146476f9e60febed0a45744q.jpg_220x220q75.jpg_.avif,https://ae-pic-a1.aliexpress-media.com/kf/Sf100cf90f8e64b8faf7afccbc9ac69fa2.jpg_220x220q75.jpg_.avif,https://ae-pic-a1.aliexpress-media.com/kf/S6499453ed89e414ba9e2646917a78e8an.jpg_220x220q75.jpg_.avif,https://ae-pic-a1.aliexpress-media.com/kf/S2a54f98e9a7947aba6f7338d6f46d95aY.jpg_220x220q75.jpg_.avif","['High-concerned chemical', 'None', 'Pieces Included', '10 in 1', 'Material', 'Other', 'Origin', 'Mainland China']",https://www.aliexpress.us/item/3256807252570765.html?algo_pvid=4b73af6b-fb67-4545-9ce7-50cdaf579149&algo_exp_id=4b73af6b-fb67-4545-9ce7-50cdaf579149-10&pdp_ext_f=%7B%22order%22%3A%22112%22%2C%22eval%22%3A%221%22%2C%22fromPage%22%3A%22search%22%7D&pdp_npi=6%40dis%21USD%211.32%210.99%21%21%218.95%216.71%21%40212a6e3217768943684885148e3a68%2112000040757614610%21sea%21US%210%21ABX%211%210%21n_tag%3A-29910%3Bd%3A7753d89f%3Bm03_new_user%3A-29895%3BpisId%3A5000000204886261&curPageLogUid=Q6QiCF2wgibo&utparam-url=scene%3Asearch%7Cquery_from%3A%7Cx_object_id%3A1005007438885517%7C_p_origin_prod%3A
DL400 Pro 17Pro Max Test Flex Cable For iPhone 16 16Plus 16Pro 16Promax ForXM Samsung VIVO OPPO Tecno iWatch LCD Dispaly Testing,$2.99 ,"https://ae-pic-a1.aliexpress-media.com/kf/Se28b87379657454996a2f1c53783c812h.jpg_220x220q75.jpg_.avif,https://ae-pic-a1.aliexpress-media.com/kf/Se28b87379657454996a2f1c53783c812h.jpg_220x220q75.jpg_.avif,https://ae-pic-a1.aliexpress-media.com/kf/S3ed32ac93d4e4c7184e9d5389552e1a2W.jpg_220x220q75.jpg_.avif,https://ae-pic-a1.aliexpress-media.com/kf/Se9f35decff0c40b6a51529f72ca66940i.jpg_220x220q75.jpg_.avif,https://ae-pic-a1.aliexpress-media.com/kf/S521ef016f68e4bd3bc8ea56bd6df4c44W.jpg_220x220q75.jpg_.avif","['High-concerned chemical', 'None', 'With Magnetic', 'No', 'Model Number', 'LCD Screen Tester Flex Cable For DL400 Pro', 'Pieces Included', 'other', 'Material', 'Chrome Vanadium Steel', 'Origin', 'Mainland China']",https://www.aliexpress.us/item/3256805930155889.html?algo_pvid=4b73af6b-fb67-4545-9ce7-50cdaf579149&algo_exp_id=4b73af6b-fb67-4545-9ce7-50cdaf579149-11&pdp_ext_f=%7B%22order%22%3A%22112%22%2C%22eval%22%3A%221%22%2C%22fromPage%22%3A%22search%22%7D&pdp_npi=6%40dis%21USD%214.99%212.99%21%21%214.99%212.99%21%40212a6e3217768943684885148e3a68%2112000035824522150%21sea%21US%210%21ABX%211%210%21n_tag%3A-29910%3Bd%3A7753d89f%3Bm03_new_user%3A-29895%3BpisId%3A5000000204886261&curPageLogUid=DdYXvOdLO26O&utparam-url=scene%3Asearch%7Cquery_from%3A%7Cx_object_id%3A1005006116470641%7C_p_origin_prod%3A
MaAnt D2 Polishing Grinder Repair Tools Grinding Pen Smart Electric Mutil Drills Phone USB Charge Motherboard Carving Cutting,$0.99 ,"https://ae-pic-a1.aliexpress-media.com/kf/S0e76b8d1c3ff404f82bdbde737d8e78eQ.jpg_220x220q75.jpg_.avif,https://ae-pic-a1.aliexpress-media.com/kf/S771797c287c549f59d7cb94f5927c673U.jpg_220x220q75.jpg_.avif,https://ae-pic-a1.aliexpress-media.com/kf/S04a858f92abd44168eb8d09d43b76ba9A.jpg_220x220q75.jpg_.avif,https://ae-pic-a1.aliexpress-media.com/kf/S56a88a2da2db4eb8b330f9aae25e20d09.jpg_220x220q75.jpg_.avif,https://ae-pic-a1.aliexpress-media.com/kf/S25fecd1fdab346b19ed88db4cc0523f5a.jpg_220x220q75.jpg_.avif","['High-concerned chemical', 'None', 'With Magnetic', 'No', 'Model Number', 'MaAnt D2', 'Pieces Included', '1', 'Material', 'Other', 'Origin', 'Mainland China', 'MaAnt D2 Grinding Pen Smart Electric', 'Polishing Grinder', 'USB Charge Motherboard', 'Carving Cutting Mutil Drills', 'Phone Repair Tools', 'maant d1 intelligent charging grinding pen', 'maant d1 pen engraving', 'maant d1 intelligent charging grinding pen', 'maant d1 smart electric sharpening pen', 'qianli electric polishing pen', 'qianli opening tool', 'highlighter pen', 'grinding pen for traces repair', 'grinding pen for traces repair chip grind', 'grinding pen for traces repair chip', 'grind sets for manicure', 'skullcandy grind fuel earbuds', 'grind hustle wall art', 'grinding machine without battery', 'grinding wood cutting chain disc,polishing grinding machine']",https://www.aliexpress.us/item/3256805299969600.html?algo_pvid=4b73af6b-fb67-4545-9ce7-50cdaf579149&algo_exp_id=4b73af6b-fb67-4545-9ce7-50cdaf579149-12&pdp_ext_f=%7B%22order%22%3A%22112%22%2C%22eval%22%3A%221%22%2C%22fromPage%22%3A%22search%22%7D&pdp_npi=6%40dis%21USD%2112.98%210.99%21%21%2188.12%216.71%21%40212a6e3217768943684885148e3a68%2112000033294122259%21sea%21US%210%21ABX%211%210%21n_tag%3A-29910%3Bd%3A7753d89f%3Bm03_new_user%3A-29895%3BpisId%3A5000000203537387&curPageLogUid=bItmeQMtUA7x&utparam-url=scene%3Asearch%7Cquery_from%3A%7Cx_object_id%3A1005005486284352%7C_p_origin_prod%3A
UnlockTool 3/6/12 Months for Samsung Mobile Repairing Tool,$29.70 ,"https://ae-pic-a1.aliexpress-media.com/kf/Sf15b3af9ef90418a847d874327fb846fR.jpg_220x220q75.jpg_.avif,https://ae-pic-a1.aliexpress-media.com/kf/Sf15b3af9ef90418a847d874327fb846fR.jpg_220x220q75.jpg_.avif,https://ae-pic-a1.aliexpress-media.com/kf/Sd39cfc5e9cd14c21a54e8a59a83bf44bK.jpg_220x220q75.jpg_.avif,https://ae-pic-a1.aliexpress-media.com/kf/S0485ba491a534ec9bb7c4af9ba7a5deev.jpg_220x220q75.jpg_.avif,https://ae-pic-a1.aliexpress-media.com/kf/S0ef7dc45eff14d53a4ac90fc19ed9bfeF.jpg_220x220q75.jpg_.avif","['High-concerned chemical', 'None', 'Model Number', 'unlock tool', 'Pieces Included', '1', 'Material', 'Other', 'Origin', 'Mainland China', 'Type', 'Renew Unlocktool Repairing tools', 'Type 1', 'unlocktool']",https://www.aliexpress.us/item/3256808498458263.html?algo_pvid=4b73af6b-fb67-4545-9ce7-50cdaf579149&algo_exp_id=4b73af6b-fb67-4545-9ce7-50cdaf579149-13&pdp_ext_f=%7B%22order%22%3A%22111%22%2C%22eval%22%3A%221%22%2C%22fromPage%22%3A%22search%22%7D&pdp_npi=6%40dis%21USD%2140.27%2129.70%21%21%21273.36%21201.63%21%40212a6e3217768943684885148e3a68%2112000049655819255%21sea%21US%210%21ABX%211%210%21n_tag%3A-29910%3Bd%3A7753d89f%3Bm03_new_user%3A-29895%3BpisId%3A5000000204886261&curPageLogUid=BxbkFVC2Eusk&utparam-url=scene%3Asearch%7Cquery_from%3A%7Cx_object_id%3A1005008684773015%7C_p_origin_prod%3A
New arrive USIM Ultra V10.1 with 5G QPE Esim mode for Version V18.X for IP6 to 16promax,$82.00 ,"https://ae-pic-a1.aliexpress-media.com/kf/S56e0a701c4f14988a8fe65df4afac6f6F.jpg_220x220q75.jpg_.avif,https://ae-pic-a1.aliexpress-media.com/kf/S2e4556a882714981991a191bba22375fq.jpg_220x220q75.jpg_.avif,https://ae-pic-a1.aliexpress-media.com/kf/Sd8b66fcc2df64604af0a1232b3055dcfB.jpg_220x220q75.jpg_.avif,https://ae-pic-a1.aliexpress-media.com/kf/Sfef2d2be4cec4c5397184db03d2a3bd1H.jpg_220x220q75.jpg_.avif,https://ae-pic-a1.aliexpress-media.com/kf/S8a3eb661852641edbd06f65fb82e4433s.jpg_220x220q75.jpg_.avif","['High-concerned chemical', 'None', 'With Magnetic', 'No', 'Model Number', 'USIM Ultra with QPE', 'Pieces Included', '1', 'Material', 'Other', 'Origin', 'Mainland China', 'Name', 'USIM Ultra V10.1']",https://www.aliexpress.us/item/3256805636122093.html?algo_pvid=4b73af6b-fb67-4545-9ce7-50cdaf579149&algo_exp_id=4b73af6b-fb67-4545-9ce7-50cdaf579149-14&pdp_ext_f=%7B%22order%22%3A%22111%22%2C%22eval%22%3A%221%22%2C%22fromPage%22%3A%22search%22%7D&pdp_npi=6%40dis%21USD%2182.50%2182.00%21%21%2182.50%2182.00%21%40212a6e3217768943684885148e3a68%2112000034475987209%21sea%21US%210%21ABX%211%210%21n_tag%3A-29910%3Bd%3A7753d89f%3Bm03_new_user%3A-29895%3BpisId%3A5000000204886261&curPageLogUid=qyKRPGN13InT&utparam-url=scene%3Asearch%7Cquery_from%3A%7Cx_object_id%3A1005005822436845%7C_p_origin_prod%3A
20/50/100pcs Sim Card Tray Pin Eject Removal Tool Needle Opener Ejector For Mobile phone,$0.99 ,"https://ae-pic-a1.aliexpress-media.com/kf/S3c87be33f78b47abbb64aff7ccd4b6a5J.jpg_220x220q75.jpg_.avif,https://ae-pic-a1.aliexpress-media.com/kf/S3c87be33f78b47abbb64aff7ccd4b6a5J.jpg_220x220q75.jpg_.avif,https://ae-pic-a1.aliexpress-media.com/kf/H490c7cc526c64f14abc7201e80069f72n.jpg_220x220q75.jpg_.avif,https://ae-pic-a1.aliexpress-media.com/kf/H279f5ab3cb45421cb12cc02cbadc38efO.jpg_220x220q75.jpg_.avif,https://ae-pic-a1.aliexpress-media.com/kf/H34f3fa56abc548eeb5dd8741b7c669a9S.jpg_220x220q75.jpg_.avif","['With Magnetic', 'No', 'Pieces Included', '1000', 'Material', 'Other', 'Origin', 'Mainland China']",https://www.aliexpress.us/item/3256805443140934.html?algo_pvid=4b73af6b-fb67-4545-9ce7-50cdaf579149&algo_exp_id=4b73af6b-fb67-4545-9ce7-50cdaf579149-15&pdp_ext_f=%7B%22order%22%3A%22111%22%2C%22eval%22%3A%221%22%2C%22fromPage%22%3A%22search%22%7D&pdp_npi=6%40dis%21USD%215.66%210.99%21%21%2138.41%216.73%21%40212a6e3217768943684885148e3a68%2112000034300378532%21sea%21US%210%21ABX%211%210%21n_tag%3A-29910%3Bd%3A7753d89f%3Bm03_new_user%3A-29895%3BpisId%3A5000000203537387&curPageLogUid=5TlCjngXbvFd&utparam-url=scene%3Asearch%7Cquery_from%3A%7Cx_object_id%3A1005005629455686%7C_p_origin_prod%3A
Small Screwdriver Kit 25 in 1 Magnetic Precision Screwdriver Drill Set Repair Tools for Eyeglass Phone Watch Laptop Camera,$13.42 ,"https://ae-pic-a1.aliexpress-media.com/kf/S1ec1606d496a4838a4c63892c350eeceB.jpg_220x220q75.jpg_.avif,https://ae-pic-a1.aliexpress-media.com/kf/S1ec1606d496a4838a4c63892c350eeceB.jpg_220x220q75.jpg_.avif,https://ae-pic-a1.aliexpress-media.com/kf/S5f93b8bb644d465386ae6ce61b6cee88y.jpg_220x220q75.jpg_.avif,https://ae-pic-a1.aliexpress-media.com/kf/S116e015511ba4dccb41010e8f82e5c58i.jpg_220x220q75.jpg_.avif,https://ae-pic-a1.aliexpress-media.com/kf/S248d144515004e288fac7e1cc165821d2.jpg_220x220q75.jpg_.avif","['High-concerned chemical', 'None', 'With Magnetic', 'Yes', 'Model Number', 'small screwdriver kit', 'Pieces Included', '25 in 1', 'Material', 'High Carbon Steel', 'Origin', 'Mainland China', 'Feature1', 'mini screwdriver set', 'Feature2', 'precision screwdriver set', 'Feature3', 'magnetic screwdriver set', 'Feature4', 'small precision screwdriver set', 'Feature5', 'small screwdriver set for glasses', 'Feature6', 'small screwdriver set for laptop', 'Feature7', 'small screwdriver set for mobile phone', 'Feature8', 'small screwdriver set for watches', 'Feature9', 'small screwdriver set for toys', 'Feature10', 'small screwdriver set for repair', 'Feature11', 'small screwdriver set for DIY projects']",https://www.aliexpress.us/item/3256808092174451.html?algo_pvid=4b73af6b-fb67-4545-9ce7-50cdaf579149&algo_exp_id=4b73af6b-fb67-4545-9ce7-50cdaf579149-16&pdp_ext_f=%7B%22order%22%3A%22110%22%2C%22eval%22%3A%221%22%2C%22fromPage%22%3A%22search%22%7D&pdp_npi=6%40dis%21USD%2139.78%2113.42%21%21%21270.06%2191.13%21%40212a6e3217768943684885148e3a68%2112000044459119488%21sea%21US%210%21ABX%211%210%21n_tag%3A-29910%3Bd%3A7753d89f%3Bm03_new_user%3A-29895%3BpisId%3A5000000204886261&curPageLogUid=1oGHmOytcwr0&utparam-url=scene%3Asearch%7Cquery_from%3A%7Cx_object_id%3A1005008278489203%7C_p_origin_prod%3A
WYLIE US ESlM-to-2-SIM Conversion & MEP Integration Solution – Supports Super Snow DB IC for iPhone 14-17 Pro PM plus 16e Models,$16.75 ,"https://ae-pic-a1.aliexpress-media.com/kf/S75d731a09bb34208becd88a7ba0c06c7Q.jpg?has_lang=1&ver=2_220x220q75.jpg_.avif,https://ae-pic-a1.aliexpress-media.com/kf/S75d731a09bb34208becd88a7ba0c06c7Q.jpg?has_lang=1&ver=2_220x220q75.jpg_.avif,https://ae-pic-a1.aliexpress-media.com/kf/S914094cbc908474b93ca8e46a88a8b0aW.jpg?has_lang=1&ver=2_220x220q75.jpg_.avif,https://ae-pic-a1.aliexpress-media.com/kf/S0e57474dbd314aeeb909180766a429c4Z.jpg?has_lang=1&ver=2_220x220q75.jpg_.avif,https://ae-pic-a1.aliexpress-media.com/kf/Sd9a51b33034f4c44bb26676a244f9b88Y.jpg?has_lang=1&ver=2_220x220q75.jpg_.avif","['High-concerned chemical', 'None', 'With Magnetic', 'No', 'Pieces Included', '6 in 1', 'Material', 'Other', 'Origin', 'Mainland China', 'Product for', 'US Version ESlM Conversion To 2-SlM Card,SIM /SD Card Reader,No Need Separation no Damage,non destructive,Layer free,change chard']",https://www.aliexpress.us/item/3256810164720223.html?algo_pvid=4b73af6b-fb67-4545-9ce7-50cdaf579149&algo_exp_id=4b73af6b-fb67-4545-9ce7-50cdaf579149-18&pdp_ext_f=%7B%22order%22%3A%22109%22%2C%22eval%22%3A%221%22%2C%22fromPage%22%3A%22search%22%7D&pdp_npi=6%40dis%21USD%2125.77%2116.75%21%21%21174.96%21113.72%21%40212a6e3217768943684885148e3a68%2112000053282035915%21sea%21US%210%21ABX%211%210%21n_tag%3A-29910%3Bd%3A7753d89f%3Bm03_new_user%3A-29895&curPageLogUid=YsvfNkhXcBFe&utparam-url=scene%3Asearch%7Cquery_from%3A%7Cx_object_id%3A1005010351034975%7C_p_origin_prod%3A
Mobile Phone Glass Back Cover Blasting Pen Crack Demolishing Pen Glass Frame Removal Repair Tool for Smartphone Rear Housing,$4.68 ,"https://ae-pic-a1.aliexpress-media.com/kf/S7f194ff530944b63935a91d44476df31X.jpg_220x220q75.jpg_.avif,https://ae-pic-a1.aliexpress-media.com/kf/Sfa4d56f56a5e45b8b52c5f0992f420deH.jpg_220x220q75.jpg_.avif,https://ae-pic-a1.aliexpress-media.com/kf/Seb39f09f9e914566bcf3a6e974b0a7796.jpg_220x220q75.jpg_.avif,https://ae-pic-a1.aliexpress-media.com/kf/S94fa6425f36e4ba5a5605bab520f4c0b0.jpg_220x220q75.jpg_.avif,https://ae-pic-a1.aliexpress-media.com/kf/Seb3f79bd1d834a88a94f675af53df812w.jpg_220x220q75.jpg_.avif","['High-concerned chemical', 'None', 'With Magnetic', 'No', 'Model Number', 'Mobile Phone Glass Back Cover Blasting Pen', 'Pieces Included', '8 in 1', 'Material', 'Other', 'Origin', 'Mainland China', 'Size', '11.6x1.5x1.5cm', 'Color', 'Silver', 'Material', 'Alloy', 'Applicable', 'PG mobile phone screen, blaster camera main screen']",https://www.aliexpress.us/item/3256806012901259.html?algo_pvid=4b73af6b-fb67-4545-9ce7-50cdaf579149&algo_exp_id=4b73af6b-fb67-4545-9ce7-50cdaf579149-19&pdp_ext_f=%7B%22order%22%3A%22109%22%2C%22eval%22%3A%221%22%2C%22fromPage%22%3A%22search%22%7D&pdp_npi=6%40dis%21USD%215.18%214.68%21%21%2135.14%2131.75%21%40212a6e3217768943684885148e3a68%2112000036235826224%21sea%21US%210%21ABX%211%210%21n_tag%3A-29910%3Bd%3A7753d89f%3Bm03_new_user%3A-29895%3BpisId%3A5000000204886261&curPageLogUid=LL7eP5Pr7eDQ&utparam-url=scene%3Asearch%7Cquery_from%3A%7Cx_object_id%3A1005006199216011%7C_p_origin_prod%3A
10-50PCS Metal Triangle Scraper For Mobile Phone Pry Opening Tool For iPad Tablets PC Teardown Repair Tool Kit Disassemble Shell,$0.99 ,"https://ae-pic-a1.aliexpress-media.com/kf/S27cb999fc2d24cd485243dffeee35fb3P.jpg?has_lang=1&ver=1_220x220q75.jpg_.avif,https://ae-pic-a1.aliexpress-media.com/kf/S6b0a1637d89e4d87afac927456ee1e78V.jpg_220x220q75.jpg_.avif,https://ae-pic-a1.aliexpress-media.com/kf/S55339948bf474278b67c8ea091641644E.jpg_220x220q75.jpg_.avif,https://ae-pic-a1.aliexpress-media.com/kf/S832c5f502de0432fb00fb06362af0e56k.jpg_220x220q75.jpg_.avif,https://ae-pic-a1.aliexpress-media.com/kf/S5e37f8d57a6b49e4b2ff938171df90cdz.jpg_220x220q75.jpg_.avif","['High-concerned chemical', 'None', 'Pieces Included', '50 in 1', 'Material', 'Plastic', 'Origin', 'Mainland China']",https://www.aliexpress.us/item/3256810169540627.html?algo_pvid=4b73af6b-fb67-4545-9ce7-50cdaf579149&algo_exp_id=4b73af6b-fb67-4545-9ce7-50cdaf579149-20&pdp_ext_f=%7B%22order%22%3A%22108%22%2C%22eval%22%3A%221%22%2C%22fromPage%22%3A%22search%22%7D&pdp_npi=6%40dis%21USD%214.19%210.99%21%21%2128.42%216.67%21%40212a6e3217768943684885148e3a68%2112000052101837780%21sea%21US%210%21ABX%211%210%21n_tag%3A-29910%3Bd%3A7753d89f%3Bm03_new_user%3A-29895%3BpisId%3A5000000203537387&curPageLogUid=N2CqCgBM7fSm&utparam-url=scene%3Asearch%7Cquery_from%3A%7Cx_object_id%3A1005010355855379%7C_p_origin_prod%3A
High Temperature Resistant Kapton Tape Polyimide Insulating Thermal Insulation Adhesive Phone Repair Tool,$2.03 ,"https://ae-pic-a1.aliexpress-media.com/kf/S496a89ba58c04a1d93c2e07dd42f7d38y.jpg_220x220q75.jpg_.avif,https://ae-pic-a1.aliexpress-media.com/kf/S2462b5e6fed24897955c3d4a45d1f11dW.jpg_220x220q75.jpg_.avif,https://ae-pic-a1.aliexpress-media.com/kf/Saa05e8a9fb3f4a429b9756db3783b7ea4.jpg_220x220q75.jpg_.avif,https://ae-pic-a1.aliexpress-media.com/kf/Sf57a8f911fcb4dc78854395d08beb00cJ.jpg_220x220q75.jpg_.avif,https://ae-pic-a1.aliexpress-media.com/kf/Sd1fa6d6907514f879ae241acdbccebc18.jpg_220x220q75.jpg_.avif","['High-concerned chemical', 'None', 'Pieces Included', '1', 'Material', 'Other', 'Origin', 'Mainland China']",https://www.aliexpress.us/item/3256809074135388.html?algo_pvid=4b73af6b-fb67-4545-9ce7-50cdaf579149&algo_exp_id=4b73af6b-fb67-4545-9ce7-50cdaf579149-21&pdp_ext_f=%7B%22order%22%3A%22108%22%2C%22eval%22%3A%221%22%2C%22fromPage%22%3A%22search%22%7D&pdp_npi=6%40dis%21USD%212.53%212.03%21%21%2117.16%2113.77%21%40212a6e3217768943684885148e3a68%2112000048516247565%21sea%21US%210%21ABX%211%210%21n_tag%3A-29910%3Bd%3A7753d89f%3Bm03_new_user%3A-29895%3BpisId%3A5000000204886261&curPageLogUid=rFyw0CqIbtzc&utparam-url=scene%3Asearch%7Cquery_from%3A%7Cx_object_id%3A1005009260450140%7C_p_origin_prod%3A
10/20PCS Metal Phone Opening Tools Metal Guitar Picks Pry Opener for iPhone iPad Tablet PC Disassemble Repair Tool Kit,$0.99 ,"https://ae-pic-a1.aliexpress-media.com/kf/S8d689be016f442938d467b8ed7c17798s.jpg_220x220q75.jpg_.avif,https://ae-pic-a1.aliexpress-media.com/kf/S8d689be016f442938d467b8ed7c17798s.jpg_220x220q75.jpg_.avif,https://ae-pic-a1.aliexpress-media.com/kf/Sa4caa56d887e434380b2afcd4756df0b0.jpg_220x220q75.jpg_.avif,https://ae-pic-a1.aliexpress-media.com/kf/Sfb308bf901774a8999c34d7269dcb9e0Q.jpg_220x220q75.jpg_.avif,https://ae-pic-a1.aliexpress-media.com/kf/Sec1bf4f579474bfca1310aa69a5da59cq.jpg_220x220q75.jpg_.avif","['With Magnetic', 'No', 'Pieces Included', '10 in 1', 'Material', 'Chrome Vanadium Steel', 'Origin', 'Mainland China']",https://www.aliexpress.us/item/3256806408865562.html?algo_pvid=4b73af6b-fb67-4545-9ce7-50cdaf579149&algo_exp_id=4b73af6b-fb67-4545-9ce7-50cdaf579149-22&pdp_ext_f=%7B%22order%22%3A%22107%22%2C%22eval%22%3A%221%22%2C%22fromPage%22%3A%22search%22%7D&pdp_npi=6%40dis%21USD%216.34%210.99%21%21%2143.02%216.73%21%40212a6e3217768943684885148e3a68%2112000037773225024%21sea%21US%210%21ABX%211%210%21n_tag%3A-29910%3Bd%3A7753d89f%3Bm03_new_user%3A-29895%3BpisId%3A5000000203537387&curPageLogUid=EMv2jSNwBo5N&utparam-url=scene%3Asearch%7Cquery_from%3A%7Cx_object_id%3A1005006595180314%7C_p_origin_prod%3A
50ml Plastic Liquid Bottle With Needle For Rosin Solder Flux Paste Alcohol 502 Glue Dispenser Drop iPhone Repair Tools,$0.99 ,"https://ae-pic-a1.aliexpress-media.com/kf/S049ab6dfd6de43299d1ee685bbcdd940Z.jpg_220x220q75.jpg_.avif,https://ae-pic-a1.aliexpress-media.com/kf/S2bb507175e77432588cf33eaa2586c123.jpg_220x220q75.jpg_.avif,https://ae-pic-a1.aliexpress-media.com/kf/Sd5d372401c0d4c56a6f98b723caed3d0R.jpg_220x220q75.jpg_.avif,https://ae-pic-a1.aliexpress-media.com/kf/S767571ecf1bd4053a50ac7f7bf3c25d7F.jpg_220x220q75.jpg_.avif,https://ae-pic-a1.aliexpress-media.com/kf/S6825a6b320154b139a9b0371b8fd83c1Z.jpg_220x220q75.jpg_.avif","['High-concerned chemical', 'None', 'With Magnetic', 'No', 'Pieces Included', '2', 'Material', 'Other', 'Origin', 'Mainland China']",https://www.aliexpress.us/item/3256807689976286.html?algo_pvid=4b73af6b-fb67-4545-9ce7-50cdaf579149&algo_exp_id=4b73af6b-fb67-4545-9ce7-50cdaf579149-25&pdp_ext_f=%7B%22order%22%3A%22106%22%2C%22eval%22%3A%221%22%2C%22fromPage%22%3A%22search%22%7D&pdp_npi=6%40dis%21USD%212.34%210.99%21%21%212.34%210.99%21%40212a6e3217768943684885148e3a68%2112000042698774795%21sea%21US%210%21ABX%211%210%21n_tag%3A-29910%3Bd%3A7753d89f%3Bm03_new_user%3A-29895%3BpisId%3A5000000203537387&curPageLogUid=3Gf14gAcWW4x&utparam-url=scene%3Asearch%7Cquery_from%3A%7Cx_object_id%3A1005007876291038%7C_p_origin_prod%3A
Unlimited Innovation GB-5A Metal Crowbar LCD Screen Disassembly Opening Tool For Tablet Phone Repair Tool,$0.99 ,"https://ae-pic-a1.aliexpress-media.com/kf/S662ba164c6324895b9f1707c214a7085A.jpg_220x220q75.jpg_.avif,https://ae-pic-a1.aliexpress-media.com/kf/S737a573490e647b5847eb55270ddf6f7u.jpg_220x220q75.jpg_.avif,https://ae-pic-a1.aliexpress-media.com/kf/Sc1efeef61ecf4020b32a5d08cf55b207u.jpg_220x220q75.jpg_.avif,https://ae-pic-a1.aliexpress-media.com/kf/Sf7fb31bcb23f417283c6bed030ac2214t.jpg_220x220q75.jpg_.avif,https://ae-pic-a1.aliexpress-media.com/kf/S89c82a2de2834ba9bcf473af1b12fe351.jpg_220x220q75.jpg_.avif","['High-concerned chemical', 'None', 'Pieces Included', '1', 'Material', 'Other', 'Origin', 'Mainland China']",https://www.aliexpress.us/item/3256805073994123.html?algo_pvid=4b73af6b-fb67-4545-9ce7-50cdaf579149&algo_exp_id=4b73af6b-fb67-4545-9ce7-50cdaf579149-26&pdp_ext_f=%7B%22order%22%3A%22106%22%2C%22eval%22%3A%221%22%2C%22fromPage%22%3A%22search%22%7D&pdp_npi=6%40dis%21USD%212.01%210.99%21%21%2113.67%216.75%21%40212a6e3217768943684885148e3a68%2112000032396360081%21sea%21US%210%21ABX%211%210%21n_tag%3A-29910%3Bd%3A7753d89f%3Bm03_new_user%3A-29895%3BpisId%3A5000000203537349&curPageLogUid=l4Gv0G2LsCDP&utparam-url=scene%3Asearch%7Cquery_from%3A%7Cx_object_id%3A1005005260308875%7C_p_origin_prod%3A
Lanrui P08 Explosion-proof Solder Pad CPU Explosion Solder Explosion Mobile Phone Repair Chip Leakage Solder TOOL,$0.99 ,"https://ae-pic-a1.aliexpress-media.com/kf/S51a59c8bcbb748e1ba5bac5567b9d71dV.jpg_220x220q75.jpg_.avif,https://ae-pic-a1.aliexpress-media.com/kf/Sacb60718f72647ebbcbb4c753c97c439k.jpg_220x220q75.jpg_.avif,https://ae-pic-a1.aliexpress-media.com/kf/Sbd726d4702a249fdb9b6a80fc2f4ecf8M.jpg_220x220q75.jpg_.avif,https://ae-pic-a1.aliexpress-media.com/kf/S47a1be67bf0c4190b4aa2de2e1deb4c9g.jpg_220x220q75.jpg_.avif,https://ae-pic-a1.aliexpress-media.com/kf/Sb34af006cf2e4f9b9f1d854f17e1d40aY.jpg_220x220q75.jpg_.avif","['High-concerned chemical', 'None', 'Pieces Included', '1', 'Material', 'Other', 'Brand Name', 'BRESUN', 'Origin', 'Mainland China']",https://www.aliexpress.us/item/3256810343323468.html?algo_pvid=4b73af6b-fb67-4545-9ce7-50cdaf579149&algo_exp_id=4b73af6b-fb67-4545-9ce7-50cdaf579149-27&pdp_ext_f=%7B%22order%22%3A%22105%22%2C%22eval%22%3A%221%22%2C%22fromPage%22%3A%22search%22%7D&pdp_npi=6%40dis%21USD%213.61%210.99%21%21%2124.52%216.76%21%40212a6e3217768943684885148e3a68%2112000056319291059%21sea%21US%210%21ABX%211%210%21n_tag%3A-29910%3Bd%3A7753d89f%3Bm03_new_user%3A-29895%3BpisId%3A5000000203537387&curPageLogUid=z0y5tLxxBZnK&utparam-url=scene%3Asearch%7Cquery_from%3A%7Cx_object_id%3A1005010529638220%7C_p_origin_prod%3A
New/Renew1 day unlocktool Unlock tool Repairing tools for Samsung Mobile Repairing Tool,$8.73 ,"https://ae-pic-a1.aliexpress-media.com/kf/S40d7ec5d9d31439b936f4b7120b01f5by.jpg?has_lang=1&ver=1_220x220q75.jpg_.avif,https://ae-pic-a1.aliexpress-media.com/kf/Sabe969984e2a499194f40bb8cce69450S.jpg?has_lang=1&ver=1_220x220q75.jpg_.avif","['High-concerned chemical', 'None', 'With Magnetic', 'No', 'Model Number', 'unlocktool 1 day', 'Pieces Included', '1', 'Material', 'Other', 'Origin', 'Mainland China']",https://www.aliexpress.us/item/3256809832600405.html?algo_pvid=4b73af6b-fb67-4545-9ce7-50cdaf579149&algo_exp_id=4b73af6b-fb67-4545-9ce7-50cdaf579149-28&pdp_ext_f=%7B%22order%22%3A%22105%22%2C%22eval%22%3A%221%22%2C%22fromPage%22%3A%22search%22%7D&pdp_npi=6%40dis%21USD%2111.83%218.73%21%21%2180.34%2159.28%21%40212a6e3217768943684885148e3a68%2112000050855890942%21sea%21US%210%21ABX%211%210%21n_tag%3A-29910%3Bd%3A7753d89f%3Bm03_new_user%3A-29895%3BpisId%3A5000000204886261&curPageLogUid=GcF5eykWIu9E&utparam-url=scene%3Asearch%7Cquery_from%3A%7Cx_object_id%3A1005010018915157%7C_p_origin_prod%3A
JCID JC V1SE V1S Pro Battery Expansion Adaptor For iPhone 16 16Plus 16Pro Max Achieve Battery Activation and Smart Detection,$10.04 ,"https://ae-pic-a1.aliexpress-media.com/kf/Sebb11c0728b64bde82ab0bac1dbe55904.jpg_220x220q75.jpg_.avif,https://ae-pic-a1.aliexpress-media.com/kf/Sebb11c0728b64bde82ab0bac1dbe55904.jpg_220x220q75.jpg_.avif,https://ae-pic-a1.aliexpress-media.com/kf/S4f6ea0039acb4d68a27ac1aa477acac3F.jpg_220x220q75.jpg_.avif,https://ae-pic-a1.aliexpress-media.com/kf/Sc20e90dc880340caaf245e98e53a4dcdN.jpg_220x220q75.jpg_.avif,https://ae-pic-a1.aliexpress-media.com/kf/S0da83d8f3f8b473fabe4100ea66a6828G.jpg_220x220q75.jpg_.avif","['High-concerned chemical', 'None', 'With Magnetic', 'No', 'Model Number', 'For iPhone 11 to 16Promax', 'Pieces Included', 'Other', 'Material', 'Other', 'Brand Name', 'Vormir', 'Origin', 'Mainland China', 'Product Name', 'Battery Expansion Adaptor For iPhone 16 Series', 'Funcation', 'Achieve Battery Activation and Smart Detection', 'Compatible Models', 'For iPhone 16 16Plus 16Pro 16Promax', 'Suitable for', 'JCID V1Se V1S Pro', 'Compatible', 'Need work with Battery Adaptor (8-15PM)']",https://www.aliexpress.us/item/3256808041877441.html?algo_pvid=4b73af6b-fb67-4545-9ce7-50cdaf579149&algo_exp_id=4b73af6b-fb67-4545-9ce7-50cdaf579149-30&pdp_ext_f=%7B%22order%22%3A%22105%22%2C%22eval%22%3A%221%22%2C%22fromPage%22%3A%22search%22%7D&pdp_npi=6%40dis%21USD%2114.85%2110.04%21%21%2114.85%2110.04%21%40212a6e3217768943684885148e3a68%2112000044301983706%21sea%21US%210%21ABX%211%210%21n_tag%3A-29910%3Bd%3A7753d89f%3Bm03_new_user%3A-29895%3BpisId%3A5000000204886261&curPageLogUid=TVtR70pLCuUy&utparam-url=scene%3Asearch%7Cquery_from%3A%7Cx_object_id%3A1005008228192193%7C_p_origin_prod%3A
WYLIE WL-1024 160PCS 400PCS/Bag Cleanroom Wiper Cloth Anti-static Wiping Cloth Phone LCD Repair Tools Dust-free Cleaning Cloth,$5.14 ,"https://ae-pic-a1.aliexpress-media.com/kf/Sf1642f62c90b44779bb0674055d97c18w.jpg_220x220q75.jpg_.avif,https://ae-pic-a1.aliexpress-media.com/kf/Sf1642f62c90b44779bb0674055d97c18w.jpg_220x220q75.jpg_.avif,https://ae-pic-a1.aliexpress-media.com/kf/Sccfe30d44eff45eaa7d1ddc37c5a8262f.jpg_220x220q75.jpg_.avif,https://ae-pic-a1.aliexpress-media.com/kf/S2d832d8f00e3460280130f2bb7c72c9fr.jpg_220x220q75.jpg_.avif,https://ae-pic-a1.aliexpress-media.com/kf/S2c75ede66a614d688c3d5c1ffa58f024I.jpg_220x220q75.jpg_.avif","['Model Number', 'WL-1024', 'Pieces Included', '8 in 1', 'Material', 'Other', 'Brand Name', 'NoEnName_Null', 'Origin', 'Mainland China']",https://www.aliexpress.us/item/3256806542732334.html?algo_pvid=4b73af6b-fb67-4545-9ce7-50cdaf579149&algo_exp_id=4b73af6b-fb67-4545-9ce7-50cdaf579149-31&pdp_ext_f=%7B%22order%22%3A%22105%22%2C%22eval%22%3A%221%22%2C%22fromPage%22%3A%22search%22%7D&pdp_npi=6%40dis%21USD%215.64%215.14%21%21%215.64%215.14%21%40212a6e3217768943684885148e3a68%2112000038111451528%21sea%21US%210%21ABX%211%210%21n_tag%3A-29910%3Bd%3A7753d89f%3Bm03_new_user%3A-29895%3BpisId%3A5000000204886261&curPageLogUid=1P5Zhmv46OCs&utparam-url=scene%3Asearch%7Cquery_from%3A%7Cx_object_id%3A1005006729047086%7C_p_origin_prod%3A
Back Cover Wireless Charging Insulation Protection Tape Sticker For iPhone 8 X XS Max XR 11 12 mini 13 Pro 14 Plus Phone Repair,$1.99 ,"https://ae-pic-a1.aliexpress-media.com/kf/Sbf43235a19f2479c97fb81386476c5feh.jpg_220x220q75.jpg_.avif,https://ae-pic-a1.aliexpress-media.com/kf/S7478f6a1456540afae8769b268e0b804I.jpg_220x220q75.jpg_.avif,https://ae-pic-a1.aliexpress-media.com/kf/S315247b2c3e847c2b891dadc133fe5b1h.jpg_220x220q75.jpg_.avif,https://ae-pic-a1.aliexpress-media.com/kf/S2f918b316c7f4a07b14126ebd8dced4dY.jpg_220x220q75.jpg_.avif,https://ae-pic-a1.aliexpress-media.com/kf/S5d41afe90f0c4f1c94f4d162e9a4ec3eC.png_220x220.png_.avif","['High-concerned chemical', 'None', 'Pieces Included', '20', 'Material', 'Other', 'Origin', 'Mainland China']",https://www.aliexpress.us/item/3256805245582373.html?algo_pvid=4b73af6b-fb67-4545-9ce7-50cdaf579149&algo_exp_id=4b73af6b-fb67-4545-9ce7-50cdaf579149-32&pdp_ext_f=%7B%22order%22%3A%22105%22%2C%22eval%22%3A%221%22%2C%22fromPage%22%3A%22search%22%7D&pdp_npi=6%40dis%21USD%212.49%211.99%21%21%2116.89%2113.50%21%40212a6e3217768943684885148e3a68%2112000057027851991%21sea%21US%210%21ABX%211%210%21n_tag%3A-29910%3Bd%3A7753d89f%3Bm03_new_user%3A-29895%3BpisId%3A5000000204886261&curPageLogUid=3zlrJHzLVCLb&utparam-url=scene%3Asearch%7Cquery_from%3A%7Cx_object_id%3A1005005431897125%7C_p_origin_prod%3A
WYLIE Battery Extension Tester Flex Cable For iPhone X 12 13 14 16 Pro Max Phone Repair Tool,$2.45 ,"https://ae-pic-a1.aliexpress-media.com/kf/S06d6507e7c674c6184b7af63190a551b5.jpg_220x220q75.jpg_.avif,https://ae-pic-a1.aliexpress-media.com/kf/S9eeafaf330c64e0c9a0978bd0e9937388.jpg_220x220q75.jpg_.avif,https://ae-pic-a1.aliexpress-media.com/kf/S17a3a24e725d4627b5f15a4873772beaM.jpg_220x220q75.jpg_.avif,https://ae-pic-a1.aliexpress-media.com/kf/S528b3c2d108243a199f957ffb04e6cbeu.jpg_220x220q75.jpg_.avif,https://ae-pic-a1.aliexpress-media.com/kf/S5e31de7e44424e21bae61384f7bd9826C.jpg_220x220q75.jpg_.avif","['High-concerned chemical', 'None', 'Pieces Included', '1', 'Material', 'Other', 'Origin', 'Mainland China']",https://www.aliexpress.us/item/3256809072090460.html?algo_pvid=4b73af6b-fb67-4545-9ce7-50cdaf579149&algo_exp_id=4b73af6b-fb67-4545-9ce7-50cdaf579149-33&pdp_ext_f=%7B%22order%22%3A%22104%22%2C%22eval%22%3A%221%22%2C%22fromPage%22%3A%22search%22%7D&pdp_npi=6%40dis%21USD%212.95%212.45%21%21%2120.03%2116.64%21%40212a6e3217768943684885148e3a68%2112000048509013647%21sea%21US%210%21ABX%211%210%21n_tag%3A-29910%3Bd%3A7753d89f%3Bm03_new_user%3A-29895%3BpisId%3A5000000204886261&curPageLogUid=vM3IlfuWPaBv&utparam-url=scene%3Asearch%7Cquery_from%3A%7Cx_object_id%3A1005009258405212%7C_p_origin_prod%3A
10PCS Wireless Charging Insulation Protection Sticker For iPhone 8 8Plus X XR XS Max 11 12 13 14 Pro MAX Replacement Stickers,$2.53 ,"https://ae-pic-a1.aliexpress-media.com/kf/Saff9c4070a8a414ca6d835f2ff002b9dN.jpg_220x220q75.jpg_.avif,https://ae-pic-a1.aliexpress-media.com/kf/Saff9c4070a8a414ca6d835f2ff002b9dN.jpg_220x220q75.jpg_.avif,https://ae-pic-a1.aliexpress-media.com/kf/Sac4f0ae98b2840f5af2eec0f9a75b441q.jpg_220x220q75.jpg_.avif,https://ae-pic-a1.aliexpress-media.com/kf/S53c6f88b3da04b9990c2f27309ceaa529.jpg_220x220q75.jpg_.avif,https://ae-pic-a1.aliexpress-media.com/kf/Sb53d19fb4f144f4491971b28b9c5629bU.jpg_220x220q75.jpg_.avif","['Pieces Included', '6 in 1', 'Material', 'Other', 'Brand Name', 'NoEnName_Null', 'Origin', 'Mainland China']",https://www.aliexpress.us/item/3256805585625142.html?algo_pvid=4b73af6b-fb67-4545-9ce7-50cdaf579149&algo_exp_id=4b73af6b-fb67-4545-9ce7-50cdaf579149-34&pdp_ext_f=%7B%22order%22%3A%22104%22%2C%22eval%22%3A%221%22%2C%22fromPage%22%3A%22search%22%7D&pdp_npi=6%40dis%21USD%213.03%212.53%21%21%213.03%212.53%21%40212a6e3217768943684885148e3a68%2112000034295665027%21sea%21US%210%21ABX%211%210%21n_tag%3A-29910%3Bd%3A7753d89f%3Bm03_new_user%3A-29895%3BpisId%3A5000000204886261&curPageLogUid=XtHiuUrnEHFr&utparam-url=scene%3Asearch%7Cquery_from%3A%7Cx_object_id%3A1005005771939894%7C_p_origin_prod%3A
Original MIPITESTER UFS ISP for Gear 2 Plus Boxed MIPI Pro Boxed / Repair tools,$13.10 ,"https://ae-pic-a1.aliexpress-media.com/kf/S61b53b97311b45b6968dde724a18dc0fq.jpg?has_lang=1&ver=1_220x220q75.jpg_.avif,https://ae-pic-a1.aliexpress-media.com/kf/S2ebece570b614b589c77e60c86870162S.jpg?has_lang=1&ver=1_220x220q75.jpg_.avif,https://ae-pic-a1.aliexpress-media.com/kf/S4f9c7888d70242328ba4445f2ee3963cc.jpg?has_lang=1&ver=1_220x220q75.jpg_.avif,https://ae-pic-a1.aliexpress-media.com/kf/S2ebece570b614b589c77e60c86870162S.jpg_220x220q75.jpg_.avif,https://ae-pic-a1.aliexpress-media.com/kf/S61b53b97311b45b6968dde724a18dc0fq.jpg_220x220q75.jpg_.avif","['High-concerned chemical', 'None', 'With Magnetic', 'No', 'Model Number', 'EMMC / UFS CABLE', 'Pieces Included', '1', 'Material', 'Plastic', 'Brand Name', 'z3x easy jtag', 'Origin', 'Mainland China']",https://www.aliexpress.us/item/3256809903249664.html?algo_pvid=4b73af6b-fb67-4545-9ce7-50cdaf579149&algo_exp_id=4b73af6b-fb67-4545-9ce7-50cdaf579149-35&pdp_ext_f=%7B%22order%22%3A%22103%22%2C%22eval%22%3A%221%22%2C%22fromPage%22%3A%22search%22%7D&pdp_npi=6%40dis%21USD%2113.10%2113.10%21%21%2188.96%2188.96%21%40212a6e3217768943684885148e3a68%2112000051100941942%21sea%21US%210%21ABX%211%210%21n_tag%3A-29910%3Bd%3A7753d89f%3Bm03_new_user%3A-29895&curPageLogUid=7GK2Ie9aHyYg&utparam-url=scene%3Asearch%7Cquery_from%3A%7Cx_object_id%3A1005010089564416%7C_p_origin_prod%3A
High Quality Newest Well Sim pro V4.0 with QPE for 6S/SE/7/8/X/XR/XSM/11/12PM/13/14PM/15pro/15promax/16 promax,$85.42 ,"https://ae-pic-a1.aliexpress-media.com/kf/Se0d44764f4714e4d9c2fb1b522916abaH.jpg_220x220q75.jpg_.avif,https://ae-pic-a1.aliexpress-media.com/kf/S3a80365e8f374bbba84783dd680fdcb5I.jpg_220x220q75.jpg_.avif,https://ae-pic-a1.aliexpress-media.com/kf/S9a1d24cf698d430596742a93cc6470e9c.jpg_220x220q75.jpg_.avif,https://ae-pic-a1.aliexpress-media.com/kf/Sce57fdff22964f27845cedb5cf269355m.jpg_220x220q75.jpg_.avif,https://ae-pic-a1.aliexpress-media.com/kf/S700ee787a2d148358b7149568a6602eex.jpg_220x220q75.jpg_.avif","['High-concerned chemical', 'None', 'With Magnetic', 'No', 'Model Number', 'wellsim pro', 'Pieces Included', '1', 'Material', 'Other', 'Origin', 'Mainland China', 'Name', 'wellsim pro', 'Suitable for', 'IP6 to 16promax', 'material', 'ABS-material', 'Product Type', 'Sim Cards Adapters', 'quality', 'Best']",https://www.aliexpress.us/item/3256806951142874.html?algo_pvid=4b73af6b-fb67-4545-9ce7-50cdaf579149&algo_exp_id=4b73af6b-fb67-4545-9ce7-50cdaf579149-36&pdp_ext_f=%7B%22order%22%3A%22103%22%2C%22eval%22%3A%221%22%2C%22fromPage%22%3A%22search%22%7D&pdp_npi=6%40dis%21USD%2193.21%2187.71%21%21%21632.81%21595.47%21%40212a6e3217768943684885148e3a68%2112000039535568261%21sea%21US%210%21ABX%211%210%21n_tag%3A-29910%3Bd%3A7753d89f%3Bm03_new_user%3A-29895%3BpisId%3A5000000203537339&curPageLogUid=F4qqJySVcMcm&utparam-url=scene%3Asearch%7Cquery_from%3A%7Cx_object_id%3A1005007137457626%7C_p_origin_prod%3A
3M Double Sided Adhesive Black Sticker 1/2/3/5/8mm Strong Tape for Cellphone LCD Display Repair 50M Length/Roll,$3.30 ,"https://ae-pic-a1.aliexpress-media.com/kf/Sbf1b4d4cd0274563a3b75c985b8f5093s.jpg_220x220q75.jpg_.avif,https://ae-pic-a1.aliexpress-media.com/kf/Sb7e5fcbf28134cfc869419d78d67a9480.jpg_220x220q75.jpg_.avif,https://ae-pic-a1.aliexpress-media.com/kf/S504e51d56275470b9950a3119db94dd1k.jpg_220x220q75.jpg_.avif,https://ae-pic-a1.aliexpress-media.com/kf/S0323991e680644378b9f9c0eb70208a3o.jpg_220x220q75.jpg_.avif,https://ae-pic-a1.aliexpress-media.com/kf/Se35c257e9e4b45018c23c5245e1010daX.jpg_220x220q75.jpg_.avif","['High-concerned chemical', 'None', 'With Magnetic', 'No', 'Model Number', '50M Black Sticker', 'Pieces Included', '1', 'Material', 'Other', 'Brand Name', 'DALESIMEI', 'Origin', 'Mainland China', 'Feature', '50M Black Sticker', 'Width', '1 / 2 / 3 / 5/8mm', 'Type', 'Combination']",https://www.aliexpress.us/item/3256805138208041.html?algo_pvid=4b73af6b-fb67-4545-9ce7-50cdaf579149&algo_exp_id=4b73af6b-fb67-4545-9ce7-50cdaf579149-37&pdp_ext_f=%7B%22order%22%3A%22103%22%2C%22eval%22%3A%221%22%2C%22fromPage%22%3A%22search%22%7D&pdp_npi=6%40dis%21USD%213.80%213.30%21%21%2125.80%2122.41%21%40212a6e3217768943684885148e3a68%2112000032629670016%21sea%21US%210%21ABX%211%210%21n_tag%3A-29910%3Bd%3A7753d89f%3Bm03_new_user%3A-29895%3BpisId%3A5000000204886261&curPageLogUid=f0ZGNGVXQlDV&utparam-url=scene%3Asearch%7Cquery_from%3A%7Cx_object_id%3A1005005324522793%7C_p_origin_prod%3A
YCS Charging IC EEProm Programmer Without Separating Board for iPhone 15pro 15promax 16/plus 16e 16pro/max,$23.71 ,"https://ae-pic-a1.aliexpress-media.com/kf/Sf19c9efadbbe42099671c6460018f80bw.jpg?has_lang=1&ver=1_220x220q75.jpg_.avif,https://ae-pic-a1.aliexpress-media.com/kf/Sf19c9efadbbe42099671c6460018f80bw.jpg?has_lang=1&ver=1_220x220q75.jpg_.avif,https://ae-pic-a1.aliexpress-media.com/kf/S745af3932d2147ceb9894c7d7be705aep.jpg?has_lang=1&ver=1_220x220q75.jpg_.avif,https://ae-pic-a1.aliexpress-media.com/kf/Sa521db8bb9f4483b8943b35a7bc4c606l.jpg?has_lang=1&ver=1_220x220q75.jpg_.avif,https://ae-pic-a1.aliexpress-media.com/kf/Sc538a1723cf046abb7142b1c11ce01a3L.jpg?has_lang=1&ver=1_220x220q75.jpg_.avif","['High-concerned chemical', 'None', 'With Magnetic', 'No', 'Model Number', 'YCS Eeprom programmer', 'Pieces Included', '1', 'Material', 'Other', 'Origin', 'Mainland China']",https://www.aliexpress.us/item/3256810489796540.html?algo_pvid=4b73af6b-fb67-4545-9ce7-50cdaf579149&algo_exp_id=4b73af6b-fb67-4545-9ce7-50cdaf579149-38&pdp_ext_f=%7B%22order%22%3A%22102%22%2C%22eval%22%3A%221%22%2C%22fromPage%22%3A%22search%22%7D&pdp_npi=6%40dis%21USD%2124.21%2123.71%21%21%21164.34%21160.95%21%40212a6e3217768943684885148e3a68%2112000053158776749%21sea%21US%210%21ABX%211%210%21n_tag%3A-29910%3Bd%3A7753d89f%3Bm03_new_user%3A-29895%3BpisId%3A5000000204886261&curPageLogUid=IZFtAjjl2TUs&utparam-url=scene%3Asearch%7Cquery_from%3A%7Cx_object_id%3A1005010676111292%7C_p_origin_prod%3A
wellsim pro V4.0 with QPE support for QPE /TMSI / ICCID Mode For iPhone 6 to 14pro 14promax 15pro to 16promax,$21.40 ,"https://ae-pic-a1.aliexpress-media.com/kf/Sc1ddef3a9621418db1b004dcfb7ace4eP.jpg_220x220q75.jpg_.avif,https://ae-pic-a1.aliexpress-media.com/kf/Sc1ddef3a9621418db1b004dcfb7ace4eP.jpg_220x220q75.jpg_.avif,https://ae-pic-a1.aliexpress-media.com/kf/S3962e7ed2e1d4ef6b942c97610fc79783.jpg_220x220q75.jpg_.avif,https://ae-pic-a1.aliexpress-media.com/kf/S8312fa45918242528a03613ab058929bq.jpg_220x220q75.jpg_.avif,https://ae-pic-a1.aliexpress-media.com/kf/Sc22d1ff1d96c432bbbf4779b32fe7baa8.jpg_220x220q75.jpg_.avif","['High-concerned chemical', 'None', 'With Magnetic', 'No', 'Model Number', 'wellsim pro', 'Pieces Included', '1', 'Material', 'Other', 'Origin', 'Mainland China', 'Name', 'wellsim pro', 'quality', 'Best quality', 'color', 'yellow color']",https://www.aliexpress.us/item/3256805626745114.html?algo_pvid=4b73af6b-fb67-4545-9ce7-50cdaf579149&algo_exp_id=4b73af6b-fb67-4545-9ce7-50cdaf579149-39&pdp_ext_f=%7B%22order%22%3A%22102%22%2C%22eval%22%3A%221%22%2C%22fromPage%22%3A%22search%22%7D&pdp_npi=6%40dis%21USD%2136.50%2121.40%21%21%2136.50%2121.40%21%40212a6e3217768943684885148e3a68%2112000034442556434%21sea%21US%210%21ABX%211%210%21n_tag%3A-29910%3Bd%3A7753d89f%3Bm03_new_user%3A-29895%3BpisId%3A5000000204886261&curPageLogUid=C6bv5EQ7t55Z&utparam-url=scene%3Asearch%7Cquery_from%3A%7Cx_object_id%3A1005005813059866%7C_p_origin_prod%3A
30ml HHD LOCTITE 3542 PUR Glue For X XS 11 12 13 14 Pro Max Frame Display LCD Gluing AUTO/SEMI-AUTO PUR Dispenser Machine Use,$35.00 ,"https://ae-pic-a1.aliexpress-media.com/kf/Sc58b8766a2da4283bd6abb535ae72a3fY.jpg_220x220q75.jpg_.avif,https://ae-pic-a1.aliexpress-media.com/kf/Sd4dfa94588d54994b8061f54bdb3c6d8t.jpg_220x220q75.jpg_.avif,https://ae-pic-a1.aliexpress-media.com/kf/Sd2ba32b2b1084cc58a32abe4e2473719U.jpg_220x220q75.jpg_.avif,https://ae-pic-a1.aliexpress-media.com/kf/S097c79232ee840fc9c4f41b5b81db331q.jpg_220x220q75.jpg_.avif,https://ae-pic-a1.aliexpress-media.com/kf/Sc93b3fa1cb0a41a4ba40fd31eecc96545.jpg_220x220q75.jpg_.avif","['High-concerned chemical', 'None', 'With Magnetic', 'No', 'Model Number', 'Pur Glue 30ml', 'Pieces Included', '1BAG', 'Material', 'Chrome Vanadium Steel', 'Origin', 'Mainland China', 'name', '30ML PUR Dispensing Glue', 'usage', 'For mobile phone frame repair', 'TYPE', '3542 heating glue use', 'Packed', '1BAG', 'Size', '30ml', 'Features', 'Must work with PUR dispenser machine', 'Color', 'Clear']",https://www.aliexpress.us/item/3256805032446786.html?algo_pvid=4b73af6b-fb67-4545-9ce7-50cdaf579149&algo_exp_id=4b73af6b-fb67-4545-9ce7-50cdaf579149-40&pdp_ext_f=%7B%22order%22%3A%22102%22%2C%22eval%22%3A%221%22%2C%22fromPage%22%3A%22search%22%7D&pdp_npi=6%40dis%21USD%2135.00%2135.00%21%21%2135.00%2135.00%21%40212a6e3217768943684885148e3a68%2112000032229494939%21sea%21US%210%21ABX%211%210%21n_tag%3A-29910%3Bd%3A7753d89f%3Bm03_new_user%3A-29895&curPageLogUid=qkbGZBYrUcH7&utparam-url=scene%3Asearch%7Cquery_from%3A%7Cx_object_id%3A1005005218761538%7C_p_origin_prod%3A
5pcs Needle Tip For 9+ Electric Cutting OCA Glue Remove LCD Phone Repair Tool,$3.31 ,"https://ae-pic-a1.aliexpress-media.com/kf/S398c413534af4698b1d599b820ff5615n.jpg_220x220q75.jpg_.avif,https://ae-pic-a1.aliexpress-media.com/kf/S29d73fcaab7e46278f6aceb567388df7b.jpg_220x220q75.jpg_.avif,https://ae-pic-a1.aliexpress-media.com/kf/S80e940b0837c404593d97cb8b89f9075s.jpg_220x220q75.jpg_.avif,https://ae-pic-a1.aliexpress-media.com/kf/Sdb8ae303026a45d1a0a7c28fabe60bf4H.jpg_220x220q75.jpg_.avif,https://ae-pic-a1.aliexpress-media.com/kf/Sa53dc144f95641d291f7a97df9c21d756.jpg_220x220q75.jpg_.avif","['High-concerned chemical', 'None', 'Pieces Included', '5', 'Material', 'Other', 'Origin', 'Mainland China']",https://www.aliexpress.us/item/3256804388490618.html?algo_pvid=4b73af6b-fb67-4545-9ce7-50cdaf579149&algo_exp_id=4b73af6b-fb67-4545-9ce7-50cdaf579149-41&pdp_ext_f=%7B%22order%22%3A%22102%22%2C%22eval%22%3A%221%22%2C%22fromPage%22%3A%22search%22%7D&pdp_npi=6%40dis%21USD%213.81%213.31%21%21%2125.89%2122.50%21%40212a6e3217768943684885148e3a68%2112000056762429901%21sea%21US%210%21ABX%211%210%21n_tag%3A-29910%3Bd%3A7753d89f%3Bm03_new_user%3A-29895%3BpisId%3A5000000204886261&curPageLogUid=5od9I3t5DHFE&utparam-url=scene%3Asearch%7Cquery_from%3A%7Cx_object_id%3A1005004574805370%7C_p_origin_prod%3A
New Harmony TP Cable For Huawei + HW USB COM 1.0 Adapter for Huawei HarmonyOS for chimera pro tool dongle,$0.99 ,"https://ae-pic-a1.aliexpress-media.com/kf/S16b0fa49cc6542799ed6ba4c650c2167r.jpg_220x220q75.jpg_.avif,https://ae-pic-a1.aliexpress-media.com/kf/Sc83cf784931f4fe19ccd7f832fe5c908p.jpg_220x220q75.jpg_.avif,https://ae-pic-a1.aliexpress-media.com/kf/S8e794509a8f4421ca2ee826046b858af5.jpg_220x220q75.jpg_.avif,https://ae-pic-a1.aliexpress-media.com/kf/S98305da75cc24544a4838656965e8c6br.jpg_220x220q75.jpg_.avif,https://ae-pic-a1.aliexpress-media.com/kf/Sb473a50a92c34880854d42731eac3bd6V.jpg_220x220q75.jpg_.avif","['High-concerned chemical', 'None', 'Model Number', 'Harmony TP Cable', 'Pieces Included', '1', 'Material', 'Other', 'Brand Name', 'EFT PRO DONGLE', 'Origin', 'Mainland China']",https://www.aliexpress.us/item/3256803281895618.html?algo_pvid=4b73af6b-fb67-4545-9ce7-50cdaf579149&algo_exp_id=4b73af6b-fb67-4545-9ce7-50cdaf579149-42&pdp_ext_f=%7B%22order%22%3A%22102%22%2C%22eval%22%3A%221%22%2C%22fromPage%22%3A%22search%22%7D&pdp_npi=6%40dis%21USD%214.74%210.99%21%21%214.74%210.99%21%40212a6e3217768943684885148e3a68%2112000036721864801%21sea%21US%210%21ABX%211%210%21n_tag%3A-29910%3Bd%3A7753d89f%3Bm03_new_user%3A-29895%3BpisId%3A5000000203537387&curPageLogUid=sWde3cvmJ6Sa&utparam-url=scene%3Asearch%7Cquery_from%3A%7Cx_object_id%3A1005003468210370%7C_p_origin_prod%3A
5pc SamE Pre-Programmed Battery Tag-on Flex Cable For iPhone 15 12 11 13 14Pro Max Show 100% Health 0 Cycle Time Repair Tool,$15.43/lot,"https://ae-pic-a1.aliexpress-media.com/kf/Sc774aec1a2944f089efb897113bdc819o.jpg_220x220q75.jpg_.avif,https://ae-pic-a1.aliexpress-media.com/kf/Sc774aec1a2944f089efb897113bdc819o.jpg_220x220q75.jpg_.avif,https://ae-pic-a1.aliexpress-media.com/kf/Sd8ad698d1b1b46c6a4f3c7b8eacd855eq.jpg_220x220q75.jpg_.avif,https://ae-pic-a1.aliexpress-media.com/kf/S84eb3c7697f94720ab66eb6c77101d463.png_220x220.png_.avif,https://ae-pic-a1.aliexpress-media.com/kf/Sc4b22b67d118454a8a4c728f109888fdR.png_220x220.png_.avif","['High-concerned chemical', 'None', 'With Magnetic', 'Yes', 'Model Number', 'SamE Pre-Programmed Battery Tag-on Flex Cable For IP11 to 16PM', 'Pieces Included', 'other', 'Material', 'Other', 'Origin', 'Mainland China', 'Support model 1', 'For IP11 A2221 A2111 A2223/11pro A2215 A2160 A2217 /11pro max A2218 A2161 A2220', 'Support model 2', 'For IP12 A2403 A2172 A2402 A2404/12pro A2407 A2341 A2406 A2408/12mini A2399 A2176 A2398 A2400/12pro max A2411 A2342 A2410 A2412', 'Support model 3', 'For IP13 A2633 A2482 A2631 A2634 A2635/13pro A2638 A2483 A2636 A2639 A2640/13mini A2628 A2481 A2626 A2629 A2630/13pro max A2643 A2484 A2641 A2644 A2645', 'Support model 4', 'For IP14 A2882 A2649 A2881 A2884 A2883/14pro A2890 A2650 A2889 A2892 A2891/14plus A2886 A2632 A2885 A2888 A2887/14pro max A2894 A2651 A2893 A2896 A2895,For IP15 A3090 A2846 A3089 A3092/15plus A3094 A2847 A3093 A3096/15pro A3102 A2848 A3101 A3104/15pro max/ A3106 A2849 A3105 A3108', 'Support model 6', 'For IP16 A3287 A3081 A3286 A3288/16Plus A3290 A3082 A3289 A3291/16Pro A3293 A3083 A3292 A3294/16Pro max A3296 A3084 A3295 A3297']",https://www.aliexpress.us/item/3256810624348745.html?algo_pvid=4b73af6b-fb67-4545-9ce7-50cdaf579149&algo_exp_id=4b73af6b-fb67-4545-9ce7-50cdaf579149-43&pdp_ext_f=%7B%22order%22%3A%22101%22%2C%22eval%22%3A%221%22%2C%22fromPage%22%3A%22search%22%7D&pdp_npi=6%40dis%21USD%2122.76%2115.43%21%21%21154.50%21104.76%21%40212a6e3217768943684885148e3a68%2112000053571745358%21sea%21US%210%21ABX%211%210%21n_tag%3A-29910%3Bd%3A7753d89f%3Bm03_new_user%3A-29895%3BpisId%3A5000000204886261&curPageLogUid=DDB38CA2K9r4&utparam-url=scene%3Asearch%7Cquery_from%3A%7Cx_object_id%3A1005010810663497%7C_p_origin_prod%3A
WYLIE For iPhone 17 US Version eSIM Conversion To Dual SIM Card MEP Integration Solution Support Super Snow IC iPhone Repair,$11.22 ,"https://ae-pic-a1.aliexpress-media.com/kf/Sdd2c344d1f5d44078569d557ff96722cG.jpg_220x220q75.jpg_.avif,https://ae-pic-a1.aliexpress-media.com/kf/Sdd2c344d1f5d44078569d557ff96722cG.jpg_220x220q75.jpg_.avif,https://ae-pic-a1.aliexpress-media.com/kf/S27fe1ea613eb40e9a7f7a0e5dcd3829dW.jpg_220x220q75.jpg_.avif,https://ae-pic-a1.aliexpress-media.com/kf/S91a247a1279340c2a15585e781f2b8d7J.jpg_220x220q75.jpg_.avif,https://ae-pic-a1.aliexpress-media.com/kf/S1e266ca87bdf467ba9506e898aa9ec3fj.png_220x220.png_.avif","['High-concerned chemical', 'None', 'Pieces Included', '1', 'Material', 'Other', 'Brand Name', 'manumoc', 'Origin', 'Mainland China']",https://www.aliexpress.us/item/3256810154710633.html?algo_pvid=4b73af6b-fb67-4545-9ce7-50cdaf579149&algo_exp_id=4b73af6b-fb67-4545-9ce7-50cdaf579149-44&pdp_ext_f=%7B%22order%22%3A%22101%22%2C%22eval%22%3A%221%22%2C%22fromPage%22%3A%22search%22%7D&pdp_npi=6%40dis%21USD%2111.22%2111.22%21%21%2176.18%2176.18%21%40212a6e3217768943684885148e3a68%2112000052052059468%21sea%21US%210%21ABX%211%210%21n_tag%3A-29910%3Bd%3A7753d89f%3Bm03_new_user%3A-29895&curPageLogUid=2rqqtIOgz2lY&utparam-url=scene%3Asearch%7Cquery_from%3A%7Cx_object_id%3A1005010341025385%7C_p_origin_prod%3A
5PCS 0.15mm Ultra-thin Openning Pry Disassembly Blade For Mobile Phone Tablet Screen Frame Removal Phone Repair Tool,$4.23 ,"https://ae-pic-a1.aliexpress-media.com/kf/S2c809ccdd72a4066a68e87a1b88a0940q.jpg_220x220q75.jpg_.avif,https://ae-pic-a1.aliexpress-media.com/kf/S2c809ccdd72a4066a68e87a1b88a0940q.jpg_220x220q75.jpg_.avif,https://ae-pic-a1.aliexpress-media.com/kf/S2da4c1f19c284b0c99b3dadead5afb58F.jpg_220x220q75.jpg_.avif,https://ae-pic-a1.aliexpress-media.com/kf/S5c01a3ce0cc0478aadb4818a9c11a86ep.jpg_220x220q75.jpg_.avif,https://ae-pic-a1.aliexpress-media.com/kf/S683789d849b047869027bb39152e9e5d3.jpg_220x220q75.jpg_.avif","['High-concerned chemical', 'None', 'Pieces Included', '1', 'Material', 'Other', 'Origin', 'Mainland China']",https://www.aliexpress.us/item/3256809409878739.html?algo_pvid=4b73af6b-fb67-4545-9ce7-50cdaf579149&algo_exp_id=4b73af6b-fb67-4545-9ce7-50cdaf579149-45&pdp_ext_f=%7B%22order%22%3A%22101%22%2C%22eval%22%3A%221%22%2C%22fromPage%22%3A%22search%22%7D&pdp_npi=6%40dis%21USD%214.73%214.23%21%21%2132.08%2128.69%21%40212a6e3217768943684885148e3a68%2112000049573805933%21sea%21US%210%21ABX%211%210%21n_tag%3A-29910%3Bd%3A7753d89f%3Bm03_new_user%3A-29895%3BpisId%3A5000000204886261&curPageLogUid=ALPst7BEgEil&utparam-url=scene%3Asearch%7Cquery_from%3A%7Cx_object_id%3A1005009596193491%7C_p_origin_prod%3A
WYLIE For iPhone 14 Pro Max US Version Change Dual Card Flex Cable Assembly eSIM To Dual SIM No N‮ee‬d ‮S‬ep‮ra‬ati‮no‬ Repair,$0.99 ,"https://ae-pic-a1.aliexpress-media.com/kf/Sa806368f6fb7432a800ce0a2f9fa5c71b.jpg_220x220q75.jpg_.avif,https://ae-pic-a1.aliexpress-media.com/kf/Sa806368f6fb7432a800ce0a2f9fa5c71b.jpg_220x220q75.jpg_.avif,https://ae-pic-a1.aliexpress-media.com/kf/S2dff4ee4b50148f3b4a960aa8f0aaa1aF.jpg_220x220q75.jpg_.avif,https://ae-pic-a1.aliexpress-media.com/kf/S05edb4a9a5e140e49b8c5b1eaa1cfddfN.jpg_220x220q75.jpg_.avif,https://ae-pic-a1.aliexpress-media.com/kf/S07f95def64674c31b254bebe5b74b387m.jpg_220x220q75.jpg_.avif","['High-concerned chemical', 'None', 'Pieces Included', '1', 'Material', 'Other', 'Brand Name', 'manumoc', 'Origin', 'Mainland China']",https://www.aliexpress.us/item/3256804955675210.html?algo_pvid=4b73af6b-fb67-4545-9ce7-50cdaf579149&algo_exp_id=4b73af6b-fb67-4545-9ce7-50cdaf579149-47&pdp_ext_f=%7B%22order%22%3A%22101%22%2C%22eval%22%3A%221%22%2C%22fromPage%22%3A%22search%22%7D&pdp_npi=6%40dis%21USD%219.42%210.99%21%21%2163.94%216.71%21%40212a6e3217768943684885148e3a68%2112000039140187230%21sea%21US%210%21ABX%211%210%21n_tag%3A-29910%3Bd%3A7753d89f%3Bm03_new_user%3A-29895%3BpisId%3A5000000203537349&curPageLogUid=dwHfgg1nlQ3B&utparam-url=scene%3Asearch%7Cquery_from%3A%7Cx_object_id%3A1005005141989962%7C_p_origin_prod%3A
XHZC Position OCA Alignment Mold Mould For iPhone X XS XR 11 12 Mini 13 Pro Max 14 15 Plus 17 Air LCD Screen Phone Repair Tool,$6.68 ,"https://ae-pic-a1.aliexpress-media.com/kf/Sfe2a71e784644330bbf39d1b89065b77R.jpg_220x220q75.jpg_.avif,https://ae-pic-a1.aliexpress-media.com/kf/S1f9f8df1d97346ed8196c57c2e1cd8f9C.jpg_220x220q75.jpg_.avif,https://ae-pic-a1.aliexpress-media.com/kf/Se5b90521e91c480b995dfaa0e408173eo.jpg_220x220q75.jpg_.avif,https://ae-pic-a1.aliexpress-media.com/kf/S5d6f8f0777364a0796645dc92c50b70ec.jpg_220x220q75.jpg_.avif,https://ae-pic-a1.aliexpress-media.com/kf/S299bdfd519044ba3a44d4f83809abb1c5.jpg_220x220q75.jpg_.avif","['High-concerned chemical', 'None', 'With Magnetic', 'No', 'Pieces Included', '1', 'Material', 'Other', 'Origin', 'Mainland China']",https://www.aliexpress.us/item/3256804117513561.html?algo_pvid=4b73af6b-fb67-4545-9ce7-50cdaf579149&algo_exp_id=4b73af6b-fb67-4545-9ce7-50cdaf579149-48&pdp_ext_f=%7B%22order%22%3A%22100%22%2C%22eval%22%3A%221%22%2C%22fromPage%22%3A%22search%22%7D&pdp_npi=6%40dis%21USD%216.68%216.68%21%21%2145.36%2145.36%21%40212a6e3217768943684885148e3a68%2112000031151804683%21sea%21US%210%21ABX%211%210%21n_tag%3A-29910%3Bd%3A7753d89f%3Bm03_new_user%3A-29895&curPageLogUid=60y5UweshjpG&utparam-url=scene%3Asearch%7Cquery_from%3A%7Cx_object_id%3A1005004303828313%7C_p_origin_prod%3A
"Unlock Tool online activation Unlocktool Repairing Tools 90,180,360 Day for HW XIAOMI Android Circuit",$30.81 ,"https://ae-pic-a1.aliexpress-media.com/kf/S80074ba0c3734db680911952a674d343l.jpg?has_lang=1&ver=1_220x220q75.jpg_.avif,https://ae-pic-a1.aliexpress-media.com/kf/S80074ba0c3734db680911952a674d343l.jpg?has_lang=1&ver=1_220x220q75.jpg_.avif,https://ae-pic-a1.aliexpress-media.com/kf/S63b9469d624848d090045d5f4d8baf33H.jpg?has_lang=1&ver=1_220x220q75.jpg_.avif,https://ae-pic-a1.aliexpress-media.com/kf/S561165d9a10f4a1a9768ae2a050dce38u.jpg?has_lang=1&ver=1_220x220q75.jpg_.avif,https://ae-pic-a1.aliexpress-media.com/kf/S4b23a5efff7546bfb678e8a3604d99f1w.jpg?has_lang=1&ver=1_220x220q75.jpg_.avif","['High-concerned chemical', 'None', 'With Magnetic', 'No', 'Model Number', 'Unlocktool', 'Pieces Included', '1', 'Material', 'Other', 'Origin', 'Mainland China', 'Type', 'Renew Unlocktool Repairing tools', 'Type 1', 'unlock tool', 'Type 2', 'UnlockTool 3/6/12 Months License']",https://www.aliexpress.us/item/3256809506359603.html?algo_pvid=4b73af6b-fb67-4545-9ce7-50cdaf579149&algo_exp_id=4b73af6b-fb67-4545-9ce7-50cdaf579149-49&pdp_ext_f=%7B%22order%22%3A%2299%22%2C%22eval%22%3A%221%22%2C%22fromPage%22%3A%22search%22%7D&pdp_npi=6%40dis%21USD%2140.66%2130.81%21%21%21276.04%21209.16%21%40212a6e3217768943684885148e3a68%2112000049872290605%21sea%21US%210%21ABX%211%210%21n_tag%3A-29910%3Bd%3A7753d89f%3Bm03_new_user%3A-29895%3BpisId%3A5000000204886261&curPageLogUid=lWz8zACFY63V&utparam-url=scene%3Asearch%7Cquery_from%3A%7Cx_object_id%3A1005009692674355%7C_p_origin_prod%3A
Sameking 2in1 Green Soft Silicone Rubber Pad For OCA Glue Remover Cleaning Glass OCA Laminating Phone Repair Tool,$0.99 ,"https://ae-pic-a1.aliexpress-media.com/kf/S12d45fda64ca498eb336068c71d1f407n.jpg?has_lang=1&ver=1_220x220q75.jpg_.avif,https://ae-pic-a1.aliexpress-media.com/kf/S12d45fda64ca498eb336068c71d1f407n.jpg?has_lang=1&ver=1_220x220q75.jpg_.avif,https://ae-pic-a1.aliexpress-media.com/kf/Sb8a83bb4650b46efa98a3c481d00263ag.jpg?has_lang=1&ver=1_220x220q75.jpg_.avif,https://ae-pic-a1.aliexpress-media.com/kf/S02d79d22b3564dcabd04132baf2b70c8K.jpg?has_lang=1&ver=1_220x220q75.jpg_.avif,https://ae-pic-a1.aliexpress-media.com/kf/S9ed56452800d46aaa247db12e752ad93y.jpg?has_lang=1&ver=1_220x220q75.jpg_.avif","['High-concerned chemical', 'None', 'Pieces Included', '1', 'Material', 'Other', 'Brand Name', 'manumoc', 'Origin', 'Mainland China']",https://www.aliexpress.us/item/3256809380238994.html?algo_pvid=4b73af6b-fb67-4545-9ce7-50cdaf579149&algo_exp_id=4b73af6b-fb67-4545-9ce7-50cdaf579149-50&pdp_ext_f=%7B%22order%22%3A%2299%22%2C%22eval%22%3A%221%22%2C%22fromPage%22%3A%22search%22%7D&pdp_npi=6%40dis%21USD%219.50%211.50%21%21%2164.47%2110.16%21%40212a6e3217768943684885148e3a68%2112000049481284661%21sea%21US%210%21ABX%211%210%21n_tag%3A-29910%3Bd%3A7753d89f%3Bm03_new_user%3A-29895%3BpisId%3A5000000203537387&curPageLogUid=OVMv6c7wJIOG&utparam-url=scene%3Asearch%7Cquery_from%3A%7Cx_object_id%3A1005009566553746%7C_p_origin_prod%3A
40 in 1 Mobile Phone Repair Tools Disassemble Repair Set for iPhone Screwdriver Combination Skid Multi Function Disassembly Kit,$0.99 ,"https://ae-pic-a1.aliexpress-media.com/kf/S3cfcb0425cd4495fa0c1857fae4f8f3cV.jpg_220x220q75.jpg_.avif,https://ae-pic-a1.aliexpress-media.com/kf/S22e65f8d6887431da3d75cd8bf723db7s.jpg_220x220q75.jpg_.avif,https://ae-pic-a1.aliexpress-media.com/kf/Sc89655d6db6a49228bff32c562d70c11C.jpg_220x220q75.jpg_.avif,https://ae-pic-a1.aliexpress-media.com/kf/Sb5f04253db9041a5a224ad2d7358b0a7i.jpg_220x220q75.jpg_.avif,https://ae-pic-a1.aliexpress-media.com/kf/Sd13e7d30114b42bf967489d1cf568ac9t.jpg_220x220q75.jpg_.avif","['High-concerned chemical', 'None', 'With Magnetic', 'No', 'Model Number', '40 in 1 Mobile Phone Repair Tools Set', 'Pieces Included', '40 in 1', 'Material', 'S2 Alloy Steel', 'Origin', 'Mainland China']",https://www.aliexpress.us/item/3256808026039164.html?algo_pvid=4b73af6b-fb67-4545-9ce7-50cdaf579149&algo_exp_id=4b73af6b-fb67-4545-9ce7-50cdaf579149-51&pdp_ext_f=%7B%22order%22%3A%2299%22%2C%22eval%22%3A%221%22%2C%22fromPage%22%3A%22search%22%7D&pdp_npi=6%40dis%21USD%2116.08%210.99%21%21%21109.17%216.71%21%40212a6e3217768943684885148e3a68%2112000044251875480%21sea%21US%210%21ABX%211%210%21n_tag%3A-29910%3Bd%3A7753d89f%3Bm03_new_user%3A-29895%3BpisId%3A5000000203537387&curPageLogUid=vKChC2j142A6&utparam-url=scene%3Asearch%7Cquery_from%3A%7Cx_object_id%3A1005008212353916%7C_p_origin_prod%3A
Battery Cell Insulation Adhesive 1/2cm 50m for IPhone 11 12 13 14 15 Pro XS Max XR 7P Battery Insulation Tape Protective Sticker,$2.42 ,"https://ae-pic-a1.aliexpress-media.com/kf/Sef515f6d509744aebbbfd1874aca03ael.jpg_220x220q75.jpg_.avif,https://ae-pic-a1.aliexpress-media.com/kf/Sdc9d73c1d69744ec86bfe4f3e72ce1bdW.jpg_220x220q75.jpg_.avif,https://ae-pic-a1.aliexpress-media.com/kf/S07162897f8d443f089836dad23c15547N.jpg_220x220q75.jpg_.avif,https://ae-pic-a1.aliexpress-media.com/kf/S0a585f897555436aa0681cd39d6c34c9J.jpg_220x220q75.jpg_.avif,https://ae-pic-a1.aliexpress-media.com/kf/Sa8afc13b63584d67b8c41fd8bc0798eeG.jpg_220x220q75.jpg_.avif","['High-concerned chemical', 'None', 'Pieces Included', '1', 'Material', 'Other', 'Brand Name', 'BRESUN', 'Origin', 'Mainland China']",https://www.aliexpress.us/item/3256807476591010.html?algo_pvid=4b73af6b-fb67-4545-9ce7-50cdaf579149&algo_exp_id=4b73af6b-fb67-4545-9ce7-50cdaf579149-52&pdp_ext_f=%7B%22order%22%3A%2299%22%2C%22eval%22%3A%221%22%2C%22fromPage%22%3A%22search%22%7D&pdp_npi=6%40dis%21USD%212.92%212.42%21%21%212.92%212.42%21%40212a6e3217768943684885148e3a68%2112000041702031280%21sea%21US%210%21ABX%211%210%21n_tag%3A-29910%3Bd%3A7753d89f%3Bm03_new_user%3A-29895%3BpisId%3A5000000204886261&curPageLogUid=KfrL9bQCAqt7&utparam-url=scene%3Asearch%7Cquery_from%3A%7Cx_object_id%3A1005007662905762%7C_p_origin_prod%3A
RELIFE TB-05 TB-06 Battery Repair Programmer For iPhone 8 1112 13 14 15 16 Pro Max Battery Flex Cable Data Cycles Recovery Tools,$90.56 ,"https://ae-pic-a1.aliexpress-media.com/kf/S0d31ad3910244b058d57bce431fb02438.jpg_220x220q75.jpg_.avif,https://ae-pic-a1.aliexpress-media.com/kf/S0d31ad3910244b058d57bce431fb02438.jpg_220x220q75.jpg_.avif,https://ae-pic-a1.aliexpress-media.com/kf/Sf7d8c7f8ed9f4cc6b4a0897c27503b9ed.jpg_220x220q75.jpg_.avif,https://ae-pic-a1.aliexpress-media.com/kf/S44d4e873298749f0bb6894e142734d1am.jpg_220x220q75.jpg_.avif,https://ae-pic-a1.aliexpress-media.com/kf/S91189a946567437b91acba72fe172d07i.jpg_220x220q75.jpg_.avif","['High-concerned chemical', 'None', 'With Magnetic', 'No', 'Model Number', 'RELIFE TB-06', 'Pieces Included', '6 in 1', 'Material', 'Chrome Vanadium Steel', 'Brand Name', 'fonlyu', 'Origin', 'Mainland China', 'TB-06', 'RELIFE TB-06']",https://www.aliexpress.us/item/3256805290223275.html?algo_pvid=4b73af6b-fb67-4545-9ce7-50cdaf579149&algo_exp_id=4b73af6b-fb67-4545-9ce7-50cdaf579149-53&pdp_ext_f=%7B%22order%22%3A%2299%22%2C%22eval%22%3A%221%22%2C%22fromPage%22%3A%22search%22%7D&pdp_npi=6%40dis%21USD%21105.88%2190.56%21%21%21105.88%2190.56%21%40212a6e3217768943684885148e3a68%2112000042597023103%21sea%21US%210%21ABX%211%210%21n_tag%3A-29910%3Bd%3A7753d89f%3Bm03_new_user%3A-29895%3BpisId%3A5000000204886261&curPageLogUid=5eYKaax0jLrG&utparam-url=scene%3Asearch%7Cquery_from%3A%7Cx_object_id%3A1005005476538027%7C_p_origin_prod%3A
XHZC LCD OCA Alignment Position Mold Mould With Frame For iPhone 12 Mini 13 Pro Max 14 15 16 Plus 17 Air Repair Tool,$6.33 ,"https://ae-pic-a1.aliexpress-media.com/kf/S23962098a6604ea08f6dc88de9b6a9c07.jpg_220x220q75.jpg_.avif,https://ae-pic-a1.aliexpress-media.com/kf/S4f5df00745d24ee196bb03c1b720078c9.jpg_220x220q75.jpg_.avif,https://ae-pic-a1.aliexpress-media.com/kf/S4c0e4574e9a54dbebd4c6d09ecbc44abG.jpg_220x220q75.jpg_.avif,https://ae-pic-a1.aliexpress-media.com/kf/S147dc1862ab94a0aacebbd40414a42f7z.jpg_220x220q75.jpg_.avif,https://ae-pic-a1.aliexpress-media.com/kf/S73642ae01a1c48b3a815e2285be285c2o.jpg_220x220q75.jpg_.avif","['High-concerned chemical', 'None', 'With Magnetic', 'No', 'Model Number', '12 Mini 12 Pro Max', 'Pieces Included', '1', 'Material', 'Other', 'Origin', 'Mainland China']",https://www.aliexpress.us/item/3256803378701976.html?algo_pvid=4b73af6b-fb67-4545-9ce7-50cdaf579149&algo_exp_id=4b73af6b-fb67-4545-9ce7-50cdaf579149-54&pdp_ext_f=%7B%22order%22%3A%2299%22%2C%22eval%22%3A%221%22%2C%22fromPage%22%3A%22search%22%7D&pdp_npi=6%40dis%21USD%216.83%216.33%21%21%2146.38%2142.99%21%40212a6e3217768943684885148e3a68%2112000026307792556%21sea%21US%210%21ABX%211%210%21n_tag%3A-29910%3Bd%3A7753d89f%3Bm03_new_user%3A-29895%3BpisId%3A5000000204886261&curPageLogUid=LxtwvVJJLgvR&utparam-url=scene%3Asearch%7Cquery_from%3A%7Cx_object_id%3A1005003565016728%7C_p_origin_prod%3A
1Pc Liquid Alcohol With Needle 50ML WTS-001 For Phone PCB Welding Repair Plastic For Dispenser Rosin Solder Flux Paste,$0.99 ,"https://ae-pic-a1.aliexpress-media.com/kf/S63dc6bf5bc7d4e1080227abe35ca70fcx.jpg_220x220q75.jpg_.avif,https://ae-pic-a1.aliexpress-media.com/kf/Sfdc99926e1af47138340e5fb5a4c23dbh.jpg_220x220q75.jpg_.avif,https://ae-pic-a1.aliexpress-media.com/kf/Se7d364f3b74b42d288e14d5d39bbbfb95.jpg_220x220q75.jpg_.avif,https://ae-pic-a1.aliexpress-media.com/kf/S17d7f3f229704e63947b57281bd7eebb7.jpg_220x220q75.jpg_.avif,https://ae-pic-a1.aliexpress-media.com/kf/S1a55ee4156464ae58f3a5689c2464d40e.jpg_220x220q75.jpg_.avif","['High-concerned chemical', 'None', 'Pieces Included', '6 in 1', 'Material', 'Other', 'Origin', 'Mainland China']",https://www.aliexpress.us/item/3256809400697099.html?algo_pvid=4b73af6b-fb67-4545-9ce7-50cdaf579149&algo_exp_id=4b73af6b-fb67-4545-9ce7-50cdaf579149-55&pdp_ext_f=%7B%22order%22%3A%2298%22%2C%22eval%22%3A%221%22%2C%22fromPage%22%3A%22search%22%7D&pdp_npi=6%40dis%21USD%215.42%210.99%21%21%2136.77%216.68%21%40212a6e3217768943684885148e3a68%2112000049545285417%21sea%21US%210%21ABX%211%210%21n_tag%3A-29910%3Bd%3A7753d89f%3Bm03_new_user%3A-29895%3BpisId%3A5000000203537387&curPageLogUid=jSIt4JsL462R&utparam-url=scene%3Asearch%7Cquery_from%3A%7Cx_object_id%3A1005009587011851%7C_p_origin_prod%3A
YCS 10in1 Black Wukong Series Golden Hoop Multi-function Knife Handle Cutter Glue Remover Brush Set,$11.02 ,"https://ae-pic-a1.aliexpress-media.com/kf/Sc6a6c4d880f54850b8f7e8d1d988bca9n.jpg_220x220q75.jpg_.avif,https://ae-pic-a1.aliexpress-media.com/kf/S0282b5f603e646ee94811717520886224.jpg_220x220q75.jpg_.avif,https://ae-pic-a1.aliexpress-media.com/kf/Sbc86dea4da33422fb3b2e80f86da53bcI.jpg_220x220q75.jpg_.avif,https://ae-pic-a1.aliexpress-media.com/kf/S8e43a3fb085347a39e9fbd5ace5e5434I.jpg_220x220q75.jpg_.avif,https://ae-pic-a1.aliexpress-media.com/kf/S05601416de2540d0b9b85e6d682235628.jpg_220x220q75.jpg_.avif","['High-concerned chemical', 'None', 'Pieces Included', '10 in 1', 'Material', 'Other', 'Brand Name', 'welsolo', 'Origin', 'Mainland China']",https://www.aliexpress.us/item/3256807476369425.html?algo_pvid=4b73af6b-fb67-4545-9ce7-50cdaf579149&algo_exp_id=4b73af6b-fb67-4545-9ce7-50cdaf579149-56&pdp_ext_f=%7B%22order%22%3A%2298%22%2C%22eval%22%3A%221%22%2C%22fromPage%22%3A%22search%22%7D&pdp_npi=6%40dis%21USD%2111.52%2111.02%21%21%2178.22%2174.83%21%40212a6e3217768943684885148e3a68%2112000041700398183%21sea%21US%210%21ABX%211%210%21n_tag%3A-29910%3Bd%3A7753d89f%3Bm03_new_user%3A-29895%3BpisId%3A5000000204886261&curPageLogUid=JKt2hQqJaJex&utparam-url=scene%3Asearch%7Cquery_from%3A%7Cx_object_id%3A1005007662684177%7C_p_origin_prod%3A
Amao Blade D Series Hand Polishing Blade Mobile Phone Repair Blade Glue Removal Skid IC Scraper Glue CPU Layered Repair Tools,$1.88 ,"https://ae-pic-a1.aliexpress-media.com/kf/S0a87f5e2599140ea907bd6e2dbc3f7a0G.jpg_220x220q75.jpg_.avif,https://ae-pic-a1.aliexpress-media.com/kf/S0a87f5e2599140ea907bd6e2dbc3f7a0G.jpg_220x220q75.jpg_.avif,https://ae-pic-a1.aliexpress-media.com/kf/S03399e7ec1a742df99becd6df32f0a645.jpg_220x220q75.jpg_.avif,https://ae-pic-a1.aliexpress-media.com/kf/Sdaade3efe594490ab5f9a3d0fd7bec65D.jpg_220x220q75.jpg_.avif,https://ae-pic-a1.aliexpress-media.com/kf/Se85cf93f22df4715b857b946e9987291C.jpg_220x220q75.jpg_.avif","['High-concerned chemical', 'None', 'Pieces Included', '1', 'Material', 'Other', 'Brand Name', 'BRESUN', 'Origin', 'Mainland China', 'brand', 'Amaoe', 'Model', 'D1-D12', 'Color classification', 'D Series Blade']",https://www.aliexpress.us/item/3256807357352385.html?algo_pvid=4b73af6b-fb67-4545-9ce7-50cdaf579149&algo_exp_id=4b73af6b-fb67-4545-9ce7-50cdaf579149-57&pdp_ext_f=%7B%22order%22%3A%2298%22%2C%22eval%22%3A%221%22%2C%22fromPage%22%3A%22search%22%7D&pdp_npi=6%40dis%21USD%212.38%211.88%21%21%212.38%211.88%21%40212a6e3217768943684885148e3a68%2112000041228337653%21sea%21US%210%21ABX%211%210%21n_tag%3A-29910%3Bd%3A7753d89f%3Bm03_new_user%3A-29895%3BpisId%3A5000000204886261&curPageLogUid=U5Gq4fHlCJcL&utparam-url=scene%3Asearch%7Cquery_from%3A%7Cx_object_id%3A1005007543667137%7C_p_origin_prod%3A
Phoenix Service Tool Credits 10 Credits Pack,$21.00/lot,"https://ae-pic-a1.aliexpress-media.com/kf/A4cf275a387924d1db08c97716c462c0er.jpg_220x220q75.jpg_.avif,https://ae-pic-a1.aliexpress-media.com/kf/A4cf275a387924d1db08c97716c462c0er.jpg_220x220q75.jpg_.avif","['High-concerned chemical', 'None', 'Model Number', 'Phoenix Service Tool Credits 10 Credits Pack', 'Pieces Included', '10', 'Material', 'Other', 'Brand Name', 'Oityn', 'Origin', 'Mainland China']",https://www.aliexpress.us/item/3256806406935705.html?algo_pvid=4b73af6b-fb67-4545-9ce7-50cdaf579149&algo_exp_id=4b73af6b-fb67-4545-9ce7-50cdaf579149-58&pdp_ext_f=%7B%22order%22%3A%2298%22%2C%22eval%22%3A%221%22%2C%22fromPage%22%3A%22search%22%7D&pdp_npi=6%40dis%21USD%2121.00%2121.00%21%21%2121.00%2121.00%21%40212a6e3217768943684885148e3a68%2112000037753212174%21sea%21US%210%21ABX%211%210%21n_tag%3A-29910%3Bd%3A7753d89f%3Bm03_new_user%3A-29895&curPageLogUid=jntiK58yOUB0&utparam-url=scene%3Asearch%7Cquery_from%3A%7Cx_object_id%3A1005006593250457%7C_p_origin_prod%3A
4/16pcs Universal Screen Fixture Clamp Holder Adjustable Phone Repair Tools LCD Display Screen Fastening Clip Tablet Accessories,$4.55 ,"https://ae-pic-a1.aliexpress-media.com/kf/Sf6a36c2677d94c4eb84ce18828099e07j.jpg?has_lang=1&ver=2_220x220q75.jpg_.avif,https://ae-pic-a1.aliexpress-media.com/kf/S18a12e89c75d49bf84ea45850247f91cE.jpg?has_lang=1&ver=2_220x220q75.jpg_.avif,https://ae-pic-a1.aliexpress-media.com/kf/S603cf9e19180438fa8761b3d40c977fd4.jpg?has_lang=1&ver=2_220x220q75.jpg_.avif,https://ae-pic-a1.aliexpress-media.com/kf/S77ed314c9e2f4412a3ccf695a004e9e49.jpg_220x220q75.jpg_.avif,https://ae-pic-a1.aliexpress-media.com/kf/Se4051d42e0604372b43db2a90e069328S.jpg?has_lang=1&ver=1_220x220q75.jpg_.avif","['High-concerned chemical', 'None', 'With Magnetic', 'No', 'Pieces Included', '8 in 1', 'Material', 'Plastic', 'Brand Name', 'Mrgabwte', 'Origin', 'Mainland China']",https://www.aliexpress.us/item/3256810428464188.html?algo_pvid=4b73af6b-fb67-4545-9ce7-50cdaf579149&algo_exp_id=4b73af6b-fb67-4545-9ce7-50cdaf579149-59&pdp_ext_f=%7B%22order%22%3A%2297%22%2C%22eval%22%3A%221%22%2C%22fromPage%22%3A%22search%22%7D&pdp_npi=6%40dis%21USD%2110.30%214.55%21%21%2169.94%2130.88%21%40212a6e3217768943684885148e3a68%2112000052978171574%21sea%21US%210%21ABX%211%210%21n_tag%3A-29910%3Bd%3A7753d89f%3Bm03_new_user%3A-29895%3BpisId%3A5000000204886261&curPageLogUid=wzD4ITpGPk6X&utparam-url=scene%3Asearch%7Cquery_from%3A%7Cx_object_id%3A1005010614778940%7C_p_origin_prod%3A
USB Battery Repair Device Multipurpose Yellow Duck Phone Battery Repair Real-time Monitoring Battery Restorer for Multi-device,$1.76 ,"https://ae-pic-a1.aliexpress-media.com/kf/S534c5c00efaa44af8a84fe326453b024F.jpg?has_lang=1&ver=1_220x220q75.jpg_.avif,https://ae-pic-a1.aliexpress-media.com/kf/S1e9936f365b04e68b388533cf4b17209z.jpg?has_lang=1&ver=1_220x220q75.jpg_.avif,https://ae-pic-a1.aliexpress-media.com/kf/Se7a8728ce1904bcd864b87081960138aj.jpg?has_lang=1&ver=1_220x220q75.jpg_.avif,https://ae-pic-a1.aliexpress-media.com/kf/S5fa5bfd363df46cca94a8278422c0882x.jpg?has_lang=1&ver=1_220x220q75.jpg_.avif,https://ae-pic-a1.aliexpress-media.com/kf/S105a0a7a7c36421ca4b3696c376f8d63V.jpg?has_lang=1&ver=1_220x220q75.jpg_.avif","['High-concerned chemical', 'None', 'Pieces Included', '6 in 1', 'Material', 'Plastic', 'Origin', 'Mainland China']",https://www.aliexpress.us/item/3256809942893762.html?algo_pvid=372b13c3-b215-4f01-b99f-a2dc1db81056&algo_exp_id=372b13c3-b215-4f01-b99f-a2dc1db81056-0&pdp_ext_f=%7B%22order%22%3A%2297%22%2C%22eval%22%3A%221%22%2C%22fromPage%22%3A%22search%22%7D&pdp_npi=6%40dis%21USD%214.52%211.76%21%21%2130.69%2111.96%21%40212e509017768950412715223ed167%2112000051243297062%21sea%21US%210%21ABX%211%210%21n_tag%3A-29910%3Bd%3A7753d89f%3Bm03_new_user%3A-29895%3BpisId%3A5000000204886261&curPageLogUid=k3tBHOz6dZur&utparam-url=scene%3Asearch%7Cquery_from%3A%7Cx_object_id%3A1005010129208514%7C_p_origin_prod%3A
Unlock Tool New/Renew 3/6/12 months Unlocktool Repairing tools for Samsung Mobile Repairing Tool,$29.54 ,"https://ae-pic-a1.aliexpress-media.com/kf/Sabe969984e2a499194f40bb8cce69450S.jpg?has_lang=1&ver=2_220x220q75.jpg_.avif,https://ae-pic-a1.aliexpress-media.com/kf/Sabe969984e2a499194f40bb8cce69450S.jpg?has_lang=1&ver=2_220x220q75.jpg_.avif,https://ae-pic-a1.aliexpress-media.com/kf/S0f6123830ff340c28430d0f982fb3764h.jpg?has_lang=1&ver=2_220x220q75.jpg_.avif,https://ae-pic-a1.aliexpress-media.com/kf/Sfc0dfad0e1e54df5bc8a8ea5f8dd0dffd.jpg?has_lang=1&ver=2_220x220q75.jpg_.avif,https://ae-pic-a1.aliexpress-media.com/kf/S4eebe5f7a5b0415194bd02f504cd03b47.jpg?has_lang=1&ver=2_220x220q75.jpg_.avif","['High-concerned chemical', 'None', 'With Magnetic', 'No', 'Model Number', 'unlock tool', 'Pieces Included', '1', 'Material', 'Other', 'Origin', 'Mainland China', 'Model Number', 'Unlocktool', 'Type', 'Renew Unlocktool Repairing tools', 'Type 1', 'UnlockTool 3/6/12 Months License Description', 'Type 2', 'Unlocktool Repairing tools 90,180,360 Days']",https://www.aliexpress.us/item/3256809698445433.html?algo_pvid=372b13c3-b215-4f01-b99f-a2dc1db81056&algo_exp_id=372b13c3-b215-4f01-b99f-a2dc1db81056-1&pdp_ext_f=%7B%22order%22%3A%2297%22%2C%22eval%22%3A%221%22%2C%22fromPage%22%3A%22search%22%7D&pdp_npi=6%40dis%21USD%2141.72%2129.54%21%21%21283.25%21200.55%21%40212e509017768950412715223ed167%2112000050476796280%21sea%21US%210%21ABX%211%210%21n_tag%3A-29910%3Bd%3A7753d89f%3Bm03_new_user%3A-29895%3BpisId%3A5000000204886261&curPageLogUid=OBAWYeM9eEeq&utparam-url=scene%3Asearch%7Cquery_from%3A%7Cx_object_id%3A1005009884760185%7C_p_origin_prod%3A
NEW JCID JC Tag Face id Flex Cable for IPhone X XR XS MAX 11 12 13 14 15 16 PRO MAX Mini Dot Matrix Repair Read and Write Data,$4.30 ,"https://ae-pic-a1.aliexpress-media.com/kf/S01da656a91d24850a8ac5ae01569737bC.jpg?has_lang=1&ver=2_220x220q75.jpg_.avif,https://ae-pic-a1.aliexpress-media.com/kf/S01da656a91d24850a8ac5ae01569737bC.jpg?has_lang=1&ver=2_220x220q75.jpg_.avif,https://ae-pic-a1.aliexpress-media.com/kf/S421233c0b2394fba94c5bf6c5863fb0bf.jpg?has_lang=1&ver=2_220x220q75.jpg_.avif,https://ae-pic-a1.aliexpress-media.com/kf/Sfaa28a9d3bfd4b03b207f5018dda4be4f.jpg?has_lang=1&ver=2_220x220q75.jpg_.avif,https://ae-pic-a1.aliexpress-media.com/kf/S7148d0552939418fb5d2371345f63fb7V.jpg?has_lang=1&ver=2_220x220q75.jpg_.avif","['High-concerned chemical', 'None', 'With Magnetic', 'No', 'Model Number', 'JCID Dot Matrix Flex', 'Pieces Included', '1', 'Material', 'Other', 'Origin', 'Mainland China', 'Brand Name', 'JCID']",https://www.aliexpress.us/item/3256809583072474.html?algo_pvid=372b13c3-b215-4f01-b99f-a2dc1db81056&algo_exp_id=372b13c3-b215-4f01-b99f-a2dc1db81056-2&pdp_ext_f=%7B%22order%22%3A%2297%22%2C%22eval%22%3A%221%22%2C%22fromPage%22%3A%22search%22%7D&pdp_npi=6%40dis%21USD%219.59%214.30%21%21%2165.08%2129.15%21%40212e509017768950412715223ed167%2112000050103387654%21sea%21US%210%21ABX%211%210%21n_tag%3A-29910%3Bd%3A7753d89f%3Bm03_new_user%3A-29895%3BpisId%3A5000000204886261&curPageLogUid=eoSs4x1DUHJz&utparam-url=scene%3Asearch%7Cquery_from%3A%7Cx_object_id%3A1005009769387226%7C_p_origin_prod%3A
Plastic Opening Card 0.2mm Ultra Thin Flexible Pry Opening Tool LCD Screen Mobile Phone Repair Scraper For iPhone iPad Samsung,$1.01 ,"https://ae-pic-a1.aliexpress-media.com/kf/Sa78aba8ddef045c09c7dfb3dfef7deb2r.jpg_220x220q75.jpg_.avif,https://ae-pic-a1.aliexpress-media.com/kf/S1d9c658d50d446f18c322a1a1a019c83q.jpg_220x220q75.jpg_.avif,https://ae-pic-a1.aliexpress-media.com/kf/S05c184bf83344ccbbfe78da281342d71I.jpg_220x220q75.jpg_.avif,https://ae-pic-a1.aliexpress-media.com/kf/S4d001c964670477781272e20a44d500bz.jpg_220x220q75.jpg_.avif,https://ae-pic-a1.aliexpress-media.com/kf/S4c897b98249c487a9126a06ffb56778eq.jpg_220x220q75.jpg_.avif","['High-concerned chemical', 'None', 'Pieces Included', '6 in 1', 'Material', 'Other', 'Brand Name', 'BAPPSUS', 'Origin', 'Mainland China']",https://www.aliexpress.us/item/3256806285233087.html?algo_pvid=372b13c3-b215-4f01-b99f-a2dc1db81056&algo_exp_id=372b13c3-b215-4f01-b99f-a2dc1db81056-3&pdp_ext_f=%7B%22order%22%3A%2297%22%2C%22eval%22%3A%221%22%2C%22fromPage%22%3A%22search%22%7D&pdp_npi=6%40dis%21USD%211.51%211.01%21%21%211.51%211.01%21%40212e509017768950412715223ed167%2112000037318413412%21sea%21US%210%21ABX%211%210%21n_tag%3A-29910%3Bd%3A7753d89f%3Bm03_new_user%3A-29895%3BpisId%3A5000000204886261&curPageLogUid=7HSL2pexNwVS&utparam-url=scene%3Asearch%7Cquery_from%3A%7Cx_object_id%3A1005006471547839%7C_p_origin_prod%3A
8 In 1 Pocket Precision Mini Screwdriver Pen Repair Hand Tools Kit for Cell Phone/Ipad/Computer and More,$2.58 ,"https://ae-pic-a1.aliexpress-media.com/kf/S6021a3567efa4ca1bc7274a8046503386.jpg_220x220q75.jpg_.avif,https://ae-pic-a1.aliexpress-media.com/kf/S2ec772cf6b3c47fd9a3a1d4b9114b617D.jpg_220x220q75.jpg_.avif,https://ae-pic-a1.aliexpress-media.com/kf/S5ed638da40cd4044b02a9b7ee256a09cQ.jpg_220x220q75.jpg_.avif,https://ae-pic-a1.aliexpress-media.com/kf/S153f71e8953c41fead74b469c0c0c680r.jpg_220x220q75.jpg_.avif,https://ae-pic-a1.aliexpress-media.com/kf/S85304c176fa74aa1a7a80c48dd2ebc7f6.jpg_220x220q75.jpg_.avif","['High-concerned chemical', 'None', 'With Magnetic', 'Yes', 'Model Number', 'Screwdriver Pen', 'Pieces Included', '8 in 1', 'Material', 'Other', 'Origin', 'Mainland China', 'Color', 'Blue/Black/Red/Silver', 'Size', 'as pictured', 'Material', 'Tool Steel', 'Feature 1', 'Small and portable design', 'Feature 2', 'elegant appearance', 'Feature 3', 'Includes 8 different screwdrivers']",https://www.aliexpress.us/item/3256805954120098.html?algo_pvid=372b13c3-b215-4f01-b99f-a2dc1db81056&algo_exp_id=372b13c3-b215-4f01-b99f-a2dc1db81056-5&pdp_ext_f=%7B%22order%22%3A%2296%22%2C%22eval%22%3A%221%22%2C%22fromPage%22%3A%22search%22%7D&pdp_npi=6%40dis%21USD%213.08%212.58%21%21%2120.91%2117.52%21%40212e509017768950412715223ed167%2112000035941140267%21sea%21US%210%21ABX%211%210%21n_tag%3A-29910%3Bd%3A7753d89f%3Bm03_new_user%3A-29895%3BpisId%3A5000000204886261&curPageLogUid=x5WJifV8cgwh&utparam-url=scene%3Asearch%7Cquery_from%3A%7Cx_object_id%3A1005006140434850%7C_p_origin_prod%3A
TBK Back Camera Glass Lens Protector Case For Laser Machine Support iPhone 8 14 15 Pro Max LCD Screen Repair Tool,$9.60 ,"https://ae-pic-a1.aliexpress-media.com/kf/S893b2ce15f804f8999eceb310666dcbb9.jpg_220x220q75.jpg_.avif,https://ae-pic-a1.aliexpress-media.com/kf/Sf715f560aa4f4620b9da2542064ba6d59.jpg_220x220q75.jpg_.avif,https://ae-pic-a1.aliexpress-media.com/kf/S47f0ae538eb54500a12e53b9a6a9d33ae.jpg_220x220q75.jpg_.avif,https://ae-pic-a1.aliexpress-media.com/kf/S56fe3e220049436da85465da2727d5a33.jpg_220x220q75.jpg_.avif,https://ae-pic-a1.aliexpress-media.com/kf/S10bda362538545eab434993e76897ce8c.png_220x220.png_.avif","['High-concerned chemical', 'None', 'Pieces Included', '1', 'Material', 'Other', 'Origin', 'Mainland China']",https://www.aliexpress.us/item/3256804173743192.html?algo_pvid=372b13c3-b215-4f01-b99f-a2dc1db81056&algo_exp_id=372b13c3-b215-4f01-b99f-a2dc1db81056-6&pdp_ext_f=%7B%22order%22%3A%2296%22%2C%22eval%22%3A%221%22%2C%22fromPage%22%3A%22search%22%7D&pdp_npi=6%40dis%21USD%2117.39%2111.89%21%21%21118.07%2180.73%21%40212e509017768950412715223ed167%2112000028899610185%21sea%21US%210%21ABX%211%210%21n_tag%3A-29910%3Bd%3A7753d89f%3Bm03_new_user%3A-29895%3BpisId%3A5000000203537339&curPageLogUid=35u98zw6qtJb&utparam-url=scene%3Asearch%7Cquery_from%3A%7Cx_object_id%3A1005004360057944%7C_p_origin_prod%3A
JCID JC 17 Series True Tone Repair Adaptor for 17/17Air/17Pro/17Pro Max Fix The Display Unknown Pop-up Issue Use V1SE V1S PRO,$45.50 ,"https://ae-pic-a1.aliexpress-media.com/kf/Sddeb1c2b469d4ad4b146b19699d76463z.png_220x220.png_.avif,https://ae-pic-a1.aliexpress-media.com/kf/S305b2ca604d84fe6a36308e49bb40cc9j.png_220x220.png_.avif,https://ae-pic-a1.aliexpress-media.com/kf/S7925843547074e0696e4c3ecc2f37853Y.jpg_220x220q75.jpg_.avif,https://ae-pic-a1.aliexpress-media.com/kf/S8c3be101c8a3440b9d221c0e989e0829t.jpg_220x220q75.jpg_.avif,https://ae-pic-a1.aliexpress-media.com/kf/S9fcecf8227764d938495568757bdb092s.jpg_220x220q75.jpg_.avif","['High-concerned chemical', 'None', 'With Magnetic', 'No', 'Pieces Included', '1', 'Material', 'Other', 'Origin', 'Mainland China', 'Support', 'For V1S Pro/V1SE', 'Package', '1 pcs/bag']",https://www.aliexpress.us/item/3256811558379682.html?algo_pvid=372b13c3-b215-4f01-b99f-a2dc1db81056&algo_exp_id=372b13c3-b215-4f01-b99f-a2dc1db81056-7&pdp_ext_f=%7B%22order%22%3A%2295%22%2C%22eval%22%3A%221%22%2C%22fromPage%22%3A%22search%22%7D&pdp_npi=6%40dis%21USD%2146.00%2145.50%21%21%2146.00%2145.50%21%40212e509017768950412715223ed167%2112000056414925254%21sea%21US%210%21ABX%211%210%21n_tag%3A-29910%3Bd%3A7753d89f%3Bm03_new_user%3A-29895%3BpisId%3A5000000204886261&curPageLogUid=VwpQUPHom7t4&utparam-url=scene%3Asearch%7Cquery_from%3A%7Cx_object_id%3A1005011744694434%7C_p_origin_prod%3A
100% original Hydra Tool eMMC ISP Adapters Tool with eMMC and ISP pinouts USB 3.0 Support for Hydra dongle,$12.94 ,"https://ae-pic-a1.aliexpress-media.com/kf/S7e335b5fb322417bb2f79980e9ca9828E.jpg_220x220q75.jpg_.avif,https://ae-pic-a1.aliexpress-media.com/kf/S7e335b5fb322417bb2f79980e9ca9828E.jpg_220x220q75.jpg_.avif,https://ae-pic-a1.aliexpress-media.com/kf/S7329250fff7a48c394e14398d1cdc6e4Y.jpg_220x220q75.jpg_.avif,https://ae-pic-a1.aliexpress-media.com/kf/Sda5356be85fa4266b8f3c5e56ff0bb8e0.jpg_220x220q75.jpg_.avif,https://ae-pic-a1.aliexpress-media.com/kf/S7c5ca5c0cfd14687a90dea207f3c8943f.jpg_220x220q75.jpg_.avif","['High-concerned chemical', 'None', 'With Magnetic', 'No', 'Model Number', 'Hydra ISP eMMC Adapter', 'Pieces Included', '1', 'Material', 'Other', 'Brand Name', 'z3x easy jtag', 'Origin', 'Mainland China']",https://www.aliexpress.us/item/3256809075513077.html?algo_pvid=372b13c3-b215-4f01-b99f-a2dc1db81056&algo_exp_id=372b13c3-b215-4f01-b99f-a2dc1db81056-8&pdp_ext_f=%7B%22order%22%3A%2295%22%2C%22eval%22%3A%221%22%2C%22fromPage%22%3A%22search%22%7D&pdp_npi=6%40dis%21USD%2120.73%2115.23%21%21%21140.75%21103.41%21%40212e509017768950412715223ed167%2112000048520988267%21sea%21US%210%21ABX%211%210%21n_tag%3A-29910%3Bd%3A7753d89f%3Bm03_new_user%3A-29895%3BpisId%3A5000000203537339&curPageLogUid=yob84oDYIZAX&utparam-url=scene%3Asearch%7Cquery_from%3A%7Cx_object_id%3A1005009261827829%7C_p_origin_prod%3A
Mannt 6003 Terminator Glue 30ml 4 Minutes Quick-Dry for Mobile Phone Bezel Fixes Back Cover Screen Frame Glue Adhesive,$9.10 ,"https://ae-pic-a1.aliexpress-media.com/kf/S80d174ea8ba1465b932f0cbff80f2542H.jpg_220x220q75.jpg_.avif,https://ae-pic-a1.aliexpress-media.com/kf/S616f624564a443ff85c08c721b59c247u.jpg_220x220q75.jpg_.avif,https://ae-pic-a1.aliexpress-media.com/kf/S4839feabe28a43cc8fb5dded2c9ef5beS.jpg_220x220q75.jpg_.avif,https://ae-pic-a1.aliexpress-media.com/kf/Sc90710cfc1e7442dae2ed9f68aeb799d1.jpg_220x220q75.jpg_.avif,https://ae-pic-a1.aliexpress-media.com/kf/Sc6c7a3388b4245aeb39b75b3134be073y.jpg_220x220q75.jpg_.avif","['High-concerned chemical', 'None', 'With Magnetic', 'No', 'Model Number', 'Mannt 6003, MY-300', 'Pieces Included', '1pcs', 'Material', 'Other', 'Origin', 'Mainland China', 'brand', 'ma ant', 'name', 'Temminator high elasticoriginal glue', 'Model number', '6003', 'Net content', '30ML', 'Net weight', '63g', 'Gross weight', '86g', 'Product characteristics', 'No corrgsion, fast fixation, noscreen damage, no heating recuired', 'Scope of application', 'Warious brands of support back cowerscreen frame glue', 'High and low temperatureresistance', '-50~200°C']",https://www.aliexpress.us/item/3256806787995479.html?algo_pvid=372b13c3-b215-4f01-b99f-a2dc1db81056&algo_exp_id=372b13c3-b215-4f01-b99f-a2dc1db81056-9&pdp_ext_f=%7B%22order%22%3A%2295%22%2C%22eval%22%3A%221%22%2C%22fromPage%22%3A%22search%22%7D&pdp_npi=6%40dis%21USD%2127.43%219.10%21%21%21186.22%2161.79%21%40212e509017768950412715223ed167%2112000038906607459%21sea%21US%210%21ABX%211%210%21n_tag%3A-29910%3Bd%3A7753d89f%3Bm03_new_user%3A-29895%3BpisId%3A5000000204886261&curPageLogUid=DQfnNpvilqWV&utparam-url=scene%3Asearch%7Cquery_from%3A%7Cx_object_id%3A1005006974310231%7C_p_origin_prod%3A
KQCPET6 V8 Motherboard Diagnostic Card Analyzer For Mobile Phone PC Laptop Smart Diagnostic Tester Card USB PCI/PCIE/LPC/PCI-E,$30.45 ,"https://ae-pic-a1.aliexpress-media.com/kf/Hc5caa2b4e4884265aed93aa1baf44afb6.jpg_220x220q75.jpg_.avif,https://ae-pic-a1.aliexpress-media.com/kf/Hc5caa2b4e4884265aed93aa1baf44afb6.jpg_220x220q75.jpg_.avif,https://ae-pic-a1.aliexpress-media.com/kf/H0ec1d6501de142358d1b56a00b7c87adY.jpg_220x220q75.jpg_.avif,https://ae-pic-a1.aliexpress-media.com/kf/Hdf5ed62da298477997d04e6bf4cdc3ee1.jpg_220x220q75.jpg_.avif,https://ae-pic-a1.aliexpress-media.com/kf/H3fa6d5be6be2486ab44a04339451c319J.jpg_220x220q75.jpg_.avif","['High-concerned chemical', 'None', 'With Magnetic', 'No', 'Model Number', '2021 KQCPET6 V8 Desktop notebook computer motherboard diagnostic card', 'Pieces Included', '1', 'Material', 'Other', 'Origin', 'Mainland China', 'Feature', 'KQCPET6 V8 Multifunctional partition wall intelligent diagnostic card', 'Name', 'Desktop notebook computer motherboard diagnostic card', 'Support', 'Support M2, m SATA, PCI PCIE, LPC, MiniPCIE', 'Model', 'KQCPET6 V8', 'Apply to', 'Intelligent diagnosis of desktops, notebooks, mobile phones, USB smart devices, such as home smart TVs, cars, stereos, industrial USB devices, etc.']",https://www.aliexpress.us/item/3256803428863003.html?algo_pvid=372b13c3-b215-4f01-b99f-a2dc1db81056&algo_exp_id=372b13c3-b215-4f01-b99f-a2dc1db81056-10&pdp_ext_f=%7B%22order%22%3A%2295%22%2C%22eval%22%3A%221%22%2C%22fromPage%22%3A%22search%22%7D&pdp_npi=6%40dis%21USD%2130.95%2130.45%21%21%2130.95%2130.45%21%40212e509017768950412715223ed167%2112000026503412784%21sea%21US%210%21ABX%211%210%21n_tag%3A-29910%3Bd%3A7753d89f%3Bm03_new_user%3A-29895%3BpisId%3A5000000204886261&curPageLogUid=N2zUsxyNyLle&utparam-url=scene%3Asearch%7Cquery_from%3A%7Cx_object_id%3A1005003615177755%7C_p_origin_prod%3A
Quick 861DW 2008 850 Series Hot Welding Nozzle Straight Oblique For Quick 2008 Heat Gun,$4.10 ,"https://ae-pic-a1.aliexpress-media.com/kf/Sfb185e2da6f94533b3e3e08082b0d568q.jpg_220x220q75.jpg_.avif,https://ae-pic-a1.aliexpress-media.com/kf/Sfb185e2da6f94533b3e3e08082b0d568q.jpg_220x220q75.jpg_.avif,https://ae-pic-a1.aliexpress-media.com/kf/S1c9822d7c7404a2fb2e231715a040fffd.jpg_220x220q75.jpg_.avif,https://ae-pic-a1.aliexpress-media.com/kf/Sce6e5e3e1bcc45cbbde2cff165cb63bda.jpg_220x220q75.jpg_.avif,https://ae-pic-a1.aliexpress-media.com/kf/Sede6f24a652d4251b92353cc531973acz.jpg_220x220q75.jpg_.avif","['High-concerned chemical', 'None', 'Pieces Included', '1', 'Material', 'Other', 'Origin', 'Mainland China']",https://www.aliexpress.us/item/3256807341526438.html?algo_pvid=372b13c3-b215-4f01-b99f-a2dc1db81056&algo_exp_id=372b13c3-b215-4f01-b99f-a2dc1db81056-11&pdp_ext_f=%7B%22order%22%3A%2294%22%2C%22eval%22%3A%221%22%2C%22fromPage%22%3A%22search%22%7D&pdp_npi=6%40dis%21USD%214.10%214.10%21%21%2127.85%2127.85%21%40212e509017768950412715223ed167%2112000041164925199%21sea%21US%210%21ABX%211%210%21n_tag%3A-29910%3Bd%3A7753d89f%3Bm03_new_user%3A-29895&curPageLogUid=w6gypjqsk94T&utparam-url=scene%3Asearch%7Cquery_from%3A%7Cx_object_id%3A1005007527841190%7C_p_origin_prod%3A
5pcs Bga Machine Vacuum Suction Pen Accessories Sucker Suction Cup Nozzle For All Kind Brand BGA Rework Station 6 8 10 15mm,$5.11 ,"https://ae-pic-a1.aliexpress-media.com/kf/H1872a21c0328409dbfcb4a808a954349M.jpg_220x220q75.jpg_.avif,https://ae-pic-a1.aliexpress-media.com/kf/H81d3e3951e00450e8a3d7cac1b7d8b8bY.jpg_220x220q75.jpg_.avif,https://ae-pic-a1.aliexpress-media.com/kf/H6a1812aaa5db4d2890a278a888aed4e5O.jpg_220x220q75.jpg_.avif,https://ae-pic-a1.aliexpress-media.com/kf/H80fe371262f645fd93d57558a480202bh.jpg_220x220q75.jpg_.avif,https://ae-pic-a1.aliexpress-media.com/kf/Hf4598be3ddf544f3a08b13fcbbf6f40cb.jpg_220x220q75.jpg_.avif","['High-concerned chemical', 'None', 'With Magnetic', 'No', 'Model Number', 'BGA rework station vacuum suction cup', 'Pieces Included', '1', 'Material', 'Other', 'Origin', 'Mainland China', 'Name', 'vacuum suction cup', 'Apply to', 'BGA rework station vacuum suction pen', 'Features', 'High temperature resistance', 'Types', '6/8/10/15mm', 'color', 'red', 'Height', '5MM']",https://www.aliexpress.us/item/3256802092204335.html?algo_pvid=372b13c3-b215-4f01-b99f-a2dc1db81056&algo_exp_id=372b13c3-b215-4f01-b99f-a2dc1db81056-12&pdp_ext_f=%7B%22order%22%3A%2294%22%2C%22eval%22%3A%221%22%2C%22fromPage%22%3A%22search%22%7D&pdp_npi=6%40dis%21USD%215.11%215.11%21%21%215.11%215.11%21%40212e509017768950412715223ed167%2112000019885864662%21sea%21US%210%21ABX%211%210%21n_tag%3A-29910%3Bd%3A7753d89f%3Bm03_new_user%3A-29895&curPageLogUid=LyIf2S4ZjcN0&utparam-url=scene%3Asearch%7Cquery_from%3A%7Cx_object_id%3A1005002278519087%7C_p_origin_prod%3A
RELIFE T12 Series Soldering Iron Tips Universal Welding Head For Most T12 Soldering Station Handle,$0.99 ,"https://ae-pic-a1.aliexpress-media.com/kf/S995f74e3dbbb4201b425d3d4d05389357.jpg?has_lang=1&ver=1_220x220q75.jpg_.avif,https://ae-pic-a1.aliexpress-media.com/kf/S54fecd5500df4415b0b303913a25311f9.jpg?has_lang=1&ver=1_220x220q75.jpg_.avif,https://ae-pic-a1.aliexpress-media.com/kf/S8e72f1cff8344a56b659d94897054c78q.jpg?has_lang=1&ver=1_220x220q75.jpg_.avif,https://ae-pic-a1.aliexpress-media.com/kf/Sd6ed2cc4b44a4c62aaa222dc4e8326f49.jpg?has_lang=1&ver=1_220x220q75.jpg_.avif,https://ae-pic-a1.aliexpress-media.com/kf/S2cea71cf8d6e412194bdd29d6766421fw.jpg?has_lang=1&ver=1_220x220q75.jpg_.avif","['High-concerned chemical', 'None', 'Model Number', 'T12 series Tip', 'Pieces Included', '3in1', 'Material', 'Other', 'Origin', 'Mainland China']",https://www.aliexpress.us/item/3256809642240634.html?algo_pvid=372b13c3-b215-4f01-b99f-a2dc1db81056&algo_exp_id=372b13c3-b215-4f01-b99f-a2dc1db81056-14&pdp_ext_f=%7B%22order%22%3A%2293%22%2C%22eval%22%3A%221%22%2C%22fromPage%22%3A%22search%22%7D&pdp_npi=6%40dis%21USD%2112.68%210.99%21%21%2186.09%216.72%21%40212e509017768950412715223ed167%2112000050296012847%21sea%21US%210%21ABX%211%210%21n_tag%3A-29910%3Bd%3A7753d89f%3Bm03_new_user%3A-29895%3BpisId%3A5000000203537387&curPageLogUid=ivNsQUdSgrnR&utparam-url=scene%3Asearch%7Cquery_from%3A%7Cx_object_id%3A1005009828555386%7C_p_origin_prod%3A
BGA Reballing Stencil For iPad Pro 2018 2019 2020 Air3 Mini5 iPad7 A12 A12Z A12X CPU CD3217B12 CD3217B13 CD3215C00 EMMC NAND,$4.00 ,https://ae-pic-a1.aliexpress-media.com/kf/Sc408e02ddf794addbbbe12664242e45cL.jpg_220x220q75.jpg_.avif,"['High-concerned chemical', 'None', 'With Magnetic', 'No', 'Model Number', 'A12/X', 'Pieces Included', '1', 'Material', 'Steel', 'Origin', 'Mainland China']",https://www.aliexpress.us/item/3256808321129614.html?algo_pvid=372b13c3-b215-4f01-b99f-a2dc1db81056&algo_exp_id=372b13c3-b215-4f01-b99f-a2dc1db81056-15&pdp_ext_f=%7B%22order%22%3A%2293%22%2C%22eval%22%3A%221%22%2C%22fromPage%22%3A%22search%22%7D&pdp_npi=6%40dis%21USD%214.50%214.00%21%21%214.50%214.00%21%40212e509017768950412715223ed167%2112000045474130436%21sea%21US%210%21ABX%211%210%21n_tag%3A-29910%3Bd%3A7753d89f%3Bm03_new_user%3A-29895%3BpisId%3A5000000204886261&curPageLogUid=4FvrKYKLmPUg&utparam-url=scene%3Asearch%7Cquery_from%3A%7Cx_object_id%3A1005008507444366%7C_p_origin_prod%3A
JAKEMY JM-SK05 LCD Screen Separator Opening Pliers With Strong Suction Cup For iPhone Samsung Repair Tool Kit,$0.99 ,"https://ae-pic-a1.aliexpress-media.com/kf/S8c7be739e32b4ee3ac8213b1a96040aeS.jpg_220x220q75.jpg_.avif,https://ae-pic-a1.aliexpress-media.com/kf/S8c7be739e32b4ee3ac8213b1a96040aeS.jpg_220x220q75.jpg_.avif,https://ae-pic-a1.aliexpress-media.com/kf/S72093fb420d54b41aacd1ffdf948c0a6t.jpg_220x220q75.jpg_.avif,https://ae-pic-a1.aliexpress-media.com/kf/S8fa9284026a64b8491443d64c2b75208o.jpg_220x220q75.jpg_.avif,https://ae-pic-a1.aliexpress-media.com/kf/S62980554b4b14225965fdff3778078153.jpg_220x220q75.jpg_.avif","['High-concerned chemical', 'None', 'Pieces Included', '1', 'Material', 'Other', 'Origin', 'Mainland China']",https://www.aliexpress.us/item/3256803419977922.html?algo_pvid=372b13c3-b215-4f01-b99f-a2dc1db81056&algo_exp_id=372b13c3-b215-4f01-b99f-a2dc1db81056-29&pdp_ext_f=%7B%22order%22%3A%2293%22%2C%22eval%22%3A%221%22%2C%22fromPage%22%3A%22search%22%7D&pdp_npi=6%40dis%21USD%214.18%210.99%21%21%2128.36%216.70%21%40212e509017768950412715223ed167%2112000026468938830%21sea%21US%210%21ABX%211%210%21n_tag%3A-29910%3Bd%3A7753d89f%3Bm03_new_user%3A-29895%3BpisId%3A5000000203537387&curPageLogUid=V74GyIKMcM38&utparam-url=scene%3Asearch%7Cquery_from%3A%7Cx_object_id%3A1005003606292674%7C_p_origin_prod%3A
"8pcs-CPU pry knife, glue removal tool, hook knife, scraper bar, disassembly, phone repair, motherboard chip, scraper blade",$0.99 ,"https://ae-pic-a1.aliexpress-media.com/kf/Sc8311d4d93a849a8baf04f4c0e8f4a47g.jpg_220x220q75.jpg_.avif,https://ae-pic-a1.aliexpress-media.com/kf/S113d1f3dd36b42d7a23ae46dffe335bex.jpg?has_lang=1&ver=1_220x220q75.jpg_.avif,https://ae-pic-a1.aliexpress-media.com/kf/S2602e5250d134e4aad9620e4a1f4416cv.jpg?has_lang=1&ver=1_220x220q75.jpg_.avif,https://ae-pic-a1.aliexpress-media.com/kf/S55fa10c40ae542a5bef4d2ca9487aa4du.jpg?has_lang=1&ver=1_220x220q75.jpg_.avif,https://ae-pic-a1.aliexpress-media.com/kf/Saef00ece4d2e4139b74fbfb2a7c8f673w.jpg?has_lang=1&ver=1_220x220q75.jpg_.avif","['High-concerned chemical', 'None', 'Pieces Included', '8 in 1', 'Material', 'Other', 'Origin', 'Mainland China']",https://www.aliexpress.us/item/3256809768873701.html?algo_pvid=372b13c3-b215-4f01-b99f-a2dc1db81056&algo_exp_id=372b13c3-b215-4f01-b99f-a2dc1db81056-16&pdp_ext_f=%7B%22order%22%3A%2292%22%2C%22eval%22%3A%221%22%2C%22fromPage%22%3A%22search%22%7D&pdp_npi=6%40dis%21USD%2110.98%210.99%21%21%2174.57%216.74%21%40212e509017768950412715223ed167%2112000050677561047%21sea%21US%210%21ABX%211%210%21n_tag%3A-29910%3Bd%3A7753d89f%3Bm03_new_user%3A-29895%3BpisId%3A5000000203537387&curPageLogUid=yYvBfxBgMGyL&utparam-url=scene%3Asearch%7Cquery_from%3A%7Cx_object_id%3A1005009955188453%7C_p_origin_prod%3A
CPU RAM BGA Reballing Stencil Template For Google Pixel 3 3XL 4 4XL 4A 5 5A 5g 6 6A 6Pro 7 7A 7Pro Tensor G2 Tin Net,$4.00 ,"https://ae-pic-a1.aliexpress-media.com/kf/S82f956975645495f9bab51367c09b53bV.jpg_220x220q75.jpg_.avif,https://ae-pic-a1.aliexpress-media.com/kf/S6402e15c6216444586dc0d0d5db5d556P.jpg_220x220q75.jpg_.avif,https://ae-pic-a1.aliexpress-media.com/kf/S5e462122665945bbb9cb7ccfd898561dZ.jpg_220x220q75.jpg_.avif,https://ae-pic-a1.aliexpress-media.com/kf/S7188a573030e4507b90ddfe29ec4961fR.jpg_220x220q75.jpg_.avif,https://ae-pic-a1.aliexpress-media.com/kf/S82f956975645495f9bab51367c09b53bV.jpg_220x220q75.jpg_.avif","['High-concerned chemical', 'None', 'With Magnetic', 'No', 'Model Number', 'GP', 'Pieces Included', '1', 'Material', 'Other', 'Origin', 'Mainland China']",https://www.aliexpress.us/item/3256808565345310.html?algo_pvid=372b13c3-b215-4f01-b99f-a2dc1db81056&algo_exp_id=372b13c3-b215-4f01-b99f-a2dc1db81056-17&pdp_ext_f=%7B%22order%22%3A%2292%22%2C%22eval%22%3A%221%22%2C%22fromPage%22%3A%22search%22%7D&pdp_npi=6%40dis%21USD%214.50%214.00%21%21%214.50%214.00%21%40212e509017768950412715223ed167%2112000046519352154%21sea%21US%210%21ABX%211%210%21n_tag%3A-29910%3Bd%3A7753d89f%3Bm03_new_user%3A-29895%3BpisId%3A5000000204886261&curPageLogUid=9uBVvWWpGpKl&utparam-url=scene%3Asearch%7Cquery_from%3A%7Cx_object_id%3A1005008751660062%7C_p_origin_prod%3A
10pcs Battery FPC For iPhone 8 Plus X XS XR 11 12 13 Pro Max 6 6S 7 14 15 Connector Port on Board Clip Plug Flex Cable,$3.42 ,"https://ae-pic-a1.aliexpress-media.com/kf/S09c9e818795947429b2b7638bc7677289.png_220x220.png_.avif,https://ae-pic-a1.aliexpress-media.com/kf/S09c9e818795947429b2b7638bc7677289.png_220x220.png_.avif,https://ae-pic-a1.aliexpress-media.com/kf/S60c647a9bc8f4bdd8ca6a5aaf65a3436C.jpg_220x220q75.jpg_.avif,https://ae-pic-a1.aliexpress-media.com/kf/Scc8ca87c9b064eab9023c2b347fd14c1K.jpg_220x220q75.jpg_.avif,https://ae-pic-a1.aliexpress-media.com/kf/Sf06ce0bebbc142ea88187e5e64fe3d5fA.jpg_220x220q75.jpg_.avif","['High-concerned chemical', 'None', 'With Magnetic', 'No', 'Model Number', 'for 8,8plus,X,XS,XSM,XR', 'Pieces Included', '10 in 1', 'Material', 'Other', 'Origin', 'Mainland China', 'Brand Name', 'AliSunny', 'Compatible iPhone Model', 'iPhone X']",https://www.aliexpress.us/item/3256807389107806.html?algo_pvid=372b13c3-b215-4f01-b99f-a2dc1db81056&algo_exp_id=372b13c3-b215-4f01-b99f-a2dc1db81056-18&pdp_ext_f=%7B%22order%22%3A%2292%22%2C%22eval%22%3A%221%22%2C%22fromPage%22%3A%22search%22%7D&pdp_npi=6%40dis%21USD%213.92%213.42%21%21%2126.62%2123.23%21%40212e509017768950412715223ed167%2112000041356728931%21sea%21US%210%21ABX%211%210%21n_tag%3A-29910%3Bd%3A7753d89f%3Bm03_new_user%3A-29895%3BpisId%3A5000000204886261&curPageLogUid=VjVconchoFby&utparam-url=scene%3Asearch%7Cquery_from%3A%7Cx_object_id%3A1005007575422558%7C_p_origin_prod%3A
60W Electric Soldering Iron Internal Heating 200-450℃ Intelligent Constant Temperature Control Circuit Board Repair Tool,$2.28 ,"https://ae-pic-a1.aliexpress-media.com/kf/Sb731b0cb44f948d9b6ec2128fd617a819.jpg_220x220q75.jpg_.avif,https://ae-pic-a1.aliexpress-media.com/kf/Sf78914aa7591450c9779be66339f66eam.jpg_220x220q75.jpg_.avif,https://ae-pic-a1.aliexpress-media.com/kf/S8de2fc61d21443ad9b7130460482ba09p.jpg_220x220q75.jpg_.avif,https://ae-pic-a1.aliexpress-media.com/kf/Se651e07084d64a4c821218560c7e50d9H.jpg_220x220q75.jpg_.avif,https://ae-pic-a1.aliexpress-media.com/kf/S3170009300a14f0eb4a259c185edcee8I.jpg_220x220q75.jpg_.avif","['High-concerned chemical', 'None', 'Pieces Included', '6 in 1', 'Material', 'Other', 'Origin', 'Mainland China', 'Plug', 'US EU plug', 'Voltage', 'AC110V AC220V', 'feature 1', '60W Electric Soldering Iron with Intelligent Temperature Control 200-450℃', 'feature 2', 'Internal Heating Soldering Iron for Circuit Board Repair & DIY', 'feature 3', 'Adjustable Temperature Soldering Iron Kit with Fast Heating', 'feature 4', 'Professional 60W Soldering Tool with Constant Temperature Lock', 'feature 5', 'High-Power Soldering Iron for Electronics Repair & PCB Welding', 'feature 6', 'Long-Life Soldering Iron Tip with Oxidation Resistance', 'feature 7', 'DIY Electronics Tool Kit with Adjustable Temperature Iron', 'feature 8', 'Anti-Burn Handle Soldering Iron for Safe Operation', 'feature 9', 'Stable Temperature Soldering Tool for No Cold Joints', 'feature 10', 'Fer a Souder Intelligent 60W Réglable 200-450℃', 'feature 11', 'Soldador Electrico 60W con Control de Temperatura', 'feature 12', 'All-in-One Soldering Kit']",https://www.aliexpress.us/item/3256806810664967.html?algo_pvid=372b13c3-b215-4f01-b99f-a2dc1db81056&algo_exp_id=372b13c3-b215-4f01-b99f-a2dc1db81056-19&pdp_ext_f=%7B%22order%22%3A%2292%22%2C%22eval%22%3A%221%22%2C%22fromPage%22%3A%22search%22%7D&pdp_npi=6%40dis%21USD%214.22%212.28%21%21%2128.68%2115.54%21%40212e509017768950412715223ed167%2112000038990477858%21sea%21US%210%21ABX%211%210%21n_tag%3A-29910%3Bd%3A7753d89f%3Bm03_new_user%3A-29895%3BpisId%3A5000000204886261&curPageLogUid=qAC0PxzeR4Mv&utparam-url=scene%3Asearch%7Cquery_from%3A%7Cx_object_id%3A1005006996979719%7C_p_origin_prod%3A
5in1 Professional Stainless Steel Curved Screen Pry Tool for iPhone iPad Samsung Tablet Laptop Metal Spudger Disassembly Kits,$3.86 ,"https://ae-pic-a1.aliexpress-media.com/kf/S13b31cebbd7c481886462aa9a23588e8B.jpg_220x220q75.jpg_.avif,https://ae-pic-a1.aliexpress-media.com/kf/S199782ed4725451d805d96cfce7ecde76.jpg_220x220q75.jpg_.avif,https://ae-pic-a1.aliexpress-media.com/kf/S0b340aace9a84a42a25be3a47169cf23N.jpg_220x220q75.jpg_.avif,https://ae-pic-a1.aliexpress-media.com/kf/S12e47f1a44654317a4df5f0384764802y.jpg_220x220q75.jpg_.avif,https://ae-pic-a1.aliexpress-media.com/kf/Se0b7245c30fc4ca2b5736f641591e1aef.jpg_220x220q75.jpg_.avif","['High-concerned chemical', 'None', 'With Magnetic', 'No', 'Pieces Included', '5', 'Material', 'Other', 'Origin', 'Mainland China']",https://www.aliexpress.us/item/3256809609021539.html?algo_pvid=372b13c3-b215-4f01-b99f-a2dc1db81056&algo_exp_id=372b13c3-b215-4f01-b99f-a2dc1db81056-20&pdp_ext_f=%7B%22order%22%3A%2291%22%2C%22eval%22%3A%221%22%2C%22fromPage%22%3A%22search%22%7D&pdp_npi=6%40dis%21USD%214.85%213.86%21%21%214.85%213.86%21%40212e509017768950412715223ed167%2112000050186290924%21sea%21US%210%21ABX%211%210%21n_tag%3A-29910%3Bd%3A7753d89f%3Bm03_new_user%3A-29895%3BpisId%3A5000000204886261&curPageLogUid=liEyykx7UCzs&utparam-url=scene%3Asearch%7Cquery_from%3A%7Cx_object_id%3A1005009795336291%7C_p_origin_prod%3A
1-100Pcs Phone Screen Pry Tools Kit Matte Clear Mobile Phone LCD Screen Opening Cards Repair Disassembly Cellphone Prying Tool,$2.59 ,"https://ae-pic-a1.aliexpress-media.com/kf/Safddaf1c5f374292a6f63057ba61a33dK.jpg?has_lang=1&ver=1_220x220q75.jpg_.avif,https://ae-pic-a1.aliexpress-media.com/kf/S8b1d51aad403445c97c514b10e7b4c57l.jpg_220x220q75.jpg_.avif,https://ae-pic-a1.aliexpress-media.com/kf/S63a340a9fe374b4c83a9f384930a5670F.jpg?has_lang=1&ver=1_220x220q75.jpg_.avif,https://ae-pic-a1.aliexpress-media.com/kf/S212c252db10a45ae854540155bde830d9.jpg_220x220q75.jpg_.avif,https://ae-pic-a1.aliexpress-media.com/kf/Sc2d7dc287feb4568b52302ed55c53250m.jpg_220x220q75.jpg_.avif","['High-concerned chemical', 'None', 'Pieces Included', '10 in 1', 'Material', 'Other', 'Brand Name', 'BAPPSUS', 'Origin', 'Mainland China']",https://www.aliexpress.us/item/3256808972074752.html?algo_pvid=372b13c3-b215-4f01-b99f-a2dc1db81056&algo_exp_id=372b13c3-b215-4f01-b99f-a2dc1db81056-21&pdp_ext_f=%7B%22order%22%3A%2291%22%2C%22eval%22%3A%221%22%2C%22fromPage%22%3A%22search%22%7D&pdp_npi=6%40dis%21USD%214.42%212.59%21%21%214.42%212.59%21%40212e509017768950412715223ed167%2112000048132804900%21sea%21US%210%21ABX%211%210%21n_tag%3A-29910%3Bd%3A7753d89f%3Bm03_new_user%3A-29895%3BpisId%3A5000000204886261&curPageLogUid=wpNyqMsfjPWI&utparam-url=scene%3Asearch%7Cquery_from%3A%7Cx_object_id%3A1005009158389504%7C_p_origin_prod%3A
10-Piece Ultra-Hard Carbon Fiber Double-Ended Repair Pry Open Tool Kit Professional Phone Tablet Laptop Electronics Disassembly,$0.99 ,"https://ae-pic-a1.aliexpress-media.com/kf/S3a12a6046c264aaca4eaea25bc148860B.jpg_220x220q75.jpg_.avif,https://ae-pic-a1.aliexpress-media.com/kf/S48e0c4776ea74702a31e18f3b746fb4eB.jpg_220x220q75.jpg_.avif,https://ae-pic-a1.aliexpress-media.com/kf/Sa0a72483363b4132828a6be4f48dc7111.jpg_220x220q75.jpg_.avif,https://ae-pic-a1.aliexpress-media.com/kf/S199d4ec2ab174f6bad2d4e6f1c6a71606.jpg_220x220q75.jpg_.avif,https://ae-pic-a1.aliexpress-media.com/kf/S3a12a6046c264aaca4eaea25bc148860B.jpg_220x220q75.jpg_.avif","['High-concerned chemical', 'None', 'With Magnetic', 'No', 'Pieces Included', '10 in 1', 'Material', 'Other', 'Origin', 'Mainland China']",https://www.aliexpress.us/item/3256808599956725.html?algo_pvid=372b13c3-b215-4f01-b99f-a2dc1db81056&algo_exp_id=372b13c3-b215-4f01-b99f-a2dc1db81056-22&pdp_ext_f=%7B%22order%22%3A%2291%22%2C%22eval%22%3A%221%22%2C%22fromPage%22%3A%22search%22%7D&pdp_npi=6%40dis%21USD%213.75%210.99%21%21%213.75%210.99%21%40212e509017768950412715223ed167%2112000046660539395%21sea%21US%210%21ABX%211%210%21n_tag%3A-29910%3Bd%3A7753d89f%3Bm03_new_user%3A-29895%3BpisId%3A5000000203537387&curPageLogUid=9fWXiInEK8K4&utparam-url=scene%3Asearch%7Cquery_from%3A%7Cx_object_id%3A1005008786271477%7C_p_origin_prod%3A
Plastic Ruler Measuring Teardown Open Mobile Phone LCD Screen Disassembly Repair Pry Opening Tool Scraper Tools Business Card,$2.00 ,"https://ae-pic-a1.aliexpress-media.com/kf/S0536adb1d857435e9a6b8bea672550b1A.jpg_220x220q75.jpg_.avif,https://ae-pic-a1.aliexpress-media.com/kf/S3a86cec224204b088272c17a56c4f4edw.jpg_220x220q75.jpg_.avif,https://ae-pic-a1.aliexpress-media.com/kf/Sbefead3fd76b4136bbf33b2f747cd1d6h.jpg_220x220q75.jpg_.avif,https://ae-pic-a1.aliexpress-media.com/kf/S57c43d4c645c4be79213fcf579eec05el.jpg_220x220q75.jpg_.avif,https://ae-pic-a1.aliexpress-media.com/kf/S2839000ecc474fbd84a51e54f8a071c4y.jpg_220x220q75.jpg_.avif","['High-concerned chemical', 'None', 'With Magnetic', 'No', 'Model Number', 'For Smartphone', 'Pieces Included', '6 in 1', 'Material', 'Other', 'Brand Name', 'E-KINLIN', 'Origin', 'Mainland China', 'Usage', 'Mobile Smart Phone Disassemble Tools', 'Type', 'Plastic Measuring Ruler Opening Tools Card']",https://www.aliexpress.us/item/3256801549949797.html?algo_pvid=372b13c3-b215-4f01-b99f-a2dc1db81056&algo_exp_id=372b13c3-b215-4f01-b99f-a2dc1db81056-23&pdp_ext_f=%7B%22order%22%3A%2291%22%2C%22eval%22%3A%221%22%2C%22fromPage%22%3A%22search%22%7D&pdp_npi=6%40dis%21USD%212.50%212.00%21%21%212.50%212.00%21%40212e509017768950412715223ed167%2112000017390882263%21sea%21US%210%21ABX%211%210%21n_tag%3A-29910%3Bd%3A7753d89f%3Bm03_new_user%3A-29895%3BpisId%3A5000000204886261&curPageLogUid=6UFDvgwRsrvt&utparam-url=scene%3Asearch%7Cquery_from%3A%7Cx_object_id%3A1005001736264549%7C_p_origin_prod%3A
2026 new coming SIMHUB Pro MEP with QPE for IP6 to 17promax,$47.50 ,"https://ae-pic-a1.aliexpress-media.com/kf/Sfcbcc6d1b5d84627936d77008c5517ebz.png?has_lang=1&ver=2_220x220.png_.avif,https://ae-pic-a1.aliexpress-media.com/kf/Sfcbcc6d1b5d84627936d77008c5517ebz.png?has_lang=1&ver=2_220x220.png_.avif,https://ae-pic-a1.aliexpress-media.com/kf/Scd8d7e2203d240d2ae6037c6fe792951o.png?has_lang=1&ver=2_220x220.png_.avif,https://ae-pic-a1.aliexpress-media.com/kf/S8585933a18274dd5964b8aa712ba34099.png?has_lang=1&ver=2_220x220.png_.avif,https://ae-pic-a1.aliexpress-media.com/kf/Sb205c727238248fd9b544296ff2897821.png?has_lang=1&ver=2_220x220.png_.avif","['High-concerned chemical', 'None', 'With Magnetic', 'No', 'Model Number', 'SIMHUB Pro VER', 'Pieces Included', '1', 'Material', 'Other', 'Origin', 'Mainland China', 'Name', 'SIMHUB Pro VER']",https://www.aliexpress.us/item/3256807738865849.html?algo_pvid=372b13c3-b215-4f01-b99f-a2dc1db81056&algo_exp_id=372b13c3-b215-4f01-b99f-a2dc1db81056-24&pdp_ext_f=%7B%22order%22%3A%2290%22%2C%22eval%22%3A%221%22%2C%22fromPage%22%3A%22search%22%7D&pdp_npi=6%40dis%21USD%2148.00%2147.50%21%21%2148.00%2147.50%21%40212e509017768950412715223ed167%2112000042872775735%21sea%21US%210%21ABX%211%210%21n_tag%3A-29910%3Bd%3A7753d89f%3Bm03_new_user%3A-29895%3BpisId%3A5000000204886261&curPageLogUid=od7lcbrp1AMq&utparam-url=scene%3Asearch%7Cquery_from%3A%7Cx_object_id%3A1005007925180601%7C_p_origin_prod%3A
"Best Titanium Alloy Precision Tweezer, Curved Straight Head, Mainboard Chip IC, BGA Flying Wire Clamp Repair, BST-Y22, BST-Y23",$15.24 ,"https://ae-pic-a1.aliexpress-media.com/kf/S6b186470359149eba3dbd15dd668a5227.jpg_220x220q75.jpg_.avif,https://ae-pic-a1.aliexpress-media.com/kf/S6b186470359149eba3dbd15dd668a5227.jpg_220x220q75.jpg_.avif,https://ae-pic-a1.aliexpress-media.com/kf/S3c4d2166b2d54030b570dfa6509a9d9dw.jpg_220x220q75.jpg_.avif,https://ae-pic-a1.aliexpress-media.com/kf/Scb7d738219a44655bf0277756c4c763bj.jpg_220x220q75.jpg_.avif,https://ae-pic-a1.aliexpress-media.com/kf/S906c36845846481290e527df4157ee433.jpg_220x220q75.jpg_.avif","['High-concerned chemical', 'None', 'Pieces Included', '1', 'Material', 'Other', 'Brand Name', 'FXLKCT', 'Origin', 'Mainland China']",https://www.aliexpress.us/item/3256809733709885.html?algo_pvid=372b13c3-b215-4f01-b99f-a2dc1db81056&algo_exp_id=372b13c3-b215-4f01-b99f-a2dc1db81056-26&pdp_ext_f=%7B%22order%22%3A%2289%22%2C%22eval%22%3A%221%22%2C%22fromPage%22%3A%22search%22%7D&pdp_npi=6%40dis%21USD%2115.90%2115.24%21%21%2115.90%2115.24%21%40212e509017768950412715223ed167%2112000050577854086%21sea%21US%210%21ABX%211%210%21n_tag%3A-29910%3Bd%3A7753d89f%3Bm03_new_user%3A-29895%3BpisId%3A5000000204886261&curPageLogUid=4Xy0WhrKVfAH&utparam-url=scene%3Asearch%7Cquery_from%3A%7Cx_object_id%3A1005009920024637%7C_p_origin_prod%3A
AMAOE For Google Pixel GLE Tensor CPU BGA Reballing Stencil Tin Planting Soldering LCD Phone Repair Tool,$3.48 ,"https://ae-pic-a1.aliexpress-media.com/kf/S1b0819f0cb9a4f9fb72f506535dc301ai.jpg_220x220q75.jpg_.avif,https://ae-pic-a1.aliexpress-media.com/kf/S574c65a604fd41399ee1a61bf3b7f29fA.jpg_220x220q75.jpg_.avif,https://ae-pic-a1.aliexpress-media.com/kf/S380e676694ff4c67997f9341c13163dbW.jpg_220x220q75.jpg_.avif,https://ae-pic-a1.aliexpress-media.com/kf/Sd6e6e891937a40c293445d7727f7b45fw.jpg_220x220q75.jpg_.avif,https://ae-pic-a1.aliexpress-media.com/kf/S8a3216b041c8444b8a3abd56387d8ff9B.jpg_220x220q75.jpg_.avif","['High-concerned chemical', 'None', 'Pieces Included', '1', 'Material', 'Other', 'Origin', 'Mainland China']",https://www.aliexpress.us/item/3256808785177652.html?algo_pvid=372b13c3-b215-4f01-b99f-a2dc1db81056&algo_exp_id=372b13c3-b215-4f01-b99f-a2dc1db81056-27&pdp_ext_f=%7B%22order%22%3A%2289%22%2C%22eval%22%3A%221%22%2C%22fromPage%22%3A%22search%22%7D&pdp_npi=6%40dis%21USD%213.98%213.48%21%21%2126.99%2123.60%21%40212e509017768950412715223ed167%2112000047413943443%21sea%21US%210%21ABX%211%210%21n_tag%3A-29910%3Bd%3A7753d89f%3Bm03_new_user%3A-29895%3BpisId%3A5000000204886261&curPageLogUid=JkE1CRoNc7Tj&utparam-url=scene%3Asearch%7Cquery_from%3A%7Cx_object_id%3A1005008971492404%7C_p_origin_prod%3A
WYLIE For iPhone 16 Plus ESIM Convert To SIM Dual US Version Of The Conversion Of Single And Dual Card Slot Assembly Repair Tool,$2.66 ,"https://ae-pic-a1.aliexpress-media.com/kf/Sfb07e81c545749e5bff1a26472c3f548N.png_220x220.png_.avif,https://ae-pic-a1.aliexpress-media.com/kf/Sfb07e81c545749e5bff1a26472c3f548N.png_220x220.png_.avif,https://ae-pic-a1.aliexpress-media.com/kf/S863d4ff00d364e72bf3589e6d91082d6D.png_220x220.png_.avif,https://ae-pic-a1.aliexpress-media.com/kf/Sd9951cc2deb1432994d1c11374325444h.png_220x220.png_.avif,https://ae-pic-a1.aliexpress-media.com/kf/S4531ac4cdaff432884db760af79e23b5G.png_220x220.png_.avif","['High-concerned chemical', 'None', 'Pieces Included', '1', 'Material', 'Other', 'Origin', 'Mainland China']",https://www.aliexpress.us/item/3256807867365279.html?algo_pvid=372b13c3-b215-4f01-b99f-a2dc1db81056&algo_exp_id=372b13c3-b215-4f01-b99f-a2dc1db81056-28&pdp_ext_f=%7B%22order%22%3A%2289%22%2C%22eval%22%3A%221%22%2C%22fromPage%22%3A%22search%22%7D&pdp_npi=6%40dis%21USD%213.16%212.66%21%21%2121.44%2118.05%21%40212e509017768950412715223ed167%2112000043457847624%21sea%21US%210%21ABX%211%210%21n_tag%3A-29910%3Bd%3A7753d89f%3Bm03_new_user%3A-29895%3BpisId%3A5000000204886261&curPageLogUid=wHfPtZdW98eb&utparam-url=scene%3Asearch%7Cquery_from%3A%7Cx_object_id%3A1005008053680031%7C_p_origin_prod%3A
JCID True Tone Repair Board For iP7 8 11 12 13 14 15 16 Pro Max Full Series Phone Screen Original Recovery Support V1SE/V1S Pro,$13.36 ,"https://ae-pic-a1.aliexpress-media.com/kf/S43a9da78b71d4e06856a0b50af69619bs.jpg_220x220q75.jpg_.avif,https://ae-pic-a1.aliexpress-media.com/kf/Sbc9c42e1c4ef430aaf71dfd70645758dO.jpg_220x220q75.jpg_.avif,https://ae-pic-a1.aliexpress-media.com/kf/S668f80d199614d84ad0dbbdd3806d364K.jpg_220x220q75.jpg_.avif,https://ae-pic-a1.aliexpress-media.com/kf/S5bb440efe7d94545b28312e41c5080e7M.jpg_220x220q75.jpg_.avif,https://ae-pic-a1.aliexpress-media.com/kf/Se7087a306dd4467fbc3d633e4640821c6.jpg_220x220q75.jpg_.avif","['High-concerned chemical', 'None', 'With Magnetic', 'No', 'Pieces Included', '1BAG', 'Material', 'Chrome Vanadium Steel', 'Origin', 'Mainland China', 'name', 'JCID true tone board', 'Package', '1 PCS/BGA', 'Type', 'Support for iphone 13pro/13pro max/14pro/14pro max']",https://www.aliexpress.us/item/3256805792270683.html?algo_pvid=372b13c3-b215-4f01-b99f-a2dc1db81056&algo_exp_id=372b13c3-b215-4f01-b99f-a2dc1db81056-30&pdp_ext_f=%7B%22order%22%3A%2288%22%2C%22eval%22%3A%221%22%2C%22fromPage%22%3A%22search%22%7D&pdp_npi=6%40dis%21USD%2113.50%2113.36%21%21%2113.50%2113.36%21%40212e509017768950412715223ed167%2112000035146383427%21sea%21US%210%21ABX%211%210%21n_tag%3A-29910%3Bd%3A7753d89f%3Bm03_new_user%3A-29895&curPageLogUid=jtADuy87SY2R&utparam-url=scene%3Asearch%7Cquery_from%3A%7Cx_object_id%3A1005005978585435%7C_p_origin_prod%3A
Heat Resistant Solder Mat Insulation Phone Repair Mat Screw Silicone Table Mat Set for Work Desk Maintenance Tools,$12.46 ,"https://ae-pic-a1.aliexpress-media.com/kf/S4d53407019f2488f9c02a275a44a7abdt.jpg?has_lang=1&ver=1_220x220q75.jpg_.avif,https://ae-pic-a1.aliexpress-media.com/kf/S67afda50bf5d40869b13006233a7cd79A.jpg?has_lang=1&ver=1_220x220q75.jpg_.avif,https://ae-pic-a1.aliexpress-media.com/kf/S34d705b018fd410fb442b68a935f72adw.jpg?has_lang=1&ver=1_220x220q75.jpg_.avif,https://ae-pic-a1.aliexpress-media.com/kf/S948ba004dde04ce6b90801572edb95e78.jpg?has_lang=1&ver=1_220x220q75.jpg_.avif,https://ae-pic-a1.aliexpress-media.com/kf/S5f907988edcc47b69a9eef71435c1c9ap.jpg_220x220q75.jpg_.avif","['High-concerned chemical', 'None', 'Pieces Included', '1in1', 'Material', 'Other', 'Origin', 'Mainland China', 'Power Mode', 'Uncharged', 'Major Material', 'Silicone', 'Item ID', 'TB131164', 'Origin', 'Guangdong,China']",https://www.aliexpress.us/item/3256810366741493.html?algo_pvid=372b13c3-b215-4f01-b99f-a2dc1db81056&algo_exp_id=372b13c3-b215-4f01-b99f-a2dc1db81056-32&pdp_ext_f=%7B%22order%22%3A%2287%22%2C%22eval%22%3A%221%22%2C%22fromPage%22%3A%22search%22%7D&pdp_npi=6%40dis%21USD%2147.67%2114.88%21%21%21323.65%21101.04%21%40212e509017768950412715223ed167%2112000052791672826%21sea%21US%210%21ABX%211%210%21n_tag%3A-29910%3Bd%3A7753d89f%3Bm03_new_user%3A-29895%3BpisId%3A5000000203537387&curPageLogUid=GqQKqhgs7dDW&utparam-url=scene%3Asearch%7Cquery_from%3A%7Cx_object_id%3A1005010553056245%7C_p_origin_prod%3A
Battery Removal Plastic Pry Tool Kit for Phone & Laptop Repair Safe Spudger for Electronics Adhesive Removal Scratch Opening,$0.99 ,"https://ae-pic-a1.aliexpress-media.com/kf/Sb722d956f8ed45a7af5befbf490963a6i.jpg?has_lang=1&ver=1_220x220q75.jpg_.avif,https://ae-pic-a1.aliexpress-media.com/kf/S198c4f5794594d41bdce683a5f1b36ffV.jpg?has_lang=1&ver=1_220x220q75.jpg_.avif,https://ae-pic-a1.aliexpress-media.com/kf/Sce080999c0814c088daad5f1ec904a60d.jpg?has_lang=1&ver=1_220x220q75.jpg_.avif,https://ae-pic-a1.aliexpress-media.com/kf/S1201427106694ea094379ea3d15f0bc0R.jpg?has_lang=1&ver=1_220x220q75.jpg_.avif,https://ae-pic-a1.aliexpress-media.com/kf/S36752d4e830b47468045c5c7927746c0P.jpg_220x220q75.jpg_.avif","['High-concerned chemical', 'None', 'With Magnetic', 'No', 'Pieces Included', '6', 'Material', 'Other', 'Origin', 'Mainland China']",https://www.aliexpress.us/item/3256809702234136.html?algo_pvid=372b13c3-b215-4f01-b99f-a2dc1db81056&algo_exp_id=372b13c3-b215-4f01-b99f-a2dc1db81056-33&pdp_ext_f=%7B%22order%22%3A%2287%22%2C%22eval%22%3A%221%22%2C%22fromPage%22%3A%22search%22%7D&pdp_npi=6%40dis%21USD%213.90%210.99%21%21%213.90%210.99%21%40212e509017768950412715223ed167%2112000050487219338%21sea%21US%210%21ABX%211%210%21n_tag%3A-29910%3Bd%3A7753d89f%3Bm03_new_user%3A-29895%3BpisId%3A5000000203537387&curPageLogUid=ErwKhP6Yjlwq&utparam-url=scene%3Asearch%7Cquery_from%3A%7Cx_object_id%3A1005009888548888%7C_p_origin_prod%3A
WYLIE Extension LCD Touch Screen iMage Tester Flex Cable For iPhone X XS Max XR 11 12 13 14 Plus 15 16 Pro Phone Repair Tool,$1.92 ,"https://ae-pic-a1.aliexpress-media.com/kf/S1a9381e2b48e4df991dbe8318c2692623.jpg?has_lang=1&ver=1_220x220q75.jpg_.avif,https://ae-pic-a1.aliexpress-media.com/kf/S8f701a3ce07d48059a4fb479ae15a7d28.jpg?has_lang=1&ver=1_220x220q75.jpg_.avif,https://ae-pic-a1.aliexpress-media.com/kf/S6517e2dcff094d01a4cdbfde4bacf976k.jpg?has_lang=1&ver=1_220x220q75.jpg_.avif,https://ae-pic-a1.aliexpress-media.com/kf/Sb87825d8ce2143c685ae28fd73801689a.jpg?has_lang=1&ver=1_220x220q75.jpg_.avif,https://ae-pic-a1.aliexpress-media.com/kf/S1db8c73a314f4d1b81282672daa101c7k.jpg?has_lang=1&ver=1_220x220q75.jpg_.avif","['High-concerned chemical', 'None', 'Pieces Included', '1', 'Material', 'Other', 'Origin', 'Mainland China']",https://www.aliexpress.us/item/3256809065629255.html?algo_pvid=372b13c3-b215-4f01-b99f-a2dc1db81056&algo_exp_id=372b13c3-b215-4f01-b99f-a2dc1db81056-34&pdp_ext_f=%7B%22order%22%3A%2287%22%2C%22eval%22%3A%221%22%2C%22fromPage%22%3A%22search%22%7D&pdp_npi=6%40dis%21USD%212.42%211.92%21%21%2116.46%2113.07%21%40212e509017768950412715223ed167%2112000048480819136%21sea%21US%210%21ABX%211%210%21n_tag%3A-29910%3Bd%3A7753d89f%3Bm03_new_user%3A-29895%3BpisId%3A5000000204886261&curPageLogUid=xRWoAhDfSdO7&utparam-url=scene%3Asearch%7Cquery_from%3A%7Cx_object_id%3A1005009251944007%7C_p_origin_prod%3A
MIPI Adapter Support Easy JTAG BGA254 Socket Modify ICfriend FPC ISP Cable MIPItester EMMC UFS ISP Cable A to A,$33.70 ,"https://ae-pic-a1.aliexpress-media.com/kf/S44da6d9426a949a4ab62fa2aed5a1e10C.jpg_220x220q75.jpg_.avif,https://ae-pic-a1.aliexpress-media.com/kf/S44da6d9426a949a4ab62fa2aed5a1e10C.jpg_220x220q75.jpg_.avif,https://ae-pic-a1.aliexpress-media.com/kf/Se6edcc4dba74416f84fd2023d297492ci.png_220x220.png_.avif,https://ae-pic-a1.aliexpress-media.com/kf/S357d2acda3ae4de99d9637683be660d69.jpg_220x220q75.jpg_.avif,https://ae-pic-a1.aliexpress-media.com/kf/S6b6ab6c0675249f09be7ad6e639bfe89z.jpg_220x220q75.jpg_.avif","['High-concerned chemical', 'None', 'With Magnetic', 'No', 'Model Number', 'UFS EMMC ISP Kit', 'Pieces Included', '1', 'Material', 'Other', 'Brand Name', 'EASY JTAG', 'Origin', 'Mainland China']",https://www.aliexpress.us/item/3256808610356737.html?algo_pvid=372b13c3-b215-4f01-b99f-a2dc1db81056&algo_exp_id=372b13c3-b215-4f01-b99f-a2dc1db81056-35&pdp_ext_f=%7B%22order%22%3A%2287%22%2C%22eval%22%3A%221%22%2C%22fromPage%22%3A%22search%22%7D&pdp_npi=6%40dis%21USD%2134.54%2133.70%21%21%21234.49%21228.76%21%40212e509017768950412715223ed167%2112000046701092953%21sea%21US%210%21ABX%211%210%21n_tag%3A-29910%3Bd%3A7753d89f%3Bm03_new_user%3A-29895%3BpisId%3A5000000204886261&curPageLogUid=BtBlf72sBGuh&utparam-url=scene%3Asearch%7Cquery_from%3A%7Cx_object_id%3A1005008796671489%7C_p_origin_prod%3A
8pcs PC CPU IC Glue Remover Phone Repair Tool C Chip Repair Thin Blades Piratical Repair Hand Tool For Mobile Phone Computer,$3.53 ,"https://ae-pic-a1.aliexpress-media.com/kf/Sc10af2a4a29e4795ad5a908b23992535N.jpg_220x220q75.jpg_.avif,https://ae-pic-a1.aliexpress-media.com/kf/S79be7b43fc52498e932243277a555781Z.jpg_220x220q75.jpg_.avif,https://ae-pic-a1.aliexpress-media.com/kf/S8ceb7d796e9d4411984a384fb33dbb1f9.jpg_220x220q75.jpg_.avif,https://ae-pic-a1.aliexpress-media.com/kf/S076f2c21dc4d4dba96066df89619c551W.jpg_220x220q75.jpg_.avif","['High-concerned chemical', 'None', 'With Magnetic', 'No', 'Model Number', '885', 'Pieces Included', '8 in 1', 'Material', 'Other', 'Brand Name', 'HTDTMTI', 'Origin', 'Mainland China']",https://www.aliexpress.us/item/3256808442506080.html?algo_pvid=372b13c3-b215-4f01-b99f-a2dc1db81056&algo_exp_id=372b13c3-b215-4f01-b99f-a2dc1db81056-36&pdp_ext_f=%7B%22order%22%3A%2287%22%2C%22eval%22%3A%221%22%2C%22fromPage%22%3A%22search%22%7D&pdp_npi=6%40dis%21USD%214.03%213.53%21%21%2127.33%2123.94%21%40212e509017768950412715223ed167%2112000046019718404%21sea%21US%210%21ABX%211%210%21n_tag%3A-29910%3Bd%3A7753d89f%3Bm03_new_user%3A-29895%3BpisId%3A5000000204886261&curPageLogUid=6qkSmzwXpFzA&utparam-url=scene%3Asearch%7Cquery_from%3A%7Cx_object_id%3A1005008628820832%7C_p_origin_prod%3A
10Pcs 0.03mm Stainless Steel Opening Metal Pry Disassembler For Samsung iPhone LCD Screen Ultra Thin Reusable Repair Tools,$2.65 ,"https://ae-pic-a1.aliexpress-media.com/kf/S0bd4d845a665470ebb427209c749eedew.jpg_220x220q75.jpg_.avif,https://ae-pic-a1.aliexpress-media.com/kf/S0bd4d845a665470ebb427209c749eedew.jpg_220x220q75.jpg_.avif,https://ae-pic-a1.aliexpress-media.com/kf/S832a6e1bec70440b9181b2e49a0234ceb.jpg_220x220q75.jpg_.avif,https://ae-pic-a1.aliexpress-media.com/kf/S436850accbc04157a1a848a91604c6e3p.jpg_220x220q75.jpg_.avif,https://ae-pic-a1.aliexpress-media.com/kf/Se76be3af72ee4168850415dbd3f6e63cI.jpg_220x220q75.jpg_.avif","['High-concerned chemical', 'None', 'With Magnetic', 'No', 'Pieces Included', '10 in 1', 'Material', 'Other', 'Origin', 'Mainland China']",https://www.aliexpress.us/item/3256808377761878.html?algo_pvid=372b13c3-b215-4f01-b99f-a2dc1db81056&algo_exp_id=372b13c3-b215-4f01-b99f-a2dc1db81056-37&pdp_ext_f=%7B%22order%22%3A%2287%22%2C%22eval%22%3A%221%22%2C%22fromPage%22%3A%22search%22%7D&pdp_npi=6%40dis%21USD%216.30%212.65%21%21%2142.78%2118.00%21%40212e509017768950412715223ed167%2112000046207225834%21sea%21US%210%21ABX%211%210%21n_tag%3A-29910%3Bd%3A7753d89f%3Bm03_new_user%3A-29895%3BpisId%3A5000000204886261&curPageLogUid=hqlbpykLn57r&utparam-url=scene%3Asearch%7Cquery_from%3A%7Cx_object_id%3A1005008564076630%7C_p_origin_prod%3A
BGA Reball Stencil For RX580 RX580G 215-0876205 215-0876184 215-0909018 215-0910038 215-0910066 215-0910052 Graphics Chip Ball,$0.99 ,"https://ae-pic-a1.aliexpress-media.com/kf/Se500bc70639340238c3aadd62a7b02c5g.jpg_220x220q75.jpg_.avif,https://ae-pic-a1.aliexpress-media.com/kf/Sc0035bc718314e30abdd6d8c8d9a484dU.jpg_220x220q75.jpg_.avif,https://ae-pic-a1.aliexpress-media.com/kf/S05ee5e2619e54fe395bd063607ae7a25B.jpg_220x220q75.jpg_.avif,https://ae-pic-a1.aliexpress-media.com/kf/Sc0035bc718314e30abdd6d8c8d9a484dU.jpg_220x220q75.jpg_.avif,https://ae-pic-a1.aliexpress-media.com/kf/S05ee5e2619e54fe395bd063607ae7a25B.jpg_220x220q75.jpg_.avif","['High-concerned chemical', 'None', 'With Magnetic', 'No', 'Model Number', 'BGA Reball Stencil For RX580 RX580G 215-0876205', 'Pieces Included', '6 in 1', 'Material', 'Other', 'Origin', 'Mainland China', 'Name', 'BGA Reball Stencil For RX580 RX580G 215-0876205', 'Applicable chip model', 'For RX580 RX580G 215-0876205 215-0876184 215-0909018 215-0910038 215-0910066 215-0910052', 'Function', 'Chip Repair', 'For', 'Laport Phone Game Repair tools']",https://www.aliexpress.us/item/3256808331153728.html?algo_pvid=372b13c3-b215-4f01-b99f-a2dc1db81056&algo_exp_id=372b13c3-b215-4f01-b99f-a2dc1db81056-38&pdp_ext_f=%7B%22order%22%3A%2287%22%2C%22eval%22%3A%221%22%2C%22fromPage%22%3A%22search%22%7D&pdp_npi=6%40dis%21USD%211.42%210.99%21%21%219.67%216.75%21%40212e509017768950412715223ed167%2112000045523692101%21sea%21US%210%21ABX%211%210%21n_tag%3A-29910%3Bd%3A7753d89f%3Bm03_new_user%3A-29895%3BpisId%3A5000000204886261&curPageLogUid=jqRRnmhtRsJd&utparam-url=scene%3Asearch%7Cquery_from%3A%7Cx_object_id%3A1005008517468480%7C_p_origin_prod%3A
YUHETEC Aluminum Stand For 510 Thread (34.5mm Diameter )DIY Wire Loading Table Display Standmachine Accessory,$4.12 ,"https://ae-pic-a1.aliexpress-media.com/kf/Sdeedeaf33cb64421bca2c0e5e91100f34.jpg_220x220q75.jpg_.avif,https://ae-pic-a1.aliexpress-media.com/kf/Sdeedeaf33cb64421bca2c0e5e91100f34.jpg_220x220q75.jpg_.avif,https://ae-pic-a1.aliexpress-media.com/kf/Sfb8d36692aef419083cab7c3723feefb7.jpg_220x220q75.jpg_.avif,https://ae-pic-a1.aliexpress-media.com/kf/S6de0bc3fbea84f9aa5f53d083cc89494Z.jpg_220x220q75.jpg_.avif,https://ae-pic-a1.aliexpress-media.com/kf/Scb755960aef1494ab844cdcef4d457cd7.jpg_220x220q75.jpg_.avif","['High-concerned chemical', 'None', 'With Magnetic', 'No', 'Pieces Included', '1PCS', 'Material', 'Other', 'Origin', 'Mainland China', 'MATERIAL', 'Aluminum', 'Color', 'silver black golden blue red']",https://www.aliexpress.us/item/3256803309311546.html?algo_pvid=372b13c3-b215-4f01-b99f-a2dc1db81056&algo_exp_id=372b13c3-b215-4f01-b99f-a2dc1db81056-39&pdp_ext_f=%7B%22order%22%3A%2287%22%2C%22eval%22%3A%221%22%2C%22fromPage%22%3A%22search%22%7D&pdp_npi=6%40dis%21USD%214.62%214.12%21%21%2131.34%2127.95%21%40212e509017768950412715223ed167%2112000026050644315%21sea%21US%210%21ABX%211%210%21n_tag%3A-29910%3Bd%3A7753d89f%3Bm03_new_user%3A-29895%3BpisId%3A5000000204886261&curPageLogUid=OOaL0Va4Norr&utparam-url=scene%3Asearch%7Cquery_from%3A%7Cx_object_id%3A1005003495626298%7C_p_origin_prod%3A
40 In 1 Mobile Phone Repair Tools Kit Pry Opening Tool Screwdriver Cellphone Disassembly Kit Hand Tools For iPhone Xiaomi Laptop,$0.99 ,"https://ae-pic-a1.aliexpress-media.com/kf/Sa10b9d01377540a0917c50c9f492840cD.jpg?has_lang=1&ver=1_220x220q75.jpg_.avif,https://ae-pic-a1.aliexpress-media.com/kf/Se201fd6a3566433d8851e52171de6434k.jpg?has_lang=1&ver=1_220x220q75.jpg_.avif,https://ae-pic-a1.aliexpress-media.com/kf/Sbb687ed9fa344b58861273201719e557A.jpg?has_lang=1&ver=1_220x220q75.jpg_.avif,https://ae-pic-a1.aliexpress-media.com/kf/S3d7924175c5344839e6ae74dfb05a8c53.jpg_220x220q75.jpg_.avif,https://ae-pic-a1.aliexpress-media.com/kf/Sb2ac23d73a244ff88d7556fa20f347f6v.jpg_220x220q75.jpg_.avif","['High-concerned chemical', 'None', 'With Magnetic', 'No', 'Model Number', '40 in 1', 'Pieces Included', '40 in 1', 'Material', 'Plastic', 'Origin', 'Mainland China']",https://www.aliexpress.us/item/3256810169512654.html?algo_pvid=372b13c3-b215-4f01-b99f-a2dc1db81056&algo_exp_id=372b13c3-b215-4f01-b99f-a2dc1db81056-40&pdp_ext_f=%7B%22order%22%3A%2286%22%2C%22eval%22%3A%221%22%2C%22fromPage%22%3A%22search%22%7D&pdp_npi=6%40dis%21USD%2110.13%210.99%21%21%2168.80%216.77%21%40212e509017768950412715223ed167%2112000052101709982%21sea%21US%210%21ABX%211%210%21n_tag%3A-29910%3Bd%3A7753d89f%3Bm03_new_user%3A-29895%3BpisId%3A5000000203537387&curPageLogUid=XTbSN9YaYPQL&utparam-url=scene%3Asearch%7Cquery_from%3A%7Cx_object_id%3A1005010355827406%7C_p_origin_prod%3A
XHZC 10in1 Fitting Alignment Position Mold With Separator Pad Rubber For i Watch LCD Screen S4 S5 S6 S7 S8 LCD Repair Tool,$35.16 ,"https://ae-pic-a1.aliexpress-media.com/kf/Sd287100493694f04a159c33b3a30118bj.jpg_220x220q75.jpg_.avif,https://ae-pic-a1.aliexpress-media.com/kf/Sd287100493694f04a159c33b3a30118bj.jpg_220x220q75.jpg_.avif,https://ae-pic-a1.aliexpress-media.com/kf/S7df1997b3dbb4a36bb69a2c7afaa2851s.jpg_220x220q75.jpg_.avif,https://ae-pic-a1.aliexpress-media.com/kf/S1c8e3240a129466e9c6aaf4664d53073U.jpg_220x220q75.jpg_.avif,https://ae-pic-a1.aliexpress-media.com/kf/Sfc88118e72d64cfb912b83aaa79da089b.jpg_220x220q75.jpg_.avif","['High-concerned chemical', 'None', 'With Magnetic', 'No', 'Pieces Included', '1', 'Material', 'Other', 'Brand Name', 'manumoc', 'Origin', 'Mainland China']",https://www.aliexpress.us/item/3256805353881112.html?algo_pvid=372b13c3-b215-4f01-b99f-a2dc1db81056&algo_exp_id=372b13c3-b215-4f01-b99f-a2dc1db81056-41&pdp_ext_f=%7B%22order%22%3A%2286%22%2C%22eval%22%3A%221%22%2C%22fromPage%22%3A%22search%22%7D&pdp_npi=6%40dis%21USD%2135.66%2135.16%21%21%21242.09%21238.70%21%40212e509017768950412715223ed167%2112000033466922301%21sea%21US%210%21ABX%211%210%21n_tag%3A-29910%3Bd%3A7753d89f%3Bm03_new_user%3A-29895%3BpisId%3A5000000204886261&curPageLogUid=XiiXtn1gU6Rl&utparam-url=scene%3Asearch%7Cquery_from%3A%7Cx_object_id%3A1005005540195864%7C_p_origin_prod%3A
10pcs Magic Sponge Cleaning Dust LCD OCA Glue Removal For Phone Screen Repair Tool,$2.52 ,"https://ae-pic-a1.aliexpress-media.com/kf/S3e8e5f1e357d4d58b215345631c048ebZ.jpg_220x220q75.jpg_.avif,https://ae-pic-a1.aliexpress-media.com/kf/S3e8e5f1e357d4d58b215345631c048ebZ.jpg_220x220q75.jpg_.avif,https://ae-pic-a1.aliexpress-media.com/kf/Sc4cc47acd99a42cfaf5b302ac8fe8229w.jpg_220x220q75.jpg_.avif,https://ae-pic-a1.aliexpress-media.com/kf/S2c02d2c73bdd427bbfd1a23718a455f9O.jpg_220x220q75.jpg_.avif,https://ae-pic-a1.aliexpress-media.com/kf/S24114c1a812545549dead2d74a210158P.png_220x220.png_.avif","['High-concerned chemical', 'None', 'Pieces Included', '1', 'Material', 'Other', 'Origin', 'Mainland China']",https://www.aliexpress.us/item/3256803585936914.html?algo_pvid=372b13c3-b215-4f01-b99f-a2dc1db81056&algo_exp_id=372b13c3-b215-4f01-b99f-a2dc1db81056-42&pdp_ext_f=%7B%22order%22%3A%2286%22%2C%22eval%22%3A%221%22%2C%22fromPage%22%3A%22search%22%7D&pdp_npi=6%40dis%21USD%213.02%212.52%21%21%2120.51%2117.12%21%40212e509017768950412715223ed167%2112000049445007444%21sea%21US%210%21ABX%211%210%21n_tag%3A-29910%3Bd%3A7753d89f%3Bm03_new_user%3A-29895%3BpisId%3A5000000204886261&curPageLogUid=71bLuDq8NQrj&utparam-url=scene%3Asearch%7Cquery_from%3A%7Cx_object_id%3A1005003772251666%7C_p_origin_prod%3A
FONLYU Mobile Phone Tablet Screen Protector Hydrogel Film Scratch Card Scraper Squeegee For iPad For iPhone Shovel Debubble Tool,$1.87 ,"https://ae-pic-a1.aliexpress-media.com/kf/S96cb6878ce884ea597bc1e9948c7b882c.jpg_220x220q75.jpg_.avif,https://ae-pic-a1.aliexpress-media.com/kf/S96cb6878ce884ea597bc1e9948c7b882c.jpg_220x220q75.jpg_.avif,https://ae-pic-a1.aliexpress-media.com/kf/Hf0e0a4a747a1469084ea40280d02b474n.jpg_220x220q75.jpg_.avif,https://ae-pic-a1.aliexpress-media.com/kf/Ha7da59b3aaa040169b2190426a2fe60bL.jpg_220x220q75.jpg_.avif,https://ae-pic-a1.aliexpress-media.com/kf/Hb7a30586405f45989c0e4b938ac788a0E.jpg_220x220q75.jpg_.avif","['High-concerned chemical', 'None', 'With Magnetic', 'No', 'Model Number', 'Screen Protector Film Scraper Tool', 'Pieces Included', '1', 'Material', 'Other', 'Brand Name', 'fonlyu', 'Origin', 'Mainland China', 'Function', 'For Film Screen Protector Cutting', 'Compatible', 'For Any Film Cutting Machine', 'Application', 'Mobile Phone/Computer Tool Kit', 'Package', 'Case', 'Type', 'Combination', 'QC', '100% Tested Before Shipment', 'Size', '9cm/18cm', '9cm Scrapers', 'Watch,Mobile Phone Screen', '18cm Scrapers', 'For iPad Tablets,Mobile Phone Screen']",https://www.aliexpress.us/item/3256802595983558.html?algo_pvid=372b13c3-b215-4f01-b99f-a2dc1db81056&algo_exp_id=372b13c3-b215-4f01-b99f-a2dc1db81056-43&pdp_ext_f=%7B%22order%22%3A%2286%22%2C%22eval%22%3A%221%22%2C%22fromPage%22%3A%22search%22%7D&pdp_npi=6%40dis%21USD%212.49%211.87%21%21%212.49%211.87%21%40212e509017768950412715223ed167%2112000022164685254%21sea%21US%210%21ABX%211%210%21n_tag%3A-29910%3Bd%3A7753d89f%3Bm03_new_user%3A-29895%3BpisId%3A5000000204886261&curPageLogUid=8OuxRf1fwKRj&utparam-url=scene%3Asearch%7Cquery_from%3A%7Cx_object_id%3A1005002782298310%7C_p_origin_prod%3A
100pcs Back Camera Blue Lens Dust Remover Clean Glue Sticker For iPhone Rear Camera Repair,$1.29/lot,"https://ae-pic-a1.aliexpress-media.com/kf/S821214035efb4f548a978241247fa2d9c.jpg_220x220q75.jpg_.avif,https://ae-pic-a1.aliexpress-media.com/kf/S73f2d93744ef4c83be35847517eec530D.jpg_220x220q75.jpg_.avif,https://ae-pic-a1.aliexpress-media.com/kf/S96bc31f0b54f4cef9e39420412c2c424x.jpg_220x220q75.jpg_.avif,https://ae-pic-a1.aliexpress-media.com/kf/Sbbfa0a2dd8454679b1ff5a3815f194ceP.jpg_220x220q75.jpg_.avif,https://ae-pic-a1.aliexpress-media.com/kf/S27b571e55aa94176872305e462ffeb14F.jpg_220x220q75.jpg_.avif","['High-concerned chemical', 'None', 'Pieces Included', '1', 'Material', 'Other', 'Origin', 'Mainland China']",https://www.aliexpress.us/item/3256805997972718.html?algo_pvid=372b13c3-b215-4f01-b99f-a2dc1db81056&algo_exp_id=372b13c3-b215-4f01-b99f-a2dc1db81056-44&pdp_ext_f=%7B%22order%22%3A%2285%22%2C%22eval%22%3A%221%22%2C%22fromPage%22%3A%22search%22%7D&pdp_npi=6%40dis%21USD%211.79%211.29%21%21%2112.13%218.74%21%40212e509017768950412715223ed167%2112000036177174270%21sea%21US%210%21ABX%211%210%21n_tag%3A-29910%3Bd%3A7753d89f%3Bm03_new_user%3A-29895%3BpisId%3A5000000204886261&curPageLogUid=h8XbEMCpM1sn&utparam-url=scene%3Asearch%7Cquery_from%3A%7Cx_object_id%3A1005006184287470%7C_p_origin_prod%3A
7inch NASAN Universal Silicone Pad Suction Mat For LCD Separator Machine Heating Fixed Glass Phone Repair Tool,$0.99 ,"https://ae-pic-a1.aliexpress-media.com/kf/S352d02c65ef94c57bac992fcfc9cbf507.jpg_220x220q75.jpg_.avif,https://ae-pic-a1.aliexpress-media.com/kf/Sbf3d2de360c747fbb5b953ffb7b5d0c3v.jpg_220x220q75.jpg_.avif,https://ae-pic-a1.aliexpress-media.com/kf/Sfd787a3bfc0f4e7b88e6ee4ae88edffdH.jpg_220x220q75.jpg_.avif,https://ae-pic-a1.aliexpress-media.com/kf/S744109b062e44428bda29a6ae944a9d7Y.png_220x220.png_.avif,https://ae-pic-a1.aliexpress-media.com/kf/S42a90ee94cee4e9d8e46407b8053fb92q.png_220x220.png_.avif","['High-concerned chemical', 'None', 'With Magnetic', 'No', 'Pieces Included', '1', 'Material', 'Other', 'Origin', 'Mainland China', 'Brand', 'NASAN']",https://www.aliexpress.us/item/3256804186817413.html?algo_pvid=372b13c3-b215-4f01-b99f-a2dc1db81056&algo_exp_id=372b13c3-b215-4f01-b99f-a2dc1db81056-45&pdp_ext_f=%7B%22order%22%3A%2285%22%2C%22eval%22%3A%221%22%2C%22fromPage%22%3A%22search%22%7D&pdp_npi=6%40dis%21USD%213.36%210.99%21%21%2122.84%216.75%21%40212e509017768950412715223ed167%2112000028949071536%21sea%21US%210%21ABX%211%210%21n_tag%3A-29910%3Bd%3A7753d89f%3Bm03_new_user%3A-29895%3BpisId%3A5000000203537349&curPageLogUid=6cZWG67jDrG8&utparam-url=scene%3Asearch%7Cquery_from%3A%7Cx_object_id%3A1005004373132165%7C_p_origin_prod%3A
5.5cm Screen Opening Super Strong Suction Cup for Mobile Phone Universal Cellphone LCD Screen Repair Tools for iPhone iPad,$0.99 ,"https://ae-pic-a1.aliexpress-media.com/kf/S5fecd20ed9ac4b6e9aa88f3ec3d35068o.jpg_220x220q75.jpg_.avif,https://ae-pic-a1.aliexpress-media.com/kf/S5fecd20ed9ac4b6e9aa88f3ec3d35068o.jpg_220x220q75.jpg_.avif,https://ae-pic-a1.aliexpress-media.com/kf/Se1384aa33a6c44208b2c4d63e6e3f4e0G.jpg?has_lang=1&ver=1_220x220q75.jpg_.avif,https://ae-pic-a1.aliexpress-media.com/kf/Sc645f8d02b6f4626a64a8dda2c802955s.jpg_220x220q75.jpg_.avif,https://ae-pic-a1.aliexpress-media.com/kf/S987e12b560ef489e85ba095f29efaadah.jpg?has_lang=1&ver=1_220x220q75.jpg_.avif","['High-concerned chemical', 'None', 'With Magnetic', 'No', 'Pieces Included', '1', 'Material', 'Plastic', 'Brand Name', 'DOLANBIA', 'Origin', 'Mainland China']",https://www.aliexpress.us/item/3256809974037579.html?algo_pvid=372b13c3-b215-4f01-b99f-a2dc1db81056&algo_exp_id=372b13c3-b215-4f01-b99f-a2dc1db81056-46&pdp_ext_f=%7B%22order%22%3A%2284%22%2C%22eval%22%3A%221%22%2C%22fromPage%22%3A%22search%22%7D&pdp_npi=6%40dis%21USD%215.53%210.99%21%21%2137.53%216.68%21%40212e509017768950412715223ed167%2112000051361119696%21sea%21US%210%21ABX%211%210%21n_tag%3A-29910%3Bd%3A7753d89f%3Bm03_new_user%3A-29895%3BpisId%3A5000000203537387&curPageLogUid=un7sBeIp0cZU&utparam-url=scene%3Asearch%7Cquery_from%3A%7Cx_object_id%3A1005010160352331%7C_p_origin_prod%3A
YCS Mr.Yang 1/3/5Pcs Clean Brush for Circuit Board Cleaning Mainboard IC Dust Removal Polishing Tool Phone Electric Repair Kit,$5.39 ,"https://ae-pic-a1.aliexpress-media.com/kf/Sd896a7d023304e43b99f64218b8f1c1aZ.jpg?has_lang=1&ver=1_220x220q75.jpg_.avif,https://ae-pic-a1.aliexpress-media.com/kf/Sd896a7d023304e43b99f64218b8f1c1aZ.jpg?has_lang=1&ver=1_220x220q75.jpg_.avif,https://ae-pic-a1.aliexpress-media.com/kf/S1b110eca871f4a83978971f174083733o.jpg_220x220q75.jpg_.avif,https://ae-pic-a1.aliexpress-media.com/kf/S11bb24a7553840de9b64f36569c90c5fO.jpg_220x220q75.jpg_.avif,https://ae-pic-a1.aliexpress-media.com/kf/S1c9a446d433b4e02ba560e66321ef49dv.jpg_220x220q75.jpg_.avif","['High-concerned chemical', 'None', 'With Magnetic', 'No', 'Model Number', 'YCS Mr.Yang 1/3/5Pcs Clean Brus', 'Pieces Included', '1', 'Material', 'Other', 'Brand Name', 'NoEnName_Null', 'Origin', 'Mainland China', 'Brand Name', 'YCS Mr.Yang']",https://www.aliexpress.us/item/3256809967062083.html?algo_pvid=372b13c3-b215-4f01-b99f-a2dc1db81056&algo_exp_id=372b13c3-b215-4f01-b99f-a2dc1db81056-47&pdp_ext_f=%7B%22order%22%3A%2284%22%2C%22eval%22%3A%221%22%2C%22fromPage%22%3A%22search%22%7D&pdp_npi=6%40dis%21USD%215.89%215.39%21%21%215.89%215.39%21%40212e509017768950412715223ed167%2112000051336148693%21sea%21US%210%21ABX%211%210%21n_tag%3A-29910%3Bd%3A7753d89f%3Bm03_new_user%3A-29895%3BpisId%3A5000000204886261&curPageLogUid=85fLJ0gFkBJF&utparam-url=scene%3Asearch%7Cquery_from%3A%7Cx_object_id%3A1005010153376835%7C_p_origin_prod%3A
Universal Fixture Clamp Holder Adjustable Mobile Phone Repair Tools LCD Display Screen Fastening Clip for Smartphone Tablet,$0.99 ,"https://ae-pic-a1.aliexpress-media.com/kf/S2fd590241b8441d2a842ba2fde61915ev.jpg?has_lang=1&ver=1_220x220q75.jpg_.avif,https://ae-pic-a1.aliexpress-media.com/kf/S2daeff8df5bc4eeebdc838a19b27a34b6.jpg?has_lang=1&ver=1_220x220q75.jpg_.avif,https://ae-pic-a1.aliexpress-media.com/kf/S5b587e95d06246dda978063469f4d82av.jpg?has_lang=1&ver=1_220x220q75.jpg_.avif,https://ae-pic-a1.aliexpress-media.com/kf/S8e04b40d0f6a4572a229b49f9e0b6b7el.jpg?has_lang=1&ver=1_220x220q75.jpg_.avif,https://ae-pic-a1.aliexpress-media.com/kf/Sce328754a7cc42cbb1687c861c2ea3baM.jpg?has_lang=1&ver=1_220x220q75.jpg_.avif","['High-concerned chemical', 'None', 'Model Number', 'Phone Repair Clamp', 'Pieces Included', '4-8', 'Material', 'Plastic', 'Origin', 'Mainland China']",https://www.aliexpress.us/item/3256809934359601.html?algo_pvid=372b13c3-b215-4f01-b99f-a2dc1db81056&algo_exp_id=372b13c3-b215-4f01-b99f-a2dc1db81056-48&pdp_ext_f=%7B%22order%22%3A%2284%22%2C%22eval%22%3A%221%22%2C%22fromPage%22%3A%22search%22%7D&pdp_npi=6%40dis%21USD%2111.09%210.99%21%21%2175.32%216.77%21%40212e509017768950412715223ed167%2112000051213214695%21sea%21US%210%21ABX%211%210%21n_tag%3A-29910%3Bd%3A7753d89f%3Bm03_new_user%3A-29895%3BpisId%3A5000000203537387&curPageLogUid=sM4iU9KDo9Gu&utparam-url=scene%3Asearch%7Cquery_from%3A%7Cx_object_id%3A1005010120674353%7C_p_origin_prod%3A
DL400 Pro LCD Screen Tester Flex Cable for iPhone 17 Pro Max 16 15 14 13 12 Plus XR X XS 8 7 6 Display Touch Testing Board Cable,$4.84 ,"https://ae-pic-a1.aliexpress-media.com/kf/S4088ecfe5de14850bd3fe47493021524Z.jpg_220x220q75.jpg_.avif,https://ae-pic-a1.aliexpress-media.com/kf/S4088ecfe5de14850bd3fe47493021524Z.jpg_220x220q75.jpg_.avif,https://ae-pic-a1.aliexpress-media.com/kf/Se8beb30bf3d340ef8bf9df91dc9e40aeD.jpg_220x220q75.jpg_.avif,https://ae-pic-a1.aliexpress-media.com/kf/S133ec10ab8384428a9479854a2248688O.jpg_220x220q75.jpg_.avif,https://ae-pic-a1.aliexpress-media.com/kf/Sd9045e31a1d74c51ba96bdd7794a218bb.jpg_220x220q75.jpg_.avif","['High-concerned chemical', 'None', 'With Magnetic', 'No', 'Pieces Included', '1', 'Material', 'Other', 'Origin', 'Mainland China', 'Product Name', 'DL400pro LCD Tester Flex Cable', 'Application', 'Mobile Phone Glass with Touch Testing', 'Function', 'Testing display and touch', 'Advantage', 'Accurate testing and easy operation']",https://www.aliexpress.us/item/3256809224370127.html?algo_pvid=372b13c3-b215-4f01-b99f-a2dc1db81056&algo_exp_id=372b13c3-b215-4f01-b99f-a2dc1db81056-49&pdp_ext_f=%7B%22order%22%3A%2284%22%2C%22eval%22%3A%221%22%2C%22fromPage%22%3A%22search%22%7D&pdp_npi=6%40dis%21USD%216.51%214.84%21%21%216.51%214.84%21%40212e509017768950412715223ed167%2112000052585526928%21sea%21US%210%21ABX%211%210%21n_tag%3A-29910%3Bd%3A7753d89f%3Bm03_new_user%3A-29895%3BpisId%3A5000000204886261&curPageLogUid=qHsGhVxJdgsY&utparam-url=scene%3Asearch%7Cquery_from%3A%7Cx_object_id%3A1005009410684879%7C_p_origin_prod%3A
17Pro max 2 in 1 Universal Laminating Alignment Mould Mold for iPhone 15 14 17 16pro 13 OCA Glass LCD Touch Screen Position Mat,$24.36 ,"https://ae-pic-a1.aliexpress-media.com/kf/S9991711d208848e5853622af7f7472649.jpg_220x220q75.jpg_.avif,https://ae-pic-a1.aliexpress-media.com/kf/S9991711d208848e5853622af7f7472649.jpg_220x220q75.jpg_.avif,https://ae-pic-a1.aliexpress-media.com/kf/Sfc615be7ccb047519698d9571cd8e9845.jpg_220x220q75.jpg_.avif,https://ae-pic-a1.aliexpress-media.com/kf/Se0bf01559399485da5515786188b4ca7m.jpg_220x220q75.jpg_.avif,https://ae-pic-a1.aliexpress-media.com/kf/H9c88cffca5534574b516959367040c258.jpg_220x220q75.jpg_.avif","['High-concerned chemical', 'None', 'With Magnetic', 'No', 'Model Number', '2 in 1 Universal Laminating Mold', 'Pieces Included', 'other', 'Material', 'S2 Alloy Steel', 'Origin', 'Mainland China', 'Design', 'One Mould+One Rubber block', 'Type', 'Precision aluminium mould', 'Usage', 'For Glass OCA LCD laminate', 'Function', 'vacuum glass lcd oca laminating', 'Compatible Model 1', 'For IPX A1865 A1901 A1902 /XS A2097 A1920 A2100 A2098/XS max A2101 A1921 A2104 A2102/XR A2105 A2105 A1984 A2107 A2108 A2106', 'Compatible Model 2', 'For IP11 A2221 A2111 A2223/11pro A2215 A2160 A2217 /11pro max A2218 A2161 A2220', 'Compatible Model 3', 'For IP12 A2403 A2172 A2402 A2404/12pro A2407 A2341 A2406 A2408/12mini A2399 A2176 A2398 A2400/12pro max A2411 A2342 A2410 A2412', 'Compatible Model 4', 'For IP13 A2633 A2482 A2631 A2634 A2635/13pro A2638 A2483 A2636 A2639 A2640/13mini A2628 A2481 A2626 A2629 A2630/13pro max A2643 A2484 A2641 A2644 A2645', 'Compatible Model 5', 'For IP14 A2882 A2649 A2881 A2884 A2883/14pro A2890 A2650 A2889 A2892 A2891/14plus A2886 A2632 A2885 A2888 A2887/14pro max A2894 A2651 A2893 A2896 A2895', 'Compatible Model 6', 'For IP15 A3090 A2846 A3089 A3092/15plus A3094 A2847 A3093 A3096/15pro A3102 A2848 A3101 A3104/15pro max/ A3106 A2849 A3105 A3108', 'Compatible Model 7', 'For IP16 A3287 A3081 A3286 A3288/16Plus A3290 A3082 A3289 A3291/16Pro A3293 A3083 A3292 A3294/16Pro max A3296 A3084 A3295 A3297', 'Compatible Model 8', 'For IP17 A3520, A3258, A3519, A3521/17Pro A3256, A3523, A3522, A3524/17Air A3517, A3260, A3518, A3516/17Pro max/A3526, A3257, A3527, A3525']",https://www.aliexpress.us/item/3256808830444314.html?algo_pvid=372b13c3-b215-4f01-b99f-a2dc1db81056&algo_exp_id=372b13c3-b215-4f01-b99f-a2dc1db81056-50&pdp_ext_f=%7B%22order%22%3A%2284%22%2C%22eval%22%3A%221%22%2C%22fromPage%22%3A%22search%22%7D&pdp_npi=6%40dis%21USD%2133.15%2124.36%21%21%2133.15%2124.36%21%40212e509017768950412715223ed167%2112000047588226603%21sea%21US%210%21ABX%211%210%21n_tag%3A-29910%3Bd%3A7753d89f%3Bm03_new_user%3A-29895%3BpisId%3A5000000204886261&curPageLogUid=iGbcbo0w6ZAE&utparam-url=scene%3Asearch%7Cquery_from%3A%7Cx_object_id%3A1005009016759066%7C_p_origin_prod%3A
"Qianli iSocket IP 17 Series Motherboard Layered Tester Fixture, X 11 12 13 14 15 16 17 Series, Logic Board Upper/Lower Tester",$112.80 ,"https://ae-pic-a1.aliexpress-media.com/kf/Sdb812540c1e548f2b2f63ba753d683eed.jpg?has_lang=1&ver=3_220x220q75.jpg_.avif,https://ae-pic-a1.aliexpress-media.com/kf/S4b93a33a21d244aca7755cc679ced7a55.jpg?has_lang=1&ver=3_220x220q75.jpg_.avif,https://ae-pic-a1.aliexpress-media.com/kf/Sd4a16ea5c40947bfa8fc5096d86fca86F.jpg?has_lang=1&ver=3_220x220q75.jpg_.avif,https://ae-pic-a1.aliexpress-media.com/kf/Se354eb1ac76747c1ba75273767499b20f.jpg?has_lang=1&ver=3_220x220q75.jpg_.avif,https://ae-pic-a1.aliexpress-media.com/kf/S154a1ad9d65d4a54916a9659b3ac68511.jpg?has_lang=1&ver=3_220x220q75.jpg_.avif","['High-concerned chemical', 'None', 'Pieces Included', '1', 'Material', 'Other', 'Origin', 'Mainland China']",https://www.aliexpress.us/item/3256808098739539.html?algo_pvid=372b13c3-b215-4f01-b99f-a2dc1db81056&algo_exp_id=372b13c3-b215-4f01-b99f-a2dc1db81056-51&pdp_ext_f=%7B%22order%22%3A%2284%22%2C%22eval%22%3A%221%22%2C%22fromPage%22%3A%22search%22%7D&pdp_npi=6%40dis%21USD%21113.30%21112.80%21%21%21113.30%21112.80%21%40212e509017768950412715223ed167%2112000044478238949%21sea%21US%210%21ABX%211%210%21n_tag%3A-29910%3Bd%3A7753d89f%3Bm03_new_user%3A-29895%3BpisId%3A5000000204886261&curPageLogUid=tW6PR8ya3HdE&utparam-url=scene%3Asearch%7Cquery_from%3A%7Cx_object_id%3A1005008285054291%7C_p_origin_prod%3A
10pcs Metal Blade Glue Residue Cleaning Tools for iPhone Samsung Xiaomi Redmi Mobile Phone LCD OCA Glue Remover Scraper,$0.99 ,"https://ae-pic-a1.aliexpress-media.com/kf/S956c776693b440939696e08368a34a9eb.jpg_220x220q75.jpg_.avif,https://ae-pic-a1.aliexpress-media.com/kf/S8cb6f7fcf4bf46f5a656b80bd1b94377h.jpg_220x220q75.jpg_.avif,https://ae-pic-a1.aliexpress-media.com/kf/S2ab6756493a9444cbb37e9c1dc429d2a9.jpg_220x220q75.jpg_.avif,https://ae-pic-a1.aliexpress-media.com/kf/Se7fe6ba2e60f46879077215b11e3446dP.jpg_220x220q75.jpg_.avif,https://ae-pic-a1.aliexpress-media.com/kf/Sc4841fb1cdc24fafbd2abd4f8e5e6ec6t.jpg_220x220q75.jpg_.avif","['High-concerned chemical', 'None', 'Pieces Included', '10 in 1', 'Material', 'Other', 'Origin', 'Mainland China', 'USE', 'Mobile Phone Repair Tool,Computer Tool Kit', 'Package', 'Case']",https://www.aliexpress.us/item/3256805706912910.html?algo_pvid=372b13c3-b215-4f01-b99f-a2dc1db81056&algo_exp_id=372b13c3-b215-4f01-b99f-a2dc1db81056-52&pdp_ext_f=%7B%22order%22%3A%2284%22%2C%22eval%22%3A%221%22%2C%22fromPage%22%3A%22search%22%7D&pdp_npi=6%40dis%21USD%213.11%210.99%21%21%2121.08%216.69%21%40212e509017768950412715223ed167%2112000034736384930%21sea%21US%210%21ABX%211%210%21n_tag%3A-29910%3Bd%3A7753d89f%3Bm03_new_user%3A-29895%3BpisId%3A5000000203537349&curPageLogUid=8DhiA1byyj4f&utparam-url=scene%3Asearch%7Cquery_from%3A%7Cx_object_id%3A1005005893227662%7C_p_origin_prod%3A
Stencil For PS5 Core Game Controller IC Chip Direct Heating 80x80 90x90mm Stencil Reball Repair Soldering Tools,$6.00 ,https://ae-pic-a1.aliexpress-media.com/kf/S30c82cfc986048688ae1461b7b60e3cfW.jpg_220x220q75.jpg_.avif,"['High-concerned chemical', 'None', 'With Magnetic', 'No', 'Model Number', 'Stencil For PS5 Core Game Controller IC', 'Pieces Included', '1', 'Material', 'Other', 'Origin', 'Mainland China', 'Material', 'Made of imported stainless steel plate', 'Fineness', 'customize new stencils', 'Name', 'Stencil For PS5 Core Game Controller IC', 'Specifications', 'Direct Heating 80x80 90x90mm', 'stencils model 1', 'For PS5 core']",https://www.aliexpress.us/item/3256804385868126.html?algo_pvid=372b13c3-b215-4f01-b99f-a2dc1db81056&algo_exp_id=372b13c3-b215-4f01-b99f-a2dc1db81056-53&pdp_ext_f=%7B%22order%22%3A%2284%22%2C%22eval%22%3A%221%22%2C%22fromPage%22%3A%22search%22%7D&pdp_npi=6%40dis%21USD%216.50%216.00%21%21%216.50%216.00%21%40212e509017768950412715223ed167%2112000029673521078%21sea%21US%210%21ABX%211%210%21n_tag%3A-29910%3Bd%3A7753d89f%3Bm03_new_user%3A-29895%3BpisId%3A5000000204886261&curPageLogUid=ntMILxgXmgz3&utparam-url=scene%3Asearch%7Cquery_from%3A%7Cx_object_id%3A1005004572182878%7C_p_origin_prod%3A
Aixun iHeater 3rd Gen Pre-heating Station Thermostat Platform heating plate For iPhone X 15 14 13 12 Pro Max Motherboard Fixtur,$22.87 ,"https://ae-pic-a1.aliexpress-media.com/kf/S7832717560634b6ba9e810fefbe6b419R.jpg_220x220q75.jpg_.avif,https://ae-pic-a1.aliexpress-media.com/kf/Sa969aa859c5f4b87997a798cb47acd33O.jpg_220x220q75.jpg_.avif,https://ae-pic-a1.aliexpress-media.com/kf/S9c88399321564ae3ba11ea7da04619815.jpg_220x220q75.jpg_.avif,https://ae-pic-a1.aliexpress-media.com/kf/S086172655f374c7187bc443d0bc75214z.jpg_220x220q75.jpg_.avif,https://ae-pic-a1.aliexpress-media.com/kf/Se93684707ad441b4bc3fc6cbad2ee840Z.jpg_220x220q75.jpg_.avif","['High-concerned chemical', 'None', 'Model Number', 'AIHUN Iheaterpro', 'Pieces Included', '1', 'Material', 'Other', 'Brand Name', 'BRESUN', 'Origin', 'Mainland China', 'Model', 'iHeater 3rd Gen', 'Product Name', 'Intelligent Desoldering Station iHeater', 'Rated Power', '110W', 'Working Voltage', '110V-220V', 'Support', 'iPX-14 Pro Max', 'Temperature Range', '70℃-260℃', 'Net Weight', '265 g', 'Dimension', '105*105*27mm', 'Features 1', 'Support motherboard repair for iP X-15 series..', 'Features 2', 'Built in mute cooling fan, rapid cooling', 'Features 3', 'Slide buckle lock design, fix motherboard easily', 'Features 4', 'Special locating pillar design, fit motherboard accurately', 'Features 5', 'PID temperature algorithm, temperature rise faster and more precise']",https://www.aliexpress.us/item/3256807973476358.html?algo_pvid=372b13c3-b215-4f01-b99f-a2dc1db81056&algo_exp_id=372b13c3-b215-4f01-b99f-a2dc1db81056-54&pdp_ext_f=%7B%22order%22%3A%2283%22%2C%22eval%22%3A%221%22%2C%22fromPage%22%3A%22search%22%7D&pdp_npi=6%40dis%21USD%2146.75%2122.87%21%21%21317.40%21155.31%21%40212e509017768950412715223ed167%2112000044035070615%21sea%21US%210%21ABX%211%210%21n_tag%3A-29910%3Bd%3A7753d89f%3Bm03_new_user%3A-29895%3BpisId%3A5000000204886261&curPageLogUid=aGnNylzH2MNU&utparam-url=scene%3Asearch%7Cquery_from%3A%7Cx_object_id%3A1005008159791110%7C_p_origin_prod%3A
XHZC 17 Pro Max LCD Alignment Mold for iPhone 16 15 14 13 pro LCD Screen In Frame Glass OCA Position Mould Touch Display Repair,$5.34 ,"https://ae-pic-a1.aliexpress-media.com/kf/S7af41eae48fa4bb0881d1382b6d7aa11C.jpg_220x220q75.jpg_.avif,https://ae-pic-a1.aliexpress-media.com/kf/S7af41eae48fa4bb0881d1382b6d7aa11C.jpg_220x220q75.jpg_.avif,https://ae-pic-a1.aliexpress-media.com/kf/Hf8b4a90c10a347fdab41576cf3599b85I.jpg_220x220q75.jpg_.avif,https://ae-pic-a1.aliexpress-media.com/kf/H1f39c019c9a340bf9c09325e5807c1b1X.jpg_220x220q75.jpg_.avif,https://ae-pic-a1.aliexpress-media.com/kf/S485f23cf241c456c91ad829d7285cd06Q.jpg_220x220q75.jpg_.avif","['High-concerned chemical', 'None', 'Model Number', 'High precision location mold', 'Pieces Included', 'other', 'Material', 'Chrome Vanadium Steel', 'Origin', 'Mainland China', 'Function 1', 'For cracked glass repair', 'Function 2', 'For glass oca laminating', 'Compatible model 1', 'For iPhone 11/11pro/11pro max', 'Compatible model 2', 'For iPhone 12/12pro/12pro max/12mini', 'Compatible model 3', 'For iPhone 13/13pro/13pro max/13mini', 'Compatible model 4', 'For iPhone 14/14plus/14pro/14pro max', 'Compatible model 5', 'For iPhone 15/15plus/15pro/15pro max', 'Compatible model 6', 'For IP16 A3287 A3081 A3286 A3288/16Plus A3290 A3082 A3289 A3291/16Pro A3293 A3083 A3292 A3294/16Pro max A3296 A3084 A3295 A3297', 'Compatible model 7', 'For IP17 A3520, A3258, A3519, A3521/17Pro A3256, A3523, A3522, A3524/17Air A3517, A3260, A3518, A3516/17Pro max/A3526, A3257, A3527, A3525']",https://www.aliexpress.us/item/3256805074363036.html?algo_pvid=372b13c3-b215-4f01-b99f-a2dc1db81056&algo_exp_id=372b13c3-b215-4f01-b99f-a2dc1db81056-55&pdp_ext_f=%7B%22order%22%3A%2283%22%2C%22eval%22%3A%221%22%2C%22fromPage%22%3A%22search%22%7D&pdp_npi=6%40dis%21USD%218.35%215.34%21%21%218.35%215.34%21%40212e509017768950412715223ed167%2112000032397132838%21sea%21US%210%21ABX%211%210%21n_tag%3A-29910%3Bd%3A7753d89f%3Bm03_new_user%3A-29895%3BpisId%3A5000000204886261&curPageLogUid=afCTOOChsmEa&utparam-url=scene%3Asearch%7Cquery_from%3A%7Cx_object_id%3A1005005260677788%7C_p_origin_prod%3A
AMAOE For iPad Pro A12X M1 M2 CPU BGA Reballing Stencil Tin Planting Soldering iPad mini LCD Screen Repair Tool,$3.60 ,"https://ae-pic-a1.aliexpress-media.com/kf/S9138ac48d04d440a91a90b47fa29b84az.jpg?has_lang=1&ver=2_220x220q75.jpg_.avif,https://ae-pic-a1.aliexpress-media.com/kf/S9138ac48d04d440a91a90b47fa29b84az.jpg?has_lang=1&ver=2_220x220q75.jpg_.avif,https://ae-pic-a1.aliexpress-media.com/kf/Sb3c3a4c26f504feb802df2f13777ceaaz.jpg?has_lang=1&ver=2_220x220q75.jpg_.avif,https://ae-pic-a1.aliexpress-media.com/kf/Seb31c06d3afe4fcf97939c1ec382efcbd.jpg?has_lang=1&ver=2_220x220q75.jpg_.avif,https://ae-pic-a1.aliexpress-media.com/kf/Sdb81162862e947c58b19733dd33d0a75f.jpg?has_lang=1&ver=2_220x220q75.jpg_.avif","['High-concerned chemical', 'None', 'Pieces Included', '6 in 1', 'Material', 'Other', 'Origin', 'Mainland China']",https://www.aliexpress.us/item/3256809075311553.html?algo_pvid=372b13c3-b215-4f01-b99f-a2dc1db81056&algo_exp_id=372b13c3-b215-4f01-b99f-a2dc1db81056-56&pdp_ext_f=%7B%22order%22%3A%2282%22%2C%22eval%22%3A%221%22%2C%22fromPage%22%3A%22search%22%7D&pdp_npi=6%40dis%21USD%214.10%213.60%21%21%2127.81%2124.42%21%40212e509017768950412715223ed167%2112000048519568086%21sea%21US%210%21ABX%211%210%21n_tag%3A-29910%3Bd%3A7753d89f%3Bm03_new_user%3A-29895%3BpisId%3A5000000204886261&curPageLogUid=XMmAaZGL5wTD&utparam-url=scene%3Asearch%7Cquery_from%3A%7Cx_object_id%3A1005009261626305%7C_p_origin_prod%3A
100% original F64 Easy JTAG Box Flash 64 Lite Tool Box For eMMC ISP UFS jtag Adapter,$359.91 ,"https://ae-pic-a1.aliexpress-media.com/kf/Sb79e3d04700f49279ee06cc193c35edez.jpg?has_lang=1&ver=2_220x220q75.jpg_.avif,https://ae-pic-a1.aliexpress-media.com/kf/Sb79e3d04700f49279ee06cc193c35edez.jpg?has_lang=1&ver=2_220x220q75.jpg_.avif,https://ae-pic-a1.aliexpress-media.com/kf/S33217a4a3ee0495aa6b726cf5382c006n.jpg?has_lang=1&ver=2_220x220q75.jpg_.avif,https://ae-pic-a1.aliexpress-media.com/kf/Sb5461561403e4d93a36a98a6c7a4d8e17.jpg?has_lang=1&ver=2_220x220q75.jpg_.avif,https://ae-pic-a1.aliexpress-media.com/kf/Sbdd72f0b610b4492a5852aa94cb25596y.jpg?has_lang=1&ver=2_220x220q75.jpg_.avif","['High-concerned chemical', 'None', 'With Magnetic', 'No', 'Model Number', 'F64', 'Pieces Included', '1', 'Material', 'Other', 'Brand Name', 'gsmjustoncct', 'Origin', 'Mainland China']",https://www.aliexpress.us/item/3256808924386677.html?algo_pvid=372b13c3-b215-4f01-b99f-a2dc1db81056&algo_exp_id=372b13c3-b215-4f01-b99f-a2dc1db81056-57&pdp_ext_f=%7B%22order%22%3A%2282%22%2C%22eval%22%3A%221%22%2C%22fromPage%22%3A%22search%22%7D&pdp_npi=6%40dis%21USD%21379.38%21359.91%21%21%21379.38%21359.91%21%40212e509017768950412715223ed167%2112000047951776851%21sea%21US%210%21ABX%211%210%21n_tag%3A-29910%3Bd%3A7753d89f%3Bm03_new_user%3A-29895%3BpisId%3A5000000204886261&curPageLogUid=MvPF4FmUAoBJ&utparam-url=scene%3Asearch%7Cquery_from%3A%7Cx_object_id%3A1005009110701429%7C_p_origin_prod%3A
4/16pcs Universal Fixture Clamp Holder Adjustable Mobile Phone Repair Tools LCD Display Screen Fixture Clamp Tablet Accessories,$0.99 ,"https://ae-pic-a1.aliexpress-media.com/kf/S778956f1c5be42dbb4aed82f30635f8f9.jpg_220x220q75.jpg_.avif,https://ae-pic-a1.aliexpress-media.com/kf/S41931d8125ad48e9a3e05ab9116c5b60s.jpg_220x220q75.jpg_.avif,https://ae-pic-a1.aliexpress-media.com/kf/S10df40c82add4aaa87ede132da999788S.jpg_220x220q75.jpg_.avif,https://ae-pic-a1.aliexpress-media.com/kf/Sfed2a25f62694c13a3a347a20d73a5d1D.jpg_220x220q75.jpg_.avif,https://ae-pic-a1.aliexpress-media.com/kf/S66ae63cd05604f508c42f491ee3d5a8al.jpg_220x220q75.jpg_.avif","['High-concerned chemical', 'None', 'With Magnetic', 'No', 'Pieces Included', '8 in 1', 'Material', 'Plastic', 'Origin', 'Mainland China']",https://www.aliexpress.us/item/3256811522268897.html?algo_pvid=372b13c3-b215-4f01-b99f-a2dc1db81056&algo_exp_id=372b13c3-b215-4f01-b99f-a2dc1db81056-58&pdp_ext_f=%7B%22order%22%3A%2281%22%2C%22eval%22%3A%221%22%2C%22fromPage%22%3A%22search%22%7D&pdp_npi=6%40dis%21USD%2110.54%210.99%21%21%2171.56%216.75%21%40212e509017768950412715223ed167%2112000056307295173%21sea%21US%210%21ABX%211%210%21n_tag%3A-29910%3Bd%3A7753d89f%3Bm03_new_user%3A-29895%3BpisId%3A5000000203537387&curPageLogUid=fBfNr9C4gO2q&utparam-url=scene%3Asearch%7Cquery_from%3A%7Cx_object_id%3A1005011708583649%7C_p_origin_prod%3A
NASAN Digital Multimeter AC/DC Meter Voltage Resistance Meter Electrician LCD Backlight Test Professional Electrical Tester Tool,$25.83 ,"https://ae-pic-a1.aliexpress-media.com/kf/S3340d97ee9d34600a5527df8c6a32490D.jpg_220x220q75.jpg_.avif,https://ae-pic-a1.aliexpress-media.com/kf/S01d98bd26512432783c637c58d697c49N.jpg_220x220q75.jpg_.avif,https://ae-pic-a1.aliexpress-media.com/kf/S7c37f4bf4dbf4579a650bfb93dc559f2h.jpg_220x220q75.jpg_.avif,https://ae-pic-a1.aliexpress-media.com/kf/Sb6c24c860d624c1dba8003ed1f93db93Q.jpg_220x220q75.jpg_.avif,https://ae-pic-a1.aliexpress-media.com/kf/S8577a94354f249f2a67d79c5f79a68aal.jpg_220x220q75.jpg_.avif","['High-concerned chemical', 'None', 'With Magnetic', 'No', 'Model Number', 'NASAN', 'Pieces Included', '1', 'Material', 'Other', 'Origin', 'Mainland China', 'for 1', 'NASAN Digital Multimeter', 'for 2', 'Digital Multimeter', 'for 3', 'NASAN Digital Multimeters', 'for 4', 'Digital Multimeters', 'for 5', 'AC/DC Multimeters', 'for 6', 'Meter Voltage Resistance Multimeters', 'for 7', 'Meter Multimeters', 'for 8', 'AC/DC Votage Tester', 'for 9', 'Votage Tester', 'for 10', 'Resistance Detector Tool', 'for 11', 'Electrical Tester Tools', 'for 12', 'Electrician LCD Backlight Test', 'for 13', '5999 Count Digital Multimeters', 'for 14', 'Voltage Resistance Tester', 'for 15', 'Voltage Resistance Multimeters', 'for 16', 'Electrical Tester Tool', 'for 17', 'Electrician LCD Backlight Test', 'support 1', 'wholesale', 'support 2', 'dropship']",https://www.aliexpress.us/item/3256809398637795.html?algo_pvid=372b13c3-b215-4f01-b99f-a2dc1db81056&algo_exp_id=372b13c3-b215-4f01-b99f-a2dc1db81056-59&pdp_ext_f=%7B%22order%22%3A%2281%22%2C%22eval%22%3A%221%22%2C%22fromPage%22%3A%22search%22%7D&pdp_npi=6%40dis%21USD%2132.91%2125.83%21%21%21223.39%21175.32%21%40212e509017768950412715223ed167%2112000049538990387%21sea%21US%210%21ABX%211%210%21n_tag%3A-29910%3Bd%3A7753d89f%3Bm03_new_user%3A-29895%3BpisId%3A5000000204886261&curPageLogUid=LW7YqexkFZIo&utparam-url=scene%3Asearch%7Cquery_from%3A%7Cx_object_id%3A1005009584952547%7C_p_origin_prod%3A
Rsim18 Works For Phone14 Series E-SIM 5G Version IOS16 System And For Phone 12/ IOS 16.0.2,$0.99 ,"https://ae-pic-a1.aliexpress-media.com/kf/S95c35b1bd3dc46e49a732bc951d96845M.jpg_220x220q75.jpg_.avif,https://ae-pic-a1.aliexpress-media.com/kf/S25a8085ad9994f6785cdaac977d4f56a7.jpg_220x220q75.jpg_.avif,https://ae-pic-a1.aliexpress-media.com/kf/S6a63e2a900e6454fb3ad887521a6c9a2X.jpg_220x220q75.jpg_.avif,https://ae-pic-a1.aliexpress-media.com/kf/Scff81bde5b6b4904947347f666c0c07dn.jpg_220x220q75.jpg_.avif,https://ae-pic-a1.aliexpress-media.com/kf/S54e178b226fd4866b0905291501038863.jpg_220x220q75.jpg_.avif","['High-concerned chemical', 'None', 'Pieces Included', '6 in 1', 'Material', 'Other', 'Brand Name', 'KOQZM', 'Origin', 'Mainland China']",https://www.aliexpress.us/item/3256806499417884.html?algo_pvid=05899ea9-f07d-4035-854e-ca21c7336b53&algo_exp_id=05899ea9-f07d-4035-854e-ca21c7336b53-4&pdp_ext_f=%7B%22order%22%3A%2285%22%2C%22eval%22%3A%221%22%2C%22fromPage%22%3A%22search%22%7D&pdp_npi=6%40dis%21USD%2113.80%210.99%21%21%2193.66%216.70%21%40214100f417768954678091862ed03a%2112000038011017357%21sea%21US%210%21ABX%211%210%21n_tag%3A-29910%3Bd%3A7753d89f%3Bm03_new_user%3A-29895%3BpisId%3A5000000203537387&curPageLogUid=dJAyxEPlCFoR&utparam-url=scene%3Asearch%7Cquery_from%3A%7Cx_object_id%3A1005006685732636%7C_p_origin_prod%3A
100% original F64 Flash 64 Ultra Lite Box ISP Adapter,$53.58 ,"https://ae-pic-a1.aliexpress-media.com/kf/S905ea59dc6c64ab69541ba152e37831bn.jpg_220x220q75.jpg_.avif,https://ae-pic-a1.aliexpress-media.com/kf/S905ea59dc6c64ab69541ba152e37831bn.jpg_220x220q75.jpg_.avif,https://ae-pic-a1.aliexpress-media.com/kf/S50db784121fd42ffbfd0149e969cf4a3i.jpg_220x220q75.jpg_.avif,https://ae-pic-a1.aliexpress-media.com/kf/S10b69b5b1b7d4d5e96b079e91cff67bdE.jpg_220x220q75.jpg_.avif,https://ae-pic-a1.aliexpress-media.com/kf/S3b9d6c3ca0644055b3f0da98034bf930a.jpg_220x220q75.jpg_.avif","['High-concerned chemical', 'None', 'With Magnetic', 'No', 'Model Number', 'Flash 64 ISP Adapter', 'Pieces Included', '1', 'Material', 'Other', 'Brand Name', 'EASY JTAG', 'Origin', 'Mainland China']",https://www.aliexpress.us/item/3256808953115186.html?algo_pvid=05899ea9-f07d-4035-854e-ca21c7336b53&algo_exp_id=05899ea9-f07d-4035-854e-ca21c7336b53-0&pdp_ext_f=%7B%22order%22%3A%2281%22%2C%22eval%22%3A%221%22%2C%22fromPage%22%3A%22search%22%7D&pdp_npi=6%40dis%21USD%2154.08%2153.58%21%21%21367.14%21363.75%21%40214100f417768954678091862ed03a%2112000048056950524%21sea%21US%210%21ABX%211%210%21n_tag%3A-29910%3Bd%3A7753d89f%3Bm03_new_user%3A-29895%3BpisId%3A5000000204886261&curPageLogUid=awUoLAwl4QXt&utparam-url=scene%3Asearch%7Cquery_from%3A%7Cx_object_id%3A1005009139429938%7C_p_origin_prod%3A
Repair Pad Insulation Heat-Resistant Soldering Station Silicon Soldering Mat Work Pad Desk Platform for BGA Soldering Station,$2.56 ,"https://ae-pic-a1.aliexpress-media.com/kf/S83eafaccd69542f9b07bbb82b757e5625.jpg_220x220q75.jpg_.avif,https://ae-pic-a1.aliexpress-media.com/kf/S6cfe261b9e9549f68f1fe4a9d818af8bv.jpg_220x220q75.jpg_.avif,https://ae-pic-a1.aliexpress-media.com/kf/S4ecabf51fa954f9880e1ec354059e8d7u.jpg_220x220q75.jpg_.avif,https://ae-pic-a1.aliexpress-media.com/kf/S1a2c7a46d6254759bd0d6df2889dd1ceH.jpg_220x220q75.jpg_.avif,https://ae-pic-a1.aliexpress-media.com/kf/Sed561100eafb45d9a644fdcce36f5b1cb.jpg_220x220q75.jpg_.avif","['High-concerned chemical', 'None', 'Pieces Included', '6 in 1', 'Material', 'Other', 'Origin', 'Mainland China']",https://www.aliexpress.us/item/3256808551458325.html?algo_pvid=05899ea9-f07d-4035-854e-ca21c7336b53&algo_exp_id=05899ea9-f07d-4035-854e-ca21c7336b53-1&pdp_ext_f=%7B%22order%22%3A%2281%22%2C%22eval%22%3A%221%22%2C%22fromPage%22%3A%22search%22%7D&pdp_npi=6%40dis%21USD%2126.50%214.98%21%21%21179.93%2133.86%21%40214100f417768954678091862ed03a%2112000046463680345%21sea%21US%210%21ABX%211%210%21n_tag%3A-29910%3Bd%3A7753d89f%3Bm03_new_user%3A-29895%3BpisId%3A5000000203537387&curPageLogUid=oNGnnY92O80A&utparam-url=scene%3Asearch%7Cquery_from%3A%7Cx_object_id%3A1005008737773077%7C_p_origin_prod%3A
MasterXu Replaceable Digital Multimeter Probe Super Sharp Head Fine Accurate Measurement PCB Test Tool Tips BST 050 JP P22A,$10.90 ,"https://ae-pic-a1.aliexpress-media.com/kf/S28ce557008a74844a2dfa06c0b5d2f64y.jpg_220x220q75.jpg_.avif,https://ae-pic-a1.aliexpress-media.com/kf/S16e22f51b8a24ad685bfada098eff65eK.jpg_220x220q75.jpg_.avif,https://ae-pic-a1.aliexpress-media.com/kf/Sabb308784e344aa5becf435c06e9c3454.jpg_220x220q75.jpg_.avif,https://ae-pic-a1.aliexpress-media.com/kf/S0e8fed3d7a5341bd8c558c9b569da7afO.jpg_220x220q75.jpg_.avif,https://ae-pic-a1.aliexpress-media.com/kf/S73fe81edcb094f03b99979dc96777841u.jpg_220x220q75.jpg_.avif","['High-concerned chemical', 'None', 'Pieces Included', '8 in 1', 'Material', 'Other', 'Origin', 'Mainland China', 'maant p22a', 'maant official store', 'probe multimeter', 'C002 probe multimeter', 'test probe', 'probe oscilloscope', 'cnc probe', 'touch probe']",https://www.aliexpress.us/item/3256806053917701.html?algo_pvid=05899ea9-f07d-4035-854e-ca21c7336b53&algo_exp_id=05899ea9-f07d-4035-854e-ca21c7336b53-2&pdp_ext_f=%7B%22order%22%3A%2281%22%2C%22eval%22%3A%221%22%2C%22fromPage%22%3A%22search%22%7D&pdp_npi=6%40dis%21USD%2118.09%2110.90%21%21%21122.79%2173.97%21%40214100f417768954678091862ed03a%2112000036893688698%21sea%21US%210%21ABX%211%210%21n_tag%3A-29910%3Bd%3A7753d89f%3Bm03_new_user%3A-29895%3BpisId%3A5000000204886261&curPageLogUid=ghYwqik1jnGr&utparam-url=scene%3Asearch%7Cquery_from%3A%7Cx_object_id%3A1005006240232453%7C_p_origin_prod%3A
OCA Laminating Black Rubber Pad No Turn Over Flex Flip Cable Mat For iPhone XR 11 12 Mini 13 Pro Max 14 15 Plus Phone Repair,$6.08 ,"https://ae-pic-a1.aliexpress-media.com/kf/S4864e9f551ae45459ba4ba068dd039943.jpg_220x220q75.jpg_.avif,https://ae-pic-a1.aliexpress-media.com/kf/Sabaeee18ba614fbc9f74f9b2407954823.jpg_220x220q75.jpg_.avif,https://ae-pic-a1.aliexpress-media.com/kf/S4653677bf1254cd9961710fccc73ff51T.jpg_220x220q75.jpg_.avif,https://ae-pic-a1.aliexpress-media.com/kf/S73e78318a208467cbaae40edfe523cfaZ.jpg_220x220q75.jpg_.avif,https://ae-pic-a1.aliexpress-media.com/kf/Sf421d24b181a49c6a234f18b682f3440Z.jpg_220x220q75.jpg_.avif","['High-concerned chemical', 'None', 'Pieces Included', '1', 'Material', 'Other', 'Origin', 'Mainland China']",https://www.aliexpress.us/item/3256803127889412.html?algo_pvid=05899ea9-f07d-4035-854e-ca21c7336b53&algo_exp_id=05899ea9-f07d-4035-854e-ca21c7336b53-3&pdp_ext_f=%7B%22order%22%3A%2281%22%2C%22eval%22%3A%221%22%2C%22fromPage%22%3A%22search%22%7D&pdp_npi=6%40dis%21USD%216.58%216.08%21%21%2144.68%2141.29%21%40214100f417768954678091862ed03a%2112000030178608093%21sea%21US%210%21ABX%211%210%21n_tag%3A-29910%3Bd%3A7753d89f%3Bm03_new_user%3A-29895%3BpisId%3A5000000204886261&curPageLogUid=ogXZ9bmYoKdb&utparam-url=scene%3Asearch%7Cquery_from%3A%7Cx_object_id%3A1005003314204164%7C_p_origin_prod%3A
Mep flex built in SIMHUB -sim Mep slot card for iphone12 13 14 15 16 17 series,$5.00 ,"https://ae-pic-a1.aliexpress-media.com/kf/S2357206f472049378054635ae62330ca7.jpg_220x220q75.jpg_.avif,https://ae-pic-a1.aliexpress-media.com/kf/S7c6347e12c96469c8275e502f160ad5ae.png_220x220.png_.avif,https://ae-pic-a1.aliexpress-media.com/kf/S1731d21d49404abfb2b30ba97bc37bbcy.png_220x220.png_.avif,https://ae-pic-a1.aliexpress-media.com/kf/S68438fe2e52f44459d7f1fe4bb4b87f0V.png_220x220.png_.avif,https://ae-pic-a1.aliexpress-media.com/kf/S8446ae28cf84444486890ea35a7efdd7S.png_220x220.png_.avif","['High-concerned chemical', 'None', 'With Magnetic', 'No', 'Model Number', 'Mep flex built in SIMHUB -sim', 'Pieces Included', '1', 'Material', 'Other', 'Origin', 'Mainland China', 'Name', 'Mep flex built in SIMHUB -sim card']",https://www.aliexpress.us/item/3256811728777725.html?algo_pvid=05899ea9-f07d-4035-854e-ca21c7336b53&algo_exp_id=05899ea9-f07d-4035-854e-ca21c7336b53-5&pdp_ext_f=%7B%22order%22%3A%2280%22%2C%22eval%22%3A%221%22%2C%22fromPage%22%3A%22search%22%7D&pdp_npi=6%40dis%21USD%215.50%215.00%21%21%215.50%215.00%21%40214100f417768954678091862ed03a%2112000056998617650%21sea%21US%210%21ABX%211%210%21n_tag%3A-29910%3Bd%3A7753d89f%3Bm03_new_user%3A-29895%3BpisId%3A5000000204886261&curPageLogUid=ty175GAu23sv&utparam-url=scene%3Asearch%7Cquery_from%3A%7Cx_object_id%3A1005011915092477%7C_p_origin_prod%3A
JTX S1 NEW 0.1mm Ultra-Fine Soldering Iron Tip Special for Screen Jumper Suitable for 210 Series Soldering Iron Tips,$0.99 ,"https://ae-pic-a1.aliexpress-media.com/kf/S2f82d08ea076439686cbb9b4d8a35fe2m.jpg_220x220q75.jpg_.avif,https://ae-pic-a1.aliexpress-media.com/kf/S2f82d08ea076439686cbb9b4d8a35fe2m.jpg_220x220q75.jpg_.avif,https://ae-pic-a1.aliexpress-media.com/kf/Sf887c4962a3a4f70bdd0bdb0846016ad3.jpg_220x220q75.jpg_.avif,https://ae-pic-a1.aliexpress-media.com/kf/Sdf6dfcab1b944fe7aec8779239e3c442P.jpg_220x220q75.jpg_.avif,https://ae-pic-a1.aliexpress-media.com/kf/S92da0e4c38654d57812e135f856a8d9c5.jpg_220x220q75.jpg_.avif","['High-concerned chemical', 'None', 'With Magnetic', 'No', 'Model Number', 'S1', 'Pieces Included', '1', 'Material', 'Other', 'Origin', 'Mainland China', 'Brand', 'JTX S1']",https://www.aliexpress.us/item/3256811644347295.html?algo_pvid=05899ea9-f07d-4035-854e-ca21c7336b53&algo_exp_id=05899ea9-f07d-4035-854e-ca21c7336b53-6&pdp_ext_f=%7B%22order%22%3A%2280%22%2C%22eval%22%3A%221%22%2C%22fromPage%22%3A%22search%22%7D&pdp_npi=6%40dis%21USD%2113.50%210.99%21%21%2113.50%210.99%21%40214100f417768954678091862ed03a%2112000056718584748%21sea%21US%210%21ABX%211%210%21n_tag%3A-29910%3Bd%3A7753d89f%3Bm03_new_user%3A-29895%3BpisId%3A5000000203537387&curPageLogUid=fbJxrAW0zwwE&utparam-url=scene%3Asearch%7Cquery_from%3A%7Cx_object_id%3A1005011830662047%7C_p_origin_prod%3A
1/2Pcs Phone Opening Pry Card Tools Ultra Thin Flexible Disassemble Tool tra Thin Flexible Mobile Phone Disassemble Tool Set,$0.99 ,"https://ae-pic-a1.aliexpress-media.com/kf/S3c0bfd1960dc438a95b70f1ca946032dh.jpg?has_lang=1&ver=1_220x220q75.jpg_.avif,https://ae-pic-a1.aliexpress-media.com/kf/S3c0bfd1960dc438a95b70f1ca946032dh.jpg?has_lang=1&ver=1_220x220q75.jpg_.avif,https://ae-pic-a1.aliexpress-media.com/kf/Sbc6072c4cd834486b47c462dbc346d09p.jpg?has_lang=1&ver=1_220x220q75.jpg_.avif,https://ae-pic-a1.aliexpress-media.com/kf/Sd5f8624b9bc14087b441ecba86768ad1v.jpg?has_lang=1&ver=1_220x220q75.jpg_.avif,https://ae-pic-a1.aliexpress-media.com/kf/Sfad03e7881694afbbcd4fcf9b26e03c6m.jpg?has_lang=1&ver=1_220x220q75.jpg_.avif","['High-concerned chemical', 'None', 'With Magnetic', 'No', 'Pieces Included', '6 in 1', 'Material', 'High Carbon Steel', 'Origin', 'Mainland China']",https://www.aliexpress.us/item/3256809711953584.html?algo_pvid=05899ea9-f07d-4035-854e-ca21c7336b53&algo_exp_id=05899ea9-f07d-4035-854e-ca21c7336b53-7&pdp_ext_f=%7B%22order%22%3A%2280%22%2C%22eval%22%3A%221%22%2C%22fromPage%22%3A%22search%22%7D&pdp_npi=6%40dis%21USD%216.51%210.99%21%21%2144.21%216.76%21%40214100f417768954678091862ed03a%2112000050514923837%21sea%21US%210%21ABX%211%210%21n_tag%3A-29910%3Bd%3A7753d89f%3Bm03_new_user%3A-29895%3BpisId%3A5000000203537387&curPageLogUid=s51PTRllYZyf&utparam-url=scene%3Asearch%7Cquery_from%3A%7Cx_object_id%3A1005009898268336%7C_p_origin_prod%3A
Bright Black Double-layer Electronic Component Storage Box Screw Accessories Organization DIY Storage for Phone Repair Tool,$2.76 ,"https://ae-pic-a1.aliexpress-media.com/kf/S3cbdb99853df4abd821dbc32b4235035Q.jpg_220x220q75.jpg_.avif,https://ae-pic-a1.aliexpress-media.com/kf/S3cbdb99853df4abd821dbc32b4235035Q.jpg_220x220q75.jpg_.avif,https://ae-pic-a1.aliexpress-media.com/kf/Sc64d8f2c0dee401a8b490e4d659aeac3q.jpg_220x220q75.jpg_.avif,https://ae-pic-a1.aliexpress-media.com/kf/Sb40c43b1c756434dbeb436aa850852bb5.jpg_220x220q75.jpg_.avif,https://ae-pic-a1.aliexpress-media.com/kf/S161588a898404097975094a787738e62T.jpg_220x220q75.jpg_.avif","['High-concerned chemical', 'None', 'With Magnetic', 'No', 'Pieces Included', '8 in 1', 'Material', 'Other', 'Brand Name', 'dawndesslo', 'Origin', 'Mainland China']",https://www.aliexpress.us/item/3256809267321029.html?algo_pvid=05899ea9-f07d-4035-854e-ca21c7336b53&algo_exp_id=05899ea9-f07d-4035-854e-ca21c7336b53-8&pdp_ext_f=%7B%22order%22%3A%2280%22%2C%22eval%22%3A%221%22%2C%22fromPage%22%3A%22search%22%7D&pdp_npi=6%40dis%21USD%214.73%212.76%21%21%2132.12%2118.77%21%40214100f417768954678091862ed03a%2112000049152392135%21sea%21US%210%21ABX%211%210%21n_tag%3A-29910%3Bd%3A7753d89f%3Bm03_new_user%3A-29895%3BpisId%3A5000000204886261&curPageLogUid=IyPU92QBX9rS&utparam-url=scene%3Asearch%7Cquery_from%3A%7Cx_object_id%3A1005009453635781%7C_p_origin_prod%3A
T=0.1mm Tear Down Piece Screen Disassembly Card Ultra Thin Pry LCD Opening Tool For Phone Repair Tool,$0.99 ,"https://ae-pic-a1.aliexpress-media.com/kf/S9cd790ccb9574a529268d915ae775c03F.jpg_220x220q75.jpg_.avif,https://ae-pic-a1.aliexpress-media.com/kf/S5867665c92ee457a96f502a81e424546Z.jpg_220x220q75.jpg_.avif,https://ae-pic-a1.aliexpress-media.com/kf/Scebd36801e36464e81e06ba07f7e4201v.jpg_220x220q75.jpg_.avif,https://ae-pic-a1.aliexpress-media.com/kf/Sf3b8ca7b1dbd4ef0be2d9b05d2305f1eR.jpg_220x220q75.jpg_.avif,https://ae-pic-a1.aliexpress-media.com/kf/S9574b1d46c03437bb3020f695f6d570cU.jpg_220x220q75.jpg_.avif","['High-concerned chemical', 'None', 'Pieces Included', '1', 'Material', 'Other', 'Origin', 'Mainland China']",https://www.aliexpress.us/item/3256806014796889.html?algo_pvid=05899ea9-f07d-4035-854e-ca21c7336b53&algo_exp_id=05899ea9-f07d-4035-854e-ca21c7336b53-9&pdp_ext_f=%7B%22order%22%3A%2280%22%2C%22eval%22%3A%221%22%2C%22fromPage%22%3A%22search%22%7D&pdp_npi=6%40dis%21USD%211.87%210.99%21%21%2112.67%216.70%21%40214100f417768954678091862ed03a%2112000036245054562%21sea%21US%210%21ABX%211%210%21n_tag%3A-29910%3Bd%3A7753d89f%3Bm03_new_user%3A-29895%3BpisId%3A5000000203537349&curPageLogUid=ZcRTOLdOBnfO&utparam-url=scene%3Asearch%7Cquery_from%3A%7Cx_object_id%3A1005006201111641%7C_p_origin_prod%3A
Solder Paste Extruder Welding Syringe Green Oil Rotary Booster For 35g 40g 50g 10CC Glue iPhone Samsung Repair Tool,$0.99 ,"https://ae-pic-a1.aliexpress-media.com/kf/S31bc7a91f7bc430eacea06beb54f59cbU.jpg_220x220q75.jpg_.avif,https://ae-pic-a1.aliexpress-media.com/kf/Sf9f3cbf5b1b84c3892b50ce1ab779d1aV.jpg_220x220q75.jpg_.avif,https://ae-pic-a1.aliexpress-media.com/kf/S3fa7d098354742f4afc61247f5a5b917R.jpg_220x220q75.jpg_.avif,https://ae-pic-a1.aliexpress-media.com/kf/S85a4722f96694d6fbc1029023de6e4d7U.jpg_220x220q75.jpg_.avif,https://ae-pic-a1.aliexpress-media.com/kf/Se43448248841429d83808d0ecc3b67ebj.jpg_220x220q75.jpg_.avif","['High-concerned chemical', 'None', 'Pieces Included', '1', 'Material', 'Other', 'Origin', 'Mainland China']",https://www.aliexpress.us/item/3256804395847866.html?algo_pvid=05899ea9-f07d-4035-854e-ca21c7336b53&algo_exp_id=05899ea9-f07d-4035-854e-ca21c7336b53-10&pdp_ext_f=%7B%22order%22%3A%2280%22%2C%22eval%22%3A%221%22%2C%22fromPage%22%3A%22search%22%7D&pdp_npi=6%40dis%21USD%214.76%210.99%21%21%2132.34%216.75%21%40214100f417768954678091862ed03a%2112000036671671046%21sea%21US%210%21ABX%211%210%21n_tag%3A-29910%3Bd%3A7753d89f%3Bm03_new_user%3A-29895%3BpisId%3A5000000203537349&curPageLogUid=Rdk1H4I1FLaL&utparam-url=scene%3Asearch%7Cquery_from%3A%7Cx_object_id%3A1005004582162618%7C_p_origin_prod%3A
"DCSD Alex Data Cable, Engineering Serial Port Cable, Read Write, Nand Data Transfer for iPhone 6S, 7,7P,8, 8P, X, iPad MagicoCFG",$10.49 ,"https://ae-pic-a1.aliexpress-media.com/kf/S2a1a5756f4884329827f1a2f9ba9856ab.jpg_220x220q75.jpg_.avif,https://ae-pic-a1.aliexpress-media.com/kf/S2a1a5756f4884329827f1a2f9ba9856ab.jpg_220x220q75.jpg_.avif,https://ae-pic-a1.aliexpress-media.com/kf/S319925ba3d594a2ca65c5ff2dbd83c91f.jpg_220x220q75.jpg_.avif,https://ae-pic-a1.aliexpress-media.com/kf/Sed3eb61689044e7195f8667f2c76c6d3H.jpg_220x220q75.jpg_.avif,https://ae-pic-a1.aliexpress-media.com/kf/Sa027784515084b8fa816c0c4747c81e0H.jpg_220x220q75.jpg_.avif","['High-concerned chemical', 'None', 'With Magnetic', 'No', 'Model Number', 'DCSD CABLE TOOL', 'Pieces Included', '1', 'Material', 'Other', 'Brand Name', 'gsmjustoncct', 'Origin', 'Mainland China']",https://www.aliexpress.us/item/3256804048385648.html?algo_pvid=05899ea9-f07d-4035-854e-ca21c7336b53&algo_exp_id=05899ea9-f07d-4035-854e-ca21c7336b53-11&pdp_ext_f=%7B%22order%22%3A%2280%22%2C%22eval%22%3A%221%22%2C%22fromPage%22%3A%22search%22%7D&pdp_npi=6%40dis%21USD%2113.40%2110.49%21%21%2113.40%2110.49%21%40214100f417768954678091862ed03a%2112000046008597487%21sea%21US%210%21ABX%211%210%21n_tag%3A-29910%3Bd%3A7753d89f%3Bm03_new_user%3A-29895%3BpisId%3A5000000204886261&curPageLogUid=TGJ9s6JQNSlw&utparam-url=scene%3Asearch%7Cquery_from%3A%7Cx_object_id%3A1005004234700400%7C_p_origin_prod%3A
10M Mobile Phone Repair Double Side Tape For Cellphone Touch Screen LCD Pannel 3mm Self Adhesive Foam Sticker Fix,$1.48 ,"https://ae-pic-a1.aliexpress-media.com/kf/S7f16ba381f16424cb6d619a94b9aa291n.jpg_220x220q75.jpg_.avif,https://ae-pic-a1.aliexpress-media.com/kf/S087c3acea64c465bb539deef6093bd1eV.jpg_220x220q75.jpg_.avif,https://ae-pic-a1.aliexpress-media.com/kf/S7e96b901b17c4d4a8766e836fffa90e8M.jpg_220x220q75.jpg_.avif,https://ae-pic-a1.aliexpress-media.com/kf/Safcd91e5ada446a9b2e9d9822ce4d4beb.jpg_220x220q75.jpg_.avif,https://ae-pic-a1.aliexpress-media.com/kf/Seb281cd575fc4e2581e80a2f157fac39h.jpg_220x220q75.jpg_.avif","['High-concerned chemical', 'None', 'Model Number', '1', 'Pieces Included', '6 in 1', 'Material', 'Other', 'Origin', 'Mainland China']",https://www.aliexpress.us/item/3256811383343204.html?algo_pvid=05899ea9-f07d-4035-854e-ca21c7336b53&algo_exp_id=05899ea9-f07d-4035-854e-ca21c7336b53-12&pdp_ext_f=%7B%22order%22%3A%2279%22%2C%22eval%22%3A%221%22%2C%22fromPage%22%3A%22search%22%7D&pdp_npi=6%40dis%21USD%214.04%211.48%21%21%2127.46%2110.07%21%40214100f417768954678091862ed03a%2112000055946785860%21sea%21US%210%21ABX%211%210%21n_tag%3A-29910%3Bd%3A7753d89f%3Bm03_new_user%3A-29895%3BpisId%3A5000000204886261&curPageLogUid=0LLttQ668vm1&utparam-url=scene%3Asearch%7Cquery_from%3A%7Cx_object_id%3A1005011569657956%7C_p_origin_prod%3A
2026 NEW F64 Flash 64 EMMC FPC V2/ UFS HSG1 FPV 2 IN 1 Cable for Flash 64 Lite Ultra Tool Box,$23.19 ,"https://ae-pic-a1.aliexpress-media.com/kf/Sb0bc5278cc4149ab8c6c1c3186f0e6aaW.jpg?has_lang=1&ver=1_220x220q75.jpg_.avif,https://ae-pic-a1.aliexpress-media.com/kf/Sb0bc5278cc4149ab8c6c1c3186f0e6aaW.jpg?has_lang=1&ver=1_220x220q75.jpg_.avif,https://ae-pic-a1.aliexpress-media.com/kf/S7fc94d0c82604969a02efb56002e70645.jpg?has_lang=1&ver=1_220x220q75.jpg_.avif,https://ae-pic-a1.aliexpress-media.com/kf/Sdf55e61e67db444f9838285a3c2f1e056.jpg?has_lang=1&ver=1_220x220q75.jpg_.avif,https://ae-pic-a1.aliexpress-media.com/kf/Sd31d8e13fb9c4cda9e99787d7c35394aX.jpg?has_lang=1&ver=1_220x220q75.jpg_.avif","['High-concerned chemical', 'None', 'With Magnetic', 'No', 'Pieces Included', '1', 'Material', 'Other', 'Brand Name', 'gsmjustoncct', 'Origin', 'Mainland China']",https://www.aliexpress.us/item/3256810570147442.html?algo_pvid=05899ea9-f07d-4035-854e-ca21c7336b53&algo_exp_id=05899ea9-f07d-4035-854e-ca21c7336b53-13&pdp_ext_f=%7B%22order%22%3A%2279%22%2C%22eval%22%3A%221%22%2C%22fromPage%22%3A%22search%22%7D&pdp_npi=6%40dis%21USD%2129.99%2123.19%21%21%2129.99%2123.19%21%40214100f417768954678091862ed03a%2112000053408376201%21sea%21US%210%21ABX%211%210%21n_tag%3A-29910%3Bd%3A7753d89f%3Bm03_new_user%3A-29895%3BpisId%3A5000000204886261&curPageLogUid=UV8DeW89y2gp&utparam-url=scene%3Asearch%7Cquery_from%3A%7Cx_object_id%3A1005010756462194%7C_p_origin_prod%3A
Original Spin Axis Flex Hinge Cable For SM Z Fold 7 6 5 4 3 F9660 Z Flip 7 6 5 4 3 2 Main Board LCD Connector Rotary Shaft Flex,$5.02 ,"https://ae-pic-a1.aliexpress-media.com/kf/S412f9cb18b2c4749972ec9efdc7727f4K.jpg_220x220q75.jpg_.avif,https://ae-pic-a1.aliexpress-media.com/kf/S412f9cb18b2c4749972ec9efdc7727f4K.jpg_220x220q75.jpg_.avif,https://ae-pic-a1.aliexpress-media.com/kf/Sa3921fc2068540c29328698366c03d691.jpg_220x220q75.jpg_.avif,https://ae-pic-a1.aliexpress-media.com/kf/Sa4c6c1b38e764c45bd53131faa40a593F.jpg_220x220q75.jpg_.avif,https://ae-pic-a1.aliexpress-media.com/kf/Sa02d41264ebc449fb95d68bc2c4f73458.jpg_220x220q75.jpg_.avif","['High-concerned chemical', 'None', 'With Magnetic', 'No', 'Model Number', 'Spin Axis LCD Display Flex Cable', 'Pieces Included', '1', 'Material', 'Chrome Vanadium Steel', 'Origin', 'Mainland China', 'Support model', 'For Samsung Z Fold1 Fold2 Fold3 Fold4 Fold5']",https://www.aliexpress.us/item/3256808023001694.html?algo_pvid=05899ea9-f07d-4035-854e-ca21c7336b53&algo_exp_id=05899ea9-f07d-4035-854e-ca21c7336b53-14&pdp_ext_f=%7B%22order%22%3A%2279%22%2C%22eval%22%3A%221%22%2C%22fromPage%22%3A%22search%22%7D&pdp_npi=6%40dis%21USD%217.89%215.02%21%21%217.89%215.02%21%40214100f417768954678091862ed03a%2112000044241467316%21sea%21US%210%21ABX%211%210%21n_tag%3A-29910%3Bd%3A7753d89f%3Bm03_new_user%3A-29895%3BpisId%3A5000000204886261&curPageLogUid=dSEGC7M5oM8s&utparam-url=scene%3Asearch%7Cquery_from%3A%7Cx_object_id%3A1005008209316446%7C_p_origin_prod%3A
2Set Mainboard Inner Metal Screws For iPhone 16 15 13 12 11 Pro Max 14 Plus Mini Bracket Holder Clip LCD Battery Cover Plate,$2.29 ,"https://ae-pic-a1.aliexpress-media.com/kf/S09092f5a13c1433bb01c039a5d4efc0eP.jpg?has_lang=1&ver=1_220x220q75.jpg_.avif,https://ae-pic-a1.aliexpress-media.com/kf/S58dfdec81838489dbfc3c6e89ac8946ay.jpg_220x220q75.jpg_.avif,https://ae-pic-a1.aliexpress-media.com/kf/S924b396948284ce797b6dfe4308552e76.jpg_220x220q75.jpg_.avif,https://ae-pic-a1.aliexpress-media.com/kf/Se155de6bb5f64b09badca8981e24d8eeo.jpg_220x220q75.jpg_.avif,https://ae-pic-a1.aliexpress-media.com/kf/Sbefd6a6b36a94f6d855711749afe9c3ag.jpg_220x220q75.jpg_.avif","['High-concerned chemical', 'None', 'With Magnetic', 'No', 'Model Number', 'For 11-16PM', 'Pieces Included', '2', 'Material', 'Iron', 'Brand Name', 'PlutoTech', 'Origin', 'Mainland China']",https://www.aliexpress.us/item/3256810206755123.html?algo_pvid=05899ea9-f07d-4035-854e-ca21c7336b53&algo_exp_id=05899ea9-f07d-4035-854e-ca21c7336b53-15&pdp_ext_f=%7B%22order%22%3A%2278%22%2C%22eval%22%3A%221%22%2C%22fromPage%22%3A%22search%22%7D&pdp_npi=6%40dis%21USD%212.79%212.29%21%21%2118.94%2115.55%21%40214100f417768954678091862ed03a%2112000052266430246%21sea%21US%210%21ABX%211%210%21n_tag%3A-29910%3Bd%3A7753d89f%3Bm03_new_user%3A-29895%3BpisId%3A5000000204886261&curPageLogUid=Q5tzYfv4IJNL&utparam-url=scene%3Asearch%7Cquery_from%3A%7Cx_object_id%3A1005010393069875%7C_p_origin_prod%3A
PPD Dismantling Blade High Toughness LCD Screen Opener Prying Tools for iPhone iPad Samsung Tablet Mobile Phone Repair Tools,$0.99 ,"https://ae-pic-a1.aliexpress-media.com/kf/S4619e484ee094c878153042be272fd49X.jpg?has_lang=1&ver=1_220x220q75.jpg_.avif,https://ae-pic-a1.aliexpress-media.com/kf/S4619e484ee094c878153042be272fd49X.jpg?has_lang=1&ver=1_220x220q75.jpg_.avif,https://ae-pic-a1.aliexpress-media.com/kf/S659be996f09648b8a7292a1aa9e3c07b1.jpg?has_lang=1&ver=1_220x220q75.jpg_.avif,https://ae-pic-a1.aliexpress-media.com/kf/S35cbbb5ca80942dc9f630a03ee5a12e7C.jpg?has_lang=1&ver=1_220x220q75.jpg_.avif,https://ae-pic-a1.aliexpress-media.com/kf/S11d7244dcea94a1f9a63138e946226354.jpg?has_lang=1&ver=1_220x220q75.jpg_.avif","['High-concerned chemical', 'None', 'Pieces Included', '6 in 1', 'Material', 'Plastic', 'Origin', 'Mainland China']",https://www.aliexpress.us/item/3256810055790033.html?algo_pvid=05899ea9-f07d-4035-854e-ca21c7336b53&algo_exp_id=05899ea9-f07d-4035-854e-ca21c7336b53-16&pdp_ext_f=%7B%22order%22%3A%2278%22%2C%22eval%22%3A%221%22%2C%22fromPage%22%3A%22search%22%7D&pdp_npi=6%40dis%21USD%217.68%210.99%21%21%2152.16%216.76%21%40214100f417768954678091862ed03a%2112000051652113718%21sea%21US%210%21ABX%211%210%21n_tag%3A-29910%3Bd%3A7753d89f%3Bm03_new_user%3A-29895%3BpisId%3A5000000203537387&curPageLogUid=06SvS4iz0fzF&utparam-url=scene%3Asearch%7Cquery_from%3A%7Cx_object_id%3A1005010242104785%7C_p_origin_prod%3A
Qianli iBridge A3 Tail Plug Tester Comprehensive Analysis Type-C Lightning Interface Auto-scan IPhone Samsung Diagnostic Tool,$17.49 ,"https://ae-pic-a1.aliexpress-media.com/kf/Sa86ddfda69a44a74b44bf7f697bbfac3a.jpg?has_lang=1&ver=1_220x220q75.jpg_.avif,https://ae-pic-a1.aliexpress-media.com/kf/S44c485e6995e46eb9382e0f2e2daf5895.jpg?has_lang=1&ver=1_220x220q75.jpg_.avif,https://ae-pic-a1.aliexpress-media.com/kf/S0e2b78ff5afe42068aea97e4138fc5b54.jpg?has_lang=1&ver=1_220x220q75.jpg_.avif,https://ae-pic-a1.aliexpress-media.com/kf/Sfbb4d7879d1b4761acc08c3203a20bdbq.jpg?has_lang=1&ver=1_220x220q75.jpg_.avif,https://ae-pic-a1.aliexpress-media.com/kf/S2119197c31ba474aa46aee3d62bd0f95h.jpg?has_lang=1&ver=1_220x220q75.jpg_.avif","['High-concerned chemical', 'None', 'Pieces Included', '2in1', 'Material', 'Other', 'Origin', 'Mainland China', 'Brand Name', 'Qianli', 'Feature 1', 'Dual Interface Support - Works with both Lightning (iPhone 5-14 series) and Type-C (HUAWEI/Samsung/Xiaomi/etc.) ports', 'Feature 2', 'Quick Fault Detection - Instantly identifies common charging port issues like poor contact, broken pins or short circuits', 'Feature 3', 'LED Status Indicators - Clear visual feedback with multi-color LEDs showing connection status', 'Feature 4', 'Compact & Durable - Pocket-sized design with robust construction for daily workshop use', 'Feature 5', 'No Power Required - Works passively without needing external power source', 'Feature 6', 'Universal Compatibility - Supports most modern smartphones and tablets', 'Product Name', 'Qianli iBridge A3', 'Seller Name', 'Miteko']",https://www.aliexpress.us/item/3256809546827253.html?algo_pvid=05899ea9-f07d-4035-854e-ca21c7336b53&algo_exp_id=05899ea9-f07d-4035-854e-ca21c7336b53-17&pdp_ext_f=%7B%22order%22%3A%2278%22%2C%22eval%22%3A%221%22%2C%22fromPage%22%3A%22search%22%7D&pdp_npi=6%40dis%21USD%2117.99%2117.49%21%21%2117.99%2117.49%21%40214100f417768954678091862ed03a%2112000049981909416%21sea%21US%210%21ABX%211%210%21n_tag%3A-29910%3Bd%3A7753d89f%3Bm03_new_user%3A-29895%3BpisId%3A5000000204886261&curPageLogUid=VFDXVlqVDX7J&utparam-url=scene%3Asearch%7Cquery_from%3A%7Cx_object_id%3A1005009733142005%7C_p_origin_prod%3A
JCID Drawing Schematic Diagram Bitmap JC Drawing Card 1 Year License for iPhone Android Mobile Phone Logic Board Repair ZXW WXJ,$62.31 ,"https://ae-pic-a1.aliexpress-media.com/kf/S0c502356f8c54daa8e406a2564aa56a8u.jpg_220x220q75.jpg_.avif,https://ae-pic-a1.aliexpress-media.com/kf/S0c502356f8c54daa8e406a2564aa56a8u.jpg_220x220q75.jpg_.avif,https://ae-pic-a1.aliexpress-media.com/kf/S99a42fdcec1341c7a327936956b9720cR.jpg_220x220q75.jpg_.avif,https://ae-pic-a1.aliexpress-media.com/kf/S1a6a726a1708472c91d4799e58d56b5fb.jpg_220x220q75.jpg_.avif,https://ae-pic-a1.aliexpress-media.com/kf/S867ba758c070403294874f03958d7035h.jpg_220x220q75.jpg_.avif","['High-concerned chemical', 'None', 'With Magnetic', 'No', 'Pieces Included', '1', 'Material', 'Other', 'Origin', 'Mainland China']",https://www.aliexpress.us/item/3256805221297647.html?algo_pvid=05899ea9-f07d-4035-854e-ca21c7336b53&algo_exp_id=05899ea9-f07d-4035-854e-ca21c7336b53-18&pdp_ext_f=%7B%22order%22%3A%2278%22%2C%22eval%22%3A%221%22%2C%22fromPage%22%3A%22search%22%7D&pdp_npi=6%40dis%21USD%2162.81%2162.31%21%21%21426.39%21423.00%21%40214100f417768954678091862ed03a%2112000049715141092%21sea%21US%210%21ABX%211%210%21n_tag%3A-29910%3Bd%3A7753d89f%3Bm03_new_user%3A-29895%3BpisId%3A5000000204886261&curPageLogUid=VQFDPADRbz03&utparam-url=scene%3Asearch%7Cquery_from%3A%7Cx_object_id%3A1005005407612399%7C_p_origin_prod%3A
4pcs Universal Fixture Clamp Holder Adjustable Mobile Phone Repair Tools LCD Display Screen Fastening Clip Tabllet Accessories,$0.99 ,"https://ae-pic-a1.aliexpress-media.com/kf/S2e3b6fb76be9460bb54bf0456fcb4813F.jpg?has_lang=1&ver=1_220x220q75.jpg_.avif,https://ae-pic-a1.aliexpress-media.com/kf/S95df740d62fb42ed972f90e7aa964077O.jpg?has_lang=1&ver=1_220x220q75.jpg_.avif,https://ae-pic-a1.aliexpress-media.com/kf/S7752318c2416408381e4cb02861538d7R.jpg?has_lang=1&ver=1_220x220q75.jpg_.avif,https://ae-pic-a1.aliexpress-media.com/kf/S1223572667684233bfcd101adaada2d9J.jpg?has_lang=1&ver=1_220x220q75.jpg_.avif,https://ae-pic-a1.aliexpress-media.com/kf/Sb300d9cf4cba4687b72b1b9df74f55c22.jpg_220x220q75.jpg_.avif","['High-concerned chemical', 'None', 'Pieces Included', '4', 'Material', 'Aluminium', 'Origin', 'Mainland China']",https://www.aliexpress.us/item/3256810150037736.html?algo_pvid=05899ea9-f07d-4035-854e-ca21c7336b53&algo_exp_id=05899ea9-f07d-4035-854e-ca21c7336b53-19&pdp_ext_f=%7B%22order%22%3A%2277%22%2C%22eval%22%3A%221%22%2C%22fromPage%22%3A%22search%22%7D&pdp_npi=6%40dis%21USD%2112.27%210.99%21%21%2183.33%216.75%21%40214100f417768954678091862ed03a%2112000052024211130%21sea%21US%210%21ABX%211%210%21n_tag%3A-29910%3Bd%3A7753d89f%3Bm03_new_user%3A-29895%3BpisId%3A5000000203537387&curPageLogUid=fuEyBYy5cGN8&utparam-url=scene%3Asearch%7Cquery_from%3A%7Cx_object_id%3A1005010336352488%7C_p_origin_prod%3A
AMAOE Motheboard Magnetic Tin Planting Platform For Samsung S20 S21 S22 S24 BGA Reballing Middle Layer Stencil Phone Repair Tool,$22.52 ,"https://ae-pic-a1.aliexpress-media.com/kf/Sae0f60428d4a46d2858c3a498dbf9f5cc.jpg_220x220q75.jpg_.avif,https://ae-pic-a1.aliexpress-media.com/kf/Sae0f60428d4a46d2858c3a498dbf9f5cc.jpg_220x220q75.jpg_.avif,https://ae-pic-a1.aliexpress-media.com/kf/Sad06347f9c784da19f8d9df5b3af1d44e.jpg_220x220q75.jpg_.avif,https://ae-pic-a1.aliexpress-media.com/kf/S609b50f735f74a37b7c189f985e8ad41g.jpg_220x220q75.jpg_.avif,https://ae-pic-a1.aliexpress-media.com/kf/S088e723b13654123ad93d7237c3339f7n.jpg_220x220q75.jpg_.avif","['High-concerned chemical', 'None', 'Pieces Included', '1', 'Material', 'Other', 'Origin', 'Mainland China']",https://www.aliexpress.us/item/3256808857714800.html?algo_pvid=05899ea9-f07d-4035-854e-ca21c7336b53&algo_exp_id=05899ea9-f07d-4035-854e-ca21c7336b53-20&pdp_ext_f=%7B%22order%22%3A%2277%22%2C%22eval%22%3A%221%22%2C%22fromPage%22%3A%22search%22%7D&pdp_npi=6%40dis%21USD%2123.02%2122.52%21%21%21156.29%21152.90%21%40214100f417768954678091862ed03a%2112000049287881407%21sea%21US%210%21ABX%211%210%21n_tag%3A-29910%3Bd%3A7753d89f%3Bm03_new_user%3A-29895%3BpisId%3A5000000204886261&curPageLogUid=7Rl4Z9og794l&utparam-url=scene%3Asearch%7Cquery_from%3A%7Cx_object_id%3A1005009044029552%7C_p_origin_prod%3A
Refox 2 in 1 Bubble-Free Screen Laminating Alignment Mold for iPhone 16 15 14 13 17 pro OCA Glass LCD Touch Screen Position Mat,$29.49 ,"https://ae-pic-a1.aliexpress-media.com/kf/Sce8d3ba988194051a4745d678cbaab1ce.jpg_220x220q75.jpg_.avif,https://ae-pic-a1.aliexpress-media.com/kf/Sce8d3ba988194051a4745d678cbaab1ce.jpg_220x220q75.jpg_.avif,https://ae-pic-a1.aliexpress-media.com/kf/S3f05ad1b90cc49148e2892d4e805fae5a.jpg_220x220q75.jpg_.avif,https://ae-pic-a1.aliexpress-media.com/kf/S010b6ed336e94711ba3a99e664aa1157s.jpg_220x220q75.jpg_.avif,https://ae-pic-a1.aliexpress-media.com/kf/S822b8b978e9e4c51933f85c46efd0612f.jpg_220x220q75.jpg_.avif","['High-concerned chemical', 'None', 'With Magnetic', 'No', 'Model Number', 'Refox 2 in 1 Universal Laminating Mold', 'Pieces Included', 'other', 'Material', 'S2 Alloy Steel', 'Origin', 'Mainland China', 'Design', 'One Mould+One Rubber block', 'Type', 'Precision aluminium mould', 'Usage', 'For Glass OCA LCD laminate', 'Function', 'Vacuum glass lcd oca laminating', 'Compatible Model 1', 'For IPX A1865 A1901 A1902 /XS A2097 A1920 A2100 A2098/XS max A2101 A1921 A2104 A2102/XR A2105 A2105 A1984 A2107 A2108 A2106', 'Compatible Model 2', 'For IP11 A2221 A2111 A2223/11pro A2215 A2160 A2217 /11pro max A2218 A2161 A2220', 'Compatible Model 3', 'For IP12 A2403 A2172 A2402 A2404/12pro A2407 A2341 A2406 A2408/12mini A2399 A2176 A2398 A2400/12pro max A2411 A2342 A2410 A2412', 'Compatible Model 4', 'For IP13 A2633 A2482 A2631 A2634 A2635/13pro A2638 A2483 A2636 A2639 A2640/13mini A2628 A2481 A2626 A2629 A2630/13pro max A2643 A2484 A2641 A2644 A2645', 'Compatible Model 5', 'For IP14 A2882 A2649 A2881 A2884 A2883/14pro A2890 A2650 A2889 A2892 A2891/14plus A2886 A2632 A2885 A2888 A2887/14pro max A2894 A2651 A2893 A2896 A2895', 'Compatible Model 6', 'For IP15 A3090 A2846 A3089 A3092/15plus A3094 A2847 A3093 A3096/15pro A3102 A2848 A3101 A3104/15pro max/ A3106 A2849 A3105 A3108', 'Precise Alignment', 'Mold designed based on original phone models, compatible with OCA laminating machines.', 'Innovative elastic bracket', 'Allows direct laminating after alignment, making the process highly convenient.', 'Durable Material', 'Made of high-quality aluminum alloy, corrosion-resistant and long-lasting.', 'Wide Compatibility', 'Specially designed for 13-16 series']",https://www.aliexpress.us/item/3256809701982505.html?algo_pvid=05899ea9-f07d-4035-854e-ca21c7336b53&algo_exp_id=05899ea9-f07d-4035-854e-ca21c7336b53-21&pdp_ext_f=%7B%22order%22%3A%2276%22%2C%22eval%22%3A%221%22%2C%22fromPage%22%3A%22search%22%7D&pdp_npi=6%40dis%21USD%2142.85%2129.49%21%21%2142.85%2129.49%21%40214100f417768954678091862ed03a%2112000050486155588%21sea%21US%210%21ABX%211%210%21n_tag%3A-29910%3Bd%3A7753d89f%3Bm03_new_user%3A-29895%3BpisId%3A5000000204886261&curPageLogUid=5GKy1lVUPXJn&utparam-url=scene%3Asearch%7Cquery_from%3A%7Cx_object_id%3A1005009888297257%7C_p_origin_prod%3A
NEW F64 Flash 64 Ultra Full set lite Tool Box F64 Box + eMMC 4 in 1 + UFS BGA153 + UFS BGA 254 Socket Adapter,$866.35 ,"https://ae-pic-a1.aliexpress-media.com/kf/S23c11df37d8b40c3b3d9b073d55e5788q.jpg?has_lang=1&ver=2_220x220q75.jpg_.avif,https://ae-pic-a1.aliexpress-media.com/kf/S23c11df37d8b40c3b3d9b073d55e5788q.jpg?has_lang=1&ver=2_220x220q75.jpg_.avif,https://ae-pic-a1.aliexpress-media.com/kf/S748757684dfe4d269c2c6c61afc12649g.jpg?has_lang=1&ver=2_220x220q75.jpg_.avif,https://ae-pic-a1.aliexpress-media.com/kf/S4a6def7037274233ac51b753c9a4bff5c.jpg?has_lang=1&ver=2_220x220q75.jpg_.avif,https://ae-pic-a1.aliexpress-media.com/kf/Sd5c3707b8e8644fea24b26a8d7c9892dC.jpg?has_lang=1&ver=2_220x220q75.jpg_.avif","['High-concerned chemical', 'None', 'With Magnetic', 'No', 'Model Number', 'F64', 'Pieces Included', '1', 'Material', 'Other', 'Brand Name', 'z3x easy jtag', 'Origin', 'Mainland China']",https://www.aliexpress.us/item/3256808935744286.html?algo_pvid=05899ea9-f07d-4035-854e-ca21c7336b53&algo_exp_id=05899ea9-f07d-4035-854e-ca21c7336b53-22&pdp_ext_f=%7B%22order%22%3A%2276%22%2C%22eval%22%3A%221%22%2C%22fromPage%22%3A%22search%22%7D&pdp_npi=6%40dis%21USD%21952.58%21866.35%21%21%216466.93%215881.52%21%40214100f417768954678091862ed03a%2112000047990993163%21sea%21US%210%21ABX%211%210%21n_tag%3A-29910%3Bd%3A7753d89f%3Bm03_new_user%3A-29895%3BpisId%3A5000000204886261&curPageLogUid=CBEnF35hsjzW&utparam-url=scene%3Asearch%7Cquery_from%3A%7Cx_object_id%3A1005009122059038%7C_p_origin_prod%3A
Latest Version Wellsim Pro with QPE funtion Card Sticker For IP6 To 16 Pro Max have very Stable working,$106.93 ,"https://ae-pic-a1.aliexpress-media.com/kf/S0399e4e44a7843f7a54005fc13f1207aQ.jpg_220x220q75.jpg_.avif,https://ae-pic-a1.aliexpress-media.com/kf/Sd973333b082343b284b845fcdcff4269Q.jpg_220x220q75.jpg_.avif","['High-concerned chemical', 'None', 'With Magnetic', 'No', 'Model Number', 'Wellsim Pro', 'Pieces Included', '1', 'Material', 'Other', 'Origin', 'Mainland China', 'Name', 'Wellsim Pro', 'quality', 'Best']",https://www.aliexpress.us/item/3256808726993087.html?algo_pvid=05899ea9-f07d-4035-854e-ca21c7336b53&algo_exp_id=05899ea9-f07d-4035-854e-ca21c7336b53-23&pdp_ext_f=%7B%22order%22%3A%2276%22%2C%22eval%22%3A%221%22%2C%22fromPage%22%3A%22search%22%7D&pdp_npi=6%40dis%21USD%21107.43%21106.93%21%21%21729.30%21725.91%21%40214100f417768954678091862ed03a%2112000047177298689%21sea%21US%210%21ABX%211%210%21n_tag%3A-29910%3Bd%3A7753d89f%3Bm03_new_user%3A-29895%3BpisId%3A5000000204886261&curPageLogUid=DFrVnHcq2Ul1&utparam-url=scene%3Asearch%7Cquery_from%3A%7Cx_object_id%3A1005008913307839%7C_p_origin_prod%3A
AMAOE Middle Layer Reballing Stencil Template For iPhone 16e 16 E plant tin net Steel mesh repair,$4.00 ,"https://ae-pic-a1.aliexpress-media.com/kf/S0e79c99a6e7f4966a410ec18268ba1afn.jpg_220x220q75.jpg_.avif,https://ae-pic-a1.aliexpress-media.com/kf/S771fa28588d444a9ba20ce099e4be9c0z.jpg_220x220q75.jpg_.avif,https://ae-pic-a1.aliexpress-media.com/kf/Sa1ee5aeaaceb413288c0944e9f16d203W.jpg_220x220q75.jpg_.avif,https://ae-pic-a1.aliexpress-media.com/kf/S771fa28588d444a9ba20ce099e4be9c0z.jpg_220x220q75.jpg_.avif,https://ae-pic-a1.aliexpress-media.com/kf/Sa1ee5aeaaceb413288c0944e9f16d203W.jpg_220x220q75.jpg_.avif","['High-concerned chemical', 'None', 'With Magnetic', 'No', 'Model Number', '16e', 'Pieces Included', '1', 'Material', 'Other', 'Origin', 'Mainland China']",https://www.aliexpress.us/item/3256808458186304.html?algo_pvid=05899ea9-f07d-4035-854e-ca21c7336b53&algo_exp_id=05899ea9-f07d-4035-854e-ca21c7336b53-24&pdp_ext_f=%7B%22order%22%3A%2276%22%2C%22eval%22%3A%221%22%2C%22fromPage%22%3A%22search%22%7D&pdp_npi=6%40dis%21USD%214.50%214.00%21%21%214.50%214.00%21%40214100f417768954678091862ed03a%2112000046926370238%21sea%21US%210%21ABX%211%210%21n_tag%3A-29910%3Bd%3A7753d89f%3Bm03_new_user%3A-29895%3BpisId%3A5000000204886261&curPageLogUid=BqJce8VxgifJ&utparam-url=scene%3Asearch%7Cquery_from%3A%7Cx_object_id%3A1005008644501056%7C_p_origin_prod%3A
original MIPI ISP adapter Support Easy jtag BGA 254 Socket Modify ICfriend FPC ISP Cable MIPItester EMMC UFS ISP Cable A to A,$34.04 ,"https://ae-pic-a1.aliexpress-media.com/kf/S97d92bd575214311aac0718701e29d56i.jpg_220x220q75.jpg_.avif,https://ae-pic-a1.aliexpress-media.com/kf/S3a4b6ca4c3d24283b9d2febddc8102a6a.jpg_220x220q75.jpg_.avif,https://ae-pic-a1.aliexpress-media.com/kf/Scb2e76bc615b45b6a750950d974a0c55X.jpg_220x220q75.jpg_.avif,https://ae-pic-a1.aliexpress-media.com/kf/Sa4dc6f5b25bc4773b5b17c6fb444f1feB.jpg_220x220q75.jpg_.avif,https://ae-pic-a1.aliexpress-media.com/kf/S176ebbc276aa4a549e3cc0d2c8e08369F.jpg_220x220q75.jpg_.avif","['High-concerned chemical', 'None', 'With Magnetic', 'No', 'Model Number', 'MiPi ISP Adapter', 'Pieces Included', '1', 'Material', 'Other', 'Brand Name', 'z3x easy jtag', 'Origin', 'Mainland China']",https://www.aliexpress.us/item/3256808392470833.html?algo_pvid=05899ea9-f07d-4035-854e-ca21c7336b53&algo_exp_id=05899ea9-f07d-4035-854e-ca21c7336b53-25&pdp_ext_f=%7B%22order%22%3A%2276%22%2C%22eval%22%3A%221%22%2C%22fromPage%22%3A%22search%22%7D&pdp_npi=6%40dis%21USD%2134.54%2134.04%21%21%21234.49%21231.10%21%40214100f417768954678091862ed03a%2112000045806644625%21sea%21US%210%21ABX%211%210%21n_tag%3A-29910%3Bd%3A7753d89f%3Bm03_new_user%3A-29895%3BpisId%3A5000000204886261&curPageLogUid=htkswpPjeUsw&utparam-url=scene%3Asearch%7Cquery_from%3A%7Cx_object_id%3A1005008578785585%7C_p_origin_prod%3A
JCID Drawing Schematic Bitmap is Suitable For iPhone iPad Android Circuit integrated Diagram Bitmap Software JC Drawing Card VIP,$31.40 ,"https://ae-pic-a1.aliexpress-media.com/kf/S0f76d8d85edf49b1a84063b29c8a397eV.png_220x220.png_.avif,https://ae-pic-a1.aliexpress-media.com/kf/S0f76d8d85edf49b1a84063b29c8a397eV.png_220x220.png_.avif,https://ae-pic-a1.aliexpress-media.com/kf/S3f23626e879b493d9a4eac0ba3e828b1v.png_220x220.png_.avif,https://ae-pic-a1.aliexpress-media.com/kf/Sd9819060787543c78b9ae9b156f6514cB.png_220x220.png_.avif,https://ae-pic-a1.aliexpress-media.com/kf/S13d7039e68db41f28abac1439a8b1fb3S.png_220x220.png_.avif","['High-concerned chemical', 'None', 'With Magnetic', 'No', 'Model Number', 'jcid intelligent drawing/xinzhizao schematic', 'Pieces Included', '1', 'Material', 'Other', 'Origin', 'Mainland China', 'Scenes To Be Used', 'Cell Phone Repair Tool', 'Function', 'Motherboard/ IC Diagram', 'Function1', 'Video Tutorial', 'Function3', 'Grounding Resistance Value Diagram', 'Function4', 'Box Diagram/ Test Point', 'Function5', 'Schematic Diagram', 'Function6', 'Double-open Diagram', 'Function7', 'Multi Layers Diagram Bitmap', 'Function8', 'Basic Knowledge', 'Function9', 'Basic Video', 'Function10', 'Component Search', 'Function11', 'Single Layer Diagram Bitmap', 'Function12', 'CPU Diagram Bitmap', 'Function13', 'Repair Cases', 'Function14', 'Precise Diagram', 'Function15', 'schematic diagram', 'Function16', 'jc drawing', 'Function18', 'circuit phone', 'Function19', 'jc programmer', 'Function20', 'jcid apple watch', 'Function21', 'iphone cpu stencil', 'Function22', 'refox drawing', 'Function24', 'jcid programmer', 'Function25', 'dzkj schematic diagram']",https://www.aliexpress.us/item/3256807031573099.html?algo_pvid=05899ea9-f07d-4035-854e-ca21c7336b53&algo_exp_id=05899ea9-f07d-4035-854e-ca21c7336b53-26&pdp_ext_f=%7B%22order%22%3A%2276%22%2C%22eval%22%3A%221%22%2C%22fromPage%22%3A%22search%22%7D&pdp_npi=6%40dis%21USD%2163.80%2131.40%21%21%21433.10%21213.16%21%40214100f417768954678091862ed03a%2112000051691669054%21sea%21US%210%21ABX%211%210%21n_tag%3A-29910%3Bd%3A7753d89f%3Bm03_new_user%3A-29895%3BpisId%3A5000000204886261&curPageLogUid=88FB2NmH9wxy&utparam-url=scene%3Asearch%7Cquery_from%3A%7Cx_object_id%3A1005007217887851%7C_p_origin_prod%3A
Separate Single Rear Back Camera For iPhone 15 14 Plus 13 12 11 Pro X XR XS MAX Mini X0.5 X1.0 X2.5 X3.0 Phone Replacement Parts,$5.00 ,"https://ae-pic-a1.aliexpress-media.com/kf/S9c5bcc980ab8459faa6e78efab0ded97X.jpg_220x220q75.jpg_.avif,https://ae-pic-a1.aliexpress-media.com/kf/Sda070ad804c2484fa708828f11e5a73av.jpg_220x220q75.jpg_.avif,https://ae-pic-a1.aliexpress-media.com/kf/Scaabab3b07f14c0399ab68a8c4dda8aeK.jpg_220x220q75.jpg_.avif,https://ae-pic-a1.aliexpress-media.com/kf/S1951424f31ba469c8217efd9dd780be9N.jpg_220x220q75.jpg_.avif,https://ae-pic-a1.aliexpress-media.com/kf/S630d380707b347b4a285b0d893e91434x.jpg_220x220q75.jpg_.avif","['High-concerned chemical', 'None', 'Model Number', 'For iPhone X-15PM', 'Pieces Included', '6 in 1', 'Material', 'Other', 'Brand Name', 'OTMIL', 'Origin', 'Mainland China', 'Product', 'Separate Single Rear Camera', 'Feature', 'Independent Back Camera', 'Fit Model 1', 'x1 x2 For iPhone X', 'Fit Model 2', 'x1 x2 For iPhone XS XSMAX', 'Fit Model 3', 'x1 x0.5 For iPhone 11', 'Fit Model 4', 'x1 x2 x0.5 For iPhone 11p 11pm', 'Fit Model 5', 'x1 x2 x0.5 For iPhone 12', 'Fit Model 6', 'x1 x2 x0.5 For iPhone 12mini', 'Fit Model 7', 'x1 x2 x0.5 For iPhone 12pro', 'Fit Model 8', 'x1 x2.5 x0.5 For iPhone 12promax', 'Fit Model 9', 'x1 x0.5 For iPhone 13 13mini', 'Fit Model 10', 'x1 x3 x0.5 For iPhone 13p 13pm', 'Fit Model 11', 'x1 x0.5 For iPhone 14', 'Fit Model 12', 'x1 x0.5 For iPhone 14Plus', 'Fit Model 13', 'x1 x3 x0.5 For iPhone 14p 14pm', 'Fit Model 14', 'x1 x3 For iPhone 15pro', 'Fit Model 15', 'x1 x3 For iPhone 15promax']",https://www.aliexpress.us/item/3256806980357740.html?algo_pvid=05899ea9-f07d-4035-854e-ca21c7336b53&algo_exp_id=05899ea9-f07d-4035-854e-ca21c7336b53-27&pdp_ext_f=%7B%22order%22%3A%2276%22%2C%22eval%22%3A%221%22%2C%22fromPage%22%3A%22search%22%7D&pdp_npi=6%40dis%21USD%218.34%215.00%21%21%2156.64%2133.98%21%40214100f417768954678091862ed03a%2112000039677273629%21sea%21US%210%21ABX%211%210%21n_tag%3A-29910%3Bd%3A7753d89f%3Bm03_new_user%3A-29895&curPageLogUid=QK8aq32XLcMU&utparam-url=scene%3Asearch%7Cquery_from%3A%7Cx_object_id%3A1005007166672492%7C_p_origin_prod%3A
mksd4 V2.0 with QPE for 6G 6P 7G 7P 8G 8P X XS XR XSMax IP 11 11pro 11promax 13pro 13promax to 16promax,$28.99 ,"https://ae-pic-a1.aliexpress-media.com/kf/S0463729abc42443dbc9419d664a6b524S.png_220x220.png_.avif,https://ae-pic-a1.aliexpress-media.com/kf/S0463729abc42443dbc9419d664a6b524S.png_220x220.png_.avif,https://ae-pic-a1.aliexpress-media.com/kf/Sf4096d9d1b454aeeab085c652f6ac1165.jpg_220x220q75.jpg_.avif,https://ae-pic-a1.aliexpress-media.com/kf/S5a746286528e475ba1843046f75236a4Z.jpg_220x220q75.jpg_.avif,https://ae-pic-a1.aliexpress-media.com/kf/S8abd1f8b0cb24f079335fd48b0284e9dg.jpg_220x220q75.jpg_.avif","['High-concerned chemical', 'None', 'With Magnetic', 'No', 'Model Number', 'mksd4 v2.0', 'Pieces Included', '1', 'Material', 'Other', 'Origin', 'Mainland China', 'Name', 'mksd4 v2.0']",https://www.aliexpress.us/item/3256804118242358.html?algo_pvid=05899ea9-f07d-4035-854e-ca21c7336b53&algo_exp_id=05899ea9-f07d-4035-854e-ca21c7336b53-28&pdp_ext_f=%7B%22order%22%3A%2276%22%2C%22eval%22%3A%221%22%2C%22fromPage%22%3A%22search%22%7D&pdp_npi=6%40dis%21USD%2129.49%2128.99%21%21%2129.49%2128.99%21%40214100f417768954678091862ed03a%2112000029047634093%21sea%21US%210%21ABX%211%210%21n_tag%3A-29910%3Bd%3A7753d89f%3Bm03_new_user%3A-29895%3BpisId%3A5000000204886261&curPageLogUid=lMCIcq6qviq6&utparam-url=scene%3Asearch%7Cquery_from%3A%7Cx_object_id%3A1005004304557110%7C_p_origin_prod%3A
Customized Stencil For Xbox Series S 0.55MM Game Controller Chip Direct Heating 80*80 90*90 Stencil,$19.25 ,https://ae-pic-a1.aliexpress-media.com/kf/Sf735f6a46bb3419386c59adcdb6eeb11R.jpg_220x220q75.jpg_.avif,"['High-concerned chemical', 'None', 'With Magnetic', 'No', 'Model Number', 'Stencil For Xbox Series S 0.55MM', 'Pieces Included', '1', 'Material', 'Other', 'Origin', 'Mainland China', 'Material', 'Made of imported stainless steel plate', 'Fineness', 'customize new stencils', 'Name', 'Stencil For Xbox Series S 0.55MM', 'Specifications', 'Direct heating 80*80 90*90', 'stencils model 1', 'For Xbox Series S']",https://www.aliexpress.us/item/3256803945375918.html?algo_pvid=05899ea9-f07d-4035-854e-ca21c7336b53&algo_exp_id=05899ea9-f07d-4035-854e-ca21c7336b53-29&pdp_ext_f=%7B%22order%22%3A%2276%22%2C%22eval%22%3A%221%22%2C%22fromPage%22%3A%22search%22%7D&pdp_npi=6%40dis%21USD%2119.75%2119.25%21%21%2119.75%2119.25%21%40214100f417768954678091862ed03a%2112000028138223628%21sea%21US%210%21ABX%211%210%21n_tag%3A-29910%3Bd%3A7753d89f%3Bm03_new_user%3A-29895%3BpisId%3A5000000204886261&curPageLogUid=2nYNXm0lzdJu&utparam-url=scene%3Asearch%7Cquery_from%3A%7Cx_object_id%3A1005004131690670%7C_p_origin_prod%3A
Anti-Static ESD Safe Double Headed Brush Circuit Board Repair for IC Chip PCB Welding Mobile Phone/Computer Mainboard Cleaning,$0.99 ,"https://ae-pic-a1.aliexpress-media.com/kf/S6b993b15e75649e6b487d6a65b169303q.jpg_220x220q75.jpg_.avif,https://ae-pic-a1.aliexpress-media.com/kf/S6b993b15e75649e6b487d6a65b169303q.jpg_220x220q75.jpg_.avif,https://ae-pic-a1.aliexpress-media.com/kf/S712c8162d5804bd5b95f83b39d9e1a12Z.jpg_220x220q75.jpg_.avif,https://ae-pic-a1.aliexpress-media.com/kf/S7630c95b40c44bb699e395469b9919c7K.jpg_220x220q75.jpg_.avif,https://ae-pic-a1.aliexpress-media.com/kf/S3748a163950844089413f9a3425403c8I.jpg_220x220q75.jpg_.avif","['High-concerned chemical', 'None', 'Pieces Included', '6 in 1', 'Material', 'Steel', 'Origin', 'Mainland China']",https://www.aliexpress.us/item/3256809856124070.html?algo_pvid=05899ea9-f07d-4035-854e-ca21c7336b53&algo_exp_id=05899ea9-f07d-4035-854e-ca21c7336b53-30&pdp_ext_f=%7B%22order%22%3A%2275%22%2C%22eval%22%3A%221%22%2C%22fromPage%22%3A%22search%22%7D&pdp_npi=6%40dis%21USD%215.41%210.99%21%21%2136.74%216.76%21%40214100f417768954678091862ed03a%2112000050926013108%21sea%21US%210%21ABX%211%210%21n_tag%3A-29910%3Bd%3A7753d89f%3Bm03_new_user%3A-29895%3BpisId%3A5000000203537387&curPageLogUid=t6CMMbdvHFVP&utparam-url=scene%3Asearch%7Cquery_from%3A%7Cx_object_id%3A1005010042438822%7C_p_origin_prod%3A
YCX M3 LCD Screen Tester For iPad Macbook Tablet True Tone OLED Screen Repair 3D Touch Testing Image Playback Test Repair Tool,$18.07 ,"https://ae-pic-a1.aliexpress-media.com/kf/S41c09e9e07484517ac2b77fa3d2cbaf4D.jpg_220x220q75.jpg_.avif,https://ae-pic-a1.aliexpress-media.com/kf/S41c09e9e07484517ac2b77fa3d2cbaf4D.jpg_220x220q75.jpg_.avif,https://ae-pic-a1.aliexpress-media.com/kf/Sfb8f3367ea254af186ad64f9eebf0dbd8.jpg_220x220q75.jpg_.avif,https://ae-pic-a1.aliexpress-media.com/kf/S927572a0c40544048d47656f0b94b5837.jpg_220x220q75.jpg_.avif,https://ae-pic-a1.aliexpress-media.com/kf/S07b187904297473d9537b360e392f2e3Q.jpg_220x220q75.jpg_.avif","['High-concerned chemical', 'None', 'Pieces Included', '1', 'Material', 'Other', 'Brand Name', 'iinsumo', 'Origin', 'Mainland China', 'Model Number', 'YCX M3 Screen Display Tester For iPad / MacBook', 'Feature 1', 'Supports for MacBook, IPAD and all major tablet and laptop screen brands', 'Feature 2', 'Supports eDP, dual MIPI-C/DPHY, LVDS, HDMI, SPI, IIC and other interfaces', 'Feature 3', 'Support display test customization', 'Feature 4', 'Supports video and audio playback (up to 8K resolution).', 'Feature 5', 'Support APP programme upgrade', 'Function', '3D Touch Testing Tools', 'CPU', '8-core 8-thread CPU', 'RAM', '2* LPDDR4/4X_32bit (4G)', 'ROM', 'elMC5.1 (32G)']",https://www.aliexpress.us/item/3256809701571363.html?algo_pvid=05899ea9-f07d-4035-854e-ca21c7336b53&algo_exp_id=05899ea9-f07d-4035-854e-ca21c7336b53-31&pdp_ext_f=%7B%22order%22%3A%2275%22%2C%22eval%22%3A%221%22%2C%22fromPage%22%3A%22search%22%7D&pdp_npi=6%40dis%21USD%2137.89%2118.07%21%21%21257.24%21122.66%21%40214100f417768954678091862ed03a%2112000050485109490%21sea%21US%210%21ABX%211%210%21n_tag%3A-29910%3Bd%3A7753d89f%3Bm03_new_user%3A-29895%3BpisId%3A5000000204886261&curPageLogUid=8NbN6VtdQ2er&utparam-url=scene%3Asearch%7Cquery_from%3A%7Cx_object_id%3A1005009887886115%7C_p_origin_prod%3A
WYLIE WL-009 100Pcs Black Single Edge Blade Durable Sharp Razor For Phone Middle Frame Cover Rear Glass Scraping Pry Repair Tool,$10.89 ,"https://ae-pic-a1.aliexpress-media.com/kf/S2e30ebacf6d84d87a68134199f23094dt.jpg_220x220q75.jpg_.avif,https://ae-pic-a1.aliexpress-media.com/kf/S2e30ebacf6d84d87a68134199f23094dt.jpg_220x220q75.jpg_.avif,https://ae-pic-a1.aliexpress-media.com/kf/S0eae8fe384cc4f3497643d7c97296345k.jpg_220x220q75.jpg_.avif,https://ae-pic-a1.aliexpress-media.com/kf/S3ac10dc7995345b0a349c637ce0f35992.jpg_220x220q75.jpg_.avif,https://ae-pic-a1.aliexpress-media.com/kf/Sb14d1a20c93b4320bbe19dd4897e4c08e.jpg_220x220q75.jpg_.avif","['High-concerned chemical', 'None', 'Pieces Included', '6 in 1', 'Material', 'Other', 'Brand Name', 'NoEnName_Null', 'Origin', 'Mainland China']",https://www.aliexpress.us/item/3256806212840377.html?algo_pvid=05899ea9-f07d-4035-854e-ca21c7336b53&algo_exp_id=05899ea9-f07d-4035-854e-ca21c7336b53-32&pdp_ext_f=%7B%22order%22%3A%2275%22%2C%22eval%22%3A%221%22%2C%22fromPage%22%3A%22search%22%7D&pdp_npi=6%40dis%21USD%2111.39%2110.89%21%21%2111.39%2110.89%21%40214100f417768954678091862ed03a%2112000037026617387%21sea%21US%210%21ABX%211%210%21n_tag%3A-29910%3Bd%3A7753d89f%3Bm03_new_user%3A-29895%3BpisId%3A5000000204886261&curPageLogUid=Yb0EtMzxWjvj&utparam-url=scene%3Asearch%7Cquery_from%3A%7Cx_object_id%3A1005006399155129%7C_p_origin_prod%3A
Original HAKKO FX-888D Digital ESD Soldering Station 70W Adjustable Temperature High Quality Mobile Phone SMD PCB Repair tools,$181.81 ,"https://ae-pic-a1.aliexpress-media.com/kf/S4013ab2a0b324a87ab1721f0372e635bk.jpg_220x220q75.jpg_.avif,https://ae-pic-a1.aliexpress-media.com/kf/Sd22b40d5cb564cc989c94b4cc3de0690e.jpg_220x220q75.jpg_.avif,https://ae-pic-a1.aliexpress-media.com/kf/S419b61dc8b4f4140b1b3c464fe332c31I.jpg_220x220q75.jpg_.avif,https://ae-pic-a1.aliexpress-media.com/kf/S3723b10fc8e94afdbdfa557e6360230cU.jpg_220x220q75.jpg_.avif,https://ae-pic-a1.aliexpress-media.com/kf/Sbe616dbc98a94769adae73cd9f226af93.jpg_220x220q75.jpg_.avif","['High-concerned chemical', 'None', 'Model Number', 'HAKKO FX-888D', 'Pieces Included', '1', 'Material', 'Other', 'Brand Name', 'BRESUN', 'Origin', 'Mainland China', 'Application1', 'Lead Free Soldering', 'Application2', 'Soldering for PTH/SMT Component', 'Main body color', 'Blue & Yellow', 'Power Consumption', '70W', 'Temperature Range', '200 to 480 ℃', 'Temperature Stability', '+/- 1℃', 'Temperature Setting Lock Type', 'Dial Screw Type', 'Station Voltage', '26V', 'Dimensions', '95(W) x 118(H) x 136(D) mm', 'Iron Power Consumption', '65W (26V)', 'Resistance Between Tip and Ground', '< 2 ohm', 'Tip to ground potential', '< 2mV', 'Cord', '1.2 m', 'Total Length (w/o cord)', '190 mm', 'Weight (w/o cord)', 'Approx. 1.3 kg,44g']",https://www.aliexpress.us/item/3256805520911975.html?algo_pvid=05899ea9-f07d-4035-854e-ca21c7336b53&algo_exp_id=05899ea9-f07d-4035-854e-ca21c7336b53-50&pdp_ext_f=%7B%22order%22%3A%2275%22%2C%22eval%22%3A%221%22%2C%22fromPage%22%3A%22search%22%7D&pdp_npi=6%40dis%21USD%21189.60%21184.10%21%21%21189.60%21184.10%21%40214100f417768954678091862ed03a%2112000034082467130%21sea%21US%210%21ABX%211%210%21n_tag%3A-29910%3Bd%3A7753d89f%3Bm03_new_user%3A-29895%3BpisId%3A5000000203537339&curPageLogUid=AcQX1f4dv6yH&utparam-url=scene%3Asearch%7Cquery_from%3A%7Cx_object_id%3A1005005707226727%7C_p_origin_prod%3A
22/40/42in 1 Repair Tools Mobile Phone Disassemble Repair Set for iPhone Screwdriver Combination Skid Multi Function Disassembly,$0.99 ,"https://ae-pic-a1.aliexpress-media.com/kf/S1d7344239511466495254df8c609615ee.jpg?has_lang=1&ver=1_220x220q75.jpg_.avif,https://ae-pic-a1.aliexpress-media.com/kf/S53b14b55fbba46ecaa2cc4be94412ceeO.jpg?has_lang=1&ver=1_220x220q75.jpg_.avif,https://ae-pic-a1.aliexpress-media.com/kf/S250c07bd8e0c41309dac2ed84d4d4a6cs.jpg?has_lang=1&ver=1_220x220q75.jpg_.avif,https://ae-pic-a1.aliexpress-media.com/kf/S1f799c55eb8b4ef1882207d737d66e18k.jpg_220x220q75.jpg_.avif,https://ae-pic-a1.aliexpress-media.com/kf/Sdef08eaf0d7047d9ada066b169e48550h.jpg_220x220q75.jpg_.avif","['High-concerned chemical', 'None', 'With Magnetic', 'No', 'Model Number', '40 in 1 Mobile Phone Repair Tools Set', 'Pieces Included', '40 in 1', 'Material', 'S2 Alloy Steel', 'Brand Name', 'DBSAFE', 'Origin', 'Mainland China']",https://www.aliexpress.us/item/3256810584520275.html?algo_pvid=05899ea9-f07d-4035-854e-ca21c7336b53&algo_exp_id=05899ea9-f07d-4035-854e-ca21c7336b53-33&pdp_ext_f=%7B%22order%22%3A%2274%22%2C%22eval%22%3A%221%22%2C%22fromPage%22%3A%22search%22%7D&pdp_npi=6%40dis%21USD%217.54%210.99%21%21%2151.17%216.70%21%40214100f417768954678091862ed03a%2112000053455965211%21sea%21US%210%21ABX%211%210%21n_tag%3A-29910%3Bd%3A7753d89f%3Bm03_new_user%3A-29895%3BpisId%3A5000000203537387&curPageLogUid=541cyqMDhUhP&utparam-url=scene%3Asearch%7Cquery_from%3A%7Cx_object_id%3A1005010770835027%7C_p_origin_prod%3A
RELIFE 15/50ml CP-0001 Transparent Adhesive Clear Glue CP0002 Black Glue for Mobile Phone Middle Frame LCD Screen Glass Repair,$0.99 ,"https://ae-pic-a1.aliexpress-media.com/kf/S0528ddd57c8947358d61281eeb3e437eE.jpg?has_lang=1&ver=1_220x220q75.jpg_.avif,https://ae-pic-a1.aliexpress-media.com/kf/Sf53eb08bfaba42eaadcf810e1cc4fd028.jpg?has_lang=1&ver=1_220x220q75.jpg_.avif,https://ae-pic-a1.aliexpress-media.com/kf/S9741f35940104d1086b643d18cba076aF.jpg?has_lang=1&ver=1_220x220q75.jpg_.avif,https://ae-pic-a1.aliexpress-media.com/kf/S2b9330b0b23a4def9a56d78a30878623L.jpg?has_lang=1&ver=1_220x220q75.jpg_.avif,https://ae-pic-a1.aliexpress-media.com/kf/S7407397700784383b759aaf3ba6ea0f9j.jpg_220x220q75.jpg_.avif","['High-concerned chemical', 'None', 'Model Number', 'CP-0001', 'Pieces Included', '1in1', 'Material', 'Other', 'Origin', 'Mainland China']",https://www.aliexpress.us/item/3256810466746455.html?algo_pvid=05899ea9-f07d-4035-854e-ca21c7336b53&algo_exp_id=05899ea9-f07d-4035-854e-ca21c7336b53-34&pdp_ext_f=%7B%22order%22%3A%2274%22%2C%22eval%22%3A%221%22%2C%22fromPage%22%3A%22search%22%7D&pdp_npi=6%40dis%21USD%216.60%210.99%21%21%2144.83%216.72%21%40214100f417768954678091862ed03a%2112000053086313706%21sea%21US%210%21ABX%211%210%21n_tag%3A-29910%3Bd%3A7753d89f%3Bm03_new_user%3A-29895%3BpisId%3A5000000203537387&curPageLogUid=pLGFUBl6bXXe&utparam-url=scene%3Asearch%7Cquery_from%3A%7Cx_object_id%3A1005010653061207%7C_p_origin_prod%3A
MECHANIC La-03 White Glass Anti-Blowout BGA Reballing Pad 20x20mm for CPU GPU Chip Solder Ball Phone Motherboard Repair Tool,$0.99 ,"https://ae-pic-a1.aliexpress-media.com/kf/S26322afe23c541f89860ebec610baa2aY.jpg?has_lang=1&ver=1_220x220q75.jpg_.avif,https://ae-pic-a1.aliexpress-media.com/kf/S5b0333e7d54b433691ff6bfcae3efce7K.jpg?has_lang=1&ver=1_220x220q75.jpg_.avif,https://ae-pic-a1.aliexpress-media.com/kf/Scf6e0e04c1be4f7b8722e98e4e26f17a3.jpg?has_lang=1&ver=1_220x220q75.jpg_.avif,https://ae-pic-a1.aliexpress-media.com/kf/S537400ce6322467db30ebbec2f94b2909.jpg?has_lang=1&ver=1_220x220q75.jpg_.avif,https://ae-pic-a1.aliexpress-media.com/kf/S7ca281848a7b48b68c572eb4698e19e3i.jpg?has_lang=1&ver=1_220x220q75.jpg_.avif","['High-concerned chemical', 'None', 'Pieces Included', '1', 'Material', 'Other', 'Origin', 'Mainland China', 'Brand Name', 'MECHANIC', 'Model Number', 'La-03', 'Product Type', 'BGA Reballing Tool Accessory', 'Material', 'White Glass', 'Feature1', 'Anti-Blowout Solder Design', 'Feature2', 'Prevents Solder Ball Popping']",https://www.aliexpress.us/item/3256810441535958.html?algo_pvid=05899ea9-f07d-4035-854e-ca21c7336b53&algo_exp_id=05899ea9-f07d-4035-854e-ca21c7336b53-35&pdp_ext_f=%7B%22order%22%3A%2274%22%2C%22eval%22%3A%221%22%2C%22fromPage%22%3A%22search%22%7D&pdp_npi=6%40dis%21USD%217.99%210.99%21%21%2154.26%216.76%21%40214100f417768954678091862ed03a%2112000053018333031%21sea%21US%210%21ABX%211%210%21n_tag%3A-29910%3Bd%3A7753d89f%3Bm03_new_user%3A-29895%3BpisId%3A5000000203537387&curPageLogUid=wy14gXFqvZOm&utparam-url=scene%3Asearch%7Cquery_from%3A%7Cx_object_id%3A1005010627850710%7C_p_origin_prod%3A
1/3Pcs precision grinding pen tips 0.3MM 0.5MM Drill bit universal to 2.35mm Grinding pen for PCB Motherboard drilling,$2.05 ,"https://ae-pic-a1.aliexpress-media.com/kf/S1e82e8e8164c4fd19b9644e45245c4a2S.jpg?has_lang=1&ver=1_220x220q75.jpg_.avif,https://ae-pic-a1.aliexpress-media.com/kf/S1e82e8e8164c4fd19b9644e45245c4a2S.jpg?has_lang=1&ver=1_220x220q75.jpg_.avif,https://ae-pic-a1.aliexpress-media.com/kf/S9c47da315bb84d119c67f822d800e3fc9.png?has_lang=1&ver=1_220x220.png_.avif,https://ae-pic-a1.aliexpress-media.com/kf/S7c3fe7f37169485baa417f3a262a2c29s.png?has_lang=1&ver=1_220x220.png_.avif,https://ae-pic-a1.aliexpress-media.com/kf/Sdbd54b0948ce4fc7964688221766dd3dO.png?has_lang=1&ver=1_220x220.png_.avif","['High-concerned chemical', 'None', 'Pieces Included', '1', 'Material', 'Other', 'Origin', 'Mainland China']",https://www.aliexpress.us/item/3256809959961714.html?algo_pvid=05899ea9-f07d-4035-854e-ca21c7336b53&algo_exp_id=05899ea9-f07d-4035-854e-ca21c7336b53-36&pdp_ext_f=%7B%22order%22%3A%2274%22%2C%22eval%22%3A%221%22%2C%22fromPage%22%3A%22search%22%7D&pdp_npi=6%40dis%21USD%212.55%212.05%21%21%2117.30%2113.91%21%40214100f417768954678091862ed03a%2112000051700961453%21sea%21US%210%21ABX%211%210%21n_tag%3A-29910%3Bd%3A7753d89f%3Bm03_new_user%3A-29895%3BpisId%3A5000000204886261&curPageLogUid=lEEVvvXtZYkH&utparam-url=scene%3Asearch%7Cquery_from%3A%7Cx_object_id%3A1005010146276466%7C_p_origin_prod%3A
Lanrui M95 Metal Glue Squeezer Solder Paste Rotating Convenient Glue Saving Enhancer Mobile Phone Repair Tools,$7.33 ,"https://ae-pic-a1.aliexpress-media.com/kf/S667d2c3970b54fa3bdc37703f8fe5030p.jpg_220x220q75.jpg_.avif,https://ae-pic-a1.aliexpress-media.com/kf/S667d2c3970b54fa3bdc37703f8fe5030p.jpg_220x220q75.jpg_.avif,https://ae-pic-a1.aliexpress-media.com/kf/S47edf65a678b4114a0a9f28effe9c072c.jpg_220x220q75.jpg_.avif,https://ae-pic-a1.aliexpress-media.com/kf/S46584c1956fb44639c5bae6636bcd2485.jpg_220x220q75.jpg_.avif,https://ae-pic-a1.aliexpress-media.com/kf/Sc30a3429726a4478977f1c298e915e34N.jpg_220x220q75.jpg_.avif","['High-concerned chemical', 'None', 'With Magnetic', 'No', 'Model Number', 'LanRui', 'Pieces Included', '1', 'Material', 'Chrome Vanadium Steel', 'Origin', 'Mainland China']",https://www.aliexpress.us/item/3256808084592552.html?algo_pvid=05899ea9-f07d-4035-854e-ca21c7336b53&algo_exp_id=05899ea9-f07d-4035-854e-ca21c7336b53-38&pdp_ext_f=%7B%22order%22%3A%2274%22%2C%22eval%22%3A%221%22%2C%22fromPage%22%3A%22search%22%7D&pdp_npi=6%40dis%21USD%217.83%217.33%21%21%2153.19%2149.80%21%40214100f417768954678091862ed03a%2112000044433907353%21sea%21US%210%21ABX%211%210%21n_tag%3A-29910%3Bd%3A7753d89f%3Bm03_new_user%3A-29895%3BpisId%3A5000000204886261&curPageLogUid=BplBuRBxmYWo&utparam-url=scene%3Asearch%7Cquery_from%3A%7Cx_object_id%3A1005008270907304%7C_p_origin_prod%3A
MaAnt 1+1 Pressure-maintaining Clamp Is Suitable for Mobile Phone Repair and Screen Disassembly Pressure-maintaining Clamp Tool,$25.59 ,"https://ae-pic-a1.aliexpress-media.com/kf/S00d3e85d0c3347b5ad62ff7e515d9fae2.jpg_220x220q75.jpg_.avif,https://ae-pic-a1.aliexpress-media.com/kf/S00d3e85d0c3347b5ad62ff7e515d9fae2.jpg_220x220q75.jpg_.avif,https://ae-pic-a1.aliexpress-media.com/kf/S3bdc08904e6d4831a1657ac4461f2dc6z.jpg_220x220q75.jpg_.avif,https://ae-pic-a1.aliexpress-media.com/kf/S6c5ecb85b7df4b7bbd2c6e5854da2ce7l.jpg_220x220q75.jpg_.avif,https://ae-pic-a1.aliexpress-media.com/kf/Sa1e208de7ce946af94d6e4a560813949Y.jpg_220x220q75.jpg_.avif","['High-concerned chemical', 'None', 'With Magnetic', 'No', 'Model Number', 'MaAnt 1+1', 'Pieces Included', '1PCS', 'Material', 'Other', 'Origin', 'Mainland China', 'Brand', 'MaAnt', 'Model', '1+1 Pressure holding fixture', 'Material', 'High-density aluminum', 'Purpose', 'Phone unscreen to protect pressure', 'Net weight', '471g', 'Gross weight', '507g', 'Product size', '165*29*22mm', 'Package size', '185*85*35mm', 'Note', 'The above measurements are manual measurements,there may be errors,the actual subject to the actual!', 'Feature 1', 'High strength aluminium alloy', 'Feature 2', 'Precision fit', 'Feature 3', 'Mobile phone security protection', 'Feature 4', '360° flexible rotation', 'Feature 5', 'Support multiple models Do not hurt the phone', 'Feature 6', 'Aluminum anti-oxidation and anti-corrosion', 'Feature 7', 'Simple and convenient operation', 'Feature 8', 'Wear and corrosion resistance', 'Feature 9', 'Tight grip,no harm to the phone', 'Feature 10', 'Clamping precision and firm', 'Feature 11', 'Precision design,tight fit,remove screen to keep pressure good helper', 'Feature 12', 'Good appearance level,good quality', 'Feature 13', 'Beautiful yet practical', 'Feature 14', 'Camera groove design', 'Feature 15', 'After the investigation of maintenance master maintenance design,grooves smooth add anti-pad,good to prevent damage to th e camera when removing the screen protection pressure', 'Feature 16', 'Upper and lower protective pad design']",https://www.aliexpress.us/item/3256806301640350.html?algo_pvid=05899ea9-f07d-4035-854e-ca21c7336b53&algo_exp_id=05899ea9-f07d-4035-854e-ca21c7336b53-39&pdp_ext_f=%7B%22order%22%3A%2274%22%2C%22eval%22%3A%221%22%2C%22fromPage%22%3A%22search%22%7D&pdp_npi=6%40dis%21USD%21101.04%2128.01%21%21%21685.92%21190.11%21%40214100f417768954678091862ed03a%2112000037392800697%21sea%21US%210%21ABX%211%210%21n_tag%3A-29910%3Bd%3A7753d89f%3Bm03_new_user%3A-29895%3BpisId%3A5000000203537387&curPageLogUid=dtTdu396P3LL&utparam-url=scene%3Asearch%7Cquery_from%3A%7Cx_object_id%3A1005006487955102%7C_p_origin_prod%3A
MaAnt MY-901 Precision Screwdriver Set Y0.6 PH000 0.8 M2.5 T1 T2 For iPhone Android Strong Magnetic Mobile Phone Repair Tools,$5.38 ,"https://ae-pic-a1.aliexpress-media.com/kf/S40393e12c3714513a59aa2886f2dc28bO.png_220x220.png_.avif,https://ae-pic-a1.aliexpress-media.com/kf/S40393e12c3714513a59aa2886f2dc28bO.png_220x220.png_.avif,https://ae-pic-a1.aliexpress-media.com/kf/Sfb451905f38f4d5380bb315fdf1d7e5fk.png_220x220.png_.avif,https://ae-pic-a1.aliexpress-media.com/kf/Sd033bf9c5f3e4dbe84e08e810f4f6e6b7.jpg_220x220q75.jpg_.avif,https://ae-pic-a1.aliexpress-media.com/kf/S9e267d6cd2b242d3a3881d817dd0fb459.jpg_220x220q75.jpg_.avif","['High-concerned chemical', 'None', 'With Magnetic', 'No', 'Model Number', 'MY-901', 'Pieces Included', '6 in 1', 'Material', 'Other', 'Brand Name', 'NoEnName_Null', 'Origin', 'Mainland China', 'Application', 'Computer Tool Kit', 'DIY Supplies', 'ELECTRICAL', 'Type', 'Combination']",https://www.aliexpress.us/item/3256805674359521.html?algo_pvid=05899ea9-f07d-4035-854e-ca21c7336b53&algo_exp_id=05899ea9-f07d-4035-854e-ca21c7336b53-40&pdp_ext_f=%7B%22order%22%3A%2274%22%2C%22eval%22%3A%221%22%2C%22fromPage%22%3A%22search%22%7D&pdp_npi=6%40dis%21USD%215.88%215.38%21%21%2139.89%2136.50%21%40214100f417768954678091862ed03a%2112000034608389821%21sea%21US%210%21ABX%211%210%21n_tag%3A-29910%3Bd%3A7753d89f%3Bm03_new_user%3A-29895%3BpisId%3A5000000204886261&curPageLogUid=oVFNYFl6KB3R&utparam-url=scene%3Asearch%7Cquery_from%3A%7Cx_object_id%3A1005005860674273%7C_p_origin_prod%3A
5mm 8mm Super Soft OCA Lamination Red Mat LCD OLED Screen Phone Repair Tool Size: 20*25cm,$6.48 ,"https://ae-pic-a1.aliexpress-media.com/kf/S9a40679c79654179a8d065d9afc41fb4f.jpg_220x220q75.jpg_.avif,https://ae-pic-a1.aliexpress-media.com/kf/Sab48c92b4b344c27be7fcac5d3f1dc0d3.jpg_220x220q75.jpg_.avif,https://ae-pic-a1.aliexpress-media.com/kf/Sb661dd854e054bc5b4abaa0d51befed00.jpg_220x220q75.jpg_.avif,https://ae-pic-a1.aliexpress-media.com/kf/S0996ba5226bc469c94dfaafdf283091eI.jpg_220x220q75.jpg_.avif,https://ae-pic-a1.aliexpress-media.com/kf/S3719db8aa4a1431897fe5dadb4c8d7d2R.jpg_220x220q75.jpg_.avif","['High-concerned chemical', 'None', 'Pieces Included', '1', 'Material', 'Other', 'Origin', 'Mainland China']",https://www.aliexpress.us/item/3256804996650516.html?algo_pvid=05899ea9-f07d-4035-854e-ca21c7336b53&algo_exp_id=05899ea9-f07d-4035-854e-ca21c7336b53-41&pdp_ext_f=%7B%22order%22%3A%2274%22%2C%22eval%22%3A%221%22%2C%22fromPage%22%3A%22search%22%7D&pdp_npi=6%40dis%21USD%216.98%216.48%21%21%2147.36%2143.97%21%40214100f417768954678091862ed03a%2112000032012374428%21sea%21US%210%21ABX%211%210%21n_tag%3A-29910%3Bd%3A7753d89f%3Bm03_new_user%3A-29895%3BpisId%3A5000000204886261&curPageLogUid=U2loQmSDsFbH&utparam-url=scene%3Asearch%7Cquery_from%3A%7Cx_object_id%3A1005005182965268%7C_p_origin_prod%3A
E-FIXIT Silicone Suction Rubber Mat Unbent Flex Cable OCA Glue Cleaning Pad For iPhone X XS Max XR 11 12 Mini 13 Pro 14 Plus,$2.46 ,"https://ae-pic-a1.aliexpress-media.com/kf/Sf237866561cc45f6a99f5fa28244fbb7P.jpg_220x220q75.jpg_.avif,https://ae-pic-a1.aliexpress-media.com/kf/Sf237866561cc45f6a99f5fa28244fbb7P.jpg_220x220q75.jpg_.avif,https://ae-pic-a1.aliexpress-media.com/kf/S402afe5153894947b454adf979ec8e66H.jpg_220x220q75.jpg_.avif,https://ae-pic-a1.aliexpress-media.com/kf/S65ee12ce416347f1aa124249f71256fct.jpg_220x220q75.jpg_.avif,https://ae-pic-a1.aliexpress-media.com/kf/Sddb6a81ae1284ff797135a7b902760811.jpg_220x220q75.jpg_.avif","['High-concerned chemical', 'None', 'Model Number', 'X XS Max XR 11', 'Pieces Included', '1', 'Material', 'Other', 'Origin', 'Mainland China']",https://www.aliexpress.us/item/3256804849317127.html?algo_pvid=05899ea9-f07d-4035-854e-ca21c7336b53&algo_exp_id=05899ea9-f07d-4035-854e-ca21c7336b53-42&pdp_ext_f=%7B%22order%22%3A%2274%22%2C%22eval%22%3A%221%22%2C%22fromPage%22%3A%22search%22%7D&pdp_npi=6%40dis%21USD%212.96%212.46%21%21%2120.08%2116.69%21%40214100f417768954678091862ed03a%2112000031406683219%21sea%21US%210%21ABX%211%210%21n_tag%3A-29910%3Bd%3A7753d89f%3Bm03_new_user%3A-29895%3BpisId%3A5000000204886261&curPageLogUid=pc1RcvUyzJRn&utparam-url=scene%3Asearch%7Cquery_from%3A%7Cx_object_id%3A1005005035631879%7C_p_origin_prod%3A
3 IN 1 Repair Tools Sets Opening Pry Hand Tool Kit Blade For iPhone Smart Phone Tablet PC Metal Spudger Disassemble Tools Set,$3.48 ,"https://ae-pic-a1.aliexpress-media.com/kf/Sffb0a5a68bbc4dd295870df8947be4c40.jpg?has_lang=1&ver=1_220x220q75.jpg_.avif,https://ae-pic-a1.aliexpress-media.com/kf/S5314cb02271f41cd9b02929a7c07f436Z.jpg_220x220q75.jpg_.avif,https://ae-pic-a1.aliexpress-media.com/kf/S65b3b6e46bb54262ae2f964c378de8e8r.jpg_220x220q75.jpg_.avif,https://ae-pic-a1.aliexpress-media.com/kf/S314bc36d8f44485a93564b9d62aad276P.jpg_220x220q75.jpg_.avif,https://ae-pic-a1.aliexpress-media.com/kf/S2073c3b8bcdd4f9699dd0b7a0406d5dc1.jpg_220x220q75.jpg_.avif","['High-concerned chemical', 'None', 'With Magnetic', 'No', 'Pieces Included', '30 in 1', 'Material', 'Chrome Vanadium Steel', 'Origin', 'Mainland China']",https://www.aliexpress.us/item/3256808823219341.html?algo_pvid=05899ea9-f07d-4035-854e-ca21c7336b53&algo_exp_id=05899ea9-f07d-4035-854e-ca21c7336b53-43&pdp_ext_f=%7B%22order%22%3A%2273%22%2C%22eval%22%3A%221%22%2C%22fromPage%22%3A%22search%22%7D&pdp_npi=6%40dis%21USD%218.12%213.48%21%21%2155.15%2123.63%21%40214100f417768954678091862ed03a%2112000047566930376%21sea%21US%210%21ABX%211%210%21n_tag%3A-29910%3Bd%3A7753d89f%3Bm03_new_user%3A-29895%3BpisId%3A5000000204886261&curPageLogUid=D1gMpEKbDrOz&utparam-url=scene%3Asearch%7Cquery_from%3A%7Cx_object_id%3A1005009009534093%7C_p_origin_prod%3A
10PCS G+OCA PRO Relife Alloy Steel Molybdenum Cutting Wire 0.02 0.035 0.03 0.028MM LCD Display Screen Separator Repair Tools Kit,$11.22 ,"https://ae-pic-a1.aliexpress-media.com/kf/Sb478ad2f9feb467c8ee68451a20a1073u.jpg_220x220q75.jpg_.avif,https://ae-pic-a1.aliexpress-media.com/kf/Sf2ebc79cd6214d2bafc87e2682cae4e7m.jpg_220x220q75.jpg_.avif,https://ae-pic-a1.aliexpress-media.com/kf/Se499d97e931f4a10af92d1e91c1af761X.jpg_220x220q75.jpg_.avif,https://ae-pic-a1.aliexpress-media.com/kf/Sf96c2ae6fda44990b85bc15d507162a7v.jpg_220x220q75.jpg_.avif,https://ae-pic-a1.aliexpress-media.com/kf/S26d8f8599b094ccfb22b3dd0de066f0cR.jpg_220x220q75.jpg_.avif","['High-concerned chemical', 'None', 'Pieces Included', '10 in 1', 'Material', 'Other', 'Origin', 'Mainland China']",https://www.aliexpress.us/item/3256806945851768.html?algo_pvid=05899ea9-f07d-4035-854e-ca21c7336b53&algo_exp_id=05899ea9-f07d-4035-854e-ca21c7336b53-44&pdp_ext_f=%7B%22order%22%3A%2273%22%2C%22eval%22%3A%221%22%2C%22fromPage%22%3A%22search%22%7D&pdp_npi=6%40dis%21USD%2111.72%2111.22%21%21%2179.56%2176.17%21%40214100f417768954678091862ed03a%2112000039511782886%21sea%21US%210%21ABX%211%210%21n_tag%3A-29910%3Bd%3A7753d89f%3Bm03_new_user%3A-29895%3BpisId%3A5000000204886261&curPageLogUid=vsqidOkAd1nf&utparam-url=scene%3Asearch%7Cquery_from%3A%7Cx_object_id%3A1005007132166520%7C_p_origin_prod%3A
10 Pcs Disassembling Tool Lapdesk Scraper Opening Pry Supplies for Repairing Phone Flat Spudger Abs Stick Plastic,$3.18 ,"https://ae-pic-a1.aliexpress-media.com/kf/Sc5755b0742cd48068e059598edac714bT.jpg_220x220q75.jpg_.avif,https://ae-pic-a1.aliexpress-media.com/kf/Sfe5b5b62e2f74af4b5bdfbe5c49230b6v.jpg_220x220q75.jpg_.avif,https://ae-pic-a1.aliexpress-media.com/kf/Se173203ce10344188e5b89d971fb1abcy.jpg_220x220q75.jpg_.avif,https://ae-pic-a1.aliexpress-media.com/kf/Sae25ac6f2f1343d2aa5a4d70ffed601aD.jpg_220x220q75.jpg_.avif,https://ae-pic-a1.aliexpress-media.com/kf/S5ca1f5c406064fcbb04bb90469d375daP.jpg_220x220q75.jpg_.avif","['High-concerned chemical', 'None', 'Model Number', 'pry tools', 'Pieces Included', '6 in 1', 'Material', 'High Carbon Steel', 'Origin', 'Mainland China', 'feature10', 'Phone Opening Tool', 'feature9', 'Tablet Disassemble Tool', 'feature8', 'Tablet Maintenance Tool', 'feature7', 'Scraper Set', 'feature6', 'Phone Repairing Tool', 'feature5', 'Plastic Pry Tool', 'feature4', 'Repair Kit Cell Phone', 'feature3', 'Disassemble Tool', 'feature2', 'Phone Opening Pry Supplies', 'feature1', 'Cell Phone Opening Tool']",https://www.aliexpress.us/item/3256806940859475.html?algo_pvid=05899ea9-f07d-4035-854e-ca21c7336b53&algo_exp_id=05899ea9-f07d-4035-854e-ca21c7336b53-45&pdp_ext_f=%7B%22order%22%3A%2273%22%2C%22eval%22%3A%221%22%2C%22fromPage%22%3A%22search%22%7D&pdp_npi=6%40dis%21USD%213.68%213.18%21%21%2124.96%2121.57%21%40214100f417768954678091862ed03a%2112000039492332955%21sea%21US%210%21ABX%211%210%21n_tag%3A-29910%3Bd%3A7753d89f%3Bm03_new_user%3A-29895%3BpisId%3A5000000204886261&curPageLogUid=3VxbmyWgvk0m&utparam-url=scene%3Asearch%7Cquery_from%3A%7Cx_object_id%3A1005007127174227%7C_p_origin_prod%3A
NEWSET Flash 64 Box F64 ISP For MINI & GEAR 2 EMMC ISP ADAPTER,$24.98 ,"https://ae-pic-a1.aliexpress-media.com/kf/Sad0520cd788444679fb64c2a86958739C.jpg?has_lang=1&ver=2_220x220q75.jpg_.avif,https://ae-pic-a1.aliexpress-media.com/kf/S182fab3f4e5f43be90096364af5a39dcg.jpg?has_lang=1&ver=2_220x220q75.jpg_.avif,https://ae-pic-a1.aliexpress-media.com/kf/Se62660eac5c04e61933b4669894a7c5aQ.jpg?has_lang=1&ver=2_220x220q75.jpg_.avif,https://ae-pic-a1.aliexpress-media.com/kf/S59e7d1e405a648a48f0b415699fe523bU.jpg?has_lang=1&ver=2_220x220q75.jpg_.avif,https://ae-pic-a1.aliexpress-media.com/kf/S59755ceb0e04482a9efca5bd80e9ff5c1.png?has_lang=1&ver=2_220x220.png_.avif","['High-concerned chemical', 'None', 'With Magnetic', 'No', 'Model Number', 'F61 ISP MINI / G2 ISP', 'Pieces Included', '1', 'Material', 'Plastic', 'Brand Name', 'z3x easy jtag', 'Origin', 'Mainland China']",https://www.aliexpress.us/item/3256809903770518.html?algo_pvid=05899ea9-f07d-4035-854e-ca21c7336b53&algo_exp_id=05899ea9-f07d-4035-854e-ca21c7336b53-46&pdp_ext_f=%7B%22order%22%3A%2272%22%2C%22eval%22%3A%221%22%2C%22fromPage%22%3A%22search%22%7D&pdp_npi=6%40dis%21USD%2126.00%2124.98%21%21%2126.00%2124.98%21%40214100f417768954678091862ed03a%2112000051103155454%21sea%21US%210%21ABX%211%210%21n_tag%3A-29910%3Bd%3A7753d89f%3Bm03_new_user%3A-29895%3BpisId%3A5000000204886261&curPageLogUid=3OuHxVp8kDNe&utparam-url=scene%3Asearch%7Cquery_from%3A%7Cx_object_id%3A1005010090085270%7C_p_origin_prod%3A
The MECHANIC 900M-T anti-static soldering iron tip is suitable for various BGA soldering repair station tools,$0.99 ,"https://ae-pic-a1.aliexpress-media.com/kf/S94b5602eb04f43c7a9a239914c903933J.png?has_lang=1&ver=1_220x220.png_.avif,https://ae-pic-a1.aliexpress-media.com/kf/S94b5602eb04f43c7a9a239914c903933J.png?has_lang=1&ver=1_220x220.png_.avif,https://ae-pic-a1.aliexpress-media.com/kf/S9bbce9b8ca3e4f1894b74c889ef57793K.jpg?has_lang=1&ver=1_220x220q75.jpg_.avif,https://ae-pic-a1.aliexpress-media.com/kf/Sc2f949c7295444e6857377c2a653ac25p.jpg?has_lang=1&ver=1_220x220q75.jpg_.avif,https://ae-pic-a1.aliexpress-media.com/kf/S36c091540234428c8dac7f38d536b6779.jpg?has_lang=1&ver=1_220x220q75.jpg_.avif","['High-concerned chemical', 'None', 'With Magnetic', 'No', 'Model Number', 'MECHANIC Soldering Iron', 'Pieces Included', '1', 'Material', 'Other', 'Origin', 'Mainland China', 'Application', 'Warm up quickly, Easy to tin,anti-oxidation', 'Applicable Models', '935/936/937/938 Soldering Iron Station', 'Product Type', 'Pure Copper Soldering Iron Tips', 'Dropshipping', 'Support', 'Inner Diameter', '4.0mm', 'Outer Diameter', '6.5mm']",https://www.aliexpress.us/item/3256809497564757.html?algo_pvid=05899ea9-f07d-4035-854e-ca21c7336b53&algo_exp_id=05899ea9-f07d-4035-854e-ca21c7336b53-47&pdp_ext_f=%7B%22order%22%3A%2272%22%2C%22eval%22%3A%221%22%2C%22fromPage%22%3A%22search%22%7D&pdp_npi=6%40dis%21USD%212.93%210.99%21%21%2119.88%216.68%21%40214100f417768954678091862ed03a%2112000049852006715%21sea%21US%210%21ABX%211%210%21n_tag%3A-29910%3Bd%3A7753d89f%3Bm03_new_user%3A-29895%3BpisId%3A5000000204886261&curPageLogUid=MNUi1Ubo7KM8&utparam-url=scene%3Asearch%7Cquery_from%3A%7Cx_object_id%3A1005009683879509%7C_p_origin_prod%3A
U-MTU 1-5 BGA Reballing Stencil For Qualcomm series CPU MT6991Z MT6889Z MT6989W MT6893Z MT6983Z MT6833V MT6873V MT6761V MT6595W,$5.00 ,"https://ae-pic-a1.aliexpress-media.com/kf/S7a796dd786ee44bdad139d6f325f77b0w.jpg_220x220q75.jpg_.avif,https://ae-pic-a1.aliexpress-media.com/kf/Sc2b3a941481e4ae69bd531a61461fa15l.jpg_220x220q75.jpg_.avif,https://ae-pic-a1.aliexpress-media.com/kf/Sb15c57fdf31345c68bc8f9d96f6b59f8s.jpg_220x220q75.jpg_.avif,https://ae-pic-a1.aliexpress-media.com/kf/Scbfaf8f8c3dc4278afb47787b2eea73ez.jpg_220x220q75.jpg_.avif,https://ae-pic-a1.aliexpress-media.com/kf/S706fc5405c174c579dd651368e980ac1h.jpg_220x220q75.jpg_.avif","['High-concerned chemical', 'None', 'With Magnetic', 'No', 'Model Number', 'U-MTU', 'Pieces Included', '1', 'Material', 'Other', 'Origin', 'Mainland China']",https://www.aliexpress.us/item/3256806586627996.html?algo_pvid=05899ea9-f07d-4035-854e-ca21c7336b53&algo_exp_id=05899ea9-f07d-4035-854e-ca21c7336b53-48&pdp_ext_f=%7B%22order%22%3A%2272%22%2C%22eval%22%3A%221%22%2C%22fromPage%22%3A%22search%22%7D&pdp_npi=6%40dis%21USD%215.50%215.00%21%21%215.50%215.00%21%40214100f417768954678091862ed03a%2112000046473392014%21sea%21US%210%21ABX%211%210%21n_tag%3A-29910%3Bd%3A7753d89f%3Bm03_new_user%3A-29895%3BpisId%3A5000000204886261&curPageLogUid=i6pT0AzbovgW&utparam-url=scene%3Asearch%7Cquery_from%3A%7Cx_object_id%3A1005006772942748%7C_p_origin_prod%3A
Hero Key EDL Cable & Hydra EDL USB Harmony Connections of Models Support for Phone Open Port 9008 Mode Universal 10 Mode Cable,$33.99 ,"https://ae-pic-a1.aliexpress-media.com/kf/Sfd360e2332dc43238293baa2a2a21715l.jpg_220x220q75.jpg_.avif,https://ae-pic-a1.aliexpress-media.com/kf/Sfd360e2332dc43238293baa2a2a21715l.jpg_220x220q75.jpg_.avif,https://ae-pic-a1.aliexpress-media.com/kf/Scf4e9da5b5b545e2adfda805f6b415eek.jpg_220x220q75.jpg_.avif,https://ae-pic-a1.aliexpress-media.com/kf/S35c139ed936341d4bb3ec888874fae246.jpg_220x220q75.jpg_.avif,https://ae-pic-a1.aliexpress-media.com/kf/S40f33018eb3d479d8bf0146bd21c5773t.jpg_220x220q75.jpg_.avif","['High-concerned chemical', 'None', 'With Magnetic', 'No', 'Pieces Included', '1', 'Material', 'Other', 'Origin', 'Mainland China', 'Brand Name', 'MITEKO', 'Product Brand', 'HERO KEY', 'Features 1', 'The USB Flashing mode is a standard mode with all functions deactivated. The provided adapter allows you to connect a Type-C device, or you can use a Type-C to micro-USB cable without the adapter.', 'Features 2', 'The EDL (Emergency Download) mode enables the EDL cable function, which triggers Qualcomm devices to switch to Qualcomm HS-USB QD-Loader 9008 mode.', 'Features 3', 'The HAR (Harmony OS) mode enables the Harmony OS cable function on Hi-silicon devices, allowing the device to switch to UART COM/Serial mode.']",https://www.aliexpress.us/item/3256805933355459.html?algo_pvid=05899ea9-f07d-4035-854e-ca21c7336b53&algo_exp_id=05899ea9-f07d-4035-854e-ca21c7336b53-49&pdp_ext_f=%7B%22order%22%3A%2272%22%2C%22eval%22%3A%221%22%2C%22fromPage%22%3A%22search%22%7D&pdp_npi=6%40dis%21USD%2134.49%2133.99%21%21%2134.49%2133.99%21%40214100f417768954678091862ed03a%2112000049334977250%21sea%21US%210%21ABX%211%210%21n_tag%3A-29910%3Bd%3A7753d89f%3Bm03_new_user%3A-29895%3BpisId%3A5000000204886261&curPageLogUid=4obiw2UFRKgE&utparam-url=scene%3Asearch%7Cquery_from%3A%7Cx_object_id%3A1005006119670211%7C_p_origin_prod%3A
Dust Cleaner Air Blower Ball Cleaning Repairing Tool For Mobile Phone PCB Computer Dust Removing Repair Tools,$0.99 ,"https://ae-pic-a1.aliexpress-media.com/kf/Sbf9fb38aa33b46bd8748005baabb135ex.jpg_220x220q75.jpg_.avif,https://ae-pic-a1.aliexpress-media.com/kf/Sd6a8b9d28cd8427696a40ffc7206c7e5B.jpg?has_lang=1&ver=1_220x220q75.jpg_.avif,https://ae-pic-a1.aliexpress-media.com/kf/Sb4f96387257244d496d49db4f76f6fd8v.jpg_220x220q75.jpg_.avif,https://ae-pic-a1.aliexpress-media.com/kf/S074b6795286c4a77b38369ec8c1421b7A.jpg_220x220q75.jpg_.avif,https://ae-pic-a1.aliexpress-media.com/kf/Sc71660e912934fed83bb5bad2c3f7c62e.jpg_220x220q75.jpg_.avif","['High-concerned chemical', 'None', 'Pieces Included', '6 in 1', 'Material', 'Rubber', 'Origin', 'Mainland China']",https://www.aliexpress.us/item/3256810475936977.html?algo_pvid=05899ea9-f07d-4035-854e-ca21c7336b53&algo_exp_id=05899ea9-f07d-4035-854e-ca21c7336b53-51&pdp_ext_f=%7B%22order%22%3A%2271%22%2C%22eval%22%3A%221%22%2C%22fromPage%22%3A%22search%22%7D&pdp_npi=6%40dis%21USD%211.56%210.99%21%21%2110.61%216.74%21%40214100f417768954678091862ed03a%2112000053112772842%21sea%21US%210%21ABX%211%210%21n_tag%3A-29910%3Bd%3A7753d89f%3Bm03_new_user%3A-29895%3BpisId%3A5000000203537387&curPageLogUid=we05IOv6Nk8y&utparam-url=scene%3Asearch%7Cquery_from%3A%7Cx_object_id%3A1005010662251729%7C_p_origin_prod%3A
AMAOE SSD2 Solid State Drive BGA291 BGA272 316 154 178 152 BGA Reballing Stencil Tin Planting Repair Tool,$4.70 ,"https://ae-pic-a1.aliexpress-media.com/kf/Sde2415b5f80646d4a59201da3252d12fn.jpg?has_lang=1&ver=1_220x220q75.jpg_.avif,https://ae-pic-a1.aliexpress-media.com/kf/S8533d81e33ea4fadb574d7a04fefc8c1V.jpg?has_lang=1&ver=1_220x220q75.jpg_.avif,https://ae-pic-a1.aliexpress-media.com/kf/S11eaa89d72e948ff8d4829f29519e4e5G.jpg?has_lang=1&ver=1_220x220q75.jpg_.avif,https://ae-pic-a1.aliexpress-media.com/kf/S99965d27ffb34267b09aaf7e2ea4c966L.jpg?has_lang=1&ver=1_220x220q75.jpg_.avif,https://ae-pic-a1.aliexpress-media.com/kf/S9487081db6e1433bb93f1824a157e27bD.jpg?has_lang=1&ver=1_220x220q75.jpg_.avif","['High-concerned chemical', 'None', 'Pieces Included', '1', 'Material', 'Other', 'Origin', 'Mainland China']",https://www.aliexpress.us/item/3256807378138303.html?algo_pvid=05899ea9-f07d-4035-854e-ca21c7336b53&algo_exp_id=05899ea9-f07d-4035-854e-ca21c7336b53-52&pdp_ext_f=%7B%22order%22%3A%2271%22%2C%22eval%22%3A%221%22%2C%22fromPage%22%3A%22search%22%7D&pdp_npi=6%40dis%21USD%215.20%214.70%21%21%2135.33%2131.94%21%40214100f417768954678091862ed03a%2112000047420962806%21sea%21US%210%21ABX%211%210%21n_tag%3A-29910%3Bd%3A7753d89f%3Bm03_new_user%3A-29895%3BpisId%3A5000000204886261&curPageLogUid=N8WtqBH4baEI&utparam-url=scene%3Asearch%7Cquery_from%3A%7Cx_object_id%3A1005007564453055%7C_p_origin_prod%3A
Direct heating 90x90MM BGA stencil for SAL-TC299TP-128 Tin-planted stencil TC290/TC297/TC298 Automotive PC board chips,$4.34 ,"https://ae-pic-a1.aliexpress-media.com/kf/S2c653754dfcb4dd0ab9a1c8a8ac235e6m.jpg_220x220q75.jpg_.avif,https://ae-pic-a1.aliexpress-media.com/kf/Sfa6c2901e54f4cc29f6d68daf77e71c4e.jpg_220x220q75.jpg_.avif,https://ae-pic-a1.aliexpress-media.com/kf/S6ed8156780014cb6982d16685895b844G.jpg_220x220q75.jpg_.avif,https://ae-pic-a1.aliexpress-media.com/kf/S6ed8156780014cb6982d16685895b844G.jpg_220x220q75.jpg_.avif,https://ae-pic-a1.aliexpress-media.com/kf/Sfa6c2901e54f4cc29f6d68daf77e71c4e.jpg_220x220q75.jpg_.avif","['High-concerned chemical', 'None', 'With Magnetic', 'No', 'Model Number', 'BGA stencil For SAL-TC299TP-128', 'Pieces Included', '1', 'Material', 'Other', 'Origin', 'Mainland China', 'Name', 'BGA stencil For SAL-TC299TP-128', 'Specifications', 'Direct Heating 90x90MM', 'stencils model 1', 'For SAL-TC299TP-128']",https://www.aliexpress.us/item/3256806496919991.html?algo_pvid=05899ea9-f07d-4035-854e-ca21c7336b53&algo_exp_id=05899ea9-f07d-4035-854e-ca21c7336b53-53&pdp_ext_f=%7B%22order%22%3A%2271%22%2C%22eval%22%3A%221%22%2C%22fromPage%22%3A%22search%22%7D&pdp_npi=6%40dis%21USD%214.34%214.34%21%21%214.34%214.34%21%40214100f417768954678091862ed03a%2112000038738530838%21sea%21US%210%21ABX%211%210%21n_tag%3A-29910%3Bd%3A7753d89f%3Bm03_new_user%3A-29895&curPageLogUid=1SrGBd7zcSTu&utparam-url=scene%3Asearch%7Cquery_from%3A%7Cx_object_id%3A1005006683234743%7C_p_origin_prod%3A
Metal Needle Tip OCA Glue Remove Tool For CJ 6+ CJ6+ Electric Cutting Machine For Phone Repair,$2.07 ,"https://ae-pic-a1.aliexpress-media.com/kf/Sadecaef0cc8b4a2c88d73671271c60490.jpg_220x220q75.jpg_.avif,https://ae-pic-a1.aliexpress-media.com/kf/Sb70a13e0e5884c01babbb29b2d102320W.jpg_220x220q75.jpg_.avif,https://ae-pic-a1.aliexpress-media.com/kf/S0fbd62d8404841a2968173503af2ea4ar.jpg_220x220q75.jpg_.avif,https://ae-pic-a1.aliexpress-media.com/kf/Se3888a00d2354f529df84c9a5c81c7bfo.jpg_220x220q75.jpg_.avif,https://ae-pic-a1.aliexpress-media.com/kf/S51760c2d15274cfab005a977dc8e00ebG.jpg_220x220q75.jpg_.avif","['High-concerned chemical', 'None', 'Pieces Included', '1', 'Material', 'Other', 'Origin', 'Mainland China']",https://www.aliexpress.us/item/3256805443476384.html?algo_pvid=05899ea9-f07d-4035-854e-ca21c7336b53&algo_exp_id=05899ea9-f07d-4035-854e-ca21c7336b53-54&pdp_ext_f=%7B%22order%22%3A%2271%22%2C%22eval%22%3A%221%22%2C%22fromPage%22%3A%22search%22%7D&pdp_npi=6%40dis%21USD%212.57%212.07%21%21%2117.47%2114.08%21%40214100f417768954678091862ed03a%2112000033810219546%21sea%21US%210%21ABX%211%210%21n_tag%3A-29910%3Bd%3A7753d89f%3Bm03_new_user%3A-29895%3BpisId%3A5000000204886261&curPageLogUid=SKPll7iC9aYz&utparam-url=scene%3Asearch%7Cquery_from%3A%7Cx_object_id%3A1005005629791136%7C_p_origin_prod%3A
Qianli T=0.1mm Disassemble Card Ultra Thin Pry Opening Tool For LCD Curved Screen Samsung Huawei Repair Tool,$1.55 ,"https://ae-pic-a1.aliexpress-media.com/kf/Sc740078dd91843fc860d0a28a2862811H.jpg_220x220q75.jpg_.avif,https://ae-pic-a1.aliexpress-media.com/kf/H183be944a2c6433e9d0f97b99746f626I.jpg_220x220q75.jpg_.avif,https://ae-pic-a1.aliexpress-media.com/kf/Hf00983221b174b0d8e9331a57ea2eeee4.jpg_220x220q75.jpg_.avif,https://ae-pic-a1.aliexpress-media.com/kf/Hc7849700c8a848dd84f082781b801c388.jpg_220x220q75.jpg_.avif,https://ae-pic-a1.aliexpress-media.com/kf/S005d5f9577884daba9f1ba629d5e48540.png_220x220.png_.avif","['High-concerned chemical', 'None', 'Pieces Included', '1', 'Material', 'Other', 'Origin', 'Mainland China', 'Brand', 'Qianli']",https://www.aliexpress.us/item/3256805219621263.html?algo_pvid=05899ea9-f07d-4035-854e-ca21c7336b53&algo_exp_id=05899ea9-f07d-4035-854e-ca21c7336b53-55&pdp_ext_f=%7B%22order%22%3A%2271%22%2C%22eval%22%3A%221%22%2C%22fromPage%22%3A%22search%22%7D&pdp_npi=6%40dis%21USD%212.05%211.55%21%21%2113.90%2110.51%21%40214100f417768954678091862ed03a%2112000032931602140%21sea%21US%210%21ABX%211%210%21n_tag%3A-29910%3Bd%3A7753d89f%3Bm03_new_user%3A-29895%3BpisId%3A5000000204886261&curPageLogUid=Dr2TX2QeB46t&utparam-url=scene%3Asearch%7Cquery_from%3A%7Cx_object_id%3A1005005405936015%7C_p_origin_prod%3A
10/20/50PCS Triangle Metal Phone Opening Tools Metal Guitar Picks Pry Opener For iPhone iPad Tablet PC Disassemble Repair Tools,$0.99 ,"https://ae-pic-a1.aliexpress-media.com/kf/S960cb9d636b345858a1e969b66e3cfd4R.jpg_220x220q75.jpg_.avif,https://ae-pic-a1.aliexpress-media.com/kf/S793702b1ffa34ab88af4627657365df0Q.jpg_220x220q75.jpg_.avif,https://ae-pic-a1.aliexpress-media.com/kf/Sf1f5141089ce4096827ea7c96ec63a3cL.jpg_220x220q75.jpg_.avif,https://ae-pic-a1.aliexpress-media.com/kf/S9eae5552c8c74df3b9774c9fd2f1b3f8b.jpg_220x220q75.jpg_.avif,https://ae-pic-a1.aliexpress-media.com/kf/S72cea2d2458f4400a3da2864c6f02c7df.jpg_220x220q75.jpg_.avif","['High-concerned chemical', 'None', 'Pieces Included', '50 in 1', 'Material', 'Plastic', 'Origin', 'Mainland China']",https://www.aliexpress.us/item/3256810189207350.html?algo_pvid=05899ea9-f07d-4035-854e-ca21c7336b53&algo_exp_id=05899ea9-f07d-4035-854e-ca21c7336b53-57&pdp_ext_f=%7B%22order%22%3A%2270%22%2C%22eval%22%3A%221%22%2C%22fromPage%22%3A%22search%22%7D&pdp_npi=6%40dis%21USD%215.08%210.99%21%21%2134.49%216.72%21%40214100f417768954678091862ed03a%2112000052189831961%21sea%21US%210%21ABX%211%210%21n_tag%3A-29910%3Bd%3A7753d89f%3Bm03_new_user%3A-29895%3BpisId%3A5000000203537387&curPageLogUid=nhn4hI9jQKYa&utparam-url=scene%3Asearch%7Cquery_from%3A%7Cx_object_id%3A1005010375522102%7C_p_origin_prod%3A
NASAN Screen Dismantling Piece Mobile Phone Repair Disassembly Pry Piece Curved Screen Dismantling Blade For iPhone Android iPad,$5.70 ,"https://ae-pic-a1.aliexpress-media.com/kf/S9929c9b37df342de8693f7d56510a445w.jpg_220x220q75.jpg_.avif,https://ae-pic-a1.aliexpress-media.com/kf/S9929c9b37df342de8693f7d56510a445w.jpg_220x220q75.jpg_.avif,https://ae-pic-a1.aliexpress-media.com/kf/S495c2d373d20437e8c7979f6340a726cX.jpg_220x220q75.jpg_.avif,https://ae-pic-a1.aliexpress-media.com/kf/S38b3ba58c9f344c4af0d64b4609830cf8.jpg_220x220q75.jpg_.avif,https://ae-pic-a1.aliexpress-media.com/kf/S4eb333d2c03d46e49df673211804be33s.jpg_220x220q75.jpg_.avif","['High-concerned chemical', 'None', 'With Magnetic', 'No', 'Model Number', 'PPD', 'Pieces Included', '1', 'Material', 'Other', 'Origin', 'Mainland China', 'for 1', 'PPD Screen Disassembly', 'for 2', 'NASAN Screen Disassembly Pry Piece Blade', 'for 3', 'Screen Disassembly Pry Piece Blade', 'for 4', 'Mobile Phone IC chip Disassembly Blade', 'for 5', 'Screen Disassembly Blade', 'for 6', 'Disassembly Blade', 'for 7', 'NASAN Disassembly Blade', 'for 8', 'Repair Disassembly Pry Piece', 'for 9', 'Curved Screen For iPhone and Android', 'for 10', 'IC chip disassembly blade', 'for 11', 'Curved Screen Dismantling Blade', 'for 12', 'Ultra Thin IC chip disassembly blade', 'for 13', 'Curved LCD Screen Spudger Opening Pry Card Tools', 'for 14', 'Opening Pry Card Tools', 'support 1', 'wholesale', 'support 2', 'dropship']",https://www.aliexpress.us/item/3256808497874505.html?algo_pvid=05899ea9-f07d-4035-854e-ca21c7336b53&algo_exp_id=05899ea9-f07d-4035-854e-ca21c7336b53-58&pdp_ext_f=%7B%22order%22%3A%2270%22%2C%22eval%22%3A%221%22%2C%22fromPage%22%3A%22search%22%7D&pdp_npi=6%40dis%21USD%216.81%215.70%21%21%2146.20%2138.65%21%40214100f417768954678091862ed03a%2112000046234392189%21sea%21US%210%21ABX%211%210%21n_tag%3A-29910%3Bd%3A7753d89f%3Bm03_new_user%3A-29895%3BpisId%3A5000000204886261&curPageLogUid=Oq52m3Gk5toS&utparam-url=scene%3Asearch%7Cquery_from%3A%7Cx_object_id%3A1005008684189257%7C_p_origin_prod%3A
YCS D01 D02 Battery Test Cable Power On/Charging Detection for iPhone 6-16 Pro Max Android Phones Motherboard Repair Clip Line,$13.23 ,"https://ae-pic-a1.aliexpress-media.com/kf/S5240df11b6cb4ce6b08ced92853641b5j.jpg_220x220q75.jpg_.avif,https://ae-pic-a1.aliexpress-media.com/kf/Seaa9d91ad3d143eb95d9e3ed2fe935471.jpg_220x220q75.jpg_.avif,https://ae-pic-a1.aliexpress-media.com/kf/S081db6e3dcdb4ac3957c80ce73f55480f.jpg_220x220q75.jpg_.avif,https://ae-pic-a1.aliexpress-media.com/kf/S126ad6bd53f547e48f6da9b2cc6e46a9D.jpg_220x220q75.jpg_.avif,https://ae-pic-a1.aliexpress-media.com/kf/Sdf41bdc792664bf88e923a12201ece7eh.jpg_220x220q75.jpg_.avif","['High-concerned chemical', 'None', 'Pieces Included', '1', 'Material', 'Other', 'Brand Name', 'welsolo', 'Origin', 'Mainland China']",https://www.aliexpress.us/item/3256808293381575.html?algo_pvid=05899ea9-f07d-4035-854e-ca21c7336b53&algo_exp_id=05899ea9-f07d-4035-854e-ca21c7336b53-59&pdp_ext_f=%7B%22order%22%3A%2270%22%2C%22eval%22%3A%221%22%2C%22fromPage%22%3A%22search%22%7D&pdp_npi=6%40dis%21USD%2127.47%2113.23%21%21%21186.50%2189.86%21%40214100f417768954678091862ed03a%2112000045328287330%21sea%21US%210%21ABX%211%210%21n_tag%3A-29910%3Bd%3A7753d89f%3Bm03_new_user%3A-29895%3BpisId%3A5000000204886261&curPageLogUid=mwqVDgT7JzYU&utparam-url=scene%3Asearch%7Cquery_from%3A%7Cx_object_id%3A1005008479696327%7C_p_origin_prod%3A
Relife RF-724 High Precision Torque Screwdriver for iPhone Huawei Samsung Mobile Phone Screen Teardown Repair Opening Tools Set,$9.66 ,"https://ae-pic-a1.aliexpress-media.com/kf/S539b3d479b174d4e94584553dceead21M.jpg_220x220q75.jpg_.avif,https://ae-pic-a1.aliexpress-media.com/kf/Sc81ec266085d449eb35ba18b934685cdK.jpg_220x220q75.jpg_.avif,https://ae-pic-a1.aliexpress-media.com/kf/S7c51b7e415b04e4b9ec42e9de16fbf8cM.jpg_220x220q75.jpg_.avif,https://ae-pic-a1.aliexpress-media.com/kf/Sa2f71a49028f4780a135f02320fe248cY.jpg_220x220q75.jpg_.avif,https://ae-pic-a1.aliexpress-media.com/kf/S436edf0dc4194612b00294e757eb6bbeJ.jpg_220x220q75.jpg_.avif","['High-concerned chemical', 'None', 'With Magnetic', 'Yes', 'Model Number', 'RF-724', 'Pieces Included', '6 in 1', 'Material', 'S2 Alloy Steel', 'Origin', 'Mainland China']",https://www.aliexpress.us/item/3256806129920879.html?algo_pvid=b014b533-fe79-4c48-a474-c7fa15414787&algo_exp_id=b014b533-fe79-4c48-a474-c7fa15414787-0&pdp_ext_f=%7B%22order%22%3A%2270%22%2C%22eval%22%3A%221%22%2C%22fromPage%22%3A%22search%22%7D&pdp_npi=6%40dis%21USD%2120.31%219.66%21%21%21137.88%2165.55%21%402101364d17768959628995863e83f0%2112000036735283708%21sea%21US%210%21ABX%211%210%21n_tag%3A-29910%3Bd%3A7753d89f%3Bm03_new_user%3A-29895%3BpisId%3A5000000204886261&curPageLogUid=40f04v2GZ1tf&utparam-url=scene%3Asearch%7Cquery_from%3A%7Cx_object_id%3A1005006316235631%7C_p_origin_prod%3A
Face ID Dustproof Sponge Ring Front Camera Repair For iPhone 14 Plus 15 16 Pro Max Phone Repair Sticker Tape,$1.51 ,"https://ae-pic-a1.aliexpress-media.com/kf/S5cc65b29800c4128aa5feb3ba1dbf4aff.jpg_220x220q75.jpg_.avif,https://ae-pic-a1.aliexpress-media.com/kf/Scd7613af5a2b4171b5d09accdb87c833K.jpg_220x220q75.jpg_.avif,https://ae-pic-a1.aliexpress-media.com/kf/S9bb9d9bb8d784030b3cb16812213f7e6q.jpg_220x220q75.jpg_.avif,https://ae-pic-a1.aliexpress-media.com/kf/Sa4023ed59a164d318df0987ca671be75r.jpg_220x220q75.jpg_.avif,https://ae-pic-a1.aliexpress-media.com/kf/S5fd18ceb3b584345b2a657a1c11b5c95k.jpg_220x220q75.jpg_.avif","['High-concerned chemical', 'None', 'Pieces Included', '1', 'Material', 'Other', 'Origin', 'Mainland China']",https://www.aliexpress.us/item/3256805943624398.html?algo_pvid=b014b533-fe79-4c48-a474-c7fa15414787&algo_exp_id=b014b533-fe79-4c48-a474-c7fa15414787-1&pdp_ext_f=%7B%22order%22%3A%2270%22%2C%22eval%22%3A%221%22%2C%22fromPage%22%3A%22search%22%7D&pdp_npi=6%40dis%21USD%212.01%211.51%21%21%2113.64%2110.25%21%402101364d17768959628995863e83f0%2112000035895678072%21sea%21US%210%21ABX%211%210%21n_tag%3A-29910%3Bd%3A7753d89f%3Bm03_new_user%3A-29895%3BpisId%3A5000000204886261&curPageLogUid=X7utp2eWNlCw&utparam-url=scene%3Asearch%7Cquery_from%3A%7Cx_object_id%3A1005006129939150%7C_p_origin_prod%3A
"25 in 1 mini screwdriver set, flat head and cross shaped small screwdrivers, suitable for electronic products",$0.99 ,"https://ae-pic-a1.aliexpress-media.com/kf/S8ad65e1458a34ca39a801f136ec3a556A.jpg_220x220q75.jpg_.avif,https://ae-pic-a1.aliexpress-media.com/kf/S8ad65e1458a34ca39a801f136ec3a556A.jpg_220x220q75.jpg_.avif,https://ae-pic-a1.aliexpress-media.com/kf/S2bc101aac6e14532a2442a955408fcb5G.jpg_220x220q75.jpg_.avif,https://ae-pic-a1.aliexpress-media.com/kf/Sa702825f5d614161bd02744b77367e51u.jpg_220x220q75.jpg_.avif,https://ae-pic-a1.aliexpress-media.com/kf/S64f078fd68cd46b0be66bede6660db91G.jpg_220x220q75.jpg_.avif","['High-concerned chemical', 'None', 'Pieces Included', '25 in 1', 'Material', 'Steel', 'Origin', 'Mainland China']",https://www.aliexpress.us/item/3256811566442007.html?algo_pvid=b014b533-fe79-4c48-a474-c7fa15414787&algo_exp_id=b014b533-fe79-4c48-a474-c7fa15414787-2&pdp_ext_f=%7B%22order%22%3A%2269%22%2C%22eval%22%3A%221%22%2C%22fromPage%22%3A%22search%22%7D&pdp_npi=6%40dis%21USD%216.45%210.99%21%21%2143.78%216.72%21%402101364d17768959628995863e83f0%2112000056436009422%21sea%21US%210%21ABX%211%210%21n_tag%3A-29910%3Bd%3A7753d89f%3Bm03_new_user%3A-29895%3BpisId%3A5000000203537387&curPageLogUid=Lrmm5DiPAPNZ&utparam-url=scene%3Asearch%7Cquery_from%3A%7Cx_object_id%3A1005011752756759%7C_p_origin_prod%3A
200PCS Strong Elasticity Yellow Rubber Band Fasteners For Phone Screen Repair Tool,$0.99/lot,"https://ae-pic-a1.aliexpress-media.com/kf/S6020b628d8914c129bbe677c8f220c4cM.jpg?has_lang=1&ver=1_220x220q75.jpg_.avif,https://ae-pic-a1.aliexpress-media.com/kf/S6020b628d8914c129bbe677c8f220c4cM.jpg?has_lang=1&ver=1_220x220q75.jpg_.avif,https://ae-pic-a1.aliexpress-media.com/kf/S9f6ca0dbcafb4b1fb630fbe1ec68c2d3m.jpg_220x220q75.jpg_.avif,https://ae-pic-a1.aliexpress-media.com/kf/S8c12604945d44b6688e0ead55b2b24285.jpg?has_lang=1&ver=1_220x220q75.jpg_.avif,https://ae-pic-a1.aliexpress-media.com/kf/S5a359b041e494499acf8fc921369c10cQ.jpg_220x220q75.jpg_.avif","['High-concerned chemical', 'None', 'Pieces Included', '1', 'Material', 'Other', 'Origin', 'Mainland China']",https://www.aliexpress.us/item/3256809309934116.html?algo_pvid=b014b533-fe79-4c48-a474-c7fa15414787&algo_exp_id=b014b533-fe79-4c48-a474-c7fa15414787-3&pdp_ext_f=%7B%22order%22%3A%2269%22%2C%22eval%22%3A%221%22%2C%22fromPage%22%3A%22search%22%7D&pdp_npi=6%40dis%21USD%214.96%210.99%21%21%2133.67%216.72%21%402101364d17768959628995863e83f0%2112000049281810750%21sea%21US%210%21ABX%211%210%21n_tag%3A-29910%3Bd%3A7753d89f%3Bm03_new_user%3A-29895%3BpisId%3A5000000203537387&curPageLogUid=05oKk1x8jDvs&utparam-url=scene%3Asearch%7Cquery_from%3A%7Cx_object_id%3A1005009496248868%7C_p_origin_prod%3A
100 Pcs Disassembly Stick Plastic Crowbar Repair Kit Phone Opening Tool Computer Pry Bar Cellphone Maintenance Supplies Mobile,$0.99 ,"https://ae-pic-a1.aliexpress-media.com/kf/Sc1d6b0309c4d40e3b9e152be51fbaa0fI.jpg_220x220q75.jpg_.avif,https://ae-pic-a1.aliexpress-media.com/kf/S72d7f860eab34eb696f1839f4488a071G.jpg_220x220q75.jpg_.avif,https://ae-pic-a1.aliexpress-media.com/kf/S0b98528561ba4cad8e632f2a128703231.jpg_220x220q75.jpg_.avif,https://ae-pic-a1.aliexpress-media.com/kf/S6ae5740c03874940b606dc511b2c525b6.jpg_220x220q75.jpg_.avif,https://ae-pic-a1.aliexpress-media.com/kf/S9d02897b71ee4e4db8f7d84f03a5401ax.jpg_220x220q75.jpg_.avif","['High-concerned chemical', 'None', 'Pieces Included', '6 in 1', 'Material', 'High Carbon Steel', 'Origin', 'Mainland China', 'feature1', 'plastic pry tool', 'feature2', 'plastic pry bar', 'feature3', 'computer pry tool', 'feature4', 'prying tool', 'feature5', 'opening pry tool repair kit', 'feature6', 'opening pry tool', 'feature7', 'tv opening tool', 'feature8', 'repair rod for cell phone', 'feature9', 'cellphone disassembly tools', 'feature10', 'phone repairing supplies']",https://www.aliexpress.us/item/3256808488354345.html?algo_pvid=b014b533-fe79-4c48-a474-c7fa15414787&algo_exp_id=b014b533-fe79-4c48-a474-c7fa15414787-4&pdp_ext_f=%7B%22order%22%3A%2269%22%2C%22eval%22%3A%221%22%2C%22fromPage%22%3A%22search%22%7D&pdp_npi=6%40dis%21USD%219.89%211.89%21%21%2167.16%2112.85%21%402101364d17768959628995863e83f0%2112000046190763425%21sea%21US%210%21ABX%211%210%21n_tag%3A-29910%3Bd%3A7753d89f%3Bm03_new_user%3A-29895%3BpisId%3A5000000203537387&curPageLogUid=xeIVIkc1Weu3&utparam-url=scene%3Asearch%7Cquery_from%3A%7Cx_object_id%3A1005008674669097%7C_p_origin_prod%3A
XZZ L2023 Intelligent Desoldering Station For iPhone X-17 Pro Max Motherboard IC Chip BGA Stencil Welding Heater Tool,$11.27 ,"https://ae-pic-a1.aliexpress-media.com/kf/S0a6b4061cfe840b8a050632f3ced4b5aL.png?has_lang=1&ver=2_220x220.png_.avif,https://ae-pic-a1.aliexpress-media.com/kf/S0a6b4061cfe840b8a050632f3ced4b5aL.png?has_lang=1&ver=2_220x220.png_.avif,https://ae-pic-a1.aliexpress-media.com/kf/S53bef064329a436f835b994ad04e891eU.png?has_lang=1&ver=2_220x220.png_.avif,https://ae-pic-a1.aliexpress-media.com/kf/Sd6326bd99b5f44549b04f816061ba1185.png?has_lang=1&ver=2_220x220.png_.avif,https://ae-pic-a1.aliexpress-media.com/kf/S281f3e6388804981a08d25c8095201edq.png?has_lang=1&ver=2_220x220.png_.avif","['High-concerned chemical', 'None', 'Model Number', 'L2023 X-16', 'Pieces Included', '1', 'Material', 'Other', 'Brand Name', 'NoEnName_Null', 'Origin', 'Mainland China', 'Brand', 'XZZ']",https://www.aliexpress.us/item/3256807741089956.html?algo_pvid=b014b533-fe79-4c48-a474-c7fa15414787&algo_exp_id=b014b533-fe79-4c48-a474-c7fa15414787-5&pdp_ext_f=%7B%22order%22%3A%2269%22%2C%22eval%22%3A%221%22%2C%22fromPage%22%3A%22search%22%7D&pdp_npi=6%40dis%21USD%2119.06%2113.56%21%21%2119.06%2113.56%21%402101364d17768959628995863e83f0%2112000051657355396%21sea%21US%210%21ABX%211%210%21n_tag%3A-29910%3Bd%3A7753d89f%3Bm03_new_user%3A-29895%3BpisId%3A5000000203537339&curPageLogUid=6rHG2ZwOJd7M&utparam-url=scene%3Asearch%7Cquery_from%3A%7Cx_object_id%3A1005007927404708%7C_p_origin_prod%3A
10PCS OEM New Phone Packaging Paper Seal Stickers For Airpods Pro With UV Light For Apqle 16 15 Plus Pro ProMax Outer Box Packed,$5.41 ,"https://ae-pic-a1.aliexpress-media.com/kf/S14e1bd5643274d5f860a5c65c46bdc53m.jpg_220x220q75.jpg_.avif,https://ae-pic-a1.aliexpress-media.com/kf/S14e1bd5643274d5f860a5c65c46bdc53m.jpg_220x220q75.jpg_.avif,https://ae-pic-a1.aliexpress-media.com/kf/Sfafdc52d4027447ca7ab0602767c72b1e.jpg_220x220q75.jpg_.avif,https://ae-pic-a1.aliexpress-media.com/kf/S671aeb904f444cee8fca9609f49271426.jpg_220x220q75.jpg_.avif,https://ae-pic-a1.aliexpress-media.com/kf/S704b85322cf94deca31bb1a1d692fc39T.jpg_220x220q75.jpg_.avif","['High-concerned chemical', 'None', 'With Magnetic', 'No', 'Model Number', '13 mini 14 Pro Max', 'Pieces Included', '10 in 1', 'Material', 'Other', 'Brand Name', 'fonlyu', 'Origin', 'Mainland China', 'Function', 'For Box Sealing', 'Compatible1', 'For AirPods 3 Pro2 For iPad 12.9 2022 For Apple Watch S8 Ultra S7 SE2', 'Compatible2', 'For ip 15 15plus 15pro 15promax']",https://www.aliexpress.us/item/3256805863806469.html?algo_pvid=b014b533-fe79-4c48-a474-c7fa15414787&algo_exp_id=b014b533-fe79-4c48-a474-c7fa15414787-6&pdp_ext_f=%7B%22order%22%3A%2269%22%2C%22eval%22%3A%221%22%2C%22fromPage%22%3A%22search%22%7D&pdp_npi=6%40dis%21USD%215.91%215.41%21%21%215.91%215.41%21%402101364d17768959628995863e83f0%2112000035493752194%21sea%21US%210%21ABX%211%210%21n_tag%3A-29910%3Bd%3A7753d89f%3Bm03_new_user%3A-29895%3BpisId%3A5000000204886261&curPageLogUid=Wh8otdLDPrKS&utparam-url=scene%3Asearch%7Cquery_from%3A%7Cx_object_id%3A1005006050121221%7C_p_origin_prod%3A
21 in 1 Mobile Phone Repair Tools Kit Spudger Pry Opening Tool Screwdriver Set for iPhone X XR XS 8 7 6S 11 12 13 Hand Tools,$1.97 ,"https://ae-pic-a1.aliexpress-media.com/kf/S251cfb0466bf42f3b7e0f4d1fa2de74bz.jpg_220x220q75.jpg_.avif,https://ae-pic-a1.aliexpress-media.com/kf/H845fd1b72439419a8b5c2929e9075686K.jpg_220x220q75.jpg_.avif,https://ae-pic-a1.aliexpress-media.com/kf/H2a968e8e46a646a7880024a481fb5248J.jpg_220x220q75.jpg_.avif,https://ae-pic-a1.aliexpress-media.com/kf/H31666b2e1b1a48ff9cb2cdfc829a54b8L.jpg_220x220q75.jpg_.avif,https://ae-pic-a1.aliexpress-media.com/kf/H3a90322dbd2041cfb1662dc6571b20a1Z.jpg_220x220q75.jpg_.avif","['High-concerned chemical', 'None', 'With Magnetic', 'No', 'Model Number', 'For iPhone X XS XR XS Max', 'Pieces Included', '20 in 1', 'Material', 'Chrome Vanadium Steel', 'Origin', 'Mainland China', 'Model 2', 'Cell phone tool', 'Model 3', 'Tools kit', 'Model 4', 'phone repair tools,phone tools', 'Model 5', 'phone repair tools', 'Model 6', 'Tool kit', 'Model 7', 'phone repair tools', 'Model 1', 'Mobile tools kit,repair tool sets,repair tool,cellular tools kit']",https://www.aliexpress.us/item/3256803340654971.html?algo_pvid=b014b533-fe79-4c48-a474-c7fa15414787&algo_exp_id=b014b533-fe79-4c48-a474-c7fa15414787-7&pdp_ext_f=%7B%22order%22%3A%2269%22%2C%22eval%22%3A%221%22%2C%22fromPage%22%3A%22search%22%7D&pdp_npi=6%40dis%21USD%212.47%211.97%21%21%212.47%211.97%21%402101364d17768959628995863e83f0%2112000027309963281%21sea%21US%210%21ABX%211%210%21n_tag%3A-29910%3Bd%3A7753d89f%3Bm03_new_user%3A-29895%3BpisId%3A5000000204886261&curPageLogUid=TJv4doZgAM6u&utparam-url=scene%3Asearch%7Cquery_from%3A%7Cx_object_id%3A1005003526969723%7C_p_origin_prod%3A
5pcs Ultra Thin Flexible Curved LCD Screen Spudger Opening Pry Card Disassemble Stainless Steel Metal Mobile Phone Repair Tools,$1.54 ,"https://ae-pic-a1.aliexpress-media.com/kf/S096a006b2548458e87397992d9802aedZ.jpg_220x220q75.jpg_.avif,https://ae-pic-a1.aliexpress-media.com/kf/Sb879d2c966cf4fa1aaa425dc95c41f934.jpg_220x220q75.jpg_.avif,https://ae-pic-a1.aliexpress-media.com/kf/Sd849b0d32a324fdda9fb8bf22467e90aO.jpg_220x220q75.jpg_.avif,https://ae-pic-a1.aliexpress-media.com/kf/Sfaa5bd2e76d34fd7a172e2fe4cee7225w.jpg_220x220q75.jpg_.avif,https://ae-pic-a1.aliexpress-media.com/kf/Sdfbdae1485934798b2297785b6007451m.jpg_220x220q75.jpg_.avif","['High-concerned chemical', 'None', 'With Magnetic', 'No', 'Pieces Included', '1pcs 2pcs 3pcs 5pcs', 'Material', 'Plastic', 'Origin', 'Mainland China']",https://www.aliexpress.us/item/3256811380051901.html?algo_pvid=b014b533-fe79-4c48-a474-c7fa15414787&algo_exp_id=b014b533-fe79-4c48-a474-c7fa15414787-8&pdp_ext_f=%7B%22order%22%3A%2268%22%2C%22eval%22%3A%221%22%2C%22fromPage%22%3A%22search%22%7D&pdp_npi=6%40dis%21USD%214.08%211.54%21%21%2127.69%2110.45%21%402101364d17768959628995863e83f0%2112000055939724149%21sea%21US%210%21ABX%211%210%21n_tag%3A-29910%3Bd%3A7753d89f%3Bm03_new_user%3A-29895%3BpisId%3A5000000204886261&curPageLogUid=iarIFSE7LBGv&utparam-url=scene%3Asearch%7Cquery_from%3A%7Cx_object_id%3A1005011566366653%7C_p_origin_prod%3A
Universal Mobile Phone Repair Tool LCD Screen Opening Tool Glass Lifter Disassembly Heavy Duty Suction Cup For Phone iPad Tablet,$0.99 ,"https://ae-pic-a1.aliexpress-media.com/kf/Sdd13357df7b04400af9852a94086ae44M.jpg_220x220q75.jpg_.avif,https://ae-pic-a1.aliexpress-media.com/kf/S8fbaf6f2f2e542e59aa6dec7562376d4e.jpg?has_lang=1&ver=1_220x220q75.jpg_.avif,https://ae-pic-a1.aliexpress-media.com/kf/S7705a2c39c304794a09f249629f51321M.jpg?has_lang=1&ver=1_220x220q75.jpg_.avif,https://ae-pic-a1.aliexpress-media.com/kf/Sf203abbabcb740b8bb25d3a155f6f21cR.jpg?has_lang=1&ver=1_220x220q75.jpg_.avif,https://ae-pic-a1.aliexpress-media.com/kf/S22b17f669c3d4c2bb7e660dff8cc0f4eK.jpg?has_lang=1&ver=1_220x220q75.jpg_.avif","['High-concerned chemical', 'None', 'With Magnetic', 'No', 'Pieces Included', '1pcs', 'Material', 'Plastic', 'Brand Name', 'QUERPXAF', 'Origin', 'Mainland China']",https://www.aliexpress.us/item/3256810518292462.html?algo_pvid=b014b533-fe79-4c48-a474-c7fa15414787&algo_exp_id=b014b533-fe79-4c48-a474-c7fa15414787-9&pdp_ext_f=%7B%22order%22%3A%2268%22%2C%22eval%22%3A%221%22%2C%22fromPage%22%3A%22search%22%7D&pdp_npi=6%40dis%21USD%214.57%210.99%21%21%2131.02%216.68%21%402101364d17768959628995863e83f0%2112000053247568161%21sea%21US%210%21ABX%211%210%21n_tag%3A-29910%3Bd%3A7753d89f%3Bm03_new_user%3A-29895%3BpisId%3A5000000203537387&curPageLogUid=2EcEsrbkHs5J&utparam-url=scene%3Asearch%7Cquery_from%3A%7Cx_object_id%3A1005010704607214%7C_p_origin_prod%3A
3PCS Emery grinding head Tip 1mm/2mm/3mm/4mm/5mm Cutting Drill bit for 2.35mm Polishing pen Screw cutting IC chip grinding,$1.64 ,"https://ae-pic-a1.aliexpress-media.com/kf/S5a885016b10a40da8965ec72c555d857F.jpg?has_lang=1&ver=1_220x220q75.jpg_.avif,https://ae-pic-a1.aliexpress-media.com/kf/Sbf30d80fc1784dea94b32631e4aa9e27D.png?has_lang=1&ver=1_220x220.png_.avif,https://ae-pic-a1.aliexpress-media.com/kf/S2104575d0d54406c9b99a8e339e56de6H.png?has_lang=1&ver=1_220x220.png_.avif,https://ae-pic-a1.aliexpress-media.com/kf/Sc4ec24794b944d1e9e0201b5e4001d9dw.png?has_lang=1&ver=1_220x220.png_.avif,https://ae-pic-a1.aliexpress-media.com/kf/S3f238967a97143a88878f69ee1191281H.png?has_lang=1&ver=1_220x220.png_.avif","['High-concerned chemical', 'None', 'Pieces Included', '3', 'Material', 'Other', 'Origin', 'Mainland China']",https://www.aliexpress.us/item/3256809958873600.html?algo_pvid=b014b533-fe79-4c48-a474-c7fa15414787&algo_exp_id=b014b533-fe79-4c48-a474-c7fa15414787-10&pdp_ext_f=%7B%22order%22%3A%2268%22%2C%22eval%22%3A%221%22%2C%22fromPage%22%3A%22search%22%7D&pdp_npi=6%40dis%21USD%211.64%211.64%21%21%2111.12%2111.12%21%402101364d17768959628995863e83f0%2112000051631274797%21sea%21US%210%21ABX%211%210%21n_tag%3A-29910%3Bd%3A7753d89f%3Bm03_new_user%3A-29895&curPageLogUid=4HQPP5Phzhnd&utparam-url=scene%3Asearch%7Cquery_from%3A%7Cx_object_id%3A1005010145188352%7C_p_origin_prod%3A
100pcs 1:1-10:1 Epoxy Adhesive Applicator Static Mixer Mixing Tips Head AB Glue AB Gun Dispenser Needle,$12.67 ,"https://ae-pic-a1.aliexpress-media.com/kf/Sa77d78fc61ce4bfc9c2369a2c51e166fE.jpg_220x220q75.jpg_.avif,https://ae-pic-a1.aliexpress-media.com/kf/S3a57ce8d292647a6aeda3ead5b869d4dY.jpg_220x220q75.jpg_.avif,https://ae-pic-a1.aliexpress-media.com/kf/S1ee884588beb4e33bd968b8ff89c3721Z.jpg_220x220q75.jpg_.avif,https://ae-pic-a1.aliexpress-media.com/kf/S6687e8d055c34449836af0e25320a4dee.jpg_220x220q75.jpg_.avif,https://ae-pic-a1.aliexpress-media.com/kf/Sa7ebb77cf6b647b685e8a276551244f61.jpg_220x220q75.jpg_.avif","['High-concerned chemical', 'None', 'Pieces Included', '1', 'Material', 'Other', 'Origin', 'Mainland China']",https://www.aliexpress.us/item/3256807384952881.html?algo_pvid=b014b533-fe79-4c48-a474-c7fa15414787&algo_exp_id=b014b533-fe79-4c48-a474-c7fa15414787-11&pdp_ext_f=%7B%22order%22%3A%2268%22%2C%22eval%22%3A%221%22%2C%22fromPage%22%3A%22search%22%7D&pdp_npi=6%40dis%21USD%2113.17%2112.67%21%21%2189.40%2186.01%21%402101364d17768959628995863e83f0%2112000041340933910%21sea%21US%210%21ABX%211%210%21n_tag%3A-29910%3Bd%3A7753d89f%3Bm03_new_user%3A-29895%3BpisId%3A5000000204886261&curPageLogUid=PeFNERu4U4x0&utparam-url=scene%3Asearch%7Cquery_from%3A%7Cx_object_id%3A1005007571267633%7C_p_origin_prod%3A
WYLIE Multifunctional Glue Removal Knife Blade Kit For LCD Screen Frame Main Board IC CHIP Edge Adhesive Removal Repair Tools,$3.61 ,"https://ae-pic-a1.aliexpress-media.com/kf/Se25e9eea900f4563b2ae8d7cbefa5bb2h.jpg_220x220q75.jpg_.avif,https://ae-pic-a1.aliexpress-media.com/kf/Se25e9eea900f4563b2ae8d7cbefa5bb2h.jpg_220x220q75.jpg_.avif,https://ae-pic-a1.aliexpress-media.com/kf/S945caef38f314a1d8c797b436655194b5.jpg_220x220q75.jpg_.avif,https://ae-pic-a1.aliexpress-media.com/kf/Sefd4e9cec84746c3a48471f9b9a5ef45d.jpg_220x220q75.jpg_.avif,https://ae-pic-a1.aliexpress-media.com/kf/S369829fdcc194431ae18936fab5c31f1V.jpg_220x220q75.jpg_.avif","['High-concerned chemical', 'None', 'Pieces Included', '10 in 1', 'Material', 'Other', 'Brand Name', 'NoEnName_Null', 'Origin', 'Mainland China']",https://www.aliexpress.us/item/3256806537385602.html?algo_pvid=b014b533-fe79-4c48-a474-c7fa15414787&algo_exp_id=b014b533-fe79-4c48-a474-c7fa15414787-12&pdp_ext_f=%7B%22order%22%3A%2268%22%2C%22eval%22%3A%221%22%2C%22fromPage%22%3A%22search%22%7D&pdp_npi=6%40dis%21USD%214.11%213.61%21%21%214.11%213.61%21%402101364d17768959628995863e83f0%2112000052061313836%21sea%21US%210%21ABX%211%210%21n_tag%3A-29910%3Bd%3A7753d89f%3Bm03_new_user%3A-29895%3BpisId%3A5000000204886261&curPageLogUid=KkM1TqwFvxNs&utparam-url=scene%3Asearch%7Cquery_from%3A%7Cx_object_id%3A1005006723700354%7C_p_origin_prod%3A
E-FIXIT High Precision Screwdriver Set For iPhone Android LCD Screen Repair Disassembly Opener Tools Kit,$3.96 ,"https://ae-pic-a1.aliexpress-media.com/kf/S79489679bbd9440190ea7bb0cd47bd7cq.jpg_220x220q75.jpg_.avif,https://ae-pic-a1.aliexpress-media.com/kf/S79489679bbd9440190ea7bb0cd47bd7cq.jpg_220x220q75.jpg_.avif,https://ae-pic-a1.aliexpress-media.com/kf/S3bc20e77112948999a2d2294ec796ae7d.jpg_220x220q75.jpg_.avif,https://ae-pic-a1.aliexpress-media.com/kf/S1e8a5e2874ce4525a20af28559119dbam.jpg_220x220q75.jpg_.avif,https://ae-pic-a1.aliexpress-media.com/kf/S6d684e13dfc846d896fc43b988abf5e7V.jpg_220x220q75.jpg_.avif","['High-concerned chemical', 'None', 'Pieces Included', '1', 'Material', 'Other', 'Brand Name', 'manumoc', 'Origin', 'Mainland China']",https://www.aliexpress.us/item/3256804996554843.html?algo_pvid=b014b533-fe79-4c48-a474-c7fa15414787&algo_exp_id=b014b533-fe79-4c48-a474-c7fa15414787-13&pdp_ext_f=%7B%22order%22%3A%2268%22%2C%22eval%22%3A%221%22%2C%22fromPage%22%3A%22search%22%7D&pdp_npi=6%40dis%21USD%214.46%213.96%21%21%2130.28%2126.89%21%402101364d17768959628995863e83f0%2112000032012458362%21sea%21US%210%21ABX%211%210%21n_tag%3A-29910%3Bd%3A7753d89f%3Bm03_new_user%3A-29895%3BpisId%3A5000000204886261&curPageLogUid=pxjLxT6ARqUf&utparam-url=scene%3Asearch%7Cquery_from%3A%7Cx_object_id%3A1005005182869595%7C_p_origin_prod%3A
KAISI 50pcs 200pcs LCD Cleaning Cloth 9*9 Lint Free Polyester Cleanroom Dust-free Cloth Dust Free Paper Phone LCD Repair Tool,$2.33 ,"https://ae-pic-a1.aliexpress-media.com/kf/S08bad5c990d34d6bb0dfb69912f8438eJ.jpg_220x220q75.jpg_.avif,https://ae-pic-a1.aliexpress-media.com/kf/S08bad5c990d34d6bb0dfb69912f8438eJ.jpg_220x220q75.jpg_.avif,https://ae-pic-a1.aliexpress-media.com/kf/S20369bab56e346afb4475eb2988159e9D.jpg_220x220q75.jpg_.avif,https://ae-pic-a1.aliexpress-media.com/kf/S2934add09ed14d3190630b056a077c547.jpg_220x220q75.jpg_.avif,https://ae-pic-a1.aliexpress-media.com/kf/Sc2ab7b596ba0402fa8e092f68e9707d29.jpg_220x220q75.jpg_.avif","['High-concerned chemical', 'None', 'Model Number', '2626', 'Pieces Included', '1', 'Material', 'Other', 'Origin', 'Mainland China', 'Item Weight', '30g', 'Usage', 'LCD Display', 'Material', 'Fibre', 'Feature', 'Stocked', 'Season', 'Everyday', 'Room Space Selection', 'Not Support', 'Occasion Selection', 'Not Support', 'Holiday Selection', 'Not Support']",https://www.aliexpress.us/item/3256806782122219.html?algo_pvid=b014b533-fe79-4c48-a474-c7fa15414787&algo_exp_id=b014b533-fe79-4c48-a474-c7fa15414787-39&pdp_ext_f=%7B%22order%22%3A%2268%22%2C%22eval%22%3A%221%22%2C%22fromPage%22%3A%22search%22%7D&pdp_npi=6%40dis%21USD%2112.75%214.75%21%21%2112.75%214.75%21%402101364d17768959628995863e83f0%2112000038889388267%21sea%21US%210%21ABX%211%210%21n_tag%3A-29910%3Bd%3A7753d89f%3Bm03_new_user%3A-29895%3BpisId%3A5000000203537387&curPageLogUid=oLvJZuwKOrwC&utparam-url=scene%3Asearch%7Cquery_from%3A%7Cx_object_id%3A1005006968436971%7C_p_origin_prod%3A
Inside sim card tray For iPhone12 to 16promax is inner sim tray,$9.50 ,"https://ae-pic-a1.aliexpress-media.com/kf/S2e188f32370d4e9582dafb24566e3b2dB.png_220x220.png_.avif,https://ae-pic-a1.aliexpress-media.com/kf/S1003b662061343f3853db14d6272bbc06.jpg_220x220q75.jpg_.avif,https://ae-pic-a1.aliexpress-media.com/kf/S67d6a3bcc166456f926f126d00dc952dr.jpg_220x220q75.jpg_.avif,https://ae-pic-a1.aliexpress-media.com/kf/S03b14d8dcca24605ba1847e998493a840.jpg_220x220q75.jpg_.avif","['High-concerned chemical', 'None', 'With Magnetic', 'No', 'Model Number', 'Inside sim card tray', 'Pieces Included', '1', 'Material', 'Other', 'Origin', 'Mainland China', 'Name', 'Inside sim card tray']",https://www.aliexpress.us/item/3256811379064284.html?algo_pvid=b014b533-fe79-4c48-a474-c7fa15414787&algo_exp_id=b014b533-fe79-4c48-a474-c7fa15414787-14&pdp_ext_f=%7B%22order%22%3A%2267%22%2C%22eval%22%3A%221%22%2C%22fromPage%22%3A%22search%22%7D&pdp_npi=6%40dis%21USD%2110.00%219.50%21%21%2110.00%219.50%21%402101364d17768959628995863e83f0%2112000055935773669%21sea%21US%210%21ABX%211%210%21n_tag%3A-29910%3Bd%3A7753d89f%3Bm03_new_user%3A-29895%3BpisId%3A5000000204886261&curPageLogUid=FiLdCAspV9dm&utparam-url=scene%3Asearch%7Cquery_from%3A%7Cx_object_id%3A1005011565379036%7C_p_origin_prod%3A
NEW Power Supply IC for Iphone 17 17PRO MAX AIR U2 CBTL1701B0 343S00805/343S00826 Solves Charging Problem Chip Replacement Parts,$102.00 ,"https://ae-pic-a1.aliexpress-media.com/kf/Sa83fe3312cfd42ce837d86269156d14aB.jpg?has_lang=1&ver=1_220x220q75.jpg_.avif,https://ae-pic-a1.aliexpress-media.com/kf/Sa83fe3312cfd42ce837d86269156d14aB.jpg?has_lang=1&ver=1_220x220q75.jpg_.avif,https://ae-pic-a1.aliexpress-media.com/kf/Sbc22c743edee45e7b7fa9aad00c49564B.jpg?has_lang=1&ver=1_220x220q75.jpg_.avif,https://ae-pic-a1.aliexpress-media.com/kf/Sef9fc6046529416088e66c6440c609f5q.jpg?has_lang=1&ver=1_220x220q75.jpg_.avif,https://ae-pic-a1.aliexpress-media.com/kf/S79ad1b274122464ba6eb2b470b4105f2w.jpg?has_lang=1&ver=1_220x220q75.jpg_.avif","['High-concerned chemical', 'None', 'With Magnetic', 'No', 'Model Number', 'CBTL1701B0/343S00826', 'Pieces Included', '1', 'Material', 'Plastic', 'Brand Name', 'NoEnName_Null', 'Origin', 'Mainland China', 'Brand Name', 'oneten', 'Use', 'USB Charging Dock', 'Compatible iPhone Model', 'IP 17 series']",https://www.aliexpress.us/item/3256810080757566.html?algo_pvid=b014b533-fe79-4c48-a474-c7fa15414787&algo_exp_id=b014b533-fe79-4c48-a474-c7fa15414787-15&pdp_ext_f=%7B%22order%22%3A%2267%22%2C%22eval%22%3A%221%22%2C%22fromPage%22%3A%22search%22%7D&pdp_npi=6%40dis%21USD%21205.00%21102.00%21%21%21205.00%21102.00%21%402101364d17768959628995863e83f0%2112000051719095678%21sea%21US%210%21ABX%211%210%21n_tag%3A-29910%3Bd%3A7753d89f%3Bm03_new_user%3A-29895%3BpisId%3A5000000204886261&curPageLogUid=I2pZPXNUIfw5&utparam-url=scene%3Asearch%7Cquery_from%3A%7Cx_object_id%3A1005010267072318%7C_p_origin_prod%3A
RELIFE RL-043B Silicone Air Blow Ball Dust Blower Ejector Removing PCB Keyboard Camera Lens Cleaning LCD Phone Repair Tool,$0.99 ,"https://ae-pic-a1.aliexpress-media.com/kf/S72463e95fb0e40c7b35c206d1f151e58K.jpg_220x220q75.jpg_.avif,https://ae-pic-a1.aliexpress-media.com/kf/Scb02161751304dd2bb94be94351c02e3a.jpg_220x220q75.jpg_.avif,https://ae-pic-a1.aliexpress-media.com/kf/S15d2e2adebc240db954d9988c8de46ea7.jpg_220x220q75.jpg_.avif,https://ae-pic-a1.aliexpress-media.com/kf/S0e52376c20724872875535f61c9080b43.jpg_220x220q75.jpg_.avif,https://ae-pic-a1.aliexpress-media.com/kf/Sd442fc2f584d42daa69acce4bcd639e7X.jpg_220x220q75.jpg_.avif","['High-concerned chemical', 'None', 'Pieces Included', '1', 'Material', 'Other', 'Origin', 'Mainland China']",https://www.aliexpress.us/item/3256809761679533.html?algo_pvid=b014b533-fe79-4c48-a474-c7fa15414787&algo_exp_id=b014b533-fe79-4c48-a474-c7fa15414787-17&pdp_ext_f=%7B%22order%22%3A%2267%22%2C%22eval%22%3A%221%22%2C%22fromPage%22%3A%22search%22%7D&pdp_npi=6%40dis%21USD%213.67%210.99%21%21%2124.92%216.73%21%402101364d17768959628995863e83f0%2112000050654641431%21sea%21US%210%21ABX%211%210%21n_tag%3A-29910%3Bd%3A7753d89f%3Bm03_new_user%3A-29895%3BpisId%3A5000000203537387&curPageLogUid=vFBHPFVl4Vhi&utparam-url=scene%3Asearch%7Cquery_from%3A%7Cx_object_id%3A1005009947994285%7C_p_origin_prod%3A
MECHANIC LS6 Microscope Polarized LED Ring Light Lamp Anti Glare Illuminators Source Eliminating Reflections Repair Light Source,$14.67 ,"https://ae-pic-a1.aliexpress-media.com/kf/S055de0a787864bb8ab278cb63b68f19aA.png?has_lang=1&ver=1_220x220.png_.avif,https://ae-pic-a1.aliexpress-media.com/kf/S055de0a787864bb8ab278cb63b68f19aA.png?has_lang=1&ver=1_220x220.png_.avif,https://ae-pic-a1.aliexpress-media.com/kf/S9154ebd6abb442dc90b6c17077f14443x.png?has_lang=1&ver=1_220x220.png_.avif,https://ae-pic-a1.aliexpress-media.com/kf/S32b6b018df464151874256ec4713d0c6f.png?has_lang=1&ver=1_220x220.png_.avif,https://ae-pic-a1.aliexpress-media.com/kf/S2c887c77db504406a83e920b36cd8a800.png?has_lang=1&ver=1_220x220.png_.avif","['High-concerned chemical', 'None', 'With Magnetic', 'No', 'Model Number', 'MECHANIC LS6 LS5', 'Pieces Included', '1', 'Material', 'Other', 'Brand Name', 'NoEnName_Null', 'Origin', 'Mainland China', 'Brand', 'MECHANIC', 'Specification 2', 'LED Ring Light', 'Specification 3', 'Microscope Polarized LED Ring Light', 'Specification 4', 'microscope LED Ring Light', 'Specification 1', 'microscope LED light', 'Model', 'LS5/LS6']",https://www.aliexpress.us/item/3256809427362903.html?algo_pvid=b014b533-fe79-4c48-a474-c7fa15414787&algo_exp_id=b014b533-fe79-4c48-a474-c7fa15414787-18&pdp_ext_f=%7B%22order%22%3A%2267%22%2C%22eval%22%3A%221%22%2C%22fromPage%22%3A%22search%22%7D&pdp_npi=6%40dis%21USD%2122.46%2116.96%21%21%2122.46%2116.96%21%402101364d17768959628995863e83f0%2112000053408309014%21sea%21US%210%21ABX%211%210%21n_tag%3A-29910%3Bd%3A7753d89f%3Bm03_new_user%3A-29895%3BpisId%3A5000000203537339&curPageLogUid=BRem2i2CGihg&utparam-url=scene%3Asearch%7Cquery_from%3A%7Cx_object_id%3A1005009613677655%7C_p_origin_prod%3A
RELIFE 15/50ml Transparent Clear Adhesive Glue CP-0001 And Black Glue CP0002 for Mobile Phone PAD LCD Screen Glass Repair,$2.98 ,"https://ae-pic-a1.aliexpress-media.com/kf/S3161374579b04d6ab702f6e0189c7412v.png?has_lang=1&ver=1_220x220.png_.avif,https://ae-pic-a1.aliexpress-media.com/kf/S3161374579b04d6ab702f6e0189c7412v.png?has_lang=1&ver=1_220x220.png_.avif,https://ae-pic-a1.aliexpress-media.com/kf/S04c8c90fd06c420690b769c9781e10e6e.jpg?has_lang=1&ver=1_220x220q75.jpg_.avif,https://ae-pic-a1.aliexpress-media.com/kf/Sfc33868ba93a42c6ac73873e62e6eee9v.jpg?has_lang=1&ver=1_220x220q75.jpg_.avif,https://ae-pic-a1.aliexpress-media.com/kf/Sb3d5226d3a02481991c7b2e9feccf0779.jpg?has_lang=1&ver=1_220x220q75.jpg_.avif","['High-concerned chemical', 'None', 'Model Number', 'CP-0001', 'Pieces Included', '6 in 1', 'Material', 'Other', 'Origin', 'Mainland China']",https://www.aliexpress.us/item/3256809066241454.html?algo_pvid=b014b533-fe79-4c48-a474-c7fa15414787&algo_exp_id=b014b533-fe79-4c48-a474-c7fa15414787-19&pdp_ext_f=%7B%22order%22%3A%2267%22%2C%22eval%22%3A%221%22%2C%22fromPage%22%3A%22search%22%7D&pdp_npi=6%40dis%21USD%216.97%212.98%21%21%2147.35%2120.28%21%402101364d17768959628995863e83f0%2112000048482972597%21sea%21US%210%21ABX%211%210%21n_tag%3A-29910%3Bd%3A7753d89f%3Bm03_new_user%3A-29895%3BpisId%3A5000000204886261&curPageLogUid=OCIDFE07m9qc&utparam-url=scene%3Asearch%7Cquery_from%3A%7Cx_object_id%3A1005009252556206%7C_p_origin_prod%3A
Refox Whole Phone Polishing Machine Waterproof Mold For iPhone 17 17Pro max 11 Air 12 13 Pro 14 iWatch S10 S9 S8 S7 Repair Tools,$10.00 ,"https://ae-pic-a1.aliexpress-media.com/kf/Ad306c678817e4555a38a02645ba2345dQ.jpg_220x220q75.jpg_.avif,https://ae-pic-a1.aliexpress-media.com/kf/Ad306c678817e4555a38a02645ba2345dQ.jpg_220x220q75.jpg_.avif,https://ae-pic-a1.aliexpress-media.com/kf/A17666477ff5945cdb32c98406ec6e9dat.jpg_220x220q75.jpg_.avif,https://ae-pic-a1.aliexpress-media.com/kf/Aec6e428374a24cf681c31fd9a0b936bbY.jpg_220x220q75.jpg_.avif,https://ae-pic-a1.aliexpress-media.com/kf/A23db10f6dd2b4e07a67f15e271ef5353O.jpg_220x220q75.jpg_.avif","['High-concerned chemical', 'None', 'With Magnetic', 'No', 'Model Number', 'Refox Polishing Machine Mold Mould for REFOX AP-32', 'Pieces Included', 'other', 'Material', 'S2 Alloy Steel', 'Origin', 'Mainland China', 'Name', 'Refox AP32 Grinding Polishing Machine', 'Feature 1', 'Equipped with scale markings for easy observation of acrylic water tanks', 'Feature 2', 'Small size, usability-easy to use', 'Feature 3', 'Built in liquid circulation systemvious thermal cameras.', 'Feature 4', 'Equipped with forward and reverse functions, which can improve the service life of blanketss', 'Feature 5', 'Intelligent touch screen operation', 'Function', 'Can polish all mobile phone screens and back cover', 'Support model 1', 'For IPX A1865 A1901 A1902 /XS A2097 A1920 A2100 A2098/XS max A2101 A1921 A2104 A2102/XR A2105 A2105 A1984 A2107 A2108 A2106', 'Support model 2', 'For IP11 A2221 A2111 A2223/11pro A2215 A2160 A2217 /11pro max A2218 A2161 A2220', 'Support model 3', 'For IP12 A2403 A2172 A2402 A2404/12pro A2407 A2341 A2406 A2408/12mini A2399 A2176 A2398 A2400/12pro max A2411 A2342 A2410 A2412', 'Support model 4', 'For IP13 A2633 A2482 A2631 A2634 A2635/13pro A2638 A2483 A2636 A2639 A2640/13mini A2628 A2481 A2626 A2629 A2630/13pro max A2643 A2484 A2641 A2644 A2645', 'Support model 5', 'For IP14 A2882 A2649 A2881 A2884 A2883/14pro A2890 A2650 A2889 A2892 A2891/14plus A2886 A2632 A2885 A2888 A2887/14pro max A2894 A2651 A2893 A2896 A2895', 'Support model 6', 'For IP15 A3090 A2846 A3089 A3092/15plus A3094 A2847 A3093 A3096/15pro A3102 A2848 A3101 A3104/15pro max/ A3106 A2849 A3105 A3108', 'Support model 7', 'For IP16 A3287 A3081 A3286 A3288/16Plus A3290 A3082 A3289 A3291/16Pro A3293 A3083 A3292 A3294/16Pro max A3296 A3084 A3295 A3297', 'Support model 8', 'For IP16E A3212 A3409 A3410 A3408']",https://www.aliexpress.us/item/3256808285437107.html?algo_pvid=b014b533-fe79-4c48-a474-c7fa15414787&algo_exp_id=b014b533-fe79-4c48-a474-c7fa15414787-20&pdp_ext_f=%7B%22order%22%3A%2267%22%2C%22eval%22%3A%221%22%2C%22fromPage%22%3A%22search%22%7D&pdp_npi=6%40dis%21USD%2115.00%2110.00%21%21%2115.00%2110.00%21%402101364d17768959628995863e83f0%2112000045295338012%21sea%21US%210%21ABX%211%210%21n_tag%3A-29910%3Bd%3A7753d89f%3Bm03_new_user%3A-29895%3BpisId%3A5000000204886261&curPageLogUid=bJYilo7wBz1J&utparam-url=scene%3Asearch%7Cquery_from%3A%7Cx_object_id%3A1005008471751859%7C_p_origin_prod%3A
JCID Infrared FPC Flex Cable For iPhone X XS Max 11Pro 12 13 For Assistant Face ID Dot Projector Repair Swap Components,$2.90 ,"https://ae-pic-a1.aliexpress-media.com/kf/Secebe7bf7bec4bbf96747e4657ec3c9ad.png_220x220.png_.avif,https://ae-pic-a1.aliexpress-media.com/kf/Secebe7bf7bec4bbf96747e4657ec3c9ad.png_220x220.png_.avif,https://ae-pic-a1.aliexpress-media.com/kf/S80981db19ca34807918c9335fc101874s.jpg_220x220q75.jpg_.avif,https://ae-pic-a1.aliexpress-media.com/kf/Secbb0f3503f94d568edcb5c2bedd1808u.jpg_220x220q75.jpg_.avif,https://ae-pic-a1.aliexpress-media.com/kf/S855de55fd966408592233710ba4fe477n.jpg_220x220q75.jpg_.avif","['High-concerned chemical', 'None', 'With Magnetic', 'No', 'Model Number', 'JCID', 'Pieces Included', '1pcs', 'Material', 'Other', 'Origin', 'Mainland China', 'Functions', 'Face ID Dot Projector Repair Swap Components', 'Name', 'Infrared FPC Flex Cable', 'Product for', 'iphone 10 cable,iphone flex cable repair,iphone xs max flex,iphone 11 pro flex,iphone x flex,cable iphone 11 pro', 'Apply to', 'iPhone X XS Max XR,iPhone 11 11Pro 11ProMax']",https://www.aliexpress.us/item/3256807155880506.html?algo_pvid=b014b533-fe79-4c48-a474-c7fa15414787&algo_exp_id=b014b533-fe79-4c48-a474-c7fa15414787-21&pdp_ext_f=%7B%22order%22%3A%2267%22%2C%22eval%22%3A%221%22%2C%22fromPage%22%3A%22search%22%7D&pdp_npi=6%40dis%21USD%213.40%212.90%21%21%2123.07%2119.68%21%402101364d17768959628995863e83f0%2112000040341632082%21sea%21US%210%21ABX%211%210%21n_tag%3A-29910%3Bd%3A7753d89f%3Bm03_new_user%3A-29895%3BpisId%3A5000000204886261&curPageLogUid=Mg6nFLQYEq7S&utparam-url=scene%3Asearch%7Cquery_from%3A%7Cx_object_id%3A1005007342195258%7C_p_origin_prod%3A
DL400 Pro 17Air 6-13/14/15 15Plus 16 17 Pro Max 16Pro 17ProMax LCD Test Flex Cable Display Touch Testing DL400Pro Tester Flex,$5.85 ,"https://ae-pic-a1.aliexpress-media.com/kf/S0cf4df79eb444e60bbbf334d988687afi.jpg_220x220q75.jpg_.avif,https://ae-pic-a1.aliexpress-media.com/kf/S2a3b313416174633b117146960a23705M.jpg_220x220q75.jpg_.avif,https://ae-pic-a1.aliexpress-media.com/kf/S025d41b4650149878971103060718383o.jpg_220x220q75.jpg_.avif,https://ae-pic-a1.aliexpress-media.com/kf/Se4535d72cf20437bbfaf67ead54f06eeW.jpg_220x220q75.jpg_.avif,https://ae-pic-a1.aliexpress-media.com/kf/S8eae838c8dca42f6897e20e76f496ea9V.jpg_220x220q75.jpg_.avif","['High-concerned chemical', 'None', 'With Magnetic', 'No', 'Pieces Included', 'BOX', 'Material', 'Chrome Vanadium Steel', 'Origin', 'Mainland China', 'name', 'Digitize Display Touch Screen Tester', 'usage', 'mobile phone glass with touch Testing', 'function', 'Testing display and touch', 'NOte', '13/14/15 Pro max must work with EDP board', 'advantage', 'Accurate testing and easy operation']",https://www.aliexpress.us/item/3256806236400687.html?algo_pvid=b014b533-fe79-4c48-a474-c7fa15414787&algo_exp_id=b014b533-fe79-4c48-a474-c7fa15414787-22&pdp_ext_f=%7B%22order%22%3A%2267%22%2C%22eval%22%3A%221%22%2C%22fromPage%22%3A%22search%22%7D&pdp_npi=6%40dis%21USD%215.85%215.85%21%21%215.85%215.85%21%402101364d17768959628995863e83f0%2112000037109951103%21sea%21US%210%21ABX%211%210%21n_tag%3A-29910%3Bd%3A7753d89f%3Bm03_new_user%3A-29895&curPageLogUid=h3NYAya81KPh&utparam-url=scene%3Asearch%7Cquery_from%3A%7Cx_object_id%3A1005006422715439%7C_p_origin_prod%3A
XZZ XINZHIZAO P2 Probe Tip Extra Sharp Multimeter Pen 1000V 20A Super Conducting Universal Multimeter Probe Replaceable,$0.99 ,"https://ae-pic-a1.aliexpress-media.com/kf/Sc07c8d16854d47b9b092682b8fd043bfK.png_220x220.png_.avif,https://ae-pic-a1.aliexpress-media.com/kf/Sc07c8d16854d47b9b092682b8fd043bfK.png_220x220.png_.avif,https://ae-pic-a1.aliexpress-media.com/kf/S4d7d6df5bcc649beac224fd4a6ec19acT.jpg_220x220q75.jpg_.avif,https://ae-pic-a1.aliexpress-media.com/kf/Sc2285fc6380a4614830a483f6810943bx.jpg_220x220q75.jpg_.avif,https://ae-pic-a1.aliexpress-media.com/kf/S870db9b8a08240f4a592815f62a079e6g.jpg_220x220q75.jpg_.avif","['High-concerned chemical', 'None', 'With Magnetic', 'No', 'Model Number', 'P2', 'Pieces Included', '1', 'Material', 'Other', 'Origin', 'Mainland China', 'name', 'P2 Probe Tip', 'Voltage Resistance', '1000V', 'Lead wire outer diameter', '3.0mm', 'Current Resistance', '20A', 'Product Full Length', '121cm']",https://www.aliexpress.us/item/3256806049709256.html?algo_pvid=b014b533-fe79-4c48-a474-c7fa15414787&algo_exp_id=b014b533-fe79-4c48-a474-c7fa15414787-23&pdp_ext_f=%7B%22order%22%3A%2267%22%2C%22eval%22%3A%221%22%2C%22fromPage%22%3A%22search%22%7D&pdp_npi=6%40dis%21USD%2110.71%212.71%21%21%2172.73%2118.42%21%402101364d17768959628995863e83f0%2112000036406990210%21sea%21US%210%21ABX%211%210%21n_tag%3A-29910%3Bd%3A7753d89f%3Bm03_new_user%3A-29895%3BpisId%3A5000000203537387&curPageLogUid=Pbz1BuZjYWnk&utparam-url=scene%3Asearch%7Cquery_from%3A%7Cx_object_id%3A1005006236024008%7C_p_origin_prod%3A
10pcs 27Pcs/Set 90*90mm BGA Universal Stencils For Laptop Rework IC Chip Reballing Kit Use,$9.90 ,"https://ae-pic-a1.aliexpress-media.com/kf/Hc374bb7eaf6742cc8415545a7d44e469p.jpg_220x220q75.jpg_.avif,https://ae-pic-a1.aliexpress-media.com/kf/Ha9b08b5f043740faa497524c584f4c54C.jpg_220x220q75.jpg_.avif,https://ae-pic-a1.aliexpress-media.com/kf/H4608c680d6254fdfb3c06b94cb14541el.jpg_220x220q75.jpg_.avif,https://ae-pic-a1.aliexpress-media.com/kf/Hf835cd5a28484d3790cc57ec660e720bm.png_220x220.png_.avif,https://ae-pic-a1.aliexpress-media.com/kf/H7f93d051c33648ffad7b8834ede7f61fb.jpg_220x220q75.jpg_.avif","['High-concerned chemical', 'None', 'With Magnetic', 'No', 'Model Number', '90*90mm BGA Universal Stencils', 'Pieces Included', '1', 'Material', 'Other', 'Origin', 'Mainland China', 'Material', 'Steel mesh', 'Name', '90*90mm BGA Universal Stencils', 'Types of BGA Stencils', '10pcs 27Pcs/Set', 'Apply to kit Types', '90*90 BGA reballing kit', 'Color', 'gray', 'Apply to', 'Laptop phone game console Rework IC Chip Reballing']",https://www.aliexpress.us/item/3256802111846587.html?algo_pvid=b014b533-fe79-4c48-a474-c7fa15414787&algo_exp_id=b014b533-fe79-4c48-a474-c7fa15414787-24&pdp_ext_f=%7B%22order%22%3A%2267%22%2C%22eval%22%3A%221%22%2C%22fromPage%22%3A%22search%22%7D&pdp_npi=6%40dis%21USD%2110.40%219.90%21%21%2110.40%219.90%21%402101364d17768959628995863e83f0%2112000019975000215%21sea%21US%210%21ABX%211%210%21n_tag%3A-29910%3Bd%3A7753d89f%3Bm03_new_user%3A-29895%3BpisId%3A5000000204886261&curPageLogUid=EVzFJwPmGyJo&utparam-url=scene%3Asearch%7Cquery_from%3A%7Cx_object_id%3A1005002298161339%7C_p_origin_prod%3A
Frame Magnetic Clamping Press Mold For iPhone 15 16Pro 16 17 13 14 Pro Max LCD Screen Glass Bezel Hold Laminating Mould Repair,$16.57/lot,"https://ae-pic-a1.aliexpress-media.com/kf/S52b54396624c40d48e8076f7d3782998i.jpg_220x220q75.jpg_.avif,https://ae-pic-a1.aliexpress-media.com/kf/S52b54396624c40d48e8076f7d3782998i.jpg_220x220q75.jpg_.avif,https://ae-pic-a1.aliexpress-media.com/kf/S361af13dc5994602995e981961826a4aM.jpg_220x220q75.jpg_.avif,https://ae-pic-a1.aliexpress-media.com/kf/S0e9ff94b15634182b82ff59efdcd2e9ai.jpg_220x220q75.jpg_.avif,https://ae-pic-a1.aliexpress-media.com/kf/S5025149b568b453b8adaa9bd81f0fb80I.jpg_220x220q75.jpg_.avif","['High-concerned chemical', 'None', 'With Magnetic', 'No', 'Model Number', 'For iPhone 12mini/ 12/12pro/12 pro max', 'Pieces Included', '2', 'Material', 'Chrome Vanadium Steel', 'Origin', 'Mainland China', 'Name', 'Clamping mold glass frame holding mold', 'Usage', 'For iPhone glass frame cold glue holding', 'Function', 'Keep the frame and screen close together', 'Advantage', 'holding close together not damage glass frame', 'Feature', '100% brand NEW', 'Support model 1', 'For IPX A1865 A1901 A1902 /XS A2097 A1920 A2100 A2098/XS max A2101 A1921 A2104 A2102/XR A2105 A2105 A1984 A2107 A2108 A2106', 'Support model 2', 'For IP11 A2221 A2111 A2223/11pro A2215 A2160 A2217 /11pro max A2218 A2161 A2220', 'Support model 3', 'For IP12 A2403 A2172 A2402 A2404/12pro A2407 A2341 A2406 A2408/12mini A2399 A2176 A2398 A2400/12pro max A2411 A2342 A2410 A2412', 'Support model 4', 'For IP13 A2633 A2482 A2631 A2634 A2635/13pro A2638 A2483 A2636 A2639 A2640/13mini A2628 A2481 A2626 A2629 A2630/13pro max A2643 A2484 A2641 A2644 A2645', 'Support model 5', 'For IP14 A2882 A2649 A2881 A2884 A2883/14pro A2890 A2650 A2889 A2892 A2891/14plus A2886 A2632 A2885 A2888 A2887/14pro max A2894 A2651 A2893 A2896 A2895', 'Support model 6', 'For IP15 A3090 A2846 A3089 A3092/15plus A3094 A2847 A3093 A3096/15pro A3102 A2848 A3101 A3104/15pro max/ A3106 A2849 A3105 A3108', 'Support model 7', 'For IP16 A3287 A3081 A3286 A3288/16Plus A3290 A3082 A3289 A3291/16Pro A3293 A3083 A3292 A3294/16Pro max A3296 A3084 A3295 A3297', 'Support model 8', 'For IP17 A3520, A3258, A3519, A3521/17Pro A3256, A3523, A3522, A3524/17Air A3517, A3260, A3518, A3516/17Pro max/A3526, A3257, A3527, A3525']",https://www.aliexpress.us/item/3256801691980999.html?algo_pvid=b014b533-fe79-4c48-a474-c7fa15414787&algo_exp_id=b014b533-fe79-4c48-a474-c7fa15414787-25&pdp_ext_f=%7B%22order%22%3A%2267%22%2C%22eval%22%3A%221%22%2C%22fromPage%22%3A%22search%22%7D&pdp_npi=6%40dis%21USD%2119.50%2116.57%21%21%2119.50%2116.57%21%402101364d17768959628995863e83f0%2112000029400995625%21sea%21US%210%21ABX%211%210%21n_tag%3A-29910%3Bd%3A7753d89f%3Bm03_new_user%3A-29895&curPageLogUid=XunktkZayWMD&utparam-url=scene%3Asearch%7Cquery_from%3A%7Cx_object_id%3A1005001878295751%7C_p_origin_prod%3A
Luban Built-in Battery Flex Cable Replacement for IPhone 11-15PM Repair Phone Efficiency Modification Healthy Capacity Tools,$3.83 ,"https://ae-pic-a1.aliexpress-media.com/kf/S6be550ed9bd14be0862d77e6bd248c75J.jpg_220x220q75.jpg_.avif,https://ae-pic-a1.aliexpress-media.com/kf/Sd9e7821ae71749e3afa6fa28b1b6d575c.jpg_220x220q75.jpg_.avif,https://ae-pic-a1.aliexpress-media.com/kf/S3ea4f2ad8a8e4a6fbc61d9c6cba313769.jpg_220x220q75.jpg_.avif,https://ae-pic-a1.aliexpress-media.com/kf/Sab91dfc3a0774f538e766ab05afba2cdc.jpg_220x220q75.jpg_.avif,https://ae-pic-a1.aliexpress-media.com/kf/S25d6257477d24ea98aada033723f2dfe8.jpg_220x220q75.jpg_.avif","['High-concerned chemical', 'None', 'Pieces Included', '1', 'Material', 'Other', 'Brand Name', 'BRESUN', 'Origin', 'Mainland China', 'Brand', 'LB/Luban', 'Product Quality', '100% tested before shipping', 'Application1', 'Repair Battery function photosensitive floodlight', 'Application2', 'Battery Flex Cable', 'Application3', 'External Battery Cable Flex Cable', 'Application4', 'Built-in Flex Cable']",https://www.aliexpress.us/item/3256810257818321.html?algo_pvid=b014b533-fe79-4c48-a474-c7fa15414787&algo_exp_id=b014b533-fe79-4c48-a474-c7fa15414787-26&pdp_ext_f=%7B%22order%22%3A%2266%22%2C%22eval%22%3A%221%22%2C%22fromPage%22%3A%22search%22%7D&pdp_npi=6%40dis%21USD%214.33%213.83%21%21%214.33%213.83%21%402101364d17768959628995863e83f0%2112000052427181758%21sea%21US%210%21ABX%211%210%21n_tag%3A-29910%3Bd%3A7753d89f%3Bm03_new_user%3A-29895%3BpisId%3A5000000204886261&curPageLogUid=VudJMoHiYaKz&utparam-url=scene%3Asearch%7Cquery_from%3A%7Cx_object_id%3A1005010444133073%7C_p_origin_prod%3A
LCD Screen Tester Flex Cable For DL400 Pro For Samsung A Series A12 A50 A70 Display Testing Phone Repair Tool,$3.86 ,"https://ae-pic-a1.aliexpress-media.com/kf/S067472559e6e42d2a9725d0829f4ac99r.jpg_220x220q75.jpg_.avif,https://ae-pic-a1.aliexpress-media.com/kf/Se2ad8c87bfb549968b54112e1d476f527.jpg_220x220q75.jpg_.avif,https://ae-pic-a1.aliexpress-media.com/kf/Sc2abaf91edff4eee8fd73b3d0cc33083P.jpg_220x220q75.jpg_.avif,https://ae-pic-a1.aliexpress-media.com/kf/S936dd18b572f46209b9e9741ef431584q.jpg_220x220q75.jpg_.avif,https://ae-pic-a1.aliexpress-media.com/kf/Sb3da33707a054aee9035e63ab0a5f0f66.png_220x220.png_.avif","['High-concerned chemical', 'None', 'Pieces Included', '1', 'Material', 'Other', 'Brand Name', 'manumoc', 'Origin', 'Mainland China']",https://www.aliexpress.us/item/3256808825624238.html?algo_pvid=b014b533-fe79-4c48-a474-c7fa15414787&algo_exp_id=b014b533-fe79-4c48-a474-c7fa15414787-28&pdp_ext_f=%7B%22order%22%3A%2266%22%2C%22eval%22%3A%221%22%2C%22fromPage%22%3A%22search%22%7D&pdp_npi=6%40dis%21USD%213.86%213.86%21%21%2126.22%2126.22%21%402101364d17768959628995863e83f0%2112000047574513810%21sea%21US%210%21ABX%211%210%21n_tag%3A-29910%3Bd%3A7753d89f%3Bm03_new_user%3A-29895&curPageLogUid=920pj6VsadgM&utparam-url=scene%3Asearch%7Cquery_from%3A%7Cx_object_id%3A1005009011938990%7C_p_origin_prod%3A
Qianli ICopy Plus 2.2 LCD Digital Compiler Battery Board for IPhone X XR XSMAX 11 12 13 14 Pro Max Repair EEPROM Programmer,$16.52 ,"https://ae-pic-a1.aliexpress-media.com/kf/S87c39fe8986c40c1ad13cfa29dd48d4eg.jpg_220x220q75.jpg_.avif,https://ae-pic-a1.aliexpress-media.com/kf/S87c39fe8986c40c1ad13cfa29dd48d4eg.jpg_220x220q75.jpg_.avif,https://ae-pic-a1.aliexpress-media.com/kf/S209dd784c6c04a7a85485758048b4e1ek.jpg_220x220q75.jpg_.avif,https://ae-pic-a1.aliexpress-media.com/kf/Scbe031557ff24e7eb800daa70b6dd280C.jpg_220x220q75.jpg_.avif,https://ae-pic-a1.aliexpress-media.com/kf/S6c4442d80a66456bba129cdcaca7ea02p.jpg_220x220q75.jpg_.avif","['High-concerned chemical', 'None', 'With Magnetic', 'No', 'Model Number', 'Qianli ICopy Plus 2.2', 'Pieces Included', '1pcs', 'Material', 'Other', 'Brand Name', 'BRESUN', 'Origin', 'Mainland China', 'Brand Name', 'Qianli', 'Model Number', 'Qianli iCopy Plus 2.2+', 'Product Name', 'Vibrator/Light Sensor/True Tone Display Repair Instrument and Batter', 'Function', 'Display Repair Instrument/Battery Testing', 'Available for', 'for Phone 11 Pro Max 11 Pro,battery supports 6-13pm', 'Support 1', 'Chinese, English, Spainsh', 'Application 2', 'True tone programmer', 'Function 1', 'Ture tone display reinstating : 8/8P/X/XR/XS/XS MAX', 'Function 2', 'Logic / Baseband Chip : 6 /7/7P/8/8P/X/XR/XS/XS MAX/11 series', 'Function 3', 'Vibrator identification codes read&write : 7/7P/8/8P/X/XR/XS/XS MAX', 'Function 4', 'Chips read&write : 7/8/X/XR/XS/XS MAX/11 SERIES', 'Function 5', 'battery data correct: 5/6/7/8/SE/X/XS/11/12/13 SERIES']",https://www.aliexpress.us/item/3256806110530256.html?algo_pvid=b014b533-fe79-4c48-a474-c7fa15414787&algo_exp_id=b014b533-fe79-4c48-a474-c7fa15414787-29&pdp_ext_f=%7B%22order%22%3A%2266%22%2C%22eval%22%3A%221%22%2C%22fromPage%22%3A%22search%22%7D&pdp_npi=6%40dis%21USD%2146.87%2116.52%21%21%21318.21%21112.16%21%402101364d17768959628995863e83f0%2112000036657049581%21sea%21US%210%21ABX%211%210%21n_tag%3A-29910%3Bd%3A7753d89f%3Bm03_new_user%3A-29895%3BpisId%3A5000000204886261&curPageLogUid=pVrcT1cPx8oy&utparam-url=scene%3Asearch%7Cquery_from%3A%7Cx_object_id%3A1005006296845008%7C_p_origin_prod%3A
For Airpods Series Headphone Shell Parts Earphone Battery Cover Housing Compartment Shell Repair Tool,$4.68 ,"https://ae-pic-a1.aliexpress-media.com/kf/Se4719542d2264cacbc11c201787f6cedj.jpg_220x220q75.jpg_.avif,https://ae-pic-a1.aliexpress-media.com/kf/S3405e4a213f64d5ea552c196992841b9d.jpg_220x220q75.jpg_.avif,https://ae-pic-a1.aliexpress-media.com/kf/S0dbfcadbb43742c697e3c5b846519bdas.jpg_220x220q75.jpg_.avif,https://ae-pic-a1.aliexpress-media.com/kf/S5caf100abf0145039f31d79c5357109dn.jpg_220x220q75.jpg_.avif,https://ae-pic-a1.aliexpress-media.com/kf/S71d55566dc9c40559317b82afb67b934I.jpg_220x220q75.jpg_.avif","['High-concerned chemical', 'None', 'Model Number', 'Airpods', 'Pieces Included', '1', 'Material', 'Other', 'Brand Name', 'manumoc', 'Origin', 'Mainland China']",https://www.aliexpress.us/item/3256805136029042.html?algo_pvid=b014b533-fe79-4c48-a474-c7fa15414787&algo_exp_id=b014b533-fe79-4c48-a474-c7fa15414787-30&pdp_ext_f=%7B%22order%22%3A%2266%22%2C%22eval%22%3A%221%22%2C%22fromPage%22%3A%22search%22%7D&pdp_npi=6%40dis%21USD%215.18%214.68%21%21%2135.14%2131.75%21%402101364d17768959628995863e83f0%2112000032623867530%21sea%21US%210%21ABX%211%210%21n_tag%3A-29910%3Bd%3A7753d89f%3Bm03_new_user%3A-29895%3BpisId%3A5000000204886261&curPageLogUid=5x5wZF02t5hl&utparam-url=scene%3Asearch%7Cquery_from%3A%7Cx_object_id%3A1005005322343794%7C_p_origin_prod%3A
Universal Screen Fastening Clamp Plastic Fastening Clamp Tool Clamping Fixture For Mobile Phone Tablet Screen Repair Fixing Clip,$2.38 ,"https://ae-pic-a1.aliexpress-media.com/kf/S5a4f096bfae14420848e5cf7b6baa87aO.jpg?has_lang=1&ver=1_220x220q75.jpg_.avif,https://ae-pic-a1.aliexpress-media.com/kf/S6668462eb2004669ac7e8e932fecae9dB.jpg_220x220q75.jpg_.avif,https://ae-pic-a1.aliexpress-media.com/kf/Sae4f7cd393254f62b970f95465044a2eR.jpg_220x220q75.jpg_.avif,https://ae-pic-a1.aliexpress-media.com/kf/S4cb20423eeb5486ebf25164cf1e8e455d.jpg_220x220q75.jpg_.avif,https://ae-pic-a1.aliexpress-media.com/kf/S4d94c966814649f1b39c5cd905165a8da.jpg_220x220q75.jpg_.avif","['High-concerned chemical', 'None', 'Pieces Included', '10 in 1', 'Material', 'Plastic', 'Brand Name', 'KAFNHCKA', 'Origin', 'Mainland China']",https://www.aliexpress.us/item/3256810431781726.html?algo_pvid=b014b533-fe79-4c48-a474-c7fa15414787&algo_exp_id=b014b533-fe79-4c48-a474-c7fa15414787-31&pdp_ext_f=%7B%22order%22%3A%2265%22%2C%22eval%22%3A%221%22%2C%22fromPage%22%3A%22search%22%7D&pdp_npi=6%40dis%21USD%215.77%212.38%21%21%2139.18%2116.20%21%402101364d17768959628995863e83f0%2112000052986889590%21sea%21US%210%21ABX%211%210%21n_tag%3A-29910%3Bd%3A7753d89f%3Bm03_new_user%3A-29895%3BpisId%3A5000000204886261&curPageLogUid=vrbMddJgsvnD&utparam-url=scene%3Asearch%7Cquery_from%3A%7Cx_object_id%3A1005010618096478%7C_p_origin_prod%3A
NEW Electric Soldering Iron HISEECON H1 65W DC Power Supply LCD Display 180-500℃ Adjustable With C210 Tips Set Fast Tin Meltin,$11.19 ,"https://ae-pic-a1.aliexpress-media.com/kf/Sa214b25edf2f41c8b91215abcb52d499P.jpg?has_lang=1&ver=2_220x220q75.jpg_.avif,https://ae-pic-a1.aliexpress-media.com/kf/Sa214b25edf2f41c8b91215abcb52d499P.jpg?has_lang=1&ver=2_220x220q75.jpg_.avif,https://ae-pic-a1.aliexpress-media.com/kf/Sbbc83e94015c461d8868897c85570aeaG.jpg?has_lang=1&ver=2_220x220q75.jpg_.avif,https://ae-pic-a1.aliexpress-media.com/kf/Sc30a1600e1b54dd2983096cfb11edeb1L.jpg?has_lang=1&ver=2_220x220q75.jpg_.avif,https://ae-pic-a1.aliexpress-media.com/kf/S78c87c97a4b34df19d3d9f926398f94aj.png?has_lang=1&ver=2_220x220.png_.avif","['High-concerned chemical', 'None', 'Pieces Included', '6 in 1', 'Material', 'Other', 'Origin', 'Mainland China', 'product for', 'fnirsi hs02 soldering iron,plastic soldering iron with staples,fnisi hs02 soldering iron,usb c soldering iron,Soldering iron for rhinestone,wireless soldering iron on the battery,soldering iron for soldering radio equipment,electric soldering iron,Usb soldering iron,wireless soldering iron,battery soldering iron,soldering iron for soldering 220v']",https://www.aliexpress.us/item/3256810149616680.html?algo_pvid=b014b533-fe79-4c48-a474-c7fa15414787&algo_exp_id=b014b533-fe79-4c48-a474-c7fa15414787-32&pdp_ext_f=%7B%22order%22%3A%2265%22%2C%22eval%22%3A%221%22%2C%22fromPage%22%3A%22search%22%7D&pdp_npi=6%40dis%21USD%2130.61%2113.48%21%21%21207.81%2191.50%21%402101364d17768959628995863e83f0%2112000052023566602%21sea%21US%210%21ABX%211%210%21n_tag%3A-29910%3Bd%3A7753d89f%3Bm03_new_user%3A-29895%3BpisId%3A5000000203537339&curPageLogUid=WNVZgnRJ6ZE7&utparam-url=scene%3Asearch%7Cquery_from%3A%7Cx_object_id%3A1005010335931432%7C_p_origin_prod%3A
Thin Metal Opening Pry Tool 90-Degree Bend Stainless Steel Opener Tool Opening Removal Pry Tool Kit For Laptop Phone Battery,$1.20 ,"https://ae-pic-a1.aliexpress-media.com/kf/S4247a808bd38474d965cef43ee3e268aZ.jpg_220x220q75.jpg_.avif,https://ae-pic-a1.aliexpress-media.com/kf/S346fe161da424c7c89a972c18533de0bp.jpg_220x220q75.jpg_.avif,https://ae-pic-a1.aliexpress-media.com/kf/Sd14dca1a03bd4d99bd8f0bb647e05476N.jpg_220x220q75.jpg_.avif,https://ae-pic-a1.aliexpress-media.com/kf/S33cea40b83664e419ae1a0016e063e26y.jpg_220x220q75.jpg_.avif,https://ae-pic-a1.aliexpress-media.com/kf/S35924696a4d44e418208522078ae409aM.jpg_220x220q75.jpg_.avif","['High-concerned chemical', 'None', 'Model Number', 'Phone Screen Removal Tool', 'Pieces Included', '6 in 1', 'Material', 'High Carbon Steel', 'Origin', 'Mainland China', 'name', 'thin metal opening pry tool', 'feature 1', 'Opening Tool For Curved Screen Phone', 'feature 2', 'Phone Repair Tool', 'Material', 'spring steel', 'Support', 'Dropshipping/ Wholesale']",https://www.aliexpress.us/item/3256808143887422.html?algo_pvid=b014b533-fe79-4c48-a474-c7fa15414787&algo_exp_id=b014b533-fe79-4c48-a474-c7fa15414787-33&pdp_ext_f=%7B%22order%22%3A%2265%22%2C%22eval%22%3A%221%22%2C%22fromPage%22%3A%22search%22%7D&pdp_npi=6%40dis%21USD%214.79%211.20%21%21%2132.51%218.16%21%402101364d17768959628995863e83f0%2112000044621420144%21sea%21US%210%21ABX%211%210%21n_tag%3A-29910%3Bd%3A7753d89f%3Bm03_new_user%3A-29895%3BpisId%3A5000000204886261&curPageLogUid=xEn8iaQ4kZVI&utparam-url=scene%3Asearch%7Cquery_from%3A%7Cx_object_id%3A1005008330202174%7C_p_origin_prod%3A
XHZC Precision Position Alignment Lamination Mold For iPad 10.9 Pro 11 10.5 9.7 12.9 Mini4 Mini5 LCD Digitizer Screen Repair,$31.61 ,"https://ae-pic-a1.aliexpress-media.com/kf/Sb00a8f96c1b244ca9312e9dee29e0ddbm.jpg_220x220q75.jpg_.avif,https://ae-pic-a1.aliexpress-media.com/kf/S16226a329b3e46c6a69c5ce43438738df.jpg_220x220q75.jpg_.avif,https://ae-pic-a1.aliexpress-media.com/kf/S08d40c7f37d64fdba161769ba0030042A.jpg_220x220q75.jpg_.avif,https://ae-pic-a1.aliexpress-media.com/kf/S148c0958fc9d4f58b0ce42b1a6f7b993q.jpg_220x220q75.jpg_.avif,https://ae-pic-a1.aliexpress-media.com/kf/S3c7989708ca44ef2af92b734f93d6f67D.jpg_220x220q75.jpg_.avif","['High-concerned chemical', 'None', 'Pieces Included', '1', 'Material', 'Other', 'Brand Name', 'BRESUN', 'Origin', 'Mainland China']",https://www.aliexpress.us/item/3256807515426228.html?algo_pvid=b014b533-fe79-4c48-a474-c7fa15414787&algo_exp_id=b014b533-fe79-4c48-a474-c7fa15414787-34&pdp_ext_f=%7B%22order%22%3A%2265%22%2C%22eval%22%3A%221%22%2C%22fromPage%22%3A%22search%22%7D&pdp_npi=6%40dis%21USD%2132.11%2131.61%21%21%21217.99%21214.60%21%402101364d17768959628995863e83f0%2112000041911318160%21sea%21US%210%21ABX%211%210%21n_tag%3A-29910%3Bd%3A7753d89f%3Bm03_new_user%3A-29895%3BpisId%3A5000000204886261&curPageLogUid=fDMWabm9rpnA&utparam-url=scene%3Asearch%7Cquery_from%3A%7Cx_object_id%3A1005007701740980%7C_p_origin_prod%3A
100PCS New Phone Outer Box Paper Seal Sticker For iPhnoe 17 16 Pro 16Plus 16Promax 15 Pro Promax Plus Outer Packing Wrap Sealing,$20.58 ,"https://ae-pic-a1.aliexpress-media.com/kf/S6cf21a5a4292459d9ede373867a42547I.jpg_220x220q75.jpg_.avif,https://ae-pic-a1.aliexpress-media.com/kf/S6cf21a5a4292459d9ede373867a42547I.jpg_220x220q75.jpg_.avif,https://ae-pic-a1.aliexpress-media.com/kf/S955767b562054b858dfcc5572c2dde3f1.jpg_220x220q75.jpg_.avif,https://ae-pic-a1.aliexpress-media.com/kf/S3fcd1965670f41ddb9a8e485a7ccf123H.jpg_220x220q75.jpg_.avif,https://ae-pic-a1.aliexpress-media.com/kf/S02b98144a2c14799b00342cde9fc6d790.jpg_220x220q75.jpg_.avif","['High-concerned chemical', 'None', 'With Magnetic', 'No', 'Model Number', '16 16Plus 16pro 16Promax', 'Pieces Included', '108 in 1', 'Material', 'Other', 'Origin', 'Mainland China', 'Function', 'For Box Sealing', 'Compatible1', 'For ip16 16Plus 16pro 16Promax', 'Compatible2', 'For IP15 15Plus 15Pro 15Promax']",https://www.aliexpress.us/item/3256807490369977.html?algo_pvid=b014b533-fe79-4c48-a474-c7fa15414787&algo_exp_id=b014b533-fe79-4c48-a474-c7fa15414787-35&pdp_ext_f=%7B%22order%22%3A%2265%22%2C%22eval%22%3A%221%22%2C%22fromPage%22%3A%22search%22%7D&pdp_npi=6%40dis%21USD%2121.08%2120.58%21%21%2121.08%2120.58%21%402101364d17768959628995863e83f0%2112000046010137004%21sea%21US%210%21ABX%211%210%21n_tag%3A-29910%3Bd%3A7753d89f%3Bm03_new_user%3A-29895%3BpisId%3A5000000204886261&curPageLogUid=6KtnPGGl2FAV&utparam-url=scene%3Asearch%7Cquery_from%3A%7Cx_object_id%3A1005007676684729%7C_p_origin_prod%3A
100pcs Back Cover Housing Wireless Charging Insulation Protection Sticker Tape For iPhone 12 mini XR XS Max 14 Plus 13 Pro Max,$0.99/lot,"https://ae-pic-a1.aliexpress-media.com/kf/S7585f7e02d4f4c99834e0914d9fd7602x.jpg_220x220q75.jpg_.avif,https://ae-pic-a1.aliexpress-media.com/kf/Sdef43bf545ad45c2867e3cb7b55aa4151.jpg_220x220q75.jpg_.avif,https://ae-pic-a1.aliexpress-media.com/kf/Sa9cb49ddd6f14b0bb8df422e54776e84D.jpg_220x220q75.jpg_.avif,https://ae-pic-a1.aliexpress-media.com/kf/Scb587b6417b844a9aa8fa88d894ad2c0c.jpg_220x220q75.jpg_.avif,https://ae-pic-a1.aliexpress-media.com/kf/S1bab3967db6a4a63bcf6b44754f30aa6t.jpg_220x220q75.jpg_.avif","['High-concerned chemical', 'None', 'Pieces Included', '20 in 1', 'Material', 'Other', 'Origin', 'Mainland China']",https://www.aliexpress.us/item/3256807409036247.html?algo_pvid=b014b533-fe79-4c48-a474-c7fa15414787&algo_exp_id=b014b533-fe79-4c48-a474-c7fa15414787-36&pdp_ext_f=%7B%22order%22%3A%2265%22%2C%22eval%22%3A%221%22%2C%22fromPage%22%3A%22search%22%7D&pdp_npi=6%40dis%21USD%216.26%210.99%21%21%2142.47%216.69%21%402101364d17768959628995863e83f0%2112000041438204327%21sea%21US%210%21ABX%211%210%21n_tag%3A-29910%3Bd%3A7753d89f%3Bm03_new_user%3A-29895%3BpisId%3A5000000203537387&curPageLogUid=rKKcOpFljJeN&utparam-url=scene%3Asearch%7Cquery_from%3A%7Cx_object_id%3A1005007595350999%7C_p_origin_prod%3A
RELIFE RL-004DM Screen Film Professional Anti-slip Pad Anti-slip Compatible With Multiple Devices Camera Protection Silicone Mat,$0.99 ,"https://ae-pic-a1.aliexpress-media.com/kf/Sdb4879ee307b4ffbbfb4c4e27a90dea6c.jpg_220x220q75.jpg_.avif,https://ae-pic-a1.aliexpress-media.com/kf/Sdb4879ee307b4ffbbfb4c4e27a90dea6c.jpg_220x220q75.jpg_.avif,https://ae-pic-a1.aliexpress-media.com/kf/S6b99d4cf07a94f07b87fae4f694bae11f.jpg_220x220q75.jpg_.avif,https://ae-pic-a1.aliexpress-media.com/kf/S928f6163c0ed42eb935255beded31a97x.jpg_220x220q75.jpg_.avif,https://ae-pic-a1.aliexpress-media.com/kf/Sbd38f2fcb3904b2f90f0bf15ef4e2eedh.jpg_220x220q75.jpg_.avif","['High-concerned chemical', 'None', 'Pieces Included', '1', 'Material', 'Other', 'Origin', 'Mainland China']",https://www.aliexpress.us/item/3256807042922566.html?algo_pvid=b014b533-fe79-4c48-a474-c7fa15414787&algo_exp_id=b014b533-fe79-4c48-a474-c7fa15414787-37&pdp_ext_f=%7B%22order%22%3A%2265%22%2C%22eval%22%3A%221%22%2C%22fromPage%22%3A%22search%22%7D&pdp_npi=6%40dis%21USD%217.75%210.99%21%21%2152.62%216.73%21%402101364d17768959628995863e83f0%2112000039886089072%21sea%21US%210%21ABX%211%210%21n_tag%3A-29910%3Bd%3A7753d89f%3Bm03_new_user%3A-29895%3BpisId%3A5000000203537387&curPageLogUid=CL9A43feDx89&utparam-url=scene%3Asearch%7Cquery_from%3A%7Cx_object_id%3A1005007229237318%7C_p_origin_prod%3A
RK Original High Hardness Repair and Disassembly Piece Suitable for Mobile Phone Tablet Screen Repair and Disassembly Piece Tool,$3.96 ,"https://ae-pic-a1.aliexpress-media.com/kf/S9f566af0db0b4cc3a8332ae3db38bddd3.jpg_220x220q75.jpg_.avif,https://ae-pic-a1.aliexpress-media.com/kf/S9f566af0db0b4cc3a8332ae3db38bddd3.jpg_220x220q75.jpg_.avif,https://ae-pic-a1.aliexpress-media.com/kf/Sb3e29fc931b849cc8a718a650b600230V.jpg_220x220q75.jpg_.avif,https://ae-pic-a1.aliexpress-media.com/kf/S0e532c62fd0a473aa58c794696ed95f0K.jpg_220x220q75.jpg_.avif,https://ae-pic-a1.aliexpress-media.com/kf/S54a1aec2ad4b4a26b6d6b9c60efd47c7b.jpg_220x220q75.jpg_.avif","['With Magnetic', 'No', 'Pieces Included', '1P', 'Material', 'Other', 'Origin', 'Mainland China', 'Product name', 'RK Taiwan original disassembly tablets', 'Product size', '42*30*0.4mm', 'product weight', '4g', 'Suitable for', 'Disassembling iP mobile phone/computer/notebook/tablet screen, mobile phone case frame, glass back cover, etc.']",https://www.aliexpress.us/item/3256806200006216.html?algo_pvid=b014b533-fe79-4c48-a474-c7fa15414787&algo_exp_id=b014b533-fe79-4c48-a474-c7fa15414787-38&pdp_ext_f=%7B%22order%22%3A%2265%22%2C%22eval%22%3A%221%22%2C%22fromPage%22%3A%22search%22%7D&pdp_npi=6%40dis%21USD%2112.74%213.96%21%21%2186.47%2126.87%21%402101364d17768959628995863e83f0%2112000036983398054%21sea%21US%210%21ABX%211%210%21n_tag%3A-29910%3Bd%3A7753d89f%3Bm03_new_user%3A-29895%3BpisId%3A5000000204886261&curPageLogUid=oGqhP0F9PsAN&utparam-url=scene%3Asearch%7Cquery_from%3A%7Cx_object_id%3A1005006386320968%7C_p_origin_prod%3A
"48 in1 Mobile Phone Repair Tool Set,Precision Screwdriver Mobile Phone Opening Repair Tool for Professional Electronics, Repair",$0.99 ,"https://ae-pic-a1.aliexpress-media.com/kf/S5837a233b2cd4a3892382d594cba0466T.jpg_220x220q75.jpg_.avif,https://ae-pic-a1.aliexpress-media.com/kf/S8f30f6482a8347439a6f8f3a0b8b0c37Q.jpg_220x220q75.jpg_.avif,https://ae-pic-a1.aliexpress-media.com/kf/Sd0d2216f6be148d28ba3de1fe2a1ff75X.jpg_220x220q75.jpg_.avif,https://ae-pic-a1.aliexpress-media.com/kf/S3b8b416c59cf4ec5adf027d16cc164074.jpg_220x220q75.jpg_.avif,https://ae-pic-a1.aliexpress-media.com/kf/S3234bb13b0514274a1db9c83d228dde5I.jpg_220x220q75.jpg_.avif","['High-concerned chemical', 'None', 'Pieces Included', '48', 'Material', 'Steel', 'Origin', 'Mainland China']",https://www.aliexpress.us/item/3256810577025508.html?algo_pvid=b014b533-fe79-4c48-a474-c7fa15414787&algo_exp_id=b014b533-fe79-4c48-a474-c7fa15414787-40&pdp_ext_f=%7B%22order%22%3A%2264%22%2C%22eval%22%3A%221%22%2C%22fromPage%22%3A%22search%22%7D&pdp_npi=6%40dis%21USD%2119.45%211.53%21%21%21132.03%2110.38%21%402101364d17768959628995863e83f0%2112000053427739409%21sea%21US%210%21ABX%211%210%21n_tag%3A-29910%3Bd%3A7753d89f%3Bm03_new_user%3A-29895%3BpisId%3A5000000203537387&curPageLogUid=MpIh2VGprOMr&utparam-url=scene%3Asearch%7Cquery_from%3A%7Cx_object_id%3A1005010763340260%7C_p_origin_prod%3A
2UUL KAKA Adjustable Torque Screwdriver Replaceable Magnetic Bits Pentalobe 0.8 Cross 1.2 Y 0.6 for Phone Electronics Repair,$32.09 ,"https://ae-pic-a1.aliexpress-media.com/kf/S3519c9a59d584a95920f4ddf9f70b20f1.jpg_220x220q75.jpg_.avif,https://ae-pic-a1.aliexpress-media.com/kf/S3519c9a59d584a95920f4ddf9f70b20f1.jpg_220x220q75.jpg_.avif,https://ae-pic-a1.aliexpress-media.com/kf/Sc3f34e577f8046dfb9f9bb00031579b6L.jpg_220x220q75.jpg_.avif,https://ae-pic-a1.aliexpress-media.com/kf/Sce440fef465d4d3393d81c1b394da8d3h.jpg_220x220q75.jpg_.avif,https://ae-pic-a1.aliexpress-media.com/kf/S2d9085f26f8647558c68249d7d28a107P.jpg_220x220q75.jpg_.avif","['High-concerned chemical', 'None', 'With Magnetic', 'Yes', 'Model Number', 'SD20', 'Pieces Included', '6 in 1', 'Material', 'Other', 'Brand Name', 'HISEECON', 'Origin', 'Mainland China']",https://www.aliexpress.us/item/3256809709667878.html?algo_pvid=b014b533-fe79-4c48-a474-c7fa15414787&algo_exp_id=b014b533-fe79-4c48-a474-c7fa15414787-42&pdp_ext_f=%7B%22order%22%3A%2264%22%2C%22eval%22%3A%221%22%2C%22fromPage%22%3A%22search%22%7D&pdp_npi=6%40dis%21USD%2168.27%2132.09%21%21%21463.48%21217.84%21%402101364d17768959628995863e83f0%2112000050508504808%21sea%21US%210%21ABX%211%210%21n_tag%3A-29910%3Bd%3A7753d89f%3Bm03_new_user%3A-29895&curPageLogUid=Fxc956VnTcBA&utparam-url=scene%3Asearch%7Cquery_from%3A%7Cx_object_id%3A1005009895982630%7C_p_origin_prod%3A
Safe Practical LCD Screen Opening Tool Strong Suction Phone Screens Disassemble for Mobile Phone Tablets Electronic Repair Easy,$0.99 ,"https://ae-pic-a1.aliexpress-media.com/kf/S34afb1ce820e4dffbe337c48c7a6f769Z.jpg?has_lang=1&ver=1_220x220q75.jpg_.avif,https://ae-pic-a1.aliexpress-media.com/kf/S3794442cd1ce49f69d2fb579be9f47fbq.jpg?has_lang=1&ver=1_220x220q75.jpg_.avif,https://ae-pic-a1.aliexpress-media.com/kf/Sa39a1f91023c4bdbabc4bc3337d33c94n.jpg_220x220q75.jpg_.avif,https://ae-pic-a1.aliexpress-media.com/kf/Sa53b8f5cf4af450fbea169d7ebc07d33u.jpg?has_lang=1&ver=1_220x220q75.jpg_.avif,https://ae-pic-a1.aliexpress-media.com/kf/Saa783b19331245498881cb579eed9d5ef.jpg?has_lang=1&ver=1_220x220q75.jpg_.avif","['High-concerned chemical', 'None', 'Model Number', 'WT0395', 'Pieces Included', '-', 'Material', 'Other', 'Origin', 'Mainland China']",https://www.aliexpress.us/item/3256809180616040.html?algo_pvid=b014b533-fe79-4c48-a474-c7fa15414787&algo_exp_id=b014b533-fe79-4c48-a474-c7fa15414787-43&pdp_ext_f=%7B%22order%22%3A%2264%22%2C%22eval%22%3A%221%22%2C%22fromPage%22%3A%22search%22%7D&pdp_npi=6%40dis%21USD%2112.97%210.99%21%21%2188.06%216.76%21%402101364d17768959628995863e83f0%2112000048881600150%21sea%21US%210%21ABX%211%210%21n_tag%3A-29910%3Bd%3A7753d89f%3Bm03_new_user%3A-29895%3BpisId%3A5000000203537387&curPageLogUid=3RLOdOpodrpd&utparam-url=scene%3Asearch%7Cquery_from%3A%7Cx_object_id%3A1005009366930792%7C_p_origin_prod%3A
8 9 10 11 in 1 Repair Opening Tools Kit For iPhone iPad Samsung Precision Screwdriver Set for Xiaomi Huawei Cell Mobile Phone,$0.99 ,"https://ae-pic-a1.aliexpress-media.com/kf/S82d16f9f8f944a57b9be6028299380e7o.jpg_220x220q75.jpg_.avif,https://ae-pic-a1.aliexpress-media.com/kf/S954462b5a4c54e18ba4ae34954ae7299R.jpg_220x220q75.jpg_.avif,https://ae-pic-a1.aliexpress-media.com/kf/Sfd6dd9c5c72a4ba0a0a36d94ac89282bp.jpg_220x220q75.jpg_.avif,https://ae-pic-a1.aliexpress-media.com/kf/Sdfa74f79af014d4d98c4611714646161e.jpg_220x220q75.jpg_.avif,https://ae-pic-a1.aliexpress-media.com/kf/S65e46c63f4714604b797cc82c0fb0592g.jpg_220x220q75.jpg_.avif","['High-concerned chemical', 'None', 'Pieces Included', '10 in 1', 'Material', 'Other', 'Brand Name', 'BAPPSUS', 'Origin', 'Mainland China', 'Support', 'Dropshopping']",https://www.aliexpress.us/item/3256807390328102.html?algo_pvid=b014b533-fe79-4c48-a474-c7fa15414787&algo_exp_id=b014b533-fe79-4c48-a474-c7fa15414787-44&pdp_ext_f=%7B%22order%22%3A%2264%22%2C%22eval%22%3A%221%22%2C%22fromPage%22%3A%22search%22%7D&pdp_npi=6%40dis%21USD%212.11%210.99%21%21%212.11%210.99%21%402101364d17768959628995863e83f0%2112000041361847298%21sea%21US%210%21ABX%211%210%21n_tag%3A-29910%3Bd%3A7753d89f%3Bm03_new_user%3A-29895%3BpisId%3A5000000203537349&curPageLogUid=GMR9PgwbctmI&utparam-url=scene%3Asearch%7Cquery_from%3A%7Cx_object_id%3A1005007576642854%7C_p_origin_prod%3A
Rear Camera Test Extension Cable Suitable for iPhone 6 6SP 7 8 Plus X XR XSM 11 12 13 14 15 Rear Camera Repair Replacement Parts,$3.13 ,"https://ae-pic-a1.aliexpress-media.com/kf/Sded62ded72ee4ba5b0631eb8a96f7721W.jpg_220x220q75.jpg_.avif,https://ae-pic-a1.aliexpress-media.com/kf/Se59ae1d62e2d4af98f9318ebe99f3989M.jpg_220x220q75.jpg_.avif,https://ae-pic-a1.aliexpress-media.com/kf/Sffd56989208c421684cf40b90e1cc9cep.jpg_220x220q75.jpg_.avif,https://ae-pic-a1.aliexpress-media.com/kf/S962d075224094e978e8d3bf5da44ecd0M.jpg_220x220q75.jpg_.avif,https://ae-pic-a1.aliexpress-media.com/kf/S2a3c0c170de84c339551f58d194db4dfc.jpg_220x220q75.jpg_.avif","['High-concerned chemical', 'None', 'Pieces Included', '1', 'Material', 'Other', 'Origin', 'Mainland China', 'Brand', 'bestboard', 'Model', 'Rear camera test cable']",https://www.aliexpress.us/item/3256806931266407.html?algo_pvid=b014b533-fe79-4c48-a474-c7fa15414787&algo_exp_id=b014b533-fe79-4c48-a474-c7fa15414787-45&pdp_ext_f=%7B%22order%22%3A%2264%22%2C%22eval%22%3A%221%22%2C%22fromPage%22%3A%22search%22%7D&pdp_npi=6%40dis%21USD%213.63%213.13%21%21%213.63%213.13%21%402101364d17768959628995863e83f0%2112000039455616826%21sea%21US%210%21ABX%211%210%21n_tag%3A-29910%3Bd%3A7753d89f%3Bm03_new_user%3A-29895%3BpisId%3A5000000204886261&curPageLogUid=zIi1yMDQTnst&utparam-url=scene%3Asearch%7Cquery_from%3A%7Cx_object_id%3A1005007117581159%7C_p_origin_prod%3A
Fixing Clip Plastic LCD Screen Repair Clamp Adjustable Tilt Screen Opening Glue Fixing Fixture Mobile Phone Screen Repair Tool,$1.17 ,"https://ae-pic-a1.aliexpress-media.com/kf/S0187bcdec0e9454e9703c0d549fc02b5c.jpg_220x220q75.jpg_.avif,https://ae-pic-a1.aliexpress-media.com/kf/S61a83ab1993548228e1d0a4076c7ffafp.jpg_220x220q75.jpg_.avif,https://ae-pic-a1.aliexpress-media.com/kf/S6975fe3a8db04b6385ecc9c14b81c386o.jpg_220x220q75.jpg_.avif,https://ae-pic-a1.aliexpress-media.com/kf/S045f6444797848549b3e12fe53961740c.jpg_220x220q75.jpg_.avif,https://ae-pic-a1.aliexpress-media.com/kf/S500021006d7b49beaab22ba101d82bfa9.jpg_220x220q75.jpg_.avif","['Pieces Included', '6 in 1', 'Material', 'Other,/', 'Brand Name', 'VODOOL', 'Origin', 'Mainland China']",https://www.aliexpress.us/item/3256806411415045.html?algo_pvid=b014b533-fe79-4c48-a474-c7fa15414787&algo_exp_id=b014b533-fe79-4c48-a474-c7fa15414787-46&pdp_ext_f=%7B%22order%22%3A%2264%22%2C%22eval%22%3A%221%22%2C%22fromPage%22%3A%22search%22%7D&pdp_npi=6%40dis%21USD%214.44%211.17%21%21%2130.16%217.94%21%402101364d17768959628995863e83f0%2112000037769400771%21sea%21US%210%21ABX%211%210%21n_tag%3A-29910%3Bd%3A7753d89f%3Bm03_new_user%3A-29895%3BpisId%3A5000000204886261&curPageLogUid=uX5gyr4nXyCa&utparam-url=scene%3Asearch%7Cquery_from%3A%7Cx_object_id%3A1005006597729797%7C_p_origin_prod%3A
24PCS/Set Plastic Pry Bar Blade Curved LCD Screen Opening Tool Repair Kit Sim Card Tray Removal Needle Pin For Mobile Phone,$3.25 ,"https://ae-pic-a1.aliexpress-media.com/kf/S8f06062cdfa44ebc9da7f9ab441b8cfck.jpg_220x220q75.jpg_.avif,https://ae-pic-a1.aliexpress-media.com/kf/S6d73063c5f52448da5b6c25867682b038.jpg_220x220q75.jpg_.avif,https://ae-pic-a1.aliexpress-media.com/kf/S90fdfabd5da547d785ffe35251c8932cG.jpg_220x220q75.jpg_.avif,https://ae-pic-a1.aliexpress-media.com/kf/Sb145ef0093134f28ae6438dc6e2b0821s.jpg_220x220q75.jpg_.avif,https://ae-pic-a1.aliexpress-media.com/kf/S7148977d60a6433fa9b0e8159e66f88dA.jpg_220x220q75.jpg_.avif","['High-concerned chemical', 'None', 'With Magnetic', 'No', 'Model Number', '92', 'Pieces Included', '24 in 1', 'Material', 'Other', 'Origin', 'Mainland China']",https://www.aliexpress.us/item/3256805756054175.html?algo_pvid=b014b533-fe79-4c48-a474-c7fa15414787&algo_exp_id=b014b533-fe79-4c48-a474-c7fa15414787-47&pdp_ext_f=%7B%22order%22%3A%2264%22%2C%22eval%22%3A%221%22%2C%22fromPage%22%3A%22search%22%7D&pdp_npi=6%40dis%21USD%2110.48%213.25%21%21%2171.18%2122.07%21%402101364d17768959628995863e83f0%2112000034957554670%21sea%21US%210%21ABX%211%210%21n_tag%3A-29910%3Bd%3A7753d89f%3Bm03_new_user%3A-29895%3BpisId%3A5000000204886261&curPageLogUid=j0r2QQfwFqi5&utparam-url=scene%3Asearch%7Cquery_from%3A%7Cx_object_id%3A1005005942368927%7C_p_origin_prod%3A
90*90MM BGA Reballing Kit IC Chip Reballing Station Rework Machine Accessory Silver Platform Template Holder Fixture Jig Kit Set,$17.55 ,"https://ae-pic-a1.aliexpress-media.com/kf/H4e25248276684b5097d4fff7196d47972.jpg_220x220q75.jpg_.avif,https://ae-pic-a1.aliexpress-media.com/kf/H4e25248276684b5097d4fff7196d47972.jpg_220x220q75.jpg_.avif,https://ae-pic-a1.aliexpress-media.com/kf/H6f4ac3a33c5846d798dcc9a65448c3eag.jpg_220x220q75.jpg_.avif,https://ae-pic-a1.aliexpress-media.com/kf/H9d080401419b448983359e673f3891aaN.jpg_220x220q75.jpg_.avif,https://ae-pic-a1.aliexpress-media.com/kf/H4e25248276684b5097d4fff7196d47972.jpg_220x220q75.jpg_.avif","['High-concerned chemical', 'None', 'With Magnetic', 'No', 'Model Number', '90*90MM BGA rework Kit IC Chip Reballing Station', 'Pieces Included', '1', 'Material', 'Other', 'Origin', 'Mainland China', 'Material', 'aluminum alloy structure', 'Name', '90*90MM BGA rework Kit IC Chip Reballing Station', 'Kit Model', '90*90', '90*90 BGA realling kit size', '9 x 8 x 3 cm', '90*90 BGA realling kit weight', '400g', 'Apply to', 'Laptop, game console, cell phone chip repair reballing tools', '90*90 BGA realling kit The smallest chip', '9MM*9MM', '90*90 BGA realling kit Maximum chip', '43MM*43MM', 'Applicable to the shape of the chip', 'square and rectangular (Golden bga reballing kit)']",https://www.aliexpress.us/item/3256803481818105.html?algo_pvid=b014b533-fe79-4c48-a474-c7fa15414787&algo_exp_id=b014b533-fe79-4c48-a474-c7fa15414787-48&pdp_ext_f=%7B%22order%22%3A%2264%22%2C%22eval%22%3A%221%22%2C%22fromPage%22%3A%22search%22%7D&pdp_npi=6%40dis%21USD%2118.05%2117.55%21%21%2118.05%2117.55%21%402101364d17768959628995863e83f0%2112000026721320971%21sea%21US%210%21ABX%211%210%21n_tag%3A-29910%3Bd%3A7753d89f%3Bm03_new_user%3A-29895%3BpisId%3A5000000204886261&curPageLogUid=OxNZtNX88Png&utparam-url=scene%3Asearch%7Cquery_from%3A%7Cx_object_id%3A1005003668132857%7C_p_origin_prod%3A
YCS YCS-T05 3D High Precision Screwdriver Set for Mobile Phone Maintenance Electronic Disassembly Repair Bolt Driver Kit,$19.72 ,"https://ae-pic-a1.aliexpress-media.com/kf/Sd23981085d6144da87860ff2bbb958b5U.jpg?has_lang=1&ver=1_220x220q75.jpg_.avif,https://ae-pic-a1.aliexpress-media.com/kf/Sd23981085d6144da87860ff2bbb958b5U.jpg?has_lang=1&ver=1_220x220q75.jpg_.avif,https://ae-pic-a1.aliexpress-media.com/kf/Se50e2622da764d93b7bcba6ec65d09b0N.jpg?has_lang=1&ver=1_220x220q75.jpg_.avif,https://ae-pic-a1.aliexpress-media.com/kf/S39799816ded44beb8846ab7d6862b081j.jpg?has_lang=1&ver=1_220x220q75.jpg_.avif,https://ae-pic-a1.aliexpress-media.com/kf/S65e90780be924e059b8d7cc8e25699cc4.jpg?has_lang=1&ver=1_220x220q75.jpg_.avif","['High-concerned chemical', 'None', 'With Magnetic', 'No', 'Model Number', 'YCS-T05', 'Pieces Included', '1', 'Material', 'Other', 'Brand Name', 'NoEnName_Null', 'Origin', 'Mainland China', 'Brand', 'YCS', 'Product weight', '25g', 'Product size', '130*20*20mm']",https://www.aliexpress.us/item/3256809092242157.html?algo_pvid=b014b533-fe79-4c48-a474-c7fa15414787&algo_exp_id=b014b533-fe79-4c48-a474-c7fa15414787-50&pdp_ext_f=%7B%22order%22%3A%2263%22%2C%22eval%22%3A%221%22%2C%22fromPage%22%3A%22search%22%7D&pdp_npi=6%40dis%21USD%2127.51%2122.01%21%21%2127.51%2122.01%21%402101364d17768959628995863e83f0%2112000053098993204%21sea%21US%210%21ABX%211%210%21n_tag%3A-29910%3Bd%3A7753d89f%3Bm03_new_user%3A-29895%3BpisId%3A5000000203537339&curPageLogUid=ydP2KYVm4iEz&utparam-url=scene%3Asearch%7Cquery_from%3A%7Cx_object_id%3A1005009278556909%7C_p_origin_prod%3A
Qianli Motherboard Middle Layer Fixture Board 3D BGA Reballing Stencil Plant Tin for iPhone X 11 12 13 14 15Pro Max Phone Repair,$32.79 ,"https://ae-pic-a1.aliexpress-media.com/kf/S05c8f597fd074ee6958291ff57ad55388.jpg_220x220q75.jpg_.avif,https://ae-pic-a1.aliexpress-media.com/kf/S05c8f597fd074ee6958291ff57ad55388.jpg_220x220q75.jpg_.avif,https://ae-pic-a1.aliexpress-media.com/kf/S7245191dac5e4a0daa0f97ca78c43ff5Z.jpg_220x220q75.jpg_.avif,https://ae-pic-a1.aliexpress-media.com/kf/S1189b14bbcff45f6badd4909ea22ae98t.jpg_220x220q75.jpg_.avif,https://ae-pic-a1.aliexpress-media.com/kf/Sba9f7ac38b3d497396a142b70efcd7e2U.jpg_220x220q75.jpg_.avif","['High-concerned chemical', 'None', 'Model Number', 'QianLi Middle Frame Reballing Platform', 'Pieces Included', '6 in 1', 'Material', 'Other', 'Brand Name', 'NoEnName_Null', 'Origin', 'Mainland China', 'Application', 'for iPhone Repair', 'Item name', 'Middle Frame Reballing Platform', 'Use 1', 'For iPhone X XS MAX Separating', 'Use 2', 'For iPhone 11 11pro 11promax Separating', 'Use 3', 'For iPhone 12 12pro 12promax Separating', 'Use 4', 'For iPhone 13 13pro 13promax Separating', 'Use 5', 'For iPhone 14 14plus 14pro 14promax Separating', 'Use 6', 'For iPhone 15 15plus 15pro 15promax Separating', 'Feature 1', 'Precise positioningc', 'Feature 2', 'Strong Magnetic attraction', 'Feature 3', 'Phone soldering fixture', 'Feature 4', 'for iPhone repair fixture', 'Feature 5', 'Motherboard holder']",https://www.aliexpress.us/item/3256807595244134.html?algo_pvid=b014b533-fe79-4c48-a474-c7fa15414787&algo_exp_id=b014b533-fe79-4c48-a474-c7fa15414787-51&pdp_ext_f=%7B%22order%22%3A%2263%22%2C%22eval%22%3A%221%22%2C%22fromPage%22%3A%22search%22%7D&pdp_npi=6%40dis%21USD%2133.29%2132.79%21%21%2133.29%2132.79%21%402101364d17768959628995863e83f0%2112000042185143687%21sea%21US%210%21ABX%211%210%21n_tag%3A-29910%3Bd%3A7753d89f%3Bm03_new_user%3A-29895%3BpisId%3A5000000204886261&curPageLogUid=PyVbVcdxlWkm&utparam-url=scene%3Asearch%7Cquery_from%3A%7Cx_object_id%3A1005007781558886%7C_p_origin_prod%3A
Extension Extend Flex Cable Rear Back Camera Tester For iPhone 6 6S 7 8 Plus X XS XR 11 12 13 14 15 Pro Max Mini Test Flex Cable,$3.28 ,"https://ae-pic-a1.aliexpress-media.com/kf/S207419af9c3140fba9dd92b5e2104bfeR.jpg_220x220q75.jpg_.avif,https://ae-pic-a1.aliexpress-media.com/kf/Sffd56989208c421684cf40b90e1cc9cep.jpg_220x220q75.jpg_.avif,https://ae-pic-a1.aliexpress-media.com/kf/S962d075224094e978e8d3bf5da44ecd0M.jpg_220x220q75.jpg_.avif,https://ae-pic-a1.aliexpress-media.com/kf/S2a3c0c170de84c339551f58d194db4dfc.jpg_220x220q75.jpg_.avif,https://ae-pic-a1.aliexpress-media.com/kf/Se5cabccbcb17497295be02e60f7d808as.jpg_220x220q75.jpg_.avif","['High-concerned chemical', 'None', 'Pieces Included', '1', 'Material', 'Other', 'Brand Name', 'BRESUN', 'Origin', 'Mainland China', 'Brand', 'bestboard', 'Model', 'Rear camera test cable']",https://www.aliexpress.us/item/3256806931346953.html?algo_pvid=b014b533-fe79-4c48-a474-c7fa15414787&algo_exp_id=b014b533-fe79-4c48-a474-c7fa15414787-52&pdp_ext_f=%7B%22order%22%3A%2263%22%2C%22eval%22%3A%221%22%2C%22fromPage%22%3A%22search%22%7D&pdp_npi=6%40dis%21USD%213.78%213.28%21%21%213.78%213.28%21%402101364d17768959628995863e83f0%2112000039457426988%21sea%21US%210%21ABX%211%210%21n_tag%3A-29910%3Bd%3A7753d89f%3Bm03_new_user%3A-29895%3BpisId%3A5000000204886261&curPageLogUid=Bde7VL7XAdz2&utparam-url=scene%3Asearch%7Cquery_from%3A%7Cx_object_id%3A1005007117661705%7C_p_origin_prod%3A
Rsim18 Works For Phone14 Series E-SIM 5G Version IOS16 System And For Phone 12/ IOS 16.0.2,$0.99 ,"https://ae-pic-a1.aliexpress-media.com/kf/Sb315ada09f4f4b599fadc8a11fe0ac0aQ.jpg_220x220q75.jpg_.avif,https://ae-pic-a1.aliexpress-media.com/kf/Sed52f9506ece46bbab42d9f78e0e0be8o.jpg_220x220q75.jpg_.avif,https://ae-pic-a1.aliexpress-media.com/kf/Sc5813b59ccce4193ae0da9433e22c370h.jpg_220x220q75.jpg_.avif,https://ae-pic-a1.aliexpress-media.com/kf/S097b60ea3e674fed96fb9b47147b15c8r.jpg_220x220q75.jpg_.avif,https://ae-pic-a1.aliexpress-media.com/kf/S5bbbb402632b4a23aca42d8e003442afz.jpg_220x220q75.jpg_.avif","['High-concerned chemical', 'None', 'Pieces Included', '6 in 1', 'Material', 'Other', 'Brand Name', 'SD&HI', 'Origin', 'Mainland China']",https://www.aliexpress.us/item/3256806092015791.html?algo_pvid=b014b533-fe79-4c48-a474-c7fa15414787&algo_exp_id=b014b533-fe79-4c48-a474-c7fa15414787-53&pdp_ext_f=%7B%22order%22%3A%2263%22%2C%22eval%22%3A%221%22%2C%22fromPage%22%3A%22search%22%7D&pdp_npi=6%40dis%21USD%214.27%210.99%21%21%2129.00%216.73%21%402101364d17768959628995863e83f0%2112000036581073172%21sea%21US%210%21ABX%211%210%21n_tag%3A-29910%3Bd%3A7753d89f%3Bm03_new_user%3A-29895%3BpisId%3A5000000203537349&curPageLogUid=1I8Z0g4B5iiT&utparam-url=scene%3Asearch%7Cquery_from%3A%7Cx_object_id%3A1005006278330543%7C_p_origin_prod%3A
B7000 Mobile Phone Screen High-Strength Waterproof Adhesive With 9 in 1 Mobile Phone Repair Tools Disassemble Repair Set for Phone Screwdriver Combination Skid Multi Function Disassembly Kit .,$0.99 ,"https://ae-pic-a1.aliexpress-media.com/kf/S188680a4307d4eaeba790143faf5d80cJ.jpg_220x220q75.jpg_.avif,https://ae-pic-a1.aliexpress-media.com/kf/S188680a4307d4eaeba790143faf5d80cJ.jpg_220x220q75.jpg_.avif,https://ae-pic-a1.aliexpress-media.com/kf/S7c6e7c5c99ca448f835915b6bbb7df05x.png_220x220.png_.avif,https://ae-pic-a1.aliexpress-media.com/kf/S7c7830b23e4b465ba0ec2e3278b49bb1h.png_220x220.png_.avif,https://ae-pic-a1.aliexpress-media.com/kf/Sde26ef45bdc5492b8f2b68b3d506e774l.png_220x220.png_.avif","['High-concerned chemical', 'None', 'With Magnetic', 'No', 'Model Number', 'B-7000', 'Pieces Included', '8 in 1', 'Material', 'Plastic', 'Origin', 'Mainland China', 'Brand Name', 'BAOSHUDA', 'Intensities', 'High', 'Color', 'Transparent', 'Features', 'Waterproof', 'Benefits', 'Low Odor']",https://www.aliexpress.us/item/3256811652971036.html?algo_pvid=b014b533-fe79-4c48-a474-c7fa15414787&algo_exp_id=b014b533-fe79-4c48-a474-c7fa15414787-54&pdp_ext_f=%7B%22order%22%3A%2262%22%2C%22eval%22%3A%221%22%2C%22fromPage%22%3A%22search%22%7D&pdp_npi=6%40dis%21USD%214.92%210.99%21%21%2133.37%216.71%21%402101364d17768959628995863e83f0%2112000056754186246%21sea%21US%210%21ABX%211%210%21n_tag%3A-29910%3Bd%3A7753d89f%3Bm03_new_user%3A-29895%3BpisId%3A5000000203537387&curPageLogUid=6VdHsCz5AUKQ&utparam-url=scene%3Asearch%7Cquery_from%3A%7Cx_object_id%3A1005011839285788%7C_p_origin_prod%3A
2026 LAST NEW F64 UFS/EMMC ISP V2 Flash 64 Ultra Full F64 lite Tool Box F64 Box+UFS BGA 254+UFS BGA153Socket+eMMC 4 in 1 Adapter,$376.43 ,"https://ae-pic-a1.aliexpress-media.com/kf/Se331be17b53b4c9e97014baec276d930H.jpg_220x220q75.jpg_.avif,https://ae-pic-a1.aliexpress-media.com/kf/Se331be17b53b4c9e97014baec276d930H.jpg_220x220q75.jpg_.avif,https://ae-pic-a1.aliexpress-media.com/kf/S77b47e8b141f40f2a1605aff99d60f37V.jpg?has_lang=1&ver=2_220x220q75.jpg_.avif,https://ae-pic-a1.aliexpress-media.com/kf/S05af30848d0748459e24affbef3993085.jpg_220x220q75.jpg_.avif,https://ae-pic-a1.aliexpress-media.com/kf/Sa932d208c1324330831884f347696df91.jpg?has_lang=1&ver=2_220x220q75.jpg_.avif","['High-concerned chemical', 'None', 'With Magnetic', 'No', 'Model Number', 'F64 Ultra', 'Pieces Included', '1', 'Material', 'Plastic', 'Origin', 'Mainland China', 'Type', 'F64', 'Type 1', 'F64 lite', 'Type 2', 'Flash 64 lite full set', 'Type 3', 'Flash 64 ultra full', 'Type 4', '2026 LAST NEW F64 UFS/EMMC ISP V2']",https://www.aliexpress.us/item/3256809965547178.html?algo_pvid=b014b533-fe79-4c48-a474-c7fa15414787&algo_exp_id=b014b533-fe79-4c48-a474-c7fa15414787-55&pdp_ext_f=%7B%22order%22%3A%2262%22%2C%22eval%22%3A%221%22%2C%22fromPage%22%3A%22search%22%7D&pdp_npi=6%40dis%21USD%21471.16%21376.43%21%21%213198.65%212555.53%21%402101364d17768959628995863e83f0%2112000051435149262%21sea%21US%210%21ABX%211%210%21n_tag%3A-29910%3Bd%3A7753d89f%3Bm03_new_user%3A-29895%3BpisId%3A5000000204886261&curPageLogUid=3FtkJVkSR778&utparam-url=scene%3Asearch%7Cquery_from%3A%7Cx_object_id%3A1005010151861930%7C_p_origin_prod%3A
RELIFE XA5 Motherboard Coil Tester Inductor Detector Tool for PC Repair Electromagnetic Induction Quick Fault Check Tool,$4.49 ,"https://ae-pic-a1.aliexpress-media.com/kf/S16325baff7dc43c3a1ac72e512030f673.jpg_220x220q75.jpg_.avif,https://ae-pic-a1.aliexpress-media.com/kf/S16325baff7dc43c3a1ac72e512030f673.jpg_220x220q75.jpg_.avif,https://ae-pic-a1.aliexpress-media.com/kf/S8d190c2ef2c448bb83a93c83db229004z.jpg_220x220q75.jpg_.avif,https://ae-pic-a1.aliexpress-media.com/kf/S2d7f0d7649d94ea3a018262172e60793l.jpg_220x220q75.jpg_.avif,https://ae-pic-a1.aliexpress-media.com/kf/Sddc0765c4c02493cb32853cc79901a10q.jpg_220x220q75.jpg_.avif","['High-concerned chemical', 'None', 'With Magnetic', 'No', 'Model Number', 'RELIFE XA5', 'Pieces Included', '1', 'Material', 'Other', 'Origin', 'Mainland China', 'Model Number', 'RELIFE XA5', 'Application', 'Phone Repairing Tool Set', 'USE', 'PC Repair Electromagnetic Induction Quick Fault Check Tool', 'Item Name', 'Motherboard Coil Tester Inductor Detector']",https://www.aliexpress.us/item/3256809600717970.html?algo_pvid=b014b533-fe79-4c48-a474-c7fa15414787&algo_exp_id=b014b533-fe79-4c48-a474-c7fa15414787-56&pdp_ext_f=%7B%22order%22%3A%2262%22%2C%22eval%22%3A%221%22%2C%22fromPage%22%3A%22search%22%7D&pdp_npi=6%40dis%21USD%2110.18%214.49%21%21%2169.13%2130.48%21%402101364d17768959628995863e83f0%2112000050154135773%21sea%21US%210%21ABX%211%210%21n_tag%3A-29910%3Bd%3A7753d89f%3Bm03_new_user%3A-29895%3BpisId%3A5000000204886261&curPageLogUid=BQiuvpja1Uij&utparam-url=scene%3Asearch%7Cquery_from%3A%7Cx_object_id%3A1005009787032722%7C_p_origin_prod%3A
4PCS Universal Fixture Clamp Holder Adjustable LCD Screen Fixing Clip Plastic Metal Fastening Clamp for Phone Tablet Repair Tool,$5.50 ,"https://ae-pic-a1.aliexpress-media.com/kf/Sd697fa1fc3004924af25e9b10020e437q.jpg?has_lang=1&ver=1_220x220q75.jpg_.avif,https://ae-pic-a1.aliexpress-media.com/kf/Sd697fa1fc3004924af25e9b10020e437q.jpg?has_lang=1&ver=1_220x220q75.jpg_.avif,https://ae-pic-a1.aliexpress-media.com/kf/S171497026da34e888841ceb1ee8235bb1.jpg?has_lang=1&ver=1_220x220q75.jpg_.avif,https://ae-pic-a1.aliexpress-media.com/kf/Se13bb000424447e699ed298368ef4dbcV.jpg_220x220q75.jpg_.avif,https://ae-pic-a1.aliexpress-media.com/kf/S0135b3ae3de84c49b36fac8408e417c8l.jpg_220x220q75.jpg_.avif","['High-concerned chemical', 'None', 'With Magnetic', 'No', 'Model Number', 'Phone Repair Tools', 'Pieces Included', '6 in 1', 'Material', 'S2 Alloy Steel', 'Brand Name', 'ALLOYSEED', 'Origin', 'Mainland China']",https://www.aliexpress.us/item/3256809530487146.html?algo_pvid=b014b533-fe79-4c48-a474-c7fa15414787&algo_exp_id=b014b533-fe79-4c48-a474-c7fa15414787-57&pdp_ext_f=%7B%22order%22%3A%2262%22%2C%22eval%22%3A%221%22%2C%22fromPage%22%3A%22search%22%7D&pdp_npi=6%40dis%21USD%2112.00%215.50%21%21%2181.47%2137.35%21%402101364d17768959628995863e83f0%2112000049937792194%21sea%21US%210%21ABX%211%210%21n_tag%3A-29910%3Bd%3A7753d89f%3Bm03_new_user%3A-29895%3BpisId%3A5000000204886261&curPageLogUid=2JY8iTqMd1UK&utparam-url=scene%3Asearch%7Cquery_from%3A%7Cx_object_id%3A1005009716801898%7C_p_origin_prod%3A
10Pcs Waterproof Adhesive Battery Adhesive for IPhone 16 Pro Max 15 14 13 11 12 X XS XR Display Sticker Glue LCD Frame Tape Seal,$1.52 ,"https://ae-pic-a1.aliexpress-media.com/kf/S3c8b901c4b1248e69fb7939116052b869.jpg_220x220q75.jpg_.avif,https://ae-pic-a1.aliexpress-media.com/kf/Se8cb81610f5b418aa32e955d775f3d96N.jpg_220x220q75.jpg_.avif,https://ae-pic-a1.aliexpress-media.com/kf/S57c047c765f4437785bea8f30c8ff8a3P.jpg_220x220q75.jpg_.avif,https://ae-pic-a1.aliexpress-media.com/kf/S199e50f69f4d4fdd938e9884f6615762M.jpg_220x220q75.jpg_.avif,https://ae-pic-a1.aliexpress-media.com/kf/S944a262f22a040aa82c2508c4235e9f3M.jpg_220x220q75.jpg_.avif","['High-concerned chemical', 'None', 'With Magnetic', 'No', 'Pieces Included', '10 in 1', 'Material', 'Other', 'Origin', 'Mainland China']",https://www.aliexpress.us/item/3256809101677713.html?algo_pvid=b014b533-fe79-4c48-a474-c7fa15414787&algo_exp_id=b014b533-fe79-4c48-a474-c7fa15414787-58&pdp_ext_f=%7B%22order%22%3A%2262%22%2C%22eval%22%3A%221%22%2C%22fromPage%22%3A%22search%22%7D&pdp_npi=6%40dis%21USD%214.05%211.52%21%21%214.05%211.52%21%402101364d17768959628995863e83f0%2112000048621572068%21sea%21US%210%21ABX%211%210%21n_tag%3A-29910%3Bd%3A7753d89f%3Bm03_new_user%3A-29895%3BpisId%3A5000000204886261&curPageLogUid=VZDlSt9mSqKX&utparam-url=scene%3Asearch%7Cquery_from%3A%7Cx_object_id%3A1005009287992465%7C_p_origin_prod%3A
1Pcs BGA Stencil Scraping Tin Paste Steel Mesh For AM4 AM5 LGA1200 LGA1700 LGA1151 1150 LGA1155 CPU Foot Printing CPU Base,$11.28 ,"https://ae-pic-a1.aliexpress-media.com/kf/Sf99c0f8dd13b493295af1ff4caeb5a9ds.jpg_220x220q75.jpg_.avif,https://ae-pic-a1.aliexpress-media.com/kf/Sa57c35d804784cd9bd794f378949829cC.jpg_220x220q75.jpg_.avif,https://ae-pic-a1.aliexpress-media.com/kf/Sff670078e81b4a1db8d17fb9cbba32f2r.jpg_220x220q75.jpg_.avif,https://ae-pic-a1.aliexpress-media.com/kf/Sa4a72c0685454ec08853b02facbd6e36k.jpg_220x220q75.jpg_.avif,https://ae-pic-a1.aliexpress-media.com/kf/S058f09fb2bb2427db10cc7b2a32eecac4.jpg_220x220q75.jpg_.avif","['High-concerned chemical', 'None', 'With Magnetic', 'No', 'Model Number', 'BGA Stencil For Am4 AM5 LGA1200 LGA1700 LGA1151 1150 LGA1155', 'Pieces Included', '1', 'Material', 'Other', 'Origin', 'Mainland China', 'Hign-concerned Chemical', 'None', 'Model Number', 'BGA Stencil For Am4 AM5 LGA1200 LGA1700 LGA1151 1150 LGA1155', 'Operating Temperature', '90MM does not recommend direct heating', 'Condition', 'New', 'Type', 'Scraping Tin Paste Steel Mesh', 'Origin', 'Mainland China', 'For', 'Desktop computer CPU base']",https://www.aliexpress.us/item/3256808424363897.html?algo_pvid=b014b533-fe79-4c48-a474-c7fa15414787&algo_exp_id=b014b533-fe79-4c48-a474-c7fa15414787-59&pdp_ext_f=%7B%22order%22%3A%2262%22%2C%22eval%22%3A%221%22%2C%22fromPage%22%3A%22search%22%7D&pdp_npi=6%40dis%21USD%2111.78%2111.28%21%21%2111.78%2111.28%21%402101364d17768959628995863e83f0%2112000045952105966%21sea%21US%210%21ABX%211%210%21n_tag%3A-29910%3Bd%3A7753d89f%3Bm03_new_user%3A-29895%3BpisId%3A5000000204886261&curPageLogUid=Ts5H81x8gv0L&utparam-url=scene%3Asearch%7Cquery_from%3A%7Cx_object_id%3A1005008610678649%7C_p_origin_prod%3A
1-6Pcs Stainless Steel Blade Soft Thin Pry Spudger Cell Phone Tablet Screen Battery Opening Tools for Samsung iPhone iPad Opener,$0.99 ,"https://ae-pic-a1.aliexpress-media.com/kf/S97346816b965443884f2f73f0798c412w.jpg?has_lang=1&ver=2_220x220q75.jpg_.avif,https://ae-pic-a1.aliexpress-media.com/kf/S291f56ea3bfa4d36a8eb32192e8a2f8eQ.jpg?has_lang=1&ver=2_220x220q75.jpg_.avif,https://ae-pic-a1.aliexpress-media.com/kf/S3aa4ed24215341bd9f8fa5e9cd1602d3Q.jpg?has_lang=1&ver=2_220x220q75.jpg_.avif,https://ae-pic-a1.aliexpress-media.com/kf/S83cd0b3ac47e468a9a8704beadebb222z.jpg?has_lang=1&ver=2_220x220q75.jpg_.avif,https://ae-pic-a1.aliexpress-media.com/kf/Saf1c66f57b274cce9e5d675600dcfcfdr.jpg?has_lang=1&ver=2_220x220q75.jpg_.avif","['High-concerned chemical', 'None', 'Pieces Included', '6 in 1', 'Material', 'Other', 'Origin', 'Mainland China']",https://www.aliexpress.us/item/3256807943387641.html?algo_pvid=ce3c9d97-8d3a-4fe9-8dab-31e081eb3e82&algo_exp_id=ce3c9d97-8d3a-4fe9-8dab-31e081eb3e82-33&pdp_ext_f=%7B%22order%22%3A%223176%22%2C%22eval%22%3A%221%22%2C%22fromPage%22%3A%22search%22%7D&pdp_npi=6%40dis%21USD%212.68%210.99%21%21%2118.20%216.73%21%40210123bc17768914130077945e9c5a%2112000043906953145%21sea%21US%210%21ABX%211%210%21n_tag%3A-29910%3Bd%3A7753d89f%3Bm03_new_user%3A-29895%3BpisId%3A5000000203537387&curPageLogUid=vhmexhI31N1C&utparam-url=scene%3Asearch%7Cquery_from%3A%7Cx_object_id%3A1005008129702393%7C_p_origin_prod%3A
Back Cover Disassembly Tool Repair for iPhone 16 Pro Max 15 11 12 13 14 Pro Max Rear Housing Camera Glass Remove Opening Tools,$0.99 ,"https://ae-pic-a1.aliexpress-media.com/kf/S1d3c977c25854b68b9de9f0681e6ab7fL.jpg?has_lang=1&ver=2_220x220q75.jpg_.avif,https://ae-pic-a1.aliexpress-media.com/kf/S5c2fb586482f4f449fbf6254e43488a5h.jpg?has_lang=1&ver=2_220x220q75.jpg_.avif,https://ae-pic-a1.aliexpress-media.com/kf/Sf5e7cfd92a9a4bef91bfa4dd7c237f059.jpg?has_lang=1&ver=2_220x220q75.jpg_.avif,https://ae-pic-a1.aliexpress-media.com/kf/S7fffd3caf4ba49039a4dde1ad8a5e45dU.jpg?has_lang=1&ver=2_220x220q75.jpg_.avif,https://ae-pic-a1.aliexpress-media.com/kf/S2bfbe5d25670457ea203b1aa7db6c8d4V.jpg?has_lang=1&ver=2_220x220q75.jpg_.avif","['High-concerned chemical', 'None', 'With Magnetic', 'No', 'Pieces Included', '10 in 1', 'Material', 'Other', 'Origin', 'Mainland China']",https://www.aliexpress.us/item/3256807723854402.html?algo_pvid=ce3c9d97-8d3a-4fe9-8dab-31e081eb3e82&algo_exp_id=ce3c9d97-8d3a-4fe9-8dab-31e081eb3e82-34&pdp_ext_f=%7B%22order%22%3A%223034%22%2C%22eval%22%3A%221%22%2C%22fromPage%22%3A%22search%22%7D&pdp_npi=6%40dis%21USD%218.26%210.99%21%21%2156.05%216.72%21%40210123bc17768914130077945e9c5a%2112000042802608206%21sea%21US%210%21ABX%211%210%21n_tag%3A-29910%3Bd%3A7753d89f%3Bm03_new_user%3A-29895%3BpisId%3A5000000203537387&curPageLogUid=i5QzQn659CNI&utparam-url=scene%3Asearch%7Cquery_from%3A%7Cx_object_id%3A1005007910169154%7C_p_origin_prod%3A
4-8pcs Mobile Phone Repair Tools Plastic Clip Fixture Fastening Clamp For IPhone Samsung iPad Tablet LCD Screen Repair Tool,$3.28 ,"https://ae-pic-a1.aliexpress-media.com/kf/S084af40de21e46cdaa8dab61cb11b0feM.jpg_220x220q75.jpg_.avif,https://ae-pic-a1.aliexpress-media.com/kf/S8593fd4b6db740a2af827ffd8118affaY.jpg_220x220q75.jpg_.avif,https://ae-pic-a1.aliexpress-media.com/kf/Sa3d925fbfead435da9bb70aebb83af65O.jpg_220x220q75.jpg_.avif,https://ae-pic-a1.aliexpress-media.com/kf/Se43693461e884aeaaefeaaec61426ab7C.jpg_220x220q75.jpg_.avif,https://ae-pic-a1.aliexpress-media.com/kf/S6838026e44f5454ebc026fbfd2d3913cq.jpg_220x220q75.jpg_.avif","['High-concerned chemical', 'None', 'With Magnetic', 'No', 'Model Number', 'Fixture Fastening Clamp', 'Pieces Included', '8 in 1', 'Material', 'Other', 'Origin', 'Mainland China']",https://www.aliexpress.us/item/3256808599407650.html?algo_pvid=ce3c9d97-8d3a-4fe9-8dab-31e081eb3e82&algo_exp_id=ce3c9d97-8d3a-4fe9-8dab-31e081eb3e82-36&pdp_ext_f=%7B%22order%22%3A%222871%22%2C%22eval%22%3A%221%22%2C%22fromPage%22%3A%22search%22%7D&pdp_npi=6%40dis%21USD%217.71%213.28%21%21%2152.33%2122.25%21%40210123bc17768914130077945e9c5a%2112000046657794167%21sea%21US%210%21ABX%211%210%21n_tag%3A-29910%3Bd%3A7753d89f%3Bm03_new_user%3A-29895%3BpisId%3A5000000204886261&curPageLogUid=UsbVOLEjO1sm&utparam-url=scene%3Asearch%7Cquery_from%3A%7Cx_object_id%3A1005008785722402%7C_p_origin_prod%3A
5 in 1 Professional Stainless Steel Curved Screen Pry Tools for iPhone iPad Tablet Laptop Repair Metal Spudger Disassembly Kit,$0.99 ,"https://ae-pic-a1.aliexpress-media.com/kf/S91a47c44da4d4293aecf95a87793bf63q.jpg?has_lang=1&ver=2_220x220q75.jpg_.avif,https://ae-pic-a1.aliexpress-media.com/kf/Sc96f424c3477499bafc5ca411b5b93e8m.jpg?has_lang=1&ver=2_220x220q75.jpg_.avif,https://ae-pic-a1.aliexpress-media.com/kf/Secf743ab1a0d42248bc381295497483bM.jpg?has_lang=1&ver=2_220x220q75.jpg_.avif,https://ae-pic-a1.aliexpress-media.com/kf/S6a3a9b1b62324846a661b7eed912ea96p.jpg?has_lang=1&ver=2_220x220q75.jpg_.avif,https://ae-pic-a1.aliexpress-media.com/kf/S1fc283c08e0148d3834e3be8d8a2cea1U.jpg?has_lang=1&ver=2_220x220q75.jpg_.avif","['High-concerned chemical', 'None', 'With Magnetic', 'No', 'Pieces Included', '5', 'Material', 'Other', 'Origin', 'Mainland China']",https://www.aliexpress.us/item/3256809000129420.html?algo_pvid=ce3c9d97-8d3a-4fe9-8dab-31e081eb3e82&algo_exp_id=ce3c9d97-8d3a-4fe9-8dab-31e081eb3e82-37&pdp_ext_f=%7B%22order%22%3A%222794%22%2C%22eval%22%3A%221%22%2C%22fromPage%22%3A%22search%22%7D&pdp_npi=6%40dis%21USD%214.85%210.99%21%21%214.85%210.99%21%40210123bc17768914130077945e9c5a%2112000048232681349%21sea%21US%210%21ABX%211%210%21n_tag%3A-29910%3Bd%3A7753d89f%3Bm03_new_user%3A-29895%3BpisId%3A5000000203537387&curPageLogUid=I9HZa69pqKRy&utparam-url=scene%3Asearch%7Cquery_from%3A%7Cx_object_id%3A1005009186444172%7C_p_origin_prod%3A
Lanrui U8 Alloy Piercing And Sliding Drill Bit Quickly Remove The Slipped Screws Without Damaging The Frame Phone Repair Tool,$0.99 ,"https://ae-pic-a1.aliexpress-media.com/kf/S3f3ba515b528409e9bcb887cc1076c31m.jpg?has_lang=1&ver=2_220x220q75.jpg_.avif,https://ae-pic-a1.aliexpress-media.com/kf/S3f3ba515b528409e9bcb887cc1076c31m.jpg?has_lang=1&ver=2_220x220q75.jpg_.avif,https://ae-pic-a1.aliexpress-media.com/kf/S4246f341c1fe4d149120da47280a390eN.jpg?has_lang=1&ver=2_220x220q75.jpg_.avif,https://ae-pic-a1.aliexpress-media.com/kf/Sd656fcef647547c4a47f4e342145083aR.jpg?has_lang=1&ver=2_220x220q75.jpg_.avif,https://ae-pic-a1.aliexpress-media.com/kf/Sb792db3a3fd84410af04059e3d5da8b0P.jpg?has_lang=1&ver=2_220x220q75.jpg_.avif","['High-concerned chemical', 'None', 'Pieces Included', '1', 'Material', 'Other', 'Origin', 'Mainland China', 'Brand', 'Lanrui']",https://www.aliexpress.us/item/3256809637535309.html?algo_pvid=ce3c9d97-8d3a-4fe9-8dab-31e081eb3e82&algo_exp_id=ce3c9d97-8d3a-4fe9-8dab-31e081eb3e82-40&pdp_ext_f=%7B%22order%22%3A%222550%22%2C%22eval%22%3A%221%22%2C%22fromPage%22%3A%22search%22%7D&pdp_npi=6%40dis%21USD%213.78%210.99%21%21%2125.65%216.71%21%40210123bc17768914130077945e9c5a%2112000050284757883%21sea%21US%210%21ABX%211%210%21n_tag%3A-29910%3Bd%3A7753d89f%3Bm03_new_user%3A-29895%3BpisId%3A5000000203537387&curPageLogUid=FEuOg6vQ56qs&utparam-url=scene%3Asearch%7Cquery_from%3A%7Cx_object_id%3A1005009823850061%7C_p_origin_prod%3A
WYLIE For iPhone 16 15 Pro MAX Esim Modified To Sim No Punching Layering Separation Dual Card with Built-in Card Holder Parts,$2.94 ,"https://ae-pic-a1.aliexpress-media.com/kf/S127dad947c864bd9bd992dc84151240cV.jpg?has_lang=1&ver=1_220x220q75.jpg_.avif,https://ae-pic-a1.aliexpress-media.com/kf/S127dad947c864bd9bd992dc84151240cV.jpg?has_lang=1&ver=1_220x220q75.jpg_.avif,https://ae-pic-a1.aliexpress-media.com/kf/S0f2fcf838e544f0f90f766945c7b9c9f2.jpg?has_lang=1&ver=1_220x220q75.jpg_.avif,https://ae-pic-a1.aliexpress-media.com/kf/S713a91037443406bb647e6af79b8aa9cZ.jpg?has_lang=1&ver=1_220x220q75.jpg_.avif,https://ae-pic-a1.aliexpress-media.com/kf/Sb833217b572d44c48301af4abd4436afl.jpg?has_lang=1&ver=1_220x220q75.jpg_.avif","['High-concerned chemical', 'None', 'With Magnetic', 'No', 'Model Number', 'For iPhone', 'Pieces Included', '1', 'Material', 'Other', 'Brand Name', 'NoEnName_Null', 'Origin', 'Mainland China', 'Brand', 'WYLIE', 'Function', 'Esim Modified To Sim', 'effect', 'SIM Accessories']",https://www.aliexpress.us/item/3256807810273074.html?algo_pvid=ce3c9d97-8d3a-4fe9-8dab-31e081eb3e82&algo_exp_id=ce3c9d97-8d3a-4fe9-8dab-31e081eb3e82-42&pdp_ext_f=%7B%22order%22%3A%222361%22%2C%22eval%22%3A%221%22%2C%22fromPage%22%3A%22search%22%7D&pdp_npi=6%40dis%21USD%213.44%212.94%21%21%2123.32%2119.93%21%40210123bc17768914130077945e9c5a%2112000043201397978%21sea%21US%210%21ABX%211%210%21n_tag%3A-29910%3Bd%3A7753d89f%3Bm03_new_user%3A-29895%3BpisId%3A5000000204886261&curPageLogUid=vTwLIP2GR3Ey&utparam-url=scene%3Asearch%7Cquery_from%3A%7Cx_object_id%3A1005007996587826%7C_p_origin_prod%3A
Bright Black Double-layer Electronic Component Storage Box Screw Accessories Organization DIY Storage For Phone Repair Tool,$0.99 ,"https://ae-pic-a1.aliexpress-media.com/kf/S72ef8dd4ccf840759c6a9a509abcff3cC.jpg_220x220q75.jpg_.avif,https://ae-pic-a1.aliexpress-media.com/kf/S72ef8dd4ccf840759c6a9a509abcff3cC.jpg_220x220q75.jpg_.avif,https://ae-pic-a1.aliexpress-media.com/kf/Sfef403524bc24f6aa89afdae80dbc1d5E.jpg?has_lang=1&ver=2_220x220q75.jpg_.avif,https://ae-pic-a1.aliexpress-media.com/kf/S3226c6fe4f6b4db4b2e2b1c9048a4265j.jpg?has_lang=1&ver=2_220x220q75.jpg_.avif,https://ae-pic-a1.aliexpress-media.com/kf/S81f5b66a5ed148b7b2d0623aafc8cdead.jpg?has_lang=1&ver=2_220x220q75.jpg_.avif","['High-concerned chemical', 'None', 'Pieces Included', '1', 'Material', 'Other', 'Brand Name', 'manumoc', 'Origin', 'Mainland China']",https://www.aliexpress.us/item/3256808518591409.html?algo_pvid=ce3c9d97-8d3a-4fe9-8dab-31e081eb3e82&algo_exp_id=ce3c9d97-8d3a-4fe9-8dab-31e081eb3e82-43&pdp_ext_f=%7B%22order%22%3A%222135%22%2C%22eval%22%3A%221%22%2C%22fromPage%22%3A%22search%22%7D&pdp_npi=6%40dis%21USD%215.70%210.99%21%21%2138.72%216.74%21%40210123bc17768914130077945e9c5a%2112000046320594814%21sea%21US%210%21ABX%211%210%21n_tag%3A-29910%3Bd%3A7753d89f%3Bm03_new_user%3A-29895%3BpisId%3A5000000203537387&curPageLogUid=cleRIUmgdDaI&utparam-url=scene%3Asearch%7Cquery_from%3A%7Cx_object_id%3A1005008704906161%7C_p_origin_prod%3A
40 in 1 Mobile Phone Repair Tools Kits Phones Opening Screen Pry Mobile Phone Screwdriver Tools for iPhone Samsung Xiaomi Huawei,$0.99 ,"https://ae-pic-a1.aliexpress-media.com/kf/S77b388cb874646e593b940a35b9b8c99o.jpg_220x220q75.jpg_.avif,https://ae-pic-a1.aliexpress-media.com/kf/S71bcea056bac418d9e63254a3a9d6082j.jpg_220x220q75.jpg_.avif,https://ae-pic-a1.aliexpress-media.com/kf/S9833d50b5906463ea3d6b2606e09a985u.jpg_220x220q75.jpg_.avif,https://ae-pic-a1.aliexpress-media.com/kf/Sc37951d674d94961a018723ff6fdfbccr.jpg_220x220q75.jpg_.avif,https://ae-pic-a1.aliexpress-media.com/kf/S1709081721204e568e87833d49844de5j.jpg_220x220q75.jpg_.avif","['High-concerned chemical', 'None', 'Pieces Included', '40 in 1', 'Material', 'Chrome Vanadium Steel', 'Origin', 'Mainland China']",https://www.aliexpress.us/item/3256809759286591.html?algo_pvid=ce3c9d97-8d3a-4fe9-8dab-31e081eb3e82&algo_exp_id=ce3c9d97-8d3a-4fe9-8dab-31e081eb3e82-44&pdp_ext_f=%7B%22order%22%3A%222089%22%2C%22eval%22%3A%221%22%2C%22fromPage%22%3A%22search%22%7D&pdp_npi=6%40dis%21USD%212.75%210.99%21%21%2118.66%216.71%21%40210123bc17768914130077945e9c5a%2112000050649562512%21sea%21US%210%21ABX%211%210%21n_tag%3A-29910%3Bd%3A7753d89f%3Bm03_new_user%3A-29895%3BpisId%3A5000000203537387&curPageLogUid=Y0RgUi9KAGqy&utparam-url=scene%3Asearch%7Cquery_from%3A%7Cx_object_id%3A1005009945601343%7C_p_origin_prod%3A
8 In 1 CPU IC Phone Repair Tools Glue Remover Chip Repair Thin Blades Piratical Repair Hand Tool For Mobile Phone Computer,$2.46 ,"https://ae-pic-a1.aliexpress-media.com/kf/S22ebf7e8dd7e40f1a1e1b2683d1fd450M.jpg_220x220q75.jpg_.avif,https://ae-pic-a1.aliexpress-media.com/kf/S8b441c57b6e44fd8be234baf308e1b86f.jpg_220x220q75.jpg_.avif,https://ae-pic-a1.aliexpress-media.com/kf/S8f6d6ab081cf43ff81c3d8f82f57f9f2b.jpg_220x220q75.jpg_.avif,https://ae-pic-a1.aliexpress-media.com/kf/S394af64a077a4b3faa154be34621c0f24.jpg_220x220q75.jpg_.avif,https://ae-pic-a1.aliexpress-media.com/kf/Sc58eb4cf05654422b4dae6b06d9f1768w.jpg_220x220q75.jpg_.avif","['High-concerned chemical', 'None', 'With Magnetic', 'No', 'Pieces Included', '8 in 1', 'Material', 'Other', 'Origin', 'Mainland China']",https://www.aliexpress.us/item/3256808823346461.html?algo_pvid=ce3c9d97-8d3a-4fe9-8dab-31e081eb3e82&algo_exp_id=ce3c9d97-8d3a-4fe9-8dab-31e081eb3e82-45&pdp_ext_f=%7B%22order%22%3A%222085%22%2C%22eval%22%3A%221%22%2C%22fromPage%22%3A%22search%22%7D&pdp_npi=6%40dis%21USD%215.92%212.46%21%21%2140.17%2116.69%21%40210123bc17768914130077945e9c5a%2112000047567547689%21sea%21US%210%21ABX%211%210%21n_tag%3A-29910%3Bd%3A7753d89f%3Bm03_new_user%3A-29895%3BpisId%3A5000000204886261&curPageLogUid=ndUUpKBAW5QV&utparam-url=scene%3Asearch%7Cquery_from%3A%7Cx_object_id%3A1005009009661213%7C_p_origin_prod%3A
PPD Screen Disassembly Pry Piece Blade Mobile Phone Repair Kit Disassembly Pry Piece Curved Screen For iPhone For Android,$0.99 ,"https://ae-pic-a1.aliexpress-media.com/kf/Se1d63b21cd794faa952ed2f648200617X.jpg_220x220q75.jpg_.avif,https://ae-pic-a1.aliexpress-media.com/kf/Se1d63b21cd794faa952ed2f648200617X.jpg_220x220q75.jpg_.avif,https://ae-pic-a1.aliexpress-media.com/kf/Sacd5d2c101d84407af0cbc9198bb2398R.jpg_220x220q75.jpg_.avif,https://ae-pic-a1.aliexpress-media.com/kf/S39fa9f044ef84ab5a21b1377c78a7efc3.jpg_220x220q75.jpg_.avif,https://ae-pic-a1.aliexpress-media.com/kf/Scc502a3867da45e98aebaf245c56d187i.jpg_220x220q75.jpg_.avif","['High-concerned chemical', 'None', 'Pieces Included', '7', 'Material', 'Other', 'Brand Name', 'NoEnName_Null', 'Origin', 'Mainland China']",https://www.aliexpress.us/item/3256806448754103.html?algo_pvid=ce3c9d97-8d3a-4fe9-8dab-31e081eb3e82&algo_exp_id=ce3c9d97-8d3a-4fe9-8dab-31e081eb3e82-46&pdp_ext_f=%7B%22order%22%3A%222043%22%2C%22eval%22%3A%221%22%2C%22fromPage%22%3A%22search%22%7D&pdp_npi=6%40dis%21USD%216.87%210.99%21%21%216.87%210.99%21%40210123bc17768914130077945e9c5a%2112000050535651173%21sea%21US%210%21ABX%211%210%21n_tag%3A-29910%3Bd%3A7753d89f%3Bm03_new_user%3A-29895%3BpisId%3A5000000203537387&curPageLogUid=bGRUhjojiP83&utparam-url=scene%3Asearch%7Cquery_from%3A%7Cx_object_id%3A1005006635068855%7C_p_origin_prod%3A
Universal Fixture Clamp Holder Adjustable Mobile Phone Repair Tools LCD Display Screen Fastening Clip for Smartphone Tablet,$4.89 ,"https://ae-pic-a1.aliexpress-media.com/kf/S2fd590241b8441d2a842ba2fde61915ev.jpg?has_lang=1&ver=1_220x220q75.jpg_.avif,https://ae-pic-a1.aliexpress-media.com/kf/S2daeff8df5bc4eeebdc838a19b27a34b6.jpg?has_lang=1&ver=1_220x220q75.jpg_.avif,https://ae-pic-a1.aliexpress-media.com/kf/S5b587e95d06246dda978063469f4d82av.jpg?has_lang=1&ver=1_220x220q75.jpg_.avif,https://ae-pic-a1.aliexpress-media.com/kf/S8e04b40d0f6a4572a229b49f9e0b6b7el.jpg?has_lang=1&ver=1_220x220q75.jpg_.avif,https://ae-pic-a1.aliexpress-media.com/kf/Sce328754a7cc42cbb1687c861c2ea3baM.jpg?has_lang=1&ver=1_220x220q75.jpg_.avif","['High-concerned chemical', 'None', 'Model Number', 'Phone Repair Clamp', 'Pieces Included', '4-8', 'Material', 'Plastic', 'Origin', 'Mainland China']",https://www.aliexpress.us/item/3256809857832966.html?algo_pvid=ce3c9d97-8d3a-4fe9-8dab-31e081eb3e82&algo_exp_id=ce3c9d97-8d3a-4fe9-8dab-31e081eb3e82-47&pdp_ext_f=%7B%22order%22%3A%221935%22%2C%22eval%22%3A%221%22%2C%22orig_sl_item_id%22%3A%221005010044147718%22%2C%22orig_item_id%22%3A%221005010120674353%22%2C%22fromPage%22%3A%22search%22%7D&pdp_npi=6%40dis%21USD%2110.79%214.89%21%21%2173.28%2133.25%21%40210123bc17768914130077945e9c5a%2112000057266115719%21sea%21US%210%21ABX%211%210%21n_tag%3A-29910%3Bd%3A7753d89f%3Bm03_new_user%3A-29895%3BpisId%3A5000000204886261&curPageLogUid=xLT2wzXI0a16&utparam-url=scene%3Asearch%7Cquery_from%3A%7Cx_object_id%3A1005010044147718%7C_p_origin_prod%3A1005010120674353
Mechanic NC800 Nano Spong Cleaning No Residue Phone Screen PCB Motherboard Back Glass Camera Solder Flux Oil Frame Clean Tool,$0.99 ,"https://ae-pic-a1.aliexpress-media.com/kf/S96bb860d85d2449e9db1ff6502f6c98bK.jpg_220x220q75.jpg_.avif,https://ae-pic-a1.aliexpress-media.com/kf/S7620b7f4a1c840479d84eb7cfdd31e97o.jpg_220x220q75.jpg_.avif,https://ae-pic-a1.aliexpress-media.com/kf/S45cc58e29eab4f7cad68c1f83c88d949l.jpg_220x220q75.jpg_.avif,https://ae-pic-a1.aliexpress-media.com/kf/Sd1016ac2da524aa4b0fdc264a913ddceP.jpg_220x220q75.jpg_.avif,https://ae-pic-a1.aliexpress-media.com/kf/S760cd99dd3f74cdbb7208749d41b5f3dl.jpg_220x220q75.jpg_.avif","['High-concerned chemical', 'None', 'Model Number', 'Mechanical NC800 NANO Cleaning Sponge', 'Pieces Included', '1', 'Material', 'Other', 'Origin', 'Mainland China', 'Brand Name', 'MECHANIC', 'Feature', 'Phone Repair Tool', 'Feature 1', 'Camera cleaning', 'Feature 2', '800pcs one boxes', 'Feature 3', 'Can be used with a variety of cleaning agents', 'Feature 4', 'oca glue clean', 'Feature 5', 'Solder Pad Cleaning']",https://www.aliexpress.us/item/3256807448136964.html?algo_pvid=ce3c9d97-8d3a-4fe9-8dab-31e081eb3e82&algo_exp_id=ce3c9d97-8d3a-4fe9-8dab-31e081eb3e82-51&pdp_ext_f=%7B%22order%22%3A%221724%22%2C%22eval%22%3A%221%22%2C%22fromPage%22%3A%22search%22%7D&pdp_npi=6%40dis%21USD%214.94%210.99%21%21%2133.56%216.74%21%40210123bc17768914130077945e9c5a%2112000041585780912%21sea%21US%210%21ABX%211%210%21n_tag%3A-29910%3Bd%3A7753d89f%3Bm03_new_user%3A-29895%3BpisId%3A5000000203537387&curPageLogUid=bIhqYONho2wQ&utparam-url=scene%3Asearch%7Cquery_from%3A%7Cx_object_id%3A1005007634451716%7C_p_origin_prod%3A
4-8pcs Mobile Phone Repair Tools Plastic Clip Fixture Fastening Clamp For IPhone Samsung iPad Tablet LCD Screen Repair Tool,$0.99 ,"https://ae-pic-a1.aliexpress-media.com/kf/Sa84fd596200c42e5b4ee1dd25cb192b6T.jpg?has_lang=1&ver=2_220x220q75.jpg_.avif,https://ae-pic-a1.aliexpress-media.com/kf/S260d9687b87146efa6dabff5df50d951a.jpg_220x220q75.jpg_.avif,https://ae-pic-a1.aliexpress-media.com/kf/Sc32634951ad64231a7026e3906500467L.jpg_220x220q75.jpg_.avif,https://ae-pic-a1.aliexpress-media.com/kf/See7d7424d86c4db7b17d78fc39fcd090i.jpg_220x220q75.jpg_.avif,https://ae-pic-a1.aliexpress-media.com/kf/S2db3dbf2b8ed42009bd07cf4e9476ac0X.jpg?has_lang=1&ver=1_220x220q75.jpg_.avif","['High-concerned chemical', 'None', 'With Magnetic', 'No', 'Model Number', 'Fixture Fastening Clamp', 'Pieces Included', '8 in 1', 'Material', 'Other', 'Origin', 'Mainland China']",https://www.aliexpress.us/item/3256809922906639.html?algo_pvid=ce3c9d97-8d3a-4fe9-8dab-31e081eb3e82&algo_exp_id=ce3c9d97-8d3a-4fe9-8dab-31e081eb3e82-52&pdp_ext_f=%7B%22order%22%3A%221691%22%2C%22eval%22%3A%221%22%2C%22fromPage%22%3A%22search%22%7D&pdp_npi=6%40dis%21USD%217.96%210.99%21%21%2154.05%216.73%21%40210123bc17768914130077945e9c5a%2112000051176740541%21sea%21US%210%21ABX%211%210%21n_tag%3A-29910%3Bd%3A7753d89f%3Bm03_new_user%3A-29895%3BpisId%3A5000000203537387&curPageLogUid=vftSvy2Z4Qgn&utparam-url=scene%3Asearch%7Cquery_from%3A%7Cx_object_id%3A1005010109221391%7C_p_origin_prod%3A
1-10Pcs Metal Plastic Crowbar Pry Tool Repairing Disassemble Tool For Mobile Phone Computer Repair Opening Tools,$0.99 ,"https://ae-pic-a1.aliexpress-media.com/kf/S3df7a7250ef247e2b3425f0c2b40835b9.jpg_220x220q75.jpg_.avif,https://ae-pic-a1.aliexpress-media.com/kf/S6103646d8c0f44c282baed7b1260425cn.jpg?has_lang=1&ver=2_220x220q75.jpg_.avif,https://ae-pic-a1.aliexpress-media.com/kf/S217875d7f14e4bb7b06d95ae7cd3f50dk.jpg_220x220q75.jpg_.avif,https://ae-pic-a1.aliexpress-media.com/kf/S7dd02564f90742e6857c6ad09f33c6bf6.jpg?has_lang=1&ver=2_220x220q75.jpg_.avif,https://ae-pic-a1.aliexpress-media.com/kf/Sb2d05b6f3a6c400bba3cf9474a0aa6b0e.jpg_220x220q75.jpg_.avif","['High-concerned chemical', 'None', 'Pieces Included', '10 in 1', 'Material', 'Other', 'Brand Name', 'FERREIRA', 'Origin', 'Mainland China']",https://www.aliexpress.us/item/3256807032428356.html?algo_pvid=ce3c9d97-8d3a-4fe9-8dab-31e081eb3e82&algo_exp_id=ce3c9d97-8d3a-4fe9-8dab-31e081eb3e82-56&pdp_ext_f=%7B%22order%22%3A%221624%22%2C%22eval%22%3A%221%22%2C%22fromPage%22%3A%22search%22%7D&pdp_npi=6%40dis%21USD%212.59%210.99%21%21%2117.61%216.75%21%40210123bc17768914130077945e9c5a%2112000039846199954%21sea%21US%210%21ABX%211%210%21n_tag%3A-29910%3Bd%3A7753d89f%3Bm03_new_user%3A-29895%3BpisId%3A5000000203537387&curPageLogUid=KNxxjpXb5cOs&utparam-url=scene%3Asearch%7Cquery_from%3A%7Cx_object_id%3A1005007218743108%7C_p_origin_prod%3A
PU Coated Finger ESD Anti-Static Glove For iPhone Computer Phone Repair Tools Protection Electronic Working Glove,$0.99 ,"https://ae-pic-a1.aliexpress-media.com/kf/S7c7a091b2f144ee399e72d6a7fb1b9b4k.jpg_220x220q75.jpg_.avif,https://ae-pic-a1.aliexpress-media.com/kf/S2d73ba59f2fc445db99140e923dbbc44e.jpeg_220x220q75.jpeg_.avif,https://ae-pic-a1.aliexpress-media.com/kf/Sa60b817983314d22af6a2967893d1b00i.jpg?has_lang=1&ver=1_220x220q75.jpg_.avif,https://ae-pic-a1.aliexpress-media.com/kf/S3c1d3cf99b1544d7939b9f6780b49f55I.jpg_220x220q75.jpg_.avif,https://ae-pic-a1.aliexpress-media.com/kf/S251c02d34ac74b3f9d8ebff2d29468f8J.jpg?has_lang=1&ver=1_220x220q75.jpg_.avif","['High-concerned chemical', 'None', 'Pieces Included', '1', 'Material', 'Other', 'Origin', 'Mainland China']",https://www.aliexpress.us/item/3256806110513468.html?algo_pvid=ce3c9d97-8d3a-4fe9-8dab-31e081eb3e82&algo_exp_id=ce3c9d97-8d3a-4fe9-8dab-31e081eb3e82-57&pdp_ext_f=%7B%22order%22%3A%221587%22%2C%22eval%22%3A%221%22%2C%22fromPage%22%3A%22search%22%7D&pdp_npi=6%40dis%21USD%211.76%210.99%21%21%2111.98%216.75%21%40210123bc17768914130077945e9c5a%2112000036655764655%21sea%21US%210%21ABX%211%210%21n_tag%3A-29910%3Bd%3A7753d89f%3Bm03_new_user%3A-29895%3BpisId%3A5000000203537387&curPageLogUid=PpiDeaD3qcdd&utparam-url=scene%3Asearch%7Cquery_from%3A%7Cx_object_id%3A1005006296828220%7C_p_origin_prod%3A
Wooden Double Hog Bristle Wire Material Head ESD Safe Brush PCB Rework Cleaning And Dust Removal Phone Repair Tools,$0.99 ,"https://ae-pic-a1.aliexpress-media.com/kf/S8c1362780f2a46c3b14b92a78c708b0cV.jpg_220x220q75.jpg_.avif,https://ae-pic-a1.aliexpress-media.com/kf/S8c1362780f2a46c3b14b92a78c708b0cV.jpg_220x220q75.jpg_.avif,https://ae-pic-a1.aliexpress-media.com/kf/S3e9b140d5b874d828866b04f398a1e1dS.jpg_220x220q75.jpg_.avif,https://ae-pic-a1.aliexpress-media.com/kf/S412108aa9c424603801542ada8e413cer.jpg_220x220q75.jpg_.avif,https://ae-pic-a1.aliexpress-media.com/kf/S50c47daaa288443f9b79fe3b93bfbca0V.jpg?has_lang=1&ver=2_220x220q75.jpg_.avif","['High-concerned chemical', 'None', 'Pieces Included', '1', 'Material', 'Other', 'Origin', 'Mainland China']",https://www.aliexpress.us/item/3256804953792938.html?algo_pvid=ce3c9d97-8d3a-4fe9-8dab-31e081eb3e82&algo_exp_id=ce3c9d97-8d3a-4fe9-8dab-31e081eb3e82-58&pdp_ext_f=%7B%22order%22%3A%221542%22%2C%22eval%22%3A%221%22%2C%22fromPage%22%3A%22search%22%7D&pdp_npi=6%40dis%21USD%211.96%210.99%21%21%2113.30%216.72%21%40210123bc17768914130077945e9c5a%2112000046567634423%21sea%21US%210%21ABX%211%210%21n_tag%3A-29910%3Bd%3A7753d89f%3Bm03_new_user%3A-29895%3BpisId%3A5000000203537387&curPageLogUid=oONGACboI7rc&utparam-url=scene%3Asearch%7Cquery_from%3A%7Cx_object_id%3A1005005140107690%7C_p_origin_prod%3A
22 in 1 Mobile Phone Repair Tools Disassemble Repair Kit for iPhone Screwdriver Combination Skid Multi Function Disassembly Set,$0.99 ,"https://ae-pic-a1.aliexpress-media.com/kf/S6beee6f42d92488c9fbbb8629a93fd52c.jpg?has_lang=1&ver=1_220x220q75.jpg_.avif,https://ae-pic-a1.aliexpress-media.com/kf/S6beee6f42d92488c9fbbb8629a93fd52c.jpg?has_lang=1&ver=1_220x220q75.jpg_.avif,https://ae-pic-a1.aliexpress-media.com/kf/Se787af4d765b4ef9989ff7f153e2d1b9M.jpg?has_lang=1&ver=1_220x220q75.jpg_.avif,https://ae-pic-a1.aliexpress-media.com/kf/S3a7816a291574d24be5913c3c685659ey.jpg?has_lang=1&ver=1_220x220q75.jpg_.avif,https://ae-pic-a1.aliexpress-media.com/kf/S55a7900f205b4ecb8b05aa7ed87871cb5.jpg?has_lang=1&ver=1_220x220q75.jpg_.avif","['High-concerned chemical', 'None', 'Pieces Included', '20 in 1', 'Material', 'Other', 'Origin', 'Mainland China']",https://www.aliexpress.us/item/3256809035339547.html?algo_pvid=671b112c-c9b8-4fdd-8a1c-8216fa47d942&algo_exp_id=671b112c-c9b8-4fdd-8a1c-8216fa47d942-3&pdp_ext_f=%7B%22order%22%3A%221343%22%2C%22eval%22%3A%221%22%2C%22fromPage%22%3A%22search%22%7D&pdp_npi=6%40dis%21USD%216.79%210.99%21%21%2146.08%216.69%21%402140f54217768917148476982e4f10%2112000048366710065%21sea%21US%210%21ABX%211%210%21n_tag%3A-29910%3Bd%3A7753d89f%3Bm03_new_user%3A-29895%3BpisId%3A5000000203537387&curPageLogUid=dmrzKtzWN1l9&utparam-url=scene%3Asearch%7Cquery_from%3A%7Cx_object_id%3A1005009221654299%7C_p_origin_prod%3A
1-10Pcs Ultra Thin Curved LCD Screen Spudger Opening Pry Card Disassemble Stainless Steel Metal Mobile Phone Repair Tools,$0.99 ,"https://ae-pic-a1.aliexpress-media.com/kf/S5387cd345d7d472dab0ac0b729e32bd1Q.jpg_220x220q75.jpg_.avif,https://ae-pic-a1.aliexpress-media.com/kf/S95f26287df0e409e8a8c2b2c33256840g.jpg_220x220q75.jpg_.avif,https://ae-pic-a1.aliexpress-media.com/kf/Sde6d2340a0904b4e9ce4a9a439377085Y.jpg_220x220q75.jpg_.avif,https://ae-pic-a1.aliexpress-media.com/kf/Safd655fd7f924f01a43ac92b131c426f3.jpg_220x220q75.jpg_.avif,https://ae-pic-a1.aliexpress-media.com/kf/S48c14f91db2045098d60490ff5da9fa3B.jpg_220x220q75.jpg_.avif","['High-concerned chemical', 'None', 'Model Number', 'Thin Curved Spudger', 'Pieces Included', '6 in 1', 'Material', 'Other', 'Brand Name', 'WEIYIQI', 'Origin', 'Mainland China', 'Function', 'mobile screen separator']",https://www.aliexpress.us/item/3256805703685692.html?algo_pvid=671b112c-c9b8-4fdd-8a1c-8216fa47d942&algo_exp_id=671b112c-c9b8-4fdd-8a1c-8216fa47d942-7&pdp_ext_f=%7B%22order%22%3A%221180%22%2C%22eval%22%3A%221%22%2C%22fromPage%22%3A%22search%22%7D&pdp_npi=6%40dis%21USD%212.02%210.99%21%21%2113.71%216.72%21%402140f54217768917148476982e4f10%2112000034720241281%21sea%21US%210%21ABX%211%210%21n_tag%3A-29910%3Bd%3A7753d89f%3Bm03_new_user%3A-29895%3BpisId%3A5000000203537387&curPageLogUid=3bnOmOfn8Tfp&utparam-url=scene%3Asearch%7Cquery_from%3A%7Cx_object_id%3A1005005890000444%7C_p_origin_prod%3A
21 in 1 Mobile Phone Repair Tools Kit For Apple Android Samsung Set Screwdriver Combination Skid Multi Function Disassembly Kit,$0.99 ,"https://ae-pic-a1.aliexpress-media.com/kf/S41e90eef38d443abacff4e5bb77fbae9E.jpg_220x220q75.jpg_.avif,https://ae-pic-a1.aliexpress-media.com/kf/S3e569e2152394fce88a80249340f8cb2j.jpg_220x220q75.jpg_.avif,https://ae-pic-a1.aliexpress-media.com/kf/S7217e81fe0da4b33a55a7d35b2a5b49cQ.jpg_220x220q75.jpg_.avif,https://ae-pic-a1.aliexpress-media.com/kf/S9dfb71ca065d4bc2b19fa5afac3c6de71.jpg_220x220q75.jpg_.avif,https://ae-pic-a1.aliexpress-media.com/kf/Sba87c73c0d374840a1e734b45a87a3687.jpg_220x220q75.jpg_.avif","['High-concerned chemical', 'None', 'Model Number', '21 in 1', 'Pieces Included', '21', 'Material', 'Other', 'Origin', 'Mainland China']",https://www.aliexpress.us/item/3256806590116704.html?algo_pvid=671b112c-c9b8-4fdd-8a1c-8216fa47d942&algo_exp_id=671b112c-c9b8-4fdd-8a1c-8216fa47d942-11&pdp_ext_f=%7B%22order%22%3A%221107%22%2C%22eval%22%3A%221%22%2C%22fromPage%22%3A%22search%22%7D&pdp_npi=6%40dis%21USD%216.82%210.99%21%21%2146.27%216.72%21%402140f54217768917148476982e4f10%2112000038263943956%21sea%21US%210%21ABX%211%210%21n_tag%3A-29910%3Bd%3A7753d89f%3Bm03_new_user%3A-29895%3BpisId%3A5000000203537387&curPageLogUid=ORCRFceFerPA&utparam-url=scene%3Asearch%7Cquery_from%3A%7Cx_object_id%3A1005006776431456%7C_p_origin_prod%3A
Phone Repair Tools Kit Disassembly Blades Pry Opening Tool Metal Kit Special Adhesive Remover For Phone CPU IC Chip Tool,$0.99 ,"https://ae-pic-a1.aliexpress-media.com/kf/S4df99a59dc3e49aa9394d28841e0bd24r.jpg_220x220q75.jpg_.avif,https://ae-pic-a1.aliexpress-media.com/kf/S4df99a59dc3e49aa9394d28841e0bd24r.jpg_220x220q75.jpg_.avif,https://ae-pic-a1.aliexpress-media.com/kf/S93c5d53df2554b0ebd3ab1d0738d263eS.jpg?has_lang=1&ver=2_220x220q75.jpg_.avif,https://ae-pic-a1.aliexpress-media.com/kf/Sb441f260520b4a2a8c8efe07df82d3bbC.jpg?has_lang=1&ver=2_220x220q75.jpg_.avif,https://ae-pic-a1.aliexpress-media.com/kf/S65fc0b3261f6486d84927ca140451706z.jpg?has_lang=1&ver=2_220x220q75.jpg_.avif","['High-concerned chemical', 'None', 'Pieces Included', '8 in 1', 'Material', 'S2 Alloy Steel', 'Origin', 'Mainland China']",https://www.aliexpress.us/item/3256807071849114.html?algo_pvid=671b112c-c9b8-4fdd-8a1c-8216fa47d942&algo_exp_id=671b112c-c9b8-4fdd-8a1c-8216fa47d942-12&pdp_ext_f=%7B%22order%22%3A%221092%22%2C%22eval%22%3A%221%22%2C%22fromPage%22%3A%22search%22%7D&pdp_npi=6%40dis%21USD%218.96%210.99%21%21%2160.82%216.69%21%402140f54217768917148476982e4f10%2112000040026103042%21sea%21US%210%21ABX%211%210%21n_tag%3A-29910%3Bd%3A7753d89f%3Bm03_new_user%3A-29895%3BpisId%3A5000000203537387&curPageLogUid=CIzt0ZirCaRQ&utparam-url=scene%3Asearch%7Cquery_from%3A%7Cx_object_id%3A1005007258163866%7C_p_origin_prod%3A
Universal Phone Disassembly Opening Screen Pry Repair Tool Kit Professional Mobile Phone Screwdriver Tools Kit For iPhone Xiaomi,$0.99 ,"https://ae-pic-a1.aliexpress-media.com/kf/S7755e075b22f4b90b9ac8f01a979f3dcX.jpg?has_lang=1&ver=1_220x220q75.jpg_.avif,https://ae-pic-a1.aliexpress-media.com/kf/S465726cf6fe646f48dcc2de2f89e05dbI.jpg?has_lang=1&ver=1_220x220q75.jpg_.avif,https://ae-pic-a1.aliexpress-media.com/kf/S81dfac4746ff44c386487a3c1b1f28bah.jpg?has_lang=1&ver=1_220x220q75.jpg_.avif,https://ae-pic-a1.aliexpress-media.com/kf/S67120d67c78541aba3167761f71c6f9eh.jpg_220x220q75.jpg_.avif,https://ae-pic-a1.aliexpress-media.com/kf/S666981de3f704f199d683eed3f865b05b.jpg_220x220q75.jpg_.avif","['High-concerned chemical', 'None', 'With Magnetic', 'No', 'Model Number', '40 in 1', 'Pieces Included', '40 in 1', 'Material', 'Plastic', 'Brand Name', 'Mrgabwte', 'Origin', 'Mainland China']",https://www.aliexpress.us/item/3256810578366493.html?algo_pvid=671b112c-c9b8-4fdd-8a1c-8216fa47d942&algo_exp_id=671b112c-c9b8-4fdd-8a1c-8216fa47d942-15&pdp_ext_f=%7B%22order%22%3A%221080%22%2C%22eval%22%3A%221%22%2C%22fromPage%22%3A%22search%22%7D&pdp_npi=6%40dis%21USD%2110.20%210.99%21%21%2169.26%216.73%21%402140f54217768917148476982e4f10%2112000053430394307%21sea%21US%210%21ABX%211%210%21n_tag%3A-29910%3Bd%3A7753d89f%3Bm03_new_user%3A-29895%3BpisId%3A5000000203537387&curPageLogUid=AguJkpvrZGov&utparam-url=scene%3Asearch%7Cquery_from%3A%7Cx_object_id%3A1005010764681245%7C_p_origin_prod%3A
"polishing tools 18650 lithium battery solder joint grinding, suitable for 21700 battery auxiliary grinding tool set",$0.99 ,"https://ae-pic-a1.aliexpress-media.com/kf/S6315fe4b8d8c4d14b5feeb8e82bd35d70.jpg_220x220q75.jpg_.avif,https://ae-pic-a1.aliexpress-media.com/kf/S88ca26c98bc744afaafc28c0b6045a71Y.jpg_220x220q75.jpg_.avif,https://ae-pic-a1.aliexpress-media.com/kf/S6c9c2b3353d347978b979b21d2c389b5l.jpg_220x220q75.jpg_.avif,https://ae-pic-a1.aliexpress-media.com/kf/S045a2fad9d38466892a04d4ac63e9cedi.jpg?has_lang=1&ver=1_220x220q75.jpg_.avif,https://ae-pic-a1.aliexpress-media.com/kf/S36a71317cd994fb182336998c52490ffp.jpg_220x220q75.jpg_.avif","['High-concerned chemical', 'None', 'Pieces Included', '6 in 1', 'Material', 'Rubber', 'Brand Name', 'PHPR', 'Origin', 'Mainland China']",https://www.aliexpress.us/item/3256810188815098.html?algo_pvid=671b112c-c9b8-4fdd-8a1c-8216fa47d942&algo_exp_id=671b112c-c9b8-4fdd-8a1c-8216fa47d942-13&pdp_ext_f=%7B%22order%22%3A%221074%22%2C%22eval%22%3A%221%22%2C%22fromPage%22%3A%22search%22%7D&pdp_npi=6%40dis%21USD%211.81%210.99%21%21%2112.31%216.74%21%402140f54217768917148476982e4f10%2112000052189635548%21sea%21US%210%21ABX%211%210%21n_tag%3A-29910%3Bd%3A7753d89f%3Bm03_new_user%3A-29895%3BpisId%3A5000000203537387&curPageLogUid=Glxnxh9YHsdt&utparam-url=scene%3Asearch%7Cquery_from%3A%7Cx_object_id%3A1005010375129850%7C_p_origin_prod%3A
2.35mm Special Cutting Grinding Head Polishing Tool For iPhone Phone LCD Screen PCB Repair,$0.99 ,"https://ae-pic-a1.aliexpress-media.com/kf/Sd6e77d511f834d7fa6824069826bc1b75.jpg?has_lang=1&ver=2_220x220q75.jpg_.avif,https://ae-pic-a1.aliexpress-media.com/kf/S45a01c84d5b74d0392a878737a5b97609.jpg?has_lang=1&ver=2_220x220q75.jpg_.avif,https://ae-pic-a1.aliexpress-media.com/kf/Sea846f99df29401dac437139c98bd60er.jpg?has_lang=1&ver=2_220x220q75.jpg_.avif,https://ae-pic-a1.aliexpress-media.com/kf/S8b9784665db3426693ac288db942a967L.jpg?has_lang=1&ver=2_220x220q75.jpg_.avif,https://ae-pic-a1.aliexpress-media.com/kf/S701dcfe2ed6d4b9fabf18f50423eec83x.jpg?has_lang=1&ver=2_220x220q75.jpg_.avif","['High-concerned chemical', 'None', 'Model Number', 'Grinding Head', 'Pieces Included', '1', 'Material', 'Other', 'Origin', 'Mainland China']",https://www.aliexpress.us/item/3256805332110888.html?algo_pvid=671b112c-c9b8-4fdd-8a1c-8216fa47d942&algo_exp_id=671b112c-c9b8-4fdd-8a1c-8216fa47d942-14&pdp_ext_f=%7B%22order%22%3A%221068%22%2C%22eval%22%3A%221%22%2C%22fromPage%22%3A%22search%22%7D&pdp_npi=6%40dis%21USD%212.94%210.99%21%21%2119.97%216.73%21%402140f54217768917148476982e4f10%2112000033389518864%21sea%21US%210%21ABX%211%210%21n_tag%3A-29910%3Bd%3A7753d89f%3Bm03_new_user%3A-29895%3BpisId%3A5000000203537387&curPageLogUid=yHfsJuiXZc6B&utparam-url=scene%3Asearch%7Cquery_from%3A%7Cx_object_id%3A1005005518425640%7C_p_origin_prod%3A
Lanrui P08 Explosion-proof Tin Gasket White Protection Glass Prevent The Tin Balls To Burst BGA Solder Phone Repair Tool,$0.99 ,"https://ae-pic-a1.aliexpress-media.com/kf/Sed891136657a4ba78f450b1cc011922fW.jpg?has_lang=1&ver=2_220x220q75.jpg_.avif,https://ae-pic-a1.aliexpress-media.com/kf/Sed891136657a4ba78f450b1cc011922fW.jpg?has_lang=1&ver=2_220x220q75.jpg_.avif,https://ae-pic-a1.aliexpress-media.com/kf/Sedb45facc8cc4a1ebf23c16022bc53334.jpg?has_lang=1&ver=2_220x220q75.jpg_.avif,https://ae-pic-a1.aliexpress-media.com/kf/Sf445e55b48e749349ddf3a8807a159f4k.jpg?has_lang=1&ver=2_220x220q75.jpg_.avif,https://ae-pic-a1.aliexpress-media.com/kf/S9b5c9b5a29da4a82ac3cc09e799cc2b1V.jpg?has_lang=1&ver=2_220x220q75.jpg_.avif","['High-concerned chemical', 'None', 'Pieces Included', '1', 'Material', 'Other', 'Origin', 'Mainland China']",https://www.aliexpress.us/item/3256810323484770.html?algo_pvid=671b112c-c9b8-4fdd-8a1c-8216fa47d942&algo_exp_id=671b112c-c9b8-4fdd-8a1c-8216fa47d942-18&pdp_ext_f=%7B%22order%22%3A%22952%22%2C%22eval%22%3A%221%22%2C%22fromPage%22%3A%22search%22%7D&pdp_npi=6%40dis%21USD%213.42%210.99%21%21%2123.21%216.71%21%402140f54217768917148476982e4f10%2112000052640668646%21sea%21US%210%21ABX%211%210%21n_tag%3A-29910%3Bd%3A7753d89f%3Bm03_new_user%3A-29895%3BpisId%3A5000000203537387&curPageLogUid=LUE7YU7FwaCd&utparam-url=scene%3Asearch%7Cquery_from%3A%7Cx_object_id%3A1005010509799522%7C_p_origin_prod%3A
3mm 4mm 5mm Sponge Foam Ring Dust-proof Sticker for LCD Phone Front Camera Dustproof Phone Repair Tool,$0.99 ,"https://ae-pic-a1.aliexpress-media.com/kf/S5379f519fe9e45e9a2dc232a0b43c51ev.jpg?has_lang=1&ver=2_220x220q75.jpg_.avif,https://ae-pic-a1.aliexpress-media.com/kf/S5379f519fe9e45e9a2dc232a0b43c51ev.jpg?has_lang=1&ver=2_220x220q75.jpg_.avif,https://ae-pic-a1.aliexpress-media.com/kf/S26d39ae7f4784a1b875a484fb9b80b7ap.jpg?has_lang=1&ver=2_220x220q75.jpg_.avif,https://ae-pic-a1.aliexpress-media.com/kf/S78f46d47e338498fac6e191b1bef8a7dX.jpg?has_lang=1&ver=2_220x220q75.jpg_.avif,https://ae-pic-a1.aliexpress-media.com/kf/S84bca84ba6034ec9b57c8ccb5ab1cd6a5.jpg_220x220q75.jpg_.avif","['High-concerned chemical', 'None', 'Pieces Included', '1', 'Material', 'Other', 'Origin', 'Mainland China']",https://www.aliexpress.us/item/3256808628666059.html?algo_pvid=671b112c-c9b8-4fdd-8a1c-8216fa47d942&algo_exp_id=671b112c-c9b8-4fdd-8a1c-8216fa47d942-19&pdp_ext_f=%7B%22order%22%3A%22944%22%2C%22eval%22%3A%221%22%2C%22fromPage%22%3A%22search%22%7D&pdp_npi=6%40dis%21USD%212.33%210.99%21%21%2115.85%216.75%21%402140f54217768917148476982e4f10%2112000046786098118%21sea%21US%210%21ABX%211%210%21n_tag%3A-29910%3Bd%3A7753d89f%3Bm03_new_user%3A-29895%3BpisId%3A5000000203537387&curPageLogUid=k53rB115gtI7&utparam-url=scene%3Asearch%7Cquery_from%3A%7Cx_object_id%3A1005008814980811%7C_p_origin_prod%3A
22 in 1 Repair Opening Tools Kit Spudger Pry Screwdriver Set for Mobile Phone Tablet Computer Disassemble Hand Tool Set 22/14pcs,$0.99 ,"https://ae-pic-a1.aliexpress-media.com/kf/Se3a462dc7dfd4839acb912d519d6facfn.jpg_220x220q75.jpg_.avif,https://ae-pic-a1.aliexpress-media.com/kf/S3d388c94ba3e457cb542616920eef2b6C.jpg_220x220q75.jpg_.avif,https://ae-pic-a1.aliexpress-media.com/kf/S20c7b3038ae14cfcb6590b8dd391856cb.jpg_220x220q75.jpg_.avif,https://ae-pic-a1.aliexpress-media.com/kf/S82b724edf7074bf696bfc63d50121ab5d.jpg_220x220q75.jpg_.avif,https://ae-pic-a1.aliexpress-media.com/kf/S874f6834be1e45e5b268a4234d62e017G.jpg_220x220q75.jpg_.avif","['High-concerned chemical', 'None', 'Pieces Included', '8 in 1', 'Material', 'Other', 'Brand Name', 'FERREIRA', 'Origin', 'Mainland China']",https://www.aliexpress.us/item/3256806899997816.html?algo_pvid=671b112c-c9b8-4fdd-8a1c-8216fa47d942&algo_exp_id=671b112c-c9b8-4fdd-8a1c-8216fa47d942-20&pdp_ext_f=%7B%22order%22%3A%22917%22%2C%22eval%22%3A%221%22%2C%22fromPage%22%3A%22search%22%7D&pdp_npi=6%40dis%21USD%215.30%210.99%21%21%2136.01%216.75%21%402140f54217768917148476982e4f10%2112000039354612663%21sea%21US%210%21ABX%211%210%21n_tag%3A-29910%3Bd%3A7753d89f%3Bm03_new_user%3A-29895%3BpisId%3A5000000203537387&curPageLogUid=2WNbOrAdRNwK&utparam-url=scene%3Asearch%7Cquery_from%3A%7Cx_object_id%3A1005007086312568%7C_p_origin_prod%3A
MECHANIC 6 Colors UV Curing Solder Mask Ink Welding Oil 10cc BGA PCB Paint Prevent Corrosive Arcing Soldering Paste Weld Flux,$0.99 ,"https://ae-pic-a1.aliexpress-media.com/kf/Sa5abcfbdc8874954884ea42b46c1c14dQ.jpg_220x220q75.jpg_.avif,https://ae-pic-a1.aliexpress-media.com/kf/Sa5abcfbdc8874954884ea42b46c1c14dQ.jpg_220x220q75.jpg_.avif,https://ae-pic-a1.aliexpress-media.com/kf/S25491ba619dc43488f8f019b0979c6e4l.jpg_220x220q75.jpg_.avif,https://ae-pic-a1.aliexpress-media.com/kf/S2c1515bddb7547ef9d284ae7bb30c5ado.jpg_220x220q75.jpg_.avif,https://ae-pic-a1.aliexpress-media.com/kf/Sfe1d00ed1efc46db857e5898bb649286x.jpg_220x220q75.jpg_.avif","['High-concerned chemical', 'None', 'With Magnetic', 'No', 'Model Number', 'UVH900-XX', 'Pieces Included', '1pcs', 'Material', 'Other', 'Origin', 'Mainland China', 'Model', 'LY / BY / HY / RY / JY / WY', 'Type', 'UV Curing soldering mask ink', 'Color', 'Green/Blue/Red/Yellow/Black/White', 'Certification', 'RoSH', 'Capacity', '10cc', 'Net Weight', 'About 25.0g / pcs']",https://www.aliexpress.us/item/3256806542486928.html?algo_pvid=671b112c-c9b8-4fdd-8a1c-8216fa47d942&algo_exp_id=671b112c-c9b8-4fdd-8a1c-8216fa47d942-21&pdp_ext_f=%7B%22order%22%3A%22917%22%2C%22eval%22%3A%221%22%2C%22fromPage%22%3A%22search%22%7D&pdp_npi=6%40dis%21USD%2113.77%210.99%21%21%2193.47%216.72%21%402140f54217768917148476982e4f10%2112000038111146380%21sea%21US%210%21ABX%211%210%21n_tag%3A-29910%3Bd%3A7753d89f%3Bm03_new_user%3A-29895%3BpisId%3A5000000203537387&curPageLogUid=65sYiQ51GJ9J&utparam-url=scene%3Asearch%7Cquery_from%3A%7Cx_object_id%3A1005006728801680%7C_p_origin_prod%3A
Essential Plastic Clip-Style Fixture Clamp for Mobile Phone And Tablet Screen Repair Electronic Device Repairing Tool,$0.99 ,"https://ae-pic-a1.aliexpress-media.com/kf/S1d16ecc9fe55473e9d05657c7b2e78693.jpg?has_lang=1&ver=1_220x220q75.jpg_.avif,https://ae-pic-a1.aliexpress-media.com/kf/S8ce0245faa544951bd92a82d577b9787E.jpg_220x220q75.jpg_.avif,https://ae-pic-a1.aliexpress-media.com/kf/S934179a281c24a0b93eaf84213b737fbL.jpg_220x220q75.jpg_.avif,https://ae-pic-a1.aliexpress-media.com/kf/S441d44b6ee184715885de554d3affc397.jpg_220x220q75.jpg_.avif,https://ae-pic-a1.aliexpress-media.com/kf/S9962259ada7143af8ca084c1367e1ed7V.jpg_220x220q75.jpg_.avif","['High-concerned chemical', 'None', 'With Magnetic', 'No', 'Model Number', 'Fixture Fastening Clamp', 'Pieces Included', '8 in 1', 'Material', 'Other', 'Origin', 'Mainland China']",https://www.aliexpress.us/item/3256810339874189.html?algo_pvid=671b112c-c9b8-4fdd-8a1c-8216fa47d942&algo_exp_id=671b112c-c9b8-4fdd-8a1c-8216fa47d942-22&pdp_ext_f=%7B%22order%22%3A%22916%22%2C%22eval%22%3A%221%22%2C%22fromPage%22%3A%22search%22%7D&pdp_npi=6%40dis%21USD%216.91%210.99%21%21%2146.94%216.78%21%402140f54217768917148476982e4f10%2112000052703041678%21sea%21US%210%21ABX%211%210%21n_tag%3A-29910%3Bd%3A7753d89f%3Bm03_new_user%3A-29895%3BpisId%3A5000000203537387&curPageLogUid=lX87bFFGbaaz&utparam-url=scene%3Asearch%7Cquery_from%3A%7Cx_object_id%3A1005010526188941%7C_p_origin_prod%3A
100pcs Waterproof Seal Back Rear Camera Lens Slot Rubber Ring Circle For iPhone X XR XS 11 12 13 mini 14 Pro Max Repair Parts,$0.99 ,"https://ae-pic-a1.aliexpress-media.com/kf/Sbab2d0e42d164d4e8f52ee62d61ba157V.jpg_220x220q75.jpg_.avif,https://ae-pic-a1.aliexpress-media.com/kf/Sbab2d0e42d164d4e8f52ee62d61ba157V.jpg_220x220q75.jpg_.avif,https://ae-pic-a1.aliexpress-media.com/kf/S5944d38cc3d64a03b3480568c28f313d4.jpg_220x220q75.jpg_.avif,https://ae-pic-a1.aliexpress-media.com/kf/Sddaedc85fd3243d9a73e5f0b99583848z.jpg_220x220q75.jpg_.avif,https://ae-pic-a1.aliexpress-media.com/kf/S9f276d52c69b4cdcb7fa4ab8c19d8c520.jpg_220x220q75.jpg_.avif","['High-concerned chemical', 'None', 'Pieces Included', '100PCS', 'Material', 'Other', 'Brand Name', 'NoEnName_Null', 'Origin', 'Mainland China']",https://www.aliexpress.us/item/3256806316822949.html?algo_pvid=671b112c-c9b8-4fdd-8a1c-8216fa47d942&algo_exp_id=671b112c-c9b8-4fdd-8a1c-8216fa47d942-23&pdp_ext_f=%7B%22order%22%3A%22913%22%2C%22eval%22%3A%221%22%2C%22fromPage%22%3A%22search%22%7D&pdp_npi=6%40dis%21USD%2110.74%210.99%21%21%2172.92%216.72%21%402140f54217768917148476982e4f10%2112000037440178128%21sea%21US%210%21ABX%211%210%21n_tag%3A-29910%3Bd%3A7753d89f%3Bm03_new_user%3A-29895%3BpisId%3A5000000203537387&curPageLogUid=gStck4V9aatI&utparam-url=scene%3Asearch%7Cquery_from%3A%7Cx_object_id%3A1005006503137701%7C_p_origin_prod%3A
WYLIE Nano Conductive Silver Paste ITO Conductive Silver Paste Flexible Screen Repair Circuit Silver Paste for Phone Repair,$2.71 ,"https://ae-pic-a1.aliexpress-media.com/kf/S6c9cde8661194da09de758499a3e973cE.png?has_lang=1&ver=2_220x220.png_.avif,https://ae-pic-a1.aliexpress-media.com/kf/S6c9cde8661194da09de758499a3e973cE.png?has_lang=1&ver=2_220x220.png_.avif,https://ae-pic-a1.aliexpress-media.com/kf/S650bdae1be6442ce9efd7e232b5c2c27n.jpg?has_lang=1&ver=2_220x220q75.jpg_.avif,https://ae-pic-a1.aliexpress-media.com/kf/Sb699e3d08c044c24b69369f5a0bed1c6v.png?has_lang=1&ver=2_220x220.png_.avif,https://ae-pic-a1.aliexpress-media.com/kf/Sfe820fc494a14eb2b452f3d3b64c2a141.jpg?has_lang=1&ver=2_220x220q75.jpg_.avif","['High-concerned chemical', 'None', 'Pieces Included', '1', 'Material', 'Other', 'Origin', 'Mainland China']",https://www.aliexpress.us/item/3256808526100258.html?algo_pvid=671b112c-c9b8-4fdd-8a1c-8216fa47d942&algo_exp_id=671b112c-c9b8-4fdd-8a1c-8216fa47d942-24&pdp_ext_f=%7B%22order%22%3A%22902%22%2C%22eval%22%3A%221%22%2C%22fromPage%22%3A%22search%22%7D&pdp_npi=6%40dis%21USD%213.21%212.71%21%21%2121.76%2118.37%21%402140f54217768917148476982e4f10%2112000047187048970%21sea%21US%210%21ABX%211%210%21n_tag%3A-29910%3Bd%3A7753d89f%3Bm03_new_user%3A-29895%3BpisId%3A5000000204886261&curPageLogUid=T6BlH814SIHV&utparam-url=scene%3Asearch%7Cquery_from%3A%7Cx_object_id%3A1005008712415010%7C_p_origin_prod%3A
Stainless Steel Stand for 510 Thread Accessories Holder,$0.99 ,"https://ae-pic-a1.aliexpress-media.com/kf/S0cadc0391fad4e4e8e3bbcd8bbe6f998E.jpg?has_lang=1&ver=2_220x220q75.jpg_.avif,https://ae-pic-a1.aliexpress-media.com/kf/S0cadc0391fad4e4e8e3bbcd8bbe6f998E.jpg?has_lang=1&ver=2_220x220q75.jpg_.avif,https://ae-pic-a1.aliexpress-media.com/kf/S2bc117bbb702453fbfb5072c27a9aae2z.jpg_220x220q75.jpg_.avif,https://ae-pic-a1.aliexpress-media.com/kf/Sa2dff2f4176141949c1f972ffb358687g.jpg?has_lang=1&ver=2_220x220q75.jpg_.avif,https://ae-pic-a1.aliexpress-media.com/kf/Sb2e2e3bdb9d84f3bb061780e948baf0cq.jpg_220x220q75.jpg_.avif","['High-concerned chemical', 'None', 'With Magnetic', 'No', 'Pieces Included', '1PCS', 'Material', 'Other', 'Origin', 'Mainland China', 'Material', 'Stainless Steel', 'Color', 'Black ,Silver ,Golden']",https://www.aliexpress.us/item/3256803319907569.html?algo_pvid=671b112c-c9b8-4fdd-8a1c-8216fa47d942&algo_exp_id=671b112c-c9b8-4fdd-8a1c-8216fa47d942-25&pdp_ext_f=%7B%22order%22%3A%22883%22%2C%22eval%22%3A%221%22%2C%22fromPage%22%3A%22search%22%7D&pdp_npi=6%40dis%21USD%214.54%210.99%21%21%2130.81%216.69%21%402140f54217768917148476982e4f10%2112000026095725601%21sea%21US%210%21ABX%211%210%21n_tag%3A-29910%3Bd%3A7753d89f%3Bm03_new_user%3A-29895%3BpisId%3A5000000203537387&curPageLogUid=CmK8ZwuvFzeh&utparam-url=scene%3Asearch%7Cquery_from%3A%7Cx_object_id%3A1005003506222321%7C_p_origin_prod%3A
Middle Frame Bezel Replace For Galaxy Z Fold / Z Flip 1 2 3 4 5 6 7 F900 F916 F926 F936 F946 F700 F701 F711 F721 F731,$1.35 ,"https://ae-pic-a1.aliexpress-media.com/kf/S6250ce39e2d948be8e650c1fcf0ce5ccL.png_220x220.png_.avif,https://ae-pic-a1.aliexpress-media.com/kf/S2ac88cb8bb294da9b2e378e021577abb0.png_220x220.png_.avif,https://ae-pic-a1.aliexpress-media.com/kf/S820e7e7d69d746d1802084735625b3e6K.jpg_220x220q75.jpg_.avif,https://ae-pic-a1.aliexpress-media.com/kf/S5e7e03b1d96943faa5e4dd9bc2191135l.jpg_220x220q75.jpg_.avif,https://ae-pic-a1.aliexpress-media.com/kf/S60db717efabc4bd2937a37532bc72ba8M.jpg_220x220q75.jpg_.avif","['High-concerned chemical', 'None', 'With Magnetic', 'No', 'Pieces Included', '1', 'Material', 'Other', 'Origin', 'Mainland China', 'name', 'middle frame bezel', 'Model 1', 'For SM Z Fold 1 2 3 4 5 6 7', 'Model 2', 'W20 W21 W22 W23 W24', 'Model 3', 'F9000 F9160 F9260 F9360 F9460', 'Type 1', 'For SM Z Flip 1 2 3 4 5 6', 'Type 2', 'F7000 F7070 F7110 F7210 F7310', 'Package', '1 pair']",https://www.aliexpress.us/item/3256807142545012.html?algo_pvid=671b112c-c9b8-4fdd-8a1c-8216fa47d942&algo_exp_id=671b112c-c9b8-4fdd-8a1c-8216fa47d942-27&pdp_ext_f=%7B%22order%22%3A%22863%22%2C%22eval%22%3A%221%22%2C%22fromPage%22%3A%22search%22%7D&pdp_npi=6%40dis%21USD%211.85%211.35%21%21%211.85%211.35%21%402140f54217768917148476982e4f10%2112000040287111931%21sea%21US%210%21ABX%211%210%21n_tag%3A-29910%3Bd%3A7753d89f%3Bm03_new_user%3A-29895%3BpisId%3A5000000204886261&curPageLogUid=Nk3gbo0Jlnfp&utparam-url=scene%3Asearch%7Cquery_from%3A%7Cx_object_id%3A1005007328859764%7C_p_origin_prod%3A
