Name,Price,Images,Details,product_link
FTTH Fiber Access Box SC Adapter with Pigtail Wall Mount 2120-T-1 Faceplate Wiring Enclosure,$1.52,"https://ae-pic-a1.aliexpress-media.com/kf/S862360c5e3664c058d98806f62e50c75M.jpg_220x220q75.jpg_.avif,https://ae-pic-a1.aliexpress-media.com/kf/S862360c5e3664c058d98806f62e50c75M.jpg_220x220q75.jpg_.avif,https://ae-pic-a1.aliexpress-media.com/kf/S6fc57c6f40f947c5a74f7dfd6657c2636.jpg_220x220q75.jpg_.avif,https://ae-pic-a1.aliexpress-media.com/kf/Sc06289935b674ab8b1619792e9eb5c03I.jpg_220x220q75.jpg_.avif,https://ae-pic-a1.aliexpress-media.com/kf/S84e237be141945e8a68c197e23ac85788.jpg_220x220q75.jpg_.avif","['High-concerned chemical', 'None', 'Model Number', '2120', 'Brand Name', 'NoEnName_Null', 'Origin', 'Mainland China']",https://www.aliexpress.us/item/3256809450995191.html?algo_pvid=9ab5165c-5014-4b36-8bd7-8303ab1c417b&algo_exp_id=9ab5165c-5014-4b36-8bd7-8303ab1c417b-0&pdp_ext_f=%7B%22order%22%3A%22540%22%2C%22eval%22%3A%221%22%2C%22fromPage%22%3A%22search%22%7D&pdp_npi=6%40dis%21USD%212.02%211.52%21%21%2113.71%2110.31%21%402140c1e917772139750345494ea536%2112000049720731304%21sea%21US%210%21ABX%211%210%21n_tag%3A-29910%3Bd%3Af2d8543c%3Bm03_new_user%3A-29895%3BpisId%3A5000000204886261&curPageLogUid=DPPQteHzLBB3&utparam-url=scene%3Asearch%7Cquery_from%3A%7Cx_object_id%3A1005009637309943%7C_p_origin_prod%3A
F3MA Keystone Port Mount Box Cat6 RJ45 Keystone Port Coupler Joiner for Cat6 Ethernet Networking Cable Installation Accesories,$2.47,"https://ae-pic-a1.aliexpress-media.com/kf/S2230564fa15a4ca8928c371725dbf6adx.jpg_220x220q75.jpg_.avif,https://ae-pic-a1.aliexpress-media.com/kf/S7520c6e5b117455eabe9f1ce5a7368aef.jpg_220x220q75.jpg_.avif,https://ae-pic-a1.aliexpress-media.com/kf/Sbb2e6f3cc8ba488c8d3feec3ca566a26J.jpg_220x220q75.jpg_.avif,https://ae-pic-a1.aliexpress-media.com/kf/S20fa70dc99044d8bb8757e5f54a4a940V.jpg_220x220q75.jpg_.avif,https://ae-pic-a1.aliexpress-media.com/kf/S3d06e2b1ea40420399f1bb97d2e0cb8fP.jpg_220x220q75.jpg_.avif","['High-concerned chemical', 'None', 'Model Number', '4NB1404996', 'Brand Name', 'NoEnName_Null', 'Origin', 'Mainland China', 'Certification', 'NONE']",https://www.aliexpress.us/item/3256808703932893.html?algo_pvid=9ab5165c-5014-4b36-8bd7-8303ab1c417b&algo_exp_id=9ab5165c-5014-4b36-8bd7-8303ab1c417b-1&pdp_ext_f=%7B%22order%22%3A%22280%22%2C%22eval%22%3A%221%22%2C%22fromPage%22%3A%22search%22%7D&pdp_npi=6%40dis%21USD%213.12%212.47%21%21%2121.20%2116.81%21%402140c1e917772139750345494ea536%2112000047096799033%21sea%21US%210%21ABX%211%210%21n_tag%3A-29910%3Bd%3Af2d8543c%3Bm03_new_user%3A-29895%3BpisId%3A5000000204886261&curPageLogUid=t9M2VeJ8PFMD&utparam-url=scene%3Asearch%7Cquery_from%3A%7Cx_object_id%3A1005008890247645%7C_p_origin_prod%3A
B5XA RJ45 Cat6 Junction Box For Ethernet Networking Cable Connection Accessories,$0.99,"https://ae-pic-a1.aliexpress-media.com/kf/Sec32cad9a3f7491295ccf7921833d4efc.jpg_220x220q75.jpg_.avif,https://ae-pic-a1.aliexpress-media.com/kf/Sfe7b62e4bc054c508b36e43d4f790529V.jpg_220x220q75.jpg_.avif,https://ae-pic-a1.aliexpress-media.com/kf/S7bee747bc2974954a0560e901b3ca62bn.jpg_220x220q75.jpg_.avif,https://ae-pic-a1.aliexpress-media.com/kf/S2ddfa718bb39451b9342dafb8c862060J.jpg_220x220q75.jpg_.avif,https://ae-pic-a1.aliexpress-media.com/kf/Sefffb993a4354b5f9471b6ee8ce032abY.jpg_220x220q75.jpg_.avif","['High-concerned chemical', 'None', 'Model Number', '4NB1404996', 'Brand Name', 'bcase', 'Origin', 'Mainland China', 'Certification', 'NONE']",https://www.aliexpress.us/item/3256808703685049.html?algo_pvid=9ab5165c-5014-4b36-8bd7-8303ab1c417b&algo_exp_id=9ab5165c-5014-4b36-8bd7-8303ab1c417b-3&pdp_ext_f=%7B%22order%22%3A%22181%22%2C%22eval%22%3A%221%22%2C%22fromPage%22%3A%22search%22%7D&pdp_npi=6%40dis%21USD%213.03%210.99%21%21%2120.61%216.73%21%402140c1e917772139750345494ea536%2112000047096205763%21sea%21US%210%21ABX%211%210%21n_tag%3A-29910%3Bd%3Af2d8543c%3Bm03_new_user%3A-29895%3BpisId%3A5000000203537349&curPageLogUid=ufRPhfEeHrSQ&utparam-url=scene%3Asearch%7Cquery_from%3A%7Cx_object_id%3A1005008889999801%7C_p_origin_prod%3A
Best Seller Professional RJ45 Junction Box CAT6 Networking Connectors Desktop Extension Cable,$2.42,"https://ae-pic-a1.aliexpress-media.com/kf/S185473a30b31409ab951deb8daf5c1b2D.jpg_220x220q75.jpg_.avif,https://ae-pic-a1.aliexpress-media.com/kf/S46a5b807d7254fd785f008450ca00783I.jpg_220x220q75.jpg_.avif,https://ae-pic-a1.aliexpress-media.com/kf/S76091bb01c814822a6ddfd33551f858d6.jpg_220x220q75.jpg_.avif,https://ae-pic-a1.aliexpress-media.com/kf/S42c7939f500843a4800e0ec5593764d4p.jpg_220x220q75.jpg_.avif,https://ae-pic-a1.aliexpress-media.com/kf/Sf58be5c78fab482bbb7be2185f07fb79P.jpg_220x220q75.jpg_.avif","['High-concerned chemical', 'None', 'Model Number', 'X22B4NB1404996', 'Brand Name', 'ALITER', 'Origin', 'Mainland China', 'Certification', 'NONE']",https://www.aliexpress.us/item/3256809022121171.html?algo_pvid=9ab5165c-5014-4b36-8bd7-8303ab1c417b&algo_exp_id=9ab5165c-5014-4b36-8bd7-8303ab1c417b-4&pdp_ext_f=%7B%22order%22%3A%22129%22%2C%22eval%22%3A%221%22%2C%22fromPage%22%3A%22search%22%7D&pdp_npi=6%40dis%21USD%212.92%212.42%21%21%2119.86%2116.46%21%402140c1e917772139750345494ea536%2112000048311133809%21sea%21US%210%21ABX%211%210%21n_tag%3A-29910%3Bd%3Af2d8543c%3Bm03_new_user%3A-29895%3BpisId%3A5000000204886261&curPageLogUid=ENgqPgfL3Gup&utparam-url=scene%3Asearch%7Cquery_from%3A%7Cx_object_id%3A1005009208435923%7C_p_origin_prod%3A
"20pcs Diamond Lapping Film Knife Sharpening with self-adhesive backing, 22x150mm, #180 to #15000 Grite Size for Metal, Fiber",$27.05,https://ae-pic-a1.aliexpress-media.com/kf/Sc5b27d65ef2a47c2ba246d732fa4f25e7.jpg_220x220q75.jpg_.avif,"['High-concerned chemical', 'None', 'Model Number', 'Polishing', 'Brand Name', 'CICVCHC', 'Origin', 'Mainland China', 'Certification', 'NONE']",https://www.aliexpress.us/item/3256807988562821.html?algo_pvid=9ab5165c-5014-4b36-8bd7-8303ab1c417b&algo_exp_id=9ab5165c-5014-4b36-8bd7-8303ab1c417b-2&pdp_ext_f=%7B%22order%22%3A%22126%22%2C%22eval%22%3A%221%22%2C%22fromPage%22%3A%22search%22%7D&pdp_npi=6%40dis%21USD%2129.00%2127.05%21%21%2129.00%2127.05%21%402140c1e917772139750345494ea536%2112000044111297019%21sea%21US%210%21ABX%211%210%21n_tag%3A-29910%3Bd%3Af2d8543c%3Bm03_new_user%3A-29895%3BpisId%3A5000000204886261&curPageLogUid=AqWRA8fjeZAu&utparam-url=scene%3Asearch%7Cquery_from%3A%7Cx_object_id%3A1005008174877573%7C_p_origin_prod%3A
2pcs 12 Core Optical Fiber Ribbon Cable-SC LC FC E2000 UPC APC Single mode G657A1 Branch kit Pigtail 2m 5m 10m,$40.54,"https://ae-pic-a1.aliexpress-media.com/kf/Sd33582cf99244348a8bc2b649a8815b2j.jpg_220x220q75.jpg_.avif,https://ae-pic-a1.aliexpress-media.com/kf/S20d671a1e92d44e59dc20e122bec16abN.jpg_220x220q75.jpg_.avif,https://ae-pic-a1.aliexpress-media.com/kf/S1ead1b23ff6846c7b37bf70e02649a0cU.png_220x220.png_.avif,https://ae-pic-a1.aliexpress-media.com/kf/S13f1ea8f9fce4b3f83931cacac75f3f1z.jpg_220x220q75.jpg_.avif,https://ae-pic-a1.aliexpress-media.com/kf/Sf1e3403f711c4349b5380a01749ded5ft.jpg_220x220q75.jpg_.avif","['High-concerned chemical', 'None', 'Model Number', 'Ribbon Fiber', 'Brand Name', 'CICVCHC', 'Origin', 'Mainland China', 'Certification', 'NONE']",https://www.aliexpress.us/item/3256808000597221.html?algo_pvid=9ab5165c-5014-4b36-8bd7-8303ab1c417b&algo_exp_id=9ab5165c-5014-4b36-8bd7-8303ab1c417b-5&pdp_ext_f=%7B%22order%22%3A%22108%22%2C%22eval%22%3A%221%22%2C%22fromPage%22%3A%22search%22%7D&pdp_npi=6%40dis%21USD%2143.20%2140.54%21%21%2143.20%2140.54%21%402140c1e917772139750345494ea536%2112000046614964079%21sea%21US%210%21ABX%211%210%21n_tag%3A-29910%3Bd%3Af2d8543c%3Bm03_new_user%3A-29895%3BpisId%3A5000000204886261&curPageLogUid=TfWw7YwFXNE8&utparam-url=scene%3Asearch%7Cquery_from%3A%7Cx_object_id%3A1005008186911973%7C_p_origin_prod%3A
"AMPCOM LC Screwless Embedded Wall Mount Fiber Enclosure with Couplers and Pigtails,Multimode/Singlemode,4/8 Ports,12/16-Core",$26.05,"https://ae-pic-a1.aliexpress-media.com/kf/S46dc44c92fb84ee9ba092de27bebb40ex.jpg_220x220q75.jpg_.avif,https://ae-pic-a1.aliexpress-media.com/kf/S409622a16e2848fa96eea319a695705dj.jpg_220x220q75.jpg_.avif,https://ae-pic-a1.aliexpress-media.com/kf/Sb5f71c66e9c1472f9243d528e7866f0aG.jpg_220x220q75.jpg_.avif,https://ae-pic-a1.aliexpress-media.com/kf/S8dd728fe0ff94853acea6eed0fb60ce29.jpg_220x220q75.jpg_.avif,https://ae-pic-a1.aliexpress-media.com/kf/S7331df7fdc8144b28bb178eb917ab964A.jpg_220x220q75.jpg_.avif","['High-concerned chemical', 'None', 'Model Number', '4 Port / 8 Port', 'Brand Name', 'AMPCOM', 'Origin', 'Mainland China', 'Certification', 'CE,RoHS', 'Installation Type', 'Wall-mounted', 'Material', '1.0mm Powder-Coated Steel Plate', 'Product Features', 'With Couplers and OM3 Pigtails']",https://www.aliexpress.us/item/3256808522940399.html?algo_pvid=9ab5165c-5014-4b36-8bd7-8303ab1c417b&algo_exp_id=9ab5165c-5014-4b36-8bd7-8303ab1c417b-8&pdp_ext_f=%7B%22order%22%3A%2263%22%2C%22eval%22%3A%221%22%2C%22fromPage%22%3A%22search%22%7D&pdp_npi=6%40dis%21USD%2153.10%2126.05%21%21%21361.22%21177.21%21%402140c1e917772139750345494ea536%2112000046338978171%21sea%21US%210%21ABX%211%210%21n_tag%3A-29910%3Bd%3Af2d8543c%3Bm03_new_user%3A-29895%3BpisId%3A5000000204886261&curPageLogUid=4D09TfhKSS6r&utparam-url=scene%3Asearch%7Cquery_from%3A%7Cx_object_id%3A1005008709255151%7C_p_origin_prod%3A
4 Ports FTTH Fiber Optic Terminal Box Full With Adapter SC LC 4 Ports Fiber Optical Patch Panel（flange and pigtail optional）,$11.34,"https://ae-pic-a1.aliexpress-media.com/kf/S24e1ca2ff4f94a3bbdd3ef2078a5080cy.jpg_220x220q75.jpg_.avif,https://ae-pic-a1.aliexpress-media.com/kf/S24e1ca2ff4f94a3bbdd3ef2078a5080cy.jpg_220x220q75.jpg_.avif,https://ae-pic-a1.aliexpress-media.com/kf/Sfd99409b5ecb42e68020a08451dbaa20F.jpg_220x220q75.jpg_.avif,https://ae-pic-a1.aliexpress-media.com/kf/Sdbd9ecbfe1df45098d762dbc390d0c14w.jpg_220x220q75.jpg_.avif,https://ae-pic-a1.aliexpress-media.com/kf/S33ad62e3d5a844a3bd8ccc51187b9219J.jpg_220x220q75.jpg_.avif","['High-concerned chemical', 'None', 'Model Number', 'The 4 port fiber', 'Brand Name', 'NoEnName_Null', 'Origin', 'Mainland China']",https://www.aliexpress.us/item/3256807282939520.html?algo_pvid=9ab5165c-5014-4b36-8bd7-8303ab1c417b&algo_exp_id=9ab5165c-5014-4b36-8bd7-8303ab1c417b-6&pdp_ext_f=%7B%22order%22%3A%2258%22%2C%22eval%22%3A%221%22%2C%22fromPage%22%3A%22search%22%7D&pdp_npi=6%40dis%21USD%2111.84%2111.34%21%21%2180.57%2177.17%21%402140c1e917772139750345494ea536%2112000040882815701%21sea%21US%210%21ABX%211%210%21n_tag%3A-29910%3Bd%3Af2d8543c%3Bm03_new_user%3A-29895%3BpisId%3A5000000204886261&curPageLogUid=N0Ma1oqOLYLo&utparam-url=scene%3Asearch%7Cquery_from%3A%7Cx_object_id%3A1005007469254272%7C_p_origin_prod%3A
"2pcs 12 Fibers MPO-LC Cassettes with SM, OM3, OM4, Aluminum shell, Removable panel",$52.00,https://ae-pic-a1.aliexpress-media.com/kf/Sc66f5bbdbb6a48faa8ed5155a5281f30p.jpg_220x220q75.jpg_.avif,"['High-concerned chemical', 'None', 'Model Number', 'Panel', 'Brand Name', 'CICVCHC', 'Origin', 'Mainland China', 'Certification', 'NONE']",https://www.aliexpress.us/item/3256807992411121.html?algo_pvid=9ab5165c-5014-4b36-8bd7-8303ab1c417b&algo_exp_id=9ab5165c-5014-4b36-8bd7-8303ab1c417b-10&pdp_ext_f=%7B%22order%22%3A%2256%22%2C%22eval%22%3A%221%22%2C%22fromPage%22%3A%22search%22%7D&pdp_npi=6%40dis%21USD%2152.50%2152.00%21%21%2152.50%2152.00%21%402140c1e917772139750345494ea536%2112000044129445635%21sea%21US%210%21ABX%211%210%21n_tag%3A-29910%3Bd%3Af2d8543c%3Bm03_new_user%3A-29895%3BpisId%3A5000000204886261&curPageLogUid=cPptZgc41eDG&utparam-url=scene%3Asearch%7Cquery_from%3A%7Cx_object_id%3A1005008178725873%7C_p_origin_prod%3A
2cores Optical Fiber Splice Box 2Port Fiber Covered Wire Cable Box FTTX FTTH 2 Core Fiber Optic Termination Box,$4.48,"https://ae-pic-a1.aliexpress-media.com/kf/S660589bf9ec34db9883f52fe38c04b48U.jpg_220x220q75.jpg_.avif,https://ae-pic-a1.aliexpress-media.com/kf/S8e99561eb7ad467380b0f4de898f040eP.jpg_220x220q75.jpg_.avif,https://ae-pic-a1.aliexpress-media.com/kf/Sf0d6f6977fdf4086b1eeb7aaddf5322fs.jpg_220x220q75.jpg_.avif,https://ae-pic-a1.aliexpress-media.com/kf/S4bf84eee3ab34afa8a606ad92f7e15bbf.jpg_220x220q75.jpg_.avif","['High-concerned chemical', 'None', 'Model Number', '2 core fiber box', 'Brand Name', 'BLHLI', 'Origin', 'Mainland China', 'Certification', 'FCC', 'Material', 'ABS', 'Appearance size(mm)', '106*84*25', 'Quantity', '1PCS']",https://www.aliexpress.us/item/3256804123957395.html?algo_pvid=9ab5165c-5014-4b36-8bd7-8303ab1c417b&algo_exp_id=9ab5165c-5014-4b36-8bd7-8303ab1c417b-12&pdp_ext_f=%7B%22order%22%3A%2254%22%2C%22eval%22%3A%221%22%2C%22fromPage%22%3A%22search%22%7D&pdp_npi=6%40dis%21USD%214.98%214.48%21%21%214.98%214.48%21%402140c1e917772139750345494ea536%2112000028707372840%21sea%21US%210%21ABX%211%210%21n_tag%3A-29910%3Bd%3Af2d8543c%3Bm03_new_user%3A-29895%3BpisId%3A5000000204886261&curPageLogUid=GoVnPws1QJ6d&utparam-url=scene%3Asearch%7Cquery_from%3A%7Cx_object_id%3A1005004310272147%7C_p_origin_prod%3A
4-Port Fiber Optic Terminal Box with SC/LC Adapters( Flange & Pigtail Options Available)FTTH Fiber Box Fiber Distribution Box,$3.56,"https://ae-pic-a1.aliexpress-media.com/kf/S2f205864e6c1437baa3925479d776b95A.jpg_220x220q75.jpg_.avif,https://ae-pic-a1.aliexpress-media.com/kf/S2f205864e6c1437baa3925479d776b95A.jpg_220x220q75.jpg_.avif,https://ae-pic-a1.aliexpress-media.com/kf/Sa340d3021a2a4366aa47ad23b73b049f5.jpg_220x220q75.jpg_.avif,https://ae-pic-a1.aliexpress-media.com/kf/Sbe9e3e3e0b7848018bc5ef8a39a85393r.jpg_220x220q75.jpg_.avif,https://ae-pic-a1.aliexpress-media.com/kf/Sf751133a24df49d687ac536c1c9a33616.jpg_220x220q75.jpg_.avif","['High-concerned chemical', 'None', 'Model Number', 'The 4 port fiber', 'Brand Name', 'NoEnName_Null', 'Origin', 'Mainland China', 'Fiber Optic Junction Box', 'Fiber Termination Box']",https://www.aliexpress.us/item/3256808404923718.html?algo_pvid=9ab5165c-5014-4b36-8bd7-8303ab1c417b&algo_exp_id=9ab5165c-5014-4b36-8bd7-8303ab1c417b-7&pdp_ext_f=%7B%22order%22%3A%2251%22%2C%22eval%22%3A%221%22%2C%22fromPage%22%3A%22search%22%7D&pdp_npi=6%40dis%21USD%214.06%213.56%21%21%2127.59%2124.19%21%402140c1e917772139750345494ea536%2112000045863348162%21sea%21US%210%21ABX%211%210%21n_tag%3A-29910%3Bd%3Af2d8543c%3Bm03_new_user%3A-29895%3BpisId%3A5000000204886261&curPageLogUid=1cElVQTpFEo7&utparam-url=scene%3Asearch%7Cquery_from%3A%7Cx_object_id%3A1005008591238470%7C_p_origin_prod%3A
Natalink 1/2 Singlemode Fiber Optical Splitter SC FC UPC APC Fiber Optic Pigtail Splitter for Fibre Communication System Tapere,$5.36,"https://ae-pic-a1.aliexpress-media.com/kf/Sa36ed6b2b5ab434fa66a204f284b9ddcz.jpg_220x220q75.jpg_.avif,https://ae-pic-a1.aliexpress-media.com/kf/Sd63f9c1a4d234be1904d18d92ac65df15.jpg_220x220q75.jpg_.avif,https://ae-pic-a1.aliexpress-media.com/kf/S5cf4d999eeec49fbbb94998b75f6c750p.jpg_220x220q75.jpg_.avif,https://ae-pic-a1.aliexpress-media.com/kf/S2500f06280ff440eafbcfbc906016fdds.jpg_220x220q75.jpg_.avif,https://ae-pic-a1.aliexpress-media.com/kf/Sd0ef419688cc4813a470a0bf86912dfcu.jpg_220x220q75.jpg_.avif","['High-concerned chemical', 'None', 'Model Number', 'SC-APC12-001', 'Brand Name', 'NATALINK', 'Origin', 'Mainland China', 'Model Number', 'SC-APC12-001', 'Brand Name', 'NATALINK', 'Origin', 'Mainland China', 'Product Name', '1/2 Fused Fiber Splitter', 'Left Line Length', '1 m', 'Right Line Length', '1 m', 'Insertion Loss', '≤ 0.3 dB', 'Working Wavelength', '1310/1550 nm', 'Operating temperature', '-30~80 ℃', 'Model', 'SC/UPC SC/APC FC/UPC']",https://www.aliexpress.us/item/3256808807857816.html?algo_pvid=9ab5165c-5014-4b36-8bd7-8303ab1c417b&algo_exp_id=9ab5165c-5014-4b36-8bd7-8303ab1c417b-13&pdp_ext_f=%7B%22order%22%3A%2246%22%2C%22eval%22%3A%221%22%2C%22fromPage%22%3A%22search%22%7D&pdp_npi=6%40dis%21USD%2112.48%215.36%21%21%2184.90%2136.50%21%402140c1e917772139750345494ea536%2112000047499572647%21sea%21US%210%21ABX%211%210%21n_tag%3A-29910%3Bd%3Af2d8543c%3Bm03_new_user%3A-29895%3BpisId%3A5000000204886261&curPageLogUid=VzLWnjo82mMg&utparam-url=scene%3Asearch%7Cquery_from%3A%7Cx_object_id%3A1005008994172568%7C_p_origin_prod%3A
Haina 8 Port Fiber Optic Terminal Box FTTH LC 8 core single mode flange pigtail LSZH Rail type CE certification low loss,$36.88,"https://ae-pic-a1.aliexpress-media.com/kf/Se0bcd1e7e9f44746a6591235c834242aY.jpg?has_lang=1&ver=2_220x220q75.jpg_.avif,https://ae-pic-a1.aliexpress-media.com/kf/S9b8ae0d204bb44b3b1feb8f842a470f3W.jpg?has_lang=1&ver=2_220x220q75.jpg_.avif,https://ae-pic-a1.aliexpress-media.com/kf/S4bf2b06c6c69477b98e5698c4505152dd.jpg?has_lang=1&ver=2_220x220q75.jpg_.avif,https://ae-pic-a1.aliexpress-media.com/kf/Scff16c56091a47d59b3e3b126eaa16cat.jpg?has_lang=1&ver=1_220x220q75.jpg_.avif,https://ae-pic-a1.aliexpress-media.com/kf/Sd238ae763dfe42e59d7031245bbac526b.jpg_220x220q75.jpg_.avif","['High-concerned chemical', 'None', 'Model Number', 'HN-GXH-8LD', 'Brand Name', 'NoEnName_Null', 'Origin', 'Mainland China', 'Certification', 'CE,FCC', 'Color', 'Black', 'Thickness', '0.8mm', 'Installation mode', 'Guide rail type', 'Plate material', 'SPCC cold rolled steel', 'Type', 'Engineering carrier level', 'Working temperature', '-40℃-+85℃', 'Storage temperature', '-40℃-+85℃', 'Detection standard', 'YD/T925-2009 Optical Fiber Terminal Box', 'Flange attenuation', '≤ 0.2dB', 'Tail fiber attenuation', '≤ 0.3dB', 'Internal configuration', 'Fixed optical cable device, fused fiber disk', 'Including accessories', 'Telecom-grade low-loss pigtail fiber, telecom-grade zirconia ceramic flange, hot-melt pipe, certificate of approval']",https://www.aliexpress.us/item/3256808553025847.html?algo_pvid=9ab5165c-5014-4b36-8bd7-8303ab1c417b&algo_exp_id=9ab5165c-5014-4b36-8bd7-8303ab1c417b-9&pdp_ext_f=%7B%22order%22%3A%2238%22%2C%22eval%22%3A%221%22%2C%22fromPage%22%3A%22search%22%7D&pdp_npi=6%40dis%21USD%2179.52%2136.88%21%21%21540.94%21250.84%21%402140c1e917772139750345494ea536%2112000046471743148%21sea%21US%210%21ABX%211%210%21n_tag%3A-29910%3Bd%3Af2d8543c%3Bm03_new_user%3A-29895%3BpisId%3A5000000204886261&curPageLogUid=DGagEZJSQVb3&utparam-url=scene%3Asearch%7Cquery_from%3A%7Cx_object_id%3A1005008739340599%7C_p_origin_prod%3A
"10pcs Diamond Polishing Film with self-adhesive backing, 140x140mm, long life 0.5µm to, 80µm",$36.87,https://ae-pic-a1.aliexpress-media.com/kf/Sf02108b71f1046f0af9a489f4bc519a2w.jpg_220x220q75.jpg_.avif,"['High-concerned chemical', 'None', 'Model Number', 'Polishing', 'Brand Name', 'CICVCHC', 'Origin', 'Mainland China', 'Certification', 'NONE']",https://www.aliexpress.us/item/3256807988684478.html?algo_pvid=9ab5165c-5014-4b36-8bd7-8303ab1c417b&algo_exp_id=9ab5165c-5014-4b36-8bd7-8303ab1c417b-11&pdp_ext_f=%7B%22order%22%3A%2235%22%2C%22eval%22%3A%221%22%2C%22fromPage%22%3A%22search%22%7D&pdp_npi=6%40dis%21USD%2139.34%2136.87%21%21%2139.34%2136.87%21%402140c1e917772139750345494ea536%2112000046496437731%21sea%21US%210%21ABX%211%210%21n_tag%3A-29910%3Bd%3Af2d8543c%3Bm03_new_user%3A-29895%3BpisId%3A5000000204886261&curPageLogUid=BmBrIMgrneWl&utparam-url=scene%3Asearch%7Cquery_from%3A%7Cx_object_id%3A1005008174999230%7C_p_origin_prod%3A
"20pcs Diamond Polishing Film with 6 inch 152.4mm, 5 inch 127mm, ADS, 1µm, 3µm, 9µm, 15µm, 30µm, 60µm Fiber, Glass, Metal",$21.53,https://ae-pic-a1.aliexpress-media.com/kf/S402eb98ef17e42e5b49ab8077a32628bB.jpg_220x220q75.jpg_.avif,"['High-concerned chemical', 'None', 'Model Number', 'Polishing', 'Brand Name', 'CICVCHC', 'Origin', 'Mainland China', 'Certification', 'NONE']",https://www.aliexpress.us/item/3256807988572784.html?algo_pvid=9ab5165c-5014-4b36-8bd7-8303ab1c417b&algo_exp_id=9ab5165c-5014-4b36-8bd7-8303ab1c417b-15&pdp_ext_f=%7B%22order%22%3A%2234%22%2C%22eval%22%3A%221%22%2C%22fromPage%22%3A%22search%22%7D&pdp_npi=6%40dis%21USD%2123.19%2121.53%21%21%2123.19%2121.53%21%402140c1e917772139750345494ea536%2112000046491427554%21sea%21US%210%21ABX%211%210%21n_tag%3A-29910%3Bd%3Af2d8543c%3Bm03_new_user%3A-29895%3BpisId%3A5000000204886261&curPageLogUid=tSOJ3yrlar2T&utparam-url=scene%3Asearch%7Cquery_from%3A%7Cx_object_id%3A1005008174887536%7C_p_origin_prod%3A
Haina small guide rail type optical fiber terminal box SC/FC/SC/ST port single mode full matching,$25.79,"https://ae-pic-a1.aliexpress-media.com/kf/S87b8b89866c84a57a7a7ba17252bc54dZ.jpg_220x220q75.jpg_.avif,https://ae-pic-a1.aliexpress-media.com/kf/S22b4c40e01d641f38964a091740c05a00.jpg_220x220q75.jpg_.avif,https://ae-pic-a1.aliexpress-media.com/kf/Sf98c03c0136f4252969e0460cf7ac8faC.jpg_220x220q75.jpg_.avif,https://ae-pic-a1.aliexpress-media.com/kf/S3b52511b25634b7db0595e1230b91184h.jpg_220x220q75.jpg_.avif,https://ae-pic-a1.aliexpress-media.com/kf/S04d160e09f48483e82d697b4f6c5f83fg.jpg_220x220q75.jpg_.avif","['High-concerned chemical', 'None', 'Model Number', 'HN-GXH-X4CD', 'Brand Name', 'HAINA', 'Origin', 'Mainland China', 'Certification', 'CE,FCC,UL', 'Color', 'Black', 'Thickness', '0.8mm', 'Installation mode', 'Guide rail type', 'Plate material', 'SPCC cold rolled steel', 'Type', 'Engineering carrier level', 'Working temperature', '-40℃-+85℃', 'Storage temperature', '-40℃-+85℃', 'Detection standard', 'YD/T925-2009 Optical Fiber Terminal Box', 'Flange attenuation', '≤ 0.2dB', 'Tail fiber attenuation', '≤ 0.3dB', 'Internal configuration', 'Fixed optical cable device, fused fiber disk', 'Including accessories', 'Telecom-grade low-loss pigtail fiber, telecom-grade zirconia ceramic flange, hot-melt pipe, certificate of approval']",https://www.aliexpress.us/item/3256809547858143.html?algo_pvid=9ab5165c-5014-4b36-8bd7-8303ab1c417b&algo_exp_id=9ab5165c-5014-4b36-8bd7-8303ab1c417b-14&pdp_ext_f=%7B%22order%22%3A%2227%22%2C%22eval%22%3A%221%22%2C%22fromPage%22%3A%22search%22%7D&pdp_npi=6%40dis%21USD%2154.77%2125.79%21%21%21372.58%21175.44%21%402140c1e917772139750345494ea536%2112000049986431311%21sea%21US%210%21ABX%211%210%21n_tag%3A-29910%3Bd%3Af2d8543c%3Bm03_new_user%3A-29895%3BpisId%3A5000000204886261&curPageLogUid=rM2TJFNiLVOu&utparam-url=scene%3Asearch%7Cquery_from%3A%7Cx_object_id%3A1005009734172895%7C_p_origin_prod%3A
8 Port Optical Fiber Distribution Frame Desktop Pigtail Optical Fiber Junction Box With SC LC FC ST Pigtail FTTH,$22.79,"https://ae-pic-a1.aliexpress-media.com/kf/S43cddfbf125646ebbf9abd16adea4669k.jpg_220x220q75.jpg_.avif,https://ae-pic-a1.aliexpress-media.com/kf/S9df22f86b78b4c898bd9313af70fd637N.jpg_220x220q75.jpg_.avif,https://ae-pic-a1.aliexpress-media.com/kf/S1b9048c00bb2412db3a32395f0e0baccX.jpg_220x220q75.jpg_.avif,https://ae-pic-a1.aliexpress-media.com/kf/Sfed37f444c674182b566fa3d188338e7e.jpg_220x220q75.jpg_.avif,https://ae-pic-a1.aliexpress-media.com/kf/Sf45a2f3063fa4620802e8271f3404615J.jpg_220x220q75.jpg_.avif","['High-concerned chemical', 'None', 'Model Number', '8 Port', 'Brand Name', 'CAILI', 'Origin', 'Mainland China', 'Certification', 'RoHS']",https://www.aliexpress.us/item/3256808909190431.html?algo_pvid=9ab5165c-5014-4b36-8bd7-8303ab1c417b&algo_exp_id=9ab5165c-5014-4b36-8bd7-8303ab1c417b-17&pdp_ext_f=%7B%22order%22%3A%2219%22%2C%22eval%22%3A%221%22%2C%22fromPage%22%3A%22search%22%7D&pdp_npi=6%40dis%21USD%2138.82%2122.79%21%21%2138.82%2122.79%21%402140c1e917772139750345494ea536%2112000047892738268%21sea%21US%210%21ABX%211%210%21n_tag%3A-29910%3Bd%3Af2d8543c%3Bm03_new_user%3A-29895%3BpisId%3A5000000204886261&curPageLogUid=Xds5dXSYsUi8&utparam-url=scene%3Asearch%7Cquery_from%3A%7Cx_object_id%3A1005009095505183%7C_p_origin_prod%3A
Fiber Optic Terminal Box Bouygues PTO Box 1Fo SC/APC Pigtails and Adapters Fiber to the Home Cable Box OEM,$76.40,"https://ae-pic-a1.aliexpress-media.com/kf/S333c6c1467a04fbd9581d95169202c90H.jpg_220x220q75.jpg_.avif,https://ae-pic-a1.aliexpress-media.com/kf/Sb3c034a040e64f9f80df468a44f068b2A.jpg_220x220q75.jpg_.avif,https://ae-pic-a1.aliexpress-media.com/kf/Sa97c285c08bb4bac9a7792732adca896J.jpg_220x220q75.jpg_.avif,https://ae-pic-a1.aliexpress-media.com/kf/S3c6ea02605364d73b8bbbaf0926caae1o.jpg_220x220q75.jpg_.avif,https://ae-pic-a1.aliexpress-media.com/kf/Sf4197f80ab90432f92c9f36574e8c9f9d.jpg_220x220q75.jpg_.avif","['High-concerned chemical', 'None', 'Model Number', 'OTO-1F', 'Brand Name', 'SKYLYNN', 'Origin', 'Mainland China', 'Connector Type', 'SC/APC', 'Color', 'White', 'Weight', '90G', 'Fiber Type of Pigtail', 'SM G657A2', 'Max Core', '2FO', 'Fiber Type', '85*85*35mm']",https://www.aliexpress.us/item/3256807968270276.html?algo_pvid=9ab5165c-5014-4b36-8bd7-8303ab1c417b&algo_exp_id=9ab5165c-5014-4b36-8bd7-8303ab1c417b-18&pdp_ext_f=%7B%22order%22%3A%2218%22%2C%22eval%22%3A%221%22%2C%22fromPage%22%3A%22search%22%7D&pdp_npi=6%40dis%21USD%21147.88%2176.40%21%21%211006.02%21519.73%21%402140c1e917772139750345494ea536%2112000044017244470%21sea%21US%210%21ABX%211%210%21n_tag%3A-29910%3Bd%3Af2d8543c%3Bm03_new_user%3A-29895%3BpisId%3A5000000204886261&curPageLogUid=2R47N7710lqd&utparam-url=scene%3Asearch%7Cquery_from%3A%7Cx_object_id%3A1005008154585028%7C_p_origin_prod%3A
NEW FR PTO Box Set SC APC Single Mode For French FTTH prise fibre optique murale no logo 10-80PCS,$31.38,"https://ae-pic-a1.aliexpress-media.com/kf/S609ba45a186b44da89dba274b8ed9842y.jpg_220x220q75.jpg_.avif,https://ae-pic-a1.aliexpress-media.com/kf/Sf8a0e704e5c2451a9e185d3208fbdeeaY.jpg_220x220q75.jpg_.avif,https://ae-pic-a1.aliexpress-media.com/kf/S2d5e5331cf3e4363961f6c83e75cab7fA.jpg_220x220q75.jpg_.avif,https://ae-pic-a1.aliexpress-media.com/kf/Scd754af58b81428c9d086c84aef0a891p.jpg_220x220q75.jpg_.avif,https://ae-pic-a1.aliexpress-media.com/kf/S483e342ed54a49ab966b1139cd2ece5fi.jpg_220x220q75.jpg_.avif","['High-concerned chemical', 'None', 'Model Number', 'SC/APC', 'Brand Name', 'SKYLYNN', 'Origin', 'Mainland China', 'Certification', 'CE,RoHS', 'Connector Type', 'SC/APC', 'Color', 'White', 'Weight', '53g', 'Fiber Type of Pigtail', 'SM G657A2']",https://www.aliexpress.us/item/3256810357752754.html?algo_pvid=9ab5165c-5014-4b36-8bd7-8303ab1c417b&algo_exp_id=9ab5165c-5014-4b36-8bd7-8303ab1c417b-19&pdp_ext_f=%7B%22order%22%3A%2217%22%2C%22eval%22%3A%221%22%2C%22fromPage%22%3A%22search%22%7D&pdp_npi=6%40dis%21USD%2160.15%2131.38%21%21%21409.18%21213.47%21%402140c1e917772139750345494ea536%2112000052765199301%21sea%21US%210%21ABX%211%210%21n_tag%3A-29910%3Bd%3Af2d8543c%3Bm03_new_user%3A-29895%3BpisId%3A5000000204886261&curPageLogUid=jOUBSfYRKv6R&utparam-url=scene%3Asearch%7Cquery_from%3A%7Cx_object_id%3A1005010544067506%7C_p_origin_prod%3A
1PCS 6 Port LC fiber optic connector Terminal Box Rail Mounted Supports SC/FC/ ST/LC Coupler With tail fiber Adapter Wholesale,$35.24,"https://ae-pic-a1.aliexpress-media.com/kf/Sd2c3f68cd8e2426b9d7c67297e9b86c5Z.jpg_220x220q75.jpg_.avif,https://ae-pic-a1.aliexpress-media.com/kf/S3dc57c90c7df4229bee543bf85fbbcd8s.jpg_220x220q75.jpg_.avif,https://ae-pic-a1.aliexpress-media.com/kf/S907a8ccb1a694535b910d92c71b4d8fb9.jpg_220x220q75.jpg_.avif,https://ae-pic-a1.aliexpress-media.com/kf/Sc6cd78f61b6f4f81b72bf6e4020afef77.jpg_220x220q75.jpg_.avif,https://ae-pic-a1.aliexpress-media.com/kf/S93d171e11d3f48c583c12919037fef4b1.jpg_220x220q75.jpg_.avif","['High-concerned chemical', 'None', 'Model Number', '6 KOU', 'Brand Name', 'GONGFENG', 'Origin', 'Mainland China', 'Certification', 'CE']",https://www.aliexpress.us/item/3256808925442579.html?algo_pvid=9ab5165c-5014-4b36-8bd7-8303ab1c417b&algo_exp_id=9ab5165c-5014-4b36-8bd7-8303ab1c417b-23&pdp_ext_f=%7B%22order%22%3A%2214%22%2C%22eval%22%3A%221%22%2C%22fromPage%22%3A%22search%22%7D&pdp_npi=6%40dis%21USD%2142.55%2135.24%21%21%2142.55%2135.24%21%402140c1e917772139750345494ea536%2112000047956672774%21sea%21US%210%21ABX%211%210%21n_tag%3A-29910%3Bd%3Af2d8543c%3Bm03_new_user%3A-29895%3BpisId%3A5000000204886261&curPageLogUid=f93NYmfNjlpV&utparam-url=scene%3Asearch%7Cquery_from%3A%7Cx_object_id%3A1005009111757331%7C_p_origin_prod%3A
"10pcs PMMA plastic fiber optics cable 10m length for led light showing star-end glow type-0.25, 0.5, 0.75, 1.0, 1.5, 2.0mm",$14.50,https://ae-pic-a1.aliexpress-media.com/kf/Sf9df9a64931748b4816796270c10bf4cd.jpg_220x220q75.jpg_.avif,"['High-concerned chemical', 'None', 'Model Number', 'PM', 'Brand Name', 'CICVCHC', 'Origin', 'Mainland China', 'Certification', 'NONE']",https://www.aliexpress.us/item/3256808003476043.html?algo_pvid=9ab5165c-5014-4b36-8bd7-8303ab1c417b&algo_exp_id=9ab5165c-5014-4b36-8bd7-8303ab1c417b-24&pdp_ext_f=%7B%22order%22%3A%2214%22%2C%22eval%22%3A%221%22%2C%22fromPage%22%3A%22search%22%7D&pdp_npi=6%40dis%21USD%2115.00%2114.50%21%21%2115.00%2114.50%21%402140c1e917772139750345494ea536%2112000046430540033%21sea%21US%210%21ABX%211%210%21n_tag%3A-29910%3Bd%3Af2d8543c%3Bm03_new_user%3A-29895%3BpisId%3A5000000204886261&curPageLogUid=VeB6cNDWzYw2&utparam-url=scene%3Asearch%7Cquery_from%3A%7Cx_object_id%3A1005008189790795%7C_p_origin_prod%3A
6 Cores Fiber Optic Distribution Box FTTH Terminal Data Information Box Drop Cable Protection,$23.39,"https://ae-pic-a1.aliexpress-media.com/kf/Sfa9b80cef0a744e18f633f28b630882bw.jpg_220x220q75.jpg_.avif,https://ae-pic-a1.aliexpress-media.com/kf/S92c6667141374011a1a4ae231813f476y.jpg_220x220q75.jpg_.avif,https://ae-pic-a1.aliexpress-media.com/kf/S0e59583e77cf4282aa20644c894ed874l.jpg_220x220q75.jpg_.avif,https://ae-pic-a1.aliexpress-media.com/kf/S9f918b47fe4a47cea8a82139d55a36b9C.jpg_220x220q75.jpg_.avif,https://ae-pic-a1.aliexpress-media.com/kf/S7d30d68d25b34b14995432d1fd115e3ct.jpg_220x220q75.jpg_.avif","['High-concerned chemical', 'None', 'Model Number', 'FO-FDB-6-1P', 'Brand Name', 'ALLSTRONG', 'Origin', 'Mainland China']",https://www.aliexpress.us/item/3256806168202148.html?algo_pvid=9ab5165c-5014-4b36-8bd7-8303ab1c417b&algo_exp_id=9ab5165c-5014-4b36-8bd7-8303ab1c417b-25&pdp_ext_f=%7B%22order%22%3A%2214%22%2C%22eval%22%3A%221%22%2C%22fromPage%22%3A%22search%22%7D&pdp_npi=6%40dis%21USD%2123.89%2123.39%21%21%21162.54%21159.14%21%402140c1e917772139750345494ea536%2112000036866811702%21sea%21US%210%21ABX%211%210%21n_tag%3A-29910%3Bd%3Af2d8543c%3Bm03_new_user%3A-29895%3BpisId%3A5000000204886261&curPageLogUid=WU0TZNNhvanz&utparam-url=scene%3Asearch%7Cquery_from%3A%7Cx_object_id%3A1005006354516900%7C_p_origin_prod%3A
86 Information Panels Fiber Optical Terminal Junction Box Fiber Optic Splice Box SC Adapter LC Adapter 2 Core Fiber Combination,$2.97,"https://ae-pic-a1.aliexpress-media.com/kf/Sca5ff5b730b34a4289607523caf7e80bb.jpg_220x220q75.jpg_.avif,https://ae-pic-a1.aliexpress-media.com/kf/S1d59424526b849e1b4f821913ddbd85fS.jpg_220x220q75.jpg_.avif,https://ae-pic-a1.aliexpress-media.com/kf/S063b167ba53a4b3ca4717c12d8cc1537H.jpg_220x220q75.jpg_.avif,https://ae-pic-a1.aliexpress-media.com/kf/S10ca7708714a450bbe9368512e491383u.jpg_220x220q75.jpg_.avif,https://ae-pic-a1.aliexpress-media.com/kf/S39b0cbbc7b5b4a15bb137c8fbd5a8e77d.jpg_220x220q75.jpg_.avif","['High-concerned chemical', 'None', 'Model Number', 'other', 'Brand Name', 'JETTING', 'Origin', 'Mainland China']",https://www.aliexpress.us/item/3256809461075788.html?algo_pvid=9ab5165c-5014-4b36-8bd7-8303ab1c417b&algo_exp_id=9ab5165c-5014-4b36-8bd7-8303ab1c417b-16&pdp_ext_f=%7B%22order%22%3A%2212%22%2C%22eval%22%3A%221%22%2C%22fromPage%22%3A%22search%22%7D&pdp_npi=6%40dis%21USD%213.47%212.97%21%21%2123.59%2120.19%21%402140c1e917772139750345494ea536%2112000049758209885%21sea%21US%210%21ABX%211%210%21n_tag%3A-29910%3Bd%3Af2d8543c%3Bm03_new_user%3A-29895%3BpisId%3A5000000204886261&curPageLogUid=bbi686J0WT4y&utparam-url=scene%3Asearch%7Cquery_from%3A%7Cx_object_id%3A1005009647390540%7C_p_origin_prod%3A
10pcs Optical Fiber Cable Protection Box 1 in 2 out Drop Box Leather Coated Heat Shrink Tubing Splice for Network Cables,$2.79/lot,"https://ae-pic-a1.aliexpress-media.com/kf/H6466cd5d5477468088efe0f2985ad5adY.jpg_220x220q75.jpg_.avif,https://ae-pic-a1.aliexpress-media.com/kf/H462474f2f2414064b395c839260bb8c5l.jpg_220x220q75.jpg_.avif,https://ae-pic-a1.aliexpress-media.com/kf/H13e61e5c95e744e483a115bb1cfc04f9e.jpg_220x220q75.jpg_.avif,https://ae-pic-a1.aliexpress-media.com/kf/Hb978d359a1a64e90b437b0f148d412a1m.jpg_220x220q75.jpg_.avif,https://ae-pic-a1.aliexpress-media.com/kf/H0825a9ed66184e0ab1ace7369ee46813y.jpg_220x220q75.jpg_.avif","['High-concerned chemical', 'None', 'Model Number', 'bsx', 'Brand Name', 'Wowphoon', 'Origin', 'Mainland China']",https://www.aliexpress.us/item/3256809820914302.html?algo_pvid=9ab5165c-5014-4b36-8bd7-8303ab1c417b&algo_exp_id=9ab5165c-5014-4b36-8bd7-8303ab1c417b-26&pdp_ext_f=%7B%22order%22%3A%2212%22%2C%22eval%22%3A%221%22%2C%22fromPage%22%3A%22search%22%7D&pdp_npi=6%40dis%21USD%215.08%212.79%21%21%215.08%212.79%21%402140c1e917772139750345494ea536%2112000050823113875%21sea%21US%210%21ABX%211%210%21n_tag%3A-29910%3Bd%3Af2d8543c%3Bm03_new_user%3A-29895&curPageLogUid=dEUGTmbXsqwg&utparam-url=scene%3Asearch%7Cquery_from%3A%7Cx_object_id%3A1005010007229054%7C_p_origin_prod%3A
"10pcs MPO Adapter with Standard Footprint, Reduced Flange, SC type, Opposed Key (up-down), 12, 16, 24 Fibers",$25.15,https://ae-pic-a1.aliexpress-media.com/kf/S7471f1bc10d84e1c8177a97424e49838z.jpg_220x220q75.jpg_.avif,"['High-concerned chemical', 'None', 'Model Number', 'Adapter', 'Brand Name', 'CICVCHC', 'Origin', 'Mainland China', 'Certification', 'NONE']",https://www.aliexpress.us/item/3256808062348459.html?algo_pvid=9ab5165c-5014-4b36-8bd7-8303ab1c417b&algo_exp_id=9ab5165c-5014-4b36-8bd7-8303ab1c417b-27&pdp_ext_f=%7B%22order%22%3A%2212%22%2C%22eval%22%3A%221%22%2C%22fromPage%22%3A%22search%22%7D&pdp_npi=6%40dis%21USD%2127.00%2125.15%21%21%2127.00%2125.15%21%402140c1e917772139750345494ea536%2112000046746243813%21sea%21US%210%21ABX%211%210%21n_tag%3A-29910%3Bd%3Af2d8543c%3Bm03_new_user%3A-29895%3BpisId%3A5000000204886261&curPageLogUid=N7D405PVTGiH&utparam-url=scene%3Asearch%7Cquery_from%3A%7Cx_object_id%3A1005008248663211%7C_p_origin_prod%3A
SMA905-Male to Female Energy Quartz Medical Fiber Optic 100 to 1000um Large Core Near Infrared Light 400-2500nm Na0.22 Extend,$54.85,https://ae-pic-a1.aliexpress-media.com/kf/S8d996c30bbd242e485721beb8d2768e46.jpg_220x220q75.jpg_.avif,"['High-concerned chemical', 'None', 'Model Number', 'SMA', 'Brand Name', 'CICVCHC', 'Origin', 'Mainland China', 'Certification', 'NONE']",https://www.aliexpress.us/item/3256807985664211.html?algo_pvid=9ab5165c-5014-4b36-8bd7-8303ab1c417b&algo_exp_id=9ab5165c-5014-4b36-8bd7-8303ab1c417b-28&pdp_ext_f=%7B%22order%22%3A%2212%22%2C%22eval%22%3A%221%22%2C%22fromPage%22%3A%22search%22%7D&pdp_npi=6%40dis%21USD%2155.35%2154.85%21%21%2155.35%2154.85%21%402140c1e917772139750345494ea536%2112000046429716271%21sea%21US%210%21ABX%211%210%21n_tag%3A-29910%3Bd%3Af2d8543c%3Bm03_new_user%3A-29895%3BpisId%3A5000000204886261&curPageLogUid=mEO5IIHvF0dZ&utparam-url=scene%3Asearch%7Cquery_from%3A%7Cx_object_id%3A1005008171978963%7C_p_origin_prod%3A
2pcs 12 Fibers MPO/APC - LCUPC LCAPC SCAPC SCUPC-Harness cable-SM-0.35m 0.9mm colored tube-Elite/Low Loss-Male/Female,$39.30,"https://ae-pic-a1.aliexpress-media.com/kf/S7f6b71cf88184770b031b5816fd2d929J.jpg_220x220q75.jpg_.avif,https://ae-pic-a1.aliexpress-media.com/kf/S1e22b52b6a0c42d889ad53d6a1823336p.jpg_220x220q75.jpg_.avif,https://ae-pic-a1.aliexpress-media.com/kf/Sc8d4d5d7b7b3458abe90f7aec0c442500.jpg_220x220q75.jpg_.avif","['High-concerned chemical', 'None', 'Model Number', 'MPO', 'Brand Name', 'CICVCHC', 'Origin', 'Mainland China', 'Certification', 'NONE']",https://www.aliexpress.us/item/3256808566853567.html?algo_pvid=9ab5165c-5014-4b36-8bd7-8303ab1c417b&algo_exp_id=9ab5165c-5014-4b36-8bd7-8303ab1c417b-29&pdp_ext_f=%7B%22order%22%3A%2211%22%2C%22eval%22%3A%221%22%2C%22fromPage%22%3A%22search%22%7D&pdp_npi=6%40dis%21USD%2139.80%2139.30%21%21%2139.80%2139.30%21%402140c1e917772139750345494ea536%2112000046524110679%21sea%21US%210%21ABX%211%210%21n_tag%3A-29910%3Bd%3Af2d8543c%3Bm03_new_user%3A-29895%3BpisId%3A5000000204886261&curPageLogUid=flBDQwXXABOn&utparam-url=scene%3Asearch%7Cquery_from%3A%7Cx_object_id%3A1005008753168319%7C_p_origin_prod%3A
10pcs 1U Rack Panel for MPO Cassette Module 24 Fibers or 12 Fibers,$34.13,https://ae-pic-a1.aliexpress-media.com/kf/S5a525d7b21804f8cb87c81b690c29971i.jpg_220x220q75.jpg_.avif,"['High-concerned chemical', 'None', 'Model Number', 'Panel', 'Brand Name', 'CICVCHC', 'Origin', 'Mainland China', 'Certification', 'NONE']",https://www.aliexpress.us/item/3256807982878243.html?algo_pvid=9ab5165c-5014-4b36-8bd7-8303ab1c417b&algo_exp_id=9ab5165c-5014-4b36-8bd7-8303ab1c417b-30&pdp_ext_f=%7B%22order%22%3A%2211%22%2C%22eval%22%3A%221%22%2C%22fromPage%22%3A%22search%22%7D&pdp_npi=6%40dis%21USD%2134.63%2134.13%21%21%2134.63%2134.13%21%402140c1e917772139750345494ea536%2112000046452604186%21sea%21US%210%21ABX%211%210%21n_tag%3A-29910%3Bd%3Af2d8543c%3Bm03_new_user%3A-29895%3BpisId%3A5000000204886261&curPageLogUid=u89thxE9E5Dj&utparam-url=scene%3Asearch%7Cquery_from%3A%7Cx_object_id%3A1005008169192995%7C_p_origin_prod%3A
4 ports FTTH Fiber Optic Termination Protection box Junction box panel Terminal panel Wall Mount panel box desk box ABS material,$6.93,"https://ae-pic-a1.aliexpress-media.com/kf/H1f40e80c9ad148c388f940b031c95254Z.jpg_220x220q75.jpg_.avif,https://ae-pic-a1.aliexpress-media.com/kf/H2c7b206e6358486fbdd5e25428f4b8c6r.jpg_220x220q75.jpg_.avif,https://ae-pic-a1.aliexpress-media.com/kf/H48be0d4d2d22446ea6a0937827d6ac75u.jpg_220x220q75.jpg_.avif,https://ae-pic-a1.aliexpress-media.com/kf/H66feffa4212e45549d0f32f47334877e2.jpg_220x220q75.jpg_.avif,https://ae-pic-a1.aliexpress-media.com/kf/Sfbf7142c2172425e8e1fc26326842427k.jpg_220x220q75.jpg_.avif","['High-concerned chemical', 'None', 'Model Number', 'bpx', 'Brand Name', 'Wowphoon', 'Origin', 'Mainland China']",https://www.aliexpress.us/item/3256809820677833.html?algo_pvid=9ab5165c-5014-4b36-8bd7-8303ab1c417b&algo_exp_id=9ab5165c-5014-4b36-8bd7-8303ab1c417b-20&pdp_ext_f=%7B%22order%22%3A%2210%22%2C%22eval%22%3A%221%22%2C%22fromPage%22%3A%22search%22%7D&pdp_npi=6%40dis%21USD%2113.51%216.93%21%21%2113.51%216.93%21%402140c1e917772139750345494ea536%2112000050822961086%21sea%21US%210%21ABX%211%210%21n_tag%3A-29910%3Bd%3Af2d8543c%3Bm03_new_user%3A-29895%3BpisId%3A5000000204886261&curPageLogUid=IZx8OdyQbY4i&utparam-url=scene%3Asearch%7Cquery_from%3A%7Cx_object_id%3A1005010006992585%7C_p_origin_prod%3A
Y1UB High Quality Copper Teeth Design SC09 Servo Compact and Lightweight Design with Fast Response Speed for Robotics,$22.14,"https://ae-pic-a1.aliexpress-media.com/kf/S0e9bb6684544469dbc4c8a4d722a0afef.jpg_220x220q75.jpg_.avif,https://ae-pic-a1.aliexpress-media.com/kf/Sf805b6235cd64c5d86e1a1dfefe681a0O.jpg_220x220q75.jpg_.avif,https://ae-pic-a1.aliexpress-media.com/kf/Sf33b6c469bc94af886159beb5cebeb894.jpg_220x220q75.jpg_.avif,https://ae-pic-a1.aliexpress-media.com/kf/S0286c335129b424387ec313fba92f7abW.jpg_220x220q75.jpg_.avif,https://ae-pic-a1.aliexpress-media.com/kf/S08da819d80cf4e78b51d3b2f5f1fc45f3.jpg_220x220q75.jpg_.avif","['High-concerned chemical', 'None', 'Model Number', 'Y1UB13AC1200497', 'Brand Name', 'peacefair', 'Origin', 'Mainland China', 'Certification', 'NONE']",https://www.aliexpress.us/item/3256809820447471.html?algo_pvid=9ab5165c-5014-4b36-8bd7-8303ab1c417b&algo_exp_id=9ab5165c-5014-4b36-8bd7-8303ab1c417b-31&pdp_ext_f=%7B%22order%22%3A%2210%22%2C%22eval%22%3A%221%22%2C%22fromPage%22%3A%22search%22%7D&pdp_npi=6%40dis%21USD%2122.14%2122.14%21%21%21150.61%21150.61%21%402140c1e917772139750345494ea536%2112000050821955294%21sea%21US%210%21ABX%211%210%21n_tag%3A-29910%3Bd%3Af2d8543c%3Bm03_new_user%3A-29895&curPageLogUid=LVsCmTOcC6KA&utparam-url=scene%3Asearch%7Cquery_from%3A%7Cx_object_id%3A1005010006762223%7C_p_origin_prod%3A
OEM France 1Fo Bouygues PTO Box Fiber Opti Socket Full Loaded with SC/APC Pigtail and Adapter Fiber Optic Cable Box 20/40PCS,$68.74,"https://ae-pic-a1.aliexpress-media.com/kf/Sb63b7b8395fd4667bd0d9e1f6222f3b3y.jpg_220x220q75.jpg_.avif,https://ae-pic-a1.aliexpress-media.com/kf/S7cb7f7e2f11f4e1cadc148222d6758c7h.jpg_220x220q75.jpg_.avif,https://ae-pic-a1.aliexpress-media.com/kf/S10cbc9d8bbbb4dad8cbde2d9769d6c094.jpg_220x220q75.jpg_.avif,https://ae-pic-a1.aliexpress-media.com/kf/Sfb4b6941307e4a6c86f7be5ad5eb6dcaA.jpg_220x220q75.jpg_.avif,https://ae-pic-a1.aliexpress-media.com/kf/S0e0e0a5abb554dafaf87b356aec97e77v.jpg_220x220q75.jpg_.avif","['High-concerned chemical', 'None', 'Model Number', 'OTO-1F', 'Brand Name', 'SKYLYNN', 'Origin', 'Mainland China', 'Certification', 'CE,FCC,RoHS', 'Connector Type', 'SC/APC', 'Color', 'White', 'Weight', '90G', 'Fiber Type of Pigtail', 'SM G657A2', 'Max Core', '2FO', 'Fiber Type', '85*85*35mm']",https://www.aliexpress.us/item/3256808654768151.html?algo_pvid=9ab5165c-5014-4b36-8bd7-8303ab1c417b&algo_exp_id=9ab5165c-5014-4b36-8bd7-8303ab1c417b-32&pdp_ext_f=%7B%22order%22%3A%2210%22%2C%22eval%22%3A%221%22%2C%22fromPage%22%3A%22search%22%7D&pdp_npi=6%40dis%21USD%21135.77%2168.74%21%21%21923.61%21467.64%21%402140c1e917772139750345494ea536%2112000046905286911%21sea%21US%210%21ABX%211%210%21n_tag%3A-29910%3Bd%3Af2d8543c%3Bm03_new_user%3A-29895%3BpisId%3A5000000204886261&curPageLogUid=hq0EA3OUqoe6&utparam-url=scene%3Asearch%7Cquery_from%3A%7Cx_object_id%3A1005008841082903%7C_p_origin_prod%3A
Haina Industrial Grade 35mm Rail Mounted Fiber Optic Terminal Box SC/FC/SC/ST 4/8 Port Single Mode Fully Equipped,$31.47,"https://ae-pic-a1.aliexpress-media.com/kf/Se39bf9f5697b4ac1b20dcc360810498ex.jpg_220x220q75.jpg_.avif,https://ae-pic-a1.aliexpress-media.com/kf/Sfcde0650d97a449d8f24b00d492adaeds.jpg_220x220q75.jpg_.avif,https://ae-pic-a1.aliexpress-media.com/kf/S6dfe5dcdd44b4bb6a6099c7a41a40997U.jpg_220x220q75.jpg_.avif,https://ae-pic-a1.aliexpress-media.com/kf/S7b747ba7df1342aaac1fad753dfb6532z.jpg_220x220q75.jpg_.avif,https://ae-pic-a1.aliexpress-media.com/kf/Scff16c56091a47d59b3e3b126eaa16cat.jpg_220x220q75.jpg_.avif","['High-concerned chemical', 'None', 'Model Number', 'HN-GXH-4CD/4FD/4TD/8LD', 'Brand Name', 'NoEnName_Null', 'Origin', 'Mainland China', 'Certification', 'CE,EAC,FCC,UL,NONE', 'Color', 'Black', 'Thickness', '0.8mm', 'Installation mode', 'Guide rail type', 'Plate material', 'SPCC cold rolled steel', 'Type', 'Engineering carrier level', 'Working temperature', '-40℃-+85℃', 'Storage temperature', '-40℃-+85℃', 'Detection standard', 'YD/T925-2009 Optical Fiber Terminal Box', 'Flange attenuation', '≤ 0.2dB', 'Tail fiber attenuation', '≤ 0.3dB', 'Internal configuration', 'Fixed optical cable device, fused fiber disk', 'Including accessories', 'Telecom-grade low-loss pigtail fiber, telecom-grade zirconia ceramic flange, hot-melt pipe, certificate of approval']",https://www.aliexpress.us/item/3256809970476069.html?algo_pvid=9ab5165c-5014-4b36-8bd7-8303ab1c417b&algo_exp_id=9ab5165c-5014-4b36-8bd7-8303ab1c417b-21&pdp_ext_f=%7B%22order%22%3A%229%22%2C%22eval%22%3A%221%22%2C%22fromPage%22%3A%22search%22%7D&pdp_npi=6%40dis%21USD%2169.51%2131.47%21%21%21472.89%21214.13%21%402140c1e917772139750345494ea536%2112000051351511671%21sea%21US%210%21ABX%211%210%21n_tag%3A-29910%3Bd%3Af2d8543c%3Bm03_new_user%3A-29895%3BpisId%3A5000000204886261&curPageLogUid=PYOc5603KEC8&utparam-url=scene%3Asearch%7Cquery_from%3A%7Cx_object_id%3A1005010156790821%7C_p_origin_prod%3A
Fiber Optic Access Faceplate Box 2120-T-1 SC With Fiber Adapter Electrical Junction Box Wall-Mount Wiring Enclosure,$1.50,"https://ae-pic-a1.aliexpress-media.com/kf/S5baea1af3e59414fa3010c4639d0a94c7.jpg_220x220q75.jpg_.avif,https://ae-pic-a1.aliexpress-media.com/kf/S5baea1af3e59414fa3010c4639d0a94c7.jpg_220x220q75.jpg_.avif,https://ae-pic-a1.aliexpress-media.com/kf/S5c6b482be91d45b6922a8a0fe3a7d3f8i.jpg_220x220q75.jpg_.avif,https://ae-pic-a1.aliexpress-media.com/kf/Scbd783b94a824a5ea68de46566908e6cV.jpg_220x220q75.jpg_.avif,https://ae-pic-a1.aliexpress-media.com/kf/Sc74ed8104d9a4dc7a71a574d53208a47n.jpg_220x220q75.jpg_.avif","['High-concerned chemical', 'None', 'Model Number', '2120', 'Brand Name', 'NoEnName_Null', 'Origin', 'Mainland China']",https://www.aliexpress.us/item/3256809286121830.html?algo_pvid=9ab5165c-5014-4b36-8bd7-8303ab1c417b&algo_exp_id=9ab5165c-5014-4b36-8bd7-8303ab1c417b-22&pdp_ext_f=%7B%22order%22%3A%229%22%2C%22eval%22%3A%221%22%2C%22fromPage%22%3A%22search%22%7D&pdp_npi=6%40dis%21USD%212.00%211.50%21%21%2113.61%2110.21%21%402140c1e917772139750345494ea536%2112000049209497066%21sea%21US%210%21ABX%211%210%21n_tag%3A-29910%3Bd%3Af2d8543c%3Bm03_new_user%3A-29895%3BpisId%3A5000000204886261&curPageLogUid=rr8mtT5rqW1h&utparam-url=scene%3Asearch%7Cquery_from%3A%7Cx_object_id%3A1005009472436582%7C_p_origin_prod%3A
Neutral 40 pcs/box Single-core socket PTO box set Single-mode SC/APC French-style FTTH dedicated No logo,$56.09,"https://ae-pic-a1.aliexpress-media.com/kf/Se4140180e8df44c7a7e4a759ed120032B.jpg_220x220q75.jpg_.avif,https://ae-pic-a1.aliexpress-media.com/kf/Sfc611ac188db44a2ab2aeece4121f88ae.jpg_220x220q75.jpg_.avif,https://ae-pic-a1.aliexpress-media.com/kf/S53b14a645b7c4bac89ae59e758b4213bl.jpg_220x220q75.jpg_.avif,https://ae-pic-a1.aliexpress-media.com/kf/Sfe9c0e167c2644f192b7c792a6ff3ca3I.jpg_220x220q75.jpg_.avif,https://ae-pic-a1.aliexpress-media.com/kf/Se4140180e8df44c7a7e4a759ed120032B.jpg_220x220q75.jpg_.avif","['High-concerned chemical', 'None', 'Model Number', 'Neutral', 'Brand Name', 'SKYLYNN', 'Origin', 'Mainland China', 'Certification', 'CE,RoHS', 'Connector Type', 'SC/APC', 'Color', 'White', 'Weight', '53g', 'Fiber Type of Pigtail', 'SM G657A2']",https://www.aliexpress.us/item/3256810066736131.html?algo_pvid=9ab5165c-5014-4b36-8bd7-8303ab1c417b&algo_exp_id=9ab5165c-5014-4b36-8bd7-8303ab1c417b-33&pdp_ext_f=%7B%22order%22%3A%229%22%2C%22eval%22%3A%221%22%2C%22fromPage%22%3A%22search%22%7D&pdp_npi=6%40dis%21USD%21108.83%2156.09%21%21%21740.31%21381.56%21%402140c1e917772139750345494ea536%2112000051685421398%21sea%21US%210%21ABX%211%210%21n_tag%3A-29910%3Bd%3Af2d8543c%3Bm03_new_user%3A-29895%3BpisId%3A5000000204886261&curPageLogUid=8SrOwRH0WCOq&utparam-url=scene%3Asearch%7Cquery_from%3A%7Cx_object_id%3A1005010253050883%7C_p_origin_prod%3A
100pcs fiber protection box drop cable shrinkable tube protective sleeve ftth fusion tube hot melt protection shell,$9.96/lot,"https://ae-pic-a1.aliexpress-media.com/kf/S975ffcd5cad0439fb9cdfff6b9a937362.jpg_220x220q75.jpg_.avif,https://ae-pic-a1.aliexpress-media.com/kf/Sb257a4a198d44b888ca577731cdd384e6.jpg_220x220q75.jpg_.avif,https://ae-pic-a1.aliexpress-media.com/kf/Sbd5c4373ea854b589280939cdafba4daT.jpg_220x220q75.jpg_.avif,https://ae-pic-a1.aliexpress-media.com/kf/H9692d0c9a4cc45a79ea7f328037e74610.jpg_220x220q75.jpg_.avif,https://ae-pic-a1.aliexpress-media.com/kf/Hde0cfb21fef54a5881dc025a0310c115z.jpg_220x220q75.jpg_.avif","['High-concerned chemical', 'None', 'Model Number', '12*103mm', 'Brand Name', 'FTTHELINK', 'Origin', 'Mainland China', 'ITEM', 'FTTH BOX', 'Type', 'only box', 'Apply cable', '3.0*2.0mm;0.9mm;0.25mm', 'Qty', '100pcs']",https://www.aliexpress.us/item/3256808402525635.html?algo_pvid=9ab5165c-5014-4b36-8bd7-8303ab1c417b&algo_exp_id=9ab5165c-5014-4b36-8bd7-8303ab1c417b-34&pdp_ext_f=%7B%22order%22%3A%229%22%2C%22eval%22%3A%221%22%2C%22fromPage%22%3A%22search%22%7D&pdp_npi=6%40dis%21USD%2111.89%219.96%21%21%2111.89%219.96%21%402140c1e917772139750345494ea536%2112000045854162712%21sea%21US%210%21ABX%211%210%21n_tag%3A-29910%3Bd%3Af2d8543c%3Bm03_new_user%3A-29895%3BpisId%3A5000000204886261&curPageLogUid=M3Af6FhkXKW1&utparam-url=scene%3Asearch%7Cquery_from%3A%7Cx_object_id%3A1005008588840387%7C_p_origin_prod%3A
"10pcs Diamond Polishing Film with self-adhesive backing, 127mm, long life 0.5µm to, 80µm",$29.10,"https://ae-pic-a1.aliexpress-media.com/kf/S852484771aaf4d768065c45178509a92U.jpg_220x220q75.jpg_.avif,https://ae-pic-a1.aliexpress-media.com/kf/S24e5d978f041478eb4dc4a4910cd6a26s.jpg_220x220q75.jpg_.avif,https://ae-pic-a1.aliexpress-media.com/kf/Sae6f834c90054ff8ba03bde2e43bda0ah.jpg_220x220q75.jpg_.avif,https://ae-pic-a1.aliexpress-media.com/kf/Sa28538580009474e9ea037d777e63e52K.jpg_220x220q75.jpg_.avif,https://ae-pic-a1.aliexpress-media.com/kf/S7e2c287b60fb4673b9e81c75c81e77beB.jpg_220x220q75.jpg_.avif","['High-concerned chemical', 'None', 'Model Number', 'Polishing', 'Brand Name', 'CICVCHC', 'Origin', 'Mainland China']",https://www.aliexpress.us/item/3256807988425247.html?algo_pvid=9ab5165c-5014-4b36-8bd7-8303ab1c417b&algo_exp_id=9ab5165c-5014-4b36-8bd7-8303ab1c417b-35&pdp_ext_f=%7B%22order%22%3A%228%22%2C%22eval%22%3A%221%22%2C%22fromPage%22%3A%22search%22%7D&pdp_npi=6%40dis%21USD%2131.16%2129.10%21%21%2131.16%2129.10%21%402140c1e917772139750345494ea536%2112000046496470349%21sea%21US%210%21ABX%211%210%21n_tag%3A-29910%3Bd%3Af2d8543c%3Bm03_new_user%3A-29895%3BpisId%3A5000000204886261&curPageLogUid=TaX8vh4yaxhd&utparam-url=scene%3Asearch%7Cquery_from%3A%7Cx_object_id%3A1005008174739999%7C_p_origin_prod%3A
2pcs 12 Fibers MPO/UPC LC/UPC SC/UPC Harness cable OM3 OM4 0.35m 0.9mm colored tube Elite Low Loss Male Female,$51.80,"https://ae-pic-a1.aliexpress-media.com/kf/Sa7ed6c5422964dc9a3f2a2658b0f6168W.jpg_220x220q75.jpg_.avif,https://ae-pic-a1.aliexpress-media.com/kf/S891b2f8883944467bfc682767caa88336.jpg_220x220q75.jpg_.avif,https://ae-pic-a1.aliexpress-media.com/kf/Sc8d4d5d7b7b3458abe90f7aec0c442500.jpg_220x220q75.jpg_.avif,https://ae-pic-a1.aliexpress-media.com/kf/S6366ea7a8352410090a7b75641d480ecg.jpg_220x220q75.jpg_.avif","['High-concerned chemical', 'None', 'Model Number', 'MPO', 'Brand Name', 'CICVCHC', 'Origin', 'Mainland China', 'Certification', 'NONE']",https://www.aliexpress.us/item/3256807987754118.html?algo_pvid=9ab5165c-5014-4b36-8bd7-8303ab1c417b&algo_exp_id=9ab5165c-5014-4b36-8bd7-8303ab1c417b-36&pdp_ext_f=%7B%22order%22%3A%228%22%2C%22eval%22%3A%221%22%2C%22fromPage%22%3A%22search%22%7D&pdp_npi=6%40dis%21USD%2152.30%2151.80%21%21%2152.30%2151.80%21%402140c1e917772139750345494ea536%2112000046523003486%21sea%21US%210%21ABX%211%210%21n_tag%3A-29910%3Bd%3Af2d8543c%3Bm03_new_user%3A-29895%3BpisId%3A5000000204886261&curPageLogUid=n12TetozH4O9&utparam-url=scene%3Asearch%7Cquery_from%3A%7Cx_object_id%3A1005008174068870%7C_p_origin_prod%3A
4/8 Ports Fiber Terminal Box with SC LC 4/8 ports Fiber Optical Patch Panel （Flange and pigtail are not included）,$7.77,"https://ae-pic-a1.aliexpress-media.com/kf/Sbe251a8f7b8d48c28f6974825128b7faO.jpg_220x220q75.jpg_.avif,https://ae-pic-a1.aliexpress-media.com/kf/Sbe251a8f7b8d48c28f6974825128b7faO.jpg_220x220q75.jpg_.avif,https://ae-pic-a1.aliexpress-media.com/kf/S1d3be6e5e8064923b7cab5de22d4033eS.jpg_220x220q75.jpg_.avif,https://ae-pic-a1.aliexpress-media.com/kf/Sa11a1f8c5a2443e9b32e79dae83485c79.jpg_220x220q75.jpg_.avif,https://ae-pic-a1.aliexpress-media.com/kf/S5c1dcc0f7db74be3a1c225e787cb1d70y.jpg_220x220q75.jpg_.avif","['High-concerned chemical', 'None', 'Model Number', 'Fiber Box', 'Brand Name', 'NoEnName_Null', 'Origin', 'Mainland China']",https://www.aliexpress.us/item/3256806961464128.html?algo_pvid=9ab5165c-5014-4b36-8bd7-8303ab1c417b&algo_exp_id=9ab5165c-5014-4b36-8bd7-8303ab1c417b-37&pdp_ext_f=%7B%22order%22%3A%228%22%2C%22eval%22%3A%221%22%2C%22fromPage%22%3A%22search%22%7D&pdp_npi=6%40dis%21USD%217.77%217.77%21%21%2152.83%2152.83%21%402140c1e917772139750345494ea536%2112000040650133622%21sea%21US%210%21ABX%211%210%21n_tag%3A-29910%3Bd%3Af2d8543c%3Bm03_new_user%3A-29895&curPageLogUid=XgatSVk3n2r6&utparam-url=scene%3Asearch%7Cquery_from%3A%7Cx_object_id%3A1005007147778880%7C_p_origin_prod%3A
100Pcs Waterproof Heat Shrink Tube With Solder Insulation Wire Terminal Connector Heat Shrink Welding Ring Terminal,$2.93,"https://ae-pic-a1.aliexpress-media.com/kf/S1d3245fae069453cbfa2e66116da9228y.jpg_220x220q75.jpg_.avif,https://ae-pic-a1.aliexpress-media.com/kf/S46ed2e799d9144198c32b80fc8090733n.jpg_220x220q75.jpg_.avif,https://ae-pic-a1.aliexpress-media.com/kf/S23f5c2bc902b46839f693d63aa99f4073.jpg_220x220q75.jpg_.avif,https://ae-pic-a1.aliexpress-media.com/kf/Sa7d567b1a4ac4f2aba853386c3341c67j.jpg_220x220q75.jpg_.avif,https://ae-pic-a1.aliexpress-media.com/kf/S1fa4eeac5dd5483289a49dd9103b4939X.jpg_220x220q75.jpg_.avif","['High-concerned chemical', 'None', 'Model Number', 'no', 'Brand Name', 'SD&HI', 'Origin', 'Mainland China']",https://www.aliexpress.us/item/3256810440248545.html?algo_pvid=9ab5165c-5014-4b36-8bd7-8303ab1c417b&algo_exp_id=9ab5165c-5014-4b36-8bd7-8303ab1c417b-38&pdp_ext_f=%7B%22order%22%3A%227%22%2C%22eval%22%3A%221%22%2C%22fromPage%22%3A%22search%22%7D&pdp_npi=6%40dis%21USD%213.43%212.93%21%21%2123.36%2119.96%21%402140c1e917772139750345494ea536%2112000053015388401%21sea%21US%210%21ABX%211%210%21n_tag%3A-29910%3Bd%3Af2d8543c%3Bm03_new_user%3A-29895%3BpisId%3A5000000204886261&curPageLogUid=vMO2q8dpp9on&utparam-url=scene%3Asearch%7Cquery_from%3A%7Cx_object_id%3A1005010626563297%7C_p_origin_prod%3A
10-80Pcs/Carton 1 Core Socket PTO Box Set Single Mode SC/APC For French FTTH prise fibre optique murale sc,$36.67,"https://ae-pic-a1.aliexpress-media.com/kf/S313fc11a0e494fdc9a8ade385a41cddeb.jpg_220x220q75.jpg_.avif,https://ae-pic-a1.aliexpress-media.com/kf/Saadb85a84625407788ad37b94ce5f1efd.jpg_220x220q75.jpg_.avif,https://ae-pic-a1.aliexpress-media.com/kf/S12de6cb0e60a4c0eafd3a0b20ae6552e2.jpg_220x220q75.jpg_.avif,https://ae-pic-a1.aliexpress-media.com/kf/S4f5a9a2d216a419cb3bbd3225fe89fdfB.jpg_220x220q75.jpg_.avif,https://ae-pic-a1.aliexpress-media.com/kf/Sf474d8a1b29140cca9d6f2415e307f4fd.jpg_220x220q75.jpg_.avif","['High-concerned chemical', 'None', 'Model Number', 'PTO', 'Brand Name', 'SKYLYNN', 'Origin', 'Mainland China', 'Certification', 'CE,RoHS', 'Connector Type', 'SC/APC', 'Color', 'White', 'Weight', '53g', 'Fiber Type of Pigtail', 'SM G657A2']",https://www.aliexpress.us/item/3256810343402251.html?algo_pvid=9ab5165c-5014-4b36-8bd7-8303ab1c417b&algo_exp_id=9ab5165c-5014-4b36-8bd7-8303ab1c417b-39&pdp_ext_f=%7B%22order%22%3A%227%22%2C%22eval%22%3A%221%22%2C%22fromPage%22%3A%22search%22%7D&pdp_npi=6%40dis%21USD%2161.95%2136.67%21%21%21421.41%21249.45%21%402140c1e917772139750345494ea536%2112000052711231736%21sea%21US%210%21ABX%211%210%21n_tag%3A-29910%3Bd%3Af2d8543c%3Bm03_new_user%3A-29895%3BpisId%3A5000000204886261&curPageLogUid=7yt4BdeZwozV&utparam-url=scene%3Asearch%7Cquery_from%3A%7Cx_object_id%3A1005010529717003%7C_p_origin_prod%3A
"Optical Fiber Protection Box, FTTH Square Leather Fiber Optic Cable Fiber Fusion Splicing Box, Heat Shrink Tube Customized",$1.97/lot,"https://ae-pic-a1.aliexpress-media.com/kf/Habae901fc8a643e3a04e592c9e003552R.jpg_220x220q75.jpg_.avif,https://ae-pic-a1.aliexpress-media.com/kf/H8488de10bcd64975bd67b4ad16ba7ad0K.jpg_220x220q75.jpg_.avif,https://ae-pic-a1.aliexpress-media.com/kf/Hfd2c7166d8b840f4b30114d8f16358bfv.jpg_220x220q75.jpg_.avif,https://ae-pic-a1.aliexpress-media.com/kf/H3f604be7cb104d8ea6027710604140e7n.jpg_220x220q75.jpg_.avif,https://ae-pic-a1.aliexpress-media.com/kf/Hd57111a132e64487af107eb2bea984c8c.jpg_220x220q75.jpg_.avif","['High-concerned chemical', 'None', 'Model Number', 'bhx1', 'Brand Name', 'Wowphoon', 'Origin', 'Mainland China']",https://www.aliexpress.us/item/3256809794759580.html?algo_pvid=9ab5165c-5014-4b36-8bd7-8303ab1c417b&algo_exp_id=9ab5165c-5014-4b36-8bd7-8303ab1c417b-40&pdp_ext_f=%7B%22order%22%3A%227%22%2C%22eval%22%3A%221%22%2C%22fromPage%22%3A%22search%22%7D&pdp_npi=6%40dis%21USD%214.95%211.97%21%21%214.95%211.97%21%402140c1e917772139750345494ea536%2112000050752252993%21sea%21US%210%21ABX%211%210%21n_tag%3A-29910%3Bd%3Af2d8543c%3Bm03_new_user%3A-29895%3BpisId%3A5000000204886261&curPageLogUid=U2BgIEtwr5rM&utparam-url=scene%3Asearch%7Cquery_from%3A%7Cx_object_id%3A1005009981074332%7C_p_origin_prod%3A
White Fiber Optic Protection Box FTTH Desktop 2 RJ45 Ports 1 Optical Fiber ABS Material for Cable Management,$2.89,"https://ae-pic-a1.aliexpress-media.com/kf/H2f1360341df54e9a8c97eff6065b0b118.jpg_220x220q75.jpg_.avif,https://ae-pic-a1.aliexpress-media.com/kf/Hae8e888089b34089ab6d85b18772ce79g.jpg_220x220q75.jpg_.avif,https://ae-pic-a1.aliexpress-media.com/kf/H7af0115f59fc49249247d636ff306fc06.jpg_220x220q75.jpg_.avif,https://ae-pic-a1.aliexpress-media.com/kf/S05e008dc3eb649a4a814b70a4202629ay.jpg_220x220q75.jpg_.avif,https://ae-pic-a1.aliexpress-media.com/kf/S087b6c9e75d542d1b6af97e92649c565H.jpg_220x220q75.jpg_.avif","['High-concerned chemical', 'None', 'Model Number', 'mb', 'Brand Name', 'Wowphoon', 'Origin', 'Mainland China']",https://www.aliexpress.us/item/3256809795036396.html?algo_pvid=9ab5165c-5014-4b36-8bd7-8303ab1c417b&algo_exp_id=9ab5165c-5014-4b36-8bd7-8303ab1c417b-41&pdp_ext_f=%7B%22order%22%3A%226%22%2C%22eval%22%3A%221%22%2C%22fromPage%22%3A%22search%22%7D&pdp_npi=6%40dis%21USD%215.78%212.89%21%21%215.78%212.89%21%402140c1e917772139750345494ea536%2112000050753411788%21sea%21US%210%21ABX%211%210%21n_tag%3A-29910%3Bd%3Af2d8543c%3Bm03_new_user%3A-29895&curPageLogUid=sPZwoe7wNeEY&utparam-url=scene%3Asearch%7Cquery_from%3A%7Cx_object_id%3A1005009981351148%7C_p_origin_prod%3A
Factory wholesale 48/24/12 Ports Fiber Terminal Box Fiber Optical Patch Panel Fiber Box SC FC LC,$19.76,"https://ae-pic-a1.aliexpress-media.com/kf/S6b225c2a521e4ef6af52434492cb8344C.jpg_220x220q75.jpg_.avif,https://ae-pic-a1.aliexpress-media.com/kf/S6b225c2a521e4ef6af52434492cb8344C.jpg_220x220q75.jpg_.avif,https://ae-pic-a1.aliexpress-media.com/kf/S008d9f5c69314ce48633f147bf770a4cQ.jpg_220x220q75.jpg_.avif,https://ae-pic-a1.aliexpress-media.com/kf/Sa70ff1fa827e40a289cdf86ae58f683bf.jpg_220x220q75.jpg_.avif,https://ae-pic-a1.aliexpress-media.com/kf/S26ef66b7554844b18d6a63f176c7e07b5.jpg_220x220q75.jpg_.avif","['High-concerned chemical', 'None', 'Model Number', '48/24/12 Ports', 'Brand Name', 'NoEnName_Null', 'Origin', 'Mainland China']",https://www.aliexpress.us/item/3256808941551333.html?algo_pvid=9ab5165c-5014-4b36-8bd7-8303ab1c417b&algo_exp_id=9ab5165c-5014-4b36-8bd7-8303ab1c417b-42&pdp_ext_f=%7B%22order%22%3A%226%22%2C%22eval%22%3A%221%22%2C%22fromPage%22%3A%22search%22%7D&pdp_npi=6%40dis%21USD%2120.26%2119.76%21%21%21137.83%21134.43%21%402140c1e917772139750345494ea536%2112000048012289008%21sea%21US%210%21ABX%211%210%21n_tag%3A-29910%3Bd%3Af2d8543c%3Bm03_new_user%3A-29895%3BpisId%3A5000000204886261&curPageLogUid=fgYU9aztodGE&utparam-url=scene%3Asearch%7Cquery_from%3A%7Cx_object_id%3A1005009127866085%7C_p_origin_prod%3A
"5 pcs SC LC Loopback Module Tester APC UPC-SM OS2/MM OM1, OM2, OM3, OM4",$25.15,"https://ae-pic-a1.aliexpress-media.com/kf/S293c2dbb1593404a98b7097014abbc63r.jpg_220x220q75.jpg_.avif,https://ae-pic-a1.aliexpress-media.com/kf/Sd8870586847e478d85c5d09b8b187d181.jpg_220x220q75.jpg_.avif,https://ae-pic-a1.aliexpress-media.com/kf/S3b4170d9cfda4a77aa33610721cc14bdK.jpg_220x220q75.jpg_.avif,https://ae-pic-a1.aliexpress-media.com/kf/Sc85c00a974534259b4f645f1d7a5a060S.jpg_220x220q75.jpg_.avif,https://ae-pic-a1.aliexpress-media.com/kf/S6f47b2321d1d41cca7ae24c3e5adc622m.jpg_220x220q75.jpg_.avif","['High-concerned chemical', 'None', 'Model Number', 'Loopback', 'Brand Name', 'CICVCHC', 'Origin', 'Mainland China', 'Certification', 'NONE']",https://www.aliexpress.us/item/3256808545789214.html?algo_pvid=9ab5165c-5014-4b36-8bd7-8303ab1c417b&algo_exp_id=9ab5165c-5014-4b36-8bd7-8303ab1c417b-43&pdp_ext_f=%7B%22order%22%3A%226%22%2C%22eval%22%3A%221%22%2C%22fromPage%22%3A%22search%22%7D&pdp_npi=6%40dis%21USD%2125.65%2125.15%21%21%2125.65%2125.15%21%402140c1e917772139750345494ea536%2112000046436149494%21sea%21US%210%21ABX%211%210%21n_tag%3A-29910%3Bd%3Af2d8543c%3Bm03_new_user%3A-29895%3BpisId%3A5000000204886261&curPageLogUid=9KZ5AOkxd2ps&utparam-url=scene%3Asearch%7Cquery_from%3A%7Cx_object_id%3A1005008732103966%7C_p_origin_prod%3A
12/24Ports Fixed Fiber Patch Panel SC/LC Pigtail ODF 1U Optical Fiber Terminal Box OEM Optical Fiber Distribution Box,$70.84,"https://ae-pic-a1.aliexpress-media.com/kf/S584a41bebfc942f29c315baa5e429a735.jpg_220x220q75.jpg_.avif,https://ae-pic-a1.aliexpress-media.com/kf/S60e4c0d268eb45a98a22749cf3a0b6d7l.jpg_220x220q75.jpg_.avif,https://ae-pic-a1.aliexpress-media.com/kf/S6119dfb7a3bb4dd5ab1e55c7c328bf55p.jpg_220x220q75.jpg_.avif,https://ae-pic-a1.aliexpress-media.com/kf/S5bc3220e50e343f79ee06072727fd78fO.jpg_220x220q75.jpg_.avif,https://ae-pic-a1.aliexpress-media.com/kf/S3da1981bc84f4e46b18a4051b955c62cX.jpg_220x220q75.jpg_.avif","['High-concerned chemical', 'None', 'Model Number', 'No', 'Brand Name', 'SKYLYNN', 'Origin', 'Mainland China', 'Certification', 'CE,FCC,RoHS']",https://www.aliexpress.us/item/3256807854071710.html?algo_pvid=9ab5165c-5014-4b36-8bd7-8303ab1c417b&algo_exp_id=9ab5165c-5014-4b36-8bd7-8303ab1c417b-44&pdp_ext_f=%7B%22order%22%3A%225%22%2C%22eval%22%3A%221%22%2C%22fromPage%22%3A%22search%22%7D&pdp_npi=6%40dis%21USD%2174.57%2170.84%21%21%21507.31%21481.94%21%402140c1e917772139750345494ea536%2112000043381198226%21sea%21US%210%21ABX%211%210%21n_tag%3A-29910%3Bd%3Af2d8543c%3Bm03_new_user%3A-29895&curPageLogUid=qUkk9InH8s7N&utparam-url=scene%3Asearch%7Cquery_from%3A%7Cx_object_id%3A1005008040386462%7C_p_origin_prod%3A
Factory Wholesale 24/12 Ports LC Double Core Adapter Fiber Terminal Box Fiber Optical Patch Panel Fiber Box,$33.92,"https://ae-pic-a1.aliexpress-media.com/kf/S7fa3453223b242c4830ae1f52718f999c.jpg_220x220q75.jpg_.avif,https://ae-pic-a1.aliexpress-media.com/kf/Sb5d2b76b3ad64891b5611ee739ee87d7r.jpg_220x220q75.jpg_.avif,https://ae-pic-a1.aliexpress-media.com/kf/Sd215d653f8d94bc1ad65204d8ef09ae7i.jpg_220x220q75.jpg_.avif,https://ae-pic-a1.aliexpress-media.com/kf/Sc7530070ccf04d18b83c684b628d3a00n.jpg_220x220q75.jpg_.avif,https://ae-pic-a1.aliexpress-media.com/kf/S1a5667347de4427caa57af85529e6595l.jpg_220x220q75.jpg_.avif","['High-concerned chemical', 'None', 'Model Number', '24/12 Ports', 'Brand Name', 'NoEnName_Null', 'Origin', 'Mainland China']",https://www.aliexpress.us/item/3256808030590540.html?algo_pvid=9ab5165c-5014-4b36-8bd7-8303ab1c417b&algo_exp_id=9ab5165c-5014-4b36-8bd7-8303ab1c417b-48&pdp_ext_f=%7B%22order%22%3A%224%22%2C%22eval%22%3A%221%22%2C%22fromPage%22%3A%22search%22%7D&pdp_npi=6%40dis%21USD%2134.42%2133.92%21%21%21234.18%21230.78%21%402140c1e917772139750345494ea536%2112000044267581063%21sea%21US%210%21ABX%211%210%21n_tag%3A-29910%3Bd%3Af2d8543c%3Bm03_new_user%3A-29895%3BpisId%3A5000000204886261&curPageLogUid=DSsFDE4FqJlC&utparam-url=scene%3Asearch%7Cquery_from%3A%7Cx_object_id%3A1005008216905292%7C_p_origin_prod%3A
Hot Sell 1PCS New 12 Port LC Fiber Optic Terminal Box Rail Mounted Supports SC/FC/ ST/LC Coupler 24 / 48 Core Wholesale,$56.16,"https://ae-pic-a1.aliexpress-media.com/kf/H89b8e7e87e8f43c087cbcd78b92e76a6o.jpg_220x220q75.jpg_.avif,https://ae-pic-a1.aliexpress-media.com/kf/H4e905378e531451081eafdc2cff3651b8.jpg_220x220q75.jpg_.avif,https://ae-pic-a1.aliexpress-media.com/kf/H4bc2fa77d7af47a49b77643698daa761x.jpg_220x220q75.jpg_.avif,https://ae-pic-a1.aliexpress-media.com/kf/H0bc6a63cc63c428685750ab27965b8baa.jpg_220x220q75.jpg_.avif,https://ae-pic-a1.aliexpress-media.com/kf/H0f0f3db8aec443e28e697ea3f738e695I.jpg_220x220q75.jpg_.avif","['High-concerned chemical', 'None', 'Model Number', 'LC 12 Port', 'Brand Name', 'GONGFENG', 'Origin', 'Mainland China', 'Certification', 'CE', 'Product Name', 'Optical Fiber Terminal Box', 'Material', 'Aluminum Alloy']",https://www.aliexpress.us/item/3256802041661422.html?algo_pvid=9ab5165c-5014-4b36-8bd7-8303ab1c417b&algo_exp_id=9ab5165c-5014-4b36-8bd7-8303ab1c417b-49&pdp_ext_f=%7B%22order%22%3A%224%22%2C%22eval%22%3A%221%22%2C%22fromPage%22%3A%22search%22%7D&pdp_npi=6%40dis%21USD%2167.45%2156.16%21%21%2167.45%2156.16%21%402140c1e917772139750345494ea536%2112000053143968295%21sea%21US%210%21ABX%211%210%21n_tag%3A-29910%3Bd%3Af2d8543c%3Bm03_new_user%3A-29895%3BpisId%3A5000000204886261&curPageLogUid=cuGKAqHkYKlD&utparam-url=scene%3Asearch%7Cquery_from%3A%7Cx_object_id%3A1005002227976174%7C_p_origin_prod%3A
Fiber Optic Terminal Box 4/8/12/24 Port SC/FC/ST/LC Interface BYXGD Rack Mount/Wall Mount Optical Fiber Distribution Box,$5.37,"https://ae-pic-a1.aliexpress-media.com/kf/S977e23bef31c4d91b315f4164f23cb70X.jpg_220x220q75.jpg_.avif,https://ae-pic-a1.aliexpress-media.com/kf/Sbaa72e365a574cc7bcbbe5a9da4b9ee8T.jpg_220x220q75.jpg_.avif,https://ae-pic-a1.aliexpress-media.com/kf/Sdbb2c4cc0858413bbbfa423449c585eeN.jpg_220x220q75.jpg_.avif,https://ae-pic-a1.aliexpress-media.com/kf/Sb5ab862ea59e4f05a8598fe1f009b4ccU.jpg_220x220q75.jpg_.avif,https://ae-pic-a1.aliexpress-media.com/kf/Sc3529fb4691148ef900d38bcb62d83a8W.jpg_220x220q75.jpg_.avif","['High-concerned chemical', 'None', 'Model Number', 'OPT-01', 'Brand Name', 'Burboro', 'Origin', 'Mainland China', 'Certification', 'CE,FCC,RoHS', 'Product Type', 'Fiber Optic Terminal Box', 'Ports', '4/8/12/24 Port Optional', 'Interface Type', 'SC, FC, ST, LC Compatible', 'Installation', 'Wall Mount / Rack Mount', 'Material', 'Cold Rolled Steel', 'Application', 'FTTH, LAN, Network Cabling', 'Protection Level', 'Dustproof & Waterproof', 'Cable Entry', 'Multi-port Cable Glands', 'Function', 'Fiber Splicing & Distribution', 'Cable Capacity', 'Suitable for 2.0mm~3.0mm Pigtails', 'Design', 'Closed Structure, Anti-pry', 'Usage', 'Indoor Optical Fiber Wiring']",https://www.aliexpress.us/item/3256811762347298.html?algo_pvid=9ab5165c-5014-4b36-8bd7-8303ab1c417b&algo_exp_id=9ab5165c-5014-4b36-8bd7-8303ab1c417b-45&pdp_ext_f=%7B%22order%22%3A%223%22%2C%22eval%22%3A%221%22%2C%22fromPage%22%3A%22search%22%7D&pdp_npi=6%40dis%21USD%2112.23%215.37%21%21%2183.20%2136.54%21%402140c1e917772139750345494ea536%2112000057100161098%21sea%21US%210%21ABX%211%210%21n_tag%3A-29910%3Bd%3Af2d8543c%3Bm03_new_user%3A-29895%3BpisId%3A5000000204886261&curPageLogUid=aCfnCHJ6rd4b&utparam-url=scene%3Asearch%7Cquery_from%3A%7Cx_object_id%3A1005011948662050%7C_p_origin_prod%3A
BYXGD Fiber Optic Terminal Box SC/FC/ST/LC 4 Ports Fully Equipped Cold Rolled Steel Fiber Optic Enclosure for Data Center,$18.26,"https://ae-pic-a1.aliexpress-media.com/kf/Sd1327737257844fe8a72e1b2083147467.jpg_220x220q75.jpg_.avif,https://ae-pic-a1.aliexpress-media.com/kf/S09165630f9154283a78d3fca37b9982eX.jpg_220x220q75.jpg_.avif,https://ae-pic-a1.aliexpress-media.com/kf/Sf68a4bc99018462b918a29eb0a8e4e87Z.jpg_220x220q75.jpg_.avif,https://ae-pic-a1.aliexpress-media.com/kf/S590dd8b55e66449eab5931abbd1168bfj.jpg_220x220q75.jpg_.avif,https://ae-pic-a1.aliexpress-media.com/kf/S8fd9c887f261425685fce286570a06f8m.jpg_220x220q75.jpg_.avif","['High-concerned chemical', 'None', 'Model Number', 'BX-01', 'Brand Name', 'BYXGD', 'Origin', 'Mainland China', 'Certification', 'CE,FCC,RoHS', 'Material', 'Cold Rolled Steel', 'Port Type', 'SC/FC/ST/LC', 'Core', '4/8/12/24 Core', 'Installation', 'Wall Mounted', 'Application', 'FTTH, Data Center', 'Termination Type', 'Full Loaded', 'Protection Level', 'Dustproof', 'Certification', 'CE, RoHS', 'Fiber Type', 'Single Mode', 'Feature', 'Low Loss, Stable', 'Usage', 'Indoor']",https://www.aliexpress.us/item/3256811707124893.html?algo_pvid=9ab5165c-5014-4b36-8bd7-8303ab1c417b&algo_exp_id=9ab5165c-5014-4b36-8bd7-8303ab1c417b-46&pdp_ext_f=%7B%22order%22%3A%223%22%2C%22eval%22%3A%221%22%2C%22fromPage%22%3A%22search%22%7D&pdp_npi=6%40dis%21USD%2137.52%2118.26%21%21%21255.22%21124.21%21%402140c1e917772139750345494ea536%2112000056930375584%21sea%21US%210%21ABX%211%210%21n_tag%3A-29910%3Bd%3Af2d8543c%3Bm03_new_user%3A-29895%3BpisId%3A5000000204886261&curPageLogUid=P1Tf8vRnUI76&utparam-url=scene%3Asearch%7Cquery_from%3A%7Cx_object_id%3A1005011893439645%7C_p_origin_prod%3A
2121-5U FTTR Fiber Distribution Unit 1x4 Optical Splitter Optical Fiber Terminal Box Panel Splitter Optical Router,$2.95,"https://ae-pic-a1.aliexpress-media.com/kf/S1562517aa446466ba7e9821e4b980431z.jpg_220x220q75.jpg_.avif,https://ae-pic-a1.aliexpress-media.com/kf/S1562517aa446466ba7e9821e4b980431z.jpg_220x220q75.jpg_.avif,https://ae-pic-a1.aliexpress-media.com/kf/S1a7dc250580547cb9aa14a8926565380i.jpg_220x220q75.jpg_.avif,https://ae-pic-a1.aliexpress-media.com/kf/Sa1b9347aa0aa41198bf21af41f1748a64.jpg_220x220q75.jpg_.avif,https://ae-pic-a1.aliexpress-media.com/kf/S06066af923d94576bbf68c83dac440f5K.jpg_220x220q75.jpg_.avif","['High-concerned chemical', 'None', 'Model Number', '2121-S-5U', 'Brand Name', 'NoEnName_Null', 'Origin', 'Mainland China', 'Optical Router', 'Optic Terminal Box']",https://www.aliexpress.us/item/3256808479824588.html?algo_pvid=9ab5165c-5014-4b36-8bd7-8303ab1c417b&algo_exp_id=9ab5165c-5014-4b36-8bd7-8303ab1c417b-47&pdp_ext_f=%7B%22order%22%3A%223%22%2C%22eval%22%3A%221%22%2C%22fromPage%22%3A%22search%22%7D&pdp_npi=6%40dis%21USD%213.45%212.95%21%21%2123.47%2120.07%21%402140c1e917772139750345494ea536%2112000046154380446%21sea%21US%210%21ABX%211%210%21n_tag%3A-29910%3Bd%3Af2d8543c%3Bm03_new_user%3A-29895%3BpisId%3A5000000204886261&curPageLogUid=O0xgQuaBg5jb&utparam-url=scene%3Asearch%7Cquery_from%3A%7Cx_object_id%3A1005008666139340%7C_p_origin_prod%3A
FTTR 2121-5U Fiber Optic Distribution Box with 1x4 Fiber Splitter Optic Terminal Box Panel Physics Optical Box Optical Router,$1.47,"https://ae-pic-a1.aliexpress-media.com/kf/S709ed36285354fc1af0b6ed7bc558526t.jpg_220x220q75.jpg_.avif,https://ae-pic-a1.aliexpress-media.com/kf/S709ed36285354fc1af0b6ed7bc558526t.jpg_220x220q75.jpg_.avif,https://ae-pic-a1.aliexpress-media.com/kf/Sf17a75bef58949039a6de453768f6735o.jpg_220x220q75.jpg_.avif,https://ae-pic-a1.aliexpress-media.com/kf/S5964f3d54e1443da9295b0f917c94a2dT.jpg_220x220q75.jpg_.avif,https://ae-pic-a1.aliexpress-media.com/kf/S934c6153f8bc4d10ae56d815e7cb762b9.jpg_220x220q75.jpg_.avif","['High-concerned chemical', 'None', 'Model Number', '2121-5U', 'Brand Name', 'NoEnName_Null', 'Origin', 'Mainland China', 'Optical Router', 'Physics Optical Box']",https://www.aliexpress.us/item/3256811600432532.html?algo_pvid=9ab5165c-5014-4b36-8bd7-8303ab1c417b&algo_exp_id=9ab5165c-5014-4b36-8bd7-8303ab1c417b-52&pdp_ext_f=%7B%22order%22%3A%223%22%2C%22eval%22%3A%221%22%2C%22fromPage%22%3A%22search%22%7D&pdp_npi=6%40dis%21USD%211.97%211.47%21%21%2113.39%219.99%21%402140c1e917772139750345494ea536%2112000056556510287%21sea%21US%210%21ABX%211%210%21n_tag%3A-29910%3Bd%3Af2d8543c%3Bm03_new_user%3A-29895%3BpisId%3A5000000204886261&curPageLogUid=nn5yGlivM0qN&utparam-url=scene%3Asearch%7Cquery_from%3A%7Cx_object_id%3A1005011786747284%7C_p_origin_prod%3A
6 Port LC fiber optic Terminal Box DIN Rail Mounted Supports SC/FC/ ST Coupler With Tail Fiber Adapter Best Price Wholesale,$35.24,"https://ae-pic-a1.aliexpress-media.com/kf/S52c3df0040774c32ad2be2808fc370d2I.jpg_220x220q75.jpg_.avif,https://ae-pic-a1.aliexpress-media.com/kf/Sae1ad38bb4e342118961e748cf487d15s.jpg_220x220q75.jpg_.avif,https://ae-pic-a1.aliexpress-media.com/kf/Se598e5391481455f9c85ea364d5404a9B.jpg_220x220q75.jpg_.avif,https://ae-pic-a1.aliexpress-media.com/kf/Sdac6922df6f94f1598b37e25af2c09cff.jpg_220x220q75.jpg_.avif,https://ae-pic-a1.aliexpress-media.com/kf/Sdd691f62886f46d9a47110008f40a3658.jpg_220x220q75.jpg_.avif","['High-concerned chemical', 'None', 'Model Number', '6 KOU', 'Brand Name', 'GONGFENG', 'Origin', 'Mainland China', 'Certification', 'CE']",https://www.aliexpress.us/item/3256808968574465.html?algo_pvid=9ab5165c-5014-4b36-8bd7-8303ab1c417b&algo_exp_id=9ab5165c-5014-4b36-8bd7-8303ab1c417b-53&pdp_ext_f=%7B%22order%22%3A%223%22%2C%22eval%22%3A%221%22%2C%22fromPage%22%3A%22search%22%7D&pdp_npi=6%40dis%21USD%2142.55%2135.24%21%21%2142.55%2135.24%21%402140c1e917772139750345494ea536%2112000048121225482%21sea%21US%210%21ABX%211%210%21n_tag%3A-29910%3Bd%3Af2d8543c%3Bm03_new_user%3A-29895%3BpisId%3A5000000204886261&curPageLogUid=I28Hhxz9vQU7&utparam-url=scene%3Asearch%7Cquery_from%3A%7Cx_object_id%3A1005009154889217%7C_p_origin_prod%3A
FF-FOS4A Optical Fiber Socket Fiber Terminal Box Distribution Box 4 Cores,$8.82,"https://ae-pic-a1.aliexpress-media.com/kf/S6742ac13dc7846eebaa1042886c73f49B.jpg_220x220q75.jpg_.avif,https://ae-pic-a1.aliexpress-media.com/kf/S0be1f941fad34906b6b21ae08dba7a90r.jpg_220x220q75.jpg_.avif,https://ae-pic-a1.aliexpress-media.com/kf/Sd66cf9098ba84e728df7516be4749240i.jpg_220x220q75.jpg_.avif,https://ae-pic-a1.aliexpress-media.com/kf/S33e36a32869d4b2b95bdab3d121656b4v.jpg_220x220q75.jpg_.avif,https://ae-pic-a1.aliexpress-media.com/kf/Sc55e7bfe3b6c479a8cb18761f44762c1n.jpg_220x220q75.jpg_.avif","['High-concerned chemical', 'None', 'Model Number', 'FF-FOS4A', 'Brand Name', 'IOT OTDR', 'Origin', 'Mainland China', 'Certification', 'CE,RoHS']",https://www.aliexpress.us/item/3256807785690711.html?algo_pvid=9ab5165c-5014-4b36-8bd7-8303ab1c417b&algo_exp_id=9ab5165c-5014-4b36-8bd7-8303ab1c417b-54&pdp_ext_f=%7B%22order%22%3A%223%22%2C%22eval%22%3A%221%22%2C%22fromPage%22%3A%22search%22%7D&pdp_npi=6%40dis%21USD%218.82%218.82%21%21%2159.98%2159.98%21%402140c1e917772139750345494ea536%2112000043093581260%21sea%21US%210%21ABX%211%210%21n_tag%3A-29910%3Bd%3Af2d8543c%3Bm03_new_user%3A-29895&curPageLogUid=ZVS9zwnKouzF&utparam-url=scene%3Asearch%7Cquery_from%3A%7Cx_object_id%3A1005007972005463%7C_p_origin_prod%3A
Fiber Terminal Box The 4 Ports Fiber Optic Junction Box With SC LC Fiber Optical Patch Panel Flange & Pigtail Options Available,$1.92,"https://ae-pic-a1.aliexpress-media.com/kf/S98a1bdbe83ef468d888a27170d58320c6.jpg_220x220q75.jpg_.avif,https://ae-pic-a1.aliexpress-media.com/kf/S98a1bdbe83ef468d888a27170d58320c6.jpg_220x220q75.jpg_.avif,https://ae-pic-a1.aliexpress-media.com/kf/S2165be514bf2485ebcf600908203f469T.jpg_220x220q75.jpg_.avif,https://ae-pic-a1.aliexpress-media.com/kf/Sefdb5735b79f440fb38dd840d6a847bbF.jpg_220x220q75.jpg_.avif,https://ae-pic-a1.aliexpress-media.com/kf/Sb7c99fa5a0f444f0a1171d431eacff82M.jpg_220x220q75.jpg_.avif","['High-concerned chemical', 'None', 'Model Number', '4 Ports', 'Brand Name', 'NoEnName_Null', 'Origin', 'Mainland China', 'Fiber Enclosure', 'Fiber Optic Junction Box']",https://www.aliexpress.us/item/3256811568219982.html?algo_pvid=9ab5165c-5014-4b36-8bd7-8303ab1c417b&algo_exp_id=9ab5165c-5014-4b36-8bd7-8303ab1c417b-50&pdp_ext_f=%7B%22order%22%3A%222%22%2C%22eval%22%3A%221%22%2C%22fromPage%22%3A%22search%22%7D&pdp_npi=6%40dis%21USD%212.42%211.92%21%21%2116.48%2113.08%21%402140c1e917772139750345494ea536%2112000056440617255%21sea%21US%210%21ABX%211%210%21n_tag%3A-29910%3Bd%3Af2d8543c%3Bm03_new_user%3A-29895%3BpisId%3A5000000204886261&curPageLogUid=RYDKSuUvneBl&utparam-url=scene%3Asearch%7Cquery_from%3A%7Cx_object_id%3A1005011754534734%7C_p_origin_prod%3A
"Fiber Optic Grinding Hand Polishing Disk for MPO, LSH, SC, FC, LC, ST",$39.26,https://ae-pic-a1.aliexpress-media.com/kf/S189de6cada124c869f69b4cf5e2ba512S.jpg_220x220q75.jpg_.avif,"['High-concerned chemical', 'None', 'Model Number', 'Polishing', 'Brand Name', 'CICVCHC', 'Origin', 'Mainland China', 'Certification', 'NONE']",https://www.aliexpress.us/item/3256808345149540.html?algo_pvid=9ab5165c-5014-4b36-8bd7-8303ab1c417b&algo_exp_id=9ab5165c-5014-4b36-8bd7-8303ab1c417b-51&pdp_ext_f=%7B%22order%22%3A%222%22%2C%22eval%22%3A%221%22%2C%22fromPage%22%3A%22search%22%7D&pdp_npi=6%40dis%21USD%2141.85%2139.26%21%21%2141.85%2139.26%21%402140c1e917772139750345494ea536%2112000046496378979%21sea%21US%210%21ABX%211%210%21n_tag%3A-29910%3Bd%3Af2d8543c%3Bm03_new_user%3A-29895%3BpisId%3A5000000204886261&curPageLogUid=Zf8nMZ6eBBbp&utparam-url=scene%3Asearch%7Cquery_from%3A%7Cx_object_id%3A1005008531464292%7C_p_origin_prod%3A
"NEW FR PTO Box Set Single Mode SC/APC For French FTTH prise fibre optique murale sc Neutral, no logo",$31.00,"https://ae-pic-a1.aliexpress-media.com/kf/Sf8a0e704e5c2451a9e185d3208fbdeeaY.jpg_220x220q75.jpg_.avif,https://ae-pic-a1.aliexpress-media.com/kf/S2d5e5331cf3e4363961f6c83e75cab7fA.jpg_220x220q75.jpg_.avif,https://ae-pic-a1.aliexpress-media.com/kf/Scd754af58b81428c9d086c84aef0a891p.jpg_220x220q75.jpg_.avif,https://ae-pic-a1.aliexpress-media.com/kf/S483e342ed54a49ab966b1139cd2ece5fi.jpg_220x220q75.jpg_.avif,https://ae-pic-a1.aliexpress-media.com/kf/S03645c583b6e466297cf3aa1b14a73393.jpg_220x220q75.jpg_.avif","['High-concerned chemical', 'None', 'Model Number', 'PTO', 'Brand Name', 'SKYLYNN', 'Origin', 'Mainland China', 'Certification', 'CE,RoHS', 'Connector Type', 'SC/APC', 'Color', 'White', 'Weight', '53g', 'Fiber Type of Pigtail', 'SM G657A2']",https://www.aliexpress.us/item/3256810356008666.html?algo_pvid=9ab5165c-5014-4b36-8bd7-8303ab1c417b&algo_exp_id=9ab5165c-5014-4b36-8bd7-8303ab1c417b-55&pdp_ext_f=%7B%22order%22%3A%222%22%2C%22eval%22%3A%221%22%2C%22fromPage%22%3A%22search%22%7D&pdp_npi=6%40dis%21USD%2159.43%2131.00%21%21%21404.27%21210.86%21%402140c1e917772139750345494ea536%2112000052760942039%21sea%21US%210%21ABX%211%210%21n_tag%3A-29910%3Bd%3Af2d8543c%3Bm03_new_user%3A-29895%3BpisId%3A5000000204886261&curPageLogUid=TWqzyJENe0fF&utparam-url=scene%3Asearch%7Cquery_from%3A%7Cx_object_id%3A1005010542323418%7C_p_origin_prod%3A
2 into 2 out fiber Drop cable protection box leather cable protection box Fiber heat shrinkable tube protection box DIY,$7.27/lot,"https://ae-pic-a1.aliexpress-media.com/kf/Hc3ae34c6c25a4c91a57228211feb3494j.jpg_220x220q75.jpg_.avif,https://ae-pic-a1.aliexpress-media.com/kf/He9ff0155311440d88bce618c5fbfff705.jpg_220x220q75.jpg_.avif,https://ae-pic-a1.aliexpress-media.com/kf/Hd739021763694aa2bde034f3a0cc8029w.jpg_220x220q75.jpg_.avif,https://ae-pic-a1.aliexpress-media.com/kf/Hb0e918fb260d46209c7be44bf9163069V.jpg_220x220q75.jpg_.avif,https://ae-pic-a1.aliexpress-media.com/kf/H83b683de24134b81acafcf7c163153d0S.jpg_220x220q75.jpg_.avif","['High-concerned chemical', 'None', 'Model Number', 'eds', 'Brand Name', 'Wowphoon', 'Origin', 'Mainland China']",https://www.aliexpress.us/item/3256809821039304.html?algo_pvid=9ab5165c-5014-4b36-8bd7-8303ab1c417b&algo_exp_id=9ab5165c-5014-4b36-8bd7-8303ab1c417b-56&pdp_ext_f=%7B%22order%22%3A%222%22%2C%22eval%22%3A%221%22%2C%22fromPage%22%3A%22search%22%7D&pdp_npi=6%40dis%21USD%2114.13%217.27%21%21%2114.13%217.27%21%402140c1e917772139750345494ea536%2112000050823374937%21sea%21US%210%21ABX%211%210%21n_tag%3A-29910%3Bd%3Af2d8543c%3Bm03_new_user%3A-29895%3BpisId%3A5000000204886261&curPageLogUid=3Ozo8QId4AgP&utparam-url=scene%3Asearch%7Cquery_from%3A%7Cx_object_id%3A1005010007354056%7C_p_origin_prod%3A
"10pcs Fiber Splice Tray for 24, 12, 8 Cores, Heat-shrink Fusion Splices, Small Size, FTTH",$23.85,"https://ae-pic-a1.aliexpress-media.com/kf/S937583b15a4144a7994f2b06a1fa6ed5Z.jpg_220x220q75.jpg_.avif,https://ae-pic-a1.aliexpress-media.com/kf/S416358ccd2784c3ab9094afc6886e711T.jpg_220x220q75.jpg_.avif,https://ae-pic-a1.aliexpress-media.com/kf/S2c797a92517c44e784c49a29e3991fa19.png_220x220.png_.avif,https://ae-pic-a1.aliexpress-media.com/kf/Sbb2d85e4eae447999958185c4f41a07fR.jpg_220x220q75.jpg_.avif,https://ae-pic-a1.aliexpress-media.com/kf/S8516aabad5584cefa066d2b4eab2064ba.png_220x220.png_.avif","['High-concerned chemical', 'None', 'Model Number', 'Box', 'Brand Name', 'CICVCHC', 'Origin', 'Mainland China', 'Certification', 'NONE']",https://www.aliexpress.us/item/3256808095767885.html?algo_pvid=9ab5165c-5014-4b36-8bd7-8303ab1c417b&algo_exp_id=9ab5165c-5014-4b36-8bd7-8303ab1c417b-57&pdp_ext_f=%7B%22order%22%3A%222%22%2C%22eval%22%3A%221%22%2C%22fromPage%22%3A%22search%22%7D&pdp_npi=6%40dis%21USD%2124.35%2123.85%21%21%2124.35%2123.85%21%402140c1e917772139750345494ea536%2112000053540521913%21sea%21US%210%21ABX%211%210%21n_tag%3A-29910%3Bd%3Af2d8543c%3Bm03_new_user%3A-29895%3BpisId%3A5000000204886261&curPageLogUid=2krgZLa8lfFQ&utparam-url=scene%3Asearch%7Cquery_from%3A%7Cx_object_id%3A1005008282082637%7C_p_origin_prod%3A
France PTO box 1Fo Fibre optic socket with SC/APC pigtail and adapter Bouygues fibre optic termination box,$77.95,"https://ae-pic-a1.aliexpress-media.com/kf/S5467cc5341ef470e8ff1c7131c98bfa9n.jpg_220x220q75.jpg_.avif,https://ae-pic-a1.aliexpress-media.com/kf/Sb25c369ee64b4df1b707d324bcf12e5eY.jpg_220x220q75.jpg_.avif,https://ae-pic-a1.aliexpress-media.com/kf/S6673999383284647959d1b065ac54da8j.jpg_220x220q75.jpg_.avif,https://ae-pic-a1.aliexpress-media.com/kf/Se6dbd4c4a01e4fceb0bafb0a7fed0949m.jpg_220x220q75.jpg_.avif,https://ae-pic-a1.aliexpress-media.com/kf/Sd56f34eee6ef4932b12fa8e741741ae6J.jpg_220x220q75.jpg_.avif","['High-concerned chemical', 'None', 'Model Number', 'OTO-1F', 'Brand Name', 'SKYLYNN', 'Origin', 'Mainland China', 'Connector Type', 'SC/APC', 'Color', 'White', 'Weight', '90G', 'Fiber Type of Pigtail', 'SM G657A2', 'Max Core', '2FO', 'Fiber Type', '85*85*35mm']",https://www.aliexpress.us/item/3256807968055217.html?algo_pvid=9ab5165c-5014-4b36-8bd7-8303ab1c417b&algo_exp_id=9ab5165c-5014-4b36-8bd7-8303ab1c417b-58&pdp_ext_f=%7B%22order%22%3A%222%22%2C%22eval%22%3A%221%22%2C%22fromPage%22%3A%22search%22%7D&pdp_npi=6%40dis%21USD%21150.86%2177.95%21%21%211026.26%21530.26%21%402140c1e917772139750345494ea536%2112000044017807675%21sea%21US%210%21ABX%211%210%21n_tag%3A-29910%3Bd%3Af2d8543c%3Bm03_new_user%3A-29895%3BpisId%3A5000000204886261&curPageLogUid=IbQtqnMWLxvO&utparam-url=scene%3Asearch%7Cquery_from%3A%7Cx_object_id%3A1005008154369969%7C_p_origin_prod%3A
"2 in 2 fiber optic junction box, FTTH optical fiber protection box, heat shrink tubing to protect fiber splice tray, 50PCs",$11.20,"https://ae-pic-a1.aliexpress-media.com/kf/Sbf02b7341e204f9486d7a7971f0ba26cm.jpg_220x220q75.jpg_.avif,https://ae-pic-a1.aliexpress-media.com/kf/S0a36ff97aeab42a1b918eac8c8376f6dM.jpg_220x220q75.jpg_.avif,https://ae-pic-a1.aliexpress-media.com/kf/Sbc050ceb32a849178c70dec3cf55a1a0p.jpg_220x220q75.jpg_.avif,https://ae-pic-a1.aliexpress-media.com/kf/Se51799ff35184f45901a51c7a0085a7eg.jpg_220x220q75.jpg_.avif","['Model Number', 'Optical fiber Protection box', 'Brand Name', 'BLHLI', 'Origin', 'Mainland China', 'Certification', 'FCC', 'Material', 'ABS plastic', 'Application', 'FTTH FTTB FTTX Netw', 'Quantity', '1PCS']",https://www.aliexpress.us/item/3256804124098490.html?algo_pvid=9ab5165c-5014-4b36-8bd7-8303ab1c417b&algo_exp_id=9ab5165c-5014-4b36-8bd7-8303ab1c417b-59&pdp_ext_f=%7B%22order%22%3A%222%22%2C%22eval%22%3A%221%22%2C%22fromPage%22%3A%22search%22%7D&pdp_npi=6%40dis%21USD%2111.20%2111.20%21%21%2111.20%2111.20%21%402140c1e917772139750345494ea536%2112000028707702814%21sea%21US%210%21ABX%211%210%21n_tag%3A-29910%3Bd%3Af2d8543c%3Bm03_new_user%3A-29895&curPageLogUid=hWd44xSzag7R&utparam-url=scene%3Asearch%7Cquery_from%3A%7Cx_object_id%3A1005004310413242%7C_p_origin_prod%3A
"NEW PTO Box Set Single Mode SC/APC FTTH prise fibre optique murale sc Neutral, no logo For SFR 40PCS",$92.08,"https://ae-pic-a1.aliexpress-media.com/kf/S5476af23ac9c41fe86d3abb69500abd6Y.jpg_220x220q75.jpg_.avif,https://ae-pic-a1.aliexpress-media.com/kf/S7ff1ef7b91814c599bc5a6bd1b120eeaC.jpg_220x220q75.jpg_.avif,https://ae-pic-a1.aliexpress-media.com/kf/Sd1b1fd6d1d8a448d88482477b178c675G.jpg_220x220q75.jpg_.avif,https://ae-pic-a1.aliexpress-media.com/kf/S2d5e5331cf3e4363961f6c83e75cab7fA.jpg_220x220q75.jpg_.avif,https://ae-pic-a1.aliexpress-media.com/kf/Scd754af58b81428c9d086c84aef0a891p.jpg_220x220q75.jpg_.avif","['High-concerned chemical', 'None', 'Model Number', 'PTO', 'Brand Name', 'SKYLYNN', 'Origin', 'Mainland China', 'Certification', 'CE,RoHS', 'Connector Type', 'SC/APC', 'Color', 'White', 'Weight', '53g', 'Fiber Type of Pigtail', 'SM G657A2']",https://www.aliexpress.us/item/3256810381353355.html?algo_pvid=6c9adfc6-b00c-44c7-be37-661dc9478394&algo_exp_id=6c9adfc6-b00c-44c7-be37-661dc9478394-49&pdp_ext_f=%7B%22order%22%3A%225%22%2C%22eval%22%3A%221%22%2C%22fromPage%22%3A%22search%22%7D&pdp_npi=6%40dis%21USD%21174.68%2192.08%21%21%211188.30%21626.40%21%40212a6e2917772144274661715e9fe5%2112000052844783205%21sea%21US%210%21ABX%211%210%21n_tag%3A-29910%3Bd%3Af2d8543c%3Bm03_new_user%3A-29895%3BpisId%3A5000000204886261&curPageLogUid=5RsugUtxphho&utparam-url=scene%3Asearch%7Cquery_from%3A%7Cx_object_id%3A1005010567668107%7C_p_origin_prod%3A
4-Port Fiber Optic Terminal Box SC ( Flange & Pigtail Options Available) FTTH Fiber Box Fiber Distribution Box,$3.56,"https://ae-pic-a1.aliexpress-media.com/kf/S6b59af6106cd4965b7c19a154733a48eP.jpg_220x220q75.jpg_.avif,https://ae-pic-a1.aliexpress-media.com/kf/S6b59af6106cd4965b7c19a154733a48eP.jpg_220x220q75.jpg_.avif,https://ae-pic-a1.aliexpress-media.com/kf/S1cd69a41a0a14c658732bcfc3145fe18f.jpg_220x220q75.jpg_.avif,https://ae-pic-a1.aliexpress-media.com/kf/Se29c39d40c194d54ade0ec6a8c0f217eZ.jpg_220x220q75.jpg_.avif,https://ae-pic-a1.aliexpress-media.com/kf/S5050c3c8c4c243b48d14cf85d4382096T.jpg_220x220q75.jpg_.avif","['High-concerned chemical', 'None', 'Model Number', 'The 4 port fiber', 'Brand Name', 'NoEnName_Null', 'Origin', 'Mainland China', '4-Port Fiber Enclosure', '4-Port Fiber Patch Panel']",https://www.aliexpress.us/item/3256811562305246.html?algo_pvid=6c9adfc6-b00c-44c7-be37-661dc9478394&algo_exp_id=6c9adfc6-b00c-44c7-be37-661dc9478394-42&pdp_ext_f=%7B%22order%22%3A%223%22%2C%22eval%22%3A%221%22%2C%22fromPage%22%3A%22search%22%7D&pdp_npi=6%40dis%21USD%214.06%213.56%21%21%2127.64%2124.24%21%40212a6e2917772144274661715e9fe5%2112000056432786914%21sea%21US%210%21ABX%211%210%21n_tag%3A-29910%3Bd%3Af2d8543c%3Bm03_new_user%3A-29895%3BpisId%3A5000000204886261&curPageLogUid=80YkyifE7MxP&utparam-url=scene%3Asearch%7Cquery_from%3A%7Cx_object_id%3A1005011748619998%7C_p_origin_prod%3A
"40PCS NEW FR PTO Box Set Single Mode SC/APC For French FTTH prise fibre optique murale sc Neutral, no logo",$93.03,"https://ae-pic-a1.aliexpress-media.com/kf/S7ff1ef7b91814c599bc5a6bd1b120eeaC.jpg_220x220q75.jpg_.avif,https://ae-pic-a1.aliexpress-media.com/kf/Sd1b1fd6d1d8a448d88482477b178c675G.jpg_220x220q75.jpg_.avif,https://ae-pic-a1.aliexpress-media.com/kf/S2d5e5331cf3e4363961f6c83e75cab7fA.jpg_220x220q75.jpg_.avif,https://ae-pic-a1.aliexpress-media.com/kf/Scd754af58b81428c9d086c84aef0a891p.jpg_220x220q75.jpg_.avif,https://ae-pic-a1.aliexpress-media.com/kf/S483e342ed54a49ab966b1139cd2ece5fi.jpg_220x220q75.jpg_.avif","['High-concerned chemical', 'None', 'Model Number', 'PTO', 'Brand Name', 'SKYLYNN', 'Origin', 'Mainland China', 'Certification', 'CE,RoHS', 'Connector Type', 'SC/APC', 'Color', 'White', 'Weight', '53g', 'Fiber Type of Pigtail', 'SM G657A2']",https://www.aliexpress.us/item/3256810363416090.html?algo_pvid=6c9adfc6-b00c-44c7-be37-661dc9478394&algo_exp_id=6c9adfc6-b00c-44c7-be37-661dc9478394-50&pdp_ext_f=%7B%22order%22%3A%223%22%2C%22eval%22%3A%221%22%2C%22fromPage%22%3A%22search%22%7D&pdp_npi=6%40dis%21USD%21176.48%2193.03%21%21%211200.55%21632.89%21%40212a6e2917772144274661715e9fe5%2112000052785212353%21sea%21US%210%21ABX%211%210%21n_tag%3A-29910%3Bd%3Af2d8543c%3Bm03_new_user%3A-29895%3BpisId%3A5000000204886261&curPageLogUid=E4kB39QexFxc&utparam-url=scene%3Asearch%7Cquery_from%3A%7Cx_object_id%3A1005010549730842%7C_p_origin_prod%3A
Fiber Optic Terminal Box Bouygues PTO Box 1Fo SC/APC Pigtails and Adapters Fiber to the Home Cable Box OEM,$43.70,"https://ae-pic-a1.aliexpress-media.com/kf/S537e651f179a401399fb40a08064d200c.jpg_220x220q75.jpg_.avif,https://ae-pic-a1.aliexpress-media.com/kf/S9de5c98abbc445809e2344dce0e4a1fbV.jpg_220x220q75.jpg_.avif,https://ae-pic-a1.aliexpress-media.com/kf/Sf585ee6e0956437083010598eac2ae50G.jpg_220x220q75.jpg_.avif,https://ae-pic-a1.aliexpress-media.com/kf/S5919322e8afd42129f950508d1891ef7m.jpg_220x220q75.jpg_.avif,https://ae-pic-a1.aliexpress-media.com/kf/Sb91b494825984d0fb016fea75bf5031bo.jpg_220x220q75.jpg_.avif","['High-concerned chemical', 'None', 'Model Number', 'OTO-1F', 'Brand Name', 'SKYLYNN', 'Origin', 'Mainland China', 'Connector Type', 'SC/APC', 'Color', 'White', 'Weight', '90G', 'Fiber Type of Pigtail', 'SM G657A2', 'Max Core', '2FO', 'Fiber Type', '85*85*35mm']",https://www.aliexpress.us/item/3256810347895948.html?algo_pvid=6c9adfc6-b00c-44c7-be37-661dc9478394&algo_exp_id=6c9adfc6-b00c-44c7-be37-661dc9478394-51&pdp_ext_f=%7B%22order%22%3A%223%22%2C%22eval%22%3A%221%22%2C%22fromPage%22%3A%22search%22%7D&pdp_npi=6%40dis%21USD%2183.39%2143.70%21%21%21567.25%21297.24%21%40212a6e2917772144274661715e9fe5%2112000052732824916%21sea%21US%210%21ABX%211%210%21n_tag%3A-29910%3Bd%3Af2d8543c%3Bm03_new_user%3A-29895%3BpisId%3A5000000204886261&curPageLogUid=d2VUrrr8MzoT&utparam-url=scene%3Asearch%7Cquery_from%3A%7Cx_object_id%3A1005010534210700%7C_p_origin_prod%3A
10PCS ZoeRax RJ45 Keystone Jack Inserts For Filling Blank Keystone Wall Plate And Patch Panel,$2.69/lot,"https://ae-pic-a1.aliexpress-media.com/kf/S2b87cd2c57cd40faa08afaf3bbfbaf3ak.jpg_220x220q75.jpg_.avif,https://ae-pic-a1.aliexpress-media.com/kf/Seb48fdf46ca2474f82726d5ce242eaf6D.jpg_220x220q75.jpg_.avif,https://ae-pic-a1.aliexpress-media.com/kf/S979826ff448d445ebe0f5431306337950.jpg_220x220q75.jpg_.avif,https://ae-pic-a1.aliexpress-media.com/kf/Sd8768e335be94f4fbf824549ef3dc406N.jpg_220x220q75.jpg_.avif,https://ae-pic-a1.aliexpress-media.com/kf/S5d0566945ad5466bb5b117558225b29aJ.jpg_220x220q75.jpg_.avif","['High-concerned chemical', 'None', 'Model Number', '0', 'Brand Name', 'KOQZM', 'Origin', 'Mainland China']",https://www.aliexpress.us/item/3256811472855255.html?algo_pvid=6c9adfc6-b00c-44c7-be37-661dc9478394&algo_exp_id=6c9adfc6-b00c-44c7-be37-661dc9478394-45&pdp_ext_f=%7B%22order%22%3A%222%22%2C%22eval%22%3A%221%22%2C%22fromPage%22%3A%22search%22%7D&pdp_npi=6%40dis%21USD%216.50%212.69%21%21%2144.19%2118.25%21%40212a6e2917772144274661715e9fe5%2112000056169139660%21sea%21US%210%21ABX%211%210%21n_tag%3A-29910%3Bd%3Af2d8543c%3Bm03_new_user%3A-29895%3BpisId%3A5000000204886261&curPageLogUid=mZMfM0p2cqRa&utparam-url=scene%3Asearch%7Cquery_from%3A%7Cx_object_id%3A1005011659170007%7C_p_origin_prod%3A
BYXGD Telecom Grade 4/8/12/24 Port Fiber Optic Terminal Box SC/LC/ST/FC Empty & Fully Configured Rack Mount Fiber Patch Panel,$10.38,"https://ae-pic-a1.aliexpress-media.com/kf/S5e6c27c6a7834e3b85a6dbb81f373379Y.jpg_220x220q75.jpg_.avif,https://ae-pic-a1.aliexpress-media.com/kf/Se0fbb35ac3d6414480dd04e9af84f8eeV.jpg_220x220q75.jpg_.avif,https://ae-pic-a1.aliexpress-media.com/kf/S1e241fe2425c453db09b74a82ccf7d68d.jpg_220x220q75.jpg_.avif,https://ae-pic-a1.aliexpress-media.com/kf/S7903ea40b31e4a72a82ec5699f156ab6o.jpg_220x220q75.jpg_.avif,https://ae-pic-a1.aliexpress-media.com/kf/S7f45f950bda74334890cb1f70223fb34N.jpg_220x220q75.jpg_.avif","['High-concerned chemical', 'None', 'Model Number', 'BX-01', 'Brand Name', 'BYXGD', 'Origin', 'Mainland China', 'Certification', 'CE,FCC,RoHS', 'Material', 'Cold Rolled Steel', 'Port Type', 'SC/FC/ST/LC', 'Core', '4/8/12/24 Core', 'Installation', 'Wall Mounted', 'Application', 'FTTH, Data Center', 'Termination Type', 'Full Loaded', 'Protection Level', 'Dustproof', 'Certification', 'CE, RoHS', 'Fiber Type', 'Single Mode', 'Feature', 'Low Loss, Stable', 'Usage', 'Indoor']",https://www.aliexpress.us/item/3256811771025821.html?algo_pvid=6c9adfc6-b00c-44c7-be37-661dc9478394&algo_exp_id=6c9adfc6-b00c-44c7-be37-661dc9478394-0&pdp_ext_f=%7B%22order%22%3A%221%22%2C%22eval%22%3A%221%22%2C%22fromPage%22%3A%22search%22%7D&pdp_npi=6%40dis%21USD%2143.53%2110.38%21%21%21296.12%2170.63%21%40212a6e2917772144274661715e9fe5%2112000057121471995%21sea%21US%210%21ABX%211%210%21n_tag%3A-29910%3Bd%3Af2d8543c%3Bm03_new_user%3A-29895%3BpisId%3A5000000204886261&curPageLogUid=vbw0RUqhqqwG&utparam-url=scene%3Asearch%7Cquery_from%3A%7Cx_object_id%3A1005011957340573%7C_p_origin_prod%3A
PTO Box set 1-Pole 80PCS Singlemode Receptacle PTO SM SC/APC Receptacle Box for PTO Box Sets with SFR Logo,$182.69,"https://ae-pic-a1.aliexpress-media.com/kf/S81ff2618b440414ea9966d95fa97ab7c0.jpg_220x220q75.jpg_.avif,https://ae-pic-a1.aliexpress-media.com/kf/S7ee5dd11e7ca411e880dd92a261e48a24.jpg_220x220q75.jpg_.avif,https://ae-pic-a1.aliexpress-media.com/kf/S12c68080012c4236a98a948e1f8de131f.jpg_220x220q75.jpg_.avif,https://ae-pic-a1.aliexpress-media.com/kf/S9c71bbf05bb14925a1dd7254a47661c2a.jpg_220x220q75.jpg_.avif,https://ae-pic-a1.aliexpress-media.com/kf/Sedbd101b6bcc4f9393acd32a601c4461X.jpg_220x220q75.jpg_.avif","['High-concerned chemical', 'None', 'Model Number', 'SC/APC', 'Brand Name', 'SKYLYNN', 'Origin', 'Mainland China', 'Certification', 'CE,FCC,RoHS']",https://www.aliexpress.us/item/3256811768497112.html?algo_pvid=6c9adfc6-b00c-44c7-be37-661dc9478394&algo_exp_id=6c9adfc6-b00c-44c7-be37-661dc9478394-1&pdp_ext_f=%7B%22order%22%3A%221%22%2C%22eval%22%3A%221%22%2C%22fromPage%22%3A%22search%22%7D&pdp_npi=6%40dis%21USD%21352.30%21182.69%21%21%212396.62%211242.84%21%40212a6e2917772144274661715e9fe5%2112000057133456656%21sea%21US%210%21ABX%211%210%21n_tag%3A-29910%3Bd%3Af2d8543c%3Bm03_new_user%3A-29895%3BpisId%3A5000000204886261&curPageLogUid=qInoqGhhtfYM&utparam-url=scene%3Asearch%7Cquery_from%3A%7Cx_object_id%3A1005011954811864%7C_p_origin_prod%3A
2 port terminal Box 86-type ABS Optical Terminal Junction Box white plastic fiber optic splice box with adapters,$1.72,"https://ae-pic-a1.aliexpress-media.com/kf/S5ebdf9731a51465aa514a8fa25b3c1b1Y.jpg_220x220q75.jpg_.avif,https://ae-pic-a1.aliexpress-media.com/kf/S5ebdf9731a51465aa514a8fa25b3c1b1Y.jpg_220x220q75.jpg_.avif,https://ae-pic-a1.aliexpress-media.com/kf/S7d8e75465b864e3eb5f881fd9ad58b721.jpg_220x220q75.jpg_.avif,https://ae-pic-a1.aliexpress-media.com/kf/S0f03a6f2ed7640be9150fb161f6a73a9j.jpg_220x220q75.jpg_.avif,https://ae-pic-a1.aliexpress-media.com/kf/Sed198e33e4b34654b1671142512cd6bcC.jpg_220x220q75.jpg_.avif","['High-concerned chemical', 'None', 'Model Number', '86-FIber Box', 'Brand Name', 'NoEnName_Null', 'Origin', 'Mainland China']",https://www.aliexpress.us/item/3256811562483827.html?algo_pvid=6c9adfc6-b00c-44c7-be37-661dc9478394&algo_exp_id=6c9adfc6-b00c-44c7-be37-661dc9478394-2&pdp_ext_f=%7B%22order%22%3A%221%22%2C%22eval%22%3A%221%22%2C%22fromPage%22%3A%22search%22%7D&pdp_npi=6%40dis%21USD%212.22%211.72%21%21%2115.11%2111.71%21%40212a6e2917772144274661715e9fe5%2112000056430558268%21sea%21US%210%21ABX%211%210%21n_tag%3A-29910%3Bd%3Af2d8543c%3Bm03_new_user%3A-29895%3BpisId%3A5000000204886261&curPageLogUid=aFtdz3rI3XCu&utparam-url=scene%3Asearch%7Cquery_from%3A%7Cx_object_id%3A1005011748798579%7C_p_origin_prod%3A
6 Cores Fiber Optic Distribution optical box Cattse FTTH Terminal Data Information Box Drop Cable Protection оптическая коробка,$19.08,"https://ae-pic-a1.aliexpress-media.com/kf/S0f2a351ce5ee4dcf853fa31593d70961l.jpg_220x220q75.jpg_.avif,https://ae-pic-a1.aliexpress-media.com/kf/S2f39ad15d2cc4822ada8b50597b3962bJ.jpg_220x220q75.jpg_.avif,https://ae-pic-a1.aliexpress-media.com/kf/S8ec89490a77b49f29c79d02026822edce.jpg_220x220q75.jpg_.avif,https://ae-pic-a1.aliexpress-media.com/kf/Sd0e78294707b4364b66fa645bb982405v.jpg_220x220q75.jpg_.avif,https://ae-pic-a1.aliexpress-media.com/kf/S42dfc2da307a4c3989b5b420c6604c709.jpg_220x220q75.jpg_.avif","['High-concerned chemical', 'None', 'Model Number', '0', 'Brand Name', 'SAMLU', 'Origin', 'Mainland China', 'High-concerned chemical', 'None', 'Model Number', 'FO-FDB-6-1P', 'Origin', 'Mainland China']",https://www.aliexpress.us/item/3256810228723544.html?algo_pvid=6c9adfc6-b00c-44c7-be37-661dc9478394&algo_exp_id=6c9adfc6-b00c-44c7-be37-661dc9478394-3&pdp_ext_f=%7B%22order%22%3A%221%22%2C%22eval%22%3A%221%22%2C%22fromPage%22%3A%22search%22%7D&pdp_npi=6%40dis%21USD%2124.48%2119.08%21%21%2124.48%2119.08%21%40212a6e2917772144274661715e9fe5%2112000052331727009%21sea%21US%210%21ABX%211%210%21n_tag%3A-29910%3Bd%3Af2d8543c%3Bm03_new_user%3A-29895%3BpisId%3A5000000204886261&curPageLogUid=FpdJVr3LmEgW&utparam-url=scene%3Asearch%7Cquery_from%3A%7Cx_object_id%3A1005010415038296%7C_p_origin_prod%3A
"Fiber Optic Splice Tray, Optical Fiber Protection Box, Cassette Splice Tray, FTTH, 10Pcs, 12 Cores",$10.50,"https://ae-pic-a1.aliexpress-media.com/kf/S2f7f2c601a17466e835164933ffcb231U.jpg_220x220q75.jpg_.avif,https://ae-pic-a1.aliexpress-media.com/kf/S9de206a7656d42b4bd53b711cf2dfd74F.jpg_220x220q75.jpg_.avif,https://ae-pic-a1.aliexpress-media.com/kf/S72b6fefc9d0440529fcf72e7cf6ff636I.jpg_220x220q75.jpg_.avif","['High-concerned chemical', 'None', 'Model Number', 'Fiber Optic Splice Tray', 'Brand Name', 'BLHLI', 'Origin', 'Mainland China', 'Certification', 'FCC', 'Material', 'ABS plastic', 'Application', 'FTTH FTTB FTTX Netw,FTTH FTTB FTTX Network', 'Quantity', '10PCS']",https://www.aliexpress.us/item/3256809787030544.html?algo_pvid=6c9adfc6-b00c-44c7-be37-661dc9478394&algo_exp_id=6c9adfc6-b00c-44c7-be37-661dc9478394-4&pdp_ext_f=%7B%22order%22%3A%221%22%2C%22eval%22%3A%221%22%2C%22fromPage%22%3A%22search%22%7D&pdp_npi=6%40dis%21USD%2110.50%2110.50%21%21%2110.50%2110.50%21%40212a6e2917772144274661715e9fe5%2112000050730812612%21sea%21US%210%21ABX%211%210%21n_tag%3A-29910%3Bd%3Af2d8543c%3Bm03_new_user%3A-29895&curPageLogUid=ZKeAZLEMN0HH&utparam-url=scene%3Asearch%7Cquery_from%3A%7Cx_object_id%3A1005009973345296%7C_p_origin_prod%3A
Gcabling Caja Nap Fibra Optica 16-core Fiber Optics Distribution Box FTTH 1x16 1* 16 16 Puertos Box with Splitter,$46.60,"https://ae-pic-a1.aliexpress-media.com/kf/S903dcedd6c9f4401ba28d71cefcda28be.jpg_220x220q75.jpg_.avif,https://ae-pic-a1.aliexpress-media.com/kf/S01b877be15eb4649a6a5627669a27ce02.jpg_220x220q75.jpg_.avif,https://ae-pic-a1.aliexpress-media.com/kf/Sf9aae107b9ce438a9263b0f0e9d45024b.jpg_220x220q75.jpg_.avif,https://ae-pic-a1.aliexpress-media.com/kf/S1405a3eca85f4fa59b20ecae699c6809j.jpg_220x220q75.jpg_.avif,https://ae-pic-a1.aliexpress-media.com/kf/S09f2c0011adb45e98a803851abd4855a8.jpg_220x220q75.jpg_.avif","['High-concerned chemical', 'None', 'Model Number', '22314-029-1', 'Brand Name', 'GCABLING', 'Origin', 'Mainland China', 'Protect level', 'IP65', 'Capacity', '16 core', 'Optical cable import and export', 'Max 6-12 mm', 'Leather cable import and export', '2*3mm', 'Size of box', '290*230*110mm', 'Color', 'black', 'Material', 'ABS / PP with fiber', 'Installation', 'for Wall Mount or Pole', 'Standard', 'IEC 60529,ISO 20653']",https://www.aliexpress.us/item/3256809698799555.html?algo_pvid=6c9adfc6-b00c-44c7-be37-661dc9478394&algo_exp_id=6c9adfc6-b00c-44c7-be37-661dc9478394-5&pdp_ext_f=%7B%22order%22%3A%221%22%2C%22eval%22%3A%221%22%2C%22fromPage%22%3A%22search%22%7D&pdp_npi=6%40dis%21USD%2146.60%2146.60%21%21%21317.01%21317.01%21%40212a6e2917772144274661715e9fe5%2112000050477371688%21sea%21US%210%21ABX%211%210%21n_tag%3A-29910%3Bd%3Af2d8543c%3Bm03_new_user%3A-29895&curPageLogUid=oo3zdilM0z7D&utparam-url=scene%3Asearch%7Cquery_from%3A%7Cx_object_id%3A1005009885114307%7C_p_origin_prod%3A
N3UC RJ45 Cat6 Junction Box Inline Down Coupler Joiner for Cat6 Ethernet Networking Cable Ethernet Cable Connection,$2.57,"https://ae-pic-a1.aliexpress-media.com/kf/Sa9e4fc3107944cb7b3ce74d52b54507e9.jpg_220x220q75.jpg_.avif,https://ae-pic-a1.aliexpress-media.com/kf/S00942448df0c48a5b919dd52a2272e4fM.jpg_220x220q75.jpg_.avif,https://ae-pic-a1.aliexpress-media.com/kf/Sbe419317ee39451b935742a9aa2dd60bX.jpg_220x220q75.jpg_.avif,https://ae-pic-a1.aliexpress-media.com/kf/S664257f2d684470ab4fdad691528b37bQ.jpg_220x220q75.jpg_.avif,https://ae-pic-a1.aliexpress-media.com/kf/S74ee89b348c84838aad50834cfb86f51Q.jpg_220x220q75.jpg_.avif","['High-concerned chemical', 'None', 'Model Number', 'N3UC4NB1404996', 'Origin', 'Mainland China', 'Certification', 'NONE']",https://www.aliexpress.us/item/3256809168292589.html?algo_pvid=6c9adfc6-b00c-44c7-be37-661dc9478394&algo_exp_id=6c9adfc6-b00c-44c7-be37-661dc9478394-6&pdp_ext_f=%7B%22order%22%3A%221%22%2C%22eval%22%3A%221%22%2C%22fromPage%22%3A%22search%22%7D&pdp_npi=6%40dis%21USD%213.07%212.57%21%21%2120.89%2117.49%21%40212a6e2917772144274661715e9fe5%2112000048849367110%21sea%21US%210%21ABX%211%210%21n_tag%3A-29910%3Bd%3Af2d8543c%3Bm03_new_user%3A-29895%3BpisId%3A5000000204886261&curPageLogUid=gzT37pfNJQie&utparam-url=scene%3Asearch%7Cquery_from%3A%7Cx_object_id%3A1005009354607341%7C_p_origin_prod%3A
Haina 6 Port Fiber Optic Terminal Box SC FC ST LC6 core single mode flange pigtail LSZH Wall Mounted CE certification Data Cent,$22.04,"https://ae-pic-a1.aliexpress-media.com/kf/S9c3ca6874e744450b8dc2f3a366d98b81.jpg_220x220q75.jpg_.avif,https://ae-pic-a1.aliexpress-media.com/kf/Sb4f2d0bd8bf04caf8ef9ec923f8ee4ad2.jpg_220x220q75.jpg_.avif,https://ae-pic-a1.aliexpress-media.com/kf/S2b828bea18e44fb691f307863e31f674T.jpg_220x220q75.jpg_.avif,https://ae-pic-a1.aliexpress-media.com/kf/Scd796b658dd54479965f9451b830b343W.jpg_220x220q75.jpg_.avif,https://ae-pic-a1.aliexpress-media.com/kf/S38c318df425b4dd1926f1835a8b6fd3dx.jpg_220x220q75.jpg_.avif","['High-concerned chemical', 'None', 'Model Number', 'HN-GXH-6CS', 'Brand Name', 'HAINA', 'Origin', 'Mainland China', 'Certification', 'CE,FCC', 'Color', 'Black', 'Thickness', '0.8mm', 'Installation mode', 'Desktop type and wall-mounted type', 'Type', 'Engineering carrier level', 'Working temperature', '-40℃-+85℃', 'Storage temperature', '-40℃-+85℃', 'Detection standard', 'YD/T925-2009 Optical Fiber Terminal Box', 'Flange attenuation', '≤ 0.2dB', 'Tail fiber attenuation', '≤ 0.3dB', 'Internal configuration', 'Fixed optical cable device, fused fiber disk', 'Including accessories', 'Telecom-grade low-loss pigtail fiber, telecom-grade zirconia ceramic flange, hot-melt pipe, certificate of approval']",https://www.aliexpress.us/item/3256808608058221.html?algo_pvid=6c9adfc6-b00c-44c7-be37-661dc9478394&algo_exp_id=6c9adfc6-b00c-44c7-be37-661dc9478394-7&pdp_ext_f=%7B%22order%22%3A%221%22%2C%22eval%22%3A%221%22%2C%22fromPage%22%3A%22search%22%7D&pdp_npi=6%40dis%21USD%2145.91%2122.04%21%21%21312.30%21149.90%21%40212a6e2917772144274661715e9fe5%2112000046695724034%21sea%21US%210%21ABX%211%210%21n_tag%3A-29910%3Bd%3Af2d8543c%3Bm03_new_user%3A-29895&curPageLogUid=sYav1zDv7EZW&utparam-url=scene%3Asearch%7Cquery_from%3A%7Cx_object_id%3A1005008794372973%7C_p_origin_prod%3A
Hot-selling optical fiber terminal box fttx odb SC/APC FC/APC 4/8/12/24-core radio and television desktop terminal block,$21.01,"https://ae-pic-a1.aliexpress-media.com/kf/S322d8cc9b3a14e1e88e67d4b6550fadb2.jpg_220x220q75.jpg_.avif,https://ae-pic-a1.aliexpress-media.com/kf/S4256787bb05d437982248ed17bbc5e51h.png_220x220.png_.avif,https://ae-pic-a1.aliexpress-media.com/kf/S7ff0f114333444a0bdad31936a9c983fA.png_220x220.png_.avif,https://ae-pic-a1.aliexpress-media.com/kf/Sea54966548d648b1a90a6ebae03a5848W.png_220x220.png_.avif,https://ae-pic-a1.aliexpress-media.com/kf/S8a4c4c2b1ae54200b6a47235a5372488M.jpg_220x220q75.jpg_.avif","['High-concerned chemical', 'None', 'Model Number', 'HN-GXH-4CA/8CA/12CA/24CA', 'Brand Name', 'HAINA', 'Origin', 'Mainland China', 'Color', 'Black', 'Working temperature', '-40℃-+85℃', 'Storage temperature', '-40℃-+85℃', 'Plate material', 'SPCC cold rolled steel', 'Thickness', '0.8mm', 'Flange attenuation', '≤ 0.2dB', 'Tail fiber attenuation', '≤ 0.3dB', 'Detection standard', 'YD/T925-2009 Optical Fiber Terminal Box', 'Internal configuration', 'Fixed optical cable device, fused fiber reel cover', 'Including accessories', 'Telecom-grade low-loss pigtail fiber, telecom-grade zirconia ceramic flange, hot-melt pipe']",https://www.aliexpress.us/item/3256808160416436.html?algo_pvid=6c9adfc6-b00c-44c7-be37-661dc9478394&algo_exp_id=6c9adfc6-b00c-44c7-be37-661dc9478394-8&pdp_ext_f=%7B%22order%22%3A%221%22%2C%22eval%22%3A%221%22%2C%22fromPage%22%3A%22search%22%7D&pdp_npi=6%40dis%21USD%2142.88%2121.01%21%21%21291.68%21142.92%21%40212a6e2917772144274661715e9fe5%2112000044787697743%21sea%21US%210%21ABX%211%210%21n_tag%3A-29910%3Bd%3Af2d8543c%3Bm03_new_user%3A-29895&curPageLogUid=tB1DBHdCTqWA&utparam-url=scene%3Asearch%7Cquery_from%3A%7Cx_object_id%3A1005008346731188%7C_p_origin_prod%3A
"2pcs 8 Fibers MPO-LC Cassettes with SM, OM3, OM4, Aluminum shell, Removable panel",$52.50,https://ae-pic-a1.aliexpress-media.com/kf/S7928a4594f094176830040aeaf91afa24.jpg_220x220q75.jpg_.avif,"['High-concerned chemical', 'None', 'Model Number', 'Panel', 'Brand Name', 'CICVCHC', 'Origin', 'Mainland China', 'Certification', 'NONE']",https://www.aliexpress.us/item/3256807992404171.html?algo_pvid=6c9adfc6-b00c-44c7-be37-661dc9478394&algo_exp_id=6c9adfc6-b00c-44c7-be37-661dc9478394-9&pdp_ext_f=%7B%22order%22%3A%221%22%2C%22eval%22%3A%221%22%2C%22fromPage%22%3A%22search%22%7D&pdp_npi=6%40dis%21USD%2152.50%2152.50%21%21%2152.50%2152.50%21%40212a6e2917772144274661715e9fe5%2112000044129486210%21sea%21US%210%21ABX%211%210%21n_tag%3A-29910%3Bd%3Af2d8543c%3Bm03_new_user%3A-29895&curPageLogUid=zYuQyjRCe326&utparam-url=scene%3Asearch%7Cquery_from%3A%7Cx_object_id%3A1005008178718923%7C_p_origin_prod%3A
8 Core Fiber Optic Distribution Box FTTH Equipment Fiber Optic Terminal NAP ODP ODB FDB for Telecommunications,$44.13,"https://ae-pic-a1.aliexpress-media.com/kf/Sfbcd43b6f0c343f1b2fedf81563d6c11A.jpg_220x220q75.jpg_.avif,https://ae-pic-a1.aliexpress-media.com/kf/S78f0e961265d4058b6c1f3c6c77e16a3R.jpg_220x220q75.jpg_.avif,https://ae-pic-a1.aliexpress-media.com/kf/Sf3c0f65280bc4a939ef621690c15373aN.jpg_220x220q75.jpg_.avif,https://ae-pic-a1.aliexpress-media.com/kf/Sc93384ba6e93450e8e20cd295b37b196Q.jpg_220x220q75.jpg_.avif,https://ae-pic-a1.aliexpress-media.com/kf/S28d24997eff94cd399131c5ccf3beb19x.jpg_220x220q75.jpg_.avif","['High-concerned chemical', 'None', 'Model Number', 'OTOP18IP', 'Brand Name', 'Wowphoon', 'Origin', 'Mainland China', 'Certification', 'CE']",https://www.aliexpress.us/item/3256805302344538.html?algo_pvid=6c9adfc6-b00c-44c7-be37-661dc9478394&algo_exp_id=6c9adfc6-b00c-44c7-be37-661dc9478394-10&pdp_ext_f=%7B%22order%22%3A%221%22%2C%22eval%22%3A%221%22%2C%22fromPage%22%3A%22search%22%7D&pdp_npi=6%40dis%21USD%2145.41%2144.13%21%21%2145.41%2144.13%21%40212a6e2917772144274661715e9fe5%2112000033281061007%21sea%21US%210%21ABX%211%210%21n_tag%3A-29910%3Bd%3Af2d8543c%3Bm03_new_user%3A-29895%3BpisId%3A5000000204886261&curPageLogUid=KqmJl5Ryirnu&utparam-url=scene%3Asearch%7Cquery_from%3A%7Cx_object_id%3A1005005488659290%7C_p_origin_prod%3A
Fiber Optic Splitter 1x2 Lc Connector Box Fused Optical Cable Connector Home Network Fiber Termination Box High Precision,$13.49,"https://ae-pic-a1.aliexpress-media.com/kf/S9f9f9acffc844059a21cf5fb2a4c1f4an.jpg_220x220q75.jpg_.avif,https://ae-pic-a1.aliexpress-media.com/kf/S97877fa3e2904eaab133d5da8bc779b2I.jpg_220x220q75.jpg_.avif,https://ae-pic-a1.aliexpress-media.com/kf/S4a22475fa0594c689101877912930b3cL.jpg_220x220q75.jpg_.avif,https://ae-pic-a1.aliexpress-media.com/kf/S69620b45874d471681bfcdf1ee51f2f87.jpg_220x220q75.jpg_.avif,https://ae-pic-a1.aliexpress-media.com/kf/Se1246a192c54495e9860758d5a54bfe6c.jpg_220x220q75.jpg_.avif","['High-concerned chemical', 'None', 'Model Number', '1', 'Origin', 'Mainland China', 'fiber optic distribution box', 'fiber optic cold connector', 'fiber splitter box', 'fiber termination box', 'splitter fused fiber', 'fused splitter', 'fiber splitter', 'splitter fused fiber splitter', 'optical splitter fused fiber', 'optical coupler', 'fused fiber splitter', 'cables', 'professional optical cable', 'cord', 'fused optical cables', 'splitter replacements', 'tv optical splitter', 'optical fused cord', 'cable replacement', 'optical cable for game console']",https://www.aliexpress.us/item/3256811972507955.html?algo_pvid=6c9adfc6-b00c-44c7-be37-661dc9478394&algo_exp_id=6c9adfc6-b00c-44c7-be37-661dc9478394-11&pdp_ext_f=%7B%22order%22%3A%22-1%22%2C%22eval%22%3A%221%22%2C%22fromPage%22%3A%22search%22%7D&pdp_npi=6%40dis%21USD%2113.99%2113.49%21%21%2195.19%2191.79%21%40212a6e2917772144274661715e9fe5%2112000057659884264%21sea%21US%210%21ABX%211%210%21n_tag%3A-29910%3Bd%3Af2d8543c%3Bm03_new_user%3A-29895%3BpisId%3A5000000204886261&curPageLogUid=8aHkCU3jVOBd&utparam-url=scene%3Asearch%7Cquery_from%3A%7Cx_object_id%3A1005012158822707%7C_p_origin_prod%3A
"12U Wall Mount Network Server Cabinet, 15.5'' Deep, Server Rack Cabinet Enclosure, 200 Lbs Max. Ground-mounted Load Capacity,",$157.44,"https://ae-pic-a1.aliexpress-media.com/kf/S4fc3833b2eee4c5ba60cc423965c4319J.jpg_220x220q75.jpg_.avif,https://ae-pic-a1.aliexpress-media.com/kf/S652d98e10e9b4546910eda34ec26492fR.jpg_220x220q75.jpg_.avif,https://ae-pic-a1.aliexpress-media.com/kf/See382be147444e858a8758c5508278510.jpg_220x220q75.jpg_.avif,https://ae-pic-a1.aliexpress-media.com/kf/Sa29e7cb50dc5455e8aab1920ad56a6032.jpg_220x220q75.jpg_.avif,https://ae-pic-a1.aliexpress-media.com/kf/Seba59054e4724a4082d3c5828bb6e0faH.jpg_220x220q75.jpg_.avif","['High-concerned chemical', 'None', 'Model Number', '-', 'Origin', 'Mainland China']",https://www.aliexpress.us/item/3256811970845438.html?algo_pvid=6c9adfc6-b00c-44c7-be37-661dc9478394&algo_exp_id=6c9adfc6-b00c-44c7-be37-661dc9478394-12&pdp_ext_f=%7B%22order%22%3A%22-1%22%2C%22eval%22%3A%221%22%2C%22fromPage%22%3A%22search%22%7D&pdp_npi=6%40dis%21USD%21469.54%21157.44%21%21%213194.15%211071.03%21%40212a6e2917772144274661715e9fe5%2112000057656166876%21sea%21US%210%21ABX%211%210%21n_tag%3A-29910%3Bd%3Af2d8543c%3Bm03_new_user%3A-29895&curPageLogUid=0k32nGx9SXwm&utparam-url=scene%3Asearch%7Cquery_from%3A%7Cx_object_id%3A1005012157160190%7C_p_origin_prod%3A
0.8mm Thickened Fiber Terminal Box SC/FC/ST/LC Cold Rolled Steel Empty Fully Loaded Fiber Enclosure for Data Center Network,$22.17,"https://ae-pic-a1.aliexpress-media.com/kf/S8d94fa638a6e4f61af549ad3cd454754s.jpg_220x220q75.jpg_.avif,https://ae-pic-a1.aliexpress-media.com/kf/S90c43f3019ea40d5a26570b7703f3b9eV.jpg_220x220q75.jpg_.avif,https://ae-pic-a1.aliexpress-media.com/kf/S9b37b3228ac143e48dbac586b8f50ec6f.jpg_220x220q75.jpg_.avif,https://ae-pic-a1.aliexpress-media.com/kf/S71393118634b4bfe825419238763744de.jpg_220x220q75.jpg_.avif,https://ae-pic-a1.aliexpress-media.com/kf/Sec20c940cf6b495291c39c2d4b2a3ca9U.jpg_220x220q75.jpg_.avif","['High-concerned chemical', 'None', 'Model Number', 'BX-12', 'Brand Name', 'BYXGD', 'Origin', 'Mainland China', 'Certification', 'CE,FCC,RoHS', 'Product Name', 'Rack Mount Fiber Optic Terminal Box', 'Material', '0.8mm Thickened Cold Rolled Steel', 'Surface Treatment', 'Electrostatic Anti-fingerprint Baking Paint', 'Available Ports', '12 Port', 'Mounting Type', 'Standard 19 Inch Rack Mount / Wall Mount Optional', 'Compatible Connector', 'SC / LC / FC / ST', 'Configuration Type', 'Empty Box / Fully Loaded Optional', 'Internal Structure', 'Built-in Optical Fiber Fusion Splice Tray', 'Interface Design', 'Dual Port, Screw Lock Interface', 'Operating Temperature', '-25℃ ~ +40℃', 'Maximum Humidity', '≤85% RH', 'Dielectric Strength', '≥15 kV', 'Feature', 'Rust-proof, Wear-resistant, Corrosion Resistant, Easy Installation', 'Application', 'Data Center, Server Room, Campus Network, FTTH, Security Monitoring, Intelligent Factory, Radio Broadcast, Community Network', 'Custom Support', 'Port Quantity / Interface Type / Logo Customization Supported', 'Package Included', '1 x Fiber Optic Terminal Box']",https://www.aliexpress.us/item/3256811969800446.html?algo_pvid=6c9adfc6-b00c-44c7-be37-661dc9478394&algo_exp_id=6c9adfc6-b00c-44c7-be37-661dc9478394-13&pdp_ext_f=%7B%22order%22%3A%22-1%22%2C%22eval%22%3A%221%22%2C%22fromPage%22%3A%22search%22%7D&pdp_npi=6%40dis%21USD%2145.34%2122.17%21%21%21308.45%21150.82%21%40212a6e2917772144274661715e9fe5%2112000057646655278%21sea%21US%210%21ABX%211%210%21n_tag%3A-29910%3Bd%3Af2d8543c%3Bm03_new_user%3A-29895%3BpisId%3A5000000204886261&curPageLogUid=a7q0xXYjGHbj&utparam-url=scene%3Asearch%7Cquery_from%3A%7Cx_object_id%3A1005012156115198%7C_p_origin_prod%3A
"24 Port 0.8mm Thick Fiber Optic Terminal Box, SC FC ST LC, Fully Loaded/Empty, Telecom Grade Rack Wall Mount Fiber Patch Panel",$59.10,"https://ae-pic-a1.aliexpress-media.com/kf/S41d0ff6774be49798ce1343f6629557fX.jpg_220x220q75.jpg_.avif,https://ae-pic-a1.aliexpress-media.com/kf/S3ccfc86399e4490caf09317d52c88ad6r.jpg_220x220q75.jpg_.avif,https://ae-pic-a1.aliexpress-media.com/kf/Sf37bdbaa434944638a0a4dacae6613ac9.jpg_220x220q75.jpg_.avif,https://ae-pic-a1.aliexpress-media.com/kf/S838dc3e63cd64327a301c9a191dea979V.jpg_220x220q75.jpg_.avif,https://ae-pic-a1.aliexpress-media.com/kf/Se234935670934a2d9258f64fddda27d3U.jpg_220x220q75.jpg_.avif","['High-concerned chemical', 'None', 'Model Number', 'BYXGD-24', 'Brand Name', 'BYXGD', 'Origin', 'Mainland China', 'Certification', 'CE,FCC,RoHS', 'Product Type', '24-Port Thickened Fiber Optic Terminal Box', 'Alternative Name', 'Fiber Patch Panel / Fiber Splice Box / Fiber Termination Box', 'Compatible Interface', 'SC / FC / ST / LC Optional', 'Assembly Status', 'Fully Loaded, Pre-installed Telecom-grade Adapters & Pigtails', 'Application', 'FTTH, LAN, Network Cabling', 'Protection Level', 'Dustproof & Waterproof', 'Cable Entry', 'Multi-port Cable Glands', 'Function', 'Fiber Splicing & Distribution', 'Cable Capacity', 'Suitable for 2.0mm~3.0mm Pigtails', 'Design', 'Closed Structure, Anti-pry', 'Usage', 'Indoor Optical Fiber Wiring', 'Housing Material', 'Thickened Cold-Rolled Steel Plate', 'Surface Finish', 'Baking Paint Anti-rust Shell', 'Core Fitting Material', 'Zirconia Ceramic Adapter, Low Loss Telecom-grade Pigtail', 'Shell Feature', 'Reinforced Thick Housing', 'Physical Performance', 'High Impact Resistance, Corrosion Resistant, Durable, Long Service Life', 'Transmission Performance', 'Ultra Low Insertion Loss', 'Signal Stability', 'Minimal Fiber Signal Loss, Stable Line Transmission', 'Application Scenarios', 'Structured Cabling, FTTH Fiber To The Home, Campus & Building Network, Office Business Network, CCTV Security Monitoring, Small Server Room Distribution, Industrial Communication, Hotel & Store Whole Coverage Networking', 'Target Purchase Crowd', 'Telecom & ISP Engineering Contractors, Weak Current Cabling Teams, Network System Integrators, Operator Service Providers, Government / School / Hospital Procurement, Security Installers, IDC & Room Maintenance Engineers, Industrial Automation Enterprises, Cross-border Network Equipment Wholesalers, Overseas Small Contractors, Premium Home Fiber DIY Users']",https://www.aliexpress.us/item/3256811966089948.html?algo_pvid=6c9adfc6-b00c-44c7-be37-661dc9478394&algo_exp_id=6c9adfc6-b00c-44c7-be37-661dc9478394-14&pdp_ext_f=%7B%22order%22%3A%22-1%22%2C%22eval%22%3A%221%22%2C%22fromPage%22%3A%22search%22%7D&pdp_npi=6%40dis%21USD%21156.35%2159.10%21%21%211063.62%21402.03%21%40212a6e2917772144274661715e9fe5%2112000057643570311%21sea%21US%210%21ABX%211%210%21n_tag%3A-29910%3Bd%3Af2d8543c%3Bm03_new_user%3A-29895%3BpisId%3A5000000203740665&curPageLogUid=5t6TA0Zkuy02&utparam-url=scene%3Asearch%7Cquery_from%3A%7Cx_object_id%3A1005012152404700%7C_p_origin_prod%3A
"0.8mm Thickened 12 Port Fiber Optic Terminal Box, SC/FC/ST/LC Empty/Fully Loaded, Telecom Grade Patch Panel for Network Wiring",$59.17,"https://ae-pic-a1.aliexpress-media.com/kf/S9602d357e83243b4a752ee9313c4593bd.jpg_220x220q75.jpg_.avif,https://ae-pic-a1.aliexpress-media.com/kf/S1e674f14f4f6481dae7f1fca8be8e4225.jpg_220x220q75.jpg_.avif,https://ae-pic-a1.aliexpress-media.com/kf/Sd27edc5f4de34c888347686f24d5d2d7M.jpg_220x220q75.jpg_.avif,https://ae-pic-a1.aliexpress-media.com/kf/Sd9dda48078c6457da7c62938f19daee6X.jpg_220x220q75.jpg_.avif,https://ae-pic-a1.aliexpress-media.com/kf/S7a9218f53fe848e9b46e5442377ae0e9k.jpg_220x220q75.jpg_.avif","['High-concerned chemical', 'None', 'Model Number', 'BYXGD-12', 'Brand Name', 'BYXGD', 'Origin', 'Mainland China', 'Certification', 'CE,FCC,RoHS', 'Product Type', '12-Port Thickened Fiber Optic Terminal Box', 'Alternative Name', 'Fiber Patch Panel / Fiber Splice Box / Fiber Termination Box', 'Compatible Interface', 'SC / FC / ST / LC Optional', 'Assembly Status', 'Fully Loaded, Pre-installed Telecom-grade Adapters & Pigtails', 'Application', 'FTTH, LAN, Network Cabling', 'Protection Level', 'Dustproof & Waterproof', 'Cable Entry', 'Multi-port Cable Glands', 'Function', 'Fiber Splicing & Distribution', 'Cable Capacity', 'Suitable for 2.0mm~3.0mm Pigtails', 'Design', 'Closed Structure, Anti-pry', 'Usage', 'Indoor Optical Fiber Wiring', 'Housing Material', 'Thickened Cold-Rolled Steel Plate', 'Surface Finish', 'Baking Paint Anti-rust Shell', 'Core Fitting Material', 'Zirconia Ceramic Adapter, Low Loss Telecom-grade Pigtail', 'Shell Feature', 'Reinforced Thick Housing', 'Physical Performance', 'High Impact Resistance, Corrosion Resistant, Durable, Long Service Life', 'Transmission Performance', 'Ultra Low Insertion Loss', 'Signal Stability', 'Minimal Fiber Signal Loss, Stable Line Transmission', 'Application Scenarios', 'Structured Cabling, FTTH Fiber To The Home, Campus & Building Network, Office Business Network, CCTV Security Monitoring, Small Server Room Distribution, Industrial Communication, Hotel & Store Whole Coverage Networking', 'Target Purchase Crowd', 'Telecom & ISP Engineering Contractors, Weak Current Cabling Teams, Network System Integrators, Operator Service Providers, Government / School / Hospital Procurement, Security Installers, IDC & Room Maintenance Engineers, Industrial Automation Enterprises, Cross-border Network Equipment Wholesalers, Overseas Small Contractors, Premium Home Fiber DIY Users']",https://www.aliexpress.us/item/3256811963807709.html?algo_pvid=6c9adfc6-b00c-44c7-be37-661dc9478394&algo_exp_id=6c9adfc6-b00c-44c7-be37-661dc9478394-15&pdp_ext_f=%7B%22order%22%3A%22-1%22%2C%22eval%22%3A%221%22%2C%22fromPage%22%3A%22search%22%7D&pdp_npi=6%40dis%21USD%21156.35%2159.10%21%21%211063.62%21402.03%21%40212a6e2917772144274661715e9fe5%2112000057640984845%21sea%21US%210%21ABX%211%210%21n_tag%3A-29910%3Bd%3Af2d8543c%3Bm03_new_user%3A-29895%3BpisId%3A5000000203740665&curPageLogUid=hGBGCcy3jBty&utparam-url=scene%3Asearch%7Cquery_from%3A%7Cx_object_id%3A1005012150122461%7C_p_origin_prod%3A
12/24 Port Fiber Optic Terminal Box SC FC ST LC Empty / Fully Loaded Telecom Grade Fiber Patch Panel Box For Network Wiring FTTH,$59.41,"https://ae-pic-a1.aliexpress-media.com/kf/Sc2eb854d74994523a8a4bbc6ba691188K.jpg_220x220q75.jpg_.avif,https://ae-pic-a1.aliexpress-media.com/kf/Sbd982c6bb0764623a95b5e24b2912bceJ.jpg_220x220q75.jpg_.avif,https://ae-pic-a1.aliexpress-media.com/kf/S3abd5595f9954eddb794c38feb82df11H.jpg_220x220q75.jpg_.avif,https://ae-pic-a1.aliexpress-media.com/kf/Sc7545826ac4c45599f88868abd6c2f34I.jpg_220x220q75.jpg_.avif,https://ae-pic-a1.aliexpress-media.com/kf/Sc645627bb6ef4c138700b4781cc86ebb9.jpg_220x220q75.jpg_.avif","['High-concerned chemical', 'None', 'Model Number', 'BYXGD-12', 'Brand Name', 'BYXGD', 'Origin', 'Mainland China', 'Certification', 'CE,FCC,RoHS', 'Product Name', 'Rack Mount Fiber Optic Terminal Box', 'Port Capacity', '12 Port / 24 Port Port Optional', 'Connector Interface', 'SC / ST / FC / LC Compatible', 'Material', 'High Quality Cold Rolled Steel Plate', 'Plate Thickness', '0.8mm Thickened', 'Surface Treatment', 'Electrostatic Spray Painting', 'Installation Method', 'Rack Mount / Wall Mount / Cabinet Installation', 'Operating Temperature', '-25℃ ~ +40℃', 'Working Humidity', '≤85% RH (30℃ Environment)', 'Dielectric Strength', '15kV High Voltage Resistance', 'Durability', 'Rust-proof, Wear-resistant, Long Service Life', 'Configuration Type', 'Empty Box / Fully Equipped Optional', 'Ferrule Type', 'Square Mouth / Elliptical Mouth', 'Compatibility', 'Fully Compatible With Standard Optical Fiber Equipment', 'Feature', 'Fine Workmanship, Flexible Configuration, Stable Transmission', 'Application Scenario', 'Computer Room, Server Room, LAN, Campus Network, FTTH Home Broadband', 'Custom Support', 'OEM / ODM Customization Available']",https://www.aliexpress.us/item/3256811961395833.html?algo_pvid=6c9adfc6-b00c-44c7-be37-661dc9478394&algo_exp_id=6c9adfc6-b00c-44c7-be37-661dc9478394-16&pdp_ext_f=%7B%22order%22%3A%22-1%22%2C%22eval%22%3A%221%22%2C%22fromPage%22%3A%22search%22%7D&pdp_npi=6%40dis%21USD%21156.96%2159.33%21%21%211067.74%21403.62%21%40212a6e2917772144274661715e9fe5%2112000057637756137%21sea%21US%210%21ABX%211%210%21n_tag%3A-29910%3Bd%3Af2d8543c%3Bm03_new_user%3A-29895%3BpisId%3A5000000203740665&curPageLogUid=v0zjuNaJLXlS&utparam-url=scene%3Asearch%7Cquery_from%3A%7Cx_object_id%3A1005012147710585%7C_p_origin_prod%3A
Fiber Optic Distribution Box 1x2 Lc Fused Splitter High Precision Taper Technology Stable Signal Transmission Telecom Grade,$8.49,"https://ae-pic-a1.aliexpress-media.com/kf/Saf7f7ea255274556b00baf33ce6714edD.jpg_220x220q75.jpg_.avif,https://ae-pic-a1.aliexpress-media.com/kf/S415e198ec9874d6aae7caaa72c32f8eb6.jpg_220x220q75.jpg_.avif,https://ae-pic-a1.aliexpress-media.com/kf/S1335f8566a1647c381cc34d1b589cb064.jpg_220x220q75.jpg_.avif,https://ae-pic-a1.aliexpress-media.com/kf/S49ac633a011d46ae8b4e558148011433U.jpg_220x220q75.jpg_.avif,https://ae-pic-a1.aliexpress-media.com/kf/Sa6ae9c0fe11840a09b1fa02190a6c157R.jpg_220x220q75.jpg_.avif","['High-concerned chemical', 'None', 'Model Number', '1', 'Origin', 'Mainland China', 'fiber optic distribution box', 'fiber optic cold connector', 'fiber splitter box', 'fiber termination box', 'splitter fused fiber', 'fused splitter', 'fiber splitter', 'splitter fused fiber splitter', 'optical splitter fused fiber', 'optical coupler', 'fused fiber splitter', 'cables', 'professional optical cable', 'cord', 'fused optical cables', 'splitter replacements', 'tv optical splitter', 'optical fused cord', 'cable replacement', 'optical cable for game console']",https://www.aliexpress.us/item/3256811935838545.html?algo_pvid=6c9adfc6-b00c-44c7-be37-661dc9478394&algo_exp_id=6c9adfc6-b00c-44c7-be37-661dc9478394-17&pdp_ext_f=%7B%22order%22%3A%22-1%22%2C%22eval%22%3A%221%22%2C%22fromPage%22%3A%22search%22%7D&pdp_npi=6%40dis%21USD%2116.96%218.48%21%21%21115.38%2157.69%21%40212a6e2917772144274661715e9fe5%2112000057583074024%21sea%21US%210%21ABX%211%210%21n_tag%3A-29910%3Bd%3Af2d8543c%3Bm03_new_user%3A-29895&curPageLogUid=3V0D2e5XCgpW&utparam-url=scene%3Asearch%7Cquery_from%3A%7Cx_object_id%3A1005012122153297%7C_p_origin_prod%3A
BYXGD 4 Port Fiber Optic Terminal Box Empty SC/FC/ST/LC Compatible Thickened Cold Rolled Steel Fiber Enclosure for Data Center,$17.21,"https://ae-pic-a1.aliexpress-media.com/kf/Sff05508cd2a340b0b23b8a82edf9812dO.jpg_220x220q75.jpg_.avif,https://ae-pic-a1.aliexpress-media.com/kf/S199512a3a6b048a8846ae85bc488633ae.jpg_220x220q75.jpg_.avif,https://ae-pic-a1.aliexpress-media.com/kf/S9a05ed563a1e481e87c0527d31164842k.jpg_220x220q75.jpg_.avif,https://ae-pic-a1.aliexpress-media.com/kf/Sf85284cb5e1040ea9e315725e03092f5S.jpg_220x220q75.jpg_.avif,https://ae-pic-a1.aliexpress-media.com/kf/Sb724633771da4fe9b4c279a99d228b7dZ.jpg_220x220q75.jpg_.avif","['High-concerned chemical', 'None', 'Model Number', 'BYXGD-4', 'Brand Name', 'BYXGD', 'Origin', 'Mainland China', 'Certification', 'CE,FCC,RoHS', 'Product Type', 'Fiber Optic Terminal Box', 'Ports', '4 Port Optional', 'Interface Type', 'SC, FC, ST, LC Compatible', 'Installation', 'Wall Mount / Rack Mount', 'Material', 'Cold Rolled Steel', 'Application', 'FTTH, LAN, Network Cabling', 'Protection Level', 'Dustproof & Waterproof', 'Cable Entry', 'Multi-port Cable Glands', 'Function', 'Fiber Splicing & Distribution', 'Cable Capacity', 'Suitable for 2.0mm~3.0mm Pigtails', 'Design', 'Closed Structure, Anti-pry', 'Usage', 'Indoor Optical Fiber Wiring']",https://www.aliexpress.us/item/3256811903530300.html?algo_pvid=6c9adfc6-b00c-44c7-be37-661dc9478394&algo_exp_id=6c9adfc6-b00c-44c7-be37-661dc9478394-18&pdp_ext_f=%7B%22order%22%3A%22-1%22%2C%22eval%22%3A%221%22%2C%22fromPage%22%3A%22search%22%7D&pdp_npi=6%40dis%21USD%2136.84%2115.91%21%21%21250.60%21108.25%21%40212a6e2917772144274661715e9fe5%2112000057513666007%21sea%21US%210%21ABX%211%210%21n_tag%3A-29910%3Bd%3Af2d8543c%3Bm03_new_user%3A-29895%3BpisId%3A5000000203740665&curPageLogUid=pPnpW9ClWdZB&utparam-url=scene%3Asearch%7Cquery_from%3A%7Cx_object_id%3A1005012089845052%7C_p_origin_prod%3A
10PCS ZoeRax RJ45 Keystone Jack Inserts For Filling Blank Keystone Wall Plate And Patch Panel,$0.99/lot,"https://ae-pic-a1.aliexpress-media.com/kf/S672ca2d63f3b438e9335b3e45fceadc9T.jpg_220x220q75.jpg_.avif,https://ae-pic-a1.aliexpress-media.com/kf/Sc09c3062e83c43fe8484b6f3c3b9de7bJ.jpg_220x220q75.jpg_.avif,https://ae-pic-a1.aliexpress-media.com/kf/Sf77f4f6891e9485da37945d963f538aby.jpg_220x220q75.jpg_.avif,https://ae-pic-a1.aliexpress-media.com/kf/S17dad3a68a154cb7b688d35359d328c1r.jpg_220x220q75.jpg_.avif,https://ae-pic-a1.aliexpress-media.com/kf/S421d53e42ead4dd6bdb0dc3f1f136589M.jpg_220x220q75.jpg_.avif","['High-concerned chemical', 'None', 'Model Number', '0', 'Origin', 'Mainland China']",https://www.aliexpress.us/item/3256811893943539.html?algo_pvid=6c9adfc6-b00c-44c7-be37-661dc9478394&algo_exp_id=6c9adfc6-b00c-44c7-be37-661dc9478394-19&pdp_ext_f=%7B%22order%22%3A%22-1%22%2C%22eval%22%3A%221%22%2C%22fromPage%22%3A%22search%22%7D&pdp_npi=6%40dis%21USD%216.14%210.99%21%21%2141.80%216.77%21%40212a6e2917772144274661715e9fe5%2112000057454831268%21sea%21US%210%21ABX%211%210%21n_tag%3A-29910%3Bd%3Af2d8543c%3Bm03_new_user%3A-29895%3BpisId%3A5000000204886261&curPageLogUid=Qt1df77WjEmN&utparam-url=scene%3Asearch%7Cquery_from%3A%7Cx_object_id%3A1005012080258291%7C_p_origin_prod%3A
"48 Port Fiber Optic Terminal Box, SC/FC/ST/LC Empty/Fully Loaded, 19'' Rack Mount Cold Rolled Steel Fiber Enclosure for Data Cen",$19.32,"https://ae-pic-a1.aliexpress-media.com/kf/S18d97cccc6174a67a3acc5f1089357cdj.jpg_220x220q75.jpg_.avif,https://ae-pic-a1.aliexpress-media.com/kf/S4bbbc571a40349538bfbd4f827099833O.jpg_220x220q75.jpg_.avif,https://ae-pic-a1.aliexpress-media.com/kf/Sef5f33b3bfab45bdadbb4193265aa968l.jpg_220x220q75.jpg_.avif,https://ae-pic-a1.aliexpress-media.com/kf/S6c98b6d64bea4a72a4ea8497833f0ba6I.jpg_220x220q75.jpg_.avif,https://ae-pic-a1.aliexpress-media.com/kf/S3071c69b506c47478fe3230c47046e17A.jpg_220x220q75.jpg_.avif","['High-concerned chemical', 'None', 'Model Number', 'BX-48', 'Brand Name', 'BYXGD', 'Origin', 'Mainland China', 'Certification', 'CE,FCC,RoHS', 'Material', 'Cold Rolled Steel', 'Port Type', 'SC/FC/ST/LC', 'Core', '48 Core', 'Installation', 'Wall Mounted', 'Application', 'FTTH, Data Center', 'Termination Type', 'Full Loaded', 'Protection Level', 'Dustproof', 'Certification', 'CE, RoHS', 'Fiber Type', 'Single Mode', 'Feature', 'Low Loss, Stable', 'Usage', 'Indoor']",https://www.aliexpress.us/item/3256811878766587.html?algo_pvid=6c9adfc6-b00c-44c7-be37-661dc9478394&algo_exp_id=6c9adfc6-b00c-44c7-be37-661dc9478394-20&pdp_ext_f=%7B%22order%22%3A%22-1%22%2C%22eval%22%3A%221%22%2C%22fromPage%22%3A%22search%22%7D&pdp_npi=6%40dis%21USD%2179.17%2119.29%21%21%21538.59%21131.25%21%40212a6e2917772144274661715e9fe5%2112000057435310766%21sea%21US%210%21ABX%211%210%21n_tag%3A-29910%3Bd%3Af2d8543c%3Bm03_new_user%3A-29895%3BpisId%3A5000000204886261&curPageLogUid=kDx0Bqgz5Xyg&utparam-url=scene%3Asearch%7Cquery_from%3A%7Cx_object_id%3A1005012065081339%7C_p_origin_prod%3A
"24-Port Fiber Optic Terminal Box, SC/FC/ST/LC Fully Loaded, BYXGD Cold Rolled Steel Fiber Enclosure for Data Center & Networking",$18.71,"https://ae-pic-a1.aliexpress-media.com/kf/Sa8dfc708fad94b80a2c2f3f922c8f5544.jpg_220x220q75.jpg_.avif,https://ae-pic-a1.aliexpress-media.com/kf/S6112a1d0d1614c2ca5e6fd3f4122f641e.jpg_220x220q75.jpg_.avif,https://ae-pic-a1.aliexpress-media.com/kf/S7f74882b17214a02a0340895ec31210ei.jpg_220x220q75.jpg_.avif,https://ae-pic-a1.aliexpress-media.com/kf/Sebb3297ef90a4be1b1e1489a162ba6d5M.jpg_220x220q75.jpg_.avif,https://ae-pic-a1.aliexpress-media.com/kf/S4c6ec67d3c514b1cb67bcef9e0136872g.jpg_220x220q75.jpg_.avif","['High-concerned chemical', 'None', 'Model Number', 'BX-24', 'Brand Name', 'BYXGD', 'Origin', 'Mainland China', 'Certification', 'CE,FCC,RoHS', 'Material', 'Cold Rolled Steel', 'Port Type', 'SC/FC/ST/LC', 'Core', '24 Core', 'Installation', ""19'' Standard Rack Mount & Wall Mount Design"", 'Application', 'FTTH, Data Center', 'Termination Type', 'Full Loaded/Empty', 'Protection Level', 'Dustproof', 'Certification', 'Ideal for Data Center, FTTH, Security & Network Cabling', 'Fiber Type', 'Single Mode', 'Feature', 'Low Loss, Stable', 'Usage', 'Indoor']",https://www.aliexpress.us/item/3256811878506406.html?algo_pvid=6c9adfc6-b00c-44c7-be37-661dc9478394&algo_exp_id=6c9adfc6-b00c-44c7-be37-661dc9478394-21&pdp_ext_f=%7B%22order%22%3A%22-1%22%2C%22eval%22%3A%221%22%2C%22fromPage%22%3A%22search%22%7D&pdp_npi=6%40dis%21USD%2176.73%2118.69%21%21%21521.94%21127.08%21%40212a6e2917772144274661715e9fe5%2112000057435020558%21sea%21US%210%21ABX%211%210%21n_tag%3A-29910%3Bd%3Af2d8543c%3Bm03_new_user%3A-29895%3BpisId%3A5000000204886261&curPageLogUid=mgcLmL5cm30c&utparam-url=scene%3Asearch%7Cquery_from%3A%7Cx_object_id%3A1005012064821158%7C_p_origin_prod%3A
BYXGD 12 Port Fiber Optic Terminal Box SC/FC/ST/LC Empty Cold Rolled Steel Fully Loaded Fiber Enclosure for Data Center Network,$35.52,"https://ae-pic-a1.aliexpress-media.com/kf/Sca9526566b1d4e8db0ce824efe6d756bE.jpg_220x220q75.jpg_.avif,https://ae-pic-a1.aliexpress-media.com/kf/S7f74882b17214a02a0340895ec31210ei.jpg_220x220q75.jpg_.avif,https://ae-pic-a1.aliexpress-media.com/kf/Sebb3297ef90a4be1b1e1489a162ba6d5M.jpg_220x220q75.jpg_.avif,https://ae-pic-a1.aliexpress-media.com/kf/S6112a1d0d1614c2ca5e6fd3f4122f641e.jpg_220x220q75.jpg_.avif,https://ae-pic-a1.aliexpress-media.com/kf/S4c6ec67d3c514b1cb67bcef9e0136872g.jpg_220x220q75.jpg_.avif","['High-concerned chemical', 'None', 'Model Number', 'BX-12', 'Brand Name', 'BYXGD', 'Origin', 'Mainland China', 'Certification', 'CE,FCC,RoHS', 'Material', 'Cold Rolled Steel', 'Port Type', 'SC/FC/ST/LC', 'Core', '12 Core', 'Installation', 'Wall Mounted', 'Application', 'FTTH, Data Center', 'Termination Type', 'Full Loaded', 'Protection Level', 'Dustproof', 'Certification', 'CE, RoHS', 'Fiber Type', 'Single Mode', 'Feature', 'Low Loss, Stable', 'Usage', 'Indoor']",https://www.aliexpress.us/item/3256811877974922.html?algo_pvid=6c9adfc6-b00c-44c7-be37-661dc9478394&algo_exp_id=6c9adfc6-b00c-44c7-be37-661dc9478394-22&pdp_ext_f=%7B%22order%22%3A%22-1%22%2C%22eval%22%3A%221%22%2C%22fromPage%22%3A%22search%22%7D&pdp_npi=6%40dis%21USD%2136.56%2135.47%21%21%21248.70%21241.32%21%40212a6e2917772144274661715e9fe5%2112000057434280678%21sea%21US%210%21ABX%211%210%21n_tag%3A-29910%3Bd%3Af2d8543c%3Bm03_new_user%3A-29895%3BpisId%3A5000000204886261&curPageLogUid=Wr6js5sfl3dA&utparam-url=scene%3Asearch%7Cquery_from%3A%7Cx_object_id%3A1005012064289674%7C_p_origin_prod%3A
24-Port Fiber Optic Terminal Box SC/FC/ST/LC Fully Loaded 19 Inch Rack Mount Fiber Patch Panel Thickened Cold Rolled Steel Telec,$26.67,"https://ae-pic-a1.aliexpress-media.com/kf/Se5d3223abb18409a963a1027af58dff8J.jpg_220x220q75.jpg_.avif,https://ae-pic-a1.aliexpress-media.com/kf/S3ec13ef46519419786a372d57e9b213bh.jpg_220x220q75.jpg_.avif,https://ae-pic-a1.aliexpress-media.com/kf/S8190ee33bf554dd1931169d9431b71478.jpg_220x220q75.jpg_.avif,https://ae-pic-a1.aliexpress-media.com/kf/S2c51209f9b604716a3c961820e5e186fb.jpg_220x220q75.jpg_.avif,https://ae-pic-a1.aliexpress-media.com/kf/S01723fc2ade04710beaec2aaa7a9b5dbW.jpg_220x220q75.jpg_.avif","['High-concerned chemical', 'None', 'Model Number', 'OPT-48', 'Brand Name', 'BYXGD', 'Origin', 'Mainland China', 'Certification', 'CE,FCC,RoHS', 'Product Type', 'Fiber Optic Terminal Box', 'Ports', '48 Port Optional', 'Interface Type', 'SC, FC, ST, LC Compatible', 'Installation', 'Wall Mount / Rack Mount', 'Material', 'Cold Rolled Steel', 'Application', 'FTTH, LAN, Network Cabling', 'Protection Level', 'Dustproof & Waterproof', 'Cable Entry', 'Multi-port Cable Glands', 'Function', 'Fiber Splicing & Distribution', 'Cable Capacity', 'Suitable for 2.0mm~3.0mm Pigtails', 'Design', 'Closed Structure, Anti-pry', 'Usage', 'Indoor Optical Fiber Wiring']",https://www.aliexpress.us/item/3256811865561340.html?algo_pvid=6c9adfc6-b00c-44c7-be37-661dc9478394&algo_exp_id=6c9adfc6-b00c-44c7-be37-661dc9478394-23&pdp_ext_f=%7B%22order%22%3A%22-1%22%2C%22eval%22%3A%221%22%2C%22fromPage%22%3A%22search%22%7D&pdp_npi=6%40dis%21USD%2155.36%2126.62%21%21%21376.62%21181.14%21%40212a6e2917772144274661715e9fe5%2112000057372583585%21sea%21US%210%21ABX%211%210%21n_tag%3A-29910%3Bd%3Af2d8543c%3Bm03_new_user%3A-29895%3BpisId%3A5000000204886261&curPageLogUid=PtpPZ6zGkvcd&utparam-url=scene%3Asearch%7Cquery_from%3A%7Cx_object_id%3A1005012051876092%7C_p_origin_prod%3A
BYXGD 12 Port Fiber Optic Terminal Box Full Configuration with Pigtails & Flanges SC/FC/LC/ST Cold Rolled Steel Thickened,$26.67,"https://ae-pic-a1.aliexpress-media.com/kf/S91b235fdc0dd4644b3a18f615baf8d40R.jpg_220x220q75.jpg_.avif,https://ae-pic-a1.aliexpress-media.com/kf/Sbaa72e365a574cc7bcbbe5a9da4b9ee8T.jpg_220x220q75.jpg_.avif,https://ae-pic-a1.aliexpress-media.com/kf/Sb5ab862ea59e4f05a8598fe1f009b4ccU.jpg_220x220q75.jpg_.avif,https://ae-pic-a1.aliexpress-media.com/kf/Sc3529fb4691148ef900d38bcb62d83a8W.jpg_220x220q75.jpg_.avif,https://ae-pic-a1.aliexpress-media.com/kf/S4e7af7cfbcdf4b95956e8a552e1757f3b.jpg_220x220q75.jpg_.avif","['High-concerned chemical', 'None', 'Model Number', 'OPT-12', 'Brand Name', 'BYXGD', 'Origin', 'Mainland China', 'Certification', 'CE,FCC,RoHS', 'Product Type', 'Fiber Optic Terminal Box', 'Ports', '4/8/12/24 Port Optional', 'Interface Type', 'SC, FC, ST, LC Compatible', 'Installation', 'Wall Mount / Rack Mount', 'Material', 'Cold Rolled Steel', 'Application', 'FTTH, LAN, Network Cabling', 'Protection Level', 'Dustproof & Waterproof', 'Cable Entry', 'Multi-port Cable Glands', 'Function', 'Fiber Splicing & Distribution', 'Cable Capacity', 'Suitable for 2.0mm~3.0mm Pigtails', 'Design', 'Closed Structure, Anti-pry', 'Usage', 'Indoor Optical Fiber Wiring']",https://www.aliexpress.us/item/3256811859743733.html?algo_pvid=6c9adfc6-b00c-44c7-be37-661dc9478394&algo_exp_id=6c9adfc6-b00c-44c7-be37-661dc9478394-24&pdp_ext_f=%7B%22order%22%3A%22-1%22%2C%22eval%22%3A%221%22%2C%22fromPage%22%3A%22search%22%7D&pdp_npi=6%40dis%21USD%2155.36%2126.62%21%21%21376.62%21181.14%21%40212a6e2917772144274661715e9fe5%2112000057361371431%21sea%21US%210%21ABX%211%210%21n_tag%3A-29910%3Bd%3Af2d8543c%3Bm03_new_user%3A-29895%3BpisId%3A5000000204886261&curPageLogUid=zT1Ddc2qn52N&utparam-url=scene%3Asearch%7Cquery_from%3A%7Cx_object_id%3A1005012046058485%7C_p_origin_prod%3A
BYXGD Fiber Optic Terminal Box 48 Port Rack Mount SC/FC/ST/LC Empty / Fully Loaded FTTH Patch Panel Fiber Optic Distribution Box,$113.09,"https://ae-pic-a1.aliexpress-media.com/kf/Sf8bc54bf7f9547bc832c92bada79d2ddV.jpg_220x220q75.jpg_.avif,https://ae-pic-a1.aliexpress-media.com/kf/S682acd8e6d1941e7922d74e2e0ee9a7fu.jpg_220x220q75.jpg_.avif,https://ae-pic-a1.aliexpress-media.com/kf/Sf4fd14372bbd46b69243d39dbf63fb42g.jpg_220x220q75.jpg_.avif,https://ae-pic-a1.aliexpress-media.com/kf/Sedcdfb0643c24287837df9fbc48027f79.jpg_220x220q75.jpg_.avif,https://ae-pic-a1.aliexpress-media.com/kf/S261f70a38eb847378f27dfd1fa0b09dbg.jpg_220x220q75.jpg_.avif","['High-concerned chemical', 'None', 'Model Number', 'OPT-48', 'Brand Name', 'BYXGD', 'Origin', 'Mainland China', 'Certification', 'CE,FCC,RoHS', 'Product Type', 'Fiber Optic Terminal Box', 'Interface Type', 'SC, FC, ST, LC Compatible', 'Ports', '48 Port Optional', 'Installation', 'Wall Mount / Rack Mount', 'Material', 'Cold Rolled Steel', 'Application', 'FTTH, LAN, Network Cabling', 'Protection Level', 'Dustproof & Waterproof', 'Cable Entry', 'Multi-port Cable Glands', 'Function', 'Fiber Splicing & Distribution', 'Cable Capacity', 'Suitable for 2.0mm~3.0mm Pigtails', 'Design', 'Closed Structure, Anti-pry', 'Usage', 'Indoor Optical Fiber Wiring']",https://www.aliexpress.us/item/3256811858056501.html?algo_pvid=6c9adfc6-b00c-44c7-be37-661dc9478394&algo_exp_id=6c9adfc6-b00c-44c7-be37-661dc9478394-25&pdp_ext_f=%7B%22order%22%3A%22-1%22%2C%22eval%22%3A%221%22%2C%22fromPage%22%3A%22search%22%7D&pdp_npi=6%40dis%21USD%21236.33%21112.94%21%21%211607.70%21768.30%21%40212a6e2917772144274661715e9fe5%2112000057381684195%21sea%21US%210%21ABX%211%210%21n_tag%3A-29910%3Bd%3Af2d8543c%3Bm03_new_user%3A-29895%3BpisId%3A5000000204886261&curPageLogUid=BXufP6oLPFpq&utparam-url=scene%3Asearch%7Cquery_from%3A%7Cx_object_id%3A1005012044371253%7C_p_origin_prod%3A
PLC Box-Type Optical Splitter And Pigtail-Type Splitter,$6.63,"https://ae-pic-a1.aliexpress-media.com/kf/S656bb658844e404f86c08f4f49e5676dn.jpg_220x220q75.jpg_.avif,https://ae-pic-a1.aliexpress-media.com/kf/Scef547a17aaa44e49ef82b8b22d1e11dm.jpg_220x220q75.jpg_.avif,https://ae-pic-a1.aliexpress-media.com/kf/S4bc3c5c3d20e4a24be01a393f8774842a.jpg_220x220q75.jpg_.avif,https://ae-pic-a1.aliexpress-media.com/kf/S6b42f1ab0a4144769f37589035c767aa5.jpg_220x220q75.jpg_.avif,https://ae-pic-a1.aliexpress-media.com/kf/Sca473a826af648448615c8d444a2cdda8.jpg_220x220q75.jpg_.avif","['High-concerned chemical', 'None', 'Model Number', 'FGQ', 'Brand Name', 'TPSTELE', 'Origin', 'Mainland China']",https://www.aliexpress.us/item/3256811853315512.html?algo_pvid=6c9adfc6-b00c-44c7-be37-661dc9478394&algo_exp_id=6c9adfc6-b00c-44c7-be37-661dc9478394-26&pdp_ext_f=%7B%22order%22%3A%22-1%22%2C%22eval%22%3A%221%22%2C%22fromPage%22%3A%22search%22%7D&pdp_npi=6%40dis%21USD%216.63%216.63%21%21%2145.07%2145.07%21%40212a6e2917772144274661715e9fe5%2112000057359490123%21sea%21US%210%21ABX%211%210%21n_tag%3A-29910%3Bd%3Af2d8543c%3Bm03_new_user%3A-29895&curPageLogUid=pr4RccpgOnb9&utparam-url=scene%3Asearch%7Cquery_from%3A%7Cx_object_id%3A1005012039630264%7C_p_origin_prod%3A
"8-Port Fiber Optic Terminal Box, SC/FC/ST/LC Fully Loaded, BYXGD Cold Rolled Steel Fiber Enclosure for Data Center & Networking",$9.24,"https://ae-pic-a1.aliexpress-media.com/kf/Sb3ac8fcaee8f4494b5bd8bb096c1e394o.jpg_220x220q75.jpg_.avif,https://ae-pic-a1.aliexpress-media.com/kf/Sa2117779971c46c8a338cd66571c62b19.jpg_220x220q75.jpg_.avif,https://ae-pic-a1.aliexpress-media.com/kf/Sc6afdb6a28544d818bc47a12a6750cfaN.png_220x220.png_.avif,https://ae-pic-a1.aliexpress-media.com/kf/Sc2dc7fe3908745048324e39067cb59de5.jpg_220x220q75.jpg_.avif,https://ae-pic-a1.aliexpress-media.com/kf/Sd17f958669414e34a3784c6437e0bc0fI.png_220x220.png_.avif","['High-concerned chemical', 'None', 'Model Number', 'BX-08', 'Brand Name', 'BYXGD', 'Origin', 'Mainland China', 'Certification', 'CE,FCC,RoHS', 'Material', 'Cold Rolled Steel', 'Port Type', 'SC/FC/ST/LC', 'Core', '8 Core', 'Installation', 'Wall Mounted', 'Application', 'FTTH, Data Center', 'Termination Type', 'Full Loaded', 'Protection Level', 'Dustproof', 'Certification', 'CE, RoHS', 'Fiber Type', 'Single Mode', 'Feature', 'Low Loss, Stable', 'Usage', 'Indoor']",https://www.aliexpress.us/item/3256811845043978.html?algo_pvid=6c9adfc6-b00c-44c7-be37-661dc9478394&algo_exp_id=6c9adfc6-b00c-44c7-be37-661dc9478394-27&pdp_ext_f=%7B%22order%22%3A%22-1%22%2C%22eval%22%3A%221%22%2C%22fromPage%22%3A%22search%22%7D&pdp_npi=6%40dis%21USD%2138.90%219.22%21%21%21264.64%2162.76%21%40212a6e2917772144274661715e9fe5%2112000057323403802%21sea%21US%210%21ABX%211%210%21n_tag%3A-29910%3Bd%3Af2d8543c%3Bm03_new_user%3A-29895%3BpisId%3A5000000204886261&curPageLogUid=iAF2Tjgo8neN&utparam-url=scene%3Asearch%7Cquery_from%3A%7Cx_object_id%3A1005012031358730%7C_p_origin_prod%3A
Fiber Optic Terminal Box 8 Port SC/FC/ST/LC BYXGD Rack Mount/Wall Mount Optical Fiber Distribution Box Empty / Fully Loaded,$9.44,"https://ae-pic-a1.aliexpress-media.com/kf/Sbf6030e16b274e558bba3ccc50ad8582P.jpg_220x220q75.jpg_.avif,https://ae-pic-a1.aliexpress-media.com/kf/S10f5f3ab929d424483a10da0173af685q.png_220x220.png_.avif,https://ae-pic-a1.aliexpress-media.com/kf/Sbdb0372f1b6d490db46e6f36f1ca5f1cX.jpg_220x220q75.jpg_.avif,https://ae-pic-a1.aliexpress-media.com/kf/S234b56065e0047458e8d53c809e49e02p.png_220x220.png_.avif,https://ae-pic-a1.aliexpress-media.com/kf/Sdf3af14927674e3bb5ff9acfa2ad8c36n.png_220x220.png_.avif","['High-concerned chemical', 'None', 'Model Number', 'OPT-08', 'Brand Name', 'BYXGD', 'Origin', 'Mainland China', 'Certification', 'CE,FCC,RoHS', 'Product Type', 'Fiber Optic Terminal Box', 'Ports', '8 Port Optional', 'Interface Type', 'SC, FC, ST, LC Compatible', 'Installation', 'Wall Mount / Rack Mount', 'Material', 'Cold Rolled Steel', 'Application', 'FTTH, LAN, Network Cabling', 'Protection Level', 'Dustproof & Waterproof', 'Cable Entry', 'Multi-port Cable Glands', 'Function', 'Fiber Splicing & Distribution', 'Cable Capacity', 'Suitable for 2.0mm~3.0mm Pigtails', 'Design', 'Closed Structure, Anti-pry', 'Usage', 'Indoor Optical Fiber Wiring']",https://www.aliexpress.us/item/3256811842930919.html?algo_pvid=6c9adfc6-b00c-44c7-be37-661dc9478394&algo_exp_id=6c9adfc6-b00c-44c7-be37-661dc9478394-28&pdp_ext_f=%7B%22order%22%3A%22-1%22%2C%22eval%22%3A%221%22%2C%22fromPage%22%3A%22search%22%7D&pdp_npi=6%40dis%21USD%2120.28%219.44%21%21%21137.94%2164.19%21%40212a6e2917772144274661715e9fe5%2112000057326199781%21sea%21US%210%21ABX%211%210%21n_tag%3A-29910%3Bd%3Af2d8543c%3Bm03_new_user%3A-29895%3BpisId%3A5000000204886261&curPageLogUid=w2J2aoWoaVtW&utparam-url=scene%3Asearch%7Cquery_from%3A%7Cx_object_id%3A1005012029245671%7C_p_origin_prod%3A
5pcs Optical Fiber Panel Box 2 Ports Core FTTH Optic Termination FTTH 2 Ports Optical Fiber Panel Box With Connectors,$17.41/lot,"https://ae-pic-a1.aliexpress-media.com/kf/S16f159f64b194d209fa93ac449d436aaB.jpg_220x220q75.jpg_.avif,https://ae-pic-a1.aliexpress-media.com/kf/Seb270eb82bd541b399f04827c6c4f930s.jpg_220x220q75.jpg_.avif,https://ae-pic-a1.aliexpress-media.com/kf/S05bed51c587e499485b5c496bfd45ed8N.jpg_220x220q75.jpg_.avif,https://ae-pic-a1.aliexpress-media.com/kf/S54cc369276cd4a4a9c257e5751b921feK.jpg_220x220q75.jpg_.avif,https://ae-pic-a1.aliexpress-media.com/kf/Sf6acabaffb2144788363dd25dc25c0dec.jpg_220x220q75.jpg_.avif","['High-concerned chemical', 'None', 'Model Number', 'FDB102', 'Brand Name', 'CAILI', 'Origin', 'Mainland China', 'Origin', 'Mainland China 1,Mainland China', 'Power Source', 'Non-Powered', 'Connector Type', 'SC/APC', 'Model Number.', '2 core', 'Product Name', 'Optical fiber panel box', 'Appearance sizemm', '100*81*28mm', 'Place of Origin', 'China', 'Material', 'ABS, PC']",https://www.aliexpress.us/item/3256811817408222.html?algo_pvid=6c9adfc6-b00c-44c7-be37-661dc9478394&algo_exp_id=6c9adfc6-b00c-44c7-be37-661dc9478394-29&pdp_ext_f=%7B%22order%22%3A%22-1%22%2C%22eval%22%3A%221%22%2C%22fromPage%22%3A%22search%22%7D&pdp_npi=6%40dis%21USD%2119.90%2117.41%21%21%2119.90%2117.41%21%40212a6e2917772144274661715e9fe5%2112000057246075028%21sea%21US%210%21ABX%211%210%21n_tag%3A-29910%3Bd%3Af2d8543c%3Bm03_new_user%3A-29895%3BpisId%3A5000000204886261&curPageLogUid=5G77abh6FkJ9&utparam-url=scene%3Asearch%7Cquery_from%3A%7Cx_object_id%3A1005012003722974%7C_p_origin_prod%3A
Fiber Optic Splitter 1x2 Lc Connector Box Fused Optical Cable Connector Fiber Termination Box for Home Office Data Center,$8.94,"https://ae-pic-a1.aliexpress-media.com/kf/Sf60878e103f54466a931299c52644f0fK.jpg_220x220q75.jpg_.avif,https://ae-pic-a1.aliexpress-media.com/kf/S08117f086e014bd083cbafe6c3f72f25j.jpg_220x220q75.jpg_.avif,https://ae-pic-a1.aliexpress-media.com/kf/Sf2854b93dc59453a88fe4112de658321k.jpg_220x220q75.jpg_.avif,https://ae-pic-a1.aliexpress-media.com/kf/S8b35b38943d04ac7961d252f00f8e1fcp.jpg_220x220q75.jpg_.avif,https://ae-pic-a1.aliexpress-media.com/kf/Sb1d6ef58b391436ab075c00f15e42f42a.jpg_220x220q75.jpg_.avif","['High-concerned chemical', 'None', 'Model Number', '1', 'Origin', 'Mainland China', 'fiber optic distribution box', 'fiber optic cold connector', 'fiber splitter box', 'fiber termination box', 'splitter fused fiber', 'fused splitter', 'fiber splitter', 'splitter fused fiber splitter', 'optical splitter fused fiber', 'optical coupler', 'fused fiber splitter', 'cables', 'professional optical cable', 'cord', 'fused optical cables', 'splitter replacements', 'tv optical splitter', 'optical fused cord', 'cable replacement', 'optical cable for game console']",https://www.aliexpress.us/item/3256811817135022.html?algo_pvid=6c9adfc6-b00c-44c7-be37-661dc9478394&algo_exp_id=6c9adfc6-b00c-44c7-be37-661dc9478394-30&pdp_ext_f=%7B%22order%22%3A%22-1%22%2C%22eval%22%3A%221%22%2C%22fromPage%22%3A%22search%22%7D&pdp_npi=6%40dis%21USD%218.92%218.92%21%21%2160.71%2160.71%21%40212a6e2917772144274661715e9fe5%2112000057253465642%21sea%21US%210%21ABX%211%210%21n_tag%3A-29910%3Bd%3Af2d8543c%3Bm03_new_user%3A-29895&curPageLogUid=TC63IeSblQoN&utparam-url=scene%3Asearch%7Cquery_from%3A%7Cx_object_id%3A1005012003449774%7C_p_origin_prod%3A
The 4 Ports Fiber Terminal Box with SC LC 4 ports Fiber Optical Patch Panel （flange and pigtail optional）,$7.09,"https://ae-pic-a1.aliexpress-media.com/kf/S9fdfc09e0eed4e07ae7d38d23f7c44c3q.jpg_220x220q75.jpg_.avif,https://ae-pic-a1.aliexpress-media.com/kf/S47436731055e40f0a122fcd000d990b42.jpg_220x220q75.jpg_.avif,https://ae-pic-a1.aliexpress-media.com/kf/Sb1a6b4b6e86c42978e4c74915c0ef4d9q.jpg_220x220q75.jpg_.avif,https://ae-pic-a1.aliexpress-media.com/kf/Sa8d38bb36d2447b68302228fcafa10dcO.jpg_220x220q75.jpg_.avif,https://ae-pic-a1.aliexpress-media.com/kf/Sc63aa0de255c4d0194c4dd039d8f3bd2V.jpg_220x220q75.jpg_.avif","['High-concerned chemical', 'None', 'Model Number', 'The 4 port fiber', 'Brand Name', 'NoEnName_Null', 'Origin', 'Mainland China', 'color', 'black,white']",https://www.aliexpress.us/item/3256811814175655.html?algo_pvid=6c9adfc6-b00c-44c7-be37-661dc9478394&algo_exp_id=6c9adfc6-b00c-44c7-be37-661dc9478394-31&pdp_ext_f=%7B%22order%22%3A%22-1%22%2C%22eval%22%3A%221%22%2C%22fromPage%22%3A%22search%22%7D&pdp_npi=6%40dis%21USD%217.58%217.08%21%21%2151.58%2148.18%21%40212a6e2917772144274661715e9fe5%2112000057237165813%21sea%21US%210%21ABX%211%210%21n_tag%3A-29910%3Bd%3Af2d8543c%3Bm03_new_user%3A-29895%3BpisId%3A5000000204886261&curPageLogUid=rSA3DL2kzCnF&utparam-url=scene%3Asearch%7Cquery_from%3A%7Cx_object_id%3A1005012000490407%7C_p_origin_prod%3A
"NEMA Steel Enclosure, NEMA 4X Steel Electrical Box, IP66 Waterproof & Dustproof, Outdoor Indoor Electrical Junction Box, With",$42.28,"https://ae-pic-a1.aliexpress-media.com/kf/S2990c20daaf443d29d451bfdfe0e6497f.jpg_220x220q75.jpg_.avif,https://ae-pic-a1.aliexpress-media.com/kf/S259337649fce4ca0be45e98e0ce3d8d6a.jpg_220x220q75.jpg_.avif,https://ae-pic-a1.aliexpress-media.com/kf/Sef2b558eef9e440c9e2fba3d738f1e4eW.jpg_220x220q75.jpg_.avif,https://ae-pic-a1.aliexpress-media.com/kf/S9a74baf63408484d8fb4c96ce8079b09Q.jpg_220x220q75.jpg_.avif,https://ae-pic-a1.aliexpress-media.com/kf/S57b34994764642df863c624f364fa89cL.jpg_220x220q75.jpg_.avif","['High-concerned chemical', 'None', 'Model Number', '1', 'Origin', 'Mainland China']",https://www.aliexpress.us/item/3256811780042542.html?algo_pvid=6c9adfc6-b00c-44c7-be37-661dc9478394&algo_exp_id=6c9adfc6-b00c-44c7-be37-661dc9478394-32&pdp_ext_f=%7B%22order%22%3A%22-1%22%2C%22eval%22%3A%221%22%2C%22fromPage%22%3A%22search%22%7D&pdp_npi=6%40dis%21USD%21127.97%2142.23%21%21%21870.53%21287.27%21%40212a6e2917772144274661715e9fe5%2112000057152199199%21sea%21US%210%21ABX%211%210%21n_tag%3A-29910%3Bd%3Af2d8543c%3Bm03_new_user%3A-29895&curPageLogUid=YKt0f3mAOhfU&utparam-url=scene%3Asearch%7Cquery_from%3A%7Cx_object_id%3A1005011966357294%7C_p_origin_prod%3A
Optical Splitter Fiber Optic Splitter 1x2 Lc Connector Distribution Box Fused Optical Cable Connector Home Network Fiber,$9.43,"https://ae-pic-a1.aliexpress-media.com/kf/Sf9f8fb49be0b4bdab3adb76d9ec9ae7aW.jpg_220x220q75.jpg_.avif,https://ae-pic-a1.aliexpress-media.com/kf/Sc6d610123ec3445caa7542ce0f9db7f7U.jpg_220x220q75.jpg_.avif,https://ae-pic-a1.aliexpress-media.com/kf/Sda64ccf420024934a7c31f6248c18baff.jpg_220x220q75.jpg_.avif,https://ae-pic-a1.aliexpress-media.com/kf/Sbf6ab877948b4edf881493c9c1e5d183N.jpg_220x220q75.jpg_.avif,https://ae-pic-a1.aliexpress-media.com/kf/S7046487064de464d95acaf917e275246X.jpg_220x220q75.jpg_.avif","['High-concerned chemical', 'None', 'Model Number', '1', 'Origin', 'Mainland China', 'fiber optic distribution box', 'fiber optic cold connector', 'fiber splitter box', 'fiber termination box', 'splitter fused fiber', 'fused splitter', 'fiber splitter', 'splitter fused fiber splitter', 'optical splitter fused fiber', 'optical coupler', 'fused fiber splitter', 'cables', 'professional optical cable', 'cord', 'fused optical cables', 'splitter replacements', 'tv optical splitter', 'optical fused cord', 'cable replacement', 'optical cable for game console']",https://www.aliexpress.us/item/3256811727770866.html?algo_pvid=6c9adfc6-b00c-44c7-be37-661dc9478394&algo_exp_id=6c9adfc6-b00c-44c7-be37-661dc9478394-33&pdp_ext_f=%7B%22order%22%3A%22-1%22%2C%22eval%22%3A%221%22%2C%22fromPage%22%3A%22search%22%7D&pdp_npi=6%40dis%21USD%2119.46%219.42%21%21%21132.40%2164.12%21%40212a6e2917772144274661715e9fe5%2112000057006109821%21sea%21US%210%21ABX%211%210%21n_tag%3A-29910%3Bd%3Af2d8543c%3Bm03_new_user%3A-29895%3BpisId%3A5000000204886261&curPageLogUid=dddwO5wABb3d&utparam-url=scene%3Asearch%7Cquery_from%3A%7Cx_object_id%3A1005011914085618%7C_p_origin_prod%3A
HAINA DIN Rail Fiber Optic Box 4 Port 4 Core - Dustproof Stable Connection for Data Center ，with SC/FC/LC/ST Adapters,$23.16,"https://ae-pic-a1.aliexpress-media.com/kf/S0e78be10c3f947d8b34c5aa8acdeced9J.jpg_220x220q75.jpg_.avif,https://ae-pic-a1.aliexpress-media.com/kf/Sa137eb3e873b4351b8b0227b1fa9012ck.jpg_220x220q75.jpg_.avif,https://ae-pic-a1.aliexpress-media.com/kf/Sd3fa97d709a44fd38b73d3fb20cdc37dK.jpg_220x220q75.jpg_.avif,https://ae-pic-a1.aliexpress-media.com/kf/Sfe7eb22b44934d09bbb6f21dbc7cad3c5.jpg_220x220q75.jpg_.avif,https://ae-pic-a1.aliexpress-media.com/kf/S2ffa669a03cc45819f02e6ed49edd432k.jpg_220x220q75.jpg_.avif","['High-concerned chemical', 'None', 'Model Number', 'HN-GXH-4CD', 'Brand Name', 'HAINA', 'Origin', 'Mainland China', 'Certification', 'CE,RoHS']",https://www.aliexpress.us/item/3256811709333505.html?algo_pvid=6c9adfc6-b00c-44c7-be37-661dc9478394&algo_exp_id=6c9adfc6-b00c-44c7-be37-661dc9478394-34&pdp_ext_f=%7B%22order%22%3A%22-1%22%2C%22eval%22%3A%221%22%2C%22fromPage%22%3A%22search%22%7D&pdp_npi=6%40dis%21USD%2149.21%2123.12%21%21%21334.76%21157.28%21%40212a6e2917772144274661715e9fe5%2112000056929744141%21sea%21US%210%21ABX%211%210%21n_tag%3A-29910%3Bd%3Af2d8543c%3Bm03_new_user%3A-29895%3BpisId%3A5000000204886261&curPageLogUid=Gng4YKWjAp8K&utparam-url=scene%3Asearch%7Cquery_from%3A%7Cx_object_id%3A1005011895648257%7C_p_origin_prod%3A
Hainai industrial-grade 35mm guide rail SC/FC/SC/ST8 multi-mode fully equipped optical fiber terminal box,$33.03,"https://ae-pic-a1.aliexpress-media.com/kf/Sde4d7764676641049c61489e010a9e777.jpg_220x220q75.jpg_.avif,https://ae-pic-a1.aliexpress-media.com/kf/S45d98d14cbc94119a0f080ffb653a9c6u.jpg_220x220q75.jpg_.avif,https://ae-pic-a1.aliexpress-media.com/kf/Sba2b6002c53b4ec1a423b82b900f8d10M.jpg_220x220q75.jpg_.avif,https://ae-pic-a1.aliexpress-media.com/kf/Sbd28438713184b839f81b78fd5faa304R.jpg_220x220q75.jpg_.avif,https://ae-pic-a1.aliexpress-media.com/kf/S53ef50ab7ee54ffc918822edc81fb4e9P.jpg_220x220q75.jpg_.avif","['High-concerned chemical', 'None', 'Model Number', 'HN-GXH-8CDM', 'Brand Name', 'HAINA', 'Origin', 'Mainland China', 'Certification', 'CE,RoHS']",https://www.aliexpress.us/item/3256811709054026.html?algo_pvid=6c9adfc6-b00c-44c7-be37-661dc9478394&algo_exp_id=6c9adfc6-b00c-44c7-be37-661dc9478394-35&pdp_ext_f=%7B%22order%22%3A%22-1%22%2C%22eval%22%3A%221%22%2C%22fromPage%22%3A%22search%22%7D&pdp_npi=6%40dis%21USD%2171.25%2132.99%21%21%21484.66%21224.39%21%40212a6e2917772144274661715e9fe5%2112000057107982820%21sea%21US%210%21ABX%211%210%21n_tag%3A-29910%3Bd%3Af2d8543c%3Bm03_new_user%3A-29895%3BpisId%3A5000000204886261&curPageLogUid=GVKcbbhA5Kay&utparam-url=scene%3Asearch%7Cquery_from%3A%7Cx_object_id%3A1005011895368778%7C_p_origin_prod%3A
"24 Core Fiber Optic Splice Tray For FBT Splice Closure Distribution Box ODF , Compatible With 40/45/60mm Protect Sleeve",$22.73,"https://ae-pic-a1.aliexpress-media.com/kf/S6217d540aaee4676ad9783d1f5c5d7a0a.jpg_220x220q75.jpg_.avif,https://ae-pic-a1.aliexpress-media.com/kf/Sa60920ae8dcd4cfa8978fdadfa46407aA.jpg_220x220q75.jpg_.avif,https://ae-pic-a1.aliexpress-media.com/kf/S42205f26909e4ba4bc44435a3f96d576E.jpg_220x220q75.jpg_.avif,https://ae-pic-a1.aliexpress-media.com/kf/S18f6c72cc5e54eefb3ae88f1a9b43b99R.jpg_220x220q75.jpg_.avif,https://ae-pic-a1.aliexpress-media.com/kf/S99518d7959d648f1920c355874d9b632c.jpg_220x220q75.jpg_.avif","['High-concerned chemical', 'None', 'Model Number', 'ST-001', 'Brand Name', 'TPSTELE', 'Origin', 'Mainland China', 'Certification', 'CE,RoHS', 'Tray Capacity', '24 Core', 'Material', 'ABS Plastic', 'Application', 'splice closure, distribution box', 'Size', '10.3*15.8cm', 'Color', 'White/Black']",https://www.aliexpress.us/item/3256811650164869.html?algo_pvid=6c9adfc6-b00c-44c7-be37-661dc9478394&algo_exp_id=6c9adfc6-b00c-44c7-be37-661dc9478394-36&pdp_ext_f=%7B%22order%22%3A%22-1%22%2C%22eval%22%3A%221%22%2C%22fromPage%22%3A%22search%22%7D&pdp_npi=6%40dis%21USD%2122.70%2122.70%21%21%21154.43%21154.43%21%40212a6e2917772144274661715e9fe5%2112000056748254038%21sea%21US%210%21ABX%211%210%21n_tag%3A-29910%3Bd%3Af2d8543c%3Bm03_new_user%3A-29895&curPageLogUid=YwdGEd7z0Cvl&utparam-url=scene%3Asearch%7Cquery_from%3A%7Cx_object_id%3A1005011836479621%7C_p_origin_prod%3A
"4 Port Optic Fiber Terminal Box, With Pigtails and Adapter, SC/LC/FC/ST Avaliable, OEM Accepted",$14.94,"https://ae-pic-a1.aliexpress-media.com/kf/Sce7d57ac3ed344bdbab4c15daee9d051N.jpg_220x220q75.jpg_.avif,https://ae-pic-a1.aliexpress-media.com/kf/Se15986356cd24a20a224a95ff1398405I.jpg_220x220q75.jpg_.avif,https://ae-pic-a1.aliexpress-media.com/kf/S966850cde8cc46e0a49bd49faa8f498ed.jpg_220x220q75.jpg_.avif,https://ae-pic-a1.aliexpress-media.com/kf/S7901b99c1d67492b97cefbebd3c23470X.jpg_220x220q75.jpg_.avif,https://ae-pic-a1.aliexpress-media.com/kf/Sec6538e84d5a48f0b11b40586ad23a2fH.jpg_220x220q75.jpg_.avif","['High-concerned chemical', 'None', 'Model Number', 'FBT-4', 'Brand Name', 'TPSTELE', 'Origin', 'Mainland China', 'Certification', 'CE,RoHS', 'Connector Type', 'SC/LC/FC/ST', 'Insertion Loss (dB)', '≤0.3dB', 'Return Loss (dB)', 'UPC≥50dB', 'Operating Temperature', '-10 to 70°C (14 to 158℉)', 'Storage Temperature', '-20 to 70°C (-4 to 158℉)', 'Full load', 'yes']",https://www.aliexpress.us/item/3256811640384413.html?algo_pvid=6c9adfc6-b00c-44c7-be37-661dc9478394&algo_exp_id=6c9adfc6-b00c-44c7-be37-661dc9478394-37&pdp_ext_f=%7B%22order%22%3A%22-1%22%2C%22eval%22%3A%221%22%2C%22fromPage%22%3A%22search%22%7D&pdp_npi=6%40dis%21USD%2114.92%2114.92%21%21%21101.53%21101.53%21%40212a6e2917772144274661715e9fe5%2112000056709931386%21sea%21US%210%21ABX%211%210%21n_tag%3A-29910%3Bd%3Af2d8543c%3Bm03_new_user%3A-29895&curPageLogUid=MbPZitOhylk3&utparam-url=scene%3Asearch%7Cquery_from%3A%7Cx_object_id%3A1005011826699165%7C_p_origin_prod%3A
Distribution 4 Core IP65 Waterproof Wall Mount Fiber Optic Terminal Box ABS For Indoor Outdoor,$15.15,"https://ae-pic-a1.aliexpress-media.com/kf/S39430e4a02fa4cddb61c29c7c0cbb475r.jpg_220x220q75.jpg_.avif,https://ae-pic-a1.aliexpress-media.com/kf/S6e2bd7520ca748f2ae25dac244d2064b0.jpg_220x220q75.jpg_.avif,https://ae-pic-a1.aliexpress-media.com/kf/S4023f93999524ef6b81364cd51ba30b0T.jpg_220x220q75.jpg_.avif,https://ae-pic-a1.aliexpress-media.com/kf/S8486dea35b274c1cb23bf5702995f736S.jpg_220x220q75.jpg_.avif,https://ae-pic-a1.aliexpress-media.com/kf/S879a7fce487a4f41a9400717d369cf135.jpg_220x220q75.jpg_.avif","['High-concerned chemical', 'None', 'Model Number', 'Fiber Optic Terminal Box', 'Brand Name', 'koptac', 'Origin', 'Mainland China', 'Certification', 'CE,RoHS', 'Origin', 'Mainland China', 'material', 'ABS', 'High-concerned Chemical', 'none', 'Certification.', 'none', 'Function', 'waterproof', 'Model Number.', 'Fiber Distribution Box', 'Feature1', 'Optical Fiber Termination Box', 'Feature2', 'Fiber Optic Terminal Box', 'Feature3', 'Fiber Distribution Enclosure', 'Feature4', 'Fiber Splitter Box']",https://www.aliexpress.us/item/3256811625007959.html?algo_pvid=6c9adfc6-b00c-44c7-be37-661dc9478394&algo_exp_id=6c9adfc6-b00c-44c7-be37-661dc9478394-38&pdp_ext_f=%7B%22order%22%3A%22-1%22%2C%22eval%22%3A%221%22%2C%22fromPage%22%3A%22search%22%7D&pdp_npi=6%40dis%21USD%2115.15%2115.15%21%21%2115.15%2115.15%21%40212a6e2917772144274661715e9fe5%2112000056638601340%21sea%21US%210%21ABX%211%210%21n_tag%3A-29910%3Bd%3Af2d8543c%3Bm03_new_user%3A-29895&curPageLogUid=p6ykIULbQUML&utparam-url=scene%3Asearch%7Cquery_from%3A%7Cx_object_id%3A1005011811322711%7C_p_origin_prod%3A
SZSU Cat6 Junction Box Cable Assembly Ethernet Extension Networking Cable Surfaces Mount,$16.98,"https://ae-pic-a1.aliexpress-media.com/kf/S998cbfa73aad4f53b594ccdd79d0caebG.jpg_220x220q75.jpg_.avif,https://ae-pic-a1.aliexpress-media.com/kf/Sacdf53f357d24dedb520e029a7dbc103a.jpg_220x220q75.jpg_.avif,https://ae-pic-a1.aliexpress-media.com/kf/Seaa7b74eeb7b4b11a0fa2f70767c55690.jpg_220x220q75.jpg_.avif,https://ae-pic-a1.aliexpress-media.com/kf/S96997a61535f4034a1a62c061c7963536.jpg_220x220q75.jpg_.avif,https://ae-pic-a1.aliexpress-media.com/kf/S64a76365881e488d8720d96e53ae2c7fy.jpg_220x220q75.jpg_.avif","['High-concerned chemical', 'None', 'Model Number', 'X8XA4NB1404996', 'Brand Name', 'AREOFRGB', 'Origin', 'Mainland China', 'Certification', 'NONE']",https://www.aliexpress.us/item/3256811602529250.html?algo_pvid=6c9adfc6-b00c-44c7-be37-661dc9478394&algo_exp_id=6c9adfc6-b00c-44c7-be37-661dc9478394-39&pdp_ext_f=%7B%22order%22%3A%22-1%22%2C%22eval%22%3A%221%22%2C%22fromPage%22%3A%22search%22%7D&pdp_npi=6%40dis%21USD%2117.47%2116.97%21%21%21118.81%21115.41%21%40212a6e2917772144274661715e9fe5%2112000056557644605%21sea%21US%210%21ABX%211%210%21n_tag%3A-29910%3Bd%3Af2d8543c%3Bm03_new_user%3A-29895%3BpisId%3A5000000204886261&curPageLogUid=Q9AtvBjH1UNb&utparam-url=scene%3Asearch%7Cquery_from%3A%7Cx_object_id%3A1005011788844002%7C_p_origin_prod%3A
SC/UPC-SC/UPC 3M/5M 2.0mm Single Mode Fiber Optic Cable FTTH Indoor Extension Jumper With Free Adapter For High-Speed Internet,$0.99,"https://ae-pic-a1.aliexpress-media.com/kf/S33bb9bc6ffe942e8a23b67bf5946ff1fR.jpg_220x220q75.jpg_.avif,https://ae-pic-a1.aliexpress-media.com/kf/S33bb9bc6ffe942e8a23b67bf5946ff1fR.jpg_220x220q75.jpg_.avif,https://ae-pic-a1.aliexpress-media.com/kf/S92111db2412d4c1999f29fe21c608aafz.jpg_220x220q75.jpg_.avif,https://ae-pic-a1.aliexpress-media.com/kf/S28d658d80a33475882d717a666435b5f6.jpg_220x220q75.jpg_.avif,https://ae-pic-a1.aliexpress-media.com/kf/S84be101f45e84a0a8add269b19dac06eL.jpg_220x220q75.jpg_.avif","['High-concerned chemical', 'None', 'Model Number', 'SC/UPC-SC/UPC', 'Brand Name', 'NoEnName_Null', 'Origin', 'Mainland China', 'Cable Fribra Optica', 'Optic Patch Cord Cable']",https://www.aliexpress.us/item/3256811578343604.html?algo_pvid=6c9adfc6-b00c-44c7-be37-661dc9478394&algo_exp_id=6c9adfc6-b00c-44c7-be37-661dc9478394-40&pdp_ext_f=%7B%22order%22%3A%22-1%22%2C%22eval%22%3A%221%22%2C%22fromPage%22%3A%22search%22%7D&pdp_npi=6%40dis%21USD%211.38%210.99%21%21%219.39%216.74%21%40212a6e2917772144274661715e9fe5%2112000056477330132%21sea%21US%210%21ABX%211%210%21n_tag%3A-29910%3Bd%3Af2d8543c%3Bm03_new_user%3A-29895%3BpisId%3A5000000204886261&curPageLogUid=Ens9xhWB6wps&utparam-url=scene%3Asearch%7Cquery_from%3A%7Cx_object_id%3A1005011764658356%7C_p_origin_prod%3A
Fiber Optic Terminal Box 4 port 4 Core Fiber Optical Patch Panel with Adapter Pigtail Fiber Distribution Box,$2.37,"https://ae-pic-a1.aliexpress-media.com/kf/S7c4e248ffef0442eaf2e55bc56bd92385.jpg_220x220q75.jpg_.avif,https://ae-pic-a1.aliexpress-media.com/kf/S7c4e248ffef0442eaf2e55bc56bd92385.jpg_220x220q75.jpg_.avif,https://ae-pic-a1.aliexpress-media.com/kf/S11cf6a86af8c4eb7a5ea53064d61aa1bv.jpg_220x220q75.jpg_.avif,https://ae-pic-a1.aliexpress-media.com/kf/S0b751014a93141e6adaff8863e18b74cy.jpg_220x220q75.jpg_.avif,https://ae-pic-a1.aliexpress-media.com/kf/S1ac7a37b542641cf831fc0841ffb1dfct.jpg_220x220q75.jpg_.avif","['High-concerned chemical', 'None', 'Model Number', 'Fiber Box', 'Brand Name', 'NoEnName_Null', 'Origin', 'Mainland China', 'Fiber Optic Terminal Box', 'fiber optic box']",https://www.aliexpress.us/item/3256811576500944.html?algo_pvid=6c9adfc6-b00c-44c7-be37-661dc9478394&algo_exp_id=6c9adfc6-b00c-44c7-be37-661dc9478394-41&pdp_ext_f=%7B%22order%22%3A%22-1%22%2C%22eval%22%3A%221%22%2C%22fromPage%22%3A%22search%22%7D&pdp_npi=6%40dis%21USD%212.87%212.37%21%21%2119.54%2116.14%21%40212a6e2917772144274661715e9fe5%2112000056475618998%21sea%21US%210%21ABX%211%210%21n_tag%3A-29910%3Bd%3Af2d8543c%3Bm03_new_user%3A-29895%3BpisId%3A5000000204886261&curPageLogUid=hEoKk7wIaluW&utparam-url=scene%3Asearch%7Cquery_from%3A%7Cx_object_id%3A1005011762815696%7C_p_origin_prod%3A
1x4 2121-5U SC/UPC FTTR Fiber Splitter Distribution Unit Fiber Optic Splitter Optic Terminal Box Panel Physics Optical Box,$1.86,"https://ae-pic-a1.aliexpress-media.com/kf/S7ecee16d98bc479c82909bbc060a3d64b.jpg_220x220q75.jpg_.avif,https://ae-pic-a1.aliexpress-media.com/kf/S7ecee16d98bc479c82909bbc060a3d64b.jpg_220x220q75.jpg_.avif,https://ae-pic-a1.aliexpress-media.com/kf/S13674672579346e3b92574be6c8b6f822.jpg_220x220q75.jpg_.avif,https://ae-pic-a1.aliexpress-media.com/kf/S12513a7886b449e093e091952e82ed897.jpg_220x220q75.jpg_.avif,https://ae-pic-a1.aliexpress-media.com/kf/S6152f68a8e27435aae8632a42c53bb12B.jpg_220x220q75.jpg_.avif","['High-concerned chemical', 'None', 'Model Number', '2121-5U', 'Brand Name', 'NoEnName_Null', 'Origin', 'Mainland China', 'Physics Optical Box', 'Fiber Optic Splitter']",https://www.aliexpress.us/item/3256811561717077.html?algo_pvid=6c9adfc6-b00c-44c7-be37-661dc9478394&algo_exp_id=6c9adfc6-b00c-44c7-be37-661dc9478394-43&pdp_ext_f=%7B%22order%22%3A%22-1%22%2C%22eval%22%3A%221%22%2C%22fromPage%22%3A%22search%22%7D&pdp_npi=6%40dis%21USD%212.36%211.86%21%21%2116.03%2112.63%21%40212a6e2917772144274661715e9fe5%2112000056425227227%21sea%21US%210%21ABX%211%210%21n_tag%3A-29910%3Bd%3Af2d8543c%3Bm03_new_user%3A-29895%3BpisId%3A5000000204886261&curPageLogUid=3qp4qIfEut6S&utparam-url=scene%3Asearch%7Cquery_from%3A%7Cx_object_id%3A1005011748031829%7C_p_origin_prod%3A
U2JE Optical Fiber Cable for Fusion Joint Protective Sleeve Heat Shrinkable Tube Box,$24.91,"https://ae-pic-a1.aliexpress-media.com/kf/S00b4e0605e0e4b88927b3506633b98c2g.jpg_220x220q75.jpg_.avif,https://ae-pic-a1.aliexpress-media.com/kf/S9490bcb86f044446a614e9f1bb564abbd.jpg_220x220q75.jpg_.avif,https://ae-pic-a1.aliexpress-media.com/kf/S1616bd597725420a84ac1ba87ee8cf1ab.jpg_220x220q75.jpg_.avif,https://ae-pic-a1.aliexpress-media.com/kf/Sde29406908934018bb4eea8cce200574N.jpg_220x220q75.jpg_.avif,https://ae-pic-a1.aliexpress-media.com/kf/S662151bf3c2e4b139ba7f8971cffbf0fP.jpg_220x220q75.jpg_.avif","['High-concerned chemical', 'None', 'Model Number', 'U2JE4NB404813', 'Origin', 'Mainland China', 'Certification', 'NONE']",https://www.aliexpress.us/item/3256811484180151.html?algo_pvid=6c9adfc6-b00c-44c7-be37-661dc9478394&algo_exp_id=6c9adfc6-b00c-44c7-be37-661dc9478394-44&pdp_ext_f=%7B%22order%22%3A%22-1%22%2C%22eval%22%3A%221%22%2C%22fromPage%22%3A%22search%22%7D&pdp_npi=6%40dis%21USD%2124.91%2124.91%21%21%2124.91%2124.91%21%40212a6e2917772144274661715e9fe5%2112000056205708061%21sea%21US%210%21ABX%211%210%21n_tag%3A-29910%3Bd%3Af2d8543c%3Bm03_new_user%3A-29895&curPageLogUid=cMhX829MWmAC&utparam-url=scene%3Asearch%7Cquery_from%3A%7Cx_object_id%3A1005011670494903%7C_p_origin_prod%3A
"Access Panel For Drywall & Ceiling, 24 X 24 Inch Plumbing Access Panels, Reinforced Access Door, Heavy-Duty Steel Wall Hole",$53.71,"https://ae-pic-a1.aliexpress-media.com/kf/S2c72e3979ba84dc8b88157fdece5c661z.jpg_220x220q75.jpg_.avif,https://ae-pic-a1.aliexpress-media.com/kf/S52e00d7185ce4d8aa02174c638b1b995K.jpg_220x220q75.jpg_.avif,https://ae-pic-a1.aliexpress-media.com/kf/S2a1051d68c7f4fc088750aa36b0782cau.jpg_220x220q75.jpg_.avif,https://ae-pic-a1.aliexpress-media.com/kf/S4f820261f5b1494ea36036204f5348fdi.jpg_220x220q75.jpg_.avif,https://ae-pic-a1.aliexpress-media.com/kf/S8b4eb55d4fca46c39db328f61639213ew.jpg_220x220q75.jpg_.avif","['High-concerned chemical', 'None', 'Model Number', '-', 'Origin', 'Mainland China']",https://www.aliexpress.us/item/3256811451031560.html?algo_pvid=6c9adfc6-b00c-44c7-be37-661dc9478394&algo_exp_id=6c9adfc6-b00c-44c7-be37-661dc9478394-46&pdp_ext_f=%7B%22order%22%3A%22-1%22%2C%22eval%22%3A%221%22%2C%22fromPage%22%3A%22search%22%7D&pdp_npi=6%40dis%21USD%21162.51%2153.63%21%21%211105.54%21364.83%21%40212a6e2917772144274661715e9fe5%2112000056121231686%21sea%21US%210%21ABX%211%210%21n_tag%3A-29910%3Bd%3Af2d8543c%3Bm03_new_user%3A-29895&curPageLogUid=nRTp22ptao14&utparam-url=scene%3Asearch%7Cquery_from%3A%7Cx_object_id%3A1005011637346312%7C_p_origin_prod%3A
40PCS PTO Box set 1-Pole Singlemode Receptacle PTO Singlemode SC/APC Receptacle Box for PTO Box Sets with SFR Logo,$83.59,"https://ae-pic-a1.aliexpress-media.com/kf/S386be4e5c6904aeba7ce75208b94565dm.jpg_220x220q75.jpg_.avif,https://ae-pic-a1.aliexpress-media.com/kf/S34cba2432a5b4045a886a1b6fe4262c0i.jpg_220x220q75.jpg_.avif,https://ae-pic-a1.aliexpress-media.com/kf/Sf432a62659704618a9f96e9c35977724k.jpg_220x220q75.jpg_.avif,https://ae-pic-a1.aliexpress-media.com/kf/S29ca885e88574d24bd3c3eceb89041bcb.jpg_220x220q75.jpg_.avif,https://ae-pic-a1.aliexpress-media.com/kf/Sedbd101b6bcc4f9393acd32a601c4461X.jpg_220x220q75.jpg_.avif","['High-concerned chemical', 'None', 'Model Number', 'SC/APC', 'Brand Name', 'SKYLYNN', 'Origin', 'Mainland China']",https://www.aliexpress.us/item/3256811404258100.html?algo_pvid=6c9adfc6-b00c-44c7-be37-661dc9478394&algo_exp_id=6c9adfc6-b00c-44c7-be37-661dc9478394-47&pdp_ext_f=%7B%22order%22%3A%22-1%22%2C%22eval%22%3A%221%22%2C%22fromPage%22%3A%22search%22%7D&pdp_npi=6%40dis%21USD%21166.95%2183.47%21%21%211135.71%21567.85%21%40212a6e2917772144274661715e9fe5%2112000056001135684%21sea%21US%210%21ABX%211%210%21n_tag%3A-29910%3Bd%3Af2d8543c%3Bm03_new_user%3A-29895&curPageLogUid=ZPnKkJzbToEy&utparam-url=scene%3Asearch%7Cquery_from%3A%7Cx_object_id%3A1005011590572852%7C_p_origin_prod%3A
"Optical Fiber Splice Box with Adapter and Pigtail, 16 Core, FTTH, Outdoor Fiber Optic Terminal",$14.98,"https://ae-pic-a1.aliexpress-media.com/kf/Sa8ed953f1fe7412fa241f233e3ab3a80Q.jpg_220x220q75.jpg_.avif,https://ae-pic-a1.aliexpress-media.com/kf/S1629e39a4f8743dcb04e14c4219c3d1fm.jpg_220x220q75.jpg_.avif,https://ae-pic-a1.aliexpress-media.com/kf/Sb5a849a1388a4b8a963b17970c7c7ca0B.jpg_220x220q75.jpg_.avif,https://ae-pic-a1.aliexpress-media.com/kf/Sfd17b6fe557848579a7a4322f8d2e1d20.jpg_220x220q75.jpg_.avif,https://ae-pic-a1.aliexpress-media.com/kf/Sc0dbc163b6134c3db9b52035b9bd717dZ.jpg_220x220q75.jpg_.avif","['High-concerned chemical', 'None', 'Model Number', 'fiber optic distribution box', 'Brand Name', 'BLHLI', 'Origin', 'Mainland China', 'Certification', 'FCC', 'Material', 'ABS+PC', 'color', 'White', 'Quantity', '1PCS', 'product size', '300X225X97.5MM', 'Protection level', 'IP55', 'Working environment', 'indoor and outdoor', 'configure', 'With 16 SC APC adapters and pigtails', 'weight', '1.5kg']",https://www.aliexpress.us/item/3256811372506899.html?algo_pvid=6c9adfc6-b00c-44c7-be37-661dc9478394&algo_exp_id=6c9adfc6-b00c-44c7-be37-661dc9478394-48&pdp_ext_f=%7B%22order%22%3A%22-1%22%2C%22eval%22%3A%221%22%2C%22fromPage%22%3A%22search%22%7D&pdp_npi=6%40dis%21USD%2114.98%2114.98%21%21%2114.98%2114.98%21%40212a6e2917772144274661715e9fe5%2112000055919207989%21sea%21US%210%21ABX%211%210%21n_tag%3A-29910%3Bd%3Af2d8543c%3Bm03_new_user%3A-29895&curPageLogUid=V4UT77MMjICj&utparam-url=scene%3Asearch%7Cquery_from%3A%7Cx_object_id%3A1005011558821651%7C_p_origin_prod%3A
"FC Pull Type Optical Fiber Distribution Frame, Rack Mounted Indoor Patch Panel, FTTH, ODF Port, 19 Inch, 12 Core",$16.85,"https://ae-pic-a1.aliexpress-media.com/kf/Sf11ef349f47747efba24bcfbdfdbf118c.jpg_220x220q75.jpg_.avif,https://ae-pic-a1.aliexpress-media.com/kf/Sbbde2aa1711041c38f41e20d55785847q.jpg_220x220q75.jpg_.avif,https://ae-pic-a1.aliexpress-media.com/kf/S1fd49cedb0ca4eda86af53a096bb5ea61.jpg_220x220q75.jpg_.avif,https://ae-pic-a1.aliexpress-media.com/kf/Sec14dc60ff834846a42e939a381f11417.jpg_220x220q75.jpg_.avif,https://ae-pic-a1.aliexpress-media.com/kf/S843153941d37486cb783ee13997e9638H.jpg_220x220q75.jpg_.avif","['High-concerned chemical', 'None', 'Model Number', 'Pull type optical fiber distribution frame', 'Brand Name', 'BLHLI', 'Origin', 'Mainland China', 'Application', 'FTTX, FTTH odf', 'External size', '1U 19 inch', 'configure', 'with adapter and pigtail']",https://www.aliexpress.us/item/3256810142720238.html?algo_pvid=6c9adfc6-b00c-44c7-be37-661dc9478394&algo_exp_id=6c9adfc6-b00c-44c7-be37-661dc9478394-52&pdp_ext_f=%7B%22order%22%3A%22-1%22%2C%22eval%22%3A%221%22%2C%22fromPage%22%3A%22search%22%7D&pdp_npi=6%40dis%21USD%2116.85%2116.85%21%21%2116.85%2116.85%21%40212a6e2917772144274661715e9fe5%2112000051979579568%21sea%21US%210%21ABX%211%210%21n_tag%3A-29910%3Bd%3Af2d8543c%3Bm03_new_user%3A-29895&curPageLogUid=LBQJZekJI59v&utparam-url=scene%3Asearch%7Cquery_from%3A%7Cx_object_id%3A1005010329034990%7C_p_origin_prod%3A
SC09 Servo Double Serial Bus Servo Copper Toothed Digital Servo with 180° Rotation for Robotics Enthusiasts N1HC,$10.11,"https://ae-pic-a1.aliexpress-media.com/kf/S1eaa05090d53463d8e323b128c647f4ap.jpg_220x220q75.jpg_.avif,https://ae-pic-a1.aliexpress-media.com/kf/Sdc86ea3444a145619252a3e4afa2d841a.jpg_220x220q75.jpg_.avif,https://ae-pic-a1.aliexpress-media.com/kf/Sa41158ff8d664eb387e1ef112d0ee813a.jpg_220x220q75.jpg_.avif,https://ae-pic-a1.aliexpress-media.com/kf/Sb4aa1c88961340c3a3beda7539bb0bf3r.jpg_220x220q75.jpg_.avif,https://ae-pic-a1.aliexpress-media.com/kf/S076f785e975a4378b83a7f8a48e5345bX.jpg_220x220q75.jpg_.avif","['High-concerned chemical', 'None', 'Model Number', 'N1HC13AC1200497', 'Brand Name', 'DNVYUAX', 'Origin', 'Mainland China', 'Certification', 'NONE']",https://www.aliexpress.us/item/3256810024814636.html?algo_pvid=6c9adfc6-b00c-44c7-be37-661dc9478394&algo_exp_id=6c9adfc6-b00c-44c7-be37-661dc9478394-53&pdp_ext_f=%7B%22order%22%3A%22-1%22%2C%22eval%22%3A%221%22%2C%22fromPage%22%3A%22search%22%7D&pdp_npi=6%40dis%21USD%2112.33%2110.11%21%21%2112.33%2110.11%21%40212a6e2917772144274661715e9fe5%2112000051533621573%21sea%21US%210%21ABX%211%210%21n_tag%3A-29910%3Bd%3Af2d8543c%3Bm03_new_user%3A-29895&curPageLogUid=8dFfBFqomRu1&utparam-url=scene%3Asearch%7Cquery_from%3A%7Cx_object_id%3A1005010211129388%7C_p_origin_prod%3A
"Y 1x4 Type SMA905-SMA905 energy fiber optic patch cord jumper with 100um, 200um, 400um core for 400nm to 2500nm",$141.25,https://ae-pic-a1.aliexpress-media.com/kf/S122920633ddb47189fb3ea1328969129n.jpg_220x220q75.jpg_.avif,"['High-concerned chemical', 'None', 'Model Number', 'SMA', 'Brand Name', 'CICVCHC', 'Origin', 'Mainland China', 'Certification', 'NONE']",https://www.aliexpress.us/item/3256809789770994.html?algo_pvid=6c9adfc6-b00c-44c7-be37-661dc9478394&algo_exp_id=6c9adfc6-b00c-44c7-be37-661dc9478394-54&pdp_ext_f=%7B%22order%22%3A%22-1%22%2C%22eval%22%3A%221%22%2C%22fromPage%22%3A%22search%22%7D&pdp_npi=6%40dis%21USD%21141.25%21141.25%21%21%21141.25%21141.25%21%40212a6e2917772144274661715e9fe5%2112000050740252047%21sea%21US%210%21ABX%211%210%21n_tag%3A-29910%3Bd%3Af2d8543c%3Bm03_new_user%3A-29895&curPageLogUid=UgLITqZ3hFPZ&utparam-url=scene%3Asearch%7Cquery_from%3A%7Cx_object_id%3A1005009976085746%7C_p_origin_prod%3A
Gcabling 48fibers with 4*12-tray Fiber Optic Cable Joint Splice Closure Wall Mount Outdoor Fiber Optic Junction Entrance Box,$30.33,"https://ae-pic-a1.aliexpress-media.com/kf/S5e053f16036c4c25a114440907e1e2c10.jpg_220x220q75.jpg_.avif,https://ae-pic-a1.aliexpress-media.com/kf/S622c6272a45e418a9b5622b50538ad15E.jpg_220x220q75.jpg_.avif,https://ae-pic-a1.aliexpress-media.com/kf/Sc3dce2e8e33540de817bd7bcceb933bbf.jpg_220x220q75.jpg_.avif,https://ae-pic-a1.aliexpress-media.com/kf/S392945810ae9472794e8c0a2c976036fN.jpg_220x220q75.jpg_.avif,https://ae-pic-a1.aliexpress-media.com/kf/S361e9ac1d0b340339be74d6208cb76cej.jpg_220x220q75.jpg_.avif","['High-concerned chemical', 'None', 'Model Number', '22209-029-1', 'Brand Name', 'GCABLING', 'Origin', 'Mainland China', 'Port', '1 oval + 3 port', 'Waterproof level', 'IP67 IP68', 'Capacity', '48Core', 'Applicable wire diameter', 'Max 25mm', 'Size', '310*190mm', 'Material', 'ABD or PP with fiber']",https://www.aliexpress.us/item/3256809699394747.html?algo_pvid=6c9adfc6-b00c-44c7-be37-661dc9478394&algo_exp_id=6c9adfc6-b00c-44c7-be37-661dc9478394-55&pdp_ext_f=%7B%22order%22%3A%22-1%22%2C%22eval%22%3A%221%22%2C%22fromPage%22%3A%22search%22%7D&pdp_npi=6%40dis%21USD%2130.30%2130.30%21%21%21206.10%21206.10%21%40212a6e2917772144274661715e9fe5%2112000050478588791%21sea%21US%210%21ABX%211%210%21n_tag%3A-29910%3Bd%3Af2d8543c%3Bm03_new_user%3A-29895&curPageLogUid=ZMHap2jDlPEx&utparam-url=scene%3Asearch%7Cquery_from%3A%7Cx_object_id%3A1005009885709499%7C_p_origin_prod%3A
Gcabling Optical 12 Core Fiber Enclosure Optic Termination Joint Fat Drop Cable Sleeve protection Box Fiber Outdoor,$12.60,"https://ae-pic-a1.aliexpress-media.com/kf/Sb6c20fba531d4e8a9f05e43993456abdF.jpg_220x220q75.jpg_.avif,https://ae-pic-a1.aliexpress-media.com/kf/Sd1269bf7e4264e49bb3ef6dea834d712J.jpg_220x220q75.jpg_.avif,https://ae-pic-a1.aliexpress-media.com/kf/S2b20fac136984f4a99bdfb71e60b1ab5L.jpg_220x220q75.jpg_.avif,https://ae-pic-a1.aliexpress-media.com/kf/Sda781d596cd048c7a1d9aa33bc302028f.jpg_220x220q75.jpg_.avif,https://ae-pic-a1.aliexpress-media.com/kf/Sbe58cfc1396a40cf9d9bcf20eaac3314c.jpg_220x220q75.jpg_.avif","['High-concerned chemical', 'None', 'Model Number', '22121-029-1', 'Brand Name', 'GCABLING', 'Origin', 'Mainland China', 'Port', '1-in 1-out', 'Waterproof level', 'IP67', 'Material', 'ABS', 'Applicable wire diameter', '5-8mm', 'Size', '189*95*22mm', 'Color', 'Black']",https://www.aliexpress.us/item/3256809699382678.html?algo_pvid=6c9adfc6-b00c-44c7-be37-661dc9478394&algo_exp_id=6c9adfc6-b00c-44c7-be37-661dc9478394-56&pdp_ext_f=%7B%22order%22%3A%22-1%22%2C%22eval%22%3A%221%22%2C%22fromPage%22%3A%22search%22%7D&pdp_npi=6%40dis%21USD%2112.58%2112.58%21%21%2185.61%2185.61%21%40212a6e2917772144274661715e9fe5%2112000050478684296%21sea%21US%210%21ABX%211%210%21n_tag%3A-29910%3Bd%3Af2d8543c%3Bm03_new_user%3A-29895&curPageLogUid=zddV9DgM6Yju&utparam-url=scene%3Asearch%7Cquery_from%3A%7Cx_object_id%3A1005009885697430%7C_p_origin_prod%3A
Gcabling 48 Core Fiber Optic Enclosure Fiber Optic Cable Joint Splice Enclosure IP68 Waterproof Fiber Optic Joint Closure,$18.97,"https://ae-pic-a1.aliexpress-media.com/kf/Sc4379bb3868446c4878052df6e71e199K.jpg_220x220q75.jpg_.avif,https://ae-pic-a1.aliexpress-media.com/kf/S1394a91aeb084c30928fb6fac20206c2b.jpg_220x220q75.jpg_.avif,https://ae-pic-a1.aliexpress-media.com/kf/Sc4b15828c20547508ecb8102ce6051354.jpg_220x220q75.jpg_.avif,https://ae-pic-a1.aliexpress-media.com/kf/S2d448ae1e9804628a8345d8cd16e3118e.jpg_220x220q75.jpg_.avif,https://ae-pic-a1.aliexpress-media.com/kf/S99da914f2dee4338a821149ffea89dd4x.jpg_220x220q75.jpg_.avif","['High-concerned chemical', 'None', 'Model Number', '22115-029-1', 'Brand Name', 'GCABLING', 'Origin', 'Mainland China', 'Port', '2-in / 2-out', 'Waterproof level', 'IP67/IP68', 'Capacity', '48Core', 'Applicable wire diameter', 'Max 12MM', 'Size', '281*151*70mm']",https://www.aliexpress.us/item/3256809699373600.html?algo_pvid=6c9adfc6-b00c-44c7-be37-661dc9478394&algo_exp_id=6c9adfc6-b00c-44c7-be37-661dc9478394-57&pdp_ext_f=%7B%22order%22%3A%22-1%22%2C%22eval%22%3A%221%22%2C%22fromPage%22%3A%22search%22%7D&pdp_npi=6%40dis%21USD%2118.95%2118.95%21%21%21128.89%21128.89%21%40212a6e2917772144274661715e9fe5%2112000050478482956%21sea%21US%210%21ABX%211%210%21n_tag%3A-29910%3Bd%3Af2d8543c%3Bm03_new_user%3A-29895&curPageLogUid=BwG7on0BqlrW&utparam-url=scene%3Asearch%7Cquery_from%3A%7Cx_object_id%3A1005009885688352%7C_p_origin_prod%3A
Gcabling 385*245*170mm 24C Telecommunication fibra optique distribution box fibre optique Fiber Optic Splice Closure,$90.93,"https://ae-pic-a1.aliexpress-media.com/kf/S39266ecdfd124f5bb6a7d77190cdcb60O.jpg_220x220q75.jpg_.avif,https://ae-pic-a1.aliexpress-media.com/kf/S42ade0463644431eb4b6076c0d55458eO.jpg_220x220q75.jpg_.avif,https://ae-pic-a1.aliexpress-media.com/kf/S4ef3513014fa4da9ac405b60b2a730c6O.jpg_220x220q75.jpg_.avif,https://ae-pic-a1.aliexpress-media.com/kf/S602c42c94f16467697a52648526be16eW.jpg_220x220q75.jpg_.avif,https://ae-pic-a1.aliexpress-media.com/kf/Sd98457b23f54436d8b7a39b17d15494dc.jpg_220x220q75.jpg_.avif","['High-concerned chemical', 'None', 'Model Number', '22136-029-1', 'Brand Name', 'GCABLING', 'Origin', 'Mainland China', 'Port', '4*24 core coils=96 cores', 'Waterproof level', 'IP68', 'Capacity', '48Core', 'Applicable wire diameter', 'maximum 18mm', 'Size', '385*245*170mm', 'leather cable inlet and outlet', '2*3mm', 'Material', 'PP+Glass fiber', 'Support cable', '4 cable import and export +24 drop cable export']",https://www.aliexpress.us/item/3256809699363480.html?algo_pvid=6c9adfc6-b00c-44c7-be37-661dc9478394&algo_exp_id=6c9adfc6-b00c-44c7-be37-661dc9478394-58&pdp_ext_f=%7B%22order%22%3A%22-1%22%2C%22eval%22%3A%221%22%2C%22fromPage%22%3A%22search%22%7D&pdp_npi=6%40dis%21USD%2190.84%2190.84%21%21%21617.94%21617.94%21%40212a6e2917772144274661715e9fe5%2112000050478423969%21sea%21US%210%21ABX%211%210%21n_tag%3A-29910%3Bd%3Af2d8543c%3Bm03_new_user%3A-29895&curPageLogUid=SOt16r5sHeWl&utparam-url=scene%3Asearch%7Cquery_from%3A%7Cx_object_id%3A1005009885678232%7C_p_origin_prod%3A
Gcabling outdoor 12fibers Fiber Distribution box IP68 with type adaptors,$151.67,"https://ae-pic-a1.aliexpress-media.com/kf/S8a8e1152ae734e60b3ae534ee0314875W.jpg_220x220q75.jpg_.avif,https://ae-pic-a1.aliexpress-media.com/kf/S63ed07e38cf44786bac1aab53484db4e2.jpg_220x220q75.jpg_.avif,https://ae-pic-a1.aliexpress-media.com/kf/S99571ac8e43f4928a216cbbb07ed2a5df.jpg_220x220q75.jpg_.avif,https://ae-pic-a1.aliexpress-media.com/kf/S29a5788643dd41209330db110db67c2d0.jpg_220x220q75.jpg_.avif,https://ae-pic-a1.aliexpress-media.com/kf/S7584888353f34dc89a6d2c6b48581ccah.jpg_220x220q75.jpg_.avif","['High-concerned chemical', 'None', 'Model Number', '22361-029-1', 'Brand Name', 'GCABLING', 'Origin', 'Mainland China', 'Port', '1 oval + 3 port', 'Waterproof level', 'IP68', 'Capacity', '12Core', 'Applicable wire diameter', '5-14mm', 'Size', '314.5x120x84.5mm', 'Material', 'ABS', 'Operating temp', '-40℃~80℃', 'Color', 'Black']",https://www.aliexpress.us/item/3256809699282452.html?algo_pvid=6c9adfc6-b00c-44c7-be37-661dc9478394&algo_exp_id=6c9adfc6-b00c-44c7-be37-661dc9478394-59&pdp_ext_f=%7B%22order%22%3A%22-1%22%2C%22eval%22%3A%221%22%2C%22fromPage%22%3A%22search%22%7D&pdp_npi=6%40dis%21USD%21151.52%21151.52%21%21%211030.74%211030.74%21%40212a6e2917772144274661715e9fe5%2112000050478408421%21sea%21US%210%21ABX%211%210%21n_tag%3A-29910%3Bd%3Af2d8543c%3Bm03_new_user%3A-29895&curPageLogUid=KLk8Srghnrgr&utparam-url=scene%3Asearch%7Cquery_from%3A%7Cx_object_id%3A1005009885597204%7C_p_origin_prod%3A
Waterproof Wire Junction Boxes Plastic Case Cover with Ear DIY Electronic Cable Project Box Enclosure Case 85x58x33mm,$0.53,"https://ae-pic-a1.aliexpress-media.com/kf/S9dac03a2eea94510aba26dc878c72fe8r.png_220x220.png_.avif,https://ae-pic-a1.aliexpress-media.com/kf/S234f545cf50647dcb38b8a9df156e29cm.jpg_220x220q75.jpg_.avif,https://ae-pic-a1.aliexpress-media.com/kf/Sb9dfa4f379b545eb9dc5820fa2f4aa1bw.jpg_220x220q75.jpg_.avif,https://ae-pic-a1.aliexpress-media.com/kf/Scc5395de7c8c4015b8714ca8555b765at.jpg_220x220q75.jpg_.avif,https://ae-pic-a1.aliexpress-media.com/kf/S3464a2d012284e84b62632cc235a97e8h.jpg_220x220q75.jpg_.avif","['High-concerned chemical', 'None', 'Model Number', 'Waterproof Wire Junction Boxes', 'Origin', 'Mainland China', 'Certification', 'CE', 'Material', 'Plastic', 'Size', '85x58x33mm', 'Feature 1', 'Compact product', 'Feature 2', 'Widely used']",https://www.aliexpress.us/item/3256806080928563.html?algo_pvid=4203d28a-712d-438f-8a92-adc6571563df&algo_exp_id=4203d28a-712d-438f-8a92-adc6571563df-20&pdp_ext_f=%7B%22order%22%3A%22274%22%2C%22eval%22%3A%221%22%2C%22fromPage%22%3A%22search%22%7D&pdp_npi=6%40dis%21USD%211.03%210.53%21%21%217.01%213.58%21%4021015b7d17772732418958499ecc76%2112000036534785957%21sea%21US%210%21ABX%211%210%21n_tag%3A-29910%3Bd%3Afc6dc3a5%3Bm03_new_user%3A-29895&curPageLogUid=uJmJ3Bt7s5eq&utparam-url=scene%3Asearch%7Cquery_from%3A%7Cx_object_id%3A1005006267243315%7C_p_origin_prod%3A
Cat6 Junction Box RJ45 Splices Connectors Unshielded Down Type Coupler for Cat6 Ethernet Cable Accessories,$2.73,"https://ae-pic-a1.aliexpress-media.com/kf/Sc5fd0e33b082482096d88da418ef5538S.jpg_220x220q75.jpg_.avif,https://ae-pic-a1.aliexpress-media.com/kf/Scd5a38aef63646659e62017b66cbf690N.jpg_220x220q75.jpg_.avif,https://ae-pic-a1.aliexpress-media.com/kf/S310bd24e47204529bef40caaa3fb001dm.jpg_220x220q75.jpg_.avif,https://ae-pic-a1.aliexpress-media.com/kf/S0340da21eaeb40b98b5593ab060f9560I.jpg_220x220q75.jpg_.avif,https://ae-pic-a1.aliexpress-media.com/kf/S820633d1bd9e4da58ccc0a9ca2fcf2f6l.jpg_220x220q75.jpg_.avif","['High-concerned chemical', 'None', 'Model Number', 'Junction Boxes', 'Brand Name', 'NoEnName_Null', 'Origin', 'Mainland China', 'Certification', 'NONE', 'Component', 'Plastic', 'Size', 'Approx.1.89inch']",https://www.aliexpress.us/item/3256809175684582.html?algo_pvid=4203d28a-712d-438f-8a92-adc6571563df&algo_exp_id=4203d28a-712d-438f-8a92-adc6571563df-12&pdp_ext_f=%7B%22order%22%3A%22109%22%2C%22eval%22%3A%221%22%2C%22fromPage%22%3A%22search%22%7D&pdp_npi=6%40dis%21USD%213.23%212.73%21%21%2121.94%2118.54%21%4021015b7d17772732418958499ecc76%2112000048867893031%21sea%21US%210%21ABX%211%210%21n_tag%3A-29910%3Bd%3Afc6dc3a5%3Bm03_new_user%3A-29895%3BpisId%3A5000000204886261&curPageLogUid=H6IvcW5zULXH&utparam-url=scene%3Asearch%7Cquery_from%3A%7Cx_object_id%3A1005009361999334%7C_p_origin_prod%3A
Factory Direct 10-80Pcs/Carton 1 Core Socket PTO Box Set Single Mode SC/APC For French FTTH prise fibre optique murale sc,$50.47,"https://ae-pic-a1.aliexpress-media.com/kf/S1f969c775ec9473f87212e07fa94c65cJ.jpg_220x220q75.jpg_.avif,https://ae-pic-a1.aliexpress-media.com/kf/Sfcc3f7308bf94019980ee17e0a51f2dae.jpg_220x220q75.jpg_.avif,https://ae-pic-a1.aliexpress-media.com/kf/S2b581dbbd9dc4a01abf4e0ba77f9e105h.jpg_220x220q75.jpg_.avif,https://ae-pic-a1.aliexpress-media.com/kf/S91a65e963a22461a8f6f0a6210776babW.jpg_220x220q75.jpg_.avif","['High-concerned chemical', 'None', 'Model Number', 'PTO', 'Brand Name', 'SKYLYNN', 'Origin', 'Mainland China', 'Certification', 'CE,RoHS', 'Connector Type', 'SC/APC', 'Color', 'White', 'Weight', '53g', 'Fiber Type of Pigtail', 'SM G657A2']",https://www.aliexpress.us/item/3256808186636688.html?algo_pvid=4203d28a-712d-438f-8a92-adc6571563df&algo_exp_id=4203d28a-712d-438f-8a92-adc6571563df-16&pdp_ext_f=%7B%22order%22%3A%2230%22%2C%22eval%22%3A%221%22%2C%22fromPage%22%3A%22search%22%7D&pdp_npi=6%40dis%21USD%2196.18%2150.47%21%21%21653.41%21342.91%21%4021015b7d17772732418958499ecc76%2112000044761008793%21sea%21US%210%21ABX%211%210%21n_tag%3A-29910%3Bd%3Afc6dc3a5%3Bm03_new_user%3A-29895%3BpisId%3A5000000204886261&curPageLogUid=sX5QxhVVpAGI&utparam-url=scene%3Asearch%7Cquery_from%3A%7Cx_object_id%3A1005008372951440%7C_p_origin_prod%3A
DIN Rai Rack 19 Inch Chassis Bracket Kit for Cabinet Industrial Switch Injector Chassis,$35.78,"https://ae-pic-a1.aliexpress-media.com/kf/Sdb52f63e32af45028ed268e57f37c223r.jpg_220x220q75.jpg_.avif,https://ae-pic-a1.aliexpress-media.com/kf/S2a00b2a7ff744525aa359b4590bba9e7h.jpg_220x220q75.jpg_.avif,https://ae-pic-a1.aliexpress-media.com/kf/S092786fe55e74d3f8acdb215fafa5721H.jpg_220x220q75.jpg_.avif,https://ae-pic-a1.aliexpress-media.com/kf/S783fb0f7534e43829c19390b6c85af23H.jpg_220x220q75.jpg_.avif,https://ae-pic-a1.aliexpress-media.com/kf/S434f4ac1bdec4ae585cac99ae899f87bL.jpg_220x220q75.jpg_.avif","['High-concerned chemical', 'None', 'Model Number', 'EKRU19InB', 'Brand Name', 'ElenkUN', 'Origin', 'Mainland China']",https://www.aliexpress.us/item/3256807676833455.html?algo_pvid=4203d28a-712d-438f-8a92-adc6571563df&algo_exp_id=4203d28a-712d-438f-8a92-adc6571563df-21&pdp_ext_f=%7B%22order%22%3A%2230%22%2C%22eval%22%3A%221%22%2C%22fromPage%22%3A%22search%22%7D&pdp_npi=6%40dis%21USD%2138.19%2135.78%21%21%21259.47%21243.10%21%4021015b7d17772732418958499ecc76%2112000042593168636%21sea%21US%210%21ABX%211%210%21n_tag%3A-29910%3Bd%3Afc6dc3a5%3Bm03_new_user%3A-29895%3BpisId%3A5000000204886261&curPageLogUid=kFoo1YrK1JOT&utparam-url=scene%3Asearch%7Cquery_from%3A%7Cx_object_id%3A1005007863148207%7C_p_origin_prod%3A
30PCS French PTO Box set 1-Pole Singlemode Receptacle PTO Singlemode SC/APC Receptacle Box for PTO Box Sets with SFR Logo,$64.44,"https://ae-pic-a1.aliexpress-media.com/kf/S2ed9c44cfde54e25a172e7f94f01bae6K.jpg_220x220q75.jpg_.avif,https://ae-pic-a1.aliexpress-media.com/kf/S37f1c877e2f74f17924d2eafb31fec99y.jpg_220x220q75.jpg_.avif,https://ae-pic-a1.aliexpress-media.com/kf/S67d7dd31032b4fbe928bdfe06e74196fb.jpg_220x220q75.jpg_.avif,https://ae-pic-a1.aliexpress-media.com/kf/S809c653f4d584b1e9741ebd1c0991b79D.jpg_220x220q75.jpg_.avif,https://ae-pic-a1.aliexpress-media.com/kf/S28dd5d96dad44a088c98e1b213d66ee1H.jpg_220x220q75.jpg_.avif","['High-concerned chemical', 'None', 'Model Number', 'SC/APC', 'Brand Name', 'SKYLYNN', 'Origin', 'Mainland China']",https://www.aliexpress.us/item/3256807313489946.html?algo_pvid=4203d28a-712d-438f-8a92-adc6571563df&algo_exp_id=4203d28a-712d-438f-8a92-adc6571563df-18&pdp_ext_f=%7B%22order%22%3A%2216%22%2C%22eval%22%3A%221%22%2C%22fromPage%22%3A%22search%22%7D&pdp_npi=6%40dis%21USD%21128.88%2164.44%21%21%21875.57%21437.78%21%4021015b7d17772732418958499ecc76%2112000041037245150%21sea%21US%210%21ABX%211%210%21n_tag%3A-29910%3Bd%3Afc6dc3a5%3Bm03_new_user%3A-29895&curPageLogUid=D7ecHtZ38KMv&utparam-url=scene%3Asearch%7Cquery_from%3A%7Cx_object_id%3A1005007499804698%7C_p_origin_prod%3A
"2 in 2 out fiber protection box, 2 core fiber drop cable fusion protection square box pp plastic white 50PCS",$28.05,"https://ae-pic-a1.aliexpress-media.com/kf/S1e0a01c16788484cafc4017f50b73a0eJ.jpg_220x220q75.jpg_.avif,https://ae-pic-a1.aliexpress-media.com/kf/Scb32b7a2d02c49e48d9b03fd7ba3d69er.jpg_220x220q75.jpg_.avif,https://ae-pic-a1.aliexpress-media.com/kf/S42320c547ac14e7fb704249bd5fe5fa4H.jpg_220x220q75.jpg_.avif,https://ae-pic-a1.aliexpress-media.com/kf/Se2b3717d69414609a3307e273684dd71o.jpg_220x220q75.jpg_.avif,https://ae-pic-a1.aliexpress-media.com/kf/S4ee5118a320f4cec8c212d93b505f53be.jpg_220x220q75.jpg_.avif","['Model Number', '2in2out', 'Brand Name', 'Joinwit', 'Origin', 'Mainland China', 'color', 'white', 'material', 'PP Plastic']",https://www.aliexpress.us/item/3256805034678586.html?algo_pvid=4203d28a-712d-438f-8a92-adc6571563df&algo_exp_id=4203d28a-712d-438f-8a92-adc6571563df-22&pdp_ext_f=%7B%22order%22%3A%2214%22%2C%22eval%22%3A%221%22%2C%22fromPage%22%3A%22search%22%7D&pdp_npi=6%40dis%21USD%2128.55%2128.05%21%21%21193.96%21190.56%21%4021015b7d17772732418958499ecc76%2112000032240251518%21sea%21US%210%21ABX%211%210%21n_tag%3A-29910%3Bd%3Afc6dc3a5%3Bm03_new_user%3A-29895%3BpisId%3A5000000204886261&curPageLogUid=90UVhph9k6vR&utparam-url=scene%3Asearch%7Cquery_from%3A%7Cx_object_id%3A1005005220993338%7C_p_origin_prod%3A
RJ45 Cat6 Junction Box For Ethernet Networking Cable Connection Accessories 87hC,$6.17,"https://ae-pic-a1.aliexpress-media.com/kf/S21412ad8107949cc9ee4e14013f320a5M.jpg_220x220q75.jpg_.avif,https://ae-pic-a1.aliexpress-media.com/kf/S542160485a82499baacd50c5332e437fR.jpg_220x220q75.jpg_.avif,https://ae-pic-a1.aliexpress-media.com/kf/S74f53165c049403f9850042faf60a72ci.jpg_220x220q75.jpg_.avif,https://ae-pic-a1.aliexpress-media.com/kf/S9f446a5379494f54a16e3e89f033d60fa.jpg_220x220q75.jpg_.avif,https://ae-pic-a1.aliexpress-media.com/kf/Sbee0781dd50545eab239024a7f286c49o.jpg_220x220q75.jpg_.avif","['High-concerned chemical', 'None', 'Model Number', 'T5UE4NB1404996', 'Brand Name', 'bcase', 'Origin', 'Mainland China', 'Certification', 'NONE']",https://www.aliexpress.us/item/3256808964930117.html?algo_pvid=4203d28a-712d-438f-8a92-adc6571563df&algo_exp_id=4203d28a-712d-438f-8a92-adc6571563df-31&pdp_ext_f=%7B%22order%22%3A%223%22%2C%22eval%22%3A%221%22%2C%22fromPage%22%3A%22search%22%7D&pdp_npi=6%40dis%21USD%219.07%216.17%21%21%219.07%216.17%21%4021015b7d17772732418958499ecc76%2112000048106000862%21sea%21US%210%21ABX%211%210%21n_tag%3A-29910%3Bd%3Afc6dc3a5%3Bm03_new_user%3A-29895&curPageLogUid=qxoEk2CbajvD&utparam-url=scene%3Asearch%7Cquery_from%3A%7Cx_object_id%3A1005009151244869%7C_p_origin_prod%3A
10pc Arc Wedge Anchor High Tension Cable Clamp Support Telephone Drop Wire At Span Clamps For for Flat Drop Cable,$13.50,"https://ae-pic-a1.aliexpress-media.com/kf/Sea9253bf94364d1aad5f9de9553f42bd5.jpg_220x220q75.jpg_.avif,https://ae-pic-a1.aliexpress-media.com/kf/S04d52fda1699428496b7ad90f66eb828e.jpg_220x220q75.jpg_.avif,https://ae-pic-a1.aliexpress-media.com/kf/S8f7bedc1e7b44408a66f87cad56be18aZ.jpg_220x220q75.jpg_.avif,https://ae-pic-a1.aliexpress-media.com/kf/Sb96d4749b4bb48418b7e77a110335240k.jpg_220x220q75.jpg_.avif,https://ae-pic-a1.aliexpress-media.com/kf/Sf878553043b741d896fbd9040a5994efv.jpg_220x220q75.jpg_.avif","['High-concerned chemical', 'None', 'Model Number', 'High Tension Cable Clamp', 'Brand Name', 'CDRORE', 'Origin', 'Mainland China', 'Certification', 'CE,RoHS', 'Product name', 'Arc Drop Wire Clamp', 'Usage', 'Electrical Cable Fitting', 'Structure', 'Fiber Optic Cable Clamp', 'Type', 'Easy Install', 'Color', 'Silver', 'Material', 'Metal', 'Ref. Span', '≤50m', 'Tensile Resistance', '<200N', 'Quantity', '10pcs']",https://www.aliexpress.us/item/3256804892666146.html?algo_pvid=4203d28a-712d-438f-8a92-adc6571563df&algo_exp_id=4203d28a-712d-438f-8a92-adc6571563df-23&pdp_ext_f=%7B%22order%22%3A%222%22%2C%22eval%22%3A%221%22%2C%22fromPage%22%3A%22search%22%7D&pdp_npi=6%40dis%21USD%2113.50%2113.50%21%21%2113.50%2113.50%21%4021015b7d17772732418958499ecc76%2112000031558428144%21sea%21US%210%21ABX%211%210%21n_tag%3A-29910%3Bd%3Afc6dc3a5%3Bm03_new_user%3A-29895&curPageLogUid=lwkUwrKMgd92&utparam-url=scene%3Asearch%7Cquery_from%3A%7Cx_object_id%3A1005005078980898%7C_p_origin_prod%3A
Optical fiber splitter box 1 minute 16 split box 24-core optical splitter box plug-in FTTH wall-mounted pole plug-in card,$12.80,"https://ae-pic-a1.aliexpress-media.com/kf/Sc7052f7947364597bf6607345378ab9dP.jpg_220x220q75.jpg_.avif,https://ae-pic-a1.aliexpress-media.com/kf/Se84dccd664e1498a8e7a32323d67f07ep.jpg_220x220q75.jpg_.avif,https://ae-pic-a1.aliexpress-media.com/kf/Sb64392db13554d4b9a1923a43cb025d5n.jpg_220x220q75.jpg_.avif,https://ae-pic-a1.aliexpress-media.com/kf/S6735ca9c86ef4f9e9e1184e013be21a9o.jpg_220x220q75.jpg_.avif,https://ae-pic-a1.aliexpress-media.com/kf/S46dd102619dd4e6fb97b0222967cde1d9.jpg_220x220q75.jpg_.avif","['High-concerned chemical', 'None', 'Model Number', 'Optical fiber splitter box', 'Brand Name', 'SMTE', 'Origin', 'Mainland China', 'Certification', 'CE,FCC,RoHS,UL,pse', 'Product model', '1 to 16 split box or 24-core', 'Option 1', 'FDB-1:16', 'Option 2', 'FDB-24S', 'Product weight', '0.8kg', 'Product size', '270*235*90MM']",https://www.aliexpress.us/item/3256808228057381.html?algo_pvid=4203d28a-712d-438f-8a92-adc6571563df&algo_exp_id=4203d28a-712d-438f-8a92-adc6571563df-24&pdp_ext_f=%7B%22order%22%3A%221%22%2C%22eval%22%3A%221%22%2C%22fromPage%22%3A%22search%22%7D&pdp_npi=6%40dis%21USD%2112.80%2112.80%21%21%2112.80%2112.80%21%4021015b7d17772732418958499ecc76%2112000044950452399%21sea%21US%210%21ABX%211%210%21n_tag%3A-29910%3Bd%3Afc6dc3a5%3Bm03_new_user%3A-29895&curPageLogUid=OBdhwypLMYL1&utparam-url=scene%3Asearch%7Cquery_from%3A%7Cx_object_id%3A1005008414372133%7C_p_origin_prod%3A
"Factory Price Fiber Optic Cable Terminal Box, China Manufacturer CTO Box Optical Fiber Distribution Box",$9.18,"https://ae-pic-a1.aliexpress-media.com/kf/S6916eed118334531b3f0f4556424ee5fE.jpg_220x220q75.jpg_.avif,https://ae-pic-a1.aliexpress-media.com/kf/Sf0fed51971cb4b30adf80111f4cef356t.jpg_220x220q75.jpg_.avif,https://ae-pic-a1.aliexpress-media.com/kf/S8aa1215b91554bcdabe127abd4649910D.jpg_220x220q75.jpg_.avif,https://ae-pic-a1.aliexpress-media.com/kf/S84842295333a44e3bcc589138fbc2981w.jpg_220x220q75.jpg_.avif,https://ae-pic-a1.aliexpress-media.com/kf/Sa59030bce59145e3a0e8f536c3ba1fd4Q.jpg_220x220q75.jpg_.avif","['High-concerned chemical', 'None', 'Model Number', 'Distribution Box', 'Brand Name', 'OPELINK', 'Origin', 'Mainland China']",https://www.aliexpress.us/item/3256808118676981.html?algo_pvid=4203d28a-712d-438f-8a92-adc6571563df&algo_exp_id=4203d28a-712d-438f-8a92-adc6571563df-25&pdp_ext_f=%7B%22order%22%3A%221%22%2C%22eval%22%3A%221%22%2C%22fromPage%22%3A%22search%22%7D&pdp_npi=6%40dis%21USD%219.18%219.18%21%21%2162.34%2162.34%21%4021015b7d17772732418958499ecc76%2112000045655648457%21sea%21US%210%21ABX%211%210%21n_tag%3A-29910%3Bd%3Afc6dc3a5%3Bm03_new_user%3A-29895&curPageLogUid=7ERPslrIbwhJ&utparam-url=scene%3Asearch%7Cquery_from%3A%7Cx_object_id%3A1005008304991733%7C_p_origin_prod%3A
Fiber Optic Flat Cable Drop Wire Tension Clamp Wire Rope Cable Clamp Support Telephone Drop Wire At Span Clamps And Drive Hooks,$10.50/lot,"https://ae-pic-a1.aliexpress-media.com/kf/S441552fe4e044cbc8512357868e2ab14R.jpg_220x220q75.jpg_.avif,https://ae-pic-a1.aliexpress-media.com/kf/Sc54be3ff5b604cf1ba0535881d58f4728.jpg_220x220q75.jpg_.avif,https://ae-pic-a1.aliexpress-media.com/kf/S5b5ad51ebaff42ab92ff717e52bbddf0Z.jpg_220x220q75.jpg_.avif,https://ae-pic-a1.aliexpress-media.com/kf/S06585253a02e4320a23f7dd95f0423efZ.jpg_220x220q75.jpg_.avif,https://ae-pic-a1.aliexpress-media.com/kf/S43f1bad9ad8f41cdb69ca268eb3fdb5f3.jpg_220x220q75.jpg_.avif","['High-concerned chemical', 'None', 'Model Number', 'Wire Tension Clamp', 'Brand Name', 'CDRORE', 'Origin', 'Mainland China', 'Certification', 'CE,RoHS', 'Product name', 'Plastic Dead End Drop Wire Tension Clamp for FTTH Flat Drop Cable', 'Type', 'Flat fiber optic cable', 'Size', '23.5cm', 'Application', 'ADSS OPGW Cables', 'Material', 'Stainless Steel, Plastic', 'Usage', 'Pipe Clamp', 'Structure', 'Suspension Clamp', 'Cable Size', '4x 8mm Max.', 'Range', '<70m', 'Dimensions', 'Customized Sizes Acceptable', 'Function', 'Installation,Fiber optic cable fastening', 'Quantity', '10pcs']",https://www.aliexpress.us/item/3256804892821552.html?algo_pvid=4203d28a-712d-438f-8a92-adc6571563df&algo_exp_id=4203d28a-712d-438f-8a92-adc6571563df-26&pdp_ext_f=%7B%22order%22%3A%221%22%2C%22eval%22%3A%221%22%2C%22fromPage%22%3A%22search%22%7D&pdp_npi=6%40dis%21USD%2110.50%2110.50%21%21%2110.50%2110.50%21%4021015b7d17772732418958499ecc76%2112000031558607068%21sea%21US%210%21ABX%211%210%21n_tag%3A-29910%3Bd%3Afc6dc3a5%3Bm03_new_user%3A-29895&curPageLogUid=7cCf3HYL7NBl&utparam-url=scene%3Asearch%7Cquery_from%3A%7Cx_object_id%3A1005005079136304%7C_p_origin_prod%3A
Gcabling Fibre Optique Equipment Splice Closure NAP Box Outdoor IP68 Enclosure 288 Core Fiber Optic Terminal Box,$75.83,"https://ae-pic-a1.aliexpress-media.com/kf/Sfac77d4a16974f13ac4fdb0cecd9c9d5c.jpg_220x220q75.jpg_.avif,https://ae-pic-a1.aliexpress-media.com/kf/Sf30f6e39eb314787895bc350d610a88e3.jpg_220x220q75.jpg_.avif,https://ae-pic-a1.aliexpress-media.com/kf/Sd2e486df59ad43b692828e1115d98354d.jpg_220x220q75.jpg_.avif,https://ae-pic-a1.aliexpress-media.com/kf/S25dcbdaee89c49329729cfd73a8ec656J.jpg_220x220q75.jpg_.avif,https://ae-pic-a1.aliexpress-media.com/kf/S5e38c5ceb9fe465a9a2c89548de0e929p.jpg_220x220q75.jpg_.avif","['High-concerned chemical', 'None', 'Model Number', '22112-029-1', 'Brand Name', 'GCABLING', 'Origin', 'Mainland China', 'Port', '1 oval + 3 port', 'Waterproof level', 'IP68', 'Capacity', '288C maximum', 'Applicable wire diameter', 'up to 18mm(optical cable inlet and outlet)', 'Size', '385*245*130mm', 'Material', 'PP+GF', 'operating temperature', '-40℃~80℃']",https://www.aliexpress.us/item/3256809699263766.html?algo_pvid=4203d28a-712d-438f-8a92-adc6571563df&algo_exp_id=4203d28a-712d-438f-8a92-adc6571563df-0&pdp_ext_f=%7B%22order%22%3A%22-1%22%2C%22eval%22%3A%221%22%2C%22fromPage%22%3A%22search%22%7D&pdp_npi=6%40dis%21USD%2175.83%2175.83%21%21%21515.16%21515.16%21%4021015b7d17772732418958499ecc76%2112000050478374530%21sea%21US%210%21ABX%211%210%21n_tag%3A-29910%3Bd%3Afc6dc3a5%3Bm03_new_user%3A-29895&curPageLogUid=FIX5zysYBz9p&utparam-url=scene%3Asearch%7Cquery_from%3A%7Cx_object_id%3A1005009885578518%7C_p_origin_prod%3A
Gcabling Ftth Box Horizontal Contact Closure Over Fiber 96 Core Fiber Optic Splice Closure,$65.16,"https://ae-pic-a1.aliexpress-media.com/kf/S2537434037da439689c0e4cfc6588726N.jpg_220x220q75.jpg_.avif,https://ae-pic-a1.aliexpress-media.com/kf/Sab8ac899f7324cdd99f2c60e259c57fbJ.jpg_220x220q75.jpg_.avif,https://ae-pic-a1.aliexpress-media.com/kf/Sd528f9f5289049ecae501e2cd61e7aae3.jpg_220x220q75.jpg_.avif,https://ae-pic-a1.aliexpress-media.com/kf/Sef3786d88eda45c0a90a52fe5873d8bcg.jpg_220x220q75.jpg_.avif,https://ae-pic-a1.aliexpress-media.com/kf/S9cd7448b7af54672aaa1abd2de6d6defI.jpg_220x220q75.jpg_.avif","['High-concerned chemical', 'None', 'Model Number', '22135-029-1', 'Brand Name', 'GCABLING', 'Origin', 'Mainland China', 'Ports for fiber couplers (Max.)', '24 port SC simplex couplers', 'Capacity', '96C', 'Applicable wire diameter', 'Max18mm ;2*3mm(for drop cable)', 'Size', '385*245*130mm', 'Material', 'PP+GF', 'operating temperature', '-40℃~80℃', 'Color', 'Black']",https://www.aliexpress.us/item/3256809699243719.html?algo_pvid=4203d28a-712d-438f-8a92-adc6571563df&algo_exp_id=4203d28a-712d-438f-8a92-adc6571563df-1&pdp_ext_f=%7B%22order%22%3A%22-1%22%2C%22eval%22%3A%221%22%2C%22fromPage%22%3A%22search%22%7D&pdp_npi=6%40dis%21USD%2165.16%2165.16%21%21%21442.65%21442.65%21%4021015b7d17772732418958499ecc76%2112000050478239624%21sea%21US%210%21ABX%211%210%21n_tag%3A-29910%3Bd%3Afc6dc3a5%3Bm03_new_user%3A-29895&curPageLogUid=WvScJdslNfOh&utparam-url=scene%3Asearch%7Cquery_from%3A%7Cx_object_id%3A1005009885558471%7C_p_origin_prod%3A
Gcabling Manufacturing Supplies 8fibers Fiber Optical Joint Box,$151.67,"https://ae-pic-a1.aliexpress-media.com/kf/S41a9042b631d43efb0ed5a614ad449dd0.jpg_220x220q75.jpg_.avif,https://ae-pic-a1.aliexpress-media.com/kf/Sb70cc511962e4c94be349e02ed1fd002e.jpg_220x220q75.jpg_.avif,https://ae-pic-a1.aliexpress-media.com/kf/Sdf5f0b82442d4909931e1c602d919313H.jpg_220x220q75.jpg_.avif,https://ae-pic-a1.aliexpress-media.com/kf/Sd51ae399cb414098bb70b69f74045835g.jpg_220x220q75.jpg_.avif,https://ae-pic-a1.aliexpress-media.com/kf/Se0ae9eb5c08d4b0886d5a47813fb8a50e.jpg_220x220q75.jpg_.avif","['High-concerned chemical', 'None', 'Model Number', '22361-029-3', 'Brand Name', 'GCABLING', 'Origin', 'Mainland China', 'Port', '1 oval + 3 port', 'Waterproof level', 'IP68', 'Capacity', '8Core', 'Applicable wire diameter', '5-14mm', 'Size', '314.5x120x84.5mm', 'Color', 'Black', 'Operating temp', '-40℃~80℃', 'Material', 'ABS']",https://www.aliexpress.us/item/3256809699222557.html?algo_pvid=4203d28a-712d-438f-8a92-adc6571563df&algo_exp_id=4203d28a-712d-438f-8a92-adc6571563df-2&pdp_ext_f=%7B%22order%22%3A%22-1%22%2C%22eval%22%3A%221%22%2C%22fromPage%22%3A%22search%22%7D&pdp_npi=6%40dis%21USD%21151.67%21151.67%21%21%211030.38%211030.38%21%4021015b7d17772732418958499ecc76%2112000050478245575%21sea%21US%210%21ABX%211%210%21n_tag%3A-29910%3Bd%3Afc6dc3a5%3Bm03_new_user%3A-29895&curPageLogUid=YUc5t7Z4npGp&utparam-url=scene%3Asearch%7Cquery_from%3A%7Cx_object_id%3A1005009885537309%7C_p_origin_prod%3A
Gcabling Fiber Closure fiber optic termination box 96fibers with 4*24-tray IP67 IP68 Fiber Optic Cable Joint Splice Closure,$45.63,"https://ae-pic-a1.aliexpress-media.com/kf/Sb068b4b98b204904bdbf4ccaf1d3dee5b.jpg_220x220q75.jpg_.avif,https://ae-pic-a1.aliexpress-media.com/kf/Saa677feb2d314929b83adb27ce1a1701P.jpg_220x220q75.jpg_.avif,https://ae-pic-a1.aliexpress-media.com/kf/S3202c724a58146889af31a3c7ce86770d.jpg_220x220q75.jpg_.avif,https://ae-pic-a1.aliexpress-media.com/kf/S617ea6e4247d4b558c0aa5ee43f72e48w.jpg_220x220q75.jpg_.avif","['High-concerned chemical', 'None', 'Model Number', '22246-029-1', 'Brand Name', 'GCABLING', 'Origin', 'Mainland China', 'Port', '1 oval + 4 port', 'Waterproof level', 'IP68', 'Capacity', '96 Core', 'Applicable wire diameter', '8-22mm', 'Size', '500*200mm', 'Material', 'PP+GF', 'Color', 'Black']",https://www.aliexpress.us/item/3256809699197519.html?algo_pvid=4203d28a-712d-438f-8a92-adc6571563df&algo_exp_id=4203d28a-712d-438f-8a92-adc6571563df-3&pdp_ext_f=%7B%22order%22%3A%22-1%22%2C%22eval%22%3A%221%22%2C%22fromPage%22%3A%22search%22%7D&pdp_npi=6%40dis%21USD%2145.63%2145.63%21%21%21310.02%21310.02%21%4021015b7d17772732418958499ecc76%2112000050478223702%21sea%21US%210%21ABX%211%210%21n_tag%3A-29910%3Bd%3Afc6dc3a5%3Bm03_new_user%3A-29895&curPageLogUid=2uPcbOkRAyDp&utparam-url=scene%3Asearch%7Cquery_from%3A%7Cx_object_id%3A1005009885512271%7C_p_origin_prod%3A
Gcabling 1/2 12 Core Cajas Nap Preconectorizadas Fibra Optic Distributionoptical Fiber Terminal Box,$34.96,"https://ae-pic-a1.aliexpress-media.com/kf/Safccc522eb6f4fb89712f193612b2d44E.jpg_220x220q75.jpg_.avif,https://ae-pic-a1.aliexpress-media.com/kf/S9da75d8b81e44dcca743f3740d575c56n.jpg_220x220q75.jpg_.avif,https://ae-pic-a1.aliexpress-media.com/kf/S84d30b768e2249bda61539c701586506p.jpg_220x220q75.jpg_.avif,https://ae-pic-a1.aliexpress-media.com/kf/S6caf61c9040a4052a7e8957bfc30a1c2F.jpg_220x220q75.jpg_.avif,https://ae-pic-a1.aliexpress-media.com/kf/Sd9bb647a30754a82be8335425cf00eeeb.jpg_220x220q75.jpg_.avif","['High-concerned chemical', 'None', 'Model Number', '22321-029-1', 'Brand Name', 'GCABLING', 'Origin', 'Mainland China', 'Protect level', 'IP65', 'Capacity', '12 core', 'Optical cable import and export', 'Max 12 mm', 'Size of box', '220*210*50mm', 'Color', 'gray', 'Material', 'ABS / PP with fiber', 'Installation', 'for Wall Mount or Pole', 'Standard', 'IEC 60529,ISO 20653']",https://www.aliexpress.us/item/3256809698932395.html?algo_pvid=4203d28a-712d-438f-8a92-adc6571563df&algo_exp_id=4203d28a-712d-438f-8a92-adc6571563df-4&pdp_ext_f=%7B%22order%22%3A%22-1%22%2C%22eval%22%3A%221%22%2C%22fromPage%22%3A%22search%22%7D&pdp_npi=6%40dis%21USD%2134.96%2134.96%21%21%21237.50%21237.50%21%4021015b7d17772732418958499ecc76%2112000050477503714%21sea%21US%210%21ABX%211%210%21n_tag%3A-29910%3Bd%3Afc6dc3a5%3Bm03_new_user%3A-29895&curPageLogUid=DOXABtuF2wCQ&utparam-url=scene%3Asearch%7Cquery_from%3A%7Cx_object_id%3A1005009885247147%7C_p_origin_prod%3A
Gcabling 8-port-ftth-fiber-termination-box Ip68 Ftth Caja 1x8 1*8 Nap Box 1*8 Aerea Preconectorizada 1x8 Doble Bandeja,$30.18,"https://ae-pic-a1.aliexpress-media.com/kf/Scbd6da1217bf448782fcc182609e40b0j.jpg_220x220q75.jpg_.avif,https://ae-pic-a1.aliexpress-media.com/kf/S2fc375f3679e4e2fba283fc5d3a5e95fh.jpg_220x220q75.jpg_.avif,https://ae-pic-a1.aliexpress-media.com/kf/S8dde6b1debb7450d97493921b9270d4fm.jpg_220x220q75.jpg_.avif,https://ae-pic-a1.aliexpress-media.com/kf/S4f570d07d89e4913bf87d13cbb5814day.jpg_220x220q75.jpg_.avif,https://ae-pic-a1.aliexpress-media.com/kf/S8971bde56b3c4897a077aed06d52998cS.jpg_220x220q75.jpg_.avif","['High-concerned chemical', 'None', 'Model Number', '22317-029-1-B', 'Brand Name', 'GCABLING', 'Origin', 'Mainland China', 'Protect level', 'IP65', 'Capacity', '8 core', 'Optical cable import and export', 'Max 6-12 mm', 'Leather cable import and export', '2*3mm', 'Size of box', '255*200*55mm', 'Color', 'black', 'Material', 'ABS / PP with fiber', 'Installation', 'for Wall Mount or Pole', 'Standard', 'IEC 60529,ISO 20653']",https://www.aliexpress.us/item/3256809698910416.html?algo_pvid=4203d28a-712d-438f-8a92-adc6571563df&algo_exp_id=4203d28a-712d-438f-8a92-adc6571563df-5&pdp_ext_f=%7B%22order%22%3A%22-1%22%2C%22eval%22%3A%221%22%2C%22fromPage%22%3A%22search%22%7D&pdp_npi=6%40dis%21USD%2130.18%2130.18%21%21%21205.06%21205.06%21%4021015b7d17772732418958499ecc76%2112000050477451959%21sea%21US%210%21ABX%211%210%21n_tag%3A-29910%3Bd%3Afc6dc3a5%3Bm03_new_user%3A-29895&curPageLogUid=ZvWb1rsCkguX&utparam-url=scene%3Asearch%7Cquery_from%3A%7Cx_object_id%3A1005009885225168%7C_p_origin_prod%3A
Gcabling Fat 1x16 16-core Ftth Fiber Optic Splicing Caja Nap 16 Puertos Distribution Box Mulit Out,$60.73,https://ae-pic-a1.aliexpress-media.com/kf/S5546a5a07f2f435993ebfed0ff9d9ac7i.jpg_220x220q75.jpg_.avif,"['High-concerned chemical', 'None', 'Model Number', '22368-029-1', 'Brand Name', 'GCABLING', 'Origin', 'Mainland China', 'Protect level', 'IP67', 'Capacity', '16 core', 'Optical cable import and export', 'Max 6-12 mm', 'Leather cable import and export', '2*3mm', 'Size of box', '285*215*115mm', 'Color', 'Grey', 'Material', 'ABS', 'Operating temp', '-40℃~80℃', 'Standard', 'IEC 60529,ISO 20653']",https://www.aliexpress.us/item/3256809698814704.html?algo_pvid=4203d28a-712d-438f-8a92-adc6571563df&algo_exp_id=4203d28a-712d-438f-8a92-adc6571563df-6&pdp_ext_f=%7B%22order%22%3A%22-1%22%2C%22eval%22%3A%221%22%2C%22fromPage%22%3A%22search%22%7D&pdp_npi=6%40dis%21USD%2160.73%2160.73%21%21%21412.58%21412.58%21%4021015b7d17772732418958499ecc76%2112000050477575341%21sea%21US%210%21ABX%211%210%21n_tag%3A-29910%3Bd%3Afc6dc3a5%3Bm03_new_user%3A-29895&curPageLogUid=yI1RL6zMkXN8&utparam-url=scene%3Asearch%7Cquery_from%3A%7Cx_object_id%3A1005009885129456%7C_p_origin_prod%3A
Gcabling 4C 6C Fiber Optic Junction Splice Box Outdoor 4 Core FTTH Fiber Optics Terminal Termination Splitter Box 6 Core DIO Box,$19.86,"https://ae-pic-a1.aliexpress-media.com/kf/S2ef927aef85846e2b8c97dc17c1538bbw.jpg_220x220q75.jpg_.avif,https://ae-pic-a1.aliexpress-media.com/kf/Sf9ad34ffefdf4e9084bfefec7e39ed3aQ.jpg_220x220q75.jpg_.avif,https://ae-pic-a1.aliexpress-media.com/kf/Sa58f5034c60842d3a6a1a3111212109eL.jpg_220x220q75.jpg_.avif,https://ae-pic-a1.aliexpress-media.com/kf/S7895d142b1d34973a280ec7fb9ffb1eaH.jpg_220x220q75.jpg_.avif","['High-concerned chemical', 'None', 'Model Number', '22338-029-1/22339-029-1', 'Brand Name', 'GCABLING', 'Origin', 'Mainland China', 'Protect level', 'IP45/IP65', 'Capacity', '6 core', 'Optical cable import and export', 'Max 9/15mm', 'Size of box', '197*145*42mm / 197*145*40mm', 'Color', 'White', 'Material', 'ABS / PP with fiber', 'Installation', 'for Wall Mount or Pole', 'Standard', 'IEC 60529,ISO 20653', 'Leather cable import and export', '2*3mm']",https://www.aliexpress.us/item/3256809698716642.html?algo_pvid=4203d28a-712d-438f-8a92-adc6571563df&algo_exp_id=4203d28a-712d-438f-8a92-adc6571563df-7&pdp_ext_f=%7B%22order%22%3A%22-1%22%2C%22eval%22%3A%221%22%2C%22fromPage%22%3A%22search%22%7D&pdp_npi=6%40dis%21USD%2119.86%2119.86%21%21%21134.93%21134.93%21%4021015b7d17772732418958499ecc76%2112000050477207443%21sea%21US%210%21ABX%211%210%21n_tag%3A-29910%3Bd%3Afc6dc3a5%3Bm03_new_user%3A-29895&curPageLogUid=l0WlfKskAcDu&utparam-url=scene%3Asearch%7Cquery_from%3A%7Cx_object_id%3A1005009885031394%7C_p_origin_prod%3A
Gcabling Fibra Optica FTTH 6 8 Port 12 Core DIN Rail Patch Panel Metal Mini ODF Fiber Distribution Box Fiber Optic Terminal Box,$37.91,"https://ae-pic-a1.aliexpress-media.com/kf/Sc209df65a402444e865bba013bc0d481H.jpg_220x220q75.jpg_.avif,https://ae-pic-a1.aliexpress-media.com/kf/S7ceac9b003a64790a0bb7464f92cf978x.jpg_220x220q75.jpg_.avif,https://ae-pic-a1.aliexpress-media.com/kf/S35955ddd9710429aa13a1cdf861f81f2p.jpg_220x220q75.jpg_.avif,https://ae-pic-a1.aliexpress-media.com/kf/S686bdee2cdd64f4fb0a4338e3c5d385aK.jpg_220x220q75.jpg_.avif,https://ae-pic-a1.aliexpress-media.com/kf/Sdf35bfce870749f08b9102ad8a78257am.jpg_220x220q75.jpg_.avif","['High-concerned chemical', 'None', 'Model Number', '22409-029-1/22409-029-2', 'Brand Name', 'GCABLING', 'Origin', 'Mainland China', 'Capacity', '6/8 core', 'Optical cable import and export', 'Max 12 mm', 'Size of box', '142*126*40mm', 'Material', 'SPCC steel 1.0mm', 'For connector type', 'SC']",https://www.aliexpress.us/item/3256809698714736.html?algo_pvid=4203d28a-712d-438f-8a92-adc6571563df&algo_exp_id=4203d28a-712d-438f-8a92-adc6571563df-8&pdp_ext_f=%7B%22order%22%3A%22-1%22%2C%22eval%22%3A%221%22%2C%22fromPage%22%3A%22search%22%7D&pdp_npi=6%40dis%21USD%2137.91%2137.91%21%21%21257.54%21257.54%21%4021015b7d17772732418958499ecc76%2112000050782168120%21sea%21US%210%21ABX%211%210%21n_tag%3A-29910%3Bd%3Afc6dc3a5%3Bm03_new_user%3A-29895&curPageLogUid=2akg0YCkRvIW&utparam-url=scene%3Asearch%7Cquery_from%3A%7Cx_object_id%3A1005009885029488%7C_p_origin_prod%3A
Gcabling 6 Core ODN FDB Nap Box Terminal Fiber Optic Termination Splice Distribution Ftth Splitter Box,$22.11,"https://ae-pic-a1.aliexpress-media.com/kf/Sf9ad34ffefdf4e9084bfefec7e39ed3aQ.jpg_220x220q75.jpg_.avif,https://ae-pic-a1.aliexpress-media.com/kf/S14b4fbf095a34543a9e319fd60e5daea7.jpg_220x220q75.jpg_.avif,https://ae-pic-a1.aliexpress-media.com/kf/S7895d142b1d34973a280ec7fb9ffb1eaH.jpg_220x220q75.jpg_.avif,https://ae-pic-a1.aliexpress-media.com/kf/S328f37c871b842e4be2bc876f98a247d2.jpg_220x220q75.jpg_.avif,https://ae-pic-a1.aliexpress-media.com/kf/Sba3ee128caa148539247595fb9b625272.jpg_220x220q75.jpg_.avif","['High-concerned chemical', 'None', 'Model Number', '22339-029-1', 'Brand Name', 'GCABLING', 'Origin', 'Mainland China', 'Protect level', 'IP65', 'Capacity', '6 cores for drop cable', 'Support cable enter', '5-15mm', 'Size of box', '197*145*42mm', 'Material', 'ABS or ABS+ PC', 'Installation', 'for Wall Mount or Pole', 'Standard', 'IEC 60529,ISO 20653']",https://www.aliexpress.us/item/3256809698682129.html?algo_pvid=4203d28a-712d-438f-8a92-adc6571563df&algo_exp_id=4203d28a-712d-438f-8a92-adc6571563df-9&pdp_ext_f=%7B%22order%22%3A%22-1%22%2C%22eval%22%3A%221%22%2C%22fromPage%22%3A%22search%22%7D&pdp_npi=6%40dis%21USD%2122.11%2122.11%21%21%21150.22%21150.22%21%4021015b7d17772732418958499ecc76%2112000050477283559%21sea%21US%210%21ABX%211%210%21n_tag%3A-29910%3Bd%3Afc6dc3a5%3Bm03_new_user%3A-29895&curPageLogUid=PBBVUZl0PjiJ&utparam-url=scene%3Asearch%7Cquery_from%3A%7Cx_object_id%3A1005009884996881%7C_p_origin_prod%3A
Gcabling FTTH 8 Port Core Fiber Optic Patch Cord Termination Kit Access Terminal Optical Distribution Box,$17.64,"https://ae-pic-a1.aliexpress-media.com/kf/S54018cd77784474e9e454e46f5baad78i.jpg_220x220q75.jpg_.avif,https://ae-pic-a1.aliexpress-media.com/kf/S3fec179d2aab4b79a6a2a593aa6abdec6.jpg_220x220q75.jpg_.avif,https://ae-pic-a1.aliexpress-media.com/kf/S63f7805565fa4e0987f971edf3c08c2fS.jpg_220x220q75.jpg_.avif,https://ae-pic-a1.aliexpress-media.com/kf/S36e3857a8b3b4c4f8a49b19fe70db76ea.jpg_220x220q75.jpg_.avif,https://ae-pic-a1.aliexpress-media.com/kf/S657db8ff1d584d92a14430e9023b599f4.jpg_220x220q75.jpg_.avif","['High-concerned chemical', 'None', 'Model Number', '22410-029-1', 'Brand Name', 'GCABLING', 'Origin', 'Mainland China', 'for Connector', 'SC simplex, LC duplex', 'Size of box', '278*125*36mm', 'Material', 'Engineering plastic ABS']",https://www.aliexpress.us/item/3256809698652997.html?algo_pvid=4203d28a-712d-438f-8a92-adc6571563df&algo_exp_id=4203d28a-712d-438f-8a92-adc6571563df-10&pdp_ext_f=%7B%22order%22%3A%22-1%22%2C%22eval%22%3A%221%22%2C%22fromPage%22%3A%22search%22%7D&pdp_npi=6%40dis%21USD%2117.64%2117.64%21%21%21119.85%21119.85%21%4021015b7d17772732418958499ecc76%2112000050477242163%21sea%21US%210%21ABX%211%210%21n_tag%3A-29910%3Bd%3Afc6dc3a5%3Bm03_new_user%3A-29895&curPageLogUid=YA0i0fGOgruQ&utparam-url=scene%3Asearch%7Cquery_from%3A%7Cx_object_id%3A1005009884967749%7C_p_origin_prod%3A
8 Core NAP Box Optical Splitter 1: 8 Terminal Box Fiber Optic Distribution Box Outdoor Waterproof 1:8 Cassette Distribution Box,$19.40,"https://ae-pic-a1.aliexpress-media.com/kf/S8dac8e6876b84b21ab19e6b45290e581L.jpg_220x220q75.jpg_.avif,https://ae-pic-a1.aliexpress-media.com/kf/S44369f766793411db55762632e8f4b715.jpg_220x220q75.jpg_.avif,https://ae-pic-a1.aliexpress-media.com/kf/S2fbbce0705844314a9da9ad21f820369x.jpg_220x220q75.jpg_.avif,https://ae-pic-a1.aliexpress-media.com/kf/Se55ff529d66d4f2ab4365c63c5fd367c9.jpg_220x220q75.jpg_.avif,https://ae-pic-a1.aliexpress-media.com/kf/S6151d658a12b49c7b3f928474be428ddR.jpg_220x220q75.jpg_.avif","['High-concerned chemical', 'None', 'Model Number', 'Distribution Box', 'Brand Name', 'CAILI', 'Origin', 'Mainland China', 'Material', 'ABS', 'Weight', '0.6kg']",https://www.aliexpress.us/item/3256809548114570.html?algo_pvid=4203d28a-712d-438f-8a92-adc6571563df&algo_exp_id=4203d28a-712d-438f-8a92-adc6571563df-11&pdp_ext_f=%7B%22order%22%3A%22-1%22%2C%22eval%22%3A%221%22%2C%22fromPage%22%3A%22search%22%7D&pdp_npi=6%40dis%21USD%2132.33%2119.40%21%21%2132.33%2119.40%21%4021015b7d17772732418958499ecc76%2112000049984999858%21sea%21US%210%21ABX%211%210%21n_tag%3A-29910%3Bd%3Afc6dc3a5%3Bm03_new_user%3A-29895&curPageLogUid=SjlICvx08hqD&utparam-url=scene%3Asearch%7Cquery_from%3A%7Cx_object_id%3A1005009734429322%7C_p_origin_prod%3A
Haina 6 Port Fiber Optic Terminal Box SC FC ST LC6 core single mode flange pigtail LSZH Wall Mounted CE certification Data Cent,$22.06,"https://ae-pic-a1.aliexpress-media.com/kf/S9c3ca6874e744450b8dc2f3a366d98b81.jpg_220x220q75.jpg_.avif,https://ae-pic-a1.aliexpress-media.com/kf/Sb4f2d0bd8bf04caf8ef9ec923f8ee4ad2.jpg_220x220q75.jpg_.avif,https://ae-pic-a1.aliexpress-media.com/kf/S2b828bea18e44fb691f307863e31f674T.jpg_220x220q75.jpg_.avif,https://ae-pic-a1.aliexpress-media.com/kf/Scd796b658dd54479965f9451b830b343W.jpg_220x220q75.jpg_.avif,https://ae-pic-a1.aliexpress-media.com/kf/S38c318df425b4dd1926f1835a8b6fd3dx.jpg_220x220q75.jpg_.avif","['High-concerned chemical', 'None', 'Model Number', 'HN-GXH-6CS', 'Brand Name', 'HAINA', 'Origin', 'Mainland China', 'Certification', 'CE,FCC', 'Color', 'Black', 'Thickness', '0.8mm', 'Installation mode', 'Desktop type and wall-mounted type', 'Type', 'Engineering carrier level', 'Working temperature', '-40℃-+85℃', 'Storage temperature', '-40℃-+85℃', 'Detection standard', 'YD/T925-2009 Optical Fiber Terminal Box', 'Flange attenuation', '≤ 0.2dB', 'Tail fiber attenuation', '≤ 0.3dB', 'Internal configuration', 'Fixed optical cable device, fused fiber disk', 'Including accessories', 'Telecom-grade low-loss pigtail fiber, telecom-grade zirconia ceramic flange, hot-melt pipe, certificate of approval']",https://www.aliexpress.us/item/3256808608058221.html?algo_pvid=4203d28a-712d-438f-8a92-adc6571563df&algo_exp_id=4203d28a-712d-438f-8a92-adc6571563df-13&pdp_ext_f=%7B%22order%22%3A%22-1%22%2C%22eval%22%3A%221%22%2C%22fromPage%22%3A%22search%22%7D&pdp_npi=6%40dis%21USD%2145.97%2122.06%21%21%21312.30%21149.90%21%4021015b7d17772732418958499ecc76%2112000046695724034%21sea%21US%210%21ABX%211%210%21n_tag%3A-29910%3Bd%3Afc6dc3a5%3Bm03_new_user%3A-29895&curPageLogUid=efPD1oSTj5fH&utparam-url=scene%3Asearch%7Cquery_from%3A%7Cx_object_id%3A1005008794372973%7C_p_origin_prod%3A
2pcs 24 Fibers MPO/APC - SCUPC SCAPC LCUPC LCAPC-Harness cable-SM-0.35m 0.9mm colored tube-Elite/Low Loss-Male/Female,$117.80,"https://ae-pic-a1.aliexpress-media.com/kf/S9cd46b2134434007952434fbe7701fca2.jpg_220x220q75.jpg_.avif,https://ae-pic-a1.aliexpress-media.com/kf/S1755e38c25ee4a9f8b1d9e2b377448eeV.jpg_220x220q75.jpg_.avif,https://ae-pic-a1.aliexpress-media.com/kf/Sc8d4d5d7b7b3458abe90f7aec0c442500.jpg_220x220q75.jpg_.avif","['High-concerned chemical', 'None', 'Model Number', 'MPO', 'Brand Name', 'CICVCHC', 'Origin', 'Mainland China', 'Certification', 'NONE']",https://www.aliexpress.us/item/3256808567056614.html?algo_pvid=4203d28a-712d-438f-8a92-adc6571563df&algo_exp_id=4203d28a-712d-438f-8a92-adc6571563df-14&pdp_ext_f=%7B%22order%22%3A%22-1%22%2C%22eval%22%3A%221%22%2C%22fromPage%22%3A%22search%22%7D&pdp_npi=6%40dis%21USD%21117.80%21117.80%21%21%21117.80%21117.80%21%4021015b7d17772732418958499ecc76%2112000046524766665%21sea%21US%210%21ABX%211%210%21n_tag%3A-29910%3Bd%3Afc6dc3a5%3Bm03_new_user%3A-29895&curPageLogUid=nQfA3rSv06sj&utparam-url=scene%3Asearch%7Cquery_from%3A%7Cx_object_id%3A1005008753371366%7C_p_origin_prod%3A
Beam splitter 2x16 Beam splitter 2:16/32 cassette SC/FC/ST/LC optical splitter 2 split 16 pigtail type YCT,$55.18,"https://ae-pic-a1.aliexpress-media.com/kf/S8526e8d97c91492998d65a64e3bf9561P.png_220x220.png_.avif,https://ae-pic-a1.aliexpress-media.com/kf/S58c57465e49a4bf3b4464a7d5110a748e.png_220x220.png_.avif,https://ae-pic-a1.aliexpress-media.com/kf/S94235f9d20df4846b930af00004919f4I.png_220x220.png_.avif,https://ae-pic-a1.aliexpress-media.com/kf/S6da7c2df749445f8983310019ecd9d88j.png_220x220.png_.avif,https://ae-pic-a1.aliexpress-media.com/kf/Sb3c4edd7d1584cbcac9d00f8296562b9S.png_220x220.png_.avif","['High-concerned chemical', 'None', 'Model Number', 'Beam splitter', 'Brand Name', 'FTTHELINK', 'Origin', 'Mainland China']",https://www.aliexpress.us/item/3256808425968818.html?algo_pvid=4203d28a-712d-438f-8a92-adc6571563df&algo_exp_id=4203d28a-712d-438f-8a92-adc6571563df-15&pdp_ext_f=%7B%22order%22%3A%22-1%22%2C%22eval%22%3A%221%22%2C%22fromPage%22%3A%22search%22%7D&pdp_npi=6%40dis%21USD%2162.70%2155.18%21%21%2162.70%2155.18%21%4021015b7d17772732418958499ecc76%2112000045948097210%21sea%21US%210%21ABX%211%210%21n_tag%3A-29910%3Bd%3Afc6dc3a5%3Bm03_new_user%3A-29895&curPageLogUid=FjNQPN7NTcRd&utparam-url=scene%3Asearch%7Cquery_from%3A%7Cx_object_id%3A1005008612283570%7C_p_origin_prod%3A
"10pcs E2000 ( LSH ) /APC-LSH(E2000)/APC-Multimode OM1, OM2, OM3, OM4-3.0mm Cable / Jumper",$82.65,https://ae-pic-a1.aliexpress-media.com/kf/S3366026563494b2a956900807ab05d5fW.jpg_220x220q75.jpg_.avif,"['High-concerned chemical', 'None', 'Model Number', 'E2000', 'Brand Name', 'CICVCHC', 'Origin', 'Mainland China', 'Certification', 'NONE']",https://www.aliexpress.us/item/3256808013063282.html?algo_pvid=4203d28a-712d-438f-8a92-adc6571563df&algo_exp_id=4203d28a-712d-438f-8a92-adc6571563df-17&pdp_ext_f=%7B%22order%22%3A%22-1%22%2C%22eval%22%3A%221%22%2C%22fromPage%22%3A%22search%22%7D&pdp_npi=6%40dis%21USD%2187.00%2182.65%21%21%2187.00%2182.65%21%4021015b7d17772732418958499ecc76%2112000046431561576%21sea%21US%210%21ABX%211%210%21n_tag%3A-29910%3Bd%3Afc6dc3a5%3Bm03_new_user%3A-29895&curPageLogUid=hsVlQhFnySVa&utparam-url=scene%3Asearch%7Cquery_from%3A%7Cx_object_id%3A1005008199378034%7C_p_origin_prod%3A
"Optical Fiber Splice Box, 16 Core Optical Fiber Distribution Box, FTTX FTTH, 16 Core Fiber Optic Terminal Box",$20.25,"https://ae-pic-a1.aliexpress-media.com/kf/Sf2a587a5b348410cbfc55652b528b270V.jpg_220x220q75.jpg_.avif,https://ae-pic-a1.aliexpress-media.com/kf/Sc0a3cba90f87484ab051fda40d243ea7o.jpg_220x220q75.jpg_.avif,https://ae-pic-a1.aliexpress-media.com/kf/S88c69ca00efe422f98be60bc7256d0ceT.jpg_220x220q75.jpg_.avif,https://ae-pic-a1.aliexpress-media.com/kf/S531ae90a341f4d6e89852550a770247db.jpg_220x220q75.jpg_.avif","['Model Number', '16 Core', 'Brand Name', 'BLHLI', 'Origin', 'Mainland China', 'Certification', 'FCC', 'Model', '16 Core Fiber Optic Terminal Box', 'Material', 'ABS', 'Quantity', '1PCS', 'Maximum', '16ports', 'Appropriate', '1x8 & 1x16 PLC splitter', 'Application', 'FTTH FTTX splicing']",https://www.aliexpress.us/item/3256804124024261.html?algo_pvid=4203d28a-712d-438f-8a92-adc6571563df&algo_exp_id=4203d28a-712d-438f-8a92-adc6571563df-19&pdp_ext_f=%7B%22order%22%3A%22-1%22%2C%22eval%22%3A%221%22%2C%22fromPage%22%3A%22search%22%7D&pdp_npi=6%40dis%21USD%2120.25%2120.25%21%21%2120.25%2120.25%21%4021015b7d17772732418958499ecc76%2112000028707494774%21sea%21US%210%21ABX%211%210%21n_tag%3A-29910%3Bd%3Afc6dc3a5%3Bm03_new_user%3A-29895&curPageLogUid=BjTJ4DalvkfI&utparam-url=scene%3Asearch%7Cquery_from%3A%7Cx_object_id%3A1005004310339013%7C_p_origin_prod%3A
OTDR Launch Cable Box SM Sc APC-Sc APC 2km Dead Zone Eliminator Optical Fiber Ring,$66.65,"https://ae-pic-a1.aliexpress-media.com/kf/Sb75049b7e4684ecb88a478fc73a8448d3.jpg_220x220q75.jpg_.avif,https://ae-pic-a1.aliexpress-media.com/kf/Sf9339c94b1d64990b0a8ff6eb30ed61aH.jpg_220x220q75.jpg_.avif,https://ae-pic-a1.aliexpress-media.com/kf/S4bd09c07898a4834bbbc3ff66b44abfdK.jpg_220x220q75.jpg_.avif,https://ae-pic-a1.aliexpress-media.com/kf/S28e5785fed7748acb43081db7d15ba36z.jpg_220x220q75.jpg_.avif,https://ae-pic-a1.aliexpress-media.com/kf/S593a102b892e4d42b0fb26a69c146ab59.jpg_220x220q75.jpg_.avif","['High-concerned chemical', 'None', 'Model Number', '/', 'Origin', 'Mainland China']",https://www.aliexpress.us/item/3256811790672184.html?algo_pvid=4203d28a-712d-438f-8a92-adc6571563df&algo_exp_id=4203d28a-712d-438f-8a92-adc6571563df-27&pdp_ext_f=%7B%22order%22%3A%22-1%22%2C%22eval%22%3A%221%22%2C%22fromPage%22%3A%22search%22%7D&pdp_npi=6%40dis%21USD%21136.02%2166.65%21%21%21924.06%21452.79%21%4021015b7d17772732418958499ecc76%2112000057186240922%21sea%21US%210%21ABX%211%210%21n_tag%3A-29910%3Bd%3Afc6dc3a5%3Bm03_new_user%3A-29895&curPageLogUid=FL80BaVZpe6R&utparam-url=scene%3Asearch%7Cquery_from%3A%7Cx_object_id%3A1005011976986936%7C_p_origin_prod%3A
1X2 Fiber Optic Splitter Lc Fused Optical Cord For Telecom Grade Fiber Distribution Box Home Office Data,$9.78,"https://ae-pic-a1.aliexpress-media.com/kf/Sd6092ecd432b499fa6489fe4cc63a42bJ.jpg_220x220q75.jpg_.avif,https://ae-pic-a1.aliexpress-media.com/kf/S7462f09c36bb4ce59096ccf15c9319c1t.jpg_220x220q75.jpg_.avif,https://ae-pic-a1.aliexpress-media.com/kf/S0946ecc549e942adb233920defe26918L.jpg_220x220q75.jpg_.avif,https://ae-pic-a1.aliexpress-media.com/kf/S8b35b38943d04ac7961d252f00f8e1fcp.jpg_220x220q75.jpg_.avif,https://ae-pic-a1.aliexpress-media.com/kf/S3b0b80d2ab814359b20ae03d7d74b2a6Q.jpg_220x220q75.jpg_.avif","['High-concerned chemical', 'None', 'Model Number', '1', 'Origin', 'Mainland China', 'fiber optic distribution box', 'fiber optic cold connector', 'fiber splitter box', 'fiber termination box', 'splitter fused fiber', 'fused splitter', 'fiber splitter', 'splitter fused fiber splitter', 'optical splitter fused fiber', 'optical coupler', 'fused fiber splitter', 'cables', 'professional optical cable', 'cord', 'fused optical cables', 'splitter replacements', 'optical splitter', 'optical fused cord', 'cable replacement', 'optical cable for game console']",https://www.aliexpress.us/item/3256811470360911.html?algo_pvid=4203d28a-712d-438f-8a92-adc6571563df&algo_exp_id=4203d28a-712d-438f-8a92-adc6571563df-28&pdp_ext_f=%7B%22order%22%3A%22-1%22%2C%22eval%22%3A%221%22%2C%22fromPage%22%3A%22search%22%7D&pdp_npi=6%40dis%21USD%2119.56%219.78%21%21%21132.90%2166.45%21%4021015b7d17772732418958499ecc76%2112000056165259776%21sea%21US%210%21ABX%211%210%21n_tag%3A-29910%3Bd%3Afc6dc3a5%3Bm03_new_user%3A-29895&curPageLogUid=9ySu2UNaeChc&utparam-url=scene%3Asearch%7Cquery_from%3A%7Cx_object_id%3A1005011656675663%7C_p_origin_prod%3A
Gcabling Fibre Optique Equipment IP65 Terminal Joint Splicing Adaptor Type ODN Fiber Optic Splice Ftth protection Box,$5.89,"https://ae-pic-a1.aliexpress-media.com/kf/S48bd175122054f579277f56804d1c04cX.jpg_220x220q75.jpg_.avif,https://ae-pic-a1.aliexpress-media.com/kf/Sd7946266d8d345d3bd179fcde16ada9eh.jpg_220x220q75.jpg_.avif,https://ae-pic-a1.aliexpress-media.com/kf/S2d8725fa1df644ee82d01f37c30186740.jpg_220x220q75.jpg_.avif,https://ae-pic-a1.aliexpress-media.com/kf/S187f6f35226a44b080ec17e57223d8f9g.jpg_220x220q75.jpg_.avif,https://ae-pic-a1.aliexpress-media.com/kf/Sdf55b6e3e03f4d918cd836ff14850813N.jpg_220x220q75.jpg_.avif","['High-concerned chemical', 'None', 'Model Number', '28111-029-3-B', 'Brand Name', 'GCABLING', 'Origin', 'Mainland China', 'Size', '158*46*15mm', 'Capacity', '1 core', 'Material', 'ABS', 'Accessories', '1PC of Heat Shrink Tube or 1PC of SC Fiber Coupler', 'Color', 'Black', 'Type', 'splicing type']",https://www.aliexpress.us/item/3256809698787495.html?algo_pvid=4203d28a-712d-438f-8a92-adc6571563df&algo_exp_id=4203d28a-712d-438f-8a92-adc6571563df-29&pdp_ext_f=%7B%22order%22%3A%22-1%22%2C%22eval%22%3A%221%22%2C%22fromPage%22%3A%22search%22%7D&pdp_npi=6%40dis%21USD%215.89%215.89%21%21%2140.00%2140.00%21%4021015b7d17772732418958499ecc76%2112000050477433004%21sea%21US%210%21ABX%211%210%21n_tag%3A-29910%3Bd%3Afc6dc3a5%3Bm03_new_user%3A-29895&curPageLogUid=y6YNKq4IYj7h&utparam-url=scene%3Asearch%7Cquery_from%3A%7Cx_object_id%3A1005009885102247%7C_p_origin_prod%3A
Factory Price 4 core Optical Termination Box FTTH 4 Port Fiber Optic Distribution Box,$3.16,"https://ae-pic-a1.aliexpress-media.com/kf/Sb968385b4e484a9899d9cc8e7a456ba9H.jpg_220x220q75.jpg_.avif,https://ae-pic-a1.aliexpress-media.com/kf/Sb47187e7fefb465881bbf8565eda7f95C.jpg_220x220q75.jpg_.avif,https://ae-pic-a1.aliexpress-media.com/kf/S1ba35efa6a9949d688ba6f0ae418eeb36.jpg_220x220q75.jpg_.avif,https://ae-pic-a1.aliexpress-media.com/kf/S75898e8de72b490d982e4cea1937ac2eM.jpg_220x220q75.jpg_.avif,https://ae-pic-a1.aliexpress-media.com/kf/Sb968385b4e484a9899d9cc8e7a456ba9H.jpg_220x220q75.jpg_.avif","['High-concerned chemical', 'None', 'Model Number', '4 core', 'Brand Name', 'RESAMS', 'Origin', 'Mainland China']",https://www.aliexpress.us/item/3256809004400845.html?algo_pvid=4203d28a-712d-438f-8a92-adc6571563df&algo_exp_id=4203d28a-712d-438f-8a92-adc6571563df-30&pdp_ext_f=%7B%22order%22%3A%22-1%22%2C%22eval%22%3A%221%22%2C%22fromPage%22%3A%22search%22%7D&pdp_npi=6%40dis%21USD%213.16%213.16%21%21%2121.50%2121.50%21%4021015b7d17772732418958499ecc76%2112000048249425060%21sea%21US%210%21ABX%211%210%21n_tag%3A-29910%3Bd%3Afc6dc3a5%3Bm03_new_user%3A-29895&curPageLogUid=33NRrBZodSvJ&utparam-url=scene%3Asearch%7Cquery_from%3A%7Cx_object_id%3A1005009190715597%7C_p_origin_prod%3A
24 Core Fiber Optic Distribution Box SC with Pigtail Adapter Optical Splitter Terminal Box ODP NAP OTB FAT Outdoor Waterproof,$16.54,"https://ae-pic-a1.aliexpress-media.com/kf/HTB10N5DmYZnBKNjSZFGq6zt3FXau.jpg_220x220q75.jpg_.avif,https://ae-pic-a1.aliexpress-media.com/kf/HTB1sU2CJ4SYBuNjSsphq6zGvVXaY.jpg_220x220q75.jpg_.avif,https://ae-pic-a1.aliexpress-media.com/kf/HTB1mRsvJ3mTBuNjy1Xbq6yMrVXaR.jpg_220x220q75.jpg_.avif,https://ae-pic-a1.aliexpress-media.com/kf/HTB1HB0nKh9YBuNjy0Ffq6xIsVXaW.jpg_220x220q75.jpg_.avif,https://ae-pic-a1.aliexpress-media.com/kf/HTB1d4g2J29TBuNjy1zbq6xpepXaz.jpg_220x220q75.jpg_.avif","['High-concerned chemical', 'None', 'Model Number', 'FDB-24B', 'Brand Name', 'ZHAN YI KE JI', 'Origin', 'Mainland China', 'Certification', 'CE,RoHS', 'Material', 'ABS', 'Weight', '2KG']",https://www.aliexpress.us/item/3256808324099100.html?algo_pvid=4203d28a-712d-438f-8a92-adc6571563df&algo_exp_id=4203d28a-712d-438f-8a92-adc6571563df-32&pdp_ext_f=%7B%22order%22%3A%22-1%22%2C%22eval%22%3A%221%22%2C%22fromPage%22%3A%22search%22%7D&pdp_npi=6%40dis%21USD%2116.54%2116.54%21%21%21112.35%21112.35%21%4021015b7d17772732418958499ecc76%2112000045486493879%21sea%21US%210%21ABX%211%210%21n_tag%3A-29910%3Bd%3Afc6dc3a5%3Bm03_new_user%3A-29895&curPageLogUid=y7b1aagi6uYz&utparam-url=scene%3Asearch%7Cquery_from%3A%7Cx_object_id%3A1005008510413852%7C_p_origin_prod%3A
1.5 Meters SCSI Cable HPCN50 Male To Male Pierced/Welded Cable Wire Female Head Iron Shell Type,$38.65,"https://ae-pic-a1.aliexpress-media.com/kf/Se78a4445d7d2485d8d05ae6860ed4279e.jpg_220x220q75.jpg_.avif,https://ae-pic-a1.aliexpress-media.com/kf/S551fab9684f941cb8715a480ec4fd064t.jpg_220x220q75.jpg_.avif,https://ae-pic-a1.aliexpress-media.com/kf/Sbbe4c0a14076449eb70ad2e97c5b07ddK.jpg_220x220q75.jpg_.avif,https://ae-pic-a1.aliexpress-media.com/kf/S4e4cdaefdd7644f383d2cf08c4c09b3dz.jpg_220x220q75.jpg_.avif","['High-concerned chemical', 'None', 'Model Number', 'HPCN50', 'Brand Name', 'SMTE', 'Origin', 'Mainland China', 'Certification', 'CE,FCC,RoHS', 'condition', 'original', 'Connector type', 'Male To Male']",https://www.aliexpress.us/item/3256808228051344.html?algo_pvid=4203d28a-712d-438f-8a92-adc6571563df&algo_exp_id=4203d28a-712d-438f-8a92-adc6571563df-33&pdp_ext_f=%7B%22order%22%3A%22-1%22%2C%22eval%22%3A%221%22%2C%22fromPage%22%3A%22search%22%7D&pdp_npi=6%40dis%21USD%2138.65%2138.65%21%21%2138.65%2138.65%21%4021015b7d17772732418958499ecc76%2112000044950245494%21sea%21US%210%21ABX%211%210%21n_tag%3A-29910%3Bd%3Afc6dc3a5%3Bm03_new_user%3A-29895&curPageLogUid=wogwkqPUpclo&utparam-url=scene%3Asearch%7Cquery_from%3A%7Cx_object_id%3A1005008414366096%7C_p_origin_prod%3A
288 Core Fiber optic Joint Closure Cable 4 in 4 out Outdoor Horizontal Waterproof Optical Fiber Splice Box ENclosure,$57.21,"https://ae-pic-a1.aliexpress-media.com/kf/Sc2ba7769e5b84260b9ad665f76867df1R.jpg_220x220q75.jpg_.avif,https://ae-pic-a1.aliexpress-media.com/kf/S6ca6e922133a4aa89f1d5190ad5d1c2fP.jpg_220x220q75.jpg_.avif,https://ae-pic-a1.aliexpress-media.com/kf/Sbec1154accec420baf598485c4a89b45Z.jpg_220x220q75.jpg_.avif,https://ae-pic-a1.aliexpress-media.com/kf/S3a47ad4a074d4438b1111e352660d5c0r.jpg_220x220q75.jpg_.avif,https://ae-pic-a1.aliexpress-media.com/kf/S6252e28667584636bdb30cf6f72e72a0f.jpg_220x220q75.jpg_.avif","['High-concerned chemical', 'None', 'Model Number', 'FCBD-288E', 'Brand Name', 'ZHAN YI KE JI', 'Origin', 'Mainland China', 'Product size', '495*230*125 mm', 'Ports', '4 inlet port / 4 out port', 'Tray', '48F/tray, max capacity 288(6 trays)', 'G. weight', '4.3kg']",https://www.aliexpress.us/item/3256807153333983.html?algo_pvid=4203d28a-712d-438f-8a92-adc6571563df&algo_exp_id=4203d28a-712d-438f-8a92-adc6571563df-34&pdp_ext_f=%7B%22order%22%3A%22-1%22%2C%22eval%22%3A%221%22%2C%22fromPage%22%3A%22search%22%7D&pdp_npi=6%40dis%21USD%2157.21%2157.21%21%21%21388.65%21388.65%21%4021015b7d17772732418958499ecc76%2112000040333505246%21sea%21US%210%21ABX%211%210%21n_tag%3A-29910%3Bd%3Afc6dc3a5%3Bm03_new_user%3A-29895&curPageLogUid=hLQRfLHJOcdR&utparam-url=scene%3Asearch%7Cquery_from%3A%7Cx_object_id%3A1005007339648735%7C_p_origin_prod%3A
Fiber Splice Box 48 core Joint box Cable 3 in 3 Outdoor Horizontal Waterproof Optical Fiber Splice Box closure adapter,$17.78,"https://ae-pic-a1.aliexpress-media.com/kf/H9ec34ebbe02a4eff938b253119a0d69bV.jpg_220x220q75.jpg_.avif,https://ae-pic-a1.aliexpress-media.com/kf/Hb6e0f9835a5c4d3f90acbe54e96ab35do.jpg_220x220q75.jpg_.avif,https://ae-pic-a1.aliexpress-media.com/kf/H8979f83d77334c6e85ca857051914dbf8.jpg_220x220q75.jpg_.avif,https://ae-pic-a1.aliexpress-media.com/kf/Hb518948294c24df38f66624951edc55ah.jpg_220x220q75.jpg_.avif,https://ae-pic-a1.aliexpress-media.com/kf/H1507cb97655247ecb989d22755d14c77u.jpg_220x220q75.jpg_.avif","['High-concerned chemical', 'None', 'Model Number', 'FCBD-48-A3', 'Brand Name', 'ZHAN YI KE JI', 'Origin', 'Mainland China', 'Product size', '295*195*80mm', 'Ports', '3 inlet port / 3 out port', 'Tray', '12F/tray, max capacity 48(4 trays)', 'G. weight', '1.5kg']",https://www.aliexpress.us/item/3256801312528538.html?algo_pvid=4203d28a-712d-438f-8a92-adc6571563df&algo_exp_id=4203d28a-712d-438f-8a92-adc6571563df-35&pdp_ext_f=%7B%22order%22%3A%22-1%22%2C%22eval%22%3A%221%22%2C%22fromPage%22%3A%22search%22%7D&pdp_npi=6%40dis%21USD%2117.78%2117.78%21%21%21120.77%21120.77%21%4021015b7d17772732418958499ecc76%2112000016356910793%21sea%21US%210%21ABX%211%210%21n_tag%3A-29910%3Bd%3Afc6dc3a5%3Bm03_new_user%3A-29895&curPageLogUid=6kHBgiePpcGg&utparam-url=scene%3Asearch%7Cquery_from%3A%7Cx_object_id%3A1005001498843290%7C_p_origin_prod%3A
