Name,Price,Images,Details,product_link
ZoeRax FC SC ST LC Male to Female Fiber Optic Connector FTTH Singlemode Adapter for Visual Fault Locator Optical Power Meter,$1.46,"https://ae-pic-a1.aliexpress-media.com/kf/S22738421a16f4a6b935af829ced27940E.jpg?has_lang=1&ver=2_220x220q75.jpg_.avif,https://ae-pic-a1.aliexpress-media.com/kf/S349609148f014fe2b9b0d414ad60771a2.jpg?has_lang=1&ver=2_220x220q75.jpg_.avif,https://ae-pic-a1.aliexpress-media.com/kf/S3c0e2cc4cf4f434b8b902694085916ebq.jpg?has_lang=1&ver=2_220x220q75.jpg_.avif,https://ae-pic-a1.aliexpress-media.com/kf/S783cd1c899104630a0f55cc14019f7989.jpg?has_lang=1&ver=2_220x220q75.jpg_.avif,https://ae-pic-a1.aliexpress-media.com/kf/Sa2a7af93bf6e457d80f1a0eb04c37e75Z.jpg?has_lang=1&ver=2_220x220q75.jpg_.avif","['High-concerned chemical', 'None', 'Model Number', 'S9', 'Brand Name', 'ZoeRax', 'Origin', 'Mainland China']",https://www.aliexpress.us/item/3256808722758301.html?algo_pvid=75a05200-701a-4374-99b6-8fa958ecb265&algo_exp_id=75a05200-701a-4374-99b6-8fa958ecb265-5&pdp_ext_f=%7B%22order%22%3A%224691%22%2C%22eval%22%3A%221%22%2C%22orig_sl_item_id%22%3A%221005008909073053%22%2C%22orig_item_id%22%3A%221005008684771340%22%2C%22fromPage%22%3A%22search%22%7D&pdp_npi=6%40dis%21USD%214.46%211.46%21%21%2130.32%219.94%21%40210141f717773955169378101ea4a4%2112000047159619143%21sea%21US%210%21ABX%211%210%21n_tag%3A-29910%3Bd%3A859fd760%3Bm03_new_user%3A-29895%3BpisId%3A5000000204886261&curPageLogUid=WwB1bTp7jRHj&utparam-url=scene%3Asearch%7Cquery_from%3A%7Cx_object_id%3A1005008909073053%7C_p_origin_prod%3A1005008684771340
Universal Neoprene Pouch Phone Bag For Samsung Xiaomi Phone Case Bags iPhone 6 7 8 Plus 11 Pro Xr Xs Max 12 13 14 Phone Case Bag,$0.99,"https://ae-pic-a1.aliexpress-media.com/kf/S4a66ca7d0ad74148b5c67035e51b9f81o.png?has_lang=1&ver=2_220x220.png_.avif,https://ae-pic-a1.aliexpress-media.com/kf/S025dca6862d84e43ba198a2afa62ab4eW.jpg_220x220q75.jpg_.avif,https://ae-pic-a1.aliexpress-media.com/kf/S42758057000c4297aec2bba30b081ec5v.jpg_220x220q75.jpg_.avif,https://ae-pic-a1.aliexpress-media.com/kf/S1b51f717d3bf4eeb86d9809aa8981d76V.jpg_220x220q75.jpg_.avif,https://ae-pic-a1.aliexpress-media.com/kf/S51ba01a3c5e64742935cd95b290e8083R.jpg_220x220q75.jpg_.avif","['High-concerned chemical', 'None', 'Features', 'No Features', 'Main Material', 'PVC', 'Design', 'Plain', 'Type', 'FULL COVERAGE', 'Origin', 'Mainland China']",https://www.aliexpress.us/item/3256807491306896.html?algo_pvid=75a05200-701a-4374-99b6-8fa958ecb265&algo_exp_id=75a05200-701a-4374-99b6-8fa958ecb265-8&pdp_ext_f=%7B%22order%22%3A%222727%22%2C%22eval%22%3A%221%22%2C%22fromPage%22%3A%22search%22%7D&pdp_npi=6%40dis%21USD%212.11%210.99%21%21%212.11%210.99%21%40210141f717773955169378101ea4a4%2112000041773564274%21sea%21US%210%21ABX%211%210%21n_tag%3A-29910%3Bd%3A859fd760%3Bm03_new_user%3A-29895%3BpisId%3A5000000203531392&curPageLogUid=pwAzIAO9PR9B&utparam-url=scene%3Asearch%7Cquery_from%3A%7Cx_object_id%3A1005007677621648%7C_p_origin_prod%3A
Nylon Belt Clip Phone Case Man Waist Bag For iPhone 17 16 15 14 13 Pro Max Samsung S25 S24 S23 S22 S21 Plus Redmi Holster Cover,$8.44,"https://ae-pic-a1.aliexpress-media.com/kf/S4f6ea8362e314368bcf853db14dfeef23.jpg?has_lang=1&ver=2_220x220q75.jpg_.avif,https://ae-pic-a1.aliexpress-media.com/kf/S96b83f7049044566a6cdd75ad535fa02O.jpg_220x220q75.jpg_.avif,https://ae-pic-a1.aliexpress-media.com/kf/S0d90a39a39164cd0bb0497c09b179e65N.jpg_220x220q75.jpg_.avif,https://ae-pic-a1.aliexpress-media.com/kf/S8e078a3862ba4250b1e6bb8be6ae370cS.jpg_220x220q75.jpg_.avif,https://ae-pic-a1.aliexpress-media.com/kf/Sc45b3dc38ddd48ef9793f1a0ce0ebbd7b.jpg_220x220q75.jpg_.avif","['High-concerned chemical', 'None', 'Features', 'Magnetic,Shock Proof,Anti-Fingerprint,Anti-Scratch,Dustproof,With Holder,Matte / Anti-Glare,Non-Slip,Waterproof/Underwater,With Belt Loop', 'Main Material', 'Nylon', 'Design', 'Plain', 'Type', 'Pouch', 'Brand Name', 'HKNR', 'Origin', 'Mainland China']",https://www.aliexpress.us/item/3256809902800052.html?algo_pvid=75a05200-701a-4374-99b6-8fa958ecb265&algo_exp_id=75a05200-701a-4374-99b6-8fa958ecb265-16&pdp_ext_f=%7B%22order%22%3A%222082%22%2C%22eval%22%3A%221%22%2C%22orig_sl_item_id%22%3A%221005010089114804%22%2C%22orig_item_id%22%3A%221005008861711583%22%2C%22fromPage%22%3A%22search%22%7D&pdp_npi=6%40dis%21USD%2119.43%218.44%21%21%21131.98%2157.31%21%40210141f717773955169378101ea4a4%2112000051099370133%21sea%21US%210%21ABX%211%210%21n_tag%3A-29910%3Bd%3A859fd760%3Bm03_new_user%3A-29895%3BpisId%3A5000000204886261&curPageLogUid=N1TDvXLjXhJc&utparam-url=scene%3Asearch%7Cquery_from%3A%7Cx_object_id%3A1005010089114804%7C_p_origin_prod%3A1005008861711583
"Phone Holster Belt Clip Case Holder Leather Pouch Waist Bag for iPhone 15 14 Pro Max for Samsung S24 S23 Ultra in 6.8"" M to XXXL",$0.99,"https://ae-pic-a1.aliexpress-media.com/kf/Sf9b9e4007e904ea292a512daa601f246u.jpg?has_lang=1&ver=3_220x220q75.jpg_.avif,https://ae-pic-a1.aliexpress-media.com/kf/S0f87c0bb0f89499899f90e12b1a6fc161.jpg?has_lang=1&ver=3_220x220q75.jpg_.avif,https://ae-pic-a1.aliexpress-media.com/kf/S1df0e8acdbcc42f3a9f89fd7639f08eeA.jpg?has_lang=1&ver=3_220x220q75.jpg_.avif,https://ae-pic-a1.aliexpress-media.com/kf/Sfe43e425e4254222a93245f31ca505cbm.jpg?has_lang=1&ver=3_220x220q75.jpg_.avif,https://ae-pic-a1.aliexpress-media.com/kf/S174ea5c08b08436689f87fa2fb804c6aL.jpg?has_lang=1&ver=3_220x220q75.jpg_.avif","['High-concerned chemical', 'None', 'Features', 'Anti-Fingerprint,Anti-Scratch,Dustproof,lightweight,Non-Slip', 'Main Material', 'Leather', 'Design', 'Plain', 'Type', 'Phone Bag', 'Brand Name', 'TOLIFEEL', 'Origin', 'Mainland China', 'Material', 'High Quality Genuine Leather + Metal', 'Color', 'Black', 'Size', 'M L XL XXL XXXL', 'Compatible Model1', 'Universal for iPhone 15 Pro Max', 'Compatible Model2', 'Universal for Samsung Galaxy S24 Ultra']",https://www.aliexpress.us/item/3256806587932402.html?algo_pvid=75a05200-701a-4374-99b6-8fa958ecb265&algo_exp_id=75a05200-701a-4374-99b6-8fa958ecb265-18&pdp_ext_f=%7B%22order%22%3A%221777%22%2C%22eval%22%3A%221%22%2C%22fromPage%22%3A%22search%22%7D&pdp_npi=6%40dis%21USD%216.45%210.99%21%21%216.45%210.99%21%40210141f717773955169378101ea4a4%2112000038258537243%21sea%21US%210%21ABX%211%210%21n_tag%3A-29910%3Bd%3A859fd760%3Bm03_new_user%3A-29895%3BpisId%3A5000000203531395&curPageLogUid=rcameBeLFWgw&utparam-url=scene%3Asearch%7Cquery_from%3A%7Cx_object_id%3A1005006774247154%7C_p_origin_prod%3A
Audio message book phone wedding guest voice blessing message book banquet voice check-in message phone birthday party celebrati,$64.65,"https://ae-pic-a1.aliexpress-media.com/kf/S7b3804c2509f457e82c26b5b510eb8dcn.jpg?has_lang=1&ver=2_220x220q75.jpg_.avif,https://ae-pic-a1.aliexpress-media.com/kf/S7b3804c2509f457e82c26b5b510eb8dcn.jpg?has_lang=1&ver=2_220x220q75.jpg_.avif,https://ae-pic-a1.aliexpress-media.com/kf/S4bf82b320c5a4bd586a3e450253d2c0cT.png?has_lang=1&ver=2_220x220.png_.avif,https://ae-pic-a1.aliexpress-media.com/kf/S6116b07372b9403b8c786df55a5d0bfep.png?has_lang=1&ver=2_220x220.png_.avif,https://ae-pic-a1.aliexpress-media.com/kf/Sb74d9c684a3d4b62a04ece81a3c9ca616.jpg?has_lang=1&ver=2_220x220q75.jpg_.avif","['High-concerned chemical', 'None', 'Type', 'Phones', 'Wire Type', 'Corded', 'Voice Mail', 'Yes', 'Model Number', 'F01', 'Brand Name', 'FEIYAQI', 'Origin', 'Mainland China', 'Certification', 'CE,FCC,RoHS']",https://www.aliexpress.us/item/3256807186010107.html?algo_pvid=75a05200-701a-4374-99b6-8fa958ecb265&algo_exp_id=75a05200-701a-4374-99b6-8fa958ecb265-20&pdp_ext_f=%7B%22order%22%3A%221742%22%2C%22eval%22%3A%221%22%2C%22fromPage%22%3A%22search%22%7D&pdp_npi=6%40dis%21USD%2182.16%2163.15%21%21%21558.12%21428.97%21%40210141f717773955169378101ea4a4%2112000040472437969%21sea%21US%210%21ABX%211%210%21n_tag%3A-29910%3Bd%3A859fd760%3Bm03_new_user%3A-29895%3BpisId%3A5000000203531392&curPageLogUid=1RwTUAIRXl15&utparam-url=scene%3Asearch%7Cquery_from%3A%7Cx_object_id%3A1005007372324859%7C_p_origin_prod%3A
SAIVXIAN FC SC ST LC Male to Female Fiber Optic Connector FTTH Singlemode Adapter for Visual Fault Locator Optical Power Meter,$0.99,"https://ae-pic-a1.aliexpress-media.com/kf/Sd54a397f7e2c4e92a2cfb7be1d7b05107.jpg_220x220q75.jpg_.avif,https://ae-pic-a1.aliexpress-media.com/kf/S7bc3cb6ef798477b952482806712bfe4g.jpg_220x220q75.jpg_.avif,https://ae-pic-a1.aliexpress-media.com/kf/Sae9953c3740b4579aef68f06a1a298d47.jpg_220x220q75.jpg_.avif,https://ae-pic-a1.aliexpress-media.com/kf/S47525fdbe21e4380a70d98010f22f735Q.jpg_220x220q75.jpg_.avif,https://ae-pic-a1.aliexpress-media.com/kf/S1b3a3292cb1b4a3faaebaff2b6c6ff2cl.jpg_220x220q75.jpg_.avif","['High-concerned chemical', 'None', 'Model Number', 'SC', 'Brand Name', 'SAIVXIAN', 'Origin', 'Mainland China', 'Origin', 'Mainland China', 'Product type', 'SC LC FC ST 1.25mm 2.5mm', 'Plug and unplug times', '1000"">>1000', 'Operating wavelength', '1200nm~1600nm', 'Model Number', 'SC', 'Certification', 'FCC,RoHS', 'Brand Name', 'NATALINK', 'Product name', 'Fiber Optic Connectors', 'Sleeve material', 'Ceramic and Metal']",https://www.aliexpress.us/item/3256808807714939.html?algo_pvid=75a05200-701a-4374-99b6-8fa958ecb265&algo_exp_id=75a05200-701a-4374-99b6-8fa958ecb265-22&pdp_ext_f=%7B%22order%22%3A%221711%22%2C%22eval%22%3A%221%22%2C%22fromPage%22%3A%22search%22%7D&pdp_npi=6%40dis%21USD%212.05%210.99%21%21%2113.93%216.73%21%40210141f717773955169378101ea4a4%2112000047498605617%21sea%21US%210%21ABX%211%210%21n_tag%3A-29910%3Bd%3A859fd760%3Bm03_new_user%3A-29895%3BpisId%3A5000000203531395&curPageLogUid=QDtqGEJsqbnh&utparam-url=scene%3Asearch%7Cquery_from%3A%7Cx_object_id%3A1005008994029691%7C_p_origin_prod%3A
Retro Phone Handset Multifunction Radiation Proof Handheld Cell Phone Receiver for Mobile Phones Computers,$3.97,"https://ae-pic-a1.aliexpress-media.com/kf/S8b4a00bc6b32459ea271a758579989a7H.jpg_220x220q75.jpg_.avif,https://ae-pic-a1.aliexpress-media.com/kf/S5f74a403367242adbb4e8bc7665c752eq.jpg_220x220q75.jpg_.avif,https://ae-pic-a1.aliexpress-media.com/kf/S42062cb5eb5241f688fb8c4d5101a9cah.jpg_220x220q75.jpg_.avif,https://ae-pic-a1.aliexpress-media.com/kf/S3d9fb6e5979a498bb9e2f18c724db8dal.jpg_220x220q75.jpg_.avif,https://ae-pic-a1.aliexpress-media.com/kf/S4025ebf033e34d7fb37f45767b33a36bX.jpg_220x220q75.jpg_.avif","['Brand Name', 'YOUTHINK', 'Origin', 'Mainland China']",https://www.aliexpress.us/item/3256808368295788.html?algo_pvid=75a05200-701a-4374-99b6-8fa958ecb265&algo_exp_id=75a05200-701a-4374-99b6-8fa958ecb265-23&pdp_ext_f=%7B%22order%22%3A%221658%22%2C%22eval%22%3A%221%22%2C%22orig_sl_item_id%22%3A%221005008554610540%22%2C%22orig_item_id%22%3A%221005007074383045%22%2C%22fromPage%22%3A%22search%22%7D&pdp_npi=6%40dis%21USD%219.51%213.97%21%21%2164.62%2126.97%21%40210141f717773955169378101ea4a4%2112000045690131221%21sea%21US%210%21ABX%211%210%21n_tag%3A-29910%3Bd%3A859fd760%3Bm03_new_user%3A-29895%3BpisId%3A5000000204886261&curPageLogUid=77iaa3OISTmO&utparam-url=scene%3Asearch%7Cquery_from%3A%7Cx_object_id%3A1005008554610540%7C_p_origin_prod%3A1005007074383045
"4.7-6.8inch Phone Nylon Pouch Multifunction Cell Phone Belt Clip Carrying Holster Case Waist Bag For iPhone,Samsung ,Smartphones",$0.99,"https://ae-pic-a1.aliexpress-media.com/kf/S1ce67f77acf84b62999ca347d1cc4e3cf.jpg?has_lang=1&ver=2_220x220q75.jpg_.avif,https://ae-pic-a1.aliexpress-media.com/kf/S1ce67f77acf84b62999ca347d1cc4e3cf.jpg?has_lang=1&ver=2_220x220q75.jpg_.avif,https://ae-pic-a1.aliexpress-media.com/kf/Sd2e7330af0f14c6a97b6733e4fada0b3C.jpg?has_lang=1&ver=2_220x220q75.jpg_.avif,https://ae-pic-a1.aliexpress-media.com/kf/S546f09d23f084b6883525dd184de8ccbN.jpg?has_lang=1&ver=2_220x220q75.jpg_.avif,https://ae-pic-a1.aliexpress-media.com/kf/S9c360682ddfc4ca7929db8a1795b2c70X.jpg?has_lang=1&ver=2_220x220q75.jpg_.avif","['High-concerned chemical', 'None', 'Features', 'Storage Compartment', 'Main Material', 'Nylon', 'Design', 'Plain', 'Type', 'Pouch', 'Brand Name', 'haweel', 'Origin', 'Mainland China']",https://www.aliexpress.us/item/3256805462410873.html?algo_pvid=75a05200-701a-4374-99b6-8fa958ecb265&algo_exp_id=75a05200-701a-4374-99b6-8fa958ecb265-24&pdp_ext_f=%7B%22order%22%3A%221641%22%2C%22eval%22%3A%221%22%2C%22fromPage%22%3A%22search%22%7D&pdp_npi=6%40dis%21USD%216.43%210.99%21%21%216.43%210.99%21%40210141f717773955169378101ea4a4%2112000033880216245%21sea%21US%210%21ABX%211%210%21n_tag%3A-29910%3Bd%3A859fd760%3Bm03_new_user%3A-29895%3BpisId%3A5000000203531395&curPageLogUid=XhuieitLmb5F&utparam-url=scene%3Asearch%7Cquery_from%3A%7Cx_object_id%3A1005005648725625%7C_p_origin_prod%3A
Mobile Phone Nylon Pouch Universal Cell Phone Belt Clip Carrying Holster Case Waist Bag Black Outdoor Sports Climbing Belt Bag,$0.99,"https://ae-pic-a1.aliexpress-media.com/kf/S612cb97c3fc741a9b4d1d913fe039bca7.jpeg?has_lang=1&ver=2_220x220q75.jpeg_.avif,https://ae-pic-a1.aliexpress-media.com/kf/S43c17413377344ffbc619d499f4615b1a.jpeg?has_lang=1&ver=1_220x220q75.jpeg_.avif,https://ae-pic-a1.aliexpress-media.com/kf/Sfe8b6fe589e3439299f33e401959a1b8c.jpeg_220x220q75.jpeg_.avif,https://ae-pic-a1.aliexpress-media.com/kf/S6eec1490026442838829541fd8ce1e68A.jpeg_220x220q75.jpeg_.avif,https://ae-pic-a1.aliexpress-media.com/kf/S0d8c9cfc16a54f8db76e0d27060e6187y.jpeg_220x220q75.jpeg_.avif","['High-concerned chemical', 'None', 'Features', 'Dustproof,lightweight', 'Main Material', 'CANVAS', 'Design', 'Plain', 'Type', 'Phone Bag', 'Origin', 'Mainland China']",https://www.aliexpress.us/item/3256808746368554.html?algo_pvid=75a05200-701a-4374-99b6-8fa958ecb265&algo_exp_id=75a05200-701a-4374-99b6-8fa958ecb265-26&pdp_ext_f=%7B%22order%22%3A%221377%22%2C%22eval%22%3A%221%22%2C%22fromPage%22%3A%22search%22%7D&pdp_npi=6%40dis%21USD%2111.28%210.99%21%21%2176.66%216.75%21%40210141f717773955169378101ea4a4%2112000047255802384%21sea%21US%210%21ABX%211%210%21n_tag%3A-29910%3Bd%3A859fd760%3Bm03_new_user%3A-29895%3BpisId%3A5000000203531392&curPageLogUid=BL6OctKpg1CZ&utparam-url=scene%3Asearch%7Cquery_from%3A%7Cx_object_id%3A1005008932683306%7C_p_origin_prod%3A
Retro Phone Handset Multifunction Radiation Proof Handheld Cell Phone Receiver for Mobile Phones Computers,$0.99,"https://ae-pic-a1.aliexpress-media.com/kf/S8b4a00bc6b32459ea271a758579989a7H.jpg_220x220q75.jpg_.avif,https://ae-pic-a1.aliexpress-media.com/kf/S5f74a403367242adbb4e8bc7665c752eq.jpg_220x220q75.jpg_.avif,https://ae-pic-a1.aliexpress-media.com/kf/S42062cb5eb5241f688fb8c4d5101a9cah.jpg_220x220q75.jpg_.avif,https://ae-pic-a1.aliexpress-media.com/kf/S3d9fb6e5979a498bb9e2f18c724db8dal.jpg_220x220q75.jpg_.avif,https://ae-pic-a1.aliexpress-media.com/kf/S4025ebf033e34d7fb37f45767b33a36bX.jpg_220x220q75.jpg_.avif","['Brand Name', 'YOUTHINK', 'Origin', 'Mainland China']",https://www.aliexpress.us/item/3256806888068293.html?algo_pvid=75a05200-701a-4374-99b6-8fa958ecb265&algo_exp_id=75a05200-701a-4374-99b6-8fa958ecb265-27&pdp_ext_f=%7B%22order%22%3A%221345%22%2C%22eval%22%3A%221%22%2C%22fromPage%22%3A%22search%22%7D&pdp_npi=6%40dis%21USD%2112.69%210.99%21%21%2186.18%216.70%21%40210141f717773955169378101ea4a4%2112000039315987339%21sea%21US%210%21ABX%211%210%21n_tag%3A-29910%3Bd%3A859fd760%3Bm03_new_user%3A-29895%3BpisId%3A5000000203531395&curPageLogUid=YVq3BFGXm0DJ&utparam-url=scene%3Asearch%7Cquery_from%3A%7Cx_object_id%3A1005007074383045%7C_p_origin_prod%3A
ZoeRax 10PCS SC APC Embedded Optic Fiber Quick Connector for FTTH Reusable Fusion Fiber Optical Cold Adapter Connect Tool,$5.44,"https://ae-pic-a1.aliexpress-media.com/kf/S765522aeb213418f9d31caf248ab5bc2e.jpg_220x220q75.jpg_.avif,https://ae-pic-a1.aliexpress-media.com/kf/S2a1e38d965884500ab49fc286bfb3131N.jpg_220x220q75.jpg_.avif,https://ae-pic-a1.aliexpress-media.com/kf/Sb033b36f100d4669ad514a0ff058dd0f4.jpg_220x220q75.jpg_.avif,https://ae-pic-a1.aliexpress-media.com/kf/S151c04d972104f80b1279e8c14a88868p.jpg_220x220q75.jpg_.avif,https://ae-pic-a1.aliexpress-media.com/kf/S3ffffcdeb5ea4a76bd943e2c1d55e17eE.jpg_220x220q75.jpg_.avif","['High-concerned chemical', 'None', 'Model Number', 'LZM1-SCAPC', 'Brand Name', 'ZoeRax', 'Origin', 'Mainland China', 'Certification', 'FCC,RoHS']",https://www.aliexpress.us/item/3256811827615985.html?algo_pvid=75a05200-701a-4374-99b6-8fa958ecb265&algo_exp_id=75a05200-701a-4374-99b6-8fa958ecb265-28&pdp_ext_f=%7B%22order%22%3A%221315%22%2C%22eval%22%3A%221%22%2C%22orig_sl_item_id%22%3A%221005012013930737%22%2C%22orig_item_id%22%3A%221005008571430043%22%2C%22fromPage%22%3A%22search%22%7D&pdp_npi=6%40dis%21USD%2111.89%215.44%21%21%2180.78%2136.99%21%40210141f717773955169378101ea4a4%2112000057287206789%21sea%21US%210%21ABX%211%210%21n_tag%3A-29910%3Bd%3A859fd760%3Bm03_new_user%3A-29895%3BpisId%3A5000000204886261&curPageLogUid=5oL4tEuUNVxZ&utparam-url=scene%3Asearch%7Cquery_from%3A%7Cx_object_id%3A1005012013930737%7C_p_origin_prod%3A1005008571430043
Nylon Belt Clip Phone Case Man Waist Bag For iPhone 17 16 15 14 13 Pro Max Samsung S25 S24 S23 S22 S21 Plus Redmi Holster Cover,$3.91,"https://ae-pic-a1.aliexpress-media.com/kf/S4f6ea8362e314368bcf853db14dfeef23.jpg?has_lang=1&ver=2_220x220q75.jpg_.avif,https://ae-pic-a1.aliexpress-media.com/kf/S96b83f7049044566a6cdd75ad535fa02O.jpg_220x220q75.jpg_.avif,https://ae-pic-a1.aliexpress-media.com/kf/S0d90a39a39164cd0bb0497c09b179e65N.jpg_220x220q75.jpg_.avif,https://ae-pic-a1.aliexpress-media.com/kf/S8e078a3862ba4250b1e6bb8be6ae370cS.jpg_220x220q75.jpg_.avif,https://ae-pic-a1.aliexpress-media.com/kf/Sc45b3dc38ddd48ef9793f1a0ce0ebbd7b.jpg_220x220q75.jpg_.avif","['High-concerned chemical', 'None', 'Features', 'Magnetic,Shock Proof,Anti-Fingerprint,Anti-Scratch,Dustproof,With Holder,Matte / Anti-Glare,Non-Slip,Waterproof/Underwater,With Belt Loop', 'Main Material', 'Nylon', 'Design', 'Plain', 'Type', 'Pouch', 'Brand Name', 'HKNR', 'Origin', 'Mainland China']",https://www.aliexpress.us/item/3256808675396831.html?algo_pvid=75a05200-701a-4374-99b6-8fa958ecb265&algo_exp_id=75a05200-701a-4374-99b6-8fa958ecb265-31&pdp_ext_f=%7B%22order%22%3A%221273%22%2C%22eval%22%3A%221%22%2C%22fromPage%22%3A%22search%22%7D&pdp_npi=6%40dis%21USD%2124.76%212.41%21%21%21168.18%2116.36%21%40210141f717773955169378101ea4a4%2112000047158322412%21sea%21US%210%21ABX%211%210%21n_tag%3A-29910%3Bd%3A859fd760%3Bm03_new_user%3A-29895%3BpisId%3A5000000203531392&curPageLogUid=xiFAhuHbt5KZ&utparam-url=scene%3Asearch%7Cquery_from%3A%7Cx_object_id%3A1005008861711583%7C_p_origin_prod%3A
TOLIFEEL 3.5-7.5inch Phone Holder Nylon Pouch Cell Belt Clip Holster Case Waist Bag for Samsung S24 Ultra 15 Pro Max M to XXXL,$0.99,"https://ae-pic-a1.aliexpress-media.com/kf/Scbc6b742a08541e1be19dd2862d9c77eg.jpg_220x220q75.jpg_.avif,https://ae-pic-a1.aliexpress-media.com/kf/S08f1ef072ac842f3ac905b5008c8bbadC.jpg_220x220q75.jpg_.avif,https://ae-pic-a1.aliexpress-media.com/kf/S438d3c167f20419e8e3d9eeadb668a6f9.jpg_220x220q75.jpg_.avif,https://ae-pic-a1.aliexpress-media.com/kf/Sb8638e0900444b63aa1e9f937095f39fI.jpg_220x220q75.jpg_.avif,https://ae-pic-a1.aliexpress-media.com/kf/Sf305a688b2ff433585aca05051d2224aX.jpg_220x220q75.jpg_.avif","['High-concerned chemical', 'None', 'Features', 'With Ring,Anti-Fingerprint,Anti-Scratch,Dustproof,Heavy Duty,Non-Slip,With Belt Loop', 'Main Material', 'Nylon', 'Design', 'Plain,Fabric', 'Type', 'Pouch', 'Brand Name', 'TOLIFEEL', 'Origin', 'Mainland China', 'Material', 'High Quality Nylon Bag + Metal Hook', 'Color', 'Black', 'Size', 'M L XL XXL XXXL', 'Compatible Model1', 'for iPhone 15 Pro Max', 'Compatible Model2', 'for Samsung Galaxy S24 Ultra']",https://www.aliexpress.us/item/3256807029843247.html?algo_pvid=75a05200-701a-4374-99b6-8fa958ecb265&algo_exp_id=75a05200-701a-4374-99b6-8fa958ecb265-35&pdp_ext_f=%7B%22order%22%3A%221129%22%2C%22eval%22%3A%221%22%2C%22fromPage%22%3A%22search%22%7D&pdp_npi=6%40dis%21USD%216.76%210.99%21%21%216.76%210.99%21%40210141f717773955169378101ea4a4%2112000039856088342%21sea%21US%210%21ABX%211%210%21n_tag%3A-29910%3Bd%3A859fd760%3Bm03_new_user%3A-29895%3BpisId%3A5000000203531395&curPageLogUid=DhGr7Vab15jY&utparam-url=scene%3Asearch%7Cquery_from%3A%7Cx_object_id%3A1005007216157999%7C_p_origin_prod%3A
For iphone SE Cover iphone SE 2020 2022 2023 Fundas Coque Slide Lens Magnet Ring Holder Back Case For iphone 6 7 8,$3.29,"https://ae-pic-a1.aliexpress-media.com/kf/Sdde8457743714ac48707c3fd66a3c8d92.jpg?has_lang=1&ver=2_220x220q75.jpg_.avif,https://ae-pic-a1.aliexpress-media.com/kf/S43527c667d27438eaa12a178018c5a45h.jpg?has_lang=1&ver=2_220x220q75.jpg_.avif,https://ae-pic-a1.aliexpress-media.com/kf/S9dc39c5c7b4e4a7da34483cc75bff90d0.jpg?has_lang=1&ver=2_220x220q75.jpg_.avif,https://ae-pic-a1.aliexpress-media.com/kf/S03051707a507441081ffb15c93717102o.jpg?has_lang=1&ver=2_220x220q75.jpg_.avif,https://ae-pic-a1.aliexpress-media.com/kf/S429dd41321464e10a71df4c8b6485b795.jpg?has_lang=1&ver=2_220x220q75.jpg_.avif","['High-concerned chemical', 'None', 'Features', 'Anti-Fingerprint,Anti-Scratch,Dustproof,Non-Slip', 'Main Material', 'Plastic', 'Design', 'Plain', 'Type', 'Half-Wrapped Case', 'Brand Name', 'Peaktop', 'Origin', 'Mainland China', 'Design Style', '2023 Heavy Duty Robot Armor Hybrid Rugged Case Cover', 'Compatible Mobile Phone', 'Phone Shell For iphone se', 'fit crowd', 'business Men fashion women Popular man woman girl boy Gift present', 'style', 'Easy access to all buttons, headphone jack and charging port', 'style 1', 'Fashion Flexible rugged anti-knock protector hard back defender', 'style 2', 'shockproof soft tpu dual layer impact capinha case Shock absorption', 'style 3', 'Design With built-in Stand Tough and durable', 'style 4', 'Car Holder Stand Magnetic Bracket Finger Ring Case', 'Model', 'For iphone SE Phone Shell Coque Fundas Bumper', 'Model 1', 'For iphone SE Case', 'Model 2', 'For iphone SE Cover', 'Model 3', 'Case For iphone SE', 'Model 4', 'Cover For iphone SE', 'Model 5', 'Shell For iphone SE', 'Model 7', 'Coque For iphone SE', 'Model 8', 'Funda For iphone SE', 'Model 9', 'For iphone 6 Case', 'Model 10', 'For iphone 6 Cover', 'Model 11', 'Case For iphone 6', 'Model 12', 'Cover For iphone 6', 'Model 13', 'Shell For iphone 6', 'Model 14', 'Coque For iphone 6', 'Model 15', 'Funda For iphone 6', 'Model 16', 'For iphone 8 Cover', 'Model 17', 'Case For iphone 8', 'Model 18', 'Cover For iphone 8', 'Model 19', 'Shell For iphone 8', 'Model 20', 'Coque For iphone 8', 'Model 21', 'Funda For iphone 8']",https://www.aliexpress.us/item/3256806152806973.html?algo_pvid=75a05200-701a-4374-99b6-8fa958ecb265&algo_exp_id=75a05200-701a-4374-99b6-8fa958ecb265-36&pdp_ext_f=%7B%22order%22%3A%221106%22%2C%22eval%22%3A%221%22%2C%22fromPage%22%3A%22search%22%7D&pdp_npi=6%40dis%21USD%213.79%213.29%21%21%213.79%213.29%21%40210141f717773955169378101ea4a4%2112000036816032982%21sea%21US%210%21ABX%211%210%21n_tag%3A-29910%3Bd%3A859fd760%3Bm03_new_user%3A-29895%3BpisId%3A5000000204886261&curPageLogUid=4VI8VedGIYKy&utparam-url=scene%3Asearch%7Cquery_from%3A%7Cx_object_id%3A1005006339121725%7C_p_origin_prod%3A
Luxury Rhinestone Bow Litchi Pattern Leather Phone Case For iPhone 17 16 15 14 13 12 11 Pro Max X XS Plus Soft Shockproof Cover,$0.99,"https://ae-pic-a1.aliexpress-media.com/kf/S41809ccad9ed4f6b90b719233039245dZ.jpg_220x220q75.jpg_.avif,https://ae-pic-a1.aliexpress-media.com/kf/Se6ef7adfe5ad4c2788d866adbedc321eh.jpg_220x220q75.jpg_.avif,https://ae-pic-a1.aliexpress-media.com/kf/Se678d1f3cdde4c179afe76929fdb28b23.jpg_220x220q75.jpg_.avif,https://ae-pic-a1.aliexpress-media.com/kf/S21da8261fe6b4ad89089faf80dc73225v.jpg_220x220q75.jpg_.avif,https://ae-pic-a1.aliexpress-media.com/kf/S18338819c2f9433094cbc27f3cd95bcfN.jpg_220x220q75.jpg_.avif","['High-concerned chemical', 'None', 'Features', 'Shock Proof', 'Main Material', 'Silicone', 'Design', 'Jewelled,Cartoon', 'Type', '3D Case', 'Origin', 'Mainland China', 'Material', 'Soft Silicone']",https://www.aliexpress.us/item/3256808865946771.html?algo_pvid=75a05200-701a-4374-99b6-8fa958ecb265&algo_exp_id=75a05200-701a-4374-99b6-8fa958ecb265-38&pdp_ext_f=%7B%22order%22%3A%221084%22%2C%22eval%22%3A%221%22%2C%22fromPage%22%3A%22search%22%7D&pdp_npi=6%40dis%21USD%213.97%210.99%21%21%213.97%210.99%21%40210141f717773955169378101ea4a4%2112000050613976882%21sea%21US%210%21ABX%211%210%21n_tag%3A-29910%3Bd%3A859fd760%3Bm03_new_user%3A-29895%3BpisId%3A5000000203531392&curPageLogUid=wxLGhJMKfTWw&utparam-url=scene%3Asearch%7Cquery_from%3A%7Cx_object_id%3A1005009052261523%7C_p_origin_prod%3A
Natalink FC SC ST LC Male to Female Fiber Optic Connector FTTH Singlemode Adapter for Visual Fault Locator Optical Power Meter,$3.60,"https://ae-pic-a1.aliexpress-media.com/kf/Sd68de07f4ebb41699278e8c70f3051175.jpg_220x220q75.jpg_.avif,https://ae-pic-a1.aliexpress-media.com/kf/Sa18008aeca2c4823906bdb06f5f094e3f.jpg_220x220q75.jpg_.avif,https://ae-pic-a1.aliexpress-media.com/kf/Sa49da3e3d92b4d76ae4a4fb8f831c6f67.jpg_220x220q75.jpg_.avif,https://ae-pic-a1.aliexpress-media.com/kf/S7368c030d5b14fffa781477dc7472417g.jpg_220x220q75.jpg_.avif,https://ae-pic-a1.aliexpress-media.com/kf/Sa680d0d489234034916f3a883bb4d0a10.png_220x220.png_.avif","['High-concerned chemical', 'None', 'Model Number', 'S9', 'Brand Name', 'NATALINK', 'Origin', 'Mainland China', 'Certification', 'FCC,RoHS', 'Product name', 'Fiber Optic Connectors', 'Product type', 'SC LC FC ST 1.25mm 2.5mm', 'Operating wavelength', '1200nm~1600nm', 'Sleeve material', 'Ceramic and Metal', 'Operating temperature', '-40°c+95°c', 'Interchangeability', '≤0.2dB', 'Loss rate', '≤0.2dB', 'Plug and unplug times', '>1000', 'Storage temperature', '-55°c+85°c']",https://www.aliexpress.us/item/3256808196607000.html?algo_pvid=75a05200-701a-4374-99b6-8fa958ecb265&algo_exp_id=75a05200-701a-4374-99b6-8fa958ecb265-39&pdp_ext_f=%7B%22order%22%3A%221057%22%2C%22eval%22%3A%221%22%2C%22fromPage%22%3A%22search%22%7D&pdp_npi=6%40dis%21USD%214.20%213.60%21%21%214.20%213.60%21%40210141f717773955169378101ea4a4%2112000045186761028%21sea%21US%210%21ABX%211%210%21n_tag%3A-29910%3Bd%3A859fd760%3Bm03_new_user%3A-29895%3BpisId%3A5000000204886261&curPageLogUid=IUArX9Fskyq8&utparam-url=scene%3Asearch%7Cquery_from%3A%7Cx_object_id%3A1005008382921752%7C_p_origin_prod%3A
Home Hotel Wired Desktop Wall Phone Office Landline Telephon,$12.17,"https://ae-pic-a1.aliexpress-media.com/kf/Sb5f1411cde7c4a378b0f8f015642357fX.jpg?has_lang=1&ver=2_220x220q75.jpg_.avif,https://ae-pic-a1.aliexpress-media.com/kf/S3300e0a1d5454312bc9d00dcbd0bb49fo.jpg?has_lang=1&ver=2_220x220q75.jpg_.avif,https://ae-pic-a1.aliexpress-media.com/kf/S34359d79289c4e2280e7b16d509a2a338.jpg?has_lang=1&ver=2_220x220q75.jpg_.avif,https://ae-pic-a1.aliexpress-media.com/kf/S38392c29116a424c841e2d6fe2cd0e0cu.jpg?has_lang=1&ver=2_220x220q75.jpg_.avif,https://ae-pic-a1.aliexpress-media.com/kf/S6f755c07cd924eeab6c40aa3178a1314g.jpg?has_lang=1&ver=2_220x220q75.jpg_.avif","['Brand Name', 'YOUTHINK', 'Origin', 'Mainland China']",https://www.aliexpress.us/item/3256807911531735.html?algo_pvid=75a05200-701a-4374-99b6-8fa958ecb265&algo_exp_id=75a05200-701a-4374-99b6-8fa958ecb265-41&pdp_ext_f=%7B%22order%22%3A%221016%22%2C%22eval%22%3A%221%22%2C%22orig_sl_item_id%22%3A%221005008097846487%22%2C%22orig_item_id%22%3A%221005007131863132%22%2C%22fromPage%22%3A%22search%22%7D&pdp_npi=6%40dis%21USD%2126.40%2112.17%21%21%21179.38%2182.70%21%40210141f717773955169378101ea4a4%2112000043724919272%21sea%21US%210%21ABX%211%210%21n_tag%3A-29910%3Bd%3A859fd760%3Bm03_new_user%3A-29895%3BpisId%3A5000000204886261&curPageLogUid=mkg4qX7R96Rx&utparam-url=scene%3Asearch%7Cquery_from%3A%7Cx_object_id%3A1005008097846487%7C_p_origin_prod%3A1005007131863132
Home Hotel Wired Desktop Wall Phone Office Landline Telephon,$7.58,"https://ae-pic-a1.aliexpress-media.com/kf/Sb5f1411cde7c4a378b0f8f015642357fX.jpg?has_lang=1&ver=2_220x220q75.jpg_.avif,https://ae-pic-a1.aliexpress-media.com/kf/S3300e0a1d5454312bc9d00dcbd0bb49fo.jpg?has_lang=1&ver=2_220x220q75.jpg_.avif,https://ae-pic-a1.aliexpress-media.com/kf/S34359d79289c4e2280e7b16d509a2a338.jpg?has_lang=1&ver=2_220x220q75.jpg_.avif,https://ae-pic-a1.aliexpress-media.com/kf/S38392c29116a424c841e2d6fe2cd0e0cu.jpg?has_lang=1&ver=2_220x220q75.jpg_.avif,https://ae-pic-a1.aliexpress-media.com/kf/S6f755c07cd924eeab6c40aa3178a1314g.jpg?has_lang=1&ver=2_220x220q75.jpg_.avif","['Brand Name', 'YOUTHINK', 'Origin', 'Mainland China']",https://www.aliexpress.us/item/3256806945548380.html?algo_pvid=75a05200-701a-4374-99b6-8fa958ecb265&algo_exp_id=75a05200-701a-4374-99b6-8fa958ecb265-42&pdp_ext_f=%7B%22order%22%3A%221015%22%2C%22eval%22%3A%221%22%2C%22fromPage%22%3A%22search%22%7D&pdp_npi=6%40dis%21USD%2136.34%216.08%21%21%21246.86%2141.32%21%40210141f717773955169378101ea4a4%2112000039509936558%21sea%21US%210%21ABX%211%210%21n_tag%3A-29910%3Bd%3A859fd760%3Bm03_new_user%3A-29895%3BpisId%3A5000000203531392&curPageLogUid=lijo88Lf6PoK&utparam-url=scene%3Asearch%7Cquery_from%3A%7Cx_object_id%3A1005007131863132%7C_p_origin_prod%3A
Cordless Phone Desktop Telephone Support GSM 850/900/1800/1900MHZ Dual SIM Card 2G Fixed Wireless Phone with Antenna Radio Alarm,$37.88,"https://ae-pic-a1.aliexpress-media.com/kf/Sdc05a0ab88be4a04a5c8b4cd14879cbbi.jpg_220x220q75.jpg_.avif,https://ae-pic-a1.aliexpress-media.com/kf/S50d6db88460e4bc88b1353e077c18c620.jpg_220x220q75.jpg_.avif,https://ae-pic-a1.aliexpress-media.com/kf/S8cc8a0ba43184ee69e4fc2246c10010b4.jpg_220x220q75.jpg_.avif,https://ae-pic-a1.aliexpress-media.com/kf/S0c98bc7d7be140d58aff0c5145a751f14.jpg_220x220q75.jpg_.avif,https://ae-pic-a1.aliexpress-media.com/kf/Sfb1de0f99160482b94aeef5680e17936Y.jpg_220x220q75.jpg_.avif","['Wire Type', 'Corded', 'Voice Mail', 'Yes', 'Brand Name', 'Aibecy', 'Origin', 'Mainland China']",https://www.aliexpress.us/item/3256807448436906.html?algo_pvid=75a05200-701a-4374-99b6-8fa958ecb265&algo_exp_id=75a05200-701a-4374-99b6-8fa958ecb265-43&pdp_ext_f=%7B%22order%22%3A%22992%22%2C%22eval%22%3A%221%22%2C%22orig_sl_item_id%22%3A%221005007634751658%22%2C%22orig_item_id%22%3A%221005005850360546%22%2C%22fromPage%22%3A%22search%22%7D&pdp_npi=6%40dis%21USD%2183.44%2137.88%21%21%21566.84%21257.35%21%40210141f717773955169378101ea4a4%2112000041586462557%21sea%21US%210%21ABX%211%210%21n_tag%3A-29910%3Bd%3A859fd760%3Bm03_new_user%3A-29895%3BpisId%3A5000000204886261&curPageLogUid=vdWfLA3dLX4l&utparam-url=scene%3Asearch%7Cquery_from%3A%7Cx_object_id%3A1005007634751658%7C_p_origin_prod%3A1005005850360546
Cordless Phone Desktop Telephone Support GSM 850/900/1800/1900MHZ Dual SIM Card 2G Fixed Wireless Phone with Antenna Radio Alarm,$34.92,"https://ae-pic-a1.aliexpress-media.com/kf/Sdc05a0ab88be4a04a5c8b4cd14879cbbi.jpg_220x220q75.jpg_.avif,https://ae-pic-a1.aliexpress-media.com/kf/S50d6db88460e4bc88b1353e077c18c620.jpg_220x220q75.jpg_.avif,https://ae-pic-a1.aliexpress-media.com/kf/S8cc8a0ba43184ee69e4fc2246c10010b4.jpg_220x220q75.jpg_.avif,https://ae-pic-a1.aliexpress-media.com/kf/S0c98bc7d7be140d58aff0c5145a751f14.jpg_220x220q75.jpg_.avif,https://ae-pic-a1.aliexpress-media.com/kf/Sfb1de0f99160482b94aeef5680e17936Y.jpg_220x220q75.jpg_.avif","['Wire Type', 'Corded', 'Voice Mail', 'Yes', 'Brand Name', 'Aibecy', 'Origin', 'Mainland China']",https://www.aliexpress.us/item/3256805664045794.html?algo_pvid=75a05200-701a-4374-99b6-8fa958ecb265&algo_exp_id=75a05200-701a-4374-99b6-8fa958ecb265-44&pdp_ext_f=%7B%22order%22%3A%22979%22%2C%22eval%22%3A%221%22%2C%22fromPage%22%3A%22search%22%7D&pdp_npi=6%40dis%21USD%21112.28%2133.42%21%21%21762.78%21227.05%21%40210141f717773955169378101ea4a4%2112000034570895270%21sea%21US%210%21ABX%211%210%21n_tag%3A-29910%3Bd%3A859fd760%3Bm03_new_user%3A-29895%3BpisId%3A5000000203531392&curPageLogUid=FfkLzaLXKlno&utparam-url=scene%3Asearch%7Cquery_from%3A%7Cx_object_id%3A1005005850360546%7C_p_origin_prod%3A
HAWEEL Mobile Phone Waist Bag 4.7-6.8 inch Phone Holster Case Cell Phone Belt Clip Pouch For iPhone 17 16 15 14 13 12 11 Samsung,$6.81,"https://ae-pic-a1.aliexpress-media.com/kf/S6ca7ae9370fd4a0b8eb438ce0a8cf638t.jpg_220x220q75.jpg_.avif,https://ae-pic-a1.aliexpress-media.com/kf/S6ca7ae9370fd4a0b8eb438ce0a8cf638t.jpg_220x220q75.jpg_.avif,https://ae-pic-a1.aliexpress-media.com/kf/S4ea516e5e6c542a0a536477cbef5cc31U.jpg_220x220q75.jpg_.avif,https://ae-pic-a1.aliexpress-media.com/kf/Sc44d05a4a9084bb8a24b113703ceadd2V.jpg_220x220q75.jpg_.avif,https://ae-pic-a1.aliexpress-media.com/kf/S4da4135c3698482190863b4ae71ba304e.jpg_220x220q75.jpg_.avif","['High-concerned chemical', 'None', 'Features', 'Shock Proof,Anti-Scratch,With Belt Loop', 'Main Material', 'Nylon', 'Design', 'Plain', 'Type', 'Pouch', 'Origin', 'Mainland China']",https://www.aliexpress.us/item/3256805414446842.html?algo_pvid=75a05200-701a-4374-99b6-8fa958ecb265&algo_exp_id=75a05200-701a-4374-99b6-8fa958ecb265-46&pdp_ext_f=%7B%22order%22%3A%22949%22%2C%22eval%22%3A%221%22%2C%22fromPage%22%3A%22search%22%7D&pdp_npi=6%40dis%21USD%2122.14%216.81%21%21%21150.41%2146.24%21%40210141f717773955169378101ea4a4%2112000033727404293%21sea%21US%210%21ABX%211%210%21n_tag%3A-29910%3Bd%3A859fd760%3Bm03_new_user%3A-29895%3BpisId%3A5000000204886261&curPageLogUid=coeJPygkTsVg&utparam-url=scene%3Asearch%7Cquery_from%3A%7Cx_object_id%3A1005005600761594%7C_p_origin_prod%3A
Universal Leather Men Waist Bag Mobile Phone Belt Clip Case For iPhone Samsung Galaxy Xiaomi Redmi Poco Oppo 7 Pro Holster Pouch,$0.99,"https://ae-pic-a1.aliexpress-media.com/kf/S5f60bc215f974a98b77bef4976015f05D.jpg_220x220q75.jpg_.avif,https://ae-pic-a1.aliexpress-media.com/kf/Sbe954aaaa19d4a48a159d013255c80289.jpg_220x220q75.jpg_.avif,https://ae-pic-a1.aliexpress-media.com/kf/S0c3c97ae6f8949829f2691ff545aac8aN.jpg_220x220q75.jpg_.avif,https://ae-pic-a1.aliexpress-media.com/kf/S264efaacb4ac441a9e77585eab2cd96ey.jpg_220x220q75.jpg_.avif,https://ae-pic-a1.aliexpress-media.com/kf/S03c820c97c9540efb3c0de2475786235E.jpg_220x220q75.jpg_.avif","['High-concerned chemical', 'None', 'Features', 'Magnetic,Anti-Fingerprint,Anti-Scratch,Dustproof,With Holder,Matte / Anti-Glare,Non-Slip,Waterproof/Underwater,With Belt Loop', 'Main Material', 'Pu leather', 'Design', 'Plain', 'Type', 'Phone Bag', 'Brand Name', 'HKNR', 'Origin', 'Mainland China']",https://www.aliexpress.us/item/3256804638816451.html?algo_pvid=75a05200-701a-4374-99b6-8fa958ecb265&algo_exp_id=75a05200-701a-4374-99b6-8fa958ecb265-47&pdp_ext_f=%7B%22order%22%3A%22922%22%2C%22eval%22%3A%221%22%2C%22fromPage%22%3A%22search%22%7D&pdp_npi=6%40dis%21USD%217.88%210.99%21%21%217.88%210.99%21%40210141f717773955169378101ea4a4%2112000030628846143%21sea%21US%210%21ABX%211%210%21n_tag%3A-29910%3Bd%3A859fd760%3Bm03_new_user%3A-29895%3BpisId%3A5000000203531395&curPageLogUid=eXYEfiYpGrP1&utparam-url=scene%3Asearch%7Cquery_from%3A%7Cx_object_id%3A1005004825131203%7C_p_origin_prod%3A
ZoeRax OM4 LC to LC Fiber Patch Cable 10Gb Multi-Mode Jumper Duplex 50/125μm LSZH for MMF SFP SFP+ Transceiver,$4.04,"https://ae-pic-a1.aliexpress-media.com/kf/S2044f68a57754eab9f26497e0a5c9c444.jpg?has_lang=1&ver=2_220x220q75.jpg_.avif,https://ae-pic-a1.aliexpress-media.com/kf/Se19d1fc22f5442b39b9273359f438f39c.jpg?has_lang=1&ver=2_220x220q75.jpg_.avif,https://ae-pic-a1.aliexpress-media.com/kf/S5b00145660b14b409bf2268f394c019d4.jpg?has_lang=1&ver=2_220x220q75.jpg_.avif,https://ae-pic-a1.aliexpress-media.com/kf/S07dc959ae8354a3496bae7ee774a798d7.jpg?has_lang=1&ver=2_220x220q75.jpg_.avif,https://ae-pic-a1.aliexpress-media.com/kf/S3fa6471733034f708e4dac3d911d33522.jpg?has_lang=1&ver=2_220x220q75.jpg_.avif","['High-concerned chemical', 'None', 'Model Number', 'OM4', 'Brand Name', 'ZoeRax', 'Origin', 'Mainland China', 'Certification', 'CE']",https://www.aliexpress.us/item/3256809274164965.html?algo_pvid=75a05200-701a-4374-99b6-8fa958ecb265&algo_exp_id=75a05200-701a-4374-99b6-8fa958ecb265-48&pdp_ext_f=%7B%22order%22%3A%22921%22%2C%22eval%22%3A%221%22%2C%22orig_sl_item_id%22%3A%221005009460479717%22%2C%22orig_item_id%22%3A%221005008561625494%22%2C%22fromPage%22%3A%22search%22%7D&pdp_npi=6%40dis%21USD%219.67%214.04%21%21%2165.72%2127.49%21%40210141f717773955169378101ea4a4%2112000049174381827%21sea%21US%210%21ABX%211%210%21n_tag%3A-29910%3Bd%3A859fd760%3Bm03_new_user%3A-29895%3BpisId%3A5000000204886261&curPageLogUid=dHzDMdCg75kC&utparam-url=scene%3Asearch%7Cquery_from%3A%7Cx_object_id%3A1005009460479717%7C_p_origin_prod%3A1005008561625494
ZoeRax OM3 Fiber Optic Patch Cable (Carrier grade) LC UPC to LC UPC Duplex 3.0mm 50/125μm 10Gbps Multimode Riser (LSZH),$4.45,"https://ae-pic-a1.aliexpress-media.com/kf/Sabb6271913094474969da77450eba832l.jpg?has_lang=1&ver=2_220x220q75.jpg_.avif,https://ae-pic-a1.aliexpress-media.com/kf/S45ae51cf7a3f49569d9f033a7313ab97K.jpg?has_lang=1&ver=2_220x220q75.jpg_.avif,https://ae-pic-a1.aliexpress-media.com/kf/S7bc3db21797f46698ae92fd07f359c19U.jpg?has_lang=1&ver=2_220x220q75.jpg_.avif,https://ae-pic-a1.aliexpress-media.com/kf/S2f8afdf4f2514f31ab89e674a73b0d28i.jpg?has_lang=1&ver=2_220x220q75.jpg_.avif,https://ae-pic-a1.aliexpress-media.com/kf/S15685cd56790434a9171708e020975e1D.jpg?has_lang=1&ver=2_220x220q75.jpg_.avif","['High-concerned chemical', 'None', 'Model Number', 'PATCHCORD', 'Brand Name', 'ZoeRax', 'Origin', 'Mainland China', 'Connector type', 'LC-LC Duplex (Dual LC Connectors)', 'Fiber type', '50/125μm OM3 Multimode Fiber (Laser-Optimized Multimode Fiber)', 'Operating wavelength', '850 nm & 1300 nm']",https://www.aliexpress.us/item/3256808061681146.html?algo_pvid=75a05200-701a-4374-99b6-8fa958ecb265&algo_exp_id=75a05200-701a-4374-99b6-8fa958ecb265-49&pdp_ext_f=%7B%22order%22%3A%22907%22%2C%22eval%22%3A%221%22%2C%22orig_sl_item_id%22%3A%221005008247995898%22%2C%22orig_item_id%22%3A%221005006990343664%22%2C%22fromPage%22%3A%22search%22%7D&pdp_npi=6%40dis%21USD%2110.53%214.45%21%21%2171.54%2130.22%21%40210141f717773955169378101ea4a4%2112000044371200768%21sea%21US%210%21ABX%211%210%21n_tag%3A-29910%3Bd%3A859fd760%3Bm03_new_user%3A-29895%3BpisId%3A5000000204886261&curPageLogUid=oU9YkfXBm0RR&utparam-url=scene%3Asearch%7Cquery_from%3A%7Cx_object_id%3A1005008247995898%7C_p_origin_prod%3A1005006990343664
Luxury Wallet Case For iPhone 6 6S Case iPhone 7 8 Plus Soft Silicone Leather Flip Case For Coque iPhone 8 7 6 6S Plus Cover Bag,$0.99,"https://ae-pic-a1.aliexpress-media.com/kf/S5a33e689d9f74b06916a130d995dbb21P.jpg_220x220q75.jpg_.avif,https://ae-pic-a1.aliexpress-media.com/kf/S5a33e689d9f74b06916a130d995dbb21P.jpg_220x220q75.jpg_.avif,https://ae-pic-a1.aliexpress-media.com/kf/Sa99270b52c8c40eeb7886712e6d752a5T.jpg_220x220q75.jpg_.avif,https://ae-pic-a1.aliexpress-media.com/kf/S6cf6c6316a7946dd9b7b37d99efab351x.jpg_220x220q75.jpg_.avif,https://ae-pic-a1.aliexpress-media.com/kf/Sc146d8af61d243168cf5c0e89114ac78r.jpg_220x220q75.jpg_.avif","['High-concerned chemical', 'None', 'Features', 'With Lanyard,Anti-Scratch,Dustproof', 'Main Material', 'Pu leather', 'Design', 'Plain', 'Type', 'Flip Case', 'Origin', 'Mainland China', 'Material', 'Soft TPU + PU Leather', 'Support', 'Dropshipping + Free Shipping', 'Function', 'Shock-Proof + Scratch-Resistant + Anti-Skid +Dirt-resistant', 'Model 1', 'Case For iPhone', 'Model 2', 'For Case iPhone', 'Model 3', 'Cover For iPhone', 'Model 4', 'Phone Case For iPhone', 'Model 5', 'Wallet Case For iPhone', 'Model 6', 'Leather Case for iPhone', 'Model 7', 'Book Case For iPhone', 'Model 8', 'Flip Case For iPhone']",https://www.aliexpress.us/item/3256805346657170.html?algo_pvid=75a05200-701a-4374-99b6-8fa958ecb265&algo_exp_id=75a05200-701a-4374-99b6-8fa958ecb265-50&pdp_ext_f=%7B%22order%22%3A%22890%22%2C%22eval%22%3A%221%22%2C%22fromPage%22%3A%22search%22%7D&pdp_npi=6%40dis%21USD%213.94%213.44%21%21%213.94%213.44%21%40210141f717773955169378101ea4a4%2112000033439362213%21sea%21US%210%21ABX%211%210%21n_tag%3A-29910%3Bd%3A859fd760%3Bm03_new_user%3A-29895%3BpisId%3A5000000204886261&curPageLogUid=ttWovKr8JFYs&utparam-url=scene%3Asearch%7Cquery_from%3A%7Cx_object_id%3A1005005532971922%7C_p_origin_prod%3A
For iPhone SE 3 2022 Case Shockproof Hybrid Case Dual Layer Design Hard Cover For iPhone SE 2 2020/iPhone 6/6S/7/8 Plus Cases,$3.79,"https://ae-pic-a1.aliexpress-media.com/kf/S225de994d8054527aca2f3534ac2b277M.jpg_220x220q75.jpg_.avif,https://ae-pic-a1.aliexpress-media.com/kf/Sbb57e098d91d4812bdedae65faa6738aN.jpg_220x220q75.jpg_.avif,https://ae-pic-a1.aliexpress-media.com/kf/S73724b4be1444b6e8bde92a5e5bbaeb2n.jpg_220x220q75.jpg_.avif,https://ae-pic-a1.aliexpress-media.com/kf/S3a0648b458e249e0982f60a573b3216eb.jpg_220x220q75.jpg_.avif,https://ae-pic-a1.aliexpress-media.com/kf/S9966d521f0284902ba21793cc13201cdD.jpg_220x220q75.jpg_.avif","['High-concerned chemical', 'None', 'Features', 'Shock Proof,Washable,Anti-Fingerprint,Anti-Scratch,Tough Case,Dual Layer,Dustproof,Heavy Duty,Non-Slip', 'Main Material', 'Pc + tpu', 'Design', 'Plain', 'Type', 'FULL COVERAGE', 'Brand Name', 'kumonkey', 'Origin', 'Mainland China']",https://www.aliexpress.us/item/3256804445981839.html?algo_pvid=75a05200-701a-4374-99b6-8fa958ecb265&algo_exp_id=75a05200-701a-4374-99b6-8fa958ecb265-52&pdp_ext_f=%7B%22order%22%3A%22874%22%2C%22eval%22%3A%221%22%2C%22fromPage%22%3A%22search%22%7D&pdp_npi=6%40dis%21USD%214.31%213.79%21%21%214.31%213.79%21%40210141f717773955169378101ea4a4%2112000029908997921%21sea%21US%210%21ABX%211%210%21n_tag%3A-29910%3Bd%3A859fd760%3Bm03_new_user%3A-29895%3BpisId%3A5000000204886261&curPageLogUid=zW249CFA8Me0&utparam-url=scene%3Asearch%7Cquery_from%3A%7Cx_object_id%3A1005004632296591%7C_p_origin_prod%3A
ZoeRax OM3 Fiber Optic Patch Cable (Carrier grade) LC UPC to LC UPC Duplex 3.0mm 50/125μm 10Gbps Multimode Riser (LSZH),$4.17,"https://ae-pic-a1.aliexpress-media.com/kf/Sabb6271913094474969da77450eba832l.jpg?has_lang=1&ver=2_220x220q75.jpg_.avif,https://ae-pic-a1.aliexpress-media.com/kf/S45ae51cf7a3f49569d9f033a7313ab97K.jpg?has_lang=1&ver=2_220x220q75.jpg_.avif,https://ae-pic-a1.aliexpress-media.com/kf/S7bc3db21797f46698ae92fd07f359c19U.jpg?has_lang=1&ver=2_220x220q75.jpg_.avif,https://ae-pic-a1.aliexpress-media.com/kf/S2f8afdf4f2514f31ab89e674a73b0d28i.jpg?has_lang=1&ver=2_220x220q75.jpg_.avif,https://ae-pic-a1.aliexpress-media.com/kf/S15685cd56790434a9171708e020975e1D.jpg?has_lang=1&ver=2_220x220q75.jpg_.avif","['High-concerned chemical', 'None', 'Model Number', 'PATCHCORD', 'Brand Name', 'ZoeRax', 'Origin', 'Mainland China', 'Connector type', 'LC-LC Duplex (Dual LC Connectors)', 'Fiber type', '50/125μm OM3 Multimode Fiber (Laser-Optimized Multimode Fiber)', 'Operating wavelength', '850 nm & 1300 nm']",https://www.aliexpress.us/item/3256806804028912.html?algo_pvid=75a05200-701a-4374-99b6-8fa958ecb265&algo_exp_id=75a05200-701a-4374-99b6-8fa958ecb265-53&pdp_ext_f=%7B%22order%22%3A%22861%22%2C%22eval%22%3A%221%22%2C%22fromPage%22%3A%22search%22%7D&pdp_npi=6%40dis%21USD%2115.06%214.17%21%21%21102.28%2128.31%21%40210141f717773955169378101ea4a4%2112000038968844838%21sea%21US%210%21ABX%211%210%21n_tag%3A-29910%3Bd%3A859fd760%3Bm03_new_user%3A-29895%3BpisId%3A5000000204886261&curPageLogUid=XSU3VtUlraud&utparam-url=scene%3Asearch%7Cquery_from%3A%7Cx_object_id%3A1005006990343664%7C_p_origin_prod%3A
ZoeRax OM4 LC to LC Fiber Patch Cable 10Gb Multi-Mode Jumper Duplex 50/125μm LSZH for MMF SFP SFP+ Transceiver,$0.99,"https://ae-pic-a1.aliexpress-media.com/kf/S2044f68a57754eab9f26497e0a5c9c444.jpg?has_lang=1&ver=2_220x220q75.jpg_.avif,https://ae-pic-a1.aliexpress-media.com/kf/Se19d1fc22f5442b39b9273359f438f39c.jpg?has_lang=1&ver=2_220x220q75.jpg_.avif,https://ae-pic-a1.aliexpress-media.com/kf/S5b00145660b14b409bf2268f394c019d4.jpg?has_lang=1&ver=2_220x220q75.jpg_.avif,https://ae-pic-a1.aliexpress-media.com/kf/S07dc959ae8354a3496bae7ee774a798d7.jpg?has_lang=1&ver=2_220x220q75.jpg_.avif,https://ae-pic-a1.aliexpress-media.com/kf/S3fa6471733034f708e4dac3d911d33522.jpg?has_lang=1&ver=2_220x220q75.jpg_.avif","['High-concerned chemical', 'None', 'Model Number', 'OM4', 'Brand Name', 'ZoeRax', 'Origin', 'Mainland China', 'Certification', 'CE']",https://www.aliexpress.us/item/3256808375310742.html?algo_pvid=75a05200-701a-4374-99b6-8fa958ecb265&algo_exp_id=75a05200-701a-4374-99b6-8fa958ecb265-54&pdp_ext_f=%7B%22order%22%3A%22850%22%2C%22eval%22%3A%221%22%2C%22fromPage%22%3A%22search%22%7D&pdp_npi=6%40dis%21USD%219.38%210.99%21%21%2163.72%216.72%21%40210141f717773955169378101ea4a4%2112000045732286498%21sea%21US%210%21ABX%211%210%21n_tag%3A-29910%3Bd%3A859fd760%3Bm03_new_user%3A-29895%3BpisId%3A5000000203531392&curPageLogUid=0ASZYWAsedzH&utparam-url=scene%3Asearch%7Cquery_from%3A%7Cx_object_id%3A1005008561625494%7C_p_origin_prod%3A
Natalink SC Fiber Optic Coupler SC Female to SC Female APC Simplex Single Mode Fiber Optical Adapter Network Internet Connector,$0.99,"https://ae-pic-a1.aliexpress-media.com/kf/S2ae62c1cd530496095340270e5f31115h.jpg?has_lang=1&ver=2_220x220q75.jpg_.avif,https://ae-pic-a1.aliexpress-media.com/kf/S804f46a219e041eb84c7441e3b9b3662T.jpg?has_lang=1&ver=2_220x220q75.jpg_.avif,https://ae-pic-a1.aliexpress-media.com/kf/S1c2f0db9aeb24d6d96e89141520508e9r.jpg?has_lang=1&ver=2_220x220q75.jpg_.avif,https://ae-pic-a1.aliexpress-media.com/kf/Sb944c2e4b57c45da8737cbf8bca3a9c5M.jpg?has_lang=1&ver=2_220x220q75.jpg_.avif,https://ae-pic-a1.aliexpress-media.com/kf/S2f6006e3f84b46e687744ad25dfe55354.jpg?has_lang=1&ver=2_220x220q75.jpg_.avif","['High-concerned chemical', 'None', 'Model Number', 'S9--SCAPCD-010', 'Brand Name', 'NATALINK', 'Origin', 'Mainland China', 'Connector A', 'Fiber Optic SC/APC Female', 'Connector B', 'Fiber Optic SC/APC Female', 'Working temperature', '-25℃±70℃', 'Storage temperature', '-40℃±80℃', 'Plug Repeatability', '≥1000times', 'Interchangeability', '≤0.2dB', 'Insertion loss', '≤0.2dB', 'Echo loss', '≤40 dB']",https://www.aliexpress.us/item/3256808604658573.html?algo_pvid=75a05200-701a-4374-99b6-8fa958ecb265&algo_exp_id=75a05200-701a-4374-99b6-8fa958ecb265-55&pdp_ext_f=%7B%22order%22%3A%22831%22%2C%22eval%22%3A%221%22%2C%22fromPage%22%3A%22search%22%7D&pdp_npi=6%40dis%21USD%211.62%210.99%21%21%211.62%210.99%21%40210141f717773955169378101ea4a4%2112000046675737644%21sea%21US%210%21ABX%211%210%21n_tag%3A-29910%3Bd%3A859fd760%3Bm03_new_user%3A-29895%3BpisId%3A5000000203531395&curPageLogUid=PGpuRKbYV4Ja&utparam-url=scene%3Asearch%7Cquery_from%3A%7Cx_object_id%3A1005008790973325%7C_p_origin_prod%3A
Tactical Cell Phone Pouch Holster with Free Buckle Protable Wallet Card Waist Pack Outdoor Sports Nylon Carrying Case Fanny Pack,$0.99,"https://ae-pic-a1.aliexpress-media.com/kf/Sce22b437b667400da7cdd4af2901acdbl.jpg_220x220q75.jpg_.avif,https://ae-pic-a1.aliexpress-media.com/kf/S245ad8ca5e064b8f91524572164287a2I.jpg_220x220q75.jpg_.avif,https://ae-pic-a1.aliexpress-media.com/kf/Se84a49beab454b7ca58b9bfb6a6b80e5X.jpg_220x220q75.jpg_.avif,https://ae-pic-a1.aliexpress-media.com/kf/Sa2626b120ade47db8a5d39d312180448n.jpg_220x220q75.jpg_.avif,https://ae-pic-a1.aliexpress-media.com/kf/S0fde52c5376f4f1a967f4544b4d5c8b5n.jpg_220x220q75.jpg_.avif","['High-concerned chemical', 'None', 'Features', 'Dustproof,Storage Compartment', 'Main Material', 'Nylon', 'Design', 'Not Specified', 'Type', 'Pouch', 'Origin', 'Mainland China', 'Colour', 'Black', 'Product category', 'Sports waist pack, sports accessory pack', 'With or without an inner bladder', 'Nothing', 'Applicable gender', 'Unisex', 'Types of accessories', 'Mobile phone pocket', 'Material quality', 'Nylon', 'Capacity', 'Black']",https://www.aliexpress.us/item/3256806053834221.html?algo_pvid=75a05200-701a-4374-99b6-8fa958ecb265&algo_exp_id=75a05200-701a-4374-99b6-8fa958ecb265-56&pdp_ext_f=%7B%22order%22%3A%22825%22%2C%22eval%22%3A%221%22%2C%22fromPage%22%3A%22search%22%7D&pdp_npi=6%40dis%21USD%212.96%210.99%21%21%2120.13%216.75%21%40210141f717773955169378101ea4a4%2112000036425786685%21sea%21US%210%21ABX%211%210%21n_tag%3A-29910%3Bd%3A859fd760%3Bm03_new_user%3A-29895%3BpisId%3A5000000203531395&curPageLogUid=6eXgNZFcjcUb&utparam-url=scene%3Asearch%7Cquery_from%3A%7Cx_object_id%3A1005006240148973%7C_p_origin_prod%3A
Universal Leather Phone Holster Belt Clip Case For iPhone 16 15 14 13 Pro Max Samsung S24 S23 Huawei Xiaomi Men Waist Bag Cover,$0.99,"https://ae-pic-a1.aliexpress-media.com/kf/S2be5acf360504c53a63e25121a1f2d76i.jpg?has_lang=1&ver=2_220x220q75.jpg_.avif,https://ae-pic-a1.aliexpress-media.com/kf/S40322924a5d6474f8e1a43ea25ab3b53n.jpg_220x220q75.jpg_.avif,https://ae-pic-a1.aliexpress-media.com/kf/S8015a872938a4f9db64b81922c3ac525F.jpg_220x220q75.jpg_.avif,https://ae-pic-a1.aliexpress-media.com/kf/S4e1d1d7da4184efdbfb6bcb6b7a6f409h.jpg?has_lang=1&ver=2_220x220q75.jpg_.avif,https://ae-pic-a1.aliexpress-media.com/kf/S9db9dced8275406b9073f810430d457dR.jpg?has_lang=1&ver=2_220x220q75.jpg_.avif","['High-concerned chemical', 'None', 'Features', 'Magnetic,Storage Compartment,With Clip,With Strap', 'Main Material', 'Leather', 'Design', 'Plain', 'Type', 'Phone Bag', 'Brand Name', 'XhaoR', 'Origin', 'Mainland China', 'Color', 'Black', 'Material 1', 'PU material', 'Material 2', 'High grade velvet lining material', 'Features 1', 'Two side surround with high-end elastic nylon tape material', 'Features 2', 'The small cover conceals a super strong magnetic plate that tightly attracts', 'Features 3', 'Independent packaging OPP plastic bag']",https://www.aliexpress.us/item/3256808035274368.html?algo_pvid=75a05200-701a-4374-99b6-8fa958ecb265&algo_exp_id=75a05200-701a-4374-99b6-8fa958ecb265-57&pdp_ext_f=%7B%22order%22%3A%22772%22%2C%22eval%22%3A%221%22%2C%22fromPage%22%3A%22search%22%7D&pdp_npi=6%40dis%21USD%2118.75%210.99%21%21%21127.38%216.76%21%40210141f717773955169378101ea4a4%2112000044318505314%21sea%21US%210%21ABX%211%210%21n_tag%3A-29910%3Bd%3A859fd760%3Bm03_new_user%3A-29895%3BpisId%3A5000000203531392&curPageLogUid=Uy4fNHhwJNun&utparam-url=scene%3Asearch%7Cquery_from%3A%7Cx_object_id%3A1005008221589120%7C_p_origin_prod%3A
Natalink SC APC Embedded Optic Fiber Quick Connector for FTTH Reusable Fusion Fiber Optical Cold Coupler Adapter Connect Tools,$0.99,"https://ae-pic-a1.aliexpress-media.com/kf/S89a218f336ca47fab1481f24db988811Q.jpg_220x220q75.jpg_.avif,https://ae-pic-a1.aliexpress-media.com/kf/S25401fd1522a4e5bab13143079d1f5adG.jpg_220x220q75.jpg_.avif,https://ae-pic-a1.aliexpress-media.com/kf/S23ac5673f9224e0fb8991f9b242f94c55.jpg_220x220q75.jpg_.avif,https://ae-pic-a1.aliexpress-media.com/kf/Sc4431e886cba4cf4a03ef7ae99e372bfN.jpg_220x220q75.jpg_.avif,https://ae-pic-a1.aliexpress-media.com/kf/S4cdbaef44e26410c8516f60ced5787aeP.jpg_220x220q75.jpg_.avif","['High-concerned chemical', 'None', 'Model Number', 'LZM1-SCAPC', 'Brand Name', 'NATALINK', 'Origin', 'Mainland China', 'Product name', 'embedded fiber cold connector', 'Product type', 'APC', 'Insertion loss', '≤3.0dB', 'Interchangeability', '≤0.2dB', 'Repeatability', '≤0.1dB', 'Durability', '≤0.2dB (1000 times mating)', 'Wavelength', '1200nm~1600nm', 'Optical cable', '2*3 butterfly optical cable', 'Humidity', '≤0.2dB (+25+65 93 R.H.100 hours)', 'Plug material', 'ceramic plug', 'Operating temperature', '-40°c+75°c']",https://www.aliexpress.us/item/3256808121394438.html?algo_pvid=75a05200-701a-4374-99b6-8fa958ecb265&algo_exp_id=75a05200-701a-4374-99b6-8fa958ecb265-59&pdp_ext_f=%7B%22order%22%3A%22738%22%2C%22eval%22%3A%221%22%2C%22fromPage%22%3A%22search%22%7D&pdp_npi=6%40dis%21USD%215.46%210.99%21%21%215.46%210.99%21%40210141f717773955169378101ea4a4%2112000044612178525%21sea%21US%210%21ABX%211%210%21n_tag%3A-29910%3Bd%3A859fd760%3Bm03_new_user%3A-29895%3BpisId%3A5000000203531395&curPageLogUid=j3yoddcPaOri&utparam-url=scene%3Asearch%7Cquery_from%3A%7Cx_object_id%3A1005008307709190%7C_p_origin_prod%3A
Luxury Wallet Case For iPhone 6 6S Case iPhone 7 8 Plus Soft Silicone Leather Flip Case For Coque iPhone 8 7 6 6S Plus Cover Bag,$0.99,"https://ae-pic-a1.aliexpress-media.com/kf/S5a33e689d9f74b06916a130d995dbb21P.jpg_220x220q75.jpg_.avif,https://ae-pic-a1.aliexpress-media.com/kf/S5a33e689d9f74b06916a130d995dbb21P.jpg_220x220q75.jpg_.avif,https://ae-pic-a1.aliexpress-media.com/kf/Sa99270b52c8c40eeb7886712e6d752a5T.jpg_220x220q75.jpg_.avif,https://ae-pic-a1.aliexpress-media.com/kf/S6cf6c6316a7946dd9b7b37d99efab351x.jpg_220x220q75.jpg_.avif,https://ae-pic-a1.aliexpress-media.com/kf/Sc146d8af61d243168cf5c0e89114ac78r.jpg_220x220q75.jpg_.avif","['High-concerned chemical', 'None', 'Features', 'With Lanyard,Anti-Scratch,Dustproof', 'Main Material', 'Pu leather', 'Design', 'Plain', 'Type', 'Flip Case', 'Origin', 'Mainland China', 'Material', 'Soft TPU + PU Leather', 'Support', 'Dropshipping + Free Shipping', 'Function', 'Shock-Proof + Scratch-Resistant + Anti-Skid +Dirt-resistant', 'Model 1', 'Case For iPhone', 'Model 2', 'For Case iPhone', 'Model 3', 'Cover For iPhone', 'Model 4', 'Phone Case For iPhone', 'Model 5', 'Wallet Case For iPhone', 'Model 6', 'Leather Case for iPhone', 'Model 7', 'Book Case For iPhone', 'Model 8', 'Flip Case For iPhone']",https://www.aliexpress.us/item/3256805346657170.html?algo_pvid=12cc9870-e5b0-4992-b157-7456f73cb018&algo_exp_id=12cc9870-e5b0-4992-b157-7456f73cb018-5&pdp_ext_f=%7B%22order%22%3A%22890%22%2C%22eval%22%3A%221%22%2C%22fromPage%22%3A%22search%22%7D&pdp_npi=6%40dis%21USD%213.94%210.99%21%21%213.94%210.99%21%402101e80f17773965605317966e935a%2112000033439362213%21sea%21US%210%21ABX%211%210%21n_tag%3A-29910%3Bd%3Af5295fa4%3Bm03_new_user%3A-29895%3BpisId%3A5000000203712598&curPageLogUid=pIObT5frCFPJ&utparam-url=scene%3Asearch%7Cquery_from%3A%7Cx_object_id%3A1005005532971922%7C_p_origin_prod%3A
Luxury Rhinestone Bowknot Pattern Leather Shockproof Phone Case for iPhone 16 15 14 13 12 11 Pro Max Cute Glitter Soft TPU Case,$3.47,"https://ae-pic-a1.aliexpress-media.com/kf/Sf84af1a638c24fecba1eac85126fd9e2v.jpg?has_lang=1&ver=2_220x220q75.jpg_.avif,https://ae-pic-a1.aliexpress-media.com/kf/S197d3e0d1d1b4c33addd061440277a4eU.jpg_220x220q75.jpg_.avif,https://ae-pic-a1.aliexpress-media.com/kf/S0840472310424028834795ee32c03535j.jpg?has_lang=1&ver=2_220x220q75.jpg_.avif,https://ae-pic-a1.aliexpress-media.com/kf/Sdb2ba5630b3645faa8fe5c5016619ad4P.jpg_220x220q75.jpg_.avif,https://ae-pic-a1.aliexpress-media.com/kf/Sac97c7a27ff94690b929ff9061ff10784.jpg_220x220q75.jpg_.avif","['High-concerned chemical', 'None', 'Features', 'Shock Proof,Washable,No Features,Anti-Fingerprint,Anti-Scratch,Dustproof,Glitter,Non-Slip', 'Main Material', 'Leather', 'Design', 'Jewelled,Plain,Cartoon,Glitter', 'Type', 'FULL COVERAGE', 'Brand Name', 'wixcen', 'Origin', 'Mainland China', 'Color', 'pink', 'material', 'High Quality Soft TPU Silicone', 'Model', 'For iPhone 16 15 14 13 12 11 promax case', 'feature', 'bowknot case for iphone 16', 'feature1', 'bling diamond sequins case', 'Function', 'Shockproof+Anti-knock+Anti-skid+Scratch-resistant']",https://www.aliexpress.us/item/3256808093583086.html?algo_pvid=12cc9870-e5b0-4992-b157-7456f73cb018&algo_exp_id=12cc9870-e5b0-4992-b157-7456f73cb018-16&pdp_ext_f=%7B%22order%22%3A%22708%22%2C%22eval%22%3A%221%22%2C%22fromPage%22%3A%22search%22%7D&pdp_npi=6%40dis%21USD%215.30%213.47%21%21%215.30%213.47%21%402101e80f17773965605317966e935a%2112000044464177762%21sea%21US%210%21ABX%211%210%21n_tag%3A-29910%3Bd%3Af5295fa4%3Bm03_new_user%3A-29895%3BpisId%3A5000000204886261&curPageLogUid=HOCuEwHDY88D&utparam-url=scene%3Asearch%7Cquery_from%3A%7Cx_object_id%3A1005008279897838%7C_p_origin_prod%3A
1Pcs Fiber Optic APC/UPC FC/LC/SC/ST Male/Female to UPC LC/SC/FC/ST Female Adapter Single-mode Converter Hybrid Connector,$2.96,"https://ae-pic-a1.aliexpress-media.com/kf/S3f9a972f6ae948219b5c52eacc0469c9B.jpg_220x220q75.jpg_.avif,https://ae-pic-a1.aliexpress-media.com/kf/Sfe3545806cef41ff9d34d5e6cb99a89bd.jpg_220x220q75.jpg_.avif,https://ae-pic-a1.aliexpress-media.com/kf/S6bf1ea4620bf48769d40faff76f366bfe.jpg_220x220q75.jpg_.avif,https://ae-pic-a1.aliexpress-media.com/kf/Sb3da2d037a6c44b8a200bee8c4f93ae28.jpg_220x220q75.jpg_.avif,https://ae-pic-a1.aliexpress-media.com/kf/S004508e12e9749de9e875bb367f7d357v.jpg_220x220q75.jpg_.avif","['High-concerned chemical', 'None', 'Model Number', 'None', 'Brand Name', 'LYNNDM', 'Origin', 'Mainland China']",https://www.aliexpress.us/item/3256806659902652.html?algo_pvid=12cc9870-e5b0-4992-b157-7456f73cb018&algo_exp_id=12cc9870-e5b0-4992-b157-7456f73cb018-20&pdp_ext_f=%7B%22order%22%3A%22680%22%2C%22eval%22%3A%221%22%2C%22fromPage%22%3A%22search%22%7D&pdp_npi=6%40dis%21USD%219.69%212.96%21%21%2165.85%2120.14%21%402101e80f17773965605317966e935a%2112000038509380896%21sea%21US%210%21ABX%211%210%21n_tag%3A-29910%3Bd%3Af5295fa4%3Bm03_new_user%3A-29895%3BpisId%3A5000000204886261&curPageLogUid=GfoAz6chQEX3&utparam-url=scene%3Asearch%7Cquery_from%3A%7Cx_object_id%3A1005006846217404%7C_p_origin_prod%3A
Mini Phone Office Telephone Desktop Wall Mountable Telephone Home Landline Phone Fixed Wired Phones for Hotel Use,$6.10,"https://ae-pic-a1.aliexpress-media.com/kf/Sb5b4a940517f4bbeb07aabd0070cabc10.jpg?has_lang=1&ver=1_220x220q75.jpg_.avif,https://ae-pic-a1.aliexpress-media.com/kf/S28ba70fdf3b5455392b1f0b844072638T.jpg_220x220q75.jpg_.avif,https://ae-pic-a1.aliexpress-media.com/kf/S6f70d037b31d4fa8ad7a950609362ed9s.jpg?has_lang=1&ver=1_220x220q75.jpg_.avif,https://ae-pic-a1.aliexpress-media.com/kf/Sd140f8fa8de1429985f0b7ab7582b5afJ.jpg?has_lang=1&ver=2_220x220q75.jpg_.avif,https://ae-pic-a1.aliexpress-media.com/kf/Sfcb37971cd6d44f1be14de622ff8062aO.jpg?has_lang=1&ver=2_220x220q75.jpg_.avif","['High-concerned chemical', 'None', 'Type', 'Phones', 'Wire Type', 'Corded', 'Voice Mail', 'No', 'Model Number', 'Mini Phone', 'Brand Name', 'VBESTLIFE', 'Origin', 'Mainland China', 'Certification', 'NONE', 'type1', 'Wall Mountable Telephone', 'type2', 'Hotel Telephone', 'type3', 'Wall Mounted Telephone', 'type4', 'Office Telephone', 'type5', 'Corded Wall Phone', 'type6', 'Corded Phone']",https://www.aliexpress.us/item/3256803541677966.html?algo_pvid=12cc9870-e5b0-4992-b157-7456f73cb018&algo_exp_id=12cc9870-e5b0-4992-b157-7456f73cb018-23&pdp_ext_f=%7B%22order%22%3A%22642%22%2C%22eval%22%3A%221%22%2C%22fromPage%22%3A%22search%22%7D&pdp_npi=6%40dis%21USD%216.60%216.10%21%21%216.60%216.10%21%402101e80f17773965605317966e935a%2112000026952989345%21sea%21US%210%21ABX%211%210%21n_tag%3A-29910%3Bd%3Af5295fa4%3Bm03_new_user%3A-29895%3BpisId%3A5000000204886261&curPageLogUid=ZzzqF9zAPuPV&utparam-url=scene%3Asearch%7Cquery_from%3A%7Cx_object_id%3A1005003727992718%7C_p_origin_prod%3A
For Samsung S25 S24 S23 S22 S21Plus S24 Ultra S24 FE Smart phone Case Belt Clip Holster Nylon Cloth Bag Flip Cover Phone Pouch,$0.99,"https://ae-pic-a1.aliexpress-media.com/kf/Sbd193a1dca0d475db879b2a3a2634dd5V.jpg?has_lang=1&ver=1_220x220q75.jpg_.avif,https://ae-pic-a1.aliexpress-media.com/kf/S9c386387b63546f9a9aa053a05c19a54f.jpg_220x220q75.jpg_.avif,https://ae-pic-a1.aliexpress-media.com/kf/Sdeb3a3bdbf3f4b048e870ab8b84ee70fh.jpg?has_lang=1&ver=1_220x220q75.jpg_.avif,https://ae-pic-a1.aliexpress-media.com/kf/Sf19cfe61cdd34c31ac46cb68ab2848d9K.jpg_220x220q75.jpg_.avif,https://ae-pic-a1.aliexpress-media.com/kf/Sf11833ac39ed427bac9d3ae792b4b48dO.jpg_220x220q75.jpg_.avif","['High-concerned chemical', 'None', 'Features', 'Washable,Anti-Fingerprint,Anti-Scratch,Card Pocket,Dustproof', 'Main Material', 'Nylon', 'Design', 'Plain', 'Type', 'Pouch', 'Brand Name', 'FaLi Qisubao', 'Origin', 'Mainland China', 'Quality', 'High Quality a+++++', 'Feature', 'Casual Phone Cover Waist Cases', 'Feature 2', 'Universal Casual Phone Cover Waist Cases', 'Style', 'phone pouch', 'Feature 3', 'Belt Clip Holster Mobile phone package', 'Style 1', 'Universal phone pouch', 'Compatible Model 1', 'For Samsung Galaxy S25 Plus', 'Compatible Model 2', 'For Samsung Galaxy S23 Ultra', 'Compatible Model 3', 'For Samsung Galaxy S24 Ultra', 'Compatible Model 4', 'For Samsung Galaxy S25 Ultra', 'Compatible Model 5', 'For Samsung Galaxy S24 FE', 'Compatible Model 6', 'For iphone 16Pro 16', 'Compatible Model 7', 'For iphone 15 Plus', 'Compatible Model 8', 'For iphone 15 Pro Max', 'Compatible Model 9', 'For iphone 16 Pro Max', 'Compatible Model 10', 'For iphone 16 15 14 13 12']",https://www.aliexpress.us/item/3256805546476708.html?algo_pvid=12cc9870-e5b0-4992-b157-7456f73cb018&algo_exp_id=12cc9870-e5b0-4992-b157-7456f73cb018-0&pdp_ext_f=%7B%22order%22%3A%22596%22%2C%22eval%22%3A%221%22%2C%22fromPage%22%3A%22search%22%7D&pdp_npi=6%40dis%21USD%217.68%210.99%21%21%217.68%210.99%21%402101e80f17773965605317966e935a%2112000034149858249%21sea%21US%210%21ABX%211%210%21n_tag%3A-29910%3Bd%3Af5295fa4%3Bm03_new_user%3A-29895%3BpisId%3A5000000203537349&curPageLogUid=dnwAQ3wYHL0p&utparam-url=scene%3Asearch%7Cquery_from%3A%7Cx_object_id%3A1005005732791460%7C_p_origin_prod%3A
Belt Clip Holster Leather Pouch for Samsung Z Flip 3 Flip4 Flip5 Flip6 Universal Waist Bag Case Cover for Moto Razr 40/40ultra,$4.76,"https://ae-pic-a1.aliexpress-media.com/kf/S1325588f6a394d65a9d097517752401fQ.jpg_220x220q75.jpg_.avif,https://ae-pic-a1.aliexpress-media.com/kf/S41281b84287940c9883f8308b266222fg.jpg_220x220q75.jpg_.avif,https://ae-pic-a1.aliexpress-media.com/kf/S5242bdd92f05412a9bd2ddbd999a2b455.jpg_220x220q75.jpg_.avif,https://ae-pic-a1.aliexpress-media.com/kf/Sfd902f679b694276954d59c263e130cbl.jpg?has_lang=1&ver=2_220x220q75.jpg_.avif,https://ae-pic-a1.aliexpress-media.com/kf/Sccbc11c624484c3fb4372b97764be814o.jpg_220x220q75.jpg_.avif","['High-concerned chemical', 'None', 'Features', 'Anti-Fingerprint,Card Pocket,Non-Slip', 'Main Material', 'Leather', 'Design', 'Plain', 'Type', 'Pouch', 'Origin', 'Mainland China', 'Compatible Brand', 'Samsung']",https://www.aliexpress.us/item/3256807058016553.html?algo_pvid=12cc9870-e5b0-4992-b157-7456f73cb018&algo_exp_id=12cc9870-e5b0-4992-b157-7456f73cb018-1&pdp_ext_f=%7B%22order%22%3A%22588%22%2C%22eval%22%3A%221%22%2C%22fromPage%22%3A%22search%22%7D&pdp_npi=6%40dis%21USD%2127.74%214.76%21%21%21188.48%2132.38%21%402101e80f17773965605317966e935a%2112000039930453429%21sea%21US%210%21ABX%211%210%21n_tag%3A-29910%3Bd%3Af5295fa4%3Bm03_new_user%3A-29895%3BpisId%3A5000000203537339&curPageLogUid=BtGIPHfpsGAo&utparam-url=scene%3Asearch%7Cquery_from%3A%7Cx_object_id%3A1005007244331305%7C_p_origin_prod%3A
CHEETA Antique telephone Wedding Guest Audio Book Antique Telephone Decorative Recording Phone Audio Guestbook for Wedding,$83.04,"https://ae-pic-a1.aliexpress-media.com/kf/S15c69770f2514f33865520dc88f3b0cee.jpg?has_lang=1&ver=2_220x220q75.jpg_.avif,https://ae-pic-a1.aliexpress-media.com/kf/S15c69770f2514f33865520dc88f3b0cee.jpg?has_lang=1&ver=2_220x220q75.jpg_.avif,https://ae-pic-a1.aliexpress-media.com/kf/Saa17f5f90e2b49f596edaafda364685fO.jpg?has_lang=1&ver=2_220x220q75.jpg_.avif,https://ae-pic-a1.aliexpress-media.com/kf/S7fa9459a2a86413186f272c2d0503f02g.jpg?has_lang=1&ver=2_220x220q75.jpg_.avif,https://ae-pic-a1.aliexpress-media.com/kf/S54032034620b4ef0a7c4441c33345e604.jpg?has_lang=1&ver=2_220x220q75.jpg_.avif","['High-concerned chemical', 'None', 'Type', 'Phones', 'Wire Type', 'Corded', 'Voice Mail', 'Yes', 'Model Number', 'CT-C8022', 'Brand Name', 'CHEETA', 'Origin', 'Mainland China', 'Certification', 'CE,FCC', 'Color', 'white/black', 'Material', 'ABS plastic', 'Product Name', 'Audio Guestbook Phone', 'Style', 'Vintage', 'Use', 'Wedding', 'Certificate', 'CE/FCC', 'Service', 'ODM OEM Services']",https://www.aliexpress.us/item/3256806068899189.html?algo_pvid=12cc9870-e5b0-4992-b157-7456f73cb018&algo_exp_id=12cc9870-e5b0-4992-b157-7456f73cb018-2&pdp_ext_f=%7B%22order%22%3A%22579%22%2C%22eval%22%3A%221%22%2C%22fromPage%22%3A%22search%22%7D&pdp_npi=6%40dis%21USD%2191.04%2183.04%21%21%21618.49%21564.18%21%402101e80f17773965605317966e935a%2112000036486881044%21sea%21US%210%21ABX%211%210%21n_tag%3A-29910%3Bd%3Af5295fa4%3Bm03_new_user%3A-29895%3BpisId%3A5000000203537339&curPageLogUid=mplWtu9ovPcp&utparam-url=scene%3Asearch%7Cquery_from%3A%7Cx_object_id%3A1005006255213941%7C_p_origin_prod%3A
For NAC3FCA NAC3FCB NAC3MA 3Pin Powercon Connector 20A 250V Power Male Plug Adapter for Stage Light LED Screen Audio Equipment,$0.99,"https://ae-pic-a1.aliexpress-media.com/kf/Sed7ef5ff1fd242b0ab7a56393f967d88k.jpg?has_lang=1&ver=2_220x220q75.jpg_.avif,https://ae-pic-a1.aliexpress-media.com/kf/S5c3f93c08c6d4d16abfe329a9fb3303d0.jpg?has_lang=1&ver=2_220x220q75.jpg_.avif,https://ae-pic-a1.aliexpress-media.com/kf/Se7d0d1d726994d54831da8aedb309bfaR.jpg?has_lang=1&ver=2_220x220q75.jpg_.avif,https://ae-pic-a1.aliexpress-media.com/kf/S287cc73b9ad34a9e9a69e7399f45ce5eB.jpg?has_lang=1&ver=2_220x220q75.jpg_.avif,https://ae-pic-a1.aliexpress-media.com/kf/S545b138a7aba49609b1a1ef780cc040a4.jpg?has_lang=1&ver=2_220x220q75.jpg_.avif","['High-concerned chemical', 'None', 'Model Number', '1', 'Brand Name', 'BAPPSUS', 'Origin', 'Mainland China']",https://www.aliexpress.us/item/3256809631538483.html?algo_pvid=12cc9870-e5b0-4992-b157-7456f73cb018&algo_exp_id=12cc9870-e5b0-4992-b157-7456f73cb018-3&pdp_ext_f=%7B%22order%22%3A%22568%22%2C%22eval%22%3A%221%22%2C%22fromPage%22%3A%22search%22%7D&pdp_npi=6%40dis%21USD%219.79%210.99%21%21%2166.50%216.72%21%402101e80f17773965605317966e935a%2112000050266134956%21sea%21US%210%21ABX%211%210%21n_tag%3A-29910%3Bd%3Af5295fa4%3Bm03_new_user%3A-29895%3BpisId%3A5000000203537349&curPageLogUid=nRPnzDv8szqo&utparam-url=scene%3Asearch%7Cquery_from%3A%7Cx_object_id%3A1005009817853235%7C_p_origin_prod%3A
Luxury 3D Pearl Bowknow Glitter Rhinestone Shell Pattern Case For iPhone 17 Air 16 15 13 12 Pro Max 14 Plus Stylish Bling Cover,$0.99,"https://ae-pic-a1.aliexpress-media.com/kf/S9c71609d13c14fbf8b8e0e85ca5eb66aT.jpg_220x220q75.jpg_.avif,https://ae-pic-a1.aliexpress-media.com/kf/S9c71609d13c14fbf8b8e0e85ca5eb66aT.jpg_220x220q75.jpg_.avif,https://ae-pic-a1.aliexpress-media.com/kf/S57ec8ddf76a741f5b773d28ecf1bf2a7P.jpg_220x220q75.jpg_.avif,https://ae-pic-a1.aliexpress-media.com/kf/S4ed7ab1d00094119986b0fec105148eca.jpg_220x220q75.jpg_.avif,https://ae-pic-a1.aliexpress-media.com/kf/S75c84a84b3074f02a2ab416f3a9d0fa5e.jpg_220x220q75.jpg_.avif","['High-concerned chemical', 'None', 'Features', 'Washable,Anti-Fingerprint,Anti-Scratch,Dustproof,With Holder,WIth Kickstand,Non-Slip', 'Main Material', 'Plastic', 'Design', 'Plain,Geometric,Pictorial', 'Type', 'BUMPER', 'Origin', 'Mainland China', 'Design', 'Glitter Mirror phone case', 'Support', 'Dropshipping,Wholesale,Retail', 'Category1', 'Mobile Phone Accessories', 'Category2', 'Mobile Bags and Cases', 'Category3', 'Phone and Telecommunications', 'Feature1', 'Fashion Phone Case', 'Feature2', 'Japan Korea Stylish Phone Shell,3D Love Heart Phone case', 'Feature3', 'High Quality Phone Case', 'Feature4', 'Personalized Phone Case', 'Feature5', 'Drop Proof Phone Case', 'Feature6', 'Shockproof Phone Case', 'Feature 7', 'Silver Beads pendant phone cover,INS phone case', 'Feature8', 'Stylish Phone Case', 'Color', 'Silver']",https://www.aliexpress.us/item/3256809046756583.html?algo_pvid=12cc9870-e5b0-4992-b157-7456f73cb018&algo_exp_id=12cc9870-e5b0-4992-b157-7456f73cb018-4&pdp_ext_f=%7B%22order%22%3A%22559%22%2C%22eval%22%3A%221%22%2C%22fromPage%22%3A%22search%22%7D&pdp_npi=6%40dis%21USD%215.43%210.99%21%21%2136.90%216.74%21%402101e80f17773965605317966e935a%2112000048412931212%21sea%21US%210%21ABX%211%210%21n_tag%3A-29910%3Bd%3Af5295fa4%3Bm03_new_user%3A-29895%3BpisId%3A5000000203537349&curPageLogUid=md4yxiIUTmCw&utparam-url=scene%3Asearch%7Cquery_from%3A%7Cx_object_id%3A1005009233071335%7C_p_origin_prod%3A
Natalink 6pcs FC ST SC Fiber Optical Coupler Adapter D Type Fiber Optical Adapter Carrier Grade Connector for Server Rack Patch,$2.18,"https://ae-pic-a1.aliexpress-media.com/kf/S649ba3322c904f1f8e1ac5858a5f0e3ab.jpg_220x220q75.jpg_.avif,https://ae-pic-a1.aliexpress-media.com/kf/S36b1ed645e0245fc954e17dd0910497fO.jpg_220x220q75.jpg_.avif,https://ae-pic-a1.aliexpress-media.com/kf/Scca297951e2a4657b6c3429db681f02bp.jpg_220x220q75.jpg_.avif,https://ae-pic-a1.aliexpress-media.com/kf/S33a18f3fde0749f4abda4233d7310e3b2.jpg_220x220q75.jpg_.avif,https://ae-pic-a1.aliexpress-media.com/kf/Sba19a4de03164037aa1c208d2f90446af.jpg_220x220q75.jpg_.avif","['High-concerned chemical', 'None', 'Model Number', 'S9--FCTOSC-006', 'Brand Name', 'NATALINK', 'Origin', 'Mainland China', 'Product Type', 'Simplex FC-FC with D type panel mounting', 'Fiber Type', 'Single mode UPC', 'Coupler Type', 'Female to Female', 'Insertion Loss', '≤0.2dB', 'High Interchangeability', '≤0.25db', 'High Repeatability', '≤0.15db', 'Operating Temperature', '-20~70℃']",https://www.aliexpress.us/item/3256808605269043.html?algo_pvid=12cc9870-e5b0-4992-b157-7456f73cb018&algo_exp_id=12cc9870-e5b0-4992-b157-7456f73cb018-32&pdp_ext_f=%7B%22order%22%3A%22554%22%2C%22eval%22%3A%221%22%2C%22fromPage%22%3A%22search%22%7D&pdp_npi=6%40dis%21USD%212.74%212.18%21%21%212.74%212.18%21%402101e80f17773965605317966e935a%2112000046679520997%21sea%21US%210%21ABX%211%210%21n_tag%3A-29910%3Bd%3Af5295fa4%3Bm03_new_user%3A-29895%3BpisId%3A5000000204886261&curPageLogUid=XnqNeGqD6K18&utparam-url=scene%3Asearch%7Cquery_from%3A%7Cx_object_id%3A1005008791583795%7C_p_origin_prod%3A
FTTH Fiber Access Box SC Adapter with Pigtail Wall Mount 2120-T-1 Faceplate Wiring Enclosure,$0.99,"https://ae-pic-a1.aliexpress-media.com/kf/S862360c5e3664c058d98806f62e50c75M.jpg_220x220q75.jpg_.avif,https://ae-pic-a1.aliexpress-media.com/kf/S862360c5e3664c058d98806f62e50c75M.jpg_220x220q75.jpg_.avif,https://ae-pic-a1.aliexpress-media.com/kf/S6fc57c6f40f947c5a74f7dfd6657c2636.jpg_220x220q75.jpg_.avif,https://ae-pic-a1.aliexpress-media.com/kf/Sc06289935b674ab8b1619792e9eb5c03I.jpg_220x220q75.jpg_.avif,https://ae-pic-a1.aliexpress-media.com/kf/S84e237be141945e8a68c197e23ac85788.jpg_220x220q75.jpg_.avif","['High-concerned chemical', 'None', 'Model Number', '2120', 'Brand Name', 'NoEnName_Null', 'Origin', 'Mainland China']",https://www.aliexpress.us/item/3256809450995191.html?algo_pvid=12cc9870-e5b0-4992-b157-7456f73cb018&algo_exp_id=12cc9870-e5b0-4992-b157-7456f73cb018-6&pdp_ext_f=%7B%22order%22%3A%22549%22%2C%22eval%22%3A%221%22%2C%22fromPage%22%3A%22search%22%7D&pdp_npi=6%40dis%21USD%212.02%210.99%21%21%2113.70%216.70%21%402101e80f17773965605317966e935a%2112000049720731304%21sea%21US%210%21ABX%211%210%21n_tag%3A-29910%3Bd%3Af5295fa4%3Bm03_new_user%3A-29895%3BpisId%3A5000000203537349&curPageLogUid=RQmRs5HlnMDY&utparam-url=scene%3Asearch%7Cquery_from%3A%7Cx_object_id%3A1005009637309943%7C_p_origin_prod%3A
Cow Leather Belt Clip Phone Bag Men Waist Pouch For Samsung Galaxy S24 Ultra S23 S22 S21 Plus S20 FE Note 20 Mobile Case Holster,$0.99,"https://ae-pic-a1.aliexpress-media.com/kf/S7682b19353d747e0a9d2111185995337e.jpg_220x220q75.jpg_.avif,https://ae-pic-a1.aliexpress-media.com/kf/S7682b19353d747e0a9d2111185995337e.jpg_220x220q75.jpg_.avif,https://ae-pic-a1.aliexpress-media.com/kf/Sb730980367594a6ab082f07e45dd89f8l.jpg_220x220q75.jpg_.avif,https://ae-pic-a1.aliexpress-media.com/kf/S7bdcccc72cf64cad88b484f29e3ffa6bh.jpg_220x220q75.jpg_.avif,https://ae-pic-a1.aliexpress-media.com/kf/S13c79732e6894dbeba34b2b3566f9dded.jpg_220x220q75.jpg_.avif","['High-concerned chemical', 'None', 'Features', 'With Belt Loop', 'Main Material', 'Pu leather', 'Design', 'Plain', 'Type', 'Phone Bag', 'Brand Name', 'FULAIKATE', 'Origin', 'Mainland China', 'Waist Bag', 'LS Universal Bag for iPhone 14 Plus / iPhone 13 Pro Max', 'Cell Phone Pouch', 'for Samsung Galaxy S22+/ Note22', 'Portable Universal Bag', 'for Xiaomi Max3/Max2', 'Cloth Bag', 'for Samsung Galaxy Note 23 Ultra']",https://www.aliexpress.us/item/3256807104477231.html?algo_pvid=12cc9870-e5b0-4992-b157-7456f73cb018&algo_exp_id=12cc9870-e5b0-4992-b157-7456f73cb018-7&pdp_ext_f=%7B%22order%22%3A%22548%22%2C%22eval%22%3A%221%22%2C%22fromPage%22%3A%22search%22%7D&pdp_npi=6%40dis%21USD%218.47%210.99%21%21%218.47%210.99%21%402101e80f17773965605317966e935a%2112000040096817536%21sea%21US%210%21ABX%211%210%21n_tag%3A-29910%3Bd%3Af5295fa4%3Bm03_new_user%3A-29895%3BpisId%3A5000000203537349&curPageLogUid=AqItCcfaxwa5&utparam-url=scene%3Asearch%7Cquery_from%3A%7Cx_object_id%3A1005007290791983%7C_p_origin_prod%3A
Cow Leather Mobile Phone Belt Clip Case Men Waist Bag For iPhone 17 16 15 14 Pro Max Samsung Galaxy S25 S24 Redmi Holster Cover,$0.99,"https://ae-pic-a1.aliexpress-media.com/kf/S1549a90e0b3c4743ad73bd55391d0575R.jpg_220x220q75.jpg_.avif,https://ae-pic-a1.aliexpress-media.com/kf/S1725dd48aed54fbe9054be8782602defb.jpg?has_lang=1&ver=2_220x220q75.jpg_.avif,https://ae-pic-a1.aliexpress-media.com/kf/S2a6a30415eaa4688ba8616c0946d4a3fv.jpg_220x220q75.jpg_.avif,https://ae-pic-a1.aliexpress-media.com/kf/Sa19e51e056b1489ab343e9eb46a57f5ew.jpg_220x220q75.jpg_.avif,https://ae-pic-a1.aliexpress-media.com/kf/S8a44e6356e3342ff84ed272f72942eabM.jpg_220x220q75.jpg_.avif","['High-concerned chemical', 'None', 'Features', 'Magnetic,Anti-Fingerprint,Anti-Scratch,Dustproof,lightweight,Matte / Anti-Glare,Non-Slip,With Belt Loop', 'Main Material', 'Leather', 'Design', 'Plain', 'Type', 'Pouch', 'Brand Name', 'HKNR', 'Origin', 'Mainland China']",https://www.aliexpress.us/item/3256806928236447.html?algo_pvid=12cc9870-e5b0-4992-b157-7456f73cb018&algo_exp_id=12cc9870-e5b0-4992-b157-7456f73cb018-10&pdp_ext_f=%7B%22order%22%3A%22518%22%2C%22eval%22%3A%221%22%2C%22fromPage%22%3A%22search%22%7D&pdp_npi=6%40dis%21USD%217.58%210.99%21%21%217.58%210.99%21%402101e80f17773965605317966e935a%2112000039450167076%21sea%21US%210%21ABX%211%210%21n_tag%3A-29910%3Bd%3Af5295fa4%3Bm03_new_user%3A-29895%3BpisId%3A5000000203537349&curPageLogUid=x96ReBYn0NPp&utparam-url=scene%3Asearch%7Cquery_from%3A%7Cx_object_id%3A1005007114551199%7C_p_origin_prod%3A
"Corded Wall Phone, Slim Trimline Phone for Hotel, Landline Wall Telephone Set for Home/Bathroom/School/Office",$5.37,"https://ae-pic-a1.aliexpress-media.com/kf/Se453b89558164dac977a700b15416c3b5.jpg_220x220q75.jpg_.avif,https://ae-pic-a1.aliexpress-media.com/kf/Se453b89558164dac977a700b15416c3b5.jpg_220x220q75.jpg_.avif,https://ae-pic-a1.aliexpress-media.com/kf/Sa7d1887b90c7489fa90dd3762b95f398d.jpg_220x220q75.jpg_.avif,https://ae-pic-a1.aliexpress-media.com/kf/S3b3749083fc241f58ca41cae709db771o.jpg?has_lang=1&ver=1_220x220q75.jpg_.avif,https://ae-pic-a1.aliexpress-media.com/kf/S78082c85354f4b908414b50364e213bcw.jpg?has_lang=1&ver=2_220x220q75.jpg_.avif","['High-concerned chemical', 'None', 'Type', 'Phones', 'Wire Type', 'Corded', 'Voice Mail', 'No', 'Model Number', 'TC990', 'Brand Name', 'TelPal', 'Origin', 'Mainland China']",https://www.aliexpress.us/item/3256805357632780.html?algo_pvid=12cc9870-e5b0-4992-b157-7456f73cb018&algo_exp_id=12cc9870-e5b0-4992-b157-7456f73cb018-14&pdp_ext_f=%7B%22order%22%3A%22511%22%2C%22eval%22%3A%221%22%2C%22fromPage%22%3A%22search%22%7D&pdp_npi=6%40dis%21USD%2128.59%215.37%21%21%21194.20%2136.44%21%402101e80f17773965605317966e935a%2112000033478932387%21sea%21US%210%21ABX%211%210%21n_tag%3A-29910%3Bd%3Af5295fa4%3Bm03_new_user%3A-29895%3BpisId%3A5000000203537339&curPageLogUid=0isRgJpkVWpz&utparam-url=scene%3Asearch%7Cquery_from%3A%7Cx_object_id%3A1005005543947532%7C_p_origin_prod%3A
Shiny Glitter Star Rhinestone Shell Pattern Phone Case For iPhone 17 Air 16 15 14 13 12 11 Pro Max 14 Plus Soft Shockproof Cover,$0.99,"https://ae-pic-a1.aliexpress-media.com/kf/S8524bfd8542a4729bcfbaa5b820eded7V.jpg_220x220q75.jpg_.avif,https://ae-pic-a1.aliexpress-media.com/kf/S985bd80c2dda4380b6291a9acbe167c7e.jpg_220x220q75.jpg_.avif,https://ae-pic-a1.aliexpress-media.com/kf/S7fd923b31d574bc2a3a57bb156f2d797a.jpg_220x220q75.jpg_.avif,https://ae-pic-a1.aliexpress-media.com/kf/S858bdfa49b5347b5bc124a62fe7059ddk.jpg_220x220q75.jpg_.avif,https://ae-pic-a1.aliexpress-media.com/kf/S8d8ce814b3f4418a803ca8704e2bb1a6H.jpg_220x220q75.jpg_.avif","['High-concerned chemical', 'None', 'Features', 'Washable,Dustproof,Glitter,Non-Slip', 'Main Material', 'Plastic', 'Design', 'Plain,Geometric,Glitter,Pictorial', 'Type', 'BUMPER', 'Origin', 'Mainland China', 'Design', 'Cupid,angel', 'Case For 1', 'For iPhone 15promax/15pro/15/15plus', 'Case For 2', 'For iPhone 14promax/14pro/14/14plus', 'Case For 3', 'For iPhone 13promax/13pro/13', 'Case For 4', 'For iPhone 12promax/12pro/12', 'Case For 5', 'For iPhone 11promax/11pro/11', 'Support', 'Retail,Dropshipping,Wholesale', 'Feature 1', 'Anti-knock', 'Feature 2', 'Personalized Phone Case', 'Feature 3', 'Korean Style Phone Case', 'Feature 4', 'Fashion Phone Case', 'Feature 5', 'Scratch-resistant', 'Color', 'Pink', 'Category 1', 'High Quality Soft Silicone Shell', 'Category 2', 'Ins Stylish Case', 'Category 3', 'Precise hole position,seamless fit']",https://www.aliexpress.us/item/3256809468092225.html?algo_pvid=12cc9870-e5b0-4992-b157-7456f73cb018&algo_exp_id=12cc9870-e5b0-4992-b157-7456f73cb018-15&pdp_ext_f=%7B%22order%22%3A%22493%22%2C%22eval%22%3A%221%22%2C%22fromPage%22%3A%22search%22%7D&pdp_npi=6%40dis%21USD%214.69%210.99%21%21%2131.83%216.72%21%402101e80f17773965605317966e935a%2112000049782056412%21sea%21US%210%21ABX%211%210%21n_tag%3A-29910%3Bd%3Af5295fa4%3Bm03_new_user%3A-29895%3BpisId%3A5000000203537387&curPageLogUid=cBwYV4RcfGdI&utparam-url=scene%3Asearch%7Cquery_from%3A%7Cx_object_id%3A1005009654406977%7C_p_origin_prod%3A
"Leather Belt Clip Case Men Waist Bag For Samsung Z Flip 7 6 5 4 3 5G,Galaxy Flip7 Flip6 Flip5 Flip3,Oppo Find Vivo Holster Pouch",$5.32,"https://ae-pic-a1.aliexpress-media.com/kf/H98f07dec76ae4d67a749ae067297ce4c8.jpg_220x220q75.jpg_.avif,https://ae-pic-a1.aliexpress-media.com/kf/Hb755c6f3527843cb91e7eabcb4a44c1as.jpg_220x220q75.jpg_.avif,https://ae-pic-a1.aliexpress-media.com/kf/S537975a6d4de4d03a6569f621f20f1204.jpg_220x220q75.jpg_.avif,https://ae-pic-a1.aliexpress-media.com/kf/S3d0834c58a6d4f86b00d97d35ad3e79dX.jpg_220x220q75.jpg_.avif,https://ae-pic-a1.aliexpress-media.com/kf/S501b840d6f6943a3bb3a3e402f370092K.jpg_220x220q75.jpg_.avif","['High-concerned chemical', 'None', 'Features', 'Magnetic,Anti-Fingerprint,Anti-Scratch,Dustproof,Matte / Anti-Glare,Non-Slip,Waterproof/Underwater,With Belt Loop', 'Main Material', 'Artificial leather,Leather', 'Design', 'Plain', 'Type', 'Phone Bag', 'Brand Name', 'HKNR', 'Origin', 'Mainland China']",https://www.aliexpress.us/item/3256803486649287.html?algo_pvid=12cc9870-e5b0-4992-b157-7456f73cb018&algo_exp_id=12cc9870-e5b0-4992-b157-7456f73cb018-40&pdp_ext_f=%7B%22order%22%3A%22490%22%2C%22eval%22%3A%221%22%2C%22fromPage%22%3A%22search%22%7D&pdp_npi=6%40dis%21USD%215.96%215.32%21%21%215.96%215.32%21%402101e80f17773965605317966e935a%2112000030160444021%21sea%21US%210%21ABX%211%210%21n_tag%3A-29910%3Bd%3Af5295fa4%3Bm03_new_user%3A-29895%3BpisId%3A5000000204886261&curPageLogUid=t29UHr1JoKQp&utparam-url=scene%3Asearch%7Cquery_from%3A%7Cx_object_id%3A1005003672964039%7C_p_origin_prod%3A
360 Full Body Protective Soft Silicone Case for iPhone 6 6S 7 8 Plus TPU Case for iPhone X XS XR 11 12 13 Pro Max 14 Phone Cases,$2.13,"https://ae-pic-a1.aliexpress-media.com/kf/Sf84ab432e9dc491091b0b356e8b21156W.jpg_220x220q75.jpg_.avif,https://ae-pic-a1.aliexpress-media.com/kf/S37e108ba28ca4599bc0402d90bb7a88bk.jpg_220x220q75.jpg_.avif,https://ae-pic-a1.aliexpress-media.com/kf/S937f5e6a26bf4ab798c7620c379106a3S.jpg_220x220q75.jpg_.avif,https://ae-pic-a1.aliexpress-media.com/kf/Sf26529599e4b4b8ca9ac5f58a1718b993.jpg_220x220q75.jpg_.avif,https://ae-pic-a1.aliexpress-media.com/kf/S10d6c65dfdad47e8b3abe1b204bc0c79i.jpg_220x220q75.jpg_.avif","['High-concerned chemical', 'None', 'Features', 'Anti-Scratch,Dual Layer,Dustproof', 'Main Material', 'Plastic', 'Design', 'Transparent', 'Type', 'FULL COVERAGE', 'Brand Name', 'HERECASE', 'Origin', 'Mainland China']",https://www.aliexpress.us/item/3256805817459594.html?algo_pvid=12cc9870-e5b0-4992-b157-7456f73cb018&algo_exp_id=12cc9870-e5b0-4992-b157-7456f73cb018-42&pdp_ext_f=%7B%22order%22%3A%22484%22%2C%22eval%22%3A%221%22%2C%22fromPage%22%3A%22search%22%7D&pdp_npi=6%40dis%21USD%212.63%212.13%21%21%212.63%212.13%21%402101e80f17773965605317966e935a%2112000035270574410%21sea%21US%210%21ABX%211%210%21n_tag%3A-29910%3Bd%3Af5295fa4%3Bm03_new_user%3A-29895%3BpisId%3A5000000204886261&curPageLogUid=sM6Wibt6oMDa&utparam-url=scene%3Asearch%7Cquery_from%3A%7Cx_object_id%3A1005006003774346%7C_p_origin_prod%3A
Motorcycle Bracket Mobile Phone Protection Case Anti Vibration Protection Quick Lock For IPhone 6 7 8 11 12 13 14 15 16 Pro Max,$14.23,"https://ae-pic-a1.aliexpress-media.com/kf/Sa2e47092edf34db9925d49ebb4295debD.jpg?has_lang=1&ver=2_220x220q75.jpg_.avif,https://ae-pic-a1.aliexpress-media.com/kf/Sa2e47092edf34db9925d49ebb4295debD.jpg?has_lang=1&ver=2_220x220q75.jpg_.avif,https://ae-pic-a1.aliexpress-media.com/kf/S95558886d66843db9a624cb0f55a58c9X.jpg?has_lang=1&ver=1_220x220q75.jpg_.avif,https://ae-pic-a1.aliexpress-media.com/kf/Se47399a390014334bbedaefc15c5c8c34.jpg?has_lang=1&ver=2_220x220q75.jpg_.avif,https://ae-pic-a1.aliexpress-media.com/kf/Sc54635cc9d134d4fa165a2450bcc41f8h.jpg?has_lang=1&ver=2_220x220q75.jpg_.avif","['High-concerned chemical', 'None', 'Features', 'Anti-Scratch,Dustproof,Non-Slip', 'Main Material', 'PC', 'Design', 'Plain', 'Type', 'Half-Wrapped Case', 'Brand Name', 'Sungukun', 'Origin', 'Mainland China', 'Characteristic', 'Anti slip and shock absorption', 'Model', 'For IPhone 6 7 8 11 12 13 14 15 16 Pro Max']",https://www.aliexpress.us/item/3256805347867496.html?algo_pvid=12cc9870-e5b0-4992-b157-7456f73cb018&algo_exp_id=12cc9870-e5b0-4992-b157-7456f73cb018-45&pdp_ext_f=%7B%22order%22%3A%22469%22%2C%22eval%22%3A%221%22%2C%22fromPage%22%3A%22search%22%7D&pdp_npi=6%40dis%21USD%2131.86%2114.23%21%21%21216.41%2196.61%21%402101e80f17773965605317966e935a%2112000047810654336%21sea%21US%210%21ABX%211%210%21n_tag%3A-29910%3Bd%3Af5295fa4%3Bm03_new_user%3A-29895%3BpisId%3A5000000205277695&curPageLogUid=K1iZ80IZsyi9&utparam-url=scene%3Asearch%7Cquery_from%3A%7Cx_object_id%3A1005005534182248%7C_p_origin_prod%3A
Natalink 10pcs SC/LC/FC/ST Fiber Optic Coupler APC/UPC Simplex Duplex Quad Flange Adapter for Single Mode OS2 Pigtail Patch Cord,$0.99,"https://ae-pic-a1.aliexpress-media.com/kf/S3f906c23e2324d8c9d5d17dec95cf865s.jpg?has_lang=1&ver=1_220x220q75.jpg_.avif,https://ae-pic-a1.aliexpress-media.com/kf/S1fcc090c08124fd8882933ca77a41db7n.jpg?has_lang=1&ver=1_220x220q75.jpg_.avif,https://ae-pic-a1.aliexpress-media.com/kf/S7b50c3c59fb24c58a9c9f6f0607fe57a8.jpg?has_lang=1&ver=1_220x220q75.jpg_.avif,https://ae-pic-a1.aliexpress-media.com/kf/Sc331caed892e4c90b68a6f8cba4875e9e.jpg?has_lang=1&ver=1_220x220q75.jpg_.avif,https://ae-pic-a1.aliexpress-media.com/kf/S7cd4244e64ca4c48858763535f48b867W.jpg?has_lang=1&ver=1_220x220q75.jpg_.avif","['High-concerned chemical', 'None', 'Model Number', 'Flange', 'Brand Name', 'NATALINK', 'Origin', 'Mainland China', 'Product Name', 'Fiber Optic Coupler/ Flange', 'Product Type', 'simplex/Duplex', 'Insertion Loss', '≤0.2dB', 'Storage temperature', '-25°C~85°C', 'Working temperature', '-25°C~70°C', 'Ferrule material', 'Grade A Ceramics', 'Used to connect pigtails and patch cordsProduct Featuresin terminal', 'boxes/ODF racks']",https://www.aliexpress.us/item/3256808592039964.html?algo_pvid=12cc9870-e5b0-4992-b157-7456f73cb018&algo_exp_id=12cc9870-e5b0-4992-b157-7456f73cb018-19&pdp_ext_f=%7B%22order%22%3A%22431%22%2C%22eval%22%3A%221%22%2C%22fromPage%22%3A%22search%22%7D&pdp_npi=6%40dis%21USD%213.12%210.99%21%21%213.12%210.99%21%402101e80f17773965605317966e935a%2112000046645396569%21sea%21US%210%21ABX%211%210%21n_tag%3A-29910%3Bd%3Af5295fa4%3Bm03_new_user%3A-29895%3BpisId%3A5000000203537349&curPageLogUid=2uv4NSR48V2t&utparam-url=scene%3Asearch%7Cquery_from%3A%7Cx_object_id%3A1005008778354716%7C_p_origin_prod%3A
1Pcs Fiber Optic Adapter APC/UPC SC FC Male to APC/UPC SC FC Female 0dB Attenuator Single-mode 1200nm-1600nm Converter Connector,$2.60,"https://ae-pic-a1.aliexpress-media.com/kf/Scdcd113e99e947abbfe78ec3559c5280g.jpg_220x220q75.jpg_.avif,https://ae-pic-a1.aliexpress-media.com/kf/Sf1788ce6154a439a9a71f5796afcfaf6z.jpg_220x220q75.jpg_.avif,https://ae-pic-a1.aliexpress-media.com/kf/Sfbc3ad2fb6f44854bda21c5ce3d8ed3b0.jpg_220x220q75.jpg_.avif,https://ae-pic-a1.aliexpress-media.com/kf/S163cee0dbf5042c8b880b598cbb00389b.jpg_220x220q75.jpg_.avif,https://ae-pic-a1.aliexpress-media.com/kf/S0bd2d951a63d4764a9eb8f9d8362f6ael.jpg_220x220q75.jpg_.avif","['High-concerned chemical', 'None', 'Model Number', 'None', 'Brand Name', 'LYNNDM', 'Origin', 'Mainland China', 'Connector A', 'UPC/APC SC/FC Male', 'Type', 'Fiber Optic Adapter', 'Connector B', 'UPC/APC SC/FC Female']",https://www.aliexpress.us/item/3256805166582166.html?algo_pvid=12cc9870-e5b0-4992-b157-7456f73cb018&algo_exp_id=12cc9870-e5b0-4992-b157-7456f73cb018-54&pdp_ext_f=%7B%22order%22%3A%22426%22%2C%22eval%22%3A%221%22%2C%22fromPage%22%3A%22search%22%7D&pdp_npi=6%40dis%21USD%213.10%212.60%21%21%213.10%212.60%21%402101e80f17773965605317966e935a%2112000032718043607%21sea%21US%210%21ABX%211%210%21n_tag%3A-29910%3Bd%3Af5295fa4%3Bm03_new_user%3A-29895%3BpisId%3A5000000204886261&curPageLogUid=pO5ApuAHdLaT&utparam-url=scene%3Asearch%7Cquery_from%3A%7Cx_object_id%3A1005005352896918%7C_p_origin_prod%3A
"Red Corded Telephone, Classic Rotary Dial Home Office Phones, Antique Vintage Telephone of 1930s Old Fashion Telephone",$48.50,"https://ae-pic-a1.aliexpress-media.com/kf/S1b4b3f7985ba42cbadcf0493761108a5i.jpg?has_lang=1&ver=2_220x220q75.jpg_.avif,https://ae-pic-a1.aliexpress-media.com/kf/S1b4b3f7985ba42cbadcf0493761108a5i.jpg?has_lang=1&ver=2_220x220q75.jpg_.avif,https://ae-pic-a1.aliexpress-media.com/kf/H273a1736cfed4931a24ea04ea3ef006bs.jpg?has_lang=1&ver=1_220x220q75.jpg_.avif,https://ae-pic-a1.aliexpress-media.com/kf/H7b5382115212403abc9453adbdd2d90aT.jpg?has_lang=1&ver=2_220x220q75.jpg_.avif,https://ae-pic-a1.aliexpress-media.com/kf/H96f847289d2b4298a31f044062ffa996y.jpg_220x220q75.jpg_.avif","['High-concerned chemical', 'None', 'Type', 'Phones', 'Wire Type', 'Corded', 'Voice Mail', 'No', 'Model Number', '8008', 'Brand Name', 'TelPal', 'Origin', 'Mainland China', 'Certification', 'CE']",https://www.aliexpress.us/item/3256806795952991.html?algo_pvid=12cc9870-e5b0-4992-b157-7456f73cb018&algo_exp_id=12cc9870-e5b0-4992-b157-7456f73cb018-21&pdp_ext_f=%7B%22order%22%3A%22422%22%2C%22eval%22%3A%221%22%2C%22orig_sl_item_id%22%3A%221005006982267743%22%2C%22orig_item_id%22%3A%221005005544095038%22%2C%22fromPage%22%3A%22search%22%7D&pdp_npi=6%40dis%21USD%2198.00%2148.50%21%21%21665.74%21329.47%21%402101e80f17773965605317966e935a%2112000038933789110%21sea%21US%210%21ABX%211%210%21n_tag%3A-29910%3Bd%3Af5295fa4%3Bm03_new_user%3A-29895%3BpisId%3A5000000204886261&curPageLogUid=dAhj1RZnei5W&utparam-url=scene%3Asearch%7Cquery_from%3A%7Cx_object_id%3A1005006982267743%7C_p_origin_prod%3A1005005544095038
1pc New Optical Fiber Connector SC/APC UPC Optical Power Meter Conversion Adapter Coupler Flange Red pen Metal Accessories,$0.99,"https://ae-pic-a1.aliexpress-media.com/kf/Sfe839a828a424bf4837b4da2af745f83p.jpg_220x220q75.jpg_.avif,https://ae-pic-a1.aliexpress-media.com/kf/S1a661ebb27c841e2ae06b713eec8d84dN.jpg_220x220q75.jpg_.avif,https://ae-pic-a1.aliexpress-media.com/kf/S4eba85625cb24ad899a5433224007245e.jpg_220x220q75.jpg_.avif,https://ae-pic-a1.aliexpress-media.com/kf/S0c1f037fb7f244d9aa7ee7a00b350581G.jpg_220x220q75.jpg_.avif,https://ae-pic-a1.aliexpress-media.com/kf/S98fc07fd7cbd4af48f8daa1113df4c7el.jpg_220x220q75.jpg_.avif","['High-concerned chemical', 'None', 'Model Number', 'SC', 'Brand Name', 'AnnLinkee', 'Origin', 'Mainland China', 'Certification', 'NONE']",https://www.aliexpress.us/item/3256804205461693.html?algo_pvid=12cc9870-e5b0-4992-b157-7456f73cb018&algo_exp_id=12cc9870-e5b0-4992-b157-7456f73cb018-22&pdp_ext_f=%7B%22order%22%3A%22417%22%2C%22eval%22%3A%221%22%2C%22fromPage%22%3A%22search%22%7D&pdp_npi=6%40dis%21USD%213.06%210.99%21%21%213.06%210.99%21%402101e80f17773965605317966e935a%2112000029016210405%21sea%21US%210%21ABX%211%210%21n_tag%3A-29910%3Bd%3Af5295fa4%3Bm03_new_user%3A-29895%3BpisId%3A5000000203537349&curPageLogUid=iCnJCLw19SBy&utparam-url=scene%3Asearch%7Cquery_from%3A%7Cx_object_id%3A1005004391776445%7C_p_origin_prod%3A
Luxury 3D Rhinestone Bow Bling Glitter Case For iPhone 17 16 15 14 13 12 11 Pro Max X XR Plus Cute Bowknot Shockproof Soft Cover,$0.99,"https://ae-pic-a1.aliexpress-media.com/kf/S59d8cb262e7c468dbc5872445d6d47a52.jpg_220x220q75.jpg_.avif,https://ae-pic-a1.aliexpress-media.com/kf/S7bd2a2cae5494e9ebbf4362117b27472b.jpg_220x220q75.jpg_.avif,https://ae-pic-a1.aliexpress-media.com/kf/S0afe3f6c2d024e539a35a8e53bae59ebp.jpg_220x220q75.jpg_.avif,https://ae-pic-a1.aliexpress-media.com/kf/S34eb3b6f56a946d3ae3c3c3f09bd14c46.jpg_220x220q75.jpg_.avif,https://ae-pic-a1.aliexpress-media.com/kf/S41d3ea0f77cb4e47b2664cf2990627b2q.jpg_220x220q75.jpg_.avif","['High-concerned chemical', 'None', 'Features', 'Shock Proof', 'Main Material', 'Silicone', 'Design', 'Jewelled,Glitter', 'Type', 'Half-Wrapped Case', 'Origin', 'Mainland China', 'Material', 'High Quality Soft Silicone', 'Is-Customized', 'Yes', 'Condition', '100% Brand New', 'Type', 'Case', 'Quality', 'Top Level', 'Mix Model', 'Support', 'Drop Shipping', 'Support', 'Sales Way', 'Retail And Wholesale', 'Style', 'Fashion Style']",https://www.aliexpress.us/item/3256808768059515.html?algo_pvid=12cc9870-e5b0-4992-b157-7456f73cb018&algo_exp_id=12cc9870-e5b0-4992-b157-7456f73cb018-24&pdp_ext_f=%7B%22order%22%3A%22401%22%2C%22eval%22%3A%221%22%2C%22fromPage%22%3A%22search%22%7D&pdp_npi=6%40dis%21USD%213.29%210.99%21%21%213.29%210.99%21%402101e80f17773965605317966e935a%2112000047349914051%21sea%21US%210%21ABX%211%210%21n_tag%3A-29910%3Bd%3Af5295fa4%3Bm03_new_user%3A-29895%3BpisId%3A5000000203537349&curPageLogUid=tHC3YBGbYthY&utparam-url=scene%3Asearch%7Cquery_from%3A%7Cx_object_id%3A1005008954374267%7C_p_origin_prod%3A
Universal 4.7-6.9 inch mobile Phone Pouch Holster for iphone samsung xiaomi oneplus Belt Clip Oxford Leather Case Waist Bag,$0.99,"https://ae-pic-a1.aliexpress-media.com/kf/S8edd6f340cd54764a24dc33b9458e60dx.jpg_220x220q75.jpg_.avif,https://ae-pic-a1.aliexpress-media.com/kf/S58dd32e62240483da5e1ede216f59cb3c.jpg_220x220q75.jpg_.avif,https://ae-pic-a1.aliexpress-media.com/kf/Sfd627434bc96488fabfc732c387dd059C.jpg_220x220q75.jpg_.avif,https://ae-pic-a1.aliexpress-media.com/kf/S4f2e9e1af19e4b0e9b9d3cc26e3ffc40A.jpg_220x220q75.jpg_.avif,https://ae-pic-a1.aliexpress-media.com/kf/Sa88eed194ac44651a2061a43951a0284Y.jpg_220x220q75.jpg_.avif","['High-concerned chemical', 'None', 'Features', 'Anti-Scratch,Non-Slip,Storage Compartment,Anti-Fingerprint', 'Main Material', 'Leather', 'Design', 'Plain', 'Type', 'Pouch', 'Origin', 'Mainland China', 'Compatible Brand', 'APPLE']",https://www.aliexpress.us/item/3256805318242776.html?algo_pvid=12cc9870-e5b0-4992-b157-7456f73cb018&algo_exp_id=12cc9870-e5b0-4992-b157-7456f73cb018-25&pdp_ext_f=%7B%22order%22%3A%22401%22%2C%22eval%22%3A%221%22%2C%22fromPage%22%3A%22search%22%7D&pdp_npi=6%40dis%21USD%2115.90%210.99%21%21%21108.02%216.76%21%402101e80f17773965605317966e935a%2112000033340418935%21sea%21US%210%21ABX%211%210%21n_tag%3A-29910%3Bd%3Af5295fa4%3Bm03_new_user%3A-29895%3BpisId%3A5000000203537349&curPageLogUid=wH8wbWTXgU2m&utparam-url=scene%3Asearch%7Cquery_from%3A%7Cx_object_id%3A1005005504557528%7C_p_origin_prod%3A
Swimming Bags Waterproof Bag Underwater Dry Case Pouch Cell Mobile Phone Case For iphone 6 6s 7 X 8 Universal 3.5-6inch Phones,$0.99,"https://ae-pic-a1.aliexpress-media.com/kf/HTB1NQ0rXhrvK1RjSszeq6yObFXaV.jpg_220x220q75.jpg_.avif,https://ae-pic-a1.aliexpress-media.com/kf/HTB1OaUrqbGYBuNjy0Foq6AiBFXaw.jpg_220x220q75.jpg_.avif,https://ae-pic-a1.aliexpress-media.com/kf/HTB1y0X5fbwrBKNjSZPcq6xpapXaP.jpg_220x220q75.jpg_.avif,https://ae-pic-a1.aliexpress-media.com/kf/HTB1zYw5qhSYBuNjSspjq6x73VXa3.jpg_220x220q75.jpg_.avif,https://ae-pic-a1.aliexpress-media.com/kf/HTB18ZECqeSSBuNjy0Flq6zBpVXad.jpg_220x220q75.jpg_.avif","['Features', 'Waterproof/Underwater', 'Design', 'Transparent', 'Type', 'Pouch', 'Brand Name', 'Crouch', 'Origin', 'Mainland China', 'Proeduct name', 'mobile phone smartphones waterproof bag for iphone 6 7 8 x', 'Feature 1', 'Dry Swimming Diving Waterproof Case bag for sasmung', 'Feature 3', 'Touch screen function', 'Model 1', 'For HTC M7 M8 M9 For Nokia Lumia 630', 'Model 2', 'Universal 3.5---6inch For Samsung S3 S4 S5 For LG', 'Model 3', 'For Huawei Ascend P7 P8/ Mate7 Hornor 6/4c', 'Feature 2', 'Cellphone Hard Front Back Full Protection Cover', 'Color', 'White/Yellow/Black/Orange/Blue/Green/Pink', 'Feature 4', 'Mobile phone Waterproof water proof bag for samsung s4 mini', 'Feature 5', 'cell phone waterproof bag dry in swimming bag for iphone 10 x']",https://www.aliexpress.us/item/2251832688564535.html?algo_pvid=12cc9870-e5b0-4992-b157-7456f73cb018&algo_exp_id=12cc9870-e5b0-4992-b157-7456f73cb018-26&pdp_ext_f=%7B%22order%22%3A%22395%22%2C%22eval%22%3A%221%22%2C%22fromPage%22%3A%22search%22%7D&pdp_npi=6%40dis%21USD%211.18%210.99%21%21%211.18%210.99%21%402101e80f17773965605317966e935a%2165526454066%21sea%21US%210%21ABX%211%210%21n_tag%3A-29910%3Bd%3Af5295fa4%3Bm03_new_user%3A-29895%3BpisId%3A5000000203537349&curPageLogUid=HeKkWrCUQQ52&utparam-url=scene%3Asearch%7Cquery_from%3A%7Cx_object_id%3A32874879287%7C_p_origin_prod%3A
"Red Corded Telephone, Classic Rotary Dial Home Office Phones, Antique Vintage Telephone of 1930s Old Fashion Telephone",$48.66,"https://ae-pic-a1.aliexpress-media.com/kf/S1b4b3f7985ba42cbadcf0493761108a5i.jpg_220x220q75.jpg_.avif,https://ae-pic-a1.aliexpress-media.com/kf/S1b4b3f7985ba42cbadcf0493761108a5i.jpg_220x220q75.jpg_.avif,https://ae-pic-a1.aliexpress-media.com/kf/H273a1736cfed4931a24ea04ea3ef006bs.jpg_220x220q75.jpg_.avif,https://ae-pic-a1.aliexpress-media.com/kf/H7b5382115212403abc9453adbdd2d90aT.jpg_220x220q75.jpg_.avif,https://ae-pic-a1.aliexpress-media.com/kf/H96f847289d2b4298a31f044062ffa996y.jpg_220x220q75.jpg_.avif","['High-concerned chemical', 'None', 'Type', 'Phones', 'Wire Type', 'Corded', 'Voice Mail', 'No', 'Model Number', '8008', 'Brand Name', 'TelPal', 'Origin', 'Mainland China', 'Certification', 'CE']",https://www.aliexpress.us/item/3256805357780286.html?algo_pvid=12cc9870-e5b0-4992-b157-7456f73cb018&algo_exp_id=12cc9870-e5b0-4992-b157-7456f73cb018-28&pdp_ext_f=%7B%22order%22%3A%22394%22%2C%22eval%22%3A%221%22%2C%22fromPage%22%3A%22search%22%7D&pdp_npi=6%40dis%21USD%21136.54%2148.66%21%21%21927.56%21330.52%21%402101e80f17773965605317966e935a%2112000033479487024%21sea%21US%210%21ABX%211%210%21n_tag%3A-29910%3Bd%3Af5295fa4%3Bm03_new_user%3A-29895%3BpisId%3A5000000204886261&curPageLogUid=VC3fNVwgXzET&utparam-url=scene%3Asearch%7Cquery_from%3A%7Cx_object_id%3A1005005544095038%7C_p_origin_prod%3A
Fashion Shiny Glitter Diamond Protective Cover For IPhone 17Air 16E 15 14 Plus ProMax Glitter Rhinestone Shockproof Protect Case,$0.99,"https://ae-pic-a1.aliexpress-media.com/kf/Sb9fc57ea1c3b48d999758797dfad47020.jpg_220x220q75.jpg_.avif,https://ae-pic-a1.aliexpress-media.com/kf/S739813e23c5a475aba11cae8785387f7S.jpg_220x220q75.jpg_.avif,https://ae-pic-a1.aliexpress-media.com/kf/S39d8f9d99c964c51a388a96a733bfb1d6.jpg_220x220q75.jpg_.avif,https://ae-pic-a1.aliexpress-media.com/kf/Sdcf80b48ebcf406ca00e2c3d27e430e0d.jpg_220x220q75.jpg_.avif,https://ae-pic-a1.aliexpress-media.com/kf/S1253f43b511d42da9010aa5c7f4fc06cP.jpg_220x220q75.jpg_.avif","['High-concerned chemical', 'None', 'Features', 'Anti-Scratch,Anti-Fingerprint', 'Main Material', 'Pc + tpu', 'Design', 'Glitter', 'Type', 'Half-Wrapped Case', 'Origin', 'Mainland China', 'High-concerned chemical', 'None', 'Features', 'Shock Proof,Anti-Fingerprint,Anti-Scratch,Tough Case,Dustproof,Glitter,Non-Slip,Water-Resistant', 'Main materials', 'Pc + tpu', 'Design', 'Glitter', 'Type', 'Half-Wrapped Case', 'Origin', 'Mainland China']",https://www.aliexpress.us/item/3256811607711523.html?algo_pvid=12cc9870-e5b0-4992-b157-7456f73cb018&algo_exp_id=12cc9870-e5b0-4992-b157-7456f73cb018-29&pdp_ext_f=%7B%22order%22%3A%22376%22%2C%22eval%22%3A%221%22%2C%22fromPage%22%3A%22search%22%7D&pdp_npi=6%40dis%21USD%215.76%210.99%21%21%2139.15%216.75%21%402101e80f17773965605317966e935a%2112000056579774473%21sea%21US%210%21ABX%211%210%21n_tag%3A-29910%3Bd%3Af5295fa4%3Bm03_new_user%3A-29895%3BpisId%3A5000000203537349&curPageLogUid=sZk6cVWGvXrj&utparam-url=scene%3Asearch%7Cquery_from%3A%7Cx_object_id%3A1005011794026275%7C_p_origin_prod%3A
Mobile Phone Nylon Pouch Universal Cell Phone Belt Clip Carrying Holster Case Waist Bag Black Outdoor Sports Climbing Belt Bag,$0.99,"https://ae-pic-a1.aliexpress-media.com/kf/Sca9fdaaff3f045518f5fbefe213b556dI.jpeg_220x220q75.jpeg_.avif,https://ae-pic-a1.aliexpress-media.com/kf/S163d200c21b7431f844bec3babc2176fQ.jpeg_220x220q75.jpeg_.avif,https://ae-pic-a1.aliexpress-media.com/kf/Sad87f12ce945499e837d981d7deedd22q.jpeg_220x220q75.jpeg_.avif,https://ae-pic-a1.aliexpress-media.com/kf/Sd87d0ec5e3bb4c36913ef75445b71382V.jpeg_220x220q75.jpeg_.avif,https://ae-pic-a1.aliexpress-media.com/kf/S5411e8a10b5046449ca39a4b5a19ffc0d.jpeg_220x220q75.jpeg_.avif","['High-concerned chemical', 'None', 'Features', 'Dustproof,lightweight', 'Main Material', 'CANVAS', 'Design', 'Plain', 'Type', 'Phone Bag', 'Origin', 'Mainland China']",https://www.aliexpress.us/item/3256806664138108.html?algo_pvid=12cc9870-e5b0-4992-b157-7456f73cb018&algo_exp_id=12cc9870-e5b0-4992-b157-7456f73cb018-30&pdp_ext_f=%7B%22order%22%3A%22368%22%2C%22eval%22%3A%221%22%2C%22fromPage%22%3A%22search%22%7D&pdp_npi=6%40dis%21USD%2114.08%210.99%21%21%2195.65%216.72%21%402101e80f17773965605317966e935a%2112000038511895809%21sea%21US%210%21ABX%211%210%21n_tag%3A-29910%3Bd%3Af5295fa4%3Bm03_new_user%3A-29895%3BpisId%3A5000000203537339&curPageLogUid=tJ6yEEXtl71Z&utparam-url=scene%3Asearch%7Cquery_from%3A%7Cx_object_id%3A1005006850452860%7C_p_origin_prod%3A
"Corded Telephone Retro Landline Phone for Home/Office/Hotel, China Ceramic Antique Telephones Old Fashion Decor Desktop Phone",$43.42,"https://ae-pic-a1.aliexpress-media.com/kf/S11658ae7f9f545be9cdfdd9119b0db4fO.jpg?has_lang=1&ver=2_220x220q75.jpg_.avif,https://ae-pic-a1.aliexpress-media.com/kf/S11658ae7f9f545be9cdfdd9119b0db4fO.jpg?has_lang=1&ver=2_220x220q75.jpg_.avif,https://ae-pic-a1.aliexpress-media.com/kf/Scebb988526b84302a88bffe151630ec4u.jpg?has_lang=1&ver=1_220x220q75.jpg_.avif,https://ae-pic-a1.aliexpress-media.com/kf/S9ea0de5894694e8595fa5f039d8b6abco.jpg?has_lang=1&ver=1_220x220q75.jpg_.avif,https://ae-pic-a1.aliexpress-media.com/kf/Sc6e42fc06da947918745c994d2bfa4c4q.jpg?has_lang=1&ver=1_220x220q75.jpg_.avif","['High-concerned chemical', 'None', 'Type', 'Phones', 'Wire Type', 'Corded', 'Voice Mail', 'No', 'Model Number', '9101', 'Brand Name', 'TelPal', 'Origin', 'Mainland China', 'Certification', 'CE']",https://www.aliexpress.us/item/3256807159417269.html?algo_pvid=12cc9870-e5b0-4992-b157-7456f73cb018&algo_exp_id=12cc9870-e5b0-4992-b157-7456f73cb018-34&pdp_ext_f=%7B%22order%22%3A%22331%22%2C%22eval%22%3A%221%22%2C%22orig_sl_item_id%22%3A%221005007345732021%22%2C%22orig_item_id%22%3A%221005005688103974%22%2C%22fromPage%22%3A%22search%22%7D&pdp_npi=6%40dis%21USD%2195.48%2143.42%21%21%21648.66%21294.98%21%402101e80f17773965605317966e935a%2112000040355295567%21sea%21US%210%21ABX%211%210%21n_tag%3A-29910%3Bd%3Af5295fa4%3Bm03_new_user%3A-29895%3BpisId%3A5000000204886261&curPageLogUid=8PUXWhNlEop0&utparam-url=scene%3Asearch%7Cquery_from%3A%7Cx_object_id%3A1005007345732021%7C_p_origin_prod%3A1005005688103974
Cow Leather Phone Belt Clip Case Waist Bag For Samsung Galaxy S25 S24 Ultra S23 S22 Plus S21 FE A16 A15 A25 A55 5G Holster Pouch,$0.99,"https://ae-pic-a1.aliexpress-media.com/kf/S4ecf1036d3634522ba038d0a04879fbd8.jpg_220x220q75.jpg_.avif,https://ae-pic-a1.aliexpress-media.com/kf/S35eb19bc72854fa58f3e535dd24d1bebP.jpg?has_lang=1&ver=2_220x220q75.jpg_.avif,https://ae-pic-a1.aliexpress-media.com/kf/S521009c524764260b20e52e49930c91cX.jpg_220x220q75.jpg_.avif,https://ae-pic-a1.aliexpress-media.com/kf/S3f8eba497d7d4c458cbb45a9082b4ca6U.jpg?has_lang=1&ver=2_220x220q75.jpg_.avif,https://ae-pic-a1.aliexpress-media.com/kf/S7b3fca8e16ec485b989d9ace3c3bcdbfj.jpg?has_lang=1&ver=2_220x220q75.jpg_.avif","['High-concerned chemical', 'None', 'Features', 'Magnetic,Anti-Fingerprint,Anti-Scratch,Dustproof,Non-Slip,With Belt Loop', 'Main Material', 'Genuine Leather,Leather', 'Design', 'Plain', 'Type', 'Pouch', 'Brand Name', 'HKNR', 'Origin', 'Mainland China']",https://www.aliexpress.us/item/3256806793283829.html?algo_pvid=12cc9870-e5b0-4992-b157-7456f73cb018&algo_exp_id=12cc9870-e5b0-4992-b157-7456f73cb018-35&pdp_ext_f=%7B%22order%22%3A%22331%22%2C%22eval%22%3A%221%22%2C%22fromPage%22%3A%22search%22%7D&pdp_npi=6%40dis%21USD%216.19%210.99%21%21%216.19%210.99%21%402101e80f17773965605317966e935a%2112000044510088732%21sea%21US%210%21ABX%211%210%21n_tag%3A-29910%3Bd%3Af5295fa4%3Bm03_new_user%3A-29895%3BpisId%3A5000000203537349&curPageLogUid=pVGYixtOVmyJ&utparam-url=scene%3Asearch%7Cquery_from%3A%7Cx_object_id%3A1005006979598581%7C_p_origin_prod%3A
"Corded Telephone Retro Landline Phone for Home/Office/Hotel, China Ceramic Antique Telephones Old Fashion Decor Desktop Phone",$47.69,"https://ae-pic-a1.aliexpress-media.com/kf/S11658ae7f9f545be9cdfdd9119b0db4fO.jpg?has_lang=1&ver=2_220x220q75.jpg_.avif,https://ae-pic-a1.aliexpress-media.com/kf/S11658ae7f9f545be9cdfdd9119b0db4fO.jpg?has_lang=1&ver=2_220x220q75.jpg_.avif,https://ae-pic-a1.aliexpress-media.com/kf/Scebb988526b84302a88bffe151630ec4u.jpg?has_lang=1&ver=1_220x220q75.jpg_.avif,https://ae-pic-a1.aliexpress-media.com/kf/S9ea0de5894694e8595fa5f039d8b6abco.jpg?has_lang=1&ver=1_220x220q75.jpg_.avif,https://ae-pic-a1.aliexpress-media.com/kf/Sc6e42fc06da947918745c994d2bfa4c4q.jpg?has_lang=1&ver=1_220x220q75.jpg_.avif","['High-concerned chemical', 'None', 'Type', 'Phones', 'Wire Type', 'Corded', 'Voice Mail', 'No', 'Model Number', '9101', 'Brand Name', 'TelPal', 'Origin', 'Mainland China', 'Certification', 'CE']",https://www.aliexpress.us/item/3256805501789222.html?algo_pvid=12cc9870-e5b0-4992-b157-7456f73cb018&algo_exp_id=12cc9870-e5b0-4992-b157-7456f73cb018-36&pdp_ext_f=%7B%22order%22%3A%22328%22%2C%22eval%22%3A%221%22%2C%22fromPage%22%3A%22search%22%7D&pdp_npi=6%40dis%21USD%21133.85%2147.69%21%21%21909.29%21323.94%21%402101e80f17773965605317966e935a%2112000034014358316%21sea%21US%210%21ABX%211%210%21n_tag%3A-29910%3Bd%3Af5295fa4%3Bm03_new_user%3A-29895%3BpisId%3A5000000204886261&curPageLogUid=7ef8SIyA3SgR&utparam-url=scene%3Asearch%7Cquery_from%3A%7Cx_object_id%3A1005005688103974%7C_p_origin_prod%3A
Natalink FC SC ST LC Male to Female Fiber Optic Connector FTTH Singlemode Adapter for Visual Fault Locator Optic Patch Cables,$0.99,"https://ae-pic-a1.aliexpress-media.com/kf/Sd68de07f4ebb41699278e8c70f3051175.jpg_220x220q75.jpg_.avif,https://ae-pic-a1.aliexpress-media.com/kf/Sa680d0d489234034916f3a883bb4d0a10.png_220x220.png_.avif,https://ae-pic-a1.aliexpress-media.com/kf/Sa18008aeca2c4823906bdb06f5f094e3f.jpg_220x220q75.jpg_.avif,https://ae-pic-a1.aliexpress-media.com/kf/S7368c030d5b14fffa781477dc7472417g.jpg_220x220q75.jpg_.avif,https://ae-pic-a1.aliexpress-media.com/kf/Sa49da3e3d92b4d76ae4a4fb8f831c6f67.jpg_220x220q75.jpg_.avif","['High-concerned chemical', 'None', 'Model Number', 'S9', 'Brand Name', 'NATALINK', 'Origin', 'Mainland China', 'Product name', 'Fiber Optic Connectors', 'Product type', 'SC LC FC ST 1.25mm 2.5mm', 'Operating wavelength', '1200nm~1600nm', 'Sleeve material', 'Ceramic and Metal', 'Operating temperature', '-40°c+95°c', 'Interchangeability', '≤0.2dB', 'Loss rate', '≤0.2dB', 'Plug and unplug times', '>1000', 'Storage temperature', '-55°c+85°c']",https://www.aliexpress.us/item/3256808197976285.html?algo_pvid=12cc9870-e5b0-4992-b157-7456f73cb018&algo_exp_id=12cc9870-e5b0-4992-b157-7456f73cb018-37&pdp_ext_f=%7B%22order%22%3A%22327%22%2C%22eval%22%3A%221%22%2C%22fromPage%22%3A%22search%22%7D&pdp_npi=6%40dis%21USD%213.12%210.99%21%21%213.12%210.99%21%402101e80f17773965605317966e935a%2112000045186763525%21sea%21US%210%21ABX%211%210%21n_tag%3A-29910%3Bd%3Af5295fa4%3Bm03_new_user%3A-29895%3BpisId%3A5000000203537387&curPageLogUid=oxPjfJBk3eoF&utparam-url=scene%3Asearch%7Cquery_from%3A%7Cx_object_id%3A1005008384291037%7C_p_origin_prod%3A
New Fashion 3D Bling Rhinestone Love Heart Phone Case For iPhone 17 16 15 14 13 12 Pro Max 16 15 14 Plus Aesthetics Clear Shell,$4.33,"https://ae-pic-a1.aliexpress-media.com/kf/S31496cd69f7e43efa9c3e31a5f48f64fz.jpg_220x220q75.jpg_.avif,https://ae-pic-a1.aliexpress-media.com/kf/S31496cd69f7e43efa9c3e31a5f48f64fz.jpg_220x220q75.jpg_.avif,https://ae-pic-a1.aliexpress-media.com/kf/S543cdc917a73406bad55f785b48718999.jpg_220x220q75.jpg_.avif,https://ae-pic-a1.aliexpress-media.com/kf/S8a041d7875b44a00a1561ee0906cbde3b.jpg_220x220q75.jpg_.avif,https://ae-pic-a1.aliexpress-media.com/kf/S38232dd4a31f4e14a62feecac790f3010.jpg_220x220q75.jpg_.avif","['High-concerned chemical', 'None', 'Features', 'Washable,Anti-Scratch,Dual Layer,Dustproof,Non-Slip,lightweight', 'Main Material', 'Plastic', 'Design', 'Glitter,Pictorial,Plain,Cartoon', 'Type', 'Half-Wrapped Case', 'Brand Name', 'FUCHU', 'Origin', 'Mainland China', 'Support', 'Dropshipping,Wholesale,Retail', 'Category1', 'Mobile Phone Accessories', 'Category2', 'Mobile Bags and Cases', 'Category3', 'Phone and Telecommunications', 'Feature1', 'Fashion Phone Case', 'Feature2', 'Stylish Phone Case', 'Feature', 'Shockproof Phone Case', 'Feature3', 'INS Stylish Case', 'Feature4', 'Cute Phone Case', 'Material5', 'IMD', 'Material6', 'Soft Bumper Phone Case', 'Material7', 'Cartoon Phone Case', 'Material8', 'Lovely Phone Case', 'Material9', 'Aesthetics Phone Case', 'Material10', 'IIlustration Phone Case', 'Material11', 'Love Phone Case', 'Material12', 'Bling Phone Case', 'Material13', 'Funny Phone Case', 'Material14', 'Retro Phone Case', 'Material15', 'Sweet Phone Case']",https://www.aliexpress.us/item/3256809533969870.html?algo_pvid=12cc9870-e5b0-4992-b157-7456f73cb018&algo_exp_id=12cc9870-e5b0-4992-b157-7456f73cb018-38&pdp_ext_f=%7B%22order%22%3A%22322%22%2C%22eval%22%3A%221%22%2C%22fromPage%22%3A%22search%22%7D&pdp_npi=6%40dis%21USD%2113.97%214.33%21%21%2194.91%2129.44%21%402101e80f17773965605317966e935a%2112000049947197707%21sea%21US%210%21ABX%211%210%21n_tag%3A-29910%3Bd%3Af5295fa4%3Bm03_new_user%3A-29895%3BpisId%3A5000000203712598&curPageLogUid=w5VSKZtiSK9K&utparam-url=scene%3Asearch%7Cquery_from%3A%7Cx_object_id%3A1005009720284622%7C_p_origin_prod%3A
FASO 100/200/500pcs SC UPC Simplex Single-mode Fiber Optic Adapter SC Optical Fiber Coupler SC APC Fiber Flange SC Connector,$7.38,"https://ae-pic-a1.aliexpress-media.com/kf/S6df72a3a73934d0ab837e8697efa6560Y.jpg?has_lang=1&ver=2_220x220q75.jpg_.avif,https://ae-pic-a1.aliexpress-media.com/kf/Sd59daa757bc84a24ad347a1ed3e4ca5el.jpg_220x220q75.jpg_.avif,https://ae-pic-a1.aliexpress-media.com/kf/S455f275185a9493784b52b56276f1dbbA.jpg_220x220q75.jpg_.avif,https://ae-pic-a1.aliexpress-media.com/kf/S45158fa3f5b14768a96412b63a021422b.jpg?has_lang=1&ver=2_220x220q75.jpg_.avif,https://ae-pic-a1.aliexpress-media.com/kf/Saceaad22ded4456d87e09aa4c51ead285.jpg?has_lang=1&ver=2_220x220q75.jpg_.avif","['High-concerned chemical', 'None', 'Model Number', 'SCUPC', 'Brand Name', 'SKYLYNN', 'Origin', 'Mainland China', 'Certification', 'CE,EAC,FCC']",https://www.aliexpress.us/item/3256808567450248.html?algo_pvid=12cc9870-e5b0-4992-b157-7456f73cb018&algo_exp_id=12cc9870-e5b0-4992-b157-7456f73cb018-43&pdp_ext_f=%7B%22order%22%3A%22300%22%2C%22eval%22%3A%221%22%2C%22fromPage%22%3A%22search%22%7D&pdp_npi=6%40dis%21USD%2112.94%217.38%21%21%2187.94%2150.18%21%402101e80f17773965605317966e935a%2112000046529232652%21sea%21US%210%21ABX%211%210%21n_tag%3A-29910%3Bd%3Af5295fa4%3Bm03_new_user%3A-29895%3BpisId%3A5000000203537339&curPageLogUid=DCFxJoW5Fo1V&utparam-url=scene%3Asearch%7Cquery_from%3A%7Cx_object_id%3A1005008753765000%7C_p_origin_prod%3A
SC Male to LC Female Fiber Optic Adapter SC-LC Hybrid Optical Adapter Less than 0.2dB Fiber Optic Hybrid Adapter,$2.89,"https://ae-pic-a1.aliexpress-media.com/kf/S49305bdbae044d6fa04cfa1a199099e1R.jpg_220x220q75.jpg_.avif,https://ae-pic-a1.aliexpress-media.com/kf/S46f6988275e041aeb509f35ad4549d24I.jpg_220x220q75.jpg_.avif,https://ae-pic-a1.aliexpress-media.com/kf/Se3d7dc4909dc45d1b73c04959704c8463.jpg_220x220q75.jpg_.avif,https://ae-pic-a1.aliexpress-media.com/kf/Sb2fef3425ef542e88cfbdc4094e06869u.jpg_220x220q75.jpg_.avif,https://ae-pic-a1.aliexpress-media.com/kf/Se9bc00c143a64381a5da3f195774c085V.jpg_220x220q75.jpg_.avif","['High-concerned chemical', 'None', 'Model Number', '4NB405225', 'Brand Name', 'peacefair', 'Origin', 'Mainland China', 'Certification', 'NONE', 'Material', 'ABS', 'Working wavelength', '1200nm~1600nm', 'Insertion times', '>1000', 'Size', 'Apporx. 46x10 mm/1.81x0.39 inches']",https://www.aliexpress.us/item/3256806888888499.html?algo_pvid=12cc9870-e5b0-4992-b157-7456f73cb018&algo_exp_id=12cc9870-e5b0-4992-b157-7456f73cb018-44&pdp_ext_f=%7B%22order%22%3A%22294%22%2C%22eval%22%3A%221%22%2C%22fromPage%22%3A%22search%22%7D&pdp_npi=6%40dis%21USD%213.39%212.89%21%21%213.39%212.89%21%402101e80f17773965605317966e935a%2112000039317803106%21sea%21US%210%21ABX%211%210%21n_tag%3A-29910%3Bd%3Af5295fa4%3Bm03_new_user%3A-29895%3BpisId%3A5000000204886261&curPageLogUid=oJ5f6M2zVQNH&utparam-url=scene%3Asearch%7Cquery_from%3A%7Cx_object_id%3A1005007075203251%7C_p_origin_prod%3A
Luxury Leather Belt Clip Phone Case Men Travel Waist Bag For iPhone 17 16 15 14 13 12 11 Pro Max XS 7 8 Plus Holster Pouch Cover,$3.86,"https://ae-pic-a1.aliexpress-media.com/kf/Sca5612c48add4cb1aaf6eb7446cf7d45l.jpg_220x220q75.jpg_.avif,https://ae-pic-a1.aliexpress-media.com/kf/S1711dbf07633422fba1f895e6652a5a7K.jpg?has_lang=1&ver=2_220x220q75.jpg_.avif,https://ae-pic-a1.aliexpress-media.com/kf/S2fca83fc5082476fb8ee85f3956ac0ebG.jpg_220x220q75.jpg_.avif,https://ae-pic-a1.aliexpress-media.com/kf/S989656ae257e45009d009aa9eb9173f6l.jpg_220x220q75.jpg_.avif,https://ae-pic-a1.aliexpress-media.com/kf/S52d6de51329d4550a237dfc64fac3248m.jpg_220x220q75.jpg_.avif","['High-concerned chemical', 'None', 'Features', 'Magnetic,Anti-Fingerprint,Anti-Scratch,Dustproof,lightweight,Matte / Anti-Glare,Non-Slip,With Belt Loop', 'Main Material', 'Genuine Leather,Leather', 'Design', 'Plain', 'Type', 'Pouch', 'Brand Name', 'HKNR', 'Origin', 'Mainland China']",https://www.aliexpress.us/item/3256805686838102.html?algo_pvid=12cc9870-e5b0-4992-b157-7456f73cb018&algo_exp_id=12cc9870-e5b0-4992-b157-7456f73cb018-46&pdp_ext_f=%7B%22order%22%3A%22293%22%2C%22eval%22%3A%221%22%2C%22fromPage%22%3A%22search%22%7D&pdp_npi=6%40dis%21USD%219.65%213.86%21%21%219.65%213.86%21%402101e80f17773965605317966e935a%2112000034655798645%21sea%21US%210%21ABX%211%210%21n_tag%3A-29910%3Bd%3Af5295fa4%3Bm03_new_user%3A-29895%3BpisId%3A5000000203537339&curPageLogUid=HIHQe8bSzFzC&utparam-url=scene%3Asearch%7Cquery_from%3A%7Cx_object_id%3A1005005873152854%7C_p_origin_prod%3A
Mobile Phone Waist Bag 3.5-6.3 inch for iPhone Samsung Xiaomi Phone Pouch Case Belt Clip Holster Oxford Cloth Bag Flip Cover,$0.99,"https://ae-pic-a1.aliexpress-media.com/kf/Hfbdf29e0cb2046c7a5090e179d79352ci.jpg_220x220q75.jpg_.avif,https://ae-pic-a1.aliexpress-media.com/kf/Hf85d3372fab847c5978d8423086883b0y.jpg_220x220q75.jpg_.avif,https://ae-pic-a1.aliexpress-media.com/kf/H87a6d2b78fce46a4aadfd20430914a31M.jpg_220x220q75.jpg_.avif,https://ae-pic-a1.aliexpress-media.com/kf/H4816ce31189940c0b6686cbc572da09eW.jpg_220x220q75.jpg_.avif,https://ae-pic-a1.aliexpress-media.com/kf/Ha84c7caa70f44f2e9955999c88a1e945O.jpg_220x220q75.jpg_.avif","['High-concerned chemical', 'None', 'Features', 'With Belt Loop', 'Main Material', 'Nylon', 'Design', 'Plain', 'Type', 'Pouch', 'Brand Name', 'GOLDFOX', 'Origin', 'Mainland China', 'Type', 'H0148', 'Fits', 'for 3.5 - 6.3 inch mobile phone', 'feature', 'Oxford Fabric Phone Pouch', 'feature 2', 'Phone Bag for samsung xiaomi huawei mobile phone', 'Color', 'Black', 'Material', 'Nylon', 'Style', 'Casual', 'Size M', '13.5*7cm for 3.5-4.0 inch phone', 'Size L', '15*8.5cm for 4.5-5.1 inch phone', 'Size XL', '16.5*9.5cm for 5.2-5.5 inch phone', 'Size XXL', '17.5*10cm for 5.7-6.3 inch phone']",https://www.aliexpress.us/item/3256801903914866.html?algo_pvid=12cc9870-e5b0-4992-b157-7456f73cb018&algo_exp_id=12cc9870-e5b0-4992-b157-7456f73cb018-47&pdp_ext_f=%7B%22order%22%3A%22289%22%2C%22eval%22%3A%221%22%2C%22fromPage%22%3A%22search%22%7D&pdp_npi=6%40dis%21USD%213.69%210.99%21%21%213.69%210.99%21%402101e80f17773965605317966e935a%2112000018708021615%21sea%21US%210%21ABX%211%210%21n_tag%3A-29910%3Bd%3Af5295fa4%3Bm03_new_user%3A-29895%3BpisId%3A5000000203537349&curPageLogUid=gXNhTHEBaJSB&utparam-url=scene%3Asearch%7Cquery_from%3A%7Cx_object_id%3A1005002090229618%7C_p_origin_prod%3A
"Universal Hiking Belt Case for Mobile Phone Within 7.5"" Durable Oxford Fabric with Zipper Closure 3 Card Holder Holster Black",$0.99,"https://ae-pic-a1.aliexpress-media.com/kf/S36f4f81e42ed4e71b8f0abe4ac5fee02a.jpg_220x220q75.jpg_.avif,https://ae-pic-a1.aliexpress-media.com/kf/S71e7b1498d1749189177a9d8155a2aa4z.jpg_220x220q75.jpg_.avif,https://ae-pic-a1.aliexpress-media.com/kf/Sb58c5e9dc29a4dd88a517df6dbe3c121M.jpg_220x220q75.jpg_.avif,https://ae-pic-a1.aliexpress-media.com/kf/Seeeacc86ebfd4ea782d93b298baafbedx.jpg_220x220q75.jpg_.avif,https://ae-pic-a1.aliexpress-media.com/kf/S05f4076e190146be8ac35a94bfe77e27V.jpg_220x220q75.jpg_.avif","['High-concerned chemical', 'None', 'Features', 'With Ring,Anti-Fingerprint,Anti-Scratch,Dustproof,lightweight,Non-Slip', 'Main Material', 'Nylon', 'Design', 'Plain,Fabric', 'Type', 'Pouch', 'Brand Name', 'TOLIFEEL', 'Origin', 'Mainland China', 'Material', 'High Quality Nylon + Metal', 'Color', 'Black', 'Size', '7.09*3.94*1.97 inches', 'Compatible Model1', 'Universal for iPhone 13 Pro Max', 'Compatible Model2', 'Universal for Samsung Galaxy S24 Ultra']",https://www.aliexpress.us/item/3256806716415979.html?algo_pvid=12cc9870-e5b0-4992-b157-7456f73cb018&algo_exp_id=12cc9870-e5b0-4992-b157-7456f73cb018-48&pdp_ext_f=%7B%22order%22%3A%22288%22%2C%22eval%22%3A%221%22%2C%22fromPage%22%3A%22search%22%7D&pdp_npi=6%40dis%21USD%215.95%210.99%21%21%215.95%210.99%21%402101e80f17773965605317966e935a%2112000038665762553%21sea%21US%210%21ABX%211%210%21n_tag%3A-29910%3Bd%3Af5295fa4%3Bm03_new_user%3A-29895%3BpisId%3A5000000203537349&curPageLogUid=r3jYOm8Fzj5u&utparam-url=scene%3Asearch%7Cquery_from%3A%7Cx_object_id%3A1005006902730731%7C_p_origin_prod%3A
Fiber Connector Adapter SC/PC/APC Optical Power Meter Conversion Head Red Pen Metal Cap Adapter Coupler Flange,$0.99,"https://ae-pic-a1.aliexpress-media.com/kf/S94e41bc5bf4044e79ced4d99267f39020.jpg_220x220q75.jpg_.avif,https://ae-pic-a1.aliexpress-media.com/kf/S1a661ebb27c841e2ae06b713eec8d84dN.jpg_220x220q75.jpg_.avif,https://ae-pic-a1.aliexpress-media.com/kf/S98fc07fd7cbd4af48f8daa1113df4c7el.jpg_220x220q75.jpg_.avif,https://ae-pic-a1.aliexpress-media.com/kf/S99fa10bf73d848b5a2236965384e54bfD.jpg_220x220q75.jpg_.avif,https://ae-pic-a1.aliexpress-media.com/kf/S55d9fcd78e1d4b15a57673d19e1f8eefI.jpg_220x220q75.jpg_.avif","['High-concerned chemical', 'None', 'Model Number', 'OPM Adaptor SCAPC UPC', 'Brand Name', 'AnnLinkee', 'Origin', 'Mainland China', 'Model Number', 'Optical Fiber Adapter', 'Origin', 'Mainland China']",https://www.aliexpress.us/item/3256808535379780.html?algo_pvid=12cc9870-e5b0-4992-b157-7456f73cb018&algo_exp_id=12cc9870-e5b0-4992-b157-7456f73cb018-49&pdp_ext_f=%7B%22order%22%3A%22278%22%2C%22eval%22%3A%221%22%2C%22fromPage%22%3A%22search%22%7D&pdp_npi=6%40dis%21USD%213.07%210.99%21%21%213.07%210.99%21%402101e80f17773965605317966e935a%2112000046391559258%21sea%21US%210%21ABX%211%210%21n_tag%3A-29910%3Bd%3Af5295fa4%3Bm03_new_user%3A-29895%3BpisId%3A5000000203537349&curPageLogUid=3Mvaz5b4yyrt&utparam-url=scene%3Asearch%7Cquery_from%3A%7Cx_object_id%3A1005008721694532%7C_p_origin_prod%3A
Cow Leather Belt Clip Phone Case Men Waist Bag Holder For Samsung Galaxy S26 S25 S24 S23 Ultra S22 S21 Plus S20 FE Holster Pouch,$4.83,"https://ae-pic-a1.aliexpress-media.com/kf/S415db9381733440e938f30628cd802c8p.jpg_220x220q75.jpg_.avif,https://ae-pic-a1.aliexpress-media.com/kf/Sa8c57ba933fb4fbc821e45c6ea41eb92B.jpg_220x220q75.jpg_.avif,https://ae-pic-a1.aliexpress-media.com/kf/S162763807dca449c9278f7c7cca0502b0.jpg_220x220q75.jpg_.avif,https://ae-pic-a1.aliexpress-media.com/kf/Sc5d2f09dc83f4785bbd6dd560856e56ex.jpg_220x220q75.jpg_.avif,https://ae-pic-a1.aliexpress-media.com/kf/S89f2f681b9d2470385531f870fe55f70B.jpg_220x220q75.jpg_.avif","['High-concerned chemical', 'None', 'Features', 'Magnetic,Anti-Fingerprint,Anti-Scratch,Dustproof,lightweight,Matte / Anti-Glare,Non-Slip,With Belt Loop', 'Main Material', 'Genuine Leather,Leather', 'Design', 'Plain', 'Type', 'Pouch', 'Brand Name', 'HKNR', 'Origin', 'Mainland China']",https://www.aliexpress.us/item/3256805686929474.html?algo_pvid=12cc9870-e5b0-4992-b157-7456f73cb018&algo_exp_id=12cc9870-e5b0-4992-b157-7456f73cb018-51&pdp_ext_f=%7B%22order%22%3A%22273%22%2C%22eval%22%3A%221%22%2C%22fromPage%22%3A%22search%22%7D&pdp_npi=6%40dis%21USD%2110.39%214.83%21%21%2110.39%214.83%21%402101e80f17773965605317966e935a%2112000034656030138%21sea%21US%210%21ABX%211%210%21n_tag%3A-29910%3Bd%3Af5295fa4%3Bm03_new_user%3A-29895%3BpisId%3A5000000203537339&curPageLogUid=8JMqQtHeBrsi&utparam-url=scene%3Asearch%7Cquery_from%3A%7Cx_object_id%3A1005005873244226%7C_p_origin_prod%3A
Mobile Phone Waist Bag Belt Clip Holster Case For iPhone 16 15 14 Pro Max Samsung Xiaomi Universal Nylon Vertical Holder Cover,$2.07,"https://ae-pic-a1.aliexpress-media.com/kf/Se51d77b2e488426595f0c63e05da046c2.jpg_220x220q75.jpg_.avif,https://ae-pic-a1.aliexpress-media.com/kf/S781cb345abf3436b891d42cf418eb4faF.jpg_220x220q75.jpg_.avif,https://ae-pic-a1.aliexpress-media.com/kf/Sb4633ac17ef6456e87cc38839a7d2904D.jpg_220x220q75.jpg_.avif,https://ae-pic-a1.aliexpress-media.com/kf/S66f7d3e34c4a4fd3891a1bbfa0b26c2dA.jpg_220x220q75.jpg_.avif,https://ae-pic-a1.aliexpress-media.com/kf/Scc4fe25f7d9847b88a04a737ccaa9e48i.jpg_220x220q75.jpg_.avif","['High-concerned chemical', 'None', 'Features', 'Magnetic,Anti-Scratch,Card Pocket,Non-Slip,With Clip,With Strap', 'Design', 'Plain', 'Type', 'Phone Bag', 'Brand Name', 'XhaoR', 'Origin', 'Mainland China', 'Color', 'Black', 'Material', 'Nylon Oxford fabric spliced with lamb grain leather', 'Features 1', 'The cover conceals a super strong magnetic plate that tightly attracts.', 'Features 2', 'The two side panels are made of elastic nylon material.', 'Features 3', 'The back clip buckle can be worn and clipped.']",https://www.aliexpress.us/item/3256808481363099.html?algo_pvid=12cc9870-e5b0-4992-b157-7456f73cb018&algo_exp_id=12cc9870-e5b0-4992-b157-7456f73cb018-52&pdp_ext_f=%7B%22order%22%3A%22272%22%2C%22eval%22%3A%221%22%2C%22fromPage%22%3A%22search%22%7D&pdp_npi=6%40dis%21USD%2116.11%212.07%21%21%21109.43%2114.07%21%402101e80f17773965605317966e935a%2112000046264082927%21sea%21US%210%21ABX%211%210%21n_tag%3A-29910%3Bd%3Af5295fa4%3Bm03_new_user%3A-29895%3BpisId%3A5000000203537339&curPageLogUid=cahv8cW5fzss&utparam-url=scene%3Asearch%7Cquery_from%3A%7Cx_object_id%3A1005008667677851%7C_p_origin_prod%3A
"Hello Kitty Rhinestone Bling Leather Storage Case for Wired Headphones, Earphone, USB Cable, Cell Phones, Charger, Girl Gift Bag",$43.14,"https://ae-pic-a1.aliexpress-media.com/kf/Sc195ca27605948bcb4756ef6d1111d491.jpg_220x220q75.jpg_.avif,https://ae-pic-a1.aliexpress-media.com/kf/Sc195ca27605948bcb4756ef6d1111d491.jpg_220x220q75.jpg_.avif,https://ae-pic-a1.aliexpress-media.com/kf/S22d4d3d92c5d42e1a1f32154832ca800v.jpg_220x220q75.jpg_.avif,https://ae-pic-a1.aliexpress-media.com/kf/Sbfa99e50920143669654dcd198d5907cl.jpg_220x220q75.jpg_.avif,https://ae-pic-a1.aliexpress-media.com/kf/S1f9871afe163499bbc99e83b614968a9l.jpg_220x220q75.jpg_.avif","['High-concerned chemical', 'None', 'Features', 'No Features', 'Main Material', 'Plastic', 'Design', 'Glitter', 'Type', 'Half-Wrapped Case', 'Brand Name', 'Sanrio', 'Origin', 'Mainland China']",https://www.aliexpress.us/item/3256807957672215.html?algo_pvid=12cc9870-e5b0-4992-b157-7456f73cb018&algo_exp_id=12cc9870-e5b0-4992-b157-7456f73cb018-53&pdp_ext_f=%7B%22order%22%3A%22271%22%2C%22eval%22%3A%221%22%2C%22fromPage%22%3A%22search%22%7D&pdp_npi=6%40dis%21USD%2181.08%2143.14%21%21%21550.80%21293.03%21%402101e80f17773965605317966e935a%2112000043977396141%21sea%21US%210%21ABX%211%210%21n_tag%3A-29910%3Bd%3Af5295fa4%3Bm03_new_user%3A-29895%3BpisId%3A5000000205277695&curPageLogUid=opPdQvfc9tpe&utparam-url=scene%3Asearch%7Cquery_from%3A%7Cx_object_id%3A1005008143986967%7C_p_origin_prod%3A
Luxury Glitter Bling Diamond Pattern Phone Case For Samsung Z Flip 7 6 3 4 5 Rhinestone Laser Shing Colorful Shockproof Cover,$0.99,"https://ae-pic-a1.aliexpress-media.com/kf/S0ad5bda0271142c38d1dd306e3309b62F.jpg_220x220q75.jpg_.avif,https://ae-pic-a1.aliexpress-media.com/kf/S0ad5bda0271142c38d1dd306e3309b62F.jpg_220x220q75.jpg_.avif,https://ae-pic-a1.aliexpress-media.com/kf/Sfb11bf6c10854fb4a51228d0633962dc8.jpg_220x220q75.jpg_.avif,https://ae-pic-a1.aliexpress-media.com/kf/Seb3ca79c1f3a41409f88a7a5c5faccd18.jpg_220x220q75.jpg_.avif,https://ae-pic-a1.aliexpress-media.com/kf/S12eea2ed89e04ce180cf9b09bcef4fbdT.jpg_220x220q75.jpg_.avif","['High-concerned chemical', 'None', 'Features', 'Washable,Anti-Fingerprint,Anti-Scratch,Dustproof', 'Main Material', 'Plastic', 'Design', 'Plain,Luminous', 'Type', 'Half-Wrapped Case', 'Brand Name', 'Vyimc', 'Origin', 'Mainland China', 'Function1', 'Drop-proof, Dustproof, Waterproof', 'Function2', 'Anti-Fingerprint, Anti-Scratch', 'Feature1', 'Luxury Diamond Texture Solid Color Case', 'Feature2', 'Fashion Rhinestone Texture Cover', 'Feature3', '1:1 Precision Hole Design Camera Protection', 'Feature4', 'Glitter Shing Bling Shockproof Cover', 'Style', 'Cover For Samsung', 'Color', 'All Colors', 'Material', 'High Quality ++++', 'Type', 'Clear Magnetic Phone case', 'Origin', 'Mainland China', 'People', 'Gifts for men, women, boys and girls, couples, friends', 'Suitable For', 'For Woman ,men,children,girls,boys,ladies']",https://www.aliexpress.us/item/3256806461261425.html?algo_pvid=12cc9870-e5b0-4992-b157-7456f73cb018&algo_exp_id=12cc9870-e5b0-4992-b157-7456f73cb018-55&pdp_ext_f=%7B%22order%22%3A%22266%22%2C%22eval%22%3A%221%22%2C%22fromPage%22%3A%22search%22%7D&pdp_npi=6%40dis%21USD%214.76%210.99%21%21%2132.36%216.77%21%402101e80f17773965605317966e935a%2112000037917644226%21sea%21US%210%21ABX%211%210%21n_tag%3A-29910%3Bd%3Af5295fa4%3Bm03_new_user%3A-29895%3BpisId%3A5000000203537349&curPageLogUid=5Z7di8T3kBlV&utparam-url=scene%3Asearch%7Cquery_from%3A%7Cx_object_id%3A1005006647576177%7C_p_origin_prod%3A
Essager HDMI To USB Type C Adapter for iPhone MacBook Pro Air iPad Samsung Galaxy 8K@60Hz 4K@120Hz/144Hz HD TV Cable Converter,$0.99,"https://ae-pic-a1.aliexpress-media.com/kf/S6b26768f32274788ba46eac582bea5dfp.jpg_220x220q75.jpg_.avif,https://ae-pic-a1.aliexpress-media.com/kf/S5418213bd01545dfa33dcdab0153b807e.png_220x220.png_.avif,https://ae-pic-a1.aliexpress-media.com/kf/Sa0ed222470af43ddbae3aaef32ffe227Z.png_220x220.png_.avif,https://ae-pic-a1.aliexpress-media.com/kf/S63ec6931b77546d09c055f4c451b1f5fO.png_220x220.png_.avif,https://ae-pic-a1.aliexpress-media.com/kf/S66011c528c994540b90ada1da265c2e5q.png_220x220.png_.avif","['High-concerned chemical', 'None', 'Model Number', 'EZJ4K30', 'Brand Name', 'ESSAGER', 'Origin', 'Mainland China', 'Certification', 'CE']",https://www.aliexpress.us/item/3256807972306991.html?algo_pvid=12cc9870-e5b0-4992-b157-7456f73cb018&algo_exp_id=12cc9870-e5b0-4992-b157-7456f73cb018-57&pdp_ext_f=%7B%22order%22%3A%22260%22%2C%22eval%22%3A%221%22%2C%22fromPage%22%3A%22search%22%7D&pdp_npi=6%40dis%21USD%2122.02%210.99%21%21%21149.62%216.79%21%402101e80f17773965605317966e935a%2112000044032888911%21sea%21US%210%21ABX%211%210%21n_tag%3A-29910%3Bd%3Af5295fa4%3Bm03_new_user%3A-29895%3BpisId%3A5000000203537349&curPageLogUid=3WkFylw96Ubq&utparam-url=scene%3Asearch%7Cquery_from%3A%7Cx_object_id%3A1005008158621743%7C_p_origin_prod%3A
Glitter Rhinestone Cat Ears Glossy Clear Phone Case For iPhone 17 16 15 14 13 12 11 Pro Max Plus Bling Stars Acrylic Back Cover,$0.99,"https://ae-pic-a1.aliexpress-media.com/kf/Sd70662d51b5b4b36899ce87251401a40i.jpg_220x220q75.jpg_.avif,https://ae-pic-a1.aliexpress-media.com/kf/Sd70662d51b5b4b36899ce87251401a40i.jpg_220x220q75.jpg_.avif,https://ae-pic-a1.aliexpress-media.com/kf/S67058b9a02244de5983b150ab75ece872.jpg_220x220q75.jpg_.avif,https://ae-pic-a1.aliexpress-media.com/kf/S6141f6d8776f4660b3835d27e994750aZ.jpg_220x220q75.jpg_.avif,https://ae-pic-a1.aliexpress-media.com/kf/S430daa639f2944129b4daa979ec61a54p.jpg_220x220q75.jpg_.avif","['High-concerned chemical', 'None', 'Features', 'Shock Proof,Washable,Anti-Fingerprint,Anti-Scratch,Dustproof,Glitter,lightweight,Non-Slip', 'Main Material', 'Pc + tpu', 'Design', 'Jewelled,Starry sky,Transparent,Glitter', 'Type', 'BUMPER', 'Brand Name', 'lolozzx', 'Origin', 'Mainland China', 'Compatible Brand', 'APPLE', 'Design', 'Luxury Gradient Transparent Glossy Phone Case', 'Feature 1', 'Shockproof+Anti-knock+Dirt-resistant', 'Feature 2', 'Camera Protection+High-out Screen Protection+Button Protection', 'Feature 3', 'Four-corner Drop-proof Design Case', 'Feature 4', 'All-inclusive Anti-fall Phone Case', 'Feature 5', 'Luxury Glitter Rhinestone Bumper Cat Ears Armor Phone Cover', 'Feature 6', 'Bling Lens Frame Camera Protection Phone Shell', 'Feature 7', 'Glitter Star Sequins Clear Phone Fundas', 'Color', 'As shown in the picture', 'Suitable', 'For Woman,Men,children,girls,boys,ladies', 'Service', 'Free Shipping,Drop Shipping,Wholesale,Retail', 'Item Number', 'XZ007246']",https://www.aliexpress.us/item/3256809698167867.html?algo_pvid=12cc9870-e5b0-4992-b157-7456f73cb018&algo_exp_id=12cc9870-e5b0-4992-b157-7456f73cb018-58&pdp_ext_f=%7B%22order%22%3A%22260%22%2C%22eval%22%3A%221%22%2C%22fromPage%22%3A%22search%22%7D&pdp_npi=6%40dis%21USD%215.83%210.99%21%21%2139.61%216.73%21%402101e80f17773965605317966e935a%2112000050476687172%21sea%21US%210%21ABX%211%210%21n_tag%3A-29910%3Bd%3Af5295fa4%3Bm03_new_user%3A-29895%3BpisId%3A5000000203537387&curPageLogUid=YEsIDFYlbrzi&utparam-url=scene%3Asearch%7Cquery_from%3A%7Cx_object_id%3A1005009884482619%7C_p_origin_prod%3A
Universal Nylon Mobile Phone Waist Bag Belt Clip Holster Case For iPhone 15 14 13 Pro Max Samsung Xiaomi Pouch Card Holder Cover,$5.00,"https://ae-pic-a1.aliexpress-media.com/kf/S07e3dcd9b5c74596996b7fe49fb15776h.jpg_220x220q75.jpg_.avif,https://ae-pic-a1.aliexpress-media.com/kf/S30c2e71b819b413cbd510512b86da165w.jpg_220x220q75.jpg_.avif,https://ae-pic-a1.aliexpress-media.com/kf/Sce28047c2aaf44a2a1bebea9a42ba921T.jpg_220x220q75.jpg_.avif,https://ae-pic-a1.aliexpress-media.com/kf/Sd401f3461c2c4b09be3d4ef538a77742A.jpg_220x220q75.jpg_.avif,https://ae-pic-a1.aliexpress-media.com/kf/Sf8709c967ab54666936d04e4691b99abA.jpg_220x220q75.jpg_.avif","['High-concerned chemical', 'None', 'Features', 'Washable,Anti-Scratch,Card Pocket,Non-Slip,With Belt Loop', 'Main Material', 'Nylon', 'Design', 'Plain', 'Type', 'Phone Bag', 'Brand Name', 'XhaoR', 'Origin', 'Mainland China', 'Color', 'Black', 'Material', 'Oxford nylon fabric', 'Features 1', 'Slightly waterproof', 'Features 2', 'Cooperate with the design of card slots', 'Features 3', 'Two side panels with elastic nylon material', 'Features 4', 'The lid, combined with Velcro, can be tightly glued together', 'Features 5', 'Back clip buckle can be worn and clipped', 'Features 6', 'Equipped with mountaineering buckle']",https://www.aliexpress.us/item/3256806662335977.html?algo_pvid=81764aef-c529-42e6-8ca5-6c9e41eee5a3&algo_exp_id=81764aef-c529-42e6-8ca5-6c9e41eee5a3-12&pdp_ext_f=%7B%22order%22%3A%22378%22%2C%22eval%22%3A%221%22%2C%22fromPage%22%3A%22search%22%7D&pdp_npi=6%40dis%21USD%2116.18%215.00%21%21%21109.95%2133.98%21%402101246417773987699988177e1192%2112000038508427071%21sea%21US%210%21ABX%211%210%21n_tag%3A-29910%3Bd%3Af5295fa4%3Bm03_new_user%3A-29895%3BpisId%3A5000000204886261&curPageLogUid=7jEBY206U7yp&utparam-url=scene%3Asearch%7Cquery_from%3A%7Cx_object_id%3A1005006848650729%7C_p_origin_prod%3A
FULAIKATE SPORTS Universal Phone Bag for iPhone15 Pro Max Portable Waist Pouch for iPhone 14 Plus Mobile Phone Shoulder Holster,$9.59,"https://ae-pic-a1.aliexpress-media.com/kf/S41ebe597183444c3b8a0aadc6fa0494dU.jpg_220x220q75.jpg_.avif,https://ae-pic-a1.aliexpress-media.com/kf/S41ebe597183444c3b8a0aadc6fa0494dU.jpg_220x220q75.jpg_.avif,https://ae-pic-a1.aliexpress-media.com/kf/HTB1B796gsnI8KJjSspeq6AwIpXat.jpg_220x220q75.jpg_.avif,https://ae-pic-a1.aliexpress-media.com/kf/H20a7a7a95770488caaaf05489f074efcJ.jpg_220x220q75.jpg_.avif,https://ae-pic-a1.aliexpress-media.com/kf/HTB13X.2SFXXXXchXXXXq6xXFXXXn.jpg_220x220q75.jpg_.avif","['High-concerned chemical', 'None', 'Features', 'Dual Layer', 'Main Material', 'Polyester Fiber', 'Design', 'Plain', 'Type', 'Phone Bag', 'Brand Name', 'FULAIKATE', 'Origin', 'Mainland China', 'Compatible Phone Model1', 'universal bag for Samsung Galaxy NOTE4/NOTE3/S6', 'Compatible Phone Model', 'Bag for iPhone6 6s Plus/7 Plus', 'Waist bag', 'for iPhone 14 Pro Max / 13 Pro Max / 12 Pro Max / 11 Pro Max', 'Crossbody Bag', 'for Samsung Galaxy S23 Ultra / S22 Ultra / Note 20 / S8 Plus']",https://www.aliexpress.us/item/2251832144548117.html?algo_pvid=81764aef-c529-42e6-8ca5-6c9e41eee5a3&algo_exp_id=81764aef-c529-42e6-8ca5-6c9e41eee5a3-13&pdp_ext_f=%7B%22order%22%3A%22372%22%2C%22eval%22%3A%221%22%2C%22fromPage%22%3A%22search%22%7D&pdp_npi=6%40dis%21USD%2110.32%219.59%21%21%2110.32%219.59%21%402101246417773987699988177e1192%2164365127073%21sea%21US%210%21ABX%211%210%21n_tag%3A-29910%3Bd%3Af5295fa4%3Bm03_new_user%3A-29895%3BpisId%3A5000000204886261&curPageLogUid=XJU4PdEyBSN8&utparam-url=scene%3Asearch%7Cquery_from%3A%7Cx_object_id%3A32330862869%7C_p_origin_prod%3A
Universal Leather Belt Holster Case For samsung S25 S24 S23 S22 S21 S20 S24FE For iphone 16 15 14 13 12 11 case cover Waist Bag,$8.63,"https://ae-pic-a1.aliexpress-media.com/kf/HTB1jpzIabr1gK0jSZR0q6zP8XXag.jpg_220x220q75.jpg_.avif,https://ae-pic-a1.aliexpress-media.com/kf/HTB1.9_GaoY1gK0jSZFMq6yWcVXaV.jpg_220x220q75.jpg_.avif,https://ae-pic-a1.aliexpress-media.com/kf/HTB1n16HahD1gK0jSZFKq6AJrVXap.jpg_220x220q75.jpg_.avif,https://ae-pic-a1.aliexpress-media.com/kf/HTB14a_Ialv0gK0jSZKbq6zK2FXa5.jpg_220x220q75.jpg_.avif,https://ae-pic-a1.aliexpress-media.com/kf/HTB1LV6Iabj1gK0jSZFOq6A7GpXaB.jpg_220x220q75.jpg_.avif","['High-concerned chemical', 'None', 'Features', 'Shock Proof,Anti-Scratch,Dustproof', 'Main Material', 'Artificial leather,Leather', 'Design', 'Plain', 'Type', 'Pouch', 'Brand Name', 'FaLi Qisubao', 'Origin', 'Mainland China', 'color', 'Black', 'Type', 'Wallet Bag', 'Style 1', 'Luxury Fitted Cover Case', 'Feature 1', 'man phone pouch', 'Feature 2', 'waist bag for phone', 'Feature 3', 'holster case', 'Compatible Model 1', 'For iPhone 16', 'Compatible Model 2', 'For iPhone XS Max pouch Case', 'Compatible Model 3', 'For samsung S25', 'Compatible Model 4', 'For Huawei P30pro nova4 3 3i Mate20 Mate20pro Honor8X', 'Compatible Model 5', 'For Huawei mate20x ,honor 8X max,note10', 'Compatible Model 6', 'For Xiaomi redmi note6 note5 note3 for xiaomi 8 9,etc.']",https://www.aliexpress.us/item/2251832873502667.html?algo_pvid=81764aef-c529-42e6-8ca5-6c9e41eee5a3&algo_exp_id=81764aef-c529-42e6-8ca5-6c9e41eee5a3-18&pdp_ext_f=%7B%22order%22%3A%22348%22%2C%22eval%22%3A%221%22%2C%22fromPage%22%3A%22search%22%7D&pdp_npi=6%40dis%21USD%219.13%218.63%21%21%219.13%218.63%21%402101246417773987699988177e1192%2167619916836%21sea%21US%210%21ABX%211%210%21n_tag%3A-29910%3Bd%3Af5295fa4%3Bm03_new_user%3A-29895%3BpisId%3A5000000204886261&curPageLogUid=6LTJkO12ts2d&utparam-url=scene%3Asearch%7Cquery_from%3A%7Cx_object_id%3A33059817419%7C_p_origin_prod%3A
Hot Hello Kitty Rhinestone Crystal Phone Case Chain For iPhone17 Air 16 12 13 14 15Pro Max X Xs XR 7 8 Plus SE Transparent Bu,$29.30,"https://ae-pic-a1.aliexpress-media.com/kf/S4168cfca1ab941c2801047e44ca399f1v.jpg_220x220q75.jpg_.avif,https://ae-pic-a1.aliexpress-media.com/kf/S4168cfca1ab941c2801047e44ca399f1v.jpg_220x220q75.jpg_.avif,https://ae-pic-a1.aliexpress-media.com/kf/Sb7569e4b99e64b8c9715ee33a0fe39bcA.jpg_220x220q75.jpg_.avif,https://ae-pic-a1.aliexpress-media.com/kf/Sc3e9cf8646d1456d86dd72dfa79eff9bj.jpg_220x220q75.jpg_.avif,https://ae-pic-a1.aliexpress-media.com/kf/S534e5752d1224f9598e022ca9aa33a0bs.jpg_220x220q75.jpg_.avif","['High-concerned chemical', 'None', 'Features', 'Non-Slip', 'Main Material', 'Plastic', 'Design', 'Cartoon', 'Type', 'Half-Wrapped Case', 'Brand Name', 'Sanrio', 'Origin', 'Mainland China']",https://www.aliexpress.us/item/3256807029685810.html?algo_pvid=81764aef-c529-42e6-8ca5-6c9e41eee5a3&algo_exp_id=81764aef-c529-42e6-8ca5-6c9e41eee5a3-20&pdp_ext_f=%7B%22order%22%3A%22347%22%2C%22eval%22%3A%221%22%2C%22fromPage%22%3A%22search%22%7D&pdp_npi=6%40dis%21USD%2153.17%2129.30%21%21%21361.18%21199.02%21%402101246417773987699988177e1192%2112000050877517390%21sea%21US%210%21ABX%211%210%21n_tag%3A-29910%3Bd%3Af5295fa4%3Bm03_new_user%3A-29895%3BpisId%3A5000000205277695&curPageLogUid=FEjPl5W1mUuH&utparam-url=scene%3Asearch%7Cquery_from%3A%7Cx_object_id%3A1005007216000562%7C_p_origin_prod%3A
Universal Oxford Phone Holster Belt Case Mobile Phone Bag For iPhone 14 13 Samsung Huawei Xiaomi Men Waist Bag Pouch Pack,$3.29,"https://ae-pic-a1.aliexpress-media.com/kf/Sa2798b6be9764812a86d7bf4ed8abaf5j.jpg_220x220q75.jpg_.avif,https://ae-pic-a1.aliexpress-media.com/kf/S90d7a2e3418647d5ba643448665fcd79d.jpg_220x220q75.jpg_.avif,https://ae-pic-a1.aliexpress-media.com/kf/S2381ff6487af455abeb33ec2c3012fdbK.jpg_220x220q75.jpg_.avif,https://ae-pic-a1.aliexpress-media.com/kf/Sed574730a8734e949a6d692bf9537034r.jpg_220x220q75.jpg_.avif,https://ae-pic-a1.aliexpress-media.com/kf/S4a8ff14ea01248d3899e267e110f64d20.jpg_220x220q75.jpg_.avif","['High-concerned chemical', 'None', 'Features', 'With Belt Loop', 'Main Material', 'Nylon', 'Design', 'Plain', 'Type', 'Phone Bag', 'Brand Name', 'GOLDFOX', 'Origin', 'Mainland China']",https://www.aliexpress.us/item/3256805675155672.html?algo_pvid=81764aef-c529-42e6-8ca5-6c9e41eee5a3&algo_exp_id=81764aef-c529-42e6-8ca5-6c9e41eee5a3-24&pdp_ext_f=%7B%22order%22%3A%22335%22%2C%22eval%22%3A%221%22%2C%22fromPage%22%3A%22search%22%7D&pdp_npi=6%40dis%21USD%213.79%213.29%21%21%213.79%213.29%21%402101246417773987699988177e1192%2112000034610073023%21sea%21US%210%21ABX%211%210%21n_tag%3A-29910%3Bd%3Af5295fa4%3Bm03_new_user%3A-29895%3BpisId%3A5000000204886261&curPageLogUid=nq3RJ4ZJOkOD&utparam-url=scene%3Asearch%7Cquery_from%3A%7Cx_object_id%3A1005005861470424%7C_p_origin_prod%3A
Vertical Nylon Cell Phone Belt Clip Holster Pouch Buckle Wallet Card Holder Case Cover For iPhone Samsung Xiaomi Phone Waist Bag,$5.51,"https://ae-pic-a1.aliexpress-media.com/kf/S885782c81cfd484a816c0d0d67b23377H.jpg_220x220q75.jpg_.avif,https://ae-pic-a1.aliexpress-media.com/kf/S5ae0067a53b746eab2845394657513feE.jpg_220x220q75.jpg_.avif,https://ae-pic-a1.aliexpress-media.com/kf/Sa0ab5d7c8e124fd0946564095da2e018x.jpg_220x220q75.jpg_.avif,https://ae-pic-a1.aliexpress-media.com/kf/Sa84f152f058d4859908e7489b4271b8ft.jpg_220x220q75.jpg_.avif,https://ae-pic-a1.aliexpress-media.com/kf/Sb075044a76f54ed79b7185ed51adf255W.jpg_220x220q75.jpg_.avif","['High-concerned chemical', 'None', 'Features', 'Washable,Anti-Scratch,Non-Slip,With Belt Loop', 'Main Material', 'Nylon', 'Design', 'Plain', 'Type', 'Phone Bag', 'Brand Name', 'XhaoR', 'Origin', 'Mainland China']",https://www.aliexpress.us/item/3256806884202166.html?algo_pvid=81764aef-c529-42e6-8ca5-6c9e41eee5a3&algo_exp_id=81764aef-c529-42e6-8ca5-6c9e41eee5a3-28&pdp_ext_f=%7B%22order%22%3A%22324%22%2C%22eval%22%3A%221%22%2C%22fromPage%22%3A%22search%22%7D&pdp_npi=6%40dis%21USD%2112.26%215.51%21%21%2183.31%2137.42%21%402101246417773987699988177e1192%2112000039308192737%21sea%21US%210%21ABX%211%210%21n_tag%3A-29910%3Bd%3Af5295fa4%3Bm03_new_user%3A-29895%3BpisId%3A5000000204886261&curPageLogUid=wUWiAZb74NAq&utparam-url=scene%3Asearch%7Cquery_from%3A%7Cx_object_id%3A1005007070516918%7C_p_origin_prod%3A
Voice Guestbook phone Wedding Telephone Classic Retro Craftsmanship Recording Guestbook For Confessional Wedding Birthday Party,$30.56,"https://ae-pic-a1.aliexpress-media.com/kf/S6be286ad57a348e6ac7c82a900568608S.png_220x220.png_.avif,https://ae-pic-a1.aliexpress-media.com/kf/Sec45a7873ad14443a029d54f9db1b2f1k.png_220x220.png_.avif,https://ae-pic-a1.aliexpress-media.com/kf/S233fe2d179a64879978cdef62b17d2d22.png_220x220.png_.avif,https://ae-pic-a1.aliexpress-media.com/kf/A687b91dd3e3e494d8b37d1847258cbd5s.jpg_220x220q75.jpg_.avif,https://ae-pic-a1.aliexpress-media.com/kf/S3fa2438e4fcf406da4016794d385364e2.png_220x220.png_.avif","['High-concerned chemical', 'None', 'Type', 'Phones', 'Wire Type', 'Corded', 'Voice Mail', 'Yes', 'Model Number', '1920S', 'Brand Name', 'audiolibro', 'Origin', 'Mainland China', 'Certification', 'CE,FCC,RoHS', 'Style', 'Vintage', 'Use', 'Wedding,record,leave a message', 'Color', 'white / black / pink', 'Occasion', ""Wedding & Engagement,Christening & Baptism,St Patrick's Day,Grand Event,Retirement,gender reveal,Birthday Party,House Moving,Children's Day,APRIL FOOL'S DAY,back to school,Chinese New Year,Earth Day,father's day,THANKSGIVING,party,Christmas,Valentine's Day,WEDDING,Halloween,Easter,new year,Graduation,anniversary,mother's day"", 'Service', 'ODM OEM Services', 'battery', '1200mAh Li battery', 'memory', '8GB SD card']",https://www.aliexpress.us/item/3256808383015817.html?algo_pvid=81764aef-c529-42e6-8ca5-6c9e41eee5a3&algo_exp_id=81764aef-c529-42e6-8ca5-6c9e41eee5a3-31&pdp_ext_f=%7B%22order%22%3A%22309%22%2C%22eval%22%3A%221%22%2C%22fromPage%22%3A%22search%22%7D&pdp_npi=6%40dis%21USD%2172.25%2130.56%21%21%21490.86%21207.67%21%402101246417773987699988177e1192%2112000045759032741%21sea%21US%210%21ABX%211%210%21n_tag%3A-29910%3Bd%3Af5295fa4%3Bm03_new_user%3A-29895%3BpisId%3A5000000204886261&curPageLogUid=3w35K85juBD6&utparam-url=scene%3Asearch%7Cquery_from%3A%7Cx_object_id%3A1005008569330569%7C_p_origin_prod%3A
Ulefone Armor Molle Holster Universal Tactical Phone Pouch,$36.32,"https://ae-pic-a1.aliexpress-media.com/kf/Sa35da99879a84b84abd45a2f4d811a4ek.jpg_220x220q75.jpg_.avif,https://ae-pic-a1.aliexpress-media.com/kf/Sd95a6f6921064a0aacb179ced55f0f95g.jpg_220x220q75.jpg_.avif,https://ae-pic-a1.aliexpress-media.com/kf/S9a7fa2ae8f2c48d0a3dcba6a09d71c2e5.jpg_220x220q75.jpg_.avif,https://ae-pic-a1.aliexpress-media.com/kf/S2d6d397932ce4befb3430ae830a8678av.jpg_220x220q75.jpg_.avif,https://ae-pic-a1.aliexpress-media.com/kf/S28a2431c8ee24715b21536ba85123465J.jpg_220x220q75.jpg_.avif","['High-concerned chemical', 'None', 'Features', 'Shock Proof,Anti-Scratch', 'Main Material', 'CANVAS', 'Design', 'Fabric', 'Type', 'Phone Bag', 'Origin', 'Mainland China']",https://www.aliexpress.us/item/3256808516222974.html?algo_pvid=81764aef-c529-42e6-8ca5-6c9e41eee5a3&algo_exp_id=81764aef-c529-42e6-8ca5-6c9e41eee5a3-34&pdp_ext_f=%7B%22order%22%3A%22304%22%2C%22eval%22%3A%221%22%2C%22fromPage%22%3A%22search%22%7D&pdp_npi=6%40dis%21USD%2152.60%2136.32%21%21%2152.60%2136.32%21%402101246417773987699988177e1192%2112000046312515149%21sea%21US%210%21ABX%211%210%21n_tag%3A-29910%3Bd%3Af5295fa4%3Bm03_new_user%3A-29895%3BpisId%3A5000000204886261&curPageLogUid=RAXeMSgcTBoP&utparam-url=scene%3Asearch%7Cquery_from%3A%7Cx_object_id%3A1005008702537726%7C_p_origin_prod%3A
Poco M7 Pro 5G Case For Xiaomi Poco M7 Pro Phone Cover Global Version Flip Etui Poco Case M7 Plus M 7 PocoM7 4G Leather Holster,$5.27,"https://ae-pic-a1.aliexpress-media.com/kf/S639ab2632acb4ed79600184e09a3bb49y.jpg_220x220q75.jpg_.avif,https://ae-pic-a1.aliexpress-media.com/kf/S639ab2632acb4ed79600184e09a3bb49y.jpg_220x220q75.jpg_.avif,https://ae-pic-a1.aliexpress-media.com/kf/S94548d37e2ff4b1c8ac9df6693fedab4U.jpg_220x220q75.jpg_.avif,https://ae-pic-a1.aliexpress-media.com/kf/Sd9179aabd6f143a9a306692d63f25ab3c.jpg_220x220q75.jpg_.avif,https://ae-pic-a1.aliexpress-media.com/kf/Sd9f33d6bc03041f281adc22ddf5afc71v.jpg_220x220q75.jpg_.avif","['High-concerned chemical', 'None', 'Features', 'Magnetic,Shock Proof,Anti-Fingerprint,Anti-Scratch,Dustproof,With Holder,Non-Slip,Storage Compartment', 'Main Material', 'Silicone,Leather', 'Design', 'Plain,Geometric,Logo', 'Type', 'Wallet Case', 'Brand Name', 'LOONBLESS', 'Origin', 'Mainland China', 'Material', 'PU Leather + Silicone TPU (inside case)', 'Description', 'stand holder style book design flip wallet leather case cover shell', 'guarantee 1', '100% Quality goods', 'guarantee 2', '100% New', 'Package', 'PP Package', 'feature', 'Luxury Flip Case Back Cover Book Skin Coque Fundas Wallet Original Bumper Leather & Silicone phone Card With holder Accessories Housing Premium global version Phone Model official Women girl Covers Man Boy premium phone Pouch bags Capa', 'Phone Model1', 'For Xiaomi Poco M7 Pro 5G', 'Phone Model2', 'For Xiaomi Poco M7 5G', 'Phone Model3', 'For Xiaomi Poco M7 4G', 'Phone Model4', 'For Xiaomi Poco M7 Plus 5G']",https://www.aliexpress.us/item/3256808312563044.html?algo_pvid=81764aef-c529-42e6-8ca5-6c9e41eee5a3&algo_exp_id=81764aef-c529-42e6-8ca5-6c9e41eee5a3-35&pdp_ext_f=%7B%22order%22%3A%22301%22%2C%22eval%22%3A%221%22%2C%22fromPage%22%3A%22search%22%7D&pdp_npi=6%40dis%21USD%219.02%215.27%21%21%219.02%215.27%21%402101246417773987699988177e1192%2112000050313415823%21sea%21US%210%21ABX%211%210%21n_tag%3A-29910%3Bd%3Af5295fa4%3Bm03_new_user%3A-29895%3BpisId%3A5000000204886261&curPageLogUid=oFFFzIgeII5Y&utparam-url=scene%3Asearch%7Cquery_from%3A%7Cx_object_id%3A1005008498877796%7C_p_origin_prod%3A
Wallet Case For iQOO Neo 10 Phone Flip Cover Leather Shell Coque iQOO Neo 10R Case Vivo iQOO Neo10 Pro Plus Book Holster 5G 10 R,$5.48,"https://ae-pic-a1.aliexpress-media.com/kf/Scf36ce7e2fc34d0ea6bbe2c0d66f53909.jpg?has_lang=1&ver=1_220x220q75.jpg_.avif,https://ae-pic-a1.aliexpress-media.com/kf/Scf36ce7e2fc34d0ea6bbe2c0d66f53909.jpg?has_lang=1&ver=1_220x220q75.jpg_.avif,https://ae-pic-a1.aliexpress-media.com/kf/S815152469b9f4cd396a3e3d434e0e5e2O.jpg_220x220q75.jpg_.avif,https://ae-pic-a1.aliexpress-media.com/kf/Sab54a8c8435946b0ae013a90f7122df49.jpg?has_lang=1&ver=1_220x220q75.jpg_.avif,https://ae-pic-a1.aliexpress-media.com/kf/S70fc61a6ae18408aa6f6a671b94ffc3d2.jpg?has_lang=1&ver=1_220x220q75.jpg_.avif","['High-concerned chemical', 'None', 'Features', 'Magnetic,Anti-Fingerprint,Anti-Scratch,Dual Layer,Dustproof,With Holder,lightweight,Matte / Anti-Glare,Non-Slip,Storage Compartment,With Lanyard', 'Main Material', 'Silicone,Pu leather', 'Design', 'Plain,Geometric', 'Type', 'Wallet Case', 'Brand Name', 'LOONBLESS', 'Origin', 'Mainland China', 'Feature 1', 'Folio Design & Stand Function & Magnetic Buckle', 'Feature 2', 'Wallet Bag with Card Holder & Money Slot', 'Feature 3', 'Retro Fashion Colorful Luxury Wallet Phone Cover', 'Suitable People', 'Boy/Men Girl/Women Parents Christmas Holiday Gift', 'Support', 'Wholesale&Drop Shipping', 'Details1', 'case magnet Shockproof Luxury Cover Phone', 'Details2', 'Case Back Cover Book Skin Coque Fundas', 'Details3', 'Wallet cover Case Original', 'Details4', 'Case Bumper Wallet', 'Details5', 'Case Flip Leather Silicone', 'Details6', 'phone Case Card With holder', 'Details7', 'Case Accessories Housing', 'Details8', 'Case Premium global version Phone Model', 'Details9', 'case global version official Women girl Covers', 'Details10', 'Case Man Boy premium phone Pouch bags Capa', 'Phone Model 1', 'For vivo iQOO Neo 10 Global Version', 'Phone Model 2', 'For vivo iQOO Neo 10R I2221', 'Phone Model 3', 'For vivo iQOO Neo 10 China 2425A, V2425A', 'Phone Model 4', 'For vivo iQOO Neo 10 Pro China 2426A', 'Phone Model 5', 'For vivo iQOO Neo 10 Pro Plus China']",https://www.aliexpress.us/item/3256809089872662.html?algo_pvid=81764aef-c529-42e6-8ca5-6c9e41eee5a3&algo_exp_id=81764aef-c529-42e6-8ca5-6c9e41eee5a3-39&pdp_ext_f=%7B%22order%22%3A%22292%22%2C%22eval%22%3A%221%22%2C%22fromPage%22%3A%22search%22%7D&pdp_npi=6%40dis%21USD%219.14%215.48%21%21%219.14%215.48%21%402101246417773987699988177e1192%2112000048582480088%21sea%21US%210%21ABX%211%210%21n_tag%3A-29910%3Bd%3Af5295fa4%3Bm03_new_user%3A-29895&curPageLogUid=HFGN7tZX9Eyz&utparam-url=scene%3Asearch%7Cquery_from%3A%7Cx_object_id%3A1005009276187414%7C_p_origin_prod%3A
F3MA Keystone Port Mount Box Cat6 RJ45 Keystone Port Coupler Joiner for Cat6 Ethernet Networking Cable Installation Accesories,$2.47,"https://ae-pic-a1.aliexpress-media.com/kf/S2230564fa15a4ca8928c371725dbf6adx.jpg_220x220q75.jpg_.avif,https://ae-pic-a1.aliexpress-media.com/kf/S7520c6e5b117455eabe9f1ce5a7368aef.jpg_220x220q75.jpg_.avif,https://ae-pic-a1.aliexpress-media.com/kf/Sbb2e6f3cc8ba488c8d3feec3ca566a26J.jpg_220x220q75.jpg_.avif,https://ae-pic-a1.aliexpress-media.com/kf/S20fa70dc99044d8bb8757e5f54a4a940V.jpg_220x220q75.jpg_.avif,https://ae-pic-a1.aliexpress-media.com/kf/S3d06e2b1ea40420399f1bb97d2e0cb8fP.jpg_220x220q75.jpg_.avif","['High-concerned chemical', 'None', 'Model Number', '4NB1404996', 'Brand Name', 'NoEnName_Null', 'Origin', 'Mainland China', 'Certification', 'NONE']",https://www.aliexpress.us/item/3256808703932893.html?algo_pvid=81764aef-c529-42e6-8ca5-6c9e41eee5a3&algo_exp_id=81764aef-c529-42e6-8ca5-6c9e41eee5a3-46&pdp_ext_f=%7B%22order%22%3A%22282%22%2C%22eval%22%3A%221%22%2C%22fromPage%22%3A%22search%22%7D&pdp_npi=6%40dis%21USD%213.12%212.47%21%21%2121.20%2116.81%21%402101246417773987699988177e1192%2112000047096799033%21sea%21US%210%21ABX%211%210%21n_tag%3A-29910%3Bd%3Af5295fa4%3Bm03_new_user%3A-29895%3BpisId%3A5000000204886261&curPageLogUid=dmeQa7c8LmuU&utparam-url=scene%3Asearch%7Cquery_from%3A%7Cx_object_id%3A1005008890247645%7C_p_origin_prod%3A
32GB Audio Message Book Birthday Party Voice Retention Commemorative Telephone Blessings Recording Telephone Wedding Guest Book,$65.96,"https://ae-pic-a1.aliexpress-media.com/kf/S9a7640bdb6a246dca7e5422c7b5035d5j.jpg_220x220q75.jpg_.avif,https://ae-pic-a1.aliexpress-media.com/kf/S9a7640bdb6a246dca7e5422c7b5035d5j.jpg_220x220q75.jpg_.avif,https://ae-pic-a1.aliexpress-media.com/kf/S1b4ec594c3a54cb08021a90efbda2d53m.jpg_220x220q75.jpg_.avif,https://ae-pic-a1.aliexpress-media.com/kf/S2ad585a0ddca4c26a307f6b42abc90a5J.jpg_220x220q75.jpg_.avif,https://ae-pic-a1.aliexpress-media.com/kf/S8f032e56b05f45688cef4f7ac5f2fc1fG.jpg_220x220q75.jpg_.avif","['High-concerned chemical', 'None', 'Type', 'Phones', 'Wire Type', 'Corded', 'Voice Mail', 'Yes', 'Model Number', 'F001-4', 'Brand Name', 'FEIYAQI', 'Origin', 'Mainland China']",https://www.aliexpress.us/item/3256806057321361.html?algo_pvid=81764aef-c529-42e6-8ca5-6c9e41eee5a3&algo_exp_id=81764aef-c529-42e6-8ca5-6c9e41eee5a3-47&pdp_ext_f=%7B%22order%22%3A%22282%22%2C%22eval%22%3A%221%22%2C%22fromPage%22%3A%22search%22%7D&pdp_npi=6%40dis%21USD%21174.90%2165.96%21%21%211188.17%21448.10%21%402101246417773987699988177e1192%2112000036440724822%21sea%21US%210%21ABX%211%210%21n_tag%3A-29910%3Bd%3Af5295fa4%3Bm03_new_user%3A-29895%3BpisId%3A5000000204886261&curPageLogUid=psuFZwzuvujs&utparam-url=scene%3Asearch%7Cquery_from%3A%7Cx_object_id%3A1005006243636113%7C_p_origin_prod%3A
Mini Desktop Corded Landline Phone Fixed Telephone Wall Mountable Supports Mute/ Pause/Redial Functions for Home Hotel Office,$10.48,"https://ae-pic-a1.aliexpress-media.com/kf/Sb1b6c1396ded4bc385cf7aa2b7ecc8d3g.jpg_220x220q75.jpg_.avif,https://ae-pic-a1.aliexpress-media.com/kf/S8cad5b2de46840e8bbbf9c73c8ed296eW.jpg_220x220q75.jpg_.avif,https://ae-pic-a1.aliexpress-media.com/kf/S99fb881a27174463a3a18a602e71e9819.jpg_220x220q75.jpg_.avif,https://ae-pic-a1.aliexpress-media.com/kf/S9f9e26490caf4af6bbe0f1207953a953y.jpg_220x220q75.jpg_.avif,https://ae-pic-a1.aliexpress-media.com/kf/Se7912db5e3824c0598a0c5eadfd0a0d87.jpg_220x220q75.jpg_.avif","['High-concerned chemical', 'None', 'Origin', 'Mainland China', 'Certification', 'NONE']",https://www.aliexpress.us/item/3256806615879073.html?algo_pvid=81764aef-c529-42e6-8ca5-6c9e41eee5a3&algo_exp_id=81764aef-c529-42e6-8ca5-6c9e41eee5a3-49&pdp_ext_f=%7B%22order%22%3A%22281%22%2C%22eval%22%3A%221%22%2C%22fromPage%22%3A%22search%22%7D&pdp_npi=6%40dis%21USD%2128.98%2110.48%21%21%21196.89%2171.24%21%402101246417773987699988177e1192%2112000038352750699%21sea%21US%210%21ABX%211%210%21n_tag%3A-29910%3Bd%3Af5295fa4%3Bm03_new_user%3A-29895%3BpisId%3A5000000204886261&curPageLogUid=ucmOTctUhvHP&utparam-url=scene%3Asearch%7Cquery_from%3A%7Cx_object_id%3A1005006802193825%7C_p_origin_prod%3A
Leather Men Phone Case Pouch Belt Waist Bag for iPhone Cellphone Loop Holster Case Wallet Purse Waist Packs Phone Holder,$5.75,"https://ae-pic-a1.aliexpress-media.com/kf/Sd72d4f7e5a564460ada2cb96e6eeb3b2B.jpg_220x220q75.jpg_.avif,https://ae-pic-a1.aliexpress-media.com/kf/Sd72d4f7e5a564460ada2cb96e6eeb3b2B.jpg_220x220q75.jpg_.avif,https://ae-pic-a1.aliexpress-media.com/kf/S49177301b6ac4389a1f8a76b5197a6258.jpg_220x220q75.jpg_.avif,https://ae-pic-a1.aliexpress-media.com/kf/S9faf1a51eade4536bf3c5502e9b86d3eW.jpg_220x220q75.jpg_.avif,https://ae-pic-a1.aliexpress-media.com/kf/S933386c0c73a48d1bbf503d455b1a3a5l.jpg_220x220q75.jpg_.avif","['High-concerned chemical', 'None', 'Features', 'Washable,Anti-Scratch,Anti-Fingerprint,Dustproof,Non-Slip,With Belt Loop', 'Main Material', 'Pu leather', 'Design', 'Plain', 'Type', 'Phone Bag', 'Origin', 'Mainland China']",https://www.aliexpress.us/item/3256803541997462.html?algo_pvid=81764aef-c529-42e6-8ca5-6c9e41eee5a3&algo_exp_id=81764aef-c529-42e6-8ca5-6c9e41eee5a3-56&pdp_ext_f=%7B%22order%22%3A%22265%22%2C%22eval%22%3A%221%22%2C%22fromPage%22%3A%22search%22%7D&pdp_npi=6%40dis%21USD%216.39%215.75%21%21%216.39%215.75%21%402101246417773987699988177e1192%2112000027313360730%21sea%21US%210%21ABX%211%210%21n_tag%3A-29910%3Bd%3Af5295fa4%3Bm03_new_user%3A-29895%3BpisId%3A5000000204886261&curPageLogUid=Zwenfyby387L&utparam-url=scene%3Asearch%7Cquery_from%3A%7Cx_object_id%3A1005003728312214%7C_p_origin_prod%3A
Soft Feel Flip Leather Wallet Case Card Slots W/Lanyard For iPhone 6 6s 7 8 Plus X XR XS SE 2020 2022 11 12 Mini 13 Pro Max,$4.06,"https://ae-pic-a1.aliexpress-media.com/kf/S3da2211503324f3c9622137905e5a627w.jpg_220x220q75.jpg_.avif,https://ae-pic-a1.aliexpress-media.com/kf/S3da2211503324f3c9622137905e5a627w.jpg_220x220q75.jpg_.avif,https://ae-pic-a1.aliexpress-media.com/kf/S47b9997dbe6c4e7fb2a44f0c87e8599bV.jpg_220x220q75.jpg_.avif,https://ae-pic-a1.aliexpress-media.com/kf/Se109706b6b80427caf3377987b00595al.jpg_220x220q75.jpg_.avif,https://ae-pic-a1.aliexpress-media.com/kf/S19ff5c12bf98469192135f732345c560V.jpg_220x220q75.jpg_.avif","['High-concerned chemical', 'None', 'Features', 'Magnetic,Shock Proof,Card Case,Anti-Fingerprint,Anti-Scratch,Dual Layer,Dustproof,With Holder,With Lanyard,lightweight,Non-Slip,Storage Compartment', 'Main Material', 'Artificial leather', 'Design', 'Plain', 'Type', 'Wallet Case', 'Brand Name', 'Cacash', 'Origin', 'Mainland China']",https://www.aliexpress.us/item/2251832838993664.html?algo_pvid=81764aef-c529-42e6-8ca5-6c9e41eee5a3&algo_exp_id=81764aef-c529-42e6-8ca5-6c9e41eee5a3-57&pdp_ext_f=%7B%22order%22%3A%22264%22%2C%22eval%22%3A%221%22%2C%22fromPage%22%3A%22search%22%7D&pdp_npi=6%40dis%21USD%214.58%214.06%21%21%214.58%214.06%21%402101246417773987699988177e1192%2167241674499%21sea%21US%210%21ABX%211%210%21n_tag%3A-29910%3Bd%3Af5295fa4%3Bm03_new_user%3A-29895%3BpisId%3A5000000204886261&curPageLogUid=nm2XLTk0oNtl&utparam-url=scene%3Asearch%7Cquery_from%3A%7Cx_object_id%3A33025308416%7C_p_origin_prod%3A
Essager HDMI To USB Type C Adapter for iPhone MacBook Pro Air iPad Samsung Galaxy 8K@60Hz 4K@120Hz/144Hz HD TV Cable Converter,$3.28,"https://ae-pic-a1.aliexpress-media.com/kf/S6b26768f32274788ba46eac582bea5dfp.jpg_220x220q75.jpg_.avif,https://ae-pic-a1.aliexpress-media.com/kf/S5418213bd01545dfa33dcdab0153b807e.png_220x220.png_.avif,https://ae-pic-a1.aliexpress-media.com/kf/Sa0ed222470af43ddbae3aaef32ffe227Z.png_220x220.png_.avif,https://ae-pic-a1.aliexpress-media.com/kf/S63ec6931b77546d09c055f4c451b1f5fO.png_220x220.png_.avif,https://ae-pic-a1.aliexpress-media.com/kf/S66011c528c994540b90ada1da265c2e5q.png_220x220.png_.avif","['High-concerned chemical', 'None', 'Model Number', 'EZJ4K30', 'Brand Name', 'ESSAGER', 'Origin', 'Mainland China', 'Certification', 'CE']",https://www.aliexpress.us/item/3256807972306991.html?algo_pvid=81764aef-c529-42e6-8ca5-6c9e41eee5a3&algo_exp_id=81764aef-c529-42e6-8ca5-6c9e41eee5a3-1&pdp_ext_f=%7B%22order%22%3A%22260%22%2C%22eval%22%3A%221%22%2C%22fromPage%22%3A%22search%22%7D&pdp_npi=6%40dis%21USD%2152.23%213.28%21%21%21354.80%2122.28%21%402101246417773987699988177e1192%2112000044032888912%21sea%21US%210%21ABX%211%210%21n_tag%3A-29910%3Bd%3Af5295fa4%3Bm03_new_user%3A-29895%3BpisId%3A5000000203537349&curPageLogUid=z9MgtERHYrql&utparam-url=scene%3Asearch%7Cquery_from%3A%7Cx_object_id%3A1005008158621743%7C_p_origin_prod%3A
Glitter Rhinestone Cat Ears Glossy Clear Phone Case For iPhone 17 16 15 14 13 12 11 Pro Max Plus Bling Stars Acrylic Back Cover,$0.99,"https://ae-pic-a1.aliexpress-media.com/kf/Sd70662d51b5b4b36899ce87251401a40i.jpg_220x220q75.jpg_.avif,https://ae-pic-a1.aliexpress-media.com/kf/Sd70662d51b5b4b36899ce87251401a40i.jpg_220x220q75.jpg_.avif,https://ae-pic-a1.aliexpress-media.com/kf/S67058b9a02244de5983b150ab75ece872.jpg_220x220q75.jpg_.avif,https://ae-pic-a1.aliexpress-media.com/kf/S6141f6d8776f4660b3835d27e994750aZ.jpg_220x220q75.jpg_.avif,https://ae-pic-a1.aliexpress-media.com/kf/S430daa639f2944129b4daa979ec61a54p.jpg_220x220q75.jpg_.avif","['High-concerned chemical', 'None', 'Features', 'Shock Proof,Washable,Anti-Fingerprint,Anti-Scratch,Dustproof,Glitter,lightweight,Non-Slip', 'Main Material', 'Pc + tpu', 'Design', 'Jewelled,Starry sky,Transparent,Glitter', 'Type', 'BUMPER', 'Brand Name', 'lolozzx', 'Origin', 'Mainland China', 'Compatible Brand', 'APPLE', 'Design', 'Luxury Gradient Transparent Glossy Phone Case', 'Feature 1', 'Shockproof+Anti-knock+Dirt-resistant', 'Feature 2', 'Camera Protection+High-out Screen Protection+Button Protection', 'Feature 3', 'Four-corner Drop-proof Design Case', 'Feature 4', 'All-inclusive Anti-fall Phone Case', 'Feature 5', 'Luxury Glitter Rhinestone Bumper Cat Ears Armor Phone Cover', 'Feature 6', 'Bling Lens Frame Camera Protection Phone Shell', 'Feature 7', 'Glitter Star Sequins Clear Phone Fundas', 'Color', 'As shown in the picture', 'Suitable', 'For Woman,Men,children,girls,boys,ladies', 'Service', 'Free Shipping,Drop Shipping,Wholesale,Retail', 'Item Number', 'XZ007246']",https://www.aliexpress.us/item/3256809698167867.html?algo_pvid=81764aef-c529-42e6-8ca5-6c9e41eee5a3&algo_exp_id=81764aef-c529-42e6-8ca5-6c9e41eee5a3-2&pdp_ext_f=%7B%22order%22%3A%22260%22%2C%22eval%22%3A%221%22%2C%22fromPage%22%3A%22search%22%7D&pdp_npi=6%40dis%21USD%215.83%210.99%21%21%2139.61%216.73%21%402101246417773987699988177e1192%2112000050476687172%21sea%21US%210%21ABX%211%210%21n_tag%3A-29910%3Bd%3Af5295fa4%3Bm03_new_user%3A-29895%3BpisId%3A5000000203537387&curPageLogUid=2UceR7LMBFZT&utparam-url=scene%3Asearch%7Cquery_from%3A%7Cx_object_id%3A1005009884482619%7C_p_origin_prod%3A
Luxury Wallet Case For iPhone 6 6S Case 7 8 Plus Leather Flip Case For iPhone X XR XS Max 8 7 6 6S Plus SE 2020 2022 Cover,$2.53,"https://ae-pic-a1.aliexpress-media.com/kf/S6e6a18fc6c6c4812b6284bb5b78fed2d4.jpg_220x220q75.jpg_.avif,https://ae-pic-a1.aliexpress-media.com/kf/S6e6a18fc6c6c4812b6284bb5b78fed2d4.jpg_220x220q75.jpg_.avif,https://ae-pic-a1.aliexpress-media.com/kf/S1adc2a1f73004016b762a9b06def812fT.jpg_220x220q75.jpg_.avif,https://ae-pic-a1.aliexpress-media.com/kf/S74aef0fcfb7d43a0b320991f517ef2baX.jpg_220x220q75.jpg_.avif,https://ae-pic-a1.aliexpress-media.com/kf/S095974a430d44e37b03dfc01b42e1b90m.jpg_220x220q75.jpg_.avif","['High-concerned chemical', 'None', 'Features', 'Magnetic,Anti-Fingerprint,Anti-Scratch,Dual Layer,Dustproof,With Holder,WIth Kickstand,With Lanyard,lightweight,Matte / Anti-Glare,Non-Slip,Storage Compartment', 'Main Material', 'Artificial leather', 'Design', 'Plain,Geometric', 'Type', 'Wallet Case', 'Brand Name', 'FXHTECH', 'Origin', 'Mainland China', 'Color', 'Blue,Black,Brown,Yellow', 'Material', 'High Quality PU Leather+Soft TPU', 'Feature', 'Card Slots+Magnetic Flip+Stand Support', 'Function', 'Shockproof & Dirt-Proof & Anti-Scratch', 'Model 1', 'For iPhone 6 6S Case', 'Model 2', 'For iPhone 6 6S Plus Case', 'Model 3', 'For iPhone 7 Case', 'Model 4', 'For iPhone 7 Plus Case', 'Model 5', 'For iPhone 8 Case', 'Model 6', 'For iPhone 8 Plus Case', 'Model 7', 'For iPhone SE 2020 Case', 'Model 8', 'For iPhone SE 2022 Case', 'Model 9', 'For iPhone X Case', 'Model 10', 'For iPhone XS Case', 'Model 11', 'For iPhone XR Case', 'Model 12', 'For iPhone XS Max Case']",https://www.aliexpress.us/item/3256806512548575.html?algo_pvid=81764aef-c529-42e6-8ca5-6c9e41eee5a3&algo_exp_id=81764aef-c529-42e6-8ca5-6c9e41eee5a3-59&pdp_ext_f=%7B%22order%22%3A%22258%22%2C%22eval%22%3A%221%22%2C%22fromPage%22%3A%22search%22%7D&pdp_npi=6%40dis%21USD%213.03%212.53%21%21%2120.56%2117.16%21%402101246417773987699988177e1192%2112000040495232399%21sea%21US%210%21ABX%211%210%21n_tag%3A-29910%3Bd%3Af5295fa4%3Bm03_new_user%3A-29895%3BpisId%3A5000000204886261&curPageLogUid=EPsbtDHyEGLd&utparam-url=scene%3Asearch%7Cquery_from%3A%7Cx_object_id%3A1005006698863327%7C_p_origin_prod%3A
"Love Heart Key Chains for iPhone 16Pro max, Diamond Rhinestone Phone Cases, Bling Cover, Luxury, 15 Plus, 14, 13, 12 11 Pro Max",$0.99,"https://ae-pic-a1.aliexpress-media.com/kf/Sb88cdf8389d84514859997e407fc12cev.jpg_220x220q75.jpg_.avif,https://ae-pic-a1.aliexpress-media.com/kf/S8509faa26c9f4ac59a22ee0c0888b165v.jpg_220x220q75.jpg_.avif,https://ae-pic-a1.aliexpress-media.com/kf/S3cd9d7f091264260acc7617986df7400g.jpg_220x220q75.jpg_.avif,https://ae-pic-a1.aliexpress-media.com/kf/Sa5f6ae2854a347beaeddd2767ae4baab0.jpg_220x220q75.jpg_.avif,https://ae-pic-a1.aliexpress-media.com/kf/Sf6e93b9731df475dbc2cdae0a8771226j.jpg_220x220q75.jpg_.avif","['High-concerned chemical', 'None', 'Features', 'Anti-Scratch,Dustproof', 'Main Material', 'Plastic', 'Design', 'Jewelled', 'Type', 'FULL COVERAGE', 'Brand Name', 'LaMaDiaa', 'Origin', 'Mainland China', 'Brand Name', 'LaMaDiaa', 'Support', 'Wholesale and Dropshipping', 'As', 'Bling Clear Rhinestone phone case For iphone XS MAX', 'Be', 'Summer Diamond Phone cases For iphone 11', 'Like', 'For iphone11 pro max Rhinestone case', 'With', 'Luxury Diamond case For iPhone12 12Pro Cover', 'Of', 'Shinny Stone phone Case For iPhone12 Pro Max Cover', 'To', 'Bling Bling Fundas de peluche For iPhone 13 mini phone cover', 'Kind', 'Shinny Bling phone Cover For iPhone13 Pro Max Full Cover', 'Use', 'Coque Fundas capa For iPhone 14 Pelose', 'Compatible model 1', 'Cute Phone Case For iPhone 14 Pro Funda', 'Compatible model 2', 'Telefon case For iPhone 15 Plus Caja Carsara', 'Compatible model 3', 'Phone funda For iPhone15 Pro Max Power Coque']",https://www.aliexpress.us/item/3256806556435249.html?algo_pvid=81764aef-c529-42e6-8ca5-6c9e41eee5a3&algo_exp_id=81764aef-c529-42e6-8ca5-6c9e41eee5a3-4&pdp_ext_f=%7B%22order%22%3A%22257%22%2C%22eval%22%3A%221%22%2C%22fromPage%22%3A%22search%22%7D&pdp_npi=6%40dis%21USD%2113.19%210.99%21%21%2113.19%210.99%21%402101246417773987699988177e1192%2112000038159685739%21sea%21US%210%21ABX%211%210%21n_tag%3A-29910%3Bd%3Af5295fa4%3Bm03_new_user%3A-29895%3BpisId%3A5000000203712598&curPageLogUid=aIX5D9YMtUoy&utparam-url=scene%3Asearch%7Cquery_from%3A%7Cx_object_id%3A1005006742750001%7C_p_origin_prod%3A
For iPhone 6 6s 7 8 SE XR Xs 16 15 14 13 12 11 Pro Max mini Plus e Funny Capibala Case With Holder Rope,$0.99,"https://ae-pic-a1.aliexpress-media.com/kf/Sa7c5e9732a954ec2bf87e17ba31acaae9.jpg_220x220q75.jpg_.avif,https://ae-pic-a1.aliexpress-media.com/kf/S2bbb391faea44dff9cd8ea73ee6eac1bz.jpg_220x220q75.jpg_.avif,https://ae-pic-a1.aliexpress-media.com/kf/S0416230ffa8a4ebc8dfd3fac19a5c895B.jpg_220x220q75.jpg_.avif,https://ae-pic-a1.aliexpress-media.com/kf/Seb25c9d5848d467fb58434a308dde8bca.jpg_220x220q75.jpg_.avif,https://ae-pic-a1.aliexpress-media.com/kf/S78dbb0c0a8f044fa97abf6ef90d2b093s.jpg_220x220q75.jpg_.avif","['High-concerned chemical', 'None', 'Features', 'With Holder,With Lanyard', 'Main Material', 'Thermoplastic polyurethane', 'Design', 'Cartoon,Anime,Animal', 'Type', 'FULL COVERAGE', 'Brand Name', 'MOQINO', 'Origin', 'Mainland China']",https://www.aliexpress.us/item/3256809469527770.html?algo_pvid=81764aef-c529-42e6-8ca5-6c9e41eee5a3&algo_exp_id=81764aef-c529-42e6-8ca5-6c9e41eee5a3-6&pdp_ext_f=%7B%22order%22%3A%22253%22%2C%22eval%22%3A%221%22%2C%22fromPage%22%3A%22search%22%7D&pdp_npi=6%40dis%21USD%215.26%210.99%21%21%2135.74%216.76%21%402101246417773987699988177e1192%2112000049783431869%21sea%21US%210%21ABX%211%210%21n_tag%3A-29910%3Bd%3Af5295fa4%3Bm03_new_user%3A-29895%3BpisId%3A5000000203537349&curPageLogUid=BhRHbByhCVuD&utparam-url=scene%3Asearch%7Cquery_from%3A%7Cx_object_id%3A1005009655842522%7C_p_origin_prod%3A
YXY SC single-mode fiber optic SC quick connector Ceramic core Fiber Optic Fast Connecto Telecommunication level,$3.41,"https://ae-pic-a1.aliexpress-media.com/kf/S0f0efc2da1ea47f988fe72d4fb0d21fbh.jpg_220x220q75.jpg_.avif,https://ae-pic-a1.aliexpress-media.com/kf/S08d6e5bdae664d568e8c29c00fbee87fS.jpg_220x220q75.jpg_.avif,https://ae-pic-a1.aliexpress-media.com/kf/S7eb6f3d3b37843b48705b5c3b47e2bcbG.jpg_220x220q75.jpg_.avif,https://ae-pic-a1.aliexpress-media.com/kf/Sc9fb5feac7254813811b9fb3f9445e48s.jpg_220x220q75.jpg_.avif,https://ae-pic-a1.aliexpress-media.com/kf/S95d637811ec14468a2fa84686922863f0.jpg_220x220q75.jpg_.avif","['High-concerned chemical', 'None', 'Model Number', 'YPM20-SC1C-A', 'Brand Name', 'NoEnName_Null', 'Origin', 'Mainland China']",https://www.aliexpress.us/item/3256805505678085.html?algo_pvid=81764aef-c529-42e6-8ca5-6c9e41eee5a3&algo_exp_id=81764aef-c529-42e6-8ca5-6c9e41eee5a3-8&pdp_ext_f=%7B%22order%22%3A%22249%22%2C%22eval%22%3A%221%22%2C%22fromPage%22%3A%22search%22%7D&pdp_npi=6%40dis%21USD%213.93%213.41%21%21%2126.72%2123.18%21%402101246417773987699988177e1192%2112000034059942450%21sea%21US%210%21ABX%211%210%21n_tag%3A-29910%3Bd%3Af5295fa4%3Bm03_new_user%3A-29895%3BpisId%3A5000000204886261&curPageLogUid=i5X3B0SgQkhh&utparam-url=scene%3Asearch%7Cquery_from%3A%7Cx_object_id%3A1005005691992837%7C_p_origin_prod%3A
Universal Mobile Phone Belt Clip Waist Bag For iPhone 15 14 13 12 Pro Max Samsung Huawei Xiaomi Men's Nylon Oxford Holster Cases,$2.97,"https://ae-pic-a1.aliexpress-media.com/kf/Sa885313dfe674b8a8a92ce49c53188fbC.jpg_220x220q75.jpg_.avif,https://ae-pic-a1.aliexpress-media.com/kf/Sd73425451da54f48a650e4dcb3062cfdj.jpg_220x220q75.jpg_.avif,https://ae-pic-a1.aliexpress-media.com/kf/S88ca5ceb123b496a8dc9b7c1156c8f77l.jpg_220x220q75.jpg_.avif,https://ae-pic-a1.aliexpress-media.com/kf/S38ebe10f98974c5aa1485b244fa43113L.jpg_220x220q75.jpg_.avif,https://ae-pic-a1.aliexpress-media.com/kf/Se111ae2d920b4a1db8fac2997638bac2C.jpg_220x220q75.jpg_.avif","['High-concerned chemical', 'None', 'Features', 'Magnetic,Washable,Anti-Scratch,Non-Slip,With Clip', 'Design', 'Plain', 'Type', 'Phone Bag', 'Brand Name', 'XhaoR', 'Origin', 'Mainland China', 'Color', 'Black', 'Material 1', 'High end nylon Oxford fabric', 'Material 2', 'Paired with high-end velvet lining material', 'Features 1', 'Slightly waterproof', 'Features 2', 'The cover hides a super strong magnetic plate that tightly attracts', 'Features 3', 'The two side panels are made of elastic nylon material, and the elastic band has good elasticity', 'Features 4', 'Back buckle size 5.0 * 7.0cm', 'Features 5', 'Back clip buckle can be worn and clipped']",https://www.aliexpress.us/item/3256806629880502.html?algo_pvid=81764aef-c529-42e6-8ca5-6c9e41eee5a3&algo_exp_id=81764aef-c529-42e6-8ca5-6c9e41eee5a3-9&pdp_ext_f=%7B%22order%22%3A%22243%22%2C%22eval%22%3A%221%22%2C%22fromPage%22%3A%22search%22%7D&pdp_npi=6%40dis%21USD%2124.20%212.97%21%21%21164.43%2120.19%21%402101246417773987699988177e1192%2112000038410441261%21sea%21US%210%21ABX%211%210%21n_tag%3A-29910%3Bd%3Af5295fa4%3Bm03_new_user%3A-29895%3BpisId%3A5000000203537339&curPageLogUid=v0FdgLmOh9lr&utparam-url=scene%3Asearch%7Cquery_from%3A%7Cx_object_id%3A1005006816195254%7C_p_origin_prod%3A
Korean Y2K Chic Glitter Rhinestone Star Phone Case For iPhone 16 15 14 13 Pro Max Cute Polka Dot Cover Stylish Girl Shell,$0.99,"https://ae-pic-a1.aliexpress-media.com/kf/S1abf075c53574d1e9d3399f6eeb65c3ed.jpg_220x220q75.jpg_.avif,https://ae-pic-a1.aliexpress-media.com/kf/Sdb49da08137646d09504c6cde68507ads.jpg_220x220q75.jpg_.avif,https://ae-pic-a1.aliexpress-media.com/kf/S29eec238ef144cbf868251f7c5de06b1H.jpg_220x220q75.jpg_.avif,https://ae-pic-a1.aliexpress-media.com/kf/S3cdeb86990944d52987e28f22d16e3a5f.jpg_220x220q75.jpg_.avif,https://ae-pic-a1.aliexpress-media.com/kf/Sb52e7d61a2c54befa6554c2b1a19b1dea.jpg_220x220q75.jpg_.avif","['High-concerned chemical', 'None', 'Features', 'Washable,Dustproof,Glitter,Non-Slip', 'Main Material', 'Plastic', 'Design', 'Plain,Geometric,Glitter,Pictorial', 'Type', 'BUMPER', 'Origin', 'Mainland China', 'Design', 'Plain,Geometric', 'Case For 1', 'For iPhone 15promax/15pro/15/15plus', 'Case For 2', 'For iPhone 14promax/14pro/14/14plus', 'Case For 3', 'For iPhone 13promax/13pro/13', 'Case For 4', 'For iPhone 12promax/12pro/12', 'Case For 5', 'For iPhone 11promax/11pro/11', 'Case For 6', 'For iPhone XSmax/XR/XS/X', 'Case For 7', 'For iPhone 7/7plus/8/8plus', 'Support', 'Retail,Dropshipping,Wholesale', 'Feature 1', 'Anti-knock', 'Feature 2', 'Personalized Phone Case', 'Feature 3', 'Korean Style Phone Case', 'Feature 4', 'Fashion Phone Case', 'Feature 5', 'Scratch-resistant', 'Color', 'Pink', 'Category 1', 'Litchi Pattern Leather Case', 'Category 2', 'Ins Stylish Case', 'Category 3', 'Cute Cartoon Embroidered Puppy Litchi Pattern PU Leather Case']",https://www.aliexpress.us/item/3256808071832857.html?algo_pvid=81764aef-c529-42e6-8ca5-6c9e41eee5a3&algo_exp_id=81764aef-c529-42e6-8ca5-6c9e41eee5a3-11&pdp_ext_f=%7B%22order%22%3A%22239%22%2C%22eval%22%3A%221%22%2C%22fromPage%22%3A%22search%22%7D&pdp_npi=6%40dis%21USD%215.69%210.99%21%21%2138.67%216.74%21%402101246417773987699988177e1192%2112000044394998090%21sea%21US%210%21ABX%211%210%21n_tag%3A-29910%3Bd%3Af5295fa4%3Bm03_new_user%3A-29895%3BpisId%3A5000000203537349&curPageLogUid=crWbyK6NU7iy&utparam-url=scene%3Asearch%7Cquery_from%3A%7Cx_object_id%3A1005008258147609%7C_p_origin_prod%3A
Antique Audio Guest Book Wedding Phone Message Recording Vintage Audio Message Book Vintage Message Book Confession Voicemail,$159.32,"https://ae-pic-a1.aliexpress-media.com/kf/S68b90fd2243046d787f7f8b62a1ac087S.png_220x220.png_.avif,https://ae-pic-a1.aliexpress-media.com/kf/S0a7c8e8334c448f5b7903ebf8797df6d6.jpg_220x220q75.jpg_.avif,https://ae-pic-a1.aliexpress-media.com/kf/S81369edba50349cdaa830d7ab0e031b6Y.jpg_220x220q75.jpg_.avif,https://ae-pic-a1.aliexpress-media.com/kf/S3002c03f78eb4fe89adc00a28aaa58340.jpg_220x220q75.jpg_.avif,https://ae-pic-a1.aliexpress-media.com/kf/S3d6702b070114636940b774157eca853q.jpg_220x220q75.jpg_.avif","['High-concerned chemical', 'None', 'Brand Name', 'Huamch', 'Origin', 'Mainland China']",https://www.aliexpress.us/item/3256810386434653.html?algo_pvid=81764aef-c529-42e6-8ca5-6c9e41eee5a3&algo_exp_id=81764aef-c529-42e6-8ca5-6c9e41eee5a3-14&pdp_ext_f=%7B%22order%22%3A%22228%22%2C%22eval%22%3A%221%22%2C%22orig_sl_item_id%22%3A%221005010572749405%22%2C%22orig_item_id%22%3A%221005011772621811%22%2C%22fromPage%22%3A%22search%22%7D&pdp_npi=6%40dis%21USD%21347.44%21159.32%21%21%212360.36%211082.37%21%402101246417773987699988177e1192%2112000052858675634%21sea%21US%210%21ABX%211%210%21n_tag%3A-29910%3Bd%3Af5295fa4%3Bm03_new_user%3A-29895%3BpisId%3A5000000204886261&curPageLogUid=P2d9rUfrn69h&utparam-url=scene%3Asearch%7Cquery_from%3A%7Cx_object_id%3A1005010572749405%7C_p_origin_prod%3A1005011772621811
Universal Phone Holster Case with Belt Clip Cell Phone Pouch Nylon Cover Waist Bag for iPhone 13 14 15 Outdoor Sports Card Bags,$0.99,"https://ae-pic-a1.aliexpress-media.com/kf/Sb6f8f1e3a64048d9b61ff6b39c1f51e2H.jpg?has_lang=1&ver=1_220x220q75.jpg_.avif,https://ae-pic-a1.aliexpress-media.com/kf/Sbac612e68bbf4a75ab8393d3f917a65aO.jpg?has_lang=1&ver=1_220x220q75.jpg_.avif,https://ae-pic-a1.aliexpress-media.com/kf/S5d490a192bbe43748d4e47e916b60682h.png_220x220.png_.avif,https://ae-pic-a1.aliexpress-media.com/kf/Sae51bf78bedd4d6dab0d516e35cbf3bfB.png?has_lang=1&ver=1_220x220.png_.avif,https://ae-pic-a1.aliexpress-media.com/kf/Saf354aeb2183489bb61e6d17bc96562fw.jpg_220x220q75.jpg_.avif","['High-concerned chemical', 'None', 'Features', 'With Belt Loop', 'Main Material', 'Nylon', 'Design', 'Texture', 'Type', 'Pouch', 'Brand Name', 'GOLDFOX', 'Origin', 'Mainland China']",https://www.aliexpress.us/item/3256808697769377.html?algo_pvid=81764aef-c529-42e6-8ca5-6c9e41eee5a3&algo_exp_id=81764aef-c529-42e6-8ca5-6c9e41eee5a3-15&pdp_ext_f=%7B%22order%22%3A%22228%22%2C%22eval%22%3A%221%22%2C%22fromPage%22%3A%22search%22%7D&pdp_npi=6%40dis%21USD%214.14%210.99%21%21%214.14%210.99%21%402101246417773987699988177e1192%2112000047076908316%21sea%21US%210%21ABX%211%210%21n_tag%3A-29910%3Bd%3Af5295fa4%3Bm03_new_user%3A-29895%3BpisId%3A5000000203537349&curPageLogUid=TBIFFkDHazMY&utparam-url=scene%3Asearch%7Cquery_from%3A%7Cx_object_id%3A1005008884084129%7C_p_origin_prod%3A
Chic Style Luxury Bilng Bling Gothic Cross Rhinestone Shockproof Protective Cover Case For iPhone 16 15 14 13 12 11 Pro Max Plus,$0.99,"https://ae-pic-a1.aliexpress-media.com/kf/Sa0b8bd8d7e4f4b7dadb7167d620b2c0cI.jpg_220x220q75.jpg_.avif,https://ae-pic-a1.aliexpress-media.com/kf/Sa0b8bd8d7e4f4b7dadb7167d620b2c0cI.jpg_220x220q75.jpg_.avif,https://ae-pic-a1.aliexpress-media.com/kf/S064de8ccc7a24f7ba933626aaf2d01f4L.jpg_220x220q75.jpg_.avif,https://ae-pic-a1.aliexpress-media.com/kf/S1c287a05761e4cc1907f7308aa627b4fL.jpg_220x220q75.jpg_.avif,https://ae-pic-a1.aliexpress-media.com/kf/S8f8f15affcfd40d8ade7abea39e992f0H.jpg_220x220q75.jpg_.avif","['High-concerned chemical', 'None', 'Features', 'Anti-Fingerprint,Non-Slip', 'Main Material', 'Plastic', 'Design', 'Jewelled', 'Type', 'FULL COVERAGE', 'Origin', 'Mainland China']",https://www.aliexpress.us/item/3256806506657972.html?algo_pvid=81764aef-c529-42e6-8ca5-6c9e41eee5a3&algo_exp_id=81764aef-c529-42e6-8ca5-6c9e41eee5a3-16&pdp_ext_f=%7B%22order%22%3A%22227%22%2C%22eval%22%3A%221%22%2C%22fromPage%22%3A%22search%22%7D&pdp_npi=6%40dis%21USD%2116.17%210.99%21%21%21109.83%216.71%21%402101246417773987699988177e1192%2112000043692670861%21sea%21US%210%21ABX%211%210%21n_tag%3A-29910%3Bd%3Af5295fa4%3Bm03_new_user%3A-29895%3BpisId%3A5000000203537339&curPageLogUid=deeIPwbJ277T&utparam-url=scene%3Asearch%7Cquery_from%3A%7Cx_object_id%3A1005006692972724%7C_p_origin_prod%3A
Phone Leather Case For Xiaomi Samsung S21 S20 iPhone 13 Men's Mobile Phone Bag Universal 5.0-6.5 inch Waist Belt Holster,$0.99,"https://ae-pic-a1.aliexpress-media.com/kf/S7498b09d207840d1a77a6ec2ac3f7a8dv.jpg_220x220q75.jpg_.avif,https://ae-pic-a1.aliexpress-media.com/kf/S2cc1ce9bea9946d8be38bbdd2fc9e2b9i.jpg_220x220q75.jpg_.avif,https://ae-pic-a1.aliexpress-media.com/kf/S4f55d532511c4cd0bae9cdd086f378458.jpg_220x220q75.jpg_.avif,https://ae-pic-a1.aliexpress-media.com/kf/S11084e462ad84fb1b9f1636f118b4fdec.jpg_220x220q75.jpg_.avif","['High-concerned chemical', 'None', 'Features', 'No Features', 'Main Material', 'Leather', 'Design', 'Plain', 'Type', 'Phone Bag', 'Brand Name', 'GOLDFOX', 'Origin', 'Mainland China', 'SKU', 'N6375']",https://www.aliexpress.us/item/3256805062285018.html?algo_pvid=81764aef-c529-42e6-8ca5-6c9e41eee5a3&algo_exp_id=81764aef-c529-42e6-8ca5-6c9e41eee5a3-19&pdp_ext_f=%7B%22order%22%3A%22217%22%2C%22eval%22%3A%221%22%2C%22fromPage%22%3A%22search%22%7D&pdp_npi=6%40dis%21USD%213.83%210.99%21%21%213.83%210.99%21%402101246417773987699988177e1192%2112000032355789597%21sea%21US%210%21ABX%211%210%21n_tag%3A-29910%3Bd%3Af5295fa4%3Bm03_new_user%3A-29895%3BpisId%3A5000000203537339&curPageLogUid=yNhIZGUr2x3c&utparam-url=scene%3Asearch%7Cquery_from%3A%7Cx_object_id%3A1005005248599770%7C_p_origin_prod%3A
"Universal Leather Case for iPhone Samsung Huawei Xiaomi Mens Waist Pack Belt Clip Bag for 3.5-6.3"" Mobile Phone Pouch Holster",$1.64,"https://ae-pic-a1.aliexpress-media.com/kf/H306f58e8212b43e6abca445a6f7a67db2.jpg_220x220q75.jpg_.avif,https://ae-pic-a1.aliexpress-media.com/kf/H306f58e8212b43e6abca445a6f7a67db2.jpg_220x220q75.jpg_.avif,https://ae-pic-a1.aliexpress-media.com/kf/Hea7d2aa5c263409aad036461cb76ed1fx.jpg_220x220q75.jpg_.avif,https://ae-pic-a1.aliexpress-media.com/kf/Hb849320d1acf4cc684803117ebdd440eU.jpg_220x220q75.jpg_.avif,https://ae-pic-a1.aliexpress-media.com/kf/H6956620e1a32491ea94213c096127f98s.jpg_220x220q75.jpg_.avif","['High-concerned chemical', 'None', 'Features', 'Dustproof,With Holder', 'Main Material', 'Artificial leather', 'Design', 'Plain', 'Type', 'Pouch', 'Brand Name', 'JONSNOW', 'Origin', 'Mainland China']",https://www.aliexpress.us/item/3256805850172916.html?algo_pvid=81764aef-c529-42e6-8ca5-6c9e41eee5a3&algo_exp_id=81764aef-c529-42e6-8ca5-6c9e41eee5a3-21&pdp_ext_f=%7B%22order%22%3A%22215%22%2C%22eval%22%3A%221%22%2C%22fromPage%22%3A%22search%22%7D&pdp_npi=6%40dis%21USD%2120.99%211.64%21%21%21142.59%2111.12%21%402101246417773987699988177e1192%2112000036167757419%21sea%21US%210%21ABX%211%210%21n_tag%3A-29910%3Bd%3Af5295fa4%3Bm03_new_user%3A-29895%3BpisId%3A5000000203537339&curPageLogUid=aedGK9T6t5Si&utparam-url=scene%3Asearch%7Cquery_from%3A%7Cx_object_id%3A1005006036487668%7C_p_origin_prod%3A
Nylon Cell Phone Belt Clip Holster Pouch Buckle Wallet Card Holder Case Cover For iphone 15 14 Pro Max Samsung S24 S23 Ultra Bag,$4.43,"https://ae-pic-a1.aliexpress-media.com/kf/S6fa67847b0d643d4a940dfde983f2f8cx.jpg_220x220q75.jpg_.avif,https://ae-pic-a1.aliexpress-media.com/kf/S6fa67847b0d643d4a940dfde983f2f8cx.jpg_220x220q75.jpg_.avif,https://ae-pic-a1.aliexpress-media.com/kf/Seeac0748d16f4198878829bbf9a8c27fZ.jpg_220x220q75.jpg_.avif,https://ae-pic-a1.aliexpress-media.com/kf/S50ab87a5b08645448c9db02e17ed7f27B.jpg_220x220q75.jpg_.avif,https://ae-pic-a1.aliexpress-media.com/kf/S79d6b1f5e17943918283d5e15f81802cn.jpg_220x220q75.jpg_.avif","['High-concerned chemical', 'None', 'Features', 'Anti-Scratch,Dual Layer,Dustproof,With Belt Loop', 'Main Material', 'Nylon', 'Design', 'Plain', 'Type', 'Half-Wrapped Case', 'Brand Name', 'TOLIFEEL', 'Origin', 'Mainland China']",https://www.aliexpress.us/item/3256806710157168.html?algo_pvid=81764aef-c529-42e6-8ca5-6c9e41eee5a3&algo_exp_id=81764aef-c529-42e6-8ca5-6c9e41eee5a3-22&pdp_ext_f=%7B%22order%22%3A%22215%22%2C%22eval%22%3A%221%22%2C%22fromPage%22%3A%22search%22%7D&pdp_npi=6%40dis%21USD%215.06%214.43%21%21%215.06%214.43%21%402101246417773987699988177e1192%2112000038648811205%21sea%21US%210%21ABX%211%210%21n_tag%3A-29910%3Bd%3Af5295fa4%3Bm03_new_user%3A-29895%3BpisId%3A5000000204886261&curPageLogUid=ANVse9yLNNQX&utparam-url=scene%3Asearch%7Cquery_from%3A%7Cx_object_id%3A1005006896471920%7C_p_origin_prod%3A
European Style Home Landline Phone Fashionable Lip Shaped Phone Desktop Mouth Telephone for Home Hotel Office Decoration,$10.19,"https://ae-pic-a1.aliexpress-media.com/kf/H0e433b2efc3047b18275306bb6bdd062D.jpg?has_lang=1&ver=1_220x220q75.jpg_.avif,https://ae-pic-a1.aliexpress-media.com/kf/H08696e25d66d4d2dac994701cc4acf2bU.jpg?has_lang=1&ver=2_220x220q75.jpg_.avif,https://ae-pic-a1.aliexpress-media.com/kf/Hdb818f9cde984ed49ea73a70636438adc.jpg_220x220q75.jpg_.avif,https://ae-pic-a1.aliexpress-media.com/kf/H88bb05dc86594f6ca5457cd4a34f6fb5i.jpg_220x220q75.jpg_.avif,https://ae-pic-a1.aliexpress-media.com/kf/H06bdf64c05614ad1a59c0092a51e0f57G.jpg?has_lang=1&ver=2_220x220q75.jpg_.avif","['High-concerned chemical', 'None', 'Type', 'Phones', 'Wire Type', 'Corded', 'Voice Mail', 'No', 'Model Number', 'Lips Shape Telephone', 'Brand Name', 'VBESTLIFE', 'Origin', 'Mainland China', 'Certification', 'NONE', 'Feature 1', 'Landline Phone', 'Feature 2', 'Home phone', 'Feature 3', 'Desktop Corded Telephone', 'Feature 4', 'phone', 'Feature 5', 'lip phone', 'Feature 6', 'Fixed Wired Phones']",https://www.aliexpress.us/item/2255800992738853.html?algo_pvid=81764aef-c529-42e6-8ca5-6c9e41eee5a3&algo_exp_id=81764aef-c529-42e6-8ca5-6c9e41eee5a3-23&pdp_ext_f=%7B%22order%22%3A%22210%22%2C%22eval%22%3A%221%22%2C%22fromPage%22%3A%22search%22%7D&pdp_npi=6%40dis%21USD%2115.69%2110.19%21%21%2115.69%2110.19%21%402101246417773987699988177e1192%2112000018275663267%21sea%21US%210%21ABX%211%210%21n_tag%3A-29910%3Bd%3Af5295fa4%3Bm03_new_user%3A-29895%3BpisId%3A5000000203537339&curPageLogUid=2mg2oWjSKrUH&utparam-url=scene%3Asearch%7Cquery_from%3A%7Cx_object_id%3A4001179053605%7C_p_origin_prod%3A
Luxury Bling Rhinestone Diamond Transparent Case For iPhone 16 Pro Max 15 14 13 Shockproof Protection Bumper Hard Acrylic Cover,$0.99,"https://ae-pic-a1.aliexpress-media.com/kf/S92b56f3eb6574f16bcd49f8e70ef99056.jpg_220x220q75.jpg_.avif,https://ae-pic-a1.aliexpress-media.com/kf/S92b56f3eb6574f16bcd49f8e70ef99056.jpg_220x220q75.jpg_.avif,https://ae-pic-a1.aliexpress-media.com/kf/Sa337b5d33c894acabbe0d73034992253v.jpg_220x220q75.jpg_.avif,https://ae-pic-a1.aliexpress-media.com/kf/Sdf5f3cc2d0344cee810b342fdb734cc6z.jpg_220x220q75.jpg_.avif,https://ae-pic-a1.aliexpress-media.com/kf/S97e1915dda7b44a58293ebb46e38a452t.jpg?has_lang=1&ver=1_220x220q75.jpg_.avif","['High-concerned chemical', 'None', 'Features', 'Magnetic,Anti-Fingerprint,Anti-Scratch,Dustproof,Glitter,lightweight,Matte / Anti-Glare,Non-Slip,Reflective', 'Main Material', 'Pc + tpu', 'Design', 'Plain,Transparent', 'Type', 'Half-Wrapped Case', 'Brand Name', 'CXSHXSZK', 'Origin', 'Mainland China', 'Function1', 'Anti-shock+Dirt Resistant+Shockproof+Camrem Protective', 'Function2', 'Anti-scratch+Screen Protection+Anti-fingerprint', 'Features1', 'Hybrid Armor Shockproof Phone Case For iPhone 16 Pro Max', 'Features2', 'Luxury Transparent Acrylic Phone Case For iPhone 16 Pro', 'Features3', 'Anti-bump and Anti-slip Military Phone Case', 'Features4', 'Bling Rhinestone Thickened Anti-drop Phone Case For iPhone 16 Plus', 'Service', 'Free Shipping,Drop Shipping,Wholesale,Retail', 'Time on market', 'Brand New on Market & Hot Selling', 'Applicable Models', 'For iPhone 16/15/14/13/12', 'ID', '2-15']",https://www.aliexpress.us/item/3256808481111270.html?algo_pvid=81764aef-c529-42e6-8ca5-6c9e41eee5a3&algo_exp_id=81764aef-c529-42e6-8ca5-6c9e41eee5a3-25&pdp_ext_f=%7B%22order%22%3A%22208%22%2C%22eval%22%3A%221%22%2C%22fromPage%22%3A%22search%22%7D&pdp_npi=6%40dis%21USD%213.56%210.99%21%21%2124.16%216.73%21%402101246417773987699988177e1192%2112000046159259190%21sea%21US%210%21ABX%211%210%21n_tag%3A-29910%3Bd%3Af5295fa4%3Bm03_new_user%3A-29895%3BpisId%3A5000000203537339&curPageLogUid=zSNeoqzpqh8p&utparam-url=scene%3Asearch%7Cquery_from%3A%7Cx_object_id%3A1005008667426022%7C_p_origin_prod%3A
"Leather Belt Clip Case Waist Bag For Samsung Galaxy Z Flip 7 6 5 4 3 5G Flip7 Flip6,Moto Razr 60 50 40 Oppo Holster Pouch Cover",$5.41,"https://ae-pic-a1.aliexpress-media.com/kf/S98a7a7b2d4c14d78b915c1a86d6c47aeI.jpg?has_lang=1&ver=1_220x220q75.jpg_.avif,https://ae-pic-a1.aliexpress-media.com/kf/Sdeeca8e385d44ebda53f310cf75a3701n.jpg_220x220q75.jpg_.avif,https://ae-pic-a1.aliexpress-media.com/kf/S182c277b00ee44ad8af8f830f1eaa1e0C.jpg_220x220q75.jpg_.avif,https://ae-pic-a1.aliexpress-media.com/kf/S062ac61f9d0a44cbb41bd1638595c253l.jpg_220x220q75.jpg_.avif,https://ae-pic-a1.aliexpress-media.com/kf/Sbdd30e2a420b43b1931c4b1bae6648d4V.jpg?has_lang=1&ver=1_220x220q75.jpg_.avif","['High-concerned chemical', 'None', 'Features', 'Magnetic,Anti-Fingerprint,Anti-Scratch,Dustproof,lightweight,Non-Slip,With Belt Loop', 'Main Material', 'Leather', 'Design', 'Plain', 'Type', 'Pouch', 'Brand Name', 'HKNR', 'Origin', 'Mainland China']",https://www.aliexpress.us/item/3256808675613341.html?algo_pvid=81764aef-c529-42e6-8ca5-6c9e41eee5a3&algo_exp_id=81764aef-c529-42e6-8ca5-6c9e41eee5a3-26&pdp_ext_f=%7B%22order%22%3A%22206%22%2C%22eval%22%3A%221%22%2C%22fromPage%22%3A%22search%22%7D&pdp_npi=6%40dis%21USD%2123.21%215.41%21%21%21157.71%2136.76%21%402101246417773987699988177e1192%2112000047161296758%21sea%21US%210%21ABX%211%210%21n_tag%3A-29910%3Bd%3Af5295fa4%3Bm03_new_user%3A-29895%3BpisId%3A5000000203537339&curPageLogUid=awsdEHtwdmKj&utparam-url=scene%3Asearch%7Cquery_from%3A%7Cx_object_id%3A1005008861928093%7C_p_origin_prod%3A
Home Hotel Wired Desktop Wall Phone Office Landline Telephone new,$7.39,"https://ae-pic-a1.aliexpress-media.com/kf/Sa53408139d7c452cb75a9e663c067693v.jpg_220x220q75.jpg_.avif,https://ae-pic-a1.aliexpress-media.com/kf/S81ba6215c1d0410584ca78608d33bd0cx.jpg_220x220q75.jpg_.avif,https://ae-pic-a1.aliexpress-media.com/kf/S51f8dd5e439f4ddd8b2b0ef9e0015c5eL.jpg_220x220q75.jpg_.avif,https://ae-pic-a1.aliexpress-media.com/kf/S9ffdf7282b9c4d7a9f73655d58c2d041t.jpg_220x220q75.jpg_.avif,https://ae-pic-a1.aliexpress-media.com/kf/S9e02c233aaab4396b6888e25084971728.jpg_220x220q75.jpg_.avif","['High-concerned chemical', 'None', 'Type', 'Parts', 'Brand Name', 'YOUTHINK', 'Origin', 'Mainland China']",https://www.aliexpress.us/item/3256806939362682.html?algo_pvid=81764aef-c529-42e6-8ca5-6c9e41eee5a3&algo_exp_id=81764aef-c529-42e6-8ca5-6c9e41eee5a3-27&pdp_ext_f=%7B%22order%22%3A%22204%22%2C%22eval%22%3A%221%22%2C%22fromPage%22%3A%22search%22%7D&pdp_npi=6%40dis%21USD%2112.89%217.39%21%21%2187.59%2150.23%21%402101246417773987699988177e1192%2112000039484463447%21sea%21US%210%21ABX%211%210%21n_tag%3A-29910%3Bd%3Af5295fa4%3Bm03_new_user%3A-29895%3BpisId%3A5000000203537339&curPageLogUid=6ZSuSAza2rF0&utparam-url=scene%3Asearch%7Cquery_from%3A%7Cx_object_id%3A1005007125677434%7C_p_origin_prod%3A
Comes With Lens Film Plating Flash Diamond Silicone Phone Case For IPhone 17 16 15 14 13 12 11 Pro Max Rhinestone Cover,$0.99,"https://ae-pic-a1.aliexpress-media.com/kf/Sbe59060e7b82451eaf0bd69ceb7aee8ay.jpg_220x220q75.jpg_.avif,https://ae-pic-a1.aliexpress-media.com/kf/Sbe59060e7b82451eaf0bd69ceb7aee8ay.jpg_220x220q75.jpg_.avif,https://ae-pic-a1.aliexpress-media.com/kf/S8e6385eefe3d4c4e94b586c0e6b82a60a.jpg_220x220q75.jpg_.avif,https://ae-pic-a1.aliexpress-media.com/kf/S029e2cbf563f409188c91c170d3efc1dl.jpg_220x220q75.jpg_.avif,https://ae-pic-a1.aliexpress-media.com/kf/S564196c6a4eb4e59b92c7b68447d3140j.jpg_220x220q75.jpg_.avif","['High-concerned chemical', 'None', 'Features', 'Anti-Fingerprint,Anti-Scratch,Dustproof', 'Main Material', 'Silicone', 'Design', 'Jewelled,Transparent', 'Type', 'Half-Wrapped Case', 'Brand Name', 'DUTRIEUX', 'Origin', 'Mainland China', 'Material', 'Silicone', 'Features 1', 'Camera protection', 'Features 2', 'Electroplating', 'Compatible Model 6', 'For iPhone 11', 'Compatible Model 7', 'For iPhone 11 Pro', 'Compatible Model 8', 'For iPhone 11 Pro Max', 'Compatible Model 10', 'For iPhone 12', 'Compatible Model 11', 'For iPhone 12 Pro', 'Compatible Model 13', 'For iPhone 12 Pro Max', 'Compatible Model 14', 'For iPhone 13', 'Compatible Model 16', 'For iPhone 13 Pro', 'Compatible Model 17', 'For iPhone 13 Pro Max', 'Compatible Model 18', 'For iPhone 14', 'Compatible Model 19', 'For iPhone 14 Plus', 'Compatible Model 20', 'For iPhone 14 Pro', 'Compatible Model 21', 'For iPhone 14 Pro Max', 'color1', 'Black', 'color2', 'Gold', 'color3', 'Rose gold', 'color4', 'Silver', 'color5', 'Green', 'color6', 'Blue', 'color7', 'Dark purple', 'Features 3', 'Rhinestones', 'Features 4', 'Comes With Lens Film']",https://www.aliexpress.us/item/3256807744111994.html?algo_pvid=81764aef-c529-42e6-8ca5-6c9e41eee5a3&algo_exp_id=81764aef-c529-42e6-8ca5-6c9e41eee5a3-30&pdp_ext_f=%7B%22order%22%3A%22195%22%2C%22eval%22%3A%221%22%2C%22fromPage%22%3A%22search%22%7D&pdp_npi=6%40dis%21USD%213.28%210.99%21%21%2122.31%216.75%21%402101246417773987699988177e1192%2112000042906545109%21sea%21US%210%21ABX%211%210%21n_tag%3A-29910%3Bd%3Af5295fa4%3Bm03_new_user%3A-29895%3BpisId%3A5000000203537339&curPageLogUid=kNeOqzUTKTs0&utparam-url=scene%3Asearch%7Cquery_from%3A%7Cx_object_id%3A1005007930426746%7C_p_origin_prod%3A
Ethernet Connector RJ11 6P4C Male to 4 Pin Screw Terminal Connector AV Screw Terminal RJ11 Screw Terminal Screw Terminal Adaptor,$1.45,"https://ae-pic-a1.aliexpress-media.com/kf/Sad4c37814dcf46189b7e9b879df60589G.jpg_220x220q75.jpg_.avif,https://ae-pic-a1.aliexpress-media.com/kf/S67f1163951674842933532cd45572d6dh.jpg_220x220q75.jpg_.avif,https://ae-pic-a1.aliexpress-media.com/kf/Se1302ff6aaaa4748ac494a7ee451ec71M.jpg_220x220q75.jpg_.avif,https://ae-pic-a1.aliexpress-media.com/kf/Sfc143358ce0e4f9597e999644aa4ac66S.jpg_220x220q75.jpg_.avif,https://ae-pic-a1.aliexpress-media.com/kf/Sf2fcf4cb2d5f45fa88965a119e696621B.jpg_220x220q75.jpg_.avif","['High-concerned chemical', 'None', 'Model Number', 'RJ11', 'Brand Name', 'VBESTLIFE', 'Origin', 'Mainland China']",https://www.aliexpress.us/item/3256809343115272.html?algo_pvid=81764aef-c529-42e6-8ca5-6c9e41eee5a3&algo_exp_id=81764aef-c529-42e6-8ca5-6c9e41eee5a3-32&pdp_ext_f=%7B%22order%22%3A%22191%22%2C%22eval%22%3A%221%22%2C%22fromPage%22%3A%22search%22%7D&pdp_npi=6%40dis%21USD%212.78%211.45%21%21%2118.86%219.80%21%402101246417773987699988177e1192%2112000049376855403%21sea%21US%210%21ABX%211%210%21n_tag%3A-29910%3Bd%3Af5295fa4%3Bm03_new_user%3A-29895%3BpisId%3A5000000204886261&curPageLogUid=IDhvBUh0yTv2&utparam-url=scene%3Asearch%7Cquery_from%3A%7Cx_object_id%3A1005009529430024%7C_p_origin_prod%3A
KXT504 Desktop Corded Telephone Multifunctional Large Button Landline Phone for Home Hotel Large Button Landline Phone,$4.00,"https://ae-pic-a1.aliexpress-media.com/kf/S3ecce12a2ee74754907c02475265949eh.jpg?has_lang=1&ver=2_220x220q75.jpg_.avif,https://ae-pic-a1.aliexpress-media.com/kf/S3ecce12a2ee74754907c02475265949eh.jpg?has_lang=1&ver=2_220x220q75.jpg_.avif,https://ae-pic-a1.aliexpress-media.com/kf/Sa8e42802f3de419a89c2c383ff89026d6.jpg?has_lang=1&ver=2_220x220q75.jpg_.avif,https://ae-pic-a1.aliexpress-media.com/kf/S77f1ed93ea5d4bf18a3a90bb6bb02fd4d.jpg_220x220q75.jpg_.avif,https://ae-pic-a1.aliexpress-media.com/kf/S6200b073f30e4727a3fa74dbbed4b3f0N.jpg?has_lang=1&ver=2_220x220q75.jpg_.avif","['High-concerned chemical', 'None', 'Type', 'Parts', 'Brand Name', 'Aibecy', 'Origin', 'Mainland China', 'Certification', 'NONE']",https://www.aliexpress.us/item/3256810061823911.html?algo_pvid=81764aef-c529-42e6-8ca5-6c9e41eee5a3&algo_exp_id=81764aef-c529-42e6-8ca5-6c9e41eee5a3-33&pdp_ext_f=%7B%22order%22%3A%22191%22%2C%22eval%22%3A%221%22%2C%22fromPage%22%3A%22search%22%7D&pdp_npi=6%40dis%21USD%2119.38%214.00%21%21%21131.63%2127.14%21%402101246417773987699988177e1192%2112000051672501746%21sea%21US%210%21ABX%211%210%21n_tag%3A-29910%3Bd%3Af5295fa4%3Bm03_new_user%3A-29895%3BpisId%3A5000000203537339&curPageLogUid=aL85iyzKaXuT&utparam-url=scene%3Asearch%7Cquery_from%3A%7Cx_object_id%3A1005010248138663%7C_p_origin_prod%3A
Universal Phone Belt Clip Waist Bag For iPhone 16 15 14 Pro Max Samsung Huawei Xiaomi Oxford Cloth Nylon Horizontal Holster Case,$0.99,"https://ae-pic-a1.aliexpress-media.com/kf/S8dddd1bd754f43e792d9aabbe4c694fdw.jpg_220x220q75.jpg_.avif,https://ae-pic-a1.aliexpress-media.com/kf/Sa4010fd1e0c34e9089c1c58b64c56c5ek.jpg_220x220q75.jpg_.avif,https://ae-pic-a1.aliexpress-media.com/kf/Saad8219b63a942c48193809a28b33de1M.jpg_220x220q75.jpg_.avif,https://ae-pic-a1.aliexpress-media.com/kf/Seba6a9524a3e4d45a11abd4a1f585feah.jpg_220x220q75.jpg_.avif,https://ae-pic-a1.aliexpress-media.com/kf/S84bd03d8ea5a4934a6341a171912c2a4X.jpg_220x220q75.jpg_.avif","['High-concerned chemical', 'None', 'Features', 'Anti-Scratch,Non-Slip,With Clip,With Strap', 'Main Material', 'Nylon', 'Design', 'Plain', 'Type', 'Phone Bag', 'Brand Name', 'XhaoR', 'Origin', 'Mainland China', 'Color', 'Black', 'Material', 'Oxford nylon fabric', 'Features 1', 'Slightly waterproof', 'Features 2', 'Two side panels with elastic nylon material', 'Features 3', 'The lid, combined with Velcro, can be tightly glued together', 'Features 4', 'Back clip buckle can be worn and clipped']",https://www.aliexpress.us/item/3256808043388336.html?algo_pvid=81764aef-c529-42e6-8ca5-6c9e41eee5a3&algo_exp_id=81764aef-c529-42e6-8ca5-6c9e41eee5a3-37&pdp_ext_f=%7B%22order%22%3A%22186%22%2C%22eval%22%3A%221%22%2C%22fromPage%22%3A%22search%22%7D&pdp_npi=6%40dis%21USD%2116.12%210.99%21%21%21109.49%216.73%21%402101246417773987699988177e1192%2112000044319816256%21sea%21US%210%21ABX%211%210%21n_tag%3A-29910%3Bd%3Af5295fa4%3Bm03_new_user%3A-29895%3BpisId%3A5000000203537339&curPageLogUid=xZUJD1FTbdBE&utparam-url=scene%3Asearch%7Cquery_from%3A%7Cx_object_id%3A1005008229703088%7C_p_origin_prod%3A
Cow Genuine Leather 7.2 Phone Pouch Belt Clip Case Holder For iPhone 17 16 15 14 Pro Max 13 12 11 X 8 Plus Men Waist Bag Holster,$4.27,"https://ae-pic-a1.aliexpress-media.com/kf/Sa241f541d20b43d0b3223f00a6a4fb3bB.jpg_220x220q75.jpg_.avif,https://ae-pic-a1.aliexpress-media.com/kf/S0d26abf5dead4d928d749468995e9f9et.jpg_220x220q75.jpg_.avif,https://ae-pic-a1.aliexpress-media.com/kf/S1fa1ea86c4794aa9aa36903739ea2fd6h.jpg_220x220q75.jpg_.avif,https://ae-pic-a1.aliexpress-media.com/kf/S15a2c0b9f7f346b193fd9915cfac5c30F.jpg_220x220q75.jpg_.avif,https://ae-pic-a1.aliexpress-media.com/kf/Sdce38a950de44637996e9563c8633d28X.jpg_220x220q75.jpg_.avif","['High-concerned chemical', 'None', 'Features', 'Magnetic,Shock Proof,Anti-Fingerprint,Anti-Scratch,Dustproof,With Holder,lightweight,Non-Slip,Waterproof/Underwater,With Belt Loop', 'Main Material', 'Genuine Leather,Leather', 'Design', 'Plain', 'Type', 'Pouch', 'Brand Name', 'HKNR', 'Origin', 'Mainland China']",https://www.aliexpress.us/item/3256802978028106.html?algo_pvid=81764aef-c529-42e6-8ca5-6c9e41eee5a3&algo_exp_id=81764aef-c529-42e6-8ca5-6c9e41eee5a3-38&pdp_ext_f=%7B%22order%22%3A%22183%22%2C%22eval%22%3A%221%22%2C%22fromPage%22%3A%22search%22%7D&pdp_npi=6%40dis%21USD%2110.06%214.27%21%21%2110.06%214.27%21%402101246417773987699988177e1192%2112000028964335186%21sea%21US%210%21ABX%211%210%21n_tag%3A-29910%3Bd%3Af5295fa4%3Bm03_new_user%3A-29895%3BpisId%3A5000000203537339&curPageLogUid=1FGS8PQg3gQ9&utparam-url=scene%3Asearch%7Cquery_from%3A%7Cx_object_id%3A1005003164342858%7C_p_origin_prod%3A
B5XA RJ45 Cat6 Junction Box For Ethernet Networking Cable Connection Accessories,$0.99,"https://ae-pic-a1.aliexpress-media.com/kf/Sec32cad9a3f7491295ccf7921833d4efc.jpg_220x220q75.jpg_.avif,https://ae-pic-a1.aliexpress-media.com/kf/Sfe7b62e4bc054c508b36e43d4f790529V.jpg_220x220q75.jpg_.avif,https://ae-pic-a1.aliexpress-media.com/kf/S7bee747bc2974954a0560e901b3ca62bn.jpg_220x220q75.jpg_.avif,https://ae-pic-a1.aliexpress-media.com/kf/S2ddfa718bb39451b9342dafb8c862060J.jpg_220x220q75.jpg_.avif,https://ae-pic-a1.aliexpress-media.com/kf/Sefffb993a4354b5f9471b6ee8ce032abY.jpg_220x220q75.jpg_.avif","['High-concerned chemical', 'None', 'Model Number', '4NB1404996', 'Brand Name', 'bcase', 'Origin', 'Mainland China', 'Certification', 'NONE']",https://www.aliexpress.us/item/3256808703685049.html?algo_pvid=81764aef-c529-42e6-8ca5-6c9e41eee5a3&algo_exp_id=81764aef-c529-42e6-8ca5-6c9e41eee5a3-40&pdp_ext_f=%7B%22order%22%3A%22182%22%2C%22eval%22%3A%221%22%2C%22fromPage%22%3A%22search%22%7D&pdp_npi=6%40dis%21USD%213.03%210.99%21%21%2120.61%216.74%21%402101246417773987699988177e1192%2112000047096205763%21sea%21US%210%21ABX%211%210%21n_tag%3A-29910%3Bd%3Af5295fa4%3Bm03_new_user%3A-29895%3BpisId%3A5000000203537349&curPageLogUid=VmhgQobMDFEi&utparam-url=scene%3Asearch%7Cquery_from%3A%7Cx_object_id%3A1005008889999801%7C_p_origin_prod%3A
"Corded Phone Test Telephone, D019 Landline Telephone with Caller Display Phones with Big Button for Home, Offices",$2.82,"https://ae-pic-a1.aliexpress-media.com/kf/S8ef00f98553d4de5a0ecc735e4f0aefaz.jpg_220x220q75.jpg_.avif,https://ae-pic-a1.aliexpress-media.com/kf/S931c8906192940129b8a7ed86fcbbe69e.jpg_220x220q75.jpg_.avif,https://ae-pic-a1.aliexpress-media.com/kf/S3275d20a16b64ab28c19b5ba5bce6a3eo.jpg_220x220q75.jpg_.avif,https://ae-pic-a1.aliexpress-media.com/kf/Sfd9e2df21c194958ad804406c2e5c3f8X.jpg_220x220q75.jpg_.avif,https://ae-pic-a1.aliexpress-media.com/kf/Sf3e6f30edcba498a807e07539df7cf78H.jpg_220x220q75.jpg_.avif","['High-concerned chemical', 'None', 'Type', 'Parts', 'Wire Type', 'Corded', 'Voice Mail', 'Yes', 'Model Number', 'D019 caller ID phone battery free test phone', 'Origin', 'Mainland China', 'Certification', 'NONE', 'Component', 'ABS', 'Size', 'about 145x45x20mm/5.71x1.77x0.79in', 'Model', 'D019']",https://www.aliexpress.us/item/3256806994720589.html?algo_pvid=81764aef-c529-42e6-8ca5-6c9e41eee5a3&algo_exp_id=81764aef-c529-42e6-8ca5-6c9e41eee5a3-41&pdp_ext_f=%7B%22order%22%3A%22182%22%2C%22eval%22%3A%221%22%2C%22fromPage%22%3A%22search%22%7D&pdp_npi=6%40dis%21USD%218.32%212.82%21%21%2156.50%2119.14%21%402101246417773987699988177e1192%2112000039721176637%21sea%21US%210%21ABX%211%210%21n_tag%3A-29910%3Bd%3Af5295fa4%3Bm03_new_user%3A-29895%3BpisId%3A5000000203537339&curPageLogUid=HspoJCuAHpvT&utparam-url=scene%3Asearch%7Cquery_from%3A%7Cx_object_id%3A1005007181035341%7C_p_origin_prod%3A
"Retro Telephone, Corded Landline Phone 1980s Vintage Telephone Old Fashion Analog Senior Phone with Flash/Redial/Ringer for Home",$25.79,"https://ae-pic-a1.aliexpress-media.com/kf/Sba1247f7fbae4302b0095f16656cd4169.jpg?has_lang=1&ver=2_220x220q75.jpg_.avif,https://ae-pic-a1.aliexpress-media.com/kf/S0d2c29d282d9425c9fed41f9f9cf0a54c.jpg?has_lang=1&ver=2_220x220q75.jpg_.avif,https://ae-pic-a1.aliexpress-media.com/kf/S2f1f800c07474218ba65d7fbf3d2d8a5J.jpg?has_lang=1&ver=2_220x220q75.jpg_.avif,https://ae-pic-a1.aliexpress-media.com/kf/Sb23e7c4170c04507b9b1eff3f8887abfh.jpg?has_lang=1&ver=2_220x220q75.jpg_.avif,https://ae-pic-a1.aliexpress-media.com/kf/S0d437c5f49914530bc28dc5b2782d2f82.jpg?has_lang=1&ver=2_220x220q75.jpg_.avif","['High-concerned chemical', 'None', 'Type', 'Phones', 'Wire Type', 'Corded', 'Voice Mail', 'No', 'Model Number', '3011', 'Brand Name', 'TelPal', 'Origin', 'Mainland China']",https://www.aliexpress.us/item/3256806845203398.html?algo_pvid=81764aef-c529-42e6-8ca5-6c9e41eee5a3&algo_exp_id=81764aef-c529-42e6-8ca5-6c9e41eee5a3-43&pdp_ext_f=%7B%22order%22%3A%22179%22%2C%22eval%22%3A%221%22%2C%22fromPage%22%3A%22search%22%7D&pdp_npi=6%40dis%21USD%2186.90%2125.79%21%21%21590.32%21175.16%21%402101246417773987699988177e1192%2112000040526189545%21sea%21US%210%21ABX%211%210%21n_tag%3A-29910%3Bd%3Af5295fa4%3Bm03_new_user%3A-29895%3BpisId%3A5000000203537339&curPageLogUid=ELf4K85WjHPI&utparam-url=scene%3Asearch%7Cquery_from%3A%7Cx_object_id%3A1005007031518150%7C_p_origin_prod%3A
Mobile Phone Nylon Pouch Universal Cell Phone Belt Clip Carrying Holster Case Waist Bag Black Outdoor Sports Climbing Belt Bag,$0.99,"https://ae-pic-a1.aliexpress-media.com/kf/S8b3f8b5803a04cdf902ced27e96a3ab8O.jpeg?has_lang=1&ver=1_220x220q75.jpeg_.avif,https://ae-pic-a1.aliexpress-media.com/kf/S8e30a7db24e649c48c28f027c0ef3671B.jpeg_220x220q75.jpeg_.avif,https://ae-pic-a1.aliexpress-media.com/kf/S5f0773dd060e480cb5f465492f2e60bfr.jpeg_220x220q75.jpeg_.avif,https://ae-pic-a1.aliexpress-media.com/kf/Sa908dc6e4f59480b934ee3fa9c7d1464B.jpeg_220x220q75.jpeg_.avif,https://ae-pic-a1.aliexpress-media.com/kf/Sbaa34f4d84a44663bb43fd9d522b5de6Z.jpeg_220x220q75.jpeg_.avif","['High-concerned chemical', 'None', 'Features', 'Dustproof,lightweight', 'Main Material', 'CANVAS', 'Design', 'Plain', 'Type', 'Phone Bag', 'Origin', 'Mainland China']",https://www.aliexpress.us/item/3256808897731724.html?algo_pvid=81764aef-c529-42e6-8ca5-6c9e41eee5a3&algo_exp_id=81764aef-c529-42e6-8ca5-6c9e41eee5a3-44&pdp_ext_f=%7B%22order%22%3A%22179%22%2C%22eval%22%3A%221%22%2C%22fromPage%22%3A%22search%22%7D&pdp_npi=6%40dis%21USD%219.92%210.99%21%21%2167.41%216.73%21%402101246417773987699988177e1192%2112000047852472805%21sea%21US%210%21ABX%211%210%21n_tag%3A-29910%3Bd%3Af5295fa4%3Bm03_new_user%3A-29895%3BpisId%3A5000000203537349&curPageLogUid=10jgpzf3u6Wj&utparam-url=scene%3Asearch%7Cquery_from%3A%7Cx_object_id%3A1005009084046476%7C_p_origin_prod%3A
Universal Leather Phone Belt Clip Case Waist Bag Men For iPhone 15 14 13 12 Pro Max Samsung S24 S23 Xiaomi Redmi 9 Holster Cover,$0.99,"https://ae-pic-a1.aliexpress-media.com/kf/S00f42caccdcd4425a8e819eb236698ec2.jpg_220x220q75.jpg_.avif,https://ae-pic-a1.aliexpress-media.com/kf/S1256f0c66d58497881d2c5a86a48e5c68.jpg_220x220q75.jpg_.avif,https://ae-pic-a1.aliexpress-media.com/kf/S4e284a43a89f4c36b3c01ef59ea2c5d4G.jpg_220x220q75.jpg_.avif,https://ae-pic-a1.aliexpress-media.com/kf/S9ad73c715a464157af755eec140387b2Z.jpg_220x220q75.jpg_.avif,https://ae-pic-a1.aliexpress-media.com/kf/Se964c127ab92494796a7fa02e5bd4d40C.jpg_220x220q75.jpg_.avif","['High-concerned chemical', 'None', 'Features', 'Magnetic,Anti-Fingerprint,Anti-Scratch,Dustproof,lightweight,Matte / Anti-Glare,Non-Slip,With Belt Loop', 'Main Material', 'Pu leather', 'Design', 'Plain', 'Type', 'Pouch', 'Brand Name', 'HKNR', 'Origin', 'Mainland China']",https://www.aliexpress.us/item/3256806928237380.html?algo_pvid=81764aef-c529-42e6-8ca5-6c9e41eee5a3&algo_exp_id=81764aef-c529-42e6-8ca5-6c9e41eee5a3-45&pdp_ext_f=%7B%22order%22%3A%22178%22%2C%22eval%22%3A%221%22%2C%22fromPage%22%3A%22search%22%7D&pdp_npi=6%40dis%21USD%216.11%210.99%21%21%216.11%210.99%21%402101246417773987699988177e1192%2112000039586597627%21sea%21US%210%21ABX%211%210%21n_tag%3A-29910%3Bd%3Af5295fa4%3Bm03_new_user%3A-29895%3BpisId%3A5000000203537349&curPageLogUid=b0BmE8OhLnil&utparam-url=scene%3Asearch%7Cquery_from%3A%7Cx_object_id%3A1005007114552132%7C_p_origin_prod%3A
ZoeRax OM4 Fiber Optic Patch Cable LC to LC 100/40/10Gb Multimode Duplex 50/125μm LSZH Fiber Optic Cord for SFP Transceiver,$0.99,"https://ae-pic-a1.aliexpress-media.com/kf/S4565550531c4473ba10bd54ced891ce0q.jpg_220x220q75.jpg_.avif,https://ae-pic-a1.aliexpress-media.com/kf/Sde3d0f3287fa4efb80d8e856fcc797b0R.jpg_220x220q75.jpg_.avif,https://ae-pic-a1.aliexpress-media.com/kf/S5b00145660b14b409bf2268f394c019d4.jpg_220x220q75.jpg_.avif,https://ae-pic-a1.aliexpress-media.com/kf/S07dc959ae8354a3496bae7ee774a798d7.jpg_220x220q75.jpg_.avif,https://ae-pic-a1.aliexpress-media.com/kf/S3fa6471733034f708e4dac3d911d33522.jpg_220x220q75.jpg_.avif","['High-concerned chemical', 'None', 'Model Number', 'OM4', 'Brand Name', 'ZoeRax', 'Origin', 'Mainland China', 'Certification', 'CE', 'FiberType', '0M4', 'Polish Types', 'UPC', 'Operating Wavelengt', '850nm,1300nm', 'Insertion Loss', '0.3dB', 'Interchangeability', '0.2dB', 'Repeatability', '0.2dB', 'Service Life', '1000 times', 'Connectors Type', 'LC to LC', 'Sheath Materials', 'LSZH', 'Tensile Strength', '10kg', 'Temperature Range', '-40°C~+85°C']",https://www.aliexpress.us/item/3256808303203383.html?algo_pvid=81764aef-c529-42e6-8ca5-6c9e41eee5a3&algo_exp_id=81764aef-c529-42e6-8ca5-6c9e41eee5a3-48&pdp_ext_f=%7B%22order%22%3A%22176%22%2C%22eval%22%3A%221%22%2C%22fromPage%22%3A%22search%22%7D&pdp_npi=6%40dis%21USD%214.47%210.99%21%21%214.47%210.99%21%402101246417773987699988177e1192%2112000045421462528%21sea%21US%210%21ABX%211%210%21n_tag%3A-29910%3Bd%3Af5295fa4%3Bm03_new_user%3A-29895%3BpisId%3A5000000203537387&curPageLogUid=wgZCXLNO7awo&utparam-url=scene%3Asearch%7Cquery_from%3A%7Cx_object_id%3A1005008489518135%7C_p_origin_prod%3A
Military Tactical Army Phone Belt Clip Case Holder For iPhone 17 16 15 14 13 12 11 Pro Max 7 8 Plus Men Waist Bag Holster Pouch,$3.05,"https://ae-pic-a1.aliexpress-media.com/kf/S67f49f0cfccf489995f178388d7cbd48F.jpg_220x220q75.jpg_.avif,https://ae-pic-a1.aliexpress-media.com/kf/S3e05f287dc014316a05f836fad2b8574L.jpg_220x220q75.jpg_.avif,https://ae-pic-a1.aliexpress-media.com/kf/S3e0b387d25fe4b0f9efe6f2c4aa7975c0.jpg_220x220q75.jpg_.avif,https://ae-pic-a1.aliexpress-media.com/kf/Sd91357bcd6854f2d89df0f50414948b4E.jpg_220x220q75.jpg_.avif,https://ae-pic-a1.aliexpress-media.com/kf/Se437434987cb4711a8a77d585e27a6b1k.jpg_220x220q75.jpg_.avif","['High-concerned chemical', 'None', 'Features', 'Anti-Fingerprint,Anti-Scratch,Dustproof,With Holder,lightweight,Non-Slip,Waterproof/Underwater,With Belt Loop', 'Main Material', 'Nylon', 'Design', 'Plain', 'Type', 'Flip Case', 'Brand Name', 'HKNR', 'Origin', 'Mainland China']",https://www.aliexpress.us/item/3256805297157606.html?algo_pvid=81764aef-c529-42e6-8ca5-6c9e41eee5a3&algo_exp_id=81764aef-c529-42e6-8ca5-6c9e41eee5a3-50&pdp_ext_f=%7B%22order%22%3A%22172%22%2C%22eval%22%3A%221%22%2C%22fromPage%22%3A%22search%22%7D&pdp_npi=6%40dis%21USD%218.76%213.05%21%21%218.76%213.05%21%402101246417773987699988177e1192%2112000033264822760%21sea%21US%210%21ABX%211%210%21n_tag%3A-29910%3Bd%3Af5295fa4%3Bm03_new_user%3A-29895%3BpisId%3A5000000203537339&curPageLogUid=knzqSWPK76qc&utparam-url=scene%3Asearch%7Cquery_from%3A%7Cx_object_id%3A1005005483472358%7C_p_origin_prod%3A
"Corded Wall Phone, Analog Trimline Phone With Cord, Retro Wall Mounted Telephones Old Fashion Antique Home Phone Hotel Phone",$38.24,"https://ae-pic-a1.aliexpress-media.com/kf/S4f1ec3b0d0c34a91a86f8e16e54fc468f.jpg_220x220q75.jpg_.avif,https://ae-pic-a1.aliexpress-media.com/kf/S4f1ec3b0d0c34a91a86f8e16e54fc468f.jpg_220x220q75.jpg_.avif,https://ae-pic-a1.aliexpress-media.com/kf/S3939e4d901bd45c09187cd851106fa1c6.jpg_220x220q75.jpg_.avif,https://ae-pic-a1.aliexpress-media.com/kf/S8853b49b72c34fab82830f2ad583e45cV.jpg?has_lang=1&ver=2_220x220q75.jpg_.avif,https://ae-pic-a1.aliexpress-media.com/kf/S46433ec371e24053b0423cd3ed48a751N.jpg?has_lang=1&ver=2_220x220q75.jpg_.avif","['High-concerned chemical', 'None', 'Type', 'Phones', 'Wire Type', 'Corded', 'Voice Mail', 'No', 'Model Number', 'antique telephone antique phone', 'Brand Name', 'TelPal', 'Origin', 'Mainland China', 'Certification', 'CE']",https://www.aliexpress.us/item/3256805501901738.html?algo_pvid=81764aef-c529-42e6-8ca5-6c9e41eee5a3&algo_exp_id=81764aef-c529-42e6-8ca5-6c9e41eee5a3-52&pdp_ext_f=%7B%22order%22%3A%22169%22%2C%22eval%22%3A%221%22%2C%22fromPage%22%3A%22search%22%7D&pdp_npi=6%40dis%21USD%21115.11%2138.24%21%21%21781.99%21259.80%21%402101246417773987699988177e1192%2112000034014358487%21sea%21US%210%21ABX%211%210%21n_tag%3A-29910%3Bd%3Af5295fa4%3Bm03_new_user%3A-29895%3BpisId%3A5000000203537339&curPageLogUid=csUJtozlUsGC&utparam-url=scene%3Asearch%7Cquery_from%3A%7Cx_object_id%3A1005005688216490%7C_p_origin_prod%3A
FASO 100PCS/50PCS FTTH SC UPC Fiber Optic Connector FTTH Fiber Optic Fast Connector tool kit UPC Fiber Connectors for Testing,$18.60,"https://ae-pic-a1.aliexpress-media.com/kf/Sd04ced877bbe41b6a472ee29d648a917J.jpg?has_lang=1&ver=2_220x220q75.jpg_.avif,https://ae-pic-a1.aliexpress-media.com/kf/S78565e24acf34546aa1e400dd3059989f.jpg_220x220q75.jpg_.avif,https://ae-pic-a1.aliexpress-media.com/kf/S8ea824b15b954f658eb004ba35b82cc5b.jpg_220x220q75.jpg_.avif,https://ae-pic-a1.aliexpress-media.com/kf/S5c5f191e0bbb4310865de506889bfa91r.jpg?has_lang=1&ver=2_220x220q75.jpg_.avif,https://ae-pic-a1.aliexpress-media.com/kf/S09ad428118d04824ac471fc540c39da4r.jpg?has_lang=1&ver=2_220x220q75.jpg_.avif","['High-concerned chemical', 'None', 'Model Number', 'SC/UPC', 'Brand Name', 'FASO', 'Origin', 'Mainland China', 'Certification', 'CE,FCC,RoHS']",https://www.aliexpress.us/item/3256806020695456.html?algo_pvid=81764aef-c529-42e6-8ca5-6c9e41eee5a3&algo_exp_id=81764aef-c529-42e6-8ca5-6c9e41eee5a3-53&pdp_ext_f=%7B%22order%22%3A%22169%22%2C%22eval%22%3A%221%22%2C%22fromPage%22%3A%22search%22%7D&pdp_npi=6%40dis%21USD%2124.21%2118.60%21%21%21164.47%21126.38%21%402101246417773987699988177e1192%2112000036279907492%21sea%21US%210%21ABX%211%210%21n_tag%3A-29910%3Bd%3Af5295fa4%3Bm03_new_user%3A-29895%3BpisId%3A5000000203537339&curPageLogUid=fcHXnfH9WZtv&utparam-url=scene%3Asearch%7Cquery_from%3A%7Cx_object_id%3A1005006207010208%7C_p_origin_prod%3A
Hello Kitty Rhinestone Bling Crystal Phone Case Chain For iPhone17 16 15 14 13 12 11Pro Max X Xs XR 7 8 Plus Transparent Bumper,$27.86,"https://ae-pic-a1.aliexpress-media.com/kf/Sfd0784ebb0064409b7643eac0031b636m.jpg_220x220q75.jpg_.avif,https://ae-pic-a1.aliexpress-media.com/kf/Sfd0784ebb0064409b7643eac0031b636m.jpg_220x220q75.jpg_.avif,https://ae-pic-a1.aliexpress-media.com/kf/S7c3cf4d4fa504d4380aa8e1e34ddd5a7n.jpg_220x220q75.jpg_.avif,https://ae-pic-a1.aliexpress-media.com/kf/S948779ae5997470eaaff80173b5e3826X.jpg_220x220q75.jpg_.avif,https://ae-pic-a1.aliexpress-media.com/kf/S50be79d225f7491c9f0326960bc73ef3T.jpg_220x220q75.jpg_.avif","['High-concerned chemical', 'None', 'Features', 'Non-Slip', 'Main Material', 'Plastic', 'Design', 'Cartoon', 'Type', 'Half-Wrapped Case', 'Brand Name', 'Sanrio', 'Origin', 'Mainland China', 'Hign-concerned Chemical', 'None', 'Origin', 'Mainland China', 'Features', 'Non-Slip', 'Main materials', 'Plastic', 'Type', 'Half-Wrapped Case', 'Design', 'Cartoon']",https://www.aliexpress.us/item/3256808762642104.html?algo_pvid=81764aef-c529-42e6-8ca5-6c9e41eee5a3&algo_exp_id=81764aef-c529-42e6-8ca5-6c9e41eee5a3-54&pdp_ext_f=%7B%22order%22%3A%22168%22%2C%22eval%22%3A%221%22%2C%22fromPage%22%3A%22search%22%7D&pdp_npi=6%40dis%21USD%2145.13%2127.86%21%21%21306.60%21189.30%21%402101246417773987699988177e1192%2112000050437542437%21sea%21US%210%21ABX%211%210%21n_tag%3A-29910%3Bd%3Af5295fa4%3Bm03_new_user%3A-29895%3BpisId%3A5000000205277695&curPageLogUid=aiZ0GOVkpna5&utparam-url=scene%3Asearch%7Cquery_from%3A%7Cx_object_id%3A1005008948956856%7C_p_origin_prod%3A
Phone Case for Iphone 16 12 13 14 15 Pro MAX 17 16Pro 14Pro Luxury Bling Rhinestone Diamond Bow-knot Case for Iphone XR Xs Max,$0.99,"https://ae-pic-a1.aliexpress-media.com/kf/Sae8b2f83dad84d8f9bebe7de70e1ba405.jpg_220x220q75.jpg_.avif,https://ae-pic-a1.aliexpress-media.com/kf/Sd64bc20c5ce34c7c90611990d919923f2.jpg_220x220q75.jpg_.avif,https://ae-pic-a1.aliexpress-media.com/kf/Se890e29a335241d2a3965645236a9d5d8.jpg_220x220q75.jpg_.avif,https://ae-pic-a1.aliexpress-media.com/kf/S20b157a43599473a9249a6adb3f33036h.jpg_220x220q75.jpg_.avif,https://ae-pic-a1.aliexpress-media.com/kf/Sc2fc1a54e7bf4312b18c40f0a81af0b6z.jpg_220x220q75.jpg_.avif","['High-concerned chemical', 'None', 'Features', 'Dustproof', 'Main Material', 'Plastic', 'Design', 'Jewelled,Transparent', 'Type', 'FULL COVERAGE', 'Brand Name', 'LaMaDiaa', 'Origin', 'Mainland China', 'Brand Name', 'LaMaDiaa', 'Support', 'Wholesale and Dropshipping', 'As', 'Bling Clear Rhinestone phone case for Iphone 7 8 plus', 'Be', 'Summer Diamond Phone cases for iphone XS MAX', 'Like', 'For iphone 11 Pro Max Rhinestone case', 'With', 'Luxury Diamond case for iphone 12 Pro Max Cover', 'Of', 'Shinny Stone phone Case for iphone 13 pro Cover', 'To', 'Bling Bling Fundas de peluche for iphone 14 Plus phone cover', 'Kind', 'Shinny Bling phone Cover for iphone 14 Pro Max Full Cover', 'Use', 'Coque Fundas capa for iphone 15 pro max Pelose', 'Compatible model 1', 'Cute Phone Case for iphone 15 pro Funda', 'Compatible model 2', 'Telefon case for iphone 15 Plus Caja Carsara', 'Compatible model 3', 'Phone funda for iphone 13 Pro Max Power Coque']",https://www.aliexpress.us/item/2251832766276061.html?algo_pvid=81764aef-c529-42e6-8ca5-6c9e41eee5a3&algo_exp_id=81764aef-c529-42e6-8ca5-6c9e41eee5a3-55&pdp_ext_f=%7B%22order%22%3A%22166%22%2C%22eval%22%3A%221%22%2C%22fromPage%22%3A%22search%22%7D&pdp_npi=6%40dis%21USD%2110.41%210.99%21%21%2110.41%210.99%21%402101246417773987699988177e1192%2166313745196%21sea%21US%210%21ABX%211%210%21n_tag%3A-29910%3Bd%3Af5295fa4%3Bm03_new_user%3A-29895%3BpisId%3A5000000203712598&curPageLogUid=0uetjO2F9RRY&utparam-url=scene%3Asearch%7Cquery_from%3A%7Cx_object_id%3A32952590813%7C_p_origin_prod%3A
10-40Pcs Fiber Optic Connector Adapter SC/UPC Flange Singlemode Simplex SC-SC APC UPC Coupler Network Internet Cable Connectors,$0.99,"https://ae-pic-a1.aliexpress-media.com/kf/S6475c855b3f04e2abf65e0f2fa4c3401i.jpg_220x220q75.jpg_.avif,https://ae-pic-a1.aliexpress-media.com/kf/S8cb6d90dc18740a498b49f84ea3840274.jpg_220x220q75.jpg_.avif,https://ae-pic-a1.aliexpress-media.com/kf/S459255b4bd83404c8e723befd2a9451dr.jpg_220x220q75.jpg_.avif,https://ae-pic-a1.aliexpress-media.com/kf/S819a43bbdf884cc68348fa9575f05e01Y.jpg_220x220q75.jpg_.avif,https://ae-pic-a1.aliexpress-media.com/kf/Sb66640a743744a848b36eb124851baf2R.jpg_220x220q75.jpg_.avif","['High-concerned chemical', 'None', 'Model Number', 'UPC/APC', 'Brand Name', 'BAPPSUS', 'Origin', 'Mainland China']",https://www.aliexpress.us/item/3256809449289018.html?algo_pvid=81764aef-c529-42e6-8ca5-6c9e41eee5a3&algo_exp_id=81764aef-c529-42e6-8ca5-6c9e41eee5a3-58&pdp_ext_f=%7B%22order%22%3A%22163%22%2C%22eval%22%3A%221%22%2C%22fromPage%22%3A%22search%22%7D&pdp_npi=6%40dis%21USD%215.63%210.99%21%21%2138.27%216.75%21%402101246417773987699988177e1192%2112000049712164869%21sea%21US%210%21ABX%211%210%21n_tag%3A-29910%3Bd%3Af5295fa4%3Bm03_new_user%3A-29895%3BpisId%3A5000000203537349&curPageLogUid=7V4ZtpVuKHSt&utparam-url=scene%3Asearch%7Cquery_from%3A%7Cx_object_id%3A1005009635603770%7C_p_origin_prod%3A
Telephone Audio Wedding Guestbook Party Voice Check-in Message Vintage Phone Voice Memorial Birthday Phone Blessing Recording,$68.67,"https://ae-pic-a1.aliexpress-media.com/kf/S1e6314e607c741e29fb75bf8f563c423P.jpg?has_lang=1&ver=2_220x220q75.jpg_.avif,https://ae-pic-a1.aliexpress-media.com/kf/Sda878ab5fa2b40c4a6eaff0dffdd996f2.jpg?has_lang=1&ver=2_220x220q75.jpg_.avif,https://ae-pic-a1.aliexpress-media.com/kf/Sadc97b0dd13a407b8f7efe9b81ab4e62w.jpg?has_lang=1&ver=2_220x220q75.jpg_.avif,https://ae-pic-a1.aliexpress-media.com/kf/S2256ef36cdc84d749b83ea35349fbb72o.jpg?has_lang=1&ver=2_220x220q75.jpg_.avif,https://ae-pic-a1.aliexpress-media.com/kf/S521d8e9a53bc4571bc9d76ca5630dc188.jpg?has_lang=1&ver=2_220x220q75.jpg_.avif","['High-concerned chemical', 'None', 'Type', 'Phones', 'Wire Type', 'Cordless', 'Voice Mail', 'Yes', 'Model Number', 'F01', 'Origin', 'Mainland China', 'Certification', 'CE,FCC,RoHS']",https://www.aliexpress.us/item/3256809205265900.html?algo_pvid=17635abc-88e3-4643-9e84-98a19ca72fd1&algo_exp_id=17635abc-88e3-4643-9e84-98a19ca72fd1-3&pdp_ext_f=%7B%22order%22%3A%22256%22%2C%22eval%22%3A%221%22%2C%22fromPage%22%3A%22search%22%7D&pdp_npi=6%40dis%21USD%21138.33%2168.67%21%21%21939.73%21466.46%21%40212e509017773993716643413e6adf%2112000048961533025%21sea%21US%210%21ABX%211%210%21n_tag%3A-29910%3Bd%3Af5295fa4%3Bm03_new_user%3A-29895%3BpisId%3A5000000204886261&curPageLogUid=6HOZdHUlA6wX&utparam-url=scene%3Asearch%7Cquery_from%3A%7Cx_object_id%3A1005009391580652%7C_p_origin_prod%3A
Wallet Flip Leather Case For Redmi 15 Phone Case Redmi 15 Cover global Version Xiaomi Case Redmi 15 Book Holster Redmi15 4G 5G,$4.98,"https://ae-pic-a1.aliexpress-media.com/kf/S9e92151f5907404bae2d18ed4c9573b10.jpg?has_lang=1&ver=1_220x220q75.jpg_.avif,https://ae-pic-a1.aliexpress-media.com/kf/S9e92151f5907404bae2d18ed4c9573b10.jpg?has_lang=1&ver=1_220x220q75.jpg_.avif,https://ae-pic-a1.aliexpress-media.com/kf/S815152469b9f4cd396a3e3d434e0e5e2O.jpg_220x220q75.jpg_.avif,https://ae-pic-a1.aliexpress-media.com/kf/S8b46c917ba0740a3aa10e66dc89865f4q.jpg_220x220q75.jpg_.avif,https://ae-pic-a1.aliexpress-media.com/kf/S53d1797587984f8697e65cbad5b3d2c9u.jpg?has_lang=1&ver=1_220x220q75.jpg_.avif","['High-concerned chemical', 'None', 'Features', 'Magnetic,Anti-Fingerprint,Anti-Scratch,Dual Layer,Dustproof,With Holder,lightweight,Matte / Anti-Glare,Non-Slip,Storage Compartment,With Lanyard', 'Main Material', 'Silicone,Pu leather', 'Design', 'Plain,Geometric', 'Type', 'Wallet Case', 'Brand Name', 'LOONBLESS', 'Origin', 'Mainland China', 'Feature C1', 'Folio Design & Stand Function & Magnetic Buckle', 'Feature 2', 'Wallet Bag with Card Holder & Money Slot', 'Feature 3', 'Retro Fashion Colorful Luxury Wallet Phone Cover', 'Suitable People', 'Boy/Men Girl/Women Parents Christmas Holiday Gift', 'Support', 'Wholesale&Drop Shipping', 'Details1', 'case magnet Shockproof Luxury Cover Phone', 'Details2', 'Case Back Cover Book Skin Coque Fundas', 'Details3', 'Wallet cover Case Original', 'Details4', 'Case Bumper Wallet', 'Details5', 'Case Flip Leather Silicone', 'Details6', 'phone Case Card With holder', 'Details7', 'Case Accessories Housing', 'Details8', 'Case Premium global version Phone Model', 'Details9', 'case global version official Women girl Covers', 'Details10', 'Case Man Boy premium phone Pouch bags Capa', 'Phone Model 1', 'For Redmi 15 4G', 'Phone Model 2', 'For Redmi 15 5G']",https://www.aliexpress.us/item/3256809511586733.html?algo_pvid=17635abc-88e3-4643-9e84-98a19ca72fd1&algo_exp_id=17635abc-88e3-4643-9e84-98a19ca72fd1-9&pdp_ext_f=%7B%22order%22%3A%22247%22%2C%22eval%22%3A%221%22%2C%22fromPage%22%3A%22search%22%7D&pdp_npi=6%40dis%21USD%219.14%214.98%21%21%219.14%214.98%21%40212e509017773993716643413e6adf%2112000050328750225%21sea%21US%210%21ABX%211%210%21n_tag%3A-29910%3Bd%3Af5295fa4%3Bm03_new_user%3A-29895%3BpisId%3A5000000204886261&curPageLogUid=P1xDIsnYMvsX&utparam-url=scene%3Asearch%7Cquery_from%3A%7Cx_object_id%3A1005009697901485%7C_p_origin_prod%3A
ZoeRax 10pcs Fiber Optic Couplers for SC ST LC Simplex Duplex Cables for Multi-Mode Single-Mode Patch Cords Optical Adapter,$2.83/lot,"https://ae-pic-a1.aliexpress-media.com/kf/Sa56e713f4ab845f2bcda66ab1d61886d2.jpg_220x220q75.jpg_.avif,https://ae-pic-a1.aliexpress-media.com/kf/Sad96883b72294694b1140effd4d8f058F.jpg_220x220q75.jpg_.avif,https://ae-pic-a1.aliexpress-media.com/kf/S3dc54e91ddf64a429e814c7151511720R.jpg_220x220q75.jpg_.avif,https://ae-pic-a1.aliexpress-media.com/kf/Sff2d955cf6a94f3bab9013075b3ac9f1O.jpg_220x220q75.jpg_.avif,https://ae-pic-a1.aliexpress-media.com/kf/S7c613534870a4a878f6277ba320c9c7cf.jpg_220x220q75.jpg_.avif","['High-concerned chemical', 'None', 'Model Number', 'S9', 'Brand Name', 'ZoeRax', 'Origin', 'Mainland China']",https://www.aliexpress.us/item/3256808498301278.html?algo_pvid=17635abc-88e3-4643-9e84-98a19ca72fd1&algo_exp_id=17635abc-88e3-4643-9e84-98a19ca72fd1-12&pdp_ext_f=%7B%22order%22%3A%22246%22%2C%22eval%22%3A%221%22%2C%22fromPage%22%3A%22search%22%7D&pdp_npi=6%40dis%21USD%217.08%212.83%21%21%2148.12%2119.22%21%40212e509017773993716643413e6adf%2112000046257754017%21sea%21US%210%21ABX%211%210%21n_tag%3A-29910%3Bd%3Af5295fa4%3Bm03_new_user%3A-29895%3BpisId%3A5000000204886261&curPageLogUid=NPVmgspNfFkJ&utparam-url=scene%3Asearch%7Cquery_from%3A%7Cx_object_id%3A1005008684616030%7C_p_origin_prod%3A
Customized Name Rhinestone Glitter Powder Bracket Makeup Mirror Phone Case TPU For iPhone 11 12 13 14 15 16 17 Pro Max Air Plus,$4.18,"https://ae-pic-a1.aliexpress-media.com/kf/S75358f19ec074f7bb17a686d773b3025k.jpg_220x220q75.jpg_.avif,https://ae-pic-a1.aliexpress-media.com/kf/S9e6b16fff88f4c7d9274b53677f9b9f8f.jpg?has_lang=1&ver=1_220x220q75.jpg_.avif,https://ae-pic-a1.aliexpress-media.com/kf/S8c3649a561524b4db20f3b2eb430410dw.jpg?has_lang=1&ver=1_220x220q75.jpg_.avif,https://ae-pic-a1.aliexpress-media.com/kf/S3c7e0a28c4ef4dad84b73a35cc911b77Z.jpg?has_lang=1&ver=1_220x220q75.jpg_.avif,https://ae-pic-a1.aliexpress-media.com/kf/S3bfab89b7ae9474394dd9193c46b0e68V.jpg_220x220q75.jpg_.avif","['High-concerned chemical', 'None', 'Features', 'Magnetic,Shock Proof,Mirror Case,With Holder,Non-Slip', 'Main Material', 'TPU', 'Design', 'Pattern,Letter,Jewelled,Logo', 'Type', 'Case', 'Origin', 'Mainland China', '1 attribute', 'custom name case', '2 attribute', 'name custom phone case for iphone', '3 attribute', 'For iPhone 17 Pro Max', '4 attribute', 'Personalized Custom Rhinestone Glitter Powder Bracket Makeup Mirror Phone Case', '5 attribute', 'shockproof protective cover']",https://www.aliexpress.us/item/3256810444262651.html?algo_pvid=17635abc-88e3-4643-9e84-98a19ca72fd1&algo_exp_id=17635abc-88e3-4643-9e84-98a19ca72fd1-17&pdp_ext_f=%7B%22order%22%3A%22235%22%2C%22eval%22%3A%221%22%2C%22fromPage%22%3A%22search%22%7D&pdp_npi=6%40dis%21USD%219.96%214.18%21%21%2167.63%2128.39%21%40212e509017773993716643413e6adf%2112000053028306349%21sea%21US%210%21ABX%211%210%21n_tag%3A-29910%3Bd%3Af5295fa4%3Bm03_new_user%3A-29895%3BpisId%3A5000000204886261&curPageLogUid=VooLAGEga9SP&utparam-url=scene%3Asearch%7Cquery_from%3A%7Cx_object_id%3A1005010630577403%7C_p_origin_prod%3A
Luxury Flip Case For iPhone 16 Pro 15 14 Plus 12 11 13 Pro Max XS XR Leather Stand Cover For iPhone 6 6S 7 8 Plus Phone Case,$4.99,"https://ae-pic-a1.aliexpress-media.com/kf/Sb5dc7e72b69a41b8870949ba849665a0E.jpg_220x220q75.jpg_.avif,https://ae-pic-a1.aliexpress-media.com/kf/Sb5dc7e72b69a41b8870949ba849665a0E.jpg_220x220q75.jpg_.avif,https://ae-pic-a1.aliexpress-media.com/kf/Sa9ce87c252134cf6b173e613d013d1aa5.jpg_220x220q75.jpg_.avif,https://ae-pic-a1.aliexpress-media.com/kf/S3a25006e89094fad82ab809e086c764dO.jpg_220x220q75.jpg_.avif,https://ae-pic-a1.aliexpress-media.com/kf/S9a78525113164e259c906e2afda26226H.jpg_220x220q75.jpg_.avif","['High-concerned chemical', 'None', 'Features', 'Magnetic,Washable,Anti-Fingerprint,Anti-Scratch,Dual Layer,Dustproof,With Holder,lightweight,Matte / Anti-Glare,Non-Slip', 'Main Material', 'Artificial leather', 'Design', 'Plain,Geometric', 'Type', 'Flip Case', 'Brand Name', 'YBHNFOG', 'Origin', 'Mainland China', 'Color', 'Black,Red,White,Yellow,Pink,Light blue,Blue,Cyan blue.', 'Material', 'Made of High Quality', 'Feature 1', 'Perfectly matches with your phone', 'Feature 2', 'Easy access to all buttons, controls & ports without remove the case', 'Feature 3', 'Shockproof + Anti-Knock + Scratch-Resistant + Anti-Fingerprint', 'Feature 4', 'It is easy to use, light weight, elegant construction and stitching', 'Feature 5', 'shockproof,scratch-resistant,anti-knock,anti-skid', 'Feature 6', 'Flip Stand,Folded Wallet,Card Slot,Money Clip,Photo Frame', 'Feature 7', 'Perfect hands feeling and you will feel amazing once hold it', 'Feature 8', 'New Arrival 360 Full Protection Phone Celular Hoesje Accessories', 'Feature 9', 'Girls,Female,Male,Woman,Man,Students,Kids,Lady,Best Gift']",https://www.aliexpress.us/item/3256806070780143.html?algo_pvid=17635abc-88e3-4643-9e84-98a19ca72fd1&algo_exp_id=17635abc-88e3-4643-9e84-98a19ca72fd1-21&pdp_ext_f=%7B%22order%22%3A%22229%22%2C%22eval%22%3A%221%22%2C%22fromPage%22%3A%22search%22%7D&pdp_npi=6%40dis%21USD%215.49%214.99%21%21%215.49%214.99%21%40212e509017773993716643413e6adf%2112000036495432546%21sea%21US%210%21ABX%211%210%21n_tag%3A-29910%3Bd%3Af5295fa4%3Bm03_new_user%3A-29895%3BpisId%3A5000000204886261&curPageLogUid=6khquJWQ8CjD&utparam-url=scene%3Asearch%7Cquery_from%3A%7Cx_object_id%3A1005006257094895%7C_p_origin_prod%3A
SUMMITEK 1pcs Fiber Optic FC/LC/SC/ST Male/Female to LC/SC/FC/ST Female Adapter Single mode Converter Hybrid Connector FTTH Tool,$1.61,"https://ae-pic-a1.aliexpress-media.com/kf/S6ef09050bc1042108aba36c9e253432ev.png_220x220.png_.avif,https://ae-pic-a1.aliexpress-media.com/kf/Sd6860424062f4f27b88145f4996e8a49O.png_220x220.png_.avif,https://ae-pic-a1.aliexpress-media.com/kf/Se8918ca3b8ab4e19b982dff467bb1f77j.png_220x220.png_.avif,https://ae-pic-a1.aliexpress-media.com/kf/S2cac3c3dd969498caf568031ab54f4419.png_220x220.png_.avif,https://ae-pic-a1.aliexpress-media.com/kf/S346f8230397c454d80ef65ede980932e9.jpg_220x220q75.jpg_.avif","['High-concerned chemical', 'None', 'Model Number', 'SC/ST/FC/LC', 'Brand Name', 'summitek', 'Origin', 'Mainland China']",https://www.aliexpress.us/item/3256809225673985.html?algo_pvid=17635abc-88e3-4643-9e84-98a19ca72fd1&algo_exp_id=17635abc-88e3-4643-9e84-98a19ca72fd1-26&pdp_ext_f=%7B%22order%22%3A%22222%22%2C%22eval%22%3A%221%22%2C%22fromPage%22%3A%22search%22%7D&pdp_npi=6%40dis%21USD%212.17%211.61%21%21%2114.74%2110.90%21%40212e509017773993716643413e6adf%2112000049029976037%21sea%21US%210%21ABX%211%210%21n_tag%3A-29910%3Bd%3Af5295fa4%3Bm03_new_user%3A-29895%3BpisId%3A5000000204886261&curPageLogUid=d1MT50cjvckE&utparam-url=scene%3Asearch%7Cquery_from%3A%7Cx_object_id%3A1005009411988737%7C_p_origin_prod%3A
ZoeRax 10pcs SC to SC Female Fiber Optic Adapter Flange Head Coupler Square Adapter UPC APC Simplex Duplex Optical Coupler,$1.51,"https://ae-pic-a1.aliexpress-media.com/kf/Scc28d992d28047309a7d46d6d60aaeaaF.jpg?has_lang=1&ver=1_220x220q75.jpg_.avif,https://ae-pic-a1.aliexpress-media.com/kf/S3dc54e91ddf64a429e814c7151511720R.jpg?has_lang=1&ver=1_220x220q75.jpg_.avif,https://ae-pic-a1.aliexpress-media.com/kf/Sff2d955cf6a94f3bab9013075b3ac9f1O.jpg?has_lang=1&ver=1_220x220q75.jpg_.avif,https://ae-pic-a1.aliexpress-media.com/kf/S7c613534870a4a878f6277ba320c9c7cf.jpg?has_lang=1&ver=1_220x220q75.jpg_.avif,https://ae-pic-a1.aliexpress-media.com/kf/Se397b8d64f7a47f58edf8255f6018fd1Y.jpg?has_lang=1&ver=1_220x220q75.jpg_.avif","['High-concerned chemical', 'None', 'Model Number', 'S9', 'Brand Name', 'ZoeRax', 'Origin', 'Mainland China']",https://www.aliexpress.us/item/3256808498262117.html?algo_pvid=17635abc-88e3-4643-9e84-98a19ca72fd1&algo_exp_id=17635abc-88e3-4643-9e84-98a19ca72fd1-29&pdp_ext_f=%7B%22order%22%3A%22217%22%2C%22eval%22%3A%221%22%2C%22fromPage%22%3A%22search%22%7D&pdp_npi=6%40dis%21USD%214.09%211.51%21%21%2127.76%2110.20%21%40212e509017773993716643413e6adf%2112000046363062364%21sea%21US%210%21ABX%211%210%21n_tag%3A-29910%3Bd%3Af5295fa4%3Bm03_new_user%3A-29895%3BpisId%3A5000000204886261&curPageLogUid=MkMYBYAt61Pr&utparam-url=scene%3Asearch%7Cquery_from%3A%7Cx_object_id%3A1005008684576869%7C_p_origin_prod%3A
ZoeRax 10PCS SC APC Embedded Optic Fiber Quick Connector for FTTH Reusable Fusion Fiber Optical Cold Adapter Connect Tool,$5.02,"https://ae-pic-a1.aliexpress-media.com/kf/S765522aeb213418f9d31caf248ab5bc2e.jpg_220x220q75.jpg_.avif,https://ae-pic-a1.aliexpress-media.com/kf/S2a1e38d965884500ab49fc286bfb3131N.jpg_220x220q75.jpg_.avif,https://ae-pic-a1.aliexpress-media.com/kf/Sb033b36f100d4669ad514a0ff058dd0f4.jpg_220x220q75.jpg_.avif,https://ae-pic-a1.aliexpress-media.com/kf/S151c04d972104f80b1279e8c14a88868p.jpg_220x220q75.jpg_.avif,https://ae-pic-a1.aliexpress-media.com/kf/S3ffffcdeb5ea4a76bd943e2c1d55e17eE.jpg_220x220q75.jpg_.avif","['High-concerned chemical', 'None', 'Model Number', 'LZM1-SCAPC', 'Brand Name', 'ZoeRax', 'Origin', 'Mainland China', 'Certification', 'FCC,RoHS']",https://www.aliexpress.us/item/3256808385115291.html?algo_pvid=17635abc-88e3-4643-9e84-98a19ca72fd1&algo_exp_id=17635abc-88e3-4643-9e84-98a19ca72fd1-30&pdp_ext_f=%7B%22order%22%3A%22217%22%2C%22eval%22%3A%221%22%2C%22fromPage%22%3A%22search%22%7D&pdp_npi=6%40dis%21USD%2112.01%215.02%21%21%2181.60%2134.14%21%40212e509017773993716643413e6adf%2112000045923304342%21sea%21US%210%21ABX%211%210%21n_tag%3A-29910%3Bd%3Af5295fa4%3Bm03_new_user%3A-29895%3BpisId%3A5000000204886261&curPageLogUid=OLPA9HJgKr7k&utparam-url=scene%3Asearch%7Cquery_from%3A%7Cx_object_id%3A1005008571430043%7C_p_origin_prod%3A
Luxury Flip Case For iphone 6 S 6s 7 8 Plus SE 2020 X 6SPlus 7 8Plus 11 12 13 14 15 16 Cover Clear PC View Windows Mirror Coque,$3.27,"https://ae-pic-a1.aliexpress-media.com/kf/S13719dadaed1491c82ec2f108072a776y.jpg_220x220q75.jpg_.avif,https://ae-pic-a1.aliexpress-media.com/kf/Sa7481c8f406c4f069bbedf17afa9ea971.jpg_220x220q75.jpg_.avif,https://ae-pic-a1.aliexpress-media.com/kf/Scb233b6027b946c7bc5ff626ff4fea312.jpg_220x220q75.jpg_.avif,https://ae-pic-a1.aliexpress-media.com/kf/Sfbd52c129694430498cedbb0a4777d86M.jpg_220x220q75.jpg_.avif,https://ae-pic-a1.aliexpress-media.com/kf/S8babe9ef7636417190821e3365e62f78l.jpg_220x220q75.jpg_.avif","['High-concerned chemical', 'None', 'Features', 'Shock Proof', 'Main Material', 'PC', 'Design', 'Transparent', 'Type', 'Flip Case', 'Brand Name', 'Color Descendants', 'Origin', 'Mainland China', 'Size', 'For SE 6 7 8 X 7plua 8plus', 'Features', 'New,Luxury,Elegant,Durable,Deluxe unique', 'Features', 'origin accessory Cell phone capinha housing casing etui woman Girl de', 'model 1', 'For 5 5S SE', 'model 2', 'For 6 6S 6Plus 6SPlus', 'model 3', 'For 7 8 7Plus 8Plus', 'model 4', 'For X 10', 'Compatible', 'Apple s', 'Compatible Model', '5, 6, SE, X, 6 Plus, 7, 7 P']",https://www.aliexpress.us/item/2255800036207209.html?algo_pvid=17635abc-88e3-4643-9e84-98a19ca72fd1&algo_exp_id=17635abc-88e3-4643-9e84-98a19ca72fd1-36&pdp_ext_f=%7B%22order%22%3A%22212%22%2C%22eval%22%3A%221%22%2C%22fromPage%22%3A%22search%22%7D&pdp_npi=6%40dis%21USD%214.10%213.27%21%21%214.10%213.27%21%40212e509017773993716643413e6adf%2112000019259970698%21sea%21US%210%21ABX%211%210%21n_tag%3A-29910%3Bd%3Af5295fa4%3Bm03_new_user%3A-29895%3BpisId%3A5000000204886261&curPageLogUid=snkmqxa5RgQK&utparam-url=scene%3Asearch%7Cquery_from%3A%7Cx_object_id%3A4000222521961%7C_p_origin_prod%3A
Wallet Flip Cover Leather Case for Xiaomi Redmi Note 14 4G 5G Global EUR 164mm Version Pu Leather Bags Holster Capa Fundas Coque,$13.23,"https://ae-pic-a1.aliexpress-media.com/kf/Saa0203b333bd42d1ac57b0091fbde199s.jpg_220x220q75.jpg_.avif,https://ae-pic-a1.aliexpress-media.com/kf/Saa0203b333bd42d1ac57b0091fbde199s.jpg_220x220q75.jpg_.avif,https://ae-pic-a1.aliexpress-media.com/kf/S919aa6ae7dcc4c388b25c1a1dac75d55q.jpg_220x220q75.jpg_.avif,https://ae-pic-a1.aliexpress-media.com/kf/Sf9d920a2e2fd4e0c8a14823cef619c035.jpg_220x220q75.jpg_.avif,https://ae-pic-a1.aliexpress-media.com/kf/S2aa2a8b0bb854eacb10e9b386996c9f20.jpg_220x220q75.jpg_.avif","['High-concerned chemical', 'None', 'Features', 'Anti-Scratch,Dustproof', 'Main Material', 'Artificial leather', 'Design', 'Plain', 'Type', 'Flip Case', 'Origin', 'Mainland China', 'Applicate Models', 'for Xiaomi Redmi Note 14 4G 5G Global Version', 'Material', 'Quality Pu Leather', 'Wholesale', 'Support', 'Mix Order', 'Support', 'Shipping From', 'China Mainland']",https://www.aliexpress.us/item/3256807698084715.html?algo_pvid=17635abc-88e3-4643-9e84-98a19ca72fd1&algo_exp_id=17635abc-88e3-4643-9e84-98a19ca72fd1-37&pdp_ext_f=%7B%22order%22%3A%22212%22%2C%22eval%22%3A%221%22%2C%22fromPage%22%3A%22search%22%7D&pdp_npi=6%40dis%21USD%2120.81%2113.23%21%21%2120.81%2113.23%21%40212e509017773993716643413e6adf%2112000044832371527%21sea%21US%210%21ABX%211%210%21n_tag%3A-29910%3Bd%3Af5295fa4%3Bm03_new_user%3A-29895%3BpisId%3A5000000204886261&curPageLogUid=loZSI0AvEJRo&utparam-url=scene%3Asearch%7Cquery_from%3A%7Cx_object_id%3A1005007884399467%7C_p_origin_prod%3A
Glitter Diamond Flower Plating Case for iPhone 16 15 14 Pro Max 12 13 11 X Xr Xs 7 8 Plus Bling Rhinestone Soft TPU Clear Cover,$0.99,"https://ae-pic-a1.aliexpress-media.com/kf/S4b1513571241457ea8e02b017b429963X.jpg_220x220q75.jpg_.avif,https://ae-pic-a1.aliexpress-media.com/kf/S4b1513571241457ea8e02b017b429963X.jpg_220x220q75.jpg_.avif,https://ae-pic-a1.aliexpress-media.com/kf/S7aa99a034b874f0fbeb86e103b648b69y.jpg_220x220q75.jpg_.avif,https://ae-pic-a1.aliexpress-media.com/kf/Sf39543c96fba47898ebf01d062de41bfc.jpg_220x220q75.jpg_.avif,https://ae-pic-a1.aliexpress-media.com/kf/Sef2a6eb1026042f59338bbf04ba1c2d0W.jpg_220x220q75.jpg_.avif","['High-concerned chemical', 'None', 'Features', 'Anti-Fingerprint,Anti-Scratch,Dustproof,Glitter,Non-Slip', 'Main Material', 'Plastic', 'Design', 'Jewelled,Transparent,Cartoon,Floral,Glitter', 'Type', 'Half-Wrapped Case', 'Brand Name', 'Loobival', 'Origin', 'Mainland China', 'Features 1', 'Cartoon Flower Case For iPhone 14 13 Pro Max', 'Features 2', 'Bling Diamond Case For iPhone 16 Pro', 'Features 3', '3D Flower Case For iPhone 16 15 Plus', 'Features 4', 'Luxury Transparent Case For iPhone 16 Pro Max', 'Features 5', 'Anti-fingerprint Case For iPhone XS Max', 'Features 6', 'High Quality Soft TPU Phone Case For iPhone 14 Plus', 'Features 7', 'Fashion Glitter Case For iPhone 15 Pro Max', 'Features 8', 'Luxury Fashion Lovely Funny Case For iPhone 7 8 Plus', 'Features 9', 'Shockproof Bumper Soft Cover Case For iPhone 12 Pro Max']",https://www.aliexpress.us/item/3256808113887868.html?algo_pvid=17635abc-88e3-4643-9e84-98a19ca72fd1&algo_exp_id=17635abc-88e3-4643-9e84-98a19ca72fd1-38&pdp_ext_f=%7B%22order%22%3A%22211%22%2C%22eval%22%3A%221%22%2C%22fromPage%22%3A%22search%22%7D&pdp_npi=6%40dis%21USD%214.37%210.99%21%21%214.37%210.99%21%40212e509017773993716643413e6adf%2112000044541418219%21sea%21US%210%21ABX%211%210%21n_tag%3A-29910%3Bd%3Af5295fa4%3Bm03_new_user%3A-29895%3BpisId%3A5000000203712598&curPageLogUid=9Xqs01M2ro3H&utparam-url=scene%3Asearch%7Cquery_from%3A%7Cx_object_id%3A1005008300202620%7C_p_origin_prod%3A
"Leather Belt Clip Case Men Waist Bag For Samsung Z Flip 7 6 5 4 3 5G,Galaxy Flip7 Flip6,Find N3,Moto Razr 60 50 40 Holster Pouch",$8.71,"https://ae-pic-a1.aliexpress-media.com/kf/S49025f49890b427fa90b876359b112e0r.jpg_220x220q75.jpg_.avif,https://ae-pic-a1.aliexpress-media.com/kf/Se90964baa48b407d8d835835a416f43dR.jpg_220x220q75.jpg_.avif,https://ae-pic-a1.aliexpress-media.com/kf/S2e4fb09e46de4307863478af8182a9c1U.jpg_220x220q75.jpg_.avif,https://ae-pic-a1.aliexpress-media.com/kf/S7bf3ad85bb2e4260a3492802269f65acX.jpg_220x220q75.jpg_.avif,https://ae-pic-a1.aliexpress-media.com/kf/Sfa09260d4622476f9a97b59fe2732506y.jpg_220x220q75.jpg_.avif","['High-concerned chemical', 'None', 'Features', 'Magnetic,Anti-Fingerprint,Anti-Scratch,Dustproof,Matte / Anti-Glare,Non-Slip,Waterproof/Underwater,With Belt Loop', 'Main Material', 'Leather', 'Design', 'Plain', 'Type', 'Phone Bag', 'Brand Name', 'HKNR', 'Origin', 'Mainland China']",https://www.aliexpress.us/item/3256806728007810.html?algo_pvid=17635abc-88e3-4643-9e84-98a19ca72fd1&algo_exp_id=17635abc-88e3-4643-9e84-98a19ca72fd1-39&pdp_ext_f=%7B%22order%22%3A%22210%22%2C%22eval%22%3A%221%22%2C%22fromPage%22%3A%22search%22%7D&pdp_npi=6%40dis%21USD%219.44%218.71%21%21%219.44%218.71%21%40212e509017773993716643413e6adf%2112000049504383873%21sea%21US%210%21ABX%211%210%21n_tag%3A-29910%3Bd%3Af5295fa4%3Bm03_new_user%3A-29895%3BpisId%3A5000000204886261&curPageLogUid=njDmbQSGn8fA&utparam-url=scene%3Asearch%7Cquery_from%3A%7Cx_object_id%3A1005006914322562%7C_p_origin_prod%3A
Orignal Ulefone Armor Molle Holster Universal Tactical Phone Pouch For Armor 28 Ultra/Armor 30 pro/Armor 34 Pro,$24.10,"https://ae-pic-a1.aliexpress-media.com/kf/Sd74ca9b9a72c4233b8793c74e1fb9479O.jpg?has_lang=1&ver=2_220x220q75.jpg_.avif,https://ae-pic-a1.aliexpress-media.com/kf/Sff18a94e739a446a80ea2ce6e4eea2e67.jpg?has_lang=1&ver=1_220x220q75.jpg_.avif,https://ae-pic-a1.aliexpress-media.com/kf/S630349a63502433382f950abff7917f3m.jpg_220x220q75.jpg_.avif,https://ae-pic-a1.aliexpress-media.com/kf/Se795895fdc574b40b89164e30488ef90m.jpg?has_lang=1&ver=2_220x220q75.jpg_.avif,https://ae-pic-a1.aliexpress-media.com/kf/Sf05a0cce01d64d96916a86ef9f3c4849q.jpg_220x220q75.jpg_.avif","['High-concerned chemical', 'None', 'Features', 'Shock Proof,Dustproof', 'Main Material', 'CANVAS', 'Design', 'Line', 'Type', 'Pouch', 'Brand Name', 'ULEFONE', 'Origin', 'Mainland China']",https://www.aliexpress.us/item/3256808649814635.html?algo_pvid=17635abc-88e3-4643-9e84-98a19ca72fd1&algo_exp_id=17635abc-88e3-4643-9e84-98a19ca72fd1-40&pdp_ext_f=%7B%22order%22%3A%22210%22%2C%22eval%22%3A%221%22%2C%22fromPage%22%3A%22search%22%7D&pdp_npi=6%40dis%21USD%2152.35%2124.10%21%21%2152.35%2124.10%21%40212e509017773993716643413e6adf%2112000049872059861%21sea%21US%210%21ABX%211%210%21n_tag%3A-29910%3Bd%3Af5295fa4%3Bm03_new_user%3A-29895%3BpisId%3A5000000204886261&curPageLogUid=xUZfVnErR0uZ&utparam-url=scene%3Asearch%7Cquery_from%3A%7Cx_object_id%3A1005008836129387%7C_p_origin_prod%3A
Plating Glitter Diamond Rhinestone Magnetic Wireless Charging Case For iPhone 17 Pro Max 16 15 14 13 17 Air Soft Silicone Cover,$3.94,"https://ae-pic-a1.aliexpress-media.com/kf/S660ce0a23ce0495dabb3f77403132e4aT.jpg_220x220q75.jpg_.avif,https://ae-pic-a1.aliexpress-media.com/kf/S660ce0a23ce0495dabb3f77403132e4aT.jpg_220x220q75.jpg_.avif,https://ae-pic-a1.aliexpress-media.com/kf/S971ffcd0cde941a980106bacc7db66712.jpg?has_lang=1&ver=1_220x220q75.jpg_.avif,https://ae-pic-a1.aliexpress-media.com/kf/S179d99aedfe94a67ad089d1337c9530bC.jpg_220x220q75.jpg_.avif,https://ae-pic-a1.aliexpress-media.com/kf/S0bff05a93c7a4adc8f7c770a72923b8a1.jpg_220x220q75.jpg_.avif","['High-concerned chemical', 'None', 'Features', 'Washable,Anti-Fingerprint,Anti-Scratch,Dustproof,lightweight,Non-Slip', 'Main Material', 'PC', 'Design', 'Plain,Transparent', 'Type', 'Case', 'Origin', 'Mainland China']",https://www.aliexpress.us/item/3256809780851066.html?algo_pvid=17635abc-88e3-4643-9e84-98a19ca72fd1&algo_exp_id=17635abc-88e3-4643-9e84-98a19ca72fd1-46&pdp_ext_f=%7B%22order%22%3A%22204%22%2C%22eval%22%3A%221%22%2C%22fromPage%22%3A%22search%22%7D&pdp_npi=6%40dis%21USD%214.53%213.94%21%21%2130.79%2126.77%21%40212e509017773993716643413e6adf%2112000050712607484%21sea%21US%210%21ABX%211%210%21n_tag%3A-29910%3Bd%3Af5295fa4%3Bm03_new_user%3A-29895%3BpisId%3A5000000204886261&curPageLogUid=ly5uQ4JBXqlR&utparam-url=scene%3Asearch%7Cquery_from%3A%7Cx_object_id%3A1005009967165818%7C_p_origin_prod%3A
ZOERAX OM3 Fiber Optic Patch Cable (Carrier grade) LC UPC to LC UPC Duplex 3.0mm 50/125μm 10Gbps Multimode Riser (LSZH),$21.54,"https://ae-pic-a1.aliexpress-media.com/kf/S1e6503025c4a44f687c16b8ad6c5abdfU.jpg?has_lang=1&ver=1_220x220q75.jpg_.avif,https://ae-pic-a1.aliexpress-media.com/kf/S45ae51cf7a3f49569d9f033a7313ab97K.jpg?has_lang=1&ver=1_220x220q75.jpg_.avif,https://ae-pic-a1.aliexpress-media.com/kf/S7bc3db21797f46698ae92fd07f359c19U.jpg?has_lang=1&ver=1_220x220q75.jpg_.avif,https://ae-pic-a1.aliexpress-media.com/kf/S2f8afdf4f2514f31ab89e674a73b0d28i.jpg?has_lang=1&ver=1_220x220q75.jpg_.avif,https://ae-pic-a1.aliexpress-media.com/kf/S15685cd56790434a9171708e020975e1D.jpg?has_lang=1&ver=1_220x220q75.jpg_.avif","['High-concerned chemical', 'None', 'Model Number', 'PATCHCORD', 'Brand Name', 'ZoeRax', 'Origin', 'Mainland China', 'Connector type', 'LC-LC Duplex (Dual LC Connectors)', 'Fiber type', '50/125μm OM3 Multimode Fiber (Laser-Optimized Multimode Fiber)', 'Operating wavelength', '850 nm & 1300 nm']",https://www.aliexpress.us/item/3256809109601832.html?algo_pvid=17635abc-88e3-4643-9e84-98a19ca72fd1&algo_exp_id=17635abc-88e3-4643-9e84-98a19ca72fd1-48&pdp_ext_f=%7B%22order%22%3A%22202%22%2C%22eval%22%3A%221%22%2C%22fromPage%22%3A%22search%22%7D&pdp_npi=6%40dis%21USD%2145.92%2121.54%21%21%21311.98%21146.35%21%40212e509017773993716643413e6adf%2112000048652281741%21sea%21US%210%21ABX%211%210%21n_tag%3A-29910%3Bd%3Af5295fa4%3Bm03_new_user%3A-29895%3BpisId%3A5000000204886261&curPageLogUid=UdobZoSKy38f&utparam-url=scene%3Asearch%7Cquery_from%3A%7Cx_object_id%3A1005009295916584%7C_p_origin_prod%3A
Audio Message Guest Book Phone Retro Rotary Style Antique Voice Guestbook Vintage Phone Voice Message Recording For Wedding paty,$149.61,"https://ae-pic-a1.aliexpress-media.com/kf/Sa653430dc2cc4a0d8e2f703f0dbe97bfz.png_220x220.png_.avif,https://ae-pic-a1.aliexpress-media.com/kf/Sedbd34acd68d418e8f357f4587aa4f8aQ.png_220x220.png_.avif,https://ae-pic-a1.aliexpress-media.com/kf/S29f7c1def1a34a24ae449348ea741f32b.png_220x220.png_.avif,https://ae-pic-a1.aliexpress-media.com/kf/Scab7558d395342c9a0ec3dc8a76b8269m.png_220x220.png_.avif,https://ae-pic-a1.aliexpress-media.com/kf/S9cd5a3a8754e42cd974135f20509b81fO.png_220x220.png_.avif","['High-concerned chemical', 'None', 'Type', 'Phones', 'Wire Type', 'Corded', 'Voice Mail', 'Yes', 'Model Number', '1920S', 'Brand Name', 'audiolibro', 'Origin', 'Mainland China', 'Certification', 'CE,FCC,RoHS', 'Style', 'Vintage', 'Use', 'Wedding,record,leave a message', 'Color', 'white / golden', 'Occasion', ""Wedding & Engagement,Christening & Baptism,St Patrick's Day,Grand Event,Retirement,gender reveal,Birthday Party,House Moving,Children's Day,APRIL FOOL'S DAY,back to school,Chinese New Year,Earth Day,father's day,THANKSGIVING,party,Christmas,Valentine's Day,WEDDING,Halloween,Easter,new year,Graduation,anniversary,mother's day"", 'Service', 'ODM OEM Services', 'battery', '1200mAh Li battery', 'memory card storage capacity', 'Memory card: Up to 7200 minutes of audio storage available, equal to 5 consecutive days of recording', 'memory', '8GB SD card', 'battery working duration', '48h', 'battery standby time', '8 day-15 day']",https://www.aliexpress.us/item/3256808390602923.html?algo_pvid=17635abc-88e3-4643-9e84-98a19ca72fd1&algo_exp_id=17635abc-88e3-4643-9e84-98a19ca72fd1-50&pdp_ext_f=%7B%22order%22%3A%22201%22%2C%22eval%22%3A%221%22%2C%22fromPage%22%3A%22search%22%7D&pdp_npi=6%40dis%21USD%21333.57%21149.61%21%21%212266.07%211016.33%21%40212e509017773993716643413e6adf%2112000045798725000%21sea%21US%210%21ABX%211%210%21n_tag%3A-29910%3Bd%3Af5295fa4%3Bm03_new_user%3A-29895%3BpisId%3A5000000204886261&curPageLogUid=W5Qm2VGUOLT4&utparam-url=scene%3Asearch%7Cquery_from%3A%7Cx_object_id%3A1005008576917675%7C_p_origin_prod%3A
"Flip Phone Pouch Bag Waist Holster Case with Belt Clip Cover for Samsung Z Flip 6 5 4 3 2,Motorola Razr/50/40 Ultra",$6.53,"https://ae-pic-a1.aliexpress-media.com/kf/S7cf3b093165446c6b8e3483bd43841e4e.jpg_220x220q75.jpg_.avif,https://ae-pic-a1.aliexpress-media.com/kf/Sdd56b40cbada40ac8726ba2b87e32464s.jpg_220x220q75.jpg_.avif,https://ae-pic-a1.aliexpress-media.com/kf/Sdcdfc54f411349d6850ad4bcc1731515i.jpg_220x220q75.jpg_.avif,https://ae-pic-a1.aliexpress-media.com/kf/S807efb4b73e1449ea67d21e30234b9277.jpg_220x220q75.jpg_.avif,https://ae-pic-a1.aliexpress-media.com/kf/S72197a4b486a4e0ca325eb29a966feb0d.jpg_220x220q75.jpg_.avif","['High-concerned chemical', 'None', 'Features', 'Magnetic,Storage Compartment,With Belt Loop', 'Main Material', 'Pu leather', 'Design', 'Texture,Fabric', 'Type', 'Phone Bag', 'Brand Name', 'Uneawit', 'Origin', 'Mainland China']",https://www.aliexpress.us/item/3256807947786412.html?algo_pvid=17635abc-88e3-4643-9e84-98a19ca72fd1&algo_exp_id=17635abc-88e3-4643-9e84-98a19ca72fd1-55&pdp_ext_f=%7B%22order%22%3A%22200%22%2C%22eval%22%3A%221%22%2C%22fromPage%22%3A%22search%22%7D&pdp_npi=6%40dis%21USD%217.33%216.53%21%21%2149.82%2144.36%21%40212e509017773993716643413e6adf%2112000043930939634%21sea%21US%210%21ABX%211%210%21n_tag%3A-29910%3Bd%3Af5295fa4%3Bm03_new_user%3A-29895%3BpisId%3A5000000204886261&curPageLogUid=Xa5hjXb4jJNi&utparam-url=scene%3Asearch%7Cquery_from%3A%7Cx_object_id%3A1005008134101164%7C_p_origin_prod%3A
Call Blocker Caller Id Box Call Blocking Device Phone Blocker Call Blocker with Lcd Display Call Blocker,$13.40,"https://ae-pic-a1.aliexpress-media.com/kf/S7d45a4aadb5d4b77a8e7bdc5d52d5fdcU.jpg?has_lang=1&ver=2_220x220q75.jpg_.avif,https://ae-pic-a1.aliexpress-media.com/kf/S7d45a4aadb5d4b77a8e7bdc5d52d5fdcU.jpg?has_lang=1&ver=2_220x220q75.jpg_.avif,https://ae-pic-a1.aliexpress-media.com/kf/Sa72ff6d8914a4ec29bb14ffb9bb1cfa4j.jpg?has_lang=1&ver=2_220x220q75.jpg_.avif,https://ae-pic-a1.aliexpress-media.com/kf/S9e744c2935e945ec81db7e6a6f139ab6V.jpg?has_lang=1&ver=2_220x220q75.jpg_.avif,https://ae-pic-a1.aliexpress-media.com/kf/S6d782a5c5d9f460b8872c89c25324134z.jpg?has_lang=1&ver=2_220x220q75.jpg_.avif","['High-concerned chemical', 'None', 'Type', 'Parts', 'Voice Mail', 'No', 'Model Number', '803', 'Brand Name', 'CHEETA', 'Origin', 'Mainland China', 'Certification', 'CE', 'Color', 'Black', 'Certificate', 'CE', 'Material', 'ABS plastic', 'Style', 'Modern', 'Product Name', 'call blocker']",https://www.aliexpress.us/item/3256808907942173.html?algo_pvid=17635abc-88e3-4643-9e84-98a19ca72fd1&algo_exp_id=17635abc-88e3-4643-9e84-98a19ca72fd1-0&pdp_ext_f=%7B%22order%22%3A%22161%22%2C%22eval%22%3A%221%22%2C%22fromPage%22%3A%22search%22%7D&pdp_npi=6%40dis%21USD%2128.21%2113.40%21%21%21191.62%2191.03%21%40212e509017773993716643413e6adf%2112000047890050457%21sea%21US%210%21ABX%211%210%21n_tag%3A-29910%3Bd%3Af5295fa4%3Bm03_new_user%3A-29895%3BpisId%3A5000000203537339&curPageLogUid=sCJXFSjej0MK&utparam-url=scene%3Asearch%7Cquery_from%3A%7Cx_object_id%3A1005009094256925%7C_p_origin_prod%3A
Hello Kitty Rhinestone Bling Crystal Phone Case Chain For iPhone17 16 15 14 13 12 11Pro Max X Xs XR 7 8 Plus Transparent Bumper,$20.47,"https://ae-pic-a1.aliexpress-media.com/kf/S98c02b9cca584bc280bba42c3eddd2c1g.jpg_220x220q75.jpg_.avif,https://ae-pic-a1.aliexpress-media.com/kf/S98c02b9cca584bc280bba42c3eddd2c1g.jpg_220x220q75.jpg_.avif,https://ae-pic-a1.aliexpress-media.com/kf/Sb74a80752b60417a86b639681f24bfed2.jpg_220x220q75.jpg_.avif,https://ae-pic-a1.aliexpress-media.com/kf/S30fc06b40c5c4891b53818faf4351ca0d.jpg_220x220q75.jpg_.avif,https://ae-pic-a1.aliexpress-media.com/kf/Sf9fb52be55d346fe8f52cd4299cb1942v.jpg_220x220q75.jpg_.avif","['High-concerned chemical', 'None', 'Features', 'No Features', 'Main Material', 'Plastic', 'Design', 'Glitter', 'Type', 'Half-Wrapped Case', 'Brand Name', 'Sanrio', 'Origin', 'Mainland China', 'Hign-concerned Chemical', 'None', 'Origin', 'Mainland China', 'Features', 'No Features', 'Main materials', 'Plastic', 'Type', 'Half-Wrapped Case', 'Design', 'Glitter']",https://www.aliexpress.us/item/3256808762754618.html?algo_pvid=17635abc-88e3-4643-9e84-98a19ca72fd1&algo_exp_id=17635abc-88e3-4643-9e84-98a19ca72fd1-1&pdp_ext_f=%7B%22order%22%3A%22161%22%2C%22eval%22%3A%221%22%2C%22fromPage%22%3A%22search%22%7D&pdp_npi=6%40dis%21USD%2145.04%2120.47%21%21%21306.00%21139.12%21%40212e509017773993716643413e6adf%2112000050447718808%21sea%21US%210%21ABX%211%210%21n_tag%3A-29910%3Bd%3Af5295fa4%3Bm03_new_user%3A-29895%3BpisId%3A5000000203712598&curPageLogUid=5ZJEWknTrkyg&utparam-url=scene%3Asearch%7Cquery_from%3A%7Cx_object_id%3A1005008949069370%7C_p_origin_prod%3A
Luxury Glitter Rhinestone Pink Phone Case with Heart Pendant for Samsung Galaxy Z Flip 7 6 Z Flip6 ZFlip 5 Zflip6 Zflip5 Cover,$0.99,"https://ae-pic-a1.aliexpress-media.com/kf/S087cfd2ba6a841ef91b76c17ec3ce9a4K.png?has_lang=1&ver=1_220x220.png_.avif,https://ae-pic-a1.aliexpress-media.com/kf/S6ad7f1e7ceeb47fe9c90d8ffee81e3e6w.png?has_lang=1&ver=1_220x220.png_.avif,https://ae-pic-a1.aliexpress-media.com/kf/Se37fe06c9d19486882779228ddef43c3c.png_220x220.png_.avif,https://ae-pic-a1.aliexpress-media.com/kf/S1ed91d40544b444689f71126d3c9f66ah.png_220x220.png_.avif,https://ae-pic-a1.aliexpress-media.com/kf/Se62dfe17a2874cb2974732c34c3d43b6r.png_220x220.png_.avif","['High-concerned chemical', 'None', 'Features', 'Washable,Anti-Scratch,Dustproof,With Lanyard,lightweight,Non-Slip', 'Main Material', 'Plastic', 'Design', 'Plain,Jewelled,Texture', 'Type', 'Flip Case', 'Origin', 'Mainland China', 'Material', 'High quality Shockproof Protective', 'Suitable Crowd', 'Women,Men,Girl,Boy,Couple', 'Sale Way', 'Wholesale,Retail', 'Drop Shipping', 'Support', 'Style', 'Japanese and Korean Style', 'Degisn 1', 'Fashion Phone Case']",https://www.aliexpress.us/item/3256808428132473.html?algo_pvid=17635abc-88e3-4643-9e84-98a19ca72fd1&algo_exp_id=17635abc-88e3-4643-9e84-98a19ca72fd1-4&pdp_ext_f=%7B%22order%22%3A%22160%22%2C%22eval%22%3A%221%22%2C%22fromPage%22%3A%22search%22%7D&pdp_npi=6%40dis%21USD%218.47%210.99%21%21%2157.52%216.70%21%40212e509017773993716643413e6adf%2112000050777237436%21sea%21US%210%21ABX%211%210%21n_tag%3A-29910%3Bd%3Af5295fa4%3Bm03_new_user%3A-29895%3BpisId%3A5000000203537349&curPageLogUid=3bHPjwNaiFcQ&utparam-url=scene%3Asearch%7Cquery_from%3A%7Cx_object_id%3A1005008614447225%7C_p_origin_prod%3A
Big Button Phone Wired Big Button Landline Phone with Easy to Read Big Buttons and Super Loud Ringtones,$17.31,"https://ae-pic-a1.aliexpress-media.com/kf/S6f139b3ce1154a0390c1d224c627c28en.jpg_220x220q75.jpg_.avif,https://ae-pic-a1.aliexpress-media.com/kf/S410bab4591564ce69b885af0e5335b2cA.jpg_220x220q75.jpg_.avif,https://ae-pic-a1.aliexpress-media.com/kf/Sf519c38ca86f4845bb3794c48ba97da3C.jpg_220x220q75.jpg_.avif,https://ae-pic-a1.aliexpress-media.com/kf/Sa83b250bd62046faafefca7868594dfeN.jpg_220x220q75.jpg_.avif,https://ae-pic-a1.aliexpress-media.com/kf/S376063655c1b42edbe159fa0363b6df2y.jpg_220x220q75.jpg_.avif","['Wire Type', 'Corded', 'Brand Name', 'YOUTHINK', 'Origin', 'Mainland China']",https://www.aliexpress.us/item/3256806909708611.html?algo_pvid=17635abc-88e3-4643-9e84-98a19ca72fd1&algo_exp_id=17635abc-88e3-4643-9e84-98a19ca72fd1-5&pdp_ext_f=%7B%22order%22%3A%22159%22%2C%22eval%22%3A%221%22%2C%22fromPage%22%3A%22search%22%7D&pdp_npi=6%40dis%21USD%2163.37%2117.31%21%21%21430.52%21117.63%21%40212e509017773993716643413e6adf%2112000039388320438%21sea%21US%210%21ABX%211%210%21n_tag%3A-29910%3Bd%3Af5295fa4%3Bm03_new_user%3A-29895%3BpisId%3A5000000203537339&curPageLogUid=Arnd634zs9zO&utparam-url=scene%3Asearch%7Cquery_from%3A%7Cx_object_id%3A1005007096023363%7C_p_origin_prod%3A
"Retro Silent Redial Corded Landline Phone, Suitable for Homes, Hotels, Schools, and Offices",$6.84,"https://ae-pic-a1.aliexpress-media.com/kf/S0f44d04ba8524e1b96dd1708db1cde33O.jpg_220x220q75.jpg_.avif,https://ae-pic-a1.aliexpress-media.com/kf/S008af5ea8e8241bdbe6796d79648be83W.jpg?has_lang=1&ver=2_220x220q75.jpg_.avif,https://ae-pic-a1.aliexpress-media.com/kf/S6a81898cc993475892b856c7e35f7ba9t.jpg_220x220q75.jpg_.avif,https://ae-pic-a1.aliexpress-media.com/kf/Sc2dc49cc754c42578b9453c88b2e934bY.jpg?has_lang=1&ver=2_220x220q75.jpg_.avif,https://ae-pic-a1.aliexpress-media.com/kf/S4f31e1a9bf6e4ec4a90d3cc38bee1bd8g.jpg?has_lang=1&ver=1_220x220q75.jpg_.avif","['High-concerned chemical', 'None', 'Type', 'Phones', 'Wire Type', 'Corded', 'Voice Mail', 'No', 'Model Number', 'Wall Telephone', 'Brand Name', 'Aramox', 'Origin', 'Mainland China']",https://www.aliexpress.us/item/3256810214718704.html?algo_pvid=17635abc-88e3-4643-9e84-98a19ca72fd1&algo_exp_id=17635abc-88e3-4643-9e84-98a19ca72fd1-7&pdp_ext_f=%7B%22order%22%3A%22157%22%2C%22eval%22%3A%221%22%2C%22fromPage%22%3A%22search%22%7D&pdp_npi=6%40dis%21USD%2114.99%216.84%21%21%21101.85%2146.51%21%40212e509017773993716643413e6adf%2112000052286497031%21sea%21US%210%21ABX%211%210%21n_tag%3A-29910%3Bd%3Af5295fa4%3Bm03_new_user%3A-29895%3BpisId%3A5000000204886261&curPageLogUid=p0h6bZW7dpsj&utparam-url=scene%3Asearch%7Cquery_from%3A%7Cx_object_id%3A1005010401033456%7C_p_origin_prod%3A
LX58 SC APC UPC Fiber Optic Connector 58mm Single-Mode Optical Fast Connector FTTH Cold Connector Tool Fiber Quick Connector,$43.35,"https://ae-pic-a1.aliexpress-media.com/kf/Sa846d4870c36403cb00e08c947bbbd68X.jpg?has_lang=1&ver=2_220x220q75.jpg_.avif,https://ae-pic-a1.aliexpress-media.com/kf/S813242b28dfc480696c6bdcbcc305947r.jpg?has_lang=1&ver=2_220x220q75.jpg_.avif,https://ae-pic-a1.aliexpress-media.com/kf/Se860c4bf78614260ada1c927fdc8700el.jpg_220x220q75.jpg_.avif,https://ae-pic-a1.aliexpress-media.com/kf/S197bcc3f1e5f44d99dcea5db67f8cdb9n.jpg?has_lang=1&ver=2_220x220q75.jpg_.avif,https://ae-pic-a1.aliexpress-media.com/kf/S608862967c0e4c86998f89f3052b426c3.jpg_220x220q75.jpg_.avif","['High-concerned chemical', 'None', 'Model Number', 'LX58', 'Brand Name', 'BELEZATELECOM', 'Origin', 'Mainland China', 'Certification', 'CE,RoHS', 'Size', '58mm', 'Fiber Type', 'Single Mode', 'Compatible', 'Ubiquiti,Transition Networks,Customized Brands,TP-link', 'Connector Type', 'SC/APC', 'Item Length', '1m', 'Model Number', 'SC/APC fiber optical flange', 'Origin', 'Mainland China', 'Model Number', 'SC/UPC fiber optical flange', 'Gender', 'Adapter', 'Type', 'sc apc connector,sc upc connector']",https://www.aliexpress.us/item/3256806983199012.html?algo_pvid=17635abc-88e3-4643-9e84-98a19ca72fd1&algo_exp_id=17635abc-88e3-4643-9e84-98a19ca72fd1-8&pdp_ext_f=%7B%22order%22%3A%22157%22%2C%22eval%22%3A%221%22%2C%22fromPage%22%3A%22search%22%7D&pdp_npi=6%40dis%21USD%2143.85%2143.35%21%21%2143.85%2143.35%21%40212e509017773993716643413e6adf%2112000039684266973%21sea%21US%210%21ABX%211%210%21n_tag%3A-29910%3Bd%3Af5295fa4%3Bm03_new_user%3A-29895%3BpisId%3A5000000204886261&curPageLogUid=JkTr2TJkrg2t&utparam-url=scene%3Asearch%7Cquery_from%3A%7Cx_object_id%3A1005007169513764%7C_p_origin_prod%3A
Napa Genuine Leather Case For Apple iPhone 6 6S 7 8 X XS XR 11 12 13 14 15 16 16E Pro Max Plus Mini Phone Wallet Cover Cases,$5.07,"https://ae-pic-a1.aliexpress-media.com/kf/Sc887a0701f4341aaa7d5cb49c041a2a6U.jpg_220x220q75.jpg_.avif,https://ae-pic-a1.aliexpress-media.com/kf/Sc8565f0404344fca8faf1362a03dd743w.jpg_220x220q75.jpg_.avif,https://ae-pic-a1.aliexpress-media.com/kf/Sb59bd75f3d294aa6b2e14ffe147685cd5.jpg_220x220q75.jpg_.avif,https://ae-pic-a1.aliexpress-media.com/kf/S8f431adaf05843ff9932805ec8c5298eO.jpg_220x220q75.jpg_.avif,https://ae-pic-a1.aliexpress-media.com/kf/S0952919e80b2492c81e1add519a67e31D.jpg_220x220q75.jpg_.avif","['High-concerned chemical', 'None', 'Features', 'Anti-Scratch,Non-Slip,Magnetic', 'Main Material', 'Genuine Leather,Leather', 'Design', 'Animal,Plain', 'Type', 'Flip Case', 'Brand Name', 'PHOPEER', 'Origin', 'Mainland China', 'Compatible Model', 'For iPhone Case', 'Feature', 'Napa Genuine Leather Case', 'Wholesale', 'Supported', 'OEM', 'Supported', 'Outside Material', 'Genuine Leather', 'Inner Material', 'Flannelette / Soft TPU Cover', 'Custom', 'Supported']",https://www.aliexpress.us/item/3256806154773516.html?algo_pvid=17635abc-88e3-4643-9e84-98a19ca72fd1&algo_exp_id=17635abc-88e3-4643-9e84-98a19ca72fd1-10&pdp_ext_f=%7B%22order%22%3A%22154%22%2C%22eval%22%3A%221%22%2C%22fromPage%22%3A%22search%22%7D&pdp_npi=6%40dis%21USD%2110.57%215.07%21%21%2110.57%215.07%21%40212e509017773993716643413e6adf%2112000044467789539%21sea%21US%210%21ABX%211%210%21n_tag%3A-29910%3Bd%3Af5295fa4%3Bm03_new_user%3A-29895%3BpisId%3A5000000203537339&curPageLogUid=JJPl4tEZbtsJ&utparam-url=scene%3Asearch%7Cquery_from%3A%7Cx_object_id%3A1005006341088268%7C_p_origin_prod%3A
Trend Bling Glitter Diamond Case for Samsung Galaxy S26 S25 S24 S23 Plus Ultra Rhinestone Shockproof Hard Back Protective Cover,$0.99,"https://ae-pic-a1.aliexpress-media.com/kf/S79f992f6e400494db53059f3dcd05b3bL.jpg_220x220q75.jpg_.avif,https://ae-pic-a1.aliexpress-media.com/kf/S79f992f6e400494db53059f3dcd05b3bL.jpg_220x220q75.jpg_.avif,https://ae-pic-a1.aliexpress-media.com/kf/Sc2832ef40755446f9d078d393a2cdc16P.jpg_220x220q75.jpg_.avif,https://ae-pic-a1.aliexpress-media.com/kf/S93219809514142f0ac51185c8bd186d3w.jpg_220x220q75.jpg_.avif,https://ae-pic-a1.aliexpress-media.com/kf/Sd37f65ebbd5b4923bff24b6224d78272w.jpg_220x220q75.jpg_.avif","['High-concerned chemical', 'None', 'Features', 'Shock Proof,Anti-Fingerprint,Anti-Scratch,Tough Case,Dustproof,Non-Slip', 'Main Material', 'Plastic', 'Design', 'Glitter', 'Type', 'Case', 'Origin', 'Mainland China']",https://www.aliexpress.us/item/3256810601505729.html?algo_pvid=17635abc-88e3-4643-9e84-98a19ca72fd1&algo_exp_id=17635abc-88e3-4643-9e84-98a19ca72fd1-11&pdp_ext_f=%7B%22order%22%3A%22154%22%2C%22eval%22%3A%221%22%2C%22fromPage%22%3A%22search%22%7D&pdp_npi=6%40dis%21USD%2113.99%210.99%21%21%2195.05%216.76%21%40212e509017773993716643413e6adf%2112000053508175247%21sea%21US%210%21ABX%211%210%21n_tag%3A-29910%3Bd%3Af5295fa4%3Bm03_new_user%3A-29895%3BpisId%3A5000000203537339&curPageLogUid=T1OVn9Hip740&utparam-url=scene%3Asearch%7Cquery_from%3A%7Cx_object_id%3A1005010787820481%7C_p_origin_prod%3A
Lip Telephone Electroplating Fashionable Lip Telephone Flocking Retro Sexy Home Phone Decoration Gift,$24.42,"https://ae-pic-a1.aliexpress-media.com/kf/S57604d9c998947b3b5f5df5d876eca48i.jpg_220x220q75.jpg_.avif,https://ae-pic-a1.aliexpress-media.com/kf/S991f1b1302714c08854829a281111b62L.jpg_220x220q75.jpg_.avif,https://ae-pic-a1.aliexpress-media.com/kf/Se5c0f944e42f4a2799f49730323759f8W.jpg_220x220q75.jpg_.avif,https://ae-pic-a1.aliexpress-media.com/kf/S07f0396bb7934d769c1d9b98e2e9621fk.jpg_220x220q75.jpg_.avif,https://ae-pic-a1.aliexpress-media.com/kf/S3f229fdbaf0d413bb993cb0e3ed4b2c8J.jpg_220x220q75.jpg_.avif","['High-concerned chemical', 'None', 'Type', 'Parts', 'Wire Type', 'Corded', 'Voice Mail', 'No', 'Model Number', 'WX-3016 Lip Telephone', 'Brand Name', 'VBESTLIFE', 'Origin', 'Mainland China', 'Certification', 'NONE']",https://www.aliexpress.us/item/3256805040824805.html?algo_pvid=17635abc-88e3-4643-9e84-98a19ca72fd1&algo_exp_id=17635abc-88e3-4643-9e84-98a19ca72fd1-13&pdp_ext_f=%7B%22order%22%3A%22153%22%2C%22eval%22%3A%221%22%2C%22fromPage%22%3A%22search%22%7D&pdp_npi=6%40dis%21USD%2129.92%2124.42%21%21%2129.92%2124.42%21%40212e509017773993716643413e6adf%2112000032269224680%21sea%21US%210%21ABX%211%210%21n_tag%3A-29910%3Bd%3Af5295fa4%3Bm03_new_user%3A-29895%3BpisId%3A5000000203537339&curPageLogUid=o7oBVsdj32xv&utparam-url=scene%3Asearch%7Cquery_from%3A%7Cx_object_id%3A1005005227139557%7C_p_origin_prod%3A
Universal Leather Mobile Phone Waist Bag Vertical Belt Clip Case For iPhone 15 14 13 Pro Max Samsung Xiaomi Huawei Holster Cover,$0.99,"https://ae-pic-a1.aliexpress-media.com/kf/S7a7f7f8d70774c34a0965de300007ec9Q.jpg_220x220q75.jpg_.avif,https://ae-pic-a1.aliexpress-media.com/kf/S3f32903aaa3049c38eee572e03d7e1b4h.jpg_220x220q75.jpg_.avif,https://ae-pic-a1.aliexpress-media.com/kf/S791f196cfde841f7817886c7b6a7f620c.jpg_220x220q75.jpg_.avif,https://ae-pic-a1.aliexpress-media.com/kf/S8a840f09d0ab4bcc8a29bdff86d8081dt.jpg_220x220q75.jpg_.avif,https://ae-pic-a1.aliexpress-media.com/kf/S6fd29b8bc0e84693a5f8244d83984f99u.jpg_220x220q75.jpg_.avif","['High-concerned chemical', 'None', 'Features', 'Magnetic,Anti-Scratch,Non-Slip', 'Main Material', 'Artificial leather', 'Design', 'Plain', 'Type', 'Phone Bag', 'Brand Name', 'XhaoR', 'Origin', 'Mainland China', 'Color', 'Black', 'Material', 'Litchi patterned artificial leather fabric', 'Features 1', 'Slightly waterproof', 'Features 2', 'The cover conceals a super strong magnetic plate that tightly attracts.', 'Features 3', 'The back clip buckle can be worn and clipped.']",https://www.aliexpress.us/item/3256806426658608.html?algo_pvid=17635abc-88e3-4643-9e84-98a19ca72fd1&algo_exp_id=17635abc-88e3-4643-9e84-98a19ca72fd1-14&pdp_ext_f=%7B%22order%22%3A%22153%22%2C%22eval%22%3A%221%22%2C%22fromPage%22%3A%22search%22%7D&pdp_npi=6%40dis%21USD%2117.72%210.99%21%21%21120.40%216.75%21%40212e509017773993716643413e6adf%2112000037827021686%21sea%21US%210%21ABX%211%210%21n_tag%3A-29910%3Bd%3Af5295fa4%3Bm03_new_user%3A-29895%3BpisId%3A5000000203537339&curPageLogUid=ZyueLn695jPR&utparam-url=scene%3Asearch%7Cquery_from%3A%7Cx_object_id%3A1005006612973360%7C_p_origin_prod%3A
Military Tactical Army Phone Belt Clip Case Men Waist Bag For Samsung Galaxy S25 FE S24 S23 Ultra S22 Plus A56 A55 Holster Pouch,$3.57,"https://ae-pic-a1.aliexpress-media.com/kf/S67f49f0cfccf489995f178388d7cbd48F.jpg_220x220q75.jpg_.avif,https://ae-pic-a1.aliexpress-media.com/kf/S3e05f287dc014316a05f836fad2b8574L.jpg_220x220q75.jpg_.avif,https://ae-pic-a1.aliexpress-media.com/kf/S3e0b387d25fe4b0f9efe6f2c4aa7975c0.jpg_220x220q75.jpg_.avif,https://ae-pic-a1.aliexpress-media.com/kf/Sd91357bcd6854f2d89df0f50414948b4E.jpg_220x220q75.jpg_.avif,https://ae-pic-a1.aliexpress-media.com/kf/Se437434987cb4711a8a77d585e27a6b1k.jpg_220x220q75.jpg_.avif","['High-concerned chemical', 'None', 'Features', 'Anti-Fingerprint,Anti-Scratch,Dustproof,With Holder,lightweight,Non-Slip,Waterproof/Underwater,With Belt Loop', 'Main Material', 'Nylon', 'Design', 'Plain', 'Type', 'Pouch', 'Brand Name', 'HKNR', 'Origin', 'Mainland China']",https://www.aliexpress.us/item/3256805297141138.html?algo_pvid=17635abc-88e3-4643-9e84-98a19ca72fd1&algo_exp_id=17635abc-88e3-4643-9e84-98a19ca72fd1-15&pdp_ext_f=%7B%22order%22%3A%22152%22%2C%22eval%22%3A%221%22%2C%22fromPage%22%3A%22search%22%7D&pdp_npi=6%40dis%21USD%219.27%213.57%21%21%219.27%213.57%21%40212e509017773993716643413e6adf%2112000033264923766%21sea%21US%210%21ABX%211%210%21n_tag%3A-29910%3Bd%3Af5295fa4%3Bm03_new_user%3A-29895%3BpisId%3A5000000203537339&curPageLogUid=c1QCC54tTJAV&utparam-url=scene%3Asearch%7Cquery_from%3A%7Cx_object_id%3A1005005483455890%7C_p_origin_prod%3A
Cordless Phone Desktop Telephone SIM Card 2G Fixed Wireless Phone with Antenna Radio Alarm Clock Funtion for House Home Call,$37.04,"https://ae-pic-a1.aliexpress-media.com/kf/Sd7b75ecd2e2b4a1dbe7b85e3ee5244e8A.jpg_220x220q75.jpg_.avif,https://ae-pic-a1.aliexpress-media.com/kf/S2ac81a87a9704734885b0ecf47c5a2d6C.jpg_220x220q75.jpg_.avif,https://ae-pic-a1.aliexpress-media.com/kf/Sfcbb2a8ec2fa4774892d0b4b233144dbW.jpg_220x220q75.jpg_.avif,https://ae-pic-a1.aliexpress-media.com/kf/Sa6afae34d1494e4abb96bb773639407cf.jpg_220x220q75.jpg_.avif,https://ae-pic-a1.aliexpress-media.com/kf/S3b2dd640fbd94adf8511361ffcaf8361Z.jpg_220x220q75.jpg_.avif","['High-concerned chemical', 'None', 'Origin', 'Mainland China']",https://www.aliexpress.us/item/3256805499786389.html?algo_pvid=17635abc-88e3-4643-9e84-98a19ca72fd1&algo_exp_id=17635abc-88e3-4643-9e84-98a19ca72fd1-16&pdp_ext_f=%7B%22order%22%3A%22151%22%2C%22eval%22%3A%221%22%2C%22fromPage%22%3A%22search%22%7D&pdp_npi=6%40dis%21USD%21104.27%2137.04%21%21%21708.33%21251.60%21%40212e509017773993716643413e6adf%2112000034008397460%21sea%21US%210%21ABX%211%210%21n_tag%3A-29910%3Bd%3Af5295fa4%3Bm03_new_user%3A-29895%3BpisId%3A5000000204886261&curPageLogUid=N1KxEKtw3Mfg&utparam-url=scene%3Asearch%7Cquery_from%3A%7Cx_object_id%3A1005005686101141%7C_p_origin_prod%3A
S25 Case Rugged Combo Shockproof Armor Belt Clip Holster Cover for Samsung S24 Ultra S23 S21 S22 Plus Note 20 Stand Swivel Capa,$3.09,"https://ae-pic-a1.aliexpress-media.com/kf/S26c041e3ea22469b8a3049ca7b649e91M.jpg_220x220q75.jpg_.avif,https://ae-pic-a1.aliexpress-media.com/kf/S26c041e3ea22469b8a3049ca7b649e91M.jpg_220x220q75.jpg_.avif,https://ae-pic-a1.aliexpress-media.com/kf/Sb3b372b7653d49868b6f4ee11acf2ee6J.jpg_220x220q75.jpg_.avif,https://ae-pic-a1.aliexpress-media.com/kf/S3e1873bc14694a8e8bc1b90c7ce6cbbbB.jpg_220x220q75.jpg_.avif,https://ae-pic-a1.aliexpress-media.com/kf/S076311087c6a4f4fa83352fd15f15451f.jpg_220x220q75.jpg_.avif","['High-concerned chemical', 'None', 'Features', 'Shock Proof,Dual Layer,Heavy Duty,WIth Kickstand,Non-Slip,With Belt Loop', 'Main Material', 'Plastic,PVC', 'Design', 'Plain,Geometric', 'Type', 'FULL COVERAGE', 'Brand Name', 'KAWOO', 'Origin', 'Mainland China', 'Type', 'Heavy Duty 3 in 1 Armor Case For Samsung S21', 'Model', 'For Samsung Note 20 Rugged Armor case cover', 'Model 3', 'For Samsung Note 20 Ultra Pro Armor Case Cover', 'Model 1', 'Rugged Armor Case For Samsung S23 5G', 'Model 2', 'Clip Belt Armor Shockproof Cover', 'Model 4', 'Kickstand Armor Case Cover', 'Model 5', 'Holster Defender Full Body Dual Layer Phone Case Cover', 'Model 6', 'Full Body Stand Swivel Armor Case For Samsung S24', 'Model 7', 'Rugged Combo Belt Clip Armor Case For Samsung S23 Ultra', 'Model 8', 'Belt Case Cover for samsung S25 Ultra']",https://www.aliexpress.us/item/3256807607804991.html?algo_pvid=17635abc-88e3-4643-9e84-98a19ca72fd1&algo_exp_id=17635abc-88e3-4643-9e84-98a19ca72fd1-18&pdp_ext_f=%7B%22order%22%3A%22146%22%2C%22eval%22%3A%221%22%2C%22fromPage%22%3A%22search%22%7D&pdp_npi=6%40dis%21USD%218.77%213.09%21%21%218.77%213.09%21%40212e509017773993716643413e6adf%2112000042225231963%21sea%21US%210%21ABX%211%210%21n_tag%3A-29910%3Bd%3Af5295fa4%3Bm03_new_user%3A-29895%3BpisId%3A5000000203537339&curPageLogUid=bbagytbuWvQh&utparam-url=scene%3Asearch%7Cquery_from%3A%7Cx_object_id%3A1005007794119743%7C_p_origin_prod%3A
Cell Phone Pouch Nylon Holster Case with Belt Clip Cover Universal Belt Waist Bag for iPhone 13 12 11 Pro Max Samsung Galaxy S22,$0.99,"https://ae-pic-a1.aliexpress-media.com/kf/S42e63d5384734410868afb56b87bfa0b0.jpg_220x220q75.jpg_.avif,https://ae-pic-a1.aliexpress-media.com/kf/S42e63d5384734410868afb56b87bfa0b0.jpg_220x220q75.jpg_.avif,https://ae-pic-a1.aliexpress-media.com/kf/S3fecd868bc20488db0ed2e3274de0bcfv.jpg_220x220q75.jpg_.avif,https://ae-pic-a1.aliexpress-media.com/kf/Scc60e1c642904fbba2cce2bc862927b2C.jpg_220x220q75.jpg_.avif,https://ae-pic-a1.aliexpress-media.com/kf/Sf9b12f6b6af24c40b82339085df6d133m.jpg_220x220q75.jpg_.avif","['High-concerned chemical', 'None', 'Features', 'Dual Layer', 'Main Material', 'Nylon', 'Design', 'Plain', 'Type', 'Phone Bag', 'Brand Name', 'GOLDFOX', 'Origin', 'Mainland China', 'Feature 1', 'Cell Phone Pouch', 'Feature 2', 'Phone Holster', 'Feature 3', 'Waist Bag']",https://www.aliexpress.us/item/3256804451936814.html?algo_pvid=17635abc-88e3-4643-9e84-98a19ca72fd1&algo_exp_id=17635abc-88e3-4643-9e84-98a19ca72fd1-19&pdp_ext_f=%7B%22order%22%3A%22145%22%2C%22eval%22%3A%221%22%2C%22fromPage%22%3A%22search%22%7D&pdp_npi=6%40dis%21USD%214.54%210.99%21%21%214.54%210.99%21%40212e509017773993716643413e6adf%2112000029930550032%21sea%21US%210%21ABX%211%210%21n_tag%3A-29910%3Bd%3Af5295fa4%3Bm03_new_user%3A-29895%3BpisId%3A5000000203537339&curPageLogUid=nzAP7O6NJ4H6&utparam-url=scene%3Asearch%7Cquery_from%3A%7Cx_object_id%3A1005004638251566%7C_p_origin_prod%3A
Fashion Bling Diamond Rhinestone Flower Case Cover For Iphone 17 Air 16 14 15 12 13 Pro MAX XS XR 7 8 PLUS Soft Clear Phone,$0.99,"https://ae-pic-a1.aliexpress-media.com/kf/S0a00cad84ded4a228316a39e61da2c80t.jpg_220x220q75.jpg_.avif,https://ae-pic-a1.aliexpress-media.com/kf/S0a00cad84ded4a228316a39e61da2c80t.jpg_220x220q75.jpg_.avif,https://ae-pic-a1.aliexpress-media.com/kf/S561c44e4acb64719b5dde814b4a23093x.jpg_220x220q75.jpg_.avif,https://ae-pic-a1.aliexpress-media.com/kf/Sa8324046551f450fb8591fd4ef12e5d71.jpg_220x220q75.jpg_.avif,https://ae-pic-a1.aliexpress-media.com/kf/Sf4d610a066604c38990457b7e67c1e2fe.jpg_220x220q75.jpg_.avif","['High-concerned chemical', 'None', 'Features', 'Washable,Anti-Scratch,Dustproof,With Lanyard,Non-Slip', 'Main Material', 'Plastic', 'Design', 'Jewelled', 'Type', 'FULL COVERAGE', 'Brand Name', 'XSMYiss', 'Origin', 'Mainland China', 'For iphone 6 6S', 'For 6Plus 6SPlus', 'For iphone 7 8', 'For 7Plus 8Plus', 'For iphone SE 2020', 'For iphone X', 'For iphone XS', 'For iphone XS MAX', 'For iphone XR', 'For iphone 11', 'For iphone 11 pro', 'For iphone11 pro max', 'For iphone SE 2022', 'For iPhone 12', 'For iPhone 12 mini', 'For iPhone 12 Pro', 'For iPhone12 Pro Max', 'For iPhone 13', 'For iPhone 13 mini', 'For iPhone 13 Pro', 'For iPhone 14', 'For iPhone 14 Plus', 'For iPhone 14 Pro', 'For iPhone14 Pro Max', 'For iPhone15', 'For iPhone 15 Pro', 'For iPhone 15 Plus', 'For iPhone15 Pro Max', 'For iPhone 16', 'For iPhone 16 Pro', 'For iPhone 16 Plus', 'For iPhone16 Pro Max']",https://www.aliexpress.us/item/2251832682117567.html?algo_pvid=17635abc-88e3-4643-9e84-98a19ca72fd1&algo_exp_id=17635abc-88e3-4643-9e84-98a19ca72fd1-20&pdp_ext_f=%7B%22order%22%3A%22144%22%2C%22eval%22%3A%221%22%2C%22fromPage%22%3A%22search%22%7D&pdp_npi=6%40dis%21USD%217.36%210.99%21%21%217.36%210.99%21%40212e509017773993716643413e6adf%2112000026292794916%21sea%21US%210%21ABX%211%210%21n_tag%3A-29910%3Bd%3Af5295fa4%3Bm03_new_user%3A-29895%3BpisId%3A5000000203537349&curPageLogUid=cAr1eC75JlSI&utparam-url=scene%3Asearch%7Cquery_from%3A%7Cx_object_id%3A32868432319%7C_p_origin_prod%3A
Audio Guest Book Customized Phone Antique Phone Popular Party Wedding Supplies Audio Message Guestbook Rotary Dial Vintage Phone,$81.39,"https://ae-pic-a1.aliexpress-media.com/kf/S38700c4eb8804ed3b46f1718ef487960I.jpg_220x220q75.jpg_.avif,https://ae-pic-a1.aliexpress-media.com/kf/S38700c4eb8804ed3b46f1718ef487960I.jpg_220x220q75.jpg_.avif,https://ae-pic-a1.aliexpress-media.com/kf/Sd9961af938b24e85bd5f301b50411462U.jpg_220x220q75.jpg_.avif,https://ae-pic-a1.aliexpress-media.com/kf/S6840729bdc464ef09c192875319bb8db5.jpg_220x220q75.jpg_.avif,https://ae-pic-a1.aliexpress-media.com/kf/Sc8f300b0ec4d4cd19a337054064f567dv.jpg_220x220q75.jpg_.avif","['High-concerned chemical', 'None', 'Type', 'Phones', 'Wire Type', 'Corded', 'Voice Mail', 'Yes', 'Model Number', '8022', 'Brand Name', 'NoEnName_Null', 'Origin', 'Mainland China', 'Certification', 'CE,FCC,RoHS', 'color', 'white/black', 'certificate', 'ce/rohs', 'use', 'wedding', 'reocrding', 'yes', 'OEM', 'yes', 'material', 'ABS plastic']",https://www.aliexpress.us/item/3256808645165196.html?algo_pvid=17635abc-88e3-4643-9e84-98a19ca72fd1&algo_exp_id=17635abc-88e3-4643-9e84-98a19ca72fd1-22&pdp_ext_f=%7B%22order%22%3A%22143%22%2C%22eval%22%3A%221%22%2C%22fromPage%22%3A%22search%22%7D&pdp_npi=6%40dis%21USD%2189.29%2181.39%21%21%21606.59%21552.91%21%40212e509017773993716643413e6adf%2112000046874838463%21sea%21US%210%21ABX%211%210%21n_tag%3A-29910%3Bd%3Af5295fa4%3Bm03_new_user%3A-29895%3BpisId%3A5000000203537339&curPageLogUid=4uExowoqaSD9&utparam-url=scene%3Asearch%7Cquery_from%3A%7Cx_object_id%3A1005008831479948%7C_p_origin_prod%3A
"Magnetic attraction Leather Case for Huawei Honor 400 6.55"" Global Holster Flip Cover Case Wallet Phone Bags Capa Fundas Coque",$14.66,"https://ae-pic-a1.aliexpress-media.com/kf/Sd1655974d36a40e0a97d36c46de0eb61p.jpg?has_lang=1&ver=1_220x220q75.jpg_.avif,https://ae-pic-a1.aliexpress-media.com/kf/S6ac16e9e4b66451cb8a58c836bbc9488s.jpg?has_lang=1&ver=1_220x220q75.jpg_.avif,https://ae-pic-a1.aliexpress-media.com/kf/S79e1e0e6135d4c9a8a2d851b9a17576aV.jpg?has_lang=1&ver=1_220x220q75.jpg_.avif,https://ae-pic-a1.aliexpress-media.com/kf/S715a50eb7f0147d99910e6e9ed3fdab0h.jpg?has_lang=1&ver=1_220x220q75.jpg_.avif,https://ae-pic-a1.aliexpress-media.com/kf/S556f5f20a5e04037a6eafc8cf7934d9eb.jpg?has_lang=1&ver=1_220x220q75.jpg_.avif","['High-concerned chemical', 'None', 'Features', 'Magnetic,Dustproof,Anti-Scratch', 'Main Material', 'Artificial leather', 'Design', 'Plain', 'Type', 'Flip Case', 'Origin', 'Mainland China', 'Feature 1', 'a little heavy', 'Feature 2', 'Ultra-thin', 'Applicate Model', 'for Huawei Honor 400 6.55"" Global']",https://www.aliexpress.us/item/3256809025168390.html?algo_pvid=17635abc-88e3-4643-9e84-98a19ca72fd1&algo_exp_id=17635abc-88e3-4643-9e84-98a19ca72fd1-23&pdp_ext_f=%7B%22order%22%3A%22143%22%2C%22eval%22%3A%221%22%2C%22fromPage%22%3A%22search%22%7D&pdp_npi=6%40dis%21USD%2119.53%2114.66%21%21%2119.53%2114.66%21%40212e509017773993716643413e6adf%2112000048325097783%21sea%21US%210%21ABX%211%210%21n_tag%3A-29910%3Bd%3Af5295fa4%3Bm03_new_user%3A-29895%3BpisId%3A5000000205277695&curPageLogUid=CtMcDpUtUehM&utparam-url=scene%3Asearch%7Cquery_from%3A%7Cx_object_id%3A1005009211483142%7C_p_origin_prod%3A
Rugged Combo Shockproof Armor Belt Clip Holster Case for iPhone 12 16 Pro Max 15 14 Plus 13 11 Cover Kickstand Swivel Phone Capa,$1.72,"https://ae-pic-a1.aliexpress-media.com/kf/S44c091eae9ba487c9c03e494eb3c210d3.jpg_220x220q75.jpg_.avif,https://ae-pic-a1.aliexpress-media.com/kf/S44c091eae9ba487c9c03e494eb3c210d3.jpg_220x220q75.jpg_.avif,https://ae-pic-a1.aliexpress-media.com/kf/S425b388831dd402aa9eaa29ffce0b847F.jpg_220x220q75.jpg_.avif,https://ae-pic-a1.aliexpress-media.com/kf/S5217409d288c40f7891d30214742310eZ.jpg_220x220q75.jpg_.avif,https://ae-pic-a1.aliexpress-media.com/kf/S89ed0c50b59d4fbfbd184640b4c691aeQ.jpg_220x220q75.jpg_.avif","['High-concerned chemical', 'None', 'Features', 'Shock Proof,Dual Layer,Heavy Duty,WIth Kickstand,Non-Slip,With Belt Loop', 'Main Material', 'Plastic,PVC', 'Design', 'Plain,Geometric', 'Type', 'FULL COVERAGE', 'Brand Name', 'KAWOO', 'Origin', 'Mainland China', 'Type', 'Heavy Duty 3 in 1 Armor Case For iPhone 11', 'Model', 'For iPhone 13 Rugged Armor case cover', 'Model 3', 'For iPhone 16 Pro Armor Case Cover', 'Model 1', 'Rugged Armor Case For For iPhone 15 pro', 'Model 2', 'Clip Belt Armor Shockproof Cover', 'Model 4', 'Kickstand Armor Case Cover', 'Model 5', 'Holster Defender Full Body Dual Layer Phone Case Cover', 'Model 6', 'Full Body Stand Swivel Armor Case For iPhone 16 pro', 'Model 7', 'Rugged Combo Belt Clip Armor Case For Samsung S23 Ultra']",https://www.aliexpress.us/item/3256807631996360.html?algo_pvid=17635abc-88e3-4643-9e84-98a19ca72fd1&algo_exp_id=17635abc-88e3-4643-9e84-98a19ca72fd1-24&pdp_ext_f=%7B%22order%22%3A%22141%22%2C%22eval%22%3A%221%22%2C%22fromPage%22%3A%22search%22%7D&pdp_npi=6%40dis%21USD%217.41%211.72%21%21%217.41%211.72%21%40212e509017773993716643413e6adf%2112000042317226463%21sea%21US%210%21ABX%211%210%21n_tag%3A-29910%3Bd%3Af5295fa4%3Bm03_new_user%3A-29895%3BpisId%3A5000000203537339&curPageLogUid=LGIQzpClKuh4&utparam-url=scene%3Asearch%7Cquery_from%3A%7Cx_object_id%3A1005007818311112%7C_p_origin_prod%3A
Natalink SC/APC male to LC/APC Female Simplex Hybrid Optical Fiber Connector Fiber Flange Single Mode Adapter for FTTH Coupler,$0.99,"https://ae-pic-a1.aliexpress-media.com/kf/S50f740d9b3914f51ad04262e07b23664F.jpg_220x220q75.jpg_.avif,https://ae-pic-a1.aliexpress-media.com/kf/S2e9ec6ac20eb403c85729e1002593710Y.jpg_220x220q75.jpg_.avif,https://ae-pic-a1.aliexpress-media.com/kf/Sfcb8ef85351745cf900888321c763081z.jpg_220x220q75.jpg_.avif,https://ae-pic-a1.aliexpress-media.com/kf/Sb9fc419d9e694694b7b8366753c084962.jpg_220x220q75.jpg_.avif,https://ae-pic-a1.aliexpress-media.com/kf/S07deb06b77f349cea708c3541794d1172.jpg_220x220q75.jpg_.avif","['High-concerned chemical', 'None', 'Model Number', 'S9--SCAPCG-LCAPCM-001', 'Brand Name', 'NATALINK', 'Origin', 'Mainland China', 'Product name', 'SC/APC male to LC/APC female SM9/125 hybrid adapter', 'Product type', 'PC/UPC/APC', 'Operating wavelength', '1200nm~1600nm', 'Sleeve material', 'ceramic + metal', 'Operating temperature', '-40°c+95°c', 'Interchangeability', '≤0.2dB', 'Loss rate', '≤0.2dB', 'Plug and unplug times', '>1000', 'Storage temperature', '-55°c+85°c']",https://www.aliexpress.us/item/3256808377361878.html?algo_pvid=17635abc-88e3-4643-9e84-98a19ca72fd1&algo_exp_id=17635abc-88e3-4643-9e84-98a19ca72fd1-25&pdp_ext_f=%7B%22order%22%3A%22139%22%2C%22eval%22%3A%221%22%2C%22fromPage%22%3A%22search%22%7D&pdp_npi=6%40dis%21USD%212.84%210.99%21%21%212.84%210.99%21%40212e509017773993716643413e6adf%2112000045734844011%21sea%21US%210%21ABX%211%210%21n_tag%3A-29910%3Bd%3Af5295fa4%3Bm03_new_user%3A-29895%3BpisId%3A5000000203537349&curPageLogUid=jsxiHXMVfvsZ&utparam-url=scene%3Asearch%7Cquery_from%3A%7Cx_object_id%3A1005008563676630%7C_p_origin_prod%3A
Call Blocker for Landline Phones Telephone 2000 Caller ID Box Blocking One Touch Number Block Unwanted Robocalls Nuisance Calls,$18.44,"https://ae-pic-a1.aliexpress-media.com/kf/S86ecab622493473882593990c289ec974.jpg?has_lang=1&ver=2_220x220q75.jpg_.avif,https://ae-pic-a1.aliexpress-media.com/kf/S1a0cfbed984a49e6b514cb946a6dd86aL.jpg?has_lang=1&ver=2_220x220q75.jpg_.avif,https://ae-pic-a1.aliexpress-media.com/kf/S58219a71ba49411cba021f54401f45f6L.jpg?has_lang=1&ver=2_220x220q75.jpg_.avif,https://ae-pic-a1.aliexpress-media.com/kf/Sc50bd07adea64093b23c6526a4d8c99aU.jpg?has_lang=1&ver=2_220x220q75.jpg_.avif,https://ae-pic-a1.aliexpress-media.com/kf/Sc66dcad9bb0f49faadff5e584b7567bek.jpg?has_lang=1&ver=2_220x220q75.jpg_.avif","['Model Number', 'Call Blocker', 'Brand Name', 'Arealer', 'Origin', 'Mainland China', 'Certification', 'NONE']",https://www.aliexpress.us/item/3256805711130520.html?algo_pvid=17635abc-88e3-4643-9e84-98a19ca72fd1&algo_exp_id=17635abc-88e3-4643-9e84-98a19ca72fd1-27&pdp_ext_f=%7B%22order%22%3A%22137%22%2C%22eval%22%3A%221%22%2C%22fromPage%22%3A%22search%22%7D&pdp_npi=6%40dis%21USD%2166.50%2118.44%21%21%21451.78%21125.28%21%40212e509017773993716643413e6adf%2112000034757632898%21sea%21US%210%21ABX%211%210%21n_tag%3A-29910%3Bd%3Af5295fa4%3Bm03_new_user%3A-29895%3BpisId%3A5000000203537339&curPageLogUid=PPcPqbBtOP6Y&utparam-url=scene%3Asearch%7Cquery_from%3A%7Cx_object_id%3A1005005897445272%7C_p_origin_prod%3A
"Multi Functional Telephone Line Tester Phone for Incoming Call Display, Line Testing, and Conversation Monitoring",$0.99,"https://ae-pic-a1.aliexpress-media.com/kf/Sf485d7ef72ca4b649452615a55a362fct.jpg_220x220q75.jpg_.avif,https://ae-pic-a1.aliexpress-media.com/kf/S5dec64b2a93e47e08df89b0285b741f0y.jpg_220x220q75.jpg_.avif,https://ae-pic-a1.aliexpress-media.com/kf/S7b8b82784240475db21a66464600a7c9X.jpg_220x220q75.jpg_.avif,https://ae-pic-a1.aliexpress-media.com/kf/Sc49c2799662e4c9599486ad83b341e477.jpg_220x220q75.jpg_.avif,https://ae-pic-a1.aliexpress-media.com/kf/Sf7930d7595d14695b7d53ae2ec7b2a60K.jpg_220x220q75.jpg_.avif","['High-concerned chemical', 'None', 'Type', 'Parts', 'Wire Type', 'Corded', 'Voice Mail', 'No', 'Model Number', 'S9 telephone with caller ID and phone number inquiry', 'Origin', 'Mainland China', 'Certification', 'NONE', 'Material', 'Plastic']",https://www.aliexpress.us/item/3256807106363084.html?algo_pvid=17635abc-88e3-4643-9e84-98a19ca72fd1&algo_exp_id=17635abc-88e3-4643-9e84-98a19ca72fd1-28&pdp_ext_f=%7B%22order%22%3A%22136%22%2C%22eval%22%3A%221%22%2C%22fromPage%22%3A%22search%22%7D&pdp_npi=6%40dis%21USD%217.75%210.99%21%21%2152.63%216.71%21%40212e509017773993716643413e6adf%2112000040090670240%21sea%21US%210%21ABX%211%210%21n_tag%3A-29910%3Bd%3Af5295fa4%3Bm03_new_user%3A-29895%3BpisId%3A5000000203537387&curPageLogUid=Nka4DsRnsNkv&utparam-url=scene%3Asearch%7Cquery_from%3A%7Cx_object_id%3A1005007292677836%7C_p_origin_prod%3A
"FULAIKATE 6.1"" 6.7"" 7.2"" First Layer Cowhide Phone Pouch for iPhone 13 Pro Max Samsung Z Fold3 Waist Bag Men's Portable Holster",$6.17,"https://ae-pic-a1.aliexpress-media.com/kf/S80977eb7798b4ce69ce336020898468d0.jpg_220x220q75.jpg_.avif,https://ae-pic-a1.aliexpress-media.com/kf/S80977eb7798b4ce69ce336020898468d0.jpg_220x220q75.jpg_.avif,https://ae-pic-a1.aliexpress-media.com/kf/S176224cd1b5a4952ab1c26c393402e24V.jpg_220x220q75.jpg_.avif,https://ae-pic-a1.aliexpress-media.com/kf/S055c8c8438b0472db867fa91eb1916e6T.jpg_220x220q75.jpg_.avif,https://ae-pic-a1.aliexpress-media.com/kf/S8bfa64f66de34fdd98bdb2afef18a797q.jpg_220x220q75.jpg_.avif","['High-concerned chemical', 'None', 'Features', 'With Belt Loop', 'Main Material', 'Genuine Leather', 'Design', 'Plain', 'Type', 'Phone Bag', 'Brand Name', 'FULAIKATE', 'Origin', 'Mainland China', 'Waist Bag', 'LS Universal Bag for iPhone 13 Pro Max', 'Genuine Cell Phone Pouch', 'for Samsung Galaxy S30 Plus', 'Portable Universal Bag', 'for Huawei Mate20X', 'First layer cowhide holster', 'For Samsung Z Fold3 5G']",https://www.aliexpress.us/item/3256803736341618.html?algo_pvid=17635abc-88e3-4643-9e84-98a19ca72fd1&algo_exp_id=17635abc-88e3-4643-9e84-98a19ca72fd1-31&pdp_ext_f=%7B%22order%22%3A%22135%22%2C%22eval%22%3A%221%22%2C%22fromPage%22%3A%22search%22%7D&pdp_npi=6%40dis%21USD%2111.97%216.17%21%21%2111.97%216.17%21%40212e509017773993716643413e6adf%2112000027474281398%21sea%21US%210%21ABX%211%210%21n_tag%3A-29910%3Bd%3Af5295fa4%3Bm03_new_user%3A-29895%3BpisId%3A5000000203537339&curPageLogUid=rH7AA9FzwHtW&utparam-url=scene%3Asearch%7Cquery_from%3A%7Cx_object_id%3A1005003922656370%7C_p_origin_prod%3A
Leather Belt Clip Waist Bag Mobile Phone Holder Case For Samsung S24 S23 S22 iPhone 15 14 13 Pro Max Xiaomi Huawei Holster Cover,$1.22,"https://ae-pic-a1.aliexpress-media.com/kf/Se9d260fc9b7e4b9a98f7e281783a05e7N.jpg_220x220q75.jpg_.avif,https://ae-pic-a1.aliexpress-media.com/kf/S252e0511787f4d158181a1e50f704355q.jpg_220x220q75.jpg_.avif,https://ae-pic-a1.aliexpress-media.com/kf/S0808d46088484a3b8057c5e3c54ea0d9G.jpg_220x220q75.jpg_.avif,https://ae-pic-a1.aliexpress-media.com/kf/Sde6ca388094944a594dabbb75c82e6a6c.jpg_220x220q75.jpg_.avif,https://ae-pic-a1.aliexpress-media.com/kf/S8f0ab0d73abe4367a2d832e00d39de3eW.jpg_220x220q75.jpg_.avif","['High-concerned chemical', 'None', 'Features', 'Magnetic,Anti-Scratch,Non-Slip', 'Main Material', 'Artificial leather', 'Design', 'Plain', 'Type', 'Phone Bag', 'Brand Name', 'XhaoR', 'Origin', 'Mainland China', 'Color', 'Black', 'Material', 'Litchi patterned artificial leather fabric', 'Features 1', 'The cover conceals a super strong magnetic plate that tightly attracts.', 'Features 2', 'The back clip buckle can be worn and clipped.', 'Features 3', 'Slightly waterproof']",https://www.aliexpress.us/item/3256806434995354.html?algo_pvid=17635abc-88e3-4643-9e84-98a19ca72fd1&algo_exp_id=17635abc-88e3-4643-9e84-98a19ca72fd1-32&pdp_ext_f=%7B%22order%22%3A%22135%22%2C%22eval%22%3A%221%22%2C%22fromPage%22%3A%22search%22%7D&pdp_npi=6%40dis%21USD%2118.66%211.22%21%21%21126.77%218.28%21%40212e509017773993716643413e6adf%2112000037845609939%21sea%21US%210%21ABX%211%210%21n_tag%3A-29910%3Bd%3Af5295fa4%3Bm03_new_user%3A-29895%3BpisId%3A5000000203537339&curPageLogUid=BJhmNp68k8p7&utparam-url=scene%3Asearch%7Cquery_from%3A%7Cx_object_id%3A1005006621310106%7C_p_origin_prod%3A
"Phone Nylon Pouch Cell Phone Belt Clip Carrying Holster Case Waist Bag For 4.7-6.8inch iPhone,Samsung Galaxy S23 Ultra 5G",$0.99,"https://ae-pic-a1.aliexpress-media.com/kf/Sc3a63d5883004294ae3b8c7ff537af68L.jpg_220x220q75.jpg_.avif,https://ae-pic-a1.aliexpress-media.com/kf/Sc3a63d5883004294ae3b8c7ff537af68L.jpg_220x220q75.jpg_.avif,https://ae-pic-a1.aliexpress-media.com/kf/S95d7451b9edb46bea36a5e1ea86c527cU.jpg_220x220q75.jpg_.avif,https://ae-pic-a1.aliexpress-media.com/kf/Sa83261f373fa4fd4966ca951aaa93125n.jpg_220x220q75.jpg_.avif,https://ae-pic-a1.aliexpress-media.com/kf/S3862c39af5d042b5961da111534af6efy.jpg_220x220q75.jpg_.avif","['High-concerned chemical', 'None', 'Features', 'Dual Layer,Storage Compartment,With Belt Loop', 'Main Material', 'Nylon', 'Design', 'Plain', 'Type', 'Pouch', 'Brand Name', 'PULUZ', 'Origin', 'Mainland China', 'Model', 'HWL2174B HWL2175B HWL2176B']",https://www.aliexpress.us/item/3256806025195828.html?algo_pvid=17635abc-88e3-4643-9e84-98a19ca72fd1&algo_exp_id=17635abc-88e3-4643-9e84-98a19ca72fd1-33&pdp_ext_f=%7B%22order%22%3A%22135%22%2C%22eval%22%3A%221%22%2C%22fromPage%22%3A%22search%22%7D&pdp_npi=6%40dis%21USD%216.32%210.99%21%21%216.32%210.99%21%40212e509017773993716643413e6adf%2112000036298764983%21sea%21US%210%21ABX%211%210%21n_tag%3A-29910%3Bd%3Af5295fa4%3Bm03_new_user%3A-29895%3BpisId%3A5000000203537349&curPageLogUid=OB87arAAneUw&utparam-url=scene%3Asearch%7Cquery_from%3A%7Cx_object_id%3A1005006211510580%7C_p_origin_prod%3A
Universal Genuine Leather Belt Holster Case For iphone Samsung Galaxy S25edge S25Ultra S24FE A56 A36 A26 iphone Xiaomi Waist Bag,$7.09,"https://ae-pic-a1.aliexpress-media.com/kf/S09e3cf3198dd465e89aad6cd26e54d719.jpg_220x220q75.jpg_.avif,https://ae-pic-a1.aliexpress-media.com/kf/S8fe01f23eb314c76b537b74243e29a34K.jpg_220x220q75.jpg_.avif,https://ae-pic-a1.aliexpress-media.com/kf/S2820ba0013714c2a960bae1d232329bdi.jpg_220x220q75.jpg_.avif,https://ae-pic-a1.aliexpress-media.com/kf/S766f2492f74a455c8cc9757c3602505bA.jpg_220x220q75.jpg_.avif,https://ae-pic-a1.aliexpress-media.com/kf/Saaf5c84712f44bcd9fdde564f5a23be2x.jpg?has_lang=1&ver=1_220x220q75.jpg_.avif","['High-concerned chemical', 'None', 'Features', 'Anti-Fingerprint,Anti-Scratch,Non-Slip', 'Main Material', 'Leather', 'Design', 'Plain', 'Type', 'Pouch', 'Brand Name', 'FaLi Qisubao', 'Origin', 'Mainland China']",https://www.aliexpress.us/item/3256808653574245.html?algo_pvid=17635abc-88e3-4643-9e84-98a19ca72fd1&algo_exp_id=17635abc-88e3-4643-9e84-98a19ca72fd1-34&pdp_ext_f=%7B%22order%22%3A%22134%22%2C%22eval%22%3A%221%22%2C%22fromPage%22%3A%22search%22%7D&pdp_npi=6%40dis%21USD%2127.37%217.09%21%21%21185.94%2148.17%21%40212e509017773993716643413e6adf%2112000046902418493%21sea%21US%210%21ABX%211%210%21n_tag%3A-29910%3Bd%3Af5295fa4%3Bm03_new_user%3A-29895%3BpisId%3A5000000203537339&curPageLogUid=HUv4Dg75fmGo&utparam-url=scene%3Asearch%7Cquery_from%3A%7Cx_object_id%3A1005008839888997%7C_p_origin_prod%3A
LD‑858HF Big Button Telephone Amplified Photo Memory Corded Landline for Seniors Elderly,$22.52,"https://ae-pic-a1.aliexpress-media.com/kf/S805380dff2db447382f4cf023d258e48O.jpg_220x220q75.jpg_.avif,https://ae-pic-a1.aliexpress-media.com/kf/Sab2c44ba3f58472286f035388fbe445ap.jpg_220x220q75.jpg_.avif,https://ae-pic-a1.aliexpress-media.com/kf/S2f2a5c9d560a41f5b66f6e236d66aa53d.jpg_220x220q75.jpg_.avif,https://ae-pic-a1.aliexpress-media.com/kf/Sd93e9af2da3c478096f1a54f0d7f5cb33.jpg_220x220q75.jpg_.avif,https://ae-pic-a1.aliexpress-media.com/kf/S4e64db24a71e46628eb191d412d906575.jpg_220x220q75.jpg_.avif","['Brand Name', 'YOUTHINK', 'Origin', 'Mainland China']",https://www.aliexpress.us/item/3256806769790787.html?algo_pvid=17635abc-88e3-4643-9e84-98a19ca72fd1&algo_exp_id=17635abc-88e3-4643-9e84-98a19ca72fd1-41&pdp_ext_f=%7B%22order%22%3A%22131%22%2C%22eval%22%3A%221%22%2C%22fromPage%22%3A%22search%22%7D&pdp_npi=6%40dis%21USD%2177.85%2122.52%21%21%21528.89%21153.04%21%40212e509017773993716643413e6adf%2112000038849324933%21sea%21US%210%21ABX%211%210%21n_tag%3A-29910%3Bd%3Af5295fa4%3Bm03_new_user%3A-29895%3BpisId%3A5000000203537339&curPageLogUid=grrzShq0oCmp&utparam-url=scene%3Asearch%7Cquery_from%3A%7Cx_object_id%3A1005006956105539%7C_p_origin_prod%3A
Ultra Thin Case for iPhone X XS XR XS MAX 11 12 13 14 Pro Max Case For iphone 6 6s 7 8 Plus Slim Matte Transparent Cover Case,$1.34,"https://ae-pic-a1.aliexpress-media.com/kf/Sa26c524967254f7a91de5dd01b06e8deu.jpg_220x220q75.jpg_.avif,https://ae-pic-a1.aliexpress-media.com/kf/S1b699f8bdcf142f38aa9141c10ec034cR.jpg_220x220q75.jpg_.avif,https://ae-pic-a1.aliexpress-media.com/kf/Safc0cedc89f448719cd348e0305e5c32i.jpg_220x220q75.jpg_.avif,https://ae-pic-a1.aliexpress-media.com/kf/S5c71fe3ef7cd4ab6a16b44a115ae9b43z.jpg_220x220q75.jpg_.avif,https://ae-pic-a1.aliexpress-media.com/kf/Seb2868527783489283435a8ed420ba19L.jpg_220x220q75.jpg_.avif","['High-concerned chemical', 'None', 'Features', 'Shock Proof,Anti-Scratch,Soft Case', 'Main Material', 'Plastic,Silicone', 'Design', 'Plain,Transparent', 'Type', 'FULL COVERAGE', 'Brand Name', 'Ricestate', 'Origin', 'Mainland China', 'Model', 'For iphone series', 'Color', 'Black White', 'case', 'Mobile phone For iphone 6 6s 7 plus 8 Case', 'Silicon case', 'For Ultra thin Mobile Phone Accessories', 'Mobile Phone Bags', 'Mobile Phone cases', 'Underwater back cover Case', 'GuangDong,DongGuan', 'Model Number', 'Mobile Phone Accessories']",https://www.aliexpress.us/item/2255800284557879.html?algo_pvid=17635abc-88e3-4643-9e84-98a19ca72fd1&algo_exp_id=17635abc-88e3-4643-9e84-98a19ca72fd1-42&pdp_ext_f=%7B%22order%22%3A%22131%22%2C%22eval%22%3A%221%22%2C%22fromPage%22%3A%22search%22%7D&pdp_npi=6%40dis%21USD%211.89%211.34%21%21%211.89%211.34%21%40212e509017773993716643413e6adf%2110000001892907173%21sea%21US%210%21ABX%211%210%21n_tag%3A-29910%3Bd%3Af5295fa4%3Bm03_new_user%3A-29895%3BpisId%3A5000000204886261&curPageLogUid=d9dJ7pLJY0uQ&utparam-url=scene%3Asearch%7Cquery_from%3A%7Cx_object_id%3A4000470872631%7C_p_origin_prod%3A
Hello Kitty Rhinestone Bling Crystal Phone Case Chain For iPhone17 16 15 14 13 12 11Pro Max X Xs XR 7 8 Plus Transparent Bumper,$20.47,"https://ae-pic-a1.aliexpress-media.com/kf/S028e8b070db040199f060534c209b93b3.jpg_220x220q75.jpg_.avif,https://ae-pic-a1.aliexpress-media.com/kf/S028e8b070db040199f060534c209b93b3.jpg_220x220q75.jpg_.avif,https://ae-pic-a1.aliexpress-media.com/kf/S30e7b7907d3b4d5fb3ff407b8bce259dU.jpg_220x220q75.jpg_.avif,https://ae-pic-a1.aliexpress-media.com/kf/S1d750701f8754036af3b99f97afb43c2P.jpg_220x220q75.jpg_.avif,https://ae-pic-a1.aliexpress-media.com/kf/S2431446c66554698b4a742d82c12de39q.jpg_220x220q75.jpg_.avif","['High-concerned chemical', 'None', 'Features', 'No Features', 'Main Material', 'Plastic', 'Design', 'Glitter', 'Type', 'Half-Wrapped Case', 'Brand Name', 'Sanrio', 'Origin', 'Mainland China', 'Hign-concerned Chemical', 'None', 'Origin', 'Mainland China', 'Features', 'No Features', 'Main materials', 'Plastic', 'Type', 'Half-Wrapped Case', 'Design', 'Glitter']",https://www.aliexpress.us/item/3256808762663756.html?algo_pvid=17635abc-88e3-4643-9e84-98a19ca72fd1&algo_exp_id=17635abc-88e3-4643-9e84-98a19ca72fd1-43&pdp_ext_f=%7B%22order%22%3A%22130%22%2C%22eval%22%3A%221%22%2C%22fromPage%22%3A%22search%22%7D&pdp_npi=6%40dis%21USD%2145.04%2120.47%21%21%21306.00%21139.12%21%40212e509017773993716643413e6adf%2112000050437703039%21sea%21US%210%21ABX%211%210%21n_tag%3A-29910%3Bd%3Af5295fa4%3Bm03_new_user%3A-29895%3BpisId%3A5000000203712598&curPageLogUid=lT3ibenbeOAk&utparam-url=scene%3Asearch%7Cquery_from%3A%7Cx_object_id%3A1005008948978508%7C_p_origin_prod%3A
Winter Warm Plush Phone Case For iPhone 15 14 XS XR X 13 12 11 Pro Max Cat Furry fluffy Fur Cover For iPhone 6 6S 7 8 Plus Cases,$8.45,"https://ae-pic-a1.aliexpress-media.com/kf/S2aef8298fc8846058e7f3e9a87e91b003.jpg_220x220q75.jpg_.avif,https://ae-pic-a1.aliexpress-media.com/kf/Sb0a5d19fb5334a818390070970ada3480.jpg_220x220q75.jpg_.avif,https://ae-pic-a1.aliexpress-media.com/kf/S4f140c2246134980bcfd5b92abe7846cX.jpg_220x220q75.jpg_.avif,https://ae-pic-a1.aliexpress-media.com/kf/S757297211fa54111a203763f11ee7693s.jpg_220x220q75.jpg_.avif,https://ae-pic-a1.aliexpress-media.com/kf/Sed244024e81a4a0ca47dcbdab7a28915o.jpg_220x220q75.jpg_.avif","['High-concerned chemical', 'None', 'Features', 'Anti-Scratch,Dustproof', 'Design', 'Animal,Fur Case', 'Brand Name', 'Yoshikichi Tsubo', 'Origin', 'Mainland China']",https://www.aliexpress.us/item/3256806548007730.html?algo_pvid=17635abc-88e3-4643-9e84-98a19ca72fd1&algo_exp_id=17635abc-88e3-4643-9e84-98a19ca72fd1-44&pdp_ext_f=%7B%22order%22%3A%22129%22%2C%22eval%22%3A%221%22%2C%22fromPage%22%3A%22search%22%7D&pdp_npi=6%40dis%21USD%2125.58%218.45%21%21%21173.79%2157.43%21%40212e509017773993716643413e6adf%2112000038125415367%21sea%21US%210%21ABX%211%210%21n_tag%3A-29910%3Bd%3Af5295fa4%3Bm03_new_user%3A-29895%3BpisId%3A5000000204886261&curPageLogUid=RONIrQ2861HV&utparam-url=scene%3Asearch%7Cquery_from%3A%7Cx_object_id%3A1005006734322482%7C_p_origin_prod%3A
SC APC Fiber Optic Fast Connectors Single Mode SC UPC Fiber Optic Quick Connectors Mechanical Adapter for FTTH CATV Network,$30.31,"https://ae-pic-a1.aliexpress-media.com/kf/H4f6f02e13808495e9f0898fe14d90fb53.jpg_220x220q75.jpg_.avif,https://ae-pic-a1.aliexpress-media.com/kf/H4f6f02e13808495e9f0898fe14d90fb53.jpg_220x220q75.jpg_.avif,https://ae-pic-a1.aliexpress-media.com/kf/H65ed2d04835c4a69a81272c7f24c1ec8w.jpg_220x220q75.jpg_.avif,https://ae-pic-a1.aliexpress-media.com/kf/Hd8c556b1db3c4e0db574bc528b6afb79A.jpg_220x220q75.jpg_.avif,https://ae-pic-a1.aliexpress-media.com/kf/H72c0355a01e54417bf1722f860a915314.png_220x220.png_.avif","['High-concerned chemical', 'None', 'Model Number', 'SC', 'Brand Name', 'RETT FQC', 'Origin', 'Mainland China']",https://www.aliexpress.us/item/3256802373383698.html?algo_pvid=17635abc-88e3-4643-9e84-98a19ca72fd1&algo_exp_id=17635abc-88e3-4643-9e84-98a19ca72fd1-45&pdp_ext_f=%7B%22order%22%3A%22129%22%2C%22eval%22%3A%221%22%2C%22fromPage%22%3A%22search%22%7D&pdp_npi=6%40dis%21USD%2130.81%2130.31%21%21%21209.34%21205.94%21%40212e509017773993716643413e6adf%2112000046881513385%21sea%21US%210%21ABX%211%210%21n_tag%3A-29910%3Bd%3Af5295fa4%3Bm03_new_user%3A-29895%3BpisId%3A5000000204886261&curPageLogUid=e8t5wPY0RKV2&utparam-url=scene%3Asearch%7Cquery_from%3A%7Cx_object_id%3A1005002559698450%7C_p_origin_prod%3A
"20pcs Diamond Lapping Film Knife Sharpening with self-adhesive backing, 22x150mm, #180 to #15000 Grite Size for Metal, Fiber",$27.05,https://ae-pic-a1.aliexpress-media.com/kf/Sc5b27d65ef2a47c2ba246d732fa4f25e7.jpg_220x220q75.jpg_.avif,"['High-concerned chemical', 'None', 'Model Number', 'Polishing', 'Brand Name', 'CICVCHC', 'Origin', 'Mainland China', 'Certification', 'NONE']",https://www.aliexpress.us/item/3256807988562821.html?algo_pvid=17635abc-88e3-4643-9e84-98a19ca72fd1&algo_exp_id=17635abc-88e3-4643-9e84-98a19ca72fd1-49&pdp_ext_f=%7B%22order%22%3A%22126%22%2C%22eval%22%3A%221%22%2C%22fromPage%22%3A%22search%22%7D&pdp_npi=6%40dis%21USD%2129.00%2127.05%21%21%2129.00%2127.05%21%40212e509017773993716643413e6adf%2112000046496424835%21sea%21US%210%21ABX%211%210%21n_tag%3A-29910%3Bd%3Af5295fa4%3Bm03_new_user%3A-29895%3BpisId%3A5000000204886261&curPageLogUid=LyizRzgaLc1F&utparam-url=scene%3Asearch%7Cquery_from%3A%7Cx_object_id%3A1005008174877573%7C_p_origin_prod%3A
Retro Phone Receiver Cell Phone Handset USB C Radiation Proof Vintage Phone Handset with 3.5 Mm Socket for Smartphone,$4.95,"https://ae-pic-a1.aliexpress-media.com/kf/S0e348405aa8444aa875be0d530e8e33dv.jpg_220x220q75.jpg_.avif,https://ae-pic-a1.aliexpress-media.com/kf/S81234c6be54349329ac6b20495216576L.jpg_220x220q75.jpg_.avif,https://ae-pic-a1.aliexpress-media.com/kf/S39d4d4a0ce8e4ab49d0e2b11ac97f767P.jpg_220x220q75.jpg_.avif,https://ae-pic-a1.aliexpress-media.com/kf/Sf4d587db30b444698290f4fa75af095aN.jpg_220x220q75.jpg_.avif,https://ae-pic-a1.aliexpress-media.com/kf/S70b484a8401f4bd4b49dcad43e6b4c50Q.jpg_220x220q75.jpg_.avif","['High-concerned chemical', 'None', 'Type', 'Parts', 'Brand Name', 'Qiilu', 'Origin', 'Mainland China']",https://www.aliexpress.us/item/3256809736352350.html?algo_pvid=17635abc-88e3-4643-9e84-98a19ca72fd1&algo_exp_id=17635abc-88e3-4643-9e84-98a19ca72fd1-51&pdp_ext_f=%7B%22order%22%3A%22125%22%2C%22eval%22%3A%221%22%2C%22fromPage%22%3A%22search%22%7D&pdp_npi=6%40dis%21USD%2110.45%214.95%21%21%2170.97%2133.61%21%40212e509017773993716643413e6adf%2112000050584514287%21sea%21US%210%21ABX%211%210%21n_tag%3A-29910%3Bd%3Af5295fa4%3Bm03_new_user%3A-29895%3BpisId%3A5000000203537339&curPageLogUid=j9qxIYPGPdKZ&utparam-url=scene%3Asearch%7Cquery_from%3A%7Cx_object_id%3A1005009922667102%7C_p_origin_prod%3A
Luxury Rhinestone Bow Glitter Glossy Phone Case For iPhone 17 16 15 14 13 Pro Max Plus Lens Camera Protection Plating Back Cover,$0.99,"https://ae-pic-a1.aliexpress-media.com/kf/Sd1913b3c23d44520be9a3ba7c953f521d.jpg?has_lang=1&ver=1_220x220q75.jpg_.avif,https://ae-pic-a1.aliexpress-media.com/kf/Sd1913b3c23d44520be9a3ba7c953f521d.jpg?has_lang=1&ver=1_220x220q75.jpg_.avif,https://ae-pic-a1.aliexpress-media.com/kf/Saa4122998a014566bd976d609a2e3af7Z.jpg?has_lang=1&ver=1_220x220q75.jpg_.avif,https://ae-pic-a1.aliexpress-media.com/kf/S6d89fe92664d4bc09b3033c878ddfe7em.jpg_220x220q75.jpg_.avif,https://ae-pic-a1.aliexpress-media.com/kf/S798b33662e7d4c59922c96e6ecc26dd9E.jpg_220x220q75.jpg_.avif","['High-concerned chemical', 'None', 'Features', 'Shock Proof,Washable,Anti-Fingerprint,Anti-Scratch,Dustproof,Glitter,lightweight,Non-Slip', 'Main Material', 'Pc + tpu', 'Design', 'Jewelled,Starry sky,Glitter', 'Type', 'BUMPER', 'Brand Name', 'lolozzx', 'Origin', 'Mainland China', 'Compatible Brand', 'APPLE', 'Design', 'Luxury Plating 3D Bow Glitter Glossy Phone Case', 'Feature 1', 'Shockproof+Anti-knock+Dirt-resistant', 'Feature 2', 'Camera Protection+High-out Screen Protection+Button Protection', 'Feature 3', 'Four-corner Drop-proof Design Case', 'Feature 4', 'All-inclusive Anti-fall Phone Case', 'Feature 5', 'Luxury Glitter Rhinestone Bumper Armor Phone Cover', 'Feature 6', 'Bling Lens Camera Protection Phone Shell', 'Color', 'As shown in the picture', 'Suitable', 'For Woman,Men,children,girls,boys,ladies', 'Service', 'Free Shipping,Drop Shipping,Wholesale,Retail', 'Item Number', '6-28']",https://www.aliexpress.us/item/3256809241632416.html?algo_pvid=17635abc-88e3-4643-9e84-98a19ca72fd1&algo_exp_id=17635abc-88e3-4643-9e84-98a19ca72fd1-52&pdp_ext_f=%7B%22order%22%3A%22125%22%2C%22eval%22%3A%221%22%2C%22fromPage%22%3A%22search%22%7D&pdp_npi=6%40dis%21USD%212.40%210.99%21%21%2116.30%216.73%21%40212e509017773993716643413e6adf%2112000049064520320%21sea%21US%210%21ABX%211%210%21n_tag%3A-29910%3Bd%3Af5295fa4%3Bm03_new_user%3A-29895%3BpisId%3A5000000203537387&curPageLogUid=XNt5DlTqcH5K&utparam-url=scene%3Asearch%7Cquery_from%3A%7Cx_object_id%3A1005009427947168%7C_p_origin_prod%3A
Plating Glitter Rhinestone Magnetic Mirror For Magsafe Case Samsung S25 S24 S23 S26 Ultra S25 Plus Diamond Wireless Charge Cover,$0.99,"https://ae-pic-a1.aliexpress-media.com/kf/S5b5e7b7c61da412bbd981413497c3b43z.jpg?has_lang=1&ver=1_220x220q75.jpg_.avif,https://ae-pic-a1.aliexpress-media.com/kf/S5b5e7b7c61da412bbd981413497c3b43z.jpg?has_lang=1&ver=1_220x220q75.jpg_.avif,https://ae-pic-a1.aliexpress-media.com/kf/S6d3a98d7b3054122a8b28a63bf29e51ay.jpg?has_lang=1&ver=1_220x220q75.jpg_.avif,https://ae-pic-a1.aliexpress-media.com/kf/S289a3d94853c4ad287983f3b290391c7p.jpg_220x220q75.jpg_.avif,https://ae-pic-a1.aliexpress-media.com/kf/S7e2457194e8d419e9969d6f857e8d98aO.jpg_220x220q75.jpg_.avif","['High-concerned chemical', 'None', 'Features', 'Magnetic,Shock Proof,Washable,Anti-Fingerprint,Anti-Scratch,Dustproof,Glitter,Non-Slip', 'Main Material', 'Plastic', 'Design', 'Line,Jewelled,Plain,Geometric,Glitter', 'Type', 'Half-Wrapped Case', 'Brand Name', 'SAMSUNG', 'Origin', 'Mainland China', 'Function1', 'Screen Protector+Camera Protection+Anti-Fingerprint', 'Function2', 'Shockproof+Explosion-proof+Anti-lost+Anti-Scratch', 'Features1', 'Plating Glitter Rhinestone Magnetic Mirror Case For Samsung S25 Ultra', 'Features2', 'Luxury Magnetic Wireless Charging Case For Samsung S24 Plus', 'Features3', 'Fashion Solid Color With Make-up Mirror Phone Case For Samsung S23 Ultra', 'Features4', 'Camera Protection Shockproof Bumper Case For Samsung S23', 'Features5', 'Effectively Protects Your Mobile Phone From Accidental Drops And Bumps', 'Features6', 'Fashionable And Trendy Pattern To Show Your Unique Personality', 'ID', 'XZ001941', 'Quality', 'Top Level', 'Color', '8 Colors', 'Material', 'High Quality A+++++', 'Style', 'Colorful & Luxury & Fashion & Vintage', 'Time on Market', 'Brand New on Market & Hot Selling', 'Suitable Crowd', 'Women,Men,Girl ,Students,Boys,Friends', 'Service', 'Drop Shipping,Wholesale,Retail', 'Suitable For', 'Christmas gifts For Woman ,men,children,girls,boys,ladies']",https://www.aliexpress.us/item/3256808563900079.html?algo_pvid=17635abc-88e3-4643-9e84-98a19ca72fd1&algo_exp_id=17635abc-88e3-4643-9e84-98a19ca72fd1-56&pdp_ext_f=%7B%22order%22%3A%22124%22%2C%22eval%22%3A%221%22%2C%22fromPage%22%3A%22search%22%7D&pdp_npi=6%40dis%21USD%215.90%210.99%21%21%2140.11%216.78%21%40212e509017773993716643413e6adf%2112000046513159956%21sea%21US%210%21ABX%211%210%21n_tag%3A-29910%3Bd%3Af5295fa4%3Bm03_new_user%3A-29895%3BpisId%3A5000000203537339&curPageLogUid=VSrVEUmNXzig&utparam-url=scene%3Asearch%7Cquery_from%3A%7Cx_object_id%3A1005008750214831%7C_p_origin_prod%3A
Natalink LC/UPC to SC/UPC Hybrid Fibre Simplex Adapter Coupler for Patch Cord Pigtail Optical Power Meter Red Light Pen FTTH,$2.83,"https://ae-pic-a1.aliexpress-media.com/kf/S68b5357994c5430eab0b10cb92b097b8N.jpg_220x220q75.jpg_.avif,https://ae-pic-a1.aliexpress-media.com/kf/Sd5291ec7b6b34544886459e2f25acdb0V.jpg_220x220q75.jpg_.avif,https://ae-pic-a1.aliexpress-media.com/kf/S8e2aab71018b4cd39cc112d0cdd835571.jpg_220x220q75.jpg_.avif,https://ae-pic-a1.aliexpress-media.com/kf/S01ca2de8304e475397c9c22d9d812167D.jpg_220x220q75.jpg_.avif,https://ae-pic-a1.aliexpress-media.com/kf/S5118d6d1b1cb481489058d53e9b00abcu.jpg_220x220q75.jpg_.avif","['High-concerned chemical', 'None', 'Model Number', 'S9-LCG-SCM', 'Brand Name', 'NATALINK', 'Origin', 'Mainland China', 'Product name', 'SC/UPC female to LC/UPC male adapter', 'Product type', 'SC/UPC female to LC/UPC', 'Inter change ability', '≤0.2dB', 'Working wavelength', '1310nm~1550nm', 'Loss rate', '<0.5dB', 'Sleeve material', 'ceramic + metal', 'Working temperature', '-40°c+95°c', 'Plug and unplug times', '>1000', 'Storage temperature', '-55°c+85°c']",https://www.aliexpress.us/item/3256808122578067.html?algo_pvid=17635abc-88e3-4643-9e84-98a19ca72fd1&algo_exp_id=17635abc-88e3-4643-9e84-98a19ca72fd1-57&pdp_ext_f=%7B%22order%22%3A%22123%22%2C%22eval%22%3A%221%22%2C%22fromPage%22%3A%22search%22%7D&pdp_npi=6%40dis%21USD%213.42%212.83%21%21%213.42%212.83%21%40212e509017773993716643413e6adf%2112000044612049899%21sea%21US%210%21ABX%211%210%21n_tag%3A-29910%3Bd%3Af5295fa4%3Bm03_new_user%3A-29895%3BpisId%3A5000000204886261&curPageLogUid=1hnRQ0AI12NG&utparam-url=scene%3Asearch%7Cquery_from%3A%7Cx_object_id%3A1005008308892819%7C_p_origin_prod%3A
Glitter Rhinestone Flowers Transparent Phone Case For iPhone 17 16 15 14 13 12 11 Pro Max Air Plus Plated Armor Frame Back Cover,$0.99,"https://ae-pic-a1.aliexpress-media.com/kf/Se880b79fb13647ab860206e2f44375bd2.jpg_220x220q75.jpg_.avif,https://ae-pic-a1.aliexpress-media.com/kf/Se880b79fb13647ab860206e2f44375bd2.jpg_220x220q75.jpg_.avif,https://ae-pic-a1.aliexpress-media.com/kf/Sf05f9bd266a846589685b7ae360daee8K.jpg_220x220q75.jpg_.avif,https://ae-pic-a1.aliexpress-media.com/kf/S0835c05779f24cdbb704e2d113b6c1e5u.jpg_220x220q75.jpg_.avif,https://ae-pic-a1.aliexpress-media.com/kf/Sd0022d7c772d4ab1a380ce0c8ec91152T.jpg_220x220q75.jpg_.avif","['High-concerned chemical', 'None', 'Features', 'Shock Proof,Washable,Anti-Fingerprint,Anti-Scratch,Dustproof,Glitter,lightweight,Non-Slip', 'Main Material', 'Pc + tpu', 'Design', 'Jewelled,Transparent,Floral,Glitter', 'Type', 'BUMPER', 'Brand Name', 'lolozzx', 'Origin', 'Mainland China', 'Compatible Brand', 'APPLE', 'Design', 'Luxury Glitter Bling Rhinestone Frame Phone Case', 'Feature 1', 'Shockproof+Anti-knock+Dirt-resistant', 'Feature 2', 'Camera Protection+High-out Screen Protection+Button Protection', 'Feature 3', 'Four-corner Drop-proof Design Case', 'Feature 4', 'All-inclusive Anti-fall Phone Case', 'Feature 5', 'Glitter Plating Bumper Armor Phone Cover', 'Feature 6', 'Luxury Rhinestone Flowers Transparent Phone Shell', 'Color', 'As shown in the picture', 'Suitable', 'For Woman,Men,children,girls,boys,ladies', 'Service', 'Free Shipping,Drop Shipping,Wholesale,Retail', 'Item Number', 'XZ007969']",https://www.aliexpress.us/item/3256809820076760.html?algo_pvid=17635abc-88e3-4643-9e84-98a19ca72fd1&algo_exp_id=17635abc-88e3-4643-9e84-98a19ca72fd1-58&pdp_ext_f=%7B%22order%22%3A%22123%22%2C%22eval%22%3A%221%22%2C%22fromPage%22%3A%22search%22%7D&pdp_npi=6%40dis%21USD%213.01%210.99%21%21%2120.42%216.68%21%40212e509017773993716643413e6adf%2112000050821524479%21sea%21US%210%21ABX%211%210%21n_tag%3A-29910%3Bd%3Af5295fa4%3Bm03_new_user%3A-29895%3BpisId%3A5000000203537339&curPageLogUid=e34i1Cv99xIm&utparam-url=scene%3Asearch%7Cquery_from%3A%7Cx_object_id%3A1005010006391512%7C_p_origin_prod%3A
"Leather Belt Clip Case Waist Bag For Samsung Z Flip 7 6 5 4 3 5G,Galaxy Flip7 Flip6 Flip5,Moto Razr 60 50 40 Holster Pouch Cover",$3.98,"https://ae-pic-a1.aliexpress-media.com/kf/Sc6a948e446e24de49e1b58d5ab29907ap.jpg_220x220q75.jpg_.avif,https://ae-pic-a1.aliexpress-media.com/kf/Se5b13b83afef4d0998161f037ecfc577c.jpg_220x220q75.jpg_.avif,https://ae-pic-a1.aliexpress-media.com/kf/S858130278c3946f3a8cae9fa5e455ccdp.jpg_220x220q75.jpg_.avif,https://ae-pic-a1.aliexpress-media.com/kf/Sd0b822cdd7a04c06b33afb440a5c11ceF.jpg_220x220q75.jpg_.avif,https://ae-pic-a1.aliexpress-media.com/kf/Sb7422153d1c043c7b9196d302985f604u.jpg_220x220q75.jpg_.avif","['High-concerned chemical', 'None', 'Features', 'Magnetic,Anti-Fingerprint,Anti-Scratch,Dustproof,Matte / Anti-Glare,Non-Slip,Waterproof/Underwater,With Belt Loop', 'Main Material', 'Artificial leather,Leather', 'Design', 'Plain', 'Type', 'Phone Bag', 'Brand Name', 'HKNR', 'Origin', 'Mainland China']",https://www.aliexpress.us/item/3256807423117550.html?algo_pvid=17635abc-88e3-4643-9e84-98a19ca72fd1&algo_exp_id=17635abc-88e3-4643-9e84-98a19ca72fd1-59&pdp_ext_f=%7B%22order%22%3A%22123%22%2C%22eval%22%3A%221%22%2C%22fromPage%22%3A%22search%22%7D&pdp_npi=6%40dis%21USD%219.73%213.98%21%21%219.73%213.98%21%40212e509017773993716643413e6adf%2112000041494206532%21sea%21US%210%21ABX%211%210%21n_tag%3A-29910%3Bd%3Af5295fa4%3Bm03_new_user%3A-29895%3BpisId%3A5000000203537339&curPageLogUid=mRoSBN1TO9DO&utparam-url=scene%3Asearch%7Cquery_from%3A%7Cx_object_id%3A1005007609432302%7C_p_origin_prod%3A
5.2-7.0 inch Leather Mobile Phone Bag For iPhone/Samsung/Xiaomi/Sony/LG Smartphone Waist Bag Casual Belt Pouch Holster Case,$8.48,"https://ae-pic-a1.aliexpress-media.com/kf/S4c19fa0a4dc546fe997bb5e59ece5515e.jpg_220x220q75.jpg_.avif,https://ae-pic-a1.aliexpress-media.com/kf/S61c5707bd31044748dce10ba25598cf6L.jpg_220x220q75.jpg_.avif,https://ae-pic-a1.aliexpress-media.com/kf/S21a090341f1449f1a9cb93a9ee428a21q.jpg_220x220q75.jpg_.avif,https://ae-pic-a1.aliexpress-media.com/kf/Sd165aa1fa3c34f3da16265bf5d832b59R.jpg_220x220q75.jpg_.avif,https://ae-pic-a1.aliexpress-media.com/kf/Sde64b50de6774113aab85a07e2441646C.jpg_220x220q75.jpg_.avif","['High-concerned chemical', 'None', 'Features', 'Dustproof,Storage Compartment', 'Main Material', 'Pu leather', 'Design', 'Plain', 'Type', 'Phone Bag', 'Brand Name', 'GIFTWIT', 'Origin', 'Mainland China', 'Style', 'Universal Belt clip Holster']",https://www.aliexpress.us/item/3256806893219548.html?algo_pvid=68590020-2b54-412f-bf74-61f4fa930795&algo_exp_id=68590020-2b54-412f-bf74-61f4fa930795-1&pdp_ext_f=%7B%22order%22%3A%22192%22%2C%22eval%22%3A%221%22%2C%22fromPage%22%3A%22search%22%7D&pdp_npi=6%40dis%21USD%218.98%218.48%21%21%218.98%218.48%21%400b1bf20a17774000192098135ea744%2112000039330761794%21sea%21US%210%21ABX%211%210%21n_tag%3A-29910%3Bd%3Af5295fa4%3Bm03_new_user%3A-29895%3BpisId%3A5000000204886261&curPageLogUid=4LvAD1kXp79G&utparam-url=scene%3Asearch%7Cquery_from%3A%7Cx_object_id%3A1005007079534300%7C_p_origin_prod%3A
10/20pcs Lot Quick Field Assembly FTTH Embedded Fiber Optic Fast Connector SC APC SM Fiber Optic SC UPC Cold Connector,$7.07,"https://ae-pic-a1.aliexpress-media.com/kf/Hfe0a3d30f57d4d73a40eb7f618fcfc3ah.jpg_220x220q75.jpg_.avif,https://ae-pic-a1.aliexpress-media.com/kf/H34345aec17454fae85d9cba228be678eE.jpg_220x220q75.jpg_.avif,https://ae-pic-a1.aliexpress-media.com/kf/H7b40bb3fdc844f6ca9fbddbd147dcf4dp.jpg_220x220q75.jpg_.avif,https://ae-pic-a1.aliexpress-media.com/kf/H0fd6800de9e9421c85288c6887dff74fP.jpg_220x220q75.jpg_.avif,https://ae-pic-a1.aliexpress-media.com/kf/Ha59bf840acee443b813b0db3ab4157e6A.jpg_220x220q75.jpg_.avif","['High-concerned chemical', 'None', 'Model Number', 'SC APC', 'Brand Name', 'TYBT', 'Origin', 'Mainland China', 'Certification', 'FCC']",https://www.aliexpress.us/item/3256807930721554.html?algo_pvid=68590020-2b54-412f-bf74-61f4fa930795&algo_exp_id=68590020-2b54-412f-bf74-61f4fa930795-2&pdp_ext_f=%7B%22order%22%3A%22191%22%2C%22eval%22%3A%221%22%2C%22fromPage%22%3A%22search%22%7D&pdp_npi=6%40dis%21USD%2121.63%217.07%21%21%21146.96%2148.04%21%400b1bf20a17774000192098135ea744%2112000043858096216%21sea%21US%210%21ABX%211%210%21n_tag%3A-29910%3Bd%3Af5295fa4%3Bm03_new_user%3A-29895%3BpisId%3A5000000204886261&curPageLogUid=uEfAg0NX9YI9&utparam-url=scene%3Asearch%7Cquery_from%3A%7Cx_object_id%3A1005008117036306%7C_p_origin_prod%3A
Cute Bear Case Soft Silicone Cover With Holder for iPhone 6 6s 7 8 SE X XS XR 11 12 13 Mini 14 15 16 Pro Max,$6.18,"https://ae-pic-a1.aliexpress-media.com/kf/S4d6df870dd554941b313757e40d5f7e65.jpg_220x220q75.jpg_.avif,https://ae-pic-a1.aliexpress-media.com/kf/S4d6df870dd554941b313757e40d5f7e65.jpg_220x220q75.jpg_.avif,https://ae-pic-a1.aliexpress-media.com/kf/S4e34d386be5347ba9fe03b69f104e21cd.jpg_220x220q75.jpg_.avif,https://ae-pic-a1.aliexpress-media.com/kf/Sc2b4f0e0cc74481e8157956894cc3a863.jpg_220x220q75.jpg_.avif,https://ae-pic-a1.aliexpress-media.com/kf/Sf2938f8ea9244c87b06a7e087880c6adP.jpg_220x220q75.jpg_.avif","['High-concerned chemical', 'None', 'Features', 'Anti-Fingerprint,Dustproof,Heavy Duty,Matte / Anti-Glare,Non-Slip', 'Main Material', 'Silicone', 'Design', 'Animal,Cartoon', 'Type', 'Half-Wrapped Case', 'Origin', 'Mainland China', 'Features', 'Cute Bear Case Soft Silicone Cover With Holder', 'Design 1', 'transparent', 'Design 2', 'Cartoon', 'Quality', 'High Quality A+++', 'Drop Shipping', 'Support', 'Material', 'Soft Silicone', 'Style', 'Fashion, Cute, Soft, Comfortable, Bling, Beautiful, 3D, Cartoon, Relieve Stress', 'Keywords 1', 'Phone Case cover bag coque capa fundas shell capas', 'Keywords 2', ""Christmas New Year Thanksgiving Halloween Valentine's Day Gift Present"", 'Feature 1', 'High quality phone case', 'Feature 2', 'Comfortable phone case', 'Feature 3', 'Liquid silicone phone case', 'Feature 4', 'Anti-fall phone case', 'Feature 5', 'Anti-fingerprint phone case', 'Feature 6', 'shockproof case', 'Feature 7', 'Back cover case', 'Feature 8', 'Perfect hole design case', 'Feature 9', 'Multicolor case', 'Feature 10', 'fashion case', 'Feature 11', 'Luxury case', 'Feature 12', '5g case', 'Feature 13', 'phone cases', 'Feature 14', 'for iphone case', 'Feature 15', '1:1 precision hole position', 'Feature 16', '360-degree protective cover']",https://www.aliexpress.us/item/3256807607836470.html?algo_pvid=68590020-2b54-412f-bf74-61f4fa930795&algo_exp_id=68590020-2b54-412f-bf74-61f4fa930795-6&pdp_ext_f=%7B%22order%22%3A%22186%22%2C%22eval%22%3A%221%22%2C%22fromPage%22%3A%22search%22%7D&pdp_npi=6%40dis%21USD%216.68%216.18%21%21%2145.35%2141.95%21%400b1bf20a17774000192098135ea744%2112000042224731222%21sea%21US%210%21ABX%211%210%21n_tag%3A-29910%3Bd%3Af5295fa4%3Bm03_new_user%3A-29895%3BpisId%3A5000000204886261&curPageLogUid=F7nbVG13STEN&utparam-url=scene%3Asearch%7Cquery_from%3A%7Cx_object_id%3A1005007794151222%7C_p_origin_prod%3A
Book Holster For Redmi 15C Phone Case Etui Xiaomi Redmi 15C Cover global Redmi Case 15C 15 c Redmi15C Flip Leather Coque 4G 5G,$2.59,"https://ae-pic-a1.aliexpress-media.com/kf/Sd5f7e0e8b6794a2282ef5ed4c4f0bdd71.jpg?has_lang=1&ver=1_220x220q75.jpg_.avif,https://ae-pic-a1.aliexpress-media.com/kf/Sd5f7e0e8b6794a2282ef5ed4c4f0bdd71.jpg?has_lang=1&ver=1_220x220q75.jpg_.avif,https://ae-pic-a1.aliexpress-media.com/kf/S868c891fd6af41878c48ad19ec914015g.jpg?has_lang=1&ver=1_220x220q75.jpg_.avif,https://ae-pic-a1.aliexpress-media.com/kf/Se324f2a67a544e85bbf375aa04acb6031.jpg_220x220q75.jpg_.avif,https://ae-pic-a1.aliexpress-media.com/kf/Sa4ecfa0285584a599c870ac2a12c10a7e.jpg?has_lang=1&ver=1_220x220q75.jpg_.avif","['High-concerned chemical', 'None', 'Features', 'Magnetic,Anti-Fingerprint,Anti-Scratch,Dual Layer,Dustproof,With Holder,lightweight,Matte / Anti-Glare,Non-Slip,Storage Compartment', 'Main Material', 'Silicone,Pu leather', 'Design', 'Plain,Geometric', 'Type', 'Wallet Case', 'Brand Name', 'LOONBLESS', 'Origin', 'Mainland China', 'Feature 1', 'Folio Design & Stand Function & Magnetic Buckle', 'Feature 2', 'Wallet Bag with Card Holder & Money Slot', 'Feature 3', 'Retro Fashion Colorful Luxury Wallet Phone Cover', 'Suitable People', 'Boy/Men Girl/Women Parents Christmas Holiday Gift', 'Support', 'Wholesale&Drop Shipping', 'Features1', 'Case magnet Shockproof Coque Fundas', 'Features2', 'Case Back Cover Book Skin', 'Features3', 'Case Original Phone Fundas', 'Features4', 'Case cover Premium Case Bumper Wallet Coque Fundas', 'Features5', 'Case Flip Leather Silicone Coque', 'Features6', 'Case Card With holder Phones Covers', 'Features7', 'Case Accessories Housing smartphone Protector', 'Features8', 'Case Premium global version', 'Features9', 'Case official Women girl phone Cases', 'Features10', 'Case Man Boy Premium Coque Phone Leather Fundas', 'Model 1', 'For Redmi 15C 4G 171mm', 'Model 2', 'For Redmi 15C 4G 173mm', 'Model 3', 'For Redmi 15C 5G 171mm', 'Model 4', 'For Redmi 15C 5G 173mm']",https://www.aliexpress.us/item/3256809325644091.html?algo_pvid=68590020-2b54-412f-bf74-61f4fa930795&algo_exp_id=68590020-2b54-412f-bf74-61f4fa930795-8&pdp_ext_f=%7B%22order%22%3A%22183%22%2C%22eval%22%3A%221%22%2C%22fromPage%22%3A%22search%22%7D&pdp_npi=6%40dis%21USD%218.52%212.59%21%21%218.52%212.59%21%400b1bf20a17774000192098135ea744%2112000050582057745%21sea%21US%210%21ABX%211%210%21n_tag%3A-29910%3Bd%3Af5295fa4%3Bm03_new_user%3A-29895%3BpisId%3A5000000205277695&curPageLogUid=Vg1P1jLE5XBu&utparam-url=scene%3Asearch%7Cquery_from%3A%7Cx_object_id%3A1005009511958843%7C_p_origin_prod%3A
KX T3026CID Mode English Telephone Landline Phone For Home Hotel Office ( Telephone Line with Random Color),$10.96,"https://ae-pic-a1.aliexpress-media.com/kf/Sfe98fce83fd04fb2ac3039ecd1651852U.jpg_220x220q75.jpg_.avif,https://ae-pic-a1.aliexpress-media.com/kf/Sc0ff5f309a6d4ce0a1e951483d811f81c.jpg_220x220q75.jpg_.avif,https://ae-pic-a1.aliexpress-media.com/kf/Sf93549e7e3494eae82804d2f2689847cq.jpg_220x220q75.jpg_.avif,https://ae-pic-a1.aliexpress-media.com/kf/Saf395278a3494b948a5b12b070425595o.jpg_220x220q75.jpg_.avif,https://ae-pic-a1.aliexpress-media.com/kf/S1440b5ead564401fb20a5cd0f98d6f43G.jpg_220x220q75.jpg_.avif","['High-concerned chemical', 'None', 'Type', 'Phones', 'Wire Type', 'Corded', 'Voice Mail', 'No', 'Model Number', 'Landline Telephone', 'Brand Name', 'YOSOO', 'Origin', 'Mainland China', 'Certification', 'NONE']",https://www.aliexpress.us/item/3256807492355510.html?algo_pvid=68590020-2b54-412f-bf74-61f4fa930795&algo_exp_id=68590020-2b54-412f-bf74-61f4fa930795-12&pdp_ext_f=%7B%22order%22%3A%22180%22%2C%22eval%22%3A%221%22%2C%22fromPage%22%3A%22search%22%7D&pdp_npi=6%40dis%21USD%2111.24%2111.24%21%21%2176.34%2176.34%21%400b1bf20a17774000192098135ea744%2112000041778824116%21sea%21US%210%21ABX%211%210%21&curPageLogUid=CI1JembldCHs&utparam-url=scene%3Asearch%7Cquery_from%3A%7Cx_object_id%3A1005007678670262%7C_p_origin_prod%3A
Leather Belt Clip Holster Phone Bag Case for iPhone 15 14 13 Pro Max 12 MINI 11 X XS XR 6 6S 7 8 Plus Card Pouch Waist Cover,$6.68,"https://ae-pic-a1.aliexpress-media.com/kf/S59d783b89a6249a38f661659d8a7d050W.jpg_220x220q75.jpg_.avif,https://ae-pic-a1.aliexpress-media.com/kf/S59d783b89a6249a38f661659d8a7d050W.jpg_220x220q75.jpg_.avif,https://ae-pic-a1.aliexpress-media.com/kf/S35088f73bd0044cea8a6d6f8583faa18w.jpg_220x220q75.jpg_.avif,https://ae-pic-a1.aliexpress-media.com/kf/Sb8de047ce85d4cb9961ec337631e05597.jpg_220x220q75.jpg_.avif,https://ae-pic-a1.aliexpress-media.com/kf/S17fd4345768c4a21b5b4b3b47011a7f7B.jpg_220x220q75.jpg_.avif","['High-concerned chemical', 'None', 'Features', 'Anti-Scratch,Dustproof,lightweight,With Belt Loop', 'Main Material', 'Nylon', 'Design', 'Plain', 'Type', 'Pouch', 'Brand Name', 'iwennew', 'Origin', 'Mainland China']",https://www.aliexpress.us/item/3256805480716936.html?algo_pvid=68590020-2b54-412f-bf74-61f4fa930795&algo_exp_id=68590020-2b54-412f-bf74-61f4fa930795-13&pdp_ext_f=%7B%22order%22%3A%22180%22%2C%22eval%22%3A%221%22%2C%22fromPage%22%3A%22search%22%7D&pdp_npi=6%40dis%21USD%217.18%216.68%21%21%217.18%216.68%21%400b1bf20a17774000192098135ea744%2112000033949608521%21sea%21US%210%21ABX%211%210%21n_tag%3A-29910%3Bd%3Af5295fa4%3Bm03_new_user%3A-29895%3BpisId%3A5000000204886261&curPageLogUid=b62gLICScl7R&utparam-url=scene%3Asearch%7Cquery_from%3A%7Cx_object_id%3A1005005667031688%7C_p_origin_prod%3A
Flip Leather Case For iQOO Neo 10 Cover Vivo Case iQOO Neo10 Phone Coque iQOO Neo 10R Case Shell Book Holster Neo10 Pro Plus 5G,$4.88,"https://ae-pic-a1.aliexpress-media.com/kf/S583569981cf94746936b1af2c76db20c8.jpg_220x220q75.jpg_.avif,https://ae-pic-a1.aliexpress-media.com/kf/S583569981cf94746936b1af2c76db20c8.jpg_220x220q75.jpg_.avif,https://ae-pic-a1.aliexpress-media.com/kf/S935ca1336ec44afb8edbc20fe3835cb1A.jpg?has_lang=1&ver=1_220x220q75.jpg_.avif,https://ae-pic-a1.aliexpress-media.com/kf/S41eb30ec2d774a1db7a5c90d57d59626d.jpg?has_lang=1&ver=1_220x220q75.jpg_.avif,https://ae-pic-a1.aliexpress-media.com/kf/Sf52c0f5f5f7b4d4eba42ea1e3d5d52a7d.jpg?has_lang=1&ver=1_220x220q75.jpg_.avif","['High-concerned chemical', 'None', 'Features', 'Magnetic,Anti-Fingerprint,Anti-Scratch,Dual Layer,Dustproof,With Holder,Storage Compartment,Shock Proof,Card Case,Soft Case,WIth Kickstand,Matte / Anti-Glare,Non-Slip', 'Main Material', 'Silicone,Pu leather', 'Design', 'Plain,Geometric', 'Type', 'FULL COVERAGE', 'Brand Name', 'LOONBLESS', 'Origin', 'Mainland China', 'Feature 1', 'Full Body Leather Flip Case Fundas Pouch', 'Feature 2', '1 Card Holders + Wallet', 'Features 3', 'All-round protection', 'Features 4', 'Anti-drop anti-scratch', 'Function', 'Stand function Wallet bag', 'Condition', '100% brand new', 'Sales Way', 'Wholesale and retail', 'Package', 'Opp bag', 'Drop Ship', 'Support', 'Statu', 'In Stock', 'Attribute', 'Luxury Wallet Flip Case Back Cover Book Skin Coque Fundas Original Bumper Leather & Silicone phone Card With holder Accessories Housing Premium global version Phone Model official Women girl Covers Man Boy premium phone Pouch bags Capa', 'Phone Model1', 'For Vivo iQOO Neo 10 Global Version 5G', 'Phone Model2', 'For Vivo iQOO Neo 10R 5G I2221', 'Phone Model3', 'For Vivo iQOO Neo10 China 5G 2425A, V2425A', 'Phone Model4', 'For Vivo iQOO Neo10 Pro China 5G 2426A', 'Phone Model5', 'For Vivo iQOO Neo10 Pro Plus China 5G']",https://www.aliexpress.us/item/3256809090995994.html?algo_pvid=68590020-2b54-412f-bf74-61f4fa930795&algo_exp_id=68590020-2b54-412f-bf74-61f4fa930795-14&pdp_ext_f=%7B%22order%22%3A%22179%22%2C%22eval%22%3A%221%22%2C%22fromPage%22%3A%22search%22%7D&pdp_npi=6%40dis%21USD%219.43%214.88%21%21%219.43%214.88%21%400b1bf20a17774000192098135ea744%2112000048585514573%21sea%21US%210%21ABX%211%210%21n_tag%3A-29910%3Bd%3Af5295fa4%3Bm03_new_user%3A-29895%3BpisId%3A5000000204886261&curPageLogUid=sFfNEwdsCcVj&utparam-url=scene%3Asearch%7Cquery_from%3A%7Cx_object_id%3A1005009277310746%7C_p_origin_prod%3A
Oxford Cloth Leather Phone Pouch for Samsung S25 Ultra Plus S24 FE Belt Clip Holster Waist Bag Cover for Galaxy S 25 S25+ S23,$3.65,"https://ae-pic-a1.aliexpress-media.com/kf/S3ced259b93704183b03d7cae89bedf4aQ.jpg_220x220q75.jpg_.avif,https://ae-pic-a1.aliexpress-media.com/kf/S30aef204a9f448d7bc18adf043fa41f96.jpg_220x220q75.jpg_.avif,https://ae-pic-a1.aliexpress-media.com/kf/Sf834f5ab67e34f2aad8268d91d396469R.jpg_220x220q75.jpg_.avif,https://ae-pic-a1.aliexpress-media.com/kf/S4453bb020e9744a3bf7b069a263a056bm.jpg_220x220q75.jpg_.avif,https://ae-pic-a1.aliexpress-media.com/kf/S699da665fa0848df8e544f3354ca8af4K.jpg_220x220q75.jpg_.avif","['High-concerned chemical', 'None', 'Features', 'Shock Proof,No Features,Anti-Fingerprint,Anti-Scratch', 'Main Material', 'Artificial leather', 'Design', 'Plain', 'Type', 'Pouch', 'Brand Name', 'skiicapa', 'Origin', 'Mainland China', 'Condition', '100% Brand new', 'Style 1', 'Universal Leather Case', 'Material', 'Oxford Cloth Nylon Fabric', 'Color', 'Black', 'Function', 'Protect Your Mobile Phone']",https://www.aliexpress.us/item/3256808307714054.html?algo_pvid=68590020-2b54-412f-bf74-61f4fa930795&algo_exp_id=68590020-2b54-412f-bf74-61f4fa930795-15&pdp_ext_f=%7B%22order%22%3A%22178%22%2C%22eval%22%3A%221%22%2C%22fromPage%22%3A%22search%22%7D&pdp_npi=6%40dis%21USD%214.15%213.65%21%21%214.15%213.65%21%400b1bf20a17774000192098135ea744%2112000045395302501%21sea%21US%210%21ABX%211%210%21n_tag%3A-29910%3Bd%3Af5295fa4%3Bm03_new_user%3A-29895%3BpisId%3A5000000204886261&curPageLogUid=utUWOwrtXePN&utparam-url=scene%3Asearch%7Cquery_from%3A%7Cx_object_id%3A1005008494028806%7C_p_origin_prod%3A
Phone Case For Samsung Galaxy Z Fold7 6 5 4 3 5G Rhinestone Glitter Sequins Trim Soft TPU Frame Shockproof Back Cover,$5.45,"https://ae-pic-a1.aliexpress-media.com/kf/S5faa9149e9bb42a99ffd008def288c1c2.jpg_220x220q75.jpg_.avif,https://ae-pic-a1.aliexpress-media.com/kf/S3213a6b1f9c04689a89766fbf566e8cfS.jpg_220x220q75.jpg_.avif,https://ae-pic-a1.aliexpress-media.com/kf/S02eec87632dd4177806cfe7574dd77a3Y.jpg_220x220q75.jpg_.avif,https://ae-pic-a1.aliexpress-media.com/kf/Sf986e8b86165452b9c8b4bff164c396d5.jpg_220x220q75.jpg_.avif,https://ae-pic-a1.aliexpress-media.com/kf/S37c935cea5e24f75a144470c9a02743f6.jpg_220x220q75.jpg_.avif","['High-concerned chemical', 'None', 'Features', 'Shock Proof,Anti-Fingerprint,Anti-Scratch,Non-Slip', 'Main Material', 'Plastic', 'Design', 'Color collision,Glitter', 'Type', 'Flip Case', 'Brand Name', 'SereneShield', 'Origin', 'Mainland China']",https://www.aliexpress.us/item/3256807520283994.html?algo_pvid=68590020-2b54-412f-bf74-61f4fa930795&algo_exp_id=68590020-2b54-412f-bf74-61f4fa930795-17&pdp_ext_f=%7B%22order%22%3A%22174%22%2C%22eval%22%3A%221%22%2C%22fromPage%22%3A%22search%22%7D&pdp_npi=6%40dis%21USD%215.98%215.45%21%21%2140.61%2136.98%21%400b1bf20a17774000192098135ea744%2112000041925465189%21sea%21US%210%21ABX%211%210%21n_tag%3A-29910%3Bd%3Af5295fa4%3Bm03_new_user%3A-29895%3BpisId%3A5000000204886261&curPageLogUid=YDzRc7tN23At&utparam-url=scene%3Asearch%7Cquery_from%3A%7Cx_object_id%3A1005007706598746%7C_p_origin_prod%3A
Magnetic Car Ring Shockproof Armor Case For iphone 6 6s 7 8 Plus X XR XS Max SE2 SE3 11 12 13 Mini 14 Plus 15 Pro Max Cover,$2.75,"https://ae-pic-a1.aliexpress-media.com/kf/S6eee154213664b309407cfb0e6414bbd9.jpg_220x220q75.jpg_.avif,https://ae-pic-a1.aliexpress-media.com/kf/S967d2fa6c69a43c4afd8d5d476436366P.jpg_220x220q75.jpg_.avif,https://ae-pic-a1.aliexpress-media.com/kf/S28da8267a6a840a5889567a127b6cbe1P.jpg_220x220q75.jpg_.avif,https://ae-pic-a1.aliexpress-media.com/kf/S8e5fe564085d4bb79a7484bf8f571ec56.jpg_220x220q75.jpg_.avif,https://ae-pic-a1.aliexpress-media.com/kf/Sfed29b5c939948299fd0b3d596dff9d4N.jpg_220x220q75.jpg_.avif","['High-concerned chemical', 'None', 'Features', 'Magnetic,With Ring,Anti-Fingerprint,Anti-Scratch,Dual Layer,Dustproof,Heavy Duty,With Holder,WIth Kickstand,Non-Slip', 'Main Material', 'Plastic', 'Design', 'Plain', 'Type', 'FULL COVERAGE', 'Brand Name', 'Peaktop', 'Origin', 'Mainland China', 'Quality', 'High Quality A+++++', 'Style', 'Fashion / New / Luxury', 'Key', 'Mobile Phone Accessories / phone bags', 'Feature 1', '360 ring finger stand holder', 'Feature 2', 'Coque Plastic Durable Cover Rugged Rubber Armor', 'Feature 3', 'Luxury Style shockproof capa para protection']",https://www.aliexpress.us/item/3256807313444213.html?algo_pvid=68590020-2b54-412f-bf74-61f4fa930795&algo_exp_id=68590020-2b54-412f-bf74-61f4fa930795-21&pdp_ext_f=%7B%22order%22%3A%22171%22%2C%22eval%22%3A%221%22%2C%22fromPage%22%3A%22search%22%7D&pdp_npi=6%40dis%21USD%213.25%212.75%21%21%213.25%212.75%21%400b1bf20a17774000192098135ea744%2112000041037369263%21sea%21US%210%21ABX%211%210%21n_tag%3A-29910%3Bd%3Af5295fa4%3Bm03_new_user%3A-29895%3BpisId%3A5000000204886261&curPageLogUid=N2dek5jMh5uj&utparam-url=scene%3Asearch%7Cquery_from%3A%7Cx_object_id%3A1005007499758965%7C_p_origin_prod%3A
SUMMITEK Fiber Optic Looper SC LC/UPC Fiber Optic Loopback Adapter Connectors Fiber Optic Circuit SM/MM High Quality,$2.59,"https://ae-pic-a1.aliexpress-media.com/kf/Sd3485d078f4544e09feb8b414b437bc4W.png_220x220.png_.avif,https://ae-pic-a1.aliexpress-media.com/kf/S94dd3aff5942435ca3d0875f70953160f.png_220x220.png_.avif,https://ae-pic-a1.aliexpress-media.com/kf/S00344b36c6604d7184ab2f94e8450b05D.png_220x220.png_.avif,https://ae-pic-a1.aliexpress-media.com/kf/S1d1f92a0413145798ef689d4a341d7f5h.png_220x220.png_.avif,https://ae-pic-a1.aliexpress-media.com/kf/See6ec7183def42b6aef036ded2ceff33D.png_220x220.png_.avif","['High-concerned chemical', 'None', 'Model Number', 'SM/MM', 'Brand Name', 'summitek', 'Origin', 'Mainland China']",https://www.aliexpress.us/item/3256809315298909.html?algo_pvid=68590020-2b54-412f-bf74-61f4fa930795&algo_exp_id=68590020-2b54-412f-bf74-61f4fa930795-22&pdp_ext_f=%7B%22order%22%3A%22170%22%2C%22eval%22%3A%221%22%2C%22fromPage%22%3A%22search%22%7D&pdp_npi=6%40dis%21USD%213.19%212.59%21%21%2121.65%2117.60%21%400b1bf20a17774000192098135ea744%2112000049296790603%21sea%21US%210%21ABX%211%210%21n_tag%3A-29910%3Bd%3Af5295fa4%3Bm03_new_user%3A-29895%3BpisId%3A5000000204886261&curPageLogUid=auIN90B7oQlw&utparam-url=scene%3Asearch%7Cquery_from%3A%7Cx_object_id%3A1005009501613661%7C_p_origin_prod%3A
Transparent Love Heart 3D Diamond Case For iPhone 17 12 13 14 15 16 Pro Max Sparkling Rhinestone Clear Shockproof Hard PC Cover,$4.20,"https://ae-pic-a1.aliexpress-media.com/kf/S81dbb611d2a8465d97955b571ecdcba9k.jpg_220x220q75.jpg_.avif,https://ae-pic-a1.aliexpress-media.com/kf/S81dbb611d2a8465d97955b571ecdcba9k.jpg_220x220q75.jpg_.avif,https://ae-pic-a1.aliexpress-media.com/kf/S2f0b535b21404c57860663331df8e65dh.jpg_220x220q75.jpg_.avif,https://ae-pic-a1.aliexpress-media.com/kf/S2863780985034ad59b4c9d24536ff024V.jpg_220x220q75.jpg_.avif,https://ae-pic-a1.aliexpress-media.com/kf/S7e71d8e2e8124e248b6d7f4f3198c7d2O.jpg_220x220q75.jpg_.avif","['High-concerned chemical', 'None', 'Features', 'Washable,Anti-Fingerprint,Anti-Scratch,Dustproof,lightweight,Non-Slip', 'Main Material', 'PC', 'Design', 'Plain,Transparent', 'Type', 'Half-Wrapped Case', 'Brand Name', 'Xeber', 'Origin', 'Mainland China', 'Function1', 'Shockproof+Explosion-proof+Anti-lost+Anti-Scratch', 'Function2', 'Screen Protector+Camera Protection+Anti-Fingerprint', 'Features1', 'Luxury Crystal Clear Hard Phone Case', 'Features2', 'Sparkling Rhinestone Shockproof Back Cover', 'Features3', 'Cute Love Heart Transparent Phone Case', 'Features4', 'Fashion Shockproof Bumper Cover', 'Material', 'High Quality Soft TPU', 'Quality', 'High Quality A+++++', 'Color', 'Pink Purple Blue White', 'Suitable Crowd', 'Men,women,boys,girls,couples,Friends', 'Package', 'OPP Package', 'Mix Order', 'Welcome', 'Service', 'Free Shipping,Drop Shipping,Wholesale,Retail', 'ID', '20250322']",https://www.aliexpress.us/item/3256808518297543.html?algo_pvid=68590020-2b54-412f-bf74-61f4fa930795&algo_exp_id=68590020-2b54-412f-bf74-61f4fa930795-25&pdp_ext_f=%7B%22order%22%3A%22168%22%2C%22eval%22%3A%221%22%2C%22fromPage%22%3A%22search%22%7D&pdp_npi=6%40dis%21USD%214.84%214.20%21%21%214.84%214.20%21%400b1bf20a17774000192098135ea744%2112000046319803167%21sea%21US%210%21ABX%211%210%21n_tag%3A-29910%3Bd%3Af5295fa4%3Bm03_new_user%3A-29895%3BpisId%3A5000000204886261&curPageLogUid=gz27Yek6bteH&utparam-url=scene%3Asearch%7Cquery_from%3A%7Cx_object_id%3A1005008704612295%7C_p_origin_prod%3A
Soft Plush Phone Case For iPhone 15 14 13 12 11 Pro Max 12 mini iPhone 6 6s 7 8 Plus 3D Furry Rabbit Bunny Warm Fur Hair Cover,$5.83,"https://ae-pic-a1.aliexpress-media.com/kf/Seddc356d2f474f958d6e9b09d0a4cefct.jpg_220x220q75.jpg_.avif,https://ae-pic-a1.aliexpress-media.com/kf/Seddc356d2f474f958d6e9b09d0a4cefct.jpg_220x220q75.jpg_.avif,https://ae-pic-a1.aliexpress-media.com/kf/Sf3d20c6ef509494f867d5deb93c378a3V.jpg_220x220q75.jpg_.avif,https://ae-pic-a1.aliexpress-media.com/kf/S132459be790a4568ae23b856963ac67cj.jpg_220x220q75.jpg_.avif,https://ae-pic-a1.aliexpress-media.com/kf/S903fef2c74ee41feb33abfcb9d6f22a3g.jpg_220x220q75.jpg_.avif","['High-concerned chemical', 'None', 'Features', 'WIth Kickstand,Non-Slip', 'Main Material', 'Plastic', 'Design', 'Plain,Animal,Fur Case', 'Type', 'Half-Wrapped Case', 'Brand Name', 'HERECASE', 'Origin', 'Mainland China']",https://www.aliexpress.us/item/3256806000702552.html?algo_pvid=68590020-2b54-412f-bf74-61f4fa930795&algo_exp_id=68590020-2b54-412f-bf74-61f4fa930795-28&pdp_ext_f=%7B%22order%22%3A%22167%22%2C%22eval%22%3A%221%22%2C%22fromPage%22%3A%22search%22%7D&pdp_npi=6%40dis%21USD%217.03%215.83%21%21%217.03%215.83%21%400b1bf20a17774000192098135ea744%2112000036185876590%21sea%21US%210%21ABX%211%210%21n_tag%3A-29910%3Bd%3Af5295fa4%3Bm03_new_user%3A-29895%3BpisId%3A5000000204886261&curPageLogUid=JQ5WUcc4JgHs&utparam-url=scene%3Asearch%7Cquery_from%3A%7Cx_object_id%3A1005006187017304%7C_p_origin_prod%3A
"Customization Rhinestone name , ID , LOGO , Slogan , Wish , Motto , Oath For iPhone , Samsung ,Huawei, XiaoMi , Google and other",$24.16,"https://ae-pic-a1.aliexpress-media.com/kf/S7af6feff39f648d4b6a177815d2edba83.jpg_220x220q75.jpg_.avif,https://ae-pic-a1.aliexpress-media.com/kf/S76d5f787f3b1424dade78e9d037308d30.jpg_220x220q75.jpg_.avif,https://ae-pic-a1.aliexpress-media.com/kf/Sf2b69c45151c47d9908281e4fd5a4ffeq.jpg_220x220q75.jpg_.avif,https://ae-pic-a1.aliexpress-media.com/kf/S85954e2e689c479281023d1ae8fac72b5.jpg_220x220q75.jpg_.avif,https://ae-pic-a1.aliexpress-media.com/kf/S1558d8a277804bf0b0f48b795a785b25j.jpg_220x220q75.jpg_.avif","['High-concerned chemical', 'None', 'Features', 'Anti-Scratch,Dustproof', 'Main Material', 'Acrylic,Plastic', 'Design', 'Jewelled,Plain,Transparent,Glitter', 'Type', 'FULL COVERAGE', 'Brand Name', 'HDFLYXHJ', 'Origin', 'Mainland China', 'Material', 'High Quality Hard PC or TPU', 'Design 1', 'Luxury Rhinestone Make-up Mirror', 'Design 2', 'Crystal Clear', 'Feature 1', 'Anti-knock/Anti-Dirty Case', 'Feature 2', 'Full Body Phone Back Cover', 'Service', 'Drop Shipping, Wholesale, Retail', 'Compatible Model 1', 'For Samsung S23', 'Compatible Model 2', 'For Samsung S23 Plus', 'Compatible Model 3', 'For Samsung S23 Ultra', 'Compatible Model 4', 'For Samsung S22', 'Compatible Model 5', 'For Samsung S22 Plus', 'Compatible Model 6', 'For Samsung S22 Ultra']",https://www.aliexpress.us/item/3256807474691942.html?algo_pvid=68590020-2b54-412f-bf74-61f4fa930795&algo_exp_id=68590020-2b54-412f-bf74-61f4fa930795-30&pdp_ext_f=%7B%22order%22%3A%22166%22%2C%22eval%22%3A%221%22%2C%22fromPage%22%3A%22search%22%7D&pdp_npi=6%40dis%21USD%2129.36%2124.16%21%21%2129.36%2124.16%21%400b1bf20a17774000192098135ea744%2112000041696796837%21sea%21US%210%21ABX%211%210%21n_tag%3A-29910%3Bd%3Af5295fa4%3Bm03_new_user%3A-29895%3BpisId%3A5000000204886261&curPageLogUid=IpmDZWbQ745p&utparam-url=scene%3Asearch%7Cquery_from%3A%7Cx_object_id%3A1005007661006694%7C_p_origin_prod%3A
WX-3016 Lip Telephone Electroplating Funny Fashionable Telephone With Number Storage Function New,$28.44,"https://ae-pic-a1.aliexpress-media.com/kf/H482ee287f13c406caa4c3e57e5f1cb29Q.jpg?has_lang=1&ver=1_220x220q75.jpg_.avif,https://ae-pic-a1.aliexpress-media.com/kf/H9797f079c159467ba58225ff644e09bcd.jpg?has_lang=1&ver=1_220x220q75.jpg_.avif,https://ae-pic-a1.aliexpress-media.com/kf/H24a73cfd0271413da3c7d01291cdfbed8.jpg?has_lang=1&ver=1_220x220q75.jpg_.avif,https://ae-pic-a1.aliexpress-media.com/kf/H8f9314af12bc4820a83fa05af29325a9J.jpg?has_lang=1&ver=1_220x220q75.jpg_.avif,https://ae-pic-a1.aliexpress-media.com/kf/H69a58dfa4eb242298808ffded787a021v.jpg?has_lang=1&ver=1_220x220q75.jpg_.avif","['High-concerned chemical', 'None', 'Type', 'Phones', 'Wire Type', 'Corded', 'Voice Mail', 'No', 'Model Number', 'WX-3016 Telephone', 'Brand Name', 'YOUTHINK', 'Origin', 'Mainland China', 'Certification', 'CE', 'Caller Identification', 'No', 'Color', 'Electroplating', 'Material', 'ABS', 'Number Storage Function', 'Yes', 'Type 1', 'Electroplating Lip Telephone', 'Type 2', 'Fashionable Telephone', 'Type 3', 'Lip Telephone', 'Visual Function', 'No', 'Wiring', 'British Wiring + American Wiring']",https://www.aliexpress.us/item/2255801147893359.html?algo_pvid=68590020-2b54-412f-bf74-61f4fa930795&algo_exp_id=68590020-2b54-412f-bf74-61f4fa930795-32&pdp_ext_f=%7B%22order%22%3A%22163%22%2C%22eval%22%3A%221%22%2C%22fromPage%22%3A%22search%22%7D&pdp_npi=6%40dis%21USD%2128.94%2128.44%21%21%2128.94%2128.44%21%400b1bf20a17774000192098135ea744%2112000019958104158%21sea%21US%210%21ABX%211%210%21n_tag%3A-29910%3Bd%3Af5295fa4%3Bm03_new_user%3A-29895%3BpisId%3A5000000204886261&curPageLogUid=t4VDNyUc0WWB&utparam-url=scene%3Asearch%7Cquery_from%3A%7Cx_object_id%3A4001334208111%7C_p_origin_prod%3A
"PU Leather Pouch Waist Bag Phone Holster Belt Clip Case Holder for iPhone 15 16 Pro Max for Samsung S24 S23 Ultra in 5.5-6.8""",$5.08,"https://ae-pic-a1.aliexpress-media.com/kf/S0838816caf404aacb588418f4761723a4.jpg_220x220q75.jpg_.avif,https://ae-pic-a1.aliexpress-media.com/kf/Sdc77bf5a5a3943b18cc74782dd2a0410j.jpg_220x220q75.jpg_.avif,https://ae-pic-a1.aliexpress-media.com/kf/Sf16988beb5c440ffbdb7c301e0caedc6e.jpg_220x220q75.jpg_.avif,https://ae-pic-a1.aliexpress-media.com/kf/Sc99033d979c448b0a1142feaa84fa74fw.jpg_220x220q75.jpg_.avif,https://ae-pic-a1.aliexpress-media.com/kf/Se42968a707454538b6ee0208fa493b86A.jpg_220x220q75.jpg_.avif","['High-concerned chemical', 'None', 'Features', 'With Belt Loop', 'Main Material', 'Leather', 'Design', 'Line', 'Type', 'Phone Bag', 'Brand Name', 'GOLDFOX', 'Origin', 'Mainland China']",https://www.aliexpress.us/item/3256807792804811.html?algo_pvid=68590020-2b54-412f-bf74-61f4fa930795&algo_exp_id=68590020-2b54-412f-bf74-61f4fa930795-33&pdp_ext_f=%7B%22order%22%3A%22163%22%2C%22eval%22%3A%221%22%2C%22fromPage%22%3A%22search%22%7D&pdp_npi=6%40dis%21USD%215.58%215.08%21%21%215.58%215.08%21%400b1bf20a17774000192098135ea744%2112000043131458606%21sea%21US%210%21ABX%211%210%21n_tag%3A-29910%3Bd%3Af5295fa4%3Bm03_new_user%3A-29895%3BpisId%3A5000000204886261&curPageLogUid=o6htVzFeRV0q&utparam-url=scene%3Asearch%7Cquery_from%3A%7Cx_object_id%3A1005007979119563%7C_p_origin_prod%3A
Luxury Glitter Fashion Leather Phone Case For Samsung Galaxy Z Flip 7 6 5 4 3 Flash Mirror Shiny diamond rhinestone Hard Cover,$4.78,"https://ae-pic-a1.aliexpress-media.com/kf/S3fba5ce001e34db496826797cb6d475av.jpg_220x220q75.jpg_.avif,https://ae-pic-a1.aliexpress-media.com/kf/S3fba5ce001e34db496826797cb6d475av.jpg_220x220q75.jpg_.avif,https://ae-pic-a1.aliexpress-media.com/kf/Sd6c025eed0444b18808485936d20168aI.jpg_220x220q75.jpg_.avif,https://ae-pic-a1.aliexpress-media.com/kf/S0b12561644c048cfba2ac0d645f6c5b1S.jpg_220x220q75.jpg_.avif,https://ae-pic-a1.aliexpress-media.com/kf/S546e6a851a84466283b0e18729898e55f.jpg?has_lang=1&ver=1_220x220q75.jpg_.avif","['High-concerned chemical', 'None', 'Features', 'Shock Proof,With Ring,Anti-Fingerprint,Anti-Scratch,Tough Case,Mirror Case,Reflective', 'Main Material', 'PC,Artificial leather', 'Design', 'Love,Line,Texture,Jewelled,Starry sky,Glitter', 'Type', 'Case', 'Origin', 'Mainland China']",https://www.aliexpress.us/item/3256809716442016.html?algo_pvid=68590020-2b54-412f-bf74-61f4fa930795&algo_exp_id=68590020-2b54-412f-bf74-61f4fa930795-34&pdp_ext_f=%7B%22order%22%3A%22161%22%2C%22eval%22%3A%221%22%2C%22fromPage%22%3A%22search%22%7D&pdp_npi=6%40dis%21USD%2110.77%214.78%21%21%2173.15%2132.44%21%400b1bf20a17774000192098135ea744%2112000050527587650%21sea%21US%210%21ABX%211%210%21n_tag%3A-29910%3Bd%3Af5295fa4%3Bm03_new_user%3A-29895%3BpisId%3A5000000204886261&curPageLogUid=3C1uUPhLRYCq&utparam-url=scene%3Asearch%7Cquery_from%3A%7Cx_object_id%3A1005009902756768%7C_p_origin_prod%3A
New Optical Fiber Connector Adapter SC/PC/APC ST/FC Optical Power Meter Conversion Head Red Pen Metal Cap Special Sale,$2.09,"https://ae-pic-a1.aliexpress-media.com/kf/S027961b52ca34686aba66745b1d5901b2.jpg_220x220q75.jpg_.avif,https://ae-pic-a1.aliexpress-media.com/kf/S69ce879637d94c05b02d7924cd3c95c4g.jpg_220x220q75.jpg_.avif,https://ae-pic-a1.aliexpress-media.com/kf/S75dc55da5d814cf9a80eee03bf7fd82es.jpg_220x220q75.jpg_.avif,https://ae-pic-a1.aliexpress-media.com/kf/Sa2c732467a1147569cd3771a05708c51a.jpg_220x220q75.jpg_.avif,https://ae-pic-a1.aliexpress-media.com/kf/H70863b4a1dc04e74afd16138880e345aX.jpg_220x220q75.jpg_.avif","['High-concerned chemical', 'None', 'Model Number', 'Optical Fiber Adapter', 'Brand Name', 'GONGFENG', 'Origin', 'Mainland China', 'Certification', 'CE']",https://www.aliexpress.us/item/3256803377941815.html?algo_pvid=68590020-2b54-412f-bf74-61f4fa930795&algo_exp_id=68590020-2b54-412f-bf74-61f4fa930795-35&pdp_ext_f=%7B%22order%22%3A%22161%22%2C%22eval%22%3A%221%22%2C%22fromPage%22%3A%22search%22%7D&pdp_npi=6%40dis%21USD%213.20%212.09%21%21%213.20%212.09%21%400b1bf20a17774000192098135ea744%2112000026303794820%21sea%21US%210%21ABX%211%210%21n_tag%3A-29910%3Bd%3Af5295fa4%3Bm03_new_user%3A-29895%3BpisId%3A5000000204886261&curPageLogUid=2GJrhhm3PNt2&utparam-url=scene%3Asearch%7Cquery_from%3A%7Cx_object_id%3A1005003564256567%7C_p_origin_prod%3A
Stylish Bling Glitter Diamond Case For Samsung Galaxy S25 S24 Ultra Plus Sparking Rhinestone Plating Bumper Sequin Clear Cover,$0.99,"https://ae-pic-a1.aliexpress-media.com/kf/S35826480e05547d388adfbd775b6cbc0W.jpg_220x220q75.jpg_.avif,https://ae-pic-a1.aliexpress-media.com/kf/S35826480e05547d388adfbd775b6cbc0W.jpg_220x220q75.jpg_.avif,https://ae-pic-a1.aliexpress-media.com/kf/Sbd2564746778451fa91e07a6c9d12134l.jpg_220x220q75.jpg_.avif,https://ae-pic-a1.aliexpress-media.com/kf/Safdd4b2a22704f918facbe31ed72b817X.jpg_220x220q75.jpg_.avif,https://ae-pic-a1.aliexpress-media.com/kf/S758433e1845a4cd2b0d88a725710948c8.jpg_220x220q75.jpg_.avif","['High-concerned chemical', 'None', 'Features', 'Shock Proof,Washable,With Lighting,Anti-Fingerprint,Anti-Scratch,Dustproof,Glitter,lightweight,Matte / Anti-Glare', 'Main Material', 'Pc + tpu', 'Design', 'Jewelled,Plain,Transparent,Luminous,Glitter', 'Type', 'FULL COVERAGE', 'Brand Name', 'SAMSUNG', 'Origin', 'Mainland China', 'Suit', 'For Samsung Galaxy S25 PLUS S24 Plus Case', 'Feature 1', 'Squre Plating Bling Glitter Cover ForSamsung S25', 'Feature 2', 'Luxury Diamond Transparent Shockproof Phone Case For S24 Ultra', 'Feature 3', 'Camera Protective Phone Case', 'Service', 'Free Shipping,Drop Shipping,Wholesale,Retail', 'Time on market', 'Brand New on Market & Hot Selling', 'Color', 'Pink,Siliver,Black,Blue,Purple,Gold', 'Item Number', 'XZ000829']",https://www.aliexpress.us/item/3256808148077379.html?algo_pvid=68590020-2b54-412f-bf74-61f4fa930795&algo_exp_id=68590020-2b54-412f-bf74-61f4fa930795-36&pdp_ext_f=%7B%22order%22%3A%22159%22%2C%22eval%22%3A%221%22%2C%22fromPage%22%3A%22search%22%7D&pdp_npi=6%40dis%21USD%214.85%210.99%21%21%2132.97%216.73%21%400b1bf20a17774000192098135ea744%2112000044632726922%21sea%21US%210%21ABX%211%210%21n_tag%3A-29910%3Bd%3Af5295fa4%3Bm03_new_user%3A-29895%3BpisId%3A5000000203712598&curPageLogUid=u0tgUHQPc85o&utparam-url=scene%3Asearch%7Cquery_from%3A%7Cx_object_id%3A1005008334392131%7C_p_origin_prod%3A
"Leather Phone Case Belt Clip For iPhone 17 Pro Max Air 16 15 14 13 12 XS XR X 8 7 SE Case 5-6.7"" Leather Holster Bag Case",$6.72,"https://ae-pic-a1.aliexpress-media.com/kf/S58563c5e795846eabdfffd699b1b28b9C.jpg_220x220q75.jpg_.avif,https://ae-pic-a1.aliexpress-media.com/kf/Sd33acedaf85a45e9aad63f8bb9001417n.jpg_220x220q75.jpg_.avif,https://ae-pic-a1.aliexpress-media.com/kf/S140009b9e6a340089807c8e3e0b42f96H.jpg_220x220q75.jpg_.avif,https://ae-pic-a1.aliexpress-media.com/kf/Sbf2ff422234b47d29e345812c3e0db79n.jpg_220x220q75.jpg_.avif,https://ae-pic-a1.aliexpress-media.com/kf/S75878f1ea9fc45f0824e2e4c949710d6i.jpg_220x220q75.jpg_.avif","['High-concerned chemical', 'None', 'Features', 'Magnetic,Anti-Fingerprint,Dustproof,Matte / Anti-Glare,Anti-Scratch,Non-Slip,Washable,lightweight,With Belt Loop,Storage Compartment', 'Main Material', 'Artificial leather', 'Design', 'Plain,Geometric', 'Type', 'Phone Bag', 'Brand Name', 'Youthsay', 'Origin', 'Mainland China', 'Fit For 1', 'For iPhone 12 Pro Max 11 X XR 7 8 Plus', 'Fit For 2', 'For Motorola Moto', 'Fit For 3', 'For Nokia 7.1 lumia 535 Limia 650 Limia 550 640 925 630 730 735 920', 'Fit For 4', 'For LG G3 Beat / G3s leon C40 H324 Spirit C70 G4c Magna H525N L70 L90', 'Fit For 5', 'For Lenovo S90 A536 P70 P780 S820 A6000 A2010 Vibe p1m K5 Plus K3 s850', 'Fit For 6', 'For Meizu M3 Mini M2 mini / M3s Mx3 Melan 3 For Asus Zenfone 2 ZE500CL', 'Fit For 7', 'For Huawei P8 lite honor 6 4c 3c 4a Y6 P7 Enjoy 5 Honor 4 Play G628', 'Fit For 8', 'For Xiaomi Mi5 Mi4 Mi4s Mi4c Mi4i Mi3 Mi2 Redmi 3 3s For ZE500KL', 'Fit For 9', 'For Sony xperia Z3 compact Z5 Compact z1 compact Mini Z M2 M4 E4 E4G', 'Fit For 10', 'For HTC One M7 M8 Mini M9 A9 E8 Desire 620 316 626 526 526G 510 320', 'Fit For 11', 'For iPhone 14 Pro Max', 'Fit For 12', 'For iPhone 14 Pro', 'Fit For 13', 'For iPhone 14', 'Fit For 14', 'For iPhone 14 Plus', 'Fit For 15', 'For iPhone 15 Pro Max', 'Fit For 16', 'For iPhone 15 Pro', 'Fit For 17', 'For iPhone 15 Plus', 'Fit For 18', 'For iPhone 15', 'Fit For 19', 'For iPhone 16 Pro Max', 'Fit For 20', 'For iPhone 16 Pro', 'Fit For 21', 'For iPhone 16', 'Fit For 22', 'For iPhone 16 Plus']",https://www.aliexpress.us/item/2251832603453930.html?algo_pvid=68590020-2b54-412f-bf74-61f4fa930795&algo_exp_id=68590020-2b54-412f-bf74-61f4fa930795-39&pdp_ext_f=%7B%22order%22%3A%22158%22%2C%22eval%22%3A%221%22%2C%22fromPage%22%3A%22search%22%7D&pdp_npi=6%40dis%21USD%217.25%216.72%21%21%2149.22%2145.59%21%400b1bf20a17774000192098135ea744%2112000020127541020%21sea%21US%210%21ABX%211%210%21n_tag%3A-29910%3Bd%3Af5295fa4%3Bm03_new_user%3A-29895%3BpisId%3A5000000204886261&curPageLogUid=z3jj7EEr5Gr9&utparam-url=scene%3Asearch%7Cquery_from%3A%7Cx_object_id%3A32789768682%7C_p_origin_prod%3A
"Belt Clip Phone Bag Case For Samsung Galaxy S26 S24 S25 Ultra Case 5.5-6.7"" Holster Phone Case Samsung A57 A56 A55 A35 Phone Bag",$7.86,"https://ae-pic-a1.aliexpress-media.com/kf/S58563c5e795846eabdfffd699b1b28b9C.jpg_220x220q75.jpg_.avif,https://ae-pic-a1.aliexpress-media.com/kf/Sde940d0c42de40a48a826d7555a1dca3P.jpg_220x220q75.jpg_.avif,https://ae-pic-a1.aliexpress-media.com/kf/S1711be37b39042a395e1465466bb9951z.jpg_220x220q75.jpg_.avif,https://ae-pic-a1.aliexpress-media.com/kf/S1dca3877448f45a7bce96575cd6d0f99N.jpg_220x220q75.jpg_.avif,https://ae-pic-a1.aliexpress-media.com/kf/S7e10525fab8b46ccb23c1d37f97cd319E.jpg_220x220q75.jpg_.avif","['High-concerned chemical', 'None', 'Features', 'Magnetic,Non-Slip,Storage Compartment,Anti-Fingerprint,Dual Layer,Dustproof,Anti-Scratch,Washable,Matte / Anti-Glare', 'Main Material', 'Artificial leather', 'Design', 'Plain', 'Type', 'Pouch', 'Brand Name', 'Youthsay', 'Origin', 'Mainland China', 'Compatible Brand 1', 'For Samsung Galaxy S21 Case', 'Compatible Brand 2', 'For Samsung Galaxy M51', 'Compatible Brand 3', 'For Samsung Galaxy A12 Case', 'Compatible Brand 4', 'For Samsung Galaxy A41 Case Case', 'Compatible Brand 5', 'For Samsung Galaxy S20 Case', 'Fit For 1', 'For Samsung Galaxy S21 Plus Case', 'Fit For 2', 'For Samsung Galaxy A51 Case', 'Fit For 3', 'For Samsung Galaxy S25 Ultra Case', 'Fit For 4', 'For Samsung Galaxy S25 Plus Case', 'Fit For 5', 'For Samsung Galaxy S25 Case', 'Fit For 6', 'For Samsung Galaxy S23 Case', 'Fit For 7', 'For Samsung Galaxy S23 Plus Case', 'Fit For 8', 'For Samsung Galaxy S23 Ultra Case', 'Fit For 9', 'For Samsung Galaxy S22 Case', 'Fit For 10', 'For Samsung Galaxy S22 PLUS Case', 'Fit For 11', 'For Samsung Galaxy S22 ULTRA Case', 'Fit For 12', 'For Samsung Galaxy A54 Case', 'Fit For 13', 'For Samsung Galaxy A53 Case', 'Fit For 14', 'For Samsung Galaxy A24 Case', 'Fit For 15', 'For Samsung Galaxy A14 Case', 'Fit For 16', 'For Samsung Galaxy S24 Case', 'Fit For 17', 'For Samsung Galaxy S24 PLUS Case', 'Fit For 18', 'For Samsung Galaxy S24 ULTRA Case', 'Fit For 19', 'For Samsung Galaxy A55 Case', 'Fit For 20', 'For Samsung Galaxy A54 Case', 'Fit For 21', 'For Samsung Galaxy A25 Case', 'Fit For 22', 'For Samsung Galaxy A15 Case', 'Fit For 23', 'For Samsung Galaxy A05 Case', 'Fit For 24', 'For Samsung Galaxy A05S Case']",https://www.aliexpress.us/item/2251832869317642.html?algo_pvid=68590020-2b54-412f-bf74-61f4fa930795&algo_exp_id=68590020-2b54-412f-bf74-61f4fa930795-40&pdp_ext_f=%7B%22order%22%3A%22157%22%2C%22eval%22%3A%221%22%2C%22fromPage%22%3A%22search%22%7D&pdp_npi=6%40dis%21USD%218.39%217.86%21%21%2156.97%2153.34%21%400b1bf20a17774000192098135ea744%2167569484278%21sea%21US%210%21ABX%211%210%21n_tag%3A-29910%3Bd%3Af5295fa4%3Bm03_new_user%3A-29895%3BpisId%3A5000000204886261&curPageLogUid=uRVHMAX8MH6E&utparam-url=scene%3Asearch%7Cquery_from%3A%7Cx_object_id%3A33055632394%7C_p_origin_prod%3A
Factory Wholesale Wedding Guestbook Guest Audio Book Phone Wedding Audio Guestbook Phone,$86.65,"https://ae-pic-a1.aliexpress-media.com/kf/Sf32534da97b24df789933b66bbeb2bc5I.jpg_220x220q75.jpg_.avif,https://ae-pic-a1.aliexpress-media.com/kf/Sf32534da97b24df789933b66bbeb2bc5I.jpg_220x220q75.jpg_.avif,https://ae-pic-a1.aliexpress-media.com/kf/Sf004b82425944e7fbf1d369890d6f344H.jpg_220x220q75.jpg_.avif,https://ae-pic-a1.aliexpress-media.com/kf/S7fa9459a2a86413186f272c2d0503f02g.jpg_220x220q75.jpg_.avif,https://ae-pic-a1.aliexpress-media.com/kf/S54032034620b4ef0a7c4441c33345e604.jpg_220x220q75.jpg_.avif","['High-concerned chemical', 'None', 'Type', 'Parts', 'Wire Type', 'Corded', 'Voice Mail', 'Yes', 'Model Number', 'CT-C8022', 'Brand Name', 'CHEETA', 'Origin', 'Mainland China', 'Certification', 'CE,FCC', 'Color', 'white/black', 'Material', 'ABS plastic', 'Product Name', 'Audio Guestbook Phone', 'Style', 'Vintage', 'Use', 'Wedding', 'Certificate', 'CE/FCC', 'Service', 'ODM OEM Services']",https://www.aliexpress.us/item/3256806903218891.html?algo_pvid=68590020-2b54-412f-bf74-61f4fa930795&algo_exp_id=68590020-2b54-412f-bf74-61f4fa930795-44&pdp_ext_f=%7B%22order%22%3A%22154%22%2C%22eval%22%3A%221%22%2C%22fromPage%22%3A%22search%22%7D&pdp_npi=6%40dis%21USD%2189.65%2186.65%21%21%21609.06%21588.71%21%400b1bf20a17774000192098135ea744%2112000039362855636%21sea%21US%210%21ABX%211%210%21n_tag%3A-29910%3Bd%3Af5295fa4%3Bm03_new_user%3A-29895%3BpisId%3A5000000204886261&curPageLogUid=NaDYVBNxu9eB&utparam-url=scene%3Asearch%7Cquery_from%3A%7Cx_object_id%3A1005007089533643%7C_p_origin_prod%3A
Luxury Diamond Perfume Bottle Case For iphone17 16 15 14 Rhinestone Bling Cover Coque For Samsung Galaxy S24 Plus S25 S23 Ultra,$12.00,"https://ae-pic-a1.aliexpress-media.com/kf/Sd6a6542a1f6b421f8a00803f06cea157J.jpg_220x220q75.jpg_.avif,https://ae-pic-a1.aliexpress-media.com/kf/Sc28ee23012df45bcab37c9c965cd8dd4V.jpg_220x220q75.jpg_.avif,https://ae-pic-a1.aliexpress-media.com/kf/S522da949c3f64ea2ba93b7fd829bf754l.jpg_220x220q75.jpg_.avif,https://ae-pic-a1.aliexpress-media.com/kf/Se7b432fd6d754a009f4b796e78eed6877.jpg_220x220q75.jpg_.avif,https://ae-pic-a1.aliexpress-media.com/kf/Se5b4f82641c94ca19e7fcc8e56faabf4s.jpg_220x220q75.jpg_.avif","['High-concerned chemical', 'None', 'Features', 'Anti-Scratch,Dustproof,With Lanyard', 'Main Material', 'Plastic', 'Design', 'Jewelled', 'Type', 'FULL COVERAGE', 'Brand Name', 'LaMaDiaa', 'Origin', 'Mainland China', 'For Galaxy S23 Ultra', 'For Galaxy S23 Plus', 'For Galaxy S23', 'For Galaxy S22 Ultra', 'For Galaxy S22 Plus', 'For Galaxy S22', 'For Galaxy S21 Ultra', 'For Galaxy S21 Plus', 'For Galaxy S21', 'For Galaxy S20 Ultra', 'For Galaxy S20 PLUS', 'For Galaxy S20', 'For Galaxy S10 PLUS', 'For Galaxy S10', 'For Galaxy Note10', 'For Note10 plus', 'For Galaxy Note20', 'For Not20 Ultra']",https://www.aliexpress.us/item/3256804280541815.html?algo_pvid=68590020-2b54-412f-bf74-61f4fa930795&algo_exp_id=68590020-2b54-412f-bf74-61f4fa930795-45&pdp_ext_f=%7B%22order%22%3A%22154%22%2C%22eval%22%3A%221%22%2C%22fromPage%22%3A%22search%22%7D&pdp_npi=6%40dis%21USD%2113.89%2112.00%21%21%2113.89%2112.00%21%400b1bf20a17774000192098135ea744%2112000029267444290%21sea%21US%210%21ABX%211%210%21n_tag%3A-29910%3Bd%3Af5295fa4%3Bm03_new_user%3A-29895%3BpisId%3A5000000204886261&curPageLogUid=4kuaRHNhvJTx&utparam-url=scene%3Asearch%7Cquery_from%3A%7Cx_object_id%3A1005004466856567%7C_p_origin_prod%3A
10pcs 650nm Optic Fiber PD Detector 1-30MW Red Light Pen Light Emitting Adapter Connector Measuring Instrument Parts Wholesale,$53.72/lot,"https://ae-pic-a1.aliexpress-media.com/kf/Sa890773ccf37498d89f5da978d70d638y.jpg_220x220q75.jpg_.avif,https://ae-pic-a1.aliexpress-media.com/kf/S3e9d763712ad4e528d2f2fa831fb404ab.jpg_220x220q75.jpg_.avif,https://ae-pic-a1.aliexpress-media.com/kf/S74dd2954713a4523a5be3f5d998f5979z.jpg_220x220q75.jpg_.avif,https://ae-pic-a1.aliexpress-media.com/kf/Sc42a641c0cbf48a0a4df3ca22e56c8c9u.jpg_220x220q75.jpg_.avif,https://ae-pic-a1.aliexpress-media.com/kf/S1917e71624954c3e969e45c93cbdd134b.jpg_220x220q75.jpg_.avif","['High-concerned chemical', 'None', 'Model Number', 'GFYA08', 'Brand Name', 'GONGFENG', 'Origin', 'Mainland China', 'Certification', 'CE']",https://www.aliexpress.us/item/3256806195574939.html?algo_pvid=68590020-2b54-412f-bf74-61f4fa930795&algo_exp_id=68590020-2b54-412f-bf74-61f4fa930795-46&pdp_ext_f=%7B%22order%22%3A%22154%22%2C%22eval%22%3A%221%22%2C%22fromPage%22%3A%22search%22%7D&pdp_npi=6%40dis%21USD%2164.55%2153.72%21%21%2164.55%2153.72%21%400b1bf20a17774000192098135ea744%2112000036970606587%21sea%21US%210%21ABX%211%210%21n_tag%3A-29910%3Bd%3Af5295fa4%3Bm03_new_user%3A-29895%3BpisId%3A5000000204886261&curPageLogUid=egENAfZbGADB&utparam-url=scene%3Asearch%7Cquery_from%3A%7Cx_object_id%3A1005006381889691%7C_p_origin_prod%3A
For Powercon 3 Pin Speaker Connector 20A Plug Male Adapter for Stage Light LED Screen Audio Equipment Input/Output Converters,$2.60,"https://ae-pic-a1.aliexpress-media.com/kf/S97298e58d7e9487e8b838853ed844d56h.jpg_220x220q75.jpg_.avif,https://ae-pic-a1.aliexpress-media.com/kf/Sc5316d493c2e433cbccbac9563630879q.jpg_220x220q75.jpg_.avif,https://ae-pic-a1.aliexpress-media.com/kf/Sbe6aa305621b4c2394eca153cef134e2L.jpg_220x220q75.jpg_.avif,https://ae-pic-a1.aliexpress-media.com/kf/Sbd9eb5bf7732455284d9ca3670d2327aB.jpg_220x220q75.jpg_.avif,https://ae-pic-a1.aliexpress-media.com/kf/S806138f6e33b4f79a1e045f4feccafe53.jpg_220x220q75.jpg_.avif","['High-concerned chemical', 'None', 'Model Number', '1', 'Brand Name', 'BAPPSUS', 'Origin', 'Mainland China']",https://www.aliexpress.us/item/3256809630009091.html?algo_pvid=68590020-2b54-412f-bf74-61f4fa930795&algo_exp_id=68590020-2b54-412f-bf74-61f4fa930795-48&pdp_ext_f=%7B%22order%22%3A%22152%22%2C%22eval%22%3A%221%22%2C%22fromPage%22%3A%22search%22%7D&pdp_npi=6%40dis%21USD%213.10%212.60%21%21%2121.07%2117.67%21%400b1bf20a17774000192098135ea744%2112000050263470739%21sea%21US%210%21ABX%211%210%21n_tag%3A-29910%3Bd%3Af5295fa4%3Bm03_new_user%3A-29895%3BpisId%3A5000000204886261&curPageLogUid=6Qwxtni08tWk&utparam-url=scene%3Asearch%7Cquery_from%3A%7Cx_object_id%3A1005009816323843%7C_p_origin_prod%3A
Wallet Flip Cover Leather Case for Vivo iQOO Neo 10 / Neo10 (for Snapdragon 8s Gen 4 version) Pu Leather Bags protective Holster,$12.92,"https://ae-pic-a1.aliexpress-media.com/kf/S174d34d73ab24eb5b79122728a96b2ffp.jpg_220x220q75.jpg_.avif,https://ae-pic-a1.aliexpress-media.com/kf/S2c9ba74e296b412aa07a87000f7d1ac33.jpg_220x220q75.jpg_.avif,https://ae-pic-a1.aliexpress-media.com/kf/Sd2624a14567f4a6abe507e9d40f3d261y.jpg_220x220q75.jpg_.avif,https://ae-pic-a1.aliexpress-media.com/kf/Sa23cc7587479484a9b1ac235e1d71716F.jpg_220x220q75.jpg_.avif,https://ae-pic-a1.aliexpress-media.com/kf/S34e7d76d4d974a399ea8a4b70c71c1376.jpg_220x220q75.jpg_.avif","['High-concerned chemical', 'None', 'Features', 'Anti-Scratch,Dustproof', 'Main Material', 'Artificial leather', 'Design', 'Plain', 'Type', 'Flip Case', 'Origin', 'Mainland China', 'Applicate Models', 'for Vivo iQOO Neo 10 / iQOO Neo10 Pro', 'Material', 'Quality Pu Leather', 'Wholesale', 'Support', 'Mix Order', 'Support', 'Shipping From', 'China Mainland']",https://www.aliexpress.us/item/3256805622282071.html?algo_pvid=68590020-2b54-412f-bf74-61f4fa930795&algo_exp_id=68590020-2b54-412f-bf74-61f4fa930795-50&pdp_ext_f=%7B%22order%22%3A%22152%22%2C%22eval%22%3A%221%22%2C%22fromPage%22%3A%22search%22%7D&pdp_npi=6%40dis%21USD%2120.33%2112.92%21%21%2120.33%2112.92%21%400b1bf20a17774000192098135ea744%2112000034425909724%21sea%21US%210%21ABX%211%210%21n_tag%3A-29910%3Bd%3Af5295fa4%3Bm03_new_user%3A-29895%3BpisId%3A5000000204886261&curPageLogUid=KnPl4kYTABER&utparam-url=scene%3Asearch%7Cquery_from%3A%7Cx_object_id%3A1005005808596823%7C_p_origin_prod%3A
For Magsafe Magnetic Glitter Diamond Clear Case For iPhone 11 12 13 14 15 16 Pro Max Plus Sparkling Rhinestone Shockproof Cover,$1.89,"https://ae-pic-a1.aliexpress-media.com/kf/Sb430c784307046f59302042b494e53c3n.jpg_220x220q75.jpg_.avif,https://ae-pic-a1.aliexpress-media.com/kf/Sb430c784307046f59302042b494e53c3n.jpg_220x220q75.jpg_.avif,https://ae-pic-a1.aliexpress-media.com/kf/S7afc287832614371b379939c90085a8e7.jpg_220x220q75.jpg_.avif,https://ae-pic-a1.aliexpress-media.com/kf/S7ef3be5608714204b2afeef965165350Z.jpg_220x220q75.jpg_.avif,https://ae-pic-a1.aliexpress-media.com/kf/Sb324762bcd5e43f091dd809047838593v.jpg_220x220q75.jpg_.avif","['High-concerned chemical', 'None', 'Features', 'Magnetic,Anti-Fingerprint,Anti-Scratch,Dustproof,Glitter,lightweight,Matte / Anti-Glare,Non-Slip,Reflective', 'Main Material', 'Acrylic', 'Design', 'Transparent', 'Type', 'Half-Wrapped Case', 'Brand Name', 'Vyimc', 'Origin', 'Mainland China', 'Function1', 'Anti-shock+Dirt Resistant+Shockproof+Camrem Protective', 'Function2', 'Anti-scratch+Screen Protection+Anti-fingerprint', 'Features1', 'Hybrid Armor Shockproof Phone Case For iPhone 16 Pro Max', 'Features2', 'Luxury Transparent Acrylic Phone Case For iPhone 16 Pro', 'Features3', 'Anti-bump and Anti-slip Military Phone Case', 'Features4', 'Bling Rhinestone Thickened Anti-drop Phone Case For iPhone 16 Plus', 'Material', 'High Quality Acrylic', 'Color', 'Blue Black Red Purple Black', 'Service', 'Free Shipping,Drop Shipping,Wholesale,Retail', 'Time on market', 'Brand New on Market & Hot Selling', 'Applicable Models', 'For iPhone 16/15/14/13/12', 'ID', 'XZ003595']",https://www.aliexpress.us/item/3256808909785007.html?algo_pvid=68590020-2b54-412f-bf74-61f4fa930795&algo_exp_id=68590020-2b54-412f-bf74-61f4fa930795-51&pdp_ext_f=%7B%22order%22%3A%22151%22%2C%22eval%22%3A%221%22%2C%22fromPage%22%3A%22search%22%7D&pdp_npi=6%40dis%21USD%213.56%211.89%21%21%2124.17%2112.79%21%400b1bf20a17774000192098135ea744%2112000047896516919%21sea%21US%210%21ABX%211%210%21n_tag%3A-29910%3Bd%3Af5295fa4%3Bm03_new_user%3A-29895%3BpisId%3A5000000204886261&curPageLogUid=Opn3TjQWzYli&utparam-url=scene%3Asearch%7Cquery_from%3A%7Cx_object_id%3A1005009096099759%7C_p_origin_prod%3A
Genuine Leather Belt Clip Phone Case Men Waist Bag For Samsung Galaxy S25 S24 S23 Ultra S22 S21 FE Note 20 10 Plus Holster Pouch,$9.57,"https://ae-pic-a1.aliexpress-media.com/kf/S76307a5a913745fe80c93fd819786ac2d.jpg_220x220q75.jpg_.avif,https://ae-pic-a1.aliexpress-media.com/kf/S76307a5a913745fe80c93fd819786ac2d.jpg_220x220q75.jpg_.avif,https://ae-pic-a1.aliexpress-media.com/kf/S82344e1ff84348e0b2ed8c93c96c639b1.jpg_220x220q75.jpg_.avif,https://ae-pic-a1.aliexpress-media.com/kf/Sd6dca0266fe34cf28589645ac34636e77.jpg_220x220q75.jpg_.avif,https://ae-pic-a1.aliexpress-media.com/kf/Sb55b165cb88640c6a5d774c9a4d01d06X.jpg_220x220q75.jpg_.avif","['High-concerned chemical', 'None', 'Features', 'Magnetic,Anti-Fingerprint,Anti-Scratch,Dustproof,Non-Slip,With Belt Loop', 'Main Material', 'Leather,Genuine Leather', 'Design', 'Plain', 'Type', 'Pouch', 'Brand Name', 'HKNR', 'Origin', 'Mainland China']",https://www.aliexpress.us/item/3256805304602037.html?algo_pvid=68590020-2b54-412f-bf74-61f4fa930795&algo_exp_id=68590020-2b54-412f-bf74-61f4fa930795-55&pdp_ext_f=%7B%22order%22%3A%22145%22%2C%22eval%22%3A%221%22%2C%22fromPage%22%3A%22search%22%7D&pdp_npi=6%40dis%21USD%2110.35%219.57%21%21%2110.35%219.57%21%400b1bf20a17774000192098135ea744%2112000033291085489%21sea%21US%210%21ABX%211%210%21n_tag%3A-29910%3Bd%3Af5295fa4%3Bm03_new_user%3A-29895%3BpisId%3A5000000204886261&curPageLogUid=lBHmQOgBrZRr&utparam-url=scene%3Asearch%7Cquery_from%3A%7Cx_object_id%3A1005005490916789%7C_p_origin_prod%3A
SC APC Single Mode SC UPC Fiber Optic Waterproof Connector FTTH Fiber Optic Fast Connector SC Fiber Wire Quick Connector,$3.56,"https://ae-pic-a1.aliexpress-media.com/kf/Sf5b6839a3e5443eb8cb76a9c0a4463f9o.jpg_220x220q75.jpg_.avif,https://ae-pic-a1.aliexpress-media.com/kf/Sc33a7659b24b49918696d1e90865d3d1o.jpg_220x220q75.jpg_.avif,https://ae-pic-a1.aliexpress-media.com/kf/S4cb5440c9b754431b893cb6c541a42d6W.jpg_220x220q75.jpg_.avif,https://ae-pic-a1.aliexpress-media.com/kf/S2c10649719b24a7381884296f9c0dca7v.jpg_220x220q75.jpg_.avif,https://ae-pic-a1.aliexpress-media.com/kf/S7eb6f3d3b37843b48705b5c3b47e2bcbG.jpg_220x220q75.jpg_.avif","['High-concerned chemical', 'None', 'Model Number', 'YPM20-SC/LC', 'Brand Name', 'NoEnName_Null', 'Origin', 'Mainland China', 'Certification', 'CE,RoHS']",https://www.aliexpress.us/item/3256808527669145.html?algo_pvid=68590020-2b54-412f-bf74-61f4fa930795&algo_exp_id=68590020-2b54-412f-bf74-61f4fa930795-56&pdp_ext_f=%7B%22order%22%3A%22144%22%2C%22eval%22%3A%221%22%2C%22fromPage%22%3A%22search%22%7D&pdp_npi=6%40dis%21USD%214.08%213.56%21%21%2127.70%2124.15%21%400b1bf20a17774000192098135ea744%2112000046362536036%21sea%21US%210%21ABX%211%210%21n_tag%3A-29910%3Bd%3Af5295fa4%3Bm03_new_user%3A-29895%3BpisId%3A5000000204886261&curPageLogUid=SXlevzOIitvE&utparam-url=scene%3Asearch%7Cquery_from%3A%7Cx_object_id%3A1005008713983897%7C_p_origin_prod%3A
10 Pcs/Lot Optical Coupler FBT Splitter Without Connector 1x2 Fiber Coupler 95/5 90/10 85/15 80/20 75/25 70/30 FBT Splitter,$15.04,"https://ae-pic-a1.aliexpress-media.com/kf/S5201c9208fb046a7b4419cd7eed00088B.jpg_220x220q75.jpg_.avif,https://ae-pic-a1.aliexpress-media.com/kf/S8348fe267f5f425b9c9a6683e43ea05b2.jpg_220x220q75.jpg_.avif,https://ae-pic-a1.aliexpress-media.com/kf/Sb5f92d1ad7624268b3ce36985b24f75d6.jpg_220x220q75.jpg_.avif,https://ae-pic-a1.aliexpress-media.com/kf/Sfbdaf0afe5d440cd88cf14a347f53d5fj.jpg_220x220q75.jpg_.avif,https://ae-pic-a1.aliexpress-media.com/kf/S022ae0ea6a174091a1ff9dfee5a57435Q.jpg_220x220q75.jpg_.avif","['High-concerned chemical', 'None', 'Model Number', 'FBT Splitter', 'Brand Name', 'CAILI', 'Origin', 'Mainland China', 'Certification', 'NONE', 'Diameter', '0.9mm', 'Return loss', '≥45 (dB)', 'Insertion loss', 'Singlemode ≤ 0.18 (dB)', 'Number of insertions', '≥1000', 'Fiber Type', 'Single Mode', 'Item Length', '1m']",https://www.aliexpress.us/item/3256804417512240.html?algo_pvid=68590020-2b54-412f-bf74-61f4fa930795&algo_exp_id=68590020-2b54-412f-bf74-61f4fa930795-5&pdp_ext_f=%7B%22order%22%3A%22123%22%2C%22eval%22%3A%221%22%2C%22fromPage%22%3A%22search%22%7D&pdp_npi=6%40dis%21USD%2115.54%2115.04%21%21%2115.54%2115.04%21%400b1bf20a17774000192098135ea744%2112000029796209336%21sea%21US%210%21ABX%211%210%21n_tag%3A-29910%3Bd%3Af5295fa4%3Bm03_new_user%3A-29895%3BpisId%3A5000000204886261&curPageLogUid=3UyPaR87PdAE&utparam-url=scene%3Asearch%7Cquery_from%3A%7Cx_object_id%3A1005004603826992%7C_p_origin_prod%3A
Candy Color Silicone Phone Case Funda For iphone 6 6s 7 8 Plus SE 2020 X XR Xs Max 11 12 13 14 Pro Max Soft Back Cover Fundas,$0.99,"https://ae-pic-a1.aliexpress-media.com/kf/S40304e68616445019baf1f13f31ab47cM.jpg_220x220q75.jpg_.avif,https://ae-pic-a1.aliexpress-media.com/kf/S3ad2fd1df5a442d6a30de09fe3e58e19r.jpg_220x220q75.jpg_.avif,https://ae-pic-a1.aliexpress-media.com/kf/Se68f86ed4aec4b5388b915dd7865714c6.jpg_220x220q75.jpg_.avif,https://ae-pic-a1.aliexpress-media.com/kf/S08e03abebf3441068a19a7bc3bc626eap.jpg_220x220q75.jpg_.avif,https://ae-pic-a1.aliexpress-media.com/kf/S401c4813451f410191c8cdbbf567b743Z.jpg_220x220q75.jpg_.avif","['High-concerned chemical', 'None', 'Features', 'Shock Proof,Soft Case,Anti-Scratch', 'Main Material', 'Plastic,Silicone', 'Design', 'Plain', 'Type', 'FULL COVERAGE', 'Brand Name', 'Ricestate', 'Origin', 'Mainland China', 'Material', 'Soft TPU Silicone Case', 'Model Number', 'For iphone 11 Pro XS Max XR X 8 7 6S 6 Plus SE 5 5S', 'Feature 1', 'Special colorful matte soft case', 'Feature 2', 'Precise cutouts for speakers, charging ports and audio ports', 'Feature 3', 'Ultra thin and lightweight case', 'Feature 4', 'Soft case provide great protection', 'Feature 5', 'Colorful Canndy Matte Soft TPU Case']",https://www.aliexpress.us/item/3256802847479971.html?algo_pvid=68590020-2b54-412f-bf74-61f4fa930795&algo_exp_id=68590020-2b54-412f-bf74-61f4fa930795-0&pdp_ext_f=%7B%22order%22%3A%22120%22%2C%22eval%22%3A%221%22%2C%22fromPage%22%3A%22search%22%7D&pdp_npi=6%40dis%21USD%211.80%210.99%21%21%211.80%210.99%21%400b1bf20a17774000192098135ea744%2112000035869199474%21sea%21US%210%21ABX%211%210%21n_tag%3A-29910%3Bd%3Af5295fa4%3Bm03_new_user%3A-29895%3BpisId%3A5000000203537349&curPageLogUid=lEAowwgWj298&utparam-url=scene%3Asearch%7Cquery_from%3A%7Cx_object_id%3A1005003033794723%7C_p_origin_prod%3A
Leather Phone Belt Clip Case Holder For iPhone 17 16 15 13 12 Pro Max Samsung S25 Xiaomi Redmi Note 14 Waist Bag Holster Pouch,$0.99,"https://ae-pic-a1.aliexpress-media.com/kf/S32e7bac603b3413cb4e05ec5d24e2e6ep.jpg_220x220q75.jpg_.avif,https://ae-pic-a1.aliexpress-media.com/kf/S8fb4df6900574168ab7156c310a68276l.jpg_220x220q75.jpg_.avif,https://ae-pic-a1.aliexpress-media.com/kf/Sb23a2585168a43229e943d0c166d989b9.jpg_220x220q75.jpg_.avif,https://ae-pic-a1.aliexpress-media.com/kf/S47a8bc3dbb2146729ec0f45f066780bcd.jpg_220x220q75.jpg_.avif,https://ae-pic-a1.aliexpress-media.com/kf/S379f855fdf734a59ab98066892154878g.jpg_220x220q75.jpg_.avif","['High-concerned chemical', 'None', 'Features', 'Magnetic,Anti-Fingerprint,Anti-Scratch,Dustproof,lightweight,Matte / Anti-Glare,Non-Slip,With Belt Loop', 'Main Material', 'Leather', 'Design', 'Plain', 'Type', 'Pouch', 'Brand Name', 'HKNR', 'Origin', 'Mainland China']",https://www.aliexpress.us/item/3256806961390699.html?algo_pvid=68590020-2b54-412f-bf74-61f4fa930795&algo_exp_id=68590020-2b54-412f-bf74-61f4fa930795-3&pdp_ext_f=%7B%22order%22%3A%22118%22%2C%22eval%22%3A%221%22%2C%22fromPage%22%3A%22search%22%7D&pdp_npi=6%40dis%21USD%215.86%210.99%21%21%215.86%210.99%21%400b1bf20a17774000192098135ea744%2112000039588651397%21sea%21US%210%21ABX%211%210%21n_tag%3A-29910%3Bd%3Af5295fa4%3Bm03_new_user%3A-29895%3BpisId%3A5000000203537349&curPageLogUid=lPYpjSHyKhnF&utparam-url=scene%3Asearch%7Cquery_from%3A%7Cx_object_id%3A1005007147705451%7C_p_origin_prod%3A
50pcs 100pcs High quality Embedded SC UPC Fiber Optic Quick Connector Fiber Optic SC Quick Connector Easy Installation,$18.81,"https://ae-pic-a1.aliexpress-media.com/kf/S28445e1e4ad54c16ac4b530eedb3811bY.jpg_220x220q75.jpg_.avif,https://ae-pic-a1.aliexpress-media.com/kf/Sc7acfc2b056044488b94c6de6492c59bA.jpg_220x220q75.jpg_.avif,https://ae-pic-a1.aliexpress-media.com/kf/S6e631482472f4c139dbcc21acb590095W.jpg_220x220q75.jpg_.avif,https://ae-pic-a1.aliexpress-media.com/kf/S6196e6076af9448e86704a8c104652cfm.jpg_220x220q75.jpg_.avif","['High-concerned chemical', 'None', 'Model Number', '55mm', 'Brand Name', 'CAILI', 'Origin', 'Mainland China', 'Certification', 'NONE', 'Product Name', 'SC UPC', 'Insertion Loss', '≤0.30dB', 'Return Loss', '≥50dB', 'Mechaincal Durability', '500 times', 'Storage Temperature', '-40℃~+ 85 ℃']",https://www.aliexpress.us/item/3256805793448154.html?algo_pvid=68590020-2b54-412f-bf74-61f4fa930795&algo_exp_id=68590020-2b54-412f-bf74-61f4fa930795-4&pdp_ext_f=%7B%22order%22%3A%22117%22%2C%22eval%22%3A%221%22%2C%22fromPage%22%3A%22search%22%7D&pdp_npi=6%40dis%21USD%2124.41%2118.81%21%21%2124.41%2118.81%21%400b1bf20a17774000192098135ea744%2112000035151336300%21sea%21US%210%21ABX%211%210%21n_tag%3A-29910%3Bd%3Af5295fa4%3Bm03_new_user%3A-29895%3BpisId%3A5000000203537339&curPageLogUid=fSp4gQ4MFidM&utparam-url=scene%3Asearch%7Cquery_from%3A%7Cx_object_id%3A1005005979762906%7C_p_origin_prod%3A
Universal Leather Wallet Phone Case Belt Clip Cover For iPhone Samsung Xiaomi Waist Bag Holster Pouch for Outdoor Sports Running,$7.05,"https://ae-pic-a1.aliexpress-media.com/kf/S449af06f40a040b08568fdcd7b8513a5y.jpg_220x220q75.jpg_.avif,https://ae-pic-a1.aliexpress-media.com/kf/S449af06f40a040b08568fdcd7b8513a5y.jpg_220x220q75.jpg_.avif,https://ae-pic-a1.aliexpress-media.com/kf/Sf189bd78e2cb424ca137002e80a50c9bf.jpg_220x220q75.jpg_.avif,https://ae-pic-a1.aliexpress-media.com/kf/S670f6a9ae06b4e47bfa76123ee10e5578.jpg_220x220q75.jpg_.avif,https://ae-pic-a1.aliexpress-media.com/kf/S8c5cfdc73e854e3082ea7ca135e9de05U.jpg_220x220q75.jpg_.avif","['High-concerned chemical', 'None', 'Features', 'With Belt Loop', 'Main Material', 'Metal,Leather,Genuine Leather', 'Design', 'Plain', 'Type', 'Phone Bag', 'Origin', 'Mainland China']",https://www.aliexpress.us/item/3256807064240915.html?algo_pvid=68590020-2b54-412f-bf74-61f4fa930795&algo_exp_id=68590020-2b54-412f-bf74-61f4fa930795-7&pdp_ext_f=%7B%22order%22%3A%22115%22%2C%22eval%22%3A%221%22%2C%22fromPage%22%3A%22search%22%7D&pdp_npi=6%40dis%21USD%2112.55%217.05%21%21%2185.27%2147.91%21%400b1bf20a17774000192098135ea744%2112000039949766291%21sea%21US%210%21ABX%211%210%21n_tag%3A-29910%3Bd%3Af5295fa4%3Bm03_new_user%3A-29895%3BpisId%3A5000000203537339&curPageLogUid=D9cVouOMAnVp&utparam-url=scene%3Asearch%7Cquery_from%3A%7Cx_object_id%3A1005007250555667%7C_p_origin_prod%3A
FULAIKATE Horizontal Elastic Waist Phone Pouch Universal Bag with Card Pocket Fit for iPhone Samsung Huawei PU Material Holster,$2.88,"https://ae-pic-a1.aliexpress-media.com/kf/S85c00b6ecd89487398e7191294218a30K.jpg?has_lang=1&ver=1_220x220q75.jpg_.avif,https://ae-pic-a1.aliexpress-media.com/kf/S8709b306fe744725ab1960e909e05828K.jpg_220x220q75.jpg_.avif,https://ae-pic-a1.aliexpress-media.com/kf/S678a347276eb432daaf343209e958b5fS.jpg_220x220q75.jpg_.avif,https://ae-pic-a1.aliexpress-media.com/kf/Sc04efc7270604c22a38154bc802ff9a7v.jpg?has_lang=1&ver=1_220x220q75.jpg_.avif,https://ae-pic-a1.aliexpress-media.com/kf/S938d9795ba1a499094e16a1dc7eb69105.jpg_220x220q75.jpg_.avif","['High-concerned chemical', 'None', 'Features', 'With Belt Loop', 'Main Material', 'Pu leather', 'Design', 'Plain', 'Type', 'Phone Bag', 'Brand Name', 'FULAIKATE', 'Origin', 'Mainland China', 'Waist Bag', 'LS Universal Bag for iPhone 14 Plus / iPhone 16 Pro Max', 'Cell Phone Pouch', 'for Samsung Galaxy S25+/ Note23', 'Portable Universal Bag', 'for Xiaomi Max3/Max2', 'Cloth Bag', 'for Samsung Galaxy Note 23 Ultra']",https://www.aliexpress.us/item/3256808546711182.html?algo_pvid=68590020-2b54-412f-bf74-61f4fa930795&algo_exp_id=68590020-2b54-412f-bf74-61f4fa930795-9&pdp_ext_f=%7B%22order%22%3A%22114%22%2C%22eval%22%3A%221%22%2C%22fromPage%22%3A%22search%22%7D&pdp_npi=6%40dis%21USD%219.19%212.88%21%21%219.19%212.88%21%400b1bf20a17774000192098135ea744%2112000046440177796%21sea%21US%210%21ABX%211%210%21n_tag%3A-29910%3Bd%3Af5295fa4%3Bm03_new_user%3A-29895%3BpisId%3A5000000203537339&curPageLogUid=EwJb2zIfOIyZ&utparam-url=scene%3Asearch%7Cquery_from%3A%7Cx_object_id%3A1005008733025934%7C_p_origin_prod%3A
For iPhone 6 6S Plus Case New Fashion Cartoon Cover Soft Silicone Phone Case For iPhone 6 Plus iPhone6 Matte Coque Fundas Bumper,$2.09,"https://ae-pic-a1.aliexpress-media.com/kf/S83c267de7c7749839fff0d67da4967ef4.jpg_220x220q75.jpg_.avif,https://ae-pic-a1.aliexpress-media.com/kf/S35bb9ad9654b4da69b85fff02e6c3031g.jpg_220x220q75.jpg_.avif,https://ae-pic-a1.aliexpress-media.com/kf/Sef0175c595af4940960a0d8e023076a5T.jpg_220x220q75.jpg_.avif,https://ae-pic-a1.aliexpress-media.com/kf/Sc94f372d38f44d1d8bba898a17fcd259v.jpg_220x220q75.jpg_.avif,https://ae-pic-a1.aliexpress-media.com/kf/S794a42e2d1cc42ea82aa84e4e3c42f1fL.jpg_220x220q75.jpg_.avif","['Features', 'Washable,Anti-Fingerprint,Anti-Scratch,Dustproof,lightweight', 'Main Material', 'Silicone', 'Design', 'Cartoon,Floral,Animal', 'Type', 'Pouch', 'Brand Name', 'Rlisize', 'Origin', 'Mainland China', 'Compatible Brand', 'APPLE', 'Material', '100% Brand New High Quality A+++++', 'Design', 'Smooth Surface / Young Style / Light Weight', 'Features 1', 'Cute Fashion Dinosaur Spaceman Cartoon Phone Cases', 'Features 2', 'Luxury Candy Painted Matte Back Cover Coque', 'Features 3', 'Stylish Flowers Butterfly Cat Painted Fundas Bumper', 'Functions', 'Protect your phone from dust, scratching and shock', 'Compatible 1', ""For iPhone 6 Case Cover 4.7''"", 'Compatible 2', ""For iPhone 6S Case Coque 4.7''"", 'Compatible 3', ""For iPhone 6 Plus Case Fundas 5.5''"", 'Compatible 4', ""For iPhone 6S Plus Case Bumper 5.5''"", 'Types', 'Phone Case,Bag,Cover,Pouch,Bumper,Coque,Funda,Capa,Housing,Shell']",https://www.aliexpress.us/item/3256805903841752.html?algo_pvid=68590020-2b54-412f-bf74-61f4fa930795&algo_exp_id=68590020-2b54-412f-bf74-61f4fa930795-16&pdp_ext_f=%7B%22order%22%3A%22110%22%2C%22eval%22%3A%221%22%2C%22fromPage%22%3A%22search%22%7D&pdp_npi=6%40dis%21USD%212.58%212.58%21%21%2117.56%2117.56%21%400b1bf20a17774000192098135ea744%2112000035693661957%21sea%21US%210%21ABX%211%210%21&curPageLogUid=HOwIZTkEfLsx&utparam-url=scene%3Asearch%7Cquery_from%3A%7Cx_object_id%3A1005006090156504%7C_p_origin_prod%3A
"Leather Belt Clip Case Men Waist Bag For Samsung Galaxy Z Fold7 Fold6 Fold5 Fold3 7 6 5 4 3 5G,Vivo X Fold Holster Pouch Cover",$0.99,"https://ae-pic-a1.aliexpress-media.com/kf/Se7eb25d964cc4ee3aacd9f6675da8853T.jpg_220x220q75.jpg_.avif,https://ae-pic-a1.aliexpress-media.com/kf/S053747b02e894c9b9d12004cdb93002c7.jpg_220x220q75.jpg_.avif,https://ae-pic-a1.aliexpress-media.com/kf/S136000e0e1b7405d9996ff85e569cc25h.jpg_220x220q75.jpg_.avif,https://ae-pic-a1.aliexpress-media.com/kf/S963f167378e54588b6d9096b965a0332g.jpg_220x220q75.jpg_.avif,https://ae-pic-a1.aliexpress-media.com/kf/S576a0b23b7c6497b95e4886da9781662C.jpg_220x220q75.jpg_.avif","['High-concerned chemical', 'None', 'Features', 'Magnetic,Anti-Fingerprint,Anti-Scratch,Dustproof,Matte / Anti-Glare,Non-Slip,Waterproof/Underwater,With Belt Loop', 'Main Material', 'Artificial leather,Leather', 'Design', 'Plain', 'Type', 'Phone Bag', 'Brand Name', 'HKNR', 'Origin', 'Mainland China']",https://www.aliexpress.us/item/3256803754721554.html?algo_pvid=68590020-2b54-412f-bf74-61f4fa930795&algo_exp_id=68590020-2b54-412f-bf74-61f4fa930795-18&pdp_ext_f=%7B%22order%22%3A%22108%22%2C%22eval%22%3A%221%22%2C%22fromPage%22%3A%22search%22%7D&pdp_npi=6%40dis%21USD%218.04%210.99%21%21%218.04%210.99%21%400b1bf20a17774000192098135ea744%2112000049505410676%21sea%21US%210%21ABX%211%210%21n_tag%3A-29910%3Bd%3Af5295fa4%3Bm03_new_user%3A-29895%3BpisId%3A5000000203537349&curPageLogUid=PecFrWUORgUK&utparam-url=scene%3Asearch%7Cquery_from%3A%7Cx_object_id%3A1005003941036306%7C_p_origin_prod%3A
Retro audio video guestbook wedding video message telephone guest video signature register birthday party blessing video record,$313.08,"https://ae-pic-a1.aliexpress-media.com/kf/S26622b14071e4239a67aab63c1b22739S.png?has_lang=1&ver=2_220x220.png_.avif,https://ae-pic-a1.aliexpress-media.com/kf/S26622b14071e4239a67aab63c1b22739S.png?has_lang=1&ver=2_220x220.png_.avif,https://ae-pic-a1.aliexpress-media.com/kf/Sfe3bd671859147f29cb7044c6a2c4d6aw.jpg?has_lang=1&ver=2_220x220q75.jpg_.avif,https://ae-pic-a1.aliexpress-media.com/kf/S3d535fbb45504d1b81d3082bd97c62f1w.jpg?has_lang=1&ver=2_220x220q75.jpg_.avif,https://ae-pic-a1.aliexpress-media.com/kf/S55f5fc502d78440b8122503d54a1414d3.jpg?has_lang=1&ver=2_220x220q75.jpg_.avif","['High-concerned chemical', 'None', 'Type', 'Phones', 'Wire Type', 'Corded', 'Voice Mail', 'Yes', 'Model Number', 'F17', 'Brand Name', 'FEIYAQI', 'Origin', 'Mainland China', 'Certification', 'CE,RoHS,UL']",https://www.aliexpress.us/item/3256808035912104.html?algo_pvid=68590020-2b54-412f-bf74-61f4fa930795&algo_exp_id=68590020-2b54-412f-bf74-61f4fa930795-19&pdp_ext_f=%7B%22order%22%3A%22108%22%2C%22eval%22%3A%221%22%2C%22fromPage%22%3A%22search%22%7D&pdp_npi=6%40dis%21USD%21653.28%21313.08%21%21%214438.02%212126.85%21%400b1bf20a17774000192098135ea744%2112000044284755253%21sea%21US%210%21ABX%211%210%21n_tag%3A-29910%3Bd%3Af5295fa4%3Bm03_new_user%3A-29895%3BpisId%3A5000000204886261&curPageLogUid=EAbC2K6pzQDI&utparam-url=scene%3Asearch%7Cquery_from%3A%7Cx_object_id%3A1005008222226856%7C_p_origin_prod%3A
ZoeRax 2PCS SC/APC Male to LC/APC Female Simplex Hybrid Optical Fiber Connector Single Mode Adapter for FTTH Coupler,$6.61,"https://ae-pic-a1.aliexpress-media.com/kf/S5d1a6497117a4208b5f0bc59adc958a2X.jpg_220x220q75.jpg_.avif,https://ae-pic-a1.aliexpress-media.com/kf/S3bdfc831d7044af7bcc1ed4e4476f8c0B.jpg_220x220q75.jpg_.avif,https://ae-pic-a1.aliexpress-media.com/kf/S626c3edd04e8470288a8f631e042460f5.jpg_220x220q75.jpg_.avif,https://ae-pic-a1.aliexpress-media.com/kf/S7622b6c7b9a8458297aea41c3670a4b61.jpg_220x220q75.jpg_.avif,https://ae-pic-a1.aliexpress-media.com/kf/S845ea96bfc754eb1a9a4973bf4f1a6d8f.jpg_220x220q75.jpg_.avif","['High-concerned chemical', 'None', 'Model Number', 'S9--SCAPCG-LCAPCM-001', 'Brand Name', 'ZoeRax', 'Origin', 'Mainland China', 'Certification', 'RoHS']",https://www.aliexpress.us/item/3256808388667426.html?algo_pvid=68590020-2b54-412f-bf74-61f4fa930795&algo_exp_id=68590020-2b54-412f-bf74-61f4fa930795-20&pdp_ext_f=%7B%22order%22%3A%22107%22%2C%22eval%22%3A%221%22%2C%22fromPage%22%3A%22search%22%7D&pdp_npi=6%40dis%21USD%2115.13%216.61%21%21%21102.78%2144.91%21%400b1bf20a17774000192098135ea744%2112000046385294250%21sea%21US%210%21ABX%211%210%21n_tag%3A-29910%3Bd%3Af5295fa4%3Bm03_new_user%3A-29895%3BpisId%3A5000000204886261&curPageLogUid=qslBtE7b5XiN&utparam-url=scene%3Asearch%7Cquery_from%3A%7Cx_object_id%3A1005008574982178%7C_p_origin_prod%3A
4.7-6.5 inches Phone Holster Universal Phone Pouch for iPhone Samsung Huawei Xiaomi Redmi Waist Bags Belt Clip Cover,$0.99,"https://ae-pic-a1.aliexpress-media.com/kf/S114b666901a74b5a83f1deb3975be2f9s.jpg_220x220q75.jpg_.avif,https://ae-pic-a1.aliexpress-media.com/kf/S89a9af3cd2d2499f9f23ff6ae7b734a5J.jpg_220x220q75.jpg_.avif,https://ae-pic-a1.aliexpress-media.com/kf/Sc70291291b7a4d5d856c1cd359d81066E.jpg_220x220q75.jpg_.avif,https://ae-pic-a1.aliexpress-media.com/kf/S1c7537a91ac04e50a6d1bab600d7f2aey.jpg_220x220q75.jpg_.avif,https://ae-pic-a1.aliexpress-media.com/kf/S309bb857fa25461c9232833480b7ffcaY.jpg_220x220q75.jpg_.avif","['High-concerned chemical', 'None', 'Features', 'With Belt Loop', 'Main Material', 'Pu leather', 'Design', 'Plain', 'Type', 'Phone Bag', 'Brand Name', 'GOLDFOX', 'Origin', 'Mainland China']",https://www.aliexpress.us/item/3256805793197265.html?algo_pvid=68590020-2b54-412f-bf74-61f4fa930795&algo_exp_id=68590020-2b54-412f-bf74-61f4fa930795-23&pdp_ext_f=%7B%22order%22%3A%22106%22%2C%22eval%22%3A%221%22%2C%22fromPage%22%3A%22search%22%7D&pdp_npi=6%40dis%21USD%213.80%210.99%21%21%213.80%210.99%21%400b1bf20a17774000192098135ea744%2112000035149730629%21sea%21US%210%21ABX%211%210%21n_tag%3A-29910%3Bd%3Af5295fa4%3Bm03_new_user%3A-29895%3BpisId%3A5000000203537349&curPageLogUid=UpAnNkiichNs&utparam-url=scene%3Asearch%7Cquery_from%3A%7Cx_object_id%3A1005005979512017%7C_p_origin_prod%3A
A53 A16 Case Wallet Book Stand Capa For Samsung Galaxy A23 A24 A05S A73 A33 A13 A26 A36 A35 37 Case Cover Flip Magnetic Holster,$4.77,"https://ae-pic-a1.aliexpress-media.com/kf/S773685cd9b6d40aa9a0e5f2cd3f87355n.jpg_220x220q75.jpg_.avif,https://ae-pic-a1.aliexpress-media.com/kf/S773685cd9b6d40aa9a0e5f2cd3f87355n.jpg_220x220q75.jpg_.avif,https://ae-pic-a1.aliexpress-media.com/kf/Sf54a15d273184d2bb0db1d5eea635782h.jpg_220x220q75.jpg_.avif,https://ae-pic-a1.aliexpress-media.com/kf/S681eaee382214e828fa94d0aa8b44a1bU.jpg_220x220q75.jpg_.avif,https://ae-pic-a1.aliexpress-media.com/kf/S90ec062ab7d342b5b49726d7947ecbbbe.jpg_220x220q75.jpg_.avif","['High-concerned chemical', 'None', 'Features', 'Magnetic,Anti-Fingerprint,Anti-Scratch,Dustproof,Non-Slip', 'Main Material', 'Leather', 'Design', 'Plain', 'Type', 'Flip Case', 'Origin', 'Mainland China', 'Suitable People', 'Girls,Boys,Female,Male,Woman,Man,Students,Kids,Lady,Gentlemen', 'Feature 1', 'Classic business concise simple men women leather soft tpu phone case', 'Feature 2', 'Luxury Card Slot Phone Accessories Full Body Protect Mobile Phone Case', 'Feature 3', 'Booking Wallet Stand Flip Fold Magnetic Buckle Leather Phone Cover', 'Feature 4', 'Plain Solid Color Fashion Card Holder Shockproof Cases Phone Holster', 'Model 1', 'Case cover for Samsung Galaxy A23 A 23', 'Model 2', 'Case cover for Samsung Galaxy A53 A 53 5G', 'Model 3', 'Case cover for Samsung Galaxy A73 A 73 5G', 'Model 4', 'Case cover for Samsung Galaxy A33 A 33 5G', 'Model 5', 'Case cover for Samsung Galaxy A13 A 13 5G', 'Model 6', 'Case cover for Samsung Galaxy A13 A 13 4G']",https://www.aliexpress.us/item/3256805580638689.html?algo_pvid=68590020-2b54-412f-bf74-61f4fa930795&algo_exp_id=68590020-2b54-412f-bf74-61f4fa930795-24&pdp_ext_f=%7B%22order%22%3A%22106%22%2C%22eval%22%3A%221%22%2C%22fromPage%22%3A%22search%22%7D&pdp_npi=6%40dis%21USD%215.12%215.12%21%21%2134.81%2134.81%21%400b1bf20a17774000192098135ea744%2112000047107683126%21sea%21US%210%21ABX%211%210%21&curPageLogUid=NoMYipkKEfzT&utparam-url=scene%3Asearch%7Cquery_from%3A%7Cx_object_id%3A1005005766953441%7C_p_origin_prod%3A
Nylon Waterproof Dual Pouch 2 Phone Belt Clip Case Holster For Vivo X80 Pro V25 V23 V21 Y31 Y22 Y35 Y16 Y72 Y76 5G Men Waist Bag,$8.80,"https://ae-pic-a1.aliexpress-media.com/kf/Sded428b5fb0843f4b71eb3bfa7d8d66fo.jpg_220x220q75.jpg_.avif,https://ae-pic-a1.aliexpress-media.com/kf/S7d6c5c6dcbad4f39806f1df2dff478e97.jpg_220x220q75.jpg_.avif,https://ae-pic-a1.aliexpress-media.com/kf/Sb67940e4681840beb20633d4c40e7304G.jpg_220x220q75.jpg_.avif,https://ae-pic-a1.aliexpress-media.com/kf/S62c4faad83f4499aab50b99acc3278e5U.jpg_220x220q75.jpg_.avif,https://ae-pic-a1.aliexpress-media.com/kf/S9dc235e7b63a4cdbbb679ad84f38e3cdp.jpg_220x220q75.jpg_.avif","['High-concerned chemical', 'None', 'Features', 'Magnetic,Anti-Fingerprint,Anti-Scratch,Dual Layer,Dustproof,With Holder,Non-Slip,Storage Compartment,Waterproof/Underwater,With Belt Loop', 'Main Material', 'Nylon', 'Design', 'Not Specified', 'Type', 'Phone Bag', 'Brand Name', 'HKNR', 'Origin', 'Mainland China']",https://www.aliexpress.us/item/3256805304886467.html?algo_pvid=68590020-2b54-412f-bf74-61f4fa930795&algo_exp_id=68590020-2b54-412f-bf74-61f4fa930795-26&pdp_ext_f=%7B%22order%22%3A%22105%22%2C%22eval%22%3A%221%22%2C%22fromPage%22%3A%22search%22%7D&pdp_npi=6%40dis%21USD%219.53%218.80%21%21%219.53%218.80%21%400b1bf20a17774000192098135ea744%2112000033291559545%21sea%21US%210%21ABX%211%210%21n_tag%3A-29910%3Bd%3Af5295fa4%3Bm03_new_user%3A-29895%3BpisId%3A5000000204886261&curPageLogUid=VWKM4Rgiyo8R&utparam-url=scene%3Asearch%7Cquery_from%3A%7Cx_object_id%3A1005005491201219%7C_p_origin_prod%3A
FULAIKATE Phone Holster for Samsung Z Flip6 Universal Mobile Pouch for Motorola Razr 50 Ultra Belt Case Bag Men Waist Pocket,$2.48,"https://ae-pic-a1.aliexpress-media.com/kf/Sfc074834f7794dde856d1b78c6e758729.jpg_220x220q75.jpg_.avif,https://ae-pic-a1.aliexpress-media.com/kf/Sfc074834f7794dde856d1b78c6e758729.jpg_220x220q75.jpg_.avif,https://ae-pic-a1.aliexpress-media.com/kf/Sabb6cf02993b4a8baeb37e4b8a3a0c7aR.jpg_220x220q75.jpg_.avif,https://ae-pic-a1.aliexpress-media.com/kf/S965ab208922c4392b60d2ab1c21f6c25m.jpg_220x220q75.jpg_.avif,https://ae-pic-a1.aliexpress-media.com/kf/Sa393efaaf80740768dc8fc7a563109ffl.jpg_220x220q75.jpg_.avif","['High-concerned chemical', 'None', 'Features', 'Dustproof,With Belt Loop', 'Main Material', 'Pu leather', 'Design', 'Plain', 'Type', 'Phone Bag', 'Brand Name', 'FULAIKATE', 'Origin', 'Mainland China', 'Waist Phone Bag', 'for Samsung Galaxy Z Flip6', ""BT2 men's universal phone pouch"", 'for Motorola Zazr 50 Ultra bag', 'Belt Phone Pouch', 'For Huawei P50 Pocket']",https://www.aliexpress.us/item/3256807193852850.html?algo_pvid=68590020-2b54-412f-bf74-61f4fa930795&algo_exp_id=68590020-2b54-412f-bf74-61f4fa930795-29&pdp_ext_f=%7B%22order%22%3A%22104%22%2C%22eval%22%3A%221%22%2C%22fromPage%22%3A%22search%22%7D&pdp_npi=6%40dis%21USD%218.62%218.62%21%21%218.62%218.62%21%400b1bf20a17774000192098135ea744%2112000040501107550%21sea%21US%210%21ABX%211%210%21&curPageLogUid=172gJuVq0Fwt&utparam-url=scene%3Asearch%7Cquery_from%3A%7Cx_object_id%3A1005007380167602%7C_p_origin_prod%3A
Luxury Heart Mirror diamond rhinestone Glitter Case For iPhone 17 16 15 14 13 12 11 Pro Max Plus 17Air 16E Soft Protective Shell,$0.99,"https://ae-pic-a1.aliexpress-media.com/kf/Sf16dce0987834af180f7e3532afd55d6n.jpg_220x220q75.jpg_.avif,https://ae-pic-a1.aliexpress-media.com/kf/Sf16dce0987834af180f7e3532afd55d6n.jpg_220x220q75.jpg_.avif,https://ae-pic-a1.aliexpress-media.com/kf/Sb4362fea06b44efda7c74d5ffe12854dt.png_220x220.png_.avif,https://ae-pic-a1.aliexpress-media.com/kf/S9c0f083cc1be4598b3876212e33e76115.png_220x220.png_.avif,https://ae-pic-a1.aliexpress-media.com/kf/S8303784585094d04adde8f31a9e9d9be1.png_220x220.png_.avif","['High-concerned chemical', 'None', 'Features', 'Shock Proof,Anti-Fingerprint,Anti-Scratch,Soft Case,Mirror Case,Dustproof,Glitter,Non-Slip', 'Main Material', 'Pc + tpu', 'Design', 'Love,Texture,Jewelled,Glitter', 'Type', 'Soft Case', 'Origin', 'Mainland China']",https://www.aliexpress.us/item/3256809675049430.html?algo_pvid=68590020-2b54-412f-bf74-61f4fa930795&algo_exp_id=68590020-2b54-412f-bf74-61f4fa930795-31&pdp_ext_f=%7B%22order%22%3A%22103%22%2C%22eval%22%3A%221%22%2C%22fromPage%22%3A%22search%22%7D&pdp_npi=6%40dis%21USD%218.74%210.99%21%21%2159.39%216.73%21%400b1bf20a17774000192098135ea744%2112000050416630999%21sea%21US%210%21ABX%211%210%21n_tag%3A-29910%3Bd%3Af5295fa4%3Bm03_new_user%3A-29895%3BpisId%3A5000000203537349&curPageLogUid=500HSlMgXIFB&utparam-url=scene%3Asearch%7Cquery_from%3A%7Cx_object_id%3A1005009861364182%7C_p_origin_prod%3A
Luxury Rhinestone Glitter Diamond Leather Fashion Phone Case For Xiaomi Redmi Note 11 12 13 Plus Pro + 4G 5G 11S 12S Soft Cover,$4.23,"https://ae-pic-a1.aliexpress-media.com/kf/Sc880b89997c9401eb3f7fb417b1285f3e.jpg_220x220q75.jpg_.avif,https://ae-pic-a1.aliexpress-media.com/kf/Sc880b89997c9401eb3f7fb417b1285f3e.jpg_220x220q75.jpg_.avif,https://ae-pic-a1.aliexpress-media.com/kf/Sebe50a6bf76040c2981776805621599dw.jpg_220x220q75.jpg_.avif,https://ae-pic-a1.aliexpress-media.com/kf/S4bb7b6377c1949b4bc4a4d6e4d06cd49j.jpg_220x220q75.jpg_.avif,https://ae-pic-a1.aliexpress-media.com/kf/S2d6724b967d84eb29d537fe9af5b00c8s.jpg_220x220q75.jpg_.avif","['High-concerned chemical', 'None', 'Features', 'Shock Proof,Anti-Fingerprint,Anti-Scratch,Soft Case,Non-Slip,Reflective', 'Main Material', 'Artificial leather,Pc + tpu', 'Design', 'Texture,Plain,Starry sky', 'Type', 'Half-Wrapped Case', 'Origin', 'Mainland China', 'Model1', 'Redmi Note 11', 'Model2', 'Redmi Note 11S', 'Model3', 'Redmi Note 11Pro', 'Model4', 'Redmi Note 11ProPlus 5G', 'Model6', 'Redmi Note 12S', 'Model7', 'Redmi Note 12 4G', 'Model8', 'Redmi Note 12 5G', 'Model9', 'Redmi Note 12Pro 4G', 'Model10', 'Redmi Note 12Pro 5G', 'Model11', 'Redmi Note 12ProPlus', 'Model12', 'Redmi Note 13 4G', 'Model13', 'Redmi Note 13 5G', 'Model14', 'Redmi Note 13 Pro 4G', 'Model15', 'Redmi Note 13 Pro 5G', 'Model16', 'Redmi Note 13 ProPlus']",https://www.aliexpress.us/item/3256809064624338.html?algo_pvid=68590020-2b54-412f-bf74-61f4fa930795&algo_exp_id=68590020-2b54-412f-bf74-61f4fa930795-37&pdp_ext_f=%7B%22order%22%3A%2299%22%2C%22eval%22%3A%221%22%2C%22fromPage%22%3A%22search%22%7D&pdp_npi=6%40dis%21USD%219.45%214.23%21%21%2164.18%2128.69%21%400b1bf20a17774000192098135ea744%2112000048477687735%21sea%21US%210%21ABX%211%210%21n_tag%3A-29910%3Bd%3Af5295fa4%3Bm03_new_user%3A-29895%3BpisId%3A5000000204886261&curPageLogUid=7wgbEjyjjaMr&utparam-url=scene%3Asearch%7Cquery_from%3A%7Cx_object_id%3A1005009250939090%7C_p_origin_prod%3A
Hybrid Shockproof Case For Xiaomi Mi 9 Armor Ring Magnetic Car Holder Kickstand Holster Soft Bumper Cover For Xiaomi Mi9 Lite,$0.99,"https://ae-pic-a1.aliexpress-media.com/kf/Sd0d794951a2f4d4d975f7033f9a45669v.jpg_220x220q75.jpg_.avif,https://ae-pic-a1.aliexpress-media.com/kf/S2d9890b931c7427b85db3f469506bfa8E.jpg_220x220q75.jpg_.avif,https://ae-pic-a1.aliexpress-media.com/kf/S3aa7e0190be64c788e1dd698e24c81c9n.jpg_220x220q75.jpg_.avif,https://ae-pic-a1.aliexpress-media.com/kf/S2a506bba3f6a422694bc51081e81d576r.jpg_220x220q75.jpg_.avif,https://ae-pic-a1.aliexpress-media.com/kf/S50fade3eb1934b4cb986ad44e083d6b8P.jpg_220x220q75.jpg_.avif","['High-concerned chemical', 'None', 'Features', 'Heavy Duty,WIth Kickstand', 'Main Material', 'Pc + tpu', 'Design', 'Plain,Geometric', 'Type', 'Half-Wrapped Case', 'Origin', 'Mainland China', 'Color', 'Black, Dark Blue, Red', 'Quality', 'Top A+++++']",https://www.aliexpress.us/item/2255800343264357.html?algo_pvid=68590020-2b54-412f-bf74-61f4fa930795&algo_exp_id=68590020-2b54-412f-bf74-61f4fa930795-38&pdp_ext_f=%7B%22order%22%3A%2299%22%2C%22eval%22%3A%221%22%2C%22fromPage%22%3A%22search%22%7D&pdp_npi=6%40dis%21USD%213.98%210.99%21%21%213.98%210.99%21%400b1bf20a17774000192098135ea744%2110000002692938994%21sea%21US%210%21ABX%211%210%21n_tag%3A-29910%3Bd%3Af5295fa4%3Bm03_new_user%3A-29895%3BpisId%3A5000000203537349&curPageLogUid=iqHYTick80IO&utparam-url=scene%3Asearch%7Cquery_from%3A%7Cx_object_id%3A4000529579109%7C_p_origin_prod%3A
"Corded telephone,Black Caller ID Telephone,Basic Desk/Wall Mountable Analog Landline Phone for Home",$13.09,"https://ae-pic-a1.aliexpress-media.com/kf/Sa6f95ed4aa90464385212d8e21926b18F.jpg_220x220q75.jpg_.avif,https://ae-pic-a1.aliexpress-media.com/kf/Sa6f95ed4aa90464385212d8e21926b18F.jpg_220x220q75.jpg_.avif,https://ae-pic-a1.aliexpress-media.com/kf/S14b052f684704c128900354f4255a622K.jpg_220x220q75.jpg_.avif,https://ae-pic-a1.aliexpress-media.com/kf/Se9c6e91922aa48ca829e96ba0e94d4e6v.jpg_220x220q75.jpg_.avif,https://ae-pic-a1.aliexpress-media.com/kf/Sf0cc6c8cb2c64499afc2f9ff83389a0dQ.jpg_220x220q75.jpg_.avif","['High-concerned chemical', 'None', 'Type', 'Phones', 'Wire Type', 'Corded', 'Voice Mail', 'No', 'Model Number', 'CIID300B', 'Brand Name', 'TelPal', 'Origin', 'Mainland China', 'Certification', 'CE']",https://www.aliexpress.us/item/3256805359977770.html?algo_pvid=68590020-2b54-412f-bf74-61f4fa930795&algo_exp_id=68590020-2b54-412f-bf74-61f4fa930795-41&pdp_ext_f=%7B%22order%22%3A%2298%22%2C%22eval%22%3A%221%22%2C%22fromPage%22%3A%22search%22%7D&pdp_npi=6%40dis%21USD%2138.84%2113.09%21%21%21263.87%2188.95%21%400b1bf20a17774000192098135ea744%2112000033488823780%21sea%21US%210%21ABX%211%210%21n_tag%3A-29910%3Bd%3Af5295fa4%3Bm03_new_user%3A-29895%3BpisId%3A5000000204886261&curPageLogUid=r69NZk32r1jF&utparam-url=scene%3Asearch%7Cquery_from%3A%7Cx_object_id%3A1005005546292522%7C_p_origin_prod%3A
Rhinestone bling crystal phone case chain for iPhone17 16 12 13 14 15pro Max X Xs XR 7 8 plus se 2 3 10 transparent bumper cover,$26.30,"https://ae-pic-a1.aliexpress-media.com/kf/Se2b12ce092d14902803c9c514f9efc21u.jpg_220x220q75.jpg_.avif,https://ae-pic-a1.aliexpress-media.com/kf/Sf543013624b0409b88904dcabae695f5M.jpg_220x220q75.jpg_.avif,https://ae-pic-a1.aliexpress-media.com/kf/S217a6ba4c31d42a18688c26bf825b572W.jpg_220x220q75.jpg_.avif,https://ae-pic-a1.aliexpress-media.com/kf/S9227e2a797934e1abcf1e265bd91ad5bg.jpg_220x220q75.jpg_.avif,https://ae-pic-a1.aliexpress-media.com/kf/Sa1657376cd7e48b18338c9f9554c33a1I.jpg_220x220q75.jpg_.avif","['High-concerned chemical', 'None', 'Features', 'No Features', 'Main Material', 'Plastic', 'Design', 'Glitter', 'Type', 'Half-Wrapped Case', 'Brand Name', 'Sanrio', 'Origin', 'Mainland China']",https://www.aliexpress.us/item/3256807746363085.html?algo_pvid=68590020-2b54-412f-bf74-61f4fa930795&algo_exp_id=68590020-2b54-412f-bf74-61f4fa930795-42&pdp_ext_f=%7B%22order%22%3A%2298%22%2C%22eval%22%3A%221%22%2C%22fromPage%22%3A%22search%22%7D&pdp_npi=6%40dis%21USD%2153.01%2126.30%21%21%21360.15%21178.73%21%400b1bf20a17774000192098135ea744%2112000052837147494%21sea%21US%210%21ABX%211%210%21n_tag%3A-29910%3Bd%3Af5295fa4%3Bm03_new_user%3A-29895%3BpisId%3A5000000203537339&curPageLogUid=xZkbTdhxQynp&utparam-url=scene%3Asearch%7Cquery_from%3A%7Cx_object_id%3A1005007932677837%7C_p_origin_prod%3A
Telephone Butt Test Tester Lineman Tool Cable Set with Connectors and Joiner for HOUSE TELEPHONES test phone,$6.12,"https://ae-pic-a1.aliexpress-media.com/kf/Sf3e3dbae5a74417c9e9624d43a6eda45R.jpg_220x220q75.jpg_.avif,https://ae-pic-a1.aliexpress-media.com/kf/S307381c729264a6794dd932a13ab9ea34.jpg_220x220q75.jpg_.avif,https://ae-pic-a1.aliexpress-media.com/kf/S034d1794bf0e4a0fa0837a142a4002d0k.jpg_220x220q75.jpg_.avif,https://ae-pic-a1.aliexpress-media.com/kf/Sfb6107ad8f454bb699e20d779696f2c6S.jpg_220x220q75.jpg_.avif,https://ae-pic-a1.aliexpress-media.com/kf/S96c42e43008d41028ac4316cc7221885d.jpg_220x220q75.jpg_.avif","['High-concerned chemical', 'None', 'Brand Name', 'VBESTLIFE', 'Origin', 'Mainland China', 'Certification', 'NONE', 'Model', 'S-4', 'Colour', 'Dark Grey', 'Functions', 'Call Caller ID Line Detection', 'TYPE1', 'Telecom Check Tool', 'TYPE2', 'Telephone Butt Test Tester', 'TYPE3', 'Electrical Tools', 'TYPE4', 'test phone', 'TYPE5', 'HOUSE TELEPHONES']",https://www.aliexpress.us/item/3256803849804367.html?algo_pvid=68590020-2b54-412f-bf74-61f4fa930795&algo_exp_id=68590020-2b54-412f-bf74-61f4fa930795-43&pdp_ext_f=%7B%22order%22%3A%2297%22%2C%22eval%22%3A%221%22%2C%22fromPage%22%3A%22search%22%7D&pdp_npi=6%40dis%21USD%2111.62%216.12%21%21%2111.62%216.12%21%400b1bf20a17774000192098135ea744%2112000027815098994%21sea%21US%210%21ABX%211%210%21n_tag%3A-29910%3Bd%3Af5295fa4%3Bm03_new_user%3A-29895%3BpisId%3A5000000203537339&curPageLogUid=iwH0hKiR0t6k&utparam-url=scene%3Asearch%7Cquery_from%3A%7Cx_object_id%3A1005004036119119%7C_p_origin_prod%3A
Fiber Optic Hybrid Adapter APC/UPC SC Male to UPC FC/LC/SC/ST Female - Single-mode Multimode MO3 Optical Converter Connector,$2.38,"https://ae-pic-a1.aliexpress-media.com/kf/Sb3691088458d4900b3cd4c707f8abe092.jpg_220x220q75.jpg_.avif,https://ae-pic-a1.aliexpress-media.com/kf/Sf04888d589ab48e6bb26441848f4ad14E.jpg_220x220q75.jpg_.avif,https://ae-pic-a1.aliexpress-media.com/kf/Scd51c126b95c4515ae9422da053c481ab.jpg_220x220q75.jpg_.avif,https://ae-pic-a1.aliexpress-media.com/kf/Sf6c59c453f874990a11b75df1d5f41b3L.jpg_220x220q75.jpg_.avif,https://ae-pic-a1.aliexpress-media.com/kf/S9b57a1f97eca416ea22f0d28cffb0685R.jpg_220x220q75.jpg_.avif","['High-concerned chemical', 'None', 'Model Number', 'NONE', 'Brand Name', 'LYNNDM', 'Origin', 'Mainland China']",https://www.aliexpress.us/item/3256810308364244.html?algo_pvid=68590020-2b54-412f-bf74-61f4fa930795&algo_exp_id=68590020-2b54-412f-bf74-61f4fa930795-47&pdp_ext_f=%7B%22order%22%3A%2295%22%2C%22eval%22%3A%221%22%2C%22fromPage%22%3A%22search%22%7D&pdp_npi=6%40dis%21USD%212.88%212.38%21%21%2119.57%2116.17%21%400b1bf20a17774000192098135ea744%2112000052588068941%21sea%21US%210%21ABX%211%210%21n_tag%3A-29910%3Bd%3Af5295fa4%3Bm03_new_user%3A-29895%3BpisId%3A5000000204886261&curPageLogUid=QgmaEBF18VHv&utparam-url=scene%3Asearch%7Cquery_from%3A%7Cx_object_id%3A1005010494678996%7C_p_origin_prod%3A
"Nylon Belt Clip Phone Case Waist Bag Cover For iPhone 16 15 17 13 Pro Max 7 Plus,Samsung S25 S24 S23 S22 Ultra A17 Holster Pouch",$4.37,"https://ae-pic-a1.aliexpress-media.com/kf/Sb2eec056c0f7414a9d2b8e77aaa30eb8A.jpg_220x220q75.jpg_.avif,https://ae-pic-a1.aliexpress-media.com/kf/S0d90a39a39164cd0bb0497c09b179e65N.jpg_220x220q75.jpg_.avif,https://ae-pic-a1.aliexpress-media.com/kf/S8e078a3862ba4250b1e6bb8be6ae370cS.jpg_220x220q75.jpg_.avif,https://ae-pic-a1.aliexpress-media.com/kf/Sca0a954246da45e7acc5bc0bd9275698e.jpg_220x220q75.jpg_.avif,https://ae-pic-a1.aliexpress-media.com/kf/Sc45b3dc38ddd48ef9793f1a0ce0ebbd7b.jpg_220x220q75.jpg_.avif","['High-concerned chemical', 'None', 'Features', 'Magnetic,Anti-Fingerprint,Anti-Scratch,Dustproof,With Holder,Non-Slip,Waterproof/Underwater,With Belt Loop', 'Main Material', 'Nylon', 'Design', 'Plain', 'Type', 'Phone Bag', 'Brand Name', 'HKNR', 'Origin', 'Mainland China']",https://www.aliexpress.us/item/3256805554071392.html?algo_pvid=68590020-2b54-412f-bf74-61f4fa930795&algo_exp_id=68590020-2b54-412f-bf74-61f4fa930795-49&pdp_ext_f=%7B%22order%22%3A%2295%22%2C%22eval%22%3A%221%22%2C%22fromPage%22%3A%22search%22%7D&pdp_npi=6%40dis%21USD%2110.10%214.37%21%21%2110.10%214.37%21%400b1bf20a17774000192098135ea744%2112000034175025432%21sea%21US%210%21ABX%211%210%21n_tag%3A-29910%3Bd%3Af5295fa4%3Bm03_new_user%3A-29895%3BpisId%3A5000000203537339&curPageLogUid=13Knr1Uio61L&utparam-url=scene%3Asearch%7Cquery_from%3A%7Cx_object_id%3A1005005740386144%7C_p_origin_prod%3A
Pockets Phone Bag Pouch Case For Samsung Galaxy S23 S22 S21 Ultra Plus iPhone 15 14 13 12 Pro Max XR XS Belt Clip Holster Cover,$4.88,"https://ae-pic-a1.aliexpress-media.com/kf/S66e0db6f05fb47b792866f09a844fc92P.jpg_220x220q75.jpg_.avif,https://ae-pic-a1.aliexpress-media.com/kf/S66e0db6f05fb47b792866f09a844fc92P.jpg_220x220q75.jpg_.avif,https://ae-pic-a1.aliexpress-media.com/kf/S0cc737ce73104722ac6ce18ed5cb9086b.jpg_220x220q75.jpg_.avif,https://ae-pic-a1.aliexpress-media.com/kf/S7d6d9ddf82af422c8b49e1aa80532edcK.jpg_220x220q75.jpg_.avif,https://ae-pic-a1.aliexpress-media.com/kf/S87ac534a0d5147a4ab9fcfd151294d54I.jpg_220x220q75.jpg_.avif","['High-concerned chemical', 'None', 'Features', 'Washable,Anti-Scratch,Dustproof,lightweight,With Belt Loop', 'Main Material', 'Nylon', 'Design', 'Plain', 'Type', 'Pouch,Phone Bag', 'Brand Name', 'iwennew', 'Origin', 'Mainland China']",https://www.aliexpress.us/item/3256805478003561.html?algo_pvid=68590020-2b54-412f-bf74-61f4fa930795&algo_exp_id=68590020-2b54-412f-bf74-61f4fa930795-52&pdp_ext_f=%7B%22order%22%3A%2294%22%2C%22eval%22%3A%221%22%2C%22fromPage%22%3A%22search%22%7D&pdp_npi=6%40dis%21USD%215.38%214.88%21%21%215.38%214.88%21%400b1bf20a17774000192098135ea744%2112000033940940243%21sea%21US%210%21ABX%211%210%21n_tag%3A-29910%3Bd%3Af5295fa4%3Bm03_new_user%3A-29895%3BpisId%3A5000000204886261&curPageLogUid=7l0ySJI7bA3o&utparam-url=scene%3Asearch%7Cquery_from%3A%7Cx_object_id%3A1005005664318313%7C_p_origin_prod%3A
"Call Blocker for Landline Phones, 4000 Groups Large Capacity Prevent Harassment Caller ID Box with LCD Display",$16.70,"https://ae-pic-a1.aliexpress-media.com/kf/S52f44cd2b021447094f7b2585431b6e2G.jpg?has_lang=1&ver=2_220x220q75.jpg_.avif,https://ae-pic-a1.aliexpress-media.com/kf/S52f44cd2b021447094f7b2585431b6e2G.jpg?has_lang=1&ver=2_220x220q75.jpg_.avif,https://ae-pic-a1.aliexpress-media.com/kf/Sa72ff6d8914a4ec29bb14ffb9bb1cfa4j.jpg?has_lang=1&ver=2_220x220q75.jpg_.avif,https://ae-pic-a1.aliexpress-media.com/kf/S9e744c2935e945ec81db7e6a6f139ab6V.jpg?has_lang=1&ver=2_220x220q75.jpg_.avif,https://ae-pic-a1.aliexpress-media.com/kf/Scd4f6927e4964f5a9f00c25116dba9ceI.jpg?has_lang=1&ver=2_220x220q75.jpg_.avif","['High-concerned chemical', 'None', 'Type', 'Parts', 'Voice Mail', 'No', 'Model Number', '803', 'Brand Name', 'CHEETA', 'Origin', 'Mainland China', 'Certification', 'CE', 'Color', 'Black', 'Certificate', 'CE', 'Material', 'ABS plastic', 'Style', 'Modern', 'Product Name', 'call blocker']",https://www.aliexpress.us/item/3256809424082114.html?algo_pvid=68590020-2b54-412f-bf74-61f4fa930795&algo_exp_id=68590020-2b54-412f-bf74-61f4fa930795-53&pdp_ext_f=%7B%22order%22%3A%2292%22%2C%22eval%22%3A%221%22%2C%22fromPage%22%3A%22search%22%7D&pdp_npi=6%40dis%21USD%2123.87%2116.70%21%21%21162.15%21113.44%21%400b1bf20a17774000192098135ea744%2112000049626927418%21sea%21US%210%21ABX%211%210%21n_tag%3A-29910%3Bd%3Af5295fa4%3Bm03_new_user%3A-29895%3BpisId%3A5000000203537339&curPageLogUid=LBbwOC6LrBkY&utparam-url=scene%3Asearch%7Cquery_from%3A%7Cx_object_id%3A1005009610396866%7C_p_origin_prod%3A
For Samsung Galaxy Z Flip 6 /Flip 5 /Flip 4 Flip 3 /Flip2 Belt Clip Holster Case Cover PU Leather Waist Bag For Motorola Razr 50,$7.44,"https://ae-pic-a1.aliexpress-media.com/kf/S4fb760be09ec4025a93b6488fe26db15a.jpg_220x220q75.jpg_.avif,https://ae-pic-a1.aliexpress-media.com/kf/Ha5781606d655402ca05719f97ea49038w.jpg_220x220q75.jpg_.avif,https://ae-pic-a1.aliexpress-media.com/kf/Haab6a11ef5c045ad8c5cc24eb1c973c6U.jpg_220x220q75.jpg_.avif,https://ae-pic-a1.aliexpress-media.com/kf/Hdaf38adbc87e466ebb0315ffd1d29194m.jpg_220x220q75.jpg_.avif,https://ae-pic-a1.aliexpress-media.com/kf/S133377a14861453cb575427454d45a307.jpg_220x220q75.jpg_.avif","['High-concerned chemical', 'None', 'Features', 'Anti-Scratch,Dustproof,With Clip', 'Main Material', 'Artificial leather,Leather', 'Design', 'Plain', 'Type', 'Pouch', 'Brand Name', 'FaLi Qisubao', 'Origin', 'Mainland China', 'Compatible Brand', 'Samsung', 'Material', 'PU Leather', 'Size', '11.5cm x 8.8cm x 4.5cm', 'Style', 'Suitable For a Variety of Folding phones', 'Compatible Model 1', 'For Samsung Galaxy Z Flip 4 5G', 'Compatible Model 2', 'For Samsung Galaxy Z Flip 3 5G', 'Compatible Model 3', 'For Samsung Galaxy Z Flip 2 5G', 'Compatible Model 4', 'For Samsung Galaxy Z Flip 6', 'Compatible Model 5', 'For Motorola Razr 50', 'Compatible Model 6', 'For Motorola Razr 40']",https://www.aliexpress.us/item/3256803366659506.html?algo_pvid=68590020-2b54-412f-bf74-61f4fa930795&algo_exp_id=68590020-2b54-412f-bf74-61f4fa930795-54&pdp_ext_f=%7B%22order%22%3A%2292%22%2C%22eval%22%3A%221%22%2C%22fromPage%22%3A%22search%22%7D&pdp_npi=6%40dis%21USD%217.94%217.44%21%21%217.94%217.44%21%400b1bf20a17774000192098135ea744%2112000026259830845%21sea%21US%210%21ABX%211%210%21n_tag%3A-29910%3Bd%3Af5295fa4%3Bm03_new_user%3A-29895%3BpisId%3A5000000204886261&curPageLogUid=OgMCdAQ9q01D&utparam-url=scene%3Asearch%7Cquery_from%3A%7Cx_object_id%3A1005003552974258%7C_p_origin_prod%3A
Universal Leather Phone Belt Clip Case Waist Bag For iPhone 15 14 13 12 Pro Max Samsung S23 Xiaomi Huawei Vertical Holster Cover,$5.90,"https://ae-pic-a1.aliexpress-media.com/kf/S21ef94823b044e2d8921cb33f13c5a1fa.jpg_220x220q75.jpg_.avif,https://ae-pic-a1.aliexpress-media.com/kf/Se74d4008e81b4d4db5070a8d0ccd6a13Z.jpg_220x220q75.jpg_.avif,https://ae-pic-a1.aliexpress-media.com/kf/S6f04057b29b74ff8bb367048548f096dd.jpg_220x220q75.jpg_.avif,https://ae-pic-a1.aliexpress-media.com/kf/S2233384d06c645b183a4330c1565054a8.jpg_220x220q75.jpg_.avif,https://ae-pic-a1.aliexpress-media.com/kf/Sd2e2e58802b74454bcfa6d7b74bfcefaz.jpg_220x220q75.jpg_.avif","['High-concerned chemical', 'None', 'Features', 'Magnetic,Anti-Fingerprint,Anti-Scratch,Dustproof,lightweight,Matte / Anti-Glare,Non-Slip,With Belt Loop', 'Main Material', 'Pu leather', 'Design', 'Plain', 'Type', 'Pouch', 'Brand Name', 'HKNR', 'Origin', 'Mainland China']",https://www.aliexpress.us/item/3256806927792063.html?algo_pvid=68590020-2b54-412f-bf74-61f4fa930795&algo_exp_id=68590020-2b54-412f-bf74-61f4fa930795-58&pdp_ext_f=%7B%22order%22%3A%2289%22%2C%22eval%22%3A%221%22%2C%22fromPage%22%3A%22search%22%7D&pdp_npi=6%40dis%21USD%216.55%215.90%21%21%216.55%215.90%21%400b1bf20a17774000192098135ea744%2112000039586962028%21sea%21US%210%21ABX%211%210%21n_tag%3A-29910%3Bd%3Af5295fa4%3Bm03_new_user%3A-29895%3BpisId%3A5000000204886261&curPageLogUid=0Gin6h0PNwNn&utparam-url=scene%3Asearch%7Cquery_from%3A%7Cx_object_id%3A1005007114106815%7C_p_origin_prod%3A
Test Telephone Set Corded Phone with LCD Caller Display Home Offices Telephone,$10.92,"https://ae-pic-a1.aliexpress-media.com/kf/S997aebfbd917439396ff79deb4612e4bq.jpg_220x220q75.jpg_.avif,https://ae-pic-a1.aliexpress-media.com/kf/S821d53f2a7334288a5c84d04faf562275.jpg_220x220q75.jpg_.avif,https://ae-pic-a1.aliexpress-media.com/kf/Sba295b9ed6be4882a42ec5d5b154004e4.jpg_220x220q75.jpg_.avif,https://ae-pic-a1.aliexpress-media.com/kf/S003df7867eec4576b8330b0ced9b45dbg.jpg_220x220q75.jpg_.avif,https://ae-pic-a1.aliexpress-media.com/kf/S9368a4c30ebd4e589182da864d12a99d6.jpg_220x220q75.jpg_.avif","['High-concerned chemical', 'None', 'Type', 'Phones', 'Wire Type', 'Corded', 'Voice Mail', 'No', 'Model Number', 'T5UA13AC805874', 'Origin', 'Mainland China', 'Certification', 'NONE', 'Component', 'ABS', 'Size', 'about 145x45x20mm/5.71x1.77x0.79in', 'Color', 'Dark Gray', 'Support', 'DTMF caller information automatic identification and display,Last number replays function,Date and time display,Can be used as regular phone']",https://www.aliexpress.us/item/3256809284006553.html?algo_pvid=68590020-2b54-412f-bf74-61f4fa930795&algo_exp_id=68590020-2b54-412f-bf74-61f4fa930795-59&pdp_ext_f=%7B%22order%22%3A%2289%22%2C%22eval%22%3A%221%22%2C%22fromPage%22%3A%22search%22%7D&pdp_npi=6%40dis%21USD%2111.42%2110.92%21%21%2111.42%2110.92%21%400b1bf20a17774000192098135ea744%2112000049202642569%21sea%21US%210%21ABX%211%210%21n_tag%3A-29910%3Bd%3Af5295fa4%3Bm03_new_user%3A-29895%3BpisId%3A5000000204886261&curPageLogUid=oReEPJJKpGsE&utparam-url=scene%3Asearch%7Cquery_from%3A%7Cx_object_id%3A1005009470321305%7C_p_origin_prod%3A
Natalink FC LC ST Optical power meter FC Adapter for Red Pen Metal Cap Fiber Optic Connector Kit Optical Power Meter Conversion,$1.63,"https://ae-pic-a1.aliexpress-media.com/kf/Sfed130b26c214bbba966c99876acc78eU.jpg_220x220q75.jpg_.avif,https://ae-pic-a1.aliexpress-media.com/kf/S00c5ac3bac004bf295357b27e1edf235L.jpg_220x220q75.jpg_.avif,https://ae-pic-a1.aliexpress-media.com/kf/S8850a1b260314087a23a5464d1c8a230D.jpg_220x220q75.jpg_.avif,https://ae-pic-a1.aliexpress-media.com/kf/Sfef6d18b96ab4dafa45f11a14d8089e7N.jpg_220x220q75.jpg_.avif,https://ae-pic-a1.aliexpress-media.com/kf/S4bc57653240241b49924501cd5ad6279u.jpg_220x220q75.jpg_.avif","['High-concerned chemical', 'None', 'Model Number', 'S9-OTDR-ST-001', 'Brand Name', 'NATALINK', 'Origin', 'Mainland China', 'Product name', 'Optical power meter ST/FC/LC head adapter', 'Product material', 'Metal', 'Operating temperature', '-40°C+75°C', 'Plug and unplug times', '>1000', 'Storage temperature', '-55°C+85°C']",https://www.aliexpress.us/item/3256808377466489.html?algo_pvid=494f56da-13a6-46e9-8358-35214225de0d&algo_exp_id=494f56da-13a6-46e9-8358-35214225de0d-0&pdp_ext_f=%7B%22order%22%3A%22142%22%2C%22eval%22%3A%221%22%2C%22fromPage%22%3A%22search%22%7D&pdp_npi=6%40dis%21USD%212.19%211.63%21%21%212.19%211.63%21%40213ba8cc17774004471036778e6f94%2112000045734429334%21sea%21US%210%21ABX%211%210%21n_tag%3A-29910%3Bd%3Af5295fa4%3Bm03_new_user%3A-29895%3BpisId%3A5000000204886261&curPageLogUid=TxORWlIKHS15&utparam-url=scene%3Asearch%7Cquery_from%3A%7Cx_object_id%3A1005008563781241%7C_p_origin_prod%3A
Black With Belt Clip Waist Bag Pouch Wallet Case Cell Phone Holster Mobile Phone Bags Phone Pouch,$2.01,"https://ae-pic-a1.aliexpress-media.com/kf/Sd35adf0a8efa4e8aa6971258ffb99c49T.jpg_220x220q75.jpg_.avif,https://ae-pic-a1.aliexpress-media.com/kf/Sd35adf0a8efa4e8aa6971258ffb99c49T.jpg_220x220q75.jpg_.avif,https://ae-pic-a1.aliexpress-media.com/kf/S02668e19378b43cdbefd5499570bfaebl.jpg_220x220q75.jpg_.avif,https://ae-pic-a1.aliexpress-media.com/kf/S6d13ed7da1e346c280d96f6ab3711228A.jpg_220x220q75.jpg_.avif,https://ae-pic-a1.aliexpress-media.com/kf/S69e2e00655244b48918e1c1cef38ec82Q.jpg_220x220q75.jpg_.avif","['High-concerned chemical', 'None', 'Features', 'Washable,Dustproof,Waterproof/Underwater', 'Main Material', 'Others', 'Design', 'Plain', 'Type', 'Pouch', 'Origin', 'Mainland China']",https://www.aliexpress.us/item/3256809448185276.html?algo_pvid=494f56da-13a6-46e9-8358-35214225de0d&algo_exp_id=494f56da-13a6-46e9-8358-35214225de0d-1&pdp_ext_f=%7B%22order%22%3A%22142%22%2C%22eval%22%3A%221%22%2C%22fromPage%22%3A%22search%22%7D&pdp_npi=6%40dis%21USD%213.92%212.01%21%21%2126.64%2113.65%21%40213ba8cc17774004471036778e6f94%2112000049706914976%21sea%21US%210%21ABX%211%210%21n_tag%3A-29910%3Bd%3Af5295fa4%3Bm03_new_user%3A-29895%3BpisId%3A5000000204886261&curPageLogUid=CIenVTk4cqHy&utparam-url=scene%3Asearch%7Cquery_from%3A%7Cx_object_id%3A1005009634500028%7C_p_origin_prod%3A
Luxury Rhinestone Heart Makeup Mirror Case For iPhone 16 15 14 13 12 11 Pro Max X XR 7 8 Plus Transparent Shockproof Soft Cover,$2.10,"https://ae-pic-a1.aliexpress-media.com/kf/S059f8805e4104feaae114ef6a034d246v.jpg_220x220q75.jpg_.avif,https://ae-pic-a1.aliexpress-media.com/kf/S059f8805e4104feaae114ef6a034d246v.jpg_220x220q75.jpg_.avif,https://ae-pic-a1.aliexpress-media.com/kf/Se600d875df7542b2a2bc5c4bf82e4d37F.jpg_220x220q75.jpg_.avif,https://ae-pic-a1.aliexpress-media.com/kf/S9ddc35abfdbf41ab9244e4c25ab46beb6.jpg_220x220q75.jpg_.avif,https://ae-pic-a1.aliexpress-media.com/kf/S9de5b8d3468a408fab0ddf145e6d4ac9N.jpg_220x220q75.jpg_.avif","['High-concerned chemical', 'None', 'Features', 'Anti-Scratch,Dustproof,lightweight,Non-Slip', 'Design', 'Plain,Cartoon,Animal,Pictorial', 'Type', 'Half-Wrapped Case', 'Origin', 'Mainland China', 'Compatible Brand', 'APPLE', 'Support', 'Dropshipping,Wholesale,Retail', 'Category1', 'Mobile Phone Accessories', 'Category2', 'Mobile Bags and Cases', 'Category3', 'Phone and Telecommunications', 'Feature1', 'Fashion Phone Case', 'Feature2', 'Stylish Phone Case', 'Feature3', 'High Quality Phone Case', 'Feature4', 'Personalized Phone Case', 'Feature5', 'Drop Proof Phone Case', 'Feature6', 'Shockproof Phone Case', 'Feature7', 'Soft Phone Case', 'Feature8', 'Fitted Case', 'Feature9', 'Soft TPU Phone Case', 'Feature10', 'Luxury Glitter Phone Case', 'Feature11', 'Stylish Phone Case', 'Feature12', 'Rhinestone Love Makeup mirror', 'Color1', 'Transparent']",https://www.aliexpress.us/item/3256807400763198.html?algo_pvid=494f56da-13a6-46e9-8358-35214225de0d&algo_exp_id=494f56da-13a6-46e9-8358-35214225de0d-2&pdp_ext_f=%7B%22order%22%3A%22141%22%2C%22eval%22%3A%221%22%2C%22fromPage%22%3A%22search%22%7D&pdp_npi=6%40dis%21USD%212.60%212.10%21%21%212.60%212.10%21%40213ba8cc17774004471036778e6f94%2112000041405903016%21sea%21US%210%21ABX%211%210%21n_tag%3A-29910%3Bd%3Af5295fa4%3Bm03_new_user%3A-29895%3BpisId%3A5000000204886261&curPageLogUid=S0EQnrjj4uVr&utparam-url=scene%3Asearch%7Cquery_from%3A%7Cx_object_id%3A1005007587077950%7C_p_origin_prod%3A
Hello Kitty Rhinestone Bling Crystal Phone Case Chain For iPhone17 16 15 14 13 12 11Pro Max X Xs XR 7 8 Plus Transparent Bumper,$23.95,"https://ae-pic-a1.aliexpress-media.com/kf/S3f1cb3634c1f4637b992dc7e2f12f462q.jpg_220x220q75.jpg_.avif,https://ae-pic-a1.aliexpress-media.com/kf/S3f1cb3634c1f4637b992dc7e2f12f462q.jpg_220x220q75.jpg_.avif,https://ae-pic-a1.aliexpress-media.com/kf/Sf92578c989ce4982aea740683e574f3da.jpg_220x220q75.jpg_.avif,https://ae-pic-a1.aliexpress-media.com/kf/S2531c738f8064a91b70d56e5bdf21110Z.jpg_220x220q75.jpg_.avif,https://ae-pic-a1.aliexpress-media.com/kf/Sc82a255dfc2a400fb16f052106b8562bi.jpg_220x220q75.jpg_.avif","['High-concerned chemical', 'None', 'Features', 'No Features', 'Main Material', 'Plastic', 'Design', 'Glitter', 'Type', 'Half-Wrapped Case', 'Brand Name', 'Sanrio', 'Origin', 'Mainland China', 'Hign-concerned Chemical', 'None', 'Origin', 'Mainland China', 'Features', 'No Features', 'Main materials', 'Plastic', 'Type', 'Half-Wrapped Case', 'Design', 'Glitter']",https://www.aliexpress.us/item/3256808804862862.html?algo_pvid=494f56da-13a6-46e9-8358-35214225de0d&algo_exp_id=494f56da-13a6-46e9-8358-35214225de0d-6&pdp_ext_f=%7B%22order%22%3A%22138%22%2C%22eval%22%3A%221%22%2C%22fromPage%22%3A%22search%22%7D&pdp_npi=6%40dis%21USD%2137.61%2123.95%21%21%21255.50%21162.67%21%40213ba8cc17774004471036778e6f94%2112000050437454732%21sea%21US%210%21ABX%211%210%21n_tag%3A-29910%3Bd%3Af5295fa4%3Bm03_new_user%3A-29895%3BpisId%3A5000000204886261&curPageLogUid=Zt14fHdN7rCZ&utparam-url=scene%3Asearch%7Cquery_from%3A%7Cx_object_id%3A1005008991177614%7C_p_origin_prod%3A
Vintage Landline Phone Retro Landline Corded Telephone Push Button Dialing Desk Telephone for Home Office Decoration -telefone,$11.19,"https://ae-pic-a1.aliexpress-media.com/kf/S7d0033b801144ecfa21a371d13b23251a.jpg_220x220q75.jpg_.avif,https://ae-pic-a1.aliexpress-media.com/kf/S7d0033b801144ecfa21a371d13b23251a.jpg_220x220q75.jpg_.avif,https://ae-pic-a1.aliexpress-media.com/kf/Scaa6b5d95d7f497cb383667106b7e6dal.jpg_220x220q75.jpg_.avif,https://ae-pic-a1.aliexpress-media.com/kf/S45afc7e2448d4e0d96eaa04da6102ed2W.jpg_220x220q75.jpg_.avif,https://ae-pic-a1.aliexpress-media.com/kf/Sd2a2080e17c34abe813f16c4d6482014y.jpg_220x220q75.jpg_.avif","['High-concerned chemical', 'None', 'Type', 'Phones', 'Wire Type', 'Corded', 'Voice Mail', 'No', 'Model Number', 'Vintage Landline Phone', 'Brand Name', 'ZJMZYM', 'Origin', 'Mainland China', 'Certification', 'NONE', 'Product Number', 'LG0163', 'Material', 'ABS']",https://www.aliexpress.us/item/2255800201935854.html?algo_pvid=494f56da-13a6-46e9-8358-35214225de0d&algo_exp_id=494f56da-13a6-46e9-8358-35214225de0d-9&pdp_ext_f=%7B%22order%22%3A%22137%22%2C%22eval%22%3A%221%22%2C%22fromPage%22%3A%22search%22%7D&pdp_npi=6%40dis%21USD%2111.69%2111.19%21%21%2179.43%2176.03%21%40213ba8cc17774004471036778e6f94%2112000056023405149%21sea%21US%210%21ABX%211%210%21n_tag%3A-29910%3Bd%3Af5295fa4%3Bm03_new_user%3A-29895%3BpisId%3A5000000204886261&curPageLogUid=VjIBp4yyot3j&utparam-url=scene%3Asearch%7Cquery_from%3A%7Cx_object_id%3A4000388250606%7C_p_origin_prod%3A
Book Style Wallet Card Holster Flip Case For Samsung Galaxy A04E A04S A10 A10E A10S A01 A02 A03 Core A02S A03S Capa Covers Coque,$3.43,"https://ae-pic-a1.aliexpress-media.com/kf/S773685cd9b6d40aa9a0e5f2cd3f87355n.jpg_220x220q75.jpg_.avif,https://ae-pic-a1.aliexpress-media.com/kf/S773685cd9b6d40aa9a0e5f2cd3f87355n.jpg_220x220q75.jpg_.avif,https://ae-pic-a1.aliexpress-media.com/kf/S2b4a2d6e0b8e4538976b797bc583868dj.jpg_220x220q75.jpg_.avif,https://ae-pic-a1.aliexpress-media.com/kf/S68517bc85486466b810b663039dcfa87n.jpg_220x220q75.jpg_.avif,https://ae-pic-a1.aliexpress-media.com/kf/S1a7d97a5fda042c692ae2da93a93aa34K.jpg_220x220q75.jpg_.avif","['High-concerned chemical', 'None', 'Features', 'Magnetic,Anti-Fingerprint,Anti-Scratch,Dustproof,With Holder,With Lanyard,lightweight', 'Main Material', 'Leather,Others', 'Design', 'Plain', 'Type', 'Wallet Case', 'Origin', 'Mainland China', 'Statu/Sales Way', 'In stock/Wholesale and retail']",https://www.aliexpress.us/item/3256805593463816.html?algo_pvid=494f56da-13a6-46e9-8358-35214225de0d&algo_exp_id=494f56da-13a6-46e9-8358-35214225de0d-10&pdp_ext_f=%7B%22order%22%3A%22137%22%2C%22eval%22%3A%221%22%2C%22fromPage%22%3A%22search%22%7D&pdp_npi=6%40dis%21USD%213.93%213.43%21%21%2126.71%2123.31%21%40213ba8cc17774004471036778e6f94%2112000048850670872%21sea%21US%210%21ABX%211%210%21n_tag%3A-29910%3Bd%3Af5295fa4%3Bm03_new_user%3A-29895%3BpisId%3A5000000204886261&curPageLogUid=M1dhgL0KBjtj&utparam-url=scene%3Asearch%7Cquery_from%3A%7Cx_object_id%3A1005005779778568%7C_p_origin_prod%3A
Luxury 3D Rhinestone Star Phone Case For iPhone 17 16 15 14 13 12 11 Pro Max 14promax Black Soft Back Cover,$3.69,"https://ae-pic-a1.aliexpress-media.com/kf/S5e5972cbbba742d8a01d92f8ff4b54daW.jpg_220x220q75.jpg_.avif,https://ae-pic-a1.aliexpress-media.com/kf/S994939a3cb474ce6ab8533a098366d5bE.jpg_220x220q75.jpg_.avif,https://ae-pic-a1.aliexpress-media.com/kf/S8ac66226260946a999f2552780c6101e1.jpg_220x220q75.jpg_.avif,https://ae-pic-a1.aliexpress-media.com/kf/S77bf22bc4bcf4d40b5b24418dbb9f35dm.jpg_220x220q75.jpg_.avif,https://ae-pic-a1.aliexpress-media.com/kf/Se1ec8279adde4cb29d3eef214b2358695.jpg_220x220q75.jpg_.avif","['High-concerned chemical', 'None', 'Features', 'No Features', 'Main Material', 'Pc + tpu', 'Design', 'Jewelled', 'Type', 'FULL COVERAGE', 'Brand Name', 'Qianliyao', 'Origin', 'Mainland China']",https://www.aliexpress.us/item/3256809005562246.html?algo_pvid=494f56da-13a6-46e9-8358-35214225de0d&algo_exp_id=494f56da-13a6-46e9-8358-35214225de0d-12&pdp_ext_f=%7B%22order%22%3A%22136%22%2C%22eval%22%3A%221%22%2C%22fromPage%22%3A%22search%22%7D&pdp_npi=6%40dis%21USD%214.99%213.69%21%21%214.99%213.69%21%40213ba8cc17774004471036778e6f94%2112000048251810869%21sea%21US%210%21ABX%211%210%21n_tag%3A-29910%3Bd%3Af5295fa4%3Bm03_new_user%3A-29895%3BpisId%3A5000000204886261&curPageLogUid=HVb09Ud1fsxr&utparam-url=scene%3Asearch%7Cquery_from%3A%7Cx_object_id%3A1005009191876998%7C_p_origin_prod%3A
Custom Letters Name Starry Orange Rhinestone Glitter Frame Transparent Phone Case For iPhone 11 12 13 14 15 16 17Pro Max 17 Air,$3.50,"https://ae-pic-a1.aliexpress-media.com/kf/Sc5d8f6f217f4433fb53e87f259ba7bb6a.jpg_220x220q75.jpg_.avif,https://ae-pic-a1.aliexpress-media.com/kf/S452579c4b4f34f229883c86edf59609fo.jpg_220x220q75.jpg_.avif,https://ae-pic-a1.aliexpress-media.com/kf/S1c91e190553649e298469b8e54e5f7bez.jpg_220x220q75.jpg_.avif,https://ae-pic-a1.aliexpress-media.com/kf/Sf696bcb1f0dc4897964e3df36f9c20dah.jpg_220x220q75.jpg_.avif,https://ae-pic-a1.aliexpress-media.com/kf/Se5e99ad1860045318e9ab0a0b4d6e576q.jpg_220x220q75.jpg_.avif","['High-concerned chemical', 'None', 'Features', 'Shock Proof,Anti-Fingerprint,Anti-Scratch,Non-Slip', 'Main Material', 'TPU', 'Design', 'Letter,Logo', 'Type', 'Case', 'Origin', 'Mainland China', '1 attribute', 'custom name case', '2 attribute', 'name custom phone case for iphone', '3 attribute', 'For iPhone 17 Pro Max', '4 attribute', 'shockproof protective cover', '5 attribute', 'Starry Orange Flash Diamond Phone Case']",https://www.aliexpress.us/item/3256810136443409.html?algo_pvid=494f56da-13a6-46e9-8358-35214225de0d&algo_exp_id=494f56da-13a6-46e9-8358-35214225de0d-14&pdp_ext_f=%7B%22order%22%3A%22135%22%2C%22eval%22%3A%221%22%2C%22fromPage%22%3A%22search%22%7D&pdp_npi=6%40dis%21USD%215.00%213.50%21%21%215.00%213.50%21%40213ba8cc17774004471036778e6f94%2112000051951700712%21sea%21US%210%21ABX%211%210%21n_tag%3A-29910%3Bd%3Af5295fa4%3Bm03_new_user%3A-29895%3BpisId%3A5000000204886261&curPageLogUid=G2zklmY22mPh&utparam-url=scene%3Asearch%7Cquery_from%3A%7Cx_object_id%3A1005010322758161%7C_p_origin_prod%3A
Multifunctional Leather Case for Samsung Galaxy Z Fold 5 4 3 Fold5 Fold4 Fold3 5G Phone Bags Cover Pen&Card Slots Wallet Holster,$18.70,"https://ae-pic-a1.aliexpress-media.com/kf/S49159aba348546d99ca58570327f2480K.jpg_220x220q75.jpg_.avif,https://ae-pic-a1.aliexpress-media.com/kf/Scf257804588c4fe184ef6d22b9fefbd7J.jpg_220x220q75.jpg_.avif,https://ae-pic-a1.aliexpress-media.com/kf/S3ee0257f76354c949ffa54ac71434d82U.jpg_220x220q75.jpg_.avif,https://ae-pic-a1.aliexpress-media.com/kf/S4fa06d3c77cc427393ee75b5a7bfcc122.jpg_220x220q75.jpg_.avif,https://ae-pic-a1.aliexpress-media.com/kf/S345f7b86d97e474e8c0e53f7e03cb70ds.jpg_220x220q75.jpg_.avif","['High-concerned chemical', 'None', 'Features', 'No Features,Anti-Fingerprint,Dual Layer,Dustproof,Heavy Duty,With Lanyard,Non-Slip,Storage Compartment', 'Main Material', 'Leather', 'Design', 'Plain,Geometric', 'Type', 'FULL COVERAGE', 'Origin', 'Mainland China']",https://www.aliexpress.us/item/3256806016010537.html?algo_pvid=494f56da-13a6-46e9-8358-35214225de0d&algo_exp_id=494f56da-13a6-46e9-8358-35214225de0d-18&pdp_ext_f=%7B%22order%22%3A%22134%22%2C%22eval%22%3A%221%22%2C%22fromPage%22%3A%22search%22%7D&pdp_npi=6%40dis%21USD%2153.32%2118.70%21%21%21362.22%21127.00%21%40213ba8cc17774004471036778e6f94%2112000036251522172%21sea%21US%210%21ABX%211%210%21n_tag%3A-29910%3Bd%3Af5295fa4%3Bm03_new_user%3A-29895%3BpisId%3A5000000204886261&curPageLogUid=sQ5t4xu9ZTgg&utparam-url=scene%3Asearch%7Cquery_from%3A%7Cx_object_id%3A1005006202325289%7C_p_origin_prod%3A
1M 2M 3M 5M 10M15M SC APC SC UPC Fibre Optical Cable Fiber Optic Patch Cord Extension Cable Fibra Optica Fiber Garter,$1.56,"https://ae-pic-a1.aliexpress-media.com/kf/Sdc19bd29eed54106baa7831348042900q.jpg_220x220q75.jpg_.avif,https://ae-pic-a1.aliexpress-media.com/kf/Scc3af31878584eb1804c28b508c11e60t.jpg_220x220q75.jpg_.avif,https://ae-pic-a1.aliexpress-media.com/kf/Sc1b76a49c72b421ab74c65a41b997bf1I.jpg_220x220q75.jpg_.avif,https://ae-pic-a1.aliexpress-media.com/kf/S71daf370301b4a3a8cd9b6775abcaa70p.jpg_220x220q75.jpg_.avif,https://ae-pic-a1.aliexpress-media.com/kf/S11784240c17340028849a814aa45d7c7p.jpg_220x220q75.jpg_.avif","['High-concerned chemical', 'None', 'Model Number', 'SCAPC -SCUPC', 'Brand Name', 'NoEnName_Null', 'Origin', 'Mainland China']",https://www.aliexpress.us/item/3256808016250218.html?algo_pvid=494f56da-13a6-46e9-8358-35214225de0d&algo_exp_id=494f56da-13a6-46e9-8358-35214225de0d-19&pdp_ext_f=%7B%22order%22%3A%22134%22%2C%22eval%22%3A%221%22%2C%22fromPage%22%3A%22search%22%7D&pdp_npi=6%40dis%21USD%212.07%211.56%21%21%2114.09%2110.64%21%40213ba8cc17774004471036778e6f94%2112000044222574321%21sea%21US%210%21ABX%211%210%21n_tag%3A-29910%3Bd%3Af5295fa4%3Bm03_new_user%3A-29895%3BpisId%3A5000000204886261&curPageLogUid=5XIAgou46wfL&utparam-url=scene%3Asearch%7Cquery_from%3A%7Cx_object_id%3A1005008202564970%7C_p_origin_prod%3A
