Name,Price,Images,Details,product_link
Autumn Mens High Quality Knitted Turtleneck Sweater Slim Fit Long Sleeve Anti-pilling Pullover Solid Color Trend Men Streetwea,$12.00,"https://ae-pic-a1.aliexpress-media.com/kf/Sc19101d65d2f4e77bd4ec93d14e0d2d8E.jpg?has_lang=1&ver=2_220x220q75.jpg_.avif,https://ae-pic-a1.aliexpress-media.com/kf/S136b560891be438d92f47656a663d72by.jpg?has_lang=1&ver=2_220x220q75.jpg_.avif,https://ae-pic-a1.aliexpress-media.com/kf/S0251d1acfd8941c4a987f234d930da6fl.jpg?has_lang=1&ver=2_220x220q75.jpg_.avif,https://ae-pic-a1.aliexpress-media.com/kf/S8b08488cdde04416a66134828f928084K.jpg?has_lang=1&ver=2_220x220q75.jpg_.avif,https://ae-pic-a1.aliexpress-media.com/kf/Sc4404af1aafc4ba6877f992c44458a74w.jpg?has_lang=1&ver=2_220x220q75.jpg_.avif","['whether full opening', 'No', 'High-concerned chemical', 'None', 'Applicable Season', 'Autumn And Winter', 'Craft of Weaving', 'Knit', 'Applicable Scene', 'CASUAL', 'Hooded', 'No', 'Sleeve Style', 'regular', 'Wool', 'Standard Wool', 'Place Of Origin', 'China (mainland)', 'Pattern Type', 'Solid', 'Item Type', 'Pullovers', 'Sleeve Length(cm)', 'Full', 'Thickness', 'Thick', 'Technics', 'Computer Knitted', 'Material', 'POLYESTER', 'Collar', 'Turtleneck', 'Style', 'Casual', 'Gender', 'Men', 'Origin', 'China Mainland', 'Closure Type', 'None']",https://www.aliexpress.us/item/3256807670728075.html?algo_pvid=4f71b484-7ee3-4461-bba1-c505468a957c&algo_exp_id=4f71b484-7ee3-4461-bba1-c505468a957c-0&pdp_ext_f=%7B%22order%22%3A%2210456%22%2C%22eval%22%3A%221%22%2C%22orig_sl_item_id%22%3A%221005007857042827%22%2C%22orig_item_id%22%3A%221005010102074501%22%2C%22fromPage%22%3A%22search%22%7D&pdp_npi=6%40dis%21USD%2124.01%2112.00%21%21%21164.34%2182.17%21%4021030a6217754285218365489ea4af%2112000056036175293%21sea%21US%210%21ABX%211%210%21n_tag%3A-29910%3Bd%3Ab1e5c83a%3Bm03_new_user%3A-29895&curPageLogUid=RCF3JsJ00IKr&utparam-url=scene%3Asearch%7Cquery_from%3A%7Cx_object_id%3A1005007857042827%7C_p_origin_prod%3A1005010102074501
Men's Tactical Hoodies Military Outdoor Pullover Long Sleeve Zippers Pullove Fleece Windproof Thermal for Hiking Camping Army,$20.90,"https://ae-pic-a1.aliexpress-media.com/kf/Seda40f7647f74b3bb46a11d90ee3ad75Z.jpg?has_lang=1&ver=2_220x220q75.jpg_.avif,https://ae-pic-a1.aliexpress-media.com/kf/Seda40f7647f74b3bb46a11d90ee3ad75Z.jpg?has_lang=1&ver=2_220x220q75.jpg_.avif,https://ae-pic-a1.aliexpress-media.com/kf/S21ad9e44bbed41928bcc64bc574b021ar.jpg_220x220q75.jpg_.avif,https://ae-pic-a1.aliexpress-media.com/kf/S3e3559ae9649461bbd5a8b9a915b5e6dr.jpg?has_lang=1&ver=1_220x220q75.jpg_.avif,https://ae-pic-a1.aliexpress-media.com/kf/Sf33efeb48b554343ac5817be3907a2feh.jpg?has_lang=1&ver=2_220x220q75.jpg_.avif","['whether full opening', 'No', 'High-concerned chemical', 'None', 'Applicable Season', 'Autumn And Winter', 'Craft of Weaving', 'Knit', 'Applicable Scene', 'Daily', 'Hooded', 'No', 'Decoration', 'Zippers', 'Sleeve Style', 'regular', 'Place Of Origin', 'China (mainland)', 'Item Type', 'Pullovers', 'Sleeve Length(cm)', 'Full', 'Thickness', 'Standard', 'Material', 'POLYESTER', 'Collar', 'Mock Neck', 'Style', 'Casual', 'Gender', 'Men', 'Origin', 'China Mainland', 'CN', 'Fujian', 'Closure Type', 'None']",https://www.aliexpress.us/item/3256806796149458.html?algo_pvid=4f71b484-7ee3-4461-bba1-c505468a957c&algo_exp_id=4f71b484-7ee3-4461-bba1-c505468a957c-2&pdp_ext_f=%7B%22order%22%3A%227665%22%2C%22eval%22%3A%221%22%2C%22orig_sl_item_id%22%3A%221005006982464210%22%2C%22orig_item_id%22%3A%221005009560081355%22%2C%22fromPage%22%3A%22search%22%7D&pdp_npi=6%40dis%21USD%2143.54%2120.90%21%21%21298.00%21143.04%21%4021030a6217754285218365489ea4af%2112000038933817125%21sea%21US%210%21ABX%211%210%21n_tag%3A-29910%3Bd%3Ab1e5c83a%3Bm03_new_user%3A-29895&curPageLogUid=9K8oH6LU7gJ5&utparam-url=scene%3Asearch%7Cquery_from%3A%7Cx_object_id%3A1005006982464210%7C_p_origin_prod%3A1005009560081355
2025 New Men's High Neck Sweater Solid Color Pullover Knitted Warm Casual Turtleneck Sweatwear Woolen Mens Winter Outdoor Tops,$10.30,"https://ae-pic-a1.aliexpress-media.com/kf/Se624ec48b0f34ff787567b05a21c0cd58.jpg_220x220q75.jpg_.avif,https://ae-pic-a1.aliexpress-media.com/kf/Sbdf2e2af4b3b431b9ac5f1f2c94740967.jpg_220x220q75.jpg_.avif,https://ae-pic-a1.aliexpress-media.com/kf/S0861ac30a3ef49b7a135e25cade85cf5M.jpg_220x220q75.jpg_.avif,https://ae-pic-a1.aliexpress-media.com/kf/S8f5eba8df1764f18885f3517b489ddd4Z.jpg_220x220q75.jpg_.avif,https://ae-pic-a1.aliexpress-media.com/kf/S0c084e61de6a430bab6c9314b960488bv.jpg_220x220q75.jpg_.avif","['whether full opening', 'No', 'High-concerned chemical', 'None', 'Applicable Season', 'Autumn And Winter', 'Craft of Weaving', 'Knit', 'Applicable Scene', 'CASUAL', 'Hooded', 'No', 'Sleeve Style', 'regular', 'Place Of Origin', 'China (mainland)', 'Pattern Type', 'Argyle', 'Item Type', 'Pullovers', 'Sleeve Length(cm)', 'Full', 'Thickness', 'Standard', 'Technics', 'Flat Knitted', 'Material', 'POLYESTER', 'Collar', 'Turtleneck', 'Style', 'Casual', 'Gender', 'Men', 'Origin', 'China Mainland', 'CN', 'Zhejiang', 'Closure Type', 'None']",https://www.aliexpress.us/item/3256806810222510.html?algo_pvid=4f71b484-7ee3-4461-bba1-c505468a957c&algo_exp_id=4f71b484-7ee3-4461-bba1-c505468a957c-3&pdp_ext_f=%7B%22order%22%3A%227119%22%2C%22eval%22%3A%221%22%2C%22orig_sl_item_id%22%3A%221005006996537262%22%2C%22orig_item_id%22%3A%221005009304966748%22%2C%22fromPage%22%3A%22search%22%7D&pdp_npi=6%40dis%21USD%2122.40%2110.30%21%21%21153.34%2170.54%21%4021030a6217754285218365489ea4af%2112000038988816349%21sea%21US%210%21ABX%211%210%21n_tag%3A-29910%3Bd%3Ab1e5c83a%3Bm03_new_user%3A-29895&curPageLogUid=Ba36HfOwKQOz&utparam-url=scene%3Asearch%7Cquery_from%3A%7Cx_object_id%3A1005006996537262%7C_p_origin_prod%3A1005009304966748
Outdoor Men's TacticalFleece Jacket Clothes Warm Zippers Pullover Men Windproof Coat Thermal Hiking Sweatshirt,$15.85,"https://ae-pic-a1.aliexpress-media.com/kf/S2eea63bf0a7749879962917773d9fe07p.jpg?has_lang=1&ver=2_220x220q75.jpg_.avif,https://ae-pic-a1.aliexpress-media.com/kf/S8ffe5850210845e19a620726a0b1fc006.jpg_220x220q75.jpg_.avif,https://ae-pic-a1.aliexpress-media.com/kf/S81cfadd0f7c34cc381a8e6f98aa5a313r.jpg?has_lang=1&ver=2_220x220q75.jpg_.avif,https://ae-pic-a1.aliexpress-media.com/kf/Sab0de0588c22429da9bccc3313441265b.jpg?has_lang=1&ver=2_220x220q75.jpg_.avif,https://ae-pic-a1.aliexpress-media.com/kf/Sf13e7780606d433894c63c8871800398J.jpg?has_lang=1&ver=2_220x220q75.jpg_.avif","['whether full opening', 'No', 'High-concerned chemical', 'None', 'Applicable Season', 'Autumn And Winter', 'Applicable Scene', 'Daily', 'Hooded', 'No', 'Item Type', 'Pullovers', 'Sleeve Length(cm)', 'Full', 'Thickness', 'Fleece', 'Material', 'POLYESTER', 'Style', 'Chinese Style', 'Gender', 'Men', 'Brand Name', 'DETTRU', 'Origin', 'Mainland China', 'CN', 'Fujian', 'CN', 'Fujian']",https://www.aliexpress.us/item/3256806907991813.html?algo_pvid=4f71b484-7ee3-4461-bba1-c505468a957c&algo_exp_id=4f71b484-7ee3-4461-bba1-c505468a957c-6&pdp_ext_f=%7B%22order%22%3A%224566%22%2C%22eval%22%3A%221%22%2C%22fromPage%22%3A%22search%22%7D&pdp_npi=6%40dis%21USD%2115.91%2115.85%21%21%21108.90%21108.51%21%4021030a6217754285218365489ea4af%2112000040261916890%21sea%21US%210%21ABX%211%210%21n_tag%3A-29910%3Bd%3Ab1e5c83a%3Bm03_new_user%3A-29895&curPageLogUid=xoCOdNhB2lfy&utparam-url=scene%3Asearch%7Cquery_from%3A%7Cx_object_id%3A1005007094306565%7C_p_origin_prod%3A
Hot High-End Luxury Man Long-Sleeved Knitwear Round Neck No Pilling No Fading Embroidery Spring New Sweater Leisure MensClothing,$20.72,"https://ae-pic-a1.aliexpress-media.com/kf/Se7209f40a3ea4638aaea4afb6a49882d0.jpg_220x220q75.jpg_.avif,https://ae-pic-a1.aliexpress-media.com/kf/Se7209f40a3ea4638aaea4afb6a49882d0.jpg_220x220q75.jpg_.avif,https://ae-pic-a1.aliexpress-media.com/kf/S3a59a558ff55483eab4f7c92d3a4b6abU.jpg_220x220q75.jpg_.avif,https://ae-pic-a1.aliexpress-media.com/kf/S87b076adfcdd40d9baa0fead85b3d9fdN.jpg_220x220q75.jpg_.avif,https://ae-pic-a1.aliexpress-media.com/kf/Sd0b6cacb08d14d629f726bf0c64a714aC.jpg_220x220q75.jpg_.avif","['whether full opening', 'No', 'High-concerned chemical', 'None', 'Applicable Season', 'Spring', 'Craft of Weaving', 'Knit', 'Applicable Scene', 'CASUAL', 'Hooded', 'No', 'Model Number', '7751', 'Decoration', 'Embroidery', 'Sleeve Style', 'regular', 'Wool', 'Standard Wool', 'Place Of Origin', 'China (mainland)', 'Pattern Type', 'Animal', 'Item Type', 'Pullovers', 'Sleeve Length(cm)', 'Full', 'Thickness', 'Standard', 'Technics', 'Computer Knitted', 'Material', 'Other', 'Collar', 'O-Neck', 'Style', 'Casual', 'Gender', 'Men', 'Origin', 'China Mainland', 'CN', 'Zhejiang', 'Closure Type', 'None']",https://www.aliexpress.us/item/3256810301152389.html?algo_pvid=4f71b484-7ee3-4461-bba1-c505468a957c&algo_exp_id=4f71b484-7ee3-4461-bba1-c505468a957c-7&pdp_ext_f=%7B%22order%22%3A%224273%22%2C%22eval%22%3A%221%22%2C%22orig_sl_item_id%22%3A%221005010487467141%22%2C%22orig_item_id%22%3A%221005010699958618%22%2C%22fromPage%22%3A%22search%22%7D&pdp_npi=6%40dis%21USD%2141.44%2120.72%21%21%21283.66%21141.83%21%4021030a6217754285218365489ea4af%2112000057157048866%21sea%21US%210%21ABX%211%210%21n_tag%3A-29910%3Bd%3Ab1e5c83a%3Bm03_new_user%3A-29895&curPageLogUid=w2vCkkKFnt1e&utparam-url=scene%3Asearch%7Cquery_from%3A%7Cx_object_id%3A1005010487467141%7C_p_origin_prod%3A1005010699958618
Sweatwear Mens Anti-pilling High Quality Knitted Turtleneck Sweater Slim Fit Long Sleeve Pullover Solid Color Trend Men Clothing,$10.11,"https://ae-pic-a1.aliexpress-media.com/kf/Scc8b2929ee684ae3aa38dcb73098af89i.jpg_220x220q75.jpg_.avif,https://ae-pic-a1.aliexpress-media.com/kf/S1bd730fdac3c4f389f7eb5400bb7a095N.jpg_220x220q75.jpg_.avif,https://ae-pic-a1.aliexpress-media.com/kf/S66d95633681949aa8670cfb053f3fa78a.jpg?has_lang=1&ver=1_220x220q75.jpg_.avif,https://ae-pic-a1.aliexpress-media.com/kf/S68f69200cb764f038dabbbc0d3849de2G.jpg_220x220q75.jpg_.avif,https://ae-pic-a1.aliexpress-media.com/kf/Se34a1949f1b9485da6b187126781881fn.jpg_220x220q75.jpg_.avif","['whether full opening', 'No', 'High-concerned chemical', 'None', 'Applicable Season', 'Autumn And Winter', 'Craft of Weaving', 'Knit', 'Applicable Scene', 'CASUAL', 'Hooded', 'No', 'Wool', 'Standard Wool', 'Place Of Origin', 'China (mainland)', 'Pattern Type', 'Solid', 'Sleeve Length(cm)', 'Full', 'Thickness', 'Wool Liner', 'Technics', 'Flat Knitted', 'Material', 'Acetate', 'Collar', 'Turtleneck', 'Style', 'Casual', 'Gender', 'Men', 'Origin', 'China Mainland', 'CN', 'Zhejiang']",https://www.aliexpress.us/item/3256810099302271.html?algo_pvid=4f71b484-7ee3-4461-bba1-c505468a957c&algo_exp_id=4f71b484-7ee3-4461-bba1-c505468a957c-14&pdp_ext_f=%7B%22order%22%3A%221850%22%2C%22eval%22%3A%221%22%2C%22orig_sl_item_id%22%3A%221005010285617023%22%2C%22orig_item_id%22%3A%221005009682599824%22%2C%22fromPage%22%3A%22search%22%7D&pdp_npi=6%40dis%21USD%2121.50%2110.11%21%21%21147.14%2169.16%21%4021030a6217754285218365489ea4af%2112000051792103079%21sea%21US%210%21ABX%211%210%21n_tag%3A-29910%3Bd%3Ab1e5c83a%3Bm03_new_user%3A-29895&curPageLogUid=56DRXaNbvY8f&utparam-url=scene%3Asearch%7Cquery_from%3A%7Cx_object_id%3A1005010285617023%7C_p_origin_prod%3A1005009682599824
Autumn Men's Slim Fit Long Sleeve Turtleneck Sweater Casual Knitted Pullover Sweaters Outdoor Winter Warm Thick Heavyweight Top,$10.76,"https://ae-pic-a1.aliexpress-media.com/kf/S28757933c397435b9c86ce3ea1b1708cJ.jpg?has_lang=1&ver=2_220x220q75.jpg_.avif,https://ae-pic-a1.aliexpress-media.com/kf/Sf203f9072bc147e6a9cd48e9801274fcW.jpg?has_lang=1&ver=2_220x220q75.jpg_.avif,https://ae-pic-a1.aliexpress-media.com/kf/Sc2c4da976ed94a95a9beb6e7be60815dO.jpg?has_lang=1&ver=2_220x220q75.jpg_.avif,https://ae-pic-a1.aliexpress-media.com/kf/S055df179fdaa4016900961cb93276a032.jpg?has_lang=1&ver=2_220x220q75.jpg_.avif,https://ae-pic-a1.aliexpress-media.com/kf/S9f7f2df3c43a41ed9ea621107117215cv.jpg?has_lang=1&ver=2_220x220q75.jpg_.avif","['whether full opening', 'No', 'High-concerned chemical', 'None', 'Applicable Season', 'Autumn And Winter', 'Applicable Scene', 'CASUAL', 'Hooded', 'No', 'Sleeve Style', 'regular', 'Wool', 'Standard Wool', 'Pattern Type', 'Striped', 'Item Type', 'Pullovers', 'Sleeve Length(cm)', 'Full', 'Thickness', 'Standard', 'Material', 'POLYESTER,Nylon,Rayon', 'Collar', 'Turtleneck', 'Style', 'Outdoor', 'Gender', 'Men', 'Brand Name', 'ANIMAL GAME', 'Origin', 'China Mainland', 'CN', 'Zhejiang', 'Closure Type', 'None', 'Support', 'Drop Shipping']",https://www.aliexpress.us/item/3256809968872245.html?algo_pvid=4f71b484-7ee3-4461-bba1-c505468a957c&algo_exp_id=4f71b484-7ee3-4461-bba1-c505468a957c-15&pdp_ext_f=%7B%22order%22%3A%221841%22%2C%22eval%22%3A%221%22%2C%22orig_sl_item_id%22%3A%221005010155186997%22%2C%22orig_item_id%22%3A%221005009878637782%22%2C%22fromPage%22%3A%22search%22%7D&pdp_npi=6%40dis%21USD%2124.16%2110.76%21%21%21165.40%2173.68%21%4021030a6217754285218365489ea4af%2112000051347201995%21sea%21US%210%21ABX%211%210%21n_tag%3A-29910%3Bd%3Ab1e5c83a%3Bm03_new_user%3A-29895%3BpisId%3A5000000204096505&curPageLogUid=v7FxGMjvCb4F&utparam-url=scene%3Asearch%7Cquery_from%3A%7Cx_object_id%3A1005010155186997%7C_p_origin_prod%3A1005009878637782
Sweatwear Mens Anti-pilling High Quality Knitted Turtleneck Sweater Slim Fit Long Sleeve Pullover Solid Color Trend Men Clothing,$0.99,"https://ae-pic-a1.aliexpress-media.com/kf/Scc8b2929ee684ae3aa38dcb73098af89i.jpg_220x220q75.jpg_.avif,https://ae-pic-a1.aliexpress-media.com/kf/S1bd730fdac3c4f389f7eb5400bb7a095N.jpg_220x220q75.jpg_.avif,https://ae-pic-a1.aliexpress-media.com/kf/S66d95633681949aa8670cfb053f3fa78a.jpg?has_lang=1&ver=1_220x220q75.jpg_.avif,https://ae-pic-a1.aliexpress-media.com/kf/S68f69200cb764f038dabbbc0d3849de2G.jpg_220x220q75.jpg_.avif,https://ae-pic-a1.aliexpress-media.com/kf/Se34a1949f1b9485da6b187126781881fn.jpg_220x220q75.jpg_.avif","['whether full opening', 'No', 'High-concerned chemical', 'None', 'Applicable Season', 'Autumn And Winter', 'Craft of Weaving', 'Knit', 'Applicable Scene', 'CASUAL', 'Hooded', 'No', 'Wool', 'Standard Wool', 'Place Of Origin', 'China (mainland)', 'Pattern Type', 'Solid', 'Sleeve Length(cm)', 'Full', 'Thickness', 'Wool Liner', 'Technics', 'Flat Knitted', 'Material', 'Acetate', 'Collar', 'Turtleneck', 'Style', 'Casual', 'Gender', 'Men', 'Origin', 'China Mainland', 'CN', 'Zhejiang']",https://www.aliexpress.us/item/3256809496285072.html?algo_pvid=4f71b484-7ee3-4461-bba1-c505468a957c&algo_exp_id=4f71b484-7ee3-4461-bba1-c505468a957c-16&pdp_ext_f=%7B%22order%22%3A%221796%22%2C%22spu_best_type%22%3A%22price%22%2C%22eval%22%3A%221%22%2C%22fromPage%22%3A%22search%22%7D&pdp_npi=6%40dis%21USD%2120.83%2110.11%21%21%21142.55%2169.17%21%4021030a6217754285218365489ea4af%2112000049849453864%21sea%21US%210%21ABX%211%210%21n_tag%3A-29910%3Bd%3Ab1e5c83a%3Bm03_new_user%3A-29895%3BpisId%3A5000000197827853&curPageLogUid=SembgZ7ToKQo&utparam-url=scene%3Asearch%7Cquery_from%3A%7Cx_object_id%3A1005009682599824%7C_p_origin_prod%3A
Autumn Men's Zipper Pullover Turtlenecks Warm Sweaters Solid Color Long Sleeved Fashion Male Casual Daily Sweatshirt Top,$9.41,"https://ae-pic-a1.aliexpress-media.com/kf/S9be75ea5b1054bdaade3cc72f0c52efe7.jpg_220x220q75.jpg_.avif,https://ae-pic-a1.aliexpress-media.com/kf/S9be75ea5b1054bdaade3cc72f0c52efe7.jpg_220x220q75.jpg_.avif,https://ae-pic-a1.aliexpress-media.com/kf/Sba8752ae07af4036b70e5662664ffa58s.jpg_220x220q75.jpg_.avif,https://ae-pic-a1.aliexpress-media.com/kf/S27b9c07a33cb482689d06aa70f3d5c93q.jpg_220x220q75.jpg_.avif,https://ae-pic-a1.aliexpress-media.com/kf/S59353d6b38114b689f59dab7df1e8e28Q.jpg_220x220q75.jpg_.avif","['whether full opening', 'No', 'High-concerned chemical', 'None', 'Applicable Season', 'Spring And Autumn', 'Craft of Weaving', 'Knit', 'Applicable Scene', 'Daily', 'Hooded', 'No', 'Sleeve Style', 'regular', 'Place Of Origin', 'China (mainland)', 'Pattern Type', 'Solid', 'Item Type', 'Pullovers', 'Sleeve Length(cm)', 'Sleeveless', 'Thickness', 'Standard', 'Material', 'POLYESTER', 'Collar', 'Turtleneck', 'Style', 'Casual', 'Gender', 'Men', 'Brand Name', 'REALXIZI', 'Origin', 'Mainland China', 'CN', 'Fujian', 'Closure Type', 'None']",https://www.aliexpress.us/item/3256810099035211.html?algo_pvid=4f71b484-7ee3-4461-bba1-c505468a957c&algo_exp_id=4f71b484-7ee3-4461-bba1-c505468a957c-17&pdp_ext_f=%7B%22order%22%3A%221768%22%2C%22spu_best_type%22%3A%22price%22%2C%22eval%22%3A%221%22%2C%22orig_sl_item_id%22%3A%221005010285349963%22%2C%22orig_item_id%22%3A%221005008530051199%22%2C%22fromPage%22%3A%22search%22%7D&pdp_npi=6%40dis%21USD%2120.45%219.41%21%21%21139.98%2164.39%21%4021030a6217754285218365489ea4af%2112000051791999738%21sea%21US%210%21ABX%211%210%21n_tag%3A-29910%3Bd%3Ab1e5c83a%3Bm03_new_user%3A-29895&curPageLogUid=p8g110TjQyiX&utparam-url=scene%3Asearch%7Cquery_from%3A%7Cx_object_id%3A1005010285349963%7C_p_origin_prod%3A1005008530051199
Men's 100% pure Mink velvet Cashmere Sweater High Lapels Pullovers Knitted Winter New Tops Long Sleeve High-End Jumpers,$19.00,"https://ae-pic-a1.aliexpress-media.com/kf/Sa0837e95a6ab4b1eb91d2c7b2a62ebe0u.jpg_220x220q75.jpg_.avif,https://ae-pic-a1.aliexpress-media.com/kf/Saa021be4a8df4c4fa538a38ad94b392by.jpg_220x220q75.jpg_.avif,https://ae-pic-a1.aliexpress-media.com/kf/S71c305cd222b44ba8324817d33f89c3fW.jpg_220x220q75.jpg_.avif,https://ae-pic-a1.aliexpress-media.com/kf/S23dae65af48f41f0b3a7446def4f18f5S.jpg?has_lang=1&ver=1_220x220q75.jpg_.avif,https://ae-pic-a1.aliexpress-media.com/kf/S1ac1a0cd37b647bfb9764d55e34bbb69Z.jpg_220x220q75.jpg_.avif","['whether full opening', 'No', 'High-concerned chemical', 'None', 'Applicable Season', 'Autumn And Winter', 'Craft of Weaving', 'Knit', 'Applicable Scene', 'Office', 'Hooded', 'No', 'Decoration', 'NONE', 'Sleeve Style', 'regular', 'Place Of Origin', 'China (mainland)', 'Pattern Type', 'Solid', 'Item Type', 'Pullovers', 'Sleeve Length(cm)', 'Full', 'Thickness', 'Standard', 'Technics', 'Computer Knitted', 'Material', 'Wool', 'Collar', 'Turtleneck', 'Style', 'Casual', 'Gender', 'Men', 'Brand Name', 'Emperoe Goat', 'Origin', 'China Mainland', 'CN', 'Hebei', 'Closure Type', 'None']",https://www.aliexpress.us/item/3256806383669360.html?algo_pvid=4f71b484-7ee3-4461-bba1-c505468a957c&algo_exp_id=4f71b484-7ee3-4461-bba1-c505468a957c-18&pdp_ext_f=%7B%22order%22%3A%221755%22%2C%22eval%22%3A%221%22%2C%22fromPage%22%3A%22search%22%7D&pdp_npi=6%40dis%21USD%21101.79%2128.40%21%21%21101.79%2128.40%21%4021030a6217754285218365489ea4af%2112000037698925618%21sea%21US%210%21ABX%211%210%21n_tag%3A-29910%3Bd%3Ab1e5c83a%3Bm03_new_user%3A-29895%3BpisId%3A5000000197827852&curPageLogUid=yrsokVgJtGh4&utparam-url=scene%3Asearch%7Cquery_from%3A%7Cx_object_id%3A1005006569984112%7C_p_origin_prod%3A
Autumn New Men's Casual Mock Turtleneck Sweater Long Sleeved Warm Pullover Basic Lightweight Street Clothing Knitted Jacket Top,$1.87,"https://ae-pic-a1.aliexpress-media.com/kf/S3498d896b54148088094149d0bb01c26Z.jpg?has_lang=1&ver=2_220x220q75.jpg_.avif,https://ae-pic-a1.aliexpress-media.com/kf/Sbbf275853f5243c6b5e64f5b9916558eg.jpg_220x220q75.jpg_.avif,https://ae-pic-a1.aliexpress-media.com/kf/S3bf9df46f54745c8ab665ae4ffbb3ac7B.jpg_220x220q75.jpg_.avif,https://ae-pic-a1.aliexpress-media.com/kf/S0a6f89b52fd746d0a5724628cc9601f8T.jpg_220x220q75.jpg_.avif,https://ae-pic-a1.aliexpress-media.com/kf/S3485a35a100a4144b8a244ef650f1ff9p.jpg_220x220q75.jpg_.avif","['whether full opening', 'No', 'High-concerned chemical', 'None', 'Applicable Season', 'Autumn And Winter', 'Applicable Scene', 'CASUAL', 'Sleeve Style', 'regular', 'Pattern Type', 'Solid', 'Item Type', 'Pullovers', 'Sleeve Length(cm)', 'Full', 'Thickness', 'Standard', 'Material', 'POLYESTER', 'Collar', 'Mock Neck', 'Style', 'Casual', 'Gender', 'Men', 'Origin', 'China Mainland', 'CN', 'Zhejiang', 'Support', 'Drop Shipping']",https://www.aliexpress.us/item/3256807457057314.html?algo_pvid=4f71b484-7ee3-4461-bba1-c505468a957c&algo_exp_id=4f71b484-7ee3-4461-bba1-c505468a957c-21&pdp_ext_f=%7B%22order%22%3A%221646%22%2C%22eval%22%3A%221%22%2C%22fromPage%22%3A%22search%22%7D&pdp_npi=6%40dis%21USD%2121.94%219.77%21%21%21150.19%2166.91%21%4021030a6217754285218365489ea4af%2112000041625326245%21sea%21US%210%21ABX%211%210%21n_tag%3A-29910%3Bd%3Ab1e5c83a%3Bm03_new_user%3A-29895%3BpisId%3A5000000197827853&curPageLogUid=kPnCaHVj9kMz&utparam-url=scene%3Asearch%7Cquery_from%3A%7Cx_object_id%3A1005007643372066%7C_p_origin_prod%3A
Men's 100% Pure Mink Cashmere Sweater O-Neck Pullovers Knit Sweater Autumn and Winter New Long Sleeve High-End Jumpers Mink Tops,$28.84,"https://ae-pic-a1.aliexpress-media.com/kf/S5e2be6a2473847969470b987ac1ae32cT.jpg?has_lang=1&ver=2_220x220q75.jpg_.avif,https://ae-pic-a1.aliexpress-media.com/kf/S5e2be6a2473847969470b987ac1ae32cT.jpg?has_lang=1&ver=2_220x220q75.jpg_.avif,https://ae-pic-a1.aliexpress-media.com/kf/Sf340ad8f6de54887914c2e74af36812b6.jpg?has_lang=1&ver=2_220x220q75.jpg_.avif,https://ae-pic-a1.aliexpress-media.com/kf/Sf7e63dd205d24e9fb69419a828f18301T.jpg?has_lang=1&ver=2_220x220q75.jpg_.avif,https://ae-pic-a1.aliexpress-media.com/kf/Sdc601a85401140eeaa7bdf48a761a828G.jpg?has_lang=1&ver=2_220x220q75.jpg_.avif","['whether full opening', 'No', 'High-concerned chemical', 'None', 'Applicable Season', 'Autumn And Winter', 'Craft of Weaving', 'Knit', 'Applicable Scene', 'CASUAL', 'Hooded', 'No', 'Model Number', 'DBR', 'Decoration', 'NONE', 'Sleeve Style', 'regular', 'Wool', 'Standard Wool', 'Place Of Origin', 'China (mainland)', 'Pattern Type', 'Solid', 'Item Type', 'Pullovers', 'Sleeve Length(cm)', 'Full', 'Thickness', 'Standard', 'Technics', 'Computer Knitted', 'Material', 'Other', 'Collar', 'O-Neck', 'Style', 'Smart Casual', 'Gender', 'Men', 'Brand Name', 'Snaoutofit', 'Origin', 'China Mainland', 'CN', 'Hebei', 'Closure Type', 'None']",https://www.aliexpress.us/item/3256805217694826.html?algo_pvid=4f71b484-7ee3-4461-bba1-c505468a957c&algo_exp_id=4f71b484-7ee3-4461-bba1-c505468a957c-22&pdp_ext_f=%7B%22order%22%3A%221638%22%2C%22eval%22%3A%221%22%2C%22fromPage%22%3A%22search%22%7D&pdp_npi=6%40dis%21USD%2179.88%2138.24%21%21%2179.88%2138.24%21%4021030a6217754285218365489ea4af%2112000032926968264%21sea%21US%210%21ABX%211%210%21n_tag%3A-29910%3Bd%3Ab1e5c83a%3Bm03_new_user%3A-29895%3BpisId%3A5000000197827853&curPageLogUid=3DEVTQpYQ96u&utparam-url=scene%3Asearch%7Cquery_from%3A%7Cx_object_id%3A1005005404009578%7C_p_origin_prod%3A
Autumn Men's Crew Neck Pullover Solid Color Casual Jacquard Check Sweatshirt Long Sleeve Warm Slim Sweaters Knitted Streetwear,$10.72,"https://ae-pic-a1.aliexpress-media.com/kf/S3a801ca793ed40fe8ea4912fabc17882F.jpg?has_lang=1&ver=2_220x220q75.jpg_.avif,https://ae-pic-a1.aliexpress-media.com/kf/S3a801ca793ed40fe8ea4912fabc17882F.jpg?has_lang=1&ver=2_220x220q75.jpg_.avif,https://ae-pic-a1.aliexpress-media.com/kf/S61bb9e9c12db478f84764aa0143a1e009.jpg_220x220q75.jpg_.avif,https://ae-pic-a1.aliexpress-media.com/kf/Sd32c7d5531a84668a16e8e1c881422cb7.jpg_220x220q75.jpg_.avif,https://ae-pic-a1.aliexpress-media.com/kf/Sadb3d0db4d5643a2821b42c9584301b8J.jpg_220x220q75.jpg_.avif","['whether full opening', 'No', 'High-concerned chemical', 'None', 'Applicable Season', 'Spring And Autumn', 'Craft of Weaving', 'Knit', 'Applicable Scene', 'Daily', 'Hooded', 'No', 'Sleeve Style', 'regular', 'Place Of Origin', 'China (mainland)', 'Pattern Type', 'Plaid', 'Item Type', 'Pullovers', 'Sleeve Length(cm)', 'Full', 'Thickness', 'Standard', 'Material', 'POLYESTER', 'Collar', 'O-Neck', 'Style', 'Casual', 'Gender', 'Men', 'Origin', 'Mainland China', 'CN', 'Fujian', 'Closure Type', 'None']",https://www.aliexpress.us/item/3256810042393236.html?algo_pvid=4f71b484-7ee3-4461-bba1-c505468a957c&algo_exp_id=4f71b484-7ee3-4461-bba1-c505468a957c-23&pdp_ext_f=%7B%22order%22%3A%221625%22%2C%22eval%22%3A%221%22%2C%22orig_sl_item_id%22%3A%221005010228707988%22%2C%22orig_item_id%22%3A%221005009798774805%22%2C%22fromPage%22%3A%22search%22%7D&pdp_npi=6%40dis%21USD%2121.44%2110.72%21%21%21146.78%2173.39%21%4021030a6217754285218365489ea4af%2112000051607142226%21sea%21US%210%21ABX%211%210%21n_tag%3A-29910%3Bd%3Ab1e5c83a%3Bm03_new_user%3A-29895&curPageLogUid=z54CfJSt29Fa&utparam-url=scene%3Asearch%7Cquery_from%3A%7Cx_object_id%3A1005010228707988%7C_p_origin_prod%3A1005009798774805
Autumn Winter Men Cashmere Sweater O-neck Soft Warm Pullovers Male Loose Knitted Shirt Korean men's winter blouse,$16.35,"https://ae-pic-a1.aliexpress-media.com/kf/Sfc567915c00e4fb5b62fd2a83e4ca455F.jpg_220x220q75.jpg_.avif,https://ae-pic-a1.aliexpress-media.com/kf/Sa0626a5bbd8e4c59a956e6d60a4e6edcK.jpg_220x220q75.jpg_.avif,https://ae-pic-a1.aliexpress-media.com/kf/S2cfe68ee05f54e55b6cbc30091acb816Y.jpg?has_lang=1&ver=1_220x220q75.jpg_.avif,https://ae-pic-a1.aliexpress-media.com/kf/S1c02c8c313b24b6cba3b1c7a3788e39a7.jpg?has_lang=1&ver=1_220x220q75.jpg_.avif,https://ae-pic-a1.aliexpress-media.com/kf/S16aac45db881480893315a71883b3815X.jpg_220x220q75.jpg_.avif","['whether full opening', 'No', 'High-concerned chemical', 'None', 'Applicable Season', 'Autumn And Winter', 'Applicable Scene', 'CASUAL', 'Hooded', 'No', 'Decoration', 'NONE', 'Sleeve Style', 'regular', 'Wool', 'Standard Wool', 'Place Of Origin', 'China (mainland)', 'Pattern Type', 'Solid', 'Item Type', 'Pullovers', 'Sleeve Length(cm)', 'Full', 'Thickness', 'Standard', 'Technics', 'Computer Knitted', 'Material', 'POLYESTER,CASHMERE', 'Collar', 'O-Neck', 'Style', 'Casual', 'Gender', 'Men', 'Brand Name', 'Namou Drane', 'Origin', 'China Mainland', 'CN', 'Guangdong', 'Closure Type', 'None', 'CN', 'Guangdong']",https://www.aliexpress.us/item/3256809340413364.html?algo_pvid=4f71b484-7ee3-4461-bba1-c505468a957c&algo_exp_id=4f71b484-7ee3-4461-bba1-c505468a957c-26&pdp_ext_f=%7B%22order%22%3A%221584%22%2C%22eval%22%3A%221%22%2C%22fromPage%22%3A%22search%22%7D&pdp_npi=6%40dis%21USD%2132.71%2116.35%21%21%2132.71%2116.35%21%4021030a6217754285218365489ea4af%2112000049367819970%21sea%21US%210%21ABX%211%210%21n_tag%3A-29910%3Bd%3Ab1e5c83a%3Bm03_new_user%3A-29895&curPageLogUid=Vd10RPh7v5Fi&utparam-url=scene%3Asearch%7Cquery_from%3A%7Cx_object_id%3A1005009526728116%7C_p_origin_prod%3A
High end brand velvet sweater men's new fashion designer exquisite pony embroidery winter thick warm high neck knitted pullover,$23.06,"https://ae-pic-a1.aliexpress-media.com/kf/S3ee20ecdd1454439acb8e12c15083e6a2.jpg?has_lang=1&ver=2_220x220q75.jpg_.avif,https://ae-pic-a1.aliexpress-media.com/kf/S3ee20ecdd1454439acb8e12c15083e6a2.jpg?has_lang=1&ver=2_220x220q75.jpg_.avif,https://ae-pic-a1.aliexpress-media.com/kf/Sd24ec5a990274b88b2b663e2c568436dS.jpg?has_lang=1&ver=2_220x220q75.jpg_.avif,https://ae-pic-a1.aliexpress-media.com/kf/Sab9c90cfcf7a4aa69921253116350c28x.jpg?has_lang=1&ver=2_220x220q75.jpg_.avif,https://ae-pic-a1.aliexpress-media.com/kf/S6c5a9886033f4022898c62b6ef9fd39cj.jpg?has_lang=1&ver=2_220x220q75.jpg_.avif","['whether full opening', 'No', 'High-concerned chemical', 'None', 'Applicable Season', 'Winter', 'Craft of Weaving', 'Knit', 'Applicable Scene', 'Daily', 'Hooded', 'No', 'Decoration', 'Embroidery', 'Sleeve Style', 'regular', 'Wool', 'Standard Wool', 'Place Of Origin', 'China (mainland)', 'Pattern Type', 'Animal', 'Item Type', 'Pullovers', 'Sleeve Length(cm)', 'Full', 'Thickness', 'Thick', 'Technics', 'Flat Knitted', 'Material', 'POLYESTER,Polyamide', 'Collar', 'Turtleneck', 'Style', 'Casual', 'Gender', 'Men', 'Origin', 'China Mainland', 'CN', 'Zhejiang']",https://www.aliexpress.us/item/3256809847985730.html?algo_pvid=4f71b484-7ee3-4461-bba1-c505468a957c&algo_exp_id=4f71b484-7ee3-4461-bba1-c505468a957c-27&pdp_ext_f=%7B%22order%22%3A%221553%22%2C%22spu_best_type%22%3A%22price%22%2C%22eval%22%3A%221%22%2C%22fromPage%22%3A%22search%22%7D&pdp_npi=6%40dis%21USD%2165.11%2132.46%21%21%21445.64%21222.14%21%4021030a6217754285218365489ea4af%2112000050899317478%21sea%21US%210%21ABX%211%210%21n_tag%3A-29910%3Bd%3Ab1e5c83a%3Bm03_new_user%3A-29895%3BpisId%3A5000000197827853&curPageLogUid=p352bul3t4zJ&utparam-url=scene%3Asearch%7Cquery_from%3A%7Cx_object_id%3A1005010034300482%7C_p_origin_prod%3A
Men's Classic Crewneck Knit Pullover Sweater Long Sleeve Soft Casual Lightweight Solid Color Softwear for Men,$11.47,"https://ae-pic-a1.aliexpress-media.com/kf/S9965b4b9fab3485195f6a61510a263b9h.jpg_220x220q75.jpg_.avif,https://ae-pic-a1.aliexpress-media.com/kf/S461e6c50b9864917b27d5b22755c8c63x.jpg_220x220q75.jpg_.avif,https://ae-pic-a1.aliexpress-media.com/kf/S5d67f46974024306a65f1ab52684a263X.jpg_220x220q75.jpg_.avif,https://ae-pic-a1.aliexpress-media.com/kf/S68f3410daad0490eaccb9017458d23a7e.jpg_220x220q75.jpg_.avif,https://ae-pic-a1.aliexpress-media.com/kf/Sa7cfbe52fac442f0be67457e38f3c27bt.jpg_220x220q75.jpg_.avif","['whether full opening', 'Yes', 'High-concerned chemical', 'None', 'Applicable Season', 'Autumn And Winter', 'Craft of Weaving', 'Knit', 'Applicable Scene', 'CASUAL', 'Hooded', 'No', 'Sleeve Style', 'regular', 'Place Of Origin', 'China (mainland)', 'Pattern Type', 'Solid', 'Item Type', 'Pullovers', 'Sleeve Length(cm)', 'Full', 'Thickness', 'Standard', 'Technics', 'Flat Knitted', 'Material', 'POLYESTER', 'Collar', 'O-Neck', 'Style', 'Casual', 'Gender', 'Men', 'Origin', 'China Mainland', 'CN', 'Zhejiang', 'Closure Type', 'None']",https://www.aliexpress.us/item/3256808474089400.html?algo_pvid=4f71b484-7ee3-4461-bba1-c505468a957c&algo_exp_id=4f71b484-7ee3-4461-bba1-c505468a957c-29&pdp_ext_f=%7B%22order%22%3A%221514%22%2C%22eval%22%3A%221%22%2C%22orig_sl_item_id%22%3A%221005008660404152%22%2C%22orig_item_id%22%3A%221005009305755862%22%2C%22fromPage%22%3A%22search%22%7D&pdp_npi=6%40dis%21USD%2122.95%2111.47%21%21%21157.10%2178.55%21%4021030a6217754285218365489ea4af%2112000046136037187%21sea%21US%210%21ABX%211%210%21n_tag%3A-29910%3Bd%3Ab1e5c83a%3Bm03_new_user%3A-29895&curPageLogUid=OgCqzLeEn6qz&utparam-url=scene%3Asearch%7Cquery_from%3A%7Cx_object_id%3A1005008660404152%7C_p_origin_prod%3A1005009305755862
Autum Men Turtlenecks Sweaters Knitwear Pullovers Solid Color Long Sleeved Sweater Male Casual Daily Warm Coats,$2.22,"https://ae-pic-a1.aliexpress-media.com/kf/S3b024bef39944584aba12a3bf4601f9fj.jpg_220x220q75.jpg_.avif,https://ae-pic-a1.aliexpress-media.com/kf/S150f1ef1e66d4596ae174aeb319b6386B.jpg_220x220q75.jpg_.avif,https://ae-pic-a1.aliexpress-media.com/kf/Sa7660b6ca0194649bcc9e6eb4b8c71f6H.jpg_220x220q75.jpg_.avif,https://ae-pic-a1.aliexpress-media.com/kf/S702c767863cc47688314475b538e5df8Q.jpg_220x220q75.jpg_.avif,https://ae-pic-a1.aliexpress-media.com/kf/Sab992b9670b04d0bb1836951fdab5664n.jpg_220x220q75.jpg_.avif","['whether full opening', 'No', 'High-concerned chemical', 'None', 'Applicable Season', 'Autumn And Winter', 'Applicable Scene', 'Daily', 'Thickness', 'Standard', 'Material', 'Other,POLYESTER,Acrylic', 'Collar', 'Turtleneck', 'Style', 'Casual', 'Gender', 'Men', 'Brand Name', 'ANIMAL GAME', 'Origin', 'China Mainland', 'CN', 'Zhejiang', 'Support', 'Drop Shipping']",https://www.aliexpress.us/item/3256805765272328.html?algo_pvid=4f71b484-7ee3-4461-bba1-c505468a957c&algo_exp_id=4f71b484-7ee3-4461-bba1-c505468a957c-30&pdp_ext_f=%7B%22order%22%3A%221432%22%2C%22spu_best_type%22%3A%22price%22%2C%22eval%22%3A%221%22%2C%22fromPage%22%3A%22search%22%7D&pdp_npi=6%40dis%21USD%2122.54%2111.62%21%21%21154.29%2179.55%21%4021030a6217754285218365489ea4af%2112000034996291663%21sea%21US%210%21ABX%211%210%21n_tag%3A-29910%3Bd%3Ab1e5c83a%3Bm03_new_user%3A-29895%3BpisId%3A5000000197827853&curPageLogUid=EvsM8p6ZS71f&utparam-url=scene%3Asearch%7Cquery_from%3A%7Cx_object_id%3A1005005951587080%7C_p_origin_prod%3A
Autumn Men's Slim Fit Long Sleeve Turtleneck Sweater Casual Knitted Pullover Sweaters Outdoor Winter Warm Thick Heavyweight Top,$0.99,"https://ae-pic-a1.aliexpress-media.com/kf/S28757933c397435b9c86ce3ea1b1708cJ.jpg?has_lang=1&ver=2_220x220q75.jpg_.avif,https://ae-pic-a1.aliexpress-media.com/kf/Sf203f9072bc147e6a9cd48e9801274fcW.jpg?has_lang=1&ver=2_220x220q75.jpg_.avif,https://ae-pic-a1.aliexpress-media.com/kf/Sc2c4da976ed94a95a9beb6e7be60815dO.jpg?has_lang=1&ver=2_220x220q75.jpg_.avif,https://ae-pic-a1.aliexpress-media.com/kf/S055df179fdaa4016900961cb93276a032.jpg?has_lang=1&ver=2_220x220q75.jpg_.avif,https://ae-pic-a1.aliexpress-media.com/kf/S9f7f2df3c43a41ed9ea621107117215cv.jpg?has_lang=1&ver=2_220x220q75.jpg_.avif","['whether full opening', 'No', 'High-concerned chemical', 'None', 'Applicable Season', 'Autumn And Winter', 'Applicable Scene', 'CASUAL', 'Hooded', 'No', 'Sleeve Style', 'regular', 'Wool', 'Standard Wool', 'Pattern Type', 'Striped', 'Item Type', 'Pullovers', 'Sleeve Length(cm)', 'Full', 'Thickness', 'Standard', 'Material', 'POLYESTER,Nylon,Rayon', 'Collar', 'Turtleneck', 'Style', 'Outdoor', 'Gender', 'Men', 'Brand Name', 'ANIMAL GAME', 'Origin', 'China Mainland', 'CN', 'Zhejiang', 'Closure Type', 'None', 'Support', 'Drop Shipping']",https://www.aliexpress.us/item/3256809692323030.html?algo_pvid=4f71b484-7ee3-4461-bba1-c505468a957c&algo_exp_id=4f71b484-7ee3-4461-bba1-c505468a957c-31&pdp_ext_f=%7B%22order%22%3A%221402%22%2C%22eval%22%3A%221%22%2C%22fromPage%22%3A%22search%22%7D&pdp_npi=6%40dis%21USD%2123.89%219.94%21%21%21163.50%2167.99%21%4021030a6217754285218365489ea4af%2112000050456395623%21sea%21US%210%21ABX%211%210%21n_tag%3A-29910%3Bd%3Ab1e5c83a%3Bm03_new_user%3A-29895%3BpisId%3A5000000197827853&curPageLogUid=IuoTIGu95cn5&utparam-url=scene%3Asearch%7Cquery_from%3A%7Cx_object_id%3A1005009878637782%7C_p_origin_prod%3A
Autumn Men's Zipper Pullover Turtlenecks Warm Sweaters Solid Color Long Sleeved Fashion Male Casual Daily Sweatshirt Top,$2.93,"https://ae-pic-a1.aliexpress-media.com/kf/S9be75ea5b1054bdaade3cc72f0c52efe7.jpg_220x220q75.jpg_.avif,https://ae-pic-a1.aliexpress-media.com/kf/S9be75ea5b1054bdaade3cc72f0c52efe7.jpg_220x220q75.jpg_.avif,https://ae-pic-a1.aliexpress-media.com/kf/Sba8752ae07af4036b70e5662664ffa58s.jpg_220x220q75.jpg_.avif,https://ae-pic-a1.aliexpress-media.com/kf/S27b9c07a33cb482689d06aa70f3d5c93q.jpg_220x220q75.jpg_.avif,https://ae-pic-a1.aliexpress-media.com/kf/S59353d6b38114b689f59dab7df1e8e28Q.jpg_220x220q75.jpg_.avif","['whether full opening', 'No', 'High-concerned chemical', 'None', 'Applicable Season', 'Spring And Autumn', 'Craft of Weaving', 'Knit', 'Applicable Scene', 'Daily', 'Hooded', 'No', 'Sleeve Style', 'regular', 'Place Of Origin', 'China (mainland)', 'Pattern Type', 'Solid', 'Item Type', 'Pullovers', 'Sleeve Length(cm)', 'Sleeveless', 'Thickness', 'Standard', 'Material', 'POLYESTER', 'Collar', 'Turtleneck', 'Style', 'Casual', 'Gender', 'Men', 'Brand Name', 'REALXIZI', 'Origin', 'Mainland China', 'CN', 'Fujian', 'Closure Type', 'None']",https://www.aliexpress.us/item/3256808343736447.html?algo_pvid=4f71b484-7ee3-4461-bba1-c505468a957c&algo_exp_id=4f71b484-7ee3-4461-bba1-c505468a957c-32&pdp_ext_f=%7B%22order%22%3A%221386%22%2C%22eval%22%3A%221%22%2C%22fromPage%22%3A%22search%22%7D&pdp_npi=6%40dis%21USD%2120.86%2110.33%21%21%21142.78%2170.71%21%4021030a6217754285218365489ea4af%2112000045578110676%21sea%21US%210%21ABX%211%210%21n_tag%3A-29910%3Bd%3Ab1e5c83a%3Bm03_new_user%3A-29895%3BpisId%3A5000000197827853&curPageLogUid=vAMIalgkVeJ2&utparam-url=scene%3Asearch%7Cquery_from%3A%7Cx_object_id%3A1005008530051199%7C_p_origin_prod%3A
Sweatwear Mens Anti-pilling High Quality Knitted Turtleneck Sweater Slim Fit Long Sleeve Pullover Solid Color Trend Men Clothing,$0.99,"https://ae-pic-a1.aliexpress-media.com/kf/S843617846589460cb1066fce1069f34cW.jpg_220x220q75.jpg_.avif,https://ae-pic-a1.aliexpress-media.com/kf/Sd01e068159d94111817ca36de2f864e4D.jpg_220x220q75.jpg_.avif,https://ae-pic-a1.aliexpress-media.com/kf/Sba8871d351344939b4f2ac6022babfd8H.jpg_220x220q75.jpg_.avif,https://ae-pic-a1.aliexpress-media.com/kf/Se260efad71004513a24f999c6261cec2w.jpg_220x220q75.jpg_.avif,https://ae-pic-a1.aliexpress-media.com/kf/Sdd65868cc2714a1cba6420e4b73df7939.jpg_220x220q75.jpg_.avif","['whether full opening', 'No', 'High-concerned chemical', 'None', 'Applicable Season', 'Autumn And Winter', 'Applicable Scene', 'Daily', 'Thickness', 'Standard', 'Material', 'Other,POLYESTER', 'Collar', 'Turtleneck', 'Style', 'Casual', 'Gender', 'Men', 'Brand Name', 'ANIMAL GAME', 'Origin', 'China Mainland', 'CN', 'Zhejiang', 'Support', 'Drop Shipping']",https://www.aliexpress.us/item/3256805931728697.html?algo_pvid=4f71b484-7ee3-4461-bba1-c505468a957c&algo_exp_id=4f71b484-7ee3-4461-bba1-c505468a957c-33&pdp_ext_f=%7B%22order%22%3A%221349%22%2C%22eval%22%3A%221%22%2C%22fromPage%22%3A%22search%22%7D&pdp_npi=6%40dis%21USD%2118.75%219.65%21%21%21128.31%2166.04%21%4021030a6217754285218365489ea4af%2112000035832681203%21sea%21US%210%21ABX%211%210%21n_tag%3A-29910%3Bd%3Ab1e5c83a%3Bm03_new_user%3A-29895%3BpisId%3A5000000197827853&curPageLogUid=yOvAXpQ5dKvj&utparam-url=scene%3Asearch%7Cquery_from%3A%7Cx_object_id%3A1005006118043449%7C_p_origin_prod%3A
New Men's Turtleneck Sweater Solid Color High Neck Pullover Knitted Sweaters Casual Elastic Sweatwear Mens Fall Winter,$0.99,"https://ae-pic-a1.aliexpress-media.com/kf/S075279a71fc74b2e87f63a271a8799e5u.jpg_220x220q75.jpg_.avif,https://ae-pic-a1.aliexpress-media.com/kf/S075279a71fc74b2e87f63a271a8799e5u.jpg_220x220q75.jpg_.avif,https://ae-pic-a1.aliexpress-media.com/kf/Sfdb3825826b242718044c8551c1e5254w.jpg_220x220q75.jpg_.avif,https://ae-pic-a1.aliexpress-media.com/kf/S031a0d49b5734e67ac53179363770f2bi.jpg_220x220q75.jpg_.avif,https://ae-pic-a1.aliexpress-media.com/kf/Se692ba1a71394b8dbaa5b915a60f5bf2K.jpg_220x220q75.jpg_.avif","['whether full opening', 'No', 'High-concerned chemical', 'None', 'Applicable Season', 'Autumn And Winter', 'Craft of Weaving', 'Knit', 'Applicable Scene', 'Trip', 'Hooded', 'No']",https://www.aliexpress.us/item/3256807011390596.html?algo_pvid=4f71b484-7ee3-4461-bba1-c505468a957c&algo_exp_id=4f71b484-7ee3-4461-bba1-c505468a957c-34&pdp_ext_f=%7B%22order%22%3A%221335%22%2C%22eval%22%3A%221%22%2C%22fromPage%22%3A%22search%22%7D&pdp_npi=6%40dis%21USD%2120.51%219.95%21%21%21140.41%2168.12%21%4021030a6217754285218365489ea4af%2112000039771543450%21sea%21US%210%21ABX%211%210%21n_tag%3A-29910%3Bd%3Ab1e5c83a%3Bm03_new_user%3A-29895%3BpisId%3A5000000197827853&curPageLogUid=kppVAp2FmGtc&utparam-url=scene%3Asearch%7Cquery_from%3A%7Cx_object_id%3A1005007197705348%7C_p_origin_prod%3A
Y2K Round Neck Gray Knitted Sweater New Popular Symbol Pattern Retro Harajuku Pullover Autumn Winter Warm Boxy Men's Clothing,$18.55,"https://ae-pic-a1.aliexpress-media.com/kf/S6f7981f2d4d749d3a9c9ccbecfee2ccaJ.jpg_220x220q75.jpg_.avif,https://ae-pic-a1.aliexpress-media.com/kf/Sd8265022e8cf49c8b85db2bf7209cec2H.jpg_220x220q75.jpg_.avif,https://ae-pic-a1.aliexpress-media.com/kf/Sb60d22e22c7b41d7b746e3892651d957e.jpg_220x220q75.jpg_.avif,https://ae-pic-a1.aliexpress-media.com/kf/Secab88969ae34102a5bfd8a1282f699aI.jpg_220x220q75.jpg_.avif,https://ae-pic-a1.aliexpress-media.com/kf/Sefafd6a7c94d467094164d585f2ba74ea.jpg_220x220q75.jpg_.avif","['whether full opening', 'No', 'High-concerned chemical', 'None', 'Applicable Season', 'Autumn And Winter', 'Applicable Scene', 'CASUAL', 'Thickness', 'Standard', 'Material', 'Other,POLYESTER']",https://www.aliexpress.us/item/3256809262542412.html?algo_pvid=4f71b484-7ee3-4461-bba1-c505468a957c&algo_exp_id=4f71b484-7ee3-4461-bba1-c505468a957c-35&pdp_ext_f=%7B%22order%22%3A%221324%22%2C%22eval%22%3A%221%22%2C%22fromPage%22%3A%22search%22%7D&pdp_npi=6%40dis%21USD%2159.85%2118.55%21%21%21409.65%21126.99%21%4021030a6217754285218365489ea4af%2112000049134707610%21sea%21US%210%21ABX%211%210%21n_tag%3A-29910%3Bd%3Ab1e5c83a%3Bm03_new_user%3A-29895&curPageLogUid=8Ky54oAav7n1&utparam-url=scene%3Asearch%7Cquery_from%3A%7Cx_object_id%3A1005009448857164%7C_p_origin_prod%3A
Spring Autumn Thin Men Pullovers Sweaters Turtleneck Knitted Sweater for Men Warm Clothing Male Sweaters Full Black White Tops,$0.99,"https://ae-pic-a1.aliexpress-media.com/kf/Sf049e99bf887431cabfa82ecfd04efc7K.jpg_220x220q75.jpg_.avif,https://ae-pic-a1.aliexpress-media.com/kf/Se54f5f95a1834e23bc8045d7cf0f137cv.jpg_220x220q75.jpg_.avif,https://ae-pic-a1.aliexpress-media.com/kf/S430cdca558ab4ff9a81303503a895fe6d.jpg_220x220q75.jpg_.avif,https://ae-pic-a1.aliexpress-media.com/kf/Se265ac3011804a7aab3f73776ecf6712v.jpg_220x220q75.jpg_.avif,https://ae-pic-a1.aliexpress-media.com/kf/Sb9c50e5f74214c028bdd781f41727759i.jpg_220x220q75.jpg_.avif","['whether full opening', 'No', 'High-concerned chemical', 'None', 'Applicable Season', 'Spring And Autumn', 'Craft of Weaving', 'Knit', 'Applicable Scene', 'Business', 'Hooded', 'No']",https://www.aliexpress.us/item/3256806006165621.html?algo_pvid=4f71b484-7ee3-4461-bba1-c505468a957c&algo_exp_id=4f71b484-7ee3-4461-bba1-c505468a957c-36&pdp_ext_f=%7B%22order%22%3A%221267%22%2C%22eval%22%3A%221%22%2C%22fromPage%22%3A%22search%22%7D&pdp_npi=6%40dis%21USD%215.05%214.93%21%21%215.05%214.93%21%4021030a6217754285218365489ea4af%2112000036208718920%21sea%21US%210%21ABX%211%210%21n_tag%3A-29910%3Bd%3Ab1e5c83a%3Bm03_new_user%3A-29895%3BpisId%3A5000000197827853&curPageLogUid=PORXjMu0G8yr&utparam-url=scene%3Asearch%7Cquery_from%3A%7Cx_object_id%3A1005006192480373%7C_p_origin_prod%3A
2025 Cashmere Sweater O-neck Pullovers Men's Loose Oversized M-3XL Knitted Bottom Shirt Autumn Winter New Korean Casual Men Top,$10.77,"https://ae-pic-a1.aliexpress-media.com/kf/Sc94d812344db43b3ba6a695abdb66a4cK.jpg_220x220q75.jpg_.avif,https://ae-pic-a1.aliexpress-media.com/kf/Sc94d812344db43b3ba6a695abdb66a4cK.jpg_220x220q75.jpg_.avif,https://ae-pic-a1.aliexpress-media.com/kf/Sa747b20b82694fd4bdf1dea631d3ee247.png?has_lang=1&ver=1_220x220.png_.avif,https://ae-pic-a1.aliexpress-media.com/kf/Seab67c5562d04259a9374fdd1f6137c4C.png_220x220.png_.avif,https://ae-pic-a1.aliexpress-media.com/kf/Sf157a09fb0d848e68eb0e112058dd5ba5.png_220x220.png_.avif","['whether full opening', 'No', 'High-concerned chemical', 'None', 'Applicable Season', 'Autumn And Winter', 'Craft of Weaving', 'Knit', 'Applicable Scene', 'Office', 'Hooded', 'No']",https://www.aliexpress.us/item/3256809620721873.html?algo_pvid=4f71b484-7ee3-4461-bba1-c505468a957c&algo_exp_id=4f71b484-7ee3-4461-bba1-c505468a957c-38&pdp_ext_f=%7B%22order%22%3A%221228%22%2C%22spu_best_type%22%3A%22price%22%2C%22eval%22%3A%221%22%2C%22fromPage%22%3A%22search%22%7D&pdp_npi=6%40dis%21USD%2146.15%2120.67%21%21%21315.90%21141.47%21%4021030a6217754285218365489ea4af%2112000050237565334%21sea%21US%210%21ABX%211%210%21n_tag%3A-29910%3Bd%3Ab1e5c83a%3Bm03_new_user%3A-29895%3BpisId%3A5000000197827853&curPageLogUid=eJOzBtN7H7UA&utparam-url=scene%3Asearch%7Cquery_from%3A%7Cx_object_id%3A1005009807036625%7C_p_origin_prod%3A
Autumn Mens High Quality Knitted Turtleneck Sweater Slim Fit Long Sleeve Anti-pilling Pullover Solid Color Trend Men Streetwea,$4.41,"https://ae-pic-a1.aliexpress-media.com/kf/Sc19101d65d2f4e77bd4ec93d14e0d2d8E.jpg?has_lang=1&ver=2_220x220q75.jpg_.avif,https://ae-pic-a1.aliexpress-media.com/kf/S136b560891be438d92f47656a663d72by.jpg?has_lang=1&ver=2_220x220q75.jpg_.avif,https://ae-pic-a1.aliexpress-media.com/kf/S0251d1acfd8941c4a987f234d930da6fl.jpg?has_lang=1&ver=2_220x220q75.jpg_.avif,https://ae-pic-a1.aliexpress-media.com/kf/S8b08488cdde04416a66134828f928084K.jpg?has_lang=1&ver=2_220x220q75.jpg_.avif,https://ae-pic-a1.aliexpress-media.com/kf/Sc4404af1aafc4ba6877f992c44458a74w.jpg?has_lang=1&ver=2_220x220q75.jpg_.avif","['whether full opening', 'No', 'High-concerned chemical', 'None', 'Applicable Season', 'Autumn And Winter', 'Craft of Weaving', 'Knit', 'Applicable Scene', 'CASUAL', 'Hooded', 'No']",https://www.aliexpress.us/item/3256809915759749.html?algo_pvid=4f71b484-7ee3-4461-bba1-c505468a957c&algo_exp_id=4f71b484-7ee3-4461-bba1-c505468a957c-39&pdp_ext_f=%7B%22order%22%3A%221188%22%2C%22eval%22%3A%221%22%2C%22fromPage%22%3A%22search%22%7D&pdp_npi=6%40dis%21USD%2124.31%2111.81%21%21%21166.36%2180.84%21%4021030a6217754285218365489ea4af%2112000051151586018%21sea%21US%210%21ABX%211%210%21n_tag%3A-29910%3Bd%3Ab1e5c83a%3Bm03_new_user%3A-29895%3BpisId%3A5000000197827853&curPageLogUid=RCOWIctPTPYY&utparam-url=scene%3Asearch%7Cquery_from%3A%7Cx_object_id%3A1005010102074501%7C_p_origin_prod%3A
AIOPESON Men's Patchwork Pullover Sweater Cotton Casual Zipper Mock Neck Sweater for Men New Winter Fashion Warm Sweater for Men,$25.82,"https://ae-pic-a1.aliexpress-media.com/kf/Sd256ca90f81b43f98137a9ce554420d7P.jpg_220x220q75.jpg_.avif,https://ae-pic-a1.aliexpress-media.com/kf/Sd256ca90f81b43f98137a9ce554420d7P.jpg_220x220q75.jpg_.avif,https://ae-pic-a1.aliexpress-media.com/kf/Sa42800a2a25a4b139590d04778a0e36dW.png?has_lang=1&ver=2_220x220.png_.avif,https://ae-pic-a1.aliexpress-media.com/kf/S65ea17b58dd541c58d6563a92ebd1640r.jpg_220x220q75.jpg_.avif,https://ae-pic-a1.aliexpress-media.com/kf/Sc9566e523e484e91b46017d6adbbe517W.jpg?has_lang=1&ver=2_220x220q75.jpg_.avif","['whether full opening', 'No', 'High-concerned chemical', 'None', 'Applicable Season', 'Autumn And Winter', 'Applicable Scene', 'CASUAL', 'Hooded', 'No', 'Model Number', 'AX-Y245']",https://www.aliexpress.us/item/3256807636220805.html?algo_pvid=4f71b484-7ee3-4461-bba1-c505468a957c&algo_exp_id=4f71b484-7ee3-4461-bba1-c505468a957c-41&pdp_ext_f=%7B%22order%22%3A%221179%22%2C%22eval%22%3A%221%22%2C%22orig_sl_item_id%22%3A%221005007822535557%22%2C%22orig_item_id%22%3A%221005005029222490%22%2C%22fromPage%22%3A%22search%22%7D&pdp_npi=6%40dis%21USD%2157.38%2125.82%21%21%21392.76%21176.74%21%4021030a6217754285218365489ea4af%2112000042332244027%21sea%21US%210%21ABX%211%210%21n_tag%3A-29910%3Bd%3Ab1e5c83a%3Bm03_new_user%3A-29895&curPageLogUid=nV1SqoBJ6WqB&utparam-url=scene%3Asearch%7Cquery_from%3A%7Cx_object_id%3A1005007822535557%7C_p_origin_prod%3A1005005029222490
2021 New Winter Men Turtleneck Sweater Casual Solid Color Warm Pullover High Quality Slim High Neck Long Sleeve Sweater Men,$11.59,"https://ae-pic-a1.aliexpress-media.com/kf/S6260917117ff4b78b93c4f7175ec1fa84.jpg?has_lang=1&ver=2_220x220q75.jpg_.avif,https://ae-pic-a1.aliexpress-media.com/kf/S6260917117ff4b78b93c4f7175ec1fa84.jpg?has_lang=1&ver=2_220x220q75.jpg_.avif,https://ae-pic-a1.aliexpress-media.com/kf/S990b66a6cf8c4b1b9f843fd1faae2a8ep.png?has_lang=1&ver=2_220x220.png_.avif,https://ae-pic-a1.aliexpress-media.com/kf/Sf2f1dfcc1f3948518c5e4433d863d697O.jpg_220x220q75.jpg_.avif,https://ae-pic-a1.aliexpress-media.com/kf/Sb187e559415e47b6a89785441d3422ccz.jpg_220x220q75.jpg_.avif","['whether full opening', 'No', 'High-concerned chemical', 'None', 'Craft of Weaving', 'Knit', 'Applicable Season', 'Autumn And Winter', 'Applicable Scene', 'CASUAL', 'Hooded', 'No']",https://www.aliexpress.us/item/3256801434710356.html?algo_pvid=4f71b484-7ee3-4461-bba1-c505468a957c&algo_exp_id=4f71b484-7ee3-4461-bba1-c505468a957c-42&pdp_ext_f=%7B%22order%22%3A%221151%22%2C%22eval%22%3A%221%22%2C%22fromPage%22%3A%22search%22%7D&pdp_npi=6%40dis%21USD%2121.09%2120.99%21%21%2121.09%2120.99%21%4021030a6217754285218365489ea4af%2112000029002578590%21sea%21US%210%21ABX%211%210%21n_tag%3A-29910%3Bd%3Ab1e5c83a%3Bm03_new_user%3A-29895%3BpisId%3A5000000197827853&curPageLogUid=JytH2LA9r5Ec&utparam-url=scene%3Asearch%7Cquery_from%3A%7Cx_object_id%3A1005001621025108%7C_p_origin_prod%3A
Y2K Grey Long Sleeve Sweater Dollar Gothic Embroidery Pullover Goth Retro Casual Streetwear Old Money Men Boxy Knitted Clothing,$25.20,"https://ae-pic-a1.aliexpress-media.com/kf/S1bd047e842c141febd56bf0ef5e8bd86W.jpg_220x220q75.jpg_.avif,https://ae-pic-a1.aliexpress-media.com/kf/Sc3a03207a7fa46ae982e3932ff6d2300a.jpg_220x220q75.jpg_.avif,https://ae-pic-a1.aliexpress-media.com/kf/S336af45f028946fab5c7cccb5263e3d4e.jpg_220x220q75.jpg_.avif,https://ae-pic-a1.aliexpress-media.com/kf/S286aa0aff6d946998758b76ea911cb98D.jpg_220x220q75.jpg_.avif,https://ae-pic-a1.aliexpress-media.com/kf/S1e43b129e312462d8e43eca271a274a0x.jpg_220x220q75.jpg_.avif","['whether full opening', 'No', 'High-concerned chemical', 'None', 'Applicable Season', 'Autumn And Winter', 'Applicable Scene', 'CASUAL', 'Pattern Type', 'Letter', 'Thickness', 'Standard']",https://www.aliexpress.us/item/3256809101507269.html?algo_pvid=4f71b484-7ee3-4461-bba1-c505468a957c&algo_exp_id=4f71b484-7ee3-4461-bba1-c505468a957c-43&pdp_ext_f=%7B%22order%22%3A%221147%22%2C%22eval%22%3A%221%22%2C%22fromPage%22%3A%22search%22%7D&pdp_npi=6%40dis%21USD%2169.40%2134.60%21%21%21474.99%21236.81%21%4021030a6217754285218365489ea4af%2112000048620166928%21sea%21US%210%21ABX%211%210%21n_tag%3A-29910%3Bd%3Ab1e5c83a%3Bm03_new_user%3A-29895%3BpisId%3A5000000197827853&curPageLogUid=vdVem1UePmlX&utparam-url=scene%3Asearch%7Cquery_from%3A%7Cx_object_id%3A1005009287822021%7C_p_origin_prod%3A
Men's Sweater Y2K Aphex Twin Knit Oversized Pullovers Gothic Jumper Winter Graphic Streetwear Long Sleeve Tops Vintage Clothing,$15.16,"https://ae-pic-a1.aliexpress-media.com/kf/S5271af404d7a4575ac0331fe43de423f8.jpg?has_lang=1&ver=1_220x220q75.jpg_.avif,https://ae-pic-a1.aliexpress-media.com/kf/S211f8c070fdf49098be22b2d9267e501N.jpg_220x220q75.jpg_.avif,https://ae-pic-a1.aliexpress-media.com/kf/S366315ba07d6499a84650d2827a14581M.jpg_220x220q75.jpg_.avif,https://ae-pic-a1.aliexpress-media.com/kf/Se0258757a4ea448689840ae8dd152065x.jpg_220x220q75.jpg_.avif,https://ae-pic-a1.aliexpress-media.com/kf/S0be1d997bbaa404a9bc0f03edf369e1bk.jpg_220x220q75.jpg_.avif","['whether full opening', 'No', 'High-concerned chemical', 'None', 'Applicable Season', 'Autumn And Winter', 'Craft of Weaving', 'Knit', 'Applicable Scene', 'CASUAL', 'Hooded', 'No']",https://www.aliexpress.us/item/3256807760299352.html?algo_pvid=4f71b484-7ee3-4461-bba1-c505468a957c&algo_exp_id=4f71b484-7ee3-4461-bba1-c505468a957c-44&pdp_ext_f=%7B%22order%22%3A%221138%22%2C%22eval%22%3A%221%22%2C%22fromPage%22%3A%22search%22%7D&pdp_npi=6%40dis%21USD%2130.33%2115.16%21%21%2130.33%2115.16%21%4021030a6217754285218365489ea4af%2112000042971931365%21sea%21US%210%21ABX%211%210%21n_tag%3A-29910%3Bd%3Ab1e5c83a%3Bm03_new_user%3A-29895&curPageLogUid=rUR5LDYRi9Q8&utparam-url=scene%3Asearch%7Cquery_from%3A%7Cx_object_id%3A1005007946614104%7C_p_origin_prod%3A
New Autumn Pullover Men's Sweater O-neck Patchwork Long Sleeve Warm Slim Sweaters Men Casual Fashion Sweater Men Clothing,$15.36,"https://ae-pic-a1.aliexpress-media.com/kf/S65c6f5469ab24ed9a9e6d44268189414u.jpg_220x220q75.jpg_.avif,https://ae-pic-a1.aliexpress-media.com/kf/S65c6f5469ab24ed9a9e6d44268189414u.jpg_220x220q75.jpg_.avif,https://ae-pic-a1.aliexpress-media.com/kf/S4d529d7631c44d7cb90948664fe17fdb2.jpg?has_lang=1&ver=2_220x220q75.jpg_.avif,https://ae-pic-a1.aliexpress-media.com/kf/Sc7988a1795cf4166a28b4b82aad6218bt.jpg_220x220q75.jpg_.avif,https://ae-pic-a1.aliexpress-media.com/kf/S8bf4537954e64215a6ec301953e7d8fa3.jpg_220x220q75.jpg_.avif","['High-concerned chemical', 'None', 'Applicable Season', 'Winter', 'Applicable Scene', 'CASUAL', 'Hooded', 'No', 'Decoration', 'Ruched', 'Sleeve Style', 'regular']",https://www.aliexpress.us/item/3256806824188304.html?algo_pvid=4f71b484-7ee3-4461-bba1-c505468a957c&algo_exp_id=4f71b484-7ee3-4461-bba1-c505468a957c-45&pdp_ext_f=%7B%22order%22%3A%221119%22%2C%22eval%22%3A%221%22%2C%22orig_sl_item_id%22%3A%221005007010503056%22%2C%22orig_item_id%22%3A%221005005637017479%22%2C%22fromPage%22%3A%22search%22%7D&pdp_npi=6%40dis%21USD%2134.92%2115.36%21%21%21239.04%21105.18%21%4021030a6217754285218365489ea4af%2112000039050567204%21sea%21US%210%21ABX%211%210%21n_tag%3A-29910%3Bd%3Ab1e5c83a%3Bm03_new_user%3A-29895&curPageLogUid=7iuwKH2GYDZR&utparam-url=scene%3Asearch%7Cquery_from%3A%7Cx_object_id%3A1005007010503056%7C_p_origin_prod%3A1005005637017479
"Men's Spring and Autumn Fashion Lapel Fleece Pullover, Solid Color Button Men's Clothing, Outdoor Men's Sweatshirt",$12.68,"https://ae-pic-a1.aliexpress-media.com/kf/Sb15474ea71e14fcf92a95a917072759dS.jpg_220x220q75.jpg_.avif,https://ae-pic-a1.aliexpress-media.com/kf/S00a456757a3a4147a1346e731047ae36j.jpg_220x220q75.jpg_.avif,https://ae-pic-a1.aliexpress-media.com/kf/Sc6dab856384b445a9473f79fa80e290e0.jpg_220x220q75.jpg_.avif,https://ae-pic-a1.aliexpress-media.com/kf/S55039db9b93641a8891342a658848f47G.jpg_220x220q75.jpg_.avif,https://ae-pic-a1.aliexpress-media.com/kf/S0a3acaf5909549e0a493fc3ee38f9a1dQ.jpg_220x220q75.jpg_.avif","['whether full opening', 'No', 'High-concerned chemical', 'None', 'Applicable Season', 'Spring And Autumn', 'Craft of Weaving', 'Knit', 'Applicable Scene', 'Trip', 'Model Number', 'ZR']",https://www.aliexpress.us/item/3256806796079750.html?algo_pvid=4f71b484-7ee3-4461-bba1-c505468a957c&algo_exp_id=4f71b484-7ee3-4461-bba1-c505468a957c-46&pdp_ext_f=%7B%22order%22%3A%221113%22%2C%22eval%22%3A%221%22%2C%22orig_sl_item_id%22%3A%221005006982394502%22%2C%22orig_item_id%22%3A%221005008708391563%22%2C%22fromPage%22%3A%22search%22%7D&pdp_npi=6%40dis%21USD%2128.19%2112.68%21%21%21192.98%2186.84%21%4021030a6217754285218365489ea4af%2112000038933713294%21sea%21US%210%21ABX%211%210%21n_tag%3A-29910%3Bd%3Ab1e5c83a%3Bm03_new_user%3A-29895&curPageLogUid=qwcGjHbxiWol&utparam-url=scene%3Asearch%7Cquery_from%3A%7Cx_object_id%3A1005006982394502%7C_p_origin_prod%3A1005008708391563
Men's Mock Turtleneck Ribbed Knit Pullover Sweater Casual Heavyweight Slim Fit Dress Sweater Warm Jumper Thermal Streetwear,$9.22,"https://ae-pic-a1.aliexpress-media.com/kf/S77259eb59e3f43f1a622aeebabd40d71Z.jpg_220x220q75.jpg_.avif,https://ae-pic-a1.aliexpress-media.com/kf/Sfee71b5520064f45a8f6fcb30c216bf64.jpg_220x220q75.jpg_.avif,https://ae-pic-a1.aliexpress-media.com/kf/S5017da0c23654777b8c9d2c59b5550fd1.jpg_220x220q75.jpg_.avif,https://ae-pic-a1.aliexpress-media.com/kf/Sc224826a86b44f559fd449f47b318303w.jpg_220x220q75.jpg_.avif,https://ae-pic-a1.aliexpress-media.com/kf/S80cd006a194a445aa50d9d0834796efdX.jpg_220x220q75.jpg_.avif","['whether full opening', 'No', 'High-concerned chemical', 'None', 'Applicable Season', 'Autumn And Winter', 'Applicable Scene', 'CASUAL', 'Hooded', 'No', 'Wool', 'Standard Wool']",https://www.aliexpress.us/item/3256810099203648.html?algo_pvid=4f71b484-7ee3-4461-bba1-c505468a957c&algo_exp_id=4f71b484-7ee3-4461-bba1-c505468a957c-47&pdp_ext_f=%7B%22order%22%3A%221095%22%2C%22eval%22%3A%221%22%2C%22orig_sl_item_id%22%3A%221005010285518400%22%2C%22orig_item_id%22%3A%221005009771651382%22%2C%22fromPage%22%3A%22search%22%7D&pdp_npi=6%40dis%21USD%2120.05%219.22%21%21%21137.24%2163.13%21%4021030a6217754285218365489ea4af%2112000051791725653%21sea%21US%210%21ABX%211%210%21n_tag%3A-29910%3Bd%3Ab1e5c83a%3Bm03_new_user%3A-29895&curPageLogUid=yxCYiuDyFXcQ&utparam-url=scene%3Asearch%7Cquery_from%3A%7Cx_object_id%3A1005010285518400%7C_p_origin_prod%3A1005009771651382
TACVASEN Quarter-Zip Pullover Tops Mens Turtleneck Fleece Sweatshirts Casual Warm Sweater Athletic Running Sports Hoodie Shirts,$17.88,"https://ae-pic-a1.aliexpress-media.com/kf/S7f9216a267ce4aa0b4c40810998e4ba9p.jpg_220x220q75.jpg_.avif,https://ae-pic-a1.aliexpress-media.com/kf/S7f9216a267ce4aa0b4c40810998e4ba9p.jpg_220x220q75.jpg_.avif,https://ae-pic-a1.aliexpress-media.com/kf/Sb02b6de2248e4fc0a8b2b55e92c3149bQ.jpg_220x220q75.jpg_.avif,https://ae-pic-a1.aliexpress-media.com/kf/Sf8c30390629546c08580a5d7afb7cc32Z.jpg_220x220q75.jpg_.avif,https://ae-pic-a1.aliexpress-media.com/kf/S5ee5e8572005477d844b93fba23ad981T.jpg_220x220q75.jpg_.avif","['whether full opening', 'No', 'High-concerned chemical', 'None', 'Applicable Season', 'Spring And Autumn', 'Craft of Weaving', 'Knit', 'Applicable Scene', 'CASUAL', 'Hooded', 'No']",https://www.aliexpress.us/item/3256805999127466.html?algo_pvid=4f71b484-7ee3-4461-bba1-c505468a957c&algo_exp_id=4f71b484-7ee3-4461-bba1-c505468a957c-48&pdp_ext_f=%7B%22order%22%3A%221088%22%2C%22eval%22%3A%221%22%2C%22fromPage%22%3A%22search%22%7D&pdp_npi=6%40dis%21USD%2135.05%2117.88%21%21%21239.87%21122.33%21%4021030a6217754285218365489ea4af%2112000036181268830%21sea%21US%210%21ABX%211%210%21n_tag%3A-29910%3Bd%3Ab1e5c83a%3Bm03_new_user%3A-29895&curPageLogUid=cYRTNtx7MyYm&utparam-url=scene%3Asearch%7Cquery_from%3A%7Cx_object_id%3A1005006185442218%7C_p_origin_prod%3A
Men's Quarter Zip Up Sweaters Slim Fit Lightweight Mock Neck Pullover Casual Sweaters Half Turtleneck Knitted Outdoor Streetwear,$11.77,"https://ae-pic-a1.aliexpress-media.com/kf/S5e69962cbb92419bbdfffbdc39f47d2aW.jpg_220x220q75.jpg_.avif,https://ae-pic-a1.aliexpress-media.com/kf/S752b8268eb7d41498a3a2bc4a54a69711.jpg_220x220q75.jpg_.avif,https://ae-pic-a1.aliexpress-media.com/kf/S1f1ef6544db042dd8e304567a95ecdc4e.jpg_220x220q75.jpg_.avif,https://ae-pic-a1.aliexpress-media.com/kf/S9b8700a1c23046a89d58da920183af7eN.jpg_220x220q75.jpg_.avif,https://ae-pic-a1.aliexpress-media.com/kf/S2d1a558dd3444a1d84395e3647fccd7dx.jpg_220x220q75.jpg_.avif","['whether full opening', 'No', 'High-concerned chemical', 'None', 'Applicable Season', 'Autumn And Winter', 'Applicable Scene', 'Daily', 'Hooded', 'No', 'Sleeve Style', 'regular']",https://www.aliexpress.us/item/3256808243574002.html?algo_pvid=4f71b484-7ee3-4461-bba1-c505468a957c&algo_exp_id=4f71b484-7ee3-4461-bba1-c505468a957c-49&pdp_ext_f=%7B%22order%22%3A%221082%22%2C%22eval%22%3A%221%22%2C%22orig_sl_item_id%22%3A%221005008429888754%22%2C%22orig_item_id%22%3A%221005007798972684%22%2C%22fromPage%22%3A%22search%22%7D&pdp_npi=6%40dis%21USD%2123.55%2111.77%21%21%21161.20%2180.60%21%4021030a6217754285218365489ea4af%2112000045059824044%21sea%21US%210%21ABX%211%210%21n_tag%3A-29910%3Bd%3Ab1e5c83a%3Bm03_new_user%3A-29895&curPageLogUid=1ZX8pUrEdnV9&utparam-url=scene%3Asearch%7Cquery_from%3A%7Cx_object_id%3A1005008429888754%7C_p_origin_prod%3A1005007798972684
Men's Quarter Zip Up Sweaters Slim Fit Lightweight Mock Neck Pullover Casual Sweaters Half Turtleneck Knitted Outdoor Streetwear,$1.80,"https://ae-pic-a1.aliexpress-media.com/kf/S5e69962cbb92419bbdfffbdc39f47d2aW.jpg_220x220q75.jpg_.avif,https://ae-pic-a1.aliexpress-media.com/kf/S752b8268eb7d41498a3a2bc4a54a69711.jpg_220x220q75.jpg_.avif,https://ae-pic-a1.aliexpress-media.com/kf/S1f1ef6544db042dd8e304567a95ecdc4e.jpg_220x220q75.jpg_.avif,https://ae-pic-a1.aliexpress-media.com/kf/S9b8700a1c23046a89d58da920183af7eN.jpg_220x220q75.jpg_.avif,https://ae-pic-a1.aliexpress-media.com/kf/S2d1a558dd3444a1d84395e3647fccd7dx.jpg_220x220q75.jpg_.avif","['whether full opening', 'No', 'High-concerned chemical', 'None', 'Applicable Season', 'Autumn And Winter', 'Applicable Scene', 'Daily', 'Hooded', 'No', 'Sleeve Style', 'regular']",https://www.aliexpress.us/item/3256807612657932.html?algo_pvid=4f71b484-7ee3-4461-bba1-c505468a957c&algo_exp_id=4f71b484-7ee3-4461-bba1-c505468a957c-50&pdp_ext_f=%7B%22order%22%3A%221080%22%2C%22spu_best_type%22%3A%22price%22%2C%22eval%22%3A%221%22%2C%22fromPage%22%3A%22search%22%7D&pdp_npi=6%40dis%21USD%2124.56%2110.17%21%21%21168.13%2169.61%21%4021030a6217754285218365489ea4af%2112000042239777874%21sea%21US%210%21ABX%211%210%21n_tag%3A-29910%3Bd%3Ab1e5c83a%3Bm03_new_user%3A-29895%3BpisId%3A5000000203816807&curPageLogUid=RNQD0GJk48wH&utparam-url=scene%3Asearch%7Cquery_from%3A%7Cx_object_id%3A1005007798972684%7C_p_origin_prod%3A
Spring Autumn Men's Standing Collar Half Zipper Sportswear Long Sleeve Sweatshirts Men Casual Knitted Pullovers Daily Coats,$1.54,"https://ae-pic-a1.aliexpress-media.com/kf/S631d8eb574cf44c39ced85a77c006b67m.jpg_220x220q75.jpg_.avif,https://ae-pic-a1.aliexpress-media.com/kf/S631d8eb574cf44c39ced85a77c006b67m.jpg_220x220q75.jpg_.avif,https://ae-pic-a1.aliexpress-media.com/kf/S62efd9ddb53147b9af08c6ab92c921bdt.jpg?has_lang=1&ver=2_220x220q75.jpg_.avif,https://ae-pic-a1.aliexpress-media.com/kf/Sa59e1a5d47d04ae6907da5058bb2f628l.jpg_220x220q75.jpg_.avif,https://ae-pic-a1.aliexpress-media.com/kf/S3cd59b287ff54a20893a6e077b3be176K.jpg?has_lang=1&ver=2_220x220q75.jpg_.avif","['whether full opening', 'No', 'High-concerned chemical', 'None', 'Applicable Season', 'Spring And Autumn', 'Craft of Weaving', 'Knit', 'Applicable Scene', 'Daily', 'Hooded', 'No']",https://www.aliexpress.us/item/3256808480531176.html?algo_pvid=4f71b484-7ee3-4461-bba1-c505468a957c&algo_exp_id=4f71b484-7ee3-4461-bba1-c505468a957c-51&pdp_ext_f=%7B%22order%22%3A%221079%22%2C%22spu_best_type%22%3A%22price%22%2C%22eval%22%3A%221%22%2C%22fromPage%22%3A%22search%22%7D&pdp_npi=6%40dis%21USD%2119.47%219.44%21%21%21133.24%2164.61%21%4021030a6217754285218365489ea4af%2112000046157842074%21sea%21US%210%21ABX%211%210%21n_tag%3A-29910%3Bd%3Ab1e5c83a%3Bm03_new_user%3A-29895%3BpisId%3A5000000197827853&curPageLogUid=dANdawaIWBbI&utparam-url=scene%3Asearch%7Cquery_from%3A%7Cx_object_id%3A1005008666845928%7C_p_origin_prod%3A
Classic Pullover V-Neck Sweater Men 2024 Autumn Winter Cashmere Cotton Blend Warm Jumper Clothes Pull Homme Man Hombres Sweater,$6.93,"https://ae-pic-a1.aliexpress-media.com/kf/S6bcd24e24d324a059dcb4a280fc493abr.jpg_220x220q75.jpg_.avif,https://ae-pic-a1.aliexpress-media.com/kf/S6bcd24e24d324a059dcb4a280fc493abr.jpg_220x220q75.jpg_.avif,https://ae-pic-a1.aliexpress-media.com/kf/S131c2d684d5540c7b48fb22878e1f916f.jpg?has_lang=1&ver=2_220x220q75.jpg_.avif,https://ae-pic-a1.aliexpress-media.com/kf/S6f1ada256b3c4230a62d7c31d5740453x.jpg_220x220q75.jpg_.avif,https://ae-pic-a1.aliexpress-media.com/kf/S84049bdf13cb48c38b78395973e3590ea.jpg_220x220q75.jpg_.avif","['whether full opening', 'No', 'High-concerned chemical', 'None', 'Applicable Season', 'Autumn And Winter', 'Craft of Weaving', 'Knit', 'Applicable Scene', 'Daily', 'Hooded', 'No']",https://www.aliexpress.us/item/3256807576398616.html?algo_pvid=4f71b484-7ee3-4461-bba1-c505468a957c&algo_exp_id=4f71b484-7ee3-4461-bba1-c505468a957c-52&pdp_ext_f=%7B%22order%22%3A%221061%22%2C%22eval%22%3A%221%22%2C%22fromPage%22%3A%22search%22%7D&pdp_npi=6%40dis%21USD%2136.81%2116.83%21%21%21251.93%21115.21%21%4021030a6217754285218365489ea4af%2112000042199886070%21sea%21US%210%21ABX%211%210%21n_tag%3A-29910%3Bd%3Ab1e5c83a%3Bm03_new_user%3A-29895%3BpisId%3A5000000197827853&curPageLogUid=cnhU5irO6Rag&utparam-url=scene%3Asearch%7Cquery_from%3A%7Cx_object_id%3A1005007762713368%7C_p_origin_prod%3A
New Mens Long Sleeve Knitted Sweaters Solid Color Turtleneck Coats Slim Fit Pullover Men Clothing Lightweight Streetwear,$0.99,"https://ae-pic-a1.aliexpress-media.com/kf/Sd056fa4dc35d430b8ed12303b7f9230a4.jpg_220x220q75.jpg_.avif,https://ae-pic-a1.aliexpress-media.com/kf/S1a97e6b740264a10aa7211475018c86bT.jpg_220x220q75.jpg_.avif,https://ae-pic-a1.aliexpress-media.com/kf/S5feed4f746ab454dbe8a486267a84192r.jpg_220x220q75.jpg_.avif,https://ae-pic-a1.aliexpress-media.com/kf/S8d574aac8d464e1f86ca860b9281b0b6w.jpg_220x220q75.jpg_.avif,https://ae-pic-a1.aliexpress-media.com/kf/Sad56c9b70e544fb4bb591b37a05576f39.jpg_220x220q75.jpg_.avif","['whether full opening', 'No', 'High-concerned chemical', 'None', 'Applicable Season', 'Autumn And Winter', 'Applicable Scene', 'CASUAL', 'Pattern Type', 'Solid', 'Item Type', 'Pullovers']",https://www.aliexpress.us/item/3256807387389982.html?algo_pvid=4f71b484-7ee3-4461-bba1-c505468a957c&algo_exp_id=4f71b484-7ee3-4461-bba1-c505468a957c-53&pdp_ext_f=%7B%22order%22%3A%221061%22%2C%22eval%22%3A%221%22%2C%22fromPage%22%3A%22search%22%7D&pdp_npi=6%40dis%21USD%2122.26%2110.36%21%21%21152.38%2170.94%21%4021030a6217754285218365489ea4af%2112000041351463888%21sea%21US%210%21ABX%211%210%21n_tag%3A-29910%3Bd%3Ab1e5c83a%3Bm03_new_user%3A-29895%3BpisId%3A5000000197827853&curPageLogUid=09aKvVey1LGR&utparam-url=scene%3Asearch%7Cquery_from%3A%7Cx_object_id%3A1005007573704734%7C_p_origin_prod%3A
New Sweatwear Men's Half Neck Basic Solid Color Sweaters Round Neck Elastic Pullovers Warm Autumn Knitted Oversized Sweater Men,$13.48,"https://ae-pic-a1.aliexpress-media.com/kf/S0c33763f64204468bb873d15a7a61599p.jpg_220x220q75.jpg_.avif,https://ae-pic-a1.aliexpress-media.com/kf/Se46b0cc4babd40c6926deca7df760e75a.jpg_220x220q75.jpg_.avif,https://ae-pic-a1.aliexpress-media.com/kf/Sbf62022ae9034e3998f04e60e15ef63dr.jpg_220x220q75.jpg_.avif,https://ae-pic-a1.aliexpress-media.com/kf/S7cb3d2a9afc9434193e00f4ed61b4684l.jpg_220x220q75.jpg_.avif,https://ae-pic-a1.aliexpress-media.com/kf/S46c9cadc5be94aa4a49ac77bb7344df6X.jpg_220x220q75.jpg_.avif","['whether full opening', 'Yes', 'High-concerned chemical', 'None', 'Applicable Season', 'Autumn And Winter', 'Craft of Weaving', 'Knit', 'Applicable Scene', 'CASUAL', 'Hooded', 'No']",https://www.aliexpress.us/item/3256807718414219.html?algo_pvid=4f71b484-7ee3-4461-bba1-c505468a957c&algo_exp_id=4f71b484-7ee3-4461-bba1-c505468a957c-54&pdp_ext_f=%7B%22order%22%3A%221004%22%2C%22eval%22%3A%221%22%2C%22orig_sl_item_id%22%3A%221005007904728971%22%2C%22orig_item_id%22%3A%221005009297212650%22%2C%22fromPage%22%3A%22search%22%7D&pdp_npi=6%40dis%21USD%2126.96%2113.48%21%21%21184.52%2192.26%21%4021030a6217754285218365489ea4af%2112000042787981147%21sea%21US%210%21ABX%211%210%21n_tag%3A-29910%3Bd%3Ab1e5c83a%3Bm03_new_user%3A-29895&curPageLogUid=iCA5zn7tX1mn&utparam-url=scene%3Asearch%7Cquery_from%3A%7Cx_object_id%3A1005007904728971%7C_p_origin_prod%3A1005009297212650
2023 New Autumn Cotton Zipper Cardigans for Men Fashion Casual Social Men Sweaters High Collar Warm Winter Knitted Sweater Men,$27.29,"https://ae-pic-a1.aliexpress-media.com/kf/S03f8a6d9300f4df58b7e9e2667d1bbe99.jpg?has_lang=1&ver=2_220x220q75.jpg_.avif,https://ae-pic-a1.aliexpress-media.com/kf/Sfbde2494a1b441b3b669f7165d3d7aa5E.png?has_lang=1&ver=2_220x220.png_.avif,https://ae-pic-a1.aliexpress-media.com/kf/S285574873f65452dadcb44629a2f6486o.jpg_220x220q75.jpg_.avif,https://ae-pic-a1.aliexpress-media.com/kf/Sec99c80ea54f43a0ba3f5e60f0b12bbcg.jpg_220x220q75.jpg_.avif,https://ae-pic-a1.aliexpress-media.com/kf/S78c6197fcfd94360901241500bc3732cj.jpg?has_lang=1&ver=2_220x220q75.jpg_.avif","['whether full opening', 'No', 'High-concerned chemical', 'None', 'Applicable Season', 'Autumn And Winter', 'Applicable Scene', 'CASUAL', 'Hooded', 'No', 'Model Number', 'Y832']",https://www.aliexpress.us/item/3256807353657941.html?algo_pvid=4f71b484-7ee3-4461-bba1-c505468a957c&algo_exp_id=4f71b484-7ee3-4461-bba1-c505468a957c-55&pdp_ext_f=%7B%22order%22%3A%22998%22%2C%22eval%22%3A%221%22%2C%22orig_sl_item_id%22%3A%221005007539972693%22%2C%22orig_item_id%22%3A%221005006053250504%22%2C%22fromPage%22%3A%22search%22%7D&pdp_npi=6%40dis%21USD%2159.32%2127.29%21%21%21406.02%21186.77%21%4021030a6217754285218365489ea4af%2112000041213559621%21sea%21US%210%21ABX%211%210%21n_tag%3A-29910%3Bd%3Ab1e5c83a%3Bm03_new_user%3A-29895&curPageLogUid=nMZmZXDZACho&utparam-url=scene%3Asearch%7Cquery_from%3A%7Cx_object_id%3A1005007539972693%7C_p_origin_prod%3A1005006053250504
Autumn and Winter Men's New Long Zipper Color Block Sweater Sleeves Thin Plush Sweater Jacket Casual Slim Fit Comfortable Coat,$0.99,"https://ae-pic-a1.aliexpress-media.com/kf/S9999d5ea37e043a99debd6cab78a35a2g.jpg?has_lang=1&ver=2_220x220q75.jpg_.avif,https://ae-pic-a1.aliexpress-media.com/kf/S58f2508df755474e9b3f2177bd381454o.jpg_220x220q75.jpg_.avif,https://ae-pic-a1.aliexpress-media.com/kf/S2db98b049d9247e7a225ef33d5ca527bv.jpg_220x220q75.jpg_.avif,https://ae-pic-a1.aliexpress-media.com/kf/S6029a4bd059249fd8eeee82c21b4f2b6h.jpg_220x220q75.jpg_.avif,https://ae-pic-a1.aliexpress-media.com/kf/S6ebbb19ba046493ab73f306524e96ddeF.jpg_220x220q75.jpg_.avif","['whether full opening', 'Yes', 'High-concerned chemical', 'None', 'Applicable Season', 'Autumn And Winter', 'Craft of Weaving', 'Knit', 'Applicable Scene', 'CASUAL', 'Hooded', 'No']",https://www.aliexpress.us/item/3256806976304560.html?algo_pvid=4f71b484-7ee3-4461-bba1-c505468a957c&algo_exp_id=4f71b484-7ee3-4461-bba1-c505468a957c-56&pdp_ext_f=%7B%22order%22%3A%22998%22%2C%22eval%22%3A%221%22%2C%22fromPage%22%3A%22search%22%7D&pdp_npi=6%40dis%21USD%2120.50%219.33%21%21%21140.34%2163.88%21%4021030a6217754285218365489ea4af%2112000039660152561%21sea%21US%210%21ABX%211%210%21n_tag%3A-29910%3Bd%3Ab1e5c83a%3Bm03_new_user%3A-29895%3BpisId%3A5000000197827853&curPageLogUid=7MPCZX0dWJiP&utparam-url=scene%3Asearch%7Cquery_from%3A%7Cx_object_id%3A1005007162619312%7C_p_origin_prod%3A
Autumn Men's Solid Fluffy Knitted Sweaters New Korean Fashion Loose Warm Pullovers Winter Couples Y2K Vintage Knitwear Jumpers,$12.00,"https://ae-pic-a1.aliexpress-media.com/kf/S3eaf273eec17410fb766aad425cb9a1av.jpg_220x220q75.jpg_.avif,https://ae-pic-a1.aliexpress-media.com/kf/S3eaf273eec17410fb766aad425cb9a1av.jpg_220x220q75.jpg_.avif,https://ae-pic-a1.aliexpress-media.com/kf/S8ce7f8db8cad45688e7dd07e6ec0e3bfp.jpg_220x220q75.jpg_.avif,https://ae-pic-a1.aliexpress-media.com/kf/Sf01b2d77dc304575922f3653c8f73df3O.jpg_220x220q75.jpg_.avif,https://ae-pic-a1.aliexpress-media.com/kf/S279f669986d9430a94f60aa76bfe5eb7E.jpg_220x220q75.jpg_.avif","['whether full opening', 'No', 'High-concerned chemical', 'None', 'Applicable Season', 'Autumn And Winter', 'Craft of Weaving', 'Knit', 'Applicable Scene', 'CASUAL', 'Hooded', 'No']",https://www.aliexpress.us/item/3256807831241670.html?algo_pvid=4f71b484-7ee3-4461-bba1-c505468a957c&algo_exp_id=4f71b484-7ee3-4461-bba1-c505468a957c-57&pdp_ext_f=%7B%22order%22%3A%22985%22%2C%22eval%22%3A%221%22%2C%22fromPage%22%3A%22search%22%7D&pdp_npi=6%40dis%21USD%2127.28%2112.00%21%21%2127.28%2112.00%21%4021030a6217754285218365489ea4af%2112000043264342466%21sea%21US%210%21ABX%211%210%21n_tag%3A-29910%3Bd%3Ab1e5c83a%3Bm03_new_user%3A-29895&curPageLogUid=h0VpJQJPIdzX&utparam-url=scene%3Asearch%7Cquery_from%3A%7Cx_object_id%3A1005008017556422%7C_p_origin_prod%3A
Men Pullover Men's Thicker Sweatshirts Half Zipper Pullover for Male Hoody Man Sweatshir Autumn Solid Color Turtleneck Sweaters,$1.26,"https://ae-pic-a1.aliexpress-media.com/kf/S3a5871782dc64695be7078c9e0db7be8R.jpg_220x220q75.jpg_.avif,https://ae-pic-a1.aliexpress-media.com/kf/S3a5871782dc64695be7078c9e0db7be8R.jpg_220x220q75.jpg_.avif,https://ae-pic-a1.aliexpress-media.com/kf/S5188c98d56e04bbf93c8eff0d5d6e431v.jpg_220x220q75.jpg_.avif,https://ae-pic-a1.aliexpress-media.com/kf/Sc3f1e5e1d6864ff488860266267118aaI.jpg_220x220q75.jpg_.avif,https://ae-pic-a1.aliexpress-media.com/kf/Sa9af17a5dcf94601a2f66e37a9c27dfe6.jpg_220x220q75.jpg_.avif","['whether full opening', 'No', 'High-concerned chemical', 'None', 'Applicable Season', 'Spring And Autumn', 'Craft of Weaving', 'Knit', 'Applicable Scene', 'Daily', 'Hooded', 'No']",https://www.aliexpress.us/item/3256805603445886.html?algo_pvid=4f71b484-7ee3-4461-bba1-c505468a957c&algo_exp_id=4f71b484-7ee3-4461-bba1-c505468a957c-59&pdp_ext_f=%7B%22order%22%3A%22975%22%2C%22eval%22%3A%221%22%2C%22fromPage%22%3A%22search%22%7D&pdp_npi=6%40dis%21USD%2118.16%219.16%21%21%21124.30%2162.71%21%4021030a6217754285218365489ea4af%2112000034366196523%21sea%21US%210%21ABX%211%210%21n_tag%3A-29910%3Bd%3Ab1e5c83a%3Bm03_new_user%3A-29895%3BpisId%3A5000000197827853&curPageLogUid=aKMomJLwbtBC&utparam-url=scene%3Asearch%7Cquery_from%3A%7Cx_object_id%3A1005005789760638%7C_p_origin_prod%3A
New Men's Turtleneck Sweater Solid Color High Neck Pullover Knitted Sweaters Casual Elastic Sweatwear Mens Fall Winter,$0.99,"https://ae-pic-a1.aliexpress-media.com/kf/S075279a71fc74b2e87f63a271a8799e5u.jpg_220x220q75.jpg_.avif,https://ae-pic-a1.aliexpress-media.com/kf/S075279a71fc74b2e87f63a271a8799e5u.jpg_220x220q75.jpg_.avif,https://ae-pic-a1.aliexpress-media.com/kf/Sfdb3825826b242718044c8551c1e5254w.jpg_220x220q75.jpg_.avif,https://ae-pic-a1.aliexpress-media.com/kf/S031a0d49b5734e67ac53179363770f2bi.jpg_220x220q75.jpg_.avif,https://ae-pic-a1.aliexpress-media.com/kf/Se692ba1a71394b8dbaa5b915a60f5bf2K.jpg_220x220q75.jpg_.avif","['whether full opening', 'No', 'High-concerned chemical', 'None', 'Applicable Season', 'Autumn And Winter', 'Craft of Weaving', 'Knit', 'Applicable Scene', 'Trip', 'Hooded', 'No']",https://www.aliexpress.us/item/3256807011390596.html?algo_pvid=4f71b484-7ee3-4461-bba1-c505468a957c&algo_exp_id=4f71b484-7ee3-4461-bba1-c505468a957c-34&pdp_ext_f=%7B%22order%22%3A%221335%22%2C%22eval%22%3A%221%22%2C%22fromPage%22%3A%22search%22%7D&pdp_npi=6%40dis%21USD%2120.51%219.95%21%21%21140.41%2168.12%21%4021030a6217754285218365489ea4af%2112000039771543450%21sea%21US%210%21ABX%211%210%21n_tag%3A-29910%3Bd%3Ab1e5c83a%3Bm03_new_user%3A-29895%3BpisId%3A5000000197827853&curPageLogUid=kppVAp2FmGtc&utparam-url=scene%3Asearch%7Cquery_from%3A%7Cx_object_id%3A1005007197705348%7C_p_origin_prod%3A
Y2K Round Neck Gray Knitted Sweater New Popular Symbol Pattern Retro Harajuku Pullover Autumn Winter Warm Boxy Men's Clothing,$18.55,"https://ae-pic-a1.aliexpress-media.com/kf/S6f7981f2d4d749d3a9c9ccbecfee2ccaJ.jpg_220x220q75.jpg_.avif,https://ae-pic-a1.aliexpress-media.com/kf/Sd8265022e8cf49c8b85db2bf7209cec2H.jpg_220x220q75.jpg_.avif,https://ae-pic-a1.aliexpress-media.com/kf/Sb60d22e22c7b41d7b746e3892651d957e.jpg_220x220q75.jpg_.avif,https://ae-pic-a1.aliexpress-media.com/kf/Secab88969ae34102a5bfd8a1282f699aI.jpg_220x220q75.jpg_.avif,https://ae-pic-a1.aliexpress-media.com/kf/Sefafd6a7c94d467094164d585f2ba74ea.jpg_220x220q75.jpg_.avif","['whether full opening', 'No', 'High-concerned chemical', 'None', 'Applicable Season', 'Autumn And Winter', 'Applicable Scene', 'CASUAL', 'Thickness', 'Standard', 'Material', 'Other,POLYESTER']",https://www.aliexpress.us/item/3256809262542412.html?algo_pvid=4f71b484-7ee3-4461-bba1-c505468a957c&algo_exp_id=4f71b484-7ee3-4461-bba1-c505468a957c-35&pdp_ext_f=%7B%22order%22%3A%221324%22%2C%22eval%22%3A%221%22%2C%22fromPage%22%3A%22search%22%7D&pdp_npi=6%40dis%21USD%2159.85%2118.55%21%21%21409.65%21126.99%21%4021030a6217754285218365489ea4af%2112000049134707610%21sea%21US%210%21ABX%211%210%21n_tag%3A-29910%3Bd%3Ab1e5c83a%3Bm03_new_user%3A-29895&curPageLogUid=8Ky54oAav7n1&utparam-url=scene%3Asearch%7Cquery_from%3A%7Cx_object_id%3A1005009448857164%7C_p_origin_prod%3A
Spring Autumn Thin Men Pullovers Sweaters Turtleneck Knitted Sweater for Men Warm Clothing Male Sweaters Full Black White Tops,$0.99,"https://ae-pic-a1.aliexpress-media.com/kf/Sf049e99bf887431cabfa82ecfd04efc7K.jpg_220x220q75.jpg_.avif,https://ae-pic-a1.aliexpress-media.com/kf/Se54f5f95a1834e23bc8045d7cf0f137cv.jpg_220x220q75.jpg_.avif,https://ae-pic-a1.aliexpress-media.com/kf/S430cdca558ab4ff9a81303503a895fe6d.jpg_220x220q75.jpg_.avif,https://ae-pic-a1.aliexpress-media.com/kf/Se265ac3011804a7aab3f73776ecf6712v.jpg_220x220q75.jpg_.avif,https://ae-pic-a1.aliexpress-media.com/kf/Sb9c50e5f74214c028bdd781f41727759i.jpg_220x220q75.jpg_.avif","['whether full opening', 'No', 'High-concerned chemical', 'None', 'Applicable Season', 'Spring And Autumn', 'Craft of Weaving', 'Knit', 'Applicable Scene', 'Business', 'Hooded', 'No']",https://www.aliexpress.us/item/3256806006165621.html?algo_pvid=4f71b484-7ee3-4461-bba1-c505468a957c&algo_exp_id=4f71b484-7ee3-4461-bba1-c505468a957c-36&pdp_ext_f=%7B%22order%22%3A%221267%22%2C%22eval%22%3A%221%22%2C%22fromPage%22%3A%22search%22%7D&pdp_npi=6%40dis%21USD%215.05%214.93%21%21%215.05%214.93%21%4021030a6217754285218365489ea4af%2112000036208718920%21sea%21US%210%21ABX%211%210%21n_tag%3A-29910%3Bd%3Ab1e5c83a%3Bm03_new_user%3A-29895%3BpisId%3A5000000197827853&curPageLogUid=PORXjMu0G8yr&utparam-url=scene%3Asearch%7Cquery_from%3A%7Cx_object_id%3A1005006192480373%7C_p_origin_prod%3A
2025 Cashmere Sweater O-neck Pullovers Men's Loose Oversized M-3XL Knitted Bottom Shirt Autumn Winter New Korean Casual Men Top,$10.77,"https://ae-pic-a1.aliexpress-media.com/kf/Sc94d812344db43b3ba6a695abdb66a4cK.jpg_220x220q75.jpg_.avif,https://ae-pic-a1.aliexpress-media.com/kf/Sc94d812344db43b3ba6a695abdb66a4cK.jpg_220x220q75.jpg_.avif,https://ae-pic-a1.aliexpress-media.com/kf/Sa747b20b82694fd4bdf1dea631d3ee247.png?has_lang=1&ver=1_220x220.png_.avif,https://ae-pic-a1.aliexpress-media.com/kf/Seab67c5562d04259a9374fdd1f6137c4C.png_220x220.png_.avif,https://ae-pic-a1.aliexpress-media.com/kf/Sf157a09fb0d848e68eb0e112058dd5ba5.png_220x220.png_.avif","['whether full opening', 'No', 'High-concerned chemical', 'None', 'Applicable Season', 'Autumn And Winter', 'Craft of Weaving', 'Knit', 'Applicable Scene', 'Office', 'Hooded', 'No']",https://www.aliexpress.us/item/3256809620721873.html?algo_pvid=4f71b484-7ee3-4461-bba1-c505468a957c&algo_exp_id=4f71b484-7ee3-4461-bba1-c505468a957c-38&pdp_ext_f=%7B%22order%22%3A%221228%22%2C%22spu_best_type%22%3A%22price%22%2C%22eval%22%3A%221%22%2C%22fromPage%22%3A%22search%22%7D&pdp_npi=6%40dis%21USD%2146.15%2120.67%21%21%21315.90%21141.47%21%4021030a6217754285218365489ea4af%2112000050237565334%21sea%21US%210%21ABX%211%210%21n_tag%3A-29910%3Bd%3Ab1e5c83a%3Bm03_new_user%3A-29895%3BpisId%3A5000000197827853&curPageLogUid=eJOzBtN7H7UA&utparam-url=scene%3Asearch%7Cquery_from%3A%7Cx_object_id%3A1005009807036625%7C_p_origin_prod%3A
Autumn Mens High Quality Knitted Turtleneck Sweater Slim Fit Long Sleeve Anti-pilling Pullover Solid Color Trend Men Streetwea,$4.41,"https://ae-pic-a1.aliexpress-media.com/kf/Sc19101d65d2f4e77bd4ec93d14e0d2d8E.jpg?has_lang=1&ver=2_220x220q75.jpg_.avif,https://ae-pic-a1.aliexpress-media.com/kf/S136b560891be438d92f47656a663d72by.jpg?has_lang=1&ver=2_220x220q75.jpg_.avif,https://ae-pic-a1.aliexpress-media.com/kf/S0251d1acfd8941c4a987f234d930da6fl.jpg?has_lang=1&ver=2_220x220q75.jpg_.avif,https://ae-pic-a1.aliexpress-media.com/kf/S8b08488cdde04416a66134828f928084K.jpg?has_lang=1&ver=2_220x220q75.jpg_.avif,https://ae-pic-a1.aliexpress-media.com/kf/Sc4404af1aafc4ba6877f992c44458a74w.jpg?has_lang=1&ver=2_220x220q75.jpg_.avif","['whether full opening', 'No', 'High-concerned chemical', 'None', 'Applicable Season', 'Autumn And Winter', 'Craft of Weaving', 'Knit', 'Applicable Scene', 'CASUAL', 'Hooded', 'No']",https://www.aliexpress.us/item/3256809915759749.html?algo_pvid=4f71b484-7ee3-4461-bba1-c505468a957c&algo_exp_id=4f71b484-7ee3-4461-bba1-c505468a957c-39&pdp_ext_f=%7B%22order%22%3A%221188%22%2C%22eval%22%3A%221%22%2C%22fromPage%22%3A%22search%22%7D&pdp_npi=6%40dis%21USD%2124.31%2111.81%21%21%21166.36%2180.84%21%4021030a6217754285218365489ea4af%2112000051151586018%21sea%21US%210%21ABX%211%210%21n_tag%3A-29910%3Bd%3Ab1e5c83a%3Bm03_new_user%3A-29895%3BpisId%3A5000000197827853&curPageLogUid=RCOWIctPTPYY&utparam-url=scene%3Asearch%7Cquery_from%3A%7Cx_object_id%3A1005010102074501%7C_p_origin_prod%3A
AIOPESON Men's Patchwork Pullover Sweater Cotton Casual Zipper Mock Neck Sweater for Men New Winter Fashion Warm Sweater for Men,$25.82,"https://ae-pic-a1.aliexpress-media.com/kf/Sd256ca90f81b43f98137a9ce554420d7P.jpg_220x220q75.jpg_.avif,https://ae-pic-a1.aliexpress-media.com/kf/Sd256ca90f81b43f98137a9ce554420d7P.jpg_220x220q75.jpg_.avif,https://ae-pic-a1.aliexpress-media.com/kf/Sa42800a2a25a4b139590d04778a0e36dW.png?has_lang=1&ver=2_220x220.png_.avif,https://ae-pic-a1.aliexpress-media.com/kf/S65ea17b58dd541c58d6563a92ebd1640r.jpg_220x220q75.jpg_.avif,https://ae-pic-a1.aliexpress-media.com/kf/Sc9566e523e484e91b46017d6adbbe517W.jpg?has_lang=1&ver=2_220x220q75.jpg_.avif","['whether full opening', 'No', 'High-concerned chemical', 'None', 'Applicable Season', 'Autumn And Winter', 'Applicable Scene', 'CASUAL', 'Hooded', 'No', 'Model Number', 'AX-Y245']",https://www.aliexpress.us/item/3256807636220805.html?algo_pvid=4f71b484-7ee3-4461-bba1-c505468a957c&algo_exp_id=4f71b484-7ee3-4461-bba1-c505468a957c-41&pdp_ext_f=%7B%22order%22%3A%221179%22%2C%22eval%22%3A%221%22%2C%22orig_sl_item_id%22%3A%221005007822535557%22%2C%22orig_item_id%22%3A%221005005029222490%22%2C%22fromPage%22%3A%22search%22%7D&pdp_npi=6%40dis%21USD%2157.38%2125.82%21%21%21392.76%21176.74%21%4021030a6217754285218365489ea4af%2112000042332244027%21sea%21US%210%21ABX%211%210%21n_tag%3A-29910%3Bd%3Ab1e5c83a%3Bm03_new_user%3A-29895&curPageLogUid=nV1SqoBJ6WqB&utparam-url=scene%3Asearch%7Cquery_from%3A%7Cx_object_id%3A1005007822535557%7C_p_origin_prod%3A1005005029222490
2021 New Winter Men Turtleneck Sweater Casual Solid Color Warm Pullover High Quality Slim High Neck Long Sleeve Sweater Men,$11.59,"https://ae-pic-a1.aliexpress-media.com/kf/S6260917117ff4b78b93c4f7175ec1fa84.jpg?has_lang=1&ver=2_220x220q75.jpg_.avif,https://ae-pic-a1.aliexpress-media.com/kf/S6260917117ff4b78b93c4f7175ec1fa84.jpg?has_lang=1&ver=2_220x220q75.jpg_.avif,https://ae-pic-a1.aliexpress-media.com/kf/S990b66a6cf8c4b1b9f843fd1faae2a8ep.png?has_lang=1&ver=2_220x220.png_.avif,https://ae-pic-a1.aliexpress-media.com/kf/Sf2f1dfcc1f3948518c5e4433d863d697O.jpg_220x220q75.jpg_.avif,https://ae-pic-a1.aliexpress-media.com/kf/Sb187e559415e47b6a89785441d3422ccz.jpg_220x220q75.jpg_.avif","['whether full opening', 'No', 'High-concerned chemical', 'None', 'Craft of Weaving', 'Knit', 'Applicable Season', 'Autumn And Winter', 'Applicable Scene', 'CASUAL', 'Hooded', 'No']",https://www.aliexpress.us/item/3256801434710356.html?algo_pvid=4f71b484-7ee3-4461-bba1-c505468a957c&algo_exp_id=4f71b484-7ee3-4461-bba1-c505468a957c-42&pdp_ext_f=%7B%22order%22%3A%221151%22%2C%22eval%22%3A%221%22%2C%22fromPage%22%3A%22search%22%7D&pdp_npi=6%40dis%21USD%2121.09%2120.99%21%21%2121.09%2120.99%21%4021030a6217754285218365489ea4af%2112000029002578590%21sea%21US%210%21ABX%211%210%21n_tag%3A-29910%3Bd%3Ab1e5c83a%3Bm03_new_user%3A-29895%3BpisId%3A5000000197827853&curPageLogUid=JytH2LA9r5Ec&utparam-url=scene%3Asearch%7Cquery_from%3A%7Cx_object_id%3A1005001621025108%7C_p_origin_prod%3A
Y2K Grey Long Sleeve Sweater Dollar Gothic Embroidery Pullover Goth Retro Casual Streetwear Old Money Men Boxy Knitted Clothing,$25.20,"https://ae-pic-a1.aliexpress-media.com/kf/S1bd047e842c141febd56bf0ef5e8bd86W.jpg_220x220q75.jpg_.avif,https://ae-pic-a1.aliexpress-media.com/kf/Sc3a03207a7fa46ae982e3932ff6d2300a.jpg_220x220q75.jpg_.avif,https://ae-pic-a1.aliexpress-media.com/kf/S336af45f028946fab5c7cccb5263e3d4e.jpg_220x220q75.jpg_.avif,https://ae-pic-a1.aliexpress-media.com/kf/S286aa0aff6d946998758b76ea911cb98D.jpg_220x220q75.jpg_.avif,https://ae-pic-a1.aliexpress-media.com/kf/S1e43b129e312462d8e43eca271a274a0x.jpg_220x220q75.jpg_.avif","['whether full opening', 'No', 'High-concerned chemical', 'None', 'Applicable Season', 'Autumn And Winter', 'Applicable Scene', 'CASUAL', 'Pattern Type', 'Letter', 'Thickness', 'Standard']",https://www.aliexpress.us/item/3256809101507269.html?algo_pvid=4f71b484-7ee3-4461-bba1-c505468a957c&algo_exp_id=4f71b484-7ee3-4461-bba1-c505468a957c-43&pdp_ext_f=%7B%22order%22%3A%221147%22%2C%22eval%22%3A%221%22%2C%22fromPage%22%3A%22search%22%7D&pdp_npi=6%40dis%21USD%2169.40%2134.60%21%21%21474.99%21236.81%21%4021030a6217754285218365489ea4af%2112000048620166928%21sea%21US%210%21ABX%211%210%21n_tag%3A-29910%3Bd%3Ab1e5c83a%3Bm03_new_user%3A-29895%3BpisId%3A5000000197827853&curPageLogUid=vdVem1UePmlX&utparam-url=scene%3Asearch%7Cquery_from%3A%7Cx_object_id%3A1005009287822021%7C_p_origin_prod%3A
Men's Sweater Y2K Aphex Twin Knit Oversized Pullovers Gothic Jumper Winter Graphic Streetwear Long Sleeve Tops Vintage Clothing,$15.16,"https://ae-pic-a1.aliexpress-media.com/kf/S5271af404d7a4575ac0331fe43de423f8.jpg?has_lang=1&ver=1_220x220q75.jpg_.avif,https://ae-pic-a1.aliexpress-media.com/kf/S211f8c070fdf49098be22b2d9267e501N.jpg_220x220q75.jpg_.avif,https://ae-pic-a1.aliexpress-media.com/kf/S366315ba07d6499a84650d2827a14581M.jpg_220x220q75.jpg_.avif,https://ae-pic-a1.aliexpress-media.com/kf/Se0258757a4ea448689840ae8dd152065x.jpg_220x220q75.jpg_.avif,https://ae-pic-a1.aliexpress-media.com/kf/S0be1d997bbaa404a9bc0f03edf369e1bk.jpg_220x220q75.jpg_.avif","['whether full opening', 'No', 'High-concerned chemical', 'None', 'Applicable Season', 'Autumn And Winter', 'Craft of Weaving', 'Knit', 'Applicable Scene', 'CASUAL', 'Hooded', 'No']",https://www.aliexpress.us/item/3256807760299352.html?algo_pvid=4f71b484-7ee3-4461-bba1-c505468a957c&algo_exp_id=4f71b484-7ee3-4461-bba1-c505468a957c-44&pdp_ext_f=%7B%22order%22%3A%221138%22%2C%22eval%22%3A%221%22%2C%22fromPage%22%3A%22search%22%7D&pdp_npi=6%40dis%21USD%2130.33%2115.16%21%21%2130.33%2115.16%21%4021030a6217754285218365489ea4af%2112000042971931365%21sea%21US%210%21ABX%211%210%21n_tag%3A-29910%3Bd%3Ab1e5c83a%3Bm03_new_user%3A-29895&curPageLogUid=rUR5LDYRi9Q8&utparam-url=scene%3Asearch%7Cquery_from%3A%7Cx_object_id%3A1005007946614104%7C_p_origin_prod%3A
New Autumn Pullover Men's Sweater O-neck Patchwork Long Sleeve Warm Slim Sweaters Men Casual Fashion Sweater Men Clothing,$15.36,"https://ae-pic-a1.aliexpress-media.com/kf/S65c6f5469ab24ed9a9e6d44268189414u.jpg_220x220q75.jpg_.avif,https://ae-pic-a1.aliexpress-media.com/kf/S65c6f5469ab24ed9a9e6d44268189414u.jpg_220x220q75.jpg_.avif,https://ae-pic-a1.aliexpress-media.com/kf/S4d529d7631c44d7cb90948664fe17fdb2.jpg?has_lang=1&ver=2_220x220q75.jpg_.avif,https://ae-pic-a1.aliexpress-media.com/kf/Sc7988a1795cf4166a28b4b82aad6218bt.jpg_220x220q75.jpg_.avif,https://ae-pic-a1.aliexpress-media.com/kf/S8bf4537954e64215a6ec301953e7d8fa3.jpg_220x220q75.jpg_.avif","['High-concerned chemical', 'None', 'Applicable Season', 'Winter', 'Applicable Scene', 'CASUAL', 'Hooded', 'No', 'Decoration', 'Ruched', 'Sleeve Style', 'regular']",https://www.aliexpress.us/item/3256806824188304.html?algo_pvid=4f71b484-7ee3-4461-bba1-c505468a957c&algo_exp_id=4f71b484-7ee3-4461-bba1-c505468a957c-45&pdp_ext_f=%7B%22order%22%3A%221119%22%2C%22eval%22%3A%221%22%2C%22orig_sl_item_id%22%3A%221005007010503056%22%2C%22orig_item_id%22%3A%221005005637017479%22%2C%22fromPage%22%3A%22search%22%7D&pdp_npi=6%40dis%21USD%2134.92%2115.36%21%21%21239.04%21105.18%21%4021030a6217754285218365489ea4af%2112000039050567204%21sea%21US%210%21ABX%211%210%21n_tag%3A-29910%3Bd%3Ab1e5c83a%3Bm03_new_user%3A-29895&curPageLogUid=7iuwKH2GYDZR&utparam-url=scene%3Asearch%7Cquery_from%3A%7Cx_object_id%3A1005007010503056%7C_p_origin_prod%3A1005005637017479
"Men's Spring and Autumn Fashion Lapel Fleece Pullover, Solid Color Button Men's Clothing, Outdoor Men's Sweatshirt",$12.68,"https://ae-pic-a1.aliexpress-media.com/kf/Sb15474ea71e14fcf92a95a917072759dS.jpg_220x220q75.jpg_.avif,https://ae-pic-a1.aliexpress-media.com/kf/S00a456757a3a4147a1346e731047ae36j.jpg_220x220q75.jpg_.avif,https://ae-pic-a1.aliexpress-media.com/kf/Sc6dab856384b445a9473f79fa80e290e0.jpg_220x220q75.jpg_.avif,https://ae-pic-a1.aliexpress-media.com/kf/S55039db9b93641a8891342a658848f47G.jpg_220x220q75.jpg_.avif,https://ae-pic-a1.aliexpress-media.com/kf/S0a3acaf5909549e0a493fc3ee38f9a1dQ.jpg_220x220q75.jpg_.avif","['whether full opening', 'No', 'High-concerned chemical', 'None', 'Applicable Season', 'Spring And Autumn', 'Craft of Weaving', 'Knit', 'Applicable Scene', 'Trip', 'Model Number', 'ZR']",https://www.aliexpress.us/item/3256806796079750.html?algo_pvid=4f71b484-7ee3-4461-bba1-c505468a957c&algo_exp_id=4f71b484-7ee3-4461-bba1-c505468a957c-46&pdp_ext_f=%7B%22order%22%3A%221113%22%2C%22eval%22%3A%221%22%2C%22orig_sl_item_id%22%3A%221005006982394502%22%2C%22orig_item_id%22%3A%221005008708391563%22%2C%22fromPage%22%3A%22search%22%7D&pdp_npi=6%40dis%21USD%2128.19%2112.68%21%21%21192.98%2186.84%21%4021030a6217754285218365489ea4af%2112000038933713294%21sea%21US%210%21ABX%211%210%21n_tag%3A-29910%3Bd%3Ab1e5c83a%3Bm03_new_user%3A-29895&curPageLogUid=qwcGjHbxiWol&utparam-url=scene%3Asearch%7Cquery_from%3A%7Cx_object_id%3A1005006982394502%7C_p_origin_prod%3A1005008708391563
Men's Mock Turtleneck Ribbed Knit Pullover Sweater Casual Heavyweight Slim Fit Dress Sweater Warm Jumper Thermal Streetwear,$9.22,"https://ae-pic-a1.aliexpress-media.com/kf/S77259eb59e3f43f1a622aeebabd40d71Z.jpg_220x220q75.jpg_.avif,https://ae-pic-a1.aliexpress-media.com/kf/Sfee71b5520064f45a8f6fcb30c216bf64.jpg_220x220q75.jpg_.avif,https://ae-pic-a1.aliexpress-media.com/kf/S5017da0c23654777b8c9d2c59b5550fd1.jpg_220x220q75.jpg_.avif,https://ae-pic-a1.aliexpress-media.com/kf/Sc224826a86b44f559fd449f47b318303w.jpg_220x220q75.jpg_.avif,https://ae-pic-a1.aliexpress-media.com/kf/S80cd006a194a445aa50d9d0834796efdX.jpg_220x220q75.jpg_.avif","['whether full opening', 'No', 'High-concerned chemical', 'None', 'Applicable Season', 'Autumn And Winter', 'Applicable Scene', 'CASUAL', 'Hooded', 'No', 'Wool', 'Standard Wool']",https://www.aliexpress.us/item/3256810099203648.html?algo_pvid=4f71b484-7ee3-4461-bba1-c505468a957c&algo_exp_id=4f71b484-7ee3-4461-bba1-c505468a957c-47&pdp_ext_f=%7B%22order%22%3A%221095%22%2C%22eval%22%3A%221%22%2C%22orig_sl_item_id%22%3A%221005010285518400%22%2C%22orig_item_id%22%3A%221005009771651382%22%2C%22fromPage%22%3A%22search%22%7D&pdp_npi=6%40dis%21USD%2120.05%219.22%21%21%21137.24%2163.13%21%4021030a6217754285218365489ea4af%2112000051791725653%21sea%21US%210%21ABX%211%210%21n_tag%3A-29910%3Bd%3Ab1e5c83a%3Bm03_new_user%3A-29895&curPageLogUid=yxCYiuDyFXcQ&utparam-url=scene%3Asearch%7Cquery_from%3A%7Cx_object_id%3A1005010285518400%7C_p_origin_prod%3A1005009771651382
TACVASEN Quarter-Zip Pullover Tops Mens Turtleneck Fleece Sweatshirts Casual Warm Sweater Athletic Running Sports Hoodie Shirts,$17.88,"https://ae-pic-a1.aliexpress-media.com/kf/S7f9216a267ce4aa0b4c40810998e4ba9p.jpg_220x220q75.jpg_.avif,https://ae-pic-a1.aliexpress-media.com/kf/S7f9216a267ce4aa0b4c40810998e4ba9p.jpg_220x220q75.jpg_.avif,https://ae-pic-a1.aliexpress-media.com/kf/Sb02b6de2248e4fc0a8b2b55e92c3149bQ.jpg_220x220q75.jpg_.avif,https://ae-pic-a1.aliexpress-media.com/kf/Sf8c30390629546c08580a5d7afb7cc32Z.jpg_220x220q75.jpg_.avif,https://ae-pic-a1.aliexpress-media.com/kf/S5ee5e8572005477d844b93fba23ad981T.jpg_220x220q75.jpg_.avif","['whether full opening', 'No', 'High-concerned chemical', 'None', 'Applicable Season', 'Spring And Autumn', 'Craft of Weaving', 'Knit', 'Applicable Scene', 'CASUAL', 'Hooded', 'No']",https://www.aliexpress.us/item/3256805999127466.html?algo_pvid=4f71b484-7ee3-4461-bba1-c505468a957c&algo_exp_id=4f71b484-7ee3-4461-bba1-c505468a957c-48&pdp_ext_f=%7B%22order%22%3A%221088%22%2C%22eval%22%3A%221%22%2C%22fromPage%22%3A%22search%22%7D&pdp_npi=6%40dis%21USD%2135.05%2117.88%21%21%21239.87%21122.33%21%4021030a6217754285218365489ea4af%2112000036181268830%21sea%21US%210%21ABX%211%210%21n_tag%3A-29910%3Bd%3Ab1e5c83a%3Bm03_new_user%3A-29895&curPageLogUid=cYRTNtx7MyYm&utparam-url=scene%3Asearch%7Cquery_from%3A%7Cx_object_id%3A1005006185442218%7C_p_origin_prod%3A
Men's Quarter Zip Up Sweaters Slim Fit Lightweight Mock Neck Pullover Casual Sweaters Half Turtleneck Knitted Outdoor Streetwear,$11.77,"https://ae-pic-a1.aliexpress-media.com/kf/S5e69962cbb92419bbdfffbdc39f47d2aW.jpg_220x220q75.jpg_.avif,https://ae-pic-a1.aliexpress-media.com/kf/S752b8268eb7d41498a3a2bc4a54a69711.jpg_220x220q75.jpg_.avif,https://ae-pic-a1.aliexpress-media.com/kf/S1f1ef6544db042dd8e304567a95ecdc4e.jpg_220x220q75.jpg_.avif,https://ae-pic-a1.aliexpress-media.com/kf/S9b8700a1c23046a89d58da920183af7eN.jpg_220x220q75.jpg_.avif,https://ae-pic-a1.aliexpress-media.com/kf/S2d1a558dd3444a1d84395e3647fccd7dx.jpg_220x220q75.jpg_.avif","['whether full opening', 'No', 'High-concerned chemical', 'None', 'Applicable Season', 'Autumn And Winter', 'Applicable Scene', 'Daily', 'Hooded', 'No', 'Sleeve Style', 'regular']",https://www.aliexpress.us/item/3256808243574002.html?algo_pvid=4f71b484-7ee3-4461-bba1-c505468a957c&algo_exp_id=4f71b484-7ee3-4461-bba1-c505468a957c-49&pdp_ext_f=%7B%22order%22%3A%221082%22%2C%22eval%22%3A%221%22%2C%22orig_sl_item_id%22%3A%221005008429888754%22%2C%22orig_item_id%22%3A%221005007798972684%22%2C%22fromPage%22%3A%22search%22%7D&pdp_npi=6%40dis%21USD%2123.55%2111.77%21%21%21161.20%2180.60%21%4021030a6217754285218365489ea4af%2112000045059824044%21sea%21US%210%21ABX%211%210%21n_tag%3A-29910%3Bd%3Ab1e5c83a%3Bm03_new_user%3A-29895&curPageLogUid=1ZX8pUrEdnV9&utparam-url=scene%3Asearch%7Cquery_from%3A%7Cx_object_id%3A1005008429888754%7C_p_origin_prod%3A1005007798972684
Men's Quarter Zip Up Sweaters Slim Fit Lightweight Mock Neck Pullover Casual Sweaters Half Turtleneck Knitted Outdoor Streetwear,$1.80,"https://ae-pic-a1.aliexpress-media.com/kf/S5e69962cbb92419bbdfffbdc39f47d2aW.jpg_220x220q75.jpg_.avif,https://ae-pic-a1.aliexpress-media.com/kf/S752b8268eb7d41498a3a2bc4a54a69711.jpg_220x220q75.jpg_.avif,https://ae-pic-a1.aliexpress-media.com/kf/S1f1ef6544db042dd8e304567a95ecdc4e.jpg_220x220q75.jpg_.avif,https://ae-pic-a1.aliexpress-media.com/kf/S9b8700a1c23046a89d58da920183af7eN.jpg_220x220q75.jpg_.avif,https://ae-pic-a1.aliexpress-media.com/kf/S2d1a558dd3444a1d84395e3647fccd7dx.jpg_220x220q75.jpg_.avif","['whether full opening', 'No', 'High-concerned chemical', 'None', 'Applicable Season', 'Autumn And Winter', 'Applicable Scene', 'Daily', 'Hooded', 'No', 'Sleeve Style', 'regular']",https://www.aliexpress.us/item/3256807612657932.html?algo_pvid=4f71b484-7ee3-4461-bba1-c505468a957c&algo_exp_id=4f71b484-7ee3-4461-bba1-c505468a957c-50&pdp_ext_f=%7B%22order%22%3A%221080%22%2C%22spu_best_type%22%3A%22price%22%2C%22eval%22%3A%221%22%2C%22fromPage%22%3A%22search%22%7D&pdp_npi=6%40dis%21USD%2124.56%2110.17%21%21%21168.13%2169.61%21%4021030a6217754285218365489ea4af%2112000042239777874%21sea%21US%210%21ABX%211%210%21n_tag%3A-29910%3Bd%3Ab1e5c83a%3Bm03_new_user%3A-29895%3BpisId%3A5000000203816807&curPageLogUid=RNQD0GJk48wH&utparam-url=scene%3Asearch%7Cquery_from%3A%7Cx_object_id%3A1005007798972684%7C_p_origin_prod%3A
Spring Autumn Men's Standing Collar Half Zipper Sportswear Long Sleeve Sweatshirts Men Casual Knitted Pullovers Daily Coats,$1.54,"https://ae-pic-a1.aliexpress-media.com/kf/S631d8eb574cf44c39ced85a77c006b67m.jpg_220x220q75.jpg_.avif,https://ae-pic-a1.aliexpress-media.com/kf/S631d8eb574cf44c39ced85a77c006b67m.jpg_220x220q75.jpg_.avif,https://ae-pic-a1.aliexpress-media.com/kf/S62efd9ddb53147b9af08c6ab92c921bdt.jpg?has_lang=1&ver=2_220x220q75.jpg_.avif,https://ae-pic-a1.aliexpress-media.com/kf/Sa59e1a5d47d04ae6907da5058bb2f628l.jpg_220x220q75.jpg_.avif,https://ae-pic-a1.aliexpress-media.com/kf/S3cd59b287ff54a20893a6e077b3be176K.jpg?has_lang=1&ver=2_220x220q75.jpg_.avif","['whether full opening', 'No', 'High-concerned chemical', 'None', 'Applicable Season', 'Spring And Autumn', 'Craft of Weaving', 'Knit', 'Applicable Scene', 'Daily', 'Hooded', 'No']",https://www.aliexpress.us/item/3256808480531176.html?algo_pvid=4f71b484-7ee3-4461-bba1-c505468a957c&algo_exp_id=4f71b484-7ee3-4461-bba1-c505468a957c-51&pdp_ext_f=%7B%22order%22%3A%221079%22%2C%22spu_best_type%22%3A%22price%22%2C%22eval%22%3A%221%22%2C%22fromPage%22%3A%22search%22%7D&pdp_npi=6%40dis%21USD%2119.47%219.44%21%21%21133.24%2164.61%21%4021030a6217754285218365489ea4af%2112000046157842074%21sea%21US%210%21ABX%211%210%21n_tag%3A-29910%3Bd%3Ab1e5c83a%3Bm03_new_user%3A-29895%3BpisId%3A5000000197827853&curPageLogUid=dANdawaIWBbI&utparam-url=scene%3Asearch%7Cquery_from%3A%7Cx_object_id%3A1005008666845928%7C_p_origin_prod%3A
Classic Pullover V-Neck Sweater Men 2024 Autumn Winter Cashmere Cotton Blend Warm Jumper Clothes Pull Homme Man Hombres Sweater,$6.93,"https://ae-pic-a1.aliexpress-media.com/kf/S6bcd24e24d324a059dcb4a280fc493abr.jpg_220x220q75.jpg_.avif,https://ae-pic-a1.aliexpress-media.com/kf/S6bcd24e24d324a059dcb4a280fc493abr.jpg_220x220q75.jpg_.avif,https://ae-pic-a1.aliexpress-media.com/kf/S131c2d684d5540c7b48fb22878e1f916f.jpg?has_lang=1&ver=2_220x220q75.jpg_.avif,https://ae-pic-a1.aliexpress-media.com/kf/S6f1ada256b3c4230a62d7c31d5740453x.jpg_220x220q75.jpg_.avif,https://ae-pic-a1.aliexpress-media.com/kf/S84049bdf13cb48c38b78395973e3590ea.jpg_220x220q75.jpg_.avif","['whether full opening', 'No', 'High-concerned chemical', 'None', 'Applicable Season', 'Autumn And Winter', 'Craft of Weaving', 'Knit', 'Applicable Scene', 'Daily', 'Hooded', 'No']",https://www.aliexpress.us/item/3256807576398616.html?algo_pvid=4f71b484-7ee3-4461-bba1-c505468a957c&algo_exp_id=4f71b484-7ee3-4461-bba1-c505468a957c-52&pdp_ext_f=%7B%22order%22%3A%221061%22%2C%22eval%22%3A%221%22%2C%22fromPage%22%3A%22search%22%7D&pdp_npi=6%40dis%21USD%2136.81%2116.83%21%21%21251.93%21115.21%21%4021030a6217754285218365489ea4af%2112000042199886070%21sea%21US%210%21ABX%211%210%21n_tag%3A-29910%3Bd%3Ab1e5c83a%3Bm03_new_user%3A-29895%3BpisId%3A5000000197827853&curPageLogUid=cnhU5irO6Rag&utparam-url=scene%3Asearch%7Cquery_from%3A%7Cx_object_id%3A1005007762713368%7C_p_origin_prod%3A
New Mens Long Sleeve Knitted Sweaters Solid Color Turtleneck Coats Slim Fit Pullover Men Clothing Lightweight Streetwear,$0.99,"https://ae-pic-a1.aliexpress-media.com/kf/Sd056fa4dc35d430b8ed12303b7f9230a4.jpg_220x220q75.jpg_.avif,https://ae-pic-a1.aliexpress-media.com/kf/S1a97e6b740264a10aa7211475018c86bT.jpg_220x220q75.jpg_.avif,https://ae-pic-a1.aliexpress-media.com/kf/S5feed4f746ab454dbe8a486267a84192r.jpg_220x220q75.jpg_.avif,https://ae-pic-a1.aliexpress-media.com/kf/S8d574aac8d464e1f86ca860b9281b0b6w.jpg_220x220q75.jpg_.avif,https://ae-pic-a1.aliexpress-media.com/kf/Sad56c9b70e544fb4bb591b37a05576f39.jpg_220x220q75.jpg_.avif","['whether full opening', 'No', 'High-concerned chemical', 'None', 'Applicable Season', 'Autumn And Winter', 'Applicable Scene', 'CASUAL', 'Pattern Type', 'Solid', 'Item Type', 'Pullovers']",https://www.aliexpress.us/item/3256807387389982.html?algo_pvid=4f71b484-7ee3-4461-bba1-c505468a957c&algo_exp_id=4f71b484-7ee3-4461-bba1-c505468a957c-53&pdp_ext_f=%7B%22order%22%3A%221061%22%2C%22eval%22%3A%221%22%2C%22fromPage%22%3A%22search%22%7D&pdp_npi=6%40dis%21USD%2122.26%2110.36%21%21%21152.38%2170.94%21%4021030a6217754285218365489ea4af%2112000041351463888%21sea%21US%210%21ABX%211%210%21n_tag%3A-29910%3Bd%3Ab1e5c83a%3Bm03_new_user%3A-29895%3BpisId%3A5000000197827853&curPageLogUid=09aKvVey1LGR&utparam-url=scene%3Asearch%7Cquery_from%3A%7Cx_object_id%3A1005007573704734%7C_p_origin_prod%3A
New Sweatwear Men's Half Neck Basic Solid Color Sweaters Round Neck Elastic Pullovers Warm Autumn Knitted Oversized Sweater Men,$13.48,"https://ae-pic-a1.aliexpress-media.com/kf/S0c33763f64204468bb873d15a7a61599p.jpg_220x220q75.jpg_.avif,https://ae-pic-a1.aliexpress-media.com/kf/Se46b0cc4babd40c6926deca7df760e75a.jpg_220x220q75.jpg_.avif,https://ae-pic-a1.aliexpress-media.com/kf/Sbf62022ae9034e3998f04e60e15ef63dr.jpg_220x220q75.jpg_.avif,https://ae-pic-a1.aliexpress-media.com/kf/S7cb3d2a9afc9434193e00f4ed61b4684l.jpg_220x220q75.jpg_.avif,https://ae-pic-a1.aliexpress-media.com/kf/S46c9cadc5be94aa4a49ac77bb7344df6X.jpg_220x220q75.jpg_.avif","['whether full opening', 'Yes', 'High-concerned chemical', 'None', 'Applicable Season', 'Autumn And Winter', 'Craft of Weaving', 'Knit', 'Applicable Scene', 'CASUAL', 'Hooded', 'No']",https://www.aliexpress.us/item/3256807718414219.html?algo_pvid=4f71b484-7ee3-4461-bba1-c505468a957c&algo_exp_id=4f71b484-7ee3-4461-bba1-c505468a957c-54&pdp_ext_f=%7B%22order%22%3A%221004%22%2C%22eval%22%3A%221%22%2C%22orig_sl_item_id%22%3A%221005007904728971%22%2C%22orig_item_id%22%3A%221005009297212650%22%2C%22fromPage%22%3A%22search%22%7D&pdp_npi=6%40dis%21USD%2126.96%2113.48%21%21%21184.52%2192.26%21%4021030a6217754285218365489ea4af%2112000042787981147%21sea%21US%210%21ABX%211%210%21n_tag%3A-29910%3Bd%3Ab1e5c83a%3Bm03_new_user%3A-29895&curPageLogUid=iCA5zn7tX1mn&utparam-url=scene%3Asearch%7Cquery_from%3A%7Cx_object_id%3A1005007904728971%7C_p_origin_prod%3A1005009297212650
2023 New Autumn Cotton Zipper Cardigans for Men Fashion Casual Social Men Sweaters High Collar Warm Winter Knitted Sweater Men,$27.29,"https://ae-pic-a1.aliexpress-media.com/kf/S03f8a6d9300f4df58b7e9e2667d1bbe99.jpg?has_lang=1&ver=2_220x220q75.jpg_.avif,https://ae-pic-a1.aliexpress-media.com/kf/Sfbde2494a1b441b3b669f7165d3d7aa5E.png?has_lang=1&ver=2_220x220.png_.avif,https://ae-pic-a1.aliexpress-media.com/kf/S285574873f65452dadcb44629a2f6486o.jpg_220x220q75.jpg_.avif,https://ae-pic-a1.aliexpress-media.com/kf/Sec99c80ea54f43a0ba3f5e60f0b12bbcg.jpg_220x220q75.jpg_.avif,https://ae-pic-a1.aliexpress-media.com/kf/S78c6197fcfd94360901241500bc3732cj.jpg?has_lang=1&ver=2_220x220q75.jpg_.avif","['whether full opening', 'No', 'High-concerned chemical', 'None', 'Applicable Season', 'Autumn And Winter', 'Applicable Scene', 'CASUAL', 'Hooded', 'No', 'Model Number', 'Y832']",https://www.aliexpress.us/item/3256807353657941.html?algo_pvid=4f71b484-7ee3-4461-bba1-c505468a957c&algo_exp_id=4f71b484-7ee3-4461-bba1-c505468a957c-55&pdp_ext_f=%7B%22order%22%3A%22998%22%2C%22eval%22%3A%221%22%2C%22orig_sl_item_id%22%3A%221005007539972693%22%2C%22orig_item_id%22%3A%221005006053250504%22%2C%22fromPage%22%3A%22search%22%7D&pdp_npi=6%40dis%21USD%2159.32%2127.29%21%21%21406.02%21186.77%21%4021030a6217754285218365489ea4af%2112000041213559621%21sea%21US%210%21ABX%211%210%21n_tag%3A-29910%3Bd%3Ab1e5c83a%3Bm03_new_user%3A-29895&curPageLogUid=nMZmZXDZACho&utparam-url=scene%3Asearch%7Cquery_from%3A%7Cx_object_id%3A1005007539972693%7C_p_origin_prod%3A1005006053250504
Autumn and Winter Men's New Long Zipper Color Block Sweater Sleeves Thin Plush Sweater Jacket Casual Slim Fit Comfortable Coat,$0.99,"https://ae-pic-a1.aliexpress-media.com/kf/S9999d5ea37e043a99debd6cab78a35a2g.jpg?has_lang=1&ver=2_220x220q75.jpg_.avif,https://ae-pic-a1.aliexpress-media.com/kf/S58f2508df755474e9b3f2177bd381454o.jpg_220x220q75.jpg_.avif,https://ae-pic-a1.aliexpress-media.com/kf/S2db98b049d9247e7a225ef33d5ca527bv.jpg_220x220q75.jpg_.avif,https://ae-pic-a1.aliexpress-media.com/kf/S6029a4bd059249fd8eeee82c21b4f2b6h.jpg_220x220q75.jpg_.avif,https://ae-pic-a1.aliexpress-media.com/kf/S6ebbb19ba046493ab73f306524e96ddeF.jpg_220x220q75.jpg_.avif","['whether full opening', 'Yes', 'High-concerned chemical', 'None', 'Applicable Season', 'Autumn And Winter', 'Craft of Weaving', 'Knit', 'Applicable Scene', 'CASUAL', 'Hooded', 'No']",https://www.aliexpress.us/item/3256806976304560.html?algo_pvid=4f71b484-7ee3-4461-bba1-c505468a957c&algo_exp_id=4f71b484-7ee3-4461-bba1-c505468a957c-56&pdp_ext_f=%7B%22order%22%3A%22998%22%2C%22eval%22%3A%221%22%2C%22fromPage%22%3A%22search%22%7D&pdp_npi=6%40dis%21USD%2120.50%219.33%21%21%21140.34%2163.88%21%4021030a6217754285218365489ea4af%2112000039660152561%21sea%21US%210%21ABX%211%210%21n_tag%3A-29910%3Bd%3Ab1e5c83a%3Bm03_new_user%3A-29895%3BpisId%3A5000000197827853&curPageLogUid=7MPCZX0dWJiP&utparam-url=scene%3Asearch%7Cquery_from%3A%7Cx_object_id%3A1005007162619312%7C_p_origin_prod%3A
Autumn Men's Solid Fluffy Knitted Sweaters New Korean Fashion Loose Warm Pullovers Winter Couples Y2K Vintage Knitwear Jumpers,$12.00,"https://ae-pic-a1.aliexpress-media.com/kf/S3eaf273eec17410fb766aad425cb9a1av.jpg_220x220q75.jpg_.avif,https://ae-pic-a1.aliexpress-media.com/kf/S3eaf273eec17410fb766aad425cb9a1av.jpg_220x220q75.jpg_.avif,https://ae-pic-a1.aliexpress-media.com/kf/S8ce7f8db8cad45688e7dd07e6ec0e3bfp.jpg_220x220q75.jpg_.avif,https://ae-pic-a1.aliexpress-media.com/kf/Sf01b2d77dc304575922f3653c8f73df3O.jpg_220x220q75.jpg_.avif,https://ae-pic-a1.aliexpress-media.com/kf/S279f669986d9430a94f60aa76bfe5eb7E.jpg_220x220q75.jpg_.avif","['whether full opening', 'No', 'High-concerned chemical', 'None', 'Applicable Season', 'Autumn And Winter', 'Craft of Weaving', 'Knit', 'Applicable Scene', 'CASUAL', 'Hooded', 'No']",https://www.aliexpress.us/item/3256807831241670.html?algo_pvid=4f71b484-7ee3-4461-bba1-c505468a957c&algo_exp_id=4f71b484-7ee3-4461-bba1-c505468a957c-57&pdp_ext_f=%7B%22order%22%3A%22985%22%2C%22eval%22%3A%221%22%2C%22fromPage%22%3A%22search%22%7D&pdp_npi=6%40dis%21USD%2127.28%2112.00%21%21%2127.28%2112.00%21%4021030a6217754285218365489ea4af%2112000043264342466%21sea%21US%210%21ABX%211%210%21n_tag%3A-29910%3Bd%3Ab1e5c83a%3Bm03_new_user%3A-29895&curPageLogUid=h0VpJQJPIdzX&utparam-url=scene%3Asearch%7Cquery_from%3A%7Cx_object_id%3A1005008017556422%7C_p_origin_prod%3A
Men Pullover Men's Thicker Sweatshirts Half Zipper Pullover for Male Hoody Man Sweatshir Autumn Solid Color Turtleneck Sweaters,$1.26,"https://ae-pic-a1.aliexpress-media.com/kf/S3a5871782dc64695be7078c9e0db7be8R.jpg_220x220q75.jpg_.avif,https://ae-pic-a1.aliexpress-media.com/kf/S3a5871782dc64695be7078c9e0db7be8R.jpg_220x220q75.jpg_.avif,https://ae-pic-a1.aliexpress-media.com/kf/S5188c98d56e04bbf93c8eff0d5d6e431v.jpg_220x220q75.jpg_.avif,https://ae-pic-a1.aliexpress-media.com/kf/Sc3f1e5e1d6864ff488860266267118aaI.jpg_220x220q75.jpg_.avif,https://ae-pic-a1.aliexpress-media.com/kf/Sa9af17a5dcf94601a2f66e37a9c27dfe6.jpg_220x220q75.jpg_.avif","['whether full opening', 'No', 'High-concerned chemical', 'None', 'Applicable Season', 'Spring And Autumn', 'Craft of Weaving', 'Knit', 'Applicable Scene', 'Daily', 'Hooded', 'No']",https://www.aliexpress.us/item/3256805603445886.html?algo_pvid=4f71b484-7ee3-4461-bba1-c505468a957c&algo_exp_id=4f71b484-7ee3-4461-bba1-c505468a957c-59&pdp_ext_f=%7B%22order%22%3A%22975%22%2C%22eval%22%3A%221%22%2C%22fromPage%22%3A%22search%22%7D&pdp_npi=6%40dis%21USD%2118.16%219.16%21%21%21124.30%2162.71%21%4021030a6217754285218365489ea4af%2112000034366196523%21sea%21US%210%21ABX%211%210%21n_tag%3A-29910%3Bd%3Ab1e5c83a%3Bm03_new_user%3A-29895%3BpisId%3A5000000197827853&curPageLogUid=aKMomJLwbtBC&utparam-url=scene%3Asearch%7Cquery_from%3A%7Cx_object_id%3A1005005789760638%7C_p_origin_prod%3A
2025 New Men Pullover Sweater Autumn Fashion Casual Loose Thick O Neck Wool Knitted Oversize Harajuku Streetwear Knitwear M-5Xl,$7.83,"https://ae-pic-a1.aliexpress-media.com/kf/Hd5cdddc3f9374d64ae69d536eed14faeI.jpg_220x220q75.jpg_.avif,https://ae-pic-a1.aliexpress-media.com/kf/Hedea4cc7f0d24e9aab4c65cd878206fa4.jpg?has_lang=1&ver=1_220x220q75.jpg_.avif,https://ae-pic-a1.aliexpress-media.com/kf/H707c8c8e0db048a98e103120f2396149D.jpg_220x220q75.jpg_.avif,https://ae-pic-a1.aliexpress-media.com/kf/Hc4eb4a390b09498c9ea6c98b42bb66929.jpg_220x220q75.jpg_.avif,https://ae-pic-a1.aliexpress-media.com/kf/Ha8283efd327e4627987c0af9a5226ff7L.jpg?has_lang=1&ver=2_220x220q75.jpg_.avif","['whether full opening', 'No', 'High-concerned chemical', 'None', 'Applicable Season', 'Autumn And Winter', 'Applicable Scene', 'CASUAL', 'Hooded', 'No', 'Model Number', '0224']",https://www.aliexpress.us/item/3256804837797100.html?algo_pvid=04b6517f-19b4-49f7-b561-66232c3f9a8b&algo_exp_id=04b6517f-19b4-49f7-b561-66232c3f9a8b-1&pdp_ext_f=%7B%22order%22%3A%22966%22%2C%22eval%22%3A%221%22%2C%22fromPage%22%3A%22search%22%7D&pdp_npi=6%40dis%21USD%2115.98%217.83%21%21%2115.98%217.83%21%402103868817754294321815774ee9ce%2112000031373590160%21sea%21US%210%21ABX%211%210%21n_tag%3A-29910%3Bd%3Ab1e5c83a%3Bm03_new_user%3A-29895&curPageLogUid=jpdhWwAzqDJj&utparam-url=scene%3Asearch%7Cquery_from%3A%7Cx_object_id%3A1005005024111852%7C_p_origin_prod%3A
Mens Mock Neck Pullover Sweater High Neck Turtleneck Long Sleeve Sweaters for Men Winter Warm Outwear Stripes Casual Coats,$10.31,"https://ae-pic-a1.aliexpress-media.com/kf/S270befc7ba744bc2afb817c1b396abee5.jpg_220x220q75.jpg_.avif,https://ae-pic-a1.aliexpress-media.com/kf/S5a54a19cc1f341bb91ca3127d3356334y.jpg_220x220q75.jpg_.avif,https://ae-pic-a1.aliexpress-media.com/kf/S86964c7e05e743e29b8efde25cea74936.jpg_220x220q75.jpg_.avif,https://ae-pic-a1.aliexpress-media.com/kf/S67bdd6320a704d9188433bd9a56bcdc3d.jpg_220x220q75.jpg_.avif,https://ae-pic-a1.aliexpress-media.com/kf/S11c27dc33bb2448ab28babd86d9462bbB.jpg_220x220q75.jpg_.avif","['whether full opening', 'No', 'High-concerned chemical', 'None', 'Applicable Season', 'Autumn And Winter', 'Applicable Scene', 'Daily', 'Hooded', 'No', 'Decoration', 'NONE']",https://www.aliexpress.us/item/3256810253145343.html?algo_pvid=04b6517f-19b4-49f7-b561-66232c3f9a8b&algo_exp_id=04b6517f-19b4-49f7-b561-66232c3f9a8b-2&pdp_ext_f=%7B%22order%22%3A%22946%22%2C%22eval%22%3A%221%22%2C%22orig_sl_item_id%22%3A%221005010439460095%22%2C%22orig_item_id%22%3A%221005009728007585%22%2C%22fromPage%22%3A%22search%22%7D&pdp_npi=6%40dis%21USD%2122.42%2110.31%21%21%21153.48%2170.60%21%402103868817754294321815774ee9ce%2112000052414020408%21sea%21US%210%21ABX%211%210%21n_tag%3A-29910%3Bd%3Ab1e5c83a%3Bm03_new_user%3A-29895&curPageLogUid=pgaWX8pvemkH&utparam-url=scene%3Asearch%7Cquery_from%3A%7Cx_object_id%3A1005010439460095%7C_p_origin_prod%3A1005009728007585
Autumn Winter Fleece Sweater Men Thicker Turtleneck Warm Pullover Slim Fit Man Clothes Luxury Brand Black Brown Jumpers Elastic,$3.03,"https://ae-pic-a1.aliexpress-media.com/kf/S9323c7054385495c91c99132908e9924p.jpg_220x220q75.jpg_.avif,https://ae-pic-a1.aliexpress-media.com/kf/S9323c7054385495c91c99132908e9924p.jpg_220x220q75.jpg_.avif,https://ae-pic-a1.aliexpress-media.com/kf/Sdddbae69cd9c4e46a4b50e435a4a20b6I.jpg_220x220q75.jpg_.avif,https://ae-pic-a1.aliexpress-media.com/kf/Sdbd3e6c0315c4ca1afaea05141ac0c22t.jpg_220x220q75.jpg_.avif,https://ae-pic-a1.aliexpress-media.com/kf/S73f77228a4124f95851cef781db319baS.jpg_220x220q75.jpg_.avif","['whether full opening', 'No', 'High-concerned chemical', 'None', 'Applicable Season', 'Autumn And Winter', 'Applicable Scene', 'Daily', 'Model Number', 'sweaters', 'Sleeve Style', 'regular']",https://www.aliexpress.us/item/3256806651938558.html?algo_pvid=04b6517f-19b4-49f7-b561-66232c3f9a8b&algo_exp_id=04b6517f-19b4-49f7-b561-66232c3f9a8b-3&pdp_ext_f=%7B%22order%22%3A%22934%22%2C%22eval%22%3A%221%22%2C%22fromPage%22%3A%22search%22%7D&pdp_npi=6%40dis%21USD%2123.64%2112.43%21%21%21161.79%2185.07%21%402103868817754294321815774ee9ce%2112000038468207279%21sea%21US%210%21ABX%211%210%21n_tag%3A-29910%3Bd%3Ab1e5c83a%3Bm03_new_user%3A-29895%3BpisId%3A5000000197827853&curPageLogUid=YkmxEVbJlT98&utparam-url=scene%3Asearch%7Cquery_from%3A%7Cx_object_id%3A1005006838253310%7C_p_origin_prod%3A
2023 New Autumn Cotton Zipper Cardigans for Men Fashion Casual Social Men Sweaters High Collar Warm Winter Knitted Sweater Men,$20.33,"https://ae-pic-a1.aliexpress-media.com/kf/S03f8a6d9300f4df58b7e9e2667d1bbe99.jpg?has_lang=1&ver=2_220x220q75.jpg_.avif,https://ae-pic-a1.aliexpress-media.com/kf/Sfbde2494a1b441b3b669f7165d3d7aa5E.png?has_lang=1&ver=2_220x220.png_.avif,https://ae-pic-a1.aliexpress-media.com/kf/S285574873f65452dadcb44629a2f6486o.jpg_220x220q75.jpg_.avif,https://ae-pic-a1.aliexpress-media.com/kf/Sec99c80ea54f43a0ba3f5e60f0b12bbcg.jpg_220x220q75.jpg_.avif,https://ae-pic-a1.aliexpress-media.com/kf/S78c6197fcfd94360901241500bc3732cj.jpg?has_lang=1&ver=2_220x220q75.jpg_.avif","['whether full opening', 'No', 'High-concerned chemical', 'None', 'Applicable Season', 'Autumn And Winter', 'Applicable Scene', 'CASUAL', 'Hooded', 'No', 'Model Number', 'Y832']",https://www.aliexpress.us/item/3256805866935752.html?algo_pvid=04b6517f-19b4-49f7-b561-66232c3f9a8b&algo_exp_id=04b6517f-19b4-49f7-b561-66232c3f9a8b-5&pdp_ext_f=%7B%22order%22%3A%22881%22%2C%22eval%22%3A%221%22%2C%22fromPage%22%3A%22search%22%7D&pdp_npi=6%40dis%21USD%2160.87%2129.73%21%21%21416.60%21203.45%21%402103868817754294321815774ee9ce%2112000035976028841%21sea%21US%210%21ABX%211%210%21n_tag%3A-29910%3Bd%3Ab1e5c83a%3Bm03_new_user%3A-29895%3BpisId%3A5000000197827853&curPageLogUid=6l1TQWqvpeum&utparam-url=scene%3Asearch%7Cquery_from%3A%7Cx_object_id%3A1005006053250504%7C_p_origin_prod%3A
Men's Fleece Lined Sweater Polo Collar Pullover Tops Fake Two Piece Fashion Business Causal Pullovers Thick Winter Clothes,$13.57,"https://ae-pic-a1.aliexpress-media.com/kf/S4c6cd5fbf64c4471b4b347f0bcc84b450.jpg_220x220q75.jpg_.avif,https://ae-pic-a1.aliexpress-media.com/kf/S4c6cd5fbf64c4471b4b347f0bcc84b450.jpg_220x220q75.jpg_.avif,https://ae-pic-a1.aliexpress-media.com/kf/S8c637b6c012b424fa7ce7af631bb5308h.jpg?has_lang=1&ver=3_220x220q75.jpg_.avif,https://ae-pic-a1.aliexpress-media.com/kf/Sff1d526c1c454abda58cd7dbebc1d8f4O.jpg?has_lang=1&ver=3_220x220q75.jpg_.avif,https://ae-pic-a1.aliexpress-media.com/kf/S3d48b053130043c1aa2c43eae880f88ak.jpg_220x220q75.jpg_.avif","['whether full opening', 'No', 'High-concerned chemical', 'None', 'Applicable Season', 'Autumn And Winter', 'Applicable Scene', 'Daily', 'Model Number', 'Pullovers Sweaters', 'Sleeve Style', 'regular']",https://www.aliexpress.us/item/3256810573214743.html?algo_pvid=04b6517f-19b4-49f7-b561-66232c3f9a8b&algo_exp_id=04b6517f-19b4-49f7-b561-66232c3f9a8b-6&pdp_ext_f=%7B%22order%22%3A%22811%22%2C%22eval%22%3A%221%22%2C%22orig_sl_item_id%22%3A%221005010759529495%22%2C%22orig_item_id%22%3A%221005007430625227%22%2C%22fromPage%22%3A%22search%22%7D&pdp_npi=6%40dis%21USD%2127.14%2113.57%21%21%21185.76%2192.88%21%402103868817754294321815774ee9ce%2112000053416008492%21sea%21US%210%21ABX%211%210%21n_tag%3A-29910%3Bd%3Ab1e5c83a%3Bm03_new_user%3A-29895&curPageLogUid=WGLRCzZbXEVe&utparam-url=scene%3Asearch%7Cquery_from%3A%7Cx_object_id%3A1005010759529495%7C_p_origin_prod%3A1005007430625227
Half Turtleneck Knitwear Sweater New Autumn/Winter Mock Neck Sweatshirts Solid Color Pullovers Man Brand Casual Mens Clothing,$0.99,"https://ae-pic-a1.aliexpress-media.com/kf/See5c909543634cc68342d2af0053ce871.jpg_220x220q75.jpg_.avif,https://ae-pic-a1.aliexpress-media.com/kf/Sf6e1d211577f46629f7ead4006c23c4am.jpg_220x220q75.jpg_.avif,https://ae-pic-a1.aliexpress-media.com/kf/S38750ed4af334af1bef2ba330637c471e.jpg_220x220q75.jpg_.avif,https://ae-pic-a1.aliexpress-media.com/kf/S5340f5186a9d400aa71e0a074de5009cy.jpg_220x220q75.jpg_.avif,https://ae-pic-a1.aliexpress-media.com/kf/S201e5800afe540ddac7d379073d39d8bI.jpg_220x220q75.jpg_.avif","['whether full opening', 'No', 'High-concerned chemical', 'None', 'Applicable Season', 'Autumn And Winter', 'Applicable Scene', 'Daily', 'Thickness', 'Standard', 'Material', 'Other,POLYESTER,Acrylic']",https://www.aliexpress.us/item/3256805782286735.html?algo_pvid=04b6517f-19b4-49f7-b561-66232c3f9a8b&algo_exp_id=04b6517f-19b4-49f7-b561-66232c3f9a8b-7&pdp_ext_f=%7B%22order%22%3A%22809%22%2C%22spu_best_type%22%3A%22price%22%2C%22eval%22%3A%221%22%2C%22fromPage%22%3A%22search%22%7D&pdp_npi=6%40dis%21USD%2118.66%218.73%21%21%21127.71%2159.77%21%402103868817754294321815774ee9ce%2112000035097974871%21sea%21US%210%21ABX%211%210%21n_tag%3A-29910%3Bd%3Ab1e5c83a%3Bm03_new_user%3A-29895%3BpisId%3A5000000203827481&curPageLogUid=eo4erR2aHgs4&utparam-url=scene%3Asearch%7Cquery_from%3A%7Cx_object_id%3A1005005968601487%7C_p_origin_prod%3A
New Men's Turtleneck Pullover Sweater Solid Color Knitted outerwear winter Warm Woolen Sweaters Thick Heavyweight streetwear,$8.64,"https://ae-pic-a1.aliexpress-media.com/kf/S05da9bef6aa7466b848e8eae0178c8ecO.jpg_220x220q75.jpg_.avif,https://ae-pic-a1.aliexpress-media.com/kf/Sb3d18880868a468f884b561fe4e1a21fD.jpg_220x220q75.jpg_.avif,https://ae-pic-a1.aliexpress-media.com/kf/Sbaabd896139e42d2b5c978314a6c3599M.jpg_220x220q75.jpg_.avif,https://ae-pic-a1.aliexpress-media.com/kf/S623aff345c424d98aece081540aeb0d8U.jpg_220x220q75.jpg_.avif,https://ae-pic-a1.aliexpress-media.com/kf/S3ec57a191f8b48f89d6cf3713c8d41f8K.jpg_220x220q75.jpg_.avif","['whether full opening', 'No', 'High-concerned chemical', 'None', 'Applicable Season', 'Autumn And Winter', 'Applicable Scene', 'Daily', 'Hooded', 'No', 'Sleeve Style', 'regular']",https://www.aliexpress.us/item/3256809686940736.html?algo_pvid=04b6517f-19b4-49f7-b561-66232c3f9a8b&algo_exp_id=04b6517f-19b4-49f7-b561-66232c3f9a8b-8&pdp_ext_f=%7B%22order%22%3A%22805%22%2C%22spu_best_type%22%3A%22price%22%2C%22eval%22%3A%221%22%2C%22fromPage%22%3A%22search%22%7D&pdp_npi=6%40dis%21USD%2120.58%218.64%21%21%21140.88%2159.17%21%402103868817754294321815774ee9ce%2112000050437544625%21sea%21US%210%21ABX%211%210%21n_tag%3A-29910%3Bd%3Ab1e5c83a%3Bm03_new_user%3A-29895&curPageLogUid=lXNCtsouQ74m&utparam-url=scene%3Asearch%7Cquery_from%3A%7Cx_object_id%3A1005009873255488%7C_p_origin_prod%3A
Men's Mock Turtleneck Ribbed Knit Pullover Sweater Casual Heavyweight Slim Fit Dress Sweater Warm Jumper Thermal Streetwear,$0.99,"https://ae-pic-a1.aliexpress-media.com/kf/S77259eb59e3f43f1a622aeebabd40d71Z.jpg_220x220q75.jpg_.avif,https://ae-pic-a1.aliexpress-media.com/kf/Sfee71b5520064f45a8f6fcb30c216bf64.jpg_220x220q75.jpg_.avif,https://ae-pic-a1.aliexpress-media.com/kf/S5017da0c23654777b8c9d2c59b5550fd1.jpg_220x220q75.jpg_.avif,https://ae-pic-a1.aliexpress-media.com/kf/Sc224826a86b44f559fd449f47b318303w.jpg_220x220q75.jpg_.avif,https://ae-pic-a1.aliexpress-media.com/kf/S80cd006a194a445aa50d9d0834796efdX.jpg_220x220q75.jpg_.avif","['whether full opening', 'No', 'High-concerned chemical', 'None', 'Applicable Season', 'Autumn And Winter', 'Applicable Scene', 'CASUAL', 'Hooded', 'No', 'Wool', 'Standard Wool']",https://www.aliexpress.us/item/3256809585336630.html?algo_pvid=04b6517f-19b4-49f7-b561-66232c3f9a8b&algo_exp_id=04b6517f-19b4-49f7-b561-66232c3f9a8b-9&pdp_ext_f=%7B%22order%22%3A%22800%22%2C%22eval%22%3A%221%22%2C%22fromPage%22%3A%22search%22%7D&pdp_npi=6%40dis%21USD%2119.82%218.22%21%21%21135.67%2156.30%21%402103868817754294321815774ee9ce%2112000050112256283%21sea%21US%210%21ABX%211%210%21n_tag%3A-29910%3Bd%3Ab1e5c83a%3Bm03_new_user%3A-29895%3BpisId%3A5000000197827853&curPageLogUid=zwRygiRrbFqq&utparam-url=scene%3Asearch%7Cquery_from%3A%7Cx_object_id%3A1005009771651382%7C_p_origin_prod%3A
Mens Turtleneck Sweater Slim Fit Knitted Casual Pullover Lightweight Ribbed Long Sleeve Sweaters Autumn Solid Color Streetwear,$0.99,"https://ae-pic-a1.aliexpress-media.com/kf/S9d870dfb971b4711838da9616eca38f07.jpg?has_lang=1&ver=2_220x220q75.jpg_.avif,https://ae-pic-a1.aliexpress-media.com/kf/S5522bdba26cb4e9aa8541062335f0e73d.jpg_220x220q75.jpg_.avif,https://ae-pic-a1.aliexpress-media.com/kf/S5a51081ef6e24791b62b1b00bbf8e519u.jpg_220x220q75.jpg_.avif,https://ae-pic-a1.aliexpress-media.com/kf/S322c37f8b60749b2995cdb9d3424299cc.jpg_220x220q75.jpg_.avif,https://ae-pic-a1.aliexpress-media.com/kf/S14af6b13f4e447a787d0cf882c75e3aah.jpg_220x220q75.jpg_.avif","['whether full opening', 'No', 'High-concerned chemical', 'None', 'Applicable Season', 'Autumn And Winter', 'Craft of Weaving', 'Knit', 'Applicable Scene', 'Daily', 'Hooded', 'No']",https://www.aliexpress.us/item/3256807460558971.html?algo_pvid=04b6517f-19b4-49f7-b561-66232c3f9a8b&algo_exp_id=04b6517f-19b4-49f7-b561-66232c3f9a8b-10&pdp_ext_f=%7B%22order%22%3A%22794%22%2C%22eval%22%3A%221%22%2C%22fromPage%22%3A%22search%22%7D&pdp_npi=6%40dis%21USD%2120.29%219.84%21%21%21138.86%2167.36%21%402103868817754294321815774ee9ce%2112000041640890766%21sea%21US%210%21ABX%211%210%21n_tag%3A-29910%3Bd%3Ab1e5c83a%3Bm03_new_user%3A-29895%3BpisId%3A5000000197827853&curPageLogUid=corC7cFJBqGR&utparam-url=scene%3Asearch%7Cquery_from%3A%7Cx_object_id%3A1005007646873723%7C_p_origin_prod%3A
AIOPESON Mens Crewneck Pullover Sweater Knitted Cotton Stripped Quality Autumn Winter Warm Sweaters for Men,$15.00,"https://ae-pic-a1.aliexpress-media.com/kf/S9fb188e106704fd5b8999576abcb685e5.jpg?has_lang=1&ver=2_220x220q75.jpg_.avif,https://ae-pic-a1.aliexpress-media.com/kf/S9fb188e106704fd5b8999576abcb685e5.jpg?has_lang=1&ver=2_220x220q75.jpg_.avif,https://ae-pic-a1.aliexpress-media.com/kf/Sbc8d95f445184638a0826f83fe1a35e8F.png?has_lang=1&ver=2_220x220.png_.avif,https://ae-pic-a1.aliexpress-media.com/kf/S6de4e41c75f3427db561a8c8afafbb7cz.jpg_220x220q75.jpg_.avif,https://ae-pic-a1.aliexpress-media.com/kf/Sb9eed0458c8c41f1b3d7c2405ce6b150S.jpg?has_lang=1&ver=1_220x220q75.jpg_.avif","['whether full opening', 'No', 'High-concerned chemical', 'None', 'Craft of Weaving', 'Knit', 'Applicable Season', 'Autumn And Winter', 'Applicable Scene', 'CASUAL', 'Hooded', 'No']",https://www.aliexpress.us/item/3256807302918022.html?algo_pvid=04b6517f-19b4-49f7-b561-66232c3f9a8b&algo_exp_id=04b6517f-19b4-49f7-b561-66232c3f9a8b-11&pdp_ext_f=%7B%22order%22%3A%22788%22%2C%22eval%22%3A%221%22%2C%22fromPage%22%3A%22search%22%7D&pdp_npi=6%40dis%21USD%2124.50%2124.40%21%21%2124.50%2124.40%21%402103868817754294321815774ee9ce%2112000041281317895%21sea%21US%210%21ABX%211%210%21n_tag%3A-29910%3Bd%3Ab1e5c83a%3Bm03_new_user%3A-29895%3BpisId%3A5000000197827851&curPageLogUid=pfs1WleLv8m6&utparam-url=scene%3Asearch%7Cquery_from%3A%7Cx_object_id%3A1005007489232774%7C_p_origin_prod%3A
Men's Tactical Outdoor Fleece Jacket Clothes Warm Zippers Pullover Men Windproof Coat Thermal Hiking Sweatshirt,$2.26,"https://ae-pic-a1.aliexpress-media.com/kf/S0ebd8ec078fa4a3b809bece90aac276fg.jpg_220x220q75.jpg_.avif,https://ae-pic-a1.aliexpress-media.com/kf/S0ebd8ec078fa4a3b809bece90aac276fg.jpg_220x220q75.jpg_.avif,https://ae-pic-a1.aliexpress-media.com/kf/S3b35f57f91154a7f8cbc0f2f4097874c6.jpg?has_lang=1&ver=2_220x220q75.jpg_.avif,https://ae-pic-a1.aliexpress-media.com/kf/S9047e0f7179a4064853b8a5cb204149dJ.jpg_220x220q75.jpg_.avif,https://ae-pic-a1.aliexpress-media.com/kf/S18ea7ccb2bc744c4bb439d98b8ed5f717.jpg?has_lang=1&ver=1_220x220q75.jpg_.avif","['whether full opening', 'No', 'High-concerned chemical', 'None', 'Applicable Season', 'Spring And Autumn', 'Craft of Weaving', 'Knit', 'Applicable Scene', 'Daily', 'Hooded', 'No']",https://www.aliexpress.us/item/3256805722498609.html?algo_pvid=04b6517f-19b4-49f7-b561-66232c3f9a8b&algo_exp_id=04b6517f-19b4-49f7-b561-66232c3f9a8b-12&pdp_ext_f=%7B%22order%22%3A%22787%22%2C%22eval%22%3A%221%22%2C%22fromPage%22%3A%22search%22%7D&pdp_npi=6%40dis%21USD%2123.06%2111.66%21%21%21157.84%2179.82%21%402103868817754294321815774ee9ce%2112000034806722046%21sea%21US%210%21ABX%211%210%21n_tag%3A-29910%3Bd%3Ab1e5c83a%3Bm03_new_user%3A-29895%3BpisId%3A5000000197827852&curPageLogUid=Rbp5rpx6PO5b&utparam-url=scene%3Asearch%7Cquery_from%3A%7Cx_object_id%3A1005005908813361%7C_p_origin_prod%3A
Autumn Men's Long Sleeve Knitted Sweaters Men's Slim Fit Turtleneck Sweater Casual Pullover Sweater Lightweight Ribbed Sweater,$1.63,"https://ae-pic-a1.aliexpress-media.com/kf/S6b657165d61f432ca6c1078a5427f425H.jpg_220x220q75.jpg_.avif,https://ae-pic-a1.aliexpress-media.com/kf/S5bd374ac0eb94b2ba376777702fb5e81l.jpg_220x220q75.jpg_.avif,https://ae-pic-a1.aliexpress-media.com/kf/S5d99a8049efc4c9e9203ddaf4fa3a2f16.jpg_220x220q75.jpg_.avif,https://ae-pic-a1.aliexpress-media.com/kf/Sa2958369f1574099990583842e5b67e5m.jpg_220x220q75.jpg_.avif,https://ae-pic-a1.aliexpress-media.com/kf/S46938b9a1be345b1828c9fa5d8915ea0L.jpg_220x220q75.jpg_.avif","['whether full opening', 'No', 'High-concerned chemical', 'None', 'Applicable Season', 'Autumn And Winter', 'Applicable Scene', 'CASUAL', 'Hooded', 'No', 'Sleeve Style', 'regular']",https://www.aliexpress.us/item/3256807306060216.html?algo_pvid=04b6517f-19b4-49f7-b561-66232c3f9a8b&algo_exp_id=04b6517f-19b4-49f7-b561-66232c3f9a8b-14&pdp_ext_f=%7B%22order%22%3A%22774%22%2C%22spu_best_type%22%3A%22price%22%2C%22eval%22%3A%221%22%2C%22fromPage%22%3A%22search%22%7D&pdp_npi=6%40dis%21USD%2123.18%2111.03%21%21%21158.63%2175.46%21%402103868817754294321815774ee9ce%2112000041009172253%21sea%21US%210%21ABX%211%210%21n_tag%3A-29910%3Bd%3Ab1e5c83a%3Bm03_new_user%3A-29895%3BpisId%3A5000000197827853&curPageLogUid=IAzOlEEOvQ0S&utparam-url=scene%3Asearch%7Cquery_from%3A%7Cx_object_id%3A1005007492374968%7C_p_origin_prod%3A
New Sweatwear Men's Half Neck Basic Solid Color Sweaters Round Neck Elastic Pullovers Warm Autumn Knitted Oversized Sweater Men,$0.99,"https://ae-pic-a1.aliexpress-media.com/kf/S285c4a25bfa34bf581deeeac6d74ae529.jpg_220x220q75.jpg_.avif,https://ae-pic-a1.aliexpress-media.com/kf/S457009c980544e0d85859b2fc45c1f00d.jpg_220x220q75.jpg_.avif,https://ae-pic-a1.aliexpress-media.com/kf/S062b0f99e5654bd1bef4a985d2eb5162u.jpg_220x220q75.jpg_.avif,https://ae-pic-a1.aliexpress-media.com/kf/S004e8017e1d1454898b4161ecaa356b16.jpg_220x220q75.jpg_.avif,https://ae-pic-a1.aliexpress-media.com/kf/Sbde4215feeaf4fc79a5e8c5ced70a8fa2.jpg_220x220q75.jpg_.avif","['whether full opening', 'No', 'High-concerned chemical', 'None', 'Applicable Season', 'Autumn And Winter', 'Applicable Scene', 'CASUAL', 'Sleeve Length(cm)', 'Full', 'Thickness', 'Standard']",https://www.aliexpress.us/item/3256806993341910.html?algo_pvid=04b6517f-19b4-49f7-b561-66232c3f9a8b&algo_exp_id=04b6517f-19b4-49f7-b561-66232c3f9a8b-15&pdp_ext_f=%7B%22order%22%3A%22759%22%2C%22spu_best_type%22%3A%22price%22%2C%22eval%22%3A%221%22%2C%22fromPage%22%3A%22search%22%7D&pdp_npi=6%40dis%21USD%2122.04%2110.04%21%21%21150.87%2168.72%21%402103868817754294321815774ee9ce%2112000039719054163%21sea%21US%210%21ABX%211%210%21n_tag%3A-29910%3Bd%3Ab1e5c83a%3Bm03_new_user%3A-29895%3BpisId%3A5000000197827853&curPageLogUid=hs8WAt26qzzS&utparam-url=scene%3Asearch%7Cquery_from%3A%7Cx_object_id%3A1005007179656662%7C_p_origin_prod%3A
Hot High-End Luxury Man Long-Sleeved Knitwear Round Neck No Pilling No Fading Embroidery Spring New Sweater Leisure MensClothing,$5.83,"https://ae-pic-a1.aliexpress-media.com/kf/Se7209f40a3ea4638aaea4afb6a49882d0.jpg_220x220q75.jpg_.avif,https://ae-pic-a1.aliexpress-media.com/kf/Se7209f40a3ea4638aaea4afb6a49882d0.jpg_220x220q75.jpg_.avif,https://ae-pic-a1.aliexpress-media.com/kf/S3a59a558ff55483eab4f7c92d3a4b6abU.jpg_220x220q75.jpg_.avif,https://ae-pic-a1.aliexpress-media.com/kf/S87b076adfcdd40d9baa0fead85b3d9fdN.jpg_220x220q75.jpg_.avif,https://ae-pic-a1.aliexpress-media.com/kf/Sd0b6cacb08d14d629f726bf0c64a714aC.jpg_220x220q75.jpg_.avif","['whether full opening', 'No', 'High-concerned chemical', 'None', 'Applicable Season', 'Spring', 'Craft of Weaving', 'Knit', 'Applicable Scene', 'CASUAL', 'Hooded', 'No']",https://www.aliexpress.us/item/3256810513643866.html?algo_pvid=04b6517f-19b4-49f7-b561-66232c3f9a8b&algo_exp_id=04b6517f-19b4-49f7-b561-66232c3f9a8b-16&pdp_ext_f=%7B%22order%22%3A%22748%22%2C%22eval%22%3A%221%22%2C%22fromPage%22%3A%22search%22%7D&pdp_npi=6%40dis%21USD%2141.42%2115.23%21%21%21283.48%21104.21%21%402103868817754294321815774ee9ce%2112000053237229115%21sea%21US%210%21ABX%211%210%21n_tag%3A-29910%3Bd%3Ab1e5c83a%3Bm03_new_user%3A-29895%3BpisId%3A5000000197827853&curPageLogUid=EtuU1pjPZBHb&utparam-url=scene%3Asearch%7Cquery_from%3A%7Cx_object_id%3A1005010699958618%7C_p_origin_prod%3A
New Autumn Pullover Men's Sweater O-neck Patchwork Long Sleeve Warm Slim Sweaters Men Casual Fashion Sweater Men Clothing,$7.62,"https://ae-pic-a1.aliexpress-media.com/kf/S65c6f5469ab24ed9a9e6d44268189414u.jpg_220x220q75.jpg_.avif,https://ae-pic-a1.aliexpress-media.com/kf/S65c6f5469ab24ed9a9e6d44268189414u.jpg_220x220q75.jpg_.avif,https://ae-pic-a1.aliexpress-media.com/kf/S4d529d7631c44d7cb90948664fe17fdb2.jpg?has_lang=1&ver=2_220x220q75.jpg_.avif,https://ae-pic-a1.aliexpress-media.com/kf/Sc7988a1795cf4166a28b4b82aad6218bt.jpg_220x220q75.jpg_.avif,https://ae-pic-a1.aliexpress-media.com/kf/S8bf4537954e64215a6ec301953e7d8fa3.jpg_220x220q75.jpg_.avif","['High-concerned chemical', 'None', 'Applicable Season', 'Winter', 'Applicable Scene', 'CASUAL', 'Hooded', 'No', 'Decoration', 'Ruched', 'Sleeve Style', 'regular']",https://www.aliexpress.us/item/3256805450702727.html?algo_pvid=04b6517f-19b4-49f7-b561-66232c3f9a8b&algo_exp_id=04b6517f-19b4-49f7-b561-66232c3f9a8b-17&pdp_ext_f=%7B%22order%22%3A%22731%22%2C%22eval%22%3A%221%22%2C%22fromPage%22%3A%22search%22%7D&pdp_npi=6%40dis%21USD%2134.56%2117.52%21%21%21236.58%21119.98%21%402103868817754294321815774ee9ce%2112000033840350281%21sea%21US%210%21ABX%211%210%21n_tag%3A-29910%3Bd%3Ab1e5c83a%3Bm03_new_user%3A-29895%3BpisId%3A5000000197827853&curPageLogUid=JQtzPjp3SHKd&utparam-url=scene%3Asearch%7Cquery_from%3A%7Cx_object_id%3A1005005637017479%7C_p_origin_prod%3A
Autum Men's Slim Fit Pullover Sweaters Long Sleeve Turtleneck Sweater Casual Stripe Knitted Winter Warm Outdoor Streetwear,$1.46,"https://ae-pic-a1.aliexpress-media.com/kf/Se3a31f3f0c284f37836a2c45a8fdfc34F.jpg?has_lang=1&ver=1_220x220q75.jpg_.avif,https://ae-pic-a1.aliexpress-media.com/kf/S4e3867dae32d401b857fc15a00f4786dp.jpg_220x220q75.jpg_.avif,https://ae-pic-a1.aliexpress-media.com/kf/Se157be63bacc4d359db6b6ffa27feaa02.jpg_220x220q75.jpg_.avif,https://ae-pic-a1.aliexpress-media.com/kf/S1149c8fd64b4461398d03a822083a30cG.jpg_220x220q75.jpg_.avif,https://ae-pic-a1.aliexpress-media.com/kf/Sdbe1d7941f644edf8c10332ef4884699P.jpg_220x220q75.jpg_.avif","['whether full opening', 'No', 'High-concerned chemical', 'None', 'Applicable Season', 'Autumn And Winter', 'Applicable Scene', 'Daily', 'Hooded', 'No', 'Sleeve Style', 'regular']",https://www.aliexpress.us/item/3256809619775945.html?algo_pvid=04b6517f-19b4-49f7-b561-66232c3f9a8b&algo_exp_id=04b6517f-19b4-49f7-b561-66232c3f9a8b-18&pdp_ext_f=%7B%22order%22%3A%22728%22%2C%22eval%22%3A%221%22%2C%22fromPage%22%3A%22search%22%7D&pdp_npi=6%40dis%21USD%2122.83%2110.71%21%21%21156.27%2173.30%21%402103868817754294321815774ee9ce%2112000050234337713%21sea%21US%210%21ABX%211%210%21n_tag%3A-29910%3Bd%3Ab1e5c83a%3Bm03_new_user%3A-29895%3BpisId%3A5000000203816807&curPageLogUid=xqunouBzNak1&utparam-url=scene%3Asearch%7Cquery_from%3A%7Cx_object_id%3A1005009806090697%7C_p_origin_prod%3A
Autumn Men's Sweatwear Warm Pullover Solid Color Half Zipper Casual Sweater Slim V-neck Long Sleeve Men's Sweatshirts Winter Top,$3.62,"https://ae-pic-a1.aliexpress-media.com/kf/S2db78053328946138210b9e40be81d9fc.jpg_220x220q75.jpg_.avif,https://ae-pic-a1.aliexpress-media.com/kf/Sdffc0b9ef4614486974a0cabd2a52fc6V.jpg_220x220q75.jpg_.avif,https://ae-pic-a1.aliexpress-media.com/kf/Se8f3daa5e3e54894b4a6d9e248fc4c0a7.jpg_220x220q75.jpg_.avif,https://ae-pic-a1.aliexpress-media.com/kf/Sd9f32c008ab943dfa9a02e99645f632ey.jpg_220x220q75.jpg_.avif,https://ae-pic-a1.aliexpress-media.com/kf/Se65481ee2606470ea86c11466587a82a9.jpg_220x220q75.jpg_.avif","['whether full opening', 'No', 'High-concerned chemical', 'None', 'Applicable Season', 'Autumn And Winter', 'Applicable Scene', 'Daily', 'Decoration', 'Zippers', 'Sleeve Style', 'regular']",https://www.aliexpress.us/item/3256805846834760.html?algo_pvid=04b6517f-19b4-49f7-b561-66232c3f9a8b&algo_exp_id=04b6517f-19b4-49f7-b561-66232c3f9a8b-19&pdp_ext_f=%7B%22order%22%3A%22727%22%2C%22eval%22%3A%221%22%2C%22fromPage%22%3A%22search%22%7D&pdp_npi=6%40dis%21USD%2126.77%2111.95%21%21%21183.25%2181.78%21%402103868817754294321815774ee9ce%2112000035411421665%21sea%21US%210%21ABX%211%210%21n_tag%3A-29910%3Bd%3Ab1e5c83a%3Bm03_new_user%3A-29895%3BpisId%3A5000000203837235&curPageLogUid=uoaUt7rsWTD7&utparam-url=scene%3Asearch%7Cquery_from%3A%7Cx_object_id%3A1005006033149512%7C_p_origin_prod%3A
Men's V Neck Sweater Knitted Pullover Casual Soft Lightweight Long Sleeve Dress Sweater Autumn Breathable Slim Fit Sweaters,$9.54,"https://ae-pic-a1.aliexpress-media.com/kf/S748fd0bce3074dfdaff9745cbbd3d6e3l.jpg_220x220q75.jpg_.avif,https://ae-pic-a1.aliexpress-media.com/kf/Sfea8dd1ff62941e0bd0cd397209c4bf9M.jpg_220x220q75.jpg_.avif,https://ae-pic-a1.aliexpress-media.com/kf/S6dae59e1b8154508877348bb442388f1X.jpg_220x220q75.jpg_.avif,https://ae-pic-a1.aliexpress-media.com/kf/S1cdbbed4195f4435929ba30d8bb3ae22W.jpg_220x220q75.jpg_.avif,https://ae-pic-a1.aliexpress-media.com/kf/Sb74c2c42fb024b2f83dd1e5d0437941aF.jpg_220x220q75.jpg_.avif","['whether full opening', 'No', 'High-concerned chemical', 'None', 'Applicable Season', 'Autumn And Winter', 'Applicable Scene', 'Daily', 'Hooded', 'No', 'Sleeve Style', 'regular']",https://www.aliexpress.us/item/3256810099256482.html?algo_pvid=04b6517f-19b4-49f7-b561-66232c3f9a8b&algo_exp_id=04b6517f-19b4-49f7-b561-66232c3f9a8b-20&pdp_ext_f=%7B%22order%22%3A%22720%22%2C%22eval%22%3A%221%22%2C%22orig_sl_item_id%22%3A%221005010285571234%22%2C%22orig_item_id%22%3A%221005009654977193%22%2C%22fromPage%22%3A%22search%22%7D&pdp_npi=6%40dis%21USD%2119.07%219.54%21%21%21130.50%2165.25%21%402103868817754294321815774ee9ce%2112000051791962564%21sea%21US%210%21ABX%211%210%21n_tag%3A-29910%3Bd%3Ab1e5c83a%3Bm03_new_user%3A-29895&curPageLogUid=z3Rvy1lgQc88&utparam-url=scene%3Asearch%7Cquery_from%3A%7Cx_object_id%3A1005010285571234%7C_p_origin_prod%3A1005009654977193
Animal Game Turtleneck Knitwear Luxury Men's Sweater Long Fit Pullover Sweaters Solid Color Men Streetwear Warm Cold Blouse,$1.58,"https://ae-pic-a1.aliexpress-media.com/kf/S6e10ab18bb904335b80fdf5ab1ba0e018.jpg?has_lang=1&ver=2_220x220q75.jpg_.avif,https://ae-pic-a1.aliexpress-media.com/kf/S0687f660ba3c4432a9f29eefa9d8a660A.jpg_220x220q75.jpg_.avif,https://ae-pic-a1.aliexpress-media.com/kf/S95165646a15944c5b876b65000657b81E.jpg_220x220q75.jpg_.avif,https://ae-pic-a1.aliexpress-media.com/kf/S1bf37ea77ff64839a9173ec36f7fde95s.jpg_220x220q75.jpg_.avif,https://ae-pic-a1.aliexpress-media.com/kf/S04eae4026b134c83bfa330cd482effe7V.jpg_220x220q75.jpg_.avif","['whether full opening', 'No', 'High-concerned chemical', 'None', 'Applicable Season', 'Autumn And Winter', 'Applicable Scene', 'CASUAL', 'Hooded', 'No', 'Sleeve Style', 'regular']",https://www.aliexpress.us/item/3256809898073240.html?algo_pvid=04b6517f-19b4-49f7-b561-66232c3f9a8b&algo_exp_id=04b6517f-19b4-49f7-b561-66232c3f9a8b-22&pdp_ext_f=%7B%22order%22%3A%22718%22%2C%22spu_best_type%22%3A%22price%22%2C%22eval%22%3A%221%22%2C%22fromPage%22%3A%22search%22%7D&pdp_npi=6%40dis%21USD%2122.61%2110.98%21%21%21154.77%2175.16%21%402103868817754294321815774ee9ce%2112000051078886891%21sea%21US%210%21ABX%211%210%21n_tag%3A-29910%3Bd%3Ab1e5c83a%3Bm03_new_user%3A-29895%3BpisId%3A5000000197827853&curPageLogUid=RTPUCKItbseK&utparam-url=scene%3Asearch%7Cquery_from%3A%7Cx_object_id%3A1005010084387992%7C_p_origin_prod%3A
AutumnTurtleneck Knitted Sweater Outdoor Solid Color Pullover Streetwear Winter Warm Lightweight Basic twist sweaters men,$0.99,"https://ae-pic-a1.aliexpress-media.com/kf/S8706ac6480674e05b0e3beb427752a71R.jpg_220x220q75.jpg_.avif,https://ae-pic-a1.aliexpress-media.com/kf/S92865173ebc0409ab4a2504f65c2435c1.jpg_220x220q75.jpg_.avif,https://ae-pic-a1.aliexpress-media.com/kf/Sd094f1e220734eff998a6a0e03199e5ct.jpg_220x220q75.jpg_.avif,https://ae-pic-a1.aliexpress-media.com/kf/S37fe10576daf44c09c8ef55fc058e35bb.jpg_220x220q75.jpg_.avif,https://ae-pic-a1.aliexpress-media.com/kf/Se78fbf5c5eae4786a4223f43433c5f81m.jpg_220x220q75.jpg_.avif","['whether full opening', 'No', 'High-concerned chemical', 'None', 'Applicable Season', 'Autumn And Winter', 'Applicable Scene', 'CASUAL', 'Hooded', 'No', 'Sleeve Style', 'regular']",https://www.aliexpress.us/item/3256807621290281.html?algo_pvid=04b6517f-19b4-49f7-b561-66232c3f9a8b&algo_exp_id=04b6517f-19b4-49f7-b561-66232c3f9a8b-23&pdp_ext_f=%7B%22order%22%3A%22709%22%2C%22spu_best_type%22%3A%22price%22%2C%22eval%22%3A%221%22%2C%22fromPage%22%3A%22search%22%7D&pdp_npi=6%40dis%21USD%2119.86%218.24%21%21%21135.93%2156.41%21%402103868817754294321815774ee9ce%2112000042269360108%21sea%21US%210%21ABX%211%210%21n_tag%3A-29910%3Bd%3Ab1e5c83a%3Bm03_new_user%3A-29895%3BpisId%3A5000000197827853&curPageLogUid=hR2B6TAKlz8s&utparam-url=scene%3Asearch%7Cquery_from%3A%7Cx_object_id%3A1005007807605033%7C_p_origin_prod%3A
New Popular Spring and Autumn Bone-Shaped Butterfly Jacquard Pattern Pullover Sweater Casual Round Neck Contrast Color Knitted m,$10.50,"https://ae-pic-a1.aliexpress-media.com/kf/S7a38e2e3e4f14db2bf8ac11e437ba004p.jpg_220x220q75.jpg_.avif,https://ae-pic-a1.aliexpress-media.com/kf/Sbeb3fd19e2df452b910ecebab6607d6ee.jpg_220x220q75.jpg_.avif,https://ae-pic-a1.aliexpress-media.com/kf/Sffbf8ffeb52d4eb7a0826ae7a855a54ea.jpg_220x220q75.jpg_.avif,https://ae-pic-a1.aliexpress-media.com/kf/S42fbdfb4a8ee407a8b1c229e99c1c34fW.jpg_220x220q75.jpg_.avif,https://ae-pic-a1.aliexpress-media.com/kf/Sdf00acdc9d344c75a61fff5e64fe78d5s.jpg_220x220q75.jpg_.avif","['whether full opening', 'No', 'High-concerned chemical', 'None', 'Applicable Season', 'Four Seasons', 'Applicable Scene', 'Shopping', 'Hooded', 'No', 'Sleeve Style', 'regular']",https://www.aliexpress.us/item/3256807934446314.html?algo_pvid=04b6517f-19b4-49f7-b561-66232c3f9a8b&algo_exp_id=04b6517f-19b4-49f7-b561-66232c3f9a8b-25&pdp_ext_f=%7B%22order%22%3A%22706%22%2C%22eval%22%3A%221%22%2C%22fromPage%22%3A%22search%22%7D&pdp_npi=6%40dis%21USD%2140.82%2119.90%21%21%21279.37%21136.21%21%402103868817754294321815774ee9ce%2112000043873212148%21sea%21US%210%21ABX%211%210%21n_tag%3A-29910%3Bd%3Ab1e5c83a%3Bm03_new_user%3A-29895%3BpisId%3A5000000197827853&curPageLogUid=3JxdyBE1FceO&utparam-url=scene%3Asearch%7Cquery_from%3A%7Cx_object_id%3A1005008120761066%7C_p_origin_prod%3A
Men's Fleece Lined Sweater Polo Collar Pullover Tops Fake Two Piece Fashion Business Causal Pullovers Thick Winter Clothes,$3.94,"https://ae-pic-a1.aliexpress-media.com/kf/S4c6cd5fbf64c4471b4b347f0bcc84b450.jpg_220x220q75.jpg_.avif,https://ae-pic-a1.aliexpress-media.com/kf/S4c6cd5fbf64c4471b4b347f0bcc84b450.jpg_220x220q75.jpg_.avif,https://ae-pic-a1.aliexpress-media.com/kf/S8c637b6c012b424fa7ce7af631bb5308h.jpg_220x220q75.jpg_.avif,https://ae-pic-a1.aliexpress-media.com/kf/Sff1d526c1c454abda58cd7dbebc1d8f4O.jpg_220x220q75.jpg_.avif,https://ae-pic-a1.aliexpress-media.com/kf/S3d48b053130043c1aa2c43eae880f88ak.jpg_220x220q75.jpg_.avif","['whether full opening', 'No', 'High-concerned chemical', 'None', 'Applicable Season', 'Autumn And Winter', 'Applicable Scene', 'Daily', 'Model Number', 'Pullovers Sweaters', 'Sleeve Style', 'regular']",https://www.aliexpress.us/item/3256807244310475.html?algo_pvid=04b6517f-19b4-49f7-b561-66232c3f9a8b&algo_exp_id=04b6517f-19b4-49f7-b561-66232c3f9a8b-26&pdp_ext_f=%7B%22order%22%3A%22705%22%2C%22eval%22%3A%221%22%2C%22fromPage%22%3A%22search%22%7D&pdp_npi=6%40dis%21USD%2128.00%2113.34%21%21%21191.65%2191.31%21%402103868817754294321815774ee9ce%2112000040727069694%21sea%21US%210%21ABX%211%210%21n_tag%3A-29910%3Bd%3Ab1e5c83a%3Bm03_new_user%3A-29895%3BpisId%3A5000000197827853&curPageLogUid=ABg1AzAinqmf&utparam-url=scene%3Asearch%7Cquery_from%3A%7Cx_object_id%3A1005007430625227%7C_p_origin_prod%3A
Luxury pony embroidery designer brand sweater men's new fashion unique jacquard comfort Paul casual knitted round neck pullover,$15.79,"https://ae-pic-a1.aliexpress-media.com/kf/Sb42dda5574954c648c78adf06dacaeaez.jpg_220x220q75.jpg_.avif,https://ae-pic-a1.aliexpress-media.com/kf/Sb42dda5574954c648c78adf06dacaeaez.jpg_220x220q75.jpg_.avif,https://ae-pic-a1.aliexpress-media.com/kf/Sed92abed6a4f48f0b821e05628fd7a53Q.jpg_220x220q75.jpg_.avif,https://ae-pic-a1.aliexpress-media.com/kf/S47d09bf7b42d47e8afe61067f7285c97S.jpg_220x220q75.jpg_.avif,https://ae-pic-a1.aliexpress-media.com/kf/S62545269b8e84383a18ee9299bf1793dM.jpg_220x220q75.jpg_.avif","['whether full opening', 'No', 'High-concerned chemical', 'None', 'Applicable Season', 'Autumn And Winter', 'Craft of Weaving', 'Knit', 'Applicable Scene', 'Daily', 'Hooded', 'No']",https://www.aliexpress.us/item/3256810111258956.html?algo_pvid=04b6517f-19b4-49f7-b561-66232c3f9a8b&algo_exp_id=04b6517f-19b4-49f7-b561-66232c3f9a8b-27&pdp_ext_f=%7B%22order%22%3A%22696%22%2C%22eval%22%3A%221%22%2C%22fromPage%22%3A%22search%22%7D&pdp_npi=6%40dis%21USD%2150.58%2125.19%21%21%21346.20%21172.42%21%402103868817754294321815774ee9ce%2112000051887735299%21sea%21US%210%21ABX%211%210%21n_tag%3A-29910%3Bd%3Ab1e5c83a%3Bm03_new_user%3A-29895%3BpisId%3A5000000197827853&curPageLogUid=4yZoiIIWJoE2&utparam-url=scene%3Asearch%7Cquery_from%3A%7Cx_object_id%3A1005010297573708%7C_p_origin_prod%3A
Mens CrewNeck Pullover Sweater Long Sleeve Knitted Sweaters Vintage Lightweight Sweatshirts Soild Color Casual Jacket Coats,$11.29,"https://ae-pic-a1.aliexpress-media.com/kf/S6c44b4228285430cbb0687c0948841bah.jpg?has_lang=1&ver=2_220x220q75.jpg_.avif,https://ae-pic-a1.aliexpress-media.com/kf/S2889b386e6d64b3a82522ec49e7e59d1h.jpg_220x220q75.jpg_.avif,https://ae-pic-a1.aliexpress-media.com/kf/Sfe593ca0215e448fb21edff3b6562301j.jpg_220x220q75.jpg_.avif,https://ae-pic-a1.aliexpress-media.com/kf/S92997a3cd39142439bf7354aa1d5d3c7Q.jpg_220x220q75.jpg_.avif,https://ae-pic-a1.aliexpress-media.com/kf/S991a8a5da5b64020bf733e301bf451ebE.jpg_220x220q75.jpg_.avif","['whether full opening', 'No', 'High-concerned chemical', 'None', 'Applicable Season', 'Autumn And Winter', 'Applicable Scene', 'Daily', 'Sleeve Style', 'regular', 'Item Type', 'Pullovers']",https://www.aliexpress.us/item/3256807424233209.html?algo_pvid=04b6517f-19b4-49f7-b561-66232c3f9a8b&algo_exp_id=04b6517f-19b4-49f7-b561-66232c3f9a8b-28&pdp_ext_f=%7B%22order%22%3A%22683%22%2C%22spu_best_type%22%3A%22price%22%2C%22eval%22%3A%221%22%2C%22fromPage%22%3A%22search%22%7D&pdp_npi=6%40dis%21USD%2124.03%2111.29%21%21%21164.50%2177.31%21%402103868817754294321815774ee9ce%2112000041497095973%21sea%21US%210%21ABX%211%210%21n_tag%3A-29910%3Bd%3Ab1e5c83a%3Bm03_new_user%3A-29895&curPageLogUid=fkDGC050bF7c&utparam-url=scene%3Asearch%7Cquery_from%3A%7Cx_object_id%3A1005007610547961%7C_p_origin_prod%3A
Winter High Neck Thick Warm Sweater Men Turtleneck Brand Mens Sweaters Slim Fit Pullover Men Knitwear Male Double Collar,$1.45,"https://ae-pic-a1.aliexpress-media.com/kf/Sce741d42ee77425d84255b14262c0144e.jpg_220x220q75.jpg_.avif,https://ae-pic-a1.aliexpress-media.com/kf/S40b207bb73ab47b48f1771219a0474baz.jpg?has_lang=1&ver=2_220x220q75.jpg_.avif,https://ae-pic-a1.aliexpress-media.com/kf/Sac3acfd711ee4efab5b175517a5a64c2h.jpg_220x220q75.jpg_.avif,https://ae-pic-a1.aliexpress-media.com/kf/Sa1c3c0d9875e424980ec82d83ecd2d99q.jpg_220x220q75.jpg_.avif,https://ae-pic-a1.aliexpress-media.com/kf/Sfa3afd235edc481eb367eaaa60cc314fR.jpg_220x220q75.jpg_.avif","['whether full opening', 'No', 'High-concerned chemical', 'None', 'Applicable Season', 'Autumn And Winter', 'Applicable Scene', 'Daily', 'Thickness', 'Standard', 'Material', 'Acrylic']",https://www.aliexpress.us/item/3256807137430063.html?algo_pvid=04b6517f-19b4-49f7-b561-66232c3f9a8b&algo_exp_id=04b6517f-19b4-49f7-b561-66232c3f9a8b-29&pdp_ext_f=%7B%22order%22%3A%22645%22%2C%22eval%22%3A%221%22%2C%22fromPage%22%3A%22search%22%7D&pdp_npi=6%40dis%21USD%2122.81%2110.85%21%21%21156.14%2174.27%21%402103868817754294321815774ee9ce%2112000040262901224%21sea%21US%210%21ABX%211%210%21n_tag%3A-29910%3Bd%3Ab1e5c83a%3Bm03_new_user%3A-29895%3BpisId%3A5000000197827852&curPageLogUid=BbhFaJg90mG2&utparam-url=scene%3Asearch%7Cquery_from%3A%7Cx_object_id%3A1005007323744815%7C_p_origin_prod%3A
Autumn Men's Knitted Pullover Sweaters Cable Woolen Button Sweater Slim V-neck Long Sleeve Outerwear Winter Warm Heavyweight Top,$8.35,"https://ae-pic-a1.aliexpress-media.com/kf/S0a13f95006ba4ae1a0682e33eec8c10bB.jpg?has_lang=1&ver=1_220x220q75.jpg_.avif,https://ae-pic-a1.aliexpress-media.com/kf/Sd00c9cbc32ba46e1b876bd96f12d9814E.jpg_220x220q75.jpg_.avif,https://ae-pic-a1.aliexpress-media.com/kf/S1790231eb60144bbae08137108bcbfe0G.jpg_220x220q75.jpg_.avif,https://ae-pic-a1.aliexpress-media.com/kf/S213ef804fa1b43e2a8525e9f955c593et.jpg_220x220q75.jpg_.avif,https://ae-pic-a1.aliexpress-media.com/kf/S0f6afa11950b4acd907a7e2215766279L.jpg_220x220q75.jpg_.avif","['whether full opening', 'No', 'High-concerned chemical', 'None', 'Applicable Season', 'Autumn And Winter', 'Applicable Scene', 'Daily', 'Hooded', 'No', 'Decoration', 'Button']",https://www.aliexpress.us/item/3256809968867234.html?algo_pvid=04b6517f-19b4-49f7-b561-66232c3f9a8b&algo_exp_id=04b6517f-19b4-49f7-b561-66232c3f9a8b-30&pdp_ext_f=%7B%22order%22%3A%22640%22%2C%22eval%22%3A%221%22%2C%22orig_sl_item_id%22%3A%221005010155181986%22%2C%22orig_item_id%22%3A%221005009873555099%22%2C%22fromPage%22%3A%22search%22%7D&pdp_npi=6%40dis%21USD%2141.71%2118.25%21%21%21285.48%21124.93%21%402103868817754294321815774ee9ce%2112000051347273465%21sea%21US%210%21ABX%211%210%21n_tag%3A-29910%3Bd%3Ab1e5c83a%3Bm03_new_user%3A-29895%3BpisId%3A5000000197827853&curPageLogUid=2pgJQ5Z3cCQx&utparam-url=scene%3Asearch%7Cquery_from%3A%7Cx_object_id%3A1005010155181986%7C_p_origin_prod%3A1005009873555099
Men's female cashmere One-piece ready-to-wear Hoodie 100% Merino Wool Knitted Sweatshirt Autumn Winter Casual Large Top Long,$24.10,"https://ae-pic-a1.aliexpress-media.com/kf/Sf5ec9c45a2494c32b2aca400382d3adeq.jpg_220x220q75.jpg_.avif,https://ae-pic-a1.aliexpress-media.com/kf/Sf5ec9c45a2494c32b2aca400382d3adeq.jpg_220x220q75.jpg_.avif,https://ae-pic-a1.aliexpress-media.com/kf/Sce2f0b5bba9e4a59b378a920d0954010e.jpg_220x220q75.jpg_.avif,https://ae-pic-a1.aliexpress-media.com/kf/S9acabdf0ba22476a918c396564c819c7x.jpg_220x220q75.jpg_.avif,https://ae-pic-a1.aliexpress-media.com/kf/Sfa5bc5d7d1774253922e0280bb2e8f16X.jpg_220x220q75.jpg_.avif","['High-concerned chemical', 'None', 'Applicable Season', 'Autumn And Winter', 'Craft of Weaving', 'Knit', 'Applicable Scene', 'CASUAL', 'Hooded', 'Yes', 'Sleeve Style', 'regular']",https://www.aliexpress.us/item/3256807679110213.html?algo_pvid=04b6517f-19b4-49f7-b561-66232c3f9a8b&algo_exp_id=04b6517f-19b4-49f7-b561-66232c3f9a8b-31&pdp_ext_f=%7B%22order%22%3A%22636%22%2C%22eval%22%3A%221%22%2C%22fromPage%22%3A%22search%22%7D&pdp_npi=6%40dis%21USD%2171.50%2133.50%21%21%21489.42%21229.35%21%402103868817754294321815774ee9ce%2112000042603006223%21sea%21US%210%21ABX%211%210%21n_tag%3A-29910%3Bd%3Ab1e5c83a%3Bm03_new_user%3A-29895%3BpisId%3A5000000197827853&curPageLogUid=mPM5bmQrdUCj&utparam-url=scene%3Asearch%7Cquery_from%3A%7Cx_object_id%3A1005007865424965%7C_p_origin_prod%3A
AIOPESON Men's Cotton Mock Neck Stand Collar Sweaters Quarter Zipper Pullover Autumn Winter Warm Social Casual Sweater for Men,$17.44,"https://ae-pic-a1.aliexpress-media.com/kf/Sc5765e3999094a67879b7e863fb34c3br.jpg?has_lang=1&ver=1_220x220q75.jpg_.avif,https://ae-pic-a1.aliexpress-media.com/kf/Sc5765e3999094a67879b7e863fb34c3br.jpg?has_lang=1&ver=1_220x220q75.jpg_.avif,https://ae-pic-a1.aliexpress-media.com/kf/S02809db2b3f1436dad13fe7d24de60fbV.jpg?has_lang=1&ver=1_220x220q75.jpg_.avif,https://ae-pic-a1.aliexpress-media.com/kf/Sceedb401b89b419585865fabc4883d49B.jpg_220x220q75.jpg_.avif,https://ae-pic-a1.aliexpress-media.com/kf/S2bbc72377dfb40f4a74c9bce4ab64ab7d.jpg_220x220q75.jpg_.avif","['whether full opening', 'No', 'High-concerned chemical', 'None', 'Craft of Weaving', 'Knit', 'Applicable Season', 'Autumn And Winter', 'Applicable Scene', 'CASUAL', 'Hooded', 'No']",https://www.aliexpress.us/item/3256804369366698.html?algo_pvid=04b6517f-19b4-49f7-b561-66232c3f9a8b&algo_exp_id=04b6517f-19b4-49f7-b561-66232c3f9a8b-32&pdp_ext_f=%7B%22order%22%3A%22630%22%2C%22eval%22%3A%221%22%2C%22fromPage%22%3A%22search%22%7D&pdp_npi=6%40dis%21USD%2126.94%2126.84%21%21%2126.94%2126.84%21%402103868817754294321815774ee9ce%2112000029597354049%21sea%21US%210%21ABX%211%210%21n_tag%3A-29910%3Bd%3Ab1e5c83a%3Bm03_new_user%3A-29895%3BpisId%3A5000000197827851&curPageLogUid=oPIcpFnlNAil&utparam-url=scene%3Asearch%7Cquery_from%3A%7Cx_object_id%3A1005004555681450%7C_p_origin_prod%3A
Autumn Men's Quarter Zip Pullover Dress Slim Sweater Mock Neck Sweaters Casual Long Sleeve Pullovers Outerwear Winter Warm Tops,$12.89,"https://ae-pic-a1.aliexpress-media.com/kf/S8f21ebf5576b412b91ec297dfe0bb5e02.jpg?has_lang=1&ver=2_220x220q75.jpg_.avif,https://ae-pic-a1.aliexpress-media.com/kf/S0269ec0adab046e6b96786098a073b86O.jpg_220x220q75.jpg_.avif,https://ae-pic-a1.aliexpress-media.com/kf/S86524599822149918064efe56e4146c0b.jpg_220x220q75.jpg_.avif,https://ae-pic-a1.aliexpress-media.com/kf/Sbf68e561091f4033907177688f51636bT.jpg_220x220q75.jpg_.avif,https://ae-pic-a1.aliexpress-media.com/kf/S8bda172639984dc09db053961e1d758bU.jpg_220x220q75.jpg_.avif","['whether full opening', 'No', 'High-concerned chemical', 'None', 'Applicable Season', 'Autumn And Winter', 'Applicable Scene', 'CASUAL', 'Decoration', 'Zippers', 'Sleeve Style', 'regular']",https://www.aliexpress.us/item/3256809968905138.html?algo_pvid=04b6517f-19b4-49f7-b561-66232c3f9a8b&algo_exp_id=04b6517f-19b4-49f7-b561-66232c3f9a8b-33&pdp_ext_f=%7B%22order%22%3A%22627%22%2C%22eval%22%3A%221%22%2C%22orig_sl_item_id%22%3A%221005010155219890%22%2C%22orig_item_id%22%3A%221005009829095169%22%2C%22fromPage%22%3A%22search%22%7D&pdp_npi=6%40dis%21USD%2145.41%2120.79%21%21%21310.80%21142.29%21%402103868817754294321815774ee9ce%2112000051347345524%21sea%21US%210%21ABX%211%210%21n_tag%3A-29910%3Bd%3Ab1e5c83a%3Bm03_new_user%3A-29895%3BpisId%3A5000000197827852&curPageLogUid=2T7SvZWuMRlh&utparam-url=scene%3Asearch%7Cquery_from%3A%7Cx_object_id%3A1005010155219890%7C_p_origin_prod%3A1005009829095169
New Mens Crew Neck Sweaters Long Sleeve Lightweight Knit Dress Pullover Sweaters Solid Color Oversize Streetwear Man,$1.34,"https://ae-pic-a1.aliexpress-media.com/kf/S78a7ffda638a499b8f383e1c4a83dc31a.jpg_220x220q75.jpg_.avif,https://ae-pic-a1.aliexpress-media.com/kf/Sdd3cdbac94a447a4919d3654a8e895a88.jpg_220x220q75.jpg_.avif,https://ae-pic-a1.aliexpress-media.com/kf/S8f63762d73d3405ca13dc7e454ece6976.jpg_220x220q75.jpg_.avif,https://ae-pic-a1.aliexpress-media.com/kf/S134f0c226cef4d2c87bbc99c5e451142I.jpg_220x220q75.jpg_.avif,https://ae-pic-a1.aliexpress-media.com/kf/Sefcd5599871743d79352411d800b264dx.jpg_220x220q75.jpg_.avif","['whether full opening', 'No', 'High-concerned chemical', 'None', 'Applicable Season', 'Spring And Autumn', 'Applicable Scene', 'Daily', 'Item Type', 'Sweatercoat', 'Sleeve Length(cm)', 'Full']",https://www.aliexpress.us/item/3256808609221413.html?algo_pvid=04b6517f-19b4-49f7-b561-66232c3f9a8b&algo_exp_id=04b6517f-19b4-49f7-b561-66232c3f9a8b-35&pdp_ext_f=%7B%22order%22%3A%22595%22%2C%22spu_best_type%22%3A%22price%22%2C%22eval%22%3A%221%22%2C%22fromPage%22%3A%22search%22%7D&pdp_npi=6%40dis%21USD%2121.05%218.74%21%21%21144.09%2159.84%21%402103868817754294321815774ee9ce%2112000046695895305%21sea%21US%210%21ABX%211%210%21n_tag%3A-29910%3Bd%3Ab1e5c83a%3Bm03_new_user%3A-29895%3BpisId%3A5000000197827853&curPageLogUid=AlAI3ts4PD5H&utparam-url=scene%3Asearch%7Cquery_from%3A%7Cx_object_id%3A1005008795536165%7C_p_origin_prod%3A
Men's Plush Sweater Autumn Winter Fake Two Piece Pullover Polo Shirt Collar Fleece Thick Warm Top Clothes Casual Jumpers,$0.99,"https://ae-pic-a1.aliexpress-media.com/kf/S828ebb2e4aa341e9b46c9667201a6317L.jpg_220x220q75.jpg_.avif,https://ae-pic-a1.aliexpress-media.com/kf/S828ebb2e4aa341e9b46c9667201a6317L.jpg_220x220q75.jpg_.avif,https://ae-pic-a1.aliexpress-media.com/kf/S7a690af71391404894bfdc062178dd8fT.jpg_220x220q75.jpg_.avif,https://ae-pic-a1.aliexpress-media.com/kf/S3a5e6d16b16742a887c32d1b9bac2fd3U.jpg_220x220q75.jpg_.avif,https://ae-pic-a1.aliexpress-media.com/kf/S400fafe99f904bd7801b9afedb7120b0N.jpg_220x220q75.jpg_.avif","['whether full opening', 'No', 'High-concerned chemical', 'None', 'Applicable Season', 'Autumn And Winter', 'Applicable Scene', 'Daily', 'Wool', 'Standard Wool', 'Pattern Type', 'Dot']",https://www.aliexpress.us/item/3256807101913399.html?algo_pvid=04b6517f-19b4-49f7-b561-66232c3f9a8b&algo_exp_id=04b6517f-19b4-49f7-b561-66232c3f9a8b-36&pdp_ext_f=%7B%22order%22%3A%22587%22%2C%22eval%22%3A%221%22%2C%22fromPage%22%3A%22search%22%7D&pdp_npi=6%40dis%21USD%2121.40%2110.17%21%21%21146.48%2169.63%21%402103868817754294321815774ee9ce%2112000040077418648%21sea%21US%210%21ABX%211%210%21n_tag%3A-29910%3Bd%3Ab1e5c83a%3Bm03_new_user%3A-29895%3BpisId%3A5000000197827853&curPageLogUid=w3zgnFwcCAml&utparam-url=scene%3Asearch%7Cquery_from%3A%7Cx_object_id%3A1005007288228151%7C_p_origin_prod%3A
Men's Sweater Aphex Twin Knit Winter Oversized Vintage Long Sleeve Tops Jumper Pullover Y2k Streetwear Graphic Fashion Clothing,$15.53,"https://ae-pic-a1.aliexpress-media.com/kf/S6ceda4734f9f4f2a9dd72e222613f891n.jpg?has_lang=1&ver=2_220x220q75.jpg_.avif,https://ae-pic-a1.aliexpress-media.com/kf/S44f3727326b64d34adb60aef9fead964k.jpg_220x220q75.jpg_.avif,https://ae-pic-a1.aliexpress-media.com/kf/Sa3a663b8527b413bb22f768b4d1ac0e6G.jpg_220x220q75.jpg_.avif,https://ae-pic-a1.aliexpress-media.com/kf/S26ccc9b7c7344f169ea386097a02a514Y.jpg_220x220q75.jpg_.avif,https://ae-pic-a1.aliexpress-media.com/kf/Sd054917a191148a9870cc707ff469b41a.jpg_220x220q75.jpg_.avif","['whether full opening', 'No', 'High-concerned chemical', 'None', 'Applicable Season', 'Autumn And Winter', 'Applicable Scene', 'CASUAL', 'Hooded', 'No', 'Model Number', 'Aphex Twin Sweater Oversized', 'Decoration', 'NONE', 'Sleeve Style', 'regular', 'Wool', 'Standard Wool', 'Place Of Origin', 'China (mainland)', 'Pattern Type', 'Print', 'Item Type', 'Pullovers', 'Sleeve Length(cm)', 'Full', 'Thickness', 'Standard', 'Technics', 'Computer Knitted', 'Material', 'COTTON', 'Collar', 'O-Neck', 'Style', 'Casual', 'Gender', 'Men', 'Brand Name', 'YCOA', 'Origin', 'China Mainland', 'CN', 'Guangdong', 'Closure Type', 'None']",https://www.aliexpress.us/item/3256805854199546.html?algo_pvid=04b6517f-19b4-49f7-b561-66232c3f9a8b&algo_exp_id=04b6517f-19b4-49f7-b561-66232c3f9a8b-37&pdp_ext_f=%7B%22order%22%3A%22580%22%2C%22spu_best_type%22%3A%22price%22%2C%22eval%22%3A%221%22%2C%22fromPage%22%3A%22search%22%7D&pdp_npi=6%40dis%21USD%2129.30%2115.53%21%21%2129.30%2115.53%21%402103868817754294321815774ee9ce%2112000035445074001%21sea%21US%210%21ABX%211%210%21n_tag%3A-29910%3Bd%3Ab1e5c83a%3Bm03_new_user%3A-29895&curPageLogUid=TnDgnlzDxZ3X&utparam-url=scene%3Asearch%7Cquery_from%3A%7Cx_object_id%3A1005006040514298%7C_p_origin_prod%3A
New Men's Long Sleeve Pullover Solid Color Half Zipper Sweaters V-neck Knitted Sweater Men Oversized Breathable Streetwear,$0.99,"https://ae-pic-a1.aliexpress-media.com/kf/S5193882b032c4511bfee7208d2f3e8f36.jpg_220x220q75.jpg_.avif,https://ae-pic-a1.aliexpress-media.com/kf/Sc45e05bcb0684eee8eef2bc1217c32ack.jpg_220x220q75.jpg_.avif,https://ae-pic-a1.aliexpress-media.com/kf/S38f439b4b9cd45aab80eb2bf5b4ce3c0b.jpg_220x220q75.jpg_.avif,https://ae-pic-a1.aliexpress-media.com/kf/S1a734ff6636f42ee9f255fc1157ca9e4o.jpg_220x220q75.jpg_.avif,https://ae-pic-a1.aliexpress-media.com/kf/Sfca5a34ea0fa4cd39981c3859084de7e4.jpg_220x220q75.jpg_.avif","['whether full opening', 'No', 'High-concerned chemical', 'None', 'Applicable Season', 'Autumn And Winter', 'Applicable Scene', 'Daily', 'Pattern Type', 'Solid', 'Item Type', 'Pullovers']",https://www.aliexpress.us/item/3256807076529210.html?algo_pvid=04b6517f-19b4-49f7-b561-66232c3f9a8b&algo_exp_id=04b6517f-19b4-49f7-b561-66232c3f9a8b-38&pdp_ext_f=%7B%22order%22%3A%22572%22%2C%22eval%22%3A%221%22%2C%22fromPage%22%3A%22search%22%7D&pdp_npi=6%40dis%21USD%2126.08%219.81%21%21%21178.52%2167.16%21%402103868817754294321815774ee9ce%2112000039993972342%21sea%21US%210%21ABX%211%210%21n_tag%3A-29910%3Bd%3Ab1e5c83a%3Bm03_new_user%3A-29895%3BpisId%3A5000000197827853&curPageLogUid=BT7AU07mUuhm&utparam-url=scene%3Asearch%7Cquery_from%3A%7Cx_object_id%3A1005007262843962%7C_p_origin_prod%3A
New Sweatwear Men's V Neck Basic Solid Color Sweaters Round Neck Elastic Pullovers Warm Autumn Knitted Oversized Sweater Men,$10.95,"https://ae-pic-a1.aliexpress-media.com/kf/S2883ccae77e1403a92e5f1b4391be280A.jpg_220x220q75.jpg_.avif,https://ae-pic-a1.aliexpress-media.com/kf/Sece716d9ce8043bc87a31540984847fbY.jpg_220x220q75.jpg_.avif,https://ae-pic-a1.aliexpress-media.com/kf/S898079a75e3d4a88911a4189f7d0b505p.jpg_220x220q75.jpg_.avif,https://ae-pic-a1.aliexpress-media.com/kf/S79f86135859c45b888f5665a7fce0d01X.jpg_220x220q75.jpg_.avif,https://ae-pic-a1.aliexpress-media.com/kf/Sf2b6d9119bdc422287953f4366c566de5.jpg_220x220q75.jpg_.avif","['whether full opening', 'No', 'High-concerned chemical', 'None', 'Applicable Season', 'Autumn And Winter', 'Craft of Weaving', 'Knit', 'Applicable Scene', 'CASUAL', 'Hooded', 'No']",https://www.aliexpress.us/item/3256810099309260.html?algo_pvid=04b6517f-19b4-49f7-b561-66232c3f9a8b&algo_exp_id=04b6517f-19b4-49f7-b561-66232c3f9a8b-39&pdp_ext_f=%7B%22order%22%3A%22568%22%2C%22eval%22%3A%221%22%2C%22orig_sl_item_id%22%3A%221005010285624012%22%2C%22orig_item_id%22%3A%221005009692814942%22%2C%22fromPage%22%3A%22search%22%7D&pdp_npi=6%40dis%21USD%2121.90%2110.95%21%21%21149.88%2174.94%21%402103868817754294321815774ee9ce%2112000051791894888%21sea%21US%210%21ABX%211%210%21n_tag%3A-29910%3Bd%3Ab1e5c83a%3Bm03_new_user%3A-29895&curPageLogUid=NJFjUOZI3ACY&utparam-url=scene%3Asearch%7Cquery_from%3A%7Cx_object_id%3A1005010285624012%7C_p_origin_prod%3A1005009692814942
Autumn Mens High Quality Knitted Turtleneck Sweater Winter Long Sleeve Breathable Pullover Large Solid Color Warm Streetwear,$0.99,"https://ae-pic-a1.aliexpress-media.com/kf/S372afeca873b45d9b041e523b2557c4bk.jpg_220x220q75.jpg_.avif,https://ae-pic-a1.aliexpress-media.com/kf/S09e50ac2de404380b84500484841e189a.jpg_220x220q75.jpg_.avif,https://ae-pic-a1.aliexpress-media.com/kf/S1268112f0c3a41388377910a05871e771.jpg_220x220q75.jpg_.avif,https://ae-pic-a1.aliexpress-media.com/kf/Sd89b9b5e35684d00999b8b493a843e8aJ.jpg_220x220q75.jpg_.avif,https://ae-pic-a1.aliexpress-media.com/kf/Se565282db42a4f5089c04eb64d3c0122q.jpg_220x220q75.jpg_.avif","['whether full opening', 'No', 'High-concerned chemical', 'None', 'Applicable Season', 'Autumn And Winter', 'Applicable Scene', 'CASUAL', 'Sleeve Style', 'regular', 'Pattern Type', 'Solid']",https://www.aliexpress.us/item/3256807222587572.html?algo_pvid=04b6517f-19b4-49f7-b561-66232c3f9a8b&algo_exp_id=04b6517f-19b4-49f7-b561-66232c3f9a8b-40&pdp_ext_f=%7B%22order%22%3A%22560%22%2C%22eval%22%3A%221%22%2C%22fromPage%22%3A%22search%22%7D&pdp_npi=6%40dis%21USD%2121.09%219.81%21%21%21144.37%2167.17%21%402103868817754294321815774ee9ce%2112000040630372048%21sea%21US%210%21ABX%211%210%21n_tag%3A-29910%3Bd%3Ab1e5c83a%3Bm03_new_user%3A-29895%3BpisId%3A5000000197827853&curPageLogUid=HxebQ56vnmyA&utparam-url=scene%3Asearch%7Cquery_from%3A%7Cx_object_id%3A1005007408902324%7C_p_origin_prod%3A
Autumn Men's Long Sleeve Knitted Sweaters Men's Slim Fit Turtleneck Sweater Casual Pullover Sweater Lightweight Ribbed Sweater,$1.10,"https://ae-pic-a1.aliexpress-media.com/kf/Sa58648775f4f446687b53ce0a29b2c67a.jpg?has_lang=1&ver=2_220x220q75.jpg_.avif,https://ae-pic-a1.aliexpress-media.com/kf/S2a683e80565b46ac9f124ab4647b83b1M.jpg_220x220q75.jpg_.avif,https://ae-pic-a1.aliexpress-media.com/kf/S06b774720922442cb4e2bc76ed32b1707.jpg_220x220q75.jpg_.avif,https://ae-pic-a1.aliexpress-media.com/kf/S0e53ac2d3f004bfd9c10316763d39b8bG.jpg_220x220q75.jpg_.avif,https://ae-pic-a1.aliexpress-media.com/kf/S23034c5558c64b378423caca3b65adc6a.jpg_220x220q75.jpg_.avif","['whether full opening', 'No', 'High-concerned chemical', 'None', 'Applicable Season', 'Autumn And Winter', 'Applicable Scene', 'CASUAL', 'Hooded', 'No', 'Sleeve Style', 'regular']",https://www.aliexpress.us/item/3256807461119195.html?algo_pvid=04b6517f-19b4-49f7-b561-66232c3f9a8b&algo_exp_id=04b6517f-19b4-49f7-b561-66232c3f9a8b-41&pdp_ext_f=%7B%22order%22%3A%22559%22%2C%22eval%22%3A%221%22%2C%22fromPage%22%3A%22search%22%7D&pdp_npi=6%40dis%21USD%2122.55%2110.50%21%21%21154.37%2171.87%21%402103868817754294321815774ee9ce%2112000041642437855%21sea%21US%210%21ABX%211%210%21n_tag%3A-29910%3Bd%3Ab1e5c83a%3Bm03_new_user%3A-29895%3BpisId%3A5000000197827853&curPageLogUid=UqbkB4sTbEA9&utparam-url=scene%3Asearch%7Cquery_from%3A%7Cx_object_id%3A1005007647433947%7C_p_origin_prod%3A
Autumn Mens Mock Turtleneck Knitwear Sweater Outdoor Half Neck Solid Color Pullover Streetwear Winter Warm Knitted Sweater,$3.64,"https://ae-pic-a1.aliexpress-media.com/kf/S206dbd66dac8445e820fc3dff9a11e192.jpg_220x220q75.jpg_.avif,https://ae-pic-a1.aliexpress-media.com/kf/S5ae9e7b22d8942e182771fee943e041bL.jpg_220x220q75.jpg_.avif,https://ae-pic-a1.aliexpress-media.com/kf/S9d7be8feb0af436b904ef3f90bbc7fdfi.jpg_220x220q75.jpg_.avif,https://ae-pic-a1.aliexpress-media.com/kf/S8923691a67274e49af9f422edffe14d7T.jpg_220x220q75.jpg_.avif,https://ae-pic-a1.aliexpress-media.com/kf/S6509089fd6c543ddb3b9706c991ddd406.jpg_220x220q75.jpg_.avif","['whether full opening', 'No', 'High-concerned chemical', 'None', 'Applicable Season', 'Autumn And Winter', 'Applicable Scene', 'Daily', 'Hooded', 'No', 'Sleeve Style', 'regular']",https://www.aliexpress.us/item/3256807621173491.html?algo_pvid=04b6517f-19b4-49f7-b561-66232c3f9a8b&algo_exp_id=04b6517f-19b4-49f7-b561-66232c3f9a8b-42&pdp_ext_f=%7B%22order%22%3A%22551%22%2C%22eval%22%3A%221%22%2C%22fromPage%22%3A%22search%22%7D&pdp_npi=6%40dis%21USD%2122.74%2111.04%21%21%21155.66%2175.59%21%402103868817754294321815774ee9ce%2112000042268711081%21sea%21US%210%21ABX%211%210%21n_tag%3A-29910%3Bd%3Ab1e5c83a%3Bm03_new_user%3A-29895%3BpisId%3A5000000197827853&curPageLogUid=8och8a1Ny2h8&utparam-url=scene%3Asearch%7Cquery_from%3A%7Cx_object_id%3A1005007807488243%7C_p_origin_prod%3A
Men's Mock Turtleneck Sweater Men's Knitting Pullovers Rollneck Sweater Winter Warm Men Jumper Slim Fit Casual Streetwear,$1.19,"https://ae-pic-a1.aliexpress-media.com/kf/S560879f4c8f7401f8a8cc68c291c9716z.jpg_220x220q75.jpg_.avif,https://ae-pic-a1.aliexpress-media.com/kf/S329e663d10d948518260049f6863dd232.jpg_220x220q75.jpg_.avif,https://ae-pic-a1.aliexpress-media.com/kf/S2c258431aa074b5896cc46cd8cac651eb.jpg_220x220q75.jpg_.avif,https://ae-pic-a1.aliexpress-media.com/kf/Sa81273cc2d844777a1beb1a4b89e11b8I.jpg_220x220q75.jpg_.avif,https://ae-pic-a1.aliexpress-media.com/kf/Se36d1c758b764d58b343cffde5495729T.jpg_220x220q75.jpg_.avif","['whether full opening', 'No', 'High-concerned chemical', 'None', 'Applicable Season', 'Autumn And Winter', 'Applicable Scene', 'CASUAL', 'Hooded', 'No', 'Sleeve Style', 'regular']",https://www.aliexpress.us/item/3256807500714549.html?algo_pvid=04b6517f-19b4-49f7-b561-66232c3f9a8b&algo_exp_id=04b6517f-19b4-49f7-b561-66232c3f9a8b-43&pdp_ext_f=%7B%22order%22%3A%22547%22%2C%22eval%22%3A%221%22%2C%22fromPage%22%3A%22search%22%7D&pdp_npi=6%40dis%21USD%2122.28%218.59%21%21%21152.49%2158.79%21%402103868817754294321815774ee9ce%2112000041835571747%21sea%21US%210%21ABX%211%210%21n_tag%3A-29910%3Bd%3Ab1e5c83a%3Bm03_new_user%3A-29895%3BpisId%3A5000000197827853&curPageLogUid=qMlO6fZc3Wgy&utparam-url=scene%3Asearch%7Cquery_from%3A%7Cx_object_id%3A1005007687029301%7C_p_origin_prod%3A
AIOPESON Spliced Cotton Sweater Men Casual O-neck High Quality Pullover Knitted Sweaters Male New Winter Brand Mens Sweaters,$21.44,"https://ae-pic-a1.aliexpress-media.com/kf/Sa0ebff9e049149ed80620d4fa01dd3f91.jpg_220x220q75.jpg_.avif,https://ae-pic-a1.aliexpress-media.com/kf/Sa0ebff9e049149ed80620d4fa01dd3f91.jpg_220x220q75.jpg_.avif,https://ae-pic-a1.aliexpress-media.com/kf/Sdec268c5aa1f4421a778bb38a000c2f81.png?has_lang=1&ver=1_220x220.png_.avif,https://ae-pic-a1.aliexpress-media.com/kf/Sb6571c6395214ca4b069138973c60b7cJ.jpg_220x220q75.jpg_.avif,https://ae-pic-a1.aliexpress-media.com/kf/Sdb80172875ab422f8dec19945359a16dQ.jpg?has_lang=1&ver=1_220x220q75.jpg_.avif","['High-concerned chemical', 'None', 'Applicable Season', 'Winter', 'Applicable Scene', 'CASUAL', 'Hooded', 'No', 'Model Number', 'Y137', 'Decoration', 'NONE']",https://www.aliexpress.us/item/3256807636359267.html?algo_pvid=04b6517f-19b4-49f7-b561-66232c3f9a8b&algo_exp_id=04b6517f-19b4-49f7-b561-66232c3f9a8b-44&pdp_ext_f=%7B%22order%22%3A%22545%22%2C%22eval%22%3A%221%22%2C%22orig_sl_item_id%22%3A%221005007822674019%22%2C%22orig_item_id%22%3A%221005005028639442%22%2C%22fromPage%22%3A%22search%22%7D&pdp_npi=6%40dis%21USD%2148.74%2121.44%21%21%21333.62%21146.79%21%402103868817754294321815774ee9ce%2112000042331816980%21sea%21US%210%21ABX%211%210%21n_tag%3A-29910%3Bd%3Ab1e5c83a%3Bm03_new_user%3A-29895&curPageLogUid=ADEAAnFseuuG&utparam-url=scene%3Asearch%7Cquery_from%3A%7Cx_object_id%3A1005007822674019%7C_p_origin_prod%3A1005005028639442
AIOPESON Men's Patchwork Pullover Sweater Cotton Casual Zipper Mock Neck Sweater for Men New Winter Fashion Warm Sweater for Men,$27.89,"https://ae-pic-a1.aliexpress-media.com/kf/Sd256ca90f81b43f98137a9ce554420d7P.jpg_220x220q75.jpg_.avif,https://ae-pic-a1.aliexpress-media.com/kf/Sd256ca90f81b43f98137a9ce554420d7P.jpg_220x220q75.jpg_.avif,https://ae-pic-a1.aliexpress-media.com/kf/Sa42800a2a25a4b139590d04778a0e36dW.png?has_lang=1&ver=2_220x220.png_.avif,https://ae-pic-a1.aliexpress-media.com/kf/S65ea17b58dd541c58d6563a92ebd1640r.jpg_220x220q75.jpg_.avif,https://ae-pic-a1.aliexpress-media.com/kf/Sc9566e523e484e91b46017d6adbbe517W.jpg?has_lang=1&ver=2_220x220q75.jpg_.avif","['whether full opening', 'No', 'High-concerned chemical', 'None', 'Applicable Season', 'Autumn And Winter', 'Applicable Scene', 'CASUAL', 'Hooded', 'No', 'Model Number', 'AX-Y245']",https://www.aliexpress.us/item/3256804842907738.html?algo_pvid=04b6517f-19b4-49f7-b561-66232c3f9a8b&algo_exp_id=04b6517f-19b4-49f7-b561-66232c3f9a8b-45&pdp_ext_f=%7B%22order%22%3A%22542%22%2C%22eval%22%3A%221%22%2C%22fromPage%22%3A%22search%22%7D&pdp_npi=6%40dis%21USD%2156.92%2127.89%21%21%21389.59%21190.90%21%402103868817754294321815774ee9ce%2112000050119894383%21sea%21US%210%21ABX%211%210%21n_tag%3A-29910%3Bd%3Ab1e5c83a%3Bm03_new_user%3A-29895&curPageLogUid=eJqDircIZQdw&utparam-url=scene%3Asearch%7Cquery_from%3A%7Cx_object_id%3A1005005029222490%7C_p_origin_prod%3A
New Sweatwear Men's V Neck Basic Solid Color Sweaters Round Neck Elastic Pullovers Warm Autumn Knitted Oversized Sweater Men,$1.56,"https://ae-pic-a1.aliexpress-media.com/kf/S2883ccae77e1403a92e5f1b4391be280A.jpg_220x220q75.jpg_.avif,https://ae-pic-a1.aliexpress-media.com/kf/Sece716d9ce8043bc87a31540984847fbY.jpg_220x220q75.jpg_.avif,https://ae-pic-a1.aliexpress-media.com/kf/S898079a75e3d4a88911a4189f7d0b505p.jpg_220x220q75.jpg_.avif,https://ae-pic-a1.aliexpress-media.com/kf/S79f86135859c45b888f5665a7fce0d01X.jpg_220x220q75.jpg_.avif,https://ae-pic-a1.aliexpress-media.com/kf/Sf2b6d9119bdc422287953f4366c566de5.jpg_220x220q75.jpg_.avif","['whether full opening', 'No', 'High-concerned chemical', 'None', 'Applicable Season', 'Autumn And Winter', 'Craft of Weaving', 'Knit', 'Applicable Scene', 'CASUAL', 'Hooded', 'No']",https://www.aliexpress.us/item/3256809506500190.html?algo_pvid=04b6517f-19b4-49f7-b561-66232c3f9a8b&algo_exp_id=04b6517f-19b4-49f7-b561-66232c3f9a8b-46&pdp_ext_f=%7B%22order%22%3A%22529%22%2C%22spu_best_type%22%3A%22price%22%2C%22eval%22%3A%221%22%2C%22fromPage%22%3A%22search%22%7D&pdp_npi=6%40dis%21USD%2122.57%2110.96%21%21%21154.50%2175.02%21%402103868817754294321815774ee9ce%2112000049872990482%21sea%21US%210%21ABX%211%210%21n_tag%3A-29910%3Bd%3Ab1e5c83a%3Bm03_new_user%3A-29895%3BpisId%3A5000000197827853&curPageLogUid=tSRHZrtGRZ2Y&utparam-url=scene%3Asearch%7Cquery_from%3A%7Cx_object_id%3A1005009692814942%7C_p_origin_prod%3A
High-neck Men's 100% Pure Cashmere Sweater Autumn Winter Thick and Loose Knitted High-end Base Layer Men's All-cashmere Sweater,$20.58,"https://ae-pic-a1.aliexpress-media.com/kf/S903c536cedad42db9ab1c579d97e89ad1.jpg_220x220q75.jpg_.avif,https://ae-pic-a1.aliexpress-media.com/kf/Sc64e261bd5e445e3be23b24daa254d94Q.jpg?has_lang=1&ver=2_220x220q75.jpg_.avif,https://ae-pic-a1.aliexpress-media.com/kf/Sd77f736e3b714dd6afe436de83740cc1J.jpg_220x220q75.jpg_.avif,https://ae-pic-a1.aliexpress-media.com/kf/S6f2c9a435a1b4053bb0f38310cc8082eH.jpeg_220x220q75.jpeg_.avif,https://ae-pic-a1.aliexpress-media.com/kf/S14043e1764544c36ba14a0bec594421eW.jpg_220x220q75.jpg_.avif","['whether full opening', 'No', 'High-concerned chemical', 'None', 'Applicable Season', 'Autumn And Winter', 'Craft of Weaving', 'Knit', 'Applicable Scene', 'Daily', 'Hooded', 'No']",https://www.aliexpress.us/item/3256810249437544.html?algo_pvid=04b6517f-19b4-49f7-b561-66232c3f9a8b&algo_exp_id=04b6517f-19b4-49f7-b561-66232c3f9a8b-47&pdp_ext_f=%7B%22order%22%3A%22524%22%2C%22eval%22%3A%221%22%2C%22fromPage%22%3A%22search%22%7D&pdp_npi=6%40dis%21USD%2129.83%2120.58%21%21%21204.15%21140.86%21%402103868817754294321815774ee9ce%2112000052396789794%21sea%21US%210%21ABX%211%210%21n_tag%3A-29910%3Bd%3Ab1e5c83a%3Bm03_new_user%3A-29895&curPageLogUid=jGlELFZ2Cmab&utparam-url=scene%3Asearch%7Cquery_from%3A%7Cx_object_id%3A1005010435752296%7C_p_origin_prod%3A
2024 Men's Hooded Sweater Leisure Sports Pullover Retro Harajuku Long Sleeve Zipper Multi-pocket Casual Loose Coat Street Wear,$13.36,"https://ae-pic-a1.aliexpress-media.com/kf/S62e6162b56984009af37aee736066c93x.jpg_220x220q75.jpg_.avif,https://ae-pic-a1.aliexpress-media.com/kf/S832e78eba8204269aa71a3679001241fe.jpg_220x220q75.jpg_.avif,https://ae-pic-a1.aliexpress-media.com/kf/S25cdc9f674bf4571aaabdc28964b0cfdx.jpg_220x220q75.jpg_.avif,https://ae-pic-a1.aliexpress-media.com/kf/S59531e2dc6d04ceaa93a11b277b15bf41.jpg_220x220q75.jpg_.avif,https://ae-pic-a1.aliexpress-media.com/kf/S3ce6980cb15e4af1b7f9b61fee4f94a9O.jpg_220x220q75.jpg_.avif","['whether full opening', 'No', 'High-concerned chemical', 'None', 'Applicable Season', 'Autumn And Winter', 'Applicable Scene', 'Shopping', 'Thickness', 'Fleece', 'Material', 'POLYESTER']",https://www.aliexpress.us/item/3256807457329626.html?algo_pvid=04b6517f-19b4-49f7-b561-66232c3f9a8b&algo_exp_id=04b6517f-19b4-49f7-b561-66232c3f9a8b-48&pdp_ext_f=%7B%22order%22%3A%22523%22%2C%22eval%22%3A%221%22%2C%22fromPage%22%3A%22search%22%7D&pdp_npi=6%40dis%21USD%2122.27%2113.36%21%21%21152.40%2191.44%21%402103868817754294321815774ee9ce%2112000041627156355%21sea%21US%210%21ABX%211%210%21n_tag%3A-29910%3Bd%3Ab1e5c83a%3Bm03_new_user%3A-29895&curPageLogUid=AXdqMpeCcNQK&utparam-url=scene%3Asearch%7Cquery_from%3A%7Cx_object_id%3A1005007643644378%7C_p_origin_prod%3A
2025 New Mink Fleece Thick Sweater Men's Half Zipper Paul Knitted Base Sweater Men's Half High Neck Trendy,$31.33,"https://ae-pic-a1.aliexpress-media.com/kf/Sd558131685264dbb8cd705f735c9c06eS.jpg_220x220q75.jpg_.avif,https://ae-pic-a1.aliexpress-media.com/kf/S2c68158fcbc1419fa8a83677190878c69.jpg_220x220q75.jpg_.avif,https://ae-pic-a1.aliexpress-media.com/kf/Sc8a34b96dd5a4b5fa5cb017a4da223dbG.jpg_220x220q75.jpg_.avif,https://ae-pic-a1.aliexpress-media.com/kf/S85e0fedc105243b4bb5e7ce0933c08f53.jpg_220x220q75.jpg_.avif,https://ae-pic-a1.aliexpress-media.com/kf/Sb48d6afdef924fcb8baf4318cc7a5eb14.jpg_220x220q75.jpg_.avif","['whether full opening', 'No', 'High-concerned chemical', 'None', 'Applicable Season', 'Autumn And Winter', 'Craft of Weaving', 'Knit', 'Applicable Scene', 'Daily', 'Hooded', 'No']",https://www.aliexpress.us/item/3256809930118878.html?algo_pvid=04b6517f-19b4-49f7-b561-66232c3f9a8b&algo_exp_id=04b6517f-19b4-49f7-b561-66232c3f9a8b-49&pdp_ext_f=%7B%22order%22%3A%22522%22%2C%22eval%22%3A%221%22%2C%22fromPage%22%3A%22search%22%7D&pdp_npi=6%40dis%21USD%2171.39%2131.33%21%21%21488.65%21214.44%21%402103868817754294321815774ee9ce%2112000051198868311%21sea%21US%210%21ABX%211%210%21n_tag%3A-29910%3Bd%3Ab1e5c83a%3Bm03_new_user%3A-29895%3BpisId%3A5000000204093637&curPageLogUid=jojqtb2TLLBj&utparam-url=scene%3Asearch%7Cquery_from%3A%7Cx_object_id%3A1005010116433630%7C_p_origin_prod%3A
2025 Autumn Men's wool pullovers Men's fashion Sweater Round neck mens Thicken Warm Men Knitted Sweater full size M-3XL,$22.89,"https://ae-pic-a1.aliexpress-media.com/kf/Sd276aa3ca4e0458ab0f09e98d571a19fF.jpg_220x220q75.jpg_.avif,https://ae-pic-a1.aliexpress-media.com/kf/Sebf7ec8dbf6a40918d552d0f3787c5d6g.jpg_220x220q75.jpg_.avif,https://ae-pic-a1.aliexpress-media.com/kf/S232fcf994d4c4e46a10a4a766a8e781fy.jpg_220x220q75.jpg_.avif,https://ae-pic-a1.aliexpress-media.com/kf/Seebd6a3c2be64a048f1683909090c096p.jpg_220x220q75.jpg_.avif,https://ae-pic-a1.aliexpress-media.com/kf/Sabaacb067fd5465aaf7ae020390f7479M.jpg_220x220q75.jpg_.avif","['whether full opening', 'No', 'High-concerned chemical', 'None', 'Applicable Season', 'Autumn And Winter', 'Craft of Weaving', 'Knit', 'Applicable Scene', 'Shopping', 'Hooded', 'No']",https://www.aliexpress.us/item/3256807378217480.html?algo_pvid=04b6517f-19b4-49f7-b561-66232c3f9a8b&algo_exp_id=04b6517f-19b4-49f7-b561-66232c3f9a8b-50&pdp_ext_f=%7B%22order%22%3A%22517%22%2C%22eval%22%3A%221%22%2C%22fromPage%22%3A%22search%22%7D&pdp_npi=6%40dis%21USD%2132.70%2122.89%21%21%21223.81%21156.67%21%402103868817754294321815774ee9ce%2112000041315608395%21sea%21US%210%21ABX%211%210%21n_tag%3A-29910%3Bd%3Ab1e5c83a%3Bm03_new_user%3A-29895&curPageLogUid=MjiwHmo6DCNp&utparam-url=scene%3Asearch%7Cquery_from%3A%7Cx_object_id%3A1005007564532232%7C_p_origin_prod%3A
Autumn Men's Quarter Zip Pullover Dress Slim Sweater Mock Neck Sweaters Casual Long Sleeve Pullovers Outerwear Winter Warm Tops,$12.24,"https://ae-pic-a1.aliexpress-media.com/kf/S8f21ebf5576b412b91ec297dfe0bb5e02.jpg?has_lang=1&ver=2_220x220q75.jpg_.avif,https://ae-pic-a1.aliexpress-media.com/kf/S0269ec0adab046e6b96786098a073b86O.jpg_220x220q75.jpg_.avif,https://ae-pic-a1.aliexpress-media.com/kf/S86524599822149918064efe56e4146c0b.jpg_220x220q75.jpg_.avif,https://ae-pic-a1.aliexpress-media.com/kf/Sbf68e561091f4033907177688f51636bT.jpg_220x220q75.jpg_.avif,https://ae-pic-a1.aliexpress-media.com/kf/S8bda172639984dc09db053961e1d758bU.jpg_220x220q75.jpg_.avif","['whether full opening', 'No', 'High-concerned chemical', 'None', 'Applicable Season', 'Autumn And Winter', 'Applicable Scene', 'CASUAL', 'Decoration', 'Zippers', 'Sleeve Style', 'regular']",https://www.aliexpress.us/item/3256809642780417.html?algo_pvid=04b6517f-19b4-49f7-b561-66232c3f9a8b&algo_exp_id=04b6517f-19b4-49f7-b561-66232c3f9a8b-51&pdp_ext_f=%7B%22order%22%3A%22510%22%2C%22eval%22%3A%221%22%2C%22fromPage%22%3A%22search%22%7D&pdp_npi=6%40dis%21USD%2145.30%2121.35%21%21%21310.07%21146.16%21%402103868817754294321815774ee9ce%2112000050297933910%21sea%21US%210%21ABX%211%210%21n_tag%3A-29910%3Bd%3Ab1e5c83a%3Bm03_new_user%3A-29895%3BpisId%3A5000000203816807&curPageLogUid=Bk9W90UD18Hs&utparam-url=scene%3Asearch%7Cquery_from%3A%7Cx_object_id%3A1005009829095169%7C_p_origin_prod%3A
Men's High Neck Sweater Solid Color Pullover Knitted Warm Casual Turtleneck Men Clothes,$5.67,"https://ae-pic-a1.aliexpress-media.com/kf/Sdf601493796147819766b3cde1065c7bA.jpg?has_lang=1&ver=2_220x220q75.jpg_.avif,https://ae-pic-a1.aliexpress-media.com/kf/S00b735e66cce46bd8b6c8d2da12b24d2V.jpg_220x220q75.jpg_.avif,https://ae-pic-a1.aliexpress-media.com/kf/S5ba4ee69ea814e51830db42ded1c44e5Y.jpg_220x220q75.jpg_.avif,https://ae-pic-a1.aliexpress-media.com/kf/S0581aa31fcb84d5cb0f9e46a6423692aj.jpg_220x220q75.jpg_.avif,https://ae-pic-a1.aliexpress-media.com/kf/Sce5b4b7e4eb741169aa2ad54290da644S.jpg_220x220q75.jpg_.avif","['whether full opening', 'No', 'High-concerned chemical', 'None', 'Applicable Season', 'Autumn And Winter', 'Applicable Scene', 'Daily', 'Hooded', 'No', 'Sleeve Style', 'regular']",https://www.aliexpress.us/item/3256807782772353.html?algo_pvid=04b6517f-19b4-49f7-b561-66232c3f9a8b&algo_exp_id=04b6517f-19b4-49f7-b561-66232c3f9a8b-52&pdp_ext_f=%7B%22order%22%3A%22509%22%2C%22eval%22%3A%221%22%2C%22fromPage%22%3A%22search%22%7D&pdp_npi=6%40dis%21USD%2111.82%215.67%21%21%2180.92%2138.84%21%402103868817754294321815774ee9ce%2112000043070158566%21sea%21US%210%21ABX%211%210%21n_tag%3A-29910%3Bd%3Ab1e5c83a%3Bm03_new_user%3A-29895&curPageLogUid=lNc6QtpGIOmg&utparam-url=scene%3Asearch%7Cquery_from%3A%7Cx_object_id%3A1005007969087105%7C_p_origin_prod%3A
Men's Sweatercoat Autumn Winter O-Neck Knit Letter Plush Fleece Lined Warm Wool Pullover Sweater Men Bottoming Pullovers Jumper,$10.39,"https://ae-pic-a1.aliexpress-media.com/kf/Sca1a6f4a382648b4a511e3504abd3553k.jpg?has_lang=1&ver=2_220x220q75.jpg_.avif,https://ae-pic-a1.aliexpress-media.com/kf/S6ed0aa03e1e5449187f8923ab68c6999e.jpg?has_lang=1&ver=2_220x220q75.jpg_.avif,https://ae-pic-a1.aliexpress-media.com/kf/S27932d69984245ea929130af19eb4645M.jpg?has_lang=1&ver=2_220x220q75.jpg_.avif,https://ae-pic-a1.aliexpress-media.com/kf/S48024af1f15f40438aee91e842c942f5Z.jpg?has_lang=1&ver=2_220x220q75.jpg_.avif,https://ae-pic-a1.aliexpress-media.com/kf/Sdc0fc1a58dd04a64b109755455c3b0f1D.jpg?has_lang=1&ver=2_220x220q75.jpg_.avif","['whether full opening', 'No', 'High-concerned chemical', 'None', 'Craft of Weaving', 'Non-Woven', 'Applicable Season', 'Autumn And Winter', 'Applicable Scene', 'Daily', 'Hooded', 'No']",https://www.aliexpress.us/item/3256809366089462.html?algo_pvid=04b6517f-19b4-49f7-b561-66232c3f9a8b&algo_exp_id=04b6517f-19b4-49f7-b561-66232c3f9a8b-53&pdp_ext_f=%7B%22order%22%3A%22508%22%2C%22spu_best_type%22%3A%22price%22%2C%22eval%22%3A%221%22%2C%22fromPage%22%3A%22search%22%7D&pdp_npi=6%40dis%21USD%2128.82%2119.79%21%21%21197.25%21135.42%21%402103868817754294321815774ee9ce%2112000049443605067%21sea%21US%210%21ABX%211%210%21n_tag%3A-29910%3Bd%3Ab1e5c83a%3Bm03_new_user%3A-29895%3BpisId%3A5000000197827853&curPageLogUid=amE1cY1QngUz&utparam-url=scene%3Asearch%7Cquery_from%3A%7Cx_object_id%3A1005009552404214%7C_p_origin_prod%3A
New Men's Turtleneck Sweaters Autumn Knitted Striped Streetwear Warm Long Sleeved Pullover Solid Color Basic Style Casual Tops,$0.99,"https://ae-pic-a1.aliexpress-media.com/kf/S2e6b5ac5b8ae437085a97a0d52aa0667k.jpg_220x220q75.jpg_.avif,https://ae-pic-a1.aliexpress-media.com/kf/S1c733683efbc40758f5e5a9edebfd448h.jpg_220x220q75.jpg_.avif,https://ae-pic-a1.aliexpress-media.com/kf/Se94909063d0c40608a6f0c071bf725e7U.jpg_220x220q75.jpg_.avif,https://ae-pic-a1.aliexpress-media.com/kf/S8966b529349b4eb6bf83876e3fa240c5f.jpg_220x220q75.jpg_.avif,https://ae-pic-a1.aliexpress-media.com/kf/S6ea363e553444bf8be6d3c400f2e8449C.jpg_220x220q75.jpg_.avif","['whether full opening', 'No', 'High-concerned chemical', 'None', 'Applicable Season', 'Autumn And Winter', 'Applicable Scene', 'Daily', 'Hooded', 'No', 'Sleeve Style', 'regular']",https://www.aliexpress.us/item/3256807280193527.html?algo_pvid=04b6517f-19b4-49f7-b561-66232c3f9a8b&algo_exp_id=04b6517f-19b4-49f7-b561-66232c3f9a8b-54&pdp_ext_f=%7B%22order%22%3A%22505%22%2C%22spu_best_type%22%3A%22price%22%2C%22eval%22%3A%221%22%2C%22fromPage%22%3A%22search%22%7D&pdp_npi=6%40dis%21USD%2121.27%2110.11%21%21%21145.60%2169.21%21%402103868817754294321815774ee9ce%2112000040872854585%21sea%21US%210%21ABX%211%210%21n_tag%3A-29910%3Bd%3Ab1e5c83a%3Bm03_new_user%3A-29895%3BpisId%3A5000000197827853&curPageLogUid=fHvbqv0CFBF8&utparam-url=scene%3Asearch%7Cquery_from%3A%7Cx_object_id%3A1005007466508279%7C_p_origin_prod%3A
Autumn Winter Turtleneck Pullovers Warm Solid Color Men's Sweater Slim Pullover Men Knitted Sweaters Bottoming Shirt,$0.99,"https://ae-pic-a1.aliexpress-media.com/kf/S068716745a204485bbc67a433865c5e4o.jpg_220x220q75.jpg_.avif,https://ae-pic-a1.aliexpress-media.com/kf/S068716745a204485bbc67a433865c5e4o.jpg_220x220q75.jpg_.avif,https://ae-pic-a1.aliexpress-media.com/kf/S5019a51464b8438e89d2f9ad111ad0674.jpg_220x220q75.jpg_.avif,https://ae-pic-a1.aliexpress-media.com/kf/Sc54c624774764d528684e04d5fb74fd1c.jpg_220x220q75.jpg_.avif,https://ae-pic-a1.aliexpress-media.com/kf/S0515502063794bac9842d99be28e95c3v.jpg_220x220q75.jpg_.avif","['whether full opening', 'No', 'High-concerned chemical', 'None', 'Applicable Season', 'Autumn And Winter', 'Craft of Weaving', 'Knit', 'Applicable Scene', 'Shopping', 'Hooded', 'No']",https://www.aliexpress.us/item/3256805683988610.html?algo_pvid=04b6517f-19b4-49f7-b561-66232c3f9a8b&algo_exp_id=04b6517f-19b4-49f7-b561-66232c3f9a8b-55&pdp_ext_f=%7B%22order%22%3A%22503%22%2C%22eval%22%3A%221%22%2C%22fromPage%22%3A%22search%22%7D&pdp_npi=6%40dis%21USD%2119.95%219.67%21%21%21136.56%2166.23%21%402103868817754294321815774ee9ce%2112000034645492559%21sea%21US%210%21ABX%211%210%21n_tag%3A-29910%3Bd%3Ab1e5c83a%3Bm03_new_user%3A-29895%3BpisId%3A5000000197827853&curPageLogUid=SrYqF8NZygOX&utparam-url=scene%3Asearch%7Cquery_from%3A%7Cx_object_id%3A1005005870303362%7C_p_origin_prod%3A
Animal Game Men's Cold Blouse Casual Sweaters Woolen Turtleneck Sweater Stripe Pullover Knitwear Warm Outdoor Jerseys Basic Tops,$3.98,"https://ae-pic-a1.aliexpress-media.com/kf/S94907f9e40e84360b63f73eea617e5b25.jpg?has_lang=1&ver=2_220x220q75.jpg_.avif,https://ae-pic-a1.aliexpress-media.com/kf/Sefdca7acf1c3432aaca07d0b75705a15U.jpg_220x220q75.jpg_.avif,https://ae-pic-a1.aliexpress-media.com/kf/S1866d848d5f74cd5a48360a850992adeG.jpg_220x220q75.jpg_.avif,https://ae-pic-a1.aliexpress-media.com/kf/S13e8790d1cfb4b05bd69adfc78fc8adaJ.jpg_220x220q75.jpg_.avif,https://ae-pic-a1.aliexpress-media.com/kf/S2bd81d5dca0b45a19821507f29873cceJ.jpg_220x220q75.jpg_.avif","['whether full opening', 'No', 'High-concerned chemical', 'None', 'Applicable Season', 'Autumn And Winter', 'Applicable Scene', 'CASUAL', 'Hooded', 'No', 'Sleeve Style', 'regular']",https://www.aliexpress.us/item/3256809994942515.html?algo_pvid=04b6517f-19b4-49f7-b561-66232c3f9a8b&algo_exp_id=04b6517f-19b4-49f7-b561-66232c3f9a8b-56&pdp_ext_f=%7B%22order%22%3A%22499%22%2C%22spu_best_type%22%3A%22price%22%2C%22eval%22%3A%221%22%2C%22fromPage%22%3A%22search%22%7D&pdp_npi=6%40dis%21USD%2124.43%2111.24%21%21%21167.23%2176.96%21%402103868817754294321815774ee9ce%2112000051426879147%21sea%21US%210%21ABX%211%210%21n_tag%3A-29910%3Bd%3Ab1e5c83a%3Bm03_new_user%3A-29895%3BpisId%3A5000000203832314&curPageLogUid=s5lKCoYJmMcX&utparam-url=scene%3Asearch%7Cquery_from%3A%7Cx_object_id%3A1005010181257267%7C_p_origin_prod%3A
Men's Turtleneck 100% Merino Wool Sweater Men 2024 Autumn and Winter Large Size Loose Knitted Sweater Keep Warm Top Men Jumper,$30.70,"https://ae-pic-a1.aliexpress-media.com/kf/S3dbb5dd8f8ce451e9c165bc639782250X.jpg?has_lang=1&ver=2_220x220q75.jpg_.avif,https://ae-pic-a1.aliexpress-media.com/kf/S3dbb5dd8f8ce451e9c165bc639782250X.jpg?has_lang=1&ver=2_220x220q75.jpg_.avif,https://ae-pic-a1.aliexpress-media.com/kf/S684aedba70b0431fa67d625d37678c37s.jpg?has_lang=1&ver=2_220x220q75.jpg_.avif,https://ae-pic-a1.aliexpress-media.com/kf/Seece1252a2554d2da7f47a2fa0543bfba.jpg?has_lang=1&ver=2_220x220q75.jpg_.avif,https://ae-pic-a1.aliexpress-media.com/kf/S324a4f13481c47678d6945e4e392b3c5w.jpg?has_lang=1&ver=2_220x220q75.jpg_.avif","['whether full opening', 'No', 'High-concerned chemical', 'None', 'Applicable Season', 'Autumn And Winter', 'Craft of Weaving', 'Knit', 'Applicable Scene', 'Office', 'Hooded', 'No']",https://www.aliexpress.us/item/3256807274554697.html?algo_pvid=04b6517f-19b4-49f7-b561-66232c3f9a8b&algo_exp_id=04b6517f-19b4-49f7-b561-66232c3f9a8b-57&pdp_ext_f=%7B%22order%22%3A%22498%22%2C%22eval%22%3A%221%22%2C%22fromPage%22%3A%22search%22%7D&pdp_npi=6%40dis%21USD%2180.78%2130.70%21%21%21552.88%21210.09%21%402103868817754294321815774ee9ce%2112000040850973055%21sea%21US%210%21ABX%211%210%21n_tag%3A-29910%3Bd%3Ab1e5c83a%3Bm03_new_user%3A-29895&curPageLogUid=vHSmiTCuDY4o&utparam-url=scene%3Asearch%7Cquery_from%3A%7Cx_object_id%3A1005007460869449%7C_p_origin_prod%3A
AIOPESON Argyle Basic Men Sweaters Solid Color O-neck Long sleeve Knitted Male Pullover Winter Fashion New Warm Sweaters for Men,$16.60,"https://ae-pic-a1.aliexpress-media.com/kf/S8f774c4717d040d2a4e7aadfa8c2ae09Z.jpg_220x220q75.jpg_.avif,https://ae-pic-a1.aliexpress-media.com/kf/S8f774c4717d040d2a4e7aadfa8c2ae09Z.jpg_220x220q75.jpg_.avif,https://ae-pic-a1.aliexpress-media.com/kf/S17bf28ef3930451b99df270cd2efbd6bT.png?has_lang=1&ver=2_220x220.png_.avif,https://ae-pic-a1.aliexpress-media.com/kf/S60666f4f4df74277aeb1100ade0b4c9f5.jpg?has_lang=1&ver=2_220x220q75.jpg_.avif,https://ae-pic-a1.aliexpress-media.com/kf/S3894ffa4f2644d378a37101d19b34d6eO.jpg?has_lang=1&ver=2_220x220q75.jpg_.avif","['whether full opening', 'No', 'High-concerned chemical', 'None', 'Applicable Season', 'Autumn And Winter', 'Craft of Weaving', 'Knit', 'Applicable Scene', 'CASUAL', 'Hooded', 'No']",https://www.aliexpress.us/item/3256804842900807.html?algo_pvid=04b6517f-19b4-49f7-b561-66232c3f9a8b&algo_exp_id=04b6517f-19b4-49f7-b561-66232c3f9a8b-58&pdp_ext_f=%7B%22order%22%3A%22498%22%2C%22eval%22%3A%221%22%2C%22fromPage%22%3A%22search%22%7D&pdp_npi=6%40dis%21USD%2152.21%2126.00%21%21%21357.38%21178.01%21%402103868817754294321815774ee9ce%2112000031389031463%21sea%21US%210%21ABX%211%210%21n_tag%3A-29910%3Bd%3Ab1e5c83a%3Bm03_new_user%3A-29895%3BpisId%3A5000000197827852&curPageLogUid=HdIlXBcuFtob&utparam-url=scene%3Asearch%7Cquery_from%3A%7Cx_object_id%3A1005005029215559%7C_p_origin_prod%3A
Animal Game Men's Long Sleeve Knit Cold Blouse Outdoor Turtleneck Pullover Sweater Casual Sweater Winter Basic Warm Sweatshirts,$1.50,"https://ae-pic-a1.aliexpress-media.com/kf/Sf6499f2719d04087b21f9f212eaabc98N.jpg?has_lang=1&ver=2_220x220q75.jpg_.avif,https://ae-pic-a1.aliexpress-media.com/kf/S8784ea5d0861414b93603fd6161476d6B.jpg_220x220q75.jpg_.avif,https://ae-pic-a1.aliexpress-media.com/kf/Sc877eb2166c94a3bb24859b20680f356f.jpg_220x220q75.jpg_.avif,https://ae-pic-a1.aliexpress-media.com/kf/S9b028fa8b4454f69a59c11b3f2dfa912a.jpg_220x220q75.jpg_.avif,https://ae-pic-a1.aliexpress-media.com/kf/Sfbd1a9cda8624dc6a807cec6878aaf54o.jpg_220x220q75.jpg_.avif","['whether full opening', 'No', 'High-concerned chemical', 'None', 'Applicable Season', 'Autumn And Winter', 'Applicable Scene', 'Daily', 'Hooded', 'No', 'Wool', 'Standard Wool']",https://www.aliexpress.us/item/3256809909336666.html?algo_pvid=04b6517f-19b4-49f7-b561-66232c3f9a8b&algo_exp_id=04b6517f-19b4-49f7-b561-66232c3f9a8b-59&pdp_ext_f=%7B%22order%22%3A%22492%22%2C%22spu_best_type%22%3A%22price%22%2C%22eval%22%3A%221%22%2C%22fromPage%22%3A%22search%22%7D&pdp_npi=6%40dis%21USD%2123.41%2110.69%21%21%21160.22%2173.18%21%402103868817754294321815774ee9ce%2112000051127905102%21sea%21US%210%21ABX%211%210%21n_tag%3A-29910%3Bd%3Ab1e5c83a%3Bm03_new_user%3A-29895%3BpisId%3A5000000203830324&curPageLogUid=UEHrYwkc0q3S&utparam-url=scene%3Asearch%7Cquery_from%3A%7Cx_object_id%3A1005010095651418%7C_p_origin_prod%3A
2025 Autumn Men's wool pullovers Men's fashion Sweater Round neck mens Thicken Warm Men Knitted Sweater full size M-3XL,$22.89,"https://ae-pic-a1.aliexpress-media.com/kf/Sd276aa3ca4e0458ab0f09e98d571a19fF.jpg_220x220q75.jpg_.avif,https://ae-pic-a1.aliexpress-media.com/kf/Sebf7ec8dbf6a40918d552d0f3787c5d6g.jpg_220x220q75.jpg_.avif,https://ae-pic-a1.aliexpress-media.com/kf/S232fcf994d4c4e46a10a4a766a8e781fy.jpg_220x220q75.jpg_.avif,https://ae-pic-a1.aliexpress-media.com/kf/Seebd6a3c2be64a048f1683909090c096p.jpg_220x220q75.jpg_.avif,https://ae-pic-a1.aliexpress-media.com/kf/Sabaacb067fd5465aaf7ae020390f7479M.jpg_220x220q75.jpg_.avif","['whether full opening', 'No', 'High-concerned chemical', 'None', 'Applicable Season', 'Autumn And Winter', 'Craft of Weaving', 'Knit', 'Applicable Scene', 'Shopping', 'Hooded', 'No']",https://www.aliexpress.us/item/3256807378217480.html?algo_pvid=04b6517f-19b4-49f7-b561-66232c3f9a8b&algo_exp_id=04b6517f-19b4-49f7-b561-66232c3f9a8b-50&pdp_ext_f=%7B%22order%22%3A%22517%22%2C%22eval%22%3A%221%22%2C%22fromPage%22%3A%22search%22%7D&pdp_npi=6%40dis%21USD%2132.70%2122.89%21%21%21223.81%21156.67%21%402103868817754294321815774ee9ce%2112000041315608395%21sea%21US%210%21ABX%211%210%21n_tag%3A-29910%3Bd%3Ab1e5c83a%3Bm03_new_user%3A-29895&curPageLogUid=MjiwHmo6DCNp&utparam-url=scene%3Asearch%7Cquery_from%3A%7Cx_object_id%3A1005007564532232%7C_p_origin_prod%3A
Autumn Men's Quarter Zip Pullover Dress Slim Sweater Mock Neck Sweaters Casual Long Sleeve Pullovers Outerwear Winter Warm Tops,$12.24,"https://ae-pic-a1.aliexpress-media.com/kf/S8f21ebf5576b412b91ec297dfe0bb5e02.jpg?has_lang=1&ver=2_220x220q75.jpg_.avif,https://ae-pic-a1.aliexpress-media.com/kf/S0269ec0adab046e6b96786098a073b86O.jpg_220x220q75.jpg_.avif,https://ae-pic-a1.aliexpress-media.com/kf/S86524599822149918064efe56e4146c0b.jpg_220x220q75.jpg_.avif,https://ae-pic-a1.aliexpress-media.com/kf/Sbf68e561091f4033907177688f51636bT.jpg_220x220q75.jpg_.avif,https://ae-pic-a1.aliexpress-media.com/kf/S8bda172639984dc09db053961e1d758bU.jpg_220x220q75.jpg_.avif","['whether full opening', 'No', 'High-concerned chemical', 'None', 'Applicable Season', 'Autumn And Winter', 'Applicable Scene', 'CASUAL', 'Decoration', 'Zippers', 'Sleeve Style', 'regular']",https://www.aliexpress.us/item/3256809642780417.html?algo_pvid=04b6517f-19b4-49f7-b561-66232c3f9a8b&algo_exp_id=04b6517f-19b4-49f7-b561-66232c3f9a8b-51&pdp_ext_f=%7B%22order%22%3A%22510%22%2C%22eval%22%3A%221%22%2C%22fromPage%22%3A%22search%22%7D&pdp_npi=6%40dis%21USD%2145.30%2121.35%21%21%21310.07%21146.16%21%402103868817754294321815774ee9ce%2112000050297933910%21sea%21US%210%21ABX%211%210%21n_tag%3A-29910%3Bd%3Ab1e5c83a%3Bm03_new_user%3A-29895%3BpisId%3A5000000203816807&curPageLogUid=Bk9W90UD18Hs&utparam-url=scene%3Asearch%7Cquery_from%3A%7Cx_object_id%3A1005009829095169%7C_p_origin_prod%3A
Men's High Neck Sweater Solid Color Pullover Knitted Warm Casual Turtleneck Men Clothes,$5.67,"https://ae-pic-a1.aliexpress-media.com/kf/Sdf601493796147819766b3cde1065c7bA.jpg?has_lang=1&ver=2_220x220q75.jpg_.avif,https://ae-pic-a1.aliexpress-media.com/kf/S00b735e66cce46bd8b6c8d2da12b24d2V.jpg_220x220q75.jpg_.avif,https://ae-pic-a1.aliexpress-media.com/kf/S5ba4ee69ea814e51830db42ded1c44e5Y.jpg_220x220q75.jpg_.avif,https://ae-pic-a1.aliexpress-media.com/kf/S0581aa31fcb84d5cb0f9e46a6423692aj.jpg_220x220q75.jpg_.avif,https://ae-pic-a1.aliexpress-media.com/kf/Sce5b4b7e4eb741169aa2ad54290da644S.jpg_220x220q75.jpg_.avif","['whether full opening', 'No', 'High-concerned chemical', 'None', 'Applicable Season', 'Autumn And Winter', 'Applicable Scene', 'Daily', 'Hooded', 'No', 'Sleeve Style', 'regular']",https://www.aliexpress.us/item/3256807782772353.html?algo_pvid=04b6517f-19b4-49f7-b561-66232c3f9a8b&algo_exp_id=04b6517f-19b4-49f7-b561-66232c3f9a8b-52&pdp_ext_f=%7B%22order%22%3A%22509%22%2C%22eval%22%3A%221%22%2C%22fromPage%22%3A%22search%22%7D&pdp_npi=6%40dis%21USD%2111.82%215.67%21%21%2180.92%2138.84%21%402103868817754294321815774ee9ce%2112000043070158566%21sea%21US%210%21ABX%211%210%21n_tag%3A-29910%3Bd%3Ab1e5c83a%3Bm03_new_user%3A-29895&curPageLogUid=lNc6QtpGIOmg&utparam-url=scene%3Asearch%7Cquery_from%3A%7Cx_object_id%3A1005007969087105%7C_p_origin_prod%3A
Men's Sweatercoat Autumn Winter O-Neck Knit Letter Plush Fleece Lined Warm Wool Pullover Sweater Men Bottoming Pullovers Jumper,$10.39,"https://ae-pic-a1.aliexpress-media.com/kf/Sca1a6f4a382648b4a511e3504abd3553k.jpg?has_lang=1&ver=2_220x220q75.jpg_.avif,https://ae-pic-a1.aliexpress-media.com/kf/S6ed0aa03e1e5449187f8923ab68c6999e.jpg?has_lang=1&ver=2_220x220q75.jpg_.avif,https://ae-pic-a1.aliexpress-media.com/kf/S27932d69984245ea929130af19eb4645M.jpg?has_lang=1&ver=2_220x220q75.jpg_.avif,https://ae-pic-a1.aliexpress-media.com/kf/S48024af1f15f40438aee91e842c942f5Z.jpg?has_lang=1&ver=2_220x220q75.jpg_.avif,https://ae-pic-a1.aliexpress-media.com/kf/Sdc0fc1a58dd04a64b109755455c3b0f1D.jpg?has_lang=1&ver=2_220x220q75.jpg_.avif","['whether full opening', 'No', 'High-concerned chemical', 'None', 'Craft of Weaving', 'Non-Woven', 'Applicable Season', 'Autumn And Winter', 'Applicable Scene', 'Daily', 'Hooded', 'No']",https://www.aliexpress.us/item/3256809366089462.html?algo_pvid=04b6517f-19b4-49f7-b561-66232c3f9a8b&algo_exp_id=04b6517f-19b4-49f7-b561-66232c3f9a8b-53&pdp_ext_f=%7B%22order%22%3A%22508%22%2C%22spu_best_type%22%3A%22price%22%2C%22eval%22%3A%221%22%2C%22fromPage%22%3A%22search%22%7D&pdp_npi=6%40dis%21USD%2128.82%2119.79%21%21%21197.25%21135.42%21%402103868817754294321815774ee9ce%2112000049443605067%21sea%21US%210%21ABX%211%210%21n_tag%3A-29910%3Bd%3Ab1e5c83a%3Bm03_new_user%3A-29895%3BpisId%3A5000000197827853&curPageLogUid=amE1cY1QngUz&utparam-url=scene%3Asearch%7Cquery_from%3A%7Cx_object_id%3A1005009552404214%7C_p_origin_prod%3A
New Men's Turtleneck Sweaters Autumn Knitted Striped Streetwear Warm Long Sleeved Pullover Solid Color Basic Style Casual Tops,$0.99,"https://ae-pic-a1.aliexpress-media.com/kf/S2e6b5ac5b8ae437085a97a0d52aa0667k.jpg_220x220q75.jpg_.avif,https://ae-pic-a1.aliexpress-media.com/kf/S1c733683efbc40758f5e5a9edebfd448h.jpg_220x220q75.jpg_.avif,https://ae-pic-a1.aliexpress-media.com/kf/Se94909063d0c40608a6f0c071bf725e7U.jpg_220x220q75.jpg_.avif,https://ae-pic-a1.aliexpress-media.com/kf/S8966b529349b4eb6bf83876e3fa240c5f.jpg_220x220q75.jpg_.avif,https://ae-pic-a1.aliexpress-media.com/kf/S6ea363e553444bf8be6d3c400f2e8449C.jpg_220x220q75.jpg_.avif","['whether full opening', 'No', 'High-concerned chemical', 'None', 'Applicable Season', 'Autumn And Winter', 'Applicable Scene', 'Daily', 'Hooded', 'No', 'Sleeve Style', 'regular']",https://www.aliexpress.us/item/3256807280193527.html?algo_pvid=04b6517f-19b4-49f7-b561-66232c3f9a8b&algo_exp_id=04b6517f-19b4-49f7-b561-66232c3f9a8b-54&pdp_ext_f=%7B%22order%22%3A%22505%22%2C%22spu_best_type%22%3A%22price%22%2C%22eval%22%3A%221%22%2C%22fromPage%22%3A%22search%22%7D&pdp_npi=6%40dis%21USD%2121.27%2110.11%21%21%21145.60%2169.21%21%402103868817754294321815774ee9ce%2112000040872854585%21sea%21US%210%21ABX%211%210%21n_tag%3A-29910%3Bd%3Ab1e5c83a%3Bm03_new_user%3A-29895%3BpisId%3A5000000197827853&curPageLogUid=fHvbqv0CFBF8&utparam-url=scene%3Asearch%7Cquery_from%3A%7Cx_object_id%3A1005007466508279%7C_p_origin_prod%3A
AIOPESON Argyle Basic Men Sweaters Solid Color O-neck Long sleeve Knitted Male Pullover Winter Fashion New Warm Sweaters for Men,$16.60,"https://ae-pic-a1.aliexpress-media.com/kf/S8f774c4717d040d2a4e7aadfa8c2ae09Z.jpg_220x220q75.jpg_.avif,https://ae-pic-a1.aliexpress-media.com/kf/S8f774c4717d040d2a4e7aadfa8c2ae09Z.jpg_220x220q75.jpg_.avif,https://ae-pic-a1.aliexpress-media.com/kf/S17bf28ef3930451b99df270cd2efbd6bT.png?has_lang=1&ver=2_220x220.png_.avif,https://ae-pic-a1.aliexpress-media.com/kf/S60666f4f4df74277aeb1100ade0b4c9f5.jpg?has_lang=1&ver=2_220x220q75.jpg_.avif,https://ae-pic-a1.aliexpress-media.com/kf/S3894ffa4f2644d378a37101d19b34d6eO.jpg?has_lang=1&ver=2_220x220q75.jpg_.avif","['whether full opening', 'No', 'High-concerned chemical', 'None', 'Applicable Season', 'Autumn And Winter', 'Craft of Weaving', 'Knit', 'Applicable Scene', 'CASUAL', 'Hooded', 'No']",https://www.aliexpress.us/item/3256804842900807.html?algo_pvid=274b7b74-ddeb-40e5-9938-9f3320d2505e&algo_exp_id=274b7b74-ddeb-40e5-9938-9f3320d2505e-0&pdp_ext_f=%7B%22order%22%3A%22498%22%2C%22eval%22%3A%221%22%2C%22fromPage%22%3A%22search%22%7D&pdp_npi=6%40dis%21USD%2152.21%2126.00%21%21%21357.38%21178.01%21%402101f11417754304375082415e0ce4%2112000031389031463%21sea%21US%210%21ABX%211%210%21n_tag%3A-29910%3Bd%3Ab1e5c83a%3Bm03_new_user%3A-29895%3BpisId%3A5000000197827852&curPageLogUid=5hpWUNL0oNvy&utparam-url=scene%3Asearch%7Cquery_from%3A%7Cx_object_id%3A1005005029215559%7C_p_origin_prod%3A
Animal Game Men's Long Sleeve Knit Cold Blouse Outdoor Turtleneck Pullover Sweater Casual Sweater Winter Basic Warm Sweatshirts,$1.50,"https://ae-pic-a1.aliexpress-media.com/kf/Sf6499f2719d04087b21f9f212eaabc98N.jpg?has_lang=1&ver=2_220x220q75.jpg_.avif,https://ae-pic-a1.aliexpress-media.com/kf/S8784ea5d0861414b93603fd6161476d6B.jpg_220x220q75.jpg_.avif,https://ae-pic-a1.aliexpress-media.com/kf/Sc877eb2166c94a3bb24859b20680f356f.jpg_220x220q75.jpg_.avif,https://ae-pic-a1.aliexpress-media.com/kf/S9b028fa8b4454f69a59c11b3f2dfa912a.jpg_220x220q75.jpg_.avif,https://ae-pic-a1.aliexpress-media.com/kf/Sfbd1a9cda8624dc6a807cec6878aaf54o.jpg_220x220q75.jpg_.avif","['whether full opening', 'No', 'High-concerned chemical', 'None', 'Applicable Season', 'Autumn And Winter', 'Applicable Scene', 'Daily', 'Hooded', 'No', 'Wool', 'Standard Wool']",https://www.aliexpress.us/item/3256809909336666.html?algo_pvid=274b7b74-ddeb-40e5-9938-9f3320d2505e&algo_exp_id=274b7b74-ddeb-40e5-9938-9f3320d2505e-1&pdp_ext_f=%7B%22order%22%3A%22492%22%2C%22spu_best_type%22%3A%22price%22%2C%22eval%22%3A%221%22%2C%22fromPage%22%3A%22search%22%7D&pdp_npi=6%40dis%21USD%2123.41%2110.69%21%21%21160.22%2173.18%21%402101f11417754304375082415e0ce4%2112000051127905102%21sea%21US%210%21ABX%211%210%21n_tag%3A-29910%3Bd%3Ab1e5c83a%3Bm03_new_user%3A-29895%3BpisId%3A5000000203830324&curPageLogUid=lhlykieF93df&utparam-url=scene%3Asearch%7Cquery_from%3A%7Cx_object_id%3A1005010095651418%7C_p_origin_prod%3A
Cat Graphic Knitted Sweater Men Oversized Hip Hop Streetwear Hip Hop Pullover Sweaters Black Loose Casual Sweaters Jumper,$33.78,"https://ae-pic-a1.aliexpress-media.com/kf/S609835d6a9904520a34f468c2fe428caf.jpg?has_lang=1&ver=2_220x220q75.jpg_.avif,https://ae-pic-a1.aliexpress-media.com/kf/S7aaa05ecd5354e648a56386912060ecdX.jpg_220x220q75.jpg_.avif,https://ae-pic-a1.aliexpress-media.com/kf/S90263d57f31b44a3bd2a5871c6d18f8am.jpg_220x220q75.jpg_.avif,https://ae-pic-a1.aliexpress-media.com/kf/Sbd0e2e8a69da41c888b545fb74d95839t.jpg_220x220q75.jpg_.avif,https://ae-pic-a1.aliexpress-media.com/kf/S2bfbe9c0f72c44c89f0834c331847858D.jpg_220x220q75.jpg_.avif","['whether full opening', 'No', 'High-concerned chemical', 'None', 'Applicable Season', 'Autumn And Winter', 'Craft of Weaving', 'Knit', 'Applicable Scene', 'Daily', 'Hooded', 'No']",https://www.aliexpress.us/item/3256805856137752.html?algo_pvid=274b7b74-ddeb-40e5-9938-9f3320d2505e&algo_exp_id=274b7b74-ddeb-40e5-9938-9f3320d2505e-2&pdp_ext_f=%7B%22order%22%3A%22491%22%2C%22spu_best_type%22%3A%22price%22%2C%22eval%22%3A%221%22%2C%22fromPage%22%3A%22search%22%7D&pdp_npi=6%40dis%21USD%2156.30%2133.78%21%21%2156.30%2133.78%21%402101f11417754304375082415e0ce4%2112000035455323670%21sea%21US%210%21ABX%211%210%21n_tag%3A-29910%3Bd%3Ab1e5c83a%3Bm03_new_user%3A-29895&curPageLogUid=DEPS4FTxMYDo&utparam-url=scene%3Asearch%7Cquery_from%3A%7Cx_object_id%3A1005006042452504%7C_p_origin_prod%3A
New Men's Solid Color Pullover Sweaters Half Turtleneck Long Sleeve Solid Color Breathable Streetwear Autumn Knitted Sweater Men,$1.46,"https://ae-pic-a1.aliexpress-media.com/kf/S2667ea43648d470da0eefbed90d391f4j.jpg_220x220q75.jpg_.avif,https://ae-pic-a1.aliexpress-media.com/kf/Sffb244b3a5f14f59a86c3b37a4e09d1e1.jpg_220x220q75.jpg_.avif,https://ae-pic-a1.aliexpress-media.com/kf/Se2e9c9f2a87347228cfb749784497abdD.jpg_220x220q75.jpg_.avif,https://ae-pic-a1.aliexpress-media.com/kf/S5d08d2f4fa43420cb46d2c8159d5db51j.jpg_220x220q75.jpg_.avif,https://ae-pic-a1.aliexpress-media.com/kf/S1f780084d9a041e4b969b43e0738b18aD.jpg_220x220q75.jpg_.avif","['whether full opening', 'No', 'High-concerned chemical', 'None', 'Applicable Season', 'Autumn And Winter', 'Applicable Scene', 'Daily', 'Sleeve Style', 'regular', 'Item Type', 'Pullovers']",https://www.aliexpress.us/item/3256807226673736.html?algo_pvid=274b7b74-ddeb-40e5-9938-9f3320d2505e&algo_exp_id=274b7b74-ddeb-40e5-9938-9f3320d2505e-3&pdp_ext_f=%7B%22order%22%3A%22488%22%2C%22spu_best_type%22%3A%22price%22%2C%22eval%22%3A%221%22%2C%22fromPage%22%3A%22search%22%7D&pdp_npi=6%40dis%21USD%2122.36%2110.86%21%21%21153.06%2174.32%21%402101f11417754304375082415e0ce4%2112000040649107818%21sea%21US%210%21ABX%211%210%21n_tag%3A-29910%3Bd%3Ab1e5c83a%3Bm03_new_user%3A-29895%3BpisId%3A5000000197827853&curPageLogUid=SBuUewaxCcoD&utparam-url=scene%3Asearch%7Cquery_from%3A%7Cx_object_id%3A1005007412988488%7C_p_origin_prod%3A
Autumn Men's Stand Collar Pullovers Slim Fit Warm Solid Color Half Zipper Long Sleeve Sweater Men's Casual Sweatshirts Top,$0.99,"https://ae-pic-a1.aliexpress-media.com/kf/Safcf1e5ed66a4ec49a221fc6f86c75650.jpg?has_lang=1&ver=2_220x220q75.jpg_.avif,https://ae-pic-a1.aliexpress-media.com/kf/S5a7977ca4d6344a4b8eaa629e3ca08ceQ.jpg_220x220q75.jpg_.avif,https://ae-pic-a1.aliexpress-media.com/kf/S37d9be21507d4690a5e5a0910a67fb21B.jpg?has_lang=1&ver=2_220x220q75.jpg_.avif,https://ae-pic-a1.aliexpress-media.com/kf/Se6a6b666f6684271a938b65936bded24f.jpg_220x220q75.jpg_.avif,https://ae-pic-a1.aliexpress-media.com/kf/S7e5d56c32e874576b8ef81cc6818a5aeK.jpg?has_lang=1&ver=2_220x220q75.jpg_.avif","['whether full opening', 'No', 'High-concerned chemical', 'None', 'Applicable Season', 'Spring And Autumn', 'Craft of Weaving', 'Knit', 'Applicable Scene', 'Daily', 'Hooded', 'No']",https://www.aliexpress.us/item/3256809822111420.html?algo_pvid=274b7b74-ddeb-40e5-9938-9f3320d2505e&algo_exp_id=274b7b74-ddeb-40e5-9938-9f3320d2505e-4&pdp_ext_f=%7B%22order%22%3A%22485%22%2C%22eval%22%3A%221%22%2C%22fromPage%22%3A%22search%22%7D&pdp_npi=6%40dis%21USD%2120.03%218.31%21%21%21137.08%2156.89%21%402101f11417754304375082415e0ce4%2112000050826590899%21sea%21US%210%21ABX%211%210%21n_tag%3A-29910%3Bd%3Ab1e5c83a%3Bm03_new_user%3A-29895%3BpisId%3A5000000197827852&curPageLogUid=n8s5sVVd8hQq&utparam-url=scene%3Asearch%7Cquery_from%3A%7Cx_object_id%3A1005010008426172%7C_p_origin_prod%3A
Mens Sweater Polo Collar Label Patchwork Stripes Plush Wool Liner Knitted Thickened Sweater Brand Luxury Print Thermo Menswear,$15.22,"https://ae-pic-a1.aliexpress-media.com/kf/Sf09603c62a94493b9558967107c9bd45Y.jpeg?has_lang=1&ver=2_220x220q75.jpeg_.avif,https://ae-pic-a1.aliexpress-media.com/kf/Sea9bb915907f48ad85888915894bce1eF.jpg?has_lang=1&ver=2_220x220q75.jpg_.avif,https://ae-pic-a1.aliexpress-media.com/kf/S62e9628703b04149915979e97ca0ad3ax.jpg?has_lang=1&ver=2_220x220q75.jpg_.avif,https://ae-pic-a1.aliexpress-media.com/kf/S1222d141ca214828ae561c1c26334ca7n.jpg_220x220q75.jpg_.avif,https://ae-pic-a1.aliexpress-media.com/kf/Sfc378e75fbf14c2f8522bc5007b4683fy.jpg_220x220q75.jpg_.avif","['whether full opening', 'No', 'High-concerned chemical', 'None', 'Craft of Weaving', 'Knit', 'Applicable Season', 'Autumn And Winter', 'Applicable Scene', 'Daily', 'Hooded', 'No']",https://www.aliexpress.us/item/3256809682378621.html?algo_pvid=274b7b74-ddeb-40e5-9938-9f3320d2505e&algo_exp_id=274b7b74-ddeb-40e5-9938-9f3320d2505e-5&pdp_ext_f=%7B%22order%22%3A%22484%22%2C%22eval%22%3A%221%22%2C%22fromPage%22%3A%22search%22%7D&pdp_npi=6%40dis%21USD%2135.31%2124.62%21%21%21241.66%21168.48%21%402101f11417754304375082415e0ce4%2112000050422463185%21sea%21US%210%21ABX%211%210%21n_tag%3A-29910%3Bd%3Ab1e5c83a%3Bm03_new_user%3A-29895%3BpisId%3A5000000197827853&curPageLogUid=zkhk6m80H6ja&utparam-url=scene%3Asearch%7Cquery_from%3A%7Cx_object_id%3A1005009868693373%7C_p_origin_prod%3A
Men's Long Sleeve Knit Pullover Sweater Classic Crewneck Sweater Soft Casual Sweaters Lightweight Solid Color Sweater Men,$0.99,"https://ae-pic-a1.aliexpress-media.com/kf/Sb41c8e70383e4abb8d0ad3c7a9d83c717.jpg_220x220q75.jpg_.avif,https://ae-pic-a1.aliexpress-media.com/kf/S8f12a2c41ec34bd6b16d86aeb56c12c8t.jpg_220x220q75.jpg_.avif,https://ae-pic-a1.aliexpress-media.com/kf/Sd439178f9ef440a6b0473cd4a75bb60ea.jpg_220x220q75.jpg_.avif,https://ae-pic-a1.aliexpress-media.com/kf/S38b41f56d3c94ca4af9290304d9418f0Z.jpg_220x220q75.jpg_.avif,https://ae-pic-a1.aliexpress-media.com/kf/S644384aab7604e69ae85b45abdb22513x.jpg_220x220q75.jpg_.avif","['whether full opening', 'No', 'High-concerned chemical', 'None', 'Applicable Season', 'Autumn And Winter', 'Applicable Scene', 'CASUAL', 'Sleeve Style', 'regular', 'Wool', 'Standard Wool']",https://www.aliexpress.us/item/3256807417415812.html?algo_pvid=274b7b74-ddeb-40e5-9938-9f3320d2505e&algo_exp_id=274b7b74-ddeb-40e5-9938-9f3320d2505e-6&pdp_ext_f=%7B%22order%22%3A%22484%22%2C%22eval%22%3A%221%22%2C%22fromPage%22%3A%22search%22%7D&pdp_npi=6%40dis%21USD%2121.83%2110.16%21%21%21149.42%2169.55%21%402101f11417754304375082415e0ce4%2112000041474405549%21sea%21US%210%21ABX%211%210%21n_tag%3A-29910%3Bd%3Ab1e5c83a%3Bm03_new_user%3A-29895%3BpisId%3A5000000197827853&curPageLogUid=lR8fNwsmfub5&utparam-url=scene%3Asearch%7Cquery_from%3A%7Cx_object_id%3A1005007603730564%7C_p_origin_prod%3A
Autumn Men's Knitted Pullover Sweaters Cable Woolen Button Sweater Slim V-neck Long Sleeve Outerwear Winter Warm Heavyweight Top,$9.04,"https://ae-pic-a1.aliexpress-media.com/kf/S0a13f95006ba4ae1a0682e33eec8c10bB.jpg?has_lang=1&ver=1_220x220q75.jpg_.avif,https://ae-pic-a1.aliexpress-media.com/kf/Sd00c9cbc32ba46e1b876bd96f12d9814E.jpg_220x220q75.jpg_.avif,https://ae-pic-a1.aliexpress-media.com/kf/S1790231eb60144bbae08137108bcbfe0G.jpg_220x220q75.jpg_.avif,https://ae-pic-a1.aliexpress-media.com/kf/S213ef804fa1b43e2a8525e9f955c593et.jpg_220x220q75.jpg_.avif,https://ae-pic-a1.aliexpress-media.com/kf/S0f6afa11950b4acd907a7e2215766279L.jpg_220x220q75.jpg_.avif","['whether full opening', 'No', 'High-concerned chemical', 'None', 'Applicable Season', 'Autumn And Winter', 'Applicable Scene', 'Daily', 'Hooded', 'No', 'Decoration', 'Button']",https://www.aliexpress.us/item/3256809687240347.html?algo_pvid=274b7b74-ddeb-40e5-9938-9f3320d2505e&algo_exp_id=274b7b74-ddeb-40e5-9938-9f3320d2505e-7&pdp_ext_f=%7B%22order%22%3A%22483%22%2C%22eval%22%3A%221%22%2C%22fromPage%22%3A%22search%22%7D&pdp_npi=6%40dis%21USD%2137.83%2118.44%21%21%21258.93%21126.20%21%402101f11417754304375082415e0ce4%2112000050438012882%21sea%21US%210%21ABX%211%210%21n_tag%3A-29910%3Bd%3Ab1e5c83a%3Bm03_new_user%3A-29895%3BpisId%3A5000000197827853&curPageLogUid=w8SkcC5dInmN&utparam-url=scene%3Asearch%7Cquery_from%3A%7Cx_object_id%3A1005009873555099%7C_p_origin_prod%3A
New Popular Spring Autumn Graffiti Jacquard Pattern Pullover Sweater Casual Round Neck Contrast Color Knitted Men's Pullover,$7.94,"https://ae-pic-a1.aliexpress-media.com/kf/S4900ac74ce9d47fc9655d424522a0e651.jpg?has_lang=1&ver=2_220x220q75.jpg_.avif,https://ae-pic-a1.aliexpress-media.com/kf/Sbc0706a1ede64add9f9e771075eaffe8r.jpg?has_lang=1&ver=2_220x220q75.jpg_.avif,https://ae-pic-a1.aliexpress-media.com/kf/Sed6e3d4256ff44aca87294020e8e3053p.jpg?has_lang=1&ver=1_220x220q75.jpg_.avif,https://ae-pic-a1.aliexpress-media.com/kf/Sa9b8050ed15742b0b1e086c6327d9a0d8.jpg_220x220q75.jpg_.avif,https://ae-pic-a1.aliexpress-media.com/kf/S20dea2b403114fd0a4fa8576c87d2bcfr.jpg_220x220q75.jpg_.avif","['whether full opening', 'No', 'High-concerned chemical', 'None', 'Applicable Season', 'Four Seasons', 'Craft of Weaving', 'Knit', 'Applicable Scene', 'Shopping', 'Hooded', 'No']",https://www.aliexpress.us/item/3256807245603898.html?algo_pvid=274b7b74-ddeb-40e5-9938-9f3320d2505e&algo_exp_id=274b7b74-ddeb-40e5-9938-9f3320d2505e-8&pdp_ext_f=%7B%22order%22%3A%22480%22%2C%22spu_best_type%22%3A%22price%22%2C%22eval%22%3A%221%22%2C%22fromPage%22%3A%22search%22%7D&pdp_npi=6%40dis%21USD%2137.91%2117.34%21%21%21259.45%21118.67%21%402101f11417754304375082415e0ce4%2112000040773451709%21sea%21US%210%21ABX%211%210%21n_tag%3A-29910%3Bd%3Ab1e5c83a%3Bm03_new_user%3A-29895%3BpisId%3A5000000197827853&curPageLogUid=dSIY1sojuV22&utparam-url=scene%3Asearch%7Cquery_from%3A%7Cx_object_id%3A1005007431918650%7C_p_origin_prod%3A
Autumn Winter Mens Turtleneck Sweaters Casual Thermal Long Sleeve Slim Fit Pullovers Stretch Basic Tops Sweatshirt Jumper TShirt,$6.17,"https://ae-pic-a1.aliexpress-media.com/kf/S723b6f7798a64b3aa94bb28024977e37b.jpg_220x220q75.jpg_.avif,https://ae-pic-a1.aliexpress-media.com/kf/Se4ca5935988f45dc9af4446785542615K.jpg_220x220q75.jpg_.avif,https://ae-pic-a1.aliexpress-media.com/kf/S05e4718d820545cbab2e54c4543484b3O.jpg_220x220q75.jpg_.avif,https://ae-pic-a1.aliexpress-media.com/kf/S69ee806beb80422f9b354373bbc38084O.jpg_220x220q75.jpg_.avif,https://ae-pic-a1.aliexpress-media.com/kf/S2103b36666d5409e9d7731c50938b220C.jpg_220x220q75.jpg_.avif","['whether full opening', 'No', 'High-concerned chemical', 'None', 'Applicable Season', 'Autumn And Winter', 'Craft of Weaving', 'Knit', 'Applicable Scene', 'CASUAL', 'Hooded', 'No']",https://www.aliexpress.us/item/3256810309803623.html?algo_pvid=274b7b74-ddeb-40e5-9938-9f3320d2505e&algo_exp_id=274b7b74-ddeb-40e5-9938-9f3320d2505e-9&pdp_ext_f=%7B%22order%22%3A%22478%22%2C%22eval%22%3A%221%22%2C%22fromPage%22%3A%22search%22%7D&pdp_npi=6%40dis%21USD%2113.71%216.17%21%21%2193.81%2142.21%21%402101f11417754304375082415e0ce4%2112000052591048927%21sea%21US%210%21ABX%211%210%21n_tag%3A-29910%3Bd%3Ab1e5c83a%3Bm03_new_user%3A-29895&curPageLogUid=RM81PuXzE3NW&utparam-url=scene%3Asearch%7Cquery_from%3A%7Cx_object_id%3A1005010496118375%7C_p_origin_prod%3A
New Winter Turtleneck Sweater Thick Mens Casual Pullover Sweaters Solid Color Quality Warm Slim Turtleneck Sweaters Pullover Men,$1.45,"https://ae-pic-a1.aliexpress-media.com/kf/Sb4adf42dedf3474e99f1c28e89d84602w.jpg_220x220q75.jpg_.avif,https://ae-pic-a1.aliexpress-media.com/kf/Sb4adf42dedf3474e99f1c28e89d84602w.jpg_220x220q75.jpg_.avif,https://ae-pic-a1.aliexpress-media.com/kf/S8d4017283315437daaa96129f9ee0b3aK.jpg_220x220q75.jpg_.avif,https://ae-pic-a1.aliexpress-media.com/kf/Sc0df308ddf86438ea66705788fbdf445W.jpg_220x220q75.jpg_.avif,https://ae-pic-a1.aliexpress-media.com/kf/Sb007acc13e874a5eaf784d866720c826s.jpg_220x220q75.jpg_.avif","['whether full opening', 'No', 'High-concerned chemical', 'None', 'Applicable Season', 'Autumn And Winter', 'Craft of Weaving', 'Knit', 'Applicable Scene', 'Daily', 'Model Number', 'sweaters pullovers']",https://www.aliexpress.us/item/3256807623213762.html?algo_pvid=274b7b74-ddeb-40e5-9938-9f3320d2505e&algo_exp_id=274b7b74-ddeb-40e5-9938-9f3320d2505e-10&pdp_ext_f=%7B%22order%22%3A%22476%22%2C%22eval%22%3A%221%22%2C%22fromPage%22%3A%22search%22%7D&pdp_npi=6%40dis%21USD%2122.34%2110.85%21%21%21152.88%2174.23%21%402101f11417754304375082415e0ce4%2112000042282308835%21sea%21US%210%21ABX%211%210%21n_tag%3A-29910%3Bd%3Ab1e5c83a%3Bm03_new_user%3A-29895%3BpisId%3A5000000197827853&curPageLogUid=7Ef2Ruh5rNRW&utparam-url=scene%3Asearch%7Cquery_from%3A%7Cx_object_id%3A1005007809528514%7C_p_origin_prod%3A
AIOPESON Mens Giraffe Embroidery Cotton Sweaters Round Neck Classic Twist Patterned Pullover Knitted Sweater for Men,$17.80,"https://ae-pic-a1.aliexpress-media.com/kf/S4496da07ec06431eb682249a0e2b3668U.jpg?has_lang=1&ver=2_220x220q75.jpg_.avif,https://ae-pic-a1.aliexpress-media.com/kf/Sbc8d95f445184638a0826f83fe1a35e8F.png?has_lang=1&ver=2_220x220.png_.avif,https://ae-pic-a1.aliexpress-media.com/kf/Sa215f5d659d94373b869b4309ade7ce0N.jpg?has_lang=1&ver=1_220x220q75.jpg_.avif,https://ae-pic-a1.aliexpress-media.com/kf/S7ac0c491fd2f4df897b2ccef09d9c963S.jpg_220x220q75.jpg_.avif,https://ae-pic-a1.aliexpress-media.com/kf/S90bdd3c601074203af5e2aa7f6a6b7dbp.jpg_220x220q75.jpg_.avif","['whether full opening', 'No', 'High-concerned chemical', 'None', 'Applicable Season', 'Autumn And Winter', 'Craft of Weaving', 'Knit', 'Applicable Scene', 'CASUAL', 'Hooded', 'No']",https://www.aliexpress.us/item/3256807381852268.html?algo_pvid=274b7b74-ddeb-40e5-9938-9f3320d2505e&algo_exp_id=274b7b74-ddeb-40e5-9938-9f3320d2505e-11&pdp_ext_f=%7B%22order%22%3A%22473%22%2C%22spu_best_type%22%3A%22price%22%2C%22eval%22%3A%221%22%2C%22fromPage%22%3A%22search%22%7D&pdp_npi=6%40dis%21USD%2156.89%2127.20%21%21%21389.42%21186.24%21%402101f11417754304375082415e0ce4%2112000041376219375%21sea%21US%210%21ABX%211%210%21n_tag%3A-29910%3Bd%3Ab1e5c83a%3Bm03_new_user%3A-29895%3BpisId%3A5000000197827853&curPageLogUid=UjwQlxYx2l2W&utparam-url=scene%3Asearch%7Cquery_from%3A%7Cx_object_id%3A1005007568167020%7C_p_origin_prod%3A
Vintage Plaid Sweater Pullover Men Thick Warm Knitwear Winter Autumn Clothing Patchwork Men's Fleeced Polo Collar Pullovers,$3.49,"https://ae-pic-a1.aliexpress-media.com/kf/S157b1242796e4cf2aec81213aedcd8f0T.jpg_220x220q75.jpg_.avif,https://ae-pic-a1.aliexpress-media.com/kf/S3aac83dc7cf949038fa1d3eddf6fb4b4J.jpg_220x220q75.jpg_.avif,https://ae-pic-a1.aliexpress-media.com/kf/Sdf262607dd4846c985cf2d411fef1a9bJ.jpg_220x220q75.jpg_.avif,https://ae-pic-a1.aliexpress-media.com/kf/S19c0142a43b24a2cb1037f5f18ccb628h.jpg_220x220q75.jpg_.avif,https://ae-pic-a1.aliexpress-media.com/kf/S553b939c07ab4ce9ad69bc07c011e777u.jpg_220x220q75.jpg_.avif","['Applicable Season', 'Autumn And Winter', 'Craft of Weaving', 'Knit', 'Applicable Scene', 'Daily', 'Place Of Origin', 'China (mainland)', 'Thickness', 'Fleece', 'Technics', 'Computer Knitted']",https://www.aliexpress.us/item/3256807108762490.html?algo_pvid=274b7b74-ddeb-40e5-9938-9f3320d2505e&algo_exp_id=274b7b74-ddeb-40e5-9938-9f3320d2505e-12&pdp_ext_f=%7B%22order%22%3A%22473%22%2C%22eval%22%3A%221%22%2C%22fromPage%22%3A%22search%22%7D&pdp_npi=6%40dis%21USD%2121.99%2110.89%21%21%21150.52%2174.58%21%402101f11417754304375082415e0ce4%2112000040098340602%21sea%21US%210%21ABX%211%210%21n_tag%3A-29910%3Bd%3Ab1e5c83a%3Bm03_new_user%3A-29895%3BpisId%3A5000000197827853&curPageLogUid=Baj3VgtCAJ15&utparam-url=scene%3Asearch%7Cquery_from%3A%7Cx_object_id%3A1005007295077242%7C_p_origin_prod%3A
"Customize Personalized Logos for Your Daily Life, Including Casual Neutral Decorations and Casual Sports Hoodies.",$1.84,"https://ae-pic-a1.aliexpress-media.com/kf/S96b399b273c94c97bd31a4cd09159630k.jpg?has_lang=1&ver=2_220x220q75.jpg_.avif,https://ae-pic-a1.aliexpress-media.com/kf/Sfe60b5aa6b8848e9a073671c86842debo.jpg?has_lang=1&ver=2_220x220q75.jpg_.avif,https://ae-pic-a1.aliexpress-media.com/kf/S23045e14767a4c5d969e812448f6c2d1u.jpg?has_lang=1&ver=2_220x220q75.jpg_.avif,https://ae-pic-a1.aliexpress-media.com/kf/S5184be2a2120474a966675975cdb35f7u.jpg?has_lang=1&ver=2_220x220q75.jpg_.avif,https://ae-pic-a1.aliexpress-media.com/kf/S9b1c349a922e4da99294c1ac08a27e3bd.jpg?has_lang=1&ver=2_220x220q75.jpg_.avif","['whether full opening', 'No', 'High-concerned chemical', 'None', 'Applicable Season', 'Spring', 'Craft of Weaving', 'Non-Woven', 'Applicable Scene', 'Trip', 'Sleeve Length(cm)', 'Full']",https://www.aliexpress.us/item/3256809226570032.html?algo_pvid=274b7b74-ddeb-40e5-9938-9f3320d2505e&algo_exp_id=274b7b74-ddeb-40e5-9938-9f3320d2505e-13&pdp_ext_f=%7B%22order%22%3A%22470%22%2C%22eval%22%3A%221%22%2C%22fromPage%22%3A%22search%22%7D&pdp_npi=6%40dis%21USD%2111.34%2111.24%21%21%2177.61%2176.93%21%402101f11417754304375082415e0ce4%2112000049020513571%21sea%21US%210%21ABX%211%210%21n_tag%3A-29910%3Bd%3Ab1e5c83a%3Bm03_new_user%3A-29895%3BpisId%3A5000000197827853&curPageLogUid=nTne7YvgiR60&utparam-url=scene%3Asearch%7Cquery_from%3A%7Cx_object_id%3A1005009412884784%7C_p_origin_prod%3A
100% Pure Wool Cashmere Sweater Men's Half Turtleneck Pullover Casual Fashion Thickening Top Knitting Sweater,$32.70,"https://ae-pic-a1.aliexpress-media.com/kf/S45d01e036c994c859a0c8b73957f9328q.jpg_220x220q75.jpg_.avif,https://ae-pic-a1.aliexpress-media.com/kf/S98390ea273a34829aea26f5e56496a65c.jpg_220x220q75.jpg_.avif,https://ae-pic-a1.aliexpress-media.com/kf/S5efaacb1b3314f658baaf13892b52c9dX.jpg_220x220q75.jpg_.avif,https://ae-pic-a1.aliexpress-media.com/kf/Sc7366dd88a82407a959760469917fadcz.jpg_220x220q75.jpg_.avif,https://ae-pic-a1.aliexpress-media.com/kf/S1c75def95aed41e59cc2d8d98114f836w.jpg_220x220q75.jpg_.avif","['whether full opening', 'No', 'High-concerned chemical', 'None', 'Applicable Season', 'Autumn And Winter', 'Craft of Weaving', 'Knit', 'Applicable Scene', 'Traveling', 'Hooded', 'No']",https://www.aliexpress.us/item/3256807651367631.html?algo_pvid=274b7b74-ddeb-40e5-9938-9f3320d2505e&algo_exp_id=274b7b74-ddeb-40e5-9938-9f3320d2505e-16&pdp_ext_f=%7B%22order%22%3A%22458%22%2C%22eval%22%3A%221%22%2C%22fromPage%22%3A%22search%22%7D&pdp_npi=6%40dis%21USD%2177.86%2132.70%21%21%21532.89%21223.81%21%402101f11417754304375082415e0ce4%2112000042424534298%21sea%21US%210%21ABX%211%210%21n_tag%3A-29910%3Bd%3Ab1e5c83a%3Bm03_new_user%3A-29895&curPageLogUid=eXd5KBrqhtWO&utparam-url=scene%3Asearch%7Cquery_from%3A%7Cx_object_id%3A1005007837682383%7C_p_origin_prod%3A
Cashmere Cotton Blend Turtleneck Men Jumper 2025 Autumn Winter Wram Clothes Vetement Homme Pull Homme Hiver Man Pullover Sweater,$18.00,"https://ae-pic-a1.aliexpress-media.com/kf/S941cf462bac44f2b9a10132fccd150a0s.jpg?has_lang=1&ver=2_220x220q75.jpg_.avif,https://ae-pic-a1.aliexpress-media.com/kf/S941cf462bac44f2b9a10132fccd150a0s.jpg?has_lang=1&ver=2_220x220q75.jpg_.avif,https://ae-pic-a1.aliexpress-media.com/kf/Sb292cc10fcfb4448910cc23a04b97232I.jpg_220x220q75.jpg_.avif,https://ae-pic-a1.aliexpress-media.com/kf/S9df19832a0c14365a9128d95f73999a1o.jpg_220x220q75.jpg_.avif,https://ae-pic-a1.aliexpress-media.com/kf/S9ccd9b98727543a6b1fe8da04b34f0a0G.jpg_220x220q75.jpg_.avif","['whether full opening', 'No', 'High-concerned chemical', 'None', 'Applicable Season', 'Autumn And Winter', 'Craft of Weaving', 'Knit', 'Applicable Scene', 'Daily', 'Hooded', 'No']",https://www.aliexpress.us/item/3256807322113199.html?algo_pvid=274b7b74-ddeb-40e5-9938-9f3320d2505e&algo_exp_id=274b7b74-ddeb-40e5-9938-9f3320d2505e-17&pdp_ext_f=%7B%22order%22%3A%22454%22%2C%22eval%22%3A%221%22%2C%22fromPage%22%3A%22search%22%7D&pdp_npi=6%40dis%21USD%2163.95%2127.40%21%21%21437.68%21187.52%21%402101f11417754304375082415e0ce4%2112000041090267172%21sea%21US%210%21ABX%211%210%21n_tag%3A-29910%3Bd%3Ab1e5c83a%3Bm03_new_user%3A-29895%3BpisId%3A5000000197827853&curPageLogUid=aNbn5YRqB09z&utparam-url=scene%3Asearch%7Cquery_from%3A%7Cx_object_id%3A1005007508427951%7C_p_origin_prod%3A
2023 New Autumn Zipper Pullover Sweaters for Men High Quality Warm Winter Stand Collar Cotton Knitted Sweater Men,$28.27,"https://ae-pic-a1.aliexpress-media.com/kf/S2feb8c92d2e04ee299bff433edd6f798E.jpg?has_lang=1&ver=2_220x220q75.jpg_.avif,https://ae-pic-a1.aliexpress-media.com/kf/S6574f8cf789d4c488163fc492785f2c6W.png?has_lang=1&ver=2_220x220.png_.avif,https://ae-pic-a1.aliexpress-media.com/kf/S69a8d7ea04544843b596bb880ff2e45e1.jpg_220x220q75.jpg_.avif,https://ae-pic-a1.aliexpress-media.com/kf/Sef389115a5844e2eb7c826de37902765d.jpg_220x220q75.jpg_.avif,https://ae-pic-a1.aliexpress-media.com/kf/Sfed18f0d977342a0b5b343515055e77c6.jpg?has_lang=1&ver=2_220x220q75.jpg_.avif","['whether full opening', 'No', 'High-concerned chemical', 'None', 'Applicable Season', 'Autumn And Winter', 'Applicable Scene', 'CASUAL', 'Hooded', 'No', 'Model Number', 'Y830']",https://www.aliexpress.us/item/3256807290449742.html?algo_pvid=274b7b74-ddeb-40e5-9938-9f3320d2505e&algo_exp_id=274b7b74-ddeb-40e5-9938-9f3320d2505e-18&pdp_ext_f=%7B%22order%22%3A%22454%22%2C%22eval%22%3A%221%22%2C%22orig_sl_item_id%22%3A%221005007476764494%22%2C%22orig_item_id%22%3A%221005005951133043%22%2C%22fromPage%22%3A%22search%22%7D&pdp_npi=6%40dis%21USD%2161.46%2128.27%21%21%21420.66%21193.50%21%402101f11417754304375082415e0ce4%2112000040910526351%21sea%21US%210%21ABX%211%210%21n_tag%3A-29910%3Bd%3Ab1e5c83a%3Bm03_new_user%3A-29895&curPageLogUid=OYCdvmB1HV8c&utparam-url=scene%3Asearch%7Cquery_from%3A%7Cx_object_id%3A1005007476764494%7C_p_origin_prod%3A1005005951133043
Autumn Mens Turtleneck Knitted Sweaters Solid Color Breathable Pullovers Winter Warm Outdoor Streetwear Basic Business Tops,$2.92,"https://ae-pic-a1.aliexpress-media.com/kf/S5dde0f14764b414988c2a7519436be6dS.jpg_220x220q75.jpg_.avif,https://ae-pic-a1.aliexpress-media.com/kf/S3338f958a57040fb8562dc623a55002ch.jpg_220x220q75.jpg_.avif,https://ae-pic-a1.aliexpress-media.com/kf/S241172a5279d462a903b2f7c4d403fd3Z.jpg_220x220q75.jpg_.avif,https://ae-pic-a1.aliexpress-media.com/kf/S0c1da62854e84e43b1c89ba930088a8am.jpg_220x220q75.jpg_.avif,https://ae-pic-a1.aliexpress-media.com/kf/S1a880b88017d42e3ab477f6c07d284f9Q.jpg_220x220q75.jpg_.avif","['whether full opening', 'No', 'High-concerned chemical', 'None', 'Applicable Season', 'Autumn And Winter', 'Applicable Scene', 'Daily', 'Sleeve Style', 'regular', 'Pattern Type', 'Solid']",https://www.aliexpress.us/item/3256807237229739.html?algo_pvid=274b7b74-ddeb-40e5-9938-9f3320d2505e&algo_exp_id=274b7b74-ddeb-40e5-9938-9f3320d2505e-19&pdp_ext_f=%7B%22order%22%3A%22448%22%2C%22eval%22%3A%221%22%2C%22fromPage%22%3A%22search%22%7D&pdp_npi=6%40dis%21USD%2121.25%2110.32%21%21%21145.42%2170.58%21%402101f11417754304375082415e0ce4%2112000040698641147%21sea%21US%210%21ABX%211%210%21n_tag%3A-29910%3Bd%3Ab1e5c83a%3Bm03_new_user%3A-29895%3BpisId%3A5000000197827853&curPageLogUid=Lu2sV0WEuHlG&utparam-url=scene%3Asearch%7Cquery_from%3A%7Cx_object_id%3A1005007423544491%7C_p_origin_prod%3A
Autumn Winter Men's Fleece Lined Warm Sweatshirt Casual Pullover Men Fashion Long Sleeve Hoodies Outdoor Men's Clothing Top,$3.24,"https://ae-pic-a1.aliexpress-media.com/kf/S1c34a6f12a454755bb00928d677505abZ.jpg?has_lang=1&ver=2_220x220q75.jpg_.avif,https://ae-pic-a1.aliexpress-media.com/kf/Sdcdeebc8c6614b1c8fe8bb33a065707ca.jpg_220x220q75.jpg_.avif,https://ae-pic-a1.aliexpress-media.com/kf/S15bb80ccad1843e699948d760454677dl.jpg?has_lang=1&ver=1_220x220q75.jpg_.avif,https://ae-pic-a1.aliexpress-media.com/kf/S02568091bf8a4a119c8d6eb0034f6fa8X.jpg_220x220q75.jpg_.avif,https://ae-pic-a1.aliexpress-media.com/kf/S4bdf8810105e44dd8562aeb6a08379f6C.jpg_220x220q75.jpg_.avif","['whether full opening', 'No', 'High-concerned chemical', 'None', 'Applicable Season', 'Autumn And Winter', 'Craft of Weaving', 'Knit', 'Applicable Scene', 'Daily', 'Hooded', 'No']",https://www.aliexpress.us/item/3256809761094872.html?algo_pvid=274b7b74-ddeb-40e5-9938-9f3320d2505e&algo_exp_id=274b7b74-ddeb-40e5-9938-9f3320d2505e-20&pdp_ext_f=%7B%22order%22%3A%22444%22%2C%22eval%22%3A%221%22%2C%22fromPage%22%3A%22search%22%7D&pdp_npi=6%40dis%21USD%2126.53%2112.64%21%21%21181.57%2186.47%21%402101f11417754304375082415e0ce4%2112000050653460506%21sea%21US%210%21ABX%211%210%21n_tag%3A-29910%3Bd%3Ab1e5c83a%3Bm03_new_user%3A-29895%3BpisId%3A5000000197827853&curPageLogUid=lXPuAe4ToZwx&utparam-url=scene%3Asearch%7Cquery_from%3A%7Cx_object_id%3A1005009947409624%7C_p_origin_prod%3A
Men's Classic Crewneck Knit Pullover Sweater Long Sleeve Soft Casual Lightweight Solid Color Softwear for Men,$1.98,"https://ae-pic-a1.aliexpress-media.com/kf/S9965b4b9fab3485195f6a61510a263b9h.jpg_220x220q75.jpg_.avif,https://ae-pic-a1.aliexpress-media.com/kf/S461e6c50b9864917b27d5b22755c8c63x.jpg_220x220q75.jpg_.avif,https://ae-pic-a1.aliexpress-media.com/kf/S5d67f46974024306a65f1ab52684a263X.jpg_220x220q75.jpg_.avif,https://ae-pic-a1.aliexpress-media.com/kf/S68f3410daad0490eaccb9017458d23a7e.jpg_220x220q75.jpg_.avif,https://ae-pic-a1.aliexpress-media.com/kf/Sa7cfbe52fac442f0be67457e38f3c27bt.jpg_220x220q75.jpg_.avif","['whether full opening', 'Yes', 'High-concerned chemical', 'None', 'Applicable Season', 'Autumn And Winter', 'Craft of Weaving', 'Knit', 'Applicable Scene', 'CASUAL', 'Hooded', 'No']",https://www.aliexpress.us/item/3256809119441110.html?algo_pvid=274b7b74-ddeb-40e5-9938-9f3320d2505e&algo_exp_id=274b7b74-ddeb-40e5-9938-9f3320d2505e-21&pdp_ext_f=%7B%22order%22%3A%22440%22%2C%22eval%22%3A%221%22%2C%22fromPage%22%3A%22search%22%7D&pdp_npi=6%40dis%21USD%2123.42%2111.38%21%21%21160.29%2177.86%21%402101f11417754304375082415e0ce4%2112000048685524478%21sea%21US%210%21ABX%211%210%21n_tag%3A-29910%3Bd%3Ab1e5c83a%3Bm03_new_user%3A-29895%3BpisId%3A5000000197827853&curPageLogUid=9zb7Q6npfwLL&utparam-url=scene%3Asearch%7Cquery_from%3A%7Cx_object_id%3A1005009305755862%7C_p_origin_prod%3A
Cotton Sweater Men Long Sleeve Pullovers Outwear Man V Neck Male Sweaters Fashion Brand Loose Fit Knitting Clothing Korean Style,$4.09,"https://ae-pic-a1.aliexpress-media.com/kf/H7fe5f9f68c97425b9795fc50ddd28d727.jpg_220x220q75.jpg_.avif,https://ae-pic-a1.aliexpress-media.com/kf/H9911691af4c1402184dd09c96531c97di.jpg?has_lang=1&ver=2_220x220q75.jpg_.avif,https://ae-pic-a1.aliexpress-media.com/kf/H4954a21d825d4ea38a03a2aa2c9a4e67R.jpg_220x220q75.jpg_.avif,https://ae-pic-a1.aliexpress-media.com/kf/H099026d2fa5243208fe7eb621d45b0f9p.jpg_220x220q75.jpg_.avif,https://ae-pic-a1.aliexpress-media.com/kf/H7b6e3d3fabd5477caeea44ea14f3a582i.jpg_220x220q75.jpg_.avif","['whether full opening', 'No', 'High-concerned chemical', 'None', 'Applicable Season', 'Spring And Autumn', 'Craft of Weaving', 'Knit', 'Applicable Scene', 'CASUAL', 'Hooded', 'No']",https://www.aliexpress.us/item/3256802455337022.html?algo_pvid=274b7b74-ddeb-40e5-9938-9f3320d2505e&algo_exp_id=274b7b74-ddeb-40e5-9938-9f3320d2505e-22&pdp_ext_f=%7B%22order%22%3A%22436%22%2C%22eval%22%3A%221%22%2C%22fromPage%22%3A%22search%22%7D&pdp_npi=6%40dis%21USD%2113.59%2113.49%21%21%2193.01%2192.33%21%402101f11417754304375082415e0ce4%2112000021523730954%21sea%21US%210%21ABX%211%210%21n_tag%3A-29910%3Bd%3Ab1e5c83a%3Bm03_new_user%3A-29895%3BpisId%3A5000000197827853&curPageLogUid=PnYxAtdEV1dm&utparam-url=scene%3Asearch%7Cquery_from%3A%7Cx_object_id%3A1005002641651774%7C_p_origin_prod%3A
New Winter Turtleneck Thick Mens Sweaters Casual Turtle Neck Solid Color Quality Warm Slim Turtleneck Sweaters Pullover Men,$11.19,"https://ae-pic-a1.aliexpress-media.com/kf/S0c44564636794943ac6bef5decda00a3b.jpg_220x220q75.jpg_.avif,https://ae-pic-a1.aliexpress-media.com/kf/S0c44564636794943ac6bef5decda00a3b.jpg_220x220q75.jpg_.avif,https://ae-pic-a1.aliexpress-media.com/kf/S5cd76125650543cb83713ab7ce18f5d57.png?has_lang=1&ver=2_220x220.png_.avif,https://ae-pic-a1.aliexpress-media.com/kf/Sd0c237f2eeb04d818e207727cb4e0dff7.jpg_220x220q75.jpg_.avif,https://ae-pic-a1.aliexpress-media.com/kf/Sf14ee0efe9f64a80bd1c07ad3b197d6fy.jpg_220x220q75.jpg_.avif","['whether full opening', 'No', 'High-concerned chemical', 'None', 'Applicable Season', 'Autumn And Winter', 'Applicable Scene', 'CASUAL', 'Hooded', 'No', 'Model Number', 'HIGH001']",https://www.aliexpress.us/item/3256804842283246.html?algo_pvid=274b7b74-ddeb-40e5-9938-9f3320d2505e&algo_exp_id=274b7b74-ddeb-40e5-9938-9f3320d2505e-23&pdp_ext_f=%7B%22order%22%3A%22434%22%2C%22eval%22%3A%221%22%2C%22fromPage%22%3A%22search%22%7D&pdp_npi=6%40dis%21USD%2142.23%2120.59%21%21%21289.08%21140.97%21%402101f11417754304375082415e0ce4%2112000031387243722%21sea%21US%210%21ABX%211%210%21n_tag%3A-29910%3Bd%3Ab1e5c83a%3Bm03_new_user%3A-29895%3BpisId%3A5000000197827853&curPageLogUid=lit56OVGAxX1&utparam-url=scene%3Asearch%7Cquery_from%3A%7Cx_object_id%3A1005005028597998%7C_p_origin_prod%3A
Autumn Mens Mock Neck Sweaters Casual Turtleneck Knitted Long Sleeve Pullover Sweater Winter Outdoor Warm Basic Casual Tops,$10.24,"https://ae-pic-a1.aliexpress-media.com/kf/S8477efa306414ac496b46aefff91bb37J.jpg?has_lang=1&ver=2_220x220q75.jpg_.avif,https://ae-pic-a1.aliexpress-media.com/kf/Sd267a8217bee4c07a083544d4162cc10m.jpg_220x220q75.jpg_.avif,https://ae-pic-a1.aliexpress-media.com/kf/S9f2f19f764384fe6a8228d14f57aae5aC.jpg_220x220q75.jpg_.avif,https://ae-pic-a1.aliexpress-media.com/kf/Se377c4f9fd0d45f3b7a26fdf70faca2db.jpg_220x220q75.jpg_.avif,https://ae-pic-a1.aliexpress-media.com/kf/S38c4155d8b8040e3a52201c303234300f.jpg_220x220q75.jpg_.avif","['whether full opening', 'No', 'High-concerned chemical', 'None', 'Applicable Season', 'Autumn And Winter', 'Applicable Scene', 'CASUAL', 'Sleeve Style', 'regular', 'Pattern Type', 'Solid']",https://www.aliexpress.us/item/3256810099281311.html?algo_pvid=274b7b74-ddeb-40e5-9938-9f3320d2505e&algo_exp_id=274b7b74-ddeb-40e5-9938-9f3320d2505e-24&pdp_ext_f=%7B%22order%22%3A%22431%22%2C%22spu_best_type%22%3A%22price%22%2C%22eval%22%3A%221%22%2C%22orig_sl_item_id%22%3A%221005010285596063%22%2C%22orig_item_id%22%3A%221005009923786742%22%2C%22fromPage%22%3A%22search%22%7D&pdp_npi=6%40dis%21USD%2120.91%2110.24%21%21%21143.10%2170.04%21%402101f11417754304375082415e0ce4%2112000051791918597%21sea%21US%210%21ABX%211%210%21n_tag%3A-29910%3Bd%3Ab1e5c83a%3Bm03_new_user%3A-29895%3BpisId%3A5000000204100412&curPageLogUid=A2Pml3klRJyw&utparam-url=scene%3Asearch%7Cquery_from%3A%7Cx_object_id%3A1005010285596063%7C_p_origin_prod%3A1005009923786742
Autumn Mens Mock Neck Sweaters Casual Turtleneck Knitted Long Sleeve Pullover Sweater Winter Outdoor Warm Basic Casual Tops,$1.55,"https://ae-pic-a1.aliexpress-media.com/kf/S8477efa306414ac496b46aefff91bb37J.jpg?has_lang=1&ver=2_220x220q75.jpg_.avif,https://ae-pic-a1.aliexpress-media.com/kf/Sd267a8217bee4c07a083544d4162cc10m.jpg_220x220q75.jpg_.avif,https://ae-pic-a1.aliexpress-media.com/kf/S9f2f19f764384fe6a8228d14f57aae5aC.jpg_220x220q75.jpg_.avif,https://ae-pic-a1.aliexpress-media.com/kf/Se377c4f9fd0d45f3b7a26fdf70faca2db.jpg_220x220q75.jpg_.avif,https://ae-pic-a1.aliexpress-media.com/kf/S38c4155d8b8040e3a52201c303234300f.jpg_220x220q75.jpg_.avif","['whether full opening', 'No', 'High-concerned chemical', 'None', 'Applicable Season', 'Autumn And Winter', 'Applicable Scene', 'CASUAL', 'Sleeve Style', 'regular', 'Pattern Type', 'Solid']",https://www.aliexpress.us/item/3256809737471990.html?algo_pvid=274b7b74-ddeb-40e5-9938-9f3320d2505e&algo_exp_id=274b7b74-ddeb-40e5-9938-9f3320d2505e-25&pdp_ext_f=%7B%22order%22%3A%22431%22%2C%22eval%22%3A%221%22%2C%22fromPage%22%3A%22search%22%7D&pdp_npi=6%40dis%21USD%2121.55%218.95%21%21%21147.50%2161.27%21%402101f11417754304375082415e0ce4%2112000050589349332%21sea%21US%210%21ABX%211%210%21n_tag%3A-29910%3Bd%3Ab1e5c83a%3Bm03_new_user%3A-29895%3BpisId%3A5000000197827853&curPageLogUid=9BgKl2PJEdnv&utparam-url=scene%3Asearch%7Cquery_from%3A%7Cx_object_id%3A1005009923786742%7C_p_origin_prod%3A
new Mens Crew Neck Sweaters Long Sleeve Lightweight Knit Dress Pullover Sweaters Casual outwear Twist Patterned Cable Sweaters,$1.10,"https://ae-pic-a1.aliexpress-media.com/kf/Sd82e484b3b5144999e1d8144d1cca08br.jpg_220x220q75.jpg_.avif,https://ae-pic-a1.aliexpress-media.com/kf/S99f783658b114aa7af24cb1c43dc7e4bg.jpg_220x220q75.jpg_.avif,https://ae-pic-a1.aliexpress-media.com/kf/Sd1de00c9d19748b69fea9e40c9a84083n.jpg_220x220q75.jpg_.avif,https://ae-pic-a1.aliexpress-media.com/kf/S971d344c063b4283a908ac3b7d70d5b4W.jpg_220x220q75.jpg_.avif,https://ae-pic-a1.aliexpress-media.com/kf/Se4e1b349fb65452bb291004e3b5b6a23b.jpg_220x220q75.jpg_.avif","['whether full opening', 'No', 'High-concerned chemical', 'None', 'Applicable Season', 'Autumn And Winter', 'Applicable Scene', 'Daily', 'Hooded', 'No', 'Decoration', 'NONE']",https://www.aliexpress.us/item/3256809541644089.html?algo_pvid=274b7b74-ddeb-40e5-9938-9f3320d2505e&algo_exp_id=274b7b74-ddeb-40e5-9938-9f3320d2505e-26&pdp_ext_f=%7B%22order%22%3A%22429%22%2C%22spu_best_type%22%3A%22price%22%2C%22eval%22%3A%221%22%2C%22fromPage%22%3A%22search%22%7D&pdp_npi=6%40dis%21USD%2121.62%2110.50%21%21%21147.97%2171.83%21%402101f11417754304375082415e0ce4%2112000049968282738%21sea%21US%210%21ABX%211%210%21n_tag%3A-29910%3Bd%3Ab1e5c83a%3Bm03_new_user%3A-29895%3BpisId%3A5000000197827853&curPageLogUid=umWyJWP0LLFG&utparam-url=scene%3Asearch%7Cquery_from%3A%7Cx_object_id%3A1005009727958841%7C_p_origin_prod%3A
Autumn Winter Turtleneck Sweater Men 2023 New Casual Solid Knitted Cardigan Men FullSleeve Slim Mens Oversized Sweaters Coat men,$24.99,"https://ae-pic-a1.aliexpress-media.com/kf/Hd2d2e41b827445b79e651ec18d7dc70aj.jpg_220x220q75.jpg_.avif,https://ae-pic-a1.aliexpress-media.com/kf/H0275755bea4b41489f520f1e90733b805.jpg_220x220q75.jpg_.avif,https://ae-pic-a1.aliexpress-media.com/kf/H1359e4a4018544519c8061d7dc39d120j.jpg_220x220q75.jpg_.avif,https://ae-pic-a1.aliexpress-media.com/kf/H8764556cfbb3493498dbfaaeecea9678g.jpg_220x220q75.jpg_.avif,https://ae-pic-a1.aliexpress-media.com/kf/He75cc83269b14b268fed6f2c7ecbce75L.jpg_220x220q75.jpg_.avif","['whether full opening', 'Yes', 'High-concerned chemical', 'None', 'Applicable Season', 'Autumn And Winter', 'Applicable Scene', 'CASUAL', 'Hooded', 'No', 'Model Number', 'sweater men']",https://www.aliexpress.us/item/3256801802544570.html?algo_pvid=274b7b74-ddeb-40e5-9938-9f3320d2505e&algo_exp_id=274b7b74-ddeb-40e5-9938-9f3320d2505e-27&pdp_ext_f=%7B%22order%22%3A%22421%22%2C%22eval%22%3A%221%22%2C%22fromPage%22%3A%22search%22%7D&pdp_npi=6%40dis%21USD%2152.07%2124.99%21%21%2152.07%2124.99%21%402101f11417754304375082415e0ce4%2112000018328108896%21sea%21US%210%21ABX%211%210%21n_tag%3A-29910%3Bd%3Ab1e5c83a%3Bm03_new_user%3A-29895&curPageLogUid=ihaJLJxpK7g2&utparam-url=scene%3Asearch%7Cquery_from%3A%7Cx_object_id%3A1005001988859322%7C_p_origin_prod%3A
Christmas Santa Claus Pet Cat Knitted Ugly Sweater Graffiti Retro Vintage 3DPrint Pullover Harajuku Casual Funny Long Sleeves 43,$7.02,"https://ae-pic-a1.aliexpress-media.com/kf/S7bc4c7da43944207812060f8c99dac641.jpg_220x220q75.jpg_.avif,https://ae-pic-a1.aliexpress-media.com/kf/S65da4ec1144841859e0ec757c37be6a4V.jpg?has_lang=1&ver=2_220x220q75.jpg_.avif,https://ae-pic-a1.aliexpress-media.com/kf/S30272f15ef794c98b5f79523d5314c52y.jpg?has_lang=1&ver=2_220x220q75.jpg_.avif,https://ae-pic-a1.aliexpress-media.com/kf/Sbf4906d2229b45469d850cd4bdc57c40r.jpg?has_lang=1&ver=1_220x220q75.jpg_.avif,https://ae-pic-a1.aliexpress-media.com/kf/S3328556bd88e468493defc9070f10f9bf.jpg?has_lang=1&ver=2_220x220q75.jpg_.avif","['whether full opening', 'No', 'High-concerned chemical', 'None', 'Applicable Season', 'Autumn And Winter', 'Applicable Scene', 'Daily', 'Hooded', 'No', 'Sleeve Style', 'regular']",https://www.aliexpress.us/item/3256810132843460.html?algo_pvid=274b7b74-ddeb-40e5-9938-9f3320d2505e&algo_exp_id=274b7b74-ddeb-40e5-9938-9f3320d2505e-28&pdp_ext_f=%7B%22order%22%3A%22420%22%2C%22eval%22%3A%221%22%2C%22fromPage%22%3A%22search%22%7D&pdp_npi=6%40dis%21USD%219.12%217.02%21%21%219.12%217.02%21%402101f11417754304375082415e0ce4%2112000051935481653%21sea%21US%210%21ABX%211%210%21n_tag%3A-29910%3Bd%3Ab1e5c83a%3Bm03_new_user%3A-29895&curPageLogUid=mnp7npG83thP&utparam-url=scene%3Asearch%7Cquery_from%3A%7Cx_object_id%3A1005010319158212%7C_p_origin_prod%3A
Men 100% Merino Wool Sweater V-Neck Pullover Autumn Winter Cashmere Warm Solid Knitwear Clothes Business Bottoming Soft Tops,$15.74,"https://ae-pic-a1.aliexpress-media.com/kf/S9d2d757cc3214c4e8b6bad038fa3310bO.jpg_220x220q75.jpg_.avif,https://ae-pic-a1.aliexpress-media.com/kf/S8575814d70ee4c73b87ab8931f83b2de0.jpg_220x220q75.jpg_.avif,https://ae-pic-a1.aliexpress-media.com/kf/S397e4ad97d5349da81e9003d5bfc697bC.jpg_220x220q75.jpg_.avif,https://ae-pic-a1.aliexpress-media.com/kf/Se8e2ebceda704977a5de7296b7fd00b70.jpg_220x220q75.jpg_.avif,https://ae-pic-a1.aliexpress-media.com/kf/Se1feb98b65f046aab682040f7b0edd58O.jpg_220x220q75.jpg_.avif","['whether full opening', 'No', 'High-concerned chemical', 'None', 'Craft of Weaving', 'Knit', 'Applicable Season', 'Autumn And Winter', 'Applicable Scene', 'Business', 'Hooded', 'No']",https://www.aliexpress.us/item/3256807266946894.html?algo_pvid=274b7b74-ddeb-40e5-9938-9f3320d2505e&algo_exp_id=274b7b74-ddeb-40e5-9938-9f3320d2505e-29&pdp_ext_f=%7B%22order%22%3A%22420%22%2C%22eval%22%3A%221%22%2C%22fromPage%22%3A%22search%22%7D&pdp_npi=6%40dis%21USD%2126.12%2125.14%21%21%21178.75%21172.02%21%402101f11417754304375082415e0ce4%2112000040822105496%21sea%21US%210%21ABX%211%210%21n_tag%3A-29910%3Bd%3Ab1e5c83a%3Bm03_new_user%3A-29895%3BpisId%3A5000000197827853&curPageLogUid=I0lEeKZ28XPF&utparam-url=scene%3Asearch%7Cquery_from%3A%7Cx_object_id%3A1005007453261646%7C_p_origin_prod%3A
New Autumn/Winter Mock Neck Sweater Men Solid Color Pullovers Man Half Turtleneck Knitwear Fashion Brand Casual Mens Clothing,$2.94,"https://ae-pic-a1.aliexpress-media.com/kf/S44721915c380413c89755d669756ed488.jpg_220x220q75.jpg_.avif,https://ae-pic-a1.aliexpress-media.com/kf/Se95ebb6f12214149829c242b56c412d3Q.jpg_220x220q75.jpg_.avif,https://ae-pic-a1.aliexpress-media.com/kf/S46604c4c38024e00a462b54743fd7ef5P.jpg_220x220q75.jpg_.avif,https://ae-pic-a1.aliexpress-media.com/kf/S6c7ef0ae16b042fab705ba799c333e20O.jpg_220x220q75.jpg_.avif,https://ae-pic-a1.aliexpress-media.com/kf/S6d7c6d21c2ff4b608cbe294e1d027262I.jpg_220x220q75.jpg_.avif","['whether full opening', 'No', 'High-concerned chemical', 'None', 'Applicable Season', 'Autumn And Winter', 'Applicable Scene', 'Daily', 'Thickness', 'Standard', 'Material', 'Other,POLYESTER,Acrylic']",https://www.aliexpress.us/item/3256805780453993.html?algo_pvid=274b7b74-ddeb-40e5-9938-9f3320d2505e&algo_exp_id=274b7b74-ddeb-40e5-9938-9f3320d2505e-30&pdp_ext_f=%7B%22order%22%3A%22420%22%2C%22spu_best_type%22%3A%22price%22%2C%22eval%22%3A%221%22%2C%22fromPage%22%3A%22search%22%7D&pdp_npi=6%40dis%21USD%2120.47%2110.34%21%21%21140.14%2170.79%21%402101f11417754304375082415e0ce4%2112000035088311253%21sea%21US%210%21ABX%211%210%21n_tag%3A-29910%3Bd%3Ab1e5c83a%3Bm03_new_user%3A-29895%3BpisId%3A5000000197827853&curPageLogUid=hHcsA0903wvw&utparam-url=scene%3Asearch%7Cquery_from%3A%7Cx_object_id%3A1005005966768745%7C_p_origin_prod%3A
Wool Men's Sweaters V-neck Pullovers Cashmere Knitting Hot Sale Spring Autumn Sweaters Knitwear High Quality Jumpers Clothes,$7.93,"https://ae-pic-a1.aliexpress-media.com/kf/S06601b2410b04d3086149b775e591572L.jpg_220x220q75.jpg_.avif,https://ae-pic-a1.aliexpress-media.com/kf/S7c10d0b21cfe4494bea66d36740760a5a.jpg_220x220q75.jpg_.avif,https://ae-pic-a1.aliexpress-media.com/kf/S0e7c4d12072641e3949c55c02926e518z.jpg?has_lang=1&ver=2_220x220q75.jpg_.avif,https://ae-pic-a1.aliexpress-media.com/kf/Scce549ee356348af8f371c911007e614P.jpg_220x220q75.jpg_.avif,https://ae-pic-a1.aliexpress-media.com/kf/Sa5053d663ef14e2aaa60d7f6fbb42645R.jpg?has_lang=1&ver=1_220x220q75.jpg_.avif","['whether full opening', 'No', 'High-concerned chemical', 'None', 'Applicable Season', 'Autumn And Winter', 'Craft of Weaving', 'Knit', 'Applicable Scene', 'CASUAL', 'Hooded', 'No']",https://www.aliexpress.us/item/3256807533988051.html?algo_pvid=274b7b74-ddeb-40e5-9938-9f3320d2505e&algo_exp_id=274b7b74-ddeb-40e5-9938-9f3320d2505e-31&pdp_ext_f=%7B%22order%22%3A%22419%22%2C%22eval%22%3A%221%22%2C%22fromPage%22%3A%22search%22%7D&pdp_npi=6%40dis%21USD%2135.57%2117.33%21%21%21243.48%21118.63%21%402101f11417754304375082415e0ce4%2112000041968975120%21sea%21US%210%21ABX%211%210%21n_tag%3A-29910%3Bd%3Ab1e5c83a%3Bm03_new_user%3A-29895%3BpisId%3A5000000197827851&curPageLogUid=6mFDvLZmQW7k&utparam-url=scene%3Asearch%7Cquery_from%3A%7Cx_object_id%3A1005007720302803%7C_p_origin_prod%3A
Animal Game Luxury Men's Cold Blouse Casual Sweaters Woolen Turtleneck Pullover Basic Stripes Tshirts Warm Sweatshirt Knit Men,$1.61,"https://ae-pic-a1.aliexpress-media.com/kf/S6798f4f0d86542c19fc9e63559bcd436c.jpg?has_lang=1&ver=2_220x220q75.jpg_.avif,https://ae-pic-a1.aliexpress-media.com/kf/S189596886b4047d48438d1e95b05c822F.jpg_220x220q75.jpg_.avif,https://ae-pic-a1.aliexpress-media.com/kf/S1b2ca949085641ffa263baa2afe75fa3K.jpg_220x220q75.jpg_.avif,https://ae-pic-a1.aliexpress-media.com/kf/Sad056c136b9140bebf19ebfbdf40dda93.jpg_220x220q75.jpg_.avif,https://ae-pic-a1.aliexpress-media.com/kf/S1e223af1d6f243259cac7aafce38640cV.jpg_220x220q75.jpg_.avif","['whether full opening', 'No', 'High-concerned chemical', 'None', 'Applicable Season', 'Autumn And Winter', 'Applicable Scene', 'CASUAL', 'Hooded', 'No', 'Sleeve Style', 'regular']",https://www.aliexpress.us/item/3256810001316959.html?algo_pvid=274b7b74-ddeb-40e5-9938-9f3320d2505e&algo_exp_id=274b7b74-ddeb-40e5-9938-9f3320d2505e-32&pdp_ext_f=%7B%22order%22%3A%22418%22%2C%22eval%22%3A%221%22%2C%22fromPage%22%3A%22search%22%7D&pdp_npi=6%40dis%21USD%2123.63%2110.00%21%21%21161.71%2168.40%21%402101f11417754304375082415e0ce4%2112000051455251997%21sea%21US%210%21ABX%211%210%21n_tag%3A-29910%3Bd%3Ab1e5c83a%3Bm03_new_user%3A-29895%3BpisId%3A5000000203832314&curPageLogUid=ElbGMPb9CKfZ&utparam-url=scene%3Asearch%7Cquery_from%3A%7Cx_object_id%3A1005010187631711%7C_p_origin_prod%3A
Male Fleece Polo Shirt Men's Pullover Autumn Winter T-shirt Collar Sweaters Cold Blouse Navy Blue Khaki Korean Clothing,$5.30,"https://ae-pic-a1.aliexpress-media.com/kf/S2dbdc697cea04144ba47afbf496b156an.jpg_220x220q75.jpg_.avif,https://ae-pic-a1.aliexpress-media.com/kf/S2dbdc697cea04144ba47afbf496b156an.jpg_220x220q75.jpg_.avif,https://ae-pic-a1.aliexpress-media.com/kf/Sb312b9ca3e3c4871b5e3d56c4b33fec1W.jpg_220x220q75.jpg_.avif,https://ae-pic-a1.aliexpress-media.com/kf/S98bbc941ad504a7d84d59783628f29a7h.jpg_220x220q75.jpg_.avif,https://ae-pic-a1.aliexpress-media.com/kf/S503ffed009624d21a1600dc8fbf72861a.jpg_220x220q75.jpg_.avif","['whether full opening', 'No', 'High-concerned chemical', 'None', 'Applicable Season', 'Autumn And Winter', 'Applicable Scene', 'Daily', 'Sleeve Style', 'regular', 'Place Of Origin', 'China (mainland)']",https://www.aliexpress.us/item/3256807450625316.html?algo_pvid=274b7b74-ddeb-40e5-9938-9f3320d2505e&algo_exp_id=274b7b74-ddeb-40e5-9938-9f3320d2505e-33&pdp_ext_f=%7B%22order%22%3A%22416%22%2C%22spu_best_type%22%3A%22price%22%2C%22eval%22%3A%221%22%2C%22fromPage%22%3A%22search%22%7D&pdp_npi=6%40dis%21USD%2127.82%2112.70%21%21%21190.39%2186.90%21%402101f11417754304375082415e0ce4%2112000041592129841%21sea%21US%210%21ABX%211%210%21n_tag%3A-29910%3Bd%3Ab1e5c83a%3Bm03_new_user%3A-29895%3BpisId%3A5000000197827853&curPageLogUid=UY1g9B05gGCF&utparam-url=scene%3Asearch%7Cquery_from%3A%7Cx_object_id%3A1005007636940068%7C_p_origin_prod%3A
New Men's Pullover Knitted Slim Fit Sweaters Casual Turtleneck Sweashirts Casual Warm Tops Basic Solid Color Loose Sweatwear,$5.12,"https://ae-pic-a1.aliexpress-media.com/kf/S33306714ea164203ac0a895d7ce2ae75o.jpg_220x220q75.jpg_.avif,https://ae-pic-a1.aliexpress-media.com/kf/S03e60ac3dde448349bafb2e0cb19814ft.jpg_220x220q75.jpg_.avif,https://ae-pic-a1.aliexpress-media.com/kf/S7871a56bc06747eca4979236d53b3bd95.jpg_220x220q75.jpg_.avif,https://ae-pic-a1.aliexpress-media.com/kf/Sa451514bea7c4301a5c58bdeb6199a4eP.jpg_220x220q75.jpg_.avif,https://ae-pic-a1.aliexpress-media.com/kf/Seb6a1f27dc0f478ab8077c87519d3246K.jpg_220x220q75.jpg_.avif","['whether full opening', 'No', 'High-concerned chemical', 'None', 'Applicable Season', 'Autumn And Winter', 'Applicable Scene', 'CASUAL', 'Sleeve Style', 'regular', 'Thickness', 'Standard']",https://www.aliexpress.us/item/3256806906605694.html?algo_pvid=274b7b74-ddeb-40e5-9938-9f3320d2505e&algo_exp_id=274b7b74-ddeb-40e5-9938-9f3320d2505e-34&pdp_ext_f=%7B%22order%22%3A%22410%22%2C%22eval%22%3A%221%22%2C%22fromPage%22%3A%22search%22%7D&pdp_npi=6%40dis%21USD%2124.28%2112.28%21%21%21166.21%2184.10%21%402101f11417754304375082415e0ce4%2112000039378856676%21sea%21US%210%21ABX%211%210%21n_tag%3A-29910%3Bd%3Ab1e5c83a%3Bm03_new_user%3A-29895%3BpisId%3A5000000203832314&curPageLogUid=5dTbAJEPcm8d&utparam-url=scene%3Asearch%7Cquery_from%3A%7Cx_object_id%3A1005007092920446%7C_p_origin_prod%3A
Animal Game Men's Long Turtleneck Stripes Sweater Casual Knitwear Pullover Sweaters Outdoor Warm Thick Heavyweight Cold Blouse,$4.04,"https://ae-pic-a1.aliexpress-media.com/kf/Sc93ac2d77f67483bb1be18e8125ef7e4d.jpg?has_lang=1&ver=2_220x220q75.jpg_.avif,https://ae-pic-a1.aliexpress-media.com/kf/S1a24778e7a074b8d85e08d814268ab41G.jpg_220x220q75.jpg_.avif,https://ae-pic-a1.aliexpress-media.com/kf/S5ed1ffe1328a4bf4981a72a3900269097.jpg_220x220q75.jpg_.avif,https://ae-pic-a1.aliexpress-media.com/kf/Sb834678e11404ecfbc341ae649b1409eX.jpg_220x220q75.jpg_.avif,https://ae-pic-a1.aliexpress-media.com/kf/Sff85af47f9244832bc94b41719cf4e8bW.jpg_220x220q75.jpg_.avif","['whether full opening', 'No', 'High-concerned chemical', 'None', 'Applicable Season', 'Autumn And Winter', 'Applicable Scene', 'CASUAL', 'Hooded', 'No', 'Sleeve Style', 'regular']",https://www.aliexpress.us/item/3256809835122989.html?algo_pvid=274b7b74-ddeb-40e5-9938-9f3320d2505e&algo_exp_id=274b7b74-ddeb-40e5-9938-9f3320d2505e-35&pdp_ext_f=%7B%22order%22%3A%22408%22%2C%22spu_best_type%22%3A%22price%22%2C%22eval%22%3A%221%22%2C%22fromPage%22%3A%22search%22%7D&pdp_npi=6%40dis%21USD%2124.04%2111.18%21%21%21164.53%2176.51%21%402101f11417754304375082415e0ce4%2112000050861725185%21sea%21US%210%21ABX%211%210%21n_tag%3A-29910%3Bd%3Ab1e5c83a%3Bm03_new_user%3A-29895%3BpisId%3A5000000203821647&curPageLogUid=1MRk3MxnBA0U&utparam-url=scene%3Asearch%7Cquery_from%3A%7Cx_object_id%3A1005010021437741%7C_p_origin_prod%3A
Men's Crewneck Knitted Pullover Sweater Fit Long Sleeve Casual Sweaters Winter Warm Twist Patterned Cable Work Jumper,$1.70,"https://ae-pic-a1.aliexpress-media.com/kf/S2ef886c5b1c5478b97880a9a5770f5e8c.jpg?has_lang=1&ver=2_220x220q75.jpg_.avif,https://ae-pic-a1.aliexpress-media.com/kf/S5893309ee1bf4d899c282ff48a53ff65E.jpg_220x220q75.jpg_.avif,https://ae-pic-a1.aliexpress-media.com/kf/Sb01a72d6a26445d89cd3d4014e63feb9J.jpg_220x220q75.jpg_.avif,https://ae-pic-a1.aliexpress-media.com/kf/Sb2dce1e6a55341d3994741c4685fa310K.jpg_220x220q75.jpg_.avif,https://ae-pic-a1.aliexpress-media.com/kf/Sc608938316b1435a86fd8cd6ee7cf457O.jpg_220x220q75.jpg_.avif","['whether full opening', 'No', 'High-concerned chemical', 'None', 'Applicable Season', 'Autumn And Winter', 'Applicable Scene', 'Daily', 'Decoration', 'NONE', 'Sleeve Style', 'regular']",https://www.aliexpress.us/item/3256809760470769.html?algo_pvid=274b7b74-ddeb-40e5-9938-9f3320d2505e&algo_exp_id=274b7b74-ddeb-40e5-9938-9f3320d2505e-36&pdp_ext_f=%7B%22order%22%3A%22406%22%2C%22spu_best_type%22%3A%22price%22%2C%22eval%22%3A%221%22%2C%22fromPage%22%3A%22search%22%7D&pdp_npi=6%40dis%21USD%2123.33%2111.10%21%21%21159.67%2175.96%21%402101f11417754304375082415e0ce4%2112000050652010776%21sea%21US%210%21ABX%211%210%21n_tag%3A-29910%3Bd%3Ab1e5c83a%3Bm03_new_user%3A-29895%3BpisId%3A5000000197827853&curPageLogUid=vLPV4KomHwvH&utparam-url=scene%3Asearch%7Cquery_from%3A%7Cx_object_id%3A1005009946785521%7C_p_origin_prod%3A
New Men's Turtleneck Sweaters Autumn Knitted Striped Streetwear Warm Long Sleeved Pullover Solid Color Basic Style Casual Tops,$1.36,"https://ae-pic-a1.aliexpress-media.com/kf/S03298e84871d4c66af1258f745b16fae4.jpg?has_lang=1&ver=2_220x220q75.jpg_.avif,https://ae-pic-a1.aliexpress-media.com/kf/Se61f89346f764479a8bf53966c5a473eq.jpg_220x220q75.jpg_.avif,https://ae-pic-a1.aliexpress-media.com/kf/S944980842b4b4e1591b84bf88609523bL.jpg_220x220q75.jpg_.avif,https://ae-pic-a1.aliexpress-media.com/kf/S9960d729041545188d7ee1d1ef10f431l.jpg_220x220q75.jpg_.avif,https://ae-pic-a1.aliexpress-media.com/kf/S2568da30cac54c789e60ca866ec13d1a5.jpg_220x220q75.jpg_.avif","['whether full opening', 'No', 'High-concerned chemical', 'None', 'Applicable Season', 'Autumn And Winter', 'Craft of Weaving', 'Knit', 'Applicable Scene', 'Daily', 'Hooded', 'No']",https://www.aliexpress.us/item/3256807399254024.html?algo_pvid=274b7b74-ddeb-40e5-9938-9f3320d2505e&algo_exp_id=274b7b74-ddeb-40e5-9938-9f3320d2505e-37&pdp_ext_f=%7B%22order%22%3A%22406%22%2C%22eval%22%3A%221%22%2C%22fromPage%22%3A%22search%22%7D&pdp_npi=6%40dis%21USD%2122.63%2110.76%21%21%21154.92%2173.68%21%402101f11417754304375082415e0ce4%2112000041396323245%21sea%21US%210%21ABX%211%210%21n_tag%3A-29910%3Bd%3Ab1e5c83a%3Bm03_new_user%3A-29895%3BpisId%3A5000000197827853&curPageLogUid=ZHytFl5xeJZg&utparam-url=scene%3Asearch%7Cquery_from%3A%7Cx_object_id%3A1005007585568776%7C_p_origin_prod%3A
2024 Brand New Men's Cashmere Sweater Half Turtleneck Men Sweaters Knit Pullovers for Male Youth Slim Knitwear Man Sweater,$13.99,"https://ae-pic-a1.aliexpress-media.com/kf/S199a15026ff246bfa6dd6909a61689fa6.jpg_220x220q75.jpg_.avif,https://ae-pic-a1.aliexpress-media.com/kf/S5e7a2925bcaa46e7ad5b8aff42096a362.jpg_220x220q75.jpg_.avif,https://ae-pic-a1.aliexpress-media.com/kf/Sb3cf97064a444db38a883f41d6ea3c449.jpg_220x220q75.jpg_.avif,https://ae-pic-a1.aliexpress-media.com/kf/Sc7ee0f97db314b88b561927fd20938f07.jpg_220x220q75.jpg_.avif,https://ae-pic-a1.aliexpress-media.com/kf/Sa1e759ebcd5c4950af0a40d5dd919394g.jpg_220x220q75.jpg_.avif","['whether full opening', 'No', 'High-concerned chemical', 'None', 'Applicable Season', 'Spring And Autumn', 'Applicable Scene', 'Daily', 'Hooded', 'No', 'Decoration', 'NONE']",https://www.aliexpress.us/item/3256807005203656.html?algo_pvid=274b7b74-ddeb-40e5-9938-9f3320d2505e&algo_exp_id=274b7b74-ddeb-40e5-9938-9f3320d2505e-38&pdp_ext_f=%7B%22order%22%3A%22404%22%2C%22eval%22%3A%221%22%2C%22fromPage%22%3A%22search%22%7D&pdp_npi=6%40dis%21USD%2122.56%2113.99%21%21%21154.41%2195.73%21%402101f11417754304375082415e0ce4%2112000039751998651%21sea%21US%210%21ABX%211%210%21n_tag%3A-29910%3Bd%3Ab1e5c83a%3Bm03_new_user%3A-29895&curPageLogUid=7WvyaK4YfWwK&utparam-url=scene%3Asearch%7Cquery_from%3A%7Cx_object_id%3A1005007191518408%7C_p_origin_prod%3A
Luxury Pony Embroidery Designer Brand Sweater Men New Fashion Jacquard Paul Casual Half Zipper Stand up Collar knitted pullover,$21.40,"https://ae-pic-a1.aliexpress-media.com/kf/Sf7113f5a717045b1bda26e190d439c45s.jpg?has_lang=1&ver=2_220x220q75.jpg_.avif,https://ae-pic-a1.aliexpress-media.com/kf/Saa8c962ae9ce482ca886bb497e3196cch.jpg?has_lang=1&ver=2_220x220q75.jpg_.avif,https://ae-pic-a1.aliexpress-media.com/kf/Sbe0af2fae42646a8b70ba05f4b3676c6K.jpg?has_lang=1&ver=2_220x220q75.jpg_.avif,https://ae-pic-a1.aliexpress-media.com/kf/S25f4a1759e0146afb755e94351841210u.jpg?has_lang=1&ver=2_220x220q75.jpg_.avif,https://ae-pic-a1.aliexpress-media.com/kf/S510ef7cd14074e43ba156ba716135d89C.jpg?has_lang=1&ver=1_220x220q75.jpg_.avif","['whether full opening', 'No', 'High-concerned chemical', 'None', 'Applicable Season', 'Winter', 'Craft of Weaving', 'Knit', 'Applicable Scene', 'Daily', 'Hooded', 'No']",https://www.aliexpress.us/item/3256810334570623.html?algo_pvid=274b7b74-ddeb-40e5-9938-9f3320d2505e&algo_exp_id=274b7b74-ddeb-40e5-9938-9f3320d2505e-39&pdp_ext_f=%7B%22order%22%3A%22399%22%2C%22eval%22%3A%221%22%2C%22fromPage%22%3A%22search%22%7D&pdp_npi=6%40dis%21USD%2161.80%2130.80%21%21%21423.00%21210.82%21%402101f11417754304375082415e0ce4%2112000052680967620%21sea%21US%210%21ABX%211%210%21n_tag%3A-29910%3Bd%3Ab1e5c83a%3Bm03_new_user%3A-29895%3BpisId%3A5000000197827853&curPageLogUid=hqDjq4RKTMVl&utparam-url=scene%3Asearch%7Cquery_from%3A%7Cx_object_id%3A1005010520885375%7C_p_origin_prod%3A
Autumn Men's Long Sleeved Turtleneck Sweater Stripes Knitted Heavyweight Sweaters Winter Outdoor Solid Color Daily Warm Coats,$0.99,"https://ae-pic-a1.aliexpress-media.com/kf/S4721c00bc0c44953b1e6857858bc5562k.jpg_220x220q75.jpg_.avif,https://ae-pic-a1.aliexpress-media.com/kf/Sa98a1d1980944d058b5dd95f88efaf32V.jpg_220x220q75.jpg_.avif,https://ae-pic-a1.aliexpress-media.com/kf/S900a1966423b4b45ad894089549f84d0C.jpg_220x220q75.jpg_.avif,https://ae-pic-a1.aliexpress-media.com/kf/S704a2d11a9164d229a4da78955fdff86t.jpg_220x220q75.jpg_.avif,https://ae-pic-a1.aliexpress-media.com/kf/S01fddcf977bb4168b0c3ec8ba99785fb2.jpg_220x220q75.jpg_.avif","['whether full opening', 'No', 'High-concerned chemical', 'None', 'Applicable Season', 'Autumn And Winter', 'Applicable Scene', 'CASUAL', 'Hooded', 'No', 'Sleeve Style', 'regular']",https://www.aliexpress.us/item/3256809704466386.html?algo_pvid=274b7b74-ddeb-40e5-9938-9f3320d2505e&algo_exp_id=274b7b74-ddeb-40e5-9938-9f3320d2505e-40&pdp_ext_f=%7B%22order%22%3A%22399%22%2C%22spu_best_type%22%3A%22price%22%2C%22eval%22%3A%221%22%2C%22fromPage%22%3A%22search%22%7D&pdp_npi=6%40dis%21USD%2122.20%219.22%21%21%21151.95%2163.14%21%402101f11417754304375082415e0ce4%2112000050493532088%21sea%21US%210%21ABX%211%210%21n_tag%3A-29910%3Bd%3Ab1e5c83a%3Bm03_new_user%3A-29895%3BpisId%3A5000000197827853&curPageLogUid=TQqSk5owPPcN&utparam-url=scene%3Asearch%7Cquery_from%3A%7Cx_object_id%3A1005009890781138%7C_p_origin_prod%3A
Men's 100% pure Mink Cashmere Sweater O-Neck Pullovers Knit Large Size Mink Sweater Winter New Tops Long Sleeve High-End Jumpers,$42.39,"https://ae-pic-a1.aliexpress-media.com/kf/See44a6d16c0a41f195f7d870b6542f8dw.jpg_220x220q75.jpg_.avif,https://ae-pic-a1.aliexpress-media.com/kf/Sec7330bbc6ed491e9c51b98d40fa4811F.jpg_220x220q75.jpg_.avif,https://ae-pic-a1.aliexpress-media.com/kf/S75c199c753b745f0899673cd476fd541N.jpg_220x220q75.jpg_.avif,https://ae-pic-a1.aliexpress-media.com/kf/S78090e3f04464778be51fecedc8a7856Q.jpg_220x220q75.jpg_.avif,https://ae-pic-a1.aliexpress-media.com/kf/Sd7909f47efa44a2bbd0711c7e4ef2080D.jpg_220x220q75.jpg_.avif","['whether full opening', 'No', 'High-concerned chemical', 'None', 'Applicable Season', 'Winter', 'Craft of Weaving', 'Knit', 'Applicable Scene', 'Office', 'Hooded', 'No']",https://www.aliexpress.us/item/3256809585226980.html?algo_pvid=274b7b74-ddeb-40e5-9938-9f3320d2505e&algo_exp_id=274b7b74-ddeb-40e5-9938-9f3320d2505e-41&pdp_ext_f=%7B%22order%22%3A%22389%22%2C%22eval%22%3A%221%22%2C%22fromPage%22%3A%22search%22%7D&pdp_npi=6%40dis%21USD%21141.31%2142.39%21%21%21141.31%2142.39%21%402101f11417754304375082415e0ce4%2112000050112539353%21sea%21US%210%21ABX%211%210%21n_tag%3A-29910%3Bd%3Ab1e5c83a%3Bm03_new_user%3A-29895&curPageLogUid=H9OHXrqfz0L7&utparam-url=scene%3Asearch%7Cquery_from%3A%7Cx_object_id%3A1005009771541732%7C_p_origin_prod%3A
Spring Men's Turn-down Collar Sweatshirt Zipper Stand Collar Pullovers Man Sweatshirts Man Zippers Sweater Coats,$1.30,"https://ae-pic-a1.aliexpress-media.com/kf/S33290dc0e7b04c4a894799d853b8af23Q.jpg_220x220q75.jpg_.avif,https://ae-pic-a1.aliexpress-media.com/kf/Sfb217585295a4ab8829ee4c9da971399k.jpg_220x220q75.jpg_.avif,https://ae-pic-a1.aliexpress-media.com/kf/S9e913fe8ec4842658c161d5731fc92a03.jpg_220x220q75.jpg_.avif,https://ae-pic-a1.aliexpress-media.com/kf/S711f7c31739d4682a67509d9b4d14973M.jpg_220x220q75.jpg_.avif,https://ae-pic-a1.aliexpress-media.com/kf/Sde00484ff1bb4d7d8dd2ad6593bc9fedd.jpg_220x220q75.jpg_.avif","['whether full opening', 'Yes', 'High-concerned chemical', 'None', 'Applicable Season', 'Autumn And Winter', 'Applicable Scene', 'CASUAL', 'Sleeve Style', 'regular', 'Place Of Origin', 'China (mainland)']",https://www.aliexpress.us/item/3256805059728584.html?algo_pvid=274b7b74-ddeb-40e5-9938-9f3320d2505e&algo_exp_id=274b7b74-ddeb-40e5-9938-9f3320d2505e-42&pdp_ext_f=%7B%22order%22%3A%22389%22%2C%22eval%22%3A%221%22%2C%22fromPage%22%3A%22search%22%7D&pdp_npi=6%40dis%21USD%2121.17%2110.70%21%21%21144.89%2173.21%21%402101f11417754304375082415e0ce4%2112000032347172532%21sea%21US%210%21ABX%211%210%21n_tag%3A-29910%3Bd%3Ab1e5c83a%3Bm03_new_user%3A-29895%3BpisId%3A5000000197827853&curPageLogUid=8JhcZ9lldQKp&utparam-url=scene%3Asearch%7Cquery_from%3A%7Cx_object_id%3A1005005246043336%7C_p_origin_prod%3A
Men's Half Zipper Sweatshirts Long Sleeve Solid Color Pullover Turtleneck Streetwear Winter Warm Jacket Sport Coats,$0.99,"https://ae-pic-a1.aliexpress-media.com/kf/S04b26eecbc3240a2aa1403b79becc5eaO.jpg?has_lang=1&ver=2_220x220q75.jpg_.avif,https://ae-pic-a1.aliexpress-media.com/kf/S43c05e6b54cb4b3fa81e67a1c95e0077H.jpg_220x220q75.jpg_.avif,https://ae-pic-a1.aliexpress-media.com/kf/S3a9b2aba4daf45b18526389bb318386ec.jpg_220x220q75.jpg_.avif,https://ae-pic-a1.aliexpress-media.com/kf/S315c742e5ffc4309b55dfd9baca4a1e5p.jpg_220x220q75.jpg_.avif,https://ae-pic-a1.aliexpress-media.com/kf/Sdac1a33e43454f689a0ccaec0ca888197.jpg_220x220q75.jpg_.avif","['whether full opening', 'No', 'High-concerned chemical', 'None', 'Applicable Season', 'Autumn And Winter', 'Craft of Weaving', 'Knit', 'Applicable Scene', 'Daily', 'Sleeve Style', 'regular']",https://www.aliexpress.us/item/3256809119565693.html?algo_pvid=274b7b74-ddeb-40e5-9938-9f3320d2505e&algo_exp_id=274b7b74-ddeb-40e5-9938-9f3320d2505e-43&pdp_ext_f=%7B%22order%22%3A%22382%22%2C%22eval%22%3A%221%22%2C%22fromPage%22%3A%22search%22%7D&pdp_npi=6%40dis%21USD%2120.82%2110.31%21%21%21142.49%2170.56%21%402101f11417754304375082415e0ce4%2112000048685297422%21sea%21US%210%21ABX%211%210%21n_tag%3A-29910%3Bd%3Ab1e5c83a%3Bm03_new_user%3A-29895%3BpisId%3A5000000197827851&curPageLogUid=luZD9HhbhZjp&utparam-url=scene%3Asearch%7Cquery_from%3A%7Cx_object_id%3A1005009305880445%7C_p_origin_prod%3A
Animal Game Mens Business Sweater Casual V Neck Pullover Cold Blouse Outdoor Lightweight Woolen Knit Men Luxury Men's Sweater,$11.29,"https://ae-pic-a1.aliexpress-media.com/kf/S66cc4acb3d044a6d84ebb6d74bf9c350p.jpg?has_lang=1&ver=2_220x220q75.jpg_.avif,https://ae-pic-a1.aliexpress-media.com/kf/S60337fa98d3f4d719abc250b6d1a3dfb6.jpg_220x220q75.jpg_.avif,https://ae-pic-a1.aliexpress-media.com/kf/Sfcf787ef6c9a4a3191cdc0d881bb6e821.jpg_220x220q75.jpg_.avif,https://ae-pic-a1.aliexpress-media.com/kf/S2015cd1fd12e4b80b945da2ef3356e32E.jpg_220x220q75.jpg_.avif,https://ae-pic-a1.aliexpress-media.com/kf/Sfc016ba0557641e1b79ec73e43522be1a.jpg_220x220q75.jpg_.avif","['whether full opening', 'No', 'High-concerned chemical', 'None', 'Applicable Season', 'Spring And Autumn', 'Applicable Scene', 'Daily', 'Hooded', 'No', 'Sleeve Style', 'regular']",https://www.aliexpress.us/item/3256809998648808.html?algo_pvid=274b7b74-ddeb-40e5-9938-9f3320d2505e&algo_exp_id=274b7b74-ddeb-40e5-9938-9f3320d2505e-44&pdp_ext_f=%7B%22order%22%3A%22380%22%2C%22eval%22%3A%221%22%2C%22fromPage%22%3A%22search%22%7D&pdp_npi=6%40dis%21USD%2123.04%2111.29%21%21%21157.67%2177.26%21%402101f11417754304375082415e0ce4%2112000051439744447%21sea%21US%210%21ABX%211%210%21n_tag%3A-29910%3Bd%3Ab1e5c83a%3Bm03_new_user%3A-29895&curPageLogUid=y0kegsAGBCGN&utparam-url=scene%3Asearch%7Cquery_from%3A%7Cx_object_id%3A1005010184963560%7C_p_origin_prod%3A
Autumn Winter Mens Turtleneck Sweaters Casual Thermal Long Sleeve Slim Fit Pullovers Stretch Basic Tops Sweatshirt Jumper TShirt,$6.44,"https://ae-pic-a1.aliexpress-media.com/kf/S109feb5006984a88960049f414f208e7W.jpg_220x220q75.jpg_.avif,https://ae-pic-a1.aliexpress-media.com/kf/S747ecb9272574fa883146389cff4b317u.jpg_220x220q75.jpg_.avif,https://ae-pic-a1.aliexpress-media.com/kf/S8d60b4e137a443e9b2cea6c1e166f0f8E.jpg_220x220q75.jpg_.avif,https://ae-pic-a1.aliexpress-media.com/kf/S6684480fbde54d9285171137ce8aba1fW.jpg_220x220q75.jpg_.avif,https://ae-pic-a1.aliexpress-media.com/kf/S1f67da48ef2244edab57285300a63f1ai.jpg_220x220q75.jpg_.avif","['whether full opening', 'No', 'High-concerned chemical', 'None', 'Applicable Season', 'Autumn And Winter', 'Craft of Weaving', 'Tatting', 'Applicable Scene', 'CASUAL', 'Hooded', 'No']",https://www.aliexpress.us/item/3256809403753266.html?algo_pvid=274b7b74-ddeb-40e5-9938-9f3320d2505e&algo_exp_id=274b7b74-ddeb-40e5-9938-9f3320d2505e-45&pdp_ext_f=%7B%22order%22%3A%22378%22%2C%22eval%22%3A%221%22%2C%22fromPage%22%3A%22search%22%7D&pdp_npi=6%40dis%21USD%2115.34%216.44%21%21%21105.00%2144.10%21%402101f11417754304375082415e0ce4%2112000049554326858%21sea%21US%210%21ABX%211%210%21n_tag%3A-29910%3Bd%3Ab1e5c83a%3Bm03_new_user%3A-29895&curPageLogUid=IfWun0oZNj2n&utparam-url=scene%3Asearch%7Cquery_from%3A%7Cx_object_id%3A1005009590068018%7C_p_origin_prod%3A
Plush Men's Knitted Sweater Turtleneck with Velvet Padded Warm Solid Pullovers Autumn Winter Thick Bottom Casual O-Neck Sweater,$11.91,"https://ae-pic-a1.aliexpress-media.com/kf/S7ea7b1fcf3404aec9f6faec508460518P.jpg?has_lang=1&ver=2_220x220q75.jpg_.avif,https://ae-pic-a1.aliexpress-media.com/kf/Sbf8ff146dcd342668c30372d345fbc82v.jpg?has_lang=1&ver=2_220x220q75.jpg_.avif,https://ae-pic-a1.aliexpress-media.com/kf/Sf3e2ea5857c446d8a2314dd396c923c8M.jpg?has_lang=1&ver=2_220x220q75.jpg_.avif,https://ae-pic-a1.aliexpress-media.com/kf/S40ab72e63f054e4ebaf445fcca5ffc14J.jpg?has_lang=1&ver=2_220x220q75.jpg_.avif,https://ae-pic-a1.aliexpress-media.com/kf/S5b1e3fd3e7cd4a3d915d0f06b9041dd5L.jpg?has_lang=1&ver=2_220x220q75.jpg_.avif","['whether full opening', 'No', 'High-concerned chemical', 'None', 'Applicable Season', 'Autumn And Winter', 'Craft of Weaving', 'Knit', 'Applicable Scene', 'Daily', 'Hooded', 'No']",https://www.aliexpress.us/item/3256807690294296.html?algo_pvid=274b7b74-ddeb-40e5-9938-9f3320d2505e&algo_exp_id=274b7b74-ddeb-40e5-9938-9f3320d2505e-46&pdp_ext_f=%7B%22order%22%3A%22378%22%2C%22eval%22%3A%221%22%2C%22fromPage%22%3A%22search%22%7D&pdp_npi=6%40dis%21USD%2123.82%2111.91%21%21%2123.82%2111.91%21%402101f11417754304375082415e0ce4%2112000042660815757%21sea%21US%210%21ABX%211%210%21n_tag%3A-29910%3Bd%3Ab1e5c83a%3Bm03_new_user%3A-29895&curPageLogUid=Ayw2yhX0rhpU&utparam-url=scene%3Asearch%7Cquery_from%3A%7Cx_object_id%3A1005007876609048%7C_p_origin_prod%3A
New Popular Autumn and Winter Backbone Jacquard Pattern Pullover Sweater Casual Round Neck Knitted Men's Pullover,$8.49,"https://ae-pic-a1.aliexpress-media.com/kf/S53075f48ca6b499cb4053d61d7a8f93bL.jpg_220x220q75.jpg_.avif,https://ae-pic-a1.aliexpress-media.com/kf/S524b264f1e1d4e1789cb8b4d9fb4c358A.jpg_220x220q75.jpg_.avif,https://ae-pic-a1.aliexpress-media.com/kf/Sd2330ec0acf04307a8be49f72eb5ff15t.jpg_220x220q75.jpg_.avif,https://ae-pic-a1.aliexpress-media.com/kf/Sd75b1de73a174120a94c2d99456b261aV.jpg_220x220q75.jpg_.avif,https://ae-pic-a1.aliexpress-media.com/kf/Sb9a44aae068e4c44839c96f58acc4a83c.jpg_220x220q75.jpg_.avif","['whether full opening', 'No', 'High-concerned chemical', 'None', 'Applicable Season', 'Four Seasons', 'Applicable Scene', 'Shopping', 'Hooded', 'No', 'Sleeve Style', 'regular']",https://www.aliexpress.us/item/3256807449758565.html?algo_pvid=274b7b74-ddeb-40e5-9938-9f3320d2505e&algo_exp_id=274b7b74-ddeb-40e5-9938-9f3320d2505e-47&pdp_ext_f=%7B%22order%22%3A%22377%22%2C%22eval%22%3A%221%22%2C%22fromPage%22%3A%22search%22%7D&pdp_npi=6%40dis%21USD%2139.12%2117.89%21%21%21267.79%21122.50%21%402101f11417754304375082415e0ce4%2112000041590371474%21sea%21US%210%21ABX%211%210%21n_tag%3A-29910%3Bd%3Ab1e5c83a%3Bm03_new_user%3A-29895%3BpisId%3A5000000197827853&curPageLogUid=w9uGkYddigfL&utparam-url=scene%3Asearch%7Cquery_from%3A%7Cx_object_id%3A1005007636073317%7C_p_origin_prod%3A
2021 New Winter Thickness Pullover Men O-neck Solid Color Long Sleeve Warm Slim Sweaters Men Men's Sweater Pull Male Clothing,$21.23,"https://ae-pic-a1.aliexpress-media.com/kf/Sa812cbb2cf404c069f1f7249d06ba771h.jpg_220x220q75.jpg_.avif,https://ae-pic-a1.aliexpress-media.com/kf/Sa812cbb2cf404c069f1f7249d06ba771h.jpg_220x220q75.jpg_.avif,https://ae-pic-a1.aliexpress-media.com/kf/Se53836e58bb340369770e882f7b5c9abG.png?has_lang=1&ver=2_220x220.png_.avif,https://ae-pic-a1.aliexpress-media.com/kf/S01799b511f854851be508eb79f9a3810y.jpg?has_lang=1&ver=1_220x220q75.jpg_.avif,https://ae-pic-a1.aliexpress-media.com/kf/S26979488ca5e4cba8000f7f83db03657U.jpg_220x220q75.jpg_.avif","['whether full opening', 'No', 'High-concerned chemical', 'None', 'Applicable Season', 'Autumn And Winter', 'Craft of Weaving', 'Knit', 'Applicable Scene', 'CASUAL', 'Hooded', 'No']",https://www.aliexpress.us/item/3256805450668892.html?algo_pvid=274b7b74-ddeb-40e5-9938-9f3320d2505e&algo_exp_id=274b7b74-ddeb-40e5-9938-9f3320d2505e-48&pdp_ext_f=%7B%22order%22%3A%22374%22%2C%22spu_best_type%22%3A%22price%22%2C%22eval%22%3A%221%22%2C%22fromPage%22%3A%22search%22%7D&pdp_npi=6%40dis%21USD%2140.83%2121.23%21%21%21279.48%21145.33%21%402101f11417754304375082415e0ce4%2112000033839763478%21sea%21US%210%21ABX%211%210%21n_tag%3A-29910%3Bd%3Ab1e5c83a%3Bm03_new_user%3A-29895&curPageLogUid=N5kKZZ7KkPGp&utparam-url=scene%3Asearch%7Cquery_from%3A%7Cx_object_id%3A1005005636983644%7C_p_origin_prod%3A
AIOPESON Spliced Cotton Sweater Men Casual O-neck High Quality Pullover Knitted Sweaters Male New Winter Brand Mens Sweaters,$15.16,"https://ae-pic-a1.aliexpress-media.com/kf/Sa0ebff9e049149ed80620d4fa01dd3f91.jpg_220x220q75.jpg_.avif,https://ae-pic-a1.aliexpress-media.com/kf/Sa0ebff9e049149ed80620d4fa01dd3f91.jpg_220x220q75.jpg_.avif,https://ae-pic-a1.aliexpress-media.com/kf/Sdec268c5aa1f4421a778bb38a000c2f81.png?has_lang=1&ver=1_220x220.png_.avif,https://ae-pic-a1.aliexpress-media.com/kf/Sb6571c6395214ca4b069138973c60b7cJ.jpg_220x220q75.jpg_.avif,https://ae-pic-a1.aliexpress-media.com/kf/Sdb80172875ab422f8dec19945359a16dQ.jpg?has_lang=1&ver=1_220x220q75.jpg_.avif","['High-concerned chemical', 'None', 'Applicable Season', 'Winter', 'Applicable Scene', 'CASUAL', 'Hooded', 'No', 'Model Number', 'Y137', 'Decoration', 'NONE']",https://www.aliexpress.us/item/3256804842324690.html?algo_pvid=274b7b74-ddeb-40e5-9938-9f3320d2505e&algo_exp_id=274b7b74-ddeb-40e5-9938-9f3320d2505e-49&pdp_ext_f=%7B%22order%22%3A%22373%22%2C%22eval%22%3A%221%22%2C%22fromPage%22%3A%22search%22%7D&pdp_npi=6%40dis%21USD%2150.34%2124.56%21%21%21344.58%21168.16%21%402101f11417754304375082415e0ce4%2112000031387201977%21sea%21US%210%21ABX%211%210%21n_tag%3A-29910%3Bd%3Ab1e5c83a%3Bm03_new_user%3A-29895%3BpisId%3A5000000197827853&curPageLogUid=bn55ztjdVSnn&utparam-url=scene%3Asearch%7Cquery_from%3A%7Cx_object_id%3A1005005028639442%7C_p_origin_prod%3A
Autumn Winter Men Loose Casual Knit Sweater Zipper Semi High Neck Long Sleeve Cardigan Lazy Comfortable Warm Fashion Top,$17.70,"https://ae-pic-a1.aliexpress-media.com/kf/S33668651600e4651a43af971f440d666M.jpg_220x220q75.jpg_.avif,https://ae-pic-a1.aliexpress-media.com/kf/S33668651600e4651a43af971f440d666M.jpg_220x220q75.jpg_.avif,https://ae-pic-a1.aliexpress-media.com/kf/S35eb9c9602704a31bc33e7c6659d81cfB.jpg_220x220q75.jpg_.avif,https://ae-pic-a1.aliexpress-media.com/kf/S6e7a193e625f43af8f60e4dbdb62e66eE.jpg_220x220q75.jpg_.avif,https://ae-pic-a1.aliexpress-media.com/kf/S163b5c4ccb7a4f10ba71d05680defd86t.jpg_220x220q75.jpg_.avif","['whether full opening', 'No', 'High-concerned chemical', 'None', 'Applicable Season', 'Autumn And Winter', 'Applicable Scene', 'Trip', 'Decoration', 'Pockets', 'Sleeve Style', 'regular']",https://www.aliexpress.us/item/3256809936000255.html?algo_pvid=274b7b74-ddeb-40e5-9938-9f3320d2505e&algo_exp_id=274b7b74-ddeb-40e5-9938-9f3320d2505e-50&pdp_ext_f=%7B%22order%22%3A%22372%22%2C%22eval%22%3A%221%22%2C%22fromPage%22%3A%22search%22%7D&pdp_npi=6%40dis%21USD%2130.01%2117.70%21%21%21205.44%21121.21%21%402101f11417754304375082415e0ce4%2112000051217714059%21sea%21US%210%21ABX%211%210%21n_tag%3A-29910%3Bd%3Ab1e5c83a%3Bm03_new_user%3A-29895&curPageLogUid=UWbQgnRSpRbK&utparam-url=scene%3Asearch%7Cquery_from%3A%7Cx_object_id%3A1005010122315007%7C_p_origin_prod%3A
Men's Dress Crew Neck Sweater Slim Fit Lightweight Sweatshirts Knitted Pullover Streetwear Casual Fashion Long Sleeve Sweater,$1.32,"https://ae-pic-a1.aliexpress-media.com/kf/S2004f146365e4b869367b11cfd832af8D.jpg_220x220q75.jpg_.avif,https://ae-pic-a1.aliexpress-media.com/kf/S222298d9035b417d8375750e2c8e32952.jpg_220x220q75.jpg_.avif,https://ae-pic-a1.aliexpress-media.com/kf/S72e3652c019a48408896a4c4982a28b5B.jpg_220x220q75.jpg_.avif,https://ae-pic-a1.aliexpress-media.com/kf/Sddb15691039b41148c6e3b5b6527b49bM.jpg_220x220q75.jpg_.avif,https://ae-pic-a1.aliexpress-media.com/kf/S8d968559f3dd4634b3c3e6a916b920dc0.jpg_220x220q75.jpg_.avif","['whether full opening', 'No', 'High-concerned chemical', 'None', 'Applicable Season', 'Autumn And Winter', 'Applicable Scene', 'Daily', 'Sleeve Style', 'regular', 'Pattern Type', 'Solid']",https://www.aliexpress.us/item/3256807591007220.html?algo_pvid=274b7b74-ddeb-40e5-9938-9f3320d2505e&algo_exp_id=274b7b74-ddeb-40e5-9938-9f3320d2505e-52&pdp_ext_f=%7B%22order%22%3A%22365%22%2C%22eval%22%3A%221%22%2C%22fromPage%22%3A%22search%22%7D&pdp_npi=6%40dis%21USD%2123.01%2110.72%21%21%21157.48%2173.34%21%402101f11417754304375082415e0ce4%2112000042172336115%21sea%21US%210%21ABX%211%210%21n_tag%3A-29910%3Bd%3Ab1e5c83a%3Bm03_new_user%3A-29895%3BpisId%3A5000000197827853&curPageLogUid=uOnHwZ57CQ33&utparam-url=scene%3Asearch%7Cquery_from%3A%7Cx_object_id%3A1005007777321972%7C_p_origin_prod%3A
Men���s Thermal Fleece High-neck Sweater Winter Turn-down Collar Fleece-lined Knitted Pullover Casual Keep Warm Thick Bottom Tops,$12.33,"https://ae-pic-a1.aliexpress-media.com/kf/Sedaaa20f6cfb46a38e2269353436b591I.jpg?has_lang=1&ver=2_220x220q75.jpg_.avif,https://ae-pic-a1.aliexpress-media.com/kf/Sfe70f8c38de44f0789221bcd3594fee08.jpg?has_lang=1&ver=2_220x220q75.jpg_.avif,https://ae-pic-a1.aliexpress-media.com/kf/Sddd5a79f93d046c2ad367f967e8267644.jpg?has_lang=1&ver=2_220x220q75.jpg_.avif,https://ae-pic-a1.aliexpress-media.com/kf/S005aa13005af412a9d20883ae89743adw.jpg?has_lang=1&ver=2_220x220q75.jpg_.avif,https://ae-pic-a1.aliexpress-media.com/kf/Sdc7f70d7e72a48b68054bb97a05fa868q.jpg_220x220q75.jpg_.avif","['whether full opening', 'No', 'High-concerned chemical', 'None', 'Applicable Season', 'Autumn And Winter', 'Craft of Weaving', 'Knit', 'Applicable Scene', 'Daily', 'Hooded', 'No']",https://www.aliexpress.us/item/3256809335413429.html?algo_pvid=274b7b74-ddeb-40e5-9938-9f3320d2505e&algo_exp_id=274b7b74-ddeb-40e5-9938-9f3320d2505e-53&pdp_ext_f=%7B%22order%22%3A%22364%22%2C%22eval%22%3A%221%22%2C%22fromPage%22%3A%22search%22%7D&pdp_npi=6%40dis%21USD%2131.64%2121.73%21%21%21216.53%21148.73%21%402101f11417754304375082415e0ce4%2112000049355452571%21sea%21US%210%21ABX%211%210%21n_tag%3A-29910%3Bd%3Ab1e5c83a%3Bm03_new_user%3A-29895%3BpisId%3A5000000197827852&curPageLogUid=AZtQrZeYwddz&utparam-url=scene%3Asearch%7Cquery_from%3A%7Cx_object_id%3A1005009521728181%7C_p_origin_prod%3A
Mens Turtleneck Sweater Slim Fit Knitted Casual Pullover Lightweight Ribbed Long Sleeve Sweaters Autumn Solid Color Streetwear,$0.99,"https://ae-pic-a1.aliexpress-media.com/kf/S3e4996d5c5fe4d25b55380bf2edb2c33i.jpg_220x220q75.jpg_.avif,https://ae-pic-a1.aliexpress-media.com/kf/Sdc3b891654f241068e58317966628db3M.jpg_220x220q75.jpg_.avif,https://ae-pic-a1.aliexpress-media.com/kf/S733cfdc12e6145c69f6528980751865an.jpg_220x220q75.jpg_.avif,https://ae-pic-a1.aliexpress-media.com/kf/Sc35696fc87e74749a388518860c9db99U.jpg_220x220q75.jpg_.avif,https://ae-pic-a1.aliexpress-media.com/kf/S7fd5d6e1f2224298a1618763f4c5ea8f7.jpg_220x220q75.jpg_.avif","['whether full opening', 'No', 'High-concerned chemical', 'None', 'Applicable Season', 'Autumn And Winter', 'Applicable Scene', 'Daily', 'Hooded', 'No', 'Sleeve Style', 'regular']",https://www.aliexpress.us/item/3256807318494882.html?algo_pvid=274b7b74-ddeb-40e5-9938-9f3320d2505e&algo_exp_id=274b7b74-ddeb-40e5-9938-9f3320d2505e-54&pdp_ext_f=%7B%22order%22%3A%22361%22%2C%22spu_best_type%22%3A%22price%22%2C%22eval%22%3A%221%22%2C%22fromPage%22%3A%22search%22%7D&pdp_npi=6%40dis%21USD%2120.22%219.41%21%21%21138.38%2164.36%21%402101f11417754304375082415e0ce4%2112000041055396311%21sea%21US%210%21ABX%211%210%21n_tag%3A-29910%3Bd%3Ab1e5c83a%3Bm03_new_user%3A-29895%3BpisId%3A5000000197827853&curPageLogUid=XQZrl6wy5A9S&utparam-url=scene%3Asearch%7Cquery_from%3A%7Cx_object_id%3A1005007504809634%7C_p_origin_prod%3A
Autumn and winter new 100% pure merino wool pullover men's turtleneck cashmere sweater thickened warm loose solid color top,$20.53,"https://ae-pic-a1.aliexpress-media.com/kf/S42101ce7304d4ae39acf38be7d4bcb72C.jpg_220x220q75.jpg_.avif,https://ae-pic-a1.aliexpress-media.com/kf/S42101ce7304d4ae39acf38be7d4bcb72C.jpg_220x220q75.jpg_.avif,https://ae-pic-a1.aliexpress-media.com/kf/Sa5e6f67cbbbc427c8a5632242c45e560J.jpg_220x220q75.jpg_.avif,https://ae-pic-a1.aliexpress-media.com/kf/Sfeceb8d65ee74f029513cf554c3969e6m.jpg_220x220q75.jpg_.avif,https://ae-pic-a1.aliexpress-media.com/kf/S41491695b80b499cb551960ffc9f166bl.jpg_220x220q75.jpg_.avif","['Applicable Season', 'Autumn And Winter', 'Applicable Scene', 'Business', 'Hooded', 'No', 'Model Number', 'YJ-1804', 'Decoration', 'NONE', 'Sleeve Style', 'regular']",https://www.aliexpress.us/item/3256805842783797.html?algo_pvid=274b7b74-ddeb-40e5-9938-9f3320d2505e&algo_exp_id=274b7b74-ddeb-40e5-9938-9f3320d2505e-55&pdp_ext_f=%7B%22order%22%3A%22357%22%2C%22eval%22%3A%221%22%2C%22fromPage%22%3A%22search%22%7D&pdp_npi=6%40dis%21USD%2131.08%2129.93%21%21%21212.74%21204.88%21%402101f11417754304375082415e0ce4%2112000035394197531%21sea%21US%210%21ABX%211%210%21n_tag%3A-29910%3Bd%3Ab1e5c83a%3Bm03_new_user%3A-29895%3BpisId%3A5000000197827852&curPageLogUid=j0uYz2lYZ6oz&utparam-url=scene%3Asearch%7Cquery_from%3A%7Cx_object_id%3A1005006029098549%7C_p_origin_prod%3A
Men Long Sleeve Zipper Pullover Sweater Fit Mock Neck Casual Knitted Polo Sweater Warm Turtleneck Pullover Sweater Work Jumper,$4.63,"https://ae-pic-a1.aliexpress-media.com/kf/Sfa8d4cd59858443fbdc87f494100813cY.jpg?has_lang=1&ver=2_220x220q75.jpg_.avif,https://ae-pic-a1.aliexpress-media.com/kf/S113ee1d2e71e4e45b29e1c5e2ce3dfb3z.jpg_220x220q75.jpg_.avif,https://ae-pic-a1.aliexpress-media.com/kf/Sbb9c4664a443464b8d31ed6b672c3ad4c.jpg_220x220q75.jpg_.avif,https://ae-pic-a1.aliexpress-media.com/kf/S3f55d13939204c7a9a053c6b50977a92d.jpg_220x220q75.jpg_.avif,https://ae-pic-a1.aliexpress-media.com/kf/Sa582b974e6d749928fccfa18511f52505.jpg_220x220q75.jpg_.avif","['whether full opening', 'No', 'High-concerned chemical', 'None', 'Applicable Season', 'Autumn And Winter', 'Applicable Scene', 'CASUAL', 'Hooded', 'No', 'Decoration', 'Zippers']",https://www.aliexpress.us/item/3256809760766642.html?algo_pvid=274b7b74-ddeb-40e5-9938-9f3320d2505e&algo_exp_id=274b7b74-ddeb-40e5-9938-9f3320d2505e-56&pdp_ext_f=%7B%22order%22%3A%22349%22%2C%22eval%22%3A%221%22%2C%22fromPage%22%3A%22search%22%7D&pdp_npi=6%40dis%21USD%2128.85%2114.03%21%21%21197.49%2196.09%21%402101f11417754304375082415e0ce4%2112000050652546527%21sea%21US%210%21ABX%211%210%21n_tag%3A-29910%3Bd%3Ab1e5c83a%3Bm03_new_user%3A-29895%3BpisId%3A5000000197827853&curPageLogUid=B2h1RCQvDqzk&utparam-url=scene%3Asearch%7Cquery_from%3A%7Cx_object_id%3A1005009947081394%7C_p_origin_prod%3A
2026 New Men's Thick Warm Sweater Winter Knitted Turtleneck Pullovers Male High Neck Solid Slim Fit Soft Sweaters for Men Tops,$14.01,"https://ae-pic-a1.aliexpress-media.com/kf/Sced035ad07764d4590a6d949e9629a31S.jpg_220x220q75.jpg_.avif,https://ae-pic-a1.aliexpress-media.com/kf/Sced035ad07764d4590a6d949e9629a31S.jpg_220x220q75.jpg_.avif,https://ae-pic-a1.aliexpress-media.com/kf/S6d48c2faf54742b7be3bddd52c8fbbffE.jpg_220x220q75.jpg_.avif,https://ae-pic-a1.aliexpress-media.com/kf/Sa945e708c961439681106bd201de3eeb6.jpg_220x220q75.jpg_.avif,https://ae-pic-a1.aliexpress-media.com/kf/Se7418cd63d1541798b2f5da1d00c1c83y.jpg_220x220q75.jpg_.avif","['whether full opening', 'No', 'High-concerned chemical', 'None', 'Applicable Season', 'Autumn And Winter', 'Craft of Weaving', 'Knit', 'Applicable Scene', 'Daily', 'Hooded', 'No']",https://www.aliexpress.us/item/3256807772644880.html?algo_pvid=274b7b74-ddeb-40e5-9938-9f3320d2505e&algo_exp_id=274b7b74-ddeb-40e5-9938-9f3320d2505e-57&pdp_ext_f=%7B%22order%22%3A%22346%22%2C%22spu_best_type%22%3A%22price%22%2C%22eval%22%3A%221%22%2C%22fromPage%22%3A%22search%22%7D&pdp_npi=6%40dis%21USD%2118.68%2114.01%21%21%21127.87%2195.90%21%402101f11417754304375082415e0ce4%2112000043031831680%21sea%21US%210%21ABX%211%210%21n_tag%3A-29910%3Bd%3Ab1e5c83a%3Bm03_new_user%3A-29895&curPageLogUid=QU7jYT9V4dNu&utparam-url=scene%3Asearch%7Cquery_from%3A%7Cx_object_id%3A1005007958959632%7C_p_origin_prod%3A
New Men's Fashion Casual Wool Sweater Warm Autumn And Winter Semi-High Neck Knitted Bottoming Shirt,$33.18,"https://ae-pic-a1.aliexpress-media.com/kf/Sca846b2c288a4610ac9af0cc9ff15323S.jpg_220x220q75.jpg_.avif,https://ae-pic-a1.aliexpress-media.com/kf/Sca846b2c288a4610ac9af0cc9ff15323S.jpg_220x220q75.jpg_.avif,https://ae-pic-a1.aliexpress-media.com/kf/Sc822ba6c15244254b96a7c7677abaa7dJ.jpg_220x220q75.jpg_.avif,https://ae-pic-a1.aliexpress-media.com/kf/S27d669299a0d4cbf95199babce56c142m.jpg_220x220q75.jpg_.avif,https://ae-pic-a1.aliexpress-media.com/kf/Se18e514456194a8995801aa9beb43cfdK.jpg_220x220q75.jpg_.avif","['whether full opening', 'No', 'High-concerned chemical', 'None', 'Applicable Season', 'Autumn And Winter', 'Applicable Scene', 'CASUAL', 'Hooded', 'No', 'Model Number', '2202']",https://www.aliexpress.us/item/3256805739979488.html?algo_pvid=274b7b74-ddeb-40e5-9938-9f3320d2505e&algo_exp_id=274b7b74-ddeb-40e5-9938-9f3320d2505e-58&pdp_ext_f=%7B%22order%22%3A%22344%22%2C%22eval%22%3A%221%22%2C%22fromPage%22%3A%22search%22%7D&pdp_npi=6%40dis%21USD%2169.13%2133.18%21%21%21473.19%21227.13%21%402101f11417754304375082415e0ce4%2112000034879871922%21sea%21US%210%21ABX%211%210%21n_tag%3A-29910%3Bd%3Ab1e5c83a%3Bm03_new_user%3A-29895&curPageLogUid=oJsAjkg7BsrM&utparam-url=scene%3Asearch%7Cquery_from%3A%7Cx_object_id%3A1005005926294240%7C_p_origin_prod%3A
LHZSYY Men's 100% Mink Cashmere Large Size Sweaters Autumn Winter Solid V-neck Casual Knit Pullovers Men Long Sleeve Warm Jumper,$22.74,"https://ae-pic-a1.aliexpress-media.com/kf/S17261881f6b3482c8914d5a1287736c31.jpg?has_lang=1&ver=2_220x220q75.jpg_.avif,https://ae-pic-a1.aliexpress-media.com/kf/S17261881f6b3482c8914d5a1287736c31.jpg?has_lang=1&ver=2_220x220q75.jpg_.avif,https://ae-pic-a1.aliexpress-media.com/kf/Sbe2717a955d8407da0b8106ea3459b690.jpg?has_lang=1&ver=2_220x220q75.jpg_.avif,https://ae-pic-a1.aliexpress-media.com/kf/Sd9d6c839debd41039eb463a533dbb0e2Y.jpg?has_lang=1&ver=2_220x220q75.jpg_.avif,https://ae-pic-a1.aliexpress-media.com/kf/S81a10656482645e0a6e4ad3ff3b3ea15a.jpg?has_lang=1&ver=2_220x220q75.jpg_.avif","['whether full opening', 'No', 'High-concerned chemical', 'None', 'Applicable Season', 'Autumn And Winter', 'Craft of Weaving', 'Knit', 'Applicable Scene', 'Business', 'Hooded', 'No']",https://www.aliexpress.us/item/3256804174351170.html?algo_pvid=274b7b74-ddeb-40e5-9938-9f3320d2505e&algo_exp_id=274b7b74-ddeb-40e5-9938-9f3320d2505e-59&pdp_ext_f=%7B%22order%22%3A%22341%22%2C%22spu_best_type%22%3A%22price%22%2C%22eval%22%3A%221%22%2C%22fromPage%22%3A%22search%22%7D&pdp_npi=6%40dis%21USD%2133.34%2132.14%21%21%2133.34%2132.14%21%402101f11417754304375082415e0ce4%2112000028903337765%21sea%21US%210%21ABX%211%210%21n_tag%3A-29910%3Bd%3Ab1e5c83a%3Bm03_new_user%3A-29895%3BpisId%3A5000000197827851&curPageLogUid=ArsoDU3clFjS&utparam-url=scene%3Asearch%7Cquery_from%3A%7Cx_object_id%3A1005004360665922%7C_p_origin_prod%3A
Autumn Winter Men's Warm Sweater Long Sleeve Turtleneck Sweater Retro Knitted Sweater Pullover Sweater,$0.99,"https://ae-pic-a1.aliexpress-media.com/kf/Sb2f02448f21345539808019e2ce35397N.jpg_220x220q75.jpg_.avif,https://ae-pic-a1.aliexpress-media.com/kf/S3eaaf2d365104aafb4d58b5b030fdbfe0.jpg_220x220q75.jpg_.avif,https://ae-pic-a1.aliexpress-media.com/kf/S4bd296f851df45b48c1001308b1ffb7fb.jpg_220x220q75.jpg_.avif,https://ae-pic-a1.aliexpress-media.com/kf/S1004bed238ed4588895bd67986ecf5bbV.jpg_220x220q75.jpg_.avif,https://ae-pic-a1.aliexpress-media.com/kf/S6b6edd4a1d0047f2b6e15795d08fd5c3G.jpg_220x220q75.jpg_.avif","['whether full opening', 'No', 'High-concerned chemical', 'None', 'Applicable Season', 'Autumn And Winter', 'Applicable Scene', 'Daily', 'Thickness', 'Standard', 'Material', 'Other,POLYESTER,Acrylic']",https://www.aliexpress.us/item/3256805809735040.html?algo_pvid=4d4fd6b1-6792-43a6-87de-031c6e2688c9&algo_exp_id=4d4fd6b1-6792-43a6-87de-031c6e2688c9-0&pdp_ext_f=%7B%22order%22%3A%22340%22%2C%22eval%22%3A%221%22%2C%22fromPage%22%3A%22search%22%7D&pdp_npi=6%40dis%21USD%2120.09%2110.35%21%21%21137.51%2170.83%21%402101c44f17754317009055316e0d6d%2112000035227992995%21sea%21US%210%21ABX%211%210%21n_tag%3A-29910%3Bd%3Ab1e5c83a%3Bm03_new_user%3A-29895%3BpisId%3A5000000197827853&curPageLogUid=qJJtPcxlXl31&utparam-url=scene%3Asearch%7Cquery_from%3A%7Cx_object_id%3A1005005996049792%7C_p_origin_prod%3A
New Trendy Street Style Ripped Abstract Starry Sky Pattern Pullover Ripped Sweater Casual Crew Neck Knitted Men's Pullover,$10.47,"https://ae-pic-a1.aliexpress-media.com/kf/Sf08cd616addd4a4fb8cb81f85041fb3c8.jpg_220x220q75.jpg_.avif,https://ae-pic-a1.aliexpress-media.com/kf/S814ab14628eb4a2cb5d36edc958c5ee0Z.jpg_220x220q75.jpg_.avif,https://ae-pic-a1.aliexpress-media.com/kf/S5fd5891119ee431686174d55a72cbe32g.jpg_220x220q75.jpg_.avif,https://ae-pic-a1.aliexpress-media.com/kf/S0bb4983c92f4402ab62420a768d696d33.jpg_220x220q75.jpg_.avif,https://ae-pic-a1.aliexpress-media.com/kf/Sf2f6dfd61f7a460a9b1030daa700ea6e9.jpg_220x220q75.jpg_.avif","['whether full opening', 'No', 'High-concerned chemical', 'None', 'Applicable Season', 'Four Seasons', 'Craft of Weaving', 'Knit', 'Applicable Scene', 'Shopping', 'Hooded', 'No']",https://www.aliexpress.us/item/3256808453346435.html?algo_pvid=4d4fd6b1-6792-43a6-87de-031c6e2688c9&algo_exp_id=4d4fd6b1-6792-43a6-87de-031c6e2688c9-1&pdp_ext_f=%7B%22order%22%3A%22337%22%2C%22eval%22%3A%221%22%2C%22fromPage%22%3A%22search%22%7D&pdp_npi=6%40dis%21USD%2142.50%2119.87%21%21%21290.90%21136.04%21%402101c44f17754317009055316e0d6d%2112000052287182402%21sea%21US%210%21ABX%211%210%21n_tag%3A-29910%3Bd%3Ab1e5c83a%3Bm03_new_user%3A-29895%3BpisId%3A5000000197827853&curPageLogUid=6uUCL4sVJxVJ&utparam-url=scene%3Asearch%7Cquery_from%3A%7Cx_object_id%3A1005008639661187%7C_p_origin_prod%3A
New Autumn Pullover Men's Sweater O-neck Patchwork Long Sleeve Warm Slim Sweaters Men Casual Fashion Sweater Men Clothing,$19.07,"https://ae-pic-a1.aliexpress-media.com/kf/S543e5b97d23f4716bbb92e4e1f38b787Z.jpg?has_lang=1&ver=2_220x220q75.jpg_.avif,https://ae-pic-a1.aliexpress-media.com/kf/Sb042714ff91848daaf1792244d24ae07L.jpg?has_lang=1&ver=2_220x220q75.jpg_.avif,https://ae-pic-a1.aliexpress-media.com/kf/S58a464065ad0458e88c643071edec20fY.jpg?has_lang=1&ver=2_220x220q75.jpg_.avif,https://ae-pic-a1.aliexpress-media.com/kf/S0ff84119bd3e4bbaabb4a05560c8d352o.jpg?has_lang=1&ver=2_220x220q75.jpg_.avif,https://ae-pic-a1.aliexpress-media.com/kf/S17915dbb2de9429eb134af115a277a0df.jpg_220x220q75.jpg_.avif","['whether full opening', 'No', 'High-concerned chemical', 'None', 'Applicable Season', 'Autumn And Winter', 'Craft of Weaving', 'Knit', 'Applicable Scene', 'CASUAL', 'Hooded', 'No']",https://www.aliexpress.us/item/3256807986425287.html?algo_pvid=4d4fd6b1-6792-43a6-87de-031c6e2688c9&algo_exp_id=4d4fd6b1-6792-43a6-87de-031c6e2688c9-2&pdp_ext_f=%7B%22order%22%3A%22335%22%2C%22eval%22%3A%221%22%2C%22fromPage%22%3A%22search%22%7D&pdp_npi=6%40dis%21USD%2129.33%2119.07%21%21%21200.72%21130.47%21%402101c44f17754317009055316e0d6d%2112000044096577643%21sea%21US%210%21ABX%211%210%21n_tag%3A-29910%3Bd%3Ab1e5c83a%3Bm03_new_user%3A-29895&curPageLogUid=HkE6fxaNh5AJ&utparam-url=scene%3Asearch%7Cquery_from%3A%7Cx_object_id%3A1005008172740039%7C_p_origin_prod%3A
Korean Fashion Autumn Winter Sweaters Men Pullovers Fleece Turtleneck Knitted Sweatshirt Warm Bottoming Shirts,$2.17,"https://ae-pic-a1.aliexpress-media.com/kf/S0f38cf2ca1a44f6f8752c7065d930d53q.jpg_220x220q75.jpg_.avif,https://ae-pic-a1.aliexpress-media.com/kf/S288d40dfa2a44787955029f7da31a98aT.jpg_220x220q75.jpg_.avif,https://ae-pic-a1.aliexpress-media.com/kf/S162b1b5d588f4760bb1a00e7062c3212r.jpg?has_lang=1&ver=2_220x220q75.jpg_.avif,https://ae-pic-a1.aliexpress-media.com/kf/Seb01ef5e05014cf1b8e00027700a3f29G.jpg_220x220q75.jpg_.avif,https://ae-pic-a1.aliexpress-media.com/kf/S22a2cae8b150474a87f27ebfd26dc1685.jpg_220x220q75.jpg_.avif","['whether full opening', 'No', 'High-concerned chemical', 'None', 'Applicable Season', 'Autumn And Winter', 'Craft of Weaving', 'Knit', 'Applicable Scene', 'Shopping', 'Hooded', 'No']",https://www.aliexpress.us/item/3256807149448387.html?algo_pvid=4d4fd6b1-6792-43a6-87de-031c6e2688c9&algo_exp_id=4d4fd6b1-6792-43a6-87de-031c6e2688c9-3&pdp_ext_f=%7B%22order%22%3A%22334%22%2C%22eval%22%3A%221%22%2C%22fromPage%22%3A%22search%22%7D&pdp_npi=6%40dis%21USD%2123.81%2111.57%21%21%21162.98%2179.18%21%402101c44f17754317009055316e0d6d%2112000040313058649%21sea%21US%210%21ABX%211%210%21n_tag%3A-29910%3Bd%3Ab1e5c83a%3Bm03_new_user%3A-29895%3BpisId%3A5000000197827853&curPageLogUid=AeI8AvRn2d2c&utparam-url=scene%3Asearch%7Cquery_from%3A%7Cx_object_id%3A1005007335763139%7C_p_origin_prod%3A
Men's Stand Collar Pullover Zipper Twist Knit Pullover Men's Thicker Sweatshirts Autumn Solid Color Turtleneck Sweaters,$1.47,"https://ae-pic-a1.aliexpress-media.com/kf/S16a45017515b4b8187d48919320e95a1W.jpg_220x220q75.jpg_.avif,https://ae-pic-a1.aliexpress-media.com/kf/S16a45017515b4b8187d48919320e95a1W.jpg_220x220q75.jpg_.avif,https://ae-pic-a1.aliexpress-media.com/kf/Sae714e701b6740b79591d0cc04117341U.jpg_220x220q75.jpg_.avif,https://ae-pic-a1.aliexpress-media.com/kf/Sc87e9edb237e4a0a8bddeda568e68058P.jpg_220x220q75.jpg_.avif,https://ae-pic-a1.aliexpress-media.com/kf/S14bc931269a6486cafae09edff963625n.jpg_220x220q75.jpg_.avif","['whether full opening', 'No', 'High-concerned chemical', 'None', 'Applicable Season', 'Spring And Autumn', 'Craft of Weaving', 'Knit', 'Applicable Scene', 'Daily', 'Hooded', 'No']",https://www.aliexpress.us/item/3256805754056494.html?algo_pvid=4d4fd6b1-6792-43a6-87de-031c6e2688c9&algo_exp_id=4d4fd6b1-6792-43a6-87de-031c6e2688c9-4&pdp_ext_f=%7B%22order%22%3A%22331%22%2C%22eval%22%3A%221%22%2C%22fromPage%22%3A%22search%22%7D&pdp_npi=6%40dis%21USD%2121.09%2110.87%21%21%21144.33%2174.37%21%402101c44f17754317009055316e0d6d%2112000034945017741%21sea%21US%210%21ABX%211%210%21n_tag%3A-29910%3Bd%3Ab1e5c83a%3Bm03_new_user%3A-29895%3BpisId%3A5000000197827853&curPageLogUid=2lxhPh2fsl2B&utparam-url=scene%3Asearch%7Cquery_from%3A%7Cx_object_id%3A1005005940371246%7C_p_origin_prod%3A
2025 Men's Polar Fleece Outdoor Warm Breathable Tactical Zipper Standing Neck Long Sleeves Casual Solid Color Sweatshirt S-XXXL,$3.15,"https://ae-pic-a1.aliexpress-media.com/kf/S24754dfc4e6c4fb0964deb4819e4616aX.jpg?has_lang=1&ver=1_220x220q75.jpg_.avif,https://ae-pic-a1.aliexpress-media.com/kf/S339004d677304e318b4fcfdde73a55a6o.jpg_220x220q75.jpg_.avif,https://ae-pic-a1.aliexpress-media.com/kf/S1a3a6c8e4457469bb0d8768d80e28a653.jpg_220x220q75.jpg_.avif,https://ae-pic-a1.aliexpress-media.com/kf/S15fb82e4219c4bf098e97af25cd1ba61e.jpg_220x220q75.jpg_.avif,https://ae-pic-a1.aliexpress-media.com/kf/S7c2de1ca68a54bd888b6b96f17e6f593A.jpg_220x220q75.jpg_.avif","['whether full opening', 'No', 'High-concerned chemical', 'None', 'Applicable Season', 'Spring And Autumn', 'Craft of Weaving', 'Knit', 'Applicable Scene', 'Daily', 'Hooded', 'No']",https://www.aliexpress.us/item/3256809607610535.html?algo_pvid=4d4fd6b1-6792-43a6-87de-031c6e2688c9&algo_exp_id=4d4fd6b1-6792-43a6-87de-031c6e2688c9-5&pdp_ext_f=%7B%22order%22%3A%22327%22%2C%22eval%22%3A%221%22%2C%22fromPage%22%3A%22search%22%7D&pdp_npi=6%40dis%21USD%2125.30%2112.55%21%21%21173.14%2185.89%21%402101c44f17754317009055316e0d6d%2112000050181839680%21sea%21US%210%21ABX%211%210%21n_tag%3A-29910%3Bd%3Ab1e5c83a%3Bm03_new_user%3A-29895%3BpisId%3A5000000197827853&curPageLogUid=cSpwUGOCkkbk&utparam-url=scene%3Asearch%7Cquery_from%3A%7Cx_object_id%3A1005009793925287%7C_p_origin_prod%3A
RL embroidered sportswear cotton men's spring and autumn thin style long sleeved men's round neck pullover top men's clothing,$15.53,"https://ae-pic-a1.aliexpress-media.com/kf/S8a41a60c21d24cb894e8ef691bed483ei.jpg_220x220q75.jpg_.avif,https://ae-pic-a1.aliexpress-media.com/kf/S40686fb1e365408d8a0723e4cf945ce8T.jpg_220x220q75.jpg_.avif,https://ae-pic-a1.aliexpress-media.com/kf/Sb6b7949241144a208acb23ad9f643fc7X.jpg_220x220q75.jpg_.avif,https://ae-pic-a1.aliexpress-media.com/kf/Sf6092051df5040e7b13e95fcf07dcb14j.jpg_220x220q75.jpg_.avif,https://ae-pic-a1.aliexpress-media.com/kf/Sf7ab2cd601784d5f97f95d462ab08fa88.jpg_220x220q75.jpg_.avif","['whether full opening', 'No', 'High-concerned chemical', 'None', 'Applicable Season', 'Spring And Autumn', 'Applicable Scene', 'Traveling', 'Hooded', 'No', 'Decoration', 'Embroidery']",https://www.aliexpress.us/item/3256809400478982.html?algo_pvid=4d4fd6b1-6792-43a6-87de-031c6e2688c9&algo_exp_id=4d4fd6b1-6792-43a6-87de-031c6e2688c9-6&pdp_ext_f=%7B%22order%22%3A%22326%22%2C%22eval%22%3A%221%22%2C%22fromPage%22%3A%22search%22%7D&pdp_npi=6%40dis%21USD%2122.18%2115.53%21%21%21151.82%21106.27%21%402101c44f17754317009055316e0d6d%2112000049544423842%21sea%21US%210%21ABX%211%210%21n_tag%3A-29910%3Bd%3Ab1e5c83a%3Bm03_new_user%3A-29895&curPageLogUid=M65qCk9hzvtw&utparam-url=scene%3Asearch%7Cquery_from%3A%7Cx_object_id%3A1005009586793734%7C_p_origin_prod%3A
TACVASEN 1/4 Zipper Collar Spring Fleece Sweaters Mens Warm Sweatshirts Breathable Casual Sports Hiking Turtleneck Pullover Tops,$24.93,"https://ae-pic-a1.aliexpress-media.com/kf/Se0593460e1cd41fdbd22c11675f0608fu.jpg_220x220q75.jpg_.avif,https://ae-pic-a1.aliexpress-media.com/kf/Se0593460e1cd41fdbd22c11675f0608fu.jpg_220x220q75.jpg_.avif,https://ae-pic-a1.aliexpress-media.com/kf/Seb2dcac9374d46258274a038f2f3c8bfh.png_220x220.png_.avif,https://ae-pic-a1.aliexpress-media.com/kf/S8e957c07aa5d442c8d523f49a6caa2618.png_220x220.png_.avif,https://ae-pic-a1.aliexpress-media.com/kf/S9f7d178c581e40ffbf70ae1e7bba19ccm.png_220x220.png_.avif","['whether full opening', 'Yes', 'High-concerned chemical', 'None', 'Applicable Season', 'Spring And Autumn', 'Applicable Scene', 'CASUAL', 'Hooded', 'No', 'Model Number', 'TJ618']",https://www.aliexpress.us/item/3256805038948733.html?algo_pvid=4d4fd6b1-6792-43a6-87de-031c6e2688c9&algo_exp_id=4d4fd6b1-6792-43a6-87de-031c6e2688c9-7&pdp_ext_f=%7B%22order%22%3A%22326%22%2C%22eval%22%3A%221%22%2C%22fromPage%22%3A%22search%22%7D&pdp_npi=6%40dis%21USD%2148.88%2124.93%21%21%21334.58%21170.64%21%402101c44f17754317009055316e0d6d%2112000032263637394%21sea%21US%210%21ABX%211%210%21n_tag%3A-29910%3Bd%3Ab1e5c83a%3Bm03_new_user%3A-29895&curPageLogUid=AuvwS3V2g2gJ&utparam-url=scene%3Asearch%7Cquery_from%3A%7Cx_object_id%3A1005005225263485%7C_p_origin_prod%3A
Autumn Winter Men's Knit Pullovers Solid Color V-Neck Slim Fit Long Sleeve Knitted Sweater Men Fashion Casual Pullover Sweaters,$8.98,"https://ae-pic-a1.aliexpress-media.com/kf/Sbdbbb75432034661882407c1b88a1e07Z.jpg?has_lang=1&ver=2_220x220q75.jpg_.avif,https://ae-pic-a1.aliexpress-media.com/kf/S2198f14de42349968ebfc24c8e81fd702.jpg?has_lang=1&ver=1_220x220q75.jpg_.avif,https://ae-pic-a1.aliexpress-media.com/kf/S637c6035f8a94d5fbe92fbcfd8747eb8d.jpg_220x220q75.jpg_.avif,https://ae-pic-a1.aliexpress-media.com/kf/Sa83d01b1e2124b88bb8e67ef1db34078k.jpg?has_lang=1&ver=2_220x220q75.jpg_.avif,https://ae-pic-a1.aliexpress-media.com/kf/S88b076e9d14b43f2b71e240c72f1c261W.jpg_220x220q75.jpg_.avif","['whether full opening', 'No', 'High-concerned chemical', 'None', 'Applicable Season', 'Autumn And Winter', 'Craft of Weaving', 'Knit', 'Applicable Scene', 'Daily', 'Hooded', 'No']",https://www.aliexpress.us/item/3256809016071070.html?algo_pvid=4d4fd6b1-6792-43a6-87de-031c6e2688c9&algo_exp_id=4d4fd6b1-6792-43a6-87de-031c6e2688c9-8&pdp_ext_f=%7B%22order%22%3A%22325%22%2C%22eval%22%3A%221%22%2C%22fromPage%22%3A%22search%22%7D&pdp_npi=6%40dis%21USD%2118.33%218.98%21%21%2118.33%218.98%21%402101c44f17754317009055316e0d6d%2112000048285669069%21sea%21US%210%21ABX%211%210%21n_tag%3A-29910%3Bd%3Ab1e5c83a%3Bm03_new_user%3A-29895&curPageLogUid=03Gp2rcFIeWA&utparam-url=scene%3Asearch%7Cquery_from%3A%7Cx_object_id%3A1005009202385822%7C_p_origin_prod%3A
High-end Designer 2024 New Autumn Winter Men's Embroidery Sweater Thickening Fashion Round Neck Plush Velvet Knitwear Pullover,$17.07,"https://ae-pic-a1.aliexpress-media.com/kf/S59641a9a779543a9a59922c651af662cn.jpg_220x220q75.jpg_.avif,https://ae-pic-a1.aliexpress-media.com/kf/S59641a9a779543a9a59922c651af662cn.jpg_220x220q75.jpg_.avif,https://ae-pic-a1.aliexpress-media.com/kf/Sf6f18d03fa3b4a6593baad560668d119d.jpg_220x220q75.jpg_.avif,https://ae-pic-a1.aliexpress-media.com/kf/S00290834a81b432aa267fc55af4d61d3X.jpg_220x220q75.jpg_.avif,https://ae-pic-a1.aliexpress-media.com/kf/S12d02ef4e74746e4aeecf5a59733be7aS.jpg_220x220q75.jpg_.avif","['whether full opening', 'No', 'High-concerned chemical', 'None', 'Applicable Season', 'Autumn And Winter', 'Craft of Weaving', 'Knit', 'Applicable Scene', 'Daily', 'Hooded', 'No']",https://www.aliexpress.us/item/3256807968649831.html?algo_pvid=4d4fd6b1-6792-43a6-87de-031c6e2688c9&algo_exp_id=4d4fd6b1-6792-43a6-87de-031c6e2688c9-9&pdp_ext_f=%7B%22order%22%3A%22320%22%2C%22spu_best_type%22%3A%22price%22%2C%22eval%22%3A%221%22%2C%22fromPage%22%3A%22search%22%7D&pdp_npi=6%40dis%21USD%2134.14%2117.07%21%21%2134.14%2117.07%21%402101c44f17754317009055316e0d6d%2112000044020344062%21sea%21US%210%21ABX%211%210%21n_tag%3A-29910%3Bd%3Ab1e5c83a%3Bm03_new_user%3A-29895&curPageLogUid=47yr2PbPK6M4&utparam-url=scene%3Asearch%7Cquery_from%3A%7Cx_object_id%3A1005008154964583%7C_p_origin_prod%3A
Men's Fleece Thicker Sweater Half Zipper Turtleneck Warm Pullover High Quality Male Slim Knitted Wool Sweaters For Spring,$1.53,"https://ae-pic-a1.aliexpress-media.com/kf/S6c552177ee304344888610928ab2693aZ.jpg_220x220q75.jpg_.avif,https://ae-pic-a1.aliexpress-media.com/kf/S0577231f9e2e4fc69758fe6fac52f228Q.jpg?has_lang=1&ver=2_220x220q75.jpg_.avif,https://ae-pic-a1.aliexpress-media.com/kf/S74d6526689ff4f23a9695e7df89cd29cb.jpg?has_lang=1&ver=1_220x220q75.jpg_.avif,https://ae-pic-a1.aliexpress-media.com/kf/S7e11e20295ed499cbc02b29b53bf5826p.jpg_220x220q75.jpg_.avif,https://ae-pic-a1.aliexpress-media.com/kf/S958f7d6d1f20446d99660f5c42ce2a56F.jpg_220x220q75.jpg_.avif","['whether full opening', 'No', 'High-concerned chemical', 'None', 'Applicable Season', 'Autumn And Winter', 'Applicable Scene', 'CASUAL', 'Decoration', 'Pockets', 'Sleeve Style', 'regular']",https://www.aliexpress.us/item/3256806282623899.html?algo_pvid=4d4fd6b1-6792-43a6-87de-031c6e2688c9&algo_exp_id=4d4fd6b1-6792-43a6-87de-031c6e2688c9-10&pdp_ext_f=%7B%22order%22%3A%22319%22%2C%22eval%22%3A%221%22%2C%22fromPage%22%3A%22search%22%7D&pdp_npi=6%40dis%21USD%2127.57%2110.93%21%21%21188.69%2174.80%21%402101c44f17754317009055316e0d6d%2112000037323866851%21sea%21US%210%21ABX%211%210%21n_tag%3A-29910%3Bd%3Ab1e5c83a%3Bm03_new_user%3A-29895%3BpisId%3A5000000197827853&curPageLogUid=irEu2ysKaGDU&utparam-url=scene%3Asearch%7Cquery_from%3A%7Cx_object_id%3A1005006468938651%7C_p_origin_prod%3A
Autumn Mens Knitted Turtleneck Sweater New Solid Color Warm Streetwear Winter Vintage Lightweight Sweater Black Gray Tops,$1.49,"https://ae-pic-a1.aliexpress-media.com/kf/S87efae00d4c6486982817d85d5c60047d.jpg_220x220q75.jpg_.avif,https://ae-pic-a1.aliexpress-media.com/kf/Sd7cf4591e3b74ee78cc5a3dac3bc8de4l.jpg_220x220q75.jpg_.avif,https://ae-pic-a1.aliexpress-media.com/kf/Sb632fd58624b42e6936ce4f0786b7c635.jpg_220x220q75.jpg_.avif,https://ae-pic-a1.aliexpress-media.com/kf/S9f89504c4e374d908e7e426a5f9f6ee2F.jpg_220x220q75.jpg_.avif,https://ae-pic-a1.aliexpress-media.com/kf/S4ae6f3f16dc34e868bea0c9483de35ef1.jpg_220x220q75.jpg_.avif","['whether full opening', 'No', 'High-concerned chemical', 'None', 'Applicable Season', 'Autumn And Winter', 'Applicable Scene', 'CASUAL', 'Pattern Type', 'Solid', 'Sleeve Length(cm)', 'Full']",https://www.aliexpress.us/item/3256807389426354.html?algo_pvid=4d4fd6b1-6792-43a6-87de-031c6e2688c9&algo_exp_id=4d4fd6b1-6792-43a6-87de-031c6e2688c9-11&pdp_ext_f=%7B%22order%22%3A%22316%22%2C%22eval%22%3A%221%22%2C%22fromPage%22%3A%22search%22%7D&pdp_npi=6%40dis%21USD%2123.39%2110.89%21%21%21160.08%2174.56%21%402101c44f17754317009055316e0d6d%2112000041357636446%21sea%21US%210%21ABX%211%210%21n_tag%3A-29910%3Bd%3Ab1e5c83a%3Bm03_new_user%3A-29895%3BpisId%3A5000000197827853&curPageLogUid=RO9aNzJtFfHf&utparam-url=scene%3Asearch%7Cquery_from%3A%7Cx_object_id%3A1005007575741106%7C_p_origin_prod%3A
New Men's 100% Merino Wool Mock Neck Pullover Soft Warm Jumpers Quality Cashmere Sweater Casual Smart Knitwear Basic Tops Clothi,$32.75,"https://ae-pic-a1.aliexpress-media.com/kf/S6110ff256d184a69b5864c3bbce3524cX.jpg_220x220q75.jpg_.avif,https://ae-pic-a1.aliexpress-media.com/kf/Sf029229e09954836b877dd97614bd464Q.jpg?has_lang=1&ver=2_220x220q75.jpg_.avif,https://ae-pic-a1.aliexpress-media.com/kf/S56c0015fcec8486ab1d517fca36ab95c6.jpg?has_lang=1&ver=2_220x220q75.jpg_.avif,https://ae-pic-a1.aliexpress-media.com/kf/Sb0a8c59adb1b4bd38f327a8d4fa82ab1j.jpg?has_lang=1&ver=2_220x220q75.jpg_.avif,https://ae-pic-a1.aliexpress-media.com/kf/S5d344c5023af4af3857e4299823ce771h.jpg?has_lang=1&ver=2_220x220q75.jpg_.avif","['whether full opening', 'No', 'High-concerned chemical', 'None', 'Applicable Season', 'Autumn And Winter', 'Craft of Weaving', 'Knit', 'Applicable Scene', 'Daily', 'Sleeve Style', 'regular']",https://www.aliexpress.us/item/3256807378332789.html?algo_pvid=4d4fd6b1-6792-43a6-87de-031c6e2688c9&algo_exp_id=4d4fd6b1-6792-43a6-87de-031c6e2688c9-12&pdp_ext_f=%7B%22order%22%3A%22315%22%2C%22spu_best_type%22%3A%22price%22%2C%22eval%22%3A%221%22%2C%22fromPage%22%3A%22search%22%7D&pdp_npi=6%40dis%21USD%2161.79%2132.75%21%21%21422.90%21224.14%21%402101c44f17754317009055316e0d6d%2112000041316842373%21sea%21US%210%21ABX%211%210%21n_tag%3A-29910%3Bd%3Ab1e5c83a%3Bm03_new_user%3A-29895&curPageLogUid=GgBEoeLGKAX4&utparam-url=scene%3Asearch%7Cquery_from%3A%7Cx_object_id%3A1005007564647541%7C_p_origin_prod%3A
Men's Autumn Long Sleeve Knit Pullover Solid Color Crewneck Warm Sweater Men Casual Loose Sweatshirt Street Sportswear,$0.99,"https://ae-pic-a1.aliexpress-media.com/kf/S9f95456e8c124837ad6334052499c8aan.jpg?has_lang=1&ver=2_220x220q75.jpg_.avif,https://ae-pic-a1.aliexpress-media.com/kf/S8258dd5243154c47a7697e4605d8e0dbk.jpg?has_lang=1&ver=1_220x220q75.jpg_.avif,https://ae-pic-a1.aliexpress-media.com/kf/S93ee89bb7c9143fd85d157b9833eb25eL.jpg_220x220q75.jpg_.avif,https://ae-pic-a1.aliexpress-media.com/kf/S2c48e658d84c4f1f8b3b97f5b05997e4D.jpg_220x220q75.jpg_.avif,https://ae-pic-a1.aliexpress-media.com/kf/S6f101cf667d345aeab3c908ebf1eebece.jpg_220x220q75.jpg_.avif","['whether full opening', 'No', 'High-concerned chemical', 'None', 'Applicable Season', 'Spring And Autumn', 'Craft of Weaving', 'Knit', 'Applicable Scene', 'Daily', 'Hooded', 'No']",https://www.aliexpress.us/item/3256809641704917.html?algo_pvid=4d4fd6b1-6792-43a6-87de-031c6e2688c9&algo_exp_id=4d4fd6b1-6792-43a6-87de-031c6e2688c9-13&pdp_ext_f=%7B%22order%22%3A%22312%22%2C%22spu_best_type%22%3A%22price%22%2C%22eval%22%3A%221%22%2C%22fromPage%22%3A%22search%22%7D&pdp_npi=6%40dis%21USD%2117.86%218.47%21%21%21122.26%2158.00%21%402101c44f17754317009055316e0d6d%2112000050294556742%21sea%21US%210%21ABX%211%210%21n_tag%3A-29910%3Bd%3Ab1e5c83a%3Bm03_new_user%3A-29895%3BpisId%3A5000000197827853&curPageLogUid=rWi6p2YXy1rH&utparam-url=scene%3Asearch%7Cquery_from%3A%7Cx_object_id%3A1005009828019669%7C_p_origin_prod%3A
Men's Merino Wool Sweater Polo Collar Pullover Autumn Winter New Cashmere Knitwear Casual Loose Men's Shirts Tops Warm Soft,$22.77,"https://ae-pic-a1.aliexpress-media.com/kf/S232fc3582b2a4ca2bbddb48f10c5006ew.jpg_220x220q75.jpg_.avif,https://ae-pic-a1.aliexpress-media.com/kf/S9546dbcf97d64648ad1a4fa2a935ef1a4.jpg_220x220q75.jpg_.avif,https://ae-pic-a1.aliexpress-media.com/kf/Sed44be1e971048cbbda848fd7ccc61b8X.jpg_220x220q75.jpg_.avif,https://ae-pic-a1.aliexpress-media.com/kf/S70e993f1b3c04fe8aa190e5d85ef137dk.jpg_220x220q75.jpg_.avif,https://ae-pic-a1.aliexpress-media.com/kf/S339206f3c6e14798985cd032b0d65c91u.jpg_220x220q75.jpg_.avif","['whether full opening', 'No', 'High-concerned chemical', 'None', 'Applicable Season', 'Autumn And Winter', 'Craft of Weaving', 'Knit', 'Applicable Scene', 'Business', 'Hooded', 'No']",https://www.aliexpress.us/item/3256807271479614.html?algo_pvid=4d4fd6b1-6792-43a6-87de-031c6e2688c9&algo_exp_id=4d4fd6b1-6792-43a6-87de-031c6e2688c9-14&pdp_ext_f=%7B%22order%22%3A%22310%22%2C%22eval%22%3A%221%22%2C%22fromPage%22%3A%22search%22%7D&pdp_npi=6%40dis%21USD%2145.54%2122.77%21%21%21311.71%21155.85%21%402101c44f17754317009055316e0d6d%2112000040837173044%21sea%21US%210%21ABX%211%210%21n_tag%3A-29910%3Bd%3Ab1e5c83a%3Bm03_new_user%3A-29895&curPageLogUid=CgtwYGRH70V8&utparam-url=scene%3Asearch%7Cquery_from%3A%7Cx_object_id%3A1005007457794366%7C_p_origin_prod%3A
Vintage Oversized Men Sweaters Streetwear Harajuku Hip Hop Sweaters knit Jumpers Casual Loose Retro Y2K Sweaters Knitwear,$25.59,"https://ae-pic-a1.aliexpress-media.com/kf/S4abe08c86d6b43fcaa52dda53eef242d5.jpg?has_lang=1&ver=2_220x220q75.jpg_.avif,https://ae-pic-a1.aliexpress-media.com/kf/S5cfaf39a069c448eb4473bc2ddfaf3b6z.jpg_220x220q75.jpg_.avif,https://ae-pic-a1.aliexpress-media.com/kf/Sf27243e1efea489da415915ab45c5a14I.jpg?has_lang=1&ver=1_220x220q75.jpg_.avif,https://ae-pic-a1.aliexpress-media.com/kf/Se44c6d06789d4fa8980ddb5079667951m.jpg_220x220q75.jpg_.avif,https://ae-pic-a1.aliexpress-media.com/kf/S6872214cdf8f4506878093a731fa9c33z.jpg_220x220q75.jpg_.avif","['whether full opening', 'No', 'High-concerned chemical', 'None', 'Applicable Season', 'Autumn And Winter', 'Craft of Weaving', 'Tatting', 'Applicable Scene', 'Daily', 'Hooded', 'No']",https://www.aliexpress.us/item/3256809638647112.html?algo_pvid=4d4fd6b1-6792-43a6-87de-031c6e2688c9&algo_exp_id=4d4fd6b1-6792-43a6-87de-031c6e2688c9-15&pdp_ext_f=%7B%22order%22%3A%22307%22%2C%22spu_best_type%22%3A%22price%22%2C%22eval%22%3A%221%22%2C%22fromPage%22%3A%22search%22%7D&pdp_npi=6%40dis%21USD%2145.70%2125.59%21%21%2145.70%2125.59%21%402101c44f17754317009055316e0d6d%2112000050287144949%21sea%21US%210%21ABX%211%210%21n_tag%3A-29910%3Bd%3Ab1e5c83a%3Bm03_new_user%3A-29895&curPageLogUid=nZWNlkk5uusr&utparam-url=scene%3Asearch%7Cquery_from%3A%7Cx_object_id%3A1005009824961864%7C_p_origin_prod%3A
New\Japanese Style Round Neck Couple Sweater Plain Weave Style Casual Versatile Trendyy Men's Long-Sleeved Sweater Top,$12.06,"https://ae-pic-a1.aliexpress-media.com/kf/Scff333d697a84d8188730e84f2d9cf10O.jpg_220x220q75.jpg_.avif,https://ae-pic-a1.aliexpress-media.com/kf/S5384b0b5636f4fbd9e87ecf65b737a6fz.jpg_220x220q75.jpg_.avif,https://ae-pic-a1.aliexpress-media.com/kf/Sd210028ef03f48c188163f1267395f95r.jpg_220x220q75.jpg_.avif,https://ae-pic-a1.aliexpress-media.com/kf/S68e85c4cf79a463ea87936c16d2ae4c8L.jpg_220x220q75.jpg_.avif,https://ae-pic-a1.aliexpress-media.com/kf/S8bbbc27639c64c8aa228110ab8b84dd2R.jpg_220x220q75.jpg_.avif","['whether full opening', 'No', 'High-concerned chemical', 'None', 'Applicable Season', 'Four Seasons', 'Applicable Scene', 'Shopping', 'Hooded', 'No', 'Sleeve Style', 'regular']",https://www.aliexpress.us/item/3256810300947009.html?algo_pvid=4d4fd6b1-6792-43a6-87de-031c6e2688c9&algo_exp_id=4d4fd6b1-6792-43a6-87de-031c6e2688c9-16&pdp_ext_f=%7B%22order%22%3A%22304%22%2C%22eval%22%3A%221%22%2C%22orig_sl_item_id%22%3A%221005010487261761%22%2C%22orig_item_id%22%3A%221005008538294644%22%2C%22fromPage%22%3A%22search%22%7D&pdp_npi=6%40dis%21USD%2143.61%2119.96%21%21%21298.52%21136.64%21%402101c44f17754317009055316e0d6d%2112000052568528905%21sea%21US%210%21ABX%211%210%21n_tag%3A-29910%3Bd%3Ab1e5c83a%3Bm03_new_user%3A-29895%3BpisId%3A5000000197827853&curPageLogUid=ietNOMCIv7bL&utparam-url=scene%3Asearch%7Cquery_from%3A%7Cx_object_id%3A1005010487261761%7C_p_origin_prod%3A1005008538294644
New\Japanese Style Round Neck Couple Sweater Plain Weave Style Casual Versatile Trendyy Men's Long-Sleeved Sweater Top,$12.53,"https://ae-pic-a1.aliexpress-media.com/kf/Scff333d697a84d8188730e84f2d9cf10O.jpg_220x220q75.jpg_.avif,https://ae-pic-a1.aliexpress-media.com/kf/S5384b0b5636f4fbd9e87ecf65b737a6fz.jpg_220x220q75.jpg_.avif,https://ae-pic-a1.aliexpress-media.com/kf/Sd210028ef03f48c188163f1267395f95r.jpg_220x220q75.jpg_.avif,https://ae-pic-a1.aliexpress-media.com/kf/S68e85c4cf79a463ea87936c16d2ae4c8L.jpg_220x220q75.jpg_.avif,https://ae-pic-a1.aliexpress-media.com/kf/S8bbbc27639c64c8aa228110ab8b84dd2R.jpg_220x220q75.jpg_.avif","['whether full opening', 'No', 'High-concerned chemical', 'None', 'Applicable Season', 'Four Seasons', 'Applicable Scene', 'Shopping', 'Hooded', 'No', 'Sleeve Style', 'regular']",https://www.aliexpress.us/item/3256808351979892.html?algo_pvid=4d4fd6b1-6792-43a6-87de-031c6e2688c9&algo_exp_id=4d4fd6b1-6792-43a6-87de-031c6e2688c9-17&pdp_ext_f=%7B%22order%22%3A%22303%22%2C%22spu_best_type%22%3A%22price%22%2C%22eval%22%3A%221%22%2C%22fromPage%22%3A%22search%22%7D&pdp_npi=6%40dis%21USD%2146.87%2120.97%21%21%21320.78%21143.51%21%402101c44f17754317009055316e0d6d%2112000045619936353%21sea%21US%210%21ABX%211%210%21n_tag%3A-29910%3Bd%3Ab1e5c83a%3Bm03_new_user%3A-29895%3BpisId%3A5000000203829424&curPageLogUid=lgV9sXfbWtqo&utparam-url=scene%3Asearch%7Cquery_from%3A%7Cx_object_id%3A1005008538294644%7C_p_origin_prod%3A
Soft Cashmere Sweater Men's Clothing Autumn Winter Pullover Business Casual Bottom V-neck Knitted Woolen Slim Fit Knitwear Male,$17.32,"https://ae-pic-a1.aliexpress-media.com/kf/S51e32362fe8a41dc82b6e7a8c74474d5V.jpg_220x220q75.jpg_.avif,https://ae-pic-a1.aliexpress-media.com/kf/S2202ff30aa0e42fa906a1bdcc545f8c5X.jpg_220x220q75.jpg_.avif,https://ae-pic-a1.aliexpress-media.com/kf/S80c668e0bdd74c0fa254cd77074ad858x.jpg_220x220q75.jpg_.avif,https://ae-pic-a1.aliexpress-media.com/kf/Sfa2913b296ef411c8df13152d9c3acdbL.jpg_220x220q75.jpg_.avif,https://ae-pic-a1.aliexpress-media.com/kf/S2c76959ef4024bdfa0e501b209948bdcl.jpg_220x220q75.jpg_.avif","['whether full opening', 'No', 'High-concerned chemical', 'None', 'Applicable Season', 'Autumn And Winter', 'Applicable Scene', 'CASUAL', 'Hooded', 'No', 'Decoration', 'Pockets']",https://www.aliexpress.us/item/3256807288989523.html?algo_pvid=4d4fd6b1-6792-43a6-87de-031c6e2688c9&algo_exp_id=4d4fd6b1-6792-43a6-87de-031c6e2688c9-18&pdp_ext_f=%7B%22order%22%3A%22302%22%2C%22eval%22%3A%221%22%2C%22fromPage%22%3A%22search%22%7D&pdp_npi=6%40dis%21USD%2137.66%2117.32%21%21%21257.80%21118.59%21%402101c44f17754317009055316e0d6d%2112000040902852997%21sea%21US%210%21ABX%211%210%21n_tag%3A-29910%3Bd%3Ab1e5c83a%3Bm03_new_user%3A-29895&curPageLogUid=DEzHxw75G7ZU&utparam-url=scene%3Asearch%7Cquery_from%3A%7Cx_object_id%3A1005007475304275%7C_p_origin_prod%3A
European and American embroidered round sweater men's street design jacquard loose sweater Y2K vintage classic street clothing,$30.99,"https://ae-pic-a1.aliexpress-media.com/kf/Sf4044d34c4614236873425b18d4695b2t.jpg_220x220q75.jpg_.avif,https://ae-pic-a1.aliexpress-media.com/kf/S4aaf05b093884807b0c9153ad534bbcdf.jpg?has_lang=1&ver=2_220x220q75.jpg_.avif,https://ae-pic-a1.aliexpress-media.com/kf/S524a8c98b070484da1f796be411c93dcB.jpg_220x220q75.jpg_.avif,https://ae-pic-a1.aliexpress-media.com/kf/Sbd144afc5e15464a9f09ae97ec6fd762E.jpg_220x220q75.jpg_.avif,https://ae-pic-a1.aliexpress-media.com/kf/S6c139e96343a4754b0a8c381e1bd7bddd.jpg?has_lang=1&ver=2_220x220q75.jpg_.avif","['whether full opening', 'No', 'High-concerned chemical', 'None', 'Applicable Season', 'Four Seasons', 'Applicable Scene', 'CASUAL', 'Hooded', 'No', 'Decoration', 'Vintage']",https://www.aliexpress.us/item/3256809724174267.html?algo_pvid=4d4fd6b1-6792-43a6-87de-031c6e2688c9&algo_exp_id=4d4fd6b1-6792-43a6-87de-031c6e2688c9-19&pdp_ext_f=%7B%22order%22%3A%22300%22%2C%22eval%22%3A%221%22%2C%22fromPage%22%3A%22search%22%7D&pdp_npi=6%40dis%21USD%2154.36%2130.99%21%21%21372.04%21212.06%21%402101c44f17754317009055316e0d6d%2112000050551711044%21sea%21US%210%21ABX%211%210%21n_tag%3A-29910%3Bd%3Ab1e5c83a%3Bm03_new_user%3A-29895&curPageLogUid=kvPf0eZ3RWsI&utparam-url=scene%3Asearch%7Cquery_from%3A%7Cx_object_id%3A1005009910489019%7C_p_origin_prod%3A
2024 Cashmere Sweater O-neck Pullovers Men's Loose Oversized M-3XL Knitted Bottom Shirt Autumn Winter New Korean Casual Men Top,$10.71,"https://ae-pic-a1.aliexpress-media.com/kf/S7edd370d11be465aa7d8da2c639a6f407.jpg?has_lang=1&ver=2_220x220q75.jpg_.avif,https://ae-pic-a1.aliexpress-media.com/kf/S7edd370d11be465aa7d8da2c639a6f407.jpg?has_lang=1&ver=2_220x220q75.jpg_.avif,https://ae-pic-a1.aliexpress-media.com/kf/S708251faedff4a6793fd340247af1370o.jpg_220x220q75.jpg_.avif,https://ae-pic-a1.aliexpress-media.com/kf/S4ca031f4f4eb473a8bf0733f45d02cdar.jpg?has_lang=1&ver=2_220x220q75.jpg_.avif,https://ae-pic-a1.aliexpress-media.com/kf/S0a04656e86f54762834eeed2d680a263f.jpg?has_lang=1&ver=1_220x220q75.jpg_.avif","['whether full opening', 'No', 'High-concerned chemical', 'None', 'Applicable Season', 'Autumn And Winter', 'Craft of Weaving', 'Tatting', 'Applicable Scene', 'CASUAL', 'Hooded', 'No']",https://www.aliexpress.us/item/3256806862910430.html?algo_pvid=4d4fd6b1-6792-43a6-87de-031c6e2688c9&algo_exp_id=4d4fd6b1-6792-43a6-87de-031c6e2688c9-20&pdp_ext_f=%7B%22order%22%3A%22299%22%2C%22eval%22%3A%221%22%2C%22fromPage%22%3A%22search%22%7D&pdp_npi=6%40dis%21USD%2121.42%2110.71%21%21%21146.60%2173.30%21%402101c44f17754317009055316e0d6d%2112000039225597333%21sea%21US%210%21ABX%211%210%21n_tag%3A-29910%3Bd%3Ab1e5c83a%3Bm03_new_user%3A-29895&curPageLogUid=AQ91TnUQBtFe&utparam-url=scene%3Asearch%7Cquery_from%3A%7Cx_object_id%3A1005007049225182%7C_p_origin_prod%3A
100% Pure Cashmere Sweater Men's Half High Collar Solid Color Pullover Fashion New Knit Undercoat Autumn and Winter Long Sleeve,$58.67,"https://ae-pic-a1.aliexpress-media.com/kf/S495a952fd4e145cc9d75af92942a7ae4r.jpg_220x220q75.jpg_.avif,https://ae-pic-a1.aliexpress-media.com/kf/S59a448bf29834735907f85c7be76845b7.jpg_220x220q75.jpg_.avif,https://ae-pic-a1.aliexpress-media.com/kf/Se9ce055fa5ee4d239b8f1e457f82c8ceT.jpg_220x220q75.jpg_.avif,https://ae-pic-a1.aliexpress-media.com/kf/S854c204a29304168b540f4d874ef2900v.jpg_220x220q75.jpg_.avif,https://ae-pic-a1.aliexpress-media.com/kf/Sc776390bf1b64f249a3ce65ab6931e7aw.jpg_220x220q75.jpg_.avif","['whether full opening', 'No', 'High-concerned chemical', 'None', 'Applicable Season', 'Autumn And Winter', 'Applicable Scene', 'CASUAL', 'Hooded', 'No', 'Model Number', '180']",https://www.aliexpress.us/item/3256804892047493.html?algo_pvid=4d4fd6b1-6792-43a6-87de-031c6e2688c9&algo_exp_id=4d4fd6b1-6792-43a6-87de-031c6e2688c9-21&pdp_ext_f=%7B%22order%22%3A%22294%22%2C%22eval%22%3A%221%22%2C%22fromPage%22%3A%22search%22%7D&pdp_npi=6%40dis%21USD%21167.62%2158.67%21%21%21167.62%2158.67%21%402101c44f17754317009055316e0d6d%2112000031556080583%21sea%21US%210%21ABX%211%210%21n_tag%3A-29910%3Bd%3Ab1e5c83a%3Bm03_new_user%3A-29895&curPageLogUid=MZo5lq8z1Y0M&utparam-url=scene%3Asearch%7Cquery_from%3A%7Cx_object_id%3A1005005078362245%7C_p_origin_prod%3A
MVLYFLRT 100% Pure Merino Wool Sweater Men's Round Neck Pullover Tops Autumn Winter Thin Solid Color Sweater Versatile Basic,$33.34,"https://ae-pic-a1.aliexpress-media.com/kf/S14b6f9056cb14901b3786ed23a68bed8s.jpg_220x220q75.jpg_.avif,https://ae-pic-a1.aliexpress-media.com/kf/Sa156e860667448f1a9ef5fea343c6333S.jpg_220x220q75.jpg_.avif,https://ae-pic-a1.aliexpress-media.com/kf/Sb11441f6d17347d4a36006194ad2a7ffp.jpg_220x220q75.jpg_.avif,https://ae-pic-a1.aliexpress-media.com/kf/S0292b80a941e488b98dff920a77e0c302.jpg_220x220q75.jpg_.avif,https://ae-pic-a1.aliexpress-media.com/kf/Sd20bdcaf98da4ea2802e4063ed0163c8B.jpg_220x220q75.jpg_.avif","['whether full opening', 'No', 'High-concerned chemical', 'None', 'Applicable Season', 'Autumn And Winter', 'Applicable Scene', 'Office', 'Hooded', 'No', 'Model Number', 'MV-1002']",https://www.aliexpress.us/item/3256804392379367.html?algo_pvid=4d4fd6b1-6792-43a6-87de-031c6e2688c9&algo_exp_id=4d4fd6b1-6792-43a6-87de-031c6e2688c9-22&pdp_ext_f=%7B%22order%22%3A%22294%22%2C%22eval%22%3A%221%22%2C%22fromPage%22%3A%22search%22%7D&pdp_npi=6%40dis%21USD%2175.77%2133.34%21%21%2175.77%2133.34%21%402101c44f17754317009055316e0d6d%2112000029697123145%21sea%21US%210%21ABX%211%210%21n_tag%3A-29910%3Bd%3Ab1e5c83a%3Bm03_new_user%3A-29895&curPageLogUid=GqStnGKKfYMO&utparam-url=scene%3Asearch%7Cquery_from%3A%7Cx_object_id%3A1005004578694119%7C_p_origin_prod%3A
Autumn Winter Men's Turtleneck Sweater Warm Slim Fit Knitted Pullover Jacquard Striped Cozy Soft Knitwear Basic Style,$2.05,"https://ae-pic-a1.aliexpress-media.com/kf/S1296eb305c814828bb3d592bff9076c3O.jpg_220x220q75.jpg_.avif,https://ae-pic-a1.aliexpress-media.com/kf/Sa3380f71f4334bd588c940bb16334758c.jpg_220x220q75.jpg_.avif,https://ae-pic-a1.aliexpress-media.com/kf/S28a12fe20b484592b823579c969ceb5d3.jpg_220x220q75.jpg_.avif,https://ae-pic-a1.aliexpress-media.com/kf/Sa2aff09bb9b14d3eab0db1ffd1ae0880r.jpg_220x220q75.jpg_.avif,https://ae-pic-a1.aliexpress-media.com/kf/S94b1bcc46171465a9c6b9472312c0daa8.jpg_220x220q75.jpg_.avif","['whether full opening', 'No', 'High-concerned chemical', 'None', 'Applicable Season', 'Autumn And Winter', 'Craft of Weaving', 'Knit', 'Applicable Scene', 'Daily', 'Hooded', 'No']",https://www.aliexpress.us/item/3256809309378241.html?algo_pvid=4d4fd6b1-6792-43a6-87de-031c6e2688c9&algo_exp_id=4d4fd6b1-6792-43a6-87de-031c6e2688c9-23&pdp_ext_f=%7B%22order%22%3A%22293%22%2C%22spu_best_type%22%3A%22price%22%2C%22eval%22%3A%221%22%2C%22fromPage%22%3A%22search%22%7D&pdp_npi=6%40dis%21USD%2123.11%2111.45%21%21%21158.17%2178.40%21%402101c44f17754317009055316e0d6d%2112000049279813676%21sea%21US%210%21ABX%211%210%21n_tag%3A-29910%3Bd%3Ab1e5c83a%3Bm03_new_user%3A-29895%3BpisId%3A5000000197827853&curPageLogUid=EHJ8gxE2aJfK&utparam-url=scene%3Asearch%7Cquery_from%3A%7Cx_object_id%3A1005009495692993%7C_p_origin_prod%3A
2025 Men's 100% Merino Wool Cashmere V-neck Sweater Pullover Smart Casual Basic Long Sleeve Knitwear Clothes Tops Autumn Winter,$14.22,"https://ae-pic-a1.aliexpress-media.com/kf/S2c14f22733164a2bb037ee903bb45d47A.png_220x220.png_.avif,https://ae-pic-a1.aliexpress-media.com/kf/S2c14f22733164a2bb037ee903bb45d47A.png_220x220.png_.avif,https://ae-pic-a1.aliexpress-media.com/kf/S92e50f0e025445a6b6b036e607d00d51t.jpg?has_lang=1&ver=2_220x220q75.jpg_.avif,https://ae-pic-a1.aliexpress-media.com/kf/Scfcf21c1cce74f3eb7b06c344a8142bdi.png_220x220.png_.avif,https://ae-pic-a1.aliexpress-media.com/kf/S18c17f1ace4142a499e42d1187346b764.jpg_220x220q75.jpg_.avif","['whether full opening', 'No', 'High-concerned chemical', 'None', 'Applicable Season', 'Autumn And Winter', 'Craft of Weaving', 'Knit', 'Applicable Scene', 'Office', 'Hooded', 'No']",https://www.aliexpress.us/item/3256809620458173.html?algo_pvid=4d4fd6b1-6792-43a6-87de-031c6e2688c9&algo_exp_id=4d4fd6b1-6792-43a6-87de-031c6e2688c9-24&pdp_ext_f=%7B%22order%22%3A%22292%22%2C%22eval%22%3A%221%22%2C%22fromPage%22%3A%22search%22%7D&pdp_npi=6%40dis%21USD%2151.56%2123.62%21%21%21352.88%21161.64%21%402101c44f17754317009055316e0d6d%2112000050237222474%21sea%21US%210%21ABX%211%210%21n_tag%3A-29910%3Bd%3Ab1e5c83a%3Bm03_new_user%3A-29895%3BpisId%3A5000000197827853&curPageLogUid=pXiEqXXVdDkj&utparam-url=scene%3Asearch%7Cquery_from%3A%7Cx_object_id%3A1005009806772925%7C_p_origin_prod%3A
Basic Men's Seamless Wool Pullover Sweater Autumn Winter O-neck Solid 100% Merino Wool Knitwear Casual Simple Man Clothes Tops,$30.60,"https://ae-pic-a1.aliexpress-media.com/kf/S35b92528c278423fb0191a93e2863b90X.jpg_220x220q75.jpg_.avif,https://ae-pic-a1.aliexpress-media.com/kf/Sf8d75ca673ec4db18212b52e92bcd7a7P.jpg_220x220q75.jpg_.avif,https://ae-pic-a1.aliexpress-media.com/kf/S8bd2df32d7c74e369a347d7b17a1973em.jpg_220x220q75.jpg_.avif,https://ae-pic-a1.aliexpress-media.com/kf/S225ae6c281a54c4b843e09c65ee9263er.jpg_220x220q75.jpg_.avif,https://ae-pic-a1.aliexpress-media.com/kf/Sc7d6a16907404049a3796ede24abb432K.jpg_220x220q75.jpg_.avif","['whether full opening', 'No', 'High-concerned chemical', 'None', 'Applicable Season', 'Autumn And Winter', 'Craft of Weaving', 'Knit', 'Applicable Scene', 'Daily', 'Place Of Origin', 'China (mainland)']",https://www.aliexpress.us/item/3256809287230425.html?algo_pvid=4d4fd6b1-6792-43a6-87de-031c6e2688c9&algo_exp_id=4d4fd6b1-6792-43a6-87de-031c6e2688c9-25&pdp_ext_f=%7B%22order%22%3A%22289%22%2C%22eval%22%3A%221%22%2C%22fromPage%22%3A%22search%22%7D&pdp_npi=6%40dis%21USD%2157.74%2130.60%21%21%21395.19%21209.45%21%402101c44f17754317009055316e0d6d%2112000049211561726%21sea%21US%210%21ABX%211%210%21n_tag%3A-29910%3Bd%3Ab1e5c83a%3Bm03_new_user%3A-29895&curPageLogUid=vCA9EaZmKZm7&utparam-url=scene%3Asearch%7Cquery_from%3A%7Cx_object_id%3A1005009473545177%7C_p_origin_prod%3A
Men's 100% pure Mink Cashmere Sweater O-Neck Pullovers Knit Large Size Mink Sweater Winter Male Tops Long Sleeve Jumpers 4XL,$14.75,"https://ae-pic-a1.aliexpress-media.com/kf/S3f412670c1c74e7897c1225f1d5d5796y.jpg?has_lang=1&ver=2_220x220q75.jpg_.avif,https://ae-pic-a1.aliexpress-media.com/kf/S896338921b99419eb6e93ef32d9a4e9bl.jpg?has_lang=1&ver=2_220x220q75.jpg_.avif,https://ae-pic-a1.aliexpress-media.com/kf/S90c001c01d3c42f38ee206b3496177afn.jpg?has_lang=1&ver=2_220x220q75.jpg_.avif,https://ae-pic-a1.aliexpress-media.com/kf/Sd3682db5af51411a83b979b745f7a16eV.jpg?has_lang=1&ver=2_220x220q75.jpg_.avif,https://ae-pic-a1.aliexpress-media.com/kf/S27e23003986b4d6381ca127fa981ea0as.jpg_220x220q75.jpg_.avif","['whether full opening', 'No', 'High-concerned chemical', 'None', 'Applicable Season', 'Spring And Autumn', 'Applicable Scene', 'CASUAL', 'Hooded', 'No', 'Decoration', 'NONE']",https://www.aliexpress.us/item/3256806997924519.html?algo_pvid=4d4fd6b1-6792-43a6-87de-031c6e2688c9&algo_exp_id=4d4fd6b1-6792-43a6-87de-031c6e2688c9-26&pdp_ext_f=%7B%22order%22%3A%22285%22%2C%22eval%22%3A%221%22%2C%22fromPage%22%3A%22search%22%7D&pdp_npi=6%40dis%21USD%2128.37%2114.75%21%21%21194.15%21100.96%21%402101c44f17754317009055316e0d6d%2112000039730874359%21sea%21US%210%21ABX%211%210%21n_tag%3A-29910%3Bd%3Ab1e5c83a%3Bm03_new_user%3A-29895&curPageLogUid=ERggfqojJkKc&utparam-url=scene%3Asearch%7Cquery_from%3A%7Cx_object_id%3A1005007184239271%7C_p_origin_prod%3A
Autumn Mock Neck Sweater Coats Men Solid Color Pullovers Winter Man Half Turtleneck Knitwear Fashion Brand Casual Mens Clothing,$0.99,"https://ae-pic-a1.aliexpress-media.com/kf/S1c8ea79e47a34ccd882e3aad067e53b7T.jpg_220x220q75.jpg_.avif,https://ae-pic-a1.aliexpress-media.com/kf/S3bb1ca86aea54b8081472b71d55c7e87d.jpg_220x220q75.jpg_.avif,https://ae-pic-a1.aliexpress-media.com/kf/S7f022ae66a2148719ba2f939dae3444fq.jpg_220x220q75.jpg_.avif,https://ae-pic-a1.aliexpress-media.com/kf/S46604c4c38024e00a462b54743fd7ef5P.jpg_220x220q75.jpg_.avif,https://ae-pic-a1.aliexpress-media.com/kf/S86f2260c7985490fb259f5c63248cda0I.jpg_220x220q75.jpg_.avif","['whether full opening', 'No', 'High-concerned chemical', 'None', 'Applicable Season', 'Autumn And Winter', 'Applicable Scene', 'Daily', 'Sleeve Style', 'regular', 'Pattern Type', 'Solid']",https://www.aliexpress.us/item/3256807784613830.html?algo_pvid=4d4fd6b1-6792-43a6-87de-031c6e2688c9&algo_exp_id=4d4fd6b1-6792-43a6-87de-031c6e2688c9-27&pdp_ext_f=%7B%22order%22%3A%22280%22%2C%22spu_best_type%22%3A%22price%22%2C%22eval%22%3A%221%22%2C%22fromPage%22%3A%22search%22%7D&pdp_npi=6%40dis%21USD%2122.04%219.16%21%21%21150.87%2162.69%21%402101c44f17754317009055316e0d6d%2112000043088129375%21sea%21US%210%21ABX%211%210%21n_tag%3A-29910%3Bd%3Ab1e5c83a%3Bm03_new_user%3A-29895%3BpisId%3A5000000197827853&curPageLogUid=5acPQPBeJHLe&utparam-url=scene%3Asearch%7Cquery_from%3A%7Cx_object_id%3A1005007970928582%7C_p_origin_prod%3A
2024 Winter sweater new High End Luxury Cashmere Sweater Men Thick Warm Mens Sweaters With Deer Korean Harajuku Christmas Jumper,$24.57,"https://ae-pic-a1.aliexpress-media.com/kf/Sdd608df3a48f429585f1ee6499bd87d9Q.jpg_220x220q75.jpg_.avif,https://ae-pic-a1.aliexpress-media.com/kf/Sdd608df3a48f429585f1ee6499bd87d9Q.jpg_220x220q75.jpg_.avif,https://ae-pic-a1.aliexpress-media.com/kf/Sa4af4bf06cd54a2a96f52dd7d92a9f2ey.jpg_220x220q75.jpg_.avif,https://ae-pic-a1.aliexpress-media.com/kf/S4009bc650cca459184b2ce2c338a9ef7b.jpg_220x220q75.jpg_.avif,https://ae-pic-a1.aliexpress-media.com/kf/Se226c7df344942a69d2a2cf24672bccbD.jpg_220x220q75.jpg_.avif","['whether full opening', 'No', 'High-concerned chemical', 'None', 'Applicable Season', 'Winter', 'Craft of Weaving', 'Knit', 'Applicable Scene', 'CASUAL', 'Sleeve Style', 'regular']",https://www.aliexpress.us/item/3256807878500628.html?algo_pvid=4d4fd6b1-6792-43a6-87de-031c6e2688c9&algo_exp_id=4d4fd6b1-6792-43a6-87de-031c6e2688c9-28&pdp_ext_f=%7B%22order%22%3A%22279%22%2C%22eval%22%3A%221%22%2C%22fromPage%22%3A%22search%22%7D&pdp_npi=6%40dis%21USD%2146.36%2124.57%21%21%21317.34%21168.19%21%402101c44f17754317009055316e0d6d%2112000043513528557%21sea%21US%210%21ABX%211%210%21n_tag%3A-29910%3Bd%3Ab1e5c83a%3Bm03_new_user%3A-29895&curPageLogUid=LwbfqEBZTWVn&utparam-url=scene%3Asearch%7Cquery_from%3A%7Cx_object_id%3A1005008064815380%7C_p_origin_prod%3A
100% Pure Merino Wool Men's Semi High Neck Pullover Solid Color Plus Size Casual Sweater Autumn And Winter Sports Cashmere Top,$18.46,"https://ae-pic-a1.aliexpress-media.com/kf/Sad8177f4ae89458c95724a3c4e0a5326T.jpg?has_lang=1&ver=2_220x220q75.jpg_.avif,https://ae-pic-a1.aliexpress-media.com/kf/Sad8177f4ae89458c95724a3c4e0a5326T.jpg?has_lang=1&ver=2_220x220q75.jpg_.avif,https://ae-pic-a1.aliexpress-media.com/kf/S2433f7a8d19c493e93cecabe9e71f2f3F.jpg_220x220q75.jpg_.avif,https://ae-pic-a1.aliexpress-media.com/kf/Sb5c52bc2e3704986ae1356df766fa7cdH.jpg_220x220q75.jpg_.avif,https://ae-pic-a1.aliexpress-media.com/kf/S11de0ea7b9f743a48fb25cdcbdea0c5fY.jpg_220x220q75.jpg_.avif","['whether full opening', 'No', 'High-concerned chemical', 'None', 'Applicable Season', 'Autumn And Winter', 'Craft of Weaving', 'Knit', 'Applicable Scene', 'Business', 'Hooded', 'No']",https://www.aliexpress.us/item/3256809518576472.html?algo_pvid=4d4fd6b1-6792-43a6-87de-031c6e2688c9&algo_exp_id=4d4fd6b1-6792-43a6-87de-031c6e2688c9-29&pdp_ext_f=%7B%22order%22%3A%22278%22%2C%22eval%22%3A%221%22%2C%22fromPage%22%3A%22search%22%7D&pdp_npi=6%40dis%21USD%2159.48%2127.86%21%21%21407.10%21190.66%21%402101c44f17754317009055316e0d6d%2112000049909998559%21sea%21US%210%21ABX%211%210%21n_tag%3A-29910%3Bd%3Ab1e5c83a%3Bm03_new_user%3A-29895%3BpisId%3A5000000197827852&curPageLogUid=PeSoghTd0ezN&utparam-url=scene%3Asearch%7Cquery_from%3A%7Cx_object_id%3A1005009704891224%7C_p_origin_prod%3A
New Men's Fashion Mock Turtleneck Sweaters Long Sleeve Waem Pullover Sweater Winter Slim Fit Stripes Basic Knitted Outdoor wear,$2.75,"https://ae-pic-a1.aliexpress-media.com/kf/S677c219b3dff45c7ad8a991dc5e0f3fc2.jpg_220x220q75.jpg_.avif,https://ae-pic-a1.aliexpress-media.com/kf/Sd6929b0535a846b4a9688f0cda0009ber.jpg_220x220q75.jpg_.avif,https://ae-pic-a1.aliexpress-media.com/kf/Se152e66ffe4e493aa2947d7c2f706779S.jpg_220x220q75.jpg_.avif,https://ae-pic-a1.aliexpress-media.com/kf/S356139b14e7747e48036f03fe75738cdm.jpg_220x220q75.jpg_.avif,https://ae-pic-a1.aliexpress-media.com/kf/S327dd1c77a044011b560385f20bca683W.jpg_220x220q75.jpg_.avif","['whether full opening', 'No', 'High-concerned chemical', 'None', 'Applicable Season', 'Autumn And Winter', 'Applicable Scene', 'Daily', 'Hooded', 'No', 'Sleeve Style', 'regular']",https://www.aliexpress.us/item/3256809487259320.html?algo_pvid=4d4fd6b1-6792-43a6-87de-031c6e2688c9&algo_exp_id=4d4fd6b1-6792-43a6-87de-031c6e2688c9-30&pdp_ext_f=%7B%22order%22%3A%22278%22%2C%22eval%22%3A%221%22%2C%22fromPage%22%3A%22search%22%7D&pdp_npi=6%40dis%21USD%2121.82%2110.02%21%21%21149.35%2168.62%21%402101c44f17754317009055316e0d6d%2112000049826945227%21sea%21US%210%21ABX%211%210%21n_tag%3A-29910%3Bd%3Ab1e5c83a%3Bm03_new_user%3A-29895%3BpisId%3A5000000204084768&curPageLogUid=lfPlSN83Km59&utparam-url=scene%3Asearch%7Cquery_from%3A%7Cx_object_id%3A1005009673574072%7C_p_origin_prod%3A
2023 New Autumn Zipper Pullover Sweaters for Men High Quality Warm Winter Stand Collar Cotton Knitted Sweater Men,$19.05,"https://ae-pic-a1.aliexpress-media.com/kf/S2feb8c92d2e04ee299bff433edd6f798E.jpg?has_lang=1&ver=2_220x220q75.jpg_.avif,https://ae-pic-a1.aliexpress-media.com/kf/S6574f8cf789d4c488163fc492785f2c6W.png?has_lang=1&ver=2_220x220.png_.avif,https://ae-pic-a1.aliexpress-media.com/kf/S69a8d7ea04544843b596bb880ff2e45e1.jpg_220x220q75.jpg_.avif,https://ae-pic-a1.aliexpress-media.com/kf/Sef389115a5844e2eb7c826de37902765d.jpg_220x220q75.jpg_.avif,https://ae-pic-a1.aliexpress-media.com/kf/Sfed18f0d977342a0b5b343515055e77c6.jpg?has_lang=1&ver=2_220x220q75.jpg_.avif","['whether full opening', 'No', 'High-concerned chemical', 'None', 'Applicable Season', 'Autumn And Winter', 'Applicable Scene', 'CASUAL', 'Hooded', 'No', 'Model Number', 'Y830']",https://www.aliexpress.us/item/3256805764818291.html?algo_pvid=4d4fd6b1-6792-43a6-87de-031c6e2688c9&algo_exp_id=4d4fd6b1-6792-43a6-87de-031c6e2688c9-31&pdp_ext_f=%7B%22order%22%3A%22273%22%2C%22eval%22%3A%221%22%2C%22fromPage%22%3A%22search%22%7D&pdp_npi=6%40dis%21USD%2157.11%2128.45%21%21%21390.92%21194.78%21%402101c44f17754317009055316e0d6d%2112000035132361880%21sea%21US%210%21ABX%211%210%21n_tag%3A-29910%3Bd%3Ab1e5c83a%3Bm03_new_user%3A-29895%3BpisId%3A5000000197827853&curPageLogUid=C3NecNRhwniz&utparam-url=scene%3Asearch%7Cquery_from%3A%7Cx_object_id%3A1005005951133043%7C_p_origin_prod%3A
2025 Spring Autumn New 100% Cashmere Sweater Men's High Turnover Collar Knitted Pullover Fashion Slim Fit Knitted Bottom Shirt,$62.63,"https://ae-pic-a1.aliexpress-media.com/kf/Safc04a2f1e084d88a0ee86283de0feb4q.jpg?has_lang=1&ver=2_220x220q75.jpg_.avif,https://ae-pic-a1.aliexpress-media.com/kf/Safc04a2f1e084d88a0ee86283de0feb4q.jpg?has_lang=1&ver=2_220x220q75.jpg_.avif,https://ae-pic-a1.aliexpress-media.com/kf/Sedbf03297f2648e8bebfd9a648dd403aZ.jpg?has_lang=1&ver=2_220x220q75.jpg_.avif,https://ae-pic-a1.aliexpress-media.com/kf/Sfeca811a7abd4c8993b6ebea35bb042c4.jpg?has_lang=1&ver=2_220x220q75.jpg_.avif,https://ae-pic-a1.aliexpress-media.com/kf/Sf8c87982a2a144cba8ed0d9c0949d6c4d.jpg?has_lang=1&ver=2_220x220q75.jpg_.avif","['whether full opening', 'No', 'High-concerned chemical', 'None', 'Applicable Season', 'Four Seasons', 'Craft of Weaving', 'Knit', 'Applicable Scene', 'Office', 'Hooded', 'No']",https://www.aliexpress.us/item/3256806533053170.html?algo_pvid=4d4fd6b1-6792-43a6-87de-031c6e2688c9&algo_exp_id=4d4fd6b1-6792-43a6-87de-031c6e2688c9-32&pdp_ext_f=%7B%22order%22%3A%22271%22%2C%22eval%22%3A%221%22%2C%22fromPage%22%3A%22search%22%7D&pdp_npi=6%40dis%21USD%21195.73%2162.63%21%21%21195.73%2162.63%21%402101c44f17754317009055316e0d6d%2112000038088038554%21sea%21US%210%21ABX%211%210%21n_tag%3A-29910%3Bd%3Ab1e5c83a%3Bm03_new_user%3A-29895&curPageLogUid=nEindIl2J8TW&utparam-url=scene%3Asearch%7Cquery_from%3A%7Cx_object_id%3A1005006719367922%7C_p_origin_prod%3A
AIOPESON Men's Turtleneck Sweater Solid Color with Striped Pullover Warm Knitwear Winter Basic Casual High Quality Sweater Male,$24.03,"https://ae-pic-a1.aliexpress-media.com/kf/S1e4963794b4d4221a3a98b366a1eeed8C.jpg?has_lang=1&ver=2_220x220q75.jpg_.avif,https://ae-pic-a1.aliexpress-media.com/kf/S57cc511ad18846e191ac40422955dadcv.jpg?has_lang=1&ver=2_220x220q75.jpg_.avif,https://ae-pic-a1.aliexpress-media.com/kf/S7023b5b1770d46a2b559e5dd665b20793.jpg_220x220q75.jpg_.avif,https://ae-pic-a1.aliexpress-media.com/kf/S9c810d2dec7d4b2d8f33c1a82a340984b.jpg_220x220q75.jpg_.avif,https://ae-pic-a1.aliexpress-media.com/kf/Sd5ed5ac3849a45c8ad7e1a9e25784075o.jpg_220x220q75.jpg_.avif","['whether full opening', 'No', 'High-concerned chemical', 'None', 'Craft of Weaving', 'Knit', 'Applicable Season', 'Autumn And Winter', 'Applicable Scene', 'CASUAL', 'Hooded', 'No']",https://www.aliexpress.us/item/3256809623339376.html?algo_pvid=4d4fd6b1-6792-43a6-87de-031c6e2688c9&algo_exp_id=4d4fd6b1-6792-43a6-87de-031c6e2688c9-33&pdp_ext_f=%7B%22order%22%3A%22270%22%2C%22eval%22%3A%221%22%2C%22fromPage%22%3A%22search%22%7D&pdp_npi=6%40dis%21USD%2133.53%2133.43%21%21%2133.53%2133.43%21%402101c44f17754317009055316e0d6d%2112000050242028887%21sea%21US%210%21ABX%211%210%21n_tag%3A-29910%3Bd%3Ab1e5c83a%3Bm03_new_user%3A-29895%3BpisId%3A5000000197827851&curPageLogUid=pjMChJgMobaT&utparam-url=scene%3Asearch%7Cquery_from%3A%7Cx_object_id%3A1005009809654128%7C_p_origin_prod%3A
New Popular Autumn Winter Irregular Jacquard Pattern Pullover Sweater Casual Round Neck Contrast Color Knitted Men's Pullover,$17.64,"https://ae-pic-a1.aliexpress-media.com/kf/S93e47c4e15a84173a64eacd285207389g.jpg_220x220q75.jpg_.avif,https://ae-pic-a1.aliexpress-media.com/kf/S2133593ec7604ca490caa502420b8ef9p.jpg_220x220q75.jpg_.avif,https://ae-pic-a1.aliexpress-media.com/kf/Sd1202d54207b4371b3acdb1793b7b7cdU.jpg?has_lang=1&ver=2_220x220q75.jpg_.avif,https://ae-pic-a1.aliexpress-media.com/kf/Se3c5ff3f8eb048dfb19a24775bdf7f19R.jpg_220x220q75.jpg_.avif,https://ae-pic-a1.aliexpress-media.com/kf/S5a3878388b7c4c1d9d3720589e2dc1d1U.jpg_220x220q75.jpg_.avif","['whether full opening', 'No', 'High-concerned chemical', 'None', 'Applicable Season', 'Four Seasons', 'Applicable Scene', 'Shopping', 'Hooded', 'No', 'Sleeve Style', 'regular']",https://www.aliexpress.us/item/3256808144985532.html?algo_pvid=4d4fd6b1-6792-43a6-87de-031c6e2688c9&algo_exp_id=4d4fd6b1-6792-43a6-87de-031c6e2688c9-34&pdp_ext_f=%7B%22order%22%3A%22268%22%2C%22eval%22%3A%221%22%2C%22fromPage%22%3A%22search%22%7D&pdp_npi=6%40dis%21USD%2132.08%2117.64%21%21%21219.60%21120.78%21%402101c44f17754317009055316e0d6d%2112000044624923490%21sea%21US%210%21ABX%211%210%21n_tag%3A-29910%3Bd%3Ab1e5c83a%3Bm03_new_user%3A-29895&curPageLogUid=yDvfkEm7ykGR&utparam-url=scene%3Asearch%7Cquery_from%3A%7Cx_object_id%3A1005008331300284%7C_p_origin_prod%3A
New Autumn Winter Designer Fashion Half Turtleneck Knitted Sweater High Quality Mens Casual Solid Color Warm Women Sweaters,$1.56,"https://ae-pic-a1.aliexpress-media.com/kf/S0bd7be1e866d40deb2a6d48f42ad06e2X.jpg?has_lang=1&ver=1_220x220q75.jpg_.avif,https://ae-pic-a1.aliexpress-media.com/kf/S0bd7be1e866d40deb2a6d48f42ad06e2X.jpg?has_lang=1&ver=1_220x220q75.jpg_.avif,https://ae-pic-a1.aliexpress-media.com/kf/Sbe60bdce71ff49d6b26d20c4db7e7a07a.jpg_220x220q75.jpg_.avif,https://ae-pic-a1.aliexpress-media.com/kf/Sf0344b2d931849ecbba440cb8e074adcW.jpg_220x220q75.jpg_.avif,https://ae-pic-a1.aliexpress-media.com/kf/S4b477c52ee8e46529f25ce930d7d712f0.jpg_220x220q75.jpg_.avif","['whether full opening', 'No', 'High-concerned chemical', 'None', 'Applicable Season', 'Autumn And Winter', 'Craft of Weaving', 'Knit', 'Applicable Scene', 'Daily', 'Hooded', 'No']",https://www.aliexpress.us/item/3256807295724741.html?algo_pvid=4d4fd6b1-6792-43a6-87de-031c6e2688c9&algo_exp_id=4d4fd6b1-6792-43a6-87de-031c6e2688c9-35&pdp_ext_f=%7B%22order%22%3A%22268%22%2C%22spu_best_type%22%3A%22price%22%2C%22eval%22%3A%221%22%2C%22fromPage%22%3A%22search%22%7D&pdp_npi=6%40dis%21USD%2122.57%2110.96%21%21%21154.46%2175.01%21%402101c44f17754317009055316e0d6d%2112000040930458255%21sea%21US%210%21ABX%211%210%21n_tag%3A-29910%3Bd%3Ab1e5c83a%3Bm03_new_user%3A-29895%3BpisId%3A5000000197827853&curPageLogUid=rKrOXLFLCXwX&utparam-url=scene%3Asearch%7Cquery_from%3A%7Cx_object_id%3A1005007482039493%7C_p_origin_prod%3A
Autumn Winter Men's Sweater Warmth Turtleneck Jacquard Slim Fit Sweaters Solid Color Basic Style Fahion Knitted Pullovers,$2.79,"https://ae-pic-a1.aliexpress-media.com/kf/Sc262fc7258df43c8946fc6a6735450fd0.jpg_220x220q75.jpg_.avif,https://ae-pic-a1.aliexpress-media.com/kf/Sbb1655154c6543b58dbb4e15836363a3P.jpg_220x220q75.jpg_.avif,https://ae-pic-a1.aliexpress-media.com/kf/S9ea8c2343f254480884bd3d4b87b2a60Z.jpg_220x220q75.jpg_.avif,https://ae-pic-a1.aliexpress-media.com/kf/S17781f03163748daa2b8abd82bd81142s.jpg_220x220q75.jpg_.avif,https://ae-pic-a1.aliexpress-media.com/kf/S0e1f2da7a849448bbd9412b9705192175.jpg_220x220q75.jpg_.avif","['whether full opening', 'No', 'High-concerned chemical', 'None', 'Applicable Season', 'Autumn And Winter', 'Craft of Weaving', 'Knit', 'Applicable Scene', 'Daily', 'Hooded', 'No']",https://www.aliexpress.us/item/3256808290910851.html?algo_pvid=4d4fd6b1-6792-43a6-87de-031c6e2688c9&algo_exp_id=4d4fd6b1-6792-43a6-87de-031c6e2688c9-36&pdp_ext_f=%7B%22order%22%3A%22264%22%2C%22eval%22%3A%221%22%2C%22fromPage%22%3A%22search%22%7D&pdp_npi=6%40dis%21USD%2124.59%2112.19%21%21%21168.34%2183.49%21%402101c44f17754317009055316e0d6d%2112000045320528188%21sea%21US%210%21ABX%211%210%21n_tag%3A-29910%3Bd%3Ab1e5c83a%3Bm03_new_user%3A-29895%3BpisId%3A5000000197827853&curPageLogUid=EgwMRZzy133S&utparam-url=scene%3Asearch%7Cquery_from%3A%7Cx_object_id%3A1005008477225603%7C_p_origin_prod%3A
Animal Game Mens Mock Neck Casual Woolen Sweater Half Turtleneck Pullovers Sweaters Knitwear Men's Cold Blouse Outdoor Coats,$0.99,"https://ae-pic-a1.aliexpress-media.com/kf/S63d9ba3abb264f149940857c19fb04d7B.jpg?has_lang=1&ver=2_220x220q75.jpg_.avif,https://ae-pic-a1.aliexpress-media.com/kf/S6ab0777b8a1843ef9e2d2f67ea6c7ef5h.jpg?has_lang=1&ver=2_220x220q75.jpg_.avif,https://ae-pic-a1.aliexpress-media.com/kf/S5e40c30d4eb9432da1812a163a73c5e6J.jpg?has_lang=1&ver=2_220x220q75.jpg_.avif,https://ae-pic-a1.aliexpress-media.com/kf/S60818107a9834cd5bdafaca356acf37bN.jpg?has_lang=1&ver=2_220x220q75.jpg_.avif,https://ae-pic-a1.aliexpress-media.com/kf/Sda17ac88199049a4888090662c71cc18y.jpg?has_lang=1&ver=2_220x220q75.jpg_.avif","['whether full opening', 'No', 'High-concerned chemical', 'None', 'Applicable Season', 'Autumn And Winter', 'Craft of Weaving', 'Knit', 'Applicable Scene', 'Daily', 'Hooded', 'No']",https://www.aliexpress.us/item/3256810049519279.html?algo_pvid=4d4fd6b1-6792-43a6-87de-031c6e2688c9&algo_exp_id=4d4fd6b1-6792-43a6-87de-031c6e2688c9-37&pdp_ext_f=%7B%22order%22%3A%22262%22%2C%22spu_best_type%22%3A%22price%22%2C%22eval%22%3A%221%22%2C%22fromPage%22%3A%22search%22%7D&pdp_npi=6%40dis%21USD%2121.55%2110.24%21%21%21147.50%2170.12%21%402101c44f17754317009055316e0d6d%2112000051634131990%21sea%21US%210%21ABX%211%210%21n_tag%3A-29910%3Bd%3Ab1e5c83a%3Bm03_new_user%3A-29895%3BpisId%3A5000000197827853&curPageLogUid=I0t8cmzcMQl4&utparam-url=scene%3Asearch%7Cquery_from%3A%7Cx_object_id%3A1005010235834031%7C_p_origin_prod%3A
Autumn/winter Men's top Jacket Men's long zip sleeve jacket,$1.83,"https://ae-pic-a1.aliexpress-media.com/kf/Se3f61a553ae84586aaece142bddeb57fw.jpg_220x220q75.jpg_.avif,https://ae-pic-a1.aliexpress-media.com/kf/S2c1fbf509c7a4958b19675ec8aac084eJ.jpg_220x220q75.jpg_.avif,https://ae-pic-a1.aliexpress-media.com/kf/Sf58c77e3c9634f24a9eeddcf7f864f14a.jpg_220x220q75.jpg_.avif,https://ae-pic-a1.aliexpress-media.com/kf/S3ad1ffa06db0441fbf226fa335b6d4a6d.png_220x220.png_.avif,https://ae-pic-a1.aliexpress-media.com/kf/Se28c19492cd64ceaa9072b262c4bd598w.png_220x220.png_.avif","['whether full opening', 'Yes', 'High-concerned chemical', 'None', 'Applicable Season', 'Autumn', 'Craft of Weaving', 'Knit', 'Applicable Scene', 'CASUAL', 'Hooded', 'No']",https://www.aliexpress.us/item/3256806563912264.html?algo_pvid=4d4fd6b1-6792-43a6-87de-031c6e2688c9&algo_exp_id=4d4fd6b1-6792-43a6-87de-031c6e2688c9-38&pdp_ext_f=%7B%22order%22%3A%22262%22%2C%22eval%22%3A%221%22%2C%22fromPage%22%3A%22search%22%7D&pdp_npi=6%40dis%21USD%2124.10%2111.23%21%21%21164.98%2176.86%21%402101c44f17754317009055316e0d6d%2112000038194325756%21sea%21US%210%21ABX%211%210%21n_tag%3A-29910%3Bd%3Ab1e5c83a%3Bm03_new_user%3A-29895%3BpisId%3A5000000197827853&curPageLogUid=hgO3PFCUFV6a&utparam-url=scene%3Asearch%7Cquery_from%3A%7Cx_object_id%3A1005006750227016%7C_p_origin_prod%3A
2025 New Spring and Autumn Europe Men Knitted Grid Texture Casual Large hoodie Jumper Small Plaid Jacquard Men clothing,$2.88,"https://ae-pic-a1.aliexpress-media.com/kf/S1d5f325f937e4c9b92df4cbde09d5b77h.jpg?has_lang=1&ver=1_220x220q75.jpg_.avif,https://ae-pic-a1.aliexpress-media.com/kf/Sea6b579ec7d640009f8ea62eb60155f8A.jpg_220x220q75.jpg_.avif,https://ae-pic-a1.aliexpress-media.com/kf/S37e8f0976af64d31bac6d512cf9f232ag.jpg_220x220q75.jpg_.avif,https://ae-pic-a1.aliexpress-media.com/kf/S6127d386a7b54a4d9e21cb53eadc3facm.jpg_220x220q75.jpg_.avif,https://ae-pic-a1.aliexpress-media.com/kf/S2e7f733ef4ec4db89f0cc274399944day.jpg_220x220q75.jpg_.avif","['whether full opening', 'No', 'High-concerned chemical', 'None', 'Applicable Season', 'Spring And Autumn', 'Craft of Weaving', 'Knit', 'Applicable Scene', 'Daily', 'Hooded', 'No']",https://www.aliexpress.us/item/3256809488298763.html?algo_pvid=4d4fd6b1-6792-43a6-87de-031c6e2688c9&algo_exp_id=4d4fd6b1-6792-43a6-87de-031c6e2688c9-39&pdp_ext_f=%7B%22order%22%3A%22261%22%2C%22eval%22%3A%221%22%2C%22fromPage%22%3A%22search%22%7D&pdp_npi=6%40dis%21USD%2120.77%2110.28%21%21%21142.18%2170.41%21%402101c44f17754317009055316e0d6d%2112000049829109261%21sea%21US%210%21ABX%211%210%21n_tag%3A-29910%3Bd%3Ab1e5c83a%3Bm03_new_user%3A-29895%3BpisId%3A5000000197827853&curPageLogUid=j7QokCdgUQcV&utparam-url=scene%3Asearch%7Cquery_from%3A%7Cx_object_id%3A1005009674613515%7C_p_origin_prod%3A
Autumn Knitted Turtleneck Sweater Outdoor Solid Pullover Sweaters Winter Warm Heavyweight Thick Tracksuit Woolen Streetwear,$2.21,"https://ae-pic-a1.aliexpress-media.com/kf/S16590cc914504e89bf6fb31f98e4a8f20.jpg_220x220q75.jpg_.avif,https://ae-pic-a1.aliexpress-media.com/kf/Sa73bdd216d514efebb36490b837fc5dfV.jpg_220x220q75.jpg_.avif,https://ae-pic-a1.aliexpress-media.com/kf/Scbaa39b6ad584e068fb1a0ff96884036i.jpg_220x220q75.jpg_.avif,https://ae-pic-a1.aliexpress-media.com/kf/S7fd788a56dd54d8c9bc54cb07e856dbeD.jpg_220x220q75.jpg_.avif,https://ae-pic-a1.aliexpress-media.com/kf/Sbaf815d3934f46d0b2e34a63cd1312f6g.jpg_220x220q75.jpg_.avif","['whether full opening', 'No', 'High-concerned chemical', 'None', 'Applicable Season', 'Autumn And Winter', 'Applicable Scene', 'CASUAL', 'Hooded', 'No', 'Sleeve Style', 'regular']",https://www.aliexpress.us/item/3256809720944530.html?algo_pvid=4d4fd6b1-6792-43a6-87de-031c6e2688c9&algo_exp_id=4d4fd6b1-6792-43a6-87de-031c6e2688c9-40&pdp_ext_f=%7B%22order%22%3A%22259%22%2C%22eval%22%3A%221%22%2C%22fromPage%22%3A%22search%22%7D&pdp_npi=6%40dis%21USD%2123.42%2111.61%21%21%21160.29%2179.46%21%402101c44f17754317009055316e0d6d%2112000050544230372%21sea%21US%210%21ABX%211%210%21n_tag%3A-29910%3Bd%3Ab1e5c83a%3Bm03_new_user%3A-29895%3BpisId%3A5000000197827851&curPageLogUid=y8ofbGftaMJf&utparam-url=scene%3Asearch%7Cquery_from%3A%7Cx_object_id%3A1005009907259282%7C_p_origin_prod%3A
2026 New Spring and Autumn Solid Color Half Turtleneck Slim Fit Pullover Sweater for Men Youth Base Sweater Men's Clothing,$11.57,"https://ae-pic-a1.aliexpress-media.com/kf/S04f0646e41d54429a3fa154f5525ed7cM.jpg_220x220q75.jpg_.avif,https://ae-pic-a1.aliexpress-media.com/kf/S04f0646e41d54429a3fa154f5525ed7cM.jpg_220x220q75.jpg_.avif,https://ae-pic-a1.aliexpress-media.com/kf/Sb67d04221dd14809ad4f1293ebc11052w.jpg_220x220q75.jpg_.avif,https://ae-pic-a1.aliexpress-media.com/kf/S2fce3b5c5ea24ad4a6a47f66453485d7g.jpg_220x220q75.jpg_.avif,https://ae-pic-a1.aliexpress-media.com/kf/S1458cb95a5de4accbbc8694cdd196f96P.jpg_220x220q75.jpg_.avif","['whether full opening', 'No', 'High-concerned chemical', 'None', 'Applicable Season', 'Autumn And Winter', 'Applicable Scene', 'Trip', 'Hooded', 'No', 'Sleeve Style', 'regular']",https://www.aliexpress.us/item/3256809517598901.html?algo_pvid=4d4fd6b1-6792-43a6-87de-031c6e2688c9&algo_exp_id=4d4fd6b1-6792-43a6-87de-031c6e2688c9-41&pdp_ext_f=%7B%22order%22%3A%22259%22%2C%22eval%22%3A%221%22%2C%22fromPage%22%3A%22search%22%7D&pdp_npi=6%40dis%21USD%2119.29%2111.57%21%21%2119.29%2111.57%21%402101c44f17754317009055316e0d6d%2112000049907207251%21sea%21US%210%21ABX%211%210%21n_tag%3A-29910%3Bd%3Ab1e5c83a%3Bm03_new_user%3A-29895&curPageLogUid=jFsyxLcf5Pga&utparam-url=scene%3Asearch%7Cquery_from%3A%7Cx_object_id%3A1005009703913653%7C_p_origin_prod%3A
Autumn Long Sleeve Turtleneck Sweatshirts Button Solid Color Pullover Men Winer Breathable Sweaters Lapel Oversize Sweater,$3.56,"https://ae-pic-a1.aliexpress-media.com/kf/S7ce8f407a9a345c4b0c53c8c6b452e5ef.jpg_220x220q75.jpg_.avif,https://ae-pic-a1.aliexpress-media.com/kf/S1a15d0b155cd443c97fd597d63901289G.jpg_220x220q75.jpg_.avif,https://ae-pic-a1.aliexpress-media.com/kf/S55e15b3da8c64c2bbb2929e6e996c69fw.jpg_220x220q75.jpg_.avif,https://ae-pic-a1.aliexpress-media.com/kf/Sda778523d2364fe98d89b7b15255f368y.jpg_220x220q75.jpg_.avif,https://ae-pic-a1.aliexpress-media.com/kf/S36b688ee7c5b4f7895df9b0e01c01dc6l.jpg_220x220q75.jpg_.avif","['whether full opening', 'No', 'High-concerned chemical', 'None', 'Applicable Season', 'Autumn And Winter', 'Applicable Scene', 'CASUAL', 'Decoration', 'Button', 'Sleeve Style', 'regular']",https://www.aliexpress.us/item/3256807266164051.html?algo_pvid=4d4fd6b1-6792-43a6-87de-031c6e2688c9&algo_exp_id=4d4fd6b1-6792-43a6-87de-031c6e2688c9-43&pdp_ext_f=%7B%22order%22%3A%22259%22%2C%22spu_best_type%22%3A%22price%22%2C%22eval%22%3A%221%22%2C%22fromPage%22%3A%22search%22%7D&pdp_npi=6%40dis%21USD%2127.78%2112.96%21%21%21190.13%2188.68%21%402101c44f17754317009055316e0d6d%2112000040817027040%21sea%21US%210%21ABX%211%210%21n_tag%3A-29910%3Bd%3Ab1e5c83a%3Bm03_new_user%3A-29895%3BpisId%3A5000000197827853&curPageLogUid=0cYb1ZLO2Wgk&utparam-url=scene%3Asearch%7Cquery_from%3A%7Cx_object_id%3A1005007452478803%7C_p_origin_prod%3A
Mens Turtleneck Sweaters Winter Warm Knit Pullover Korean Cotton Solid Color Casual Slim Sweater Male Clothing Bottoming Shirt,$0.99,"https://ae-pic-a1.aliexpress-media.com/kf/S6b1a8baedf994bed8ec257ab965ce1ccG.jpg_220x220q75.jpg_.avif,https://ae-pic-a1.aliexpress-media.com/kf/S8a6d6ccd74fe4c3e83438e9ca794f8a4c.jpg_220x220q75.jpg_.avif,https://ae-pic-a1.aliexpress-media.com/kf/S4022adcccfd445908de90b2a0888f821b.jpg_220x220q75.jpg_.avif,https://ae-pic-a1.aliexpress-media.com/kf/Safc8ff9c81284a539f120d7387869ce4U.jpg_220x220q75.jpg_.avif,https://ae-pic-a1.aliexpress-media.com/kf/S70d15b48f5cd4dc092e03d0a53837d80x.jpg_220x220q75.jpg_.avif","['whether full opening', 'No', 'High-concerned chemical', 'None', 'Applicable Season', 'Autumn And Winter', 'Applicable Scene', 'Daily', 'Thickness', 'Standard', 'Material', 'Other,POLYESTER,Acrylic']",https://www.aliexpress.us/item/3256805846829732.html?algo_pvid=4d4fd6b1-6792-43a6-87de-031c6e2688c9&algo_exp_id=4d4fd6b1-6792-43a6-87de-031c6e2688c9-44&pdp_ext_f=%7B%22order%22%3A%22258%22%2C%22spu_best_type%22%3A%22price%22%2C%22eval%22%3A%221%22%2C%22fromPage%22%3A%22search%22%7D&pdp_npi=6%40dis%21USD%2119.96%2110.02%21%21%21136.63%2168.59%21%402101c44f17754317009055316e0d6d%2112000035411394097%21sea%21US%210%21ABX%211%210%21n_tag%3A-29910%3Bd%3Ab1e5c83a%3Bm03_new_user%3A-29895%3BpisId%3A5000000203837235&curPageLogUid=A7J4Y0IIdazK&utparam-url=scene%3Asearch%7Cquery_from%3A%7Cx_object_id%3A1005006033144484%7C_p_origin_prod%3A
100% Merino Wool Sweater Men's Half high collar Knitted Hoodie Spring Autumn New Cashmere Sweater Versatile Menswear,$34.50,"https://ae-pic-a1.aliexpress-media.com/kf/S2459e231325e4adc950a0c953bcd4a07d.jpg_220x220q75.jpg_.avif,https://ae-pic-a1.aliexpress-media.com/kf/Sf3d07b7a510943b28c33ec63f5ee8124X.jpg_220x220q75.jpg_.avif,https://ae-pic-a1.aliexpress-media.com/kf/S7b71170a13d74b799ab226f9779993090.jpg_220x220q75.jpg_.avif,https://ae-pic-a1.aliexpress-media.com/kf/Sa3ef90dafcb846b6a24aacb6f70f8234d.jpg_220x220q75.jpg_.avif,https://ae-pic-a1.aliexpress-media.com/kf/Sde81db6ca7334636ae9e69d17acfa34dM.jpg_220x220q75.jpg_.avif","['whether full opening', 'No', 'High-concerned chemical', 'None', 'Applicable Season', 'Autumn And Winter', 'Craft of Weaving', 'Knit', 'Applicable Scene', 'Business', 'Sleeve Style', 'regular']",https://www.aliexpress.us/item/3256807204950653.html?algo_pvid=4d4fd6b1-6792-43a6-87de-031c6e2688c9&algo_exp_id=4d4fd6b1-6792-43a6-87de-031c6e2688c9-45&pdp_ext_f=%7B%22order%22%3A%22257%22%2C%22eval%22%3A%221%22%2C%22fromPage%22%3A%22search%22%7D&pdp_npi=6%40dis%21USD%2170.41%2134.50%21%21%2170.41%2134.50%21%402101c44f17754317009055316e0d6d%2112000040557186861%21sea%21US%210%21ABX%211%210%21n_tag%3A-29910%3Bd%3Ab1e5c83a%3Bm03_new_user%3A-29895&curPageLogUid=nFYbsEbQdRfg&utparam-url=scene%3Asearch%7Cquery_from%3A%7Cx_object_id%3A1005007391265405%7C_p_origin_prod%3A
High quality half zip collar sweater men's fashion designer brand horse riding embroidery winter with plush warm knit pullover,$20.69,"https://ae-pic-a1.aliexpress-media.com/kf/Sb9cf25b1ca1e4a3990ba8e49f610d0f1K.jpg_220x220q75.jpg_.avif,https://ae-pic-a1.aliexpress-media.com/kf/Sb9cf25b1ca1e4a3990ba8e49f610d0f1K.jpg_220x220q75.jpg_.avif,https://ae-pic-a1.aliexpress-media.com/kf/S652c8a5246294f1689fc7303f2c780b4w.jpg_220x220q75.jpg_.avif,https://ae-pic-a1.aliexpress-media.com/kf/Se9166dedda3d4df19303a809a05ec716F.jpg?has_lang=1&ver=1_220x220q75.jpg_.avif,https://ae-pic-a1.aliexpress-media.com/kf/S5e3f56b6731846f9b5411107c57b290dl.jpg_220x220q75.jpg_.avif","['whether full opening', 'No', 'High-concerned chemical', 'None', 'Applicable Season', 'Winter', 'Craft of Weaving', 'Knit', 'Applicable Scene', 'Daily', 'Hooded', 'No']",https://www.aliexpress.us/item/3256809817090907.html?algo_pvid=4d4fd6b1-6792-43a6-87de-031c6e2688c9&algo_exp_id=4d4fd6b1-6792-43a6-87de-031c6e2688c9-46&pdp_ext_f=%7B%22order%22%3A%22254%22%2C%22eval%22%3A%221%22%2C%22fromPage%22%3A%22search%22%7D&pdp_npi=6%40dis%21USD%2160.38%2130.09%21%21%21413.28%21205.96%21%402101c44f17754317009055316e0d6d%2112000050895819462%21sea%21US%210%21ABX%211%210%21n_tag%3A-29910%3Bd%3Ab1e5c83a%3Bm03_new_user%3A-29895%3BpisId%3A5000000197827853&curPageLogUid=bCpNhT4q01Sv&utparam-url=scene%3Asearch%7Cquery_from%3A%7Cx_object_id%3A1005010003405659%7C_p_origin_prod%3A
AIOPESON Brand Cotton Sweater Men Fashion Casual O-Neck Spliced Pullovers Knitted Sweater Male New Winter Warm Mens Sweaters,$27.50,"https://ae-pic-a1.aliexpress-media.com/kf/S5d577ec8d00140c7a2b5e4b3c8a7dab7L.jpg?has_lang=1&ver=2_220x220q75.jpg_.avif,https://ae-pic-a1.aliexpress-media.com/kf/S5d577ec8d00140c7a2b5e4b3c8a7dab7L.jpg?has_lang=1&ver=2_220x220q75.jpg_.avif,https://ae-pic-a1.aliexpress-media.com/kf/Sa3c47488552e494bb6168eb548bc3365H.jpg?has_lang=1&ver=2_220x220q75.jpg_.avif,https://ae-pic-a1.aliexpress-media.com/kf/S8451ab053a5d4d30836487b769684d8bx.jpg_220x220q75.jpg_.avif,https://ae-pic-a1.aliexpress-media.com/kf/S91559afea11a413992d4a51e19b8a33eA.jpg?has_lang=1&ver=2_220x220q75.jpg_.avif","['whether full opening', 'No', 'High-concerned chemical', 'None', 'Applicable Season', 'Winter', 'Applicable Scene', 'CASUAL', 'Hooded', 'No', 'Model Number', 'Y121']",https://www.aliexpress.us/item/3256805527150367.html?algo_pvid=4d4fd6b1-6792-43a6-87de-031c6e2688c9&algo_exp_id=4d4fd6b1-6792-43a6-87de-031c6e2688c9-47&pdp_ext_f=%7B%22order%22%3A%22253%22%2C%22spu_best_type%22%3A%22price%22%2C%22eval%22%3A%221%22%2C%22fromPage%22%3A%22search%22%7D&pdp_npi=6%40dis%21USD%2155.01%2127.50%21%21%21376.53%21188.26%21%402101c44f17754317009055316e0d6d%2112000034113451037%21sea%21US%210%21ABX%211%210%21n_tag%3A-29910%3Bd%3Ab1e5c83a%3Bm03_new_user%3A-29895&curPageLogUid=Qk5XyhpBX7bI&utparam-url=scene%3Asearch%7Cquery_from%3A%7Cx_object_id%3A1005005713465119%7C_p_origin_prod%3A
Cashmere Cotton Blend Classic V-neck Knitted Sweater Men Pullover 2024 Autumn Winter Soft Warm Business Casual Jumper pull homme,$10.07,"https://ae-pic-a1.aliexpress-media.com/kf/S42c3a2e89922457bbf2e27aa4812daf6b.jpg_220x220q75.jpg_.avif,https://ae-pic-a1.aliexpress-media.com/kf/S42c3a2e89922457bbf2e27aa4812daf6b.jpg_220x220q75.jpg_.avif,https://ae-pic-a1.aliexpress-media.com/kf/Seb3c37e1104d4a60bec33c804f6b5432U.jpg_220x220q75.jpg_.avif,https://ae-pic-a1.aliexpress-media.com/kf/Sd162350d7c844352bda095f50f18bc0c8.jpg_220x220q75.jpg_.avif,https://ae-pic-a1.aliexpress-media.com/kf/S250c3a973899433c8939776fecec5391M.jpg_220x220q75.jpg_.avif","['whether full opening', 'No', 'High-concerned chemical', 'None', 'Applicable Season', 'Autumn And Winter', 'Applicable Scene', 'Daily', 'Hooded', 'No', 'Model Number', 'sweater men']",https://www.aliexpress.us/item/3256807570851709.html?algo_pvid=4d4fd6b1-6792-43a6-87de-031c6e2688c9&algo_exp_id=4d4fd6b1-6792-43a6-87de-031c6e2688c9-48&pdp_ext_f=%7B%22order%22%3A%22252%22%2C%22eval%22%3A%221%22%2C%22fromPage%22%3A%22search%22%7D&pdp_npi=6%40dis%21USD%2140.96%2119.09%21%21%21280.39%21130.68%21%402101c44f17754317009055316e0d6d%2112000043109731921%21sea%21US%210%21ABX%211%210%21n_tag%3A-29910%3Bd%3Ab1e5c83a%3Bm03_new_user%3A-29895%3BpisId%3A5000000203829424&curPageLogUid=tM4pX4FafnEq&utparam-url=scene%3Asearch%7Cquery_from%3A%7Cx_object_id%3A1005007757166461%7C_p_origin_prod%3A
Y2K Harajuku Retro Niche Long Sleeve Print Letter Flame Tops New Fashion Casual Comfortable Streetwear Unisex Oversized Clothes,$25.15,"https://ae-pic-a1.aliexpress-media.com/kf/Sca9ba81fa6954f6b942f75c0dd906eca7.jpg_220x220q75.jpg_.avif,https://ae-pic-a1.aliexpress-media.com/kf/Sa2245770606341f2b478e92b9252be24v.jpg_220x220q75.jpg_.avif,https://ae-pic-a1.aliexpress-media.com/kf/S7ccbabd629d14002b39356f55006db9ei.jpg_220x220q75.jpg_.avif,https://ae-pic-a1.aliexpress-media.com/kf/Sb49911dd5a3f4a6dae2864c24c772da4E.jpg_220x220q75.jpg_.avif,https://ae-pic-a1.aliexpress-media.com/kf/Sf9f3744a51d548648cac2b2cbf8e3f0eU.jpg_220x220q75.jpg_.avif","['whether full opening', 'No', 'High-concerned chemical', 'None', 'Applicable Season', 'Four Seasons', 'Applicable Scene', 'Daily', 'Thickness', 'Standard', 'Material', 'COTTON']",https://www.aliexpress.us/item/3256809694329131.html?algo_pvid=4d4fd6b1-6792-43a6-87de-031c6e2688c9&algo_exp_id=4d4fd6b1-6792-43a6-87de-031c6e2688c9-49&pdp_ext_f=%7B%22order%22%3A%22251%22%2C%22eval%22%3A%221%22%2C%22fromPage%22%3A%22search%22%7D&pdp_npi=6%40dis%21USD%2136.98%2125.15%21%21%21253.11%21172.11%21%402101c44f17754317009055316e0d6d%2112000050461135044%21sea%21US%210%21ABX%211%210%21n_tag%3A-29910%3Bd%3Ab1e5c83a%3Bm03_new_user%3A-29895&curPageLogUid=DmXdkZGGJ3xt&utparam-url=scene%3Asearch%7Cquery_from%3A%7Cx_object_id%3A1005009880643883%7C_p_origin_prod%3A
Men's Long Sleeve Sweaters Crew Neck Basic Lightweight Knitted Pullover Shirts Autumn Warm Streetwear Outdoor Jogger Coats,$10.21,"https://ae-pic-a1.aliexpress-media.com/kf/S2259017565f54b9a9a1a781d833f34f4a.jpg_220x220q75.jpg_.avif,https://ae-pic-a1.aliexpress-media.com/kf/S912bb55e53b744dea66b336cfa89b025d.jpg_220x220q75.jpg_.avif,https://ae-pic-a1.aliexpress-media.com/kf/S17a422faad264862895c11be1884f7504.jpg_220x220q75.jpg_.avif,https://ae-pic-a1.aliexpress-media.com/kf/Sa86132c94c0c480a8216e5f303d997de0.jpg_220x220q75.jpg_.avif,https://ae-pic-a1.aliexpress-media.com/kf/S17e0b31510674a5c865c6620d5e7c568I.jpg_220x220q75.jpg_.avif","['whether full opening', 'No', 'High-concerned chemical', 'None', 'Applicable Season', 'Autumn And Winter', 'Applicable Scene', 'Daily', 'Sleeve Style', 'regular', 'Wool', 'Standard Wool']",https://www.aliexpress.us/item/3256808061739943.html?algo_pvid=4d4fd6b1-6792-43a6-87de-031c6e2688c9&algo_exp_id=4d4fd6b1-6792-43a6-87de-031c6e2688c9-50&pdp_ext_f=%7B%22order%22%3A%22245%22%2C%22eval%22%3A%221%22%2C%22orig_sl_item_id%22%3A%221005008248054695%22%2C%22orig_item_id%22%3A%221005007799790354%22%2C%22fromPage%22%3A%22search%22%7D&pdp_npi=6%40dis%21USD%2122.20%2110.21%21%21%21151.94%2169.89%21%402101c44f17754317009055316e0d6d%2112000044371450130%21sea%21US%210%21ABX%211%210%21n_tag%3A-29910%3Bd%3Ab1e5c83a%3Bm03_new_user%3A-29895&curPageLogUid=e3O2PZ5wmHSi&utparam-url=scene%3Asearch%7Cquery_from%3A%7Cx_object_id%3A1005008248054695%7C_p_origin_prod%3A1005007799790354
2025 New Men Solid Colour Turtleneck Sweater Black / White / Royal Blue Fashion Simple Male Casual Pullover Tops,$10.49,"https://ae-pic-a1.aliexpress-media.com/kf/Sdac4ecd8ffa84bd7908fe4e37e08ea59n.jpg_220x220q75.jpg_.avif,https://ae-pic-a1.aliexpress-media.com/kf/S266f6e9bb3564ceebbaa8601f4f6303aY.jpg_220x220q75.jpg_.avif,https://ae-pic-a1.aliexpress-media.com/kf/S27c7574553484098b0b932c5a1c987594.jpg_220x220q75.jpg_.avif,https://ae-pic-a1.aliexpress-media.com/kf/S11fa463b839b47678b274cb0097eff211.jpg_220x220q75.jpg_.avif,https://ae-pic-a1.aliexpress-media.com/kf/Sa63c5cbb76fe4ab484106653fa80e2c75.jpg_220x220q75.jpg_.avif","['whether full opening', 'No', 'High-concerned chemical', 'None', 'Applicable Season', 'Autumn And Winter', 'Craft of Weaving', 'Knit', 'Applicable Scene', 'Daily', 'Hooded', 'No']",https://www.aliexpress.us/item/3256807013148780.html?algo_pvid=4d4fd6b1-6792-43a6-87de-031c6e2688c9&algo_exp_id=4d4fd6b1-6792-43a6-87de-031c6e2688c9-51&pdp_ext_f=%7B%22order%22%3A%22244%22%2C%22eval%22%3A%221%22%2C%22fromPage%22%3A%22search%22%7D&pdp_npi=6%40dis%21USD%2117.49%2110.49%21%21%21119.69%2171.81%21%402101c44f17754317009055316e0d6d%2112000039779174588%21sea%21US%210%21ABX%211%210%21n_tag%3A-29910%3Bd%3Ab1e5c83a%3Bm03_new_user%3A-29895&curPageLogUid=e9Vj0hbTuxGu&utparam-url=scene%3Asearch%7Cquery_from%3A%7Cx_object_id%3A1005007199463532%7C_p_origin_prod%3A
Turtleneck Men Pullover Cashmere Cotton Blend Knitted Sweater 2025 Autumn Winter Daily Basic Warm Turtle Neck Jumper Pull Homme,$19.51,"https://ae-pic-a1.aliexpress-media.com/kf/Se52d65551d4d44069c20134caa72668eR.jpg_220x220q75.jpg_.avif,https://ae-pic-a1.aliexpress-media.com/kf/Se52d65551d4d44069c20134caa72668eR.jpg_220x220q75.jpg_.avif,https://ae-pic-a1.aliexpress-media.com/kf/S92872222e3d44947adad2ff6bc118ed7w.jpg_220x220q75.jpg_.avif,https://ae-pic-a1.aliexpress-media.com/kf/Sac7c67fd43f54353b055306b7e3cfda4D.jpg_220x220q75.jpg_.avif,https://ae-pic-a1.aliexpress-media.com/kf/S983724f1693b4eada5e1ab3fcd76c750h.jpg_220x220q75.jpg_.avif","['whether full opening', 'No', 'High-concerned chemical', 'None', 'Applicable Season', 'Autumn And Winter', 'Craft of Weaving', 'Knit', 'Applicable Scene', 'Daily', 'Hooded', 'No']",https://www.aliexpress.us/item/3256808876261074.html?algo_pvid=4d4fd6b1-6792-43a6-87de-031c6e2688c9&algo_exp_id=4d4fd6b1-6792-43a6-87de-031c6e2688c9-52&pdp_ext_f=%7B%22order%22%3A%22243%22%2C%22eval%22%3A%221%22%2C%22fromPage%22%3A%22search%22%7D&pdp_npi=6%40dis%21USD%2141.52%2119.51%21%21%21284.18%21133.56%21%402101c44f17754317009055316e0d6d%2112000048099973507%21sea%21US%210%21ABX%211%210%21n_tag%3A-29910%3Bd%3Ab1e5c83a%3Bm03_new_user%3A-29895&curPageLogUid=hm6zN92tIFHx&utparam-url=scene%3Asearch%7Cquery_from%3A%7Cx_object_id%3A1005009062575826%7C_p_origin_prod%3A
New Mens Casual Mock Turtleneck Sweaters Long Sleeve Thermal Pullover Autumn Basic Lightweight Streetwear Knitted Coat Tops,$2.59,"https://ae-pic-a1.aliexpress-media.com/kf/S9c002601840d4cc8b86725b5155143e5l.jpg_220x220q75.jpg_.avif,https://ae-pic-a1.aliexpress-media.com/kf/S38d957d7db4041b1a797e171e72ca53ds.jpg_220x220q75.jpg_.avif,https://ae-pic-a1.aliexpress-media.com/kf/S39365191713c43668ffc01a87c0da07cU.jpg_220x220q75.jpg_.avif,https://ae-pic-a1.aliexpress-media.com/kf/S7e8833f1610e4d99a3d5f13d8ee2ad0ek.jpg_220x220q75.jpg_.avif,https://ae-pic-a1.aliexpress-media.com/kf/S97786ca0f66c4db88ee66e651e20ff4cA.jpg_220x220q75.jpg_.avif","['whether full opening', 'No', 'High-concerned chemical', 'None', 'Applicable Season', 'Autumn And Winter', 'Applicable Scene', 'CASUAL', 'Sleeve Style', 'regular', 'Pattern Type', 'Solid']",https://www.aliexpress.us/item/3256807784597683.html?algo_pvid=4d4fd6b1-6792-43a6-87de-031c6e2688c9&algo_exp_id=4d4fd6b1-6792-43a6-87de-031c6e2688c9-53&pdp_ext_f=%7B%22order%22%3A%22242%22%2C%22eval%22%3A%221%22%2C%22fromPage%22%3A%22search%22%7D&pdp_npi=6%40dis%21USD%2124.67%2111.99%21%21%21168.83%2182.05%21%402101c44f17754317009055316e0d6d%2112000043087808137%21sea%21US%210%21ABX%211%210%21n_tag%3A-29910%3Bd%3Ab1e5c83a%3Bm03_new_user%3A-29895%3BpisId%3A5000000197827853&curPageLogUid=YuEk0r3BKlTv&utparam-url=scene%3Asearch%7Cquery_from%3A%7Cx_object_id%3A1005007970912435%7C_p_origin_prod%3A
High end brand trend letter embroidery knitted sweater men's autumn winter new plush thickened casual warm high collar pullover,$23.53,"https://ae-pic-a1.aliexpress-media.com/kf/S9627287d3a754eb199ca3185d2fc3d33S.jpg?has_lang=1&ver=2_220x220q75.jpg_.avif,https://ae-pic-a1.aliexpress-media.com/kf/S87aad77febd94d3dbf0a07f39e474808g.jpg?has_lang=1&ver=2_220x220q75.jpg_.avif,https://ae-pic-a1.aliexpress-media.com/kf/S165dc6c225fa4cd0ae43d8a56bf6f892P.jpg?has_lang=1&ver=2_220x220q75.jpg_.avif,https://ae-pic-a1.aliexpress-media.com/kf/S87e9c9cc24e5426798624d6d12f215d0b.jpg?has_lang=1&ver=2_220x220q75.jpg_.avif,https://ae-pic-a1.aliexpress-media.com/kf/Sb7dc6ccc2daa4f29a4b700cb85d2c31eO.jpg?has_lang=1&ver=2_220x220q75.jpg_.avif","['whether full opening', 'No', 'High-concerned chemical', 'None', 'Applicable Season', 'Autumn And Winter', 'Applicable Scene', 'Daily', 'Hooded', 'No', 'Decoration', 'Embroidery']",https://www.aliexpress.us/item/3256806200301330.html?algo_pvid=4d4fd6b1-6792-43a6-87de-031c6e2688c9&algo_exp_id=4d4fd6b1-6792-43a6-87de-031c6e2688c9-54&pdp_ext_f=%7B%22order%22%3A%22242%22%2C%22eval%22%3A%221%22%2C%22fromPage%22%3A%22search%22%7D&pdp_npi=6%40dis%21USD%2147.05%2123.53%21%21%21322.02%21161.01%21%402101c44f17754317009055316e0d6d%2112000036982940767%21sea%21US%210%21ABX%211%210%21n_tag%3A-29910%3Bd%3Ab1e5c83a%3Bm03_new_user%3A-29895&curPageLogUid=MZgz1HGy2fki&utparam-url=scene%3Asearch%7Cquery_from%3A%7Cx_object_id%3A1005006386616082%7C_p_origin_prod%3A
Mens Casual V Neck Pullover Sweaters Lightweight Wool Long Sleeve Knit Sweater Slim Fit Outwear Autumn Business Tops,$0.99,"https://ae-pic-a1.aliexpress-media.com/kf/Sf46a8b4ac94f4f568b73c6faacc2ea4db.jpg?has_lang=1&ver=2_220x220q75.jpg_.avif,https://ae-pic-a1.aliexpress-media.com/kf/S124ac95fffb04837b9c513b92a98e282t.jpg_220x220q75.jpg_.avif,https://ae-pic-a1.aliexpress-media.com/kf/S73df58e9bbaf4a2398a90c09aab2bca2c.jpg_220x220q75.jpg_.avif,https://ae-pic-a1.aliexpress-media.com/kf/S820be27fb8544c0a8a31839c67e3e7caa.jpg_220x220q75.jpg_.avif,https://ae-pic-a1.aliexpress-media.com/kf/Scababd1549384bc78216c9013388f81dp.jpg_220x220q75.jpg_.avif","['whether full opening', 'No', 'High-concerned chemical', 'None', 'Applicable Season', 'Autumn And Winter', 'Applicable Scene', 'Daily', 'Sleeve Style', 'regular', 'Wool', 'Standard Wool']",https://www.aliexpress.us/item/3256809559424181.html?algo_pvid=4d4fd6b1-6792-43a6-87de-031c6e2688c9&algo_exp_id=4d4fd6b1-6792-43a6-87de-031c6e2688c9-55&pdp_ext_f=%7B%22order%22%3A%22240%22%2C%22spu_best_type%22%3A%22price%22%2C%22eval%22%3A%221%22%2C%22fromPage%22%3A%22search%22%7D&pdp_npi=6%40dis%21USD%2120.64%2110.01%21%21%21141.30%2168.56%21%402101c44f17754317009055316e0d6d%2112000050027607215%21sea%21US%210%21ABX%211%210%21n_tag%3A-29910%3Bd%3Ab1e5c83a%3Bm03_new_user%3A-29895%3BpisId%3A5000000197827853&curPageLogUid=l50AZ5tg1xUv&utparam-url=scene%3Asearch%7Cquery_from%3A%7Cx_object_id%3A1005009745738933%7C_p_origin_prod%3A
Men's Wool Sweater Autumn And Winter New Round Neck Loose Solid Color Winter Thickening Bottoming Shirt,$36.80,"https://ae-pic-a1.aliexpress-media.com/kf/S9c87716871e14d7da1508c4120c7bd02R.jpg_220x220q75.jpg_.avif,https://ae-pic-a1.aliexpress-media.com/kf/Sbbc21073d57b4a77b735c82b4d55eca6U.jpg_220x220q75.jpg_.avif,https://ae-pic-a1.aliexpress-media.com/kf/S37fca2eaf200425b9372a337b69a9e7aI.jpg_220x220q75.jpg_.avif,https://ae-pic-a1.aliexpress-media.com/kf/Seeaffe31ccdf4774b1ba98aa183de26cR.jpg_220x220q75.jpg_.avif,https://ae-pic-a1.aliexpress-media.com/kf/S3b6825d791c245e28a8cffc01b6cf930u.jpg_220x220q75.jpg_.avif","['whether full opening', 'No', 'High-concerned chemical', 'None', 'Applicable Season', 'Autumn And Winter', 'Craft of Weaving', 'Knit', 'Applicable Scene', 'CASUAL', 'Hooded', 'No']",https://www.aliexpress.us/item/3256807407998520.html?algo_pvid=4d4fd6b1-6792-43a6-87de-031c6e2688c9&algo_exp_id=4d4fd6b1-6792-43a6-87de-031c6e2688c9-56&pdp_ext_f=%7B%22order%22%3A%22239%22%2C%22eval%22%3A%221%22%2C%22fromPage%22%3A%22search%22%7D&pdp_npi=6%40dis%21USD%2194.36%2136.80%21%21%21645.88%21251.89%21%402101c44f17754317009055316e0d6d%2112000041428190340%21sea%21US%210%21ABX%211%210%21n_tag%3A-29910%3Bd%3Ab1e5c83a%3Bm03_new_user%3A-29895&curPageLogUid=ljPpZIf3Pz0R&utparam-url=scene%3Asearch%7Cquery_from%3A%7Cx_object_id%3A1005007594313272%7C_p_origin_prod%3A
Animal Game Men's Mock Turtleneck Cold Blouse Knitwear Pullover Casual Sweater Slim Dress Sweater Warm Jumper Thermal Streetwear,$3.29,"https://ae-pic-a1.aliexpress-media.com/kf/S625fedcac6874e06b3f116894973e4cao.jpg?has_lang=1&ver=2_220x220q75.jpg_.avif,https://ae-pic-a1.aliexpress-media.com/kf/S80cd006a194a445aa50d9d0834796efdX.jpg_220x220q75.jpg_.avif,https://ae-pic-a1.aliexpress-media.com/kf/Sab43550a2d5f4026b3e9fe4465a0e52bF.jpg_220x220q75.jpg_.avif,https://ae-pic-a1.aliexpress-media.com/kf/S5017da0c23654777b8c9d2c59b5550fd1.jpg_220x220q75.jpg_.avif,https://ae-pic-a1.aliexpress-media.com/kf/S2180202b24bb4f29a40ec9810b13bd98x.jpg_220x220q75.jpg_.avif","['whether full opening', 'No', 'High-concerned chemical', 'None', 'Applicable Season', 'Autumn And Winter', 'Applicable Scene', 'CASUAL', 'Hooded', 'No', 'Wool', 'Standard Wool']",https://www.aliexpress.us/item/3256809884837911.html?algo_pvid=4d4fd6b1-6792-43a6-87de-031c6e2688c9&algo_exp_id=4d4fd6b1-6792-43a6-87de-031c6e2688c9-57&pdp_ext_f=%7B%22order%22%3A%22236%22%2C%22spu_best_type%22%3A%22price%22%2C%22eval%22%3A%221%22%2C%22fromPage%22%3A%22search%22%7D&pdp_npi=6%40dis%21USD%2122.48%2110.47%21%21%21153.85%2171.66%21%402101c44f17754317009055316e0d6d%2112000051032341312%21sea%21US%210%21ABX%211%210%21n_tag%3A-29910%3Bd%3Ab1e5c83a%3Bm03_new_user%3A-29895%3BpisId%3A5000000203821647&curPageLogUid=Y4C4RwJCafjG&utparam-url=scene%3Asearch%7Cquery_from%3A%7Cx_object_id%3A1005010071152663%7C_p_origin_prod%3A
New Autumn Winter Korean Knit Pullovers Men Fashion Knitted Sweater Mens O-Neck Patchwork Casual Knitwear Slim Pullover Sweaters,$14.27,"https://ae-pic-a1.aliexpress-media.com/kf/S2fd0bbafb12b422296f5de8d8c1c2867Y.jpg?has_lang=1&ver=2_220x220q75.jpg_.avif,https://ae-pic-a1.aliexpress-media.com/kf/S820fd7a7691242eca7c44b0eebfdcd88K.jpg_220x220q75.jpg_.avif,https://ae-pic-a1.aliexpress-media.com/kf/Sd322f48a69524625b351039ec0cacd69L.jpg?has_lang=1&ver=2_220x220q75.jpg_.avif,https://ae-pic-a1.aliexpress-media.com/kf/S92c773bd3350436f82a8bb4bfd5444f9t.jpg?has_lang=1&ver=2_220x220q75.jpg_.avif,https://ae-pic-a1.aliexpress-media.com/kf/S9c6e272030fa4b53a7b49bf35bd4bb81S.jpg?has_lang=1&ver=2_220x220q75.jpg_.avif","['whether full opening', 'No', 'High-concerned chemical', 'None', 'Applicable Season', 'Autumn And Winter', 'Applicable Scene', 'Daily', 'Hooded', 'No', 'Decoration', 'NONE']",https://www.aliexpress.us/item/3256807363341923.html?algo_pvid=4d4fd6b1-6792-43a6-87de-031c6e2688c9&algo_exp_id=4d4fd6b1-6792-43a6-87de-031c6e2688c9-58&pdp_ext_f=%7B%22order%22%3A%22236%22%2C%22spu_best_type%22%3A%22price%22%2C%22eval%22%3A%221%22%2C%22fromPage%22%3A%22search%22%7D&pdp_npi=6%40dis%21USD%2129.12%2114.27%21%21%2129.12%2114.27%21%402101c44f17754317009055316e0d6d%2112000041255581817%21sea%21US%210%21ABX%211%210%21n_tag%3A-29910%3Bd%3Ab1e5c83a%3Bm03_new_user%3A-29895&curPageLogUid=S8JzdWnpp2vV&utparam-url=scene%3Asearch%7Cquery_from%3A%7Cx_object_id%3A1005007549656675%7C_p_origin_prod%3A
Men's Long Sleeve Sweaters Crew Neck Basic Lightweight Knitted Pullover Shirts Autumn Warm Streetwear Outdoor Jogger Coats,$1.78,"https://ae-pic-a1.aliexpress-media.com/kf/S2259017565f54b9a9a1a781d833f34f4a.jpg_220x220q75.jpg_.avif,https://ae-pic-a1.aliexpress-media.com/kf/S912bb55e53b744dea66b336cfa89b025d.jpg_220x220q75.jpg_.avif,https://ae-pic-a1.aliexpress-media.com/kf/S17a422faad264862895c11be1884f7504.jpg_220x220q75.jpg_.avif,https://ae-pic-a1.aliexpress-media.com/kf/Sa86132c94c0c480a8216e5f303d997de0.jpg_220x220q75.jpg_.avif,https://ae-pic-a1.aliexpress-media.com/kf/S17e0b31510674a5c865c6620d5e7c568I.jpg_220x220q75.jpg_.avif","['whether full opening', 'No', 'High-concerned chemical', 'None', 'Applicable Season', 'Autumn And Winter', 'Applicable Scene', 'Daily', 'Sleeve Style', 'regular', 'Wool', 'Standard Wool']",https://www.aliexpress.us/item/3256807613475602.html?algo_pvid=4d4fd6b1-6792-43a6-87de-031c6e2688c9&algo_exp_id=4d4fd6b1-6792-43a6-87de-031c6e2688c9-59&pdp_ext_f=%7B%22order%22%3A%22233%22%2C%22spu_best_type%22%3A%22price%22%2C%22eval%22%3A%221%22%2C%22fromPage%22%3A%22search%22%7D&pdp_npi=6%40dis%21USD%2124.01%2111.18%21%21%21164.37%2176.57%21%402101c44f17754317009055316e0d6d%2112000042242472581%21sea%21US%210%21ABX%211%210%21n_tag%3A-29910%3Bd%3Ab1e5c83a%3Bm03_new_user%3A-29895%3BpisId%3A5000000197827853&curPageLogUid=kxYumA6DLoVI&utparam-url=scene%3Asearch%7Cquery_from%3A%7Cx_object_id%3A1005007799790354%7C_p_origin_prod%3A
New Mens Crew Neck Pullover Sweaters Long Sleeve Lightweight Knit Sweaters Outdoor Solid Color Oversize Dress Streetwear Man,$4.03,"https://ae-pic-a1.aliexpress-media.com/kf/S33acf7c73f93433a92ce94e619717650I.jpg?has_lang=1&ver=2_220x220q75.jpg_.avif,https://ae-pic-a1.aliexpress-media.com/kf/Se585d7d1279b4dc7876d8073ea51041eU.jpg_220x220q75.jpg_.avif,https://ae-pic-a1.aliexpress-media.com/kf/Seb14efef55f04f14aa12b5fe22848afcd.jpg_220x220q75.jpg_.avif,https://ae-pic-a1.aliexpress-media.com/kf/S67e09b9b64394126907ce608c9242ff6q.jpg?has_lang=1&ver=1_220x220q75.jpg_.avif,https://ae-pic-a1.aliexpress-media.com/kf/S2ae8db98a029401fa7b601bb5ae1bf6b9.jpg_220x220q75.jpg_.avif","['whether full opening', 'No', 'High-concerned chemical', 'None', 'Applicable Season', 'Autumn And Winter', 'Applicable Scene', 'Daily', 'Hooded', 'No', 'Sleeve Style', 'regular']",https://www.aliexpress.us/item/3256809715059648.html?algo_pvid=98561bcf-cb7a-4818-b005-69f78154d69e&algo_exp_id=98561bcf-cb7a-4818-b005-69f78154d69e-0&pdp_ext_f=%7B%22order%22%3A%22231%22%2C%22eval%22%3A%221%22%2C%22fromPage%22%3A%22search%22%7D&pdp_npi=6%40dis%21USD%2123.06%2111.43%21%21%21157.82%2178.23%21%402101d6fe17754325055428746e3e4f%2112000050523836326%21sea%21US%210%21ABX%211%210%21n_tag%3A-29910%3Bd%3Ab1e5c83a%3Bm03_new_user%3A-29895%3BpisId%3A5000000197827853&curPageLogUid=FSw7ohAj1mqn&utparam-url=scene%3Asearch%7Cquery_from%3A%7Cx_object_id%3A1005009901374400%7C_p_origin_prod%3A
Men's Tactical Hoodies Military Outdoor Pullover Long Sleeve Zippers Pullove Fleece Windproof Thermal for Hiking Camping Army,$12.29,"https://ae-pic-a1.aliexpress-media.com/kf/Seda40f7647f74b3bb46a11d90ee3ad75Z.jpg?has_lang=1&ver=2_220x220q75.jpg_.avif,https://ae-pic-a1.aliexpress-media.com/kf/Seda40f7647f74b3bb46a11d90ee3ad75Z.jpg?has_lang=1&ver=2_220x220q75.jpg_.avif,https://ae-pic-a1.aliexpress-media.com/kf/S21ad9e44bbed41928bcc64bc574b021ar.jpg_220x220q75.jpg_.avif,https://ae-pic-a1.aliexpress-media.com/kf/S3e3559ae9649461bbd5a8b9a915b5e6dr.jpg?has_lang=1&ver=1_220x220q75.jpg_.avif,https://ae-pic-a1.aliexpress-media.com/kf/Sf33efeb48b554343ac5817be3907a2feh.jpg?has_lang=1&ver=2_220x220q75.jpg_.avif","['whether full opening', 'No', 'High-concerned chemical', 'None', 'Applicable Season', 'Autumn And Winter', 'Craft of Weaving', 'Knit', 'Applicable Scene', 'Daily', 'Hooded', 'No']",https://www.aliexpress.us/item/3256809373766603.html?algo_pvid=98561bcf-cb7a-4818-b005-69f78154d69e&algo_exp_id=98561bcf-cb7a-4818-b005-69f78154d69e-1&pdp_ext_f=%7B%22order%22%3A%22231%22%2C%22eval%22%3A%221%22%2C%22fromPage%22%3A%22search%22%7D&pdp_npi=6%40dis%21USD%2143.57%2121.69%21%21%21298.20%21148.42%21%402101d6fe17754325055428746e3e4f%2112000049463660482%21sea%21US%210%21ABX%211%210%21n_tag%3A-29910%3Bd%3Ab1e5c83a%3Bm03_new_user%3A-29895%3BpisId%3A5000000197827853&curPageLogUid=xpR3nLDUrZ7d&utparam-url=scene%3Asearch%7Cquery_from%3A%7Cx_object_id%3A1005009560081355%7C_p_origin_prod%3A
2025 New Male Patchwork Sweater Trend High Street Fashion Autumn and Winter Warm Mens Hip-hop Street Clothing Men pullover shirt,$14.38,"https://ae-pic-a1.aliexpress-media.com/kf/S6cb74ecf10d74230ba3bfafda3bf514fO.jpg_220x220q75.jpg_.avif,https://ae-pic-a1.aliexpress-media.com/kf/Sd67f3686f7d9495da39d8678f9000ba3c.jpg_220x220q75.jpg_.avif,https://ae-pic-a1.aliexpress-media.com/kf/S0ae15e4222cb49f9b5d3c7b1b2fe3265Q.jpg_220x220q75.jpg_.avif,https://ae-pic-a1.aliexpress-media.com/kf/S69f8b9d802c04aff91698bfac1507eb9v.jpg_220x220q75.jpg_.avif,https://ae-pic-a1.aliexpress-media.com/kf/Sb277abdfca6a4d3c97867dd3efb082387.jpg_220x220q75.jpg_.avif","['whether full opening', 'No', 'High-concerned chemical', 'None', 'Applicable Season', 'Spring And Autumn', 'Applicable Scene', 'Daily', 'Thickness', 'Standard', 'Material', 'Acrylic,Wool']",https://www.aliexpress.us/item/3256807285900903.html?algo_pvid=98561bcf-cb7a-4818-b005-69f78154d69e&algo_exp_id=98561bcf-cb7a-4818-b005-69f78154d69e-2&pdp_ext_f=%7B%22order%22%3A%22223%22%2C%22eval%22%3A%221%22%2C%22fromPage%22%3A%22search%22%7D&pdp_npi=6%40dis%21USD%2153.07%2123.78%21%21%21363.24%21162.78%21%402101d6fe17754325055428746e3e4f%2112000040894072653%21sea%21US%210%21ABX%211%210%21n_tag%3A-29910%3Bd%3Ab1e5c83a%3Bm03_new_user%3A-29895%3BpisId%3A5000000197827853&curPageLogUid=IdJaFQIbYRUY&utparam-url=scene%3Asearch%7Cquery_from%3A%7Cx_object_id%3A1005007472215655%7C_p_origin_prod%3A
Spring Autumn 100% Pure Merino Wool Pullover Sweater Men O-neck Long-sleeve Cashmere Knitwear Female Clothing Grace,$6.96,"https://ae-pic-a1.aliexpress-media.com/kf/Sddea2f35ca7348b48ac1a56b83ea0d85o.jpg?has_lang=1&ver=2_220x220q75.jpg_.avif,https://ae-pic-a1.aliexpress-media.com/kf/S38b86e13bc81475ca6d951619b8a059eT.jpg?has_lang=1&ver=2_220x220q75.jpg_.avif,https://ae-pic-a1.aliexpress-media.com/kf/S461a87cfc9d7456b8e505d10660ef6000.jpg_220x220q75.jpg_.avif,https://ae-pic-a1.aliexpress-media.com/kf/S9f622b28315d47e89f4b4ceaab2d3616u.jpg?has_lang=1&ver=2_220x220q75.jpg_.avif,https://ae-pic-a1.aliexpress-media.com/kf/Sdebea74710d44567a176feeb11bdefa9v.jpg?has_lang=1&ver=2_220x220q75.jpg_.avif","['whether full opening', 'No', 'High-concerned chemical', 'None', 'Applicable Season', 'Spring And Autumn', 'Applicable Scene', 'CASUAL', 'Hooded', 'No', 'Decoration', 'NONE']",https://www.aliexpress.us/item/3256807278156568.html?algo_pvid=98561bcf-cb7a-4818-b005-69f78154d69e&algo_exp_id=98561bcf-cb7a-4818-b005-69f78154d69e-3&pdp_ext_f=%7B%22order%22%3A%22223%22%2C%22eval%22%3A%221%22%2C%22fromPage%22%3A%22search%22%7D&pdp_npi=6%40dis%21USD%2132.28%2116.36%21%21%21220.92%21111.99%21%402101d6fe17754325055428746e3e4f%2112000040862117976%21sea%21US%210%21ABX%211%210%21n_tag%3A-29910%3Bd%3Ab1e5c83a%3Bm03_new_user%3A-29895%3BpisId%3A5000000197827853&curPageLogUid=5e6u8UxvJgka&utparam-url=scene%3Asearch%7Cquery_from%3A%7Cx_object_id%3A1005007464471320%7C_p_origin_prod%3A
AIOPESON Cotton Men Sweaters Soild Color O-neck High Quality Mesh Pullovers Male New Winter Autumn Basic Sweaters for Men,$17.41,"https://ae-pic-a1.aliexpress-media.com/kf/S18e699f1340240a6af07ae4100bb7ab2i.jpg_220x220q75.jpg_.avif,https://ae-pic-a1.aliexpress-media.com/kf/S18e699f1340240a6af07ae4100bb7ab2i.jpg_220x220q75.jpg_.avif,https://ae-pic-a1.aliexpress-media.com/kf/Sa94dce133c844ff69acbd1038001ebd7L.png?has_lang=1&ver=2_220x220.png_.avif,https://ae-pic-a1.aliexpress-media.com/kf/S2d53a65c916a43668942c22af1b843b3R.jpg_220x220q75.jpg_.avif,https://ae-pic-a1.aliexpress-media.com/kf/S2c04303af2d045ee99364bdc5499b4a2y.jpg_220x220q75.jpg_.avif","['whether full opening', 'No', 'High-concerned chemical', 'None', 'Applicable Season', 'Autumn And Winter', 'Craft of Weaving', 'Knit', 'Applicable Scene', 'CASUAL', 'Hooded', 'No']",https://www.aliexpress.us/item/3256804842299004.html?algo_pvid=98561bcf-cb7a-4818-b005-69f78154d69e&algo_exp_id=98561bcf-cb7a-4818-b005-69f78154d69e-4&pdp_ext_f=%7B%22order%22%3A%22223%22%2C%22eval%22%3A%221%22%2C%22fromPage%22%3A%22search%22%7D&pdp_npi=6%40dis%21USD%2156.07%2126.81%21%21%21383.78%21183.53%21%402101d6fe17754325055428746e3e4f%2112000031387304707%21sea%21US%210%21ABX%211%210%21n_tag%3A-29910%3Bd%3Ab1e5c83a%3Bm03_new_user%3A-29895%3BpisId%3A5000000197827852&curPageLogUid=JB6qhJIX2B74&utparam-url=scene%3Asearch%7Cquery_from%3A%7Cx_object_id%3A1005005028613756%7C_p_origin_prod%3A
2025 100% Pure Merino Wool Men's Round Neck Pullover Solid Color Plus Size Casual Sweater Autumn And Winter Sports Cashmere Top,$18.57,"https://ae-pic-a1.aliexpress-media.com/kf/Sf339b1c68cc941f8a5ee42a3d04cfc57R.jpg?has_lang=1&ver=2_220x220q75.jpg_.avif,https://ae-pic-a1.aliexpress-media.com/kf/Sf339b1c68cc941f8a5ee42a3d04cfc57R.jpg?has_lang=1&ver=2_220x220q75.jpg_.avif,https://ae-pic-a1.aliexpress-media.com/kf/Sd8edb546fc1c4cc3aa3e6a60bbec5b36M.jpg_220x220q75.jpg_.avif,https://ae-pic-a1.aliexpress-media.com/kf/S200e14524f9b42c98096c32690e86029N.jpg_220x220q75.jpg_.avif,https://ae-pic-a1.aliexpress-media.com/kf/S7fd87900362a4aba9a1ffa1ce07667ac7.jpg_220x220q75.jpg_.avif","['whether full opening', 'No', 'High-concerned chemical', 'None', 'Applicable Season', 'Autumn And Winter', 'Craft of Weaving', 'Knit', 'Applicable Scene', 'Shopping', 'Hooded', 'No']",https://www.aliexpress.us/item/3256809518561417.html?algo_pvid=98561bcf-cb7a-4818-b005-69f78154d69e&algo_exp_id=98561bcf-cb7a-4818-b005-69f78154d69e-5&pdp_ext_f=%7B%22order%22%3A%22221%22%2C%22eval%22%3A%221%22%2C%22fromPage%22%3A%22search%22%7D&pdp_npi=6%40dis%21USD%2159.73%2127.97%21%21%21408.81%21191.46%21%402101d6fe17754325055428746e3e4f%2112000049909699783%21sea%21US%210%21ABX%211%210%21n_tag%3A-29910%3Bd%3Ab1e5c83a%3Bm03_new_user%3A-29895%3BpisId%3A5000000197827851&curPageLogUid=zFKBJCQBj5K2&utparam-url=scene%3Asearch%7Cquery_from%3A%7Cx_object_id%3A1005009704876169%7C_p_origin_prod%3A
New Men's Slim Fit Long Sleeve Turtleneck Sweater Casual Ribbed Knitted Pullover Sweaters Winter Warm Outdoor Stripes Tops,$2.40,"https://ae-pic-a1.aliexpress-media.com/kf/S1f3e443af40d405cb355f00e08be71b53.jpg_220x220q75.jpg_.avif,https://ae-pic-a1.aliexpress-media.com/kf/S79a57596d0d34727ac1acc7a05eff311c.jpg_220x220q75.jpg_.avif,https://ae-pic-a1.aliexpress-media.com/kf/Sbdd8c1aa014b48fe9e9fbf6397677812u.jpg_220x220q75.jpg_.avif,https://ae-pic-a1.aliexpress-media.com/kf/Sbad51e27a55d4e878c4d4df85ed766daP.jpg_220x220q75.jpg_.avif,https://ae-pic-a1.aliexpress-media.com/kf/S9f7f2df3c43a41ed9ea621107117215cv.jpg_220x220q75.jpg_.avif","['whether full opening', 'No', 'High-concerned chemical', 'None', 'Applicable Season', 'Autumn And Winter', 'Applicable Scene', 'Daily', 'Hooded', 'No', 'Sleeve Style', 'regular']",https://www.aliexpress.us/item/3256809493836216.html?algo_pvid=98561bcf-cb7a-4818-b005-69f78154d69e&algo_exp_id=98561bcf-cb7a-4818-b005-69f78154d69e-6&pdp_ext_f=%7B%22order%22%3A%22220%22%2C%22eval%22%3A%221%22%2C%22fromPage%22%3A%22search%22%7D&pdp_npi=6%40dis%21USD%2124.28%2111.80%21%21%21166.16%2180.74%21%402101d6fe17754325055428746e3e4f%2112000049845229820%21sea%21US%210%21ABX%211%210%21n_tag%3A-29910%3Bd%3Ab1e5c83a%3Bm03_new_user%3A-29895%3BpisId%3A5000000197827853&curPageLogUid=1jzrkT57PiQq&utparam-url=scene%3Asearch%7Cquery_from%3A%7Cx_object_id%3A1005009680150968%7C_p_origin_prod%3A
Men's Sweater Wool Warm Pullovers O-Neck Knit Winter Fit Tops Male Thick Knitwear Mens Jumpers Bottoming Shirt Plus Size 4XL 3XL,$15.89,"https://ae-pic-a1.aliexpress-media.com/kf/S528a6c9b5a0d4350882897aca46a61aaA.jpg?has_lang=1&ver=2_220x220q75.jpg_.avif,https://ae-pic-a1.aliexpress-media.com/kf/S110d36d6e13d4ccabb6197bb8778e445d.jpg?has_lang=1&ver=2_220x220q75.jpg_.avif,https://ae-pic-a1.aliexpress-media.com/kf/S76bd4303d9604f6ab2908266a787399eo.jpg?has_lang=1&ver=2_220x220q75.jpg_.avif,https://ae-pic-a1.aliexpress-media.com/kf/Sa354ecb0a9904e889c9c4c83df5cee8eU.jpg?has_lang=1&ver=2_220x220q75.jpg_.avif,https://ae-pic-a1.aliexpress-media.com/kf/S267ca57ae8db4ebc971966fc8d441669L.jpg?has_lang=1&ver=2_220x220q75.jpg_.avif","['whether full opening', 'No', 'High-concerned chemical', 'None', 'Applicable Season', 'Spring And Autumn', 'Applicable Scene', 'CASUAL', 'Hooded', 'No', 'Decoration', 'NONE']",https://www.aliexpress.us/item/3256807534723467.html?algo_pvid=98561bcf-cb7a-4818-b005-69f78154d69e&algo_exp_id=98561bcf-cb7a-4818-b005-69f78154d69e-7&pdp_ext_f=%7B%22order%22%3A%22220%22%2C%22eval%22%3A%221%22%2C%22fromPage%22%3A%22search%22%7D&pdp_npi=6%40dis%21USD%2132.43%2115.89%21%21%21221.99%21108.78%21%402101d6fe17754325055428746e3e4f%2112000041970892647%21sea%21US%210%21ABX%211%210%21n_tag%3A-29910%3Bd%3Ab1e5c83a%3Bm03_new_user%3A-29895&curPageLogUid=Tia7jrVDrBRi&utparam-url=scene%3Asearch%7Cquery_from%3A%7Cx_object_id%3A1005007721038219%7C_p_origin_prod%3A
New Fashion Men's 100% Wool Pullover Half-high Collar Sweater Autumn Winter Warm Solid Color Knit Sweater Business Casual Top,$16.01,"https://ae-pic-a1.aliexpress-media.com/kf/S9324ca0f791a43da8e8ebb6f91f9cae0L.jpg_220x220q75.jpg_.avif,https://ae-pic-a1.aliexpress-media.com/kf/Sd41ff63273d24ca99f6b5dd5b0c535e1e.jpg_220x220q75.jpg_.avif,https://ae-pic-a1.aliexpress-media.com/kf/Sf920d1ce374349f890705927f8e1eccc0.jpg_220x220q75.jpg_.avif,https://ae-pic-a1.aliexpress-media.com/kf/Sa50111532c6147ed996d10043b12ec84Q.jpg_220x220q75.jpg_.avif,https://ae-pic-a1.aliexpress-media.com/kf/S76d95bfe789848bc94a306bfbb53bd34w.jpg_220x220q75.jpg_.avif","['whether full opening', 'No', 'High-concerned chemical', 'None', 'Applicable Season', 'Autumn And Winter', 'Craft of Weaving', 'Knit', 'Applicable Scene', 'Daily', 'Hooded', 'No']",https://www.aliexpress.us/item/3256805695196844.html?algo_pvid=98561bcf-cb7a-4818-b005-69f78154d69e&algo_exp_id=98561bcf-cb7a-4818-b005-69f78154d69e-8&pdp_ext_f=%7B%22order%22%3A%22219%22%2C%22eval%22%3A%221%22%2C%22fromPage%22%3A%22search%22%7D&pdp_npi=6%40dis%21USD%2126.37%2125.41%21%21%21180.52%21173.94%21%402101d6fe17754325055428746e3e4f%2112000036167699691%21sea%21US%210%21ABX%211%210%21n_tag%3A-29910%3Bd%3Ab1e5c83a%3Bm03_new_user%3A-29895%3BpisId%3A5000000197827853&curPageLogUid=Zxvi7Wzwwk22&utparam-url=scene%3Asearch%7Cquery_from%3A%7Cx_object_id%3A1005005881511596%7C_p_origin_prod%3A
Autumn Winter Men's O-Neck Merino Wool Sweater New Versatile Basic Cashmere Pullover Casual Business Knitwear Sweater,$16.45,"https://ae-pic-a1.aliexpress-media.com/kf/Seed3621923a847ae894a9b6387d389caP.jpg_220x220q75.jpg_.avif,https://ae-pic-a1.aliexpress-media.com/kf/S2bd71a130f9c4cec9937b7fb751e154aF.jpg_220x220q75.jpg_.avif,https://ae-pic-a1.aliexpress-media.com/kf/S9a10fe77fffa48b99c7056b0f761a216X.jpg_220x220q75.jpg_.avif,https://ae-pic-a1.aliexpress-media.com/kf/Se65f595b05ce492fb941fdee1681e1c68.jpg?has_lang=1&ver=1_220x220q75.jpg_.avif,https://ae-pic-a1.aliexpress-media.com/kf/S9903bdca5c38431aa5703d968d7d98655.jpg?has_lang=1&ver=1_220x220q75.jpg_.avif","['whether full opening', 'No', 'High-concerned chemical', 'None', 'Applicable Season', 'Four Seasons', 'Craft of Weaving', 'Knit', 'Applicable Scene', 'Shopping', 'Hooded', 'No']",https://www.aliexpress.us/item/3256809280526073.html?algo_pvid=98561bcf-cb7a-4818-b005-69f78154d69e&algo_exp_id=98561bcf-cb7a-4818-b005-69f78154d69e-9&pdp_ext_f=%7B%22order%22%3A%22217%22%2C%22eval%22%3A%221%22%2C%22fromPage%22%3A%22search%22%7D&pdp_npi=6%40dis%21USD%2127.33%2125.85%21%21%21187.06%21176.96%21%402101d6fe17754325055428746e3e4f%2112000049214729255%21sea%21US%210%21ABX%211%210%21n_tag%3A-29910%3Bd%3Ab1e5c83a%3Bm03_new_user%3A-29895%3BpisId%3A5000000197827853&curPageLogUid=sBbneHKCCDO2&utparam-url=scene%3Asearch%7Cquery_from%3A%7Cx_object_id%3A1005009466840825%7C_p_origin_prod%3A
2025 New Men's High Neck Sweater Solid Color Pullover Knitted Warm Casual Turtleneck Sweatwear Woolen Mens Winter Outdoor Tops,$15.38,"https://ae-pic-a1.aliexpress-media.com/kf/Se624ec48b0f34ff787567b05a21c0cd58.jpg_220x220q75.jpg_.avif,https://ae-pic-a1.aliexpress-media.com/kf/Sbdf2e2af4b3b431b9ac5f1f2c94740967.jpg_220x220q75.jpg_.avif,https://ae-pic-a1.aliexpress-media.com/kf/S0861ac30a3ef49b7a135e25cade85cf5M.jpg_220x220q75.jpg_.avif,https://ae-pic-a1.aliexpress-media.com/kf/S8f5eba8df1764f18885f3517b489ddd4Z.jpg_220x220q75.jpg_.avif,https://ae-pic-a1.aliexpress-media.com/kf/S0c084e61de6a430bab6c9314b960488bv.jpg_220x220q75.jpg_.avif","['whether full opening', 'No', 'High-concerned chemical', 'None', 'Applicable Season', 'Autumn And Winter', 'Craft of Weaving', 'Knit', 'Applicable Scene', 'CASUAL', 'Hooded', 'No']",https://www.aliexpress.us/item/3256809118651996.html?algo_pvid=98561bcf-cb7a-4818-b005-69f78154d69e&algo_exp_id=98561bcf-cb7a-4818-b005-69f78154d69e-10&pdp_ext_f=%7B%22order%22%3A%22217%22%2C%22eval%22%3A%221%22%2C%22fromPage%22%3A%22search%22%7D&pdp_npi=6%40dis%21USD%2130.75%2115.38%21%21%21210.45%21105.22%21%402101d6fe17754325055428746e3e4f%2112000048682176989%21sea%21US%210%21ABX%211%210%21n_tag%3A-29910%3Bd%3Ab1e5c83a%3Bm03_new_user%3A-29895&curPageLogUid=ITYD0zGV74Wk&utparam-url=scene%3Asearch%7Cquery_from%3A%7Cx_object_id%3A1005009304966748%7C_p_origin_prod%3A
"2025 Customized Sweatshirt Text Logo Sweatshirt, Men's Casual Customized Printed Sweatshirt Customized Logo Personalized Sweatsh",$11.06,"https://ae-pic-a1.aliexpress-media.com/kf/S14eafea8c0064b7594569faaa12d02c0Z.jpg?has_lang=1&ver=2_220x220q75.jpg_.avif,https://ae-pic-a1.aliexpress-media.com/kf/S657fc4a947fe4c5bbd98b70f91966703U.jpg?has_lang=1&ver=2_220x220q75.jpg_.avif,https://ae-pic-a1.aliexpress-media.com/kf/S734dba5a66414875bc9e53e1f2d96c10r.jpg?has_lang=1&ver=2_220x220q75.jpg_.avif,https://ae-pic-a1.aliexpress-media.com/kf/S29cc1ebd37f841e1a46bd74660bdf2cdq.jpg?has_lang=1&ver=2_220x220q75.jpg_.avif,https://ae-pic-a1.aliexpress-media.com/kf/S1540593701464d9e8cd66732548fe9b80.jpg?has_lang=1&ver=2_220x220q75.jpg_.avif","['whether full opening', 'No', 'High-concerned chemical', 'None', 'Craft of Weaving', 'Knit', 'Applicable Season', 'Spring And Autumn', 'Applicable Scene', 'Party', 'Hooded', 'No']",https://www.aliexpress.us/item/3256809135957256.html?algo_pvid=98561bcf-cb7a-4818-b005-69f78154d69e&algo_exp_id=98561bcf-cb7a-4818-b005-69f78154d69e-11&pdp_ext_f=%7B%22order%22%3A%22216%22%2C%22eval%22%3A%221%22%2C%22fromPage%22%3A%22search%22%7D&pdp_npi=6%40dis%21USD%2111.06%2111.06%21%21%2175.68%2175.68%21%402101d6fe17754325055428746e3e4f%2112000048745902575%21sea%21US%210%21ABX%211%210%21n_tag%3A-29910%3Bd%3Ab1e5c83a%3Bm03_new_user%3A-29895&curPageLogUid=Asuo40kVF8wt&utparam-url=scene%3Asearch%7Cquery_from%3A%7Cx_object_id%3A1005009322272008%7C_p_origin_prod%3A
Autumn Mens Casual Mock Turtleneck Sweaters Long Sleeve Thermal Knitted Pullover Sweater Basic Knit Coat Tops Woolen Outerwear,$3.44,"https://ae-pic-a1.aliexpress-media.com/kf/S18f7ced3c0044a19b915a21830de92c0d.jpg?has_lang=1&ver=2_220x220q75.jpg_.avif,https://ae-pic-a1.aliexpress-media.com/kf/S64dd1ee087ea4e53a569037e2f17b73dw.jpg_220x220q75.jpg_.avif,https://ae-pic-a1.aliexpress-media.com/kf/Saeea6ee9ea014a0796458c1642e68b01b.jpg_220x220q75.jpg_.avif,https://ae-pic-a1.aliexpress-media.com/kf/Sfa37a8b1bfde4145bfd9f2ec08443cdfj.jpg_220x220q75.jpg_.avif,https://ae-pic-a1.aliexpress-media.com/kf/S24dfb458983a468e93b0851220e2e507l.jpg_220x220q75.jpg_.avif","['whether full opening', 'No', 'High-concerned chemical', 'None', 'Applicable Season', 'Autumn And Winter', 'Applicable Scene', 'CASUAL', 'Sleeve Style', 'regular', 'Pattern Type', 'Solid']",https://www.aliexpress.us/item/3256809737533307.html?algo_pvid=98561bcf-cb7a-4818-b005-69f78154d69e&algo_exp_id=98561bcf-cb7a-4818-b005-69f78154d69e-12&pdp_ext_f=%7B%22order%22%3A%22215%22%2C%22eval%22%3A%221%22%2C%22fromPage%22%3A%22search%22%7D&pdp_npi=6%40dis%21USD%2122.33%2110.64%21%21%21152.83%2172.84%21%402101d6fe17754325055428746e3e4f%2112000050589176248%21sea%21US%210%21ABX%211%210%21n_tag%3A-29910%3Bd%3Ab1e5c83a%3Bm03_new_user%3A-29895%3BpisId%3A5000000203821651&curPageLogUid=h8p4GAG86DbW&utparam-url=scene%3Asearch%7Cquery_from%3A%7Cx_object_id%3A1005009923848059%7C_p_origin_prod%3A
Maden Vintage Half-Zip Stand Collar Knitted Sweater Solid Color Warm Pullover for Men's Autumn and Winter Versatile Knitwear,$41.71,"https://ae-pic-a1.aliexpress-media.com/kf/S82f6305ee92c4572b988def9f447b59de.jpg?has_lang=1&ver=2_220x220q75.jpg_.avif,https://ae-pic-a1.aliexpress-media.com/kf/S82f6305ee92c4572b988def9f447b59de.jpg?has_lang=1&ver=2_220x220q75.jpg_.avif,https://ae-pic-a1.aliexpress-media.com/kf/S2d9960604ab543058df00e06e0b5589cS.png_220x220.png_.avif,https://ae-pic-a1.aliexpress-media.com/kf/S762bb9ddd12946139ce33b84d4bfb931v.jpg_220x220q75.jpg_.avif,https://ae-pic-a1.aliexpress-media.com/kf/S968a37d87d71457cb0265f218f2978bdv.jpg_220x220q75.jpg_.avif","['whether full opening', 'No', 'High-concerned chemical', 'None', 'Applicable Season', 'Autumn And Winter', 'Craft of Weaving', 'Knit', 'Applicable Scene', 'Daily', 'Hooded', 'No']",https://www.aliexpress.us/item/3256807771283768.html?algo_pvid=98561bcf-cb7a-4818-b005-69f78154d69e&algo_exp_id=98561bcf-cb7a-4818-b005-69f78154d69e-13&pdp_ext_f=%7B%22order%22%3A%22215%22%2C%22spu_best_type%22%3A%22price%22%2C%22eval%22%3A%221%22%2C%22fromPage%22%3A%22search%22%7D&pdp_npi=6%40dis%21USD%21104.28%2141.71%21%21%21713.77%21285.51%21%402101d6fe17754325055428746e3e4f%2112000043028931746%21sea%21US%210%21ABX%211%210%21n_tag%3A-29910%3Bd%3Ab1e5c83a%3Bm03_new_user%3A-29895&curPageLogUid=D5CWS2QyXQdw&utparam-url=scene%3Asearch%7Cquery_from%3A%7Cx_object_id%3A1005007957598520%7C_p_origin_prod%3A
Autumn Men's Casual Sweatshirt Quarter Zip Solid Color Pullover Sweater Outdoor Daily Long Sleeve Polo Turtleneck Male Tops,$12.33,"https://ae-pic-a1.aliexpress-media.com/kf/S846cacb7884843c99d9c5dda65406164g.jpg?has_lang=1&ver=2_220x220q75.jpg_.avif,https://ae-pic-a1.aliexpress-media.com/kf/S846cacb7884843c99d9c5dda65406164g.jpg?has_lang=1&ver=2_220x220q75.jpg_.avif,https://ae-pic-a1.aliexpress-media.com/kf/Sb53201aa4b944b19ac94527665b3d48aB.jpg_220x220q75.jpg_.avif,https://ae-pic-a1.aliexpress-media.com/kf/S8c2bfc33796241ed9cb01b5e4bd44bd2M.jpg_220x220q75.jpg_.avif,https://ae-pic-a1.aliexpress-media.com/kf/S523c01a4c6b94217abd8f17c3b83f8caR.jpg_220x220q75.jpg_.avif","['whether full opening', 'No', 'High-concerned chemical', 'None', 'Applicable Season', 'Autumn And Winter', 'Craft of Weaving', 'Knit', 'Applicable Scene', 'Daily', 'Hooded', 'No']",https://www.aliexpress.us/item/3256810301099507.html?algo_pvid=98561bcf-cb7a-4818-b005-69f78154d69e&algo_exp_id=98561bcf-cb7a-4818-b005-69f78154d69e-14&pdp_ext_f=%7B%22order%22%3A%22214%22%2C%22eval%22%3A%221%22%2C%22orig_sl_item_id%22%3A%221005010487414259%22%2C%22orig_item_id%22%3A%221005009948195635%22%2C%22fromPage%22%3A%22search%22%7D&pdp_npi=6%40dis%21USD%2124.66%2112.33%21%21%21168.82%2184.41%21%402101d6fe17754325055428746e3e4f%2112000052568803217%21sea%21US%210%21ABX%211%210%21n_tag%3A-29910%3Bd%3Ab1e5c83a%3Bm03_new_user%3A-29895&curPageLogUid=dojHjcKOg31y&utparam-url=scene%3Asearch%7Cquery_from%3A%7Cx_object_id%3A1005010487414259%7C_p_origin_prod%3A1005009948195635
Autumn Mens Zip Pullover Sweater Lightweight Mock Neck Woolen Polo Sweaters Knit Casual Solid Color Cardigan Winter Warm Tops,$16.85,"https://ae-pic-a1.aliexpress-media.com/kf/S5c5b500427ba4b1b8a0c9c742a7a93d9e.jpg?has_lang=1&ver=2_220x220q75.jpg_.avif,https://ae-pic-a1.aliexpress-media.com/kf/Se6832c390dba40ef8ea3d278af5ec259T.jpg_220x220q75.jpg_.avif,https://ae-pic-a1.aliexpress-media.com/kf/S38557e4eee8a44caa6d35272d874ea6f8.jpg_220x220q75.jpg_.avif,https://ae-pic-a1.aliexpress-media.com/kf/S05dc0ac8180b4a328931c84005afb98e9.jpg_220x220q75.jpg_.avif,https://ae-pic-a1.aliexpress-media.com/kf/Sff0c8c9bd0644a00b6ee5d754f7d82b3P.jpg_220x220q75.jpg_.avif","['whether full opening', 'No', 'High-concerned chemical', 'None', 'Applicable Season', 'Autumn And Winter', 'Craft of Weaving', 'Knit', 'Applicable Scene', 'Daily', 'Hooded', 'No']",https://www.aliexpress.us/item/3256809692023008.html?algo_pvid=98561bcf-cb7a-4818-b005-69f78154d69e&algo_exp_id=98561bcf-cb7a-4818-b005-69f78154d69e-15&pdp_ext_f=%7B%22order%22%3A%22214%22%2C%22eval%22%3A%221%22%2C%22fromPage%22%3A%22search%22%7D&pdp_npi=6%40dis%21USD%2133.71%2116.85%21%21%21230.74%21115.37%21%402101d6fe17754325055428746e3e4f%2112000050455721744%21sea%21US%210%21ABX%211%210%21n_tag%3A-29910%3Bd%3Ab1e5c83a%3Bm03_new_user%3A-29895&curPageLogUid=t9sqgqscbApM&utparam-url=scene%3Asearch%7Cquery_from%3A%7Cx_object_id%3A1005009878337760%7C_p_origin_prod%3A
Summer Classic Men Knitwear Silk Wool Blend Sweater Pullover Polo Neck T-Shirt Short Sleeved Cool High-Quality Clothing Tops,$15.41,"https://ae-pic-a1.aliexpress-media.com/kf/S5710a75a3db348bfa61b7edb5ae720cfx.jpg_220x220q75.jpg_.avif,https://ae-pic-a1.aliexpress-media.com/kf/Sed8bf1ce5c60481999f8b506d608f791U.jpg_220x220q75.jpg_.avif,https://ae-pic-a1.aliexpress-media.com/kf/S1becd3ebd31546b4a39546ca155966e0H.jpg_220x220q75.jpg_.avif,https://ae-pic-a1.aliexpress-media.com/kf/Sc2824d3b553741999d1dd0cab7f52205L.jpg_220x220q75.jpg_.avif,https://ae-pic-a1.aliexpress-media.com/kf/S20825e8e1c9c40879b07bb95362a21bf6.jpg_220x220q75.jpg_.avif","['whether full opening', 'No', 'High-concerned chemical', 'None', 'Craft of Weaving', 'Knit', 'Applicable Season', 'Four Seasons', 'Applicable Scene', 'CASUAL', 'Hooded', 'No']",https://www.aliexpress.us/item/3256806687342899.html?algo_pvid=98561bcf-cb7a-4818-b005-69f78154d69e&algo_exp_id=98561bcf-cb7a-4818-b005-69f78154d69e-16&pdp_ext_f=%7B%22order%22%3A%22213%22%2C%22eval%22%3A%221%22%2C%22fromPage%22%3A%22search%22%7D&pdp_npi=6%40dis%21USD%2124.91%2124.81%21%21%2124.91%2124.81%21%402101d6fe17754325055428746e3e4f%2112000038586917120%21sea%21US%210%21ABX%211%210%21n_tag%3A-29910%3Bd%3Ab1e5c83a%3Bm03_new_user%3A-29895%3BpisId%3A5000000197827853&curPageLogUid=CSBYbvzghpx6&utparam-url=scene%3Asearch%7Cquery_from%3A%7Cx_object_id%3A1005006873657651%7C_p_origin_prod%3A
Black Stripe Sweaters Destroyed Ripped Sweater Men Pullover Hole Knit Jumpers Men Oversized Sweatshirt Harajuku Long Sleeve Tops,$28.76,"https://ae-pic-a1.aliexpress-media.com/kf/H56d51b8ae625406b9d9aac0a7173523dJ.jpg_220x220q75.jpg_.avif,https://ae-pic-a1.aliexpress-media.com/kf/H549f9d5a999e4027b066d92797b0e447q.jpg_220x220q75.jpg_.avif,https://ae-pic-a1.aliexpress-media.com/kf/H804ba274d1da44d88e607d8156c1a4c4c.jpg_220x220q75.jpg_.avif,https://ae-pic-a1.aliexpress-media.com/kf/H952dde085618446a8f81c30ab16be0aeE.jpg_220x220q75.jpg_.avif,https://ae-pic-a1.aliexpress-media.com/kf/H43467482c28e462d9b9bf4b3c10f710eC.jpg_220x220q75.jpg_.avif","['whether full opening', 'No', 'High-concerned chemical', 'None', 'Applicable Season', 'Autumn And Winter', 'Craft of Weaving', 'Knit', 'Applicable Scene', 'Daily', 'Hooded', 'No']",https://www.aliexpress.us/item/3256803462112299.html?algo_pvid=98561bcf-cb7a-4818-b005-69f78154d69e&algo_exp_id=98561bcf-cb7a-4818-b005-69f78154d69e-17&pdp_ext_f=%7B%22order%22%3A%22210%22%2C%22eval%22%3A%221%22%2C%22fromPage%22%3A%22search%22%7D&pdp_npi=6%40dis%21USD%2158.69%2128.76%21%21%2158.69%2128.76%21%402101d6fe17754325055428746e3e4f%2112000026641979446%21sea%21US%210%21ABX%211%210%21n_tag%3A-29910%3Bd%3Ab1e5c83a%3Bm03_new_user%3A-29895&curPageLogUid=60vrV4DHunXL&utparam-url=scene%3Asearch%7Cquery_from%3A%7Cx_object_id%3A1005003648427051%7C_p_origin_prod%3A
CHICUU Men's 100% Cashmere Sweater Zipper Pullover Mock Neck Long Sleeve Basic Cashmere Knitwear Autumn Winter Clothing Tops,$59.02,"https://ae-pic-a1.aliexpress-media.com/kf/S25c5e43fb78f441898e2e5ead8b57218O.jpg?has_lang=1&ver=2_220x220q75.jpg_.avif,https://ae-pic-a1.aliexpress-media.com/kf/S01c9e2122992440994a025992455478dd.jpg?has_lang=1&ver=2_220x220q75.jpg_.avif,https://ae-pic-a1.aliexpress-media.com/kf/S69686a6fd4c647bca45f7bba6ffd28a93.jpg?has_lang=1&ver=2_220x220q75.jpg_.avif,https://ae-pic-a1.aliexpress-media.com/kf/Sa64e210646174a108e6b3928dad16b630.jpg?has_lang=1&ver=2_220x220q75.jpg_.avif,https://ae-pic-a1.aliexpress-media.com/kf/Sbd76de4ff12d42f9be8beee939930f0eL.jpg_220x220q75.jpg_.avif","['whether full opening', 'No', 'High-concerned chemical', 'None', 'Applicable Season', 'Autumn And Winter', 'Applicable Scene', 'CASUAL', 'Item Type', 'Pullovers', 'Thickness', 'Thick']",https://www.aliexpress.us/item/3256807689606200.html?algo_pvid=98561bcf-cb7a-4818-b005-69f78154d69e&algo_exp_id=98561bcf-cb7a-4818-b005-69f78154d69e-18&pdp_ext_f=%7B%22order%22%3A%22209%22%2C%22spu_best_type%22%3A%22price%22%2C%22eval%22%3A%221%22%2C%22fromPage%22%3A%22search%22%7D&pdp_npi=6%40dis%21USD%21111.36%2159.02%21%21%21762.20%21403.97%21%402101d6fe17754325055428746e3e4f%2112000042659244157%21sea%21US%210%21ABX%211%210%21n_tag%3A-29910%3Bd%3Ab1e5c83a%3Bm03_new_user%3A-29895&curPageLogUid=bWprxDyFh8C3&utparam-url=scene%3Asearch%7Cquery_from%3A%7Cx_object_id%3A1005007875920952%7C_p_origin_prod%3A
Men's Polo Shirts Square Plaid Texture Fabric Solid Color Mens Long Sleeve Tops Button Checkered Patchwork Henley Collar,$11.13,"https://ae-pic-a1.aliexpress-media.com/kf/S1ac4c78f214140a4afc0c3d97b806440I.jpg?has_lang=1&ver=2_220x220q75.jpg_.avif,https://ae-pic-a1.aliexpress-media.com/kf/S7d5ce8d3bfd14a8193e3967da5a1ee9d2.jpg_220x220q75.jpg_.avif,https://ae-pic-a1.aliexpress-media.com/kf/S2e3d201e931c4ef499f5a71bbacbb5dcJ.jpg_220x220q75.jpg_.avif,https://ae-pic-a1.aliexpress-media.com/kf/S1e3fae8b175a4080821bce3236a362e9a.jpg_220x220q75.jpg_.avif,https://ae-pic-a1.aliexpress-media.com/kf/Sbe46647d358f4eda8dba561e6611a277y.jpg_220x220q75.jpg_.avif","['whether full opening', 'No', 'High-concerned chemical', 'None', 'Applicable Season', 'Spring And Autumn', 'Craft of Weaving', 'Knit', 'Applicable Scene', 'Daily', 'Hooded', 'No', 'Sleeve Style', 'regular', 'Place Of Origin', 'China (mainland)', 'Pattern Type', 'Plaid', 'Item Type', 'Polo sweaters', 'Sleeve Length(cm)', 'Full', 'Thickness', 'Thick', 'Material', 'POLYESTER,Other', 'Collar', 'V-Neck', 'Style', 'Casual', 'Gender', 'Men', 'Origin', 'Mainland China', 'CN', 'Fujian', 'Closure Type', 'Single Breasted']",https://www.aliexpress.us/item/3256809488394404.html?algo_pvid=0ee5c784-3e96-42d1-9b7d-1ada7507ff00&algo_exp_id=0ee5c784-3e96-42d1-9b7d-1ada7507ff00-21&pdp_ext_f=%7B%22order%22%3A%22200%22%2C%22eval%22%3A%221%22%2C%22fromPage%22%3A%22search%22%7D&pdp_npi=6%40dis%21USD%2122.27%2111.13%21%21%21152.54%2176.27%21%40210141f717754606614606080e986d%2112000049828887523%21sea%21US%210%21ABX%211%210%21n_tag%3A-29910%3Bd%3A20f9d216%3Bm03_new_user%3A-29895&curPageLogUid=uvT4fi64mnQC&utparam-url=scene%3Asearch%7Cquery_from%3A%7Cx_object_id%3A1005009674709156%7C_p_origin_prod%3A
Funny Cat Sweaters Men's Harajuku Oversized Hip Hop Sweater Pullover Knitted Jumer 2026 Y2K Vintage Streetwear Sweaters Unisex,$32.98,"https://ae-pic-a1.aliexpress-media.com/kf/S4b5e2eec1db94d8d8e3c79371f5f5124d.jpg?has_lang=1&ver=1_220x220q75.jpg_.avif,https://ae-pic-a1.aliexpress-media.com/kf/S74d1cfe130c848ac91f032acd48fb0a2s.jpg_220x220q75.jpg_.avif,https://ae-pic-a1.aliexpress-media.com/kf/S6c7ccdc40566440da51a0930b3b6ff97H.jpg?has_lang=1&ver=1_220x220q75.jpg_.avif,https://ae-pic-a1.aliexpress-media.com/kf/Sa97476091e524649a48c1f03c224513av.jpg?has_lang=1&ver=1_220x220q75.jpg_.avif,https://ae-pic-a1.aliexpress-media.com/kf/S5a2a9a6fa904432c86055dddbe784028o.jpg?has_lang=1&ver=1_220x220q75.jpg_.avif","['whether full opening', 'No', 'High-concerned chemical', 'None', 'Applicable Season', 'Autumn And Winter', 'Applicable Scene', 'Daily', 'Hooded', 'No', 'Model Number', 'dropshipping', 'Decoration', 'NONE', 'Sleeve Style', 'regular', 'Wool', 'Standard Wool', 'Place Of Origin', 'China (mainland)', 'Pattern Type', 'Cartoon', 'Item Type', 'Pullovers', 'Sleeve Length(cm)', 'Full', 'Thickness', 'Standard', 'Technics', 'Computer Knitted', 'Material', 'POLYESTER,Acrylic', 'Collar', 'O-Neck', 'Style', 'HIP HOP', 'Gender', 'Men', 'Brand Name', 'ELKMU', 'Origin', 'China Mainland', 'CN', 'Guangdong', 'Closure Type', 'None', 'Style 1', 'Y2K Sweaters', 'Style 2', 'Gothic Sweaters', 'Style 3', 'Punk Sweaters', 'Style 4', 'Hip Hop Sweaters', 'Style 5', 'Harajuku Sweaters', 'Style 6', 'Hi street Sweaters', 'Style 7', 'Japan Style Sweaters', 'Style 8', 'Fahion.Chic Sweaters', 'Style 9', 'Preppy Sweaters', 'Style 10', 'Korean Sweaters', 'Style 11', 'Outdoor Sports Sweaters', 'Style 12', 'Streetwear Sweaters', 'Style 13', 'Anime Sweaters', 'Style 14', 'Graphic Sweaters', 'Style 15', 'Oversized Sweaters', 'Style 16', 'Sweater Men Women']",https://www.aliexpress.us/item/3256807386950018.html?algo_pvid=0ee5c784-3e96-42d1-9b7d-1ada7507ff00&algo_exp_id=0ee5c784-3e96-42d1-9b7d-1ada7507ff00-2&pdp_ext_f=%7B%22order%22%3A%22195%22%2C%22eval%22%3A%221%22%2C%22fromPage%22%3A%22search%22%7D&pdp_npi=6%40dis%21USD%2153.20%2132.98%21%21%2153.20%2132.98%21%40210141f717754606614606080e986d%2112000041349930790%21sea%21US%210%21ABX%211%210%21n_tag%3A-29910%3Bd%3A20f9d216%3Bm03_new_user%3A-29895&curPageLogUid=oQz1du6kq58Y&utparam-url=scene%3Asearch%7Cquery_from%3A%7Cx_object_id%3A1005007573264770%7C_p_origin_prod%3A
Y2k Winter Vintage Sweater Men Japanese Cute Bear Women Knitted Sweater Pullover Hip Hop Harajuku Streetwear Men Clothing Tops,$23.69,"https://ae-pic-a1.aliexpress-media.com/kf/S0d35f8f88a304f0489a6c07853a9d7bbM.jpg?has_lang=1&ver=1_220x220q75.jpg_.avif,https://ae-pic-a1.aliexpress-media.com/kf/Sf9455cf75327497ba69a6858e8587203D.jpg?has_lang=1&ver=2_220x220q75.jpg_.avif,https://ae-pic-a1.aliexpress-media.com/kf/Sae583f40eab149dfa23c848e4040a2e3P.jpg_220x220q75.jpg_.avif,https://ae-pic-a1.aliexpress-media.com/kf/S852257a8d70d4f33941510aff17d5077c.jpg_220x220q75.jpg_.avif,https://ae-pic-a1.aliexpress-media.com/kf/S7a2d40bac9044ceeb89092cff1e728acr.jpg_220x220q75.jpg_.avif","['whether full opening', 'No', 'High-concerned chemical', 'None', 'Applicable Season', 'Autumn And Winter', 'Applicable Scene', 'CASUAL', 'Hooded', 'No', 'Decoration', 'Vintage', 'Sleeve Style', 'regular', 'Wool', 'Standard Wool', 'Place Of Origin', 'China (mainland)', 'Pattern Type', 'Cartoon', 'Item Type', 'Pullovers', 'Sleeve Length(cm)', 'Full', 'Thickness', 'Thick', 'Technics', 'Hand Knitted', 'Material', 'Wool', 'Collar', 'O-Neck', 'Style', 'Vintage', 'Gender', 'Men', 'Origin', 'China Mainland', 'CN', 'Guangdong', 'Closure Type', 'None']",https://www.aliexpress.us/item/3256806051136278.html?algo_pvid=0ee5c784-3e96-42d1-9b7d-1ada7507ff00&algo_exp_id=0ee5c784-3e96-42d1-9b7d-1ada7507ff00-3&pdp_ext_f=%7B%22order%22%3A%22195%22%2C%22eval%22%3A%221%22%2C%22fromPage%22%3A%22search%22%7D&pdp_npi=6%40dis%21USD%2137.60%2123.69%21%21%21257.51%21162.23%21%40210141f717754606614606080e986d%2112000036411759988%21sea%21US%210%21ABX%211%210%21n_tag%3A-29910%3Bd%3A20f9d216%3Bm03_new_user%3A-29895&curPageLogUid=AxI7v3EJxhHV&utparam-url=scene%3Asearch%7Cquery_from%3A%7Cx_object_id%3A1005006237451030%7C_p_origin_prod%3A
Winter Double Thick Men's Cashmere Sweater With Semi-High Neck High-End Warm Wool Knitted Bottoming Shirt,$27.45,"https://ae-pic-a1.aliexpress-media.com/kf/S0ae9cb05911b44f996c2f0e48ae8fe56b.jpg_220x220q75.jpg_.avif,https://ae-pic-a1.aliexpress-media.com/kf/S55962ddd93894e38b92e6bb8dab48a7bA.jpg_220x220q75.jpg_.avif,https://ae-pic-a1.aliexpress-media.com/kf/S11982962d26f4819940ecdcd6af79120k.jpg_220x220q75.jpg_.avif,https://ae-pic-a1.aliexpress-media.com/kf/Sdcdb08f613c64fd4b0eaa874d3d005b3u.jpg_220x220q75.jpg_.avif,https://ae-pic-a1.aliexpress-media.com/kf/S582e4a8d447c422fa03594dafa003d05l.jpg_220x220q75.jpg_.avif","['whether full opening', 'No', 'High-concerned chemical', 'None', 'Applicable Season', 'Winter', 'Applicable Scene', 'CASUAL', 'Hooded', 'No', 'Model Number', 'M2210/110', 'Decoration', 'NONE', 'Sleeve Style', 'regular', 'Wool', 'Standard Wool', 'Place Of Origin', 'China (mainland)', 'Pattern Type', 'Solid', 'Item Type', 'Pullovers', 'Sleeve Length(cm)', 'Full', 'Thickness', 'Thick', 'Technics', 'Computer Knitted', 'Material', 'Wool', 'Collar', 'Mock Neck', 'Style', 'Casual', 'Gender', 'Men', 'Origin', 'China Mainland', 'CN', 'Hebei', 'Closure Type', 'None']",https://www.aliexpress.us/item/3256805768835588.html?algo_pvid=0ee5c784-3e96-42d1-9b7d-1ada7507ff00&algo_exp_id=0ee5c784-3e96-42d1-9b7d-1ada7507ff00-7&pdp_ext_f=%7B%22order%22%3A%22193%22%2C%22spu_best_type%22%3A%22price%22%2C%22eval%22%3A%221%22%2C%22fromPage%22%3A%22search%22%7D&pdp_npi=6%40dis%21USD%2181.13%2132.45%21%21%21555.66%21222.26%21%40210141f717754606614606080e986d%2112000035013926847%21sea%21US%210%21ABX%211%210%21n_tag%3A-29910%3Bd%3A20f9d216%3Bm03_new_user%3A-29895&curPageLogUid=IAKAcHaTtpb9&utparam-url=scene%3Asearch%7Cquery_from%3A%7Cx_object_id%3A1005005955150340%7C_p_origin_prod%3A
Men Harajuku Sweater Korean Fashion Knitwear Warm Pullovers Turn Down Collar Sweatshirts Vintage Casual Jumpers Male Clothing,$20.50,"https://ae-pic-a1.aliexpress-media.com/kf/Scc88b2397ff44f46b248d67130cfff6bu.jpg?has_lang=1&ver=1_220x220q75.jpg_.avif,https://ae-pic-a1.aliexpress-media.com/kf/S9a872d4ff1bf4b96b3399509d662b6b0Y.jpg?has_lang=1&ver=1_220x220q75.jpg_.avif,https://ae-pic-a1.aliexpress-media.com/kf/Sb5b79dcea37b46d08c9437a5289ddd61d.jpg?has_lang=1&ver=1_220x220q75.jpg_.avif,https://ae-pic-a1.aliexpress-media.com/kf/Sa59e6e03746f4e6181e1170ba9abc1d4H.jpg_220x220q75.jpg_.avif,https://ae-pic-a1.aliexpress-media.com/kf/Sbd31473a39e742a0a6874db7b2b1ad93h.jpg?has_lang=1&ver=1_220x220q75.jpg_.avif","['High-concerned chemical', 'None', 'Applicable Season', 'Autumn And Winter', 'Applicable Scene', 'CASUAL', 'Hooded', 'No', 'Model Number', 'men sweater', 'Decoration', 'NONE', 'Sleeve Style', 'regular', 'Place Of Origin', 'China (mainland)', 'Pattern Type', 'Solid', 'Item Type', 'Pullovers', 'Sleeve Length(cm)', 'Full', 'Thickness', 'Thick', 'Technics', 'Hand Knitted', 'Material', 'POLYESTER', 'Collar', 'Turtleneck', 'Style', 'Casual', 'Gender', 'Men', 'Origin', 'Mainland China', 'CN', 'Guangdong', 'Closure Type', 'None', 'feature1', ""men's running t-shirts"", 'feature2', 'quick dry compression t-shirts', 'feature3', 'sport t-shirts tee', 'feature4', 'workout top', 'feature5', 'fitness gym running shirts', 'feature6', 'soccer bodybuilding shirts', 'feature7', 'training top tee', 'feature8', ""men's jersey sportswear"", 'feature9', 'breathable athletic top', 'feature10', 'elastic exercise top', 'feature11', 'football basketball tennis shirt', 'feature12', 'training clothing', 'feature13', 'gym clothing', 'feature14', 'activewear', 'feature15', 'sportswear', 'color', 'black gray khaki', 'size', 'M L XL XXL 3XL', 'people', 'men, male,teenager', 'season', 'autumn winter', 'occasion', 'Sports, beach, dating, camping,party', 'suitable for', 'running jogging hiking cycling camping basketball', 'support', 'Customized Drop shipping Wholesale']",https://www.aliexpress.us/item/3256807698143057.html?algo_pvid=0ee5c784-3e96-42d1-9b7d-1ada7507ff00&algo_exp_id=0ee5c784-3e96-42d1-9b7d-1ada7507ff00-12&pdp_ext_f=%7B%22order%22%3A%22187%22%2C%22eval%22%3A%221%22%2C%22fromPage%22%3A%22search%22%7D&pdp_npi=6%40dis%21USD%2130.59%2126.00%21%21%2130.59%2126.00%21%40210141f717754606614606080e986d%2112000042705233568%21sea%21US%210%21ABX%211%210%21n_tag%3A-29910%3Bd%3A20f9d216%3Bm03_new_user%3A-29895&curPageLogUid=HWwCanCCvHXB&utparam-url=scene%3Asearch%7Cquery_from%3A%7Cx_object_id%3A1005007884457809%7C_p_origin_prod%3A
Autumn And Winter New Men's V-Neck Cashmere Loose Thickened Solid Color Wool Knitted Bottoming Shirt Business Casual Sweater,$29.79,"https://ae-pic-a1.aliexpress-media.com/kf/S64ffe5aed8114d6e9ce46d0107f5b5dbL.jpg_220x220q75.jpg_.avif,https://ae-pic-a1.aliexpress-media.com/kf/S64ffe5aed8114d6e9ce46d0107f5b5dbL.jpg_220x220q75.jpg_.avif,https://ae-pic-a1.aliexpress-media.com/kf/Se10adb7d4c7343b6a5fe249fcea26fd7v.jpg_220x220q75.jpg_.avif,https://ae-pic-a1.aliexpress-media.com/kf/Sba877d595f9849c8987f2742c9c936e1Y.jpg_220x220q75.jpg_.avif,https://ae-pic-a1.aliexpress-media.com/kf/Scf8b0bd4b0614aaaa40d0f56fb344fd6D.jpg_220x220q75.jpg_.avif","['whether full opening', 'No', 'High-concerned chemical', 'None', 'Applicable Season', 'Autumn And Winter', 'Applicable Scene', 'Business', 'Hooded', 'No', 'Model Number', '2025', 'Decoration', 'NONE', 'Sleeve Style', 'regular', 'Wool', 'Standard Wool', 'Place Of Origin', 'China (mainland)', 'Pattern Type', 'Solid', 'Item Type', 'Pullovers', 'Sleeve Length(cm)', 'Full', 'Thickness', 'Standard', 'Material', 'Wool', 'Collar', 'V-Neck', 'Style', 'Smart Casual', 'Gender', 'Men', 'Origin', 'China Mainland', 'CN', 'Hebei', 'Closure Type', 'None']",https://www.aliexpress.us/item/3256805739808977.html?algo_pvid=0ee5c784-3e96-42d1-9b7d-1ada7507ff00&algo_exp_id=0ee5c784-3e96-42d1-9b7d-1ada7507ff00-13&pdp_ext_f=%7B%22order%22%3A%22187%22%2C%22eval%22%3A%221%22%2C%22fromPage%22%3A%22search%22%7D&pdp_npi=6%40dis%21USD%2162.07%2129.79%21%21%21425.17%21204.08%21%40210141f717754606614606080e986d%2112000034879475434%21sea%21US%210%21ABX%211%210%21n_tag%3A-29910%3Bd%3A20f9d216%3Bm03_new_user%3A-29895&curPageLogUid=O5HYhRJwGZVU&utparam-url=scene%3Asearch%7Cquery_from%3A%7Cx_object_id%3A1005005926123729%7C_p_origin_prod%3A
Maden Retro Polo Neck Knit Vertical Woven Polo Shirt Lazy Pullover Sweater Men's Autumn and Winter Lapel Soft Warm,$35.75,"https://ae-pic-a1.aliexpress-media.com/kf/Sedf35ddea92944adb530c2fdb6ed39c6J.png_220x220.png_.avif,https://ae-pic-a1.aliexpress-media.com/kf/Sedf35ddea92944adb530c2fdb6ed39c6J.png_220x220.png_.avif,https://ae-pic-a1.aliexpress-media.com/kf/Sf7279bb5d6de4a9aa3a1afc4704c4daeF.png_220x220.png_.avif,https://ae-pic-a1.aliexpress-media.com/kf/S362e419aa0aa4e968cee78e724baca316.png_220x220.png_.avif,https://ae-pic-a1.aliexpress-media.com/kf/Scb28082d0e1b4d99adce51adbd0abf0es.png_220x220.png_.avif","['whether full opening', 'No', 'High-concerned chemical', 'None', 'Applicable Season', 'Autumn And Winter', 'Craft of Weaving', 'Knit', 'Applicable Scene', 'Daily', 'Hooded', 'No', 'Model Number', 'TW2207694', 'Decoration', 'NONE', 'Sleeve Style', 'regular', 'Wool', 'Extra Coarse Wool', 'Place Of Origin', 'China (mainland)', 'Pattern Type', 'Solid', 'Item Type', 'Pullovers', 'Sleeve Length(cm)', 'Full', 'Thickness', 'Standard', 'Technics', 'Flat Knitted', 'Material', 'Nylon,COTTON', 'Collar', 'Crew Neck', 'Style', 'Casual', 'Gender', 'Men', 'Brand Name', 'MADEN', 'Origin', 'China Mainland', 'CN', 'Guangdong', 'Closure Type', 'None', 'CN', 'Guangdong', 'Fabric', '92.5% cotton + 7.5% nylon', 'Year', '2022']",https://www.aliexpress.us/item/3256805810698934.html?algo_pvid=0ee5c784-3e96-42d1-9b7d-1ada7507ff00&algo_exp_id=0ee5c784-3e96-42d1-9b7d-1ada7507ff00-15&pdp_ext_f=%7B%22order%22%3A%22184%22%2C%22spu_best_type%22%3A%22price%22%2C%22eval%22%3A%221%22%2C%22fromPage%22%3A%22search%22%7D&pdp_npi=6%40dis%21USD%2189.37%2135.75%21%21%21612.15%21244.86%21%40210141f717754606614606080e986d%2112000035231851363%21sea%21US%210%21ABX%211%210%21n_tag%3A-29910%3Bd%3A20f9d216%3Bm03_new_user%3A-29895&curPageLogUid=7BSwemi7IyoZ&utparam-url=scene%3Asearch%7Cquery_from%3A%7Cx_object_id%3A1005005997013686%7C_p_origin_prod%3A
New Spring Winter Fashion Patchwork Loose Sweater Men Streetwear High Quality Mens Casual Sweaters Warm Knitting Pullovers Men,$19.59,"https://ae-pic-a1.aliexpress-media.com/kf/Sc530aabff5ed4ecaa59d4916318ed6cfj.jpg_220x220q75.jpg_.avif,https://ae-pic-a1.aliexpress-media.com/kf/Sbf8fdcccb2164a76a4ce9add2ac4f47bV.jpg_220x220q75.jpg_.avif,https://ae-pic-a1.aliexpress-media.com/kf/Sbcd1a48fdf7f410da679cc97852356bb5.jpg_220x220q75.jpg_.avif,https://ae-pic-a1.aliexpress-media.com/kf/S6d65e56a09924e719b36cece5246cf6ap.jpg_220x220q75.jpg_.avif,https://ae-pic-a1.aliexpress-media.com/kf/S1aa98542c8aa4252b792b364f23fca54x.jpg_220x220q75.jpg_.avif","['whether full opening', 'No', 'High-concerned chemical', 'None', 'Applicable Season', 'Autumn And Winter', 'Craft of Weaving', 'Knit', 'Applicable Scene', 'Daily', 'Hooded', 'No', 'Model Number', '1206', 'Decoration', 'NONE', 'Sleeve Style', 'regular', 'Wool', 'Standard Wool', 'Pattern Type', 'Patchwork', 'Item Type', 'Pullovers', 'Sleeve Length(cm)', 'Full', 'Thickness', 'Standard', 'Technics', 'Computer Knitted', 'Material', 'POLYESTER,Acrylic,Nylon', 'Collar', 'O-Neck', 'Style', 'Casual', 'Gender', 'Men', 'Brand Name', 'FAVOCENT', 'Origin', 'China Mainland', 'CN', 'Zhejiang', 'Closure Type', 'None']",https://www.aliexpress.us/item/3256805692211415.html?algo_pvid=0ee5c784-3e96-42d1-9b7d-1ada7507ff00&algo_exp_id=0ee5c784-3e96-42d1-9b7d-1ada7507ff00-16&pdp_ext_f=%7B%22order%22%3A%22183%22%2C%22eval%22%3A%221%22%2C%22fromPage%22%3A%22search%22%7D&pdp_npi=6%40dis%21USD%2139.98%2119.59%21%21%2139.98%2119.59%21%40210141f717754606614606080e986d%2112000034756673961%21sea%21US%210%21ABX%211%210%21n_tag%3A-29910%3Bd%3A20f9d216%3Bm03_new_user%3A-29895&curPageLogUid=vjDmxBJJ2mui&utparam-url=scene%3Asearch%7Cquery_from%3A%7Cx_object_id%3A1005005878526167%7C_p_origin_prod%3A
2023 Autumn Winter New Sweater Women's Men's Green Knitted pullover Basic Solid Color Loose Black White Sweater Coats Warm Tops,$34.75,"https://ae-pic-a1.aliexpress-media.com/kf/S09d5775b7c29457985482ad5a05e0adbS.jpg?has_lang=1&ver=2_220x220q75.jpg_.avif,https://ae-pic-a1.aliexpress-media.com/kf/S09d5775b7c29457985482ad5a05e0adbS.jpg?has_lang=1&ver=2_220x220q75.jpg_.avif,https://ae-pic-a1.aliexpress-media.com/kf/S62cebab9b4964c6f916d01d53d3a39b1D.jpg?has_lang=1&ver=2_220x220q75.jpg_.avif,https://ae-pic-a1.aliexpress-media.com/kf/Sa2443f0b361b49fc82262252ec7b5288R.jpg?has_lang=1&ver=2_220x220q75.jpg_.avif,https://ae-pic-a1.aliexpress-media.com/kf/Sedbc87553f8d4140af666d51fa104e1fF.jpg?has_lang=1&ver=2_220x220q75.jpg_.avif","['whether full opening', 'No', 'High-concerned chemical', 'None', 'Applicable Season', 'Autumn And Winter', 'Craft of Weaving', 'Knit', 'Applicable Scene', 'CASUAL', 'Hooded', 'No', 'Model Number', 'K4092', 'Decoration', 'NONE', 'Sleeve Style', 'regular', 'Wool', 'Extra Coarse Wool', 'Place Of Origin', 'China (mainland)', 'Pattern Type', 'Solid', 'Item Type', 'Sweatercoat', 'Sleeve Length(cm)', 'Full', 'Thickness', 'Thick', 'Technics', 'Crocheted', 'Material', 'POLYESTER', 'Collar', 'O-Neck', 'Style', 'Japan Style', 'Gender', 'Men', 'Origin', 'China Mainland', 'CN', 'Zhejiang', 'Closure Type', 'None']",https://www.aliexpress.us/item/3256805798662943.html?algo_pvid=0ee5c784-3e96-42d1-9b7d-1ada7507ff00&algo_exp_id=0ee5c784-3e96-42d1-9b7d-1ada7507ff00-22&pdp_ext_f=%7B%22order%22%3A%22180%22%2C%22spu_best_type%22%3A%22price%22%2C%22eval%22%3A%221%22%2C%22fromPage%22%3A%22search%22%7D&pdp_npi=6%40dis%21USD%2149.64%2134.75%21%21%2149.64%2134.75%21%40210141f717754606614606080e986d%2112000041400519246%21sea%21US%210%21ABX%211%210%21n_tag%3A-29910%3Bd%3A20f9d216%3Bm03_new_user%3A-29895&curPageLogUid=kjBhW8lZGyPK&utparam-url=scene%3Asearch%7Cquery_from%3A%7Cx_object_id%3A1005005984977695%7C_p_origin_prod%3A
2026 Spring/Summer Men's and Women's Retro Cartoon Pattern Knitted Sweater - Loose and Comfortable Long-Sleeved Knitted Sweater,$13.96,"https://ae-pic-a1.aliexpress-media.com/kf/Sdefc861e82d34b59ae2fb59ad434580c3.jpg?has_lang=1&ver=1_220x220q75.jpg_.avif,https://ae-pic-a1.aliexpress-media.com/kf/Sf3650e450bc845459e6d6a796f4aa062Q.jpg?has_lang=1&ver=2_220x220q75.jpg_.avif,https://ae-pic-a1.aliexpress-media.com/kf/S2f2f287aadad44768bfa8b1aa056b82cm.jpg?has_lang=1&ver=1_220x220q75.jpg_.avif,https://ae-pic-a1.aliexpress-media.com/kf/S0fb12d5685e04aa384548526e743924fl.jpg?has_lang=1&ver=2_220x220q75.jpg_.avif,https://ae-pic-a1.aliexpress-media.com/kf/S950566f31c184a328adb1a0a3222ba098.jpg?has_lang=1&ver=2_220x220q75.jpg_.avif","['whether full opening', 'No', 'High-concerned chemical', 'None', 'Applicable Season', 'Spring And Autumn', 'Craft of Weaving', 'Non-Woven', 'Applicable Scene', 'Shopping', 'Hooded', 'No', 'Sleeve Style', 'regular', 'Wool', 'Thin Wool', 'Place Of Origin', 'China (mainland)', 'Pattern Type', 'Dot', 'Item Type', 'Sweatercoat', 'Sleeve Length(cm)', 'Full', 'Thickness', 'Standard', 'Technics', 'Flat Knitted', 'Material', 'POLYESTER', 'Collar', 'O-Neck', 'Style', 'chic', 'Gender', 'Men', 'Origin', 'China Mainland', 'CN', 'Guangdong', 'Closure Type', 'None']",https://www.aliexpress.us/item/3256809852676685.html?algo_pvid=0ee5c784-3e96-42d1-9b7d-1ada7507ff00&algo_exp_id=0ee5c784-3e96-42d1-9b7d-1ada7507ff00-24&pdp_ext_f=%7B%22order%22%3A%22178%22%2C%22eval%22%3A%221%22%2C%22fromPage%22%3A%22search%22%7D&pdp_npi=6%40dis%21USD%2125.39%2113.96%21%21%21173.91%2195.65%21%40210141f717754606614606080e986d%2112000050913406537%21sea%21US%210%21ABX%211%210%21n_tag%3A-29910%3Bd%3A20f9d216%3Bm03_new_user%3A-29895&curPageLogUid=uewgv7tCD5Sw&utparam-url=scene%3Asearch%7Cquery_from%3A%7Cx_object_id%3A1005010038991437%7C_p_origin_prod%3A
Autumn Winter Men's Half Zipper Knitted Pullovers Solid Slin Fit Casual Sweater Male Fleece Warm Stand Collar Pullover Sweaters,$21.50,"https://ae-pic-a1.aliexpress-media.com/kf/S577e837b98c44d1e942a568e257a3120y.jpg_220x220q75.jpg_.avif,https://ae-pic-a1.aliexpress-media.com/kf/Se08f5fea46ea4212afff4c58a2afd206d.jpg_220x220q75.jpg_.avif,https://ae-pic-a1.aliexpress-media.com/kf/S0ccee24619444c118ebb70ad2856ffff2.jpg_220x220q75.jpg_.avif,https://ae-pic-a1.aliexpress-media.com/kf/Sf62f8a99d64f47e39246002bc5cf9438g.jpg_220x220q75.jpg_.avif,https://ae-pic-a1.aliexpress-media.com/kf/S16f6cb5f37744f088dd84a79e94761a7J.jpg_220x220q75.jpg_.avif","['whether full opening', 'No', 'High-concerned chemical', 'None', 'Applicable Season', 'Autumn And Winter', 'Craft of Weaving', 'Knit', 'Applicable Scene', 'Daily', 'Hooded', 'No', 'Decoration', 'NONE', 'Sleeve Style', 'regular', 'Wool', 'Thin Wool', 'Place Of Origin', 'China (mainland)', 'Pattern Type', 'Solid', 'Item Type', 'Pullovers', 'Sleeve Length(cm)', 'Full', 'Thickness', 'Fleece', 'Technics', 'Computer Knitted', 'Material', 'POLYESTER', 'Collar', 'O-Neck', 'Style', 'Casual', 'Gender', 'Men', 'Brand Name', 'FAVOCENT', 'Origin', 'China Mainland', 'CN', 'Zhejiang', 'Closure Type', 'None']",https://www.aliexpress.us/item/3256807938436561.html?algo_pvid=0ee5c784-3e96-42d1-9b7d-1ada7507ff00&algo_exp_id=0ee5c784-3e96-42d1-9b7d-1ada7507ff00-25&pdp_ext_f=%7B%22order%22%3A%22178%22%2C%22eval%22%3A%221%22%2C%22fromPage%22%3A%22search%22%7D&pdp_npi=6%40dis%21USD%2143.88%2121.50%21%21%2143.88%2121.50%21%40210141f717754606614606080e986d%2112000043890543558%21sea%21US%210%21ABX%211%210%21n_tag%3A-29910%3Bd%3A20f9d216%3Bm03_new_user%3A-29895&curPageLogUid=MeNrlAayRTvu&utparam-url=scene%3Asearch%7Cquery_from%3A%7Cx_object_id%3A1005008124751313%7C_p_origin_prod%3A
Super 100% Cashmere Sweater 2021 Men Pullover Autumn Winter Warm Classic V-neck Sweaters Male Jumper Jersey Hombre Pull Homme,$8.85,"https://ae-pic-a1.aliexpress-media.com/kf/S3683b91a58a24897b03ea64d7a01f768g.jpg?has_lang=1&ver=2_220x220q75.jpg_.avif,https://ae-pic-a1.aliexpress-media.com/kf/Se0df4a8437c942feb6a7f44d5ea5a02fV.jpg_220x220q75.jpg_.avif,https://ae-pic-a1.aliexpress-media.com/kf/S7295872e8ec34597ad516516bcad35e7F.jpg_220x220q75.jpg_.avif,https://ae-pic-a1.aliexpress-media.com/kf/S395fa068657949c095a25f4db5cb7684v.jpg_220x220q75.jpg_.avif,https://ae-pic-a1.aliexpress-media.com/kf/Se76049a82fdd4be4bd02b8fc84551aaap.jpg_220x220q75.jpg_.avif","['whether full opening', 'No', 'High-concerned chemical', 'None', 'Applicable Season', 'Spring And Autumn', 'Applicable Scene', 'CASUAL', 'Hooded', 'No', 'Model Number', 'sweater men', 'Decoration', 'NONE', 'Sleeve Style', 'regular', 'Wool', 'Standard Wool', 'Pattern Type', 'Solid', 'Item Type', 'Pullovers', 'Sleeve Length(cm)', 'Full', 'Thickness', 'Standard', 'Technics', 'Computer Knitted', 'Material', 'CASHMERE', 'Collar', 'V-Neck', 'Style', 'Casual', 'Gender', 'Men', 'Origin', 'China Mainland', 'CN', 'Guizhou', 'Closure Type', 'None']",https://www.aliexpress.us/item/3256807589800028.html?algo_pvid=0ee5c784-3e96-42d1-9b7d-1ada7507ff00&algo_exp_id=0ee5c784-3e96-42d1-9b7d-1ada7507ff00-27&pdp_ext_f=%7B%22order%22%3A%22177%22%2C%22spu_best_type%22%3A%22price%22%2C%22eval%22%3A%221%22%2C%22fromPage%22%3A%22search%22%7D&pdp_npi=6%40dis%21USD%2113.85%214.35%21%21%2194.89%2129.82%21%40210141f717754606614606080e986d%2112000042168041177%21sea%21US%210%21ABX%211%210%21n_tag%3A-29910%3Bd%3A20f9d216%3Bm03_new_user%3A-29895%3BpisId%3A5000000197847434&curPageLogUid=Fz2dvqojM5Kb&utparam-url=scene%3Asearch%7Cquery_from%3A%7Cx_object_id%3A1005007776114780%7C_p_origin_prod%3A
100% Merino Wool Sweater Men's Round Neck Knitted Hoodie Spring Autumn New Similar Cashmere Sweater Versatile Basic Menswear,$43.59,"https://ae-pic-a1.aliexpress-media.com/kf/S024d6d4f53bc4c4b8c0c45791b209a00I.jpg_220x220q75.jpg_.avif,https://ae-pic-a1.aliexpress-media.com/kf/Sc37760eef7254a0f88555cbe15945b21P.jpg_220x220q75.jpg_.avif,https://ae-pic-a1.aliexpress-media.com/kf/Sfb905fb4def3422db40e6640bad79475e.jpg_220x220q75.jpg_.avif,https://ae-pic-a1.aliexpress-media.com/kf/Sc58b5840768342deb3fe394aab7c1f58X.jpg_220x220q75.jpg_.avif,https://ae-pic-a1.aliexpress-media.com/kf/S318ae8b7bdad4a8286fb97b8f0205cd5S.jpg_220x220q75.jpg_.avif","['whether full opening', 'No', 'High-concerned chemical', 'None', 'Applicable Season', 'Spring And Autumn', 'Craft of Weaving', 'Knit', 'Applicable Scene', 'Office', 'Decoration', 'NONE', 'Sleeve Style', 'regular', 'Wool', 'Standard Wool', 'Place Of Origin', 'China (mainland)', 'Pattern Type', 'Solid', 'Item Type', 'Pullovers', 'Sleeve Length(cm)', 'Full', 'Thickness', 'Standard', 'Technics', 'Computer Knitted', 'Material', 'Wool', 'Collar', 'O-Neck', 'Style', 'Smart Casual', 'Gender', 'Men', 'Brand Name', 'MVLYFLRT', 'Origin', 'China Mainland', 'CN', 'Hebei', 'Closure Type', 'None']",https://www.aliexpress.us/item/3256807204844541.html?algo_pvid=0ee5c784-3e96-42d1-9b7d-1ada7507ff00&algo_exp_id=0ee5c784-3e96-42d1-9b7d-1ada7507ff00-28&pdp_ext_f=%7B%22order%22%3A%22177%22%2C%22eval%22%3A%221%22%2C%22fromPage%22%3A%22search%22%7D&pdp_npi=6%40dis%21USD%2188.95%2143.59%21%21%2188.95%2143.59%21%40210141f717754606614606080e986d%2112000040557037098%21sea%21US%210%21ABX%211%210%21n_tag%3A-29910%3Bd%3A20f9d216%3Bm03_new_user%3A-29895&curPageLogUid=WeVx3Fu4HXI3&utparam-url=scene%3Asearch%7Cquery_from%3A%7Cx_object_id%3A1005007391159293%7C_p_origin_prod%3A
MVLYFLRT Autumn Winter New Merino Sweater Men's 100% Wool Hooded Collar Knitted Pullover Casual long Sleeved Hoodie,$40.83,"https://ae-pic-a1.aliexpress-media.com/kf/S5e6a14cbdca34ad48bce2049b30cbb433.jpg_220x220q75.jpg_.avif,https://ae-pic-a1.aliexpress-media.com/kf/Sd9d81ce460b04b5d8df3f723b35e7c88c.jpg_220x220q75.jpg_.avif,https://ae-pic-a1.aliexpress-media.com/kf/S6f54164580964dd285fd86b94f9c0522s.jpg_220x220q75.jpg_.avif,https://ae-pic-a1.aliexpress-media.com/kf/Sa3af0956addb40ad93884f5c2abc75fca.jpg_220x220q75.jpg_.avif,https://ae-pic-a1.aliexpress-media.com/kf/Sf401944c2585493ab6da94229d8fe2e2R.jpg_220x220q75.jpg_.avif","['whether full opening', 'No', 'High-concerned chemical', 'None', 'Applicable Season', 'Four Seasons', 'Craft of Weaving', 'Knit', 'Applicable Scene', 'Office', 'Hooded', 'Yes', 'Model Number', '2337', 'Sleeve Style', 'regular', 'Wool', 'Standard Wool', 'Place Of Origin', 'China (mainland)', 'Pattern Type', 'Solid', 'Item Type', 'Pullovers', 'Sleeve Length(cm)', 'Full', 'Thickness', 'Standard', 'Technics', 'Computer Knitted', 'Material', 'Wool', 'Style', 'Casual', 'Gender', 'Men', 'Brand Name', 'MVLYFLRT', 'Origin', 'China Mainland', 'CN', 'Hebei', 'Closure Type', 'None']",https://www.aliexpress.us/item/3256807172908481.html?algo_pvid=0ee5c784-3e96-42d1-9b7d-1ada7507ff00&algo_exp_id=0ee5c784-3e96-42d1-9b7d-1ada7507ff00-29&pdp_ext_f=%7B%22order%22%3A%22176%22%2C%22eval%22%3A%221%22%2C%22fromPage%22%3A%22search%22%7D&pdp_npi=6%40dis%21USD%21113.42%2140.83%21%21%21113.42%2140.83%21%40210141f717754606614606080e986d%2112000040415836057%21sea%21US%210%21ABX%211%210%21n_tag%3A-29910%3Bd%3A20f9d216%3Bm03_new_user%3A-29895&curPageLogUid=8pidyZU7oFf1&utparam-url=scene%3Asearch%7Cquery_from%3A%7Cx_object_id%3A1005007359223233%7C_p_origin_prod%3A
Skulls Sweaters Gothic Punk Black Ripped Sweater Knitted Pullover Jumper Harajuku Oversized Y2K Streetwear Sweater Unisex,$34.22,"https://ae-pic-a1.aliexpress-media.com/kf/Sdfa45953db0145ba8ccf8091a3caa88fq.jpg_220x220q75.jpg_.avif,https://ae-pic-a1.aliexpress-media.com/kf/S56c52c79dca0435bbcfa2b619f176f55e.jpg_220x220q75.jpg_.avif,https://ae-pic-a1.aliexpress-media.com/kf/Se25491f64e514a0f94a1e3a30349893aU.jpg_220x220q75.jpg_.avif,https://ae-pic-a1.aliexpress-media.com/kf/Sb03c4f7f73a14cd3bad675b9c36252c2R.jpg_220x220q75.jpg_.avif,https://ae-pic-a1.aliexpress-media.com/kf/Sbeed559a3a814ba7b4cf6ee01970b61bn.jpg_220x220q75.jpg_.avif","['whether full opening', 'No', 'High-concerned chemical', 'None', 'Applicable Season', 'Autumn And Winter', 'Applicable Scene', 'Daily', 'Hooded', 'No', 'Model Number', 'dropshipping', 'Decoration', 'Hole', 'Sleeve Style', 'regular', 'Wool', 'Standard Wool', 'Place Of Origin', 'China (mainland)', 'Pattern Type', 'Skulls', 'Item Type', 'Pullovers', 'Sleeve Length(cm)', 'Full', 'Thickness', 'Standard', 'Technics', 'Computer Knitted', 'Material', 'POLYESTER,Acrylic', 'Collar', 'O-Neck', 'Style', 'HIP HOP', 'Gender', 'Men', 'Brand Name', 'ELKMU', 'Origin', 'China Mainland', 'CN', 'Guangdong', 'Closure Type', 'None', 'Style 1', 'Y2K Sweaters', 'Style 2', 'Gothic Sweaters', 'Style 3', 'Punk Sweaters', 'Style 4', 'Hip Hop Sweaters', 'Style 5', 'Harajuku Sweaters', 'Style 6', 'Hi street Sweaters', 'Style 7', 'Japan Style Sweaters', 'Style 8', 'Fahion.Chic Sweaters', 'Style 9', 'Preppy Sweaters', 'Style 10', 'Korean Sweaters', 'Style 11', 'Outdoor Sports Sweaters', 'Style 12', 'Streetwear Sweaters', 'Style 13', 'Anime Sweaters', 'Style 14', 'Graphic Sweaters', 'Style 15', 'Oversized Sweaters', 'Style 16', 'Sweater Men Women']",https://www.aliexpress.us/item/3256807351337300.html?algo_pvid=0ee5c784-3e96-42d1-9b7d-1ada7507ff00&algo_exp_id=0ee5c784-3e96-42d1-9b7d-1ada7507ff00-30&pdp_ext_f=%7B%22order%22%3A%22175%22%2C%22eval%22%3A%221%22%2C%22fromPage%22%3A%22search%22%7D&pdp_npi=6%40dis%21USD%2155.20%2134.22%21%21%2155.20%2134.22%21%40210141f717754606614606080e986d%2112000041201591969%21sea%21US%210%21ABX%211%210%21n_tag%3A-29910%3Bd%3A20f9d216%3Bm03_new_user%3A-29895&curPageLogUid=ND3VdHt51Iq6&utparam-url=scene%3Asearch%7Cquery_from%3A%7Cx_object_id%3A1005007537652052%7C_p_origin_prod%3A
100% Mink Cashmere Knit Sweater Men's T-Shirt Spring Summer Loose O-Neck Solid Color Casual Business Base Pullover Short Sleeve,$29.98,"https://ae-pic-a1.aliexpress-media.com/kf/S3aacf28c4619418fbaf77029ef1fb8a94.jpg_220x220q75.jpg_.avif,https://ae-pic-a1.aliexpress-media.com/kf/Saaf999889be5454095b0572de03920c5b.jpg_220x220q75.jpg_.avif,https://ae-pic-a1.aliexpress-media.com/kf/Sb218f4365f4e46eb8037ecc6bcbb4e985.jpg_220x220q75.jpg_.avif,https://ae-pic-a1.aliexpress-media.com/kf/S8fcd396a972d4a2cad95cca7ec749e4aC.jpg_220x220q75.jpg_.avif,https://ae-pic-a1.aliexpress-media.com/kf/S75e522f1c15d46ada8cf99e27c39c353X.jpg_220x220q75.jpg_.avif","['whether full opening', 'No', 'High-concerned chemical', 'None', 'Applicable Season', 'Spring And Summer', 'Craft of Weaving', 'Knit', 'Applicable Scene', 'CASUAL', 'Hooded', 'No', 'Model Number', '888', 'Decoration', 'NONE', 'Sleeve Style', 'regular', 'Wool', 'Standard Wool', 'Place Of Origin', 'China (mainland)', 'Pattern Type', 'Solid', 'Item Type', 'Pullovers', 'Sleeve Length(cm)', 'Half', 'Thickness', 'Standard', 'Technics', 'Flat Knitted', 'Material', 'CASHMERE', 'Collar', 'O-Neck', 'Style', 'Casual', 'Gender', 'Men', 'Brand Name', 'loribindwood', 'Origin', 'China Mainland', 'CN', 'Guangdong', 'Closure Type', 'None']",https://www.aliexpress.us/item/3256809772347730.html?algo_pvid=0ee5c784-3e96-42d1-9b7d-1ada7507ff00&algo_exp_id=0ee5c784-3e96-42d1-9b7d-1ada7507ff00-31&pdp_ext_f=%7B%22order%22%3A%22174%22%2C%22eval%22%3A%221%22%2C%22fromPage%22%3A%22search%22%7D&pdp_npi=6%40dis%21USD%2132.59%2129.98%21%21%2132.59%2129.98%21%40210141f717754606614606080e986d%2112000050690831961%21sea%21US%210%21ABX%211%210%21n_tag%3A-29910%3Bd%3A20f9d216%3Bm03_new_user%3A-29895&curPageLogUid=rPLEG1wmJbb0&utparam-url=scene%3Asearch%7Cquery_from%3A%7Cx_object_id%3A1005009958662482%7C_p_origin_prod%3A
Man Pullover New 2025 Autumn Winter Solid Color Comfortable And Casual Soft Thickened Sweater With Added Velvet Sweater,$7.01,"https://ae-pic-a1.aliexpress-media.com/kf/S48e29b6d25c84aa0ac5391b5006ae3db1.jpg_220x220q75.jpg_.avif,https://ae-pic-a1.aliexpress-media.com/kf/S69720a5e85c34031846ed3009800ec95A.jpg_220x220q75.jpg_.avif,https://ae-pic-a1.aliexpress-media.com/kf/S0f2cf7b8377b4a0b8c88837649526728B.jpg_220x220q75.jpg_.avif,https://ae-pic-a1.aliexpress-media.com/kf/S7eb8596bf90c47d6a4608cc71a4540d4t.jpg_220x220q75.jpg_.avif,https://ae-pic-a1.aliexpress-media.com/kf/S589aff9dd0394866ad220959d7de0719H.jpg_220x220q75.jpg_.avif","['whether full opening', 'Yes', 'High-concerned chemical', 'None', 'Applicable Season', 'Autumn And Winter', 'Craft of Weaving', 'Knit', 'Applicable Scene', 'CASUAL', 'Hooded', 'No', 'Decoration', 'NONE', 'Sleeve Style', 'regular', 'Wool', 'Standard Wool', 'Place Of Origin', 'China (mainland)', 'Pattern Type', 'Solid', 'Item Type', 'Pullovers', 'Sleeve Length(cm)', 'Full', 'Thickness', 'Thick', 'Technics', 'Flat Knitted', 'Material', 'POLYESTER', 'Collar', 'O-Neck', 'Style', 'Casual', 'Gender', 'Men', 'Brand Name', 'NoEnName_Null', 'Origin', 'China Mainland', 'CN', 'Jiangsu', 'Closure Type', 'None']",https://www.aliexpress.us/item/3256807438815028.html?algo_pvid=0ee5c784-3e96-42d1-9b7d-1ada7507ff00&algo_exp_id=0ee5c784-3e96-42d1-9b7d-1ada7507ff00-34&pdp_ext_f=%7B%22order%22%3A%22170%22%2C%22eval%22%3A%221%22%2C%22fromPage%22%3A%22search%22%7D&pdp_npi=6%40dis%21USD%2128.29%213.51%21%21%21193.79%2124.07%21%40210141f717754606614606080e986d%2112000041602099770%21sea%21US%210%21ABX%211%210%21n_tag%3A-29910%3Bd%3A20f9d216%3Bm03_new_user%3A-29895%3BpisId%3A5000000197847434&curPageLogUid=Nzaim8yfoj6C&utparam-url=scene%3Asearch%7Cquery_from%3A%7Cx_object_id%3A1005007625129780%7C_p_origin_prod%3A
Autumn Winter Unisex Casual Knit Pullover Sweater Skull Pine Tree Christmas 3D Printed Men's Ugly Christmas Sweater KMY15,$15.44,"https://ae-pic-a1.aliexpress-media.com/kf/S2ffb06ec7614480682f6cf67ed7d2347Z.jpg_220x220q75.jpg_.avif,https://ae-pic-a1.aliexpress-media.com/kf/Sb65a8e9473324f3d862ced4c3a209289T.jpg_220x220q75.jpg_.avif,https://ae-pic-a1.aliexpress-media.com/kf/Sb565713e60404888be2a0d78d3525ddb7.jpg_220x220q75.jpg_.avif,https://ae-pic-a1.aliexpress-media.com/kf/See9107f9b66d4b1694e39d1f25e332a6M.jpg_220x220q75.jpg_.avif,https://ae-pic-a1.aliexpress-media.com/kf/S7be522864445482e920509a1b0c28d34v.jpg_220x220q75.jpg_.avif","['whether full opening', 'No', 'High-concerned chemical', 'None', 'Applicable Season', 'Winter', 'Craft of Weaving', 'Knit', 'Applicable Scene', 'Daily', 'Hooded', 'No', 'Model Number', 'Sweater', 'Decoration', 'NONE', 'Sleeve Style', 'regular', 'Wool', 'Standard Wool', 'Place Of Origin', 'China (mainland)', 'Pattern Type', 'Print', 'Item Type', 'Pullovers', 'Sleeve Length(cm)', 'Full', 'Thickness', 'Thick', 'Technics', 'Computer Knitted', 'Material', 'POLYESTER,Elastane', 'Collar', 'O-Neck', 'Style', 'Casual', 'Gender', 'Men', 'Brand Name', 'PLstar Cosmos', 'Origin', 'China Mainland', 'CN', 'Guangdong', 'Closure Type', 'None']",https://www.aliexpress.us/item/3256806026497237.html?algo_pvid=0ee5c784-3e96-42d1-9b7d-1ada7507ff00&algo_exp_id=0ee5c784-3e96-42d1-9b7d-1ada7507ff00-36&pdp_ext_f=%7B%22order%22%3A%22169%22%2C%22eval%22%3A%221%22%2C%22fromPage%22%3A%22search%22%7D&pdp_npi=6%40dis%21USD%2120.59%2115.44%21%21%2120.59%2115.44%21%40210141f717754606614606080e986d%2112000036303908812%21sea%21US%210%21ABX%211%210%21n_tag%3A-29910%3Bd%3A20f9d216%3Bm03_new_user%3A-29895&curPageLogUid=q9C7bK11KfJD&utparam-url=scene%3Asearch%7Cquery_from%3A%7Cx_object_id%3A1005006212811989%7C_p_origin_prod%3A
New Fashion Men Outwear O-neck Knitted Pullover Sweaters Man Loose Casual Sweaters Quality Male Pullovers Winter Clothing 4XL,$14.54,"https://ae-pic-a1.aliexpress-media.com/kf/S00828efbe72049e2a4608c550a4722f11.jpg?has_lang=1&ver=2_220x220q75.jpg_.avif,https://ae-pic-a1.aliexpress-media.com/kf/S25c46c6657134087a442cb19e4db74d9G.jpg?has_lang=1&ver=2_220x220q75.jpg_.avif,https://ae-pic-a1.aliexpress-media.com/kf/Sfdfb0f9ef6f44ba48e7a4c193d85952bR.jpg?has_lang=1&ver=2_220x220q75.jpg_.avif,https://ae-pic-a1.aliexpress-media.com/kf/S9e4ef62c63dd4c24b43b5bc8bb70953b2.jpg?has_lang=1&ver=2_220x220q75.jpg_.avif,https://ae-pic-a1.aliexpress-media.com/kf/S7177fa6a4b0b47e39c18dbe75936c1fcI.jpg?has_lang=1&ver=2_220x220q75.jpg_.avif","['whether full opening', 'No', 'High-concerned chemical', 'None', 'Applicable Season', 'Autumn And Winter', 'Craft of Weaving', 'Knit', 'Applicable Scene', 'Daily', 'Hooded', 'No', 'Model Number', '56', 'Decoration', 'Embroidery', 'Sleeve Style', 'regular', 'Wool', 'Thin Wool', 'Place Of Origin', 'China (mainland)', 'Pattern Type', 'Cartoon', 'Item Type', 'Pullovers', 'Sleeve Length(cm)', 'Full', 'Thickness', 'Standard', 'Technics', 'Computer Knitted', 'Material', 'POLYESTER', 'Collar', 'O-Neck', 'Style', 'Casual', 'Gender', 'Men', 'Origin', 'China Mainland', 'CN', 'Zhejiang', 'Closure Type', 'None']",https://www.aliexpress.us/item/3256808046327459.html?algo_pvid=0ee5c784-3e96-42d1-9b7d-1ada7507ff00&algo_exp_id=0ee5c784-3e96-42d1-9b7d-1ada7507ff00-37&pdp_ext_f=%7B%22order%22%3A%22168%22%2C%22spu_best_type%22%3A%22price%22%2C%22eval%22%3A%221%22%2C%22fromPage%22%3A%22search%22%7D&pdp_npi=6%40dis%21USD%2137.27%2114.54%21%21%21255.26%2199.55%21%40210141f717754606614606080e986d%2112000044316390105%21sea%21US%210%21ABX%211%210%21n_tag%3A-29910%3Bd%3A20f9d216%3Bm03_new_user%3A-29895&curPageLogUid=duxz9sgWk9oS&utparam-url=scene%3Asearch%7Cquery_from%3A%7Cx_object_id%3A1005008232642211%7C_p_origin_prod%3A
Men Winter Sweater Coat Knitwear Oversized Goth Long Sleeve Tops Korean Fashion Streetwear Y2k Harajuku Pullover Jumper Clothing,$15.88,"https://ae-pic-a1.aliexpress-media.com/kf/Sec69109b8e8a46f19caf34047277c6ecp.jpg?has_lang=1&ver=1_220x220q75.jpg_.avif,https://ae-pic-a1.aliexpress-media.com/kf/S94d047ef2d374358bc709b8e8bc707d9P.jpg?has_lang=1&ver=1_220x220q75.jpg_.avif,https://ae-pic-a1.aliexpress-media.com/kf/S00159819efd94ae28b20056a6161e9a73.jpg?has_lang=1&ver=1_220x220q75.jpg_.avif,https://ae-pic-a1.aliexpress-media.com/kf/Sa7edf04170d146d0bc618c1387d311f1b.jpg_220x220q75.jpg_.avif,https://ae-pic-a1.aliexpress-media.com/kf/S5a13987e69d444debb986558c528dc3dU.jpg_220x220q75.jpg_.avif","['whether full opening', 'No', 'High-concerned chemical', 'None', 'Applicable Season', 'Autumn And Winter', 'Craft of Weaving', 'Knit', 'Applicable Scene', 'CASUAL', 'Hooded', 'No', 'Model Number', 'Men Winter Sweater', 'Decoration', 'NONE', 'Sleeve Style', 'regular', 'Wool', 'Thin Wool', 'Place Of Origin', 'China (mainland)', 'Pattern Type', 'Print', 'Item Type', 'Pullovers', 'Sleeve Length(cm)', 'Full', 'Thickness', 'Standard', 'Technics', 'Computer Knitted', 'Material', 'COTTON', 'Collar', 'O-Neck', 'Style', 'Casual', 'Gender', 'Men', 'Brand Name', 'YCOA', 'Origin', 'Mainland China', 'CN', 'Guangdong', 'Closure Type', 'None']",https://www.aliexpress.us/item/3256807368374303.html?algo_pvid=0ee5c784-3e96-42d1-9b7d-1ada7507ff00&algo_exp_id=0ee5c784-3e96-42d1-9b7d-1ada7507ff00-40&pdp_ext_f=%7B%22order%22%3A%22167%22%2C%22eval%22%3A%221%22%2C%22fromPage%22%3A%22search%22%7D&pdp_npi=6%40dis%21USD%2126.46%2115.88%21%21%2126.46%2115.88%21%40210141f717754606614606080e986d%2112000041274805043%21sea%21US%210%21ABX%211%210%21n_tag%3A-29910%3Bd%3A20f9d216%3Bm03_new_user%3A-29895&curPageLogUid=gFxIi2upOtKZ&utparam-url=scene%3Asearch%7Cquery_from%3A%7Cx_object_id%3A1005007554689055%7C_p_origin_prod%3A
Maden Thermal Sweater Men���s Turtleneck Basic Knitted Shirts Autumn Winter Solid Thick Pullovers Turn-down Collar Soft Underwear,$27.74,"https://ae-pic-a1.aliexpress-media.com/kf/S761b4fb4f82548a6890dcfb592f1dbf2c.jpg_220x220q75.jpg_.avif,https://ae-pic-a1.aliexpress-media.com/kf/S761b4fb4f82548a6890dcfb592f1dbf2c.jpg_220x220q75.jpg_.avif,https://ae-pic-a1.aliexpress-media.com/kf/S224868a5878e48f1ac1403b5c0615f6cD.png_220x220.png_.avif,https://ae-pic-a1.aliexpress-media.com/kf/S29457130d7304827bd95ddb3eafd0ade5.png_220x220.png_.avif,https://ae-pic-a1.aliexpress-media.com/kf/Scf4cd7b2eaa6442dbbe384bec86250f9v.jpg_220x220q75.jpg_.avif","['whether full opening', 'No', 'High-concerned chemical', 'Acetochlor', 'Applicable Season', 'Autumn And Winter', 'Applicable Scene', 'Daily', 'Hooded', 'No', 'Model Number', 'TW2207222', 'Decoration', 'NONE', 'Sleeve Style', 'regular', 'Wool', 'Standard Wool', 'Place Of Origin', 'China (mainland)', 'Pattern Type', 'Solid', 'Item Type', 'Pullovers', 'Sleeve Length(cm)', 'Full', 'Thickness', 'Standard', 'Technics', 'Computer Knitted', 'Material', 'Other,POLYESTER,Viscose,Polyamide', 'Collar', 'Turtleneck', 'Style', 'Casual', 'Gender', 'Men', 'Brand Name', 'MADEN', 'Origin', 'China Mainland', 'CN', 'Guangdong', 'Closure Type', 'None', 'Feature1', 'Gift for men/Male present/Boyfriend Gift/Husband Gift/Lover Gift/Friend Gift/Dad Gift/Father present/Son Gift/Gift for brother', 'Feature2', ""Christmas Gift/Xmas present/New Year's Gift/Anniversary Gift/Thanks Gift/Holiday gift/Seasonal present/Festive gift"", 'Feature3', 'Practical present/Useful gift/Surprise gift/Romantic present/Popular gift/Trendy present']",https://www.aliexpress.us/item/3256806123300371.html?algo_pvid=0ee5c784-3e96-42d1-9b7d-1ada7507ff00&algo_exp_id=0ee5c784-3e96-42d1-9b7d-1ada7507ff00-43&pdp_ext_f=%7B%22order%22%3A%22163%22%2C%22eval%22%3A%221%22%2C%22fromPage%22%3A%22search%22%7D&pdp_npi=6%40dis%21USD%2173.01%2127.74%21%21%21500.10%21190.04%21%40210141f717754606614606080e986d%2112000036707199192%21sea%21US%210%21ABX%211%210%21n_tag%3A-29910%3Bd%3A20f9d216%3Bm03_new_user%3A-29895&curPageLogUid=Z2XIyWIfLWsp&utparam-url=scene%3Asearch%7Cquery_from%3A%7Cx_object_id%3A1005006309615123%7C_p_origin_prod%3A
Spring Autumn 100% Mink Cashmere Short Sleeve Men's T-Shirt Loose O-Neck Solid Color Knit Sweater Casual Business Base Pullover,$27.46,"https://ae-pic-a1.aliexpress-media.com/kf/Sea4ee1ee25b34afba0e314291d3b87b39.jpg_220x220q75.jpg_.avif,https://ae-pic-a1.aliexpress-media.com/kf/S7720a27295bd4321b228f68910407bbdG.jpg_220x220q75.jpg_.avif,https://ae-pic-a1.aliexpress-media.com/kf/Sd6569b7dd3df48edad15bbdf1c2ed73cD.jpg_220x220q75.jpg_.avif,https://ae-pic-a1.aliexpress-media.com/kf/S81ecc2af5c6b41098bf649519b4eb6caQ.jpg_220x220q75.jpg_.avif,https://ae-pic-a1.aliexpress-media.com/kf/Sce9b0bcb3d78436bb6dd96a10539afa7B.jpg_220x220q75.jpg_.avif","['whether full opening', 'No', 'High-concerned chemical', 'None', 'Applicable Season', 'Spring And Autumn', 'Craft of Weaving', 'Knit', 'Applicable Scene', 'CASUAL', 'Hooded', 'No', 'Model Number', '999', 'Decoration', 'NONE', 'Sleeve Style', 'regular', 'Wool', 'Standard Wool', 'Place Of Origin', 'China (mainland)', 'Pattern Type', 'Solid', 'Item Type', 'Pullovers', 'Sleeve Length(cm)', 'Half', 'Thickness', 'Standard', 'Technics', 'Flat Knitted', 'Material', 'Other', 'Collar', 'O-Neck', 'Style', 'Casual', 'Gender', 'Men', 'Brand Name', 'Snaoutofit', 'Origin', 'China Mainland', 'CN', 'Hebei']",https://www.aliexpress.us/item/3256808727936130.html?algo_pvid=0ee5c784-3e96-42d1-9b7d-1ada7507ff00&algo_exp_id=0ee5c784-3e96-42d1-9b7d-1ada7507ff00-44&pdp_ext_f=%7B%22order%22%3A%22162%22%2C%22eval%22%3A%221%22%2C%22fromPage%22%3A%22search%22%7D&pdp_npi=6%40dis%21USD%2186.75%2123.46%21%21%2186.75%2123.46%21%40210141f717754606614606080e986d%2112000047183412577%21sea%21US%210%21ABX%211%210%21n_tag%3A-29910%3Bd%3A20f9d216%3Bm03_new_user%3A-29895%3BpisId%3A5000000197847434&curPageLogUid=7zoYfOvctZYQ&utparam-url=scene%3Asearch%7Cquery_from%3A%7Cx_object_id%3A1005008914250882%7C_p_origin_prod%3A
Fall/Winter New Cashmere Sweater Men's 100% Pure Wool Thick Crewneck Sweater Casual Knitted Bottom Shirt,$21.80,"https://ae-pic-a1.aliexpress-media.com/kf/S53bcb32f97124efeb0d0b7fff1b4863cq.jpg?has_lang=1&ver=2_220x220q75.jpg_.avif,https://ae-pic-a1.aliexpress-media.com/kf/S8140f6f380a440f29106d79c296c6cf9k.jpg?has_lang=1&ver=2_220x220q75.jpg_.avif,https://ae-pic-a1.aliexpress-media.com/kf/S8f93149535b0465b951505586ead55e7N.jpg?has_lang=1&ver=2_220x220q75.jpg_.avif,https://ae-pic-a1.aliexpress-media.com/kf/S09e24d624d284555abc2c87c402b85cbz.jpg?has_lang=1&ver=2_220x220q75.jpg_.avif,https://ae-pic-a1.aliexpress-media.com/kf/S1b7a2850bbe548ff8e996c459c2dff59o.jpg?has_lang=1&ver=2_220x220q75.jpg_.avif","['whether full opening', 'No', 'High-concerned chemical', 'None', 'Applicable Season', 'Autumn And Winter', 'Craft of Weaving', 'Knit', 'Applicable Scene', 'CASUAL', 'Hooded', 'No', 'Model Number', '8001/70', 'Decoration', 'NONE', 'Sleeve Style', 'regular', 'Wool', 'Standard Wool', 'Place Of Origin', 'China (mainland)', 'Pattern Type', 'Solid', 'Item Type', 'Pullovers', 'Sleeve Length(cm)', 'Full', 'Thickness', 'Standard', 'Technics', 'Computer Knitted', 'Material', 'Wool', 'Collar', 'O-Neck', 'Style', 'Casual', 'Gender', 'Men', 'Origin', 'China Mainland', 'CN', 'Hebei', 'Closure Type', 'None']",https://www.aliexpress.us/item/3256805779690131.html?algo_pvid=0ee5c784-3e96-42d1-9b7d-1ada7507ff00&algo_exp_id=0ee5c784-3e96-42d1-9b7d-1ada7507ff00-46&pdp_ext_f=%7B%22order%22%3A%22159%22%2C%22eval%22%3A%221%22%2C%22fromPage%22%3A%22search%22%7D&pdp_npi=6%40dis%21USD%2155.83%2126.80%21%21%21382.41%21183.56%21%40210141f717754606614606080e986d%2112000035085917998%21sea%21US%210%21ABX%211%210%21n_tag%3A-29910%3Bd%3A20f9d216%3Bm03_new_user%3A-29895&curPageLogUid=mgQ15WChJsf9&utparam-url=scene%3Asearch%7Cquery_from%3A%7Cx_object_id%3A1005005966004883%7C_p_origin_prod%3A
Autumn And Winter 100% Pure Wool Men's Thick Round Neck Slim-Fit O-neck Pullover Long-Sleeved Knitted Cashmere Sweater,$30.68,"https://ae-pic-a1.aliexpress-media.com/kf/S9af204599ea64956a9d8fb9270b37d0fP.jpg_220x220q75.jpg_.avif,https://ae-pic-a1.aliexpress-media.com/kf/S9af204599ea64956a9d8fb9270b37d0fP.jpg_220x220q75.jpg_.avif,https://ae-pic-a1.aliexpress-media.com/kf/S0ee7f8f868804f7da0ad51c8a62f1f2eD.jpg_220x220q75.jpg_.avif,https://ae-pic-a1.aliexpress-media.com/kf/Sce5c6482cdda4e1e828681ed5ca89451c.jpg_220x220q75.jpg_.avif,https://ae-pic-a1.aliexpress-media.com/kf/Sa014ddb5792140a482547b7f5dd8af19n.jpg_220x220q75.jpg_.avif","['whether full opening', 'No', 'High-concerned chemical', 'None', 'Applicable Season', 'Autumn And Winter', 'Craft of Weaving', 'Knit', 'Applicable Scene', 'Business', 'Hooded', 'No', 'Model Number', '2320365', 'Decoration', 'NONE', 'Sleeve Style', 'regular', 'Wool', 'Standard Wool', 'Place Of Origin', 'China (mainland)', 'Pattern Type', 'Solid', 'Item Type', 'Pullovers', 'Sleeve Length(cm)', 'Full', 'Thickness', 'Thick', 'Technics', 'Computer Knitted', 'Material', 'Wool', 'Collar', 'O-Neck', 'Style', 'Smart Casual', 'Gender', 'Men', 'Brand Name', 'DjzDsm', 'Origin', 'Mainland China', 'CN', 'Hebei', 'Closure Type', 'None', 'Material', '100% wool']",https://www.aliexpress.us/item/3256807268268614.html?algo_pvid=0ee5c784-3e96-42d1-9b7d-1ada7507ff00&algo_exp_id=0ee5c784-3e96-42d1-9b7d-1ada7507ff00-49&pdp_ext_f=%7B%22order%22%3A%22157%22%2C%22eval%22%3A%221%22%2C%22fromPage%22%3A%22search%22%7D&pdp_npi=6%40dis%21USD%2180.73%2130.68%21%21%21552.94%21210.12%21%40210141f717754606614606080e986d%2112000040827023829%21sea%21US%210%21ABX%211%210%21n_tag%3A-29910%3Bd%3A20f9d216%3Bm03_new_user%3A-29895&curPageLogUid=1bRxLbHvp2QO&utparam-url=scene%3Asearch%7Cquery_from%3A%7Cx_object_id%3A1005007454583366%7C_p_origin_prod%3A
Men's Clothing: 100% Pure Mink Cashmere Knitted Sweater Casual And Loose Large-Sized Hooded Pullover Autumn Winter New Products,$42.53,"https://ae-pic-a1.aliexpress-media.com/kf/Sc3570424169447fcbf7a0cab6c019125q.jpg_220x220q75.jpg_.avif,https://ae-pic-a1.aliexpress-media.com/kf/S76ff841d9ede425bb64b0d03e2e19548z.jpg_220x220q75.jpg_.avif,https://ae-pic-a1.aliexpress-media.com/kf/S8addd35cecb5430daab55599cd16a0abR.jpg_220x220q75.jpg_.avif,https://ae-pic-a1.aliexpress-media.com/kf/S82c81f47a7bf413e87140f308ad98c7eN.jpg_220x220q75.jpg_.avif,https://ae-pic-a1.aliexpress-media.com/kf/Sfb065ed9d3ee4913b356f7f5fcab7f72P.jpg?has_lang=1&ver=2_220x220q75.jpg_.avif","['whether full opening', 'No', 'High-concerned chemical', 'None', 'Applicable Season', 'Autumn And Winter', 'Craft of Weaving', 'Knit', 'Applicable Scene', 'CASUAL', 'Hooded', 'Yes', 'Model Number', '187', 'Decoration', 'NONE', 'Sleeve Style', 'regular', 'Place Of Origin', 'China (mainland)', 'Pattern Type', 'Solid', 'Item Type', 'Pullovers', 'Sleeve Length(cm)', 'Full', 'Thickness', 'Thick', 'Technics', 'Computer Knitted', 'Material', 'CASHMERE,Wool', 'Style', 'Casual', 'Gender', 'Men', 'Brand Name', 'MVLYFLRT', 'Origin', 'China Mainland', 'CN', 'Hebei', 'Closure Type', 'None']",https://www.aliexpress.us/item/3256809854154219.html?algo_pvid=0ee5c784-3e96-42d1-9b7d-1ada7507ff00&algo_exp_id=0ee5c784-3e96-42d1-9b7d-1ada7507ff00-54&pdp_ext_f=%7B%22order%22%3A%22155%22%2C%22eval%22%3A%221%22%2C%22fromPage%22%3A%22search%22%7D&pdp_npi=6%40dis%21USD%2198.90%2142.53%21%21%2198.90%2142.53%21%40210141f717754606614606080e986d%2112000050919721276%21sea%21US%210%21ABX%211%210%21n_tag%3A-29910%3Bd%3A20f9d216%3Bm03_new_user%3A-29895&curPageLogUid=DbDniHaENlM3&utparam-url=scene%3Asearch%7Cquery_from%3A%7Cx_object_id%3A1005010040468971%7C_p_origin_prod%3A
Warm Loose Men's Knitted Sweater Soft Fluffy round Ne Casual Winter Faion Thi Long Sve Youth Sle Color,$0.99,"https://ae-pic-a1.aliexpress-media.com/kf/S4e5eaade18884b97a90b6a8166ab66cd5.jpg_220x220q75.jpg_.avif,https://ae-pic-a1.aliexpress-media.com/kf/Sa6d316558bef404092dde8949792f7f1g.jpg_220x220q75.jpg_.avif,https://ae-pic-a1.aliexpress-media.com/kf/S4dacb66c98db4fb095efcb33cbe1ae7dL.jpg_220x220q75.jpg_.avif,https://ae-pic-a1.aliexpress-media.com/kf/See3d508421fa4ef3ad0059b2c2d687979.jpg_220x220q75.jpg_.avif,https://ae-pic-a1.aliexpress-media.com/kf/S7187300135fa480aaaaaae7fc9f1f83eK.jpg_220x220q75.jpg_.avif","['Applicable Season', 'Winter', 'Applicable Scene', 'CASUAL', 'Thickness', 'Thick', 'Style', 'Casual', 'Brand Name', 'others']",https://www.aliexpress.us/item/3256809483717229.html?algo_pvid=0ee5c784-3e96-42d1-9b7d-1ada7507ff00&algo_exp_id=0ee5c784-3e96-42d1-9b7d-1ada7507ff00-55&pdp_ext_f=%7B%22order%22%3A%22155%22%2C%22eval%22%3A%221%22%2C%22fromPage%22%3A%22search%22%7D&pdp_npi=6%40dis%21USD%2110.75%216.66%21%21%2110.75%216.66%21%40210141f717754606614606080e986d%2112000049821888982%21sea%21US%210%21ABX%211%210%21n_tag%3A-29910%3Bd%3A20f9d216%3Bm03_new_user%3A-29895&curPageLogUid=7rF5XXJjJUmX&utparam-url=scene%3Asearch%7Cquery_from%3A%7Cx_object_id%3A1005009670031981%7C_p_origin_prod%3A
2025 New Men's Ferret Fleece Sweater Winter Collection Thick Knitted Sweater with Velvet Sweater Loose Round Neck Sweater,$22.16,"https://ae-pic-a1.aliexpress-media.com/kf/S536d7cbccf2b46ca9a72906df203f330T.jpg?has_lang=1&ver=2_220x220q75.jpg_.avif,https://ae-pic-a1.aliexpress-media.com/kf/Se39afc8e341b420d97b4093d790d9388D.jpg?has_lang=1&ver=2_220x220q75.jpg_.avif,https://ae-pic-a1.aliexpress-media.com/kf/S4853fb4da4cf49a1b5241ec14db64079I.jpg?has_lang=1&ver=2_220x220q75.jpg_.avif,https://ae-pic-a1.aliexpress-media.com/kf/S78d4aa0482ee4b2e84cc9779003d5130N.jpg?has_lang=1&ver=2_220x220q75.jpg_.avif,https://ae-pic-a1.aliexpress-media.com/kf/S81e599c5b3cb49df8ff0e1b69af5753bk.jpg?has_lang=1&ver=2_220x220q75.jpg_.avif","['whether full opening', 'No', 'High-concerned chemical', 'None', 'Applicable Season', 'Autumn And Winter', 'Craft of Weaving', 'Tatting', 'Applicable Scene', 'Daily', 'Hooded', 'No', 'Decoration', 'NONE', 'Sleeve Style', 'regular', 'Wool', 'Standard Wool', 'Place Of Origin', 'China (mainland)', 'Pattern Type', 'Solid', 'Item Type', 'Pullovers', 'Sleeve Length(cm)', 'Full', 'Thickness', 'Standard', 'Technics', 'Computer Knitted', 'Material', 'POLYESTER,Elastane', 'Collar', 'O-Neck', 'Style', 'Casual', 'Gender', 'Men', 'Origin', 'China Mainland', 'CN', 'Zhejiang', 'Closure Type', 'None']",https://www.aliexpress.us/item/3256810000182445.html?algo_pvid=0ee5c784-3e96-42d1-9b7d-1ada7507ff00&algo_exp_id=0ee5c784-3e96-42d1-9b7d-1ada7507ff00-56&pdp_ext_f=%7B%22order%22%3A%22154%22%2C%22eval%22%3A%221%22%2C%22fromPage%22%3A%22search%22%7D&pdp_npi=6%40dis%21USD%2160.75%2119.66%21%21%21416.12%21134.67%21%40210141f717754606614606080e986d%2112000051448610075%21sea%21US%210%21ABX%211%210%21n_tag%3A-29910%3Bd%3A20f9d216%3Bm03_new_user%3A-29895%3BpisId%3A5000000197847434&curPageLogUid=qMGuWCIxa3GN&utparam-url=scene%3Asearch%7Cquery_from%3A%7Cx_object_id%3A1005010186497197%7C_p_origin_prod%3A
2025 New Men's High Neck Sweater Solid Color Pullover Knitted Warm Casual Turtleneck Sweatwear Woolen Mens Winter Outdoor Tops,$7.94,"https://ae-pic-a1.aliexpress-media.com/kf/Sd7a5763115bf4562a77c5a84947d642ci.jpg?has_lang=1&ver=1_220x220q75.jpg_.avif,https://ae-pic-a1.aliexpress-media.com/kf/S8c42089ee34741b88a859bb419e4fd71G.jpg?has_lang=1&ver=1_220x220q75.jpg_.avif,https://ae-pic-a1.aliexpress-media.com/kf/Sb1cae0b13e874e128581419a53fbecc2O.jpg?has_lang=1&ver=1_220x220q75.jpg_.avif,https://ae-pic-a1.aliexpress-media.com/kf/S26ee4e7b818c4e7f9a038373d93523d4D.jpg?has_lang=1&ver=1_220x220q75.jpg_.avif,https://ae-pic-a1.aliexpress-media.com/kf/S40205c57dcf743aaa69637cae44377e3o.jpg?has_lang=1&ver=1_220x220q75.jpg_.avif","['whether full opening', 'No', 'High-concerned chemical', 'None', 'Applicable Season', 'Autumn And Winter', 'Craft of Weaving', 'Knit', 'Applicable Scene', 'CASUAL', 'Hooded', 'No', 'Sleeve Style', 'regular', 'Place Of Origin', 'China (mainland)', 'Pattern Type', 'Argyle', 'Item Type', 'Pullovers', 'Sleeve Length(cm)', 'Full', 'Thickness', 'Standard', 'Technics', 'Flat Knitted', 'Material', 'POLYESTER', 'Collar', 'Turtleneck', 'Style', 'Casual', 'Gender', 'Men', 'Origin', 'China Mainland', 'CN', 'Zhejiang', 'Closure Type', 'None']",https://www.aliexpress.us/item/3256809106910820.html?algo_pvid=0ee5c784-3e96-42d1-9b7d-1ada7507ff00&algo_exp_id=0ee5c784-3e96-42d1-9b7d-1ada7507ff00-57&pdp_ext_f=%7B%22order%22%3A%22154%22%2C%22eval%22%3A%221%22%2C%22fromPage%22%3A%22search%22%7D&pdp_npi=6%40dis%21USD%2128.44%214.44%21%21%21194.78%2130.37%21%40210141f717754606614606080e986d%2112000048640993716%21sea%21US%210%21ABX%211%210%21n_tag%3A-29910%3Bd%3A20f9d216%3Bm03_new_user%3A-29895%3BpisId%3A5000000197847434&curPageLogUid=FuHqznlc5os5&utparam-url=scene%3Asearch%7Cquery_from%3A%7Cx_object_id%3A1005009293225572%7C_p_origin_prod%3A
2024 New Men's Plush Sweater Pullovers Korean Winter Warm O Neck Black Sweater High Quality Cool Top Fashionable Men's Clothing,$16.87,"https://ae-pic-a1.aliexpress-media.com/kf/S2225492c89e14670b1d7c53fdee85d5fN.jpg?has_lang=1&ver=1_220x220q75.jpg_.avif,https://ae-pic-a1.aliexpress-media.com/kf/S21afb6043b92450fbdd78aa6cfc5ffd8u.jpg?has_lang=1&ver=2_220x220q75.jpg_.avif,https://ae-pic-a1.aliexpress-media.com/kf/S8e66f8c4151b41dcb946fd995eb4249bC.jpg?has_lang=1&ver=2_220x220q75.jpg_.avif,https://ae-pic-a1.aliexpress-media.com/kf/Sa19fd1d3d8d44cfe85ffd904825c1f64e.jpg?has_lang=1&ver=2_220x220q75.jpg_.avif,https://ae-pic-a1.aliexpress-media.com/kf/S911fa792f8384a1381d7a6ed2064b205T.jpg?has_lang=1&ver=2_220x220q75.jpg_.avif","['whether full opening', 'No', 'High-concerned chemical', 'None', 'Applicable Season', 'Autumn And Winter', 'Craft of Weaving', 'Knit', 'Applicable Scene', 'CASUAL', 'Hooded', 'No', 'Decoration', 'Embroidery', 'Sleeve Style', 'regular', 'Wool', 'Thin Wool', 'Place Of Origin', 'China (mainland)', 'Pattern Type', 'Geometric', 'Item Type', 'Pullovers', 'Sleeve Length(cm)', 'Full', 'Thickness', 'Fleece', 'Technics', 'Computer Knitted', 'Material', 'POLYESTER,COTTON', 'Collar', 'O-Neck', 'Style', 'chic', 'Gender', 'Men', 'Origin', 'China Mainland', 'CN', 'Guangdong', 'Closure Type', 'None']",https://www.aliexpress.us/item/3256807645351067.html?algo_pvid=0ee5c784-3e96-42d1-9b7d-1ada7507ff00&algo_exp_id=0ee5c784-3e96-42d1-9b7d-1ada7507ff00-58&pdp_ext_f=%7B%22order%22%3A%22154%22%2C%22eval%22%3A%221%22%2C%22fromPage%22%3A%22search%22%7D&pdp_npi=6%40dis%21USD%2118.95%2116.87%21%21%21129.82%21115.54%21%40210141f717754606614606080e986d%2112000052521348315%21sea%21US%210%21ABX%211%210%21n_tag%3A-29910%3Bd%3A20f9d216%3Bm03_new_user%3A-29895&curPageLogUid=4HnSxEegUaRa&utparam-url=scene%3Asearch%7Cquery_from%3A%7Cx_object_id%3A1005007831665819%7C_p_origin_prod%3A
Fashion Autumn Winter New Cashmere Sweater Men's 100% Merino Wool Pullover Casual Loose POLO Knitted Bottom Shirt Jacket Shirt,$47.23,"https://ae-pic-a1.aliexpress-media.com/kf/S0c7ea763c4f44159a34df79e7df2819eC.jpg?has_lang=1&ver=2_220x220q75.jpg_.avif,https://ae-pic-a1.aliexpress-media.com/kf/Sf1aa25c52d1e408d842481211364dfa4A.jpg_220x220q75.jpg_.avif,https://ae-pic-a1.aliexpress-media.com/kf/Sfbd2a2910c6541a3afe98276992a0315t.jpg_220x220q75.jpg_.avif,https://ae-pic-a1.aliexpress-media.com/kf/Sfe99a20b9a3c4da39fe8180b595c2636X.jpg_220x220q75.jpg_.avif,https://ae-pic-a1.aliexpress-media.com/kf/S80cdc922b7d446bdbffc0b914345b40bW.jpg_220x220q75.jpg_.avif","['whether full opening', 'No', 'High-concerned chemical', 'None', 'Applicable Season', 'Autumn And Winter', 'Craft of Weaving', 'Knit', 'Applicable Scene', 'Business', 'Hooded', 'No', 'Decoration', 'NONE', 'Sleeve Style', 'regular', 'Wool', 'Standard Wool', 'Place Of Origin', 'China (mainland)', 'Pattern Type', 'Solid', 'Item Type', 'Pullovers', 'Sleeve Length(cm)', 'Full', 'Thickness', 'Standard', 'Material', 'Wool', 'Collar', 'Square Collar', 'Style', 'Smart Casual', 'Gender', 'Men', 'Brand Name', 'addonee', 'Origin', 'China Mainland', 'CN', 'Hebei', 'Closure Type', 'Single Breasted']",https://www.aliexpress.us/item/3256806944586556.html?algo_pvid=0ee5c784-3e96-42d1-9b7d-1ada7507ff00&algo_exp_id=0ee5c784-3e96-42d1-9b7d-1ada7507ff00-59&pdp_ext_f=%7B%22order%22%3A%22153%22%2C%22eval%22%3A%221%22%2C%22fromPage%22%3A%22search%22%7D&pdp_npi=6%40dis%21USD%2189.12%2147.23%21%21%21610.40%21323.51%21%40210141f717754606614606080e986d%2112000039507175503%21sea%21US%210%21ABX%211%210%21n_tag%3A-29910%3Bd%3A20f9d216%3Bm03_new_user%3A-29895&curPageLogUid=NjNFLc2XNR6q&utparam-url=scene%3Asearch%7Cquery_from%3A%7Cx_object_id%3A1005007130901308%7C_p_origin_prod%3A
New style loose round neck pullover knit sweater Gothic retro street fashion hip-hop autumn and winter casual top Y2K clothing,$15.72,"https://ae-pic-a1.aliexpress-media.com/kf/S83230130e3614c15bc419fb9d9931c95j.jpg_220x220q75.jpg_.avif,https://ae-pic-a1.aliexpress-media.com/kf/S9f15ae06adbe4efdb3d2ea20416cb0a6Z.jpg_220x220q75.jpg_.avif,https://ae-pic-a1.aliexpress-media.com/kf/Sce3dc62c36de4257b7dae0dcc0a151ad0.jpg_220x220q75.jpg_.avif,https://ae-pic-a1.aliexpress-media.com/kf/S63ceaae381114822bbe5c9fb6dd21f37M.jpg_220x220q75.jpg_.avif,https://ae-pic-a1.aliexpress-media.com/kf/Seec77d0c83e94ddc96cf6f5bb7459f98J.jpg_220x220q75.jpg_.avif","['whether full opening', 'No', 'High-concerned chemical', 'None', 'Craft of Weaving', 'Non-Woven', 'Applicable Season', 'Autumn And Winter', 'Applicable Scene', 'Shopping', 'Hooded', 'No', 'Decoration', 'NONE', 'Sleeve Style', 'regular', 'Wool', 'Standard Wool', 'Place Of Origin', 'China mainland', 'Pattern Type', 'Print', 'Item Type', 'Pullovers', 'Sleeve Length(cm)', 'Full', 'Thickness', 'Standard', 'Technics', 'Computer Knitted', 'Material', 'Acetate,Nylon,Viscose', 'Collar', 'O-Neck', 'Style', 'Casual', 'Gender', 'Men', 'Brand Name', 'KERESLINA', 'Closure Type', 'None', 'Origin', 'China Mainland', 'CN', 'Guangdong']",https://www.aliexpress.us/item/3256809699338525.html?algo_pvid=0ee5c784-3e96-42d1-9b7d-1ada7507ff00&algo_exp_id=0ee5c784-3e96-42d1-9b7d-1ada7507ff00-0&pdp_ext_f=%7B%22order%22%3A%22123%22%2C%22spu_best_type%22%3A%22price%22%2C%22eval%22%3A%221%22%2C%22fromPage%22%3A%22search%22%7D&pdp_npi=6%40dis%21USD%2128.58%2115.72%21%21%21195.76%21107.67%21%40210141f717754606614606080e986d%2112000050478414293%21sea%21US%210%21ABX%211%210%21n_tag%3A-29910%3Bd%3A20f9d216%3Bm03_new_user%3A-29895&curPageLogUid=KEZmuXw0mDdt&utparam-url=scene%3Asearch%7Cquery_from%3A%7Cx_object_id%3A1005009885653277%7C_p_origin_prod%3A
Premium Luxury 2024 Autumn/Winter Round Neck Solid Color Exquisite Embroidery Men's Sweater Casual Warm Thick Knitted Sweater,$34.05,"https://ae-pic-a1.aliexpress-media.com/kf/Sd83048ec193447aba2653d3dfa9db418l.jpg_220x220q75.jpg_.avif,https://ae-pic-a1.aliexpress-media.com/kf/Sb4d37ed35d2b4f75946e3bad89c06c4fD.jpg_220x220q75.jpg_.avif,https://ae-pic-a1.aliexpress-media.com/kf/S9e8b4c44d9a54be3a3026d235acc3decX.jpg_220x220q75.jpg_.avif,https://ae-pic-a1.aliexpress-media.com/kf/Se7b58f36b27e402b808dcb836bcbdd3eW.jpg_220x220q75.jpg_.avif,https://ae-pic-a1.aliexpress-media.com/kf/S46428b44fb9b48f28328d5522dad7b2eW.jpg_220x220q75.jpg_.avif","['whether full opening', 'No', 'High-concerned chemical', 'None', 'Applicable Season', 'Autumn And Winter', 'Craft of Weaving', 'Knit', 'Applicable Scene', 'Daily', 'Hooded', 'No', 'Decoration', 'Embroidery', 'Sleeve Style', 'regular', 'Wool', 'Standard Wool', 'Place Of Origin', 'Italy', 'Pattern Type', 'Cartoon', 'Item Type', 'Pullovers', 'Sleeve Length(cm)', 'Full', 'Thickness', 'Standard', 'Technics', 'Flat Knitted', 'Material', 'POLYESTER,Polyamide', 'Collar', 'O-Neck', 'Style', 'Casual', 'Gender', 'Men', 'Origin', 'China Mainland', 'CN', 'Zhejiang', 'Closure Type', 'None']",https://www.aliexpress.us/item/3256807763267820.html?algo_pvid=0ee5c784-3e96-42d1-9b7d-1ada7507ff00&algo_exp_id=0ee5c784-3e96-42d1-9b7d-1ada7507ff00-1&pdp_ext_f=%7B%22order%22%3A%22123%22%2C%22spu_best_type%22%3A%22price%22%2C%22eval%22%3A%221%22%2C%22fromPage%22%3A%22search%22%7D&pdp_npi=6%40dis%21USD%2179.10%2130.05%21%21%21541.76%21205.81%21%40210141f717754606614606080e986d%2112000043350294916%21sea%21US%210%21ABX%211%210%21n_tag%3A-29910%3Bd%3A20f9d216%3Bm03_new_user%3A-29895%3BpisId%3A5000000197847434&curPageLogUid=ZRzdkuF4tPT4&utparam-url=scene%3Asearch%7Cquery_from%3A%7Cx_object_id%3A1005007949582572%7C_p_origin_prod%3A
High quality velvet round neck sweater men's casual fashion designer brand exquisite pony embroidery winter warm knit pullover,$24.09,"https://ae-pic-a1.aliexpress-media.com/kf/S8963852cf89448fb9bcbcdbdfbb70e6eY.jpg?has_lang=1&ver=2_220x220q75.jpg_.avif,https://ae-pic-a1.aliexpress-media.com/kf/S8963852cf89448fb9bcbcdbdfbb70e6eY.jpg?has_lang=1&ver=2_220x220q75.jpg_.avif,https://ae-pic-a1.aliexpress-media.com/kf/Se7e2e46c30464d86904aa6cbf7877d7cs.jpg_220x220q75.jpg_.avif,https://ae-pic-a1.aliexpress-media.com/kf/S48ad10c10b1d429caeafa29bd3c36535X.jpg?has_lang=1&ver=2_220x220q75.jpg_.avif,https://ae-pic-a1.aliexpress-media.com/kf/Sfc63dc969ccd4f3eb0976d2a9f2e6d3aV.jpg?has_lang=1&ver=1_220x220q75.jpg_.avif","['whether full opening', 'No', 'High-concerned chemical', 'None', 'Applicable Season', 'Winter', 'Craft of Weaving', 'Knit', 'Applicable Scene', 'Daily', 'Hooded', 'No', 'Decoration', 'Embroidery', 'Sleeve Style', 'regular', 'Wool', 'Standard Wool', 'Place Of Origin', 'China (mainland)', 'Pattern Type', 'Animal', 'Item Type', 'Pullovers', 'Sleeve Length(cm)', 'Full', 'Thickness', 'Thick', 'Technics', 'Flat Knitted', 'Material', 'POLYESTER,Polyamide', 'Collar', 'O-Neck', 'Style', 'Casual', 'Gender', 'Men', 'Origin', 'China Mainland', 'CN', 'Zhejiang']",https://www.aliexpress.us/item/3256809959193631.html?algo_pvid=0ee5c784-3e96-42d1-9b7d-1ada7507ff00&algo_exp_id=0ee5c784-3e96-42d1-9b7d-1ada7507ff00-4&pdp_ext_f=%7B%22order%22%3A%22121%22%2C%22eval%22%3A%221%22%2C%22fromPage%22%3A%22search%22%7D&pdp_npi=6%40dis%21USD%2159.19%2120.09%21%21%21405.41%21137.63%21%40210141f717754606614606080e986d%2112000051308704668%21sea%21US%210%21ABX%211%210%21n_tag%3A-29910%3Bd%3A20f9d216%3Bm03_new_user%3A-29895%3BpisId%3A5000000197847434&curPageLogUid=fcWeIyVlRasS&utparam-url=scene%3Asearch%7Cquery_from%3A%7Cx_object_id%3A1005010145508383%7C_p_origin_prod%3A
Men Autumn Winter Sweater O-neck Smart Casual Pullover 100% Merino Wool Soft Warm Cashmere Knitwear Basic Style Clothes Tops,$19.01,"https://ae-pic-a1.aliexpress-media.com/kf/S416bc40dfd9d4cdca1fab7f1ac88809bf.jpg_220x220q75.jpg_.avif,https://ae-pic-a1.aliexpress-media.com/kf/S9e6c6b53fe3849a0a24cde82f5ec77438.jpg_220x220q75.jpg_.avif,https://ae-pic-a1.aliexpress-media.com/kf/S2ba960ab80ce4f44a17d9fb63a2a93394.jpg_220x220q75.jpg_.avif,https://ae-pic-a1.aliexpress-media.com/kf/S2c468219bcbe461eb5ea530cd02c6eca9.jpg_220x220q75.jpg_.avif,https://ae-pic-a1.aliexpress-media.com/kf/Sc607c4858f9d40bd9e5134a68b3b9bf1X.jpg_220x220q75.jpg_.avif","['Applicable Season', 'Autumn And Winter', 'Applicable Scene', 'CASUAL', 'Hooded', 'No', 'Model Number', 'D301', 'Place Of Origin', 'China (mainland)', 'Pattern Type', 'Solid', 'Item Type', 'Pullovers', 'Sleeve Length(cm)', 'Full', 'Thickness', 'Standard', 'Material', 'Wool', 'Collar', 'O-Neck', 'Style', 'Casual', 'Gender', 'Men', 'Brand Name', 'addonee', 'CN', 'Jiangsu', 'Origin', 'China Mainland']",https://www.aliexpress.us/item/3256805928418960.html?algo_pvid=0ee5c784-3e96-42d1-9b7d-1ada7507ff00&algo_exp_id=0ee5c784-3e96-42d1-9b7d-1ada7507ff00-5&pdp_ext_f=%7B%22order%22%3A%22121%22%2C%22eval%22%3A%221%22%2C%22fromPage%22%3A%22search%22%7D&pdp_npi=6%40dis%21USD%2124.83%2114.51%21%21%21170.06%2199.34%21%40210141f717754606614606080e986d%2112000035818106866%21sea%21US%210%21ABX%211%210%21n_tag%3A-29910%3Bd%3A20f9d216%3Bm03_new_user%3A-29895%3BpisId%3A5000000197847434&curPageLogUid=4yVEYcbyHnuc&utparam-url=scene%3Asearch%7Cquery_from%3A%7Cx_object_id%3A1005006114733712%7C_p_origin_prod%3A
FGKKS Sweater Men Harajuku Fashion Knitted Hip Hop Dinosaur Cartoon Pullover O-Neck Oversize Casual Couple Male Sweaters,$16.32,"https://ae-pic-a1.aliexpress-media.com/kf/Hd150a1d576674c48a07c676dc432fcf08.jpg?has_lang=1&ver=2_220x220q75.jpg_.avif,https://ae-pic-a1.aliexpress-media.com/kf/Hb06b2e54f777410396e9bfa53a0fdbc7R.png?has_lang=1&ver=2_220x220.png_.avif,https://ae-pic-a1.aliexpress-media.com/kf/Hb2a44d3fd7e04161b85e1db0e45c8e1eX.png_220x220.png_.avif,https://ae-pic-a1.aliexpress-media.com/kf/He762e12d3bad41b098f6485898168c89I.png?has_lang=1&ver=1_220x220.png_.avif,https://ae-pic-a1.aliexpress-media.com/kf/H229f27ee5164486a814ea93f29529f58A.png?has_lang=1&ver=1_220x220.png_.avif","['whether full opening', 'No', 'High-concerned chemical', 'None', 'Applicable Season', 'Autumn And Winter', 'Craft of Weaving', 'Knit', 'Applicable Scene', 'Daily', 'Hooded', 'No', 'Model Number', 'Konglong', 'Decoration', 'NONE', 'Sleeve Style', 'regular', 'Wool', 'Standard Wool', 'Place Of Origin', 'China (mainland)', 'Pattern Type', 'Cartoon', 'Item Type', 'Pullovers', 'Sleeve Length(cm)', 'Full', 'Thickness', 'Standard', 'Technics', 'Computer Knitted', 'Material', 'POLYESTER', 'Collar', 'O-Neck', 'Style', 'Casual', 'Gender', 'Men', 'Brand Name', 'FGKKS', 'Origin', 'China Mainland', 'CN', 'Zhejiang', 'Closure Type', 'None']",https://www.aliexpress.us/item/3256805043862286.html?algo_pvid=0ee5c784-3e96-42d1-9b7d-1ada7507ff00&algo_exp_id=0ee5c784-3e96-42d1-9b7d-1ada7507ff00-6&pdp_ext_f=%7B%22order%22%3A%22121%22%2C%22eval%22%3A%221%22%2C%22fromPage%22%3A%22search%22%7D&pdp_npi=6%40dis%21USD%2145.45%2112.32%21%21%21311.30%2184.35%21%40210141f717754606614606080e986d%2112000032296030972%21sea%21US%210%21ABX%211%210%21n_tag%3A-29910%3Bd%3A20f9d216%3Bm03_new_user%3A-29895%3BpisId%3A5000000197847434&curPageLogUid=XbYxhbSr0fcr&utparam-url=scene%3Asearch%7Cquery_from%3A%7Cx_object_id%3A1005005230177038%7C_p_origin_prod%3A
Animal Game Outdoor Mens Polo Sweater V Neck Long Knitwear Button Ribbed Casual Dress Pullover Sweaters Cold Blouse Lapel Tops,$14.39,"https://ae-pic-a1.aliexpress-media.com/kf/S212e25da2ddf4ff687fc67379aedb709e.jpg_220x220q75.jpg_.avif,https://ae-pic-a1.aliexpress-media.com/kf/S7b76b1b9d92a49c88f990baafac86e3cR.jpg_220x220q75.jpg_.avif,https://ae-pic-a1.aliexpress-media.com/kf/S3c823fb54cb34829910f344dadb7653dp.jpg_220x220q75.jpg_.avif,https://ae-pic-a1.aliexpress-media.com/kf/Sd7997249cbc146b09e13bd557754a4a02.jpg_220x220q75.jpg_.avif,https://ae-pic-a1.aliexpress-media.com/kf/S8ea1d8a2204349349fd73af41391e7f42.jpg_220x220q75.jpg_.avif","['whether full opening', 'No', 'High-concerned chemical', 'None', 'Applicable Season', 'Autumn And Winter', 'Applicable Scene', 'CASUAL', 'Hooded', 'No', 'Sleeve Style', 'regular', 'Wool', 'Standard Wool', 'Pattern Type', 'Solid', 'Item Type', 'Pullovers', 'Sleeve Length(cm)', 'Full', 'Thickness', 'Standard', 'Material', 'POLYESTER,Nylon,Rayon', 'Collar', 'Turn-Down Collar', 'Style', 'England Style', 'Gender', 'Men', 'Brand Name', 'ANIMAL GAME', 'Origin', 'China Mainland', 'CN', 'Zhejiang', 'Closure Type', 'Single Breasted', 'Support', 'Drop Shipping']",https://www.aliexpress.us/item/3256809835191684.html?algo_pvid=0ee5c784-3e96-42d1-9b7d-1ada7507ff00&algo_exp_id=0ee5c784-3e96-42d1-9b7d-1ada7507ff00-8&pdp_ext_f=%7B%22order%22%3A%22120%22%2C%22spu_best_type%22%3A%22price%22%2C%22eval%22%3A%221%22%2C%22fromPage%22%3A%22search%22%7D&pdp_npi=6%40dis%21USD%2142.33%2110.39%21%21%21289.94%2171.20%21%40210141f717754606614606080e986d%2112000050861526361%21sea%21US%210%21ABX%211%210%21n_tag%3A-29910%3Bd%3A20f9d216%3Bm03_new_user%3A-29895%3BpisId%3A5000000197847434&curPageLogUid=vcXpXcV4IuZw&utparam-url=scene%3Asearch%7Cquery_from%3A%7Cx_object_id%3A1005010021506436%7C_p_origin_prod%3A
Yasuk Spring Autumn Winter Solid Casual Plush Turtleneck Men's Loose Bottom Double Faced Velvet Sweater Simple Warm BigSize,$26.28,"https://ae-pic-a1.aliexpress-media.com/kf/S0f17221d390b466dbf92dccb21e5accb8.jpg_220x220q75.jpg_.avif,https://ae-pic-a1.aliexpress-media.com/kf/S0f17221d390b466dbf92dccb21e5accb8.jpg_220x220q75.jpg_.avif,https://ae-pic-a1.aliexpress-media.com/kf/S8a5c04a91f094865b8160f8ba4bcb155X.jpg_220x220q75.jpg_.avif,https://ae-pic-a1.aliexpress-media.com/kf/S874ab87c0bbf4a44b371fbccce412babO.jpg_220x220q75.jpg_.avif,https://ae-pic-a1.aliexpress-media.com/kf/S409991cfc7094453ba2949d4c2912baaZ.jpg_220x220q75.jpg_.avif","['whether full opening', 'No', 'High-concerned chemical', 'None', 'Applicable Season', 'Autumn And Winter', 'Applicable Scene', 'CASUAL', 'Hooded', 'No', 'Decoration', 'NONE', 'Sleeve Style', 'regular', 'Wool', 'Thin Wool', 'Place Of Origin', 'China (mainland)', 'Pattern Type', 'Solid', 'Item Type', 'Pullovers', 'Sleeve Length(cm)', 'Full', 'Thickness', 'Fleece', 'Material', 'POLYESTER', 'Collar', 'Mock Neck', 'Style', 'Casual', 'Gender', 'Men', 'Brand Name', 'kyaqsuk', 'Origin', 'China Mainland', 'CN', 'Fujian', 'Closure Type', 'None', 'Velvet', 'Velvet', 'Loose', 'Loose']",https://www.aliexpress.us/item/3256803646111081.html?algo_pvid=0ee5c784-3e96-42d1-9b7d-1ada7507ff00&algo_exp_id=0ee5c784-3e96-42d1-9b7d-1ada7507ff00-9&pdp_ext_f=%7B%22order%22%3A%22120%22%2C%22eval%22%3A%221%22%2C%22fromPage%22%3A%22search%22%7D&pdp_npi=6%40dis%21USD%2126.28%2126.28%21%21%21179.99%21179.99%21%40210141f717754606614606080e986d%2112000027299198086%21sea%21US%210%21ABX%211%210%21n_tag%3A-29910%3Bd%3A20f9d216%3Bm03_new_user%3A-29895&curPageLogUid=nkZUQdzzJJ0D&utparam-url=scene%3Asearch%7Cquery_from%3A%7Cx_object_id%3A1005003832425833%7C_p_origin_prod%3A
Fake Two Piece Pullover Cardigan Men Round Neck Long Sleeve Clothing Thermal Warm Comfortable Youth Casual Knit Sweater,$23.58,"https://ae-pic-a1.aliexpress-media.com/kf/Sb89a996834ff4574b5b89eed079fcafeX.jpg_220x220q75.jpg_.avif,https://ae-pic-a1.aliexpress-media.com/kf/Scb41b5a08af64ad9afa1d87152e409843.jpg_220x220q75.jpg_.avif,https://ae-pic-a1.aliexpress-media.com/kf/S3e445375f7b2485fa18a79e7201d1df22.jpg_220x220q75.jpg_.avif,https://ae-pic-a1.aliexpress-media.com/kf/S079f2b4093eb4f9688416c3b266589721.jpg_220x220q75.jpg_.avif,https://ae-pic-a1.aliexpress-media.com/kf/S1b40652beee3454c88fc88a609be21e5u.jpg_220x220q75.jpg_.avif","['whether full opening', 'No', 'High-concerned chemical', 'None', 'Applicable Season', 'Autumn And Winter', 'Craft of Weaving', 'Knit', 'Applicable Scene', 'Daily', 'Hooded', 'No', 'Decoration', 'NONE', 'Sleeve Style', 'regular', 'Wool', 'Standard Wool', 'Place Of Origin', 'China (mainland)', 'Pattern Type', 'Solid', 'Item Type', 'Pullovers', 'Sleeve Length(cm)', 'Full', 'Thickness', 'Standard', 'Technics', 'Computer Knitted', 'Material', 'POLYESTER', 'Collar', 'V-Neck', 'Style', 'Casual', 'Gender', 'Men', 'Brand Name', 'NoEnName_Null', 'Origin', 'China Mainland', 'CN', 'Jiangsu', 'Closure Type', 'None']",https://www.aliexpress.us/item/3256809826011173.html?algo_pvid=0ee5c784-3e96-42d1-9b7d-1ada7507ff00&algo_exp_id=0ee5c784-3e96-42d1-9b7d-1ada7507ff00-10&pdp_ext_f=%7B%22order%22%3A%22118%22%2C%22spu_best_type%22%3A%22price%22%2C%22eval%22%3A%221%22%2C%22fromPage%22%3A%22search%22%7D&pdp_npi=6%40dis%21USD%2165.06%2121.08%21%21%21445.62%21144.37%21%40210141f717754606614606080e986d%2112000050841881289%21sea%21US%210%21ABX%211%210%21n_tag%3A-29910%3Bd%3A20f9d216%3Bm03_new_user%3A-29895%3BpisId%3A5000000197847434&curPageLogUid=3u5gOr013GbK&utparam-url=scene%3Asearch%7Cquery_from%3A%7Cx_object_id%3A1005010012325925%7C_p_origin_prod%3A
Men's Pullover Soft Sweater Winter Velvet Shirts Brand Clothing Knitted Fleece Warm Cold Blouse Slim Fit Bottom Shirts,$6.37,"https://ae-pic-a1.aliexpress-media.com/kf/S19b2f80ad355480ebbe4a91afa87ca872.jpg_220x220q75.jpg_.avif,https://ae-pic-a1.aliexpress-media.com/kf/S19b2f80ad355480ebbe4a91afa87ca872.jpg_220x220q75.jpg_.avif,https://ae-pic-a1.aliexpress-media.com/kf/S806dc21983f24c95ba233eebe5301176t.jpg_220x220q75.jpg_.avif,https://ae-pic-a1.aliexpress-media.com/kf/S335ec194002d4ab6ac3812cb403ae882i.jpg_220x220q75.jpg_.avif,https://ae-pic-a1.aliexpress-media.com/kf/Sc3cfa2342d70413aac0f19622f2fb62aV.jpg_220x220q75.jpg_.avif","['whether full opening', 'No', 'High-concerned chemical', 'None', 'Applicable Season', 'Autumn And Winter', 'Applicable Scene', 'Daily', 'Sleeve Style', 'regular', 'Place Of Origin', 'China (mainland)', 'Pattern Type', 'Dot', 'Item Type', 'Pullovers', 'Sleeve Length(cm)', 'Full', 'Thickness', 'Fleece', 'Technics', 'Computer Knitted', 'Material', 'POLYESTER', 'Collar', 'Turn-Down Collar', 'Style', 'Vintage', 'Gender', 'Men', 'Origin', 'China Mainland', 'CN', 'Jiangsu']",https://www.aliexpress.us/item/3256805817323471.html?algo_pvid=0ee5c784-3e96-42d1-9b7d-1ada7507ff00&algo_exp_id=0ee5c784-3e96-42d1-9b7d-1ada7507ff00-11&pdp_ext_f=%7B%22order%22%3A%22117%22%2C%22eval%22%3A%221%22%2C%22fromPage%22%3A%22search%22%7D&pdp_npi=6%40dis%21USD%2122.82%212.37%21%21%21156.27%2116.19%21%40210141f717754606614606080e986d%2112000035270489731%21sea%21US%210%21ABX%211%210%21n_tag%3A-29910%3Bd%3A20f9d216%3Bm03_new_user%3A-29895%3BpisId%3A5000000197847434&curPageLogUid=eBbUXVIU9oVs&utparam-url=scene%3Asearch%7Cquery_from%3A%7Cx_object_id%3A1005006003638223%7C_p_origin_prod%3A
Men's Slim Fit Long Sleeve Turtleneck Sweater Anti-Pilling High Quality Knitted Solid Color Pullover Trendy Men's Fashion Top,$6.96,"https://ae-pic-a1.aliexpress-media.com/kf/S13d6b96a57554ce6815f30cf190ef8c1W.jpg?has_lang=1&ver=2_220x220q75.jpg_.avif,https://ae-pic-a1.aliexpress-media.com/kf/Sab2fcdbfb38549358dc100bf5bda0ddct.jpg?has_lang=1&ver=2_220x220q75.jpg_.avif,https://ae-pic-a1.aliexpress-media.com/kf/S879972a3f60f45f1a96e3f8b058c883cI.jpg?has_lang=1&ver=2_220x220q75.jpg_.avif,https://ae-pic-a1.aliexpress-media.com/kf/S7596c767c01345a4a724264aa8b3e756l.jpg?has_lang=1&ver=2_220x220q75.jpg_.avif,https://ae-pic-a1.aliexpress-media.com/kf/Sd6eb3b0c71e7454da47736b91bfcdebba.jpg?has_lang=1&ver=2_220x220q75.jpg_.avif","['whether full opening', 'No', 'High-concerned chemical', 'None', 'Applicable Season', 'Autumn And Winter', 'Craft of Weaving', 'Knit', 'Applicable Scene', 'CASUAL', 'Hooded', 'No', 'Wool', 'Standard Wool', 'Place Of Origin', 'China (mainland)', 'Pattern Type', 'Solid', 'Sleeve Length(cm)', 'Full', 'Thickness', 'Wool Liner', 'Technics', 'Flat Knitted', 'Material', 'Acetate', 'Collar', 'Turtleneck', 'Style', 'Casual', 'Gender', 'Men', 'Origin', 'China Mainland', 'CN', 'Zhejiang']",https://www.aliexpress.us/item/3256810024837290.html?algo_pvid=0ee5c784-3e96-42d1-9b7d-1ada7507ff00&algo_exp_id=0ee5c784-3e96-42d1-9b7d-1ada7507ff00-14&pdp_ext_f=%7B%22order%22%3A%22116%22%2C%22eval%22%3A%221%22%2C%22fromPage%22%3A%22search%22%7D&pdp_npi=6%40dis%21USD%2124.41%212.46%21%21%21167.16%2116.84%21%40210141f717754606614606080e986d%2112000051533146429%21sea%21US%210%21ABX%211%210%21n_tag%3A-29910%3Bd%3A20f9d216%3Bm03_new_user%3A-29895%3BpisId%3A5000000197847434&curPageLogUid=ft5rlCsanbBo&utparam-url=scene%3Asearch%7Cquery_from%3A%7Cx_object_id%3A1005010211152042%7C_p_origin_prod%3A
LVLAEA Men's Long Sleeve Shirt Solid Color Lapel Buttonup Collar Fall Winter Loungewear Warm Fashion Loose Fit Old Money Style,$21.71,"https://ae-pic-a1.aliexpress-media.com/kf/S2e4dfe351698448583ad8fed1a7612f16.jpg_220x220q75.jpg_.avif,https://ae-pic-a1.aliexpress-media.com/kf/S6ee4101341f04bfbb7394869b65f1e22M.jpg_220x220q75.jpg_.avif,https://ae-pic-a1.aliexpress-media.com/kf/Sc647e3f241e946d1b0db803d0f0db806h.jpg_220x220q75.jpg_.avif,https://ae-pic-a1.aliexpress-media.com/kf/S814df5a5885d4ea598f67a9dde2d8396P.jpg_220x220q75.jpg_.avif,https://ae-pic-a1.aliexpress-media.com/kf/S19241340164d4a0dbc640096029e2996n.jpg_220x220q75.jpg_.avif","['whether full opening', 'No', 'High-concerned chemical', 'None', 'Applicable Season', 'Autumn And Winter', 'Craft of Weaving', 'Knit', 'Applicable Scene', 'Daily', 'Hooded', 'No', 'Model Number', 'k8088', 'Decoration', 'NONE', 'Sleeve Style', 'regular', 'Wool', 'Thin Wool', 'Place Of Origin', 'China (mainland)', 'Pattern Type', 'Geometric', 'Item Type', 'Pullovers', 'Sleeve Length(cm)', 'Full', 'Thickness', 'Standard', 'Technics', 'Flat Knitted', 'Material', 'POLYESTER,Acrylic,Polyamide', 'Collar', 'O-Neck', 'Style', 'England Style', 'Gender', 'Men', 'Origin', 'China Mainland', 'CN', 'Guangdong', 'Closure Type', 'None']",https://www.aliexpress.us/item/3256810326580720.html?algo_pvid=0ee5c784-3e96-42d1-9b7d-1ada7507ff00&algo_exp_id=0ee5c784-3e96-42d1-9b7d-1ada7507ff00-17&pdp_ext_f=%7B%22order%22%3A%22114%22%2C%22eval%22%3A%221%22%2C%22fromPage%22%3A%22search%22%7D&pdp_npi=6%40dis%21USD%2156.83%2117.21%21%21%21389.26%21117.88%21%40210141f717754606614606080e986d%2112000052654840040%21sea%21US%210%21ABX%211%210%21n_tag%3A-29910%3Bd%3A20f9d216%3Bm03_new_user%3A-29895%3BpisId%3A5000000197847434&curPageLogUid=TEQcvSwtzfsv&utparam-url=scene%3Asearch%7Cquery_from%3A%7Cx_object_id%3A1005010512895472%7C_p_origin_prod%3A
New 2025 Autumn Winter Men's Wool Shirt-Neck Sweater Fashionable Plaid Solid Thickened Warm Fleece High Quality Versatile Casual,$6.73,"https://ae-pic-a1.aliexpress-media.com/kf/Sd1b55225edf34ae09c7f063f6fd5d5f6U.jpg?has_lang=1&ver=1_220x220q75.jpg_.avif,https://ae-pic-a1.aliexpress-media.com/kf/Sd1b55225edf34ae09c7f063f6fd5d5f6U.jpg?has_lang=1&ver=1_220x220q75.jpg_.avif,https://ae-pic-a1.aliexpress-media.com/kf/S824f3d381806468b8f92ea008f07e744A.jpg?has_lang=1&ver=1_220x220q75.jpg_.avif,https://ae-pic-a1.aliexpress-media.com/kf/S4bdf3e3e7da949688c5b2f129ae8a618v.jpg?has_lang=1&ver=1_220x220q75.jpg_.avif,https://ae-pic-a1.aliexpress-media.com/kf/S701055c140fe41ff9539d772928fd1b6g.jpg?has_lang=1&ver=1_220x220q75.jpg_.avif","['whether full opening', 'No', 'High-concerned chemical', 'None', 'Applicable Season', 'Autumn And Winter', 'Applicable Scene', 'CASUAL', 'Hooded', 'No', 'Model Number', '20221018', 'Decoration', 'NONE', 'Sleeve Style', 'regular', 'Wool', 'Thin Wool', 'Place Of Origin', 'China (mainland)', 'Pattern Type', 'Solid', 'Item Type', 'Pullovers', 'Sleeve Length(cm)', 'Full', 'Thickness', 'Thick', 'Technics', 'Computer Knitted', 'Material', 'POLYESTER,COTTON', 'Collar', 'Turn-Down Collar', 'Style', 'Casual', 'Gender', 'Men', 'Brand Name', 'Btsukimi', 'Origin', 'Mainland China', 'CN', 'Hubei', 'Closure Type', 'None', 'Size', 'L XL 2XL 3XL 4XL', 'Season', 'Spring Autumn Winter', 'Color', 'Dark Blue ,Blue ,Grey ,Dark Grey ,Wine Red,Khaki', 'Style 1', ""Men's Wool Shirt-Neck Sweater"", 'Style 2', ""Men's Winter Sweater"", 'Style 3', ""Men's Warm Sweater"", 'Occasion', 'Party Office Casual Club', 'Weight', '0.4KG']",https://www.aliexpress.us/item/3256804669465933.html?algo_pvid=0ee5c784-3e96-42d1-9b7d-1ada7507ff00&algo_exp_id=0ee5c784-3e96-42d1-9b7d-1ada7507ff00-18&pdp_ext_f=%7B%22order%22%3A%22114%22%2C%22eval%22%3A%221%22%2C%22fromPage%22%3A%22search%22%7D&pdp_npi=6%40dis%21USD%2111.80%212.23%21%21%2111.80%212.23%21%40210141f717754606614606080e986d%2112000030763680118%21sea%21US%210%21ABX%211%210%21n_tag%3A-29910%3Bd%3A20f9d216%3Bm03_new_user%3A-29895%3BpisId%3A5000000197847434&curPageLogUid=lmtAyhwYYPlO&utparam-url=scene%3Asearch%7Cquery_from%3A%7Cx_object_id%3A1005004855780685%7C_p_origin_prod%3A
High quality long sleeved T-shirt men semi high neck top autumn fashion personalized printed pullover comfortable casual sweater,$20.20,"https://ae-pic-a1.aliexpress-media.com/kf/S262f9371639a41fcaa270fe378a256805.png?has_lang=1&ver=2_220x220.png_.avif,https://ae-pic-a1.aliexpress-media.com/kf/S5e3554f1ced04f8799b1e41c96c70f357.png?has_lang=1&ver=1_220x220.png_.avif,https://ae-pic-a1.aliexpress-media.com/kf/S0c8beb8a78a64a9f9935373d2e41fa43X.png_220x220.png_.avif,https://ae-pic-a1.aliexpress-media.com/kf/Sebdb8df50a7348879860fd68ec7ad944p.png?has_lang=1&ver=2_220x220.png_.avif,https://ae-pic-a1.aliexpress-media.com/kf/S26dd0ee2f45c415ca553f232ed3129dbO.png?has_lang=1&ver=2_220x220.png_.avif","['whether full opening', 'No', 'High-concerned chemical', 'None', 'Applicable Season', 'Autumn And Winter', 'Craft of Weaving', 'Knit', 'Applicable Scene', 'Daily', 'Hooded', 'No', 'Decoration', 'Embroidery', 'Sleeve Style', 'regular', 'Wool', 'Standard Wool', 'Place Of Origin', 'China (mainland)', 'Pattern Type', 'Letter', 'Item Type', 'Pullovers', 'Sleeve Length(cm)', 'Full', 'Thickness', 'Standard', 'Technics', 'Flat Knitted', 'Material', 'POLYESTER,Elastane', 'Collar', 'Mock Neck', 'Style', 'Casual', 'Gender', 'Men', 'Origin', 'China Mainland', 'CN', 'Zhejiang', 'Closure Type', 'None']",https://www.aliexpress.us/item/3256807644282187.html?algo_pvid=0ee5c784-3e96-42d1-9b7d-1ada7507ff00&algo_exp_id=0ee5c784-3e96-42d1-9b7d-1ada7507ff00-19&pdp_ext_f=%7B%22order%22%3A%22113%22%2C%22eval%22%3A%221%22%2C%22fromPage%22%3A%22search%22%7D&pdp_npi=6%40dis%21USD%2152.49%2115.70%21%21%21359.49%21107.49%21%40210141f717754606614606080e986d%2112000042548551110%21sea%21US%210%21ABX%211%210%21n_tag%3A-29910%3Bd%3A20f9d216%3Bm03_new_user%3A-29895%3BpisId%3A5000000197847434&curPageLogUid=PimcuEJVFUJS&utparam-url=scene%3Asearch%7Cquery_from%3A%7Cx_object_id%3A1005007830596939%7C_p_origin_prod%3A
New Arrivals Pullover Men O-neck Solid Color Long Sleeve Warm Slim Sweaters Men Men's Sweater Male Clothing,$8.58,"https://ae-pic-a1.aliexpress-media.com/kf/S3137b4998ec9409b90f2b0d38921f026a.jpg_220x220q75.jpg_.avif,https://ae-pic-a1.aliexpress-media.com/kf/Sdc5a524bc31a4c92a918cf29539c780fa.jpg_220x220q75.jpg_.avif,https://ae-pic-a1.aliexpress-media.com/kf/S4f173ac3ef7a4ce7b820afcc1166b1b6x.jpg_220x220q75.jpg_.avif,https://ae-pic-a1.aliexpress-media.com/kf/Sfe22aeb73ba94ba5ab7f9c226e4eba3aN.jpg_220x220q75.jpg_.avif,https://ae-pic-a1.aliexpress-media.com/kf/S7b9f112368bf464dbae4b143cf3869797.jpg_220x220q75.jpg_.avif","['whether full opening', 'Yes', 'High-concerned chemical', 'None', 'Applicable Season', 'Autumn And Winter', 'Applicable Scene', 'CASUAL', 'Hooded', 'No', 'Model Number', 'O', 'Decoration', 'Flowers', 'Sleeve Style', 'regular', 'Wool', 'Standard Wool', 'Place Of Origin', 'China (mainland)', 'Pattern Type', 'Solid', 'Item Type', 'Pullovers', 'Sleeve Length(cm)', 'Sleeveless', 'Thickness', 'Standard', 'Technics', 'Hand Knitted', 'Material', 'POLYESTER,Elastane', 'Collar', 'O-Neck', 'Style', 'Casual', 'Gender', 'Men', 'Origin', 'China Mainland', 'CN', 'Guangdong', 'Closure Type', 'None']",https://www.aliexpress.us/item/3256806177191538.html?algo_pvid=0ee5c784-3e96-42d1-9b7d-1ada7507ff00&algo_exp_id=0ee5c784-3e96-42d1-9b7d-1ada7507ff00-20&pdp_ext_f=%7B%22order%22%3A%22113%22%2C%22eval%22%3A%221%22%2C%22fromPage%22%3A%22search%22%7D&pdp_npi=6%40dis%21USD%2116.18%218.58%21%21%21110.79%2158.72%21%40210141f717754606614606080e986d%2112000036910211122%21sea%21US%210%21ABX%211%210%21n_tag%3A-29910%3Bd%3A20f9d216%3Bm03_new_user%3A-29895&curPageLogUid=7NnJb1Hb1tYA&utparam-url=scene%3Asearch%7Cquery_from%3A%7Cx_object_id%3A1005006363506290%7C_p_origin_prod%3A
Hot Sale Luxury Brand Men's Sweater Mock-Neck Bee Embroidery Pullover Soft Warm Fashion Exquisite Thick Autumn Winter Men's Wear,$21.61,"https://ae-pic-a1.aliexpress-media.com/kf/S1405c834840f4447b07d14f881553dffl.jpg_220x220q75.jpg_.avif,https://ae-pic-a1.aliexpress-media.com/kf/S1405c834840f4447b07d14f881553dffl.jpg_220x220q75.jpg_.avif,https://ae-pic-a1.aliexpress-media.com/kf/S50dbcebccd344138a2555a43335b8b84G.jpg_220x220q75.jpg_.avif,https://ae-pic-a1.aliexpress-media.com/kf/S3e9b1fc4222041d9969a378cc652f63bO.jpg_220x220q75.jpg_.avif,https://ae-pic-a1.aliexpress-media.com/kf/Sdfc9d2f9890d46a4b3e01a0159132aff5.jpg_220x220q75.jpg_.avif","['whether full opening', 'No', 'High-concerned chemical', 'None', 'Applicable Season', 'Autumn And Winter', 'Craft of Weaving', 'Knit', 'Applicable Scene', 'Daily', 'Hooded', 'No', 'Decoration', 'Embroidery', 'Sleeve Style', 'regular', 'Wool', 'Thin Wool', 'Place Of Origin', 'China (mainland)', 'Pattern Type', 'Cartoon', 'Item Type', 'Pullovers', 'Sleeve Length(cm)', 'Full', 'Thickness', 'Thick', 'Technics', 'Flat Knitted', 'Material', 'POLYESTER,Acrylic,Viscose', 'Collar', 'Mock Neck', 'Style', 'Japan Style', 'Gender', 'Men', 'Origin', 'China Mainland', 'CN', 'Zhejiang', 'Closure Type', 'None']",https://www.aliexpress.us/item/3256809943745537.html?algo_pvid=0ee5c784-3e96-42d1-9b7d-1ada7507ff00&algo_exp_id=0ee5c784-3e96-42d1-9b7d-1ada7507ff00-23&pdp_ext_f=%7B%22order%22%3A%22112%22%2C%22eval%22%3A%221%22%2C%22fromPage%22%3A%22search%22%7D&pdp_npi=6%40dis%21USD%2155.33%2117.61%21%21%21378.96%21120.62%21%40210141f717754606614606080e986d%2112000051246651055%21sea%21US%210%21ABX%211%210%21n_tag%3A-29910%3Bd%3A20f9d216%3Bm03_new_user%3A-29895%3BpisId%3A5000000197847434&curPageLogUid=QWcymxnK0Xc7&utparam-url=scene%3Asearch%7Cquery_from%3A%7Cx_object_id%3A1005010130060289%7C_p_origin_prod%3A
Winter Men's Fleece Thicker Sweater Half Zipper Turtleneck Warm Pullover Quality Male Slim Knitted Wool Sweaters for Spring,$10.44,"https://ae-pic-a1.aliexpress-media.com/kf/Sa32806bd64474e3897f764b1c81fe980l.jpg_220x220q75.jpg_.avif,https://ae-pic-a1.aliexpress-media.com/kf/Sa32806bd64474e3897f764b1c81fe980l.jpg_220x220q75.jpg_.avif,https://ae-pic-a1.aliexpress-media.com/kf/Sd9091ac9f203407c9f47a392d325b743D.jpg_220x220q75.jpg_.avif,https://ae-pic-a1.aliexpress-media.com/kf/Scc22a09c1e76482fae9564a37a06b349n.jpg_220x220q75.jpg_.avif,https://ae-pic-a1.aliexpress-media.com/kf/S335faf0b5fe74f18970685478cb4cdabc.jpg_220x220q75.jpg_.avif","['whether full opening', 'No', 'High-concerned chemical', 'None', 'Applicable Season', 'Autumn And Winter', 'Applicable Scene', 'Daily', 'Hooded', 'No', 'Model Number', 'MY8725', 'Decoration', 'NONE', 'Sleeve Style', 'regular', 'Wool', 'Standard Wool', 'Place Of Origin', 'China (mainland)', 'Pattern Type', 'Solid', 'Item Type', 'Pullovers', 'Sleeve Length(cm)', 'Full', 'Thickness', 'Standard', 'Technics', 'Flat Knitted', 'Material', 'POLYESTER', 'Collar', 'Turn-Down Collar', 'Style', 'Casual', 'Gender', 'Men', 'Brand Name', 'King Billion', 'Origin', 'China Mainland', 'CN', 'Anhui', 'Closure Type', 'None']",https://www.aliexpress.us/item/3256804842492382.html?algo_pvid=0ee5c784-3e96-42d1-9b7d-1ada7507ff00&algo_exp_id=0ee5c784-3e96-42d1-9b7d-1ada7507ff00-26&pdp_ext_f=%7B%22order%22%3A%22111%22%2C%22eval%22%3A%221%22%2C%22fromPage%22%3A%22search%22%7D&pdp_npi=6%40dis%21USD%2131.26%216.44%21%21%21214.11%2144.13%21%40210141f717754606614606080e986d%2112000031392559723%21sea%21US%210%21ABX%211%210%21n_tag%3A-29910%3Bd%3A20f9d216%3Bm03_new_user%3A-29895%3BpisId%3A5000000197847434&curPageLogUid=9Lnf2MlPYYpJ&utparam-url=scene%3Asearch%7Cquery_from%3A%7Cx_object_id%3A1005005028807134%7C_p_origin_prod%3A
2025 New Men's Casual Sweater Round Neck Long Sleeve Knitted Sweater Diamond Pattern Fashion Versatile Top,$5.45,"https://ae-pic-a1.aliexpress-media.com/kf/Sfad56bc8f6614057bb57c1d91ce7a661h.jpg?has_lang=1&ver=2_220x220q75.jpg_.avif,https://ae-pic-a1.aliexpress-media.com/kf/S0534f66352a8464488591051d57f5c88I.jpg_220x220q75.jpg_.avif,https://ae-pic-a1.aliexpress-media.com/kf/Sfffeacfc44e84d94a405b04ce4ef2107u.jpg?has_lang=1&ver=1_220x220q75.jpg_.avif,https://ae-pic-a1.aliexpress-media.com/kf/Sb9df618e94a54b61af08f3707d820142Z.jpg_220x220q75.jpg_.avif,https://ae-pic-a1.aliexpress-media.com/kf/Seed5a80d57d34c2db8e629ed1e544cbdA.jpg?has_lang=1&ver=1_220x220q75.jpg_.avif","['whether full opening', 'No', 'High-concerned chemical', 'None', 'Applicable Season', 'Autumn And Winter', 'Craft of Weaving', 'Knit', 'Applicable Scene', 'CASUAL', 'Hooded', 'No', 'Sleeve Style', 'regular', 'Place Of Origin', 'China (mainland)', 'Item Type', 'Pullovers', 'Sleeve Length(cm)', 'Full', 'Thickness', 'Thick', 'Technics', 'Computer Knitted', 'Material', 'POLYESTER', 'Collar', 'O-Neck', 'Style', 'Casual', 'Gender', 'Men', 'Origin', 'China Mainland', 'Closure Type', 'None']",https://www.aliexpress.us/item/3256809915308894.html?algo_pvid=0ee5c784-3e96-42d1-9b7d-1ada7507ff00&algo_exp_id=0ee5c784-3e96-42d1-9b7d-1ada7507ff00-32&pdp_ext_f=%7B%22order%22%3A%22108%22%2C%22eval%22%3A%221%22%2C%22fromPage%22%3A%22search%22%7D&pdp_npi=6%40dis%21USD%2123.36%211.95%21%21%21160.00%2113.33%21%40210141f717754606614606080e986d%2112000051150097297%21sea%21US%210%21ABX%211%210%21n_tag%3A-29910%3Bd%3A20f9d216%3Bm03_new_user%3A-29895%3BpisId%3A5000000197847434&curPageLogUid=FTLoOrBxAZrf&utparam-url=scene%3Asearch%7Cquery_from%3A%7Cx_object_id%3A1005010101623646%7C_p_origin_prod%3A
Cashmere Cashmere Sweater Men 2025 Autumn Winter Jersey Jumper Robe Hombre Pull Homme Hiver Pullover Men O-neck Knitted Sweaters,$18.53,"https://ae-pic-a1.aliexpress-media.com/kf/S5f0a2a9468be46db8e60624e91ce2bcfQ.jpg_220x220q75.jpg_.avif,https://ae-pic-a1.aliexpress-media.com/kf/S617e13addfaa4df880bb4730d16a5637T.jpg?has_lang=1&ver=1_220x220q75.jpg_.avif,https://ae-pic-a1.aliexpress-media.com/kf/S16cc3f9433c448348a44ab76ea55b70bm.jpg_220x220q75.jpg_.avif,https://ae-pic-a1.aliexpress-media.com/kf/S2f61c12c9cb345f7a4a5f4d3bbed8e45r.jpg_220x220q75.jpg_.avif,https://ae-pic-a1.aliexpress-media.com/kf/S30d6fe57d9bc4f6d9e1e3c3fa83a4045T.jpg_220x220q75.jpg_.avif","['whether full opening', 'No', 'High-concerned chemical', 'None', 'Applicable Season', 'Autumn And Winter', 'Craft of Weaving', 'Knit', 'Applicable Scene', 'Daily', 'Hooded', 'No', 'Model Number', 'sweater', 'Decoration', 'NONE', 'Sleeve Style', 'regular', 'Wool', 'Thin Wool', 'Place Of Origin', 'China (mainland)', 'Pattern Type', 'Solid', 'Item Type', 'Pullovers', 'Sleeve Length(cm)', 'Full', 'Thickness', 'Standard', 'Technics', 'Computer Knitted', 'Material', 'CASHMERE,Viscose', 'Collar', 'O-Neck', 'Style', 'Casual', 'Gender', 'Men', 'Origin', 'Mainland China', 'CN', 'Fujian', 'Closure Type', 'None']",https://www.aliexpress.us/item/3256809592412213.html?algo_pvid=0ee5c784-3e96-42d1-9b7d-1ada7507ff00&algo_exp_id=0ee5c784-3e96-42d1-9b7d-1ada7507ff00-33&pdp_ext_f=%7B%22order%22%3A%22107%22%2C%22eval%22%3A%221%22%2C%22fromPage%22%3A%22search%22%7D&pdp_npi=6%40dis%21USD%2137.82%2118.53%21%21%21259.07%21126.94%21%40210141f717754606614606080e986d%2112000050132434084%21sea%21US%210%21ABX%211%210%21n_tag%3A-29910%3Bd%3A20f9d216%3Bm03_new_user%3A-29895&curPageLogUid=NOpmnLH9rMgW&utparam-url=scene%3Asearch%7Cquery_from%3A%7Cx_object_id%3A1005009778726965%7C_p_origin_prod%3A
Men Turtleneck Sweater Casual Thick Men's Rollneck Knitted Sweater Warm Mens Jumper Woolen Sweater Male Outwear Knitwear 3XL 4XL,$18.84,"https://ae-pic-a1.aliexpress-media.com/kf/Sef9a3ed6d6c44f05b65ad27f876f420a4.jpg_220x220q75.jpg_.avif,https://ae-pic-a1.aliexpress-media.com/kf/S54e85ee081974438b65af46f3eff88b23.jpg_220x220q75.jpg_.avif,https://ae-pic-a1.aliexpress-media.com/kf/Sf8f95569ac354ed4bd163fa5eb7d7589p.jpg_220x220q75.jpg_.avif,https://ae-pic-a1.aliexpress-media.com/kf/S6f62145b959b445bb3ff29cf3397f6e12.jpg_220x220q75.jpg_.avif,https://ae-pic-a1.aliexpress-media.com/kf/Sa11f16e2d11944c7b97cd32a4b58a470a.jpg_220x220q75.jpg_.avif","['whether full opening', 'No', 'High-concerned chemical', 'None', 'Applicable Season', 'Autumn And Winter', 'Applicable Scene', 'Daily', 'Hooded', 'No', 'Decoration', 'NONE', 'Sleeve Style', 'regular', 'Wool', 'Standard Wool', 'Place Of Origin', 'China (mainland)', 'Pattern Type', 'Solid', 'Item Type', 'Pullovers', 'Sleeve Length(cm)', 'Full', 'Thickness', 'Thick', 'Material', 'POLYESTER,Elastane,Wool', 'Collar', 'Turtleneck', 'Style', 'Casual', 'Gender', 'Men', 'Origin', 'China Mainland', 'CN', 'Fujian', 'Closure Type', 'None']",https://www.aliexpress.us/item/3256807515940366.html?algo_pvid=0ee5c784-3e96-42d1-9b7d-1ada7507ff00&algo_exp_id=0ee5c784-3e96-42d1-9b7d-1ada7507ff00-35&pdp_ext_f=%7B%22order%22%3A%22106%22%2C%22eval%22%3A%221%22%2C%22fromPage%22%3A%22search%22%7D&pdp_npi=6%40dis%21USD%2149.67%2123.84%21%21%21340.18%21163.29%21%40210141f717754606614606080e986d%2112000041911700938%21sea%21US%210%21ABX%211%210%21n_tag%3A-29910%3Bd%3A20f9d216%3Bm03_new_user%3A-29895&curPageLogUid=DUQCgnYDQ703&utparam-url=scene%3Asearch%7Cquery_from%3A%7Cx_object_id%3A1005007702255118%7C_p_origin_prod%3A
Men's Sweater Autumn/Winter 100% Wool Sweater Round Neck Long Sleeve Hoodie Loose Solid Color High end Knitted Cashmere Sweaters,$23.96,"https://ae-pic-a1.aliexpress-media.com/kf/S7f1da54c8315465398b980ec6aa444bft.jpg?has_lang=1&ver=2_220x220q75.jpg_.avif,https://ae-pic-a1.aliexpress-media.com/kf/S7f1da54c8315465398b980ec6aa444bft.jpg?has_lang=1&ver=2_220x220q75.jpg_.avif,https://ae-pic-a1.aliexpress-media.com/kf/S4a85a428ee044040b76129fc88298bc2E.jpg_220x220q75.jpg_.avif,https://ae-pic-a1.aliexpress-media.com/kf/S1ebfe33474584ed8a0ef0b4a666ca6d6P.jpg_220x220q75.jpg_.avif,https://ae-pic-a1.aliexpress-media.com/kf/S93b93e22fb1845cbbe5d0648741c77baa.jpg_220x220q75.jpg_.avif","['whether full opening', 'No', 'High-concerned chemical', 'None', 'Craft of Weaving', 'Knit', 'Applicable Season', 'Autumn And Winter', 'Applicable Scene', 'Business', 'Hooded', 'No', 'Model Number', '6060', 'Decoration', 'NONE', 'Sleeve Style', 'regular', 'Wool', 'Thin Wool', 'Place Of Origin', 'China (mainland)', 'Pattern Type', 'Solid', 'Item Type', 'Pullovers', 'Sleeve Length(cm)', 'Full', 'Thickness', 'Standard', 'Technics', 'Computer Knitted', 'Material', 'Wool', 'Collar', 'O-Neck', 'Style', 'Casual', 'Gender', 'Men', 'Brand Name', 'Ganleawort', 'Closure Type', 'None', 'Origin', 'China Mainland', 'CN', 'Hebei']",https://www.aliexpress.us/item/3256807997991890.html?algo_pvid=0ee5c784-3e96-42d1-9b7d-1ada7507ff00&algo_exp_id=0ee5c784-3e96-42d1-9b7d-1ada7507ff00-38&pdp_ext_f=%7B%22order%22%3A%22105%22%2C%22eval%22%3A%221%22%2C%22fromPage%22%3A%22search%22%7D&pdp_npi=6%40dis%21USD%2131.03%2119.46%21%21%21212.53%21133.28%21%40210141f717754606614606080e986d%2112000044151413446%21sea%21US%210%21ABX%211%210%21n_tag%3A-29910%3Bd%3A20f9d216%3Bm03_new_user%3A-29895%3BpisId%3A5000000197847434&curPageLogUid=XTEogVcssYhb&utparam-url=scene%3Asearch%7Cquery_from%3A%7Cx_object_id%3A1005008184306642%7C_p_origin_prod%3A
Autumn Winter Thick Knitted Sweater Men Pullovers Solid Color Zipper Mock Neck Slim Fit Knit Pullovers Men Causal Sweater Man,$14.32,"https://ae-pic-a1.aliexpress-media.com/kf/H8071e5217b5b42638b0faa32b8526a92C.jpg_220x220q75.jpg_.avif,https://ae-pic-a1.aliexpress-media.com/kf/H8071e5217b5b42638b0faa32b8526a92C.jpg_220x220q75.jpg_.avif,https://ae-pic-a1.aliexpress-media.com/kf/S058a6f7f70d34d938aeaa315983b8df3m.jpg_220x220q75.jpg_.avif,https://ae-pic-a1.aliexpress-media.com/kf/S707a2e775c4f4e38991fec37359734fdI.jpg_220x220q75.jpg_.avif,https://ae-pic-a1.aliexpress-media.com/kf/S53c991b730a241068a1f222fcd3d17197.jpg_220x220q75.jpg_.avif","['whether full opening', 'No', 'High-concerned chemical', 'None', 'Applicable Season', 'Autumn And Winter', 'Applicable Scene', 'Daily', 'Hooded', 'No', 'Model Number', '211017SF', 'Decoration', 'NONE', 'Sleeve Style', 'regular', 'Wool', 'Standard Wool', 'Pattern Type', 'Solid', 'Item Type', 'Pullovers', 'Sleeve Length(cm)', 'Full', 'Thickness', 'Thick', 'Technics', 'Computer Knitted', 'Material', 'POLYESTER', 'Collar', 'Mock Neck', 'Style', 'Casual', 'Gender', 'Men', 'Brand Name', 'FAVOCENT', 'Origin', 'China Mainland', 'CN', 'Zhejiang', 'Closure Type', 'Zipper']",https://www.aliexpress.us/item/3256803232647267.html?algo_pvid=0ee5c784-3e96-42d1-9b7d-1ada7507ff00&algo_exp_id=0ee5c784-3e96-42d1-9b7d-1ada7507ff00-39&pdp_ext_f=%7B%22order%22%3A%22105%22%2C%22eval%22%3A%221%22%2C%22fromPage%22%3A%22search%22%7D&pdp_npi=6%40dis%21USD%2119.82%2110.32%21%21%2119.82%2110.32%21%40210141f717754606614606080e986d%2112000025701551599%21sea%21US%210%21ABX%211%210%21n_tag%3A-29910%3Bd%3A20f9d216%3Bm03_new_user%3A-29895%3BpisId%3A5000000197847434&curPageLogUid=45WrLRN06c3p&utparam-url=scene%3Asearch%7Cquery_from%3A%7Cx_object_id%3A1005003418962019%7C_p_origin_prod%3A
AIOPESON Mens V-neck Solid Cotton Pullover Sweaters Long Sleeve Casual Social Knitted Sweaters for Men,$16.76,"https://ae-pic-a1.aliexpress-media.com/kf/Sd91c4163b6734152b81c64f40df0ab29s.jpg_220x220q75.jpg_.avif,https://ae-pic-a1.aliexpress-media.com/kf/Sd91c4163b6734152b81c64f40df0ab29s.jpg_220x220q75.jpg_.avif,https://ae-pic-a1.aliexpress-media.com/kf/Sa8efdef086d24a1f89a2a30a6b1426ebX.png_220x220.png_.avif,https://ae-pic-a1.aliexpress-media.com/kf/S967ea57481ec4e7f8c8f47db4309c3dcX.jpg_220x220q75.jpg_.avif,https://ae-pic-a1.aliexpress-media.com/kf/S224be738faff486585ceea517521812fL.jpg_220x220q75.jpg_.avif","['whether full opening', 'No', 'High-concerned chemical', 'None', 'Applicable Season', 'Autumn And Winter', 'Craft of Weaving', 'Knit', 'Applicable Scene', 'CASUAL', 'Hooded', 'No', 'Model Number', 'VSW-02', 'Decoration', 'NONE', 'Sleeve Style', 'regular', 'Wool', 'Standard Wool', 'Place Of Origin', 'China (mainland)', 'Pattern Type', 'Solid', 'Item Type', 'Pullovers', 'Sleeve Length(cm)', 'Full', 'Thickness', 'Thick', 'Technics', 'Computer Knitted', 'Material', 'Other,COTTON', 'Collar', 'V-Neck', 'Style', 'Casual', 'Gender', 'Men', 'Brand Name', 'AIOPESON', 'Origin', 'China Mainland', 'CN', 'Zhejiang', 'Closure Type', 'None', 'material', '95% cotton 5% elastane']",https://www.aliexpress.us/item/3256807306588229.html?algo_pvid=0ee5c784-3e96-42d1-9b7d-1ada7507ff00&algo_exp_id=0ee5c784-3e96-42d1-9b7d-1ada7507ff00-41&pdp_ext_f=%7B%22order%22%3A%22104%22%2C%22eval%22%3A%221%22%2C%22fromPage%22%3A%22search%22%7D&pdp_npi=6%40dis%21USD%2121.76%2121.76%21%21%2121.76%2121.76%21%40210141f717754606614606080e986d%2112000041282691692%21sea%21US%210%21ABX%211%210%21n_tag%3A-29910%3Bd%3A20f9d216%3Bm03_new_user%3A-29895&curPageLogUid=kODu5ByYH4Z2&utparam-url=scene%3Asearch%7Cquery_from%3A%7Cx_object_id%3A1005007492902981%7C_p_origin_prod%3A
New Men Korean Style Polo Neck Sweater Light Luxury Knitted Long Sleeve Pullover Casual Solid Color Streetwear Leisure Knitwear,$26.08,"https://ae-pic-a1.aliexpress-media.com/kf/S8e92445ba10049a8916f987ddfd7a915e.jpg_220x220q75.jpg_.avif,https://ae-pic-a1.aliexpress-media.com/kf/S315fc0d40e0b46589958cafcbbe74fb93.jpg_220x220q75.jpg_.avif,https://ae-pic-a1.aliexpress-media.com/kf/S72ef1d5a817f40bb84884805bfb5abcfR.jpg_220x220q75.jpg_.avif,https://ae-pic-a1.aliexpress-media.com/kf/S971aa00aaddf4d82812bc9e2598cd58dP.jpg_220x220q75.jpg_.avif,https://ae-pic-a1.aliexpress-media.com/kf/Sd35df35bf5484da985f484b10a4a50edf.jpg_220x220q75.jpg_.avif","['whether full opening', 'No', 'High-concerned chemical', 'None', 'Applicable Season', 'Autumn And Winter', 'Craft of Weaving', 'Knit', 'Applicable Scene', 'CASUAL', 'Hooded', 'No', 'Model Number', 'B089', 'Decoration', 'Button', 'Sleeve Style', 'regular', 'Wool', 'Thin Wool', 'Place Of Origin', 'China (mainland)', 'Pattern Type', 'Solid', 'Item Type', 'Pullovers', 'Sleeve Length(cm)', 'Full', 'Thickness', 'Cotton Liner', 'Technics', 'Flat Knitted', 'Material', 'Viscose', 'Collar', 'Turn-Down Collar', 'Style', 'Korean', 'Gender', 'Men', 'Origin', 'China Mainland', 'CN', 'Guangdong', 'Closure Type', 'Single Breasted', 'Color', 'Black Coffee Beige Grey', 'Type', ""Men's Light Luxury Knit Polo Neck Sweater""]",https://www.aliexpress.us/item/3256807612408411.html?algo_pvid=0ee5c784-3e96-42d1-9b7d-1ada7507ff00&algo_exp_id=0ee5c784-3e96-42d1-9b7d-1ada7507ff00-42&pdp_ext_f=%7B%22order%22%3A%22103%22%2C%22eval%22%3A%221%22%2C%22fromPage%22%3A%22search%22%7D&pdp_npi=6%40dis%21USD%2131.20%2121.58%21%21%21213.69%21147.78%21%40210141f717754606614606080e986d%2112000042239204745%21sea%21US%210%21ABX%211%210%21n_tag%3A-29910%3Bd%3A20f9d216%3Bm03_new_user%3A-29895%3BpisId%3A5000000197847434&curPageLogUid=mmSjYUZC16CI&utparam-url=scene%3Asearch%7Cquery_from%3A%7Cx_object_id%3A1005007798723163%7C_p_origin_prod%3A
New Loose Bottoming Sweater Casual Versatile Striped Pullover Men's Round Neck Sweater,$18.23,"https://ae-pic-a1.aliexpress-media.com/kf/S0ef4ddb1cfc24947a8a4132bc8658260I.jpg_220x220q75.jpg_.avif,https://ae-pic-a1.aliexpress-media.com/kf/S101ec2fa06b54d5abdc24bdb9c359dcc1.jpg_220x220q75.jpg_.avif,https://ae-pic-a1.aliexpress-media.com/kf/S2f1218ffe0dc4d2cbf5826b00dc7804bV.jpg_220x220q75.jpg_.avif,https://ae-pic-a1.aliexpress-media.com/kf/Sb1e0c6a63eda49729fa2feda65355445e.jpg_220x220q75.jpg_.avif,https://ae-pic-a1.aliexpress-media.com/kf/Sf09d7141724843febbfa10b7e5d74c0aT.jpg_220x220q75.jpg_.avif","['whether full opening', 'No', 'High-concerned chemical', 'None', 'Applicable Season', 'Four Seasons', 'Craft of Weaving', 'Knit', 'Applicable Scene', 'Shopping', 'Hooded', 'No', 'Sleeve Style', 'regular', 'Wool', 'Coarse Wool', 'Pattern Type', 'Striped', 'Item Type', 'Pullovers', 'Sleeve Length(cm)', 'Full', 'Thickness', 'Standard', 'Technics', 'Computer Knitted', 'Material', 'POLYESTER', 'Collar', 'O-Neck', 'Style', 'Casual', 'Gender', 'Men', 'Origin', 'China Mainland', 'CN', 'Fujian', 'Closure Type', 'None']",https://www.aliexpress.us/item/3256808049114363.html?algo_pvid=0ee5c784-3e96-42d1-9b7d-1ada7507ff00&algo_exp_id=0ee5c784-3e96-42d1-9b7d-1ada7507ff00-45&pdp_ext_f=%7B%22order%22%3A%22101%22%2C%22spu_best_type%22%3A%22price%22%2C%22eval%22%3A%221%22%2C%22fromPage%22%3A%22search%22%7D&pdp_npi=6%40dis%21USD%2146.46%2113.73%21%21%21318.21%2194.03%21%40210141f717754606614606080e986d%2112000044341208404%21sea%21US%210%21ABX%211%210%21n_tag%3A-29910%3Bd%3A20f9d216%3Bm03_new_user%3A-29895%3BpisId%3A5000000197847434&curPageLogUid=5tZ4uqpHPfSn&utparam-url=scene%3Asearch%7Cquery_from%3A%7Cx_object_id%3A1005008235429115%7C_p_origin_prod%3A
Winter New Fleece Sweater Men Thickened Pullover Striped Velvet Clothing Autumn Winter Crew Neck Jumpers Fashion Knitwear,$16.11,"https://ae-pic-a1.aliexpress-media.com/kf/S452eefa0a8c94754a93e002bcc05b8ef6.jpg_220x220q75.jpg_.avif,https://ae-pic-a1.aliexpress-media.com/kf/S452eefa0a8c94754a93e002bcc05b8ef6.jpg_220x220q75.jpg_.avif,https://ae-pic-a1.aliexpress-media.com/kf/Sba3528539514450ca31d3fac80f4a77ev.jpg_220x220q75.jpg_.avif,https://ae-pic-a1.aliexpress-media.com/kf/S8aedc6d25b954817bc3b3dec0c05e98ct.jpg_220x220q75.jpg_.avif,https://ae-pic-a1.aliexpress-media.com/kf/S092ea48513f849d6ba397e44f15d4f0fN.jpg_220x220q75.jpg_.avif","['whether full opening', 'No', 'High-concerned chemical', 'None', 'Applicable Season', 'Autumn And Winter', 'Applicable Scene', 'Daily', 'Sleeve Style', 'regular', 'Wool', 'Standard Wool', 'Place Of Origin', 'China (mainland)', 'Pattern Type', 'Solid', 'Item Type', 'Pullovers', 'Sleeve Length(cm)', 'Full', 'Thickness', 'Fleece', 'Technics', 'Computer Knitted', 'Material', 'POLYESTER', 'Collar', 'O-Neck', 'Style', 'Korean', 'Gender', 'Men', 'Origin', 'China Mainland', 'CN', 'Jiangsu']",https://www.aliexpress.us/item/3256807135513840.html?algo_pvid=0ee5c784-3e96-42d1-9b7d-1ada7507ff00&algo_exp_id=0ee5c784-3e96-42d1-9b7d-1ada7507ff00-47&pdp_ext_f=%7B%22order%22%3A%2299%22%2C%22spu_best_type%22%3A%22price%22%2C%22eval%22%3A%221%22%2C%22fromPage%22%3A%22search%22%7D&pdp_npi=6%40dis%21USD%2145.03%2121.61%21%21%21308.44%21148.05%21%40210141f717754606614606080e986d%2112000040255339187%21sea%21US%210%21ABX%211%210%21n_tag%3A-29910%3Bd%3A20f9d216%3Bm03_new_user%3A-29895&curPageLogUid=BX6zAIuusvz3&utparam-url=scene%3Asearch%7Cquery_from%3A%7Cx_object_id%3A1005007321828592%7C_p_origin_prod%3A
Sweater Men Autumn Winter Jumper Fleece Thickened New Korean Knitwear O-neck Solid White Black Cold Blouse Bottom Shirt Clothes,$9.99,"https://ae-pic-a1.aliexpress-media.com/kf/Saa7eabf5efa04c85b0bfaa784e5631fa7.jpg_220x220q75.jpg_.avif,https://ae-pic-a1.aliexpress-media.com/kf/Saa7eabf5efa04c85b0bfaa784e5631fa7.jpg_220x220q75.jpg_.avif,https://ae-pic-a1.aliexpress-media.com/kf/Saefdb8a78228438abfa48b86dc316031F.jpg_220x220q75.jpg_.avif,https://ae-pic-a1.aliexpress-media.com/kf/Sbac094d633ee49958899be99e257dccbB.jpg_220x220q75.jpg_.avif,https://ae-pic-a1.aliexpress-media.com/kf/Sa1cff4f68009414e968f2fb5fb85a021u.jpg_220x220q75.jpg_.avif","['whether full opening', 'No', 'High-concerned chemical', 'None', 'Applicable Season', 'Autumn And Winter', 'Applicable Scene', 'Daily', 'Model Number', 'sweaters pullovers', 'Sleeve Style', 'regular', 'Wool', 'Thin Wool', 'Place Of Origin', 'China (mainland)', 'Sleeve Length(cm)', 'Full', 'Thickness', 'Thick', 'Material', 'POLYESTER', 'Collar', 'O-Neck', 'Style', 'Smart Casual', 'Gender', 'Men', 'Origin', 'China Mainland', 'CN', 'Jiangsu']",https://www.aliexpress.us/item/3256805853208350.html?algo_pvid=0ee5c784-3e96-42d1-9b7d-1ada7507ff00&algo_exp_id=0ee5c784-3e96-42d1-9b7d-1ada7507ff00-48&pdp_ext_f=%7B%22order%22%3A%2299%22%2C%22eval%22%3A%221%22%2C%22fromPage%22%3A%22search%22%7D&pdp_npi=6%40dis%21USD%2118.84%210.99%21%21%21129.04%216.75%21%40210141f717754606614606080e986d%2112000035440035637%21sea%21US%210%21ABX%211%210%21n_tag%3A-29910%3Bd%3A20f9d216%3Bm03_new_user%3A-29895%3BpisId%3A5000000197847458&curPageLogUid=JZm098SlPZKL&utparam-url=scene%3Asearch%7Cquery_from%3A%7Cx_object_id%3A1005006039523102%7C_p_origin_prod%3A
Men's Warm Sweatshirts Breathable Casual Sports Hiking Turtleneck Pullover Tops Men's Outdoor Mock Neck Tops Streetwear,$10.80,"https://ae-pic-a1.aliexpress-media.com/kf/S8b40816c88024aaf974a5bed0549104dL.jpg?has_lang=1&ver=1_220x220q75.jpg_.avif,https://ae-pic-a1.aliexpress-media.com/kf/S8b40816c88024aaf974a5bed0549104dL.jpg?has_lang=1&ver=1_220x220q75.jpg_.avif,https://ae-pic-a1.aliexpress-media.com/kf/Se451f9bc08d54a468a12d6d07254faeb5.jpg_220x220q75.jpg_.avif,https://ae-pic-a1.aliexpress-media.com/kf/S0ca7cf9d943e4478a44c2daceb1ac9d08.jpg_220x220q75.jpg_.avif,https://ae-pic-a1.aliexpress-media.com/kf/Saa536531b50b449da944b5855026068cf.jpg?has_lang=1&ver=1_220x220q75.jpg_.avif","['whether full opening', 'No', 'High-concerned chemical', 'None', 'Applicable Season', 'Autumn And Winter', 'Craft of Weaving', 'Knit', 'Applicable Scene', 'Daily', 'Hooded', 'No', 'Sleeve Style', 'regular', 'Place Of Origin', 'China (mainland)', 'Pattern Type', 'Solid', 'Item Type', 'Pullovers', 'Sleeve Length(cm)', 'Full', 'Thickness', 'Standard', 'Material', 'POLYESTER', 'Collar', 'Turtleneck', 'Style', 'Casual', 'Gender', 'Men', 'Brand Name', 'WHWR', 'Origin', 'Mainland China', 'CN', 'Fujian', 'Closure Type', 'Zipper']",https://www.aliexpress.us/item/3256809614443102.html?algo_pvid=0ee5c784-3e96-42d1-9b7d-1ada7507ff00&algo_exp_id=0ee5c784-3e96-42d1-9b7d-1ada7507ff00-50&pdp_ext_f=%7B%22order%22%3A%2298%22%2C%22spu_best_type%22%3A%22price%22%2C%22eval%22%3A%221%22%2C%22fromPage%22%3A%22search%22%7D&pdp_npi=6%40dis%21USD%2122.98%2110.80%21%21%21157.38%2173.97%21%40210141f717754606614606080e986d%2112000050209094961%21sea%21US%210%21ABX%211%210%21n_tag%3A-29910%3Bd%3A20f9d216%3Bm03_new_user%3A-29895&curPageLogUid=PGfDnoE5AqTH&utparam-url=scene%3Asearch%7Cquery_from%3A%7Cx_object_id%3A1005009800757854%7C_p_origin_prod%3A
Men's Turtleneck 100% Mink Cashmere Sweater Men 2025 Autumn and Winter Large Size Loose Knitted Sweater Keep Warm Top Men Jumper,$35.92,"https://ae-pic-a1.aliexpress-media.com/kf/Sf708743c7f504641ade99278f15b7638B.jpg_220x220q75.jpg_.avif,https://ae-pic-a1.aliexpress-media.com/kf/Sf708743c7f504641ade99278f15b7638B.jpg_220x220q75.jpg_.avif,https://ae-pic-a1.aliexpress-media.com/kf/S3a124bae11a24ddd85744cbfa56e5515Z.jpg_220x220q75.jpg_.avif,https://ae-pic-a1.aliexpress-media.com/kf/Se4bdbaa1d96040f4a9a98a886dcfc89eB.jpg?has_lang=1&ver=1_220x220q75.jpg_.avif,https://ae-pic-a1.aliexpress-media.com/kf/S37e6ddf798d744c787164dac671fb0dfX.jpg_220x220q75.jpg_.avif","['whether full opening', 'No', 'High-concerned chemical', 'None', 'Applicable Season', 'Autumn And Winter', 'Craft of Weaving', 'Knit', 'Applicable Scene', 'CASUAL', 'Hooded', 'No', 'Model Number', 'DBR21027', 'Decoration', 'NONE', 'Sleeve Style', 'regular', 'Wool', 'Standard Wool', 'Place Of Origin', 'China (mainland)', 'Pattern Type', 'Solid', 'Item Type', 'Pullovers', 'Sleeve Length(cm)', 'Full', 'Thickness', 'Standard', 'Technics', 'Flat Knitted', 'Material', 'Other', 'Collar', 'Turtleneck', 'Style', 'Casual', 'Gender', 'Men', 'Brand Name', 'Snaoutofit', 'Origin', 'China Mainland', 'CN', 'Hebei', 'Closure Type', 'None']",https://www.aliexpress.us/item/3256804777752053.html?algo_pvid=0ee5c784-3e96-42d1-9b7d-1ada7507ff00&algo_exp_id=0ee5c784-3e96-42d1-9b7d-1ada7507ff00-51&pdp_ext_f=%7B%22order%22%3A%2298%22%2C%22eval%22%3A%221%22%2C%22fromPage%22%3A%22search%22%7D&pdp_npi=6%40dis%21USD%2185.26%2140.92%21%21%2185.26%2140.92%21%40210141f717754606614606080e986d%2112000031176227574%21sea%21US%210%21ABX%211%210%21n_tag%3A-29910%3Bd%3A20f9d216%3Bm03_new_user%3A-29895&curPageLogUid=g135941Q3viH&utparam-url=scene%3Asearch%7Cquery_from%3A%7Cx_object_id%3A1005004964066805%7C_p_origin_prod%3A
Autumn Mens Knit Pullover Sweater Lapel Slim Fit Button Pullover HeavyWeight Polo Sweaters Outdoor Winter Warm Solid Streetwear,$12.92,"https://ae-pic-a1.aliexpress-media.com/kf/S2f4752a68c7c4df78e2f46a2cee99f74o.jpg_220x220q75.jpg_.avif,https://ae-pic-a1.aliexpress-media.com/kf/Sb7e3633107cb43f38fc38c7cce33f198y.jpg_220x220q75.jpg_.avif,https://ae-pic-a1.aliexpress-media.com/kf/S6b06c98235ea41c3b1e69164b18e4896g.jpg_220x220q75.jpg_.avif,https://ae-pic-a1.aliexpress-media.com/kf/S7cc1e0e708e84efc8c479fd8ea98a336c.jpg_220x220q75.jpg_.avif,https://ae-pic-a1.aliexpress-media.com/kf/S5a3099836ab74ab2829a399ed605720aF.jpg_220x220q75.jpg_.avif","['whether full opening', 'No', 'High-concerned chemical', 'None', 'Applicable Season', 'Autumn And Winter', 'Applicable Scene', 'CASUAL', 'Hooded', 'No', 'Sleeve Style', 'regular', 'Wool', 'Standard Wool', 'Pattern Type', 'Solid', 'Item Type', 'Pullovers', 'Sleeve Length(cm)', 'Full', 'Thickness', 'Standard', 'Material', 'POLYESTER,Nylon,Rayon', 'Collar', 'Turn-Down Collar', 'Style', 'Smart Casual', 'Gender', 'Men', 'Brand Name', 'ANIMAL GAME', 'Origin', 'China Mainland', 'CN', 'Zhejiang', 'Closure Type', 'Single Breasted', 'Support', 'Drop Shipping']",https://www.aliexpress.us/item/3256809742535976.html?algo_pvid=0ee5c784-3e96-42d1-9b7d-1ada7507ff00&algo_exp_id=0ee5c784-3e96-42d1-9b7d-1ada7507ff00-52&pdp_ext_f=%7B%22order%22%3A%2297%22%2C%22spu_best_type%22%3A%22price%22%2C%22eval%22%3A%221%22%2C%22fromPage%22%3A%22search%22%7D&pdp_npi=6%40dis%21USD%2136.83%218.92%21%21%21252.23%2161.04%21%40210141f717754606614606080e986d%2112000050603452195%21sea%21US%210%21ABX%211%210%21n_tag%3A-29910%3Bd%3A20f9d216%3Bm03_new_user%3A-29895%3BpisId%3A5000000197847434&curPageLogUid=pWkfVtB0fNsS&utparam-url=scene%3Asearch%7Cquery_from%3A%7Cx_object_id%3A1005009928850728%7C_p_origin_prod%3A
LHZSYY 100%Merino Wool Hot Cardigans Men Lapel Pullover Long Sleeve POLO Neck Sweaters Loose Tops Knit Clothing Large Size Shirt,$40.31,"https://ae-pic-a1.aliexpress-media.com/kf/Sfa77836228984f7ba0241eafdf9f25472.jpg_220x220q75.jpg_.avif,https://ae-pic-a1.aliexpress-media.com/kf/Sfa77836228984f7ba0241eafdf9f25472.jpg_220x220q75.jpg_.avif,https://ae-pic-a1.aliexpress-media.com/kf/Se159e0e7f4d249d39d5de8b66c7404a5r.jpg_220x220q75.jpg_.avif,https://ae-pic-a1.aliexpress-media.com/kf/Sdff904978dd14aa896be57878d5ec9a6t.jpg_220x220q75.jpg_.avif,https://ae-pic-a1.aliexpress-media.com/kf/S9470562552a84cc1aec2ec750e989e2bV.jpg_220x220q75.jpg_.avif","['whether full opening', 'No', 'High-concerned chemical', 'None', 'Applicable Season', 'Spring And Autumn', 'Craft of Weaving', 'Knit', 'Applicable Scene', 'Business', 'Hooded', 'No', 'Model Number', 'YJ-1815', 'Decoration', 'Button', 'Sleeve Style', 'regular', 'Wool', 'Standard Wool', 'Place Of Origin', 'China (mainland)', 'Pattern Type', 'Solid', 'Item Type', 'Pullovers', 'Sleeve Length(cm)', 'Full', 'Thickness', 'Standard', 'Technics', 'Computer Knitted', 'Material', 'Wool', 'Collar', 'Turn-Down Collar', 'Style', 'Smart Casual', 'Gender', 'Men', 'Brand Name', 'LHZSYY', 'Origin', 'China Mainland', 'CN', 'Hebei', 'Closure Type', 'None']",https://www.aliexpress.us/item/3256805735826027.html?algo_pvid=0ee5c784-3e96-42d1-9b7d-1ada7507ff00&algo_exp_id=0ee5c784-3e96-42d1-9b7d-1ada7507ff00-53&pdp_ext_f=%7B%22order%22%3A%2297%22%2C%22eval%22%3A%221%22%2C%22fromPage%22%3A%22search%22%7D&pdp_npi=6%40dis%21USD%2146.77%2135.81%21%21%2146.77%2135.81%21%40210141f717754606614606080e986d%2112000034864577030%21sea%21US%210%21ABX%211%210%21n_tag%3A-29910%3Bd%3A20f9d216%3Bm03_new_user%3A-29895%3BpisId%3A5000000197847434&curPageLogUid=0gXMA7H0rrYb&utparam-url=scene%3Asearch%7Cquery_from%3A%7Cx_object_id%3A1005005922140779%7C_p_origin_prod%3A
Autumn Winter Thick Knitted Sweater Men Pullovers Solid Color Zipper Mock Neck Slim Fit Knit Pullovers Men Causal Sweater Man,$14.32,"https://ae-pic-a1.aliexpress-media.com/kf/H8071e5217b5b42638b0faa32b8526a92C.jpg_220x220q75.jpg_.avif,https://ae-pic-a1.aliexpress-media.com/kf/H8071e5217b5b42638b0faa32b8526a92C.jpg_220x220q75.jpg_.avif,https://ae-pic-a1.aliexpress-media.com/kf/S058a6f7f70d34d938aeaa315983b8df3m.jpg_220x220q75.jpg_.avif,https://ae-pic-a1.aliexpress-media.com/kf/S707a2e775c4f4e38991fec37359734fdI.jpg_220x220q75.jpg_.avif,https://ae-pic-a1.aliexpress-media.com/kf/S53c991b730a241068a1f222fcd3d17197.jpg_220x220q75.jpg_.avif","['whether full opening', 'No', 'High-concerned chemical', 'None', 'Applicable Season', 'Autumn And Winter', 'Applicable Scene', 'Daily', 'Hooded', 'No', 'Model Number', '211017SF', 'Decoration', 'NONE', 'Sleeve Style', 'regular', 'Wool', 'Standard Wool', 'Pattern Type', 'Solid', 'Item Type', 'Pullovers', 'Sleeve Length(cm)', 'Full', 'Thickness', 'Thick', 'Technics', 'Computer Knitted', 'Material', 'POLYESTER', 'Collar', 'Mock Neck', 'Style', 'Casual', 'Gender', 'Men', 'Brand Name', 'FAVOCENT', 'Origin', 'China Mainland', 'CN', 'Zhejiang', 'Closure Type', 'Zipper']",https://www.aliexpress.us/item/3256803232647267.html?algo_pvid=0ee5c784-3e96-42d1-9b7d-1ada7507ff00&algo_exp_id=0ee5c784-3e96-42d1-9b7d-1ada7507ff00-39&pdp_ext_f=%7B%22order%22%3A%22105%22%2C%22eval%22%3A%221%22%2C%22fromPage%22%3A%22search%22%7D&pdp_npi=6%40dis%21USD%2119.82%2110.32%21%21%2119.82%2110.32%21%40210141f717754606614606080e986d%2112000025701551599%21sea%21US%210%21ABX%211%210%21n_tag%3A-29910%3Bd%3A20f9d216%3Bm03_new_user%3A-29895%3BpisId%3A5000000197847434&curPageLogUid=45WrLRN06c3p&utparam-url=scene%3Asearch%7Cquery_from%3A%7Cx_object_id%3A1005003418962019%7C_p_origin_prod%3A
AIOPESON Mens V-neck Solid Cotton Pullover Sweaters Long Sleeve Casual Social Knitted Sweaters for Men,$16.76,"https://ae-pic-a1.aliexpress-media.com/kf/Sd91c4163b6734152b81c64f40df0ab29s.jpg_220x220q75.jpg_.avif,https://ae-pic-a1.aliexpress-media.com/kf/Sd91c4163b6734152b81c64f40df0ab29s.jpg_220x220q75.jpg_.avif,https://ae-pic-a1.aliexpress-media.com/kf/Sa8efdef086d24a1f89a2a30a6b1426ebX.png_220x220.png_.avif,https://ae-pic-a1.aliexpress-media.com/kf/S967ea57481ec4e7f8c8f47db4309c3dcX.jpg_220x220q75.jpg_.avif,https://ae-pic-a1.aliexpress-media.com/kf/S224be738faff486585ceea517521812fL.jpg_220x220q75.jpg_.avif","['whether full opening', 'No', 'High-concerned chemical', 'None', 'Applicable Season', 'Autumn And Winter', 'Craft of Weaving', 'Knit', 'Applicable Scene', 'CASUAL', 'Hooded', 'No', 'Model Number', 'VSW-02', 'Decoration', 'NONE', 'Sleeve Style', 'regular', 'Wool', 'Standard Wool', 'Place Of Origin', 'China (mainland)', 'Pattern Type', 'Solid', 'Item Type', 'Pullovers', 'Sleeve Length(cm)', 'Full', 'Thickness', 'Thick', 'Technics', 'Computer Knitted', 'Material', 'Other,COTTON', 'Collar', 'V-Neck', 'Style', 'Casual', 'Gender', 'Men', 'Brand Name', 'AIOPESON', 'Origin', 'China Mainland', 'CN', 'Zhejiang', 'Closure Type', 'None', 'material', '95% cotton 5% elastane']",https://www.aliexpress.us/item/3256807306588229.html?algo_pvid=0ee5c784-3e96-42d1-9b7d-1ada7507ff00&algo_exp_id=0ee5c784-3e96-42d1-9b7d-1ada7507ff00-41&pdp_ext_f=%7B%22order%22%3A%22104%22%2C%22eval%22%3A%221%22%2C%22fromPage%22%3A%22search%22%7D&pdp_npi=6%40dis%21USD%2121.76%2121.76%21%21%2121.76%2121.76%21%40210141f717754606614606080e986d%2112000041282691692%21sea%21US%210%21ABX%211%210%21n_tag%3A-29910%3Bd%3A20f9d216%3Bm03_new_user%3A-29895&curPageLogUid=kODu5ByYH4Z2&utparam-url=scene%3Asearch%7Cquery_from%3A%7Cx_object_id%3A1005007492902981%7C_p_origin_prod%3A
New Men Korean Style Polo Neck Sweater Light Luxury Knitted Long Sleeve Pullover Casual Solid Color Streetwear Leisure Knitwear,$26.08,"https://ae-pic-a1.aliexpress-media.com/kf/S8e92445ba10049a8916f987ddfd7a915e.jpg_220x220q75.jpg_.avif,https://ae-pic-a1.aliexpress-media.com/kf/S315fc0d40e0b46589958cafcbbe74fb93.jpg_220x220q75.jpg_.avif,https://ae-pic-a1.aliexpress-media.com/kf/S72ef1d5a817f40bb84884805bfb5abcfR.jpg_220x220q75.jpg_.avif,https://ae-pic-a1.aliexpress-media.com/kf/S971aa00aaddf4d82812bc9e2598cd58dP.jpg_220x220q75.jpg_.avif,https://ae-pic-a1.aliexpress-media.com/kf/Sd35df35bf5484da985f484b10a4a50edf.jpg_220x220q75.jpg_.avif","['whether full opening', 'No', 'High-concerned chemical', 'None', 'Applicable Season', 'Autumn And Winter', 'Craft of Weaving', 'Knit', 'Applicable Scene', 'CASUAL', 'Hooded', 'No', 'Model Number', 'B089', 'Decoration', 'Button', 'Sleeve Style', 'regular', 'Wool', 'Thin Wool', 'Place Of Origin', 'China (mainland)', 'Pattern Type', 'Solid', 'Item Type', 'Pullovers', 'Sleeve Length(cm)', 'Full', 'Thickness', 'Cotton Liner', 'Technics', 'Flat Knitted', 'Material', 'Viscose', 'Collar', 'Turn-Down Collar', 'Style', 'Korean', 'Gender', 'Men', 'Origin', 'China Mainland', 'CN', 'Guangdong', 'Closure Type', 'Single Breasted', 'Color', 'Black Coffee Beige Grey', 'Type', ""Men's Light Luxury Knit Polo Neck Sweater""]",https://www.aliexpress.us/item/3256807612408411.html?algo_pvid=0ee5c784-3e96-42d1-9b7d-1ada7507ff00&algo_exp_id=0ee5c784-3e96-42d1-9b7d-1ada7507ff00-42&pdp_ext_f=%7B%22order%22%3A%22103%22%2C%22eval%22%3A%221%22%2C%22fromPage%22%3A%22search%22%7D&pdp_npi=6%40dis%21USD%2131.20%2121.58%21%21%21213.69%21147.78%21%40210141f717754606614606080e986d%2112000042239204745%21sea%21US%210%21ABX%211%210%21n_tag%3A-29910%3Bd%3A20f9d216%3Bm03_new_user%3A-29895%3BpisId%3A5000000197847434&curPageLogUid=mmSjYUZC16CI&utparam-url=scene%3Asearch%7Cquery_from%3A%7Cx_object_id%3A1005007798723163%7C_p_origin_prod%3A
New Loose Bottoming Sweater Casual Versatile Striped Pullover Men's Round Neck Sweater,$18.23,"https://ae-pic-a1.aliexpress-media.com/kf/S0ef4ddb1cfc24947a8a4132bc8658260I.jpg_220x220q75.jpg_.avif,https://ae-pic-a1.aliexpress-media.com/kf/S101ec2fa06b54d5abdc24bdb9c359dcc1.jpg_220x220q75.jpg_.avif,https://ae-pic-a1.aliexpress-media.com/kf/S2f1218ffe0dc4d2cbf5826b00dc7804bV.jpg_220x220q75.jpg_.avif,https://ae-pic-a1.aliexpress-media.com/kf/Sb1e0c6a63eda49729fa2feda65355445e.jpg_220x220q75.jpg_.avif,https://ae-pic-a1.aliexpress-media.com/kf/Sf09d7141724843febbfa10b7e5d74c0aT.jpg_220x220q75.jpg_.avif","['whether full opening', 'No', 'High-concerned chemical', 'None', 'Applicable Season', 'Four Seasons', 'Craft of Weaving', 'Knit', 'Applicable Scene', 'Shopping', 'Hooded', 'No', 'Sleeve Style', 'regular', 'Wool', 'Coarse Wool', 'Pattern Type', 'Striped', 'Item Type', 'Pullovers', 'Sleeve Length(cm)', 'Full', 'Thickness', 'Standard', 'Technics', 'Computer Knitted', 'Material', 'POLYESTER', 'Collar', 'O-Neck', 'Style', 'Casual', 'Gender', 'Men', 'Origin', 'China Mainland', 'CN', 'Fujian', 'Closure Type', 'None']",https://www.aliexpress.us/item/3256808049114363.html?algo_pvid=0ee5c784-3e96-42d1-9b7d-1ada7507ff00&algo_exp_id=0ee5c784-3e96-42d1-9b7d-1ada7507ff00-45&pdp_ext_f=%7B%22order%22%3A%22101%22%2C%22spu_best_type%22%3A%22price%22%2C%22eval%22%3A%221%22%2C%22fromPage%22%3A%22search%22%7D&pdp_npi=6%40dis%21USD%2146.46%2113.73%21%21%21318.21%2194.03%21%40210141f717754606614606080e986d%2112000044341208404%21sea%21US%210%21ABX%211%210%21n_tag%3A-29910%3Bd%3A20f9d216%3Bm03_new_user%3A-29895%3BpisId%3A5000000197847434&curPageLogUid=5tZ4uqpHPfSn&utparam-url=scene%3Asearch%7Cquery_from%3A%7Cx_object_id%3A1005008235429115%7C_p_origin_prod%3A
Winter New Fleece Sweater Men Thickened Pullover Striped Velvet Clothing Autumn Winter Crew Neck Jumpers Fashion Knitwear,$16.11,"https://ae-pic-a1.aliexpress-media.com/kf/S452eefa0a8c94754a93e002bcc05b8ef6.jpg_220x220q75.jpg_.avif,https://ae-pic-a1.aliexpress-media.com/kf/S452eefa0a8c94754a93e002bcc05b8ef6.jpg_220x220q75.jpg_.avif,https://ae-pic-a1.aliexpress-media.com/kf/Sba3528539514450ca31d3fac80f4a77ev.jpg_220x220q75.jpg_.avif,https://ae-pic-a1.aliexpress-media.com/kf/S8aedc6d25b954817bc3b3dec0c05e98ct.jpg_220x220q75.jpg_.avif,https://ae-pic-a1.aliexpress-media.com/kf/S092ea48513f849d6ba397e44f15d4f0fN.jpg_220x220q75.jpg_.avif","['whether full opening', 'No', 'High-concerned chemical', 'None', 'Applicable Season', 'Autumn And Winter', 'Applicable Scene', 'Daily', 'Sleeve Style', 'regular', 'Wool', 'Standard Wool', 'Place Of Origin', 'China (mainland)', 'Pattern Type', 'Solid', 'Item Type', 'Pullovers', 'Sleeve Length(cm)', 'Full', 'Thickness', 'Fleece', 'Technics', 'Computer Knitted', 'Material', 'POLYESTER', 'Collar', 'O-Neck', 'Style', 'Korean', 'Gender', 'Men', 'Origin', 'China Mainland', 'CN', 'Jiangsu']",https://www.aliexpress.us/item/3256807135513840.html?algo_pvid=0ee5c784-3e96-42d1-9b7d-1ada7507ff00&algo_exp_id=0ee5c784-3e96-42d1-9b7d-1ada7507ff00-47&pdp_ext_f=%7B%22order%22%3A%2299%22%2C%22spu_best_type%22%3A%22price%22%2C%22eval%22%3A%221%22%2C%22fromPage%22%3A%22search%22%7D&pdp_npi=6%40dis%21USD%2145.03%2121.61%21%21%21308.44%21148.05%21%40210141f717754606614606080e986d%2112000040255339187%21sea%21US%210%21ABX%211%210%21n_tag%3A-29910%3Bd%3A20f9d216%3Bm03_new_user%3A-29895&curPageLogUid=BX6zAIuusvz3&utparam-url=scene%3Asearch%7Cquery_from%3A%7Cx_object_id%3A1005007321828592%7C_p_origin_prod%3A
Sweater Men Autumn Winter Jumper Fleece Thickened New Korean Knitwear O-neck Solid White Black Cold Blouse Bottom Shirt Clothes,$9.99,"https://ae-pic-a1.aliexpress-media.com/kf/Saa7eabf5efa04c85b0bfaa784e5631fa7.jpg_220x220q75.jpg_.avif,https://ae-pic-a1.aliexpress-media.com/kf/Saa7eabf5efa04c85b0bfaa784e5631fa7.jpg_220x220q75.jpg_.avif,https://ae-pic-a1.aliexpress-media.com/kf/Saefdb8a78228438abfa48b86dc316031F.jpg_220x220q75.jpg_.avif,https://ae-pic-a1.aliexpress-media.com/kf/Sbac094d633ee49958899be99e257dccbB.jpg_220x220q75.jpg_.avif,https://ae-pic-a1.aliexpress-media.com/kf/Sa1cff4f68009414e968f2fb5fb85a021u.jpg_220x220q75.jpg_.avif","['whether full opening', 'No', 'High-concerned chemical', 'None', 'Applicable Season', 'Autumn And Winter', 'Applicable Scene', 'Daily', 'Model Number', 'sweaters pullovers', 'Sleeve Style', 'regular', 'Wool', 'Thin Wool', 'Place Of Origin', 'China (mainland)', 'Sleeve Length(cm)', 'Full', 'Thickness', 'Thick', 'Material', 'POLYESTER', 'Collar', 'O-Neck', 'Style', 'Smart Casual', 'Gender', 'Men', 'Origin', 'China Mainland', 'CN', 'Jiangsu']",https://www.aliexpress.us/item/3256805853208350.html?algo_pvid=0ee5c784-3e96-42d1-9b7d-1ada7507ff00&algo_exp_id=0ee5c784-3e96-42d1-9b7d-1ada7507ff00-48&pdp_ext_f=%7B%22order%22%3A%2299%22%2C%22eval%22%3A%221%22%2C%22fromPage%22%3A%22search%22%7D&pdp_npi=6%40dis%21USD%2118.84%210.99%21%21%21129.04%216.75%21%40210141f717754606614606080e986d%2112000035440035637%21sea%21US%210%21ABX%211%210%21n_tag%3A-29910%3Bd%3A20f9d216%3Bm03_new_user%3A-29895%3BpisId%3A5000000197847458&curPageLogUid=JZm098SlPZKL&utparam-url=scene%3Asearch%7Cquery_from%3A%7Cx_object_id%3A1005006039523102%7C_p_origin_prod%3A
Men's Warm Sweatshirts Breathable Casual Sports Hiking Turtleneck Pullover Tops Men's Outdoor Mock Neck Tops Streetwear,$10.80,"https://ae-pic-a1.aliexpress-media.com/kf/S8b40816c88024aaf974a5bed0549104dL.jpg?has_lang=1&ver=1_220x220q75.jpg_.avif,https://ae-pic-a1.aliexpress-media.com/kf/S8b40816c88024aaf974a5bed0549104dL.jpg?has_lang=1&ver=1_220x220q75.jpg_.avif,https://ae-pic-a1.aliexpress-media.com/kf/Se451f9bc08d54a468a12d6d07254faeb5.jpg_220x220q75.jpg_.avif,https://ae-pic-a1.aliexpress-media.com/kf/S0ca7cf9d943e4478a44c2daceb1ac9d08.jpg_220x220q75.jpg_.avif,https://ae-pic-a1.aliexpress-media.com/kf/Saa536531b50b449da944b5855026068cf.jpg?has_lang=1&ver=1_220x220q75.jpg_.avif","['whether full opening', 'No', 'High-concerned chemical', 'None', 'Applicable Season', 'Autumn And Winter', 'Craft of Weaving', 'Knit', 'Applicable Scene', 'Daily', 'Hooded', 'No', 'Sleeve Style', 'regular', 'Place Of Origin', 'China (mainland)', 'Pattern Type', 'Solid', 'Item Type', 'Pullovers', 'Sleeve Length(cm)', 'Full', 'Thickness', 'Standard', 'Material', 'POLYESTER', 'Collar', 'Turtleneck', 'Style', 'Casual', 'Gender', 'Men', 'Brand Name', 'WHWR', 'Origin', 'Mainland China', 'CN', 'Fujian', 'Closure Type', 'Zipper']",https://www.aliexpress.us/item/3256809614443102.html?algo_pvid=0ee5c784-3e96-42d1-9b7d-1ada7507ff00&algo_exp_id=0ee5c784-3e96-42d1-9b7d-1ada7507ff00-50&pdp_ext_f=%7B%22order%22%3A%2298%22%2C%22spu_best_type%22%3A%22price%22%2C%22eval%22%3A%221%22%2C%22fromPage%22%3A%22search%22%7D&pdp_npi=6%40dis%21USD%2122.98%2110.80%21%21%21157.38%2173.97%21%40210141f717754606614606080e986d%2112000050209094961%21sea%21US%210%21ABX%211%210%21n_tag%3A-29910%3Bd%3A20f9d216%3Bm03_new_user%3A-29895&curPageLogUid=PGfDnoE5AqTH&utparam-url=scene%3Asearch%7Cquery_from%3A%7Cx_object_id%3A1005009800757854%7C_p_origin_prod%3A
Men's Turtleneck 100% Mink Cashmere Sweater Men 2025 Autumn and Winter Large Size Loose Knitted Sweater Keep Warm Top Men Jumper,$35.92,"https://ae-pic-a1.aliexpress-media.com/kf/Sf708743c7f504641ade99278f15b7638B.jpg_220x220q75.jpg_.avif,https://ae-pic-a1.aliexpress-media.com/kf/Sf708743c7f504641ade99278f15b7638B.jpg_220x220q75.jpg_.avif,https://ae-pic-a1.aliexpress-media.com/kf/S3a124bae11a24ddd85744cbfa56e5515Z.jpg_220x220q75.jpg_.avif,https://ae-pic-a1.aliexpress-media.com/kf/Se4bdbaa1d96040f4a9a98a886dcfc89eB.jpg?has_lang=1&ver=1_220x220q75.jpg_.avif,https://ae-pic-a1.aliexpress-media.com/kf/S37e6ddf798d744c787164dac671fb0dfX.jpg_220x220q75.jpg_.avif","['whether full opening', 'No', 'High-concerned chemical', 'None', 'Applicable Season', 'Autumn And Winter', 'Craft of Weaving', 'Knit', 'Applicable Scene', 'CASUAL', 'Hooded', 'No', 'Model Number', 'DBR21027', 'Decoration', 'NONE', 'Sleeve Style', 'regular', 'Wool', 'Standard Wool', 'Place Of Origin', 'China (mainland)', 'Pattern Type', 'Solid', 'Item Type', 'Pullovers', 'Sleeve Length(cm)', 'Full', 'Thickness', 'Standard', 'Technics', 'Flat Knitted', 'Material', 'Other', 'Collar', 'Turtleneck', 'Style', 'Casual', 'Gender', 'Men', 'Brand Name', 'Snaoutofit', 'Origin', 'China Mainland', 'CN', 'Hebei', 'Closure Type', 'None']",https://www.aliexpress.us/item/3256804777752053.html?algo_pvid=0ee5c784-3e96-42d1-9b7d-1ada7507ff00&algo_exp_id=0ee5c784-3e96-42d1-9b7d-1ada7507ff00-51&pdp_ext_f=%7B%22order%22%3A%2298%22%2C%22eval%22%3A%221%22%2C%22fromPage%22%3A%22search%22%7D&pdp_npi=6%40dis%21USD%2185.26%2140.92%21%21%2185.26%2140.92%21%40210141f717754606614606080e986d%2112000031176227574%21sea%21US%210%21ABX%211%210%21n_tag%3A-29910%3Bd%3A20f9d216%3Bm03_new_user%3A-29895&curPageLogUid=g135941Q3viH&utparam-url=scene%3Asearch%7Cquery_from%3A%7Cx_object_id%3A1005004964066805%7C_p_origin_prod%3A
Autumn Mens Knit Pullover Sweater Lapel Slim Fit Button Pullover HeavyWeight Polo Sweaters Outdoor Winter Warm Solid Streetwear,$12.92,"https://ae-pic-a1.aliexpress-media.com/kf/S2f4752a68c7c4df78e2f46a2cee99f74o.jpg_220x220q75.jpg_.avif,https://ae-pic-a1.aliexpress-media.com/kf/Sb7e3633107cb43f38fc38c7cce33f198y.jpg_220x220q75.jpg_.avif,https://ae-pic-a1.aliexpress-media.com/kf/S6b06c98235ea41c3b1e69164b18e4896g.jpg_220x220q75.jpg_.avif,https://ae-pic-a1.aliexpress-media.com/kf/S7cc1e0e708e84efc8c479fd8ea98a336c.jpg_220x220q75.jpg_.avif,https://ae-pic-a1.aliexpress-media.com/kf/S5a3099836ab74ab2829a399ed605720aF.jpg_220x220q75.jpg_.avif","['whether full opening', 'No', 'High-concerned chemical', 'None', 'Applicable Season', 'Autumn And Winter', 'Applicable Scene', 'CASUAL', 'Hooded', 'No', 'Sleeve Style', 'regular', 'Wool', 'Standard Wool', 'Pattern Type', 'Solid', 'Item Type', 'Pullovers', 'Sleeve Length(cm)', 'Full', 'Thickness', 'Standard', 'Material', 'POLYESTER,Nylon,Rayon', 'Collar', 'Turn-Down Collar', 'Style', 'Smart Casual', 'Gender', 'Men', 'Brand Name', 'ANIMAL GAME', 'Origin', 'China Mainland', 'CN', 'Zhejiang', 'Closure Type', 'Single Breasted', 'Support', 'Drop Shipping']",https://www.aliexpress.us/item/3256809742535976.html?algo_pvid=0ee5c784-3e96-42d1-9b7d-1ada7507ff00&algo_exp_id=0ee5c784-3e96-42d1-9b7d-1ada7507ff00-52&pdp_ext_f=%7B%22order%22%3A%2297%22%2C%22spu_best_type%22%3A%22price%22%2C%22eval%22%3A%221%22%2C%22fromPage%22%3A%22search%22%7D&pdp_npi=6%40dis%21USD%2136.83%218.92%21%21%21252.23%2161.04%21%40210141f717754606614606080e986d%2112000050603452195%21sea%21US%210%21ABX%211%210%21n_tag%3A-29910%3Bd%3A20f9d216%3Bm03_new_user%3A-29895%3BpisId%3A5000000197847434&curPageLogUid=pWkfVtB0fNsS&utparam-url=scene%3Asearch%7Cquery_from%3A%7Cx_object_id%3A1005009928850728%7C_p_origin_prod%3A
LHZSYY 100%Merino Wool Hot Cardigans Men Lapel Pullover Long Sleeve POLO Neck Sweaters Loose Tops Knit Clothing Large Size Shirt,$40.31,"https://ae-pic-a1.aliexpress-media.com/kf/Sfa77836228984f7ba0241eafdf9f25472.jpg_220x220q75.jpg_.avif,https://ae-pic-a1.aliexpress-media.com/kf/Sfa77836228984f7ba0241eafdf9f25472.jpg_220x220q75.jpg_.avif,https://ae-pic-a1.aliexpress-media.com/kf/Se159e0e7f4d249d39d5de8b66c7404a5r.jpg_220x220q75.jpg_.avif,https://ae-pic-a1.aliexpress-media.com/kf/Sdff904978dd14aa896be57878d5ec9a6t.jpg_220x220q75.jpg_.avif,https://ae-pic-a1.aliexpress-media.com/kf/S9470562552a84cc1aec2ec750e989e2bV.jpg_220x220q75.jpg_.avif","['whether full opening', 'No', 'High-concerned chemical', 'None', 'Applicable Season', 'Spring And Autumn', 'Craft of Weaving', 'Knit', 'Applicable Scene', 'Business', 'Hooded', 'No', 'Model Number', 'YJ-1815', 'Decoration', 'Button', 'Sleeve Style', 'regular', 'Wool', 'Standard Wool', 'Place Of Origin', 'China (mainland)', 'Pattern Type', 'Solid', 'Item Type', 'Pullovers', 'Sleeve Length(cm)', 'Full', 'Thickness', 'Standard', 'Technics', 'Computer Knitted', 'Material', 'Wool', 'Collar', 'Turn-Down Collar', 'Style', 'Smart Casual', 'Gender', 'Men', 'Brand Name', 'LHZSYY', 'Origin', 'China Mainland', 'CN', 'Hebei', 'Closure Type', 'None']",https://www.aliexpress.us/item/3256805735826027.html?algo_pvid=0ee5c784-3e96-42d1-9b7d-1ada7507ff00&algo_exp_id=0ee5c784-3e96-42d1-9b7d-1ada7507ff00-53&pdp_ext_f=%7B%22order%22%3A%2297%22%2C%22eval%22%3A%221%22%2C%22fromPage%22%3A%22search%22%7D&pdp_npi=6%40dis%21USD%2146.77%2135.81%21%21%2146.77%2135.81%21%40210141f717754606614606080e986d%2112000034864577030%21sea%21US%210%21ABX%211%210%21n_tag%3A-29910%3Bd%3A20f9d216%3Bm03_new_user%3A-29895%3BpisId%3A5000000197847434&curPageLogUid=0gXMA7H0rrYb&utparam-url=scene%3Asearch%7Cquery_from%3A%7Cx_object_id%3A1005005922140779%7C_p_origin_prod%3A
Autumn Winter Thick Knitted Sweater Men Pullovers Solid Color Zipper Mock Neck Slim Fit Knit Pullovers Men Causal Sweater Man,$14.32,"https://ae-pic-a1.aliexpress-media.com/kf/H8071e5217b5b42638b0faa32b8526a92C.jpg_220x220q75.jpg_.avif,https://ae-pic-a1.aliexpress-media.com/kf/H8071e5217b5b42638b0faa32b8526a92C.jpg_220x220q75.jpg_.avif,https://ae-pic-a1.aliexpress-media.com/kf/S058a6f7f70d34d938aeaa315983b8df3m.jpg_220x220q75.jpg_.avif,https://ae-pic-a1.aliexpress-media.com/kf/S707a2e775c4f4e38991fec37359734fdI.jpg_220x220q75.jpg_.avif,https://ae-pic-a1.aliexpress-media.com/kf/S53c991b730a241068a1f222fcd3d17197.jpg_220x220q75.jpg_.avif","['whether full opening', 'No', 'High-concerned chemical', 'None', 'Applicable Season', 'Autumn And Winter', 'Applicable Scene', 'Daily', 'Hooded', 'No', 'Model Number', '211017SF', 'Decoration', 'NONE', 'Sleeve Style', 'regular', 'Wool', 'Standard Wool', 'Pattern Type', 'Solid', 'Item Type', 'Pullovers', 'Sleeve Length(cm)', 'Full', 'Thickness', 'Thick', 'Technics', 'Computer Knitted', 'Material', 'POLYESTER', 'Collar', 'Mock Neck', 'Style', 'Casual', 'Gender', 'Men', 'Brand Name', 'FAVOCENT', 'Origin', 'China Mainland', 'CN', 'Zhejiang', 'Closure Type', 'Zipper']",https://www.aliexpress.us/item/3256803232647267.html?algo_pvid=0ee5c784-3e96-42d1-9b7d-1ada7507ff00&algo_exp_id=0ee5c784-3e96-42d1-9b7d-1ada7507ff00-39&pdp_ext_f=%7B%22order%22%3A%22105%22%2C%22eval%22%3A%221%22%2C%22fromPage%22%3A%22search%22%7D&pdp_npi=6%40dis%21USD%2119.82%2110.32%21%21%2119.82%2110.32%21%40210141f717754606614606080e986d%2112000025701551599%21sea%21US%210%21ABX%211%210%21n_tag%3A-29910%3Bd%3A20f9d216%3Bm03_new_user%3A-29895%3BpisId%3A5000000197847434&curPageLogUid=45WrLRN06c3p&utparam-url=scene%3Asearch%7Cquery_from%3A%7Cx_object_id%3A1005003418962019%7C_p_origin_prod%3A
AIOPESON Mens V-neck Solid Cotton Pullover Sweaters Long Sleeve Casual Social Knitted Sweaters for Men,$16.76,"https://ae-pic-a1.aliexpress-media.com/kf/Sd91c4163b6734152b81c64f40df0ab29s.jpg_220x220q75.jpg_.avif,https://ae-pic-a1.aliexpress-media.com/kf/Sd91c4163b6734152b81c64f40df0ab29s.jpg_220x220q75.jpg_.avif,https://ae-pic-a1.aliexpress-media.com/kf/Sa8efdef086d24a1f89a2a30a6b1426ebX.png_220x220.png_.avif,https://ae-pic-a1.aliexpress-media.com/kf/S967ea57481ec4e7f8c8f47db4309c3dcX.jpg_220x220q75.jpg_.avif,https://ae-pic-a1.aliexpress-media.com/kf/S224be738faff486585ceea517521812fL.jpg_220x220q75.jpg_.avif","['whether full opening', 'No', 'High-concerned chemical', 'None', 'Applicable Season', 'Autumn And Winter', 'Craft of Weaving', 'Knit', 'Applicable Scene', 'CASUAL', 'Hooded', 'No', 'Model Number', 'VSW-02', 'Decoration', 'NONE', 'Sleeve Style', 'regular', 'Wool', 'Standard Wool', 'Place Of Origin', 'China (mainland)', 'Pattern Type', 'Solid', 'Item Type', 'Pullovers', 'Sleeve Length(cm)', 'Full', 'Thickness', 'Thick', 'Technics', 'Computer Knitted', 'Material', 'Other,COTTON', 'Collar', 'V-Neck', 'Style', 'Casual', 'Gender', 'Men', 'Brand Name', 'AIOPESON', 'Origin', 'China Mainland', 'CN', 'Zhejiang', 'Closure Type', 'None', 'material', '95% cotton 5% elastane']",https://www.aliexpress.us/item/3256807306588229.html?algo_pvid=0ee5c784-3e96-42d1-9b7d-1ada7507ff00&algo_exp_id=0ee5c784-3e96-42d1-9b7d-1ada7507ff00-41&pdp_ext_f=%7B%22order%22%3A%22104%22%2C%22eval%22%3A%221%22%2C%22fromPage%22%3A%22search%22%7D&pdp_npi=6%40dis%21USD%2121.76%2121.76%21%21%2121.76%2121.76%21%40210141f717754606614606080e986d%2112000041282691692%21sea%21US%210%21ABX%211%210%21n_tag%3A-29910%3Bd%3A20f9d216%3Bm03_new_user%3A-29895&curPageLogUid=kODu5ByYH4Z2&utparam-url=scene%3Asearch%7Cquery_from%3A%7Cx_object_id%3A1005007492902981%7C_p_origin_prod%3A
New Men Korean Style Polo Neck Sweater Light Luxury Knitted Long Sleeve Pullover Casual Solid Color Streetwear Leisure Knitwear,$26.08,"https://ae-pic-a1.aliexpress-media.com/kf/S8e92445ba10049a8916f987ddfd7a915e.jpg_220x220q75.jpg_.avif,https://ae-pic-a1.aliexpress-media.com/kf/S315fc0d40e0b46589958cafcbbe74fb93.jpg_220x220q75.jpg_.avif,https://ae-pic-a1.aliexpress-media.com/kf/S72ef1d5a817f40bb84884805bfb5abcfR.jpg_220x220q75.jpg_.avif,https://ae-pic-a1.aliexpress-media.com/kf/S971aa00aaddf4d82812bc9e2598cd58dP.jpg_220x220q75.jpg_.avif,https://ae-pic-a1.aliexpress-media.com/kf/Sd35df35bf5484da985f484b10a4a50edf.jpg_220x220q75.jpg_.avif","['whether full opening', 'No', 'High-concerned chemical', 'None', 'Applicable Season', 'Autumn And Winter', 'Craft of Weaving', 'Knit', 'Applicable Scene', 'CASUAL', 'Hooded', 'No', 'Model Number', 'B089', 'Decoration', 'Button', 'Sleeve Style', 'regular', 'Wool', 'Thin Wool', 'Place Of Origin', 'China (mainland)', 'Pattern Type', 'Solid', 'Item Type', 'Pullovers', 'Sleeve Length(cm)', 'Full', 'Thickness', 'Cotton Liner', 'Technics', 'Flat Knitted', 'Material', 'Viscose', 'Collar', 'Turn-Down Collar', 'Style', 'Korean', 'Gender', 'Men', 'Origin', 'China Mainland', 'CN', 'Guangdong', 'Closure Type', 'Single Breasted', 'Color', 'Black Coffee Beige Grey', 'Type', ""Men's Light Luxury Knit Polo Neck Sweater""]",https://www.aliexpress.us/item/3256807612408411.html?algo_pvid=0ee5c784-3e96-42d1-9b7d-1ada7507ff00&algo_exp_id=0ee5c784-3e96-42d1-9b7d-1ada7507ff00-42&pdp_ext_f=%7B%22order%22%3A%22103%22%2C%22eval%22%3A%221%22%2C%22fromPage%22%3A%22search%22%7D&pdp_npi=6%40dis%21USD%2131.20%2121.58%21%21%21213.69%21147.78%21%40210141f717754606614606080e986d%2112000042239204745%21sea%21US%210%21ABX%211%210%21n_tag%3A-29910%3Bd%3A20f9d216%3Bm03_new_user%3A-29895%3BpisId%3A5000000197847434&curPageLogUid=mmSjYUZC16CI&utparam-url=scene%3Asearch%7Cquery_from%3A%7Cx_object_id%3A1005007798723163%7C_p_origin_prod%3A
New Loose Bottoming Sweater Casual Versatile Striped Pullover Men's Round Neck Sweater,$18.23,"https://ae-pic-a1.aliexpress-media.com/kf/S0ef4ddb1cfc24947a8a4132bc8658260I.jpg_220x220q75.jpg_.avif,https://ae-pic-a1.aliexpress-media.com/kf/S101ec2fa06b54d5abdc24bdb9c359dcc1.jpg_220x220q75.jpg_.avif,https://ae-pic-a1.aliexpress-media.com/kf/S2f1218ffe0dc4d2cbf5826b00dc7804bV.jpg_220x220q75.jpg_.avif,https://ae-pic-a1.aliexpress-media.com/kf/Sb1e0c6a63eda49729fa2feda65355445e.jpg_220x220q75.jpg_.avif,https://ae-pic-a1.aliexpress-media.com/kf/Sf09d7141724843febbfa10b7e5d74c0aT.jpg_220x220q75.jpg_.avif","['whether full opening', 'No', 'High-concerned chemical', 'None', 'Applicable Season', 'Four Seasons', 'Craft of Weaving', 'Knit', 'Applicable Scene', 'Shopping', 'Hooded', 'No', 'Sleeve Style', 'regular', 'Wool', 'Coarse Wool', 'Pattern Type', 'Striped', 'Item Type', 'Pullovers', 'Sleeve Length(cm)', 'Full', 'Thickness', 'Standard', 'Technics', 'Computer Knitted', 'Material', 'POLYESTER', 'Collar', 'O-Neck', 'Style', 'Casual', 'Gender', 'Men', 'Origin', 'China Mainland', 'CN', 'Fujian', 'Closure Type', 'None']",https://www.aliexpress.us/item/3256808049114363.html?algo_pvid=0ee5c784-3e96-42d1-9b7d-1ada7507ff00&algo_exp_id=0ee5c784-3e96-42d1-9b7d-1ada7507ff00-45&pdp_ext_f=%7B%22order%22%3A%22101%22%2C%22spu_best_type%22%3A%22price%22%2C%22eval%22%3A%221%22%2C%22fromPage%22%3A%22search%22%7D&pdp_npi=6%40dis%21USD%2146.46%2113.73%21%21%21318.21%2194.03%21%40210141f717754606614606080e986d%2112000044341208404%21sea%21US%210%21ABX%211%210%21n_tag%3A-29910%3Bd%3A20f9d216%3Bm03_new_user%3A-29895%3BpisId%3A5000000197847434&curPageLogUid=5tZ4uqpHPfSn&utparam-url=scene%3Asearch%7Cquery_from%3A%7Cx_object_id%3A1005008235429115%7C_p_origin_prod%3A
Winter New Fleece Sweater Men Thickened Pullover Striped Velvet Clothing Autumn Winter Crew Neck Jumpers Fashion Knitwear,$16.11,"https://ae-pic-a1.aliexpress-media.com/kf/S452eefa0a8c94754a93e002bcc05b8ef6.jpg_220x220q75.jpg_.avif,https://ae-pic-a1.aliexpress-media.com/kf/S452eefa0a8c94754a93e002bcc05b8ef6.jpg_220x220q75.jpg_.avif,https://ae-pic-a1.aliexpress-media.com/kf/Sba3528539514450ca31d3fac80f4a77ev.jpg_220x220q75.jpg_.avif,https://ae-pic-a1.aliexpress-media.com/kf/S8aedc6d25b954817bc3b3dec0c05e98ct.jpg_220x220q75.jpg_.avif,https://ae-pic-a1.aliexpress-media.com/kf/S092ea48513f849d6ba397e44f15d4f0fN.jpg_220x220q75.jpg_.avif","['whether full opening', 'No', 'High-concerned chemical', 'None', 'Applicable Season', 'Autumn And Winter', 'Applicable Scene', 'Daily', 'Sleeve Style', 'regular', 'Wool', 'Standard Wool', 'Place Of Origin', 'China (mainland)', 'Pattern Type', 'Solid', 'Item Type', 'Pullovers', 'Sleeve Length(cm)', 'Full', 'Thickness', 'Fleece', 'Technics', 'Computer Knitted', 'Material', 'POLYESTER', 'Collar', 'O-Neck', 'Style', 'Korean', 'Gender', 'Men', 'Origin', 'China Mainland', 'CN', 'Jiangsu']",https://www.aliexpress.us/item/3256807135513840.html?algo_pvid=0ee5c784-3e96-42d1-9b7d-1ada7507ff00&algo_exp_id=0ee5c784-3e96-42d1-9b7d-1ada7507ff00-47&pdp_ext_f=%7B%22order%22%3A%2299%22%2C%22spu_best_type%22%3A%22price%22%2C%22eval%22%3A%221%22%2C%22fromPage%22%3A%22search%22%7D&pdp_npi=6%40dis%21USD%2145.03%2121.61%21%21%21308.44%21148.05%21%40210141f717754606614606080e986d%2112000040255339187%21sea%21US%210%21ABX%211%210%21n_tag%3A-29910%3Bd%3A20f9d216%3Bm03_new_user%3A-29895&curPageLogUid=BX6zAIuusvz3&utparam-url=scene%3Asearch%7Cquery_from%3A%7Cx_object_id%3A1005007321828592%7C_p_origin_prod%3A
Sweater Men Autumn Winter Jumper Fleece Thickened New Korean Knitwear O-neck Solid White Black Cold Blouse Bottom Shirt Clothes,$9.99,"https://ae-pic-a1.aliexpress-media.com/kf/Saa7eabf5efa04c85b0bfaa784e5631fa7.jpg_220x220q75.jpg_.avif,https://ae-pic-a1.aliexpress-media.com/kf/Saa7eabf5efa04c85b0bfaa784e5631fa7.jpg_220x220q75.jpg_.avif,https://ae-pic-a1.aliexpress-media.com/kf/Saefdb8a78228438abfa48b86dc316031F.jpg_220x220q75.jpg_.avif,https://ae-pic-a1.aliexpress-media.com/kf/Sbac094d633ee49958899be99e257dccbB.jpg_220x220q75.jpg_.avif,https://ae-pic-a1.aliexpress-media.com/kf/Sa1cff4f68009414e968f2fb5fb85a021u.jpg_220x220q75.jpg_.avif","['whether full opening', 'No', 'High-concerned chemical', 'None', 'Applicable Season', 'Autumn And Winter', 'Applicable Scene', 'Daily', 'Model Number', 'sweaters pullovers', 'Sleeve Style', 'regular', 'Wool', 'Thin Wool', 'Place Of Origin', 'China (mainland)', 'Sleeve Length(cm)', 'Full', 'Thickness', 'Thick', 'Material', 'POLYESTER', 'Collar', 'O-Neck', 'Style', 'Smart Casual', 'Gender', 'Men', 'Origin', 'China Mainland', 'CN', 'Jiangsu']",https://www.aliexpress.us/item/3256805853208350.html?algo_pvid=0ee5c784-3e96-42d1-9b7d-1ada7507ff00&algo_exp_id=0ee5c784-3e96-42d1-9b7d-1ada7507ff00-48&pdp_ext_f=%7B%22order%22%3A%2299%22%2C%22eval%22%3A%221%22%2C%22fromPage%22%3A%22search%22%7D&pdp_npi=6%40dis%21USD%2118.84%210.99%21%21%21129.04%216.75%21%40210141f717754606614606080e986d%2112000035440035637%21sea%21US%210%21ABX%211%210%21n_tag%3A-29910%3Bd%3A20f9d216%3Bm03_new_user%3A-29895%3BpisId%3A5000000197847458&curPageLogUid=JZm098SlPZKL&utparam-url=scene%3Asearch%7Cquery_from%3A%7Cx_object_id%3A1005006039523102%7C_p_origin_prod%3A
Men's Warm Sweatshirts Breathable Casual Sports Hiking Turtleneck Pullover Tops Men's Outdoor Mock Neck Tops Streetwear,$10.80,"https://ae-pic-a1.aliexpress-media.com/kf/S8b40816c88024aaf974a5bed0549104dL.jpg?has_lang=1&ver=1_220x220q75.jpg_.avif,https://ae-pic-a1.aliexpress-media.com/kf/S8b40816c88024aaf974a5bed0549104dL.jpg?has_lang=1&ver=1_220x220q75.jpg_.avif,https://ae-pic-a1.aliexpress-media.com/kf/Se451f9bc08d54a468a12d6d07254faeb5.jpg_220x220q75.jpg_.avif,https://ae-pic-a1.aliexpress-media.com/kf/S0ca7cf9d943e4478a44c2daceb1ac9d08.jpg_220x220q75.jpg_.avif,https://ae-pic-a1.aliexpress-media.com/kf/Saa536531b50b449da944b5855026068cf.jpg?has_lang=1&ver=1_220x220q75.jpg_.avif","['whether full opening', 'No', 'High-concerned chemical', 'None', 'Applicable Season', 'Autumn And Winter', 'Craft of Weaving', 'Knit', 'Applicable Scene', 'Daily', 'Hooded', 'No', 'Sleeve Style', 'regular', 'Place Of Origin', 'China (mainland)', 'Pattern Type', 'Solid', 'Item Type', 'Pullovers', 'Sleeve Length(cm)', 'Full', 'Thickness', 'Standard', 'Material', 'POLYESTER', 'Collar', 'Turtleneck', 'Style', 'Casual', 'Gender', 'Men', 'Brand Name', 'WHWR', 'Origin', 'Mainland China', 'CN', 'Fujian', 'Closure Type', 'Zipper']",https://www.aliexpress.us/item/3256809614443102.html?algo_pvid=0ee5c784-3e96-42d1-9b7d-1ada7507ff00&algo_exp_id=0ee5c784-3e96-42d1-9b7d-1ada7507ff00-50&pdp_ext_f=%7B%22order%22%3A%2298%22%2C%22spu_best_type%22%3A%22price%22%2C%22eval%22%3A%221%22%2C%22fromPage%22%3A%22search%22%7D&pdp_npi=6%40dis%21USD%2122.98%2110.80%21%21%21157.38%2173.97%21%40210141f717754606614606080e986d%2112000050209094961%21sea%21US%210%21ABX%211%210%21n_tag%3A-29910%3Bd%3A20f9d216%3Bm03_new_user%3A-29895&curPageLogUid=PGfDnoE5AqTH&utparam-url=scene%3Asearch%7Cquery_from%3A%7Cx_object_id%3A1005009800757854%7C_p_origin_prod%3A
Men's Turtleneck 100% Mink Cashmere Sweater Men 2025 Autumn and Winter Large Size Loose Knitted Sweater Keep Warm Top Men Jumper,$35.92,"https://ae-pic-a1.aliexpress-media.com/kf/Sf708743c7f504641ade99278f15b7638B.jpg_220x220q75.jpg_.avif,https://ae-pic-a1.aliexpress-media.com/kf/Sf708743c7f504641ade99278f15b7638B.jpg_220x220q75.jpg_.avif,https://ae-pic-a1.aliexpress-media.com/kf/S3a124bae11a24ddd85744cbfa56e5515Z.jpg_220x220q75.jpg_.avif,https://ae-pic-a1.aliexpress-media.com/kf/Se4bdbaa1d96040f4a9a98a886dcfc89eB.jpg?has_lang=1&ver=1_220x220q75.jpg_.avif,https://ae-pic-a1.aliexpress-media.com/kf/S37e6ddf798d744c787164dac671fb0dfX.jpg_220x220q75.jpg_.avif","['whether full opening', 'No', 'High-concerned chemical', 'None', 'Applicable Season', 'Autumn And Winter', 'Craft of Weaving', 'Knit', 'Applicable Scene', 'CASUAL', 'Hooded', 'No', 'Model Number', 'DBR21027', 'Decoration', 'NONE', 'Sleeve Style', 'regular', 'Wool', 'Standard Wool', 'Place Of Origin', 'China (mainland)', 'Pattern Type', 'Solid', 'Item Type', 'Pullovers', 'Sleeve Length(cm)', 'Full', 'Thickness', 'Standard', 'Technics', 'Flat Knitted', 'Material', 'Other', 'Collar', 'Turtleneck', 'Style', 'Casual', 'Gender', 'Men', 'Brand Name', 'Snaoutofit', 'Origin', 'China Mainland', 'CN', 'Hebei', 'Closure Type', 'None']",https://www.aliexpress.us/item/3256804777752053.html?algo_pvid=0ee5c784-3e96-42d1-9b7d-1ada7507ff00&algo_exp_id=0ee5c784-3e96-42d1-9b7d-1ada7507ff00-51&pdp_ext_f=%7B%22order%22%3A%2298%22%2C%22eval%22%3A%221%22%2C%22fromPage%22%3A%22search%22%7D&pdp_npi=6%40dis%21USD%2185.26%2140.92%21%21%2185.26%2140.92%21%40210141f717754606614606080e986d%2112000031176227574%21sea%21US%210%21ABX%211%210%21n_tag%3A-29910%3Bd%3A20f9d216%3Bm03_new_user%3A-29895&curPageLogUid=g135941Q3viH&utparam-url=scene%3Asearch%7Cquery_from%3A%7Cx_object_id%3A1005004964066805%7C_p_origin_prod%3A
Autumn Mens Knit Pullover Sweater Lapel Slim Fit Button Pullover HeavyWeight Polo Sweaters Outdoor Winter Warm Solid Streetwear,$12.92,"https://ae-pic-a1.aliexpress-media.com/kf/S2f4752a68c7c4df78e2f46a2cee99f74o.jpg_220x220q75.jpg_.avif,https://ae-pic-a1.aliexpress-media.com/kf/Sb7e3633107cb43f38fc38c7cce33f198y.jpg_220x220q75.jpg_.avif,https://ae-pic-a1.aliexpress-media.com/kf/S6b06c98235ea41c3b1e69164b18e4896g.jpg_220x220q75.jpg_.avif,https://ae-pic-a1.aliexpress-media.com/kf/S7cc1e0e708e84efc8c479fd8ea98a336c.jpg_220x220q75.jpg_.avif,https://ae-pic-a1.aliexpress-media.com/kf/S5a3099836ab74ab2829a399ed605720aF.jpg_220x220q75.jpg_.avif","['whether full opening', 'No', 'High-concerned chemical', 'None', 'Applicable Season', 'Autumn And Winter', 'Applicable Scene', 'CASUAL', 'Hooded', 'No', 'Sleeve Style', 'regular', 'Wool', 'Standard Wool', 'Pattern Type', 'Solid', 'Item Type', 'Pullovers', 'Sleeve Length(cm)', 'Full', 'Thickness', 'Standard', 'Material', 'POLYESTER,Nylon,Rayon', 'Collar', 'Turn-Down Collar', 'Style', 'Smart Casual', 'Gender', 'Men', 'Brand Name', 'ANIMAL GAME', 'Origin', 'China Mainland', 'CN', 'Zhejiang', 'Closure Type', 'Single Breasted', 'Support', 'Drop Shipping']",https://www.aliexpress.us/item/3256809742535976.html?algo_pvid=0ee5c784-3e96-42d1-9b7d-1ada7507ff00&algo_exp_id=0ee5c784-3e96-42d1-9b7d-1ada7507ff00-52&pdp_ext_f=%7B%22order%22%3A%2297%22%2C%22spu_best_type%22%3A%22price%22%2C%22eval%22%3A%221%22%2C%22fromPage%22%3A%22search%22%7D&pdp_npi=6%40dis%21USD%2136.83%218.92%21%21%21252.23%2161.04%21%40210141f717754606614606080e986d%2112000050603452195%21sea%21US%210%21ABX%211%210%21n_tag%3A-29910%3Bd%3A20f9d216%3Bm03_new_user%3A-29895%3BpisId%3A5000000197847434&curPageLogUid=pWkfVtB0fNsS&utparam-url=scene%3Asearch%7Cquery_from%3A%7Cx_object_id%3A1005009928850728%7C_p_origin_prod%3A
LHZSYY 100%Merino Wool Hot Cardigans Men Lapel Pullover Long Sleeve POLO Neck Sweaters Loose Tops Knit Clothing Large Size Shirt,$40.31,"https://ae-pic-a1.aliexpress-media.com/kf/Sfa77836228984f7ba0241eafdf9f25472.jpg_220x220q75.jpg_.avif,https://ae-pic-a1.aliexpress-media.com/kf/Sfa77836228984f7ba0241eafdf9f25472.jpg_220x220q75.jpg_.avif,https://ae-pic-a1.aliexpress-media.com/kf/Se159e0e7f4d249d39d5de8b66c7404a5r.jpg_220x220q75.jpg_.avif,https://ae-pic-a1.aliexpress-media.com/kf/Sdff904978dd14aa896be57878d5ec9a6t.jpg_220x220q75.jpg_.avif,https://ae-pic-a1.aliexpress-media.com/kf/S9470562552a84cc1aec2ec750e989e2bV.jpg_220x220q75.jpg_.avif","['whether full opening', 'No', 'High-concerned chemical', 'None', 'Applicable Season', 'Spring And Autumn', 'Craft of Weaving', 'Knit', 'Applicable Scene', 'Business', 'Hooded', 'No', 'Model Number', 'YJ-1815', 'Decoration', 'Button', 'Sleeve Style', 'regular', 'Wool', 'Standard Wool', 'Place Of Origin', 'China (mainland)', 'Pattern Type', 'Solid', 'Item Type', 'Pullovers', 'Sleeve Length(cm)', 'Full', 'Thickness', 'Standard', 'Technics', 'Computer Knitted', 'Material', 'Wool', 'Collar', 'Turn-Down Collar', 'Style', 'Smart Casual', 'Gender', 'Men', 'Brand Name', 'LHZSYY', 'Origin', 'China Mainland', 'CN', 'Hebei', 'Closure Type', 'None']",https://www.aliexpress.us/item/3256805735826027.html?algo_pvid=0ee5c784-3e96-42d1-9b7d-1ada7507ff00&algo_exp_id=0ee5c784-3e96-42d1-9b7d-1ada7507ff00-53&pdp_ext_f=%7B%22order%22%3A%2297%22%2C%22eval%22%3A%221%22%2C%22fromPage%22%3A%22search%22%7D&pdp_npi=6%40dis%21USD%2146.77%2135.81%21%21%2146.77%2135.81%21%40210141f717754606614606080e986d%2112000034864577030%21sea%21US%210%21ABX%211%210%21n_tag%3A-29910%3Bd%3A20f9d216%3Bm03_new_user%3A-29895%3BpisId%3A5000000197847434&curPageLogUid=0gXMA7H0rrYb&utparam-url=scene%3Asearch%7Cquery_from%3A%7Cx_object_id%3A1005005922140779%7C_p_origin_prod%3A
Autumn Winter Thick Knitted Sweater Men Pullovers Solid Color Zipper Mock Neck Slim Fit Knit Pullovers Men Causal Sweater Man,$14.32,"https://ae-pic-a1.aliexpress-media.com/kf/H8071e5217b5b42638b0faa32b8526a92C.jpg_220x220q75.jpg_.avif,https://ae-pic-a1.aliexpress-media.com/kf/H8071e5217b5b42638b0faa32b8526a92C.jpg_220x220q75.jpg_.avif,https://ae-pic-a1.aliexpress-media.com/kf/S058a6f7f70d34d938aeaa315983b8df3m.jpg_220x220q75.jpg_.avif,https://ae-pic-a1.aliexpress-media.com/kf/S707a2e775c4f4e38991fec37359734fdI.jpg_220x220q75.jpg_.avif,https://ae-pic-a1.aliexpress-media.com/kf/S53c991b730a241068a1f222fcd3d17197.jpg_220x220q75.jpg_.avif","['whether full opening', 'No', 'High-concerned chemical', 'None', 'Applicable Season', 'Autumn And Winter', 'Applicable Scene', 'Daily', 'Hooded', 'No', 'Model Number', '211017SF', 'Decoration', 'NONE', 'Sleeve Style', 'regular', 'Wool', 'Standard Wool', 'Pattern Type', 'Solid', 'Item Type', 'Pullovers', 'Sleeve Length(cm)', 'Full', 'Thickness', 'Thick', 'Technics', 'Computer Knitted', 'Material', 'POLYESTER', 'Collar', 'Mock Neck', 'Style', 'Casual', 'Gender', 'Men', 'Brand Name', 'FAVOCENT', 'Origin', 'China Mainland', 'CN', 'Zhejiang', 'Closure Type', 'Zipper']",https://www.aliexpress.us/item/3256803232647267.html?algo_pvid=0ee5c784-3e96-42d1-9b7d-1ada7507ff00&algo_exp_id=0ee5c784-3e96-42d1-9b7d-1ada7507ff00-39&pdp_ext_f=%7B%22order%22%3A%22105%22%2C%22eval%22%3A%221%22%2C%22fromPage%22%3A%22search%22%7D&pdp_npi=6%40dis%21USD%2119.82%2110.32%21%21%2119.82%2110.32%21%40210141f717754606614606080e986d%2112000025701551599%21sea%21US%210%21ABX%211%210%21n_tag%3A-29910%3Bd%3A20f9d216%3Bm03_new_user%3A-29895%3BpisId%3A5000000197847434&curPageLogUid=45WrLRN06c3p&utparam-url=scene%3Asearch%7Cquery_from%3A%7Cx_object_id%3A1005003418962019%7C_p_origin_prod%3A
AIOPESON Mens V-neck Solid Cotton Pullover Sweaters Long Sleeve Casual Social Knitted Sweaters for Men,$16.76,"https://ae-pic-a1.aliexpress-media.com/kf/Sd91c4163b6734152b81c64f40df0ab29s.jpg_220x220q75.jpg_.avif,https://ae-pic-a1.aliexpress-media.com/kf/Sd91c4163b6734152b81c64f40df0ab29s.jpg_220x220q75.jpg_.avif,https://ae-pic-a1.aliexpress-media.com/kf/Sa8efdef086d24a1f89a2a30a6b1426ebX.png_220x220.png_.avif,https://ae-pic-a1.aliexpress-media.com/kf/S967ea57481ec4e7f8c8f47db4309c3dcX.jpg_220x220q75.jpg_.avif,https://ae-pic-a1.aliexpress-media.com/kf/S224be738faff486585ceea517521812fL.jpg_220x220q75.jpg_.avif","['whether full opening', 'No', 'High-concerned chemical', 'None', 'Applicable Season', 'Autumn And Winter', 'Craft of Weaving', 'Knit', 'Applicable Scene', 'CASUAL', 'Hooded', 'No', 'Model Number', 'VSW-02', 'Decoration', 'NONE', 'Sleeve Style', 'regular', 'Wool', 'Standard Wool', 'Place Of Origin', 'China (mainland)', 'Pattern Type', 'Solid', 'Item Type', 'Pullovers', 'Sleeve Length(cm)', 'Full', 'Thickness', 'Thick', 'Technics', 'Computer Knitted', 'Material', 'Other,COTTON', 'Collar', 'V-Neck', 'Style', 'Casual', 'Gender', 'Men', 'Brand Name', 'AIOPESON', 'Origin', 'China Mainland', 'CN', 'Zhejiang', 'Closure Type', 'None', 'material', '95% cotton 5% elastane']",https://www.aliexpress.us/item/3256807306588229.html?algo_pvid=0ee5c784-3e96-42d1-9b7d-1ada7507ff00&algo_exp_id=0ee5c784-3e96-42d1-9b7d-1ada7507ff00-41&pdp_ext_f=%7B%22order%22%3A%22104%22%2C%22eval%22%3A%221%22%2C%22fromPage%22%3A%22search%22%7D&pdp_npi=6%40dis%21USD%2121.76%2121.76%21%21%2121.76%2121.76%21%40210141f717754606614606080e986d%2112000041282691692%21sea%21US%210%21ABX%211%210%21n_tag%3A-29910%3Bd%3A20f9d216%3Bm03_new_user%3A-29895&curPageLogUid=kODu5ByYH4Z2&utparam-url=scene%3Asearch%7Cquery_from%3A%7Cx_object_id%3A1005007492902981%7C_p_origin_prod%3A
New Men Korean Style Polo Neck Sweater Light Luxury Knitted Long Sleeve Pullover Casual Solid Color Streetwear Leisure Knitwear,$26.08,"https://ae-pic-a1.aliexpress-media.com/kf/S8e92445ba10049a8916f987ddfd7a915e.jpg_220x220q75.jpg_.avif,https://ae-pic-a1.aliexpress-media.com/kf/S315fc0d40e0b46589958cafcbbe74fb93.jpg_220x220q75.jpg_.avif,https://ae-pic-a1.aliexpress-media.com/kf/S72ef1d5a817f40bb84884805bfb5abcfR.jpg_220x220q75.jpg_.avif,https://ae-pic-a1.aliexpress-media.com/kf/S971aa00aaddf4d82812bc9e2598cd58dP.jpg_220x220q75.jpg_.avif,https://ae-pic-a1.aliexpress-media.com/kf/Sd35df35bf5484da985f484b10a4a50edf.jpg_220x220q75.jpg_.avif","['whether full opening', 'No', 'High-concerned chemical', 'None', 'Applicable Season', 'Autumn And Winter', 'Craft of Weaving', 'Knit', 'Applicable Scene', 'CASUAL', 'Hooded', 'No', 'Model Number', 'B089', 'Decoration', 'Button', 'Sleeve Style', 'regular', 'Wool', 'Thin Wool', 'Place Of Origin', 'China (mainland)', 'Pattern Type', 'Solid', 'Item Type', 'Pullovers', 'Sleeve Length(cm)', 'Full', 'Thickness', 'Cotton Liner', 'Technics', 'Flat Knitted', 'Material', 'Viscose', 'Collar', 'Turn-Down Collar', 'Style', 'Korean', 'Gender', 'Men', 'Origin', 'China Mainland', 'CN', 'Guangdong', 'Closure Type', 'Single Breasted', 'Color', 'Black Coffee Beige Grey', 'Type', ""Men's Light Luxury Knit Polo Neck Sweater""]",https://www.aliexpress.us/item/3256807612408411.html?algo_pvid=0ee5c784-3e96-42d1-9b7d-1ada7507ff00&algo_exp_id=0ee5c784-3e96-42d1-9b7d-1ada7507ff00-42&pdp_ext_f=%7B%22order%22%3A%22103%22%2C%22eval%22%3A%221%22%2C%22fromPage%22%3A%22search%22%7D&pdp_npi=6%40dis%21USD%2131.20%2121.58%21%21%21213.69%21147.78%21%40210141f717754606614606080e986d%2112000042239204745%21sea%21US%210%21ABX%211%210%21n_tag%3A-29910%3Bd%3A20f9d216%3Bm03_new_user%3A-29895%3BpisId%3A5000000197847434&curPageLogUid=mmSjYUZC16CI&utparam-url=scene%3Asearch%7Cquery_from%3A%7Cx_object_id%3A1005007798723163%7C_p_origin_prod%3A
New Loose Bottoming Sweater Casual Versatile Striped Pullover Men's Round Neck Sweater,$18.23,"https://ae-pic-a1.aliexpress-media.com/kf/S0ef4ddb1cfc24947a8a4132bc8658260I.jpg_220x220q75.jpg_.avif,https://ae-pic-a1.aliexpress-media.com/kf/S101ec2fa06b54d5abdc24bdb9c359dcc1.jpg_220x220q75.jpg_.avif,https://ae-pic-a1.aliexpress-media.com/kf/S2f1218ffe0dc4d2cbf5826b00dc7804bV.jpg_220x220q75.jpg_.avif,https://ae-pic-a1.aliexpress-media.com/kf/Sb1e0c6a63eda49729fa2feda65355445e.jpg_220x220q75.jpg_.avif,https://ae-pic-a1.aliexpress-media.com/kf/Sf09d7141724843febbfa10b7e5d74c0aT.jpg_220x220q75.jpg_.avif","['whether full opening', 'No', 'High-concerned chemical', 'None', 'Applicable Season', 'Four Seasons', 'Craft of Weaving', 'Knit', 'Applicable Scene', 'Shopping', 'Hooded', 'No', 'Sleeve Style', 'regular', 'Wool', 'Coarse Wool', 'Pattern Type', 'Striped', 'Item Type', 'Pullovers', 'Sleeve Length(cm)', 'Full', 'Thickness', 'Standard', 'Technics', 'Computer Knitted', 'Material', 'POLYESTER', 'Collar', 'O-Neck', 'Style', 'Casual', 'Gender', 'Men', 'Origin', 'China Mainland', 'CN', 'Fujian', 'Closure Type', 'None']",https://www.aliexpress.us/item/3256808049114363.html?algo_pvid=0ee5c784-3e96-42d1-9b7d-1ada7507ff00&algo_exp_id=0ee5c784-3e96-42d1-9b7d-1ada7507ff00-45&pdp_ext_f=%7B%22order%22%3A%22101%22%2C%22spu_best_type%22%3A%22price%22%2C%22eval%22%3A%221%22%2C%22fromPage%22%3A%22search%22%7D&pdp_npi=6%40dis%21USD%2146.46%2113.73%21%21%21318.21%2194.03%21%40210141f717754606614606080e986d%2112000044341208404%21sea%21US%210%21ABX%211%210%21n_tag%3A-29910%3Bd%3A20f9d216%3Bm03_new_user%3A-29895%3BpisId%3A5000000197847434&curPageLogUid=5tZ4uqpHPfSn&utparam-url=scene%3Asearch%7Cquery_from%3A%7Cx_object_id%3A1005008235429115%7C_p_origin_prod%3A
Winter New Fleece Sweater Men Thickened Pullover Striped Velvet Clothing Autumn Winter Crew Neck Jumpers Fashion Knitwear,$16.11,"https://ae-pic-a1.aliexpress-media.com/kf/S452eefa0a8c94754a93e002bcc05b8ef6.jpg_220x220q75.jpg_.avif,https://ae-pic-a1.aliexpress-media.com/kf/S452eefa0a8c94754a93e002bcc05b8ef6.jpg_220x220q75.jpg_.avif,https://ae-pic-a1.aliexpress-media.com/kf/Sba3528539514450ca31d3fac80f4a77ev.jpg_220x220q75.jpg_.avif,https://ae-pic-a1.aliexpress-media.com/kf/S8aedc6d25b954817bc3b3dec0c05e98ct.jpg_220x220q75.jpg_.avif,https://ae-pic-a1.aliexpress-media.com/kf/S092ea48513f849d6ba397e44f15d4f0fN.jpg_220x220q75.jpg_.avif","['whether full opening', 'No', 'High-concerned chemical', 'None', 'Applicable Season', 'Autumn And Winter', 'Applicable Scene', 'Daily', 'Sleeve Style', 'regular', 'Wool', 'Standard Wool', 'Place Of Origin', 'China (mainland)', 'Pattern Type', 'Solid', 'Item Type', 'Pullovers', 'Sleeve Length(cm)', 'Full', 'Thickness', 'Fleece', 'Technics', 'Computer Knitted', 'Material', 'POLYESTER', 'Collar', 'O-Neck', 'Style', 'Korean', 'Gender', 'Men', 'Origin', 'China Mainland', 'CN', 'Jiangsu']",https://www.aliexpress.us/item/3256807135513840.html?algo_pvid=0ee5c784-3e96-42d1-9b7d-1ada7507ff00&algo_exp_id=0ee5c784-3e96-42d1-9b7d-1ada7507ff00-47&pdp_ext_f=%7B%22order%22%3A%2299%22%2C%22spu_best_type%22%3A%22price%22%2C%22eval%22%3A%221%22%2C%22fromPage%22%3A%22search%22%7D&pdp_npi=6%40dis%21USD%2145.03%2121.61%21%21%21308.44%21148.05%21%40210141f717754606614606080e986d%2112000040255339187%21sea%21US%210%21ABX%211%210%21n_tag%3A-29910%3Bd%3A20f9d216%3Bm03_new_user%3A-29895&curPageLogUid=BX6zAIuusvz3&utparam-url=scene%3Asearch%7Cquery_from%3A%7Cx_object_id%3A1005007321828592%7C_p_origin_prod%3A
Sweater Men Autumn Winter Jumper Fleece Thickened New Korean Knitwear O-neck Solid White Black Cold Blouse Bottom Shirt Clothes,$9.99,"https://ae-pic-a1.aliexpress-media.com/kf/Saa7eabf5efa04c85b0bfaa784e5631fa7.jpg_220x220q75.jpg_.avif,https://ae-pic-a1.aliexpress-media.com/kf/Saa7eabf5efa04c85b0bfaa784e5631fa7.jpg_220x220q75.jpg_.avif,https://ae-pic-a1.aliexpress-media.com/kf/Saefdb8a78228438abfa48b86dc316031F.jpg_220x220q75.jpg_.avif,https://ae-pic-a1.aliexpress-media.com/kf/Sbac094d633ee49958899be99e257dccbB.jpg_220x220q75.jpg_.avif,https://ae-pic-a1.aliexpress-media.com/kf/Sa1cff4f68009414e968f2fb5fb85a021u.jpg_220x220q75.jpg_.avif","['whether full opening', 'No', 'High-concerned chemical', 'None', 'Applicable Season', 'Autumn And Winter', 'Applicable Scene', 'Daily', 'Model Number', 'sweaters pullovers', 'Sleeve Style', 'regular', 'Wool', 'Thin Wool', 'Place Of Origin', 'China (mainland)', 'Sleeve Length(cm)', 'Full', 'Thickness', 'Thick', 'Material', 'POLYESTER', 'Collar', 'O-Neck', 'Style', 'Smart Casual', 'Gender', 'Men', 'Origin', 'China Mainland', 'CN', 'Jiangsu']",https://www.aliexpress.us/item/3256805853208350.html?algo_pvid=0ee5c784-3e96-42d1-9b7d-1ada7507ff00&algo_exp_id=0ee5c784-3e96-42d1-9b7d-1ada7507ff00-48&pdp_ext_f=%7B%22order%22%3A%2299%22%2C%22eval%22%3A%221%22%2C%22fromPage%22%3A%22search%22%7D&pdp_npi=6%40dis%21USD%2118.84%210.99%21%21%21129.04%216.75%21%40210141f717754606614606080e986d%2112000035440035637%21sea%21US%210%21ABX%211%210%21n_tag%3A-29910%3Bd%3A20f9d216%3Bm03_new_user%3A-29895%3BpisId%3A5000000197847458&curPageLogUid=JZm098SlPZKL&utparam-url=scene%3Asearch%7Cquery_from%3A%7Cx_object_id%3A1005006039523102%7C_p_origin_prod%3A
Men's Warm Sweatshirts Breathable Casual Sports Hiking Turtleneck Pullover Tops Men's Outdoor Mock Neck Tops Streetwear,$10.80,"https://ae-pic-a1.aliexpress-media.com/kf/S8b40816c88024aaf974a5bed0549104dL.jpg?has_lang=1&ver=1_220x220q75.jpg_.avif,https://ae-pic-a1.aliexpress-media.com/kf/S8b40816c88024aaf974a5bed0549104dL.jpg?has_lang=1&ver=1_220x220q75.jpg_.avif,https://ae-pic-a1.aliexpress-media.com/kf/Se451f9bc08d54a468a12d6d07254faeb5.jpg_220x220q75.jpg_.avif,https://ae-pic-a1.aliexpress-media.com/kf/S0ca7cf9d943e4478a44c2daceb1ac9d08.jpg_220x220q75.jpg_.avif,https://ae-pic-a1.aliexpress-media.com/kf/Saa536531b50b449da944b5855026068cf.jpg?has_lang=1&ver=1_220x220q75.jpg_.avif","['whether full opening', 'No', 'High-concerned chemical', 'None', 'Applicable Season', 'Autumn And Winter', 'Craft of Weaving', 'Knit', 'Applicable Scene', 'Daily', 'Hooded', 'No', 'Sleeve Style', 'regular', 'Place Of Origin', 'China (mainland)', 'Pattern Type', 'Solid', 'Item Type', 'Pullovers', 'Sleeve Length(cm)', 'Full', 'Thickness', 'Standard', 'Material', 'POLYESTER', 'Collar', 'Turtleneck', 'Style', 'Casual', 'Gender', 'Men', 'Brand Name', 'WHWR', 'Origin', 'Mainland China', 'CN', 'Fujian', 'Closure Type', 'Zipper']",https://www.aliexpress.us/item/3256809614443102.html?algo_pvid=0ee5c784-3e96-42d1-9b7d-1ada7507ff00&algo_exp_id=0ee5c784-3e96-42d1-9b7d-1ada7507ff00-50&pdp_ext_f=%7B%22order%22%3A%2298%22%2C%22spu_best_type%22%3A%22price%22%2C%22eval%22%3A%221%22%2C%22fromPage%22%3A%22search%22%7D&pdp_npi=6%40dis%21USD%2122.98%2110.80%21%21%21157.38%2173.97%21%40210141f717754606614606080e986d%2112000050209094961%21sea%21US%210%21ABX%211%210%21n_tag%3A-29910%3Bd%3A20f9d216%3Bm03_new_user%3A-29895&curPageLogUid=PGfDnoE5AqTH&utparam-url=scene%3Asearch%7Cquery_from%3A%7Cx_object_id%3A1005009800757854%7C_p_origin_prod%3A
Men's Turtleneck 100% Mink Cashmere Sweater Men 2025 Autumn and Winter Large Size Loose Knitted Sweater Keep Warm Top Men Jumper,$35.92,"https://ae-pic-a1.aliexpress-media.com/kf/Sf708743c7f504641ade99278f15b7638B.jpg_220x220q75.jpg_.avif,https://ae-pic-a1.aliexpress-media.com/kf/Sf708743c7f504641ade99278f15b7638B.jpg_220x220q75.jpg_.avif,https://ae-pic-a1.aliexpress-media.com/kf/S3a124bae11a24ddd85744cbfa56e5515Z.jpg_220x220q75.jpg_.avif,https://ae-pic-a1.aliexpress-media.com/kf/Se4bdbaa1d96040f4a9a98a886dcfc89eB.jpg?has_lang=1&ver=1_220x220q75.jpg_.avif,https://ae-pic-a1.aliexpress-media.com/kf/S37e6ddf798d744c787164dac671fb0dfX.jpg_220x220q75.jpg_.avif","['whether full opening', 'No', 'High-concerned chemical', 'None', 'Applicable Season', 'Autumn And Winter', 'Craft of Weaving', 'Knit', 'Applicable Scene', 'CASUAL', 'Hooded', 'No', 'Model Number', 'DBR21027', 'Decoration', 'NONE', 'Sleeve Style', 'regular', 'Wool', 'Standard Wool', 'Place Of Origin', 'China (mainland)', 'Pattern Type', 'Solid', 'Item Type', 'Pullovers', 'Sleeve Length(cm)', 'Full', 'Thickness', 'Standard', 'Technics', 'Flat Knitted', 'Material', 'Other', 'Collar', 'Turtleneck', 'Style', 'Casual', 'Gender', 'Men', 'Brand Name', 'Snaoutofit', 'Origin', 'China Mainland', 'CN', 'Hebei', 'Closure Type', 'None']",https://www.aliexpress.us/item/3256804777752053.html?algo_pvid=0ee5c784-3e96-42d1-9b7d-1ada7507ff00&algo_exp_id=0ee5c784-3e96-42d1-9b7d-1ada7507ff00-51&pdp_ext_f=%7B%22order%22%3A%2298%22%2C%22eval%22%3A%221%22%2C%22fromPage%22%3A%22search%22%7D&pdp_npi=6%40dis%21USD%2185.26%2140.92%21%21%2185.26%2140.92%21%40210141f717754606614606080e986d%2112000031176227574%21sea%21US%210%21ABX%211%210%21n_tag%3A-29910%3Bd%3A20f9d216%3Bm03_new_user%3A-29895&curPageLogUid=g135941Q3viH&utparam-url=scene%3Asearch%7Cquery_from%3A%7Cx_object_id%3A1005004964066805%7C_p_origin_prod%3A
Autumn Mens Knit Pullover Sweater Lapel Slim Fit Button Pullover HeavyWeight Polo Sweaters Outdoor Winter Warm Solid Streetwear,$12.92,"https://ae-pic-a1.aliexpress-media.com/kf/S2f4752a68c7c4df78e2f46a2cee99f74o.jpg_220x220q75.jpg_.avif,https://ae-pic-a1.aliexpress-media.com/kf/Sb7e3633107cb43f38fc38c7cce33f198y.jpg_220x220q75.jpg_.avif,https://ae-pic-a1.aliexpress-media.com/kf/S6b06c98235ea41c3b1e69164b18e4896g.jpg_220x220q75.jpg_.avif,https://ae-pic-a1.aliexpress-media.com/kf/S7cc1e0e708e84efc8c479fd8ea98a336c.jpg_220x220q75.jpg_.avif,https://ae-pic-a1.aliexpress-media.com/kf/S5a3099836ab74ab2829a399ed605720aF.jpg_220x220q75.jpg_.avif","['whether full opening', 'No', 'High-concerned chemical', 'None', 'Applicable Season', 'Autumn And Winter', 'Applicable Scene', 'CASUAL', 'Hooded', 'No', 'Sleeve Style', 'regular', 'Wool', 'Standard Wool', 'Pattern Type', 'Solid', 'Item Type', 'Pullovers', 'Sleeve Length(cm)', 'Full', 'Thickness', 'Standard', 'Material', 'POLYESTER,Nylon,Rayon', 'Collar', 'Turn-Down Collar', 'Style', 'Smart Casual', 'Gender', 'Men', 'Brand Name', 'ANIMAL GAME', 'Origin', 'China Mainland', 'CN', 'Zhejiang', 'Closure Type', 'Single Breasted', 'Support', 'Drop Shipping']",https://www.aliexpress.us/item/3256809742535976.html?algo_pvid=0ee5c784-3e96-42d1-9b7d-1ada7507ff00&algo_exp_id=0ee5c784-3e96-42d1-9b7d-1ada7507ff00-52&pdp_ext_f=%7B%22order%22%3A%2297%22%2C%22spu_best_type%22%3A%22price%22%2C%22eval%22%3A%221%22%2C%22fromPage%22%3A%22search%22%7D&pdp_npi=6%40dis%21USD%2136.83%218.92%21%21%21252.23%2161.04%21%40210141f717754606614606080e986d%2112000050603452195%21sea%21US%210%21ABX%211%210%21n_tag%3A-29910%3Bd%3A20f9d216%3Bm03_new_user%3A-29895%3BpisId%3A5000000197847434&curPageLogUid=pWkfVtB0fNsS&utparam-url=scene%3Asearch%7Cquery_from%3A%7Cx_object_id%3A1005009928850728%7C_p_origin_prod%3A
LHZSYY 100%Merino Wool Hot Cardigans Men Lapel Pullover Long Sleeve POLO Neck Sweaters Loose Tops Knit Clothing Large Size Shirt,$40.31,"https://ae-pic-a1.aliexpress-media.com/kf/Sfa77836228984f7ba0241eafdf9f25472.jpg_220x220q75.jpg_.avif,https://ae-pic-a1.aliexpress-media.com/kf/Sfa77836228984f7ba0241eafdf9f25472.jpg_220x220q75.jpg_.avif,https://ae-pic-a1.aliexpress-media.com/kf/Se159e0e7f4d249d39d5de8b66c7404a5r.jpg_220x220q75.jpg_.avif,https://ae-pic-a1.aliexpress-media.com/kf/Sdff904978dd14aa896be57878d5ec9a6t.jpg_220x220q75.jpg_.avif,https://ae-pic-a1.aliexpress-media.com/kf/S9470562552a84cc1aec2ec750e989e2bV.jpg_220x220q75.jpg_.avif","['whether full opening', 'No', 'High-concerned chemical', 'None', 'Applicable Season', 'Spring And Autumn', 'Craft of Weaving', 'Knit', 'Applicable Scene', 'Business', 'Hooded', 'No', 'Model Number', 'YJ-1815', 'Decoration', 'Button', 'Sleeve Style', 'regular', 'Wool', 'Standard Wool', 'Place Of Origin', 'China (mainland)', 'Pattern Type', 'Solid', 'Item Type', 'Pullovers', 'Sleeve Length(cm)', 'Full', 'Thickness', 'Standard', 'Technics', 'Computer Knitted', 'Material', 'Wool', 'Collar', 'Turn-Down Collar', 'Style', 'Smart Casual', 'Gender', 'Men', 'Brand Name', 'LHZSYY', 'Origin', 'China Mainland', 'CN', 'Hebei', 'Closure Type', 'None']",https://www.aliexpress.us/item/3256805735826027.html?algo_pvid=0ee5c784-3e96-42d1-9b7d-1ada7507ff00&algo_exp_id=0ee5c784-3e96-42d1-9b7d-1ada7507ff00-53&pdp_ext_f=%7B%22order%22%3A%2297%22%2C%22eval%22%3A%221%22%2C%22fromPage%22%3A%22search%22%7D&pdp_npi=6%40dis%21USD%2146.77%2135.81%21%21%2146.77%2135.81%21%40210141f717754606614606080e986d%2112000034864577030%21sea%21US%210%21ABX%211%210%21n_tag%3A-29910%3Bd%3A20f9d216%3Bm03_new_user%3A-29895%3BpisId%3A5000000197847434&curPageLogUid=0gXMA7H0rrYb&utparam-url=scene%3Asearch%7Cquery_from%3A%7Cx_object_id%3A1005005922140779%7C_p_origin_prod%3A
Autumn Winter Thick Knitted Sweater Men Pullovers Solid Color Zipper Mock Neck Slim Fit Knit Pullovers Men Causal Sweater Man,$14.32,"https://ae-pic-a1.aliexpress-media.com/kf/H8071e5217b5b42638b0faa32b8526a92C.jpg_220x220q75.jpg_.avif,https://ae-pic-a1.aliexpress-media.com/kf/H8071e5217b5b42638b0faa32b8526a92C.jpg_220x220q75.jpg_.avif,https://ae-pic-a1.aliexpress-media.com/kf/S058a6f7f70d34d938aeaa315983b8df3m.jpg_220x220q75.jpg_.avif,https://ae-pic-a1.aliexpress-media.com/kf/S707a2e775c4f4e38991fec37359734fdI.jpg_220x220q75.jpg_.avif,https://ae-pic-a1.aliexpress-media.com/kf/S53c991b730a241068a1f222fcd3d17197.jpg_220x220q75.jpg_.avif","['whether full opening', 'No', 'High-concerned chemical', 'None', 'Applicable Season', 'Autumn And Winter', 'Applicable Scene', 'Daily', 'Hooded', 'No', 'Model Number', '211017SF', 'Decoration', 'NONE', 'Sleeve Style', 'regular', 'Wool', 'Standard Wool', 'Pattern Type', 'Solid', 'Item Type', 'Pullovers', 'Sleeve Length(cm)', 'Full', 'Thickness', 'Thick', 'Technics', 'Computer Knitted', 'Material', 'POLYESTER', 'Collar', 'Mock Neck', 'Style', 'Casual', 'Gender', 'Men', 'Brand Name', 'FAVOCENT', 'Origin', 'China Mainland', 'CN', 'Zhejiang', 'Closure Type', 'Zipper']",https://www.aliexpress.us/item/3256803232647267.html?algo_pvid=0ee5c784-3e96-42d1-9b7d-1ada7507ff00&algo_exp_id=0ee5c784-3e96-42d1-9b7d-1ada7507ff00-39&pdp_ext_f=%7B%22order%22%3A%22105%22%2C%22eval%22%3A%221%22%2C%22fromPage%22%3A%22search%22%7D&pdp_npi=6%40dis%21USD%2119.82%2110.32%21%21%2119.82%2110.32%21%40210141f717754606614606080e986d%2112000025701551599%21sea%21US%210%21ABX%211%210%21n_tag%3A-29910%3Bd%3A20f9d216%3Bm03_new_user%3A-29895%3BpisId%3A5000000197847434&curPageLogUid=45WrLRN06c3p&utparam-url=scene%3Asearch%7Cquery_from%3A%7Cx_object_id%3A1005003418962019%7C_p_origin_prod%3A
AIOPESON Mens V-neck Solid Cotton Pullover Sweaters Long Sleeve Casual Social Knitted Sweaters for Men,$16.76,"https://ae-pic-a1.aliexpress-media.com/kf/Sd91c4163b6734152b81c64f40df0ab29s.jpg_220x220q75.jpg_.avif,https://ae-pic-a1.aliexpress-media.com/kf/Sd91c4163b6734152b81c64f40df0ab29s.jpg_220x220q75.jpg_.avif,https://ae-pic-a1.aliexpress-media.com/kf/Sa8efdef086d24a1f89a2a30a6b1426ebX.png_220x220.png_.avif,https://ae-pic-a1.aliexpress-media.com/kf/S967ea57481ec4e7f8c8f47db4309c3dcX.jpg_220x220q75.jpg_.avif,https://ae-pic-a1.aliexpress-media.com/kf/S224be738faff486585ceea517521812fL.jpg_220x220q75.jpg_.avif","['whether full opening', 'No', 'High-concerned chemical', 'None', 'Applicable Season', 'Autumn And Winter', 'Craft of Weaving', 'Knit', 'Applicable Scene', 'CASUAL', 'Hooded', 'No', 'Model Number', 'VSW-02', 'Decoration', 'NONE', 'Sleeve Style', 'regular', 'Wool', 'Standard Wool', 'Place Of Origin', 'China (mainland)', 'Pattern Type', 'Solid', 'Item Type', 'Pullovers', 'Sleeve Length(cm)', 'Full', 'Thickness', 'Thick', 'Technics', 'Computer Knitted', 'Material', 'Other,COTTON', 'Collar', 'V-Neck', 'Style', 'Casual', 'Gender', 'Men', 'Brand Name', 'AIOPESON', 'Origin', 'China Mainland', 'CN', 'Zhejiang', 'Closure Type', 'None', 'material', '95% cotton 5% elastane']",https://www.aliexpress.us/item/3256807306588229.html?algo_pvid=0ee5c784-3e96-42d1-9b7d-1ada7507ff00&algo_exp_id=0ee5c784-3e96-42d1-9b7d-1ada7507ff00-41&pdp_ext_f=%7B%22order%22%3A%22104%22%2C%22eval%22%3A%221%22%2C%22fromPage%22%3A%22search%22%7D&pdp_npi=6%40dis%21USD%2121.76%2121.76%21%21%2121.76%2121.76%21%40210141f717754606614606080e986d%2112000041282691692%21sea%21US%210%21ABX%211%210%21n_tag%3A-29910%3Bd%3A20f9d216%3Bm03_new_user%3A-29895&curPageLogUid=kODu5ByYH4Z2&utparam-url=scene%3Asearch%7Cquery_from%3A%7Cx_object_id%3A1005007492902981%7C_p_origin_prod%3A
New Men Korean Style Polo Neck Sweater Light Luxury Knitted Long Sleeve Pullover Casual Solid Color Streetwear Leisure Knitwear,$26.08,"https://ae-pic-a1.aliexpress-media.com/kf/S8e92445ba10049a8916f987ddfd7a915e.jpg_220x220q75.jpg_.avif,https://ae-pic-a1.aliexpress-media.com/kf/S315fc0d40e0b46589958cafcbbe74fb93.jpg_220x220q75.jpg_.avif,https://ae-pic-a1.aliexpress-media.com/kf/S72ef1d5a817f40bb84884805bfb5abcfR.jpg_220x220q75.jpg_.avif,https://ae-pic-a1.aliexpress-media.com/kf/S971aa00aaddf4d82812bc9e2598cd58dP.jpg_220x220q75.jpg_.avif,https://ae-pic-a1.aliexpress-media.com/kf/Sd35df35bf5484da985f484b10a4a50edf.jpg_220x220q75.jpg_.avif","['whether full opening', 'No', 'High-concerned chemical', 'None', 'Applicable Season', 'Autumn And Winter', 'Craft of Weaving', 'Knit', 'Applicable Scene', 'CASUAL', 'Hooded', 'No', 'Model Number', 'B089', 'Decoration', 'Button', 'Sleeve Style', 'regular', 'Wool', 'Thin Wool', 'Place Of Origin', 'China (mainland)', 'Pattern Type', 'Solid', 'Item Type', 'Pullovers', 'Sleeve Length(cm)', 'Full', 'Thickness', 'Cotton Liner', 'Technics', 'Flat Knitted', 'Material', 'Viscose', 'Collar', 'Turn-Down Collar', 'Style', 'Korean', 'Gender', 'Men', 'Origin', 'China Mainland', 'CN', 'Guangdong', 'Closure Type', 'Single Breasted', 'Color', 'Black Coffee Beige Grey', 'Type', ""Men's Light Luxury Knit Polo Neck Sweater""]",https://www.aliexpress.us/item/3256807612408411.html?algo_pvid=0ee5c784-3e96-42d1-9b7d-1ada7507ff00&algo_exp_id=0ee5c784-3e96-42d1-9b7d-1ada7507ff00-42&pdp_ext_f=%7B%22order%22%3A%22103%22%2C%22eval%22%3A%221%22%2C%22fromPage%22%3A%22search%22%7D&pdp_npi=6%40dis%21USD%2131.20%2121.58%21%21%21213.69%21147.78%21%40210141f717754606614606080e986d%2112000042239204745%21sea%21US%210%21ABX%211%210%21n_tag%3A-29910%3Bd%3A20f9d216%3Bm03_new_user%3A-29895%3BpisId%3A5000000197847434&curPageLogUid=mmSjYUZC16CI&utparam-url=scene%3Asearch%7Cquery_from%3A%7Cx_object_id%3A1005007798723163%7C_p_origin_prod%3A
New Loose Bottoming Sweater Casual Versatile Striped Pullover Men's Round Neck Sweater,$18.23,"https://ae-pic-a1.aliexpress-media.com/kf/S0ef4ddb1cfc24947a8a4132bc8658260I.jpg_220x220q75.jpg_.avif,https://ae-pic-a1.aliexpress-media.com/kf/S101ec2fa06b54d5abdc24bdb9c359dcc1.jpg_220x220q75.jpg_.avif,https://ae-pic-a1.aliexpress-media.com/kf/S2f1218ffe0dc4d2cbf5826b00dc7804bV.jpg_220x220q75.jpg_.avif,https://ae-pic-a1.aliexpress-media.com/kf/Sb1e0c6a63eda49729fa2feda65355445e.jpg_220x220q75.jpg_.avif,https://ae-pic-a1.aliexpress-media.com/kf/Sf09d7141724843febbfa10b7e5d74c0aT.jpg_220x220q75.jpg_.avif","['whether full opening', 'No', 'High-concerned chemical', 'None', 'Applicable Season', 'Four Seasons', 'Craft of Weaving', 'Knit', 'Applicable Scene', 'Shopping', 'Hooded', 'No', 'Sleeve Style', 'regular', 'Wool', 'Coarse Wool', 'Pattern Type', 'Striped', 'Item Type', 'Pullovers', 'Sleeve Length(cm)', 'Full', 'Thickness', 'Standard', 'Technics', 'Computer Knitted', 'Material', 'POLYESTER', 'Collar', 'O-Neck', 'Style', 'Casual', 'Gender', 'Men', 'Origin', 'China Mainland', 'CN', 'Fujian', 'Closure Type', 'None']",https://www.aliexpress.us/item/3256808049114363.html?algo_pvid=0ee5c784-3e96-42d1-9b7d-1ada7507ff00&algo_exp_id=0ee5c784-3e96-42d1-9b7d-1ada7507ff00-45&pdp_ext_f=%7B%22order%22%3A%22101%22%2C%22spu_best_type%22%3A%22price%22%2C%22eval%22%3A%221%22%2C%22fromPage%22%3A%22search%22%7D&pdp_npi=6%40dis%21USD%2146.46%2113.73%21%21%21318.21%2194.03%21%40210141f717754606614606080e986d%2112000044341208404%21sea%21US%210%21ABX%211%210%21n_tag%3A-29910%3Bd%3A20f9d216%3Bm03_new_user%3A-29895%3BpisId%3A5000000197847434&curPageLogUid=5tZ4uqpHPfSn&utparam-url=scene%3Asearch%7Cquery_from%3A%7Cx_object_id%3A1005008235429115%7C_p_origin_prod%3A
Winter New Fleece Sweater Men Thickened Pullover Striped Velvet Clothing Autumn Winter Crew Neck Jumpers Fashion Knitwear,$16.11,"https://ae-pic-a1.aliexpress-media.com/kf/S452eefa0a8c94754a93e002bcc05b8ef6.jpg_220x220q75.jpg_.avif,https://ae-pic-a1.aliexpress-media.com/kf/S452eefa0a8c94754a93e002bcc05b8ef6.jpg_220x220q75.jpg_.avif,https://ae-pic-a1.aliexpress-media.com/kf/Sba3528539514450ca31d3fac80f4a77ev.jpg_220x220q75.jpg_.avif,https://ae-pic-a1.aliexpress-media.com/kf/S8aedc6d25b954817bc3b3dec0c05e98ct.jpg_220x220q75.jpg_.avif,https://ae-pic-a1.aliexpress-media.com/kf/S092ea48513f849d6ba397e44f15d4f0fN.jpg_220x220q75.jpg_.avif","['whether full opening', 'No', 'High-concerned chemical', 'None', 'Applicable Season', 'Autumn And Winter', 'Applicable Scene', 'Daily', 'Sleeve Style', 'regular', 'Wool', 'Standard Wool', 'Place Of Origin', 'China (mainland)', 'Pattern Type', 'Solid', 'Item Type', 'Pullovers', 'Sleeve Length(cm)', 'Full', 'Thickness', 'Fleece', 'Technics', 'Computer Knitted', 'Material', 'POLYESTER', 'Collar', 'O-Neck', 'Style', 'Korean', 'Gender', 'Men', 'Origin', 'China Mainland', 'CN', 'Jiangsu']",https://www.aliexpress.us/item/3256807135513840.html?algo_pvid=0ee5c784-3e96-42d1-9b7d-1ada7507ff00&algo_exp_id=0ee5c784-3e96-42d1-9b7d-1ada7507ff00-47&pdp_ext_f=%7B%22order%22%3A%2299%22%2C%22spu_best_type%22%3A%22price%22%2C%22eval%22%3A%221%22%2C%22fromPage%22%3A%22search%22%7D&pdp_npi=6%40dis%21USD%2145.03%2121.61%21%21%21308.44%21148.05%21%40210141f717754606614606080e986d%2112000040255339187%21sea%21US%210%21ABX%211%210%21n_tag%3A-29910%3Bd%3A20f9d216%3Bm03_new_user%3A-29895&curPageLogUid=BX6zAIuusvz3&utparam-url=scene%3Asearch%7Cquery_from%3A%7Cx_object_id%3A1005007321828592%7C_p_origin_prod%3A
Sweater Men Autumn Winter Jumper Fleece Thickened New Korean Knitwear O-neck Solid White Black Cold Blouse Bottom Shirt Clothes,$9.99,"https://ae-pic-a1.aliexpress-media.com/kf/Saa7eabf5efa04c85b0bfaa784e5631fa7.jpg_220x220q75.jpg_.avif,https://ae-pic-a1.aliexpress-media.com/kf/Saa7eabf5efa04c85b0bfaa784e5631fa7.jpg_220x220q75.jpg_.avif,https://ae-pic-a1.aliexpress-media.com/kf/Saefdb8a78228438abfa48b86dc316031F.jpg_220x220q75.jpg_.avif,https://ae-pic-a1.aliexpress-media.com/kf/Sbac094d633ee49958899be99e257dccbB.jpg_220x220q75.jpg_.avif,https://ae-pic-a1.aliexpress-media.com/kf/Sa1cff4f68009414e968f2fb5fb85a021u.jpg_220x220q75.jpg_.avif","['whether full opening', 'No', 'High-concerned chemical', 'None', 'Applicable Season', 'Autumn And Winter', 'Applicable Scene', 'Daily', 'Model Number', 'sweaters pullovers', 'Sleeve Style', 'regular', 'Wool', 'Thin Wool', 'Place Of Origin', 'China (mainland)', 'Sleeve Length(cm)', 'Full', 'Thickness', 'Thick', 'Material', 'POLYESTER', 'Collar', 'O-Neck', 'Style', 'Smart Casual', 'Gender', 'Men', 'Origin', 'China Mainland', 'CN', 'Jiangsu']",https://www.aliexpress.us/item/3256805853208350.html?algo_pvid=0ee5c784-3e96-42d1-9b7d-1ada7507ff00&algo_exp_id=0ee5c784-3e96-42d1-9b7d-1ada7507ff00-48&pdp_ext_f=%7B%22order%22%3A%2299%22%2C%22eval%22%3A%221%22%2C%22fromPage%22%3A%22search%22%7D&pdp_npi=6%40dis%21USD%2118.84%210.99%21%21%21129.04%216.75%21%40210141f717754606614606080e986d%2112000035440035637%21sea%21US%210%21ABX%211%210%21n_tag%3A-29910%3Bd%3A20f9d216%3Bm03_new_user%3A-29895%3BpisId%3A5000000197847458&curPageLogUid=JZm098SlPZKL&utparam-url=scene%3Asearch%7Cquery_from%3A%7Cx_object_id%3A1005006039523102%7C_p_origin_prod%3A
Men's Warm Sweatshirts Breathable Casual Sports Hiking Turtleneck Pullover Tops Men's Outdoor Mock Neck Tops Streetwear,$10.80,"https://ae-pic-a1.aliexpress-media.com/kf/S8b40816c88024aaf974a5bed0549104dL.jpg?has_lang=1&ver=1_220x220q75.jpg_.avif,https://ae-pic-a1.aliexpress-media.com/kf/S8b40816c88024aaf974a5bed0549104dL.jpg?has_lang=1&ver=1_220x220q75.jpg_.avif,https://ae-pic-a1.aliexpress-media.com/kf/Se451f9bc08d54a468a12d6d07254faeb5.jpg_220x220q75.jpg_.avif,https://ae-pic-a1.aliexpress-media.com/kf/S0ca7cf9d943e4478a44c2daceb1ac9d08.jpg_220x220q75.jpg_.avif,https://ae-pic-a1.aliexpress-media.com/kf/Saa536531b50b449da944b5855026068cf.jpg?has_lang=1&ver=1_220x220q75.jpg_.avif","['whether full opening', 'No', 'High-concerned chemical', 'None', 'Applicable Season', 'Autumn And Winter', 'Craft of Weaving', 'Knit', 'Applicable Scene', 'Daily', 'Hooded', 'No', 'Sleeve Style', 'regular', 'Place Of Origin', 'China (mainland)', 'Pattern Type', 'Solid', 'Item Type', 'Pullovers', 'Sleeve Length(cm)', 'Full', 'Thickness', 'Standard', 'Material', 'POLYESTER', 'Collar', 'Turtleneck', 'Style', 'Casual', 'Gender', 'Men', 'Brand Name', 'WHWR', 'Origin', 'Mainland China', 'CN', 'Fujian', 'Closure Type', 'Zipper']",https://www.aliexpress.us/item/3256809614443102.html?algo_pvid=0ee5c784-3e96-42d1-9b7d-1ada7507ff00&algo_exp_id=0ee5c784-3e96-42d1-9b7d-1ada7507ff00-50&pdp_ext_f=%7B%22order%22%3A%2298%22%2C%22spu_best_type%22%3A%22price%22%2C%22eval%22%3A%221%22%2C%22fromPage%22%3A%22search%22%7D&pdp_npi=6%40dis%21USD%2122.98%2110.80%21%21%21157.38%2173.97%21%40210141f717754606614606080e986d%2112000050209094961%21sea%21US%210%21ABX%211%210%21n_tag%3A-29910%3Bd%3A20f9d216%3Bm03_new_user%3A-29895&curPageLogUid=PGfDnoE5AqTH&utparam-url=scene%3Asearch%7Cquery_from%3A%7Cx_object_id%3A1005009800757854%7C_p_origin_prod%3A
Men's Turtleneck 100% Mink Cashmere Sweater Men 2025 Autumn and Winter Large Size Loose Knitted Sweater Keep Warm Top Men Jumper,$35.92,"https://ae-pic-a1.aliexpress-media.com/kf/Sf708743c7f504641ade99278f15b7638B.jpg_220x220q75.jpg_.avif,https://ae-pic-a1.aliexpress-media.com/kf/Sf708743c7f504641ade99278f15b7638B.jpg_220x220q75.jpg_.avif,https://ae-pic-a1.aliexpress-media.com/kf/S3a124bae11a24ddd85744cbfa56e5515Z.jpg_220x220q75.jpg_.avif,https://ae-pic-a1.aliexpress-media.com/kf/Se4bdbaa1d96040f4a9a98a886dcfc89eB.jpg?has_lang=1&ver=1_220x220q75.jpg_.avif,https://ae-pic-a1.aliexpress-media.com/kf/S37e6ddf798d744c787164dac671fb0dfX.jpg_220x220q75.jpg_.avif","['whether full opening', 'No', 'High-concerned chemical', 'None', 'Applicable Season', 'Autumn And Winter', 'Craft of Weaving', 'Knit', 'Applicable Scene', 'CASUAL', 'Hooded', 'No', 'Model Number', 'DBR21027', 'Decoration', 'NONE', 'Sleeve Style', 'regular', 'Wool', 'Standard Wool', 'Place Of Origin', 'China (mainland)', 'Pattern Type', 'Solid', 'Item Type', 'Pullovers', 'Sleeve Length(cm)', 'Full', 'Thickness', 'Standard', 'Technics', 'Flat Knitted', 'Material', 'Other', 'Collar', 'Turtleneck', 'Style', 'Casual', 'Gender', 'Men', 'Brand Name', 'Snaoutofit', 'Origin', 'China Mainland', 'CN', 'Hebei', 'Closure Type', 'None']",https://www.aliexpress.us/item/3256804777752053.html?algo_pvid=0ee5c784-3e96-42d1-9b7d-1ada7507ff00&algo_exp_id=0ee5c784-3e96-42d1-9b7d-1ada7507ff00-51&pdp_ext_f=%7B%22order%22%3A%2298%22%2C%22eval%22%3A%221%22%2C%22fromPage%22%3A%22search%22%7D&pdp_npi=6%40dis%21USD%2185.26%2140.92%21%21%2185.26%2140.92%21%40210141f717754606614606080e986d%2112000031176227574%21sea%21US%210%21ABX%211%210%21n_tag%3A-29910%3Bd%3A20f9d216%3Bm03_new_user%3A-29895&curPageLogUid=g135941Q3viH&utparam-url=scene%3Asearch%7Cquery_from%3A%7Cx_object_id%3A1005004964066805%7C_p_origin_prod%3A
Autumn Mens Knit Pullover Sweater Lapel Slim Fit Button Pullover HeavyWeight Polo Sweaters Outdoor Winter Warm Solid Streetwear,$12.92,"https://ae-pic-a1.aliexpress-media.com/kf/S2f4752a68c7c4df78e2f46a2cee99f74o.jpg_220x220q75.jpg_.avif,https://ae-pic-a1.aliexpress-media.com/kf/Sb7e3633107cb43f38fc38c7cce33f198y.jpg_220x220q75.jpg_.avif,https://ae-pic-a1.aliexpress-media.com/kf/S6b06c98235ea41c3b1e69164b18e4896g.jpg_220x220q75.jpg_.avif,https://ae-pic-a1.aliexpress-media.com/kf/S7cc1e0e708e84efc8c479fd8ea98a336c.jpg_220x220q75.jpg_.avif,https://ae-pic-a1.aliexpress-media.com/kf/S5a3099836ab74ab2829a399ed605720aF.jpg_220x220q75.jpg_.avif","['whether full opening', 'No', 'High-concerned chemical', 'None', 'Applicable Season', 'Autumn And Winter', 'Applicable Scene', 'CASUAL', 'Hooded', 'No', 'Sleeve Style', 'regular', 'Wool', 'Standard Wool', 'Pattern Type', 'Solid', 'Item Type', 'Pullovers', 'Sleeve Length(cm)', 'Full', 'Thickness', 'Standard', 'Material', 'POLYESTER,Nylon,Rayon', 'Collar', 'Turn-Down Collar', 'Style', 'Smart Casual', 'Gender', 'Men', 'Brand Name', 'ANIMAL GAME', 'Origin', 'China Mainland', 'CN', 'Zhejiang', 'Closure Type', 'Single Breasted', 'Support', 'Drop Shipping']",https://www.aliexpress.us/item/3256809742535976.html?algo_pvid=0ee5c784-3e96-42d1-9b7d-1ada7507ff00&algo_exp_id=0ee5c784-3e96-42d1-9b7d-1ada7507ff00-52&pdp_ext_f=%7B%22order%22%3A%2297%22%2C%22spu_best_type%22%3A%22price%22%2C%22eval%22%3A%221%22%2C%22fromPage%22%3A%22search%22%7D&pdp_npi=6%40dis%21USD%2136.83%218.92%21%21%21252.23%2161.04%21%40210141f717754606614606080e986d%2112000050603452195%21sea%21US%210%21ABX%211%210%21n_tag%3A-29910%3Bd%3A20f9d216%3Bm03_new_user%3A-29895%3BpisId%3A5000000197847434&curPageLogUid=pWkfVtB0fNsS&utparam-url=scene%3Asearch%7Cquery_from%3A%7Cx_object_id%3A1005009928850728%7C_p_origin_prod%3A
Men's Fleece Thicker Sweater Turtleneck Warm Pullover High Quality Male Slim Knitted Wool Sweaters For Winter Plus Size 4XL,$4.18,"https://ae-pic-a1.aliexpress-media.com/kf/Sa45871cfb92740d0b2ca7183a55eefeb7.jpg?has_lang=1&ver=2_220x220q75.jpg_.avif,https://ae-pic-a1.aliexpress-media.com/kf/S41b05a1353d84dc49acc1e452a6f7dd22.jpg_220x220q75.jpg_.avif,https://ae-pic-a1.aliexpress-media.com/kf/Sdac1b285150c48168e5cf482a3ddc218j.jpg_220x220q75.jpg_.avif,https://ae-pic-a1.aliexpress-media.com/kf/S1738ff58209b4121b0b71329dbff5a03r.jpg_220x220q75.jpg_.avif,https://ae-pic-a1.aliexpress-media.com/kf/S33efb75c42ba49f68eb5b7e55f98f9c58.jpg_220x220q75.jpg_.avif","['whether full opening', 'No', 'High-concerned chemical', 'None', 'Applicable Season', 'Autumn And Winter', 'Craft of Weaving', 'Tatting', 'Applicable Scene', 'CASUAL', 'Hooded', 'No', 'Decoration', 'NONE', 'Sleeve Style', 'regular', 'Wool', 'Standard Wool', 'Place Of Origin', 'China (mainland)', 'Pattern Type', 'Solid', 'Item Type', 'Pullovers', 'Sleeve Length(cm)', 'Full', 'Thickness', 'Thick', 'Technics', 'Flat Knitted', 'Material', 'POLYESTER', 'Collar', 'Turtleneck', 'Style', 'Casual', 'Gender', 'Men', 'Brand Name', 'NoEnName_Null', 'Origin', 'China Mainland', 'CN', 'Jiangsu', 'Closure Type', 'None']",https://www.aliexpress.us/item/3256807426604925.html?algo_pvid=4d8bc1cb-2cda-4a1e-b9a6-48353316ea07&algo_exp_id=4d8bc1cb-2cda-4a1e-b9a6-48353316ea07-1&pdp_ext_f=%7B%22order%22%3A%22126%22%2C%22eval%22%3A%221%22%2C%22fromPage%22%3A%22search%22%7D&pdp_npi=6%40dis%21USD%2128.50%214.18%21%21%21195.22%2128.64%21%402101246417754837255367279e7be2%2112000041558841415%21sea%21US%210%21ABX%211%210%21n_tag%3A-29910%3Bd%3A913ad4af%3Bm03_new_user%3A-29895%3BpisId%3A5000000197847434&curPageLogUid=oGl1qGjsHbE9&utparam-url=scene%3Asearch%7Cquery_from%3A%7Cx_object_id%3A1005007612919677%7C_p_origin_prod%3A
Y2k Men Knitted Sweater Solid Color Hip Hop Graphic American Retro Sweater Streetwear Punk Pullover Grunge High Street Casual,$14.68,"https://ae-pic-a1.aliexpress-media.com/kf/Se70a948c7ae44ffb84f393b639681ea7K.jpg_220x220q75.jpg_.avif,https://ae-pic-a1.aliexpress-media.com/kf/S3db2cc8e729d4faeab7b3a0c6ed15c66G.jpg?has_lang=1&ver=1_220x220q75.jpg_.avif,https://ae-pic-a1.aliexpress-media.com/kf/S453d2e25f88b4010a7a09464d8b99a66e.jpg?has_lang=1&ver=1_220x220q75.jpg_.avif,https://ae-pic-a1.aliexpress-media.com/kf/S4718bf25b29645509a61b4e8fc0401fdN.jpg_220x220q75.jpg_.avif,https://ae-pic-a1.aliexpress-media.com/kf/S649c3a3393954c0db4d50fc70a0d4a5fj.jpg?has_lang=1&ver=2_220x220q75.jpg_.avif","['whether full opening', 'No', 'High-concerned chemical', 'None', 'Applicable Season', 'Autumn And Winter', 'Craft of Weaving', 'Tatting', 'Applicable Scene', 'CASUAL', 'Hooded', 'No', 'Model Number', 'Y2k Sweater', 'Decoration', 'NONE', 'Sleeve Style', 'regular', 'Wool', 'Standard Wool', 'Place Of Origin', 'China (mainland)', 'Pattern Type', 'Solid', 'Item Type', 'Pullovers', 'Sleeve Length(cm)', 'Full', 'Thickness', 'Standard', 'Technics', 'Computer Knitted', 'Material', 'Acrylic', 'Collar', 'O-Neck', 'Style', 'gothic', 'Gender', 'Men', 'Brand Name', 'FZZSHPWL', 'Origin', 'China Mainland', 'CN', 'Guangdong', 'Closure Type', 'None']",https://www.aliexpress.us/item/3256807630411854.html?algo_pvid=4d8bc1cb-2cda-4a1e-b9a6-48353316ea07&algo_exp_id=4d8bc1cb-2cda-4a1e-b9a6-48353316ea07-2&pdp_ext_f=%7B%22order%22%3A%22125%22%2C%22eval%22%3A%221%22%2C%22fromPage%22%3A%22search%22%7D&pdp_npi=6%40dis%21USD%2137.64%2114.68%21%21%21257.82%21100.55%21%402101246417754837255367279e7be2%2112000042311041773%21sea%21US%210%21ABX%211%210%21n_tag%3A-29910%3Bd%3A913ad4af%3Bm03_new_user%3A-29895&curPageLogUid=U1CuZpgJkmca&utparam-url=scene%3Asearch%7Cquery_from%3A%7Cx_object_id%3A1005007816726606%7C_p_origin_prod%3A
Super Cashmere Sweater Men Thick Pullover Autumn Winter Warm Classic V-neck Clothes Male Jumper Jersey Hombre Pull Homme 4XL,$16.63,"https://ae-pic-a1.aliexpress-media.com/kf/Sa1657d171fc14890b9f36ce54dae063fa.jpg_220x220q75.jpg_.avif,https://ae-pic-a1.aliexpress-media.com/kf/S6782104a0f2d4fb3bd5cc6501f39d11b5.jpg_220x220q75.jpg_.avif,https://ae-pic-a1.aliexpress-media.com/kf/S3148b0d3367b4d57bd5b73fcf802a06bi.jpg?has_lang=1&ver=1_220x220q75.jpg_.avif,https://ae-pic-a1.aliexpress-media.com/kf/S8f1a969459a24b04b872297669aae0bbS.jpg_220x220q75.jpg_.avif,https://ae-pic-a1.aliexpress-media.com/kf/S4cfccb64d77d4f1a82ed74d5eaaefcfap.jpg_220x220q75.jpg_.avif","['whether full opening', 'No', 'High-concerned chemical', 'None', 'Applicable Season', 'Autumn And Winter', 'Applicable Scene', 'CASUAL', 'Hooded', 'No', 'Model Number', 'LO-Veck', 'Decoration', 'NONE', 'Sleeve Style', 'regular', 'Wool', 'Standard Wool', 'Place Of Origin', 'China (mainland)', 'Pattern Type', 'Solid', 'Item Type', 'Pullovers', 'Sleeve Length(cm)', 'Full', 'Thickness', 'Standard', 'Technics', 'Computer Knitted', 'Material', 'Microfiber,CASHMERE', 'Collar', 'V-Neck', 'Style', 'Casual', 'Gender', 'Men', 'Brand Name', 'Namou Drane', 'Origin', 'China Mainland', 'CN', 'Guangdong', 'Closure Type', 'None', 'CN', 'Guangdong']",https://www.aliexpress.us/item/3256810046862071.html?algo_pvid=4d8bc1cb-2cda-4a1e-b9a6-48353316ea07&algo_exp_id=4d8bc1cb-2cda-4a1e-b9a6-48353316ea07-4&pdp_ext_f=%7B%22order%22%3A%22122%22%2C%22eval%22%3A%221%22%2C%22fromPage%22%3A%22search%22%7D&pdp_npi=6%40dis%21USD%2133.26%2116.63%21%21%2133.26%2116.63%21%402101246417754837255367279e7be2%2112000051623585506%21sea%21US%210%21ABX%211%210%21n_tag%3A-29910%3Bd%3A913ad4af%3Bm03_new_user%3A-29895&curPageLogUid=f6c2ukeGH4di&utparam-url=scene%3Asearch%7Cquery_from%3A%7Cx_object_id%3A1005010233176823%7C_p_origin_prod%3A
Sweaters men 2025 Winter Letter pattern thick sweater men Student youth sweaters autumn Men's wool pullovers full size S-3XL,$30.61,"https://ae-pic-a1.aliexpress-media.com/kf/Sbb50e1a364444a68b0fc2c1524766a32y.jpg_220x220q75.jpg_.avif,https://ae-pic-a1.aliexpress-media.com/kf/S131f1edda47047a3ab6f55db5b36ab09q.jpg_220x220q75.jpg_.avif,https://ae-pic-a1.aliexpress-media.com/kf/S607bd6265b6a494da2873831aa5ea9a2X.jpg_220x220q75.jpg_.avif,https://ae-pic-a1.aliexpress-media.com/kf/S618dc9478ced43548e38f0a23dfc5341L.jpg_220x220q75.jpg_.avif,https://ae-pic-a1.aliexpress-media.com/kf/S5ce3e0ea356444ce98826df60ac3f158y.png_220x220.png_.avif","['whether full opening', 'No', 'High-concerned chemical', 'None', 'Applicable Season', 'Autumn And Winter', 'Applicable Scene', 'CASUAL', 'Hooded', 'No', 'Decoration', 'Flowers', 'Sleeve Style', 'regular', 'Wool', 'Standard Wool', 'Place Of Origin', 'China (mainland)', 'Pattern Type', 'Patchwork', 'Item Type', 'Pullovers', 'Sleeve Length(cm)', 'Full', 'Thickness', 'Thick', 'Technics', 'Computer Knitted', 'Material', 'POLYESTER,Wool', 'Collar', 'O-Neck', 'Style', 'Casual', 'Gender', 'Men', 'Brand Name', 'KOLMAKOV', 'Origin', 'China Mainland', 'CN', 'Hubei', 'Closure Type', 'None']",https://www.aliexpress.us/item/3256805680381392.html?algo_pvid=4d8bc1cb-2cda-4a1e-b9a6-48353316ea07&algo_exp_id=4d8bc1cb-2cda-4a1e-b9a6-48353316ea07-7&pdp_ext_f=%7B%22order%22%3A%22120%22%2C%22eval%22%3A%221%22%2C%22fromPage%22%3A%22search%22%7D&pdp_npi=6%40dis%21USD%2143.73%2130.61%21%21%21299.50%21209.65%21%402101246417754837255367279e7be2%2112000034630472030%21sea%21US%210%21ABX%211%210%21n_tag%3A-29910%3Bd%3A913ad4af%3Bm03_new_user%3A-29895&curPageLogUid=0VaXd2el0v59&utparam-url=scene%3Asearch%7Cquery_from%3A%7Cx_object_id%3A1005005866696144%7C_p_origin_prod%3A
Autumn New Men's Round Neck Pullover Long Sleeved Knitted Sweater Retro Lightweight Sports Shirt Soild Color Casual Jacket,$2.72,"https://ae-pic-a1.aliexpress-media.com/kf/Sfba90f81aaf2492c90c6582622b7d20eI.jpg_220x220q75.jpg_.avif,https://ae-pic-a1.aliexpress-media.com/kf/Sbc99028115024dbea3cf44f1f54ed1d2O.jpg_220x220q75.jpg_.avif,https://ae-pic-a1.aliexpress-media.com/kf/Sd6a76f4d441b4269a0ee5089f4a9d120p.jpg_220x220q75.jpg_.avif,https://ae-pic-a1.aliexpress-media.com/kf/S88ba448af27e45c8af9105c1215ad446o.jpg_220x220q75.jpg_.avif,https://ae-pic-a1.aliexpress-media.com/kf/Sd4ba3c1c3c86432abca15364080c1366f.jpg_220x220q75.jpg_.avif","['whether full opening', 'No', 'High-concerned chemical', 'None', 'Applicable Season', 'Autumn And Winter', 'Applicable Scene', 'Daily', 'Sleeve Style', 'regular', 'Item Type', 'Pullovers', 'Thickness', 'Standard', 'Material', 'POLYESTER', 'Collar', 'Mock Neck', 'Style', 'Korean', 'Gender', 'Men', 'Origin', 'China Mainland', 'CN', 'Zhejiang', 'Support', 'Drop Shipping']",https://www.aliexpress.us/item/3256807457072492.html?algo_pvid=4d8bc1cb-2cda-4a1e-b9a6-48353316ea07&algo_exp_id=4d8bc1cb-2cda-4a1e-b9a6-48353316ea07-8&pdp_ext_f=%7B%22order%22%3A%22120%22%2C%22eval%22%3A%221%22%2C%22fromPage%22%3A%22search%22%7D&pdp_npi=6%40dis%21USD%2125.46%212.72%21%21%21174.41%2118.65%21%402101246417754837255367279e7be2%2112000041625959497%21sea%21US%210%21ABX%211%210%21n_tag%3A-29910%3Bd%3A913ad4af%3Bm03_new_user%3A-29895%3BpisId%3A5000000197847434&curPageLogUid=F0PQ1vkRtw3u&utparam-url=scene%3Asearch%7Cquery_from%3A%7Cx_object_id%3A1005007643387244%7C_p_origin_prod%3A
Y2K New Trendy Versatile Long Sleeves Season Print Flower Leaf Pullover Retro Harajuku Hip Hop Streetwear Unisex Loose Clothing,$13.91,"https://ae-pic-a1.aliexpress-media.com/kf/S32f8b94570fd408995cb4b79500a877bd.jpg_220x220q75.jpg_.avif,https://ae-pic-a1.aliexpress-media.com/kf/Sf2f6160cf43f4366bbf0afd38e45ccddv.jpg_220x220q75.jpg_.avif,https://ae-pic-a1.aliexpress-media.com/kf/Sc7ab68fd62a84fdba36ec17f0226c4f1r.jpg_220x220q75.jpg_.avif,https://ae-pic-a1.aliexpress-media.com/kf/S8aadf4d83cbb4b4fb98da38defdee663R.jpg_220x220q75.jpg_.avif,https://ae-pic-a1.aliexpress-media.com/kf/S71677d2cc1ea450b98c42c6061010e33L.jpg_220x220q75.jpg_.avif","['whether full opening', 'No', 'High-concerned chemical', 'None', 'Applicable Season', 'Four Seasons', 'Applicable Scene', 'Traveling', 'Thickness', 'Standard', 'Material', 'COTTON', 'Collar', 'O-Neck', 'Style', 'Vintage', 'Gender', 'Men', 'Brand Name', 'BiggOrange', 'Origin', 'China Mainland', 'CN', 'Guangdong', 'Closure Type', 'None']",https://www.aliexpress.us/item/3256809472840114.html?algo_pvid=4d8bc1cb-2cda-4a1e-b9a6-48353316ea07&algo_exp_id=4d8bc1cb-2cda-4a1e-b9a6-48353316ea07-10&pdp_ext_f=%7B%22order%22%3A%22120%22%2C%22eval%22%3A%221%22%2C%22fromPage%22%3A%22search%22%7D&pdp_npi=6%40dis%21USD%2145.02%2113.91%21%21%21308.37%2195.28%21%402101246417754837255367279e7be2%2112000049792391522%21sea%21US%210%21ABX%211%210%21n_tag%3A-29910%3Bd%3A913ad4af%3Bm03_new_user%3A-29895%3BpisId%3A5000000197847458&curPageLogUid=0j1KNk8tstrt&utparam-url=scene%3Asearch%7Cquery_from%3A%7Cx_object_id%3A1005009659154866%7C_p_origin_prod%3A
Winter Fashion Sweater Men Patchwork Casual Knit Pullovers Mens Thick Warm Harajuku Loose Knitted Sweaters O-Neck Streetwear Man,$10.61,"https://ae-pic-a1.aliexpress-media.com/kf/S14795dea64ad44e28cfbf6a3e1bc02c2A.jpg_220x220q75.jpg_.avif,https://ae-pic-a1.aliexpress-media.com/kf/Sf8fdcab6f4bc4f07a23dc5cde9661416y.jpg_220x220q75.jpg_.avif,https://ae-pic-a1.aliexpress-media.com/kf/Sacabbc43938943d99862c4625acf5edcD.jpg_220x220q75.jpg_.avif,https://ae-pic-a1.aliexpress-media.com/kf/S5ceb892c8de24b84a466b33997566d98d.jpg_220x220q75.jpg_.avif,https://ae-pic-a1.aliexpress-media.com/kf/Sdb5a36a9378349f8a0ef9411a60c5bb58.jpg_220x220q75.jpg_.avif","['whether full opening', 'No', 'High-concerned chemical', 'None', 'Applicable Season', 'Autumn And Winter', 'Craft of Weaving', 'Knit', 'Applicable Scene', 'Daily', 'Hooded', 'No', 'Model Number', '844918841635', 'Decoration', 'NONE', 'Sleeve Style', 'regular', 'Wool', 'Standard Wool', 'Pattern Type', 'Patchwork', 'Item Type', 'Pullovers', 'Sleeve Length(cm)', 'Full', 'Thickness', 'Standard', 'Technics', 'Computer Knitted', 'Material', 'Other,Acrylic', 'Collar', 'O-Neck', 'Style', 'Casual', 'Gender', 'Men', 'Origin', 'China Mainland', 'CN', 'Zhejiang', 'Closure Type', 'None', 'Hign-concerned Chemical', 'None', 'Applicable Season', 'Autumn And Winter', 'Craft of Weaving', 'Knit', 'Applicable Scene', 'Daily', 'Hooded', 'No', 'Decoration', 'none', 'Sleeve Style', 'regular', 'Wool', 'Standard Wool', 'Pattern Type', 'Patchwork', 'Item Type', 'Pullovers']",https://www.aliexpress.us/item/3256808177648003.html?algo_pvid=4d8bc1cb-2cda-4a1e-b9a6-48353316ea07&algo_exp_id=4d8bc1cb-2cda-4a1e-b9a6-48353316ea07-11&pdp_ext_f=%7B%22order%22%3A%22120%22%2C%22eval%22%3A%221%22%2C%22fromPage%22%3A%22search%22%7D&pdp_npi=6%40dis%21USD%2117.69%2110.61%21%21%2117.69%2110.61%21%402101246417754837255367279e7be2%2112000044726859981%21sea%21US%210%21ABX%211%210%21n_tag%3A-29910%3Bd%3A913ad4af%3Bm03_new_user%3A-29895&curPageLogUid=EW4rCmy9iH8Z&utparam-url=scene%3Asearch%7Cquery_from%3A%7Cx_object_id%3A1005008363962755%7C_p_origin_prod%3A
Men's Cashmere Warm Pullovers Sweater V Neck Knit Autumn Winter Fit Tops Male Wool Knitwear Jumpers Bottoming shirt Plus Size,$18.78,"https://ae-pic-a1.aliexpress-media.com/kf/Sb850abfe6b0f40f0be892629a8305780n.jpg_220x220q75.jpg_.avif,https://ae-pic-a1.aliexpress-media.com/kf/Sf520fe95422e4045b1a680c0f08c70156.jpg_220x220q75.jpg_.avif,https://ae-pic-a1.aliexpress-media.com/kf/S4503acfd94b746ce96fb5590ad7c3b20e.jpg_220x220q75.jpg_.avif,https://ae-pic-a1.aliexpress-media.com/kf/S37cd0f3179a94e9897b5b6c359e11370c.jpg_220x220q75.jpg_.avif,https://ae-pic-a1.aliexpress-media.com/kf/S4372de31242f49d8856d702cb43494ddf.jpg_220x220q75.jpg_.avif","['whether full opening', 'No', 'High-concerned chemical', 'None', 'Applicable Season', 'Autumn And Winter', 'Craft of Weaving', 'Knit', 'Applicable Scene', 'CASUAL', 'Hooded', 'No', 'Decoration', 'Embroidery', 'Sleeve Style', 'regular', 'Wool', 'Standard Wool', 'Place Of Origin', 'China (mainland)', 'Pattern Type', 'Solid', 'Item Type', 'Pullovers', 'Sleeve Length(cm)', 'Full', 'Thickness', 'Standard', 'Technics', 'Computer Knitted', 'Material', 'Elastane,Wool', 'Collar', 'V-Neck', 'Style', 'Casual', 'Gender', 'Men', 'Brand Name', 'Namou Drane', 'Origin', 'China Mainland', 'CN', 'Guangdong', 'Closure Type', 'None', 'CN', 'Guangdong']",https://www.aliexpress.us/item/3256805965443864.html?algo_pvid=4d8bc1cb-2cda-4a1e-b9a6-48353316ea07&algo_exp_id=4d8bc1cb-2cda-4a1e-b9a6-48353316ea07-13&pdp_ext_f=%7B%22order%22%3A%22117%22%2C%22eval%22%3A%221%22%2C%22fromPage%22%3A%22search%22%7D&pdp_npi=6%40dis%21USD%2134.15%2118.78%21%21%21233.89%21128.64%21%402101246417754837255367279e7be2%2112000035998180150%21sea%21US%210%21ABX%211%210%21n_tag%3A-29910%3Bd%3A913ad4af%3Bm03_new_user%3A-29895&curPageLogUid=HrupXv36y9hm&utparam-url=scene%3Asearch%7Cquery_from%3A%7Cx_object_id%3A1005006151758616%7C_p_origin_prod%3A
TFETTERS Brand Japan O Neck Pullovers for Men Knitwear 2025 Autumn Winter Solid Color Comfortable Sweaters Man Clothes Teenagers,$26.55,"https://ae-pic-a1.aliexpress-media.com/kf/S2028cbaf15dd42d890b52d44d3f3b101S.jpg_220x220q75.jpg_.avif,https://ae-pic-a1.aliexpress-media.com/kf/S4d1e608dae454adbb4781b8f0f19a676g.jpg_220x220q75.jpg_.avif,https://ae-pic-a1.aliexpress-media.com/kf/Sed83a694321647658a81e87fdf30824cd.jpg_220x220q75.jpg_.avif,https://ae-pic-a1.aliexpress-media.com/kf/Sbe329a5aa4be44e9a6fb96c1e3194fa5V.jpg?has_lang=1&ver=2_220x220q75.jpg_.avif,https://ae-pic-a1.aliexpress-media.com/kf/S46aadb5bb8324605afb281d8c8fbd8efw.jpg?has_lang=1&ver=2_220x220q75.jpg_.avif","['whether full opening', 'Yes', 'High-concerned chemical', 'None', 'Applicable Season', 'Autumn', 'Craft of Weaving', 'Knit', 'Applicable Scene', 'Daily', 'Hooded', 'No', 'Model Number', 'Japan O Neck Pullovers for Men', 'Decoration', 'NONE', 'Sleeve Style', 'regular', 'Wool', 'Standard Wool', 'Place Of Origin', 'China (mainland)', 'Pattern Type', 'Solid', 'Item Type', 'Pullovers', 'Sleeve Length(cm)', 'Full', 'Thickness', 'Standard', 'Technics', 'Flat Knitted', 'Material', 'POLYESTER', 'Collar', 'O-Neck', 'Style', 'Casual', 'Gender', 'Men', 'Brand Name', 'Tfetters', 'Origin', 'China Mainland', 'CN', 'Guangdong', 'Closure Type', 'None', 'Color', 'White/Black/Green/Apricot/Purple/Khaki/Gray', 'Size', 'S-4XL', 'Material Quality', '100%Polyester']",https://www.aliexpress.us/item/3256807370749045.html?algo_pvid=4d8bc1cb-2cda-4a1e-b9a6-48353316ea07&algo_exp_id=4d8bc1cb-2cda-4a1e-b9a6-48353316ea07-14&pdp_ext_f=%7B%22order%22%3A%22117%22%2C%22spu_best_type%22%3A%22price%22%2C%22eval%22%3A%221%22%2C%22fromPage%22%3A%22search%22%7D&pdp_npi=6%40dis%21USD%2153.10%2126.55%21%21%21363.73%21181.86%21%402101246417754837255367279e7be2%2112000041283264149%21sea%21US%210%21ABX%211%210%21n_tag%3A-29910%3Bd%3A913ad4af%3Bm03_new_user%3A-29895&curPageLogUid=TX5xKRSacxjS&utparam-url=scene%3Asearch%7Cquery_from%3A%7Cx_object_id%3A1005007557063797%7C_p_origin_prod%3A
Flocking Floral Sweaters Men Baggy Spring Autumn Japanese Style Retro High Street Harajuku Knitwear Slouchy Ins,$25.01,"https://ae-pic-a1.aliexpress-media.com/kf/Sd20a74e23cb14795938f273c70b0b552P.jpg_220x220q75.jpg_.avif,https://ae-pic-a1.aliexpress-media.com/kf/Se0bfca3ef49847ed9ef12e97ab2d82eau.jpg_220x220q75.jpg_.avif,https://ae-pic-a1.aliexpress-media.com/kf/Sea663bd5b9ff4ea29154dd2ab0c39fbfi.jpg_220x220q75.jpg_.avif,https://ae-pic-a1.aliexpress-media.com/kf/S99be5880268d40aea76b050d345cc1850.jpg_220x220q75.jpg_.avif,https://ae-pic-a1.aliexpress-media.com/kf/S80f05e665baa4b798342fe5cbe3e6eb0P.jpg_220x220q75.jpg_.avif","['whether full opening', 'No', 'High-concerned chemical', 'None', 'Applicable Season', 'Spring And Autumn', 'Craft of Weaving', 'Knit', 'Applicable Scene', 'Daily', 'Hooded', 'No', 'Model Number', '92stY245', 'Decoration', 'Flocking', 'Sleeve Style', 'regular', 'Wool', 'Standard Wool', 'Place Of Origin', 'China (mainland)', 'Pattern Type', 'Floral', 'Item Type', 'Pullovers', 'Sleeve Length(cm)', 'Full', 'Thickness', 'Standard', 'Technics', 'Flat Knitted', 'Material', 'Acrylic,COTTON', 'Collar', 'O-Neck', 'Style', 'Japan Style', 'Gender', 'Men', 'Origin', 'China Mainland', 'CN', 'Guangdong', 'Closure Type', 'None']",https://www.aliexpress.us/item/3256808142480449.html?algo_pvid=4d8bc1cb-2cda-4a1e-b9a6-48353316ea07&algo_exp_id=4d8bc1cb-2cda-4a1e-b9a6-48353316ea07-16&pdp_ext_f=%7B%22order%22%3A%22116%22%2C%22eval%22%3A%221%22%2C%22fromPage%22%3A%22search%22%7D&pdp_npi=6%40dis%21USD%2145.47%2125.01%21%21%21311.42%21171.28%21%402101246417754837255367279e7be2%2112000044618202774%21sea%21US%210%21ABX%211%210%21n_tag%3A-29910%3Bd%3A913ad4af%3Bm03_new_user%3A-29895&curPageLogUid=1wbrmwTsnb6y&utparam-url=scene%3Asearch%7Cquery_from%3A%7Cx_object_id%3A1005008328795201%7C_p_origin_prod%3A
Luxury High Quality 2024Autumn/Winter Round Neck brand Exquisite Embroidery Men's Sweater fashion Casual Thick Knitted pullover,$28.15,"https://ae-pic-a1.aliexpress-media.com/kf/S906b51fa2dfc4dda9abe38f11254677b0.jpg_220x220q75.jpg_.avif,https://ae-pic-a1.aliexpress-media.com/kf/S441a54a98ce94cb58255e14f20933fbap.jpg_220x220q75.jpg_.avif,https://ae-pic-a1.aliexpress-media.com/kf/Sac064910beaf4f339fcabcdec2325a7aP.jpg_220x220q75.jpg_.avif,https://ae-pic-a1.aliexpress-media.com/kf/S67eafdba22c549448eb81a552c9cf6bat.jpg_220x220q75.jpg_.avif,https://ae-pic-a1.aliexpress-media.com/kf/S0908e05b37804c4299ca19785ac98330s.jpg_220x220q75.jpg_.avif","['whether full opening', 'No', 'High-concerned chemical', 'None', 'Applicable Season', 'Autumn And Winter', 'Craft of Weaving', 'Non-Woven', 'Applicable Scene', 'Daily', 'Hooded', 'No', 'Decoration', 'Embroidery', 'Sleeve Style', 'regular', 'Wool', 'Standard Wool', 'Place Of Origin', 'China (mainland)', 'Pattern Type', 'Solid', 'Item Type', 'Pullovers', 'Sleeve Length(cm)', 'Full', 'Thickness', 'Standard', 'Technics', 'Flat Knitted', 'Material', 'POLYESTER,Elastane', 'Collar', 'O-Neck', 'Style', 'Casual', 'Gender', 'Men', 'Origin', 'China Mainland', 'CN', 'Zhejiang', 'Closure Type', 'None']",https://www.aliexpress.us/item/3256807770360834.html?algo_pvid=4d8bc1cb-2cda-4a1e-b9a6-48353316ea07&algo_exp_id=4d8bc1cb-2cda-4a1e-b9a6-48353316ea07-18&pdp_ext_f=%7B%22order%22%3A%22114%22%2C%22eval%22%3A%221%22%2C%22fromPage%22%3A%22search%22%7D&pdp_npi=6%40dis%21USD%2175.30%2128.15%21%21%21515.77%21192.81%21%402101246417754837255367279e7be2%2112000043392577227%21sea%21US%210%21ABX%211%210%21n_tag%3A-29910%3Bd%3A913ad4af%3Bm03_new_user%3A-29895%3BpisId%3A5000000197847434&curPageLogUid=WnO4Q2bZeCOW&utparam-url=scene%3Asearch%7Cquery_from%3A%7Cx_object_id%3A1005007956675586%7C_p_origin_prod%3A
Men Gray Money Sign Sweater Y2k American Dollar Knit Pullover Vintage Classic Streetwear Warm Winter Crewneck Top Casual Fashion,$38.67,"https://ae-pic-a1.aliexpress-media.com/kf/S0223cc9df8a344cfb7c46c47190831d2A.jpg_220x220q75.jpg_.avif,https://ae-pic-a1.aliexpress-media.com/kf/S5cd2d996f7364fb4999f7ef99d4e7a103.jpg?has_lang=1&ver=2_220x220q75.jpg_.avif,https://ae-pic-a1.aliexpress-media.com/kf/S154a383da61747dcb9f481340278e0e9G.jpg_220x220q75.jpg_.avif,https://ae-pic-a1.aliexpress-media.com/kf/Se25fe3a151bb45e9bfcba72a3847a47ep.jpg_220x220q75.jpg_.avif,https://ae-pic-a1.aliexpress-media.com/kf/S200eaebe2cee4d759f4f780ee0675410F.jpg?has_lang=1&ver=2_220x220q75.jpg_.avif","['whether full opening', 'No', 'High-concerned chemical', 'None', 'Applicable Season', 'Four Seasons', 'Applicable Scene', 'CASUAL', 'Hooded', 'No', 'Decoration', 'Vintage', 'Sleeve Style', 'regular', 'Wool', 'Standard Wool', 'Place Of Origin', 'China (mainland)', 'Pattern Type', 'Print', 'Item Type', 'Pullovers', 'Sleeve Length(cm)', 'Full', 'Thickness', 'Standard', 'Technics', 'Computer Knitted', 'Material', 'COTTON', 'Collar', 'O-Neck', 'Style', 'Vintage', 'Gender', 'Men', 'Brand Name', 'BiggOrange', 'Origin', 'Mainland China', 'CN', 'Guangdong', 'Closure Type', 'None']",https://www.aliexpress.us/item/3256809358722410.html?algo_pvid=4d8bc1cb-2cda-4a1e-b9a6-48353316ea07&algo_exp_id=4d8bc1cb-2cda-4a1e-b9a6-48353316ea07-24&pdp_ext_f=%7B%22order%22%3A%22112%22%2C%22eval%22%3A%221%22%2C%22fromPage%22%3A%22search%22%7D&pdp_npi=6%40dis%21USD%2177.35%2138.67%21%21%21529.81%21264.90%21%402101246417754837255367279e7be2%2112000049425495581%21sea%21US%210%21ABX%211%210%21n_tag%3A-29910%3Bd%3A913ad4af%3Bm03_new_user%3A-29895&curPageLogUid=4RWfjcZzgYoG&utparam-url=scene%3Asearch%7Cquery_from%3A%7Cx_object_id%3A1005009545037162%7C_p_origin_prod%3A
Fashion 100%Cotton Round Neck Sweater with fleece Custom Logo Printed Personal Group Brand Embroidery Design Men and Women thick,$21.58,"https://ae-pic-a1.aliexpress-media.com/kf/S46fd96aaf01d4937b5cde60553519a09B.png?has_lang=1&ver=2_220x220.png_.avif,https://ae-pic-a1.aliexpress-media.com/kf/Sc055367f1a5d4743bd6eb50fdac803e75.png?has_lang=1&ver=2_220x220.png_.avif,https://ae-pic-a1.aliexpress-media.com/kf/S61807e17d86f47e599de8c72e920dd07I.png_220x220.png_.avif,https://ae-pic-a1.aliexpress-media.com/kf/S2c46b57a53734802b295cf0169b1a14b7.png_220x220.png_.avif,https://ae-pic-a1.aliexpress-media.com/kf/Se3a30ccbc8cd41a295b6bd3cb0dd0c25L.png?has_lang=1&ver=2_220x220.png_.avif","['whether full opening', 'No', 'High-concerned chemical', 'None', 'Applicable Season', 'Winter', 'Craft of Weaving', 'Non-Woven', 'Applicable Scene', 'Interview', 'Hooded', 'No', 'Model Number', 'er203203', 'Decoration', 'NONE', 'Sleeve Style', 'regular', 'Wool', 'Thin Wool', 'Place Of Origin', 'China (mainland)', 'Pattern Type', 'Solid', 'Item Type', 'Pullovers', 'Sleeve Length(cm)', 'Full', 'Thickness', 'Fleece', 'Technics', 'Computer Knitted', 'Material', 'COTTON', 'Collar', 'O-Neck', 'Style', 'Casual', 'Gender', 'Men', 'Brand Name', 'NoEnName_Null', 'Origin', 'China Mainland', 'CN', 'Guangdong', 'Closure Type', 'None']",https://www.aliexpress.us/item/3256808586786115.html?algo_pvid=4d8bc1cb-2cda-4a1e-b9a6-48353316ea07&algo_exp_id=4d8bc1cb-2cda-4a1e-b9a6-48353316ea07-25&pdp_ext_f=%7B%22order%22%3A%22111%22%2C%22eval%22%3A%221%22%2C%22fromPage%22%3A%22search%22%7D&pdp_npi=6%40dis%21USD%2131.28%2121.58%21%21%21214.24%21147.83%21%402101246417754837255367279e7be2%2112000046613986558%21sea%21US%210%21ABX%211%210%21n_tag%3A-29910%3Bd%3A913ad4af%3Bm03_new_user%3A-29895&curPageLogUid=PZv3My3dtW0D&utparam-url=scene%3Asearch%7Cquery_from%3A%7Cx_object_id%3A1005008773100867%7C_p_origin_prod%3A
Men Semi Turtleneck Long Sleeve Half Zip Pullover Knitted Sweater Female Knitwear Tops PYBG-BSD-ZW123,$6.53,"https://ae-pic-a1.aliexpress-media.com/kf/S1a33b09fa2b24bcf81725b1e1fcf3dcdF.jpg_220x220q75.jpg_.avif,https://ae-pic-a1.aliexpress-media.com/kf/S636b1d75629d4ba0beb2a322e217ef82f.jpg_220x220q75.jpg_.avif,https://ae-pic-a1.aliexpress-media.com/kf/S315686ee44514c989bdd193ec278fa6fR.jpg_220x220q75.jpg_.avif,https://ae-pic-a1.aliexpress-media.com/kf/S7e102fe02a804169bd0949cd2fefe9a2F.jpg_220x220q75.jpg_.avif,https://ae-pic-a1.aliexpress-media.com/kf/Sca8da55d0d0a42f59caa89fa9c2deddfL.jpg_220x220q75.jpg_.avif","['whether full opening', 'Yes', 'High-concerned chemical', 'None', 'Applicable Season', 'Four Seasons', 'Craft of Weaving', 'Non-Woven', 'Applicable Scene', 'CASUAL', 'Hooded', 'No', 'Model Number', 'PYBG-BSD-ZW123', 'Decoration', 'Hollow Out', 'Sleeve Style', 'regular', 'Wool', 'Coarse Wool', 'Place Of Origin', 'China (mainland)', 'Pattern Type', 'Striped', 'Item Type', 'Pullovers', 'Sleeve Length(cm)', 'Full', 'Thickness', 'Standard', 'Technics', 'Computer Knitted', 'Material', 'COTTON,POLYESTER', 'Collar', 'Turtleneck', 'Style', 'gothic', 'Gender', 'Men', 'Brand Name', 'mooclound', 'Origin', 'China Mainland', 'CN', 'Jiangsu', 'Closure Type', 'None']",https://www.aliexpress.us/item/3256805924772610.html?algo_pvid=4d8bc1cb-2cda-4a1e-b9a6-48353316ea07&algo_exp_id=4d8bc1cb-2cda-4a1e-b9a6-48353316ea07-26&pdp_ext_f=%7B%22order%22%3A%22110%22%2C%22eval%22%3A%221%22%2C%22fromPage%22%3A%22search%22%7D&pdp_npi=6%40dis%21USD%217.26%216.53%21%21%217.26%216.53%21%402101246417754837255367279e7be2%2112000035799229708%21sea%21US%210%21ABX%211%210%21n_tag%3A-29910%3Bd%3A913ad4af%3Bm03_new_user%3A-29895&curPageLogUid=LJMtSISEIRv1&utparam-url=scene%3Asearch%7Cquery_from%3A%7Cx_object_id%3A1005006111087362%7C_p_origin_prod%3A
Fall/Winter 100% Wool Bottoming Shirt Men's Thickened Turtleneck Sweater Business Cashmere Knitting,$33.16,"https://ae-pic-a1.aliexpress-media.com/kf/S798cae328de74965b2473b4865ee3a68H.jpg_220x220q75.jpg_.avif,https://ae-pic-a1.aliexpress-media.com/kf/S798cae328de74965b2473b4865ee3a68H.jpg_220x220q75.jpg_.avif,https://ae-pic-a1.aliexpress-media.com/kf/S7f1ff0e694d94e6ebada8bd995d70ceep.jpg_220x220q75.jpg_.avif,https://ae-pic-a1.aliexpress-media.com/kf/S964bcfc678fa4666a77ca5e0f352f0faE.jpg_220x220q75.jpg_.avif,https://ae-pic-a1.aliexpress-media.com/kf/Sfb0ca12516f640b79ee9977864d15d6aN.jpg_220x220q75.jpg_.avif","['whether full opening', 'No', 'High-concerned chemical', 'None', 'Applicable Season', 'Autumn And Winter', 'Applicable Scene', 'CASUAL', 'Hooded', 'No', 'Model Number', '2001/70', 'Decoration', 'NONE', 'Sleeve Style', 'regular', 'Place Of Origin', 'China (mainland)', 'Pattern Type', 'Solid', 'Item Type', 'Pullovers', 'Sleeve Length(cm)', 'Full', 'Thickness', 'Standard', 'Material', 'Wool', 'Collar', 'Turtleneck', 'Style', 'Casual', 'Gender', 'Men', 'Origin', 'China Mainland', 'CN', 'Hebei', 'Closure Type', 'None']",https://www.aliexpress.us/item/3256805739680365.html?algo_pvid=4d8bc1cb-2cda-4a1e-b9a6-48353316ea07&algo_exp_id=4d8bc1cb-2cda-4a1e-b9a6-48353316ea07-27&pdp_ext_f=%7B%22order%22%3A%22110%22%2C%22eval%22%3A%221%22%2C%22fromPage%22%3A%22search%22%7D&pdp_npi=6%40dis%21USD%2169.09%2133.16%21%21%21473.25%21227.16%21%402101246417754837255367279e7be2%2112000034878987078%21sea%21US%210%21ABX%211%210%21n_tag%3A-29910%3Bd%3A913ad4af%3Bm03_new_user%3A-29895&curPageLogUid=uoxjthLCWPWe&utparam-url=scene%3Asearch%7Cquery_from%3A%7Cx_object_id%3A1005005925995117%7C_p_origin_prod%3A
Men Knitted Sweater Stripe Pullovers Printing Round Neck Sweater 2024 Autumn/Winter Designer Quality Casual Men Clothing Jumper,$27.92,"https://ae-pic-a1.aliexpress-media.com/kf/S162ccf5b11654a6db36fa82314fa29a1D.jpg_220x220q75.jpg_.avif,https://ae-pic-a1.aliexpress-media.com/kf/S16cb35f4413644f0ae89848d97436566Y.jpg_220x220q75.jpg_.avif,https://ae-pic-a1.aliexpress-media.com/kf/Sf422e3be5f0a444face0fad6790b6150C.jpg_220x220q75.jpg_.avif,https://ae-pic-a1.aliexpress-media.com/kf/S24fc52ae36934daeb3c588129a55ae79y.jpg_220x220q75.jpg_.avif,https://ae-pic-a1.aliexpress-media.com/kf/S0a1cd9eddaba4c08a6bea6bdadce4229h.jpg_220x220q75.jpg_.avif","['whether full opening', 'No', 'High-concerned chemical', 'None', 'Applicable Season', 'Autumn And Winter', 'Applicable Scene', 'Daily', 'Hooded', 'No', 'Model Number', 'MY8006', 'Sleeve Style', 'regular', 'Pattern Type', 'Letter', 'Item Type', 'Pullovers', 'Sleeve Length(cm)', 'Full', 'Thickness', 'Thick', 'Material', 'POLYESTER', 'Collar', 'O-Neck', 'Style', 'Casual', 'Gender', 'Men', 'Brand Name', 'NoEnName_Null', 'Origin', 'China Mainland', 'CN', 'Hubei']",https://www.aliexpress.us/item/3256806266570572.html?algo_pvid=4d8bc1cb-2cda-4a1e-b9a6-48353316ea07&algo_exp_id=4d8bc1cb-2cda-4a1e-b9a6-48353316ea07-28&pdp_ext_f=%7B%22order%22%3A%22110%22%2C%22eval%22%3A%221%22%2C%22fromPage%22%3A%22search%22%7D&pdp_npi=6%40dis%21USD%2146.53%2127.92%21%21%21318.68%21191.21%21%402101246417754837255367279e7be2%2112000037229425170%21sea%21US%210%21ABX%211%210%21n_tag%3A-29910%3Bd%3A913ad4af%3Bm03_new_user%3A-29895&curPageLogUid=xsEkVPgFBogo&utparam-url=scene%3Asearch%7Cquery_from%3A%7Cx_object_id%3A1005006452885324%7C_p_origin_prod%3A
Semir Wool Sweater Men Machine-Washable Warm High Neck Sweater 2024 New Winter Base Layer Shirt Solid Color,$34.41,"https://ae-pic-a1.aliexpress-media.com/kf/S66a85c932fb14661833fb4944db99c849.jpg?has_lang=1&ver=2_220x220q75.jpg_.avif,https://ae-pic-a1.aliexpress-media.com/kf/Sd0128e69348b408998ee3beb90ed91a5Z.jpg?has_lang=1&ver=2_220x220q75.jpg_.avif,https://ae-pic-a1.aliexpress-media.com/kf/Sec7e29036b3446f1888428abde1beeafU.jpg?has_lang=1&ver=2_220x220q75.jpg_.avif,https://ae-pic-a1.aliexpress-media.com/kf/S0bc17aa00f3b46a0ad4c081a73135d1fy.jpg_220x220q75.jpg_.avif,https://ae-pic-a1.aliexpress-media.com/kf/Sed35144338f045a5bf4e3a4cee735ba0P.jpg_220x220q75.jpg_.avif","['whether full opening', 'No', 'High-concerned chemical', 'None', 'Applicable Season', 'Winter', 'Applicable Scene', 'Home', 'Hooded', 'No', 'Model Number', '101724107117', 'Sleeve Style', 'regular', 'Place Of Origin', 'China (mainland)', 'Item Type', 'Pullovers', 'Sleeve Length(cm)', 'Full', 'Thickness', 'Standard', 'Material', 'Wool', 'Style', 'Casual', 'Gender', 'Men', 'Brand Name', 'Semir', 'Origin', 'China Mainland', 'CN', 'Zhejiang']",https://www.aliexpress.us/item/3256807737789847.html?algo_pvid=4d8bc1cb-2cda-4a1e-b9a6-48353316ea07&algo_exp_id=4d8bc1cb-2cda-4a1e-b9a6-48353316ea07-29&pdp_ext_f=%7B%22order%22%3A%22109%22%2C%22eval%22%3A%221%22%2C%22fromPage%22%3A%22search%22%7D&pdp_npi=6%40dis%21USD%2186.03%2134.41%21%21%2186.03%2134.41%21%402101246417754837255367279e7be2%2112000042930758663%21sea%21US%210%21ABX%211%210%21n_tag%3A-29910%3Bd%3A913ad4af%3Bm03_new_user%3A-29895&curPageLogUid=FOYM5LKEuScC&utparam-url=scene%3Asearch%7Cquery_from%3A%7Cx_object_id%3A1005007924104599%7C_p_origin_prod%3A
Men Women Hip Hop Abstract Quasar Knitted Sweater Harajuku Fashion Loose Tops Casual Streetwear Pullover Y2K Clothes Vintage 90s,$15.24,"https://ae-pic-a1.aliexpress-media.com/kf/S54344d04eccb44c7b187d1fcf2cf4087E.jpg_220x220q75.jpg_.avif,https://ae-pic-a1.aliexpress-media.com/kf/Saec9b5c1eeed4b6d9b2fbb9530a30d2c6.jpg_220x220q75.jpg_.avif,https://ae-pic-a1.aliexpress-media.com/kf/Sc5e6c0470a4d4863a9c75a10544f6332P.jpg_220x220q75.jpg_.avif,https://ae-pic-a1.aliexpress-media.com/kf/S68f65be56a2b4c9b830f37e0a29f4074W.jpg_220x220q75.jpg_.avif,https://ae-pic-a1.aliexpress-media.com/kf/S86de04256b1a43e3855abad31b5ec8e4T.jpg_220x220q75.jpg_.avif","['whether full opening', 'No', 'High-concerned chemical', 'None', 'Applicable Season', 'Autumn And Winter', 'Craft of Weaving', 'Knit', 'Applicable Scene', 'Daily', 'Hooded', 'No', 'Decoration', 'NONE', 'Sleeve Style', 'regular', 'Wool', 'Standard Wool', 'Place Of Origin', 'China (mainland)', 'Pattern Type', 'Print', 'Item Type', 'Pullovers', 'Sleeve Length(cm)', 'Full', 'Thickness', 'Standard', 'Technics', 'Computer Knitted', 'Material', 'Acrylic', 'Collar', 'O-Neck', 'Style', 'gothic', 'Gender', 'Men', 'Brand Name', 'JENTULIN', 'Origin', 'China Mainland', 'CN', 'Guangdong', 'Closure Type', 'None', 'Gender', 'Men Women Boy Girl Lady Unisex', 'Hoodies Pattern', ""Quasar Graphic Men's Knitted Pullovers Sweaters"", 'Season', 'Spring Autumn Winter', 'Sweatshirts Material', 'High Quality', 'Theme', 'Quasar Graphic Style Sweaters', 'Advantage', 'Good Quality, Fast Shipping, Free Shipping', 'French', 'Hoodies homme hip hop Knitted Pullovers Sweaters', 'Offer', 'Drop Shipping/WholeSale']",https://www.aliexpress.us/item/3256807263610197.html?algo_pvid=4d8bc1cb-2cda-4a1e-b9a6-48353316ea07&algo_exp_id=4d8bc1cb-2cda-4a1e-b9a6-48353316ea07-30&pdp_ext_f=%7B%22order%22%3A%22109%22%2C%22eval%22%3A%221%22%2C%22fromPage%22%3A%22search%22%7D&pdp_npi=6%40dis%21USD%2129.30%2115.24%21%21%2129.30%2115.24%21%402101246417754837255367279e7be2%2112000040801995819%21sea%21US%210%21ABX%211%210%21n_tag%3A-29910%3Bd%3A913ad4af%3Bm03_new_user%3A-29895&curPageLogUid=oUt431sHjouz&utparam-url=scene%3Asearch%7Cquery_from%3A%7Cx_object_id%3A1005007449924949%7C_p_origin_prod%3A
Men High Collar Sweatshirts Thicker Half Zipper Pullovers Sweater Warm Knitwear Turtleneck Jumpers Coat Male Luxury Clothing 5XL,$18.42,"https://ae-pic-a1.aliexpress-media.com/kf/Sc0fa13f8ff3f45c3b5b2b0a11eb3de35E.jpg_220x220q75.jpg_.avif,https://ae-pic-a1.aliexpress-media.com/kf/Sc0fa13f8ff3f45c3b5b2b0a11eb3de35E.jpg_220x220q75.jpg_.avif,https://ae-pic-a1.aliexpress-media.com/kf/Sf3b6e6f1214a4807b404fc384589f78cU.jpg_220x220q75.jpg_.avif,https://ae-pic-a1.aliexpress-media.com/kf/Sc3328b678c174700a849d9c4567b831ey.jpg_220x220q75.jpg_.avif,https://ae-pic-a1.aliexpress-media.com/kf/S2781e0e101844bd9a5e678ffd4fed84bd.jpg_220x220q75.jpg_.avif","['whether full opening', 'No', 'High-concerned chemical', 'None', 'Applicable Season', 'Autumn And Winter', 'Applicable Scene', 'CASUAL', 'Hooded', 'No', 'Model Number', 'men sweater', 'Decoration', 'NONE', 'Sleeve Style', 'regular', 'Place Of Origin', 'China (mainland)', 'Pattern Type', 'Patchwork', 'Item Type', 'Pullovers', 'Sleeve Length(cm)', 'Full', 'Thickness', 'Thick', 'Technics', 'Hand Knitted', 'Material', 'Other,POLYESTER', 'Collar', 'Turtleneck', 'Style', 'Casual', 'Gender', 'Men', 'Origin', 'Mainland China', 'CN', 'Guangdong', 'Closure Type', 'None', 'feature1', ""men's running t-shirts"", 'feature2', 'quick dry compression t-shirts', 'feature3', 'sport t-shirts tee', 'feature4', 'workout top', 'feature5', 'fitness gym running shirts', 'feature6', 'soccer bodybuilding shirts', 'feature7', 'training top tee', 'feature8', ""men's jersey sportswear"", 'feature9', 'breathable athletic top', 'feature10', 'elastic exercise top', 'feature11', 'football basketball tennis shirt', 'feature12', 'training clothing', 'feature13', 'gym clothing', 'feature14', 'activewear', 'feature15', 'sportswear', 'color', 'black gray orange blue navy', 'size', 'S M L XL XXL 3XL 4XL 5XL', 'people', 'men, male,teenager', 'season', 'autumn winter', 'occasion', 'Sports, beach, dating, camping,party', 'suitable for', 'running jogging hiking cycling camping basketball', 'support', 'Customized Drop shipping Wholesale']",https://www.aliexpress.us/item/3256806068960379.html?algo_pvid=4d8bc1cb-2cda-4a1e-b9a6-48353316ea07&algo_exp_id=4d8bc1cb-2cda-4a1e-b9a6-48353316ea07-31&pdp_ext_f=%7B%22order%22%3A%22109%22%2C%22eval%22%3A%221%22%2C%22fromPage%22%3A%22search%22%7D&pdp_npi=6%40dis%21USD%2126.32%2118.42%21%21%2126.32%2118.42%21%402101246417754837255367279e7be2%2112000036486272067%21sea%21US%210%21ABX%211%210%21n_tag%3A-29910%3Bd%3A913ad4af%3Bm03_new_user%3A-29895&curPageLogUid=6TwoZZXyJ5Kb&utparam-url=scene%3Asearch%7Cquery_from%3A%7Cx_object_id%3A1005006255275131%7C_p_origin_prod%3A
"100% Pure Wool Sweater For Men, Half High Neck Knitted Pullover, Long Sleeved Casual Autumn Winter Thick High-End Sweater Warmth",$25.72,"https://ae-pic-a1.aliexpress-media.com/kf/S6ca6fd59ea2a483a9eeee7ab52e2298ap.jpg?has_lang=1&ver=1_220x220q75.jpg_.avif,https://ae-pic-a1.aliexpress-media.com/kf/S6ca6fd59ea2a483a9eeee7ab52e2298ap.jpg?has_lang=1&ver=1_220x220q75.jpg_.avif,https://ae-pic-a1.aliexpress-media.com/kf/S72e3a7c5f31b4ea485287205651ffd0fp.jpg?has_lang=1&ver=1_220x220q75.jpg_.avif,https://ae-pic-a1.aliexpress-media.com/kf/S923993e8ffd44c11ad3904940e84eaf6Z.jpg_220x220q75.jpg_.avif,https://ae-pic-a1.aliexpress-media.com/kf/Sac296bb616024424ac282442a7103f4eC.jpg?has_lang=1&ver=1_220x220q75.jpg_.avif","['whether full opening', 'No', 'High-concerned chemical', 'None', 'Applicable Season', 'Autumn And Winter', 'Craft of Weaving', 'Knit', 'Applicable Scene', 'Business', 'Hooded', 'No', 'Model Number', '60', 'Decoration', 'NONE', 'Sleeve Style', 'regular', 'Wool', 'Thin Wool', 'Place Of Origin', 'China (mainland)', 'Pattern Type', 'Solid', 'Item Type', 'Pullovers', 'Sleeve Length(cm)', 'Full', 'Thickness', 'Standard', 'Technics', 'Computer Knitted', 'Material', 'Wool', 'Collar', 'Mock Neck', 'Style', 'Smart Casual', 'Gender', 'Men', 'Brand Name', 'Ganleawort', 'Origin', 'China Mainland', 'CN', 'Hebei', 'Closure Type', 'None']",https://www.aliexpress.us/item/3256807744751039.html?algo_pvid=4d8bc1cb-2cda-4a1e-b9a6-48353316ea07&algo_exp_id=4d8bc1cb-2cda-4a1e-b9a6-48353316ea07-32&pdp_ext_f=%7B%22order%22%3A%22109%22%2C%22spu_best_type%22%3A%22price%22%2C%22eval%22%3A%221%22%2C%22fromPage%22%3A%22search%22%7D&pdp_npi=6%40dis%21USD%2191.85%2125.72%21%21%21629.09%21176.15%21%402101246417754837255367279e7be2%2112000042913325598%21sea%21US%210%21ABX%211%210%21n_tag%3A-29910%3Bd%3A913ad4af%3Bm03_new_user%3A-29895&curPageLogUid=2wE429ym2KXO&utparam-url=scene%3Asearch%7Cquery_from%3A%7Cx_object_id%3A1005007931065791%7C_p_origin_prod%3A
Autumn Winter Men Sweater Vintage O Neck Solid Color Mens Knitted Pullovers Loose Harajuku Mens Retro Knitting Pullover Sweaters,$23.71,"https://ae-pic-a1.aliexpress-media.com/kf/S3f71cc1f087b4362a36a86b789cd2798D.jpg_220x220q75.jpg_.avif,https://ae-pic-a1.aliexpress-media.com/kf/S3f71cc1f087b4362a36a86b789cd2798D.jpg_220x220q75.jpg_.avif,https://ae-pic-a1.aliexpress-media.com/kf/S119a60a4d3414899b46b0741ede998e4i.jpg_220x220q75.jpg_.avif,https://ae-pic-a1.aliexpress-media.com/kf/Sfe11d2c9f22f453c820679f05ad41dfdG.jpg_220x220q75.jpg_.avif,https://ae-pic-a1.aliexpress-media.com/kf/Sa828c1a787ee401fa79d70364579cf93e.jpg_220x220q75.jpg_.avif","['whether full opening', 'No', 'High-concerned chemical', 'None', 'Applicable Season', 'Autumn And Winter', 'Applicable Scene', 'Daily', 'Hooded', 'No', 'Model Number', '2306SF', 'Decoration', 'NONE', 'Sleeve Style', 'regular', 'Wool', 'Standard Wool', 'Pattern Type', 'Solid', 'Item Type', 'Pullovers', 'Sleeve Length(cm)', 'Full', 'Thickness', 'Standard', 'Technics', 'Computer Knitted', 'Material', 'POLYESTER', 'Collar', 'O-Neck', 'Style', 'Casual', 'Gender', 'Men', 'Brand Name', 'FAVOCENT', 'Origin', 'China Mainland', 'CN', 'Zhejiang', 'Closure Type', 'None']",https://www.aliexpress.us/item/3256805490490394.html?algo_pvid=4d8bc1cb-2cda-4a1e-b9a6-48353316ea07&algo_exp_id=4d8bc1cb-2cda-4a1e-b9a6-48353316ea07-36&pdp_ext_f=%7B%22order%22%3A%22108%22%2C%22eval%22%3A%221%22%2C%22fromPage%22%3A%22search%22%7D&pdp_npi=6%40dis%21USD%2148.38%2123.71%21%21%2148.38%2123.71%21%402101246417754837255367279e7be2%2112000034262335130%21sea%21US%210%21ABX%211%210%21n_tag%3A-29910%3Bd%3A913ad4af%3Bm03_new_user%3A-29895&curPageLogUid=CAzADy10YT6z&utparam-url=scene%3Asearch%7Cquery_from%3A%7Cx_object_id%3A1005005676805146%7C_p_origin_prod%3A
2026 Autumn Crew Neck Solid Color Pullover Sweaters For Men Casual Y2K Knitted Sweater High Street Fashion Jumpers Hombre,$24.16,"https://ae-pic-a1.aliexpress-media.com/kf/S49cb4e6d8732410cbe79af2f0cb19ef83.jpg_220x220q75.jpg_.avif,https://ae-pic-a1.aliexpress-media.com/kf/S49cb4e6d8732410cbe79af2f0cb19ef83.jpg_220x220q75.jpg_.avif,https://ae-pic-a1.aliexpress-media.com/kf/S53e1157d930f4e0996108e1e30e848daG.jpg_220x220q75.jpg_.avif,https://ae-pic-a1.aliexpress-media.com/kf/S0c46ba97436144b5ac12d6ce24ed55f8J.jpg_220x220q75.jpg_.avif,https://ae-pic-a1.aliexpress-media.com/kf/Sa65d187c885e41bda4fa7169f1f1fbb0P.jpg_220x220q75.jpg_.avif","['whether full opening', 'No', 'High-concerned chemical', 'None', 'Applicable Season', 'Spring And Autumn', 'Craft of Weaving', 'Knit', 'Applicable Scene', 'CASUAL', 'Hooded', 'No', 'Model Number', 'Crew Neck Raglan Sleeve Pullover Sweater', 'Decoration', 'Vintage', 'Sleeve Style', 'regular', 'Wool', 'Standard Wool', 'Place Of Origin', 'China (mainland)', 'Pattern Type', 'Solid', 'Item Type', 'Pullovers', 'Sleeve Length(cm)', 'Full', 'Thickness', 'Standard', 'Technics', 'Flat Knitted', 'Material', 'Acrylic,POLYESTER,Nylon,Viscose', 'Collar', 'O-Neck', 'Style', 'Korean', 'Gender', 'Men', 'Origin', 'China Mainland', 'CN', 'Zhejiang', 'Closure Type', 'None', 'Size', 'M,L,XL,XXL,3XL,4XL', 'Color', 'Army green, khaki, black, white, dark gray, blue.', 'Occasions', 'Daily', 'Sleeves Length', 'Long Sleeves', 'Style', 'Vintage', 'Collar', 'Crew Collar', 'Pattern', 'Solid Color', 'Craft', 'Water wash', 'Fit Type', 'Regular Fit', 'Feature', 'blusa de frio masculino', 'Feature 1', 'sueter masculino', 'Feature 2', 'moletom masculinos', 'Feature 3', 'ropa hombre', 'Feature 4', 'pullovers', 'Feature 5', 'sweaters for men', 'Feature 6', 'pull homme', 'Feature 7', 'Sweater oversize', 'Feature 8', 'sweaters y2k', 'Feature 9', 'jumpers for men', 'Feature 10', ""Women's sweater"", 'Feature 11', 'knitted sweater', 'Feature 12', 'korean luxury clothing', 'Feature 13', 'new items in hoodies & sweaters', 'Feature 14', 'jersey hombre', 'Feature 15', 'harajuku', 'Feature 16', 'knitwears', 'Feature 17', 'vintage sweater', 'Feature 18', 'knit sweater', 'Feature 19', 'new knit', 'Feature 20', 'y2k vintage', 'Feature 21', 'anime sweater', 'Feature 22', 'sweater vintage', 'Feature 23', 'new in sweaters', 'Feature 24', 'christmas sweater', 'Feature 25', ""Men's coat"", 'Feature 26', 'ugly sweaters', 'Feature 27', 'christmas sweater', 'Feature 28', 'ugly christmas sweater']",https://www.aliexpress.us/item/3256805710898985.html?algo_pvid=4d8bc1cb-2cda-4a1e-b9a6-48353316ea07&algo_exp_id=4d8bc1cb-2cda-4a1e-b9a6-48353316ea07-40&pdp_ext_f=%7B%22order%22%3A%22107%22%2C%22eval%22%3A%221%22%2C%22fromPage%22%3A%22search%22%7D&pdp_npi=6%40dis%21USD%2154.92%2124.16%21%21%2154.92%2124.16%21%402101246417754837255367279e7be2%2112000053515533693%21sea%21US%210%21ABX%211%210%21n_tag%3A-29910%3Bd%3A913ad4af%3Bm03_new_user%3A-29895&curPageLogUid=Ehh71zmWEU5X&utparam-url=scene%3Asearch%7Cquery_from%3A%7Cx_object_id%3A1005005897213737%7C_p_origin_prod%3A
"Men's Worsted Wool Kknit Pullover, Business Casual Polo Neck Sweater, Monochromatic Loose Top, Autumn and Winter Fashion, New",$28.56,"https://ae-pic-a1.aliexpress-media.com/kf/S5db5c3f8fc9041998d07d215c92fb7b9B.jpg_220x220q75.jpg_.avif,https://ae-pic-a1.aliexpress-media.com/kf/Sc8955a992c9c432e837d4b9c788cfaebr.jpg_220x220q75.jpg_.avif,https://ae-pic-a1.aliexpress-media.com/kf/S82ef7d4f4f164261b305159509ce48a3G.jpg_220x220q75.jpg_.avif,https://ae-pic-a1.aliexpress-media.com/kf/S5b572cffd30945a39e07dc431dcb9433l.jpg_220x220q75.jpg_.avif,https://ae-pic-a1.aliexpress-media.com/kf/See80bc560d684d0f85f962415f6adf75s.jpg_220x220q75.jpg_.avif","['whether full opening', 'No', 'High-concerned chemical', 'None', 'Applicable Season', 'Autumn And Winter', 'Craft of Weaving', 'Knit', 'Applicable Scene', 'Office', 'Hooded', 'No', 'Model Number', '72145', 'Decoration', 'Button', 'Sleeve Style', 'regular', 'Wool', 'Standard Wool', 'Place Of Origin', 'China (mainland)', 'Pattern Type', 'Solid', 'Item Type', 'Pullovers', 'Sleeve Length(cm)', 'Full', 'Thickness', 'Standard', 'Technics', 'Computer Knitted', 'Material', 'Wool', 'Collar', 'Turn-Down Collar', 'Style', 'Smart Casual', 'Gender', 'Men', 'Brand Name', 'DjzDsm', 'Origin', 'Mainland China', 'CN', 'Hebei', 'Closure Type', 'None']",https://www.aliexpress.us/item/3256807310960825.html?algo_pvid=4d8bc1cb-2cda-4a1e-b9a6-48353316ea07&algo_exp_id=4d8bc1cb-2cda-4a1e-b9a6-48353316ea07-41&pdp_ext_f=%7B%22order%22%3A%22107%22%2C%22eval%22%3A%221%22%2C%22fromPage%22%3A%22search%22%7D&pdp_npi=6%40dis%21USD%2166.43%2128.56%21%21%21455.00%21195.65%21%402101246417754837255367279e7be2%2112000041030933120%21sea%21US%210%21ABX%211%210%21n_tag%3A-29910%3Bd%3A913ad4af%3Bm03_new_user%3A-29895&curPageLogUid=Qp4vNplTLm6E&utparam-url=scene%3Asearch%7Cquery_from%3A%7Cx_object_id%3A1005007497275577%7C_p_origin_prod%3A
High end luxury brand half zipper neck sweater men's fashion Paul embroidery casual top winter plush thick warm knitted pullover,$33.59,"https://ae-pic-a1.aliexpress-media.com/kf/S615b19ed4f344b229f05db10d6a2e7509.jpg_220x220q75.jpg_.avif,https://ae-pic-a1.aliexpress-media.com/kf/Sc034d260c65a46ce85a09cb6623e203bb.jpg_220x220q75.jpg_.avif,https://ae-pic-a1.aliexpress-media.com/kf/Sa32350fce2144a4490659f9f5f0079b0T.jpg_220x220q75.jpg_.avif,https://ae-pic-a1.aliexpress-media.com/kf/Sd175696fcb99423eba90cede81887f31t.jpg_220x220q75.jpg_.avif,https://ae-pic-a1.aliexpress-media.com/kf/S3cc27837195843f881969416ccd9ff28Y.jpg_220x220q75.jpg_.avif","['whether full opening', 'No', 'High-concerned chemical', 'None', 'Applicable Season', 'Winter', 'Craft of Weaving', 'Knit', 'Applicable Scene', 'Daily', 'Hooded', 'Yes', 'Decoration', 'Embroidery', 'Sleeve Style', 'regular', 'Wool', 'Standard Wool', 'Place Of Origin', 'China (mainland)', 'Pattern Type', 'Solid', 'Item Type', 'Pullovers', 'Sleeve Length(cm)', 'Full', 'Thickness', 'Thick', 'Technics', 'Flat Knitted', 'Material', 'POLYESTER,Polyamide', 'Collar', 'Mock Neck', 'Style', 'Casual', 'Gender', 'Men', 'Origin', 'China Mainland', 'CN', 'Zhejiang']",https://www.aliexpress.us/item/3256807904471588.html?algo_pvid=4d8bc1cb-2cda-4a1e-b9a6-48353316ea07&algo_exp_id=4d8bc1cb-2cda-4a1e-b9a6-48353316ea07-42&pdp_ext_f=%7B%22order%22%3A%22106%22%2C%22eval%22%3A%221%22%2C%22fromPage%22%3A%22search%22%7D&pdp_npi=6%40dis%21USD%2164.60%2133.59%21%21%21442.45%21230.07%21%402101246417754837255367279e7be2%2112000043665562106%21sea%21US%210%21ABX%211%210%21n_tag%3A-29910%3Bd%3A913ad4af%3Bm03_new_user%3A-29895&curPageLogUid=JBaqrL4P3IhE&utparam-url=scene%3Asearch%7Cquery_from%3A%7Cx_object_id%3A1005008090786340%7C_p_origin_prod%3A
LHZSYY Men's V-Neck Cashmere Sweater 23Autumn Winter New Thick Solid Pullovers Loose Knit Base Shirt Business Casual Jacket Tops,$42.02,"https://ae-pic-a1.aliexpress-media.com/kf/Sf8d29364c6e5456daa73cc0307677bcav.jpg?has_lang=1&ver=2_220x220q75.jpg_.avif,https://ae-pic-a1.aliexpress-media.com/kf/S26fbf855ac284f1d8c3b05015cae9dbbn.jpg?has_lang=1&ver=2_220x220q75.jpg_.avif,https://ae-pic-a1.aliexpress-media.com/kf/S6c8e1ddfe8db4de699990ebac9530190j.jpg?has_lang=1&ver=2_220x220q75.jpg_.avif,https://ae-pic-a1.aliexpress-media.com/kf/S0075d362413c4d0b87037bec4da9949f6.jpg?has_lang=1&ver=2_220x220q75.jpg_.avif,https://ae-pic-a1.aliexpress-media.com/kf/S8a6a4ad40b744af2987b358579d3bfa5A.jpg?has_lang=1&ver=2_220x220q75.jpg_.avif","['whether full opening', 'No', 'High-concerned chemical', 'None', 'Applicable Season', 'Autumn And Winter', 'Applicable Scene', 'CASUAL', 'Hooded', 'No', 'Model Number', 'YJ-1837', 'Decoration', 'NONE', 'Sleeve Style', 'regular', 'Wool', 'Standard Wool', 'Place Of Origin', 'China (mainland)', 'Pattern Type', 'Solid', 'Item Type', 'Pullovers', 'Sleeve Length(cm)', 'Full', 'Thickness', 'Thick', 'Technics', 'Computer Knitted', 'Material', 'CASHMERE,Wool', 'Collar', 'V-Neck', 'Style', 'Smart Casual', 'Gender', 'Men', 'Brand Name', 'LHZSYY', 'Origin', 'China Mainland', 'CN', 'Hebei', 'Closure Type', 'None']",https://www.aliexpress.us/item/3256805984454946.html?algo_pvid=4d8bc1cb-2cda-4a1e-b9a6-48353316ea07&algo_exp_id=4d8bc1cb-2cda-4a1e-b9a6-48353316ea07-43&pdp_ext_f=%7B%22order%22%3A%22106%22%2C%22eval%22%3A%221%22%2C%22fromPage%22%3A%22search%22%7D&pdp_npi=6%40dis%21USD%21110.57%2142.02%21%21%21110.57%2142.02%21%402101246417754837255367279e7be2%2112000036098892714%21sea%21US%210%21ABX%211%210%21n_tag%3A-29910%3Bd%3A913ad4af%3Bm03_new_user%3A-29895&curPageLogUid=WElGUvM74EhO&utparam-url=scene%3Asearch%7Cquery_from%3A%7Cx_object_id%3A1005006170769698%7C_p_origin_prod%3A
Men's Clothing Turtleneck Sweater Fashion Men's Knitwear Solid Color Chunky Half Zipper Thickening Sweater Luxury Warm Sweater,$23.53,"https://ae-pic-a1.aliexpress-media.com/kf/S3d10f581f4a94ca5b6271e4b2ccbc955U.jpg_220x220q75.jpg_.avif,https://ae-pic-a1.aliexpress-media.com/kf/S3d10f581f4a94ca5b6271e4b2ccbc955U.jpg_220x220q75.jpg_.avif,https://ae-pic-a1.aliexpress-media.com/kf/Sba599f92a99f490eb3c7e64366fac0e7A.jpg_220x220q75.jpg_.avif,https://ae-pic-a1.aliexpress-media.com/kf/S44784c7ebe244162ad3d615ceed7d583x.jpg_220x220q75.jpg_.avif,https://ae-pic-a1.aliexpress-media.com/kf/Sa3275d2449c64d908c39ccd31e3845d8T.jpg_220x220q75.jpg_.avif","['whether full opening', 'No', 'High-concerned chemical', 'None', 'Applicable Season', 'Autumn And Winter', 'Applicable Scene', 'CASUAL', 'Hooded', 'No', 'Model Number', ""Warm Sweater Fashion Men's Knitwear Solid Color Chunky Half Zipper Thi"", 'Decoration', 'Embroidery', 'Sleeve Style', 'regular', 'Wool', 'Standard Wool', 'Place Of Origin', 'China (mainland)', 'Pattern Type', 'Letter', 'Item Type', 'Pullovers', 'Sleeve Length(cm)', 'Full', 'Thickness', 'Thick', 'Technics', 'Computer Knitted', 'Material', 'POLYESTER', 'Collar', 'Turtleneck', 'Style', 'Vintage', 'Gender', 'Men', 'Origin', 'China Mainland', 'CN', 'Fujian', 'Closure Type', 'Zipper']",https://www.aliexpress.us/item/3256806909085625.html?algo_pvid=4d8bc1cb-2cda-4a1e-b9a6-48353316ea07&algo_exp_id=4d8bc1cb-2cda-4a1e-b9a6-48353316ea07-46&pdp_ext_f=%7B%22order%22%3A%22105%22%2C%22eval%22%3A%221%22%2C%22fromPage%22%3A%22search%22%7D&pdp_npi=6%40dis%21USD%2148.03%2123.53%21%21%21328.98%21161.20%21%402101246417754837255367279e7be2%2112000039395399503%21sea%21US%210%21ABX%211%210%21n_tag%3A-29910%3Bd%3A913ad4af%3Bm03_new_user%3A-29895&curPageLogUid=R2yix1sFcwR1&utparam-url=scene%3Asearch%7Cquery_from%3A%7Cx_object_id%3A1005007095400377%7C_p_origin_prod%3A
2025 High Quality Men's New Autumn and Winter Casual Warm Color Block Sweater Knit Tops Man Clothes,$14.99,"https://ae-pic-a1.aliexpress-media.com/kf/Sb316a5bfc28a428e880cedcdbbc50009w.jpg_220x220q75.jpg_.avif,https://ae-pic-a1.aliexpress-media.com/kf/S19c96d7332234cbaa3eb109762855ba2C.jpg_220x220q75.jpg_.avif,https://ae-pic-a1.aliexpress-media.com/kf/Sd3eae79d00bb4dfb8b764bb07286eaeei.jpg_220x220q75.jpg_.avif,https://ae-pic-a1.aliexpress-media.com/kf/S76f4320e9467407282c2574d2311dce1w.jpg_220x220q75.jpg_.avif,https://ae-pic-a1.aliexpress-media.com/kf/Se5ab027a52184112855bde1e91e625d1o.jpg_220x220q75.jpg_.avif","['High-concerned chemical', 'None', 'Applicable Season', 'Autumn And Winter', 'Applicable Scene', 'CASUAL', 'Hooded', 'No', 'Sleeve Style', 'regular', 'Place Of Origin', 'China (mainland)', 'Item Type', 'Pullovers', 'Sleeve Length(cm)', 'Full', 'Thickness', 'Thick', 'Material', 'Other,POLYESTER,Viscose', 'Collar', 'Mock Neck', 'Style', 'Casual', 'Gender', 'Men', 'Origin', 'China Mainland', 'CN', 'Zhejiang', 'Closure Type', 'None']",https://www.aliexpress.us/item/3256807782684139.html?algo_pvid=4d8bc1cb-2cda-4a1e-b9a6-48353316ea07&algo_exp_id=4d8bc1cb-2cda-4a1e-b9a6-48353316ea07-47&pdp_ext_f=%7B%22order%22%3A%22105%22%2C%22spu_best_type%22%3A%22price%22%2C%22eval%22%3A%221%22%2C%22fromPage%22%3A%22search%22%7D&pdp_npi=6%40dis%21USD%2131.22%2114.99%21%21%21213.81%21102.63%21%402101246417754837255367279e7be2%2112000043071977465%21sea%21US%210%21ABX%211%210%21n_tag%3A-29910%3Bd%3A913ad4af%3Bm03_new_user%3A-29895&curPageLogUid=MEe0hvDbhgUZ&utparam-url=scene%3Asearch%7Cquery_from%3A%7Cx_object_id%3A1005007968998891%7C_p_origin_prod%3A
2024 Winter Sweaters for male men thick O-neck sweater men Student youth sweaters autumn Men's wool Casual Knitwear Pullover,$21.00,"https://ae-pic-a1.aliexpress-media.com/kf/S3e569489510449b795367029526fce95y.jpg_220x220q75.jpg_.avif,https://ae-pic-a1.aliexpress-media.com/kf/Scdce424a92f0403388e711409ff97b092.jpg_220x220q75.jpg_.avif,https://ae-pic-a1.aliexpress-media.com/kf/S5a7aa3f45a024baa848af2cc86f070fcw.jpg_220x220q75.jpg_.avif,https://ae-pic-a1.aliexpress-media.com/kf/Sbdf45b55809a4d54826f08515f4dd70dt.jpg_220x220q75.jpg_.avif,https://ae-pic-a1.aliexpress-media.com/kf/Sda7a61a1081a46ccb65879f13c956e3fa.jpg_220x220q75.jpg_.avif","['whether full opening', 'No', 'High-concerned chemical', 'None', 'Applicable Season', 'Autumn And Winter', 'Applicable Scene', 'Daily', 'Model Number', '9737', 'Sleeve Style', 'regular', 'Wool', 'Standard Wool', 'Place Of Origin', 'China (mainland)', 'Item Type', 'Pullovers', 'Sleeve Length(cm)', 'Full', 'Thickness', 'Thick', 'Material', 'POLYESTER', 'Collar', 'O-Neck', 'Style', 'Casual', 'Gender', 'Men', 'Brand Name', 'KOLMAKOV', 'Origin', 'China Mainland', 'CN', 'Jiangsu']",https://www.aliexpress.us/item/3256808093417361.html?algo_pvid=4d8bc1cb-2cda-4a1e-b9a6-48353316ea07&algo_exp_id=4d8bc1cb-2cda-4a1e-b9a6-48353316ea07-51&pdp_ext_f=%7B%22order%22%3A%22104%22%2C%22eval%22%3A%221%22%2C%22fromPage%22%3A%22search%22%7D&pdp_npi=6%40dis%21USD%2143.57%2121.00%21%21%21298.41%21143.82%21%402101246417754837255367279e7be2%2112000044462483760%21sea%21US%210%21ABX%211%210%21n_tag%3A-29910%3Bd%3A913ad4af%3Bm03_new_user%3A-29895%3BpisId%3A5000000197847434&curPageLogUid=DGEnDmimcRXl&utparam-url=scene%3Asearch%7Cquery_from%3A%7Cx_object_id%3A1005008279732113%7C_p_origin_prod%3A
2026 Men's Autumn Winter Thick Warm Long Sleeve Plaid Shirt Thick Fleece Warm Casual Shirts for Men Oversized Plaid Shirts Male,$5.50,"https://ae-pic-a1.aliexpress-media.com/kf/S7f37570f8a15446b82d0738148b6518et.jpg_220x220q75.jpg_.avif,https://ae-pic-a1.aliexpress-media.com/kf/S7f37570f8a15446b82d0738148b6518et.jpg_220x220q75.jpg_.avif,https://ae-pic-a1.aliexpress-media.com/kf/S12621397270945a18de2d1b599a7c0ccS.jpg_220x220q75.jpg_.avif,https://ae-pic-a1.aliexpress-media.com/kf/S3b2aff45e7494157947dc32b4e7de83cp.jpg_220x220q75.jpg_.avif,https://ae-pic-a1.aliexpress-media.com/kf/Sa967658d2abf4ac7b0bc36025622c1feS.jpg_220x220q75.jpg_.avif","['whether full opening', 'Yes', 'High-concerned chemical', 'None', 'Applicable Season', 'Autumn And Winter', 'Craft of Weaving', 'Tatting', 'Applicable Scene', 'CASUAL', 'Hooded', 'No', 'Model Number', '20260320', 'Decoration', 'Pockets', 'Sleeve Style', 'regular', 'Wool', 'Standard Wool', 'Place Of Origin', 'China (mainland)', 'Pattern Type', 'Plaid', 'Item Type', 'Pullovers', 'Sleeve Length(cm)', 'Full', 'Thickness', 'Thick', 'Technics', 'Computer Knitted', 'Material', 'POLYESTER,COTTON', 'Collar', 'Turn-Down Collar', 'Style', 'Casual', 'Gender', 'Men', 'Brand Name', 'Btsukimi', 'Origin', 'Mainland China', 'CN', 'Hubei', 'Closure Type', 'Single Breasted', 'Size', 'L XL 2XL 3XL 4XL', 'Season', 'Spring Autumn Winter', 'Style 1', 'Male Vintage Sweater', 'Style 2', ""Men's Warm Plaid Shirt"", 'Style 3', 'Large Size Shirt Male', 'Style 4', ""Men's Winter Sweater"", 'Weight', '0.35KG']",https://www.aliexpress.us/item/3256806134849890.html?algo_pvid=4d8bc1cb-2cda-4a1e-b9a6-48353316ea07&algo_exp_id=4d8bc1cb-2cda-4a1e-b9a6-48353316ea07-55&pdp_ext_f=%7B%22order%22%3A%22102%22%2C%22spu_best_type%22%3A%22price%22%2C%22eval%22%3A%221%22%2C%22fromPage%22%3A%22search%22%7D&pdp_npi=6%40dis%21USD%2110.79%215.50%21%21%2173.89%2137.68%21%402101246417754837255367279e7be2%2112000036752204212%21sea%21US%210%21ABX%211%210%21n_tag%3A-29910%3Bd%3A913ad4af%3Bm03_new_user%3A-29895&curPageLogUid=C5SkgEl5cplh&utparam-url=scene%3Asearch%7Cquery_from%3A%7Cx_object_id%3A1005006321164642%7C_p_origin_prod%3A
2025 New Fall Winter Men Knitwear Top Quality Men's Soft Warm Wool Sweater Classic Fashion Handsome Sweaters Male,$36.95,"https://ae-pic-a1.aliexpress-media.com/kf/S0cb1061e680542699b1dd1dedb4f6d8b4.jpg?has_lang=1&ver=1_220x220q75.jpg_.avif,https://ae-pic-a1.aliexpress-media.com/kf/S440a12498b9e4ee99f1889d33240ee30k.jpg_220x220q75.jpg_.avif,https://ae-pic-a1.aliexpress-media.com/kf/S8c77823fe031460a8350583e485b1f87V.jpg?has_lang=1&ver=2_220x220q75.jpg_.avif,https://ae-pic-a1.aliexpress-media.com/kf/S216d4cee38044d419494d7624d972ac6h.jpg_220x220q75.jpg_.avif,https://ae-pic-a1.aliexpress-media.com/kf/S0cb1061e680542699b1dd1dedb4f6d8b4.jpg_220x220q75.jpg_.avif","['whether full opening', 'No', 'High-concerned chemical', 'None', 'Applicable Season', 'Autumn And Winter', 'Craft of Weaving', 'Knit', 'Applicable Scene', 'Party', 'Hooded', 'No', 'Model Number', 'SW021', 'Decoration', 'NONE', 'Sleeve Style', 'regular', 'Wool', 'Thin Wool', 'Place Of Origin', 'China (mainland)', 'Pattern Type', 'Letter', 'Item Type', 'Pullovers', 'Sleeve Length(cm)', 'Full', 'Thickness', 'Thick', 'Technics', 'Computer Knitted', 'Material', 'Acrylic,POLYESTER,Elastane', 'Collar', 'O-Neck', 'Style', 'Korean', 'Gender', 'Men', 'Origin', 'China Mainland', 'CN', 'Jiangsu', 'Closure Type', 'None']",https://www.aliexpress.us/item/3256808870836148.html?algo_pvid=4d8bc1cb-2cda-4a1e-b9a6-48353316ea07&algo_exp_id=4d8bc1cb-2cda-4a1e-b9a6-48353316ea07-56&pdp_ext_f=%7B%22order%22%3A%22101%22%2C%22spu_best_type%22%3A%22price%22%2C%22eval%22%3A%221%22%2C%22fromPage%22%3A%22search%22%7D&pdp_npi=6%40dis%21USD%2161.58%2136.95%21%21%21421.79%21253.07%21%402101246417754837255367279e7be2%2112000047748630291%21sea%21US%210%21ABX%211%210%21n_tag%3A-29910%3Bd%3A913ad4af%3Bm03_new_user%3A-29895&curPageLogUid=6jypvrz1stOX&utparam-url=scene%3Asearch%7Cquery_from%3A%7Cx_object_id%3A1005009057150900%7C_p_origin_prod%3A
Punk Men's Sweater Aphex Twin Knit Y2k Autumn Pullover Goth Tops Women Vintage Knitwear Jumper Streetwear Korean Unisex Clothing,$14.91,"https://ae-pic-a1.aliexpress-media.com/kf/S140b440e91744554aea309c69627af9c4.jpg_220x220q75.jpg_.avif,https://ae-pic-a1.aliexpress-media.com/kf/Sdb0aad9f6cc34120a56fe139db44dc7fJ.jpg_220x220q75.jpg_.avif,https://ae-pic-a1.aliexpress-media.com/kf/Sf5d9c83c88c742e69e9fe7fcbaa17fa42.jpg_220x220q75.jpg_.avif,https://ae-pic-a1.aliexpress-media.com/kf/S8eff3989a86b41d3a5f934bcb78201c9B.jpg_220x220q75.jpg_.avif,https://ae-pic-a1.aliexpress-media.com/kf/S3d4eec9801b243e0b32ddc33646304ca3.jpg_220x220q75.jpg_.avif","['whether full opening', 'No', 'High-concerned chemical', 'None', 'Applicable Season', 'Autumn And Winter', 'Craft of Weaving', 'Knit', 'Applicable Scene', 'Daily', 'Hooded', 'No', 'Decoration', 'NONE', 'Sleeve Style', 'regular', 'Wool', 'Standard Wool', 'Place Of Origin', 'China (mainland)', 'Pattern Type', 'Geometric', 'Item Type', 'Pullovers', 'Sleeve Length(cm)', 'Full', 'Thickness', 'Standard', 'Technics', 'Computer Knitted', 'Material', 'Acrylic', 'Collar', 'O-Neck', 'Style', 'HIP HOP', 'Gender', 'Men', 'Brand Name', 'JENTULIN', 'Origin', 'China Mainland', 'CN', 'Guangdong', 'Closure Type', 'None', 'Gender', 'Men Women Boy Girl Lady Unisex', 'Hoodies Pattern', ""Aphex Twin Graphic Men's Knitted Pullovers Sweaters"", 'Season', 'Spring Autumn Winter', 'Sweatshirts Material', 'High Quality', 'Theme', 'Aphex Twin Graphic Style Sweaters', 'Advantage', 'Good Quality, Fast Shipping, Free Shipping', 'French', 'Hoodies homme hip hop Knitted Pullovers Sweaters', 'Offer', 'Drop Shipping/WholeSale']",https://www.aliexpress.us/item/3256807773260240.html?algo_pvid=4d8bc1cb-2cda-4a1e-b9a6-48353316ea07&algo_exp_id=4d8bc1cb-2cda-4a1e-b9a6-48353316ea07-57&pdp_ext_f=%7B%22order%22%3A%22101%22%2C%22eval%22%3A%221%22%2C%22fromPage%22%3A%22search%22%7D&pdp_npi=6%40dis%21USD%2128.68%2114.91%21%21%2128.68%2114.91%21%402101246417754837255367279e7be2%2112000043033442752%21sea%21US%210%21ABX%211%210%21n_tag%3A-29910%3Bd%3A913ad4af%3Bm03_new_user%3A-29895&curPageLogUid=pmFFdFsz3YQN&utparam-url=scene%3Asearch%7Cquery_from%3A%7Cx_object_id%3A1005007959574992%7C_p_origin_prod%3A
Summer Classic Short Sleeve Men Knitwear Silk Wool blend Sweater O-Neck Loose Cool Quality Business Pullover Basic Clothing Tops,$20.40,"https://ae-pic-a1.aliexpress-media.com/kf/Saeed0195938b4ed28050d541ccd68493B.jpg_220x220q75.jpg_.avif,https://ae-pic-a1.aliexpress-media.com/kf/S98dc3812b1a948f0ae4e0571ddd055d1I.jpg_220x220q75.jpg_.avif,https://ae-pic-a1.aliexpress-media.com/kf/Se23d41d94b3d4e53818c41ad37a5bdc9D.jpg_220x220q75.jpg_.avif,https://ae-pic-a1.aliexpress-media.com/kf/Se51b7b91bac342b49709799cc45d7cack.jpg_220x220q75.jpg_.avif,https://ae-pic-a1.aliexpress-media.com/kf/S437fbbbe4c1d4e579a641752ed3b70c9g.jpg_220x220q75.jpg_.avif","['whether full opening', 'No', 'High-concerned chemical', 'None', 'Applicable Season', 'Spring And Summer', 'Craft of Weaving', 'Knit', 'Applicable Scene', 'CASUAL', 'Hooded', 'No', 'Model Number', 'YSC202538', 'Decoration', 'NONE', 'Sleeve Style', 'regular', 'Wool', 'Thin Wool', 'Place Of Origin', 'China (mainland)', 'Pattern Type', 'Solid', 'Item Type', 'Pullovers', 'Sleeve Length(cm)', 'Short (4 - 16 Inch)', 'Thickness', 'Thin', 'Technics', 'Computer Knitted', 'Material', 'Lyocell,Silk,Wool', 'Collar', 'O-Neck', 'Style', 'Casual', 'Gender', 'Men', 'Brand Name', 'yunshucloset', 'Origin', 'China Mainland', 'CN', 'Hebei', 'Closure Type', 'None']",https://www.aliexpress.us/item/3256806693386718.html?algo_pvid=4d8bc1cb-2cda-4a1e-b9a6-48353316ea07&algo_exp_id=4d8bc1cb-2cda-4a1e-b9a6-48353316ea07-58&pdp_ext_f=%7B%22order%22%3A%22101%22%2C%22eval%22%3A%221%22%2C%22fromPage%22%3A%22search%22%7D&pdp_npi=6%40dis%21USD%2151.00%2120.40%21%21%2151.00%2120.40%21%402101246417754837255367279e7be2%2112000038602627254%21sea%21US%210%21ABX%211%210%21n_tag%3A-29910%3Bd%3A913ad4af%3Bm03_new_user%3A-29895&curPageLogUid=v2C6dW3kjQej&utparam-url=scene%3Asearch%7Cquery_from%3A%7Cx_object_id%3A1005006879701470%7C_p_origin_prod%3A
Men's 100% Pure Mink Cashmere Sweater V-Neck Pullover Sweater Knitted Sweater Autumn Winter New Long Sleeved High-end Loose Tops,$34.97,"https://ae-pic-a1.aliexpress-media.com/kf/Sb23e315d355b4309aa0cd56b993d06fcg.jpg_220x220q75.jpg_.avif,https://ae-pic-a1.aliexpress-media.com/kf/Sb23e315d355b4309aa0cd56b993d06fcg.jpg_220x220q75.jpg_.avif,https://ae-pic-a1.aliexpress-media.com/kf/S6d775913834d401188fb61c32d76e038s.jpg_220x220q75.jpg_.avif,https://ae-pic-a1.aliexpress-media.com/kf/S83aa8ca6affd4c25800ae63c87da2efce.jpg_220x220q75.jpg_.avif,https://ae-pic-a1.aliexpress-media.com/kf/S300c49e94b4749739a1aa1c0c904b1f0o.jpg_220x220q75.jpg_.avif","['whether full opening', 'No', 'High-concerned chemical', 'None', 'Applicable Season', 'Autumn And Winter', 'Craft of Weaving', 'Knit', 'Applicable Scene', 'Business', 'Hooded', 'No', 'Model Number', '80', 'Sleeve Style', 'regular', 'Place Of Origin', 'China (mainland)', 'Pattern Type', 'Solid', 'Item Type', 'Pullovers', 'Sleeve Length(cm)', 'Full', 'Thickness', 'Standard', 'Material', 'CASHMERE', 'Collar', 'V-Neck', 'Style', 'Casual', 'Gender', 'Men', 'Brand Name', 'Ganleawort', 'Origin', 'China Mainland', 'CN', 'Hebei', 'Closure Type', 'None']",https://www.aliexpress.us/item/3256809052926927.html?algo_pvid=4d8bc1cb-2cda-4a1e-b9a6-48353316ea07&algo_exp_id=4d8bc1cb-2cda-4a1e-b9a6-48353316ea07-59&pdp_ext_f=%7B%22order%22%3A%22101%22%2C%22eval%22%3A%221%22%2C%22fromPage%22%3A%22search%22%7D&pdp_npi=6%40dis%21USD%2185.30%2134.97%21%21%21584.25%21239.54%21%402101246417754837255367279e7be2%2112000048435762659%21sea%21US%210%21ABX%211%210%21n_tag%3A-29910%3Bd%3A913ad4af%3Bm03_new_user%3A-29895&curPageLogUid=thhEJrMbglFb&utparam-url=scene%3Asearch%7Cquery_from%3A%7Cx_object_id%3A1005009239241679%7C_p_origin_prod%3A
Winter Thermal Underwear Men High Collar Modal Plain Undershirts Man Warm Turtleneck Pullover Long Sleeve Tops Clothes Termico,$2.92,"https://ae-pic-a1.aliexpress-media.com/kf/Sfacea8173ffc4cf4862c40088d78aed9O.jpg_220x220q75.jpg_.avif,https://ae-pic-a1.aliexpress-media.com/kf/S3aa6e079521d4322aac78ef60f3382bch.jpg_220x220q75.jpg_.avif,https://ae-pic-a1.aliexpress-media.com/kf/Sac350676cb4f404888d398d319e98f71w.jpg_220x220q75.jpg_.avif,https://ae-pic-a1.aliexpress-media.com/kf/S24a5e4720bd047ecad54c0e92987786fK.jpg_220x220q75.jpg_.avif,https://ae-pic-a1.aliexpress-media.com/kf/S506eaf3cfde64c028004f988175c69ffq.jpg_220x220q75.jpg_.avif","['whether full opening', 'No', 'High-concerned chemical', 'None', 'Craft of Weaving', 'Tatting', 'Applicable Season', 'Autumn And Winter', 'Applicable Scene', 'Shopping', 'Hooded', 'No', 'Sleeve Style', 'regular', 'Place Of Origin', 'China (mainland)', 'Thickness', 'Standard', 'Material', 'COTTON,Elastane', 'Collar', 'Turtleneck', 'Style', 'chic', 'Gender', 'Men', 'CN', 'Jiangxi', 'Origin', 'China Mainland']",https://www.aliexpress.us/item/3256809582216425.html?algo_pvid=4d8bc1cb-2cda-4a1e-b9a6-48353316ea07&algo_exp_id=4d8bc1cb-2cda-4a1e-b9a6-48353316ea07-0&pdp_ext_f=%7B%22order%22%3A%2279%22%2C%22eval%22%3A%221%22%2C%22fromPage%22%3A%22search%22%7D&pdp_npi=6%40dis%21USD%218.87%212.92%21%21%2160.77%2120.05%21%402101246417754837255367279e7be2%2112000050101133709%21sea%21US%210%21ABX%211%210%21n_tag%3A-29910%3Bd%3A913ad4af%3Bm03_new_user%3A-29895&curPageLogUid=CWg4oZvboirm&utparam-url=scene%3Asearch%7Cquery_from%3A%7Cx_object_id%3A1005009768531177%7C_p_origin_prod%3A
Mens Long Sleeve Polo Sweater Knit Polo Casual Heavyweight Thermal Pullover Sweater outdoor Anti-pilling Solid Color Pullover,$8.87,"https://ae-pic-a1.aliexpress-media.com/kf/S5c839ef524da4d4b9e8a23e6a20c8cadV.jpg_220x220q75.jpg_.avif,https://ae-pic-a1.aliexpress-media.com/kf/Sae4c8b5bbcf241ae83b7a87f498d96f01.jpg_220x220q75.jpg_.avif,https://ae-pic-a1.aliexpress-media.com/kf/S8cf0f5e071eb4d71ba094a047c3cb9ccz.jpg_220x220q75.jpg_.avif,https://ae-pic-a1.aliexpress-media.com/kf/Sdc0d0fcb12a042e99ea00fbfe180ce243.jpg_220x220q75.jpg_.avif,https://ae-pic-a1.aliexpress-media.com/kf/S629b63f6b4a44edf8a1ca45a99cbf911S.jpg_220x220q75.jpg_.avif","['whether full opening', 'No', 'High-concerned chemical', 'None', 'Applicable Season', 'Autumn And Winter', 'Applicable Scene', 'Daily', 'Hooded', 'No', 'Wool', 'Standard Wool', 'Pattern Type', 'Solid', 'Sleeve Length(cm)', 'Full', 'Thickness', 'Standard', 'Material', 'POLYESTER,Wool,Nylon,Rayon', 'Collar', 'Turn-Down Collar', 'Style', 'Casual', 'Gender', 'Men', 'Brand Name', 'ANIMAL GAME', 'Origin', 'China Mainland', 'CN', 'Zhejiang', 'Closure Type', 'Zipper', 'Support', 'Drop Shipping']",https://www.aliexpress.us/item/3256809573705858.html?algo_pvid=4d8bc1cb-2cda-4a1e-b9a6-48353316ea07&algo_exp_id=4d8bc1cb-2cda-4a1e-b9a6-48353316ea07-3&pdp_ext_f=%7B%22order%22%3A%2277%22%2C%22spu_best_type%22%3A%22price%22%2C%22eval%22%3A%221%22%2C%22fromPage%22%3A%22search%22%7D&pdp_npi=6%40dis%21USD%2136.74%218.87%21%21%21251.67%2160.76%21%402101246417754837255367279e7be2%2112000050075391991%21sea%21US%210%21ABX%211%210%21n_tag%3A-29910%3Bd%3A913ad4af%3Bm03_new_user%3A-29895%3BpisId%3A5000000197847434&curPageLogUid=RcCEEyi7n6GJ&utparam-url=scene%3Asearch%7Cquery_from%3A%7Cx_object_id%3A1005009760020610%7C_p_origin_prod%3A
Half Turtleneck Knitwear Sweater New Autumn/Winter Mock Neck Sweatshirts Solid Color Pullovers Man Brand Casual Mens Clothing,$4.56,"https://ae-pic-a1.aliexpress-media.com/kf/S05056b4702614b5d8be4ad3194bfb48ba.jpg_220x220q75.jpg_.avif,https://ae-pic-a1.aliexpress-media.com/kf/S01c2269cabfb404885302539acf7b1e9x.jpg_220x220q75.jpg_.avif,https://ae-pic-a1.aliexpress-media.com/kf/S6e6562544bca4210a5145ae7d49c814as.jpg_220x220q75.jpg_.avif,https://ae-pic-a1.aliexpress-media.com/kf/S3d8a3d1d8a8649caac81422623050e45s.jpg_220x220q75.jpg_.avif,https://ae-pic-a1.aliexpress-media.com/kf/S298d475fcf5a4901827f7e33223e640ci.jpg_220x220q75.jpg_.avif","['whether full opening', 'Yes', 'High-concerned chemical', 'None', 'Applicable Season', 'Autumn And Winter', 'Craft of Weaving', 'Knit', 'Applicable Scene', 'CASUAL', 'Hooded', 'No', 'Sleeve Style', 'regular', 'Place Of Origin', 'China (mainland)', 'Pattern Type', 'Solid', 'Item Type', 'Pullovers', 'Sleeve Length(cm)', 'Full', 'Thickness', 'Standard', 'Technics', 'Flat Knitted', 'Material', 'POLYESTER', 'Collar', 'Mock Neck', 'Style', 'Casual', 'Gender', 'Men', 'Origin', 'China Mainland', 'CN', 'Zhejiang', 'Closure Type', 'None']",https://www.aliexpress.us/item/3256809118557647.html?algo_pvid=4d8bc1cb-2cda-4a1e-b9a6-48353316ea07&algo_exp_id=4d8bc1cb-2cda-4a1e-b9a6-48353316ea07-5&pdp_ext_f=%7B%22order%22%3A%2276%22%2C%22eval%22%3A%221%22%2C%22fromPage%22%3A%22search%22%7D&pdp_npi=6%40dis%21USD%2128.12%214.56%21%21%21192.59%2131.22%21%402101246417754837255367279e7be2%2112000048681801671%21sea%21US%210%21ABX%211%210%21n_tag%3A-29910%3Bd%3A913ad4af%3Bm03_new_user%3A-29895%3BpisId%3A5000000197847434&curPageLogUid=rQ5KW3lMBxyy&utparam-url=scene%3Asearch%7Cquery_from%3A%7Cx_object_id%3A1005009304872399%7C_p_origin_prod%3A
Cartoon Cat's New Knitted Sweater 2025 Men's Autumn/Winter Warm Knitted Sweater Men's Pullover Home Clothes,$18.99,"https://ae-pic-a1.aliexpress-media.com/kf/Sd8fa4522927f4ae4b881a2db698fd5c8u.jpg_220x220q75.jpg_.avif,https://ae-pic-a1.aliexpress-media.com/kf/S326be65a5ab64fe38d182020336281eeB.jpg?has_lang=1&ver=1_220x220q75.jpg_.avif,https://ae-pic-a1.aliexpress-media.com/kf/S2d7035fa14a74c8ea2aeba7cf3af653ai.jpg?has_lang=1&ver=1_220x220q75.jpg_.avif,https://ae-pic-a1.aliexpress-media.com/kf/Saee5a9e25499464f8609e03bc8893a6dT.jpg?has_lang=1&ver=1_220x220q75.jpg_.avif,https://ae-pic-a1.aliexpress-media.com/kf/S020a1a58ec744d0ba901c710a9d9c8b7D.jpg_220x220q75.jpg_.avif","['whether full opening', 'No', 'High-concerned chemical', 'None', 'Applicable Season', 'Autumn And Winter', 'Craft of Weaving', 'Knit', 'Applicable Scene', 'Daily', 'Hooded', 'No', 'Decoration', 'NONE', 'Sleeve Style', 'regular', 'Wool', 'Standard Wool', 'Pattern Type', 'Patchwork', 'Item Type', 'Pullovers', 'Sleeve Length(cm)', 'Full', 'Thickness', 'Standard', 'Technics', 'Computer Knitted', 'Material', 'POLYESTER,Acrylic,Nylon', 'Collar', 'O-Neck', 'Style', 'Casual', 'Gender', 'Men', 'Origin', 'China Mainland', 'CN', 'Zhejiang', 'Closure Type', 'None']",https://www.aliexpress.us/item/3256810046534748.html?algo_pvid=4d8bc1cb-2cda-4a1e-b9a6-48353316ea07&algo_exp_id=4d8bc1cb-2cda-4a1e-b9a6-48353316ea07-6&pdp_ext_f=%7B%22order%22%3A%2276%22%2C%22eval%22%3A%221%22%2C%22fromPage%22%3A%22search%22%7D&pdp_npi=6%40dis%21USD%2156.98%2118.99%21%21%21390.25%21130.05%21%402101246417754837255367279e7be2%2112000051620917665%21sea%21US%210%21ABX%211%210%21n_tag%3A-29910%3Bd%3A913ad4af%3Bm03_new_user%3A-29895%3BpisId%3A5000000197847434&curPageLogUid=AVM4QekU9Njo&utparam-url=scene%3Asearch%7Cquery_from%3A%7Cx_object_id%3A1005010232849500%7C_p_origin_prod%3A
New Autumn Winter Sweaters Men's Velvet Pullover Knitted Bottom Shirts Men's Polo Pullover Wine Red Fleeced Knitwear,$4.28,"https://ae-pic-a1.aliexpress-media.com/kf/Sb239fbda33f444628fa972a0fbfcbb93B.jpg_220x220q75.jpg_.avif,https://ae-pic-a1.aliexpress-media.com/kf/S5b18937df4e14e3e85236f65d25a2146g.jpg_220x220q75.jpg_.avif,https://ae-pic-a1.aliexpress-media.com/kf/Sab209cbc5586486ca2b8238103fd3ca2e.jpg_220x220q75.jpg_.avif,https://ae-pic-a1.aliexpress-media.com/kf/S1f7d864466b943958f7816e7f95def8dq.jpg_220x220q75.jpg_.avif,https://ae-pic-a1.aliexpress-media.com/kf/S4bffe2f3cea14e6fa89a285419aac3cej.jpg_220x220q75.jpg_.avif","['whether full opening', 'No', 'High-concerned chemical', 'None', 'Applicable Season', 'Autumn And Winter', 'Craft of Weaving', 'Knit', 'Applicable Scene', 'Daily', 'Hooded', 'No', 'Sleeve Style', 'regular', 'Place Of Origin', 'China (mainland)', 'Item Type', 'Pullovers', 'Thickness', 'Fleece', 'Technics', 'Computer Knitted', 'Material', 'POLYESTER', 'Collar', 'Turtleneck', 'Style', 'Casual', 'Gender', 'Men', 'Brand Name', 'NoEnName_Null', 'Origin', 'China Mainland', 'CN', 'Jiangsu']",https://www.aliexpress.us/item/3256807123796441.html?algo_pvid=4d8bc1cb-2cda-4a1e-b9a6-48353316ea07&algo_exp_id=4d8bc1cb-2cda-4a1e-b9a6-48353316ea07-9&pdp_ext_f=%7B%22order%22%3A%2275%22%2C%22spu_best_type%22%3A%22price%22%2C%22eval%22%3A%221%22%2C%22fromPage%22%3A%22search%22%7D&pdp_npi=6%40dis%21USD%2127.57%214.28%21%21%21188.86%2129.36%21%402101246417754837255367279e7be2%2112000040194550712%21sea%21US%210%21ABX%211%210%21n_tag%3A-29910%3Bd%3A913ad4af%3Bm03_new_user%3A-29895%3BpisId%3A5000000197847434&curPageLogUid=ai72WBLGOuNb&utparam-url=scene%3Asearch%7Cquery_from%3A%7Cx_object_id%3A1005007310111193%7C_p_origin_prod%3A
Autumn Winter Men's Polo Collar Pullover Striped Fleece Thick Slim Fit Tops Fake Two Pieces Knitwear Business Causal Sweaters,$13.13,"https://ae-pic-a1.aliexpress-media.com/kf/S32c0d40b31e643dd9764c2ae02e6f9d6H.jpg?has_lang=1&ver=2_220x220q75.jpg_.avif,https://ae-pic-a1.aliexpress-media.com/kf/S5188078f77884e6dbfe791135d6d6a80X.jpg?has_lang=1&ver=2_220x220q75.jpg_.avif,https://ae-pic-a1.aliexpress-media.com/kf/Sc74860e7830247cc9ffe6c4d3d82554d1.jpg?has_lang=1&ver=2_220x220q75.jpg_.avif,https://ae-pic-a1.aliexpress-media.com/kf/Sf5869b68674f4e8b80b7ed1ab5db64a19.jpg?has_lang=1&ver=2_220x220q75.jpg_.avif,https://ae-pic-a1.aliexpress-media.com/kf/S88d9cf3e39414655a4fb02c059d52827H.jpg?has_lang=1&ver=2_220x220q75.jpg_.avif","['whether full opening', 'No', 'High-concerned chemical', 'None', 'Craft of Weaving', 'Knit', 'Applicable Season', 'Autumn And Winter', 'Applicable Scene', 'Daily', 'Hooded', 'No', 'Model Number', ""Men's Polo Collar Pullover"", 'Decoration', 'Spliced', 'Sleeve Style', 'regular', 'Wool', 'Standard Wool', 'Place Of Origin', 'China (mainland)', 'Pattern Type', 'Striped', 'Item Type', 'Pullovers', 'Sleeve Length(cm)', 'Full', 'Thickness', 'Fleece', 'Technics', 'Flat Knitted', 'Material', 'POLYESTER', 'Collar', 'Turn-Down Collar', 'Style', 'Casual', 'Gender', 'Men', 'Closure Type', 'Single Breasted', 'Origin', 'China Mainland', 'CN', 'Guangdong']",https://www.aliexpress.us/item/3256809436241374.html?algo_pvid=4d8bc1cb-2cda-4a1e-b9a6-48353316ea07&algo_exp_id=4d8bc1cb-2cda-4a1e-b9a6-48353316ea07-12&pdp_ext_f=%7B%22order%22%3A%2274%22%2C%22eval%22%3A%221%22%2C%22fromPage%22%3A%22search%22%7D&pdp_npi=6%40dis%21USD%2132.80%2113.13%21%21%21224.66%2189.95%21%402101246417754837255367279e7be2%2112000049661752536%21sea%21US%210%21ABX%211%210%21n_tag%3A-29910%3Bd%3A913ad4af%3Bm03_new_user%3A-29895%3BpisId%3A5000000197847434&curPageLogUid=LWr8Sn754oLV&utparam-url=scene%3Asearch%7Cquery_from%3A%7Cx_object_id%3A1005009622556126%7C_p_origin_prod%3A
AIOPESON New O-neck Cotton Pullover Men's Sweater Striped Casual Autumn and Winter High Quality Knitted Sweaters for Men,$15.69,"https://ae-pic-a1.aliexpress-media.com/kf/Sf149fa9480714f95b033195c0efc29acC.jpg_220x220q75.jpg_.avif,https://ae-pic-a1.aliexpress-media.com/kf/Sf149fa9480714f95b033195c0efc29acC.jpg_220x220q75.jpg_.avif,https://ae-pic-a1.aliexpress-media.com/kf/S5b62984ad7b04168a02e92b0a9bbc55dj.png_220x220.png_.avif,https://ae-pic-a1.aliexpress-media.com/kf/S575f15aa40464bc0af40ccbda90de1a5H.jpg_220x220q75.jpg_.avif,https://ae-pic-a1.aliexpress-media.com/kf/S06892f6d62cd470fba444c6a41356ccdc.jpg_220x220q75.jpg_.avif","['whether full opening', 'No', 'High-concerned chemical', 'None', 'Applicable Season', 'Autumn And Winter', 'Craft of Weaving', 'Knit', 'Applicable Scene', 'CASUAL', 'Hooded', 'No', 'Model Number', 'SW117', 'Decoration', 'Sequined', 'Sleeve Style', 'regular', 'Wool', 'Standard Wool', 'Place Of Origin', 'China (mainland)', 'Pattern Type', 'Striped', 'Item Type', 'Pullovers', 'Sleeve Length(cm)', 'Full', 'Thickness', 'Standard', 'Technics', 'Computer Knitted', 'Material', 'Other,COTTON', 'Collar', 'O-Neck', 'Style', 'Casual', 'Gender', 'Men', 'Brand Name', 'AIOPESON', 'Origin', 'China Mainland', 'CN', 'Zhejiang', 'Closure Type', 'None', 'MATERIAL', '95% cotton,5% elastane']",https://www.aliexpress.us/item/3256807381729497.html?algo_pvid=4d8bc1cb-2cda-4a1e-b9a6-48353316ea07&algo_exp_id=4d8bc1cb-2cda-4a1e-b9a6-48353316ea07-15&pdp_ext_f=%7B%22order%22%3A%2273%22%2C%22eval%22%3A%221%22%2C%22fromPage%22%3A%22search%22%7D&pdp_npi=6%40dis%21USD%2151.41%2115.69%21%21%21352.11%21107.46%21%402101246417754837255367279e7be2%2112000041376529159%21sea%21US%210%21ABX%211%210%21n_tag%3A-29910%3Bd%3A913ad4af%3Bm03_new_user%3A-29895%3BpisId%3A5000000197847434&curPageLogUid=OAc6KrM3ZIKc&utparam-url=scene%3Asearch%7Cquery_from%3A%7Cx_object_id%3A1005007568044249%7C_p_origin_prod%3A
New Fashion Winter Hooded Sweater Men Warm Turtleneck Mens Sweaters Slim Fit Pullover Men Classic Sweter Men Knitwear Pull Homme,$2.68,"https://ae-pic-a1.aliexpress-media.com/kf/H32898f68bf094d4b9ae01f968b23b583S.jpg_220x220q75.jpg_.avif,https://ae-pic-a1.aliexpress-media.com/kf/H9067462e6eae4c97b7db79ad4bb04eeas.jpg_220x220q75.jpg_.avif,https://ae-pic-a1.aliexpress-media.com/kf/H79524c4dd37d4954b0a81264b4d1bd0db.jpg_220x220q75.jpg_.avif,https://ae-pic-a1.aliexpress-media.com/kf/Hf2fccc9110df4e3d892794f4014ebf1at.jpg_220x220q75.jpg_.avif,https://ae-pic-a1.aliexpress-media.com/kf/H5d37bfa9e70d4e6caa8be319397690c0E.jpg_220x220q75.jpg_.avif","['Applicable Season', 'Spring And Autumn', 'Applicable Scene', 'CASUAL', 'Hooded', 'Yes', 'Decoration', 'NONE', 'Sleeve Style', 'regular', 'Wool', 'Thin Wool', 'Pattern Type', 'Solid', 'Item Type', 'Pullovers', 'Sleeve Length(cm)', 'Full', 'Thickness', 'Standard', 'Technics', 'Computer Knitted', 'Material', 'COTTON,POLYESTER', 'Collar', 'Turtleneck', 'Style', 'Casual', 'Gender', 'Men', 'Brand Name', 'Muscleguys', 'Origin', 'Mainland China', 'CN', 'Guangdong', 'Closure Type', 'None']",https://www.aliexpress.us/item/3256804856309504.html?algo_pvid=4d8bc1cb-2cda-4a1e-b9a6-48353316ea07&algo_exp_id=4d8bc1cb-2cda-4a1e-b9a6-48353316ea07-17&pdp_ext_f=%7B%22order%22%3A%2272%22%2C%22eval%22%3A%221%22%2C%22fromPage%22%3A%22search%22%7D&pdp_npi=6%40dis%21USD%2124.86%212.68%21%21%21170.29%2118.37%21%402101246417754837255367279e7be2%2112000031431221283%21sea%21US%210%21ABX%211%210%21n_tag%3A-29910%3Bd%3A913ad4af%3Bm03_new_user%3A-29895%3BpisId%3A5000000197847434&curPageLogUid=y9EkXnkcydAm&utparam-url=scene%3Asearch%7Cquery_from%3A%7Cx_object_id%3A1005005042624256%7C_p_origin_prod%3A
"Men's Spring and Autumn Fashion Lapel Fleece Pullover, Solid Color Button Men's Clothing, Outdoor Men's Sweatshirt",$3.31,"https://ae-pic-a1.aliexpress-media.com/kf/Sb15474ea71e14fcf92a95a917072759dS.jpg_220x220q75.jpg_.avif,https://ae-pic-a1.aliexpress-media.com/kf/S00a456757a3a4147a1346e731047ae36j.jpg_220x220q75.jpg_.avif,https://ae-pic-a1.aliexpress-media.com/kf/Sc6dab856384b445a9473f79fa80e290e0.jpg_220x220q75.jpg_.avif,https://ae-pic-a1.aliexpress-media.com/kf/S55039db9b93641a8891342a658848f47G.jpg_220x220q75.jpg_.avif,https://ae-pic-a1.aliexpress-media.com/kf/S0a3acaf5909549e0a493fc3ee38f9a1dQ.jpg_220x220q75.jpg_.avif","['whether full opening', 'No', 'High-concerned chemical', 'None', 'Applicable Season', 'Spring And Autumn', 'Craft of Weaving', 'Knit', 'Applicable Scene', 'Trip', 'Model Number', 'ZR', 'Decoration', 'NONE', 'Sleeve Style', 'regular', 'Place Of Origin', 'China (mainland)', 'Pattern Type', 'Solid', 'Item Type', 'Pullovers', 'Sleeve Length(cm)', 'Full', 'Thickness', 'Fleece', 'Material', 'POLYESTER', 'Collar', 'Turn-Down Collar', 'Style', 'Casual', 'Gender', 'Men', 'Origin', 'China Mainland', 'CN', 'Anhui', 'Closure Type', 'Single Breasted']",https://www.aliexpress.us/item/3256808522076811.html?algo_pvid=4d8bc1cb-2cda-4a1e-b9a6-48353316ea07&algo_exp_id=4d8bc1cb-2cda-4a1e-b9a6-48353316ea07-19&pdp_ext_f=%7B%22order%22%3A%2271%22%2C%22eval%22%3A%221%22%2C%22fromPage%22%3A%22search%22%7D&pdp_npi=6%40dis%21USD%2127.84%213.31%21%21%21190.69%2122.65%21%402101246417754837255367279e7be2%2112000046338711355%21sea%21US%210%21ABX%211%210%21n_tag%3A-29910%3Bd%3A913ad4af%3Bm03_new_user%3A-29895%3BpisId%3A5000000197847434&curPageLogUid=VjMBniugsLbm&utparam-url=scene%3Asearch%7Cquery_from%3A%7Cx_object_id%3A1005008708391563%7C_p_origin_prod%3A
Men's Plaid Sweater Fleece Pullover Slim Fit Elegant Luxury Brand Fake Two Pieces Knitted Sweaters,$3.86,"https://ae-pic-a1.aliexpress-media.com/kf/Scc49fd57318d49a1b467db57fea9c9d8b.jpg_220x220q75.jpg_.avif,https://ae-pic-a1.aliexpress-media.com/kf/Sfb3f450d707d4a4eb95e46e363086deai.jpg_220x220q75.jpg_.avif,https://ae-pic-a1.aliexpress-media.com/kf/S353e7f54f71844fa825508a5c099e976W.jpg_220x220q75.jpg_.avif,https://ae-pic-a1.aliexpress-media.com/kf/S9fcf5041b1e441a1894b1dab47c2612b5.jpg_220x220q75.jpg_.avif,https://ae-pic-a1.aliexpress-media.com/kf/S5a09c335fa804b6c8c32081f8b23a2f28.jpg_220x220q75.jpg_.avif","['whether full opening', 'No', 'High-concerned chemical', 'None', 'Applicable Season', 'Autumn And Winter', 'Craft of Weaving', 'Knit', 'Applicable Scene', 'Daily', 'Hooded', 'No', 'Sleeve Style', 'regular', 'Wool', 'Standard Wool', 'Place Of Origin', 'China (mainland)', 'Item Type', 'Pullovers', 'Sleeve Length(cm)', 'Full', 'Thickness', 'Thick', 'Material', 'POLYESTER', 'Collar', 'Square Collar', 'Style', 'Casual', 'Gender', 'Men', 'Brand Name', 'NoEnName_Null', 'Origin', 'China Mainland', 'CN', 'Jiangsu', 'Closure Type', 'None']",https://www.aliexpress.us/item/3256807606825530.html?algo_pvid=4d8bc1cb-2cda-4a1e-b9a6-48353316ea07&algo_exp_id=4d8bc1cb-2cda-4a1e-b9a6-48353316ea07-20&pdp_ext_f=%7B%22order%22%3A%2271%22%2C%22spu_best_type%22%3A%22price%22%2C%22eval%22%3A%221%22%2C%22fromPage%22%3A%22search%22%7D&pdp_npi=6%40dis%21USD%2126.72%213.86%21%21%21183.03%2126.44%21%402101246417754837255367279e7be2%2112000042220940493%21sea%21US%210%21ABX%211%210%21n_tag%3A-29910%3Bd%3A913ad4af%3Bm03_new_user%3A-29895%3BpisId%3A5000000197847434&curPageLogUid=YOW68nLpTQhZ&utparam-url=scene%3Asearch%7Cquery_from%3A%7Cx_object_id%3A1005007793140282%7C_p_origin_prod%3A
Mens Knit Sweater Autumn Winter Pullover Korean Soft Heavyweight Knit Polo Sweaters Minimalist Long Sleeve Solid Casual Top,$15.05,"https://ae-pic-a1.aliexpress-media.com/kf/S9b99960a86a94649981d087a65b25c72U.jpg?has_lang=1&ver=1_220x220q75.jpg_.avif,https://ae-pic-a1.aliexpress-media.com/kf/Sca0baa2923504000bb9459da92f28e0eS.jpg?has_lang=1&ver=1_220x220q75.jpg_.avif,https://ae-pic-a1.aliexpress-media.com/kf/Saee6549f0fc94d3fa087dab3cb72ae1fj.jpg?has_lang=1&ver=1_220x220q75.jpg_.avif,https://ae-pic-a1.aliexpress-media.com/kf/Sa72b50809ad642c5a2a65f091a60d575r.jpg_220x220q75.jpg_.avif,https://ae-pic-a1.aliexpress-media.com/kf/Sba4694bcc3c4411997b89f014938abfeA.jpg?has_lang=1&ver=1_220x220q75.jpg_.avif","['whether full opening', 'No', 'High-concerned chemical', 'None', 'Applicable Season', 'Autumn And Winter', 'Craft of Weaving', 'Knit', 'Applicable Scene', 'Daily', 'Hooded', 'No', 'Sleeve Style', 'regular', 'Wool', 'Standard Wool', 'Place Of Origin', 'China (mainland)', 'Pattern Type', 'Solid', 'Item Type', 'Pullovers', 'Sleeve Length(cm)', 'Full', 'Thickness', 'Standard', 'Technics', 'Computer Knitted', 'Material', 'POLYESTER', 'Collar', 'Turn-Down Collar', 'Style', 'Korean', 'Gender', 'Men', 'Origin', 'China Mainland', 'CN', 'Fujian', 'Closure Type', 'None']",https://www.aliexpress.us/item/3256809627438967.html?algo_pvid=4d8bc1cb-2cda-4a1e-b9a6-48353316ea07&algo_exp_id=4d8bc1cb-2cda-4a1e-b9a6-48353316ea07-21&pdp_ext_f=%7B%22order%22%3A%2271%22%2C%22eval%22%3A%221%22%2C%22fromPage%22%3A%22search%22%7D&pdp_npi=6%40dis%21USD%2151.15%2115.05%21%21%21350.34%21103.09%21%402101246417754837255367279e7be2%2112000050256908320%21sea%21US%210%21ABX%211%210%21n_tag%3A-29910%3Bd%3A913ad4af%3Bm03_new_user%3A-29895%3BpisId%3A5000000197847434&curPageLogUid=DkQu4vBshJji&utparam-url=scene%3Asearch%7Cquery_from%3A%7Cx_object_id%3A1005009813753719%7C_p_origin_prod%3A
Designer Brand Pony Embroidery Fashion Sweater Men's Classic Paul Fashion Jacquard Autumn/Winter Round Neck Warm Knitted Pullove,$18.54,"https://ae-pic-a1.aliexpress-media.com/kf/S79efb297d60741619f3e86b3c306dad80.jpg_220x220q75.jpg_.avif,https://ae-pic-a1.aliexpress-media.com/kf/S79efb297d60741619f3e86b3c306dad80.jpg_220x220q75.jpg_.avif,https://ae-pic-a1.aliexpress-media.com/kf/Sf2f6fb0609164c07a171488c9de48ea1B.jpg_220x220q75.jpg_.avif,https://ae-pic-a1.aliexpress-media.com/kf/S7b1d760c11c940db8992ab76fcf4b420J.jpg_220x220q75.jpg_.avif,https://ae-pic-a1.aliexpress-media.com/kf/S22783ed0039f4e689902fcc4a9720fd85.jpg_220x220q75.jpg_.avif","['whether full opening', 'No', 'High-concerned chemical', 'None', 'Applicable Season', 'Autumn And Winter', 'Craft of Weaving', 'Knit', 'Applicable Scene', 'Daily', 'Hooded', 'No', 'Decoration', 'Embroidery', 'Sleeve Style', 'regular', 'Wool', 'Standard Wool', 'Place Of Origin', 'China (mainland)', 'Pattern Type', 'Animal', 'Item Type', 'Pullovers', 'Sleeve Length(cm)', 'Full', 'Thickness', 'Standard', 'Technics', 'Flat Knitted', 'Material', 'POLYESTER,Viscose', 'Collar', 'O-Neck', 'Style', 'Casual', 'Gender', 'Men', 'Origin', 'China Mainland', 'CN', 'Zhejiang']",https://www.aliexpress.us/item/3256810184461087.html?algo_pvid=4d8bc1cb-2cda-4a1e-b9a6-48353316ea07&algo_exp_id=4d8bc1cb-2cda-4a1e-b9a6-48353316ea07-22&pdp_ext_f=%7B%22order%22%3A%2271%22%2C%22eval%22%3A%221%22%2C%22fromPage%22%3A%22search%22%7D&pdp_npi=6%40dis%21USD%2156.07%2118.54%21%21%21384.03%21126.94%21%402101246417754837255367279e7be2%2112000052169179347%21sea%21US%210%21ABX%211%210%21n_tag%3A-29910%3Bd%3A913ad4af%3Bm03_new_user%3A-29895%3BpisId%3A5000000197847434&curPageLogUid=IVVCR11Iacfx&utparam-url=scene%3Asearch%7Cquery_from%3A%7Cx_object_id%3A1005010370775839%7C_p_origin_prod%3A
New Sweatwear Men's Half Neck Basic Solid Color Sweaters Round Neck Elastic Pullovers Warm Autumn Knitted Oversized Sweater Men,$4.59,"https://ae-pic-a1.aliexpress-media.com/kf/S0c33763f64204468bb873d15a7a61599p.jpg_220x220q75.jpg_.avif,https://ae-pic-a1.aliexpress-media.com/kf/Se46b0cc4babd40c6926deca7df760e75a.jpg_220x220q75.jpg_.avif,https://ae-pic-a1.aliexpress-media.com/kf/Sbf62022ae9034e3998f04e60e15ef63dr.jpg_220x220q75.jpg_.avif,https://ae-pic-a1.aliexpress-media.com/kf/S7cb3d2a9afc9434193e00f4ed61b4684l.jpg_220x220q75.jpg_.avif,https://ae-pic-a1.aliexpress-media.com/kf/S46c9cadc5be94aa4a49ac77bb7344df6X.jpg_220x220q75.jpg_.avif","['whether full opening', 'Yes', 'High-concerned chemical', 'None', 'Applicable Season', 'Autumn And Winter', 'Craft of Weaving', 'Knit', 'Applicable Scene', 'CASUAL', 'Hooded', 'No', 'Sleeve Style', 'regular', 'Place Of Origin', 'China (mainland)', 'Pattern Type', 'Solid', 'Item Type', 'Pullovers', 'Sleeve Length(cm)', 'Full', 'Thickness', 'Standard', 'Technics', 'Flat Knitted', 'Material', 'POLYESTER', 'Collar', 'Mock Neck', 'Style', 'Casual', 'Gender', 'Men', 'Origin', 'China Mainland', 'CN', 'Zhejiang', 'Closure Type', 'None']",https://www.aliexpress.us/item/3256809110897898.html?algo_pvid=4d8bc1cb-2cda-4a1e-b9a6-48353316ea07&algo_exp_id=4d8bc1cb-2cda-4a1e-b9a6-48353316ea07-23&pdp_ext_f=%7B%22order%22%3A%2270%22%2C%22eval%22%3A%221%22%2C%22fromPage%22%3A%22search%22%7D&pdp_npi=6%40dis%21USD%2128.18%214.59%21%21%21193.02%2131.44%21%402101246417754837255367279e7be2%2112000048654519066%21sea%21US%210%21ABX%211%210%21n_tag%3A-29910%3Bd%3A913ad4af%3Bm03_new_user%3A-29895%3BpisId%3A5000000197847434&curPageLogUid=HYAXPlyan7w9&utparam-url=scene%3Asearch%7Cquery_from%3A%7Cx_object_id%3A1005009297212650%7C_p_origin_prod%3A
AIOPESON New O-neck Cotton Pullover Men's Sweater Striped Casual Autumn and Winter High Quality Knitted Sweaters for Men,$19.34,"https://ae-pic-a1.aliexpress-media.com/kf/S1e846b34fc694778944b58181b86d5401.jpg_220x220q75.jpg_.avif,https://ae-pic-a1.aliexpress-media.com/kf/S1e846b34fc694778944b58181b86d5401.jpg_220x220q75.jpg_.avif,https://ae-pic-a1.aliexpress-media.com/kf/S5b62984ad7b04168a02e92b0a9bbc55dj.png_220x220.png_.avif,https://ae-pic-a1.aliexpress-media.com/kf/Sf149fa9480714f95b033195c0efc29acC.jpg_220x220q75.jpg_.avif,https://ae-pic-a1.aliexpress-media.com/kf/S06892f6d62cd470fba444c6a41356ccdc.jpg_220x220q75.jpg_.avif","['whether full opening', 'No', 'High-concerned chemical', 'None', 'Applicable Season', 'Autumn And Winter', 'Craft of Weaving', 'Knit', 'Applicable Scene', 'CASUAL', 'Hooded', 'No', 'Model Number', 'SW117', 'Decoration', 'Sequined', 'Sleeve Style', 'regular', 'Wool', 'Standard Wool', 'Place Of Origin', 'China (mainland)', 'Pattern Type', 'Striped', 'Item Type', 'Pullovers', 'Sleeve Length(cm)', 'Full', 'Thickness', 'Standard', 'Technics', 'Computer Knitted', 'Material', 'Other,COTTON', 'Collar', 'O-Neck', 'Style', 'Casual', 'Gender', 'Men', 'Brand Name', 'AIOPESON', 'Origin', 'China Mainland', 'CN', 'Zhejiang', 'Closure Type', 'None', 'material', '95% cotton,5% elastane']",https://www.aliexpress.us/item/3256807287944180.html?algo_pvid=4d8bc1cb-2cda-4a1e-b9a6-48353316ea07&algo_exp_id=4d8bc1cb-2cda-4a1e-b9a6-48353316ea07-33&pdp_ext_f=%7B%22order%22%3A%2268%22%2C%22eval%22%3A%221%22%2C%22fromPage%22%3A%22search%22%7D&pdp_npi=6%40dis%21USD%2128.84%2119.34%21%21%2128.84%2119.34%21%402101246417754837255367279e7be2%2112000041310378215%21sea%21US%210%21ABX%211%210%21n_tag%3A-29910%3Bd%3A913ad4af%3Bm03_new_user%3A-29895%3BpisId%3A5000000197847434&curPageLogUid=7y3EhmxI5FqM&utparam-url=scene%3Asearch%7Cquery_from%3A%7Cx_object_id%3A1005007474258932%7C_p_origin_prod%3A
Men's Sweater Spring New Sport Warm Form Fitting Knit Pullover Sweater Hoodie Drawstring Hoodies Casual Sweatshirt US Size,$19.13,"https://ae-pic-a1.aliexpress-media.com/kf/Sd9ab02228ff04e9796d3b2fc41fcb917j.jpg_220x220q75.jpg_.avif,https://ae-pic-a1.aliexpress-media.com/kf/S05adb699ae114dda9d3ea55db21c575aA.jpg_220x220q75.jpg_.avif,https://ae-pic-a1.aliexpress-media.com/kf/S5e63cf2f848b4871ab172da51623441cK.jpg_220x220q75.jpg_.avif,https://ae-pic-a1.aliexpress-media.com/kf/Sfab6aa0210f54eeaafa7f3f3909b80e2i.jpg_220x220q75.jpg_.avif,https://ae-pic-a1.aliexpress-media.com/kf/S90960e5054a94e34b9da61dcb359dd82V.jpg_220x220q75.jpg_.avif","['whether full opening', 'No', 'High-concerned chemical', 'None', 'Applicable Season', 'Four Seasons', 'Craft of Weaving', 'Knit', 'Applicable Scene', 'Daily', 'Hooded', 'Yes', 'Model Number', 'HOD041', 'Decoration', 'NONE', 'Sleeve Style', 'regular', 'Wool', 'Thin Wool', 'Place Of Origin', 'China (mainland)', 'Pattern Type', 'Geometric', 'Item Type', 'Pullovers', 'Sleeve Length(cm)', 'Full', 'Thickness', 'Standard', 'Technics', 'Flat Knitted', 'Material', 'POLYESTER', 'Collar', 'O-Neck', 'Style', 'Casual', 'Gender', 'Men', 'Origin', 'China Mainland', 'CN', 'Fujian', 'Closure Type', 'None']",https://www.aliexpress.us/item/3256808160826253.html?algo_pvid=4d8bc1cb-2cda-4a1e-b9a6-48353316ea07&algo_exp_id=4d8bc1cb-2cda-4a1e-b9a6-48353316ea07-34&pdp_ext_f=%7B%22order%22%3A%2268%22%2C%22spu_best_type%22%3A%22price%22%2C%22eval%22%3A%221%22%2C%22fromPage%22%3A%22search%22%7D&pdp_npi=6%40dis%21USD%2158.43%2119.13%21%21%21400.22%21131.04%21%402101246417754837255367279e7be2%2112000044786793980%21sea%21US%210%21ABX%211%210%21n_tag%3A-29910%3Bd%3A913ad4af%3Bm03_new_user%3A-29895%3BpisId%3A5000000197847434&curPageLogUid=VieYLbIkJWVQ&utparam-url=scene%3Asearch%7Cquery_from%3A%7Cx_object_id%3A1005008347141005%7C_p_origin_prod%3A
Autumn and winter ins lazy style thick scarf sweater men's Korean version trendy loose solid color base knit sweater,$23.83,"https://ae-pic-a1.aliexpress-media.com/kf/Seb7bc72795a942139bbad84c47f8b992C.jpg_220x220q75.jpg_.avif,https://ae-pic-a1.aliexpress-media.com/kf/Sc61121e9ad92460fba219ee40982b80ey.jpg_220x220q75.jpg_.avif,https://ae-pic-a1.aliexpress-media.com/kf/S46c5b885ef1c4f57979a45936cd9b75fh.jpg_220x220q75.jpg_.avif,https://ae-pic-a1.aliexpress-media.com/kf/Sc9bf91dd45c64fcb9fbb17c43554d489h.jpg_220x220q75.jpg_.avif,https://ae-pic-a1.aliexpress-media.com/kf/S01e7067e6a4742de8799f5936ffd78cfg.jpg_220x220q75.jpg_.avif","['whether full opening', 'No', 'High-concerned chemical', 'None', 'Applicable Season', 'Autumn And Winter', 'Applicable Scene', 'Shopping', 'Thickness', 'Thick', 'Material', 'POLYESTER', 'Style', 'Casual', 'Gender', 'Men', 'Origin', 'Mainland China', 'CN', 'Fujian']",https://www.aliexpress.us/item/3256810135344212.html?algo_pvid=4d8bc1cb-2cda-4a1e-b9a6-48353316ea07&algo_exp_id=4d8bc1cb-2cda-4a1e-b9a6-48353316ea07-35&pdp_ext_f=%7B%22order%22%3A%2268%22%2C%22eval%22%3A%221%22%2C%22fromPage%22%3A%22search%22%7D&pdp_npi=6%40dis%21USD%2168.03%2123.83%21%21%21465.97%21163.26%21%402101246417754837255367279e7be2%2112000051948882354%21sea%21US%210%21ABX%211%210%21n_tag%3A-29910%3Bd%3A913ad4af%3Bm03_new_user%3A-29895%3BpisId%3A5000000197847434&curPageLogUid=ei26PWRrASuK&utparam-url=scene%3Asearch%7Cquery_from%3A%7Cx_object_id%3A1005010321658964%7C_p_origin_prod%3A
New Autumn Men's Polo Collar Shirts Fashion Knitting Pullovers Striped Thick Polo Shirts Slim Fit Korean Mens Top Clothes,$3.42,"https://ae-pic-a1.aliexpress-media.com/kf/S7676acd71e564783a179bfbb45399388A.jpg_220x220q75.jpg_.avif,https://ae-pic-a1.aliexpress-media.com/kf/Sc451bfaf871a42d0a9cc5ff0044f392cK.jpg_220x220q75.jpg_.avif,https://ae-pic-a1.aliexpress-media.com/kf/Sd0b32f787a5c4fe8b010228e1ba93b9f4.jpg_220x220q75.jpg_.avif,https://ae-pic-a1.aliexpress-media.com/kf/S33f86d82ec8d4628a8c7132ae57484b9e.jpg_220x220q75.jpg_.avif,https://ae-pic-a1.aliexpress-media.com/kf/S2d20553f251747f99438b8821d8d7252R.jpg_220x220q75.jpg_.avif","['High-concerned chemical', 'None', 'Applicable Season', 'Spring And Autumn', 'Applicable Scene', 'Daily', 'Model Number', 'Polo Pullovers', 'Place Of Origin', 'China (mainland)', 'Item Type', 'Pullovers', 'Thickness', 'Thick', 'Material', 'POLYESTER', 'Style', 'Casual', 'Gender', 'Men', 'Origin', 'China Mainland', 'CN', 'Jiangsu']",https://www.aliexpress.us/item/3256807308617692.html?algo_pvid=4d8bc1cb-2cda-4a1e-b9a6-48353316ea07&algo_exp_id=4d8bc1cb-2cda-4a1e-b9a6-48353316ea07-37&pdp_ext_f=%7B%22order%22%3A%2267%22%2C%22eval%22%3A%221%22%2C%22fromPage%22%3A%22search%22%7D&pdp_npi=6%40dis%21USD%2122.76%213.42%21%21%21155.90%2123.46%21%402101246417754837255367279e7be2%2112000041018810208%21sea%21US%210%21ABX%211%210%21n_tag%3A-29910%3Bd%3A913ad4af%3Bm03_new_user%3A-29895%3BpisId%3A5000000197847478&curPageLogUid=MZehZKaHyEE8&utparam-url=scene%3Asearch%7Cquery_from%3A%7Cx_object_id%3A1005007494932444%7C_p_origin_prod%3A
New Trendy Autumn and Winter Irregular Jacquard Pattern Pullover Sweater Casual Round Neck Color-Block Knit Men's Pullover,$7.44,"https://ae-pic-a1.aliexpress-media.com/kf/S71b9d9f0567148a4b4b2ab15b5f280a7z.jpg_220x220q75.jpg_.avif,https://ae-pic-a1.aliexpress-media.com/kf/Sdbab2309bde043b696fb8c703b107811E.jpg?has_lang=1&ver=1_220x220q75.jpg_.avif,https://ae-pic-a1.aliexpress-media.com/kf/Sb16553f6831041b683da778562b7ae489.jpg_220x220q75.jpg_.avif,https://ae-pic-a1.aliexpress-media.com/kf/S09fe70ce80e34344ba7d0b283caed7094.jpg_220x220q75.jpg_.avif,https://ae-pic-a1.aliexpress-media.com/kf/S6b0c071bf4274a3cbe5e31ef5a87f7d0M.jpg_220x220q75.jpg_.avif","['whether full opening', 'No', 'High-concerned chemical', 'None', 'Applicable Season', 'Autumn And Winter', 'Craft of Weaving', 'Knit', 'Applicable Scene', 'Daily', 'Hooded', 'No', 'Sleeve Style', 'regular', 'Place Of Origin', 'China (mainland)', 'Item Type', 'Pullovers', 'Sleeve Length(cm)', 'Full', 'Thickness', 'Standard', 'Technics', 'Computer Knitted', 'Material', 'POLYESTER', 'Collar', 'O-Neck', 'Style', 'Casual', 'Gender', 'Men', 'Origin', 'China Mainland', 'CN', 'Fujian', 'Closure Type', 'None']",https://www.aliexpress.us/item/3256810464954203.html?algo_pvid=4d8bc1cb-2cda-4a1e-b9a6-48353316ea07&algo_exp_id=4d8bc1cb-2cda-4a1e-b9a6-48353316ea07-38&pdp_ext_f=%7B%22order%22%3A%2267%22%2C%22spu_best_type%22%3A%22price%22%2C%22eval%22%3A%221%22%2C%22fromPage%22%3A%22search%22%7D&pdp_npi=6%40dis%21USD%2136.05%217.44%21%21%21246.91%2150.98%21%402101246417754837255367279e7be2%2112000053086190485%21sea%21US%210%21ABX%211%210%21n_tag%3A-29910%3Bd%3A913ad4af%3Bm03_new_user%3A-29895%3BpisId%3A5000000197847434&curPageLogUid=nAPdDzQl77Uj&utparam-url=scene%3Asearch%7Cquery_from%3A%7Cx_object_id%3A1005010651268955%7C_p_origin_prod%3A
Autumn Winter New Men's High Neck Sweater Solid Color Pullover Knitted Warm Casual Turtleneck Sweatwears Yellow Navy White,$4.19,"https://ae-pic-a1.aliexpress-media.com/kf/Sc3eebdc248634073b61c5fd9e79a564cI.jpg_220x220q75.jpg_.avif,https://ae-pic-a1.aliexpress-media.com/kf/Sa9d215e54a5e476fb9b2df8499c5f287N.jpg_220x220q75.jpg_.avif,https://ae-pic-a1.aliexpress-media.com/kf/S85de5ab0f2af4a37a93a113916ca8ed5M.jpg_220x220q75.jpg_.avif,https://ae-pic-a1.aliexpress-media.com/kf/Se64cf1caddc942fd8d8e0ba6185e4c88s.jpg_220x220q75.jpg_.avif,https://ae-pic-a1.aliexpress-media.com/kf/S48a6358481e4455bb9c03f9fbdfbc7fbG.jpg_220x220q75.jpg_.avif","['whether full opening', 'No', 'High-concerned chemical', 'None', 'Craft of Weaving', 'Knit', 'Applicable Season', 'Autumn And Winter', 'Applicable Scene', 'CASUAL', 'Hooded', 'No', 'Model Number', 'men sweater', 'Decoration', 'NONE', 'Sleeve Style', 'regular', 'Wool', 'Standard Wool', 'Place Of Origin', 'China (mainland)', 'Pattern Type', 'Solid', 'Item Type', 'Pullovers', 'Sleeve Length(cm)', 'Full', 'Thickness', 'Standard', 'Technics', 'Computer Knitted', 'Material', 'POLYESTER,Viscose,Polyamide', 'Collar', 'Turtleneck', 'Style', 'Casual', 'Gender', 'Men', 'Brand Name', 'Jwoglt', 'Closure Type', 'None', 'Origin', 'China Mainland', 'CN', 'Zhejiang']",https://www.aliexpress.us/item/3256807744908570.html?algo_pvid=4d8bc1cb-2cda-4a1e-b9a6-48353316ea07&algo_exp_id=4d8bc1cb-2cda-4a1e-b9a6-48353316ea07-39&pdp_ext_f=%7B%22order%22%3A%2267%22%2C%22eval%22%3A%221%22%2C%22fromPage%22%3A%22search%22%7D&pdp_npi=6%40dis%21USD%2113.69%214.19%21%21%2113.69%214.19%21%402101246417754837255367279e7be2%2112000042913132590%21sea%21US%210%21ABX%211%210%21n_tag%3A-29910%3Bd%3A913ad4af%3Bm03_new_user%3A-29895%3BpisId%3A5000000197847434&curPageLogUid=JqCHrzX8gCFk&utparam-url=scene%3Asearch%7Cquery_from%3A%7Cx_object_id%3A1005007931223322%7C_p_origin_prod%3A
Fashion Letter Sweater For Mens Pullover O-Neck Slim Fit Jumpers Knitwear Warm Winter Korean Style Casual Mens Clothes,$11.44,"https://ae-pic-a1.aliexpress-media.com/kf/Sebc50785d45e40b0be8d0ad8b91fa57bp.jpg_220x220q75.jpg_.avif,https://ae-pic-a1.aliexpress-media.com/kf/Sc9ed431ef0ad47a29c66cfd4dd1237ac9.jpg_220x220q75.jpg_.avif,https://ae-pic-a1.aliexpress-media.com/kf/S959de542adbb4c5090609aac971b880al.jpg_220x220q75.jpg_.avif,https://ae-pic-a1.aliexpress-media.com/kf/Sbc67d02d2d0c4819b5798e393a32ac98W.jpg_220x220q75.jpg_.avif,https://ae-pic-a1.aliexpress-media.com/kf/Sc5997c187657449fb2ca2c6666baf048f.jpg_220x220q75.jpg_.avif","['whether full opening', 'No', 'High-concerned chemical', 'None', 'Applicable Season', 'Autumn', 'Applicable Scene', 'CASUAL', 'Hooded', 'No', 'Place Of Origin', 'China (mainland)', 'Item Type', 'Sweatercoat', 'Sleeve Length(cm)', 'Full', 'Thickness', 'Standard', 'Technics', 'Flat Knitted', 'Material', 'POLYESTER', 'Collar', 'O-Neck', 'Style', 'Casual', 'Gender', 'Men', 'Origin', 'China Mainland', 'CN', 'Jiangsu', 'Closure Type', 'None']",https://www.aliexpress.us/item/3256805723400742.html?algo_pvid=4d8bc1cb-2cda-4a1e-b9a6-48353316ea07&algo_exp_id=4d8bc1cb-2cda-4a1e-b9a6-48353316ea07-44&pdp_ext_f=%7B%22order%22%3A%2266%22%2C%22spu_best_type%22%3A%22price%22%2C%22eval%22%3A%221%22%2C%22fromPage%22%3A%22search%22%7D&pdp_npi=6%40dis%21USD%2141.23%2111.44%21%21%21282.37%2178.34%21%402101246417754837255367279e7be2%2112000034805445638%21sea%21US%210%21ABX%211%210%21n_tag%3A-29910%3Bd%3A913ad4af%3Bm03_new_user%3A-29895%3BpisId%3A5000000197847450&curPageLogUid=QXmpuD3LtTy5&utparam-url=scene%3Asearch%7Cquery_from%3A%7Cx_object_id%3A1005005909715494%7C_p_origin_prod%3A
Men's Shirt Collar Knit Sweater - Light Blue (6 Colors) Faux Two-Layer Design Business Casual Style Stretch Comfort Fit,$22.11,"https://ae-pic-a1.aliexpress-media.com/kf/S93e8401db2df4e23bee8205ead5591579.jpg_220x220q75.jpg_.avif,https://ae-pic-a1.aliexpress-media.com/kf/Sddfbe2cd8a434deaae217921b94ee80df.jpg_220x220q75.jpg_.avif,https://ae-pic-a1.aliexpress-media.com/kf/S122c8a69a3a14b3aaaa60252a0627304f.jpg_220x220q75.jpg_.avif,https://ae-pic-a1.aliexpress-media.com/kf/Sa925975a7f8e421c8d7829922cfca561f.jpg_220x220q75.jpg_.avif,https://ae-pic-a1.aliexpress-media.com/kf/S814b2a8467394d759854faaa32ee931bS.jpg_220x220q75.jpg_.avif","['whether full opening', 'No', 'High-concerned chemical', 'None', 'Applicable Season', 'Autumn And Winter', 'Craft of Weaving', 'Knit', 'Applicable Scene', 'Daily', 'Hooded', 'No', 'Model Number', '778', 'Sleeve Style', 'regular', 'Wool', 'Standard Wool', 'Place Of Origin', 'China (mainland)', 'Pattern Type', 'Patchwork', 'Item Type', 'Pullovers', 'Sleeve Length(cm)', 'Full', 'Thickness', 'Standard', 'Technics', 'Computer Knitted', 'Material', 'POLYESTER,Viscose,Elastane', 'Collar', 'Turn-Down Collar', 'Style', 'Casual', 'Gender', 'Men', 'Origin', 'China Mainland', 'CN', 'Zhejiang', 'Closure Type', 'None', 'function', 'Skin-friendly, breathable, warm, elastic, anti-pilling, close-fitting', 'Softness', 'Slightly soft', 'Measurement Error', 'Measuerd Lying Flat, There Can Be 1-3cm Differences.']",https://www.aliexpress.us/item/3256809942540657.html?algo_pvid=4d8bc1cb-2cda-4a1e-b9a6-48353316ea07&algo_exp_id=4d8bc1cb-2cda-4a1e-b9a6-48353316ea07-45&pdp_ext_f=%7B%22order%22%3A%2266%22%2C%22spu_best_type%22%3A%22price%22%2C%22eval%22%3A%221%22%2C%22fromPage%22%3A%22search%22%7D&pdp_npi=6%40dis%21USD%2131.61%2122.11%21%21%21216.53%21151.46%21%402101246417754837255367279e7be2%2112000051242157196%21sea%21US%210%21ABX%211%210%21n_tag%3A-29910%3Bd%3A913ad4af%3Bm03_new_user%3A-29895%3BpisId%3A5000000197847434&curPageLogUid=dRABnMxPbgv0&utparam-url=scene%3Asearch%7Cquery_from%3A%7Cx_object_id%3A1005010128855409%7C_p_origin_prod%3A
Autumn and Winter Cute Dog Jacquard Double-Sided Pattern Pullover Sweater Casual Crew Neck Knit Men's Pullover Casual Crew Neck,$12.61,"https://ae-pic-a1.aliexpress-media.com/kf/Sf6698de61cc3454c8b5c39bd4a0bfcbfn.jpg?has_lang=1&ver=1_220x220q75.jpg_.avif,https://ae-pic-a1.aliexpress-media.com/kf/Sc3446fef7c03472b86a409d28abaff47i.jpg?has_lang=1&ver=1_220x220q75.jpg_.avif,https://ae-pic-a1.aliexpress-media.com/kf/Sf699d93b562e4c24872794d6b1e93d16y.jpg_220x220q75.jpg_.avif,https://ae-pic-a1.aliexpress-media.com/kf/S1ca9d31ce9dc45c68b06736ed9dc59a24.jpg_220x220q75.jpg_.avif,https://ae-pic-a1.aliexpress-media.com/kf/S467c8120da5f4041b82c4301e61e4433Q.jpg_220x220q75.jpg_.avif","['whether full opening', 'No', 'High-concerned chemical', 'None', 'Applicable Season', 'Four Seasons', 'Applicable Scene', 'Shopping', 'Hooded', 'No', 'Sleeve Style', 'regular', 'Wool', 'Coarse Wool', 'Pattern Type', 'Animal', 'Sleeve Length(cm)', 'Full', 'Thickness', 'Standard', 'Material', 'POLYESTER', 'Collar', 'O-Neck', 'Style', 'Casual', 'Gender', 'Men', 'Origin', 'China Mainland', 'CN', 'Fujian', 'Closure Type', 'None']",https://www.aliexpress.us/item/3256809936968880.html?algo_pvid=4d8bc1cb-2cda-4a1e-b9a6-48353316ea07&algo_exp_id=4d8bc1cb-2cda-4a1e-b9a6-48353316ea07-48&pdp_ext_f=%7B%22order%22%3A%2265%22%2C%22spu_best_type%22%3A%22price%22%2C%22eval%22%3A%221%22%2C%22fromPage%22%3A%22search%22%7D&pdp_npi=6%40dis%21USD%2147.05%2112.61%21%21%21322.29%2186.41%21%402101246417754837255367279e7be2%2112000051223135709%21sea%21US%210%21ABX%211%210%21n_tag%3A-29910%3Bd%3A913ad4af%3Bm03_new_user%3A-29895%3BpisId%3A5000000197847434&curPageLogUid=B4hqwiEc91q0&utparam-url=scene%3Asearch%7Cquery_from%3A%7Cx_object_id%3A1005010123283632%7C_p_origin_prod%3A
Men's Casual Sweater Thick Fleece Jumpers Knit Top Clothes Crew Neck Knitted Pullovers Fashion Sweatshirts,$7.28,"https://ae-pic-a1.aliexpress-media.com/kf/Sfa0f2fd655534f91acf7ec4a3051c9d52.jpg_220x220q75.jpg_.avif,https://ae-pic-a1.aliexpress-media.com/kf/Sfa0f2fd655534f91acf7ec4a3051c9d52.jpg_220x220q75.jpg_.avif,https://ae-pic-a1.aliexpress-media.com/kf/S58a1bafcd6f3492194b932dbfd93a141D.jpg_220x220q75.jpg_.avif,https://ae-pic-a1.aliexpress-media.com/kf/Sc00c0620a30d4103b18f2a3bd60877209.jpg_220x220q75.jpg_.avif,https://ae-pic-a1.aliexpress-media.com/kf/S5c8671a307ed40aa97052a6425ea48d2C.jpg_220x220q75.jpg_.avif","['whether full opening', 'Yes', 'High-concerned chemical', 'None', 'Applicable Season', 'Autumn And Winter', 'Applicable Scene', 'Daily', 'Sleeve Style', 'regular', 'Wool', 'Standard Wool', 'Place Of Origin', 'China (mainland)', 'Pattern Type', 'Solid', 'Item Type', 'Pullovers', 'Sleeve Length(cm)', 'Full', 'Thickness', 'Fleece', 'Technics', 'Computer Knitted', 'Material', 'POLYESTER', 'Collar', 'O-Neck', 'Style', 'Korean', 'Gender', 'Men', 'Origin', 'China Mainland', 'CN', 'Jiangsu']",https://www.aliexpress.us/item/3256809310425116.html?algo_pvid=4d8bc1cb-2cda-4a1e-b9a6-48353316ea07&algo_exp_id=4d8bc1cb-2cda-4a1e-b9a6-48353316ea07-49&pdp_ext_f=%7B%22order%22%3A%2265%22%2C%22eval%22%3A%221%22%2C%22fromPage%22%3A%22search%22%7D&pdp_npi=6%40dis%21USD%2133.56%217.28%21%21%21229.89%2149.87%21%402101246417754837255367279e7be2%2112000049282770214%21sea%21US%210%21ABX%211%210%21n_tag%3A-29910%3Bd%3A913ad4af%3Bm03_new_user%3A-29895%3BpisId%3A5000000197847434&curPageLogUid=f84AI3UKvLf7&utparam-url=scene%3Asearch%7Cquery_from%3A%7Cx_object_id%3A1005009496739868%7C_p_origin_prod%3A
Male Sweaters Men Pullover Autumn Cotton V-Neck Slim Sweater Jumpers Man Knitwear Boy Clothing Plus Size 4XL Simple Style Jersey,$3.12,"https://ae-pic-a1.aliexpress-media.com/kf/Hdf129d6da7704e04ac4775644bcc1320k.jpg_220x220q75.jpg_.avif,https://ae-pic-a1.aliexpress-media.com/kf/Hdf129d6da7704e04ac4775644bcc1320k.jpg_220x220q75.jpg_.avif,https://ae-pic-a1.aliexpress-media.com/kf/H24cd2374076b478eb406901668b89a69n.jpg_220x220q75.jpg_.avif,https://ae-pic-a1.aliexpress-media.com/kf/H7672ae092a094e0f9e78d3d20fba798b8.jpg_220x220q75.jpg_.avif,https://ae-pic-a1.aliexpress-media.com/kf/H9e0be82328fa4ab7ac687c5c595d881af.jpg_220x220q75.jpg_.avif","['Applicable Season', 'Autumn And Winter', 'Craft of Weaving', 'Knit', 'Applicable Scene', 'CASUAL', 'Hooded', 'No', 'Model Number', 'MS889-2021', 'Decoration', 'NONE', 'Sleeve Style', 'regular', 'Wool', 'Standard Wool', 'Place Of Origin', 'China (mainland)', 'Pattern Type', 'Solid', 'Item Type', 'Pullovers', 'Sleeve Length(cm)', 'Full', 'Thickness', 'Standard', 'Technics', 'Computer Knitted', 'Material', 'COTTON', 'Collar', 'V-Neck', 'Style', 'Casual', 'Gender', 'Men', 'Brand Name', 'MuLS', 'Origin', 'China Mainland', 'CN', 'Fujian', 'Closure Type', 'None', 'mens pullover sweaters', 'mens pullover sweaters', 'Pullver men', 'Pullver men', 'M L XL XXL 3XL 4XL Sweater Men', 'M L XL XXL 3XL 4XL Sweater Men', 'Gender', 'Sweater men', 'sweater jumpers', 'sweater jumpers', 'season', 'spring summer autumn winter', 'Simple Type', 'Simple Type']",https://www.aliexpress.us/item/3256803445498053.html?algo_pvid=4d8bc1cb-2cda-4a1e-b9a6-48353316ea07&algo_exp_id=4d8bc1cb-2cda-4a1e-b9a6-48353316ea07-50&pdp_ext_f=%7B%22order%22%3A%2265%22%2C%22spu_best_type%22%3A%22price%22%2C%22eval%22%3A%221%22%2C%22fromPage%22%3A%22search%22%7D&pdp_npi=6%40dis%21USD%2112.62%213.12%21%21%2112.62%213.12%21%402101246417754837255367279e7be2%2112000026577593847%21sea%21US%210%21ABX%211%210%21n_tag%3A-29910%3Bd%3A913ad4af%3Bm03_new_user%3A-29895%3BpisId%3A5000000197847434&curPageLogUid=pBhBLOq78rLC&utparam-url=scene%3Asearch%7Cquery_from%3A%7Cx_object_id%3A1005003631812805%7C_p_origin_prod%3A
CHCH Men's lapel Short Sleeved Sweater T-shirt New Knitted Casual Business Men's Pullover Sweater T-shirt,$27.94,"https://ae-pic-a1.aliexpress-media.com/kf/Sa0b991e5f0ac459ba82f132075633f596.jpg_220x220q75.jpg_.avif,https://ae-pic-a1.aliexpress-media.com/kf/S7241d34dff0845a5925991f4ce80a156g.jpg_220x220q75.jpg_.avif,https://ae-pic-a1.aliexpress-media.com/kf/Sae247937535b4bbc83f8d55750b16755j.jpg_220x220q75.jpg_.avif,https://ae-pic-a1.aliexpress-media.com/kf/Sa1ea74bd09fb4c3fbdfe7d41bd33722bU.jpg_220x220q75.jpg_.avif,https://ae-pic-a1.aliexpress-media.com/kf/S3724f72a89f747f38f6c590b5c60a5469.jpg_220x220q75.jpg_.avif","['whether full opening', 'No', 'High-concerned chemical', 'None', 'Applicable Season', 'Spring And Summer', 'Craft of Weaving', 'Knit', 'Applicable Scene', 'Daily', 'Decoration', 'Embroidery', 'Place Of Origin', 'China (mainland)', 'Item Type', 'Polo sweaters', 'Thickness', 'Thin', 'Material', 'POLYESTER,COTTON', 'Collar', 'Turn-Down Collar', 'Style', 'Casual', 'Gender', 'Men', 'Brand Name', 'CHCH', 'Origin', 'China Mainland', 'CN', 'Guangdong']",https://www.aliexpress.us/item/3256809732201179.html?algo_pvid=4d8bc1cb-2cda-4a1e-b9a6-48353316ea07&algo_exp_id=4d8bc1cb-2cda-4a1e-b9a6-48353316ea07-52&pdp_ext_f=%7B%22order%22%3A%2264%22%2C%22spu_best_type%22%3A%22price%22%2C%22eval%22%3A%221%22%2C%22fromPage%22%3A%22search%22%7D&pdp_npi=6%40dis%21USD%2176.40%2127.94%21%21%21523.28%21191.34%21%402101246417754837255367279e7be2%2112000050574929182%21sea%21US%210%21ABX%211%210%21n_tag%3A-29910%3Bd%3A913ad4af%3Bm03_new_user%3A-29895%3BpisId%3A5000000197847434&curPageLogUid=SaSHFdlRuHrD&utparam-url=scene%3Asearch%7Cquery_from%3A%7Cx_object_id%3A1005009918515931%7C_p_origin_prod%3A
New Men's Ribbed Turtleneck Sweaters Slim Fit Pullover Casual Long Sleeves Basic Top Solid Color Stripes Streetwear Casual Coats,$1.99,"https://ae-pic-a1.aliexpress-media.com/kf/Sf31afcf807774db7baa693f3e20ab5d3q.jpg_220x220q75.jpg_.avif,https://ae-pic-a1.aliexpress-media.com/kf/Sa2dd0eef1cb948deb65da545ac39f484A.jpg_220x220q75.jpg_.avif,https://ae-pic-a1.aliexpress-media.com/kf/Sf926974f70164897b691280b1cff0968S.jpg_220x220q75.jpg_.avif,https://ae-pic-a1.aliexpress-media.com/kf/S48ba41abf5a7491a87351d68ef8d7a11a.jpg_220x220q75.jpg_.avif,https://ae-pic-a1.aliexpress-media.com/kf/Sd87cf594d0824d699029fff938a9b57fH.jpg_220x220q75.jpg_.avif","['whether full opening', 'No', 'High-concerned chemical', 'None', 'Applicable Season', 'Autumn And Winter', 'Applicable Scene', 'Daily', 'Hooded', 'No', 'Sleeve Style', 'regular', 'Pattern Type', 'Striped', 'Item Type', 'Pullovers', 'Sleeve Length(cm)', 'Full', 'Thickness', 'Standard', 'Material', 'POLYESTER,Nylon,Rayon', 'Collar', 'Turtleneck', 'Style', 'Casual', 'Brand Name', 'ANIMAL GAME', 'Origin', 'China Mainland', 'CN', 'Zhejiang', 'Support', 'Drop Shipping']",https://www.aliexpress.us/item/3256809464017957.html?algo_pvid=4d8bc1cb-2cda-4a1e-b9a6-48353316ea07&algo_exp_id=4d8bc1cb-2cda-4a1e-b9a6-48353316ea07-53&pdp_ext_f=%7B%22order%22%3A%2264%22%2C%22spu_best_type%22%3A%22price%22%2C%22eval%22%3A%221%22%2C%22fromPage%22%3A%22search%22%7D&pdp_npi=6%40dis%21USD%2123.94%211.99%21%21%21163.96%2113.63%21%402101246417754837255367279e7be2%2112000049769005493%21sea%21US%210%21ABX%211%210%21n_tag%3A-29910%3Bd%3A913ad4af%3Bm03_new_user%3A-29895%3BpisId%3A5000000197847434&curPageLogUid=RCpEhLkDMVhB&utparam-url=scene%3Asearch%7Cquery_from%3A%7Cx_object_id%3A1005009650332709%7C_p_origin_prod%3A
LHZSYY Men's Cashmere Sweater Autumn Winter New Semi-High Neck Pullover Warm Color Matching Knit Base Shirt Loose Thicken Jumper,$48.35,"https://ae-pic-a1.aliexpress-media.com/kf/Sc8d47b2a53be49508526e60027ba0817Q.jpg?has_lang=1&ver=1_220x220q75.jpg_.avif,https://ae-pic-a1.aliexpress-media.com/kf/S10bc5581eb054851a3206d2da033c481n.jpg?has_lang=1&ver=1_220x220q75.jpg_.avif,https://ae-pic-a1.aliexpress-media.com/kf/S1cc59972af3b4dd6a4ec773be55d04a1Z.jpg?has_lang=1&ver=1_220x220q75.jpg_.avif,https://ae-pic-a1.aliexpress-media.com/kf/Sfa1d3bea145b4657a60b41a72cbc0d3fk.jpg?has_lang=1&ver=1_220x220q75.jpg_.avif,https://ae-pic-a1.aliexpress-media.com/kf/S92fd901f90374d4a99b2c442e682c9ae6.jpg?has_lang=1&ver=1_220x220q75.jpg_.avif","['whether full opening', 'No', 'High-concerned chemical', 'None', 'Applicable Season', 'Autumn And Winter', 'Craft of Weaving', 'Knit', 'Applicable Scene', 'CASUAL', 'Hooded', 'No', 'Model Number', 'YJ-1811', 'Decoration', 'Spliced', 'Sleeve Style', 'regular', 'Wool', 'Standard Wool', 'Place Of Origin', 'China (mainland)', 'Pattern Type', 'Letter', 'Item Type', 'Pullovers', 'Sleeve Length(cm)', 'Full', 'Thickness', 'Standard', 'Technics', 'Computer Knitted', 'Material', 'CASHMERE,Wool', 'Collar', 'Mock Neck', 'Style', 'High Street', 'Gender', 'Men', 'Brand Name', 'LHZSYY', 'Origin', 'China Mainland', 'CN', 'Hebei', 'Closure Type', 'None']",https://www.aliexpress.us/item/3256805735099021.html?algo_pvid=4d8bc1cb-2cda-4a1e-b9a6-48353316ea07&algo_exp_id=4d8bc1cb-2cda-4a1e-b9a6-48353316ea07-54&pdp_ext_f=%7B%22order%22%3A%2264%22%2C%22eval%22%3A%221%22%2C%22fromPage%22%3A%22search%22%7D&pdp_npi=6%40dis%21USD%21115.13%2148.35%21%21%21115.13%2148.35%21%402101246417754837255367279e7be2%2112000034860653789%21sea%21US%210%21ABX%211%210%21n_tag%3A-29910%3Bd%3A913ad4af%3Bm03_new_user%3A-29895&curPageLogUid=sTMP6NIOdWeZ&utparam-url=scene%3Asearch%7Cquery_from%3A%7Cx_object_id%3A1005005921413773%7C_p_origin_prod%3A
Men's Fleece Thicker Sweater Turtleneck Warm Pullover High Quality Male Slim Knitted Wool Sweaters For Winter Plus Size 4XL,$4.18,"https://ae-pic-a1.aliexpress-media.com/kf/Sa45871cfb92740d0b2ca7183a55eefeb7.jpg?has_lang=1&ver=2_220x220q75.jpg_.avif,https://ae-pic-a1.aliexpress-media.com/kf/S41b05a1353d84dc49acc1e452a6f7dd22.jpg_220x220q75.jpg_.avif,https://ae-pic-a1.aliexpress-media.com/kf/Sdac1b285150c48168e5cf482a3ddc218j.jpg_220x220q75.jpg_.avif,https://ae-pic-a1.aliexpress-media.com/kf/S1738ff58209b4121b0b71329dbff5a03r.jpg_220x220q75.jpg_.avif,https://ae-pic-a1.aliexpress-media.com/kf/S33efb75c42ba49f68eb5b7e55f98f9c58.jpg_220x220q75.jpg_.avif","['whether full opening', 'No', 'High-concerned chemical', 'None', 'Applicable Season', 'Autumn And Winter', 'Craft of Weaving', 'Tatting', 'Applicable Scene', 'CASUAL', 'Hooded', 'No', 'Decoration', 'NONE', 'Sleeve Style', 'regular', 'Wool', 'Standard Wool', 'Place Of Origin', 'China (mainland)', 'Pattern Type', 'Solid', 'Item Type', 'Pullovers', 'Sleeve Length(cm)', 'Full', 'Thickness', 'Thick', 'Technics', 'Flat Knitted', 'Material', 'POLYESTER', 'Collar', 'Turtleneck', 'Style', 'Casual', 'Gender', 'Men', 'Brand Name', 'NoEnName_Null', 'Origin', 'China Mainland', 'CN', 'Jiangsu', 'Closure Type', 'None']",https://www.aliexpress.us/item/3256807426604925.html?algo_pvid=4d8bc1cb-2cda-4a1e-b9a6-48353316ea07&algo_exp_id=4d8bc1cb-2cda-4a1e-b9a6-48353316ea07-1&pdp_ext_f=%7B%22order%22%3A%22126%22%2C%22eval%22%3A%221%22%2C%22fromPage%22%3A%22search%22%7D&pdp_npi=6%40dis%21USD%2128.50%214.18%21%21%21195.22%2128.64%21%402101246417754837255367279e7be2%2112000041558841415%21sea%21US%210%21ABX%211%210%21n_tag%3A-29910%3Bd%3A913ad4af%3Bm03_new_user%3A-29895%3BpisId%3A5000000197847434&curPageLogUid=oGl1qGjsHbE9&utparam-url=scene%3Asearch%7Cquery_from%3A%7Cx_object_id%3A1005007612919677%7C_p_origin_prod%3A
Y2k Men Knitted Sweater Solid Color Hip Hop Graphic American Retro Sweater Streetwear Punk Pullover Grunge High Street Casual,$14.68,"https://ae-pic-a1.aliexpress-media.com/kf/Se70a948c7ae44ffb84f393b639681ea7K.jpg_220x220q75.jpg_.avif,https://ae-pic-a1.aliexpress-media.com/kf/S3db2cc8e729d4faeab7b3a0c6ed15c66G.jpg?has_lang=1&ver=1_220x220q75.jpg_.avif,https://ae-pic-a1.aliexpress-media.com/kf/S453d2e25f88b4010a7a09464d8b99a66e.jpg?has_lang=1&ver=1_220x220q75.jpg_.avif,https://ae-pic-a1.aliexpress-media.com/kf/S4718bf25b29645509a61b4e8fc0401fdN.jpg_220x220q75.jpg_.avif,https://ae-pic-a1.aliexpress-media.com/kf/S649c3a3393954c0db4d50fc70a0d4a5fj.jpg?has_lang=1&ver=2_220x220q75.jpg_.avif","['whether full opening', 'No', 'High-concerned chemical', 'None', 'Applicable Season', 'Autumn And Winter', 'Craft of Weaving', 'Tatting', 'Applicable Scene', 'CASUAL', 'Hooded', 'No', 'Model Number', 'Y2k Sweater', 'Decoration', 'NONE', 'Sleeve Style', 'regular', 'Wool', 'Standard Wool', 'Place Of Origin', 'China (mainland)', 'Pattern Type', 'Solid', 'Item Type', 'Pullovers', 'Sleeve Length(cm)', 'Full', 'Thickness', 'Standard', 'Technics', 'Computer Knitted', 'Material', 'Acrylic', 'Collar', 'O-Neck', 'Style', 'gothic', 'Gender', 'Men', 'Brand Name', 'FZZSHPWL', 'Origin', 'China Mainland', 'CN', 'Guangdong', 'Closure Type', 'None']",https://www.aliexpress.us/item/3256807630411854.html?algo_pvid=4d8bc1cb-2cda-4a1e-b9a6-48353316ea07&algo_exp_id=4d8bc1cb-2cda-4a1e-b9a6-48353316ea07-2&pdp_ext_f=%7B%22order%22%3A%22125%22%2C%22eval%22%3A%221%22%2C%22fromPage%22%3A%22search%22%7D&pdp_npi=6%40dis%21USD%2137.64%2114.68%21%21%21257.82%21100.55%21%402101246417754837255367279e7be2%2112000042311041773%21sea%21US%210%21ABX%211%210%21n_tag%3A-29910%3Bd%3A913ad4af%3Bm03_new_user%3A-29895&curPageLogUid=U1CuZpgJkmca&utparam-url=scene%3Asearch%7Cquery_from%3A%7Cx_object_id%3A1005007816726606%7C_p_origin_prod%3A
Super Cashmere Sweater Men Thick Pullover Autumn Winter Warm Classic V-neck Clothes Male Jumper Jersey Hombre Pull Homme 4XL,$16.63,"https://ae-pic-a1.aliexpress-media.com/kf/Sa1657d171fc14890b9f36ce54dae063fa.jpg_220x220q75.jpg_.avif,https://ae-pic-a1.aliexpress-media.com/kf/S6782104a0f2d4fb3bd5cc6501f39d11b5.jpg_220x220q75.jpg_.avif,https://ae-pic-a1.aliexpress-media.com/kf/S3148b0d3367b4d57bd5b73fcf802a06bi.jpg?has_lang=1&ver=1_220x220q75.jpg_.avif,https://ae-pic-a1.aliexpress-media.com/kf/S8f1a969459a24b04b872297669aae0bbS.jpg_220x220q75.jpg_.avif,https://ae-pic-a1.aliexpress-media.com/kf/S4cfccb64d77d4f1a82ed74d5eaaefcfap.jpg_220x220q75.jpg_.avif","['whether full opening', 'No', 'High-concerned chemical', 'None', 'Applicable Season', 'Autumn And Winter', 'Applicable Scene', 'CASUAL', 'Hooded', 'No', 'Model Number', 'LO-Veck', 'Decoration', 'NONE', 'Sleeve Style', 'regular', 'Wool', 'Standard Wool', 'Place Of Origin', 'China (mainland)', 'Pattern Type', 'Solid', 'Item Type', 'Pullovers', 'Sleeve Length(cm)', 'Full', 'Thickness', 'Standard', 'Technics', 'Computer Knitted', 'Material', 'Microfiber,CASHMERE', 'Collar', 'V-Neck', 'Style', 'Casual', 'Gender', 'Men', 'Brand Name', 'Namou Drane', 'Origin', 'China Mainland', 'CN', 'Guangdong', 'Closure Type', 'None', 'CN', 'Guangdong']",https://www.aliexpress.us/item/3256810046862071.html?algo_pvid=4d8bc1cb-2cda-4a1e-b9a6-48353316ea07&algo_exp_id=4d8bc1cb-2cda-4a1e-b9a6-48353316ea07-4&pdp_ext_f=%7B%22order%22%3A%22122%22%2C%22eval%22%3A%221%22%2C%22fromPage%22%3A%22search%22%7D&pdp_npi=6%40dis%21USD%2133.26%2116.63%21%21%2133.26%2116.63%21%402101246417754837255367279e7be2%2112000051623585506%21sea%21US%210%21ABX%211%210%21n_tag%3A-29910%3Bd%3A913ad4af%3Bm03_new_user%3A-29895&curPageLogUid=f6c2ukeGH4di&utparam-url=scene%3Asearch%7Cquery_from%3A%7Cx_object_id%3A1005010233176823%7C_p_origin_prod%3A
Sweaters men 2025 Winter Letter pattern thick sweater men Student youth sweaters autumn Men's wool pullovers full size S-3XL,$30.61,"https://ae-pic-a1.aliexpress-media.com/kf/Sbb50e1a364444a68b0fc2c1524766a32y.jpg_220x220q75.jpg_.avif,https://ae-pic-a1.aliexpress-media.com/kf/S131f1edda47047a3ab6f55db5b36ab09q.jpg_220x220q75.jpg_.avif,https://ae-pic-a1.aliexpress-media.com/kf/S607bd6265b6a494da2873831aa5ea9a2X.jpg_220x220q75.jpg_.avif,https://ae-pic-a1.aliexpress-media.com/kf/S618dc9478ced43548e38f0a23dfc5341L.jpg_220x220q75.jpg_.avif,https://ae-pic-a1.aliexpress-media.com/kf/S5ce3e0ea356444ce98826df60ac3f158y.png_220x220.png_.avif","['whether full opening', 'No', 'High-concerned chemical', 'None', 'Applicable Season', 'Autumn And Winter', 'Applicable Scene', 'CASUAL', 'Hooded', 'No', 'Decoration', 'Flowers', 'Sleeve Style', 'regular', 'Wool', 'Standard Wool', 'Place Of Origin', 'China (mainland)', 'Pattern Type', 'Patchwork', 'Item Type', 'Pullovers', 'Sleeve Length(cm)', 'Full', 'Thickness', 'Thick', 'Technics', 'Computer Knitted', 'Material', 'POLYESTER,Wool', 'Collar', 'O-Neck', 'Style', 'Casual', 'Gender', 'Men', 'Brand Name', 'KOLMAKOV', 'Origin', 'China Mainland', 'CN', 'Hubei', 'Closure Type', 'None']",https://www.aliexpress.us/item/3256805680381392.html?algo_pvid=4d8bc1cb-2cda-4a1e-b9a6-48353316ea07&algo_exp_id=4d8bc1cb-2cda-4a1e-b9a6-48353316ea07-7&pdp_ext_f=%7B%22order%22%3A%22120%22%2C%22eval%22%3A%221%22%2C%22fromPage%22%3A%22search%22%7D&pdp_npi=6%40dis%21USD%2143.73%2130.61%21%21%21299.50%21209.65%21%402101246417754837255367279e7be2%2112000034630472030%21sea%21US%210%21ABX%211%210%21n_tag%3A-29910%3Bd%3A913ad4af%3Bm03_new_user%3A-29895&curPageLogUid=0VaXd2el0v59&utparam-url=scene%3Asearch%7Cquery_from%3A%7Cx_object_id%3A1005005866696144%7C_p_origin_prod%3A
Autumn New Men's Round Neck Pullover Long Sleeved Knitted Sweater Retro Lightweight Sports Shirt Soild Color Casual Jacket,$2.72,"https://ae-pic-a1.aliexpress-media.com/kf/Sfba90f81aaf2492c90c6582622b7d20eI.jpg_220x220q75.jpg_.avif,https://ae-pic-a1.aliexpress-media.com/kf/Sbc99028115024dbea3cf44f1f54ed1d2O.jpg_220x220q75.jpg_.avif,https://ae-pic-a1.aliexpress-media.com/kf/Sd6a76f4d441b4269a0ee5089f4a9d120p.jpg_220x220q75.jpg_.avif,https://ae-pic-a1.aliexpress-media.com/kf/S88ba448af27e45c8af9105c1215ad446o.jpg_220x220q75.jpg_.avif,https://ae-pic-a1.aliexpress-media.com/kf/Sd4ba3c1c3c86432abca15364080c1366f.jpg_220x220q75.jpg_.avif","['whether full opening', 'No', 'High-concerned chemical', 'None', 'Applicable Season', 'Autumn And Winter', 'Applicable Scene', 'Daily', 'Sleeve Style', 'regular', 'Item Type', 'Pullovers', 'Thickness', 'Standard', 'Material', 'POLYESTER', 'Collar', 'Mock Neck', 'Style', 'Korean', 'Gender', 'Men', 'Origin', 'China Mainland', 'CN', 'Zhejiang', 'Support', 'Drop Shipping']",https://www.aliexpress.us/item/3256807457072492.html?algo_pvid=4d8bc1cb-2cda-4a1e-b9a6-48353316ea07&algo_exp_id=4d8bc1cb-2cda-4a1e-b9a6-48353316ea07-8&pdp_ext_f=%7B%22order%22%3A%22120%22%2C%22eval%22%3A%221%22%2C%22fromPage%22%3A%22search%22%7D&pdp_npi=6%40dis%21USD%2125.46%212.72%21%21%21174.41%2118.65%21%402101246417754837255367279e7be2%2112000041625959497%21sea%21US%210%21ABX%211%210%21n_tag%3A-29910%3Bd%3A913ad4af%3Bm03_new_user%3A-29895%3BpisId%3A5000000197847434&curPageLogUid=F0PQ1vkRtw3u&utparam-url=scene%3Asearch%7Cquery_from%3A%7Cx_object_id%3A1005007643387244%7C_p_origin_prod%3A
Y2K New Trendy Versatile Long Sleeves Season Print Flower Leaf Pullover Retro Harajuku Hip Hop Streetwear Unisex Loose Clothing,$13.91,"https://ae-pic-a1.aliexpress-media.com/kf/S32f8b94570fd408995cb4b79500a877bd.jpg_220x220q75.jpg_.avif,https://ae-pic-a1.aliexpress-media.com/kf/Sf2f6160cf43f4366bbf0afd38e45ccddv.jpg_220x220q75.jpg_.avif,https://ae-pic-a1.aliexpress-media.com/kf/Sc7ab68fd62a84fdba36ec17f0226c4f1r.jpg_220x220q75.jpg_.avif,https://ae-pic-a1.aliexpress-media.com/kf/S8aadf4d83cbb4b4fb98da38defdee663R.jpg_220x220q75.jpg_.avif,https://ae-pic-a1.aliexpress-media.com/kf/S71677d2cc1ea450b98c42c6061010e33L.jpg_220x220q75.jpg_.avif","['whether full opening', 'No', 'High-concerned chemical', 'None', 'Applicable Season', 'Four Seasons', 'Applicable Scene', 'Traveling', 'Thickness', 'Standard', 'Material', 'COTTON', 'Collar', 'O-Neck', 'Style', 'Vintage', 'Gender', 'Men', 'Brand Name', 'BiggOrange', 'Origin', 'China Mainland', 'CN', 'Guangdong', 'Closure Type', 'None']",https://www.aliexpress.us/item/3256809472840114.html?algo_pvid=4d8bc1cb-2cda-4a1e-b9a6-48353316ea07&algo_exp_id=4d8bc1cb-2cda-4a1e-b9a6-48353316ea07-10&pdp_ext_f=%7B%22order%22%3A%22120%22%2C%22eval%22%3A%221%22%2C%22fromPage%22%3A%22search%22%7D&pdp_npi=6%40dis%21USD%2145.02%2113.91%21%21%21308.37%2195.28%21%402101246417754837255367279e7be2%2112000049792391522%21sea%21US%210%21ABX%211%210%21n_tag%3A-29910%3Bd%3A913ad4af%3Bm03_new_user%3A-29895%3BpisId%3A5000000197847458&curPageLogUid=0j1KNk8tstrt&utparam-url=scene%3Asearch%7Cquery_from%3A%7Cx_object_id%3A1005009659154866%7C_p_origin_prod%3A
Winter Fashion Sweater Men Patchwork Casual Knit Pullovers Mens Thick Warm Harajuku Loose Knitted Sweaters O-Neck Streetwear Man,$10.61,"https://ae-pic-a1.aliexpress-media.com/kf/S14795dea64ad44e28cfbf6a3e1bc02c2A.jpg_220x220q75.jpg_.avif,https://ae-pic-a1.aliexpress-media.com/kf/Sf8fdcab6f4bc4f07a23dc5cde9661416y.jpg_220x220q75.jpg_.avif,https://ae-pic-a1.aliexpress-media.com/kf/Sacabbc43938943d99862c4625acf5edcD.jpg_220x220q75.jpg_.avif,https://ae-pic-a1.aliexpress-media.com/kf/S5ceb892c8de24b84a466b33997566d98d.jpg_220x220q75.jpg_.avif,https://ae-pic-a1.aliexpress-media.com/kf/Sdb5a36a9378349f8a0ef9411a60c5bb58.jpg_220x220q75.jpg_.avif","['whether full opening', 'No', 'High-concerned chemical', 'None', 'Applicable Season', 'Autumn And Winter', 'Craft of Weaving', 'Knit', 'Applicable Scene', 'Daily', 'Hooded', 'No', 'Model Number', '844918841635', 'Decoration', 'NONE', 'Sleeve Style', 'regular', 'Wool', 'Standard Wool', 'Pattern Type', 'Patchwork', 'Item Type', 'Pullovers', 'Sleeve Length(cm)', 'Full', 'Thickness', 'Standard', 'Technics', 'Computer Knitted', 'Material', 'Other,Acrylic', 'Collar', 'O-Neck', 'Style', 'Casual', 'Gender', 'Men', 'Origin', 'China Mainland', 'CN', 'Zhejiang', 'Closure Type', 'None', 'Hign-concerned Chemical', 'None', 'Applicable Season', 'Autumn And Winter', 'Craft of Weaving', 'Knit', 'Applicable Scene', 'Daily', 'Hooded', 'No', 'Decoration', 'none', 'Sleeve Style', 'regular', 'Wool', 'Standard Wool', 'Pattern Type', 'Patchwork', 'Item Type', 'Pullovers']",https://www.aliexpress.us/item/3256808177648003.html?algo_pvid=4d8bc1cb-2cda-4a1e-b9a6-48353316ea07&algo_exp_id=4d8bc1cb-2cda-4a1e-b9a6-48353316ea07-11&pdp_ext_f=%7B%22order%22%3A%22120%22%2C%22eval%22%3A%221%22%2C%22fromPage%22%3A%22search%22%7D&pdp_npi=6%40dis%21USD%2117.69%2110.61%21%21%2117.69%2110.61%21%402101246417754837255367279e7be2%2112000044726859981%21sea%21US%210%21ABX%211%210%21n_tag%3A-29910%3Bd%3A913ad4af%3Bm03_new_user%3A-29895&curPageLogUid=EW4rCmy9iH8Z&utparam-url=scene%3Asearch%7Cquery_from%3A%7Cx_object_id%3A1005008363962755%7C_p_origin_prod%3A
Men's Cashmere Warm Pullovers Sweater V Neck Knit Autumn Winter Fit Tops Male Wool Knitwear Jumpers Bottoming shirt Plus Size,$18.78,"https://ae-pic-a1.aliexpress-media.com/kf/Sb850abfe6b0f40f0be892629a8305780n.jpg_220x220q75.jpg_.avif,https://ae-pic-a1.aliexpress-media.com/kf/Sf520fe95422e4045b1a680c0f08c70156.jpg_220x220q75.jpg_.avif,https://ae-pic-a1.aliexpress-media.com/kf/S4503acfd94b746ce96fb5590ad7c3b20e.jpg_220x220q75.jpg_.avif,https://ae-pic-a1.aliexpress-media.com/kf/S37cd0f3179a94e9897b5b6c359e11370c.jpg_220x220q75.jpg_.avif,https://ae-pic-a1.aliexpress-media.com/kf/S4372de31242f49d8856d702cb43494ddf.jpg_220x220q75.jpg_.avif","['whether full opening', 'No', 'High-concerned chemical', 'None', 'Applicable Season', 'Autumn And Winter', 'Craft of Weaving', 'Knit', 'Applicable Scene', 'CASUAL', 'Hooded', 'No', 'Decoration', 'Embroidery', 'Sleeve Style', 'regular', 'Wool', 'Standard Wool', 'Place Of Origin', 'China (mainland)', 'Pattern Type', 'Solid', 'Item Type', 'Pullovers', 'Sleeve Length(cm)', 'Full', 'Thickness', 'Standard', 'Technics', 'Computer Knitted', 'Material', 'Elastane,Wool', 'Collar', 'V-Neck', 'Style', 'Casual', 'Gender', 'Men', 'Brand Name', 'Namou Drane', 'Origin', 'China Mainland', 'CN', 'Guangdong', 'Closure Type', 'None', 'CN', 'Guangdong']",https://www.aliexpress.us/item/3256805965443864.html?algo_pvid=4d8bc1cb-2cda-4a1e-b9a6-48353316ea07&algo_exp_id=4d8bc1cb-2cda-4a1e-b9a6-48353316ea07-13&pdp_ext_f=%7B%22order%22%3A%22117%22%2C%22eval%22%3A%221%22%2C%22fromPage%22%3A%22search%22%7D&pdp_npi=6%40dis%21USD%2134.15%2118.78%21%21%21233.89%21128.64%21%402101246417754837255367279e7be2%2112000035998180150%21sea%21US%210%21ABX%211%210%21n_tag%3A-29910%3Bd%3A913ad4af%3Bm03_new_user%3A-29895&curPageLogUid=HrupXv36y9hm&utparam-url=scene%3Asearch%7Cquery_from%3A%7Cx_object_id%3A1005006151758616%7C_p_origin_prod%3A
TFETTERS Brand Japan O Neck Pullovers for Men Knitwear 2025 Autumn Winter Solid Color Comfortable Sweaters Man Clothes Teenagers,$26.55,"https://ae-pic-a1.aliexpress-media.com/kf/S2028cbaf15dd42d890b52d44d3f3b101S.jpg_220x220q75.jpg_.avif,https://ae-pic-a1.aliexpress-media.com/kf/S4d1e608dae454adbb4781b8f0f19a676g.jpg_220x220q75.jpg_.avif,https://ae-pic-a1.aliexpress-media.com/kf/Sed83a694321647658a81e87fdf30824cd.jpg_220x220q75.jpg_.avif,https://ae-pic-a1.aliexpress-media.com/kf/Sbe329a5aa4be44e9a6fb96c1e3194fa5V.jpg?has_lang=1&ver=2_220x220q75.jpg_.avif,https://ae-pic-a1.aliexpress-media.com/kf/S46aadb5bb8324605afb281d8c8fbd8efw.jpg?has_lang=1&ver=2_220x220q75.jpg_.avif","['whether full opening', 'Yes', 'High-concerned chemical', 'None', 'Applicable Season', 'Autumn', 'Craft of Weaving', 'Knit', 'Applicable Scene', 'Daily', 'Hooded', 'No', 'Model Number', 'Japan O Neck Pullovers for Men', 'Decoration', 'NONE', 'Sleeve Style', 'regular', 'Wool', 'Standard Wool', 'Place Of Origin', 'China (mainland)', 'Pattern Type', 'Solid', 'Item Type', 'Pullovers', 'Sleeve Length(cm)', 'Full', 'Thickness', 'Standard', 'Technics', 'Flat Knitted', 'Material', 'POLYESTER', 'Collar', 'O-Neck', 'Style', 'Casual', 'Gender', 'Men', 'Brand Name', 'Tfetters', 'Origin', 'China Mainland', 'CN', 'Guangdong', 'Closure Type', 'None', 'Color', 'White/Black/Green/Apricot/Purple/Khaki/Gray', 'Size', 'S-4XL', 'Material Quality', '100%Polyester']",https://www.aliexpress.us/item/3256807370749045.html?algo_pvid=4d8bc1cb-2cda-4a1e-b9a6-48353316ea07&algo_exp_id=4d8bc1cb-2cda-4a1e-b9a6-48353316ea07-14&pdp_ext_f=%7B%22order%22%3A%22117%22%2C%22spu_best_type%22%3A%22price%22%2C%22eval%22%3A%221%22%2C%22fromPage%22%3A%22search%22%7D&pdp_npi=6%40dis%21USD%2153.10%2126.55%21%21%21363.73%21181.86%21%402101246417754837255367279e7be2%2112000041283264149%21sea%21US%210%21ABX%211%210%21n_tag%3A-29910%3Bd%3A913ad4af%3Bm03_new_user%3A-29895&curPageLogUid=TX5xKRSacxjS&utparam-url=scene%3Asearch%7Cquery_from%3A%7Cx_object_id%3A1005007557063797%7C_p_origin_prod%3A
Flocking Floral Sweaters Men Baggy Spring Autumn Japanese Style Retro High Street Harajuku Knitwear Slouchy Ins,$25.01,"https://ae-pic-a1.aliexpress-media.com/kf/Sd20a74e23cb14795938f273c70b0b552P.jpg_220x220q75.jpg_.avif,https://ae-pic-a1.aliexpress-media.com/kf/Se0bfca3ef49847ed9ef12e97ab2d82eau.jpg_220x220q75.jpg_.avif,https://ae-pic-a1.aliexpress-media.com/kf/Sea663bd5b9ff4ea29154dd2ab0c39fbfi.jpg_220x220q75.jpg_.avif,https://ae-pic-a1.aliexpress-media.com/kf/S99be5880268d40aea76b050d345cc1850.jpg_220x220q75.jpg_.avif,https://ae-pic-a1.aliexpress-media.com/kf/S80f05e665baa4b798342fe5cbe3e6eb0P.jpg_220x220q75.jpg_.avif","['whether full opening', 'No', 'High-concerned chemical', 'None', 'Applicable Season', 'Spring And Autumn', 'Craft of Weaving', 'Knit', 'Applicable Scene', 'Daily', 'Hooded', 'No', 'Model Number', '92stY245', 'Decoration', 'Flocking', 'Sleeve Style', 'regular', 'Wool', 'Standard Wool', 'Place Of Origin', 'China (mainland)', 'Pattern Type', 'Floral', 'Item Type', 'Pullovers', 'Sleeve Length(cm)', 'Full', 'Thickness', 'Standard', 'Technics', 'Flat Knitted', 'Material', 'Acrylic,COTTON', 'Collar', 'O-Neck', 'Style', 'Japan Style', 'Gender', 'Men', 'Origin', 'China Mainland', 'CN', 'Guangdong', 'Closure Type', 'None']",https://www.aliexpress.us/item/3256808142480449.html?algo_pvid=4d8bc1cb-2cda-4a1e-b9a6-48353316ea07&algo_exp_id=4d8bc1cb-2cda-4a1e-b9a6-48353316ea07-16&pdp_ext_f=%7B%22order%22%3A%22116%22%2C%22eval%22%3A%221%22%2C%22fromPage%22%3A%22search%22%7D&pdp_npi=6%40dis%21USD%2145.47%2125.01%21%21%21311.42%21171.28%21%402101246417754837255367279e7be2%2112000044618202774%21sea%21US%210%21ABX%211%210%21n_tag%3A-29910%3Bd%3A913ad4af%3Bm03_new_user%3A-29895&curPageLogUid=1wbrmwTsnb6y&utparam-url=scene%3Asearch%7Cquery_from%3A%7Cx_object_id%3A1005008328795201%7C_p_origin_prod%3A
Luxury High Quality 2024Autumn/Winter Round Neck brand Exquisite Embroidery Men's Sweater fashion Casual Thick Knitted pullover,$28.15,"https://ae-pic-a1.aliexpress-media.com/kf/S906b51fa2dfc4dda9abe38f11254677b0.jpg_220x220q75.jpg_.avif,https://ae-pic-a1.aliexpress-media.com/kf/S441a54a98ce94cb58255e14f20933fbap.jpg_220x220q75.jpg_.avif,https://ae-pic-a1.aliexpress-media.com/kf/Sac064910beaf4f339fcabcdec2325a7aP.jpg_220x220q75.jpg_.avif,https://ae-pic-a1.aliexpress-media.com/kf/S67eafdba22c549448eb81a552c9cf6bat.jpg_220x220q75.jpg_.avif,https://ae-pic-a1.aliexpress-media.com/kf/S0908e05b37804c4299ca19785ac98330s.jpg_220x220q75.jpg_.avif","['whether full opening', 'No', 'High-concerned chemical', 'None', 'Applicable Season', 'Autumn And Winter', 'Craft of Weaving', 'Non-Woven', 'Applicable Scene', 'Daily', 'Hooded', 'No', 'Decoration', 'Embroidery', 'Sleeve Style', 'regular', 'Wool', 'Standard Wool', 'Place Of Origin', 'China (mainland)', 'Pattern Type', 'Solid', 'Item Type', 'Pullovers', 'Sleeve Length(cm)', 'Full', 'Thickness', 'Standard', 'Technics', 'Flat Knitted', 'Material', 'POLYESTER,Elastane', 'Collar', 'O-Neck', 'Style', 'Casual', 'Gender', 'Men', 'Origin', 'China Mainland', 'CN', 'Zhejiang', 'Closure Type', 'None']",https://www.aliexpress.us/item/3256807770360834.html?algo_pvid=4d8bc1cb-2cda-4a1e-b9a6-48353316ea07&algo_exp_id=4d8bc1cb-2cda-4a1e-b9a6-48353316ea07-18&pdp_ext_f=%7B%22order%22%3A%22114%22%2C%22eval%22%3A%221%22%2C%22fromPage%22%3A%22search%22%7D&pdp_npi=6%40dis%21USD%2175.30%2128.15%21%21%21515.77%21192.81%21%402101246417754837255367279e7be2%2112000043392577227%21sea%21US%210%21ABX%211%210%21n_tag%3A-29910%3Bd%3A913ad4af%3Bm03_new_user%3A-29895%3BpisId%3A5000000197847434&curPageLogUid=WnO4Q2bZeCOW&utparam-url=scene%3Asearch%7Cquery_from%3A%7Cx_object_id%3A1005007956675586%7C_p_origin_prod%3A
Men Gray Money Sign Sweater Y2k American Dollar Knit Pullover Vintage Classic Streetwear Warm Winter Crewneck Top Casual Fashion,$38.67,"https://ae-pic-a1.aliexpress-media.com/kf/S0223cc9df8a344cfb7c46c47190831d2A.jpg_220x220q75.jpg_.avif,https://ae-pic-a1.aliexpress-media.com/kf/S5cd2d996f7364fb4999f7ef99d4e7a103.jpg?has_lang=1&ver=2_220x220q75.jpg_.avif,https://ae-pic-a1.aliexpress-media.com/kf/S154a383da61747dcb9f481340278e0e9G.jpg_220x220q75.jpg_.avif,https://ae-pic-a1.aliexpress-media.com/kf/Se25fe3a151bb45e9bfcba72a3847a47ep.jpg_220x220q75.jpg_.avif,https://ae-pic-a1.aliexpress-media.com/kf/S200eaebe2cee4d759f4f780ee0675410F.jpg?has_lang=1&ver=2_220x220q75.jpg_.avif","['whether full opening', 'No', 'High-concerned chemical', 'None', 'Applicable Season', 'Four Seasons', 'Applicable Scene', 'CASUAL', 'Hooded', 'No', 'Decoration', 'Vintage', 'Sleeve Style', 'regular', 'Wool', 'Standard Wool', 'Place Of Origin', 'China (mainland)', 'Pattern Type', 'Print', 'Item Type', 'Pullovers', 'Sleeve Length(cm)', 'Full', 'Thickness', 'Standard', 'Technics', 'Computer Knitted', 'Material', 'COTTON', 'Collar', 'O-Neck', 'Style', 'Vintage', 'Gender', 'Men', 'Brand Name', 'BiggOrange', 'Origin', 'Mainland China', 'CN', 'Guangdong', 'Closure Type', 'None']",https://www.aliexpress.us/item/3256809358722410.html?algo_pvid=4d8bc1cb-2cda-4a1e-b9a6-48353316ea07&algo_exp_id=4d8bc1cb-2cda-4a1e-b9a6-48353316ea07-24&pdp_ext_f=%7B%22order%22%3A%22112%22%2C%22eval%22%3A%221%22%2C%22fromPage%22%3A%22search%22%7D&pdp_npi=6%40dis%21USD%2177.35%2138.67%21%21%21529.81%21264.90%21%402101246417754837255367279e7be2%2112000049425495581%21sea%21US%210%21ABX%211%210%21n_tag%3A-29910%3Bd%3A913ad4af%3Bm03_new_user%3A-29895&curPageLogUid=4RWfjcZzgYoG&utparam-url=scene%3Asearch%7Cquery_from%3A%7Cx_object_id%3A1005009545037162%7C_p_origin_prod%3A
Fashion 100%Cotton Round Neck Sweater with fleece Custom Logo Printed Personal Group Brand Embroidery Design Men and Women thick,$21.58,"https://ae-pic-a1.aliexpress-media.com/kf/S46fd96aaf01d4937b5cde60553519a09B.png?has_lang=1&ver=2_220x220.png_.avif,https://ae-pic-a1.aliexpress-media.com/kf/Sc055367f1a5d4743bd6eb50fdac803e75.png?has_lang=1&ver=2_220x220.png_.avif,https://ae-pic-a1.aliexpress-media.com/kf/S61807e17d86f47e599de8c72e920dd07I.png_220x220.png_.avif,https://ae-pic-a1.aliexpress-media.com/kf/S2c46b57a53734802b295cf0169b1a14b7.png_220x220.png_.avif,https://ae-pic-a1.aliexpress-media.com/kf/Se3a30ccbc8cd41a295b6bd3cb0dd0c25L.png?has_lang=1&ver=2_220x220.png_.avif","['whether full opening', 'No', 'High-concerned chemical', 'None', 'Applicable Season', 'Winter', 'Craft of Weaving', 'Non-Woven', 'Applicable Scene', 'Interview', 'Hooded', 'No', 'Model Number', 'er203203', 'Decoration', 'NONE', 'Sleeve Style', 'regular', 'Wool', 'Thin Wool', 'Place Of Origin', 'China (mainland)', 'Pattern Type', 'Solid', 'Item Type', 'Pullovers', 'Sleeve Length(cm)', 'Full', 'Thickness', 'Fleece', 'Technics', 'Computer Knitted', 'Material', 'COTTON', 'Collar', 'O-Neck', 'Style', 'Casual', 'Gender', 'Men', 'Brand Name', 'NoEnName_Null', 'Origin', 'China Mainland', 'CN', 'Guangdong', 'Closure Type', 'None']",https://www.aliexpress.us/item/3256808586786115.html?algo_pvid=4d8bc1cb-2cda-4a1e-b9a6-48353316ea07&algo_exp_id=4d8bc1cb-2cda-4a1e-b9a6-48353316ea07-25&pdp_ext_f=%7B%22order%22%3A%22111%22%2C%22eval%22%3A%221%22%2C%22fromPage%22%3A%22search%22%7D&pdp_npi=6%40dis%21USD%2131.28%2121.58%21%21%21214.24%21147.83%21%402101246417754837255367279e7be2%2112000046613986558%21sea%21US%210%21ABX%211%210%21n_tag%3A-29910%3Bd%3A913ad4af%3Bm03_new_user%3A-29895&curPageLogUid=PZv3My3dtW0D&utparam-url=scene%3Asearch%7Cquery_from%3A%7Cx_object_id%3A1005008773100867%7C_p_origin_prod%3A
Men Semi Turtleneck Long Sleeve Half Zip Pullover Knitted Sweater Female Knitwear Tops PYBG-BSD-ZW123,$6.53,"https://ae-pic-a1.aliexpress-media.com/kf/S1a33b09fa2b24bcf81725b1e1fcf3dcdF.jpg_220x220q75.jpg_.avif,https://ae-pic-a1.aliexpress-media.com/kf/S636b1d75629d4ba0beb2a322e217ef82f.jpg_220x220q75.jpg_.avif,https://ae-pic-a1.aliexpress-media.com/kf/S315686ee44514c989bdd193ec278fa6fR.jpg_220x220q75.jpg_.avif,https://ae-pic-a1.aliexpress-media.com/kf/S7e102fe02a804169bd0949cd2fefe9a2F.jpg_220x220q75.jpg_.avif,https://ae-pic-a1.aliexpress-media.com/kf/Sca8da55d0d0a42f59caa89fa9c2deddfL.jpg_220x220q75.jpg_.avif","['whether full opening', 'Yes', 'High-concerned chemical', 'None', 'Applicable Season', 'Four Seasons', 'Craft of Weaving', 'Non-Woven', 'Applicable Scene', 'CASUAL', 'Hooded', 'No', 'Model Number', 'PYBG-BSD-ZW123', 'Decoration', 'Hollow Out', 'Sleeve Style', 'regular', 'Wool', 'Coarse Wool', 'Place Of Origin', 'China (mainland)', 'Pattern Type', 'Striped', 'Item Type', 'Pullovers', 'Sleeve Length(cm)', 'Full', 'Thickness', 'Standard', 'Technics', 'Computer Knitted', 'Material', 'COTTON,POLYESTER', 'Collar', 'Turtleneck', 'Style', 'gothic', 'Gender', 'Men', 'Brand Name', 'mooclound', 'Origin', 'China Mainland', 'CN', 'Jiangsu', 'Closure Type', 'None']",https://www.aliexpress.us/item/3256805924772610.html?algo_pvid=4d8bc1cb-2cda-4a1e-b9a6-48353316ea07&algo_exp_id=4d8bc1cb-2cda-4a1e-b9a6-48353316ea07-26&pdp_ext_f=%7B%22order%22%3A%22110%22%2C%22eval%22%3A%221%22%2C%22fromPage%22%3A%22search%22%7D&pdp_npi=6%40dis%21USD%217.26%216.53%21%21%217.26%216.53%21%402101246417754837255367279e7be2%2112000035799229708%21sea%21US%210%21ABX%211%210%21n_tag%3A-29910%3Bd%3A913ad4af%3Bm03_new_user%3A-29895&curPageLogUid=LJMtSISEIRv1&utparam-url=scene%3Asearch%7Cquery_from%3A%7Cx_object_id%3A1005006111087362%7C_p_origin_prod%3A
Fall/Winter 100% Wool Bottoming Shirt Men's Thickened Turtleneck Sweater Business Cashmere Knitting,$33.16,"https://ae-pic-a1.aliexpress-media.com/kf/S798cae328de74965b2473b4865ee3a68H.jpg_220x220q75.jpg_.avif,https://ae-pic-a1.aliexpress-media.com/kf/S798cae328de74965b2473b4865ee3a68H.jpg_220x220q75.jpg_.avif,https://ae-pic-a1.aliexpress-media.com/kf/S7f1ff0e694d94e6ebada8bd995d70ceep.jpg_220x220q75.jpg_.avif,https://ae-pic-a1.aliexpress-media.com/kf/S964bcfc678fa4666a77ca5e0f352f0faE.jpg_220x220q75.jpg_.avif,https://ae-pic-a1.aliexpress-media.com/kf/Sfb0ca12516f640b79ee9977864d15d6aN.jpg_220x220q75.jpg_.avif","['whether full opening', 'No', 'High-concerned chemical', 'None', 'Applicable Season', 'Autumn And Winter', 'Applicable Scene', 'CASUAL', 'Hooded', 'No', 'Model Number', '2001/70', 'Decoration', 'NONE', 'Sleeve Style', 'regular', 'Place Of Origin', 'China (mainland)', 'Pattern Type', 'Solid', 'Item Type', 'Pullovers', 'Sleeve Length(cm)', 'Full', 'Thickness', 'Standard', 'Material', 'Wool', 'Collar', 'Turtleneck', 'Style', 'Casual', 'Gender', 'Men', 'Origin', 'China Mainland', 'CN', 'Hebei', 'Closure Type', 'None']",https://www.aliexpress.us/item/3256805739680365.html?algo_pvid=4d8bc1cb-2cda-4a1e-b9a6-48353316ea07&algo_exp_id=4d8bc1cb-2cda-4a1e-b9a6-48353316ea07-27&pdp_ext_f=%7B%22order%22%3A%22110%22%2C%22eval%22%3A%221%22%2C%22fromPage%22%3A%22search%22%7D&pdp_npi=6%40dis%21USD%2169.09%2133.16%21%21%21473.25%21227.16%21%402101246417754837255367279e7be2%2112000034878987078%21sea%21US%210%21ABX%211%210%21n_tag%3A-29910%3Bd%3A913ad4af%3Bm03_new_user%3A-29895&curPageLogUid=uoxjthLCWPWe&utparam-url=scene%3Asearch%7Cquery_from%3A%7Cx_object_id%3A1005005925995117%7C_p_origin_prod%3A
Men's Long Sleeve Fleece Lined Knitted Shirt Business Casual Style Winter Warm Top Fake Two-Piece Design Comfortable Fit,$9.70,"https://ae-pic-a1.aliexpress-media.com/kf/Sd5a1c8b7b32749e4a6ef7b99904c337cp.jpg_220x220q75.jpg_.avif,https://ae-pic-a1.aliexpress-media.com/kf/Scb63b1d339434e8190c556e812aead77p.jpg_220x220q75.jpg_.avif,https://ae-pic-a1.aliexpress-media.com/kf/Sf048e6f07c55477d874876ea67836958j.jpg_220x220q75.jpg_.avif,https://ae-pic-a1.aliexpress-media.com/kf/S9a33914f95c6410caa80c31b85bfad7e4.jpg_220x220q75.jpg_.avif,https://ae-pic-a1.aliexpress-media.com/kf/S36012ba73d554039a7150dcda2348428S.jpg_220x220q75.jpg_.avif","['Material', 'Knitting', 'Brand Name', 'others']",https://www.aliexpress.us/item/3256809124036774.html?algo_pvid=b315609a-17c2-4053-b7ed-1e306d6ec6f1&algo_exp_id=b315609a-17c2-4053-b7ed-1e306d6ec6f1-1&pdp_ext_f=%7B%22order%22%3A%22100%22%2C%22eval%22%3A%221%22%2C%22fromPage%22%3A%22search%22%7D&pdp_npi=6%40dis%21USD%2111.28%219.70%21%21%2111.28%219.70%21%402101529317754846725924738eadd6%2112000048702904387%21sea%21US%210%21ABX%211%210%21n_tag%3A-29910%3Bd%3A913ad4af%3Bm03_new_user%3A-29895&curPageLogUid=LKf1pgeUoudO&utparam-url=scene%3Asearch%7Cquery_from%3A%7Cx_object_id%3A1005009310351526%7C_p_origin_prod%3A
European and American Fashion Men's Knitted Sweater Casual Loose Sweater V-neck Long Sleeved Pullover Sweater Plus Size Jacket,$13.88,"https://ae-pic-a1.aliexpress-media.com/kf/S5c7a949b8a23469dac335ef0c80c97fdl.jpg_220x220q75.jpg_.avif,https://ae-pic-a1.aliexpress-media.com/kf/Sfd2727d87570440dbe55befa9cd0f1e73.jpg_220x220q75.jpg_.avif,https://ae-pic-a1.aliexpress-media.com/kf/Sedb7298e48464f21a0ff1cd4de3d0049f.jpg_220x220q75.jpg_.avif,https://ae-pic-a1.aliexpress-media.com/kf/Sb77e017c01124ef6a2228544540699b39.jpg_220x220q75.jpg_.avif,https://ae-pic-a1.aliexpress-media.com/kf/Sa9debb1baa1042149f0a1f395cb5dc9fg.jpg_220x220q75.jpg_.avif","['whether full opening', 'No', 'High-concerned chemical', 'None', 'Applicable Season', 'Spring And Autumn', 'Craft of Weaving', 'Knit', 'Applicable Scene', 'Trip', 'Hooded', 'No', 'Decoration', 'NONE', 'Wool', 'Standard Wool', 'Place Of Origin', 'China (mainland)', 'Item Type', 'Sweatercoat', 'Sleeve Length(cm)', 'Full', 'Thickness', 'Standard', 'Technics', 'Computer Knitted', 'Material', 'POLYESTER', 'Collar', 'O-Neck', 'Style', 'England Style', 'Gender', 'Men', 'Brand Name', 'Ayrbao', 'Origin', 'China Mainland', 'CN', 'Jiangxi']",https://www.aliexpress.us/item/3256808369167273.html?algo_pvid=b315609a-17c2-4053-b7ed-1e306d6ec6f1&algo_exp_id=b315609a-17c2-4053-b7ed-1e306d6ec6f1-2&pdp_ext_f=%7B%22order%22%3A%22100%22%2C%22eval%22%3A%221%22%2C%22fromPage%22%3A%22search%22%7D&pdp_npi=6%40dis%21USD%2122.03%2113.88%21%21%21150.88%2195.05%21%402101529317754846725924738eadd6%2112000045691572838%21sea%21US%210%21ABX%211%210%21n_tag%3A-29910%3Bd%3A913ad4af%3Bm03_new_user%3A-29895&curPageLogUid=yRAG1WJIK3pY&utparam-url=scene%3Asearch%7Cquery_from%3A%7Cx_object_id%3A1005008555482025%7C_p_origin_prod%3A
2025Fashion Men Sweater Solid Color Long Sleeve Turtleneck Sweater in Men's Pullovers Knitted Sweater Men Jersey Hombre Cuello,$12.61,"https://ae-pic-a1.aliexpress-media.com/kf/H2edb4ffcc8f341feb2f689795652711fJ.jpg_220x220q75.jpg_.avif,https://ae-pic-a1.aliexpress-media.com/kf/H923b7b361299479db0d2694c0d1f6f66E.jpg_220x220q75.jpg_.avif,https://ae-pic-a1.aliexpress-media.com/kf/Ha5d6f954aa304d6796a40e987297bc894.jpg_220x220q75.jpg_.avif,https://ae-pic-a1.aliexpress-media.com/kf/H8e6b20ca8bcd45e28b5a55b67781f850J.jpg_220x220q75.jpg_.avif,https://ae-pic-a1.aliexpress-media.com/kf/H75aea789575843f381787031f05203f67.jpg_220x220q75.jpg_.avif","['whether full opening', 'No', 'High-concerned chemical', 'None', 'Applicable Season', 'Autumn And Winter', 'Craft of Weaving', 'Knit', 'Applicable Scene', 'CASUAL', 'Hooded', 'No', 'Model Number', 'T20', 'Decoration', 'NONE', 'Sleeve Style', 'regular', 'Wool', 'Thin Wool', 'Pattern Type', 'Solid', 'Item Type', 'Pullovers', 'Sleeve Length(cm)', 'Full', 'Thickness', 'Standard', 'Technics', 'Computer Knitted', 'Material', 'COTTON,POLYESTER', 'Collar', 'O-Neck', 'Style', 'Casual', 'Gender', 'Men', 'Origin', 'Mainland China', 'Closure Type', 'None', 'gender', 'Men', 'high collar', 'Collar:', '2020', 'Listing time:']",https://www.aliexpress.us/item/2255801000211434.html?algo_pvid=b315609a-17c2-4053-b7ed-1e306d6ec6f1&algo_exp_id=b315609a-17c2-4053-b7ed-1e306d6ec6f1-3&pdp_ext_f=%7B%22order%22%3A%22100%22%2C%22eval%22%3A%221%22%2C%22fromPage%22%3A%22search%22%7D&pdp_npi=6%40dis%21USD%2121.38%2112.61%21%21%2121.38%2112.61%21%402101529317754846725924738eadd6%2110000015194911297%21sea%21US%210%21ABX%211%210%21n_tag%3A-29910%3Bd%3A913ad4af%3Bm03_new_user%3A-29895&curPageLogUid=IZlXcPa8ZiUp&utparam-url=scene%3Asearch%7Cquery_from%3A%7Cx_object_id%3A4001186526186%7C_p_origin_prod%3A
Summer Classic Short Sleeve Men Knitwear Silk Wool blend Sweater O-Neck Loose Cool Quality Business Pullover Basic Clothing Tops,$20.40,"https://ae-pic-a1.aliexpress-media.com/kf/Saeed0195938b4ed28050d541ccd68493B.jpg_220x220q75.jpg_.avif,https://ae-pic-a1.aliexpress-media.com/kf/S98dc3812b1a948f0ae4e0571ddd055d1I.jpg_220x220q75.jpg_.avif,https://ae-pic-a1.aliexpress-media.com/kf/Se23d41d94b3d4e53818c41ad37a5bdc9D.jpg_220x220q75.jpg_.avif,https://ae-pic-a1.aliexpress-media.com/kf/Se51b7b91bac342b49709799cc45d7cack.jpg_220x220q75.jpg_.avif,https://ae-pic-a1.aliexpress-media.com/kf/S437fbbbe4c1d4e579a641752ed3b70c9g.jpg_220x220q75.jpg_.avif","['whether full opening', 'No', 'High-concerned chemical', 'None', 'Applicable Season', 'Spring And Summer', 'Craft of Weaving', 'Knit', 'Applicable Scene', 'CASUAL', 'Hooded', 'No', 'Model Number', 'YSC202538', 'Decoration', 'NONE', 'Sleeve Style', 'regular', 'Wool', 'Thin Wool', 'Place Of Origin', 'China (mainland)', 'Pattern Type', 'Solid', 'Item Type', 'Pullovers', 'Sleeve Length(cm)', 'Short (4 - 16 Inch)', 'Thickness', 'Thin', 'Technics', 'Computer Knitted', 'Material', 'Lyocell,Silk,Wool', 'Collar', 'O-Neck', 'Style', 'Casual', 'Gender', 'Men', 'Brand Name', 'yunshucloset', 'Origin', 'China Mainland', 'CN', 'Hebei', 'Closure Type', 'None']",https://www.aliexpress.us/item/3256806693386718.html?algo_pvid=b315609a-17c2-4053-b7ed-1e306d6ec6f1&algo_exp_id=b315609a-17c2-4053-b7ed-1e306d6ec6f1-8&pdp_ext_f=%7B%22order%22%3A%2299%22%2C%22eval%22%3A%221%22%2C%22fromPage%22%3A%22search%22%7D&pdp_npi=6%40dis%21USD%2151.00%2120.40%21%21%2151.00%2120.40%21%402101529317754846725924738eadd6%2112000038602627254%21sea%21US%210%21ABX%211%210%21n_tag%3A-29910%3Bd%3A913ad4af%3Bm03_new_user%3A-29895&curPageLogUid=n3U1Iojj879p&utparam-url=scene%3Asearch%7Cquery_from%3A%7Cx_object_id%3A1005006879701470%7C_p_origin_prod%3A
Autumn Winter Thick Knit Pullovers Men Solid Color Geometric Fashion Slim Fit Knitted Sweaters Mens Warm Casual Knitting Sweater,$17.13,"https://ae-pic-a1.aliexpress-media.com/kf/S637e1314ac574ccc9fc6f388831015ddB.jpg_220x220q75.jpg_.avif,https://ae-pic-a1.aliexpress-media.com/kf/S55fec6daeca04f4ebe9dbfc777f2cd74R.jpg_220x220q75.jpg_.avif,https://ae-pic-a1.aliexpress-media.com/kf/Sf2697551175e46a681bdddeee1733f4bX.jpg_220x220q75.jpg_.avif,https://ae-pic-a1.aliexpress-media.com/kf/Sb051d48d1ae846d28edf1298dd8cf08eD.jpg_220x220q75.jpg_.avif,https://ae-pic-a1.aliexpress-media.com/kf/S85a6382615cb4eb2aec899aa301bb3efN.jpg_220x220q75.jpg_.avif","['whether full opening', 'No', 'High-concerned chemical', 'None', 'Applicable Season', 'Autumn And Winter', 'Craft of Weaving', 'Knit', 'Applicable Scene', 'Daily', 'Hooded', 'No', 'Decoration', 'NONE', 'Sleeve Style', 'regular', 'Wool', 'Standard Wool', 'Pattern Type', 'Solid', 'Item Type', 'Pullovers', 'Sleeve Length(cm)', 'Full', 'Thickness', 'Standard', 'Technics', 'Computer Knitted', 'Material', 'POLYESTER', 'Collar', 'O-Neck', 'Style', 'Casual', 'Gender', 'Men', 'Brand Name', 'FAVOCENT', 'Origin', 'China Mainland', 'CN', 'Zhejiang', 'Closure Type', 'None']",https://www.aliexpress.us/item/3256807570630577.html?algo_pvid=b315609a-17c2-4053-b7ed-1e306d6ec6f1&algo_exp_id=b315609a-17c2-4053-b7ed-1e306d6ec6f1-9&pdp_ext_f=%7B%22order%22%3A%2298%22%2C%22spu_best_type%22%3A%22price%22%2C%22eval%22%3A%221%22%2C%22fromPage%22%3A%22search%22%7D&pdp_npi=6%40dis%21USD%2134.95%2117.13%21%21%2134.95%2117.13%21%402101529317754846725924738eadd6%2112000042102098081%21sea%21US%210%21ABX%211%210%21n_tag%3A-29910%3Bd%3A913ad4af%3Bm03_new_user%3A-29895&curPageLogUid=LEea6SAoidzR&utparam-url=scene%3Asearch%7Cquery_from%3A%7Cx_object_id%3A1005007756945329%7C_p_origin_prod%3A
2025 Men's Warm Sweater Long Sleeve Turtleneck Sweater Retro Knitted Pullover Sweaters,$6.30,"https://ae-pic-a1.aliexpress-media.com/kf/S1cf26a5c6f974c3b909d77dd63b4190em.jpg_220x220q75.jpg_.avif,https://ae-pic-a1.aliexpress-media.com/kf/Sd78c45de192c4cc79f4c1c5f2af0b9803.jpg_220x220q75.jpg_.avif,https://ae-pic-a1.aliexpress-media.com/kf/See0e61cd9fc9489a9079ffe03a3038b48.jpg_220x220q75.jpg_.avif,https://ae-pic-a1.aliexpress-media.com/kf/S76cd28a3821f4f90908332e02701461b9.jpg_220x220q75.jpg_.avif,https://ae-pic-a1.aliexpress-media.com/kf/S35f3ad055b8747e7a1721f112b650b20K.jpg_220x220q75.jpg_.avif","['whether full opening', 'No', 'High-concerned chemical', 'None', 'Applicable Season', 'Autumn And Winter', 'Applicable Scene', 'Daily', 'Hooded', 'No', 'Decoration', 'NONE', 'Sleeve Style', 'regular', 'Wool', 'Thin Wool', 'Pattern Type', 'Solid', 'Item Type', 'Pullovers', 'Sleeve Length(cm)', 'Full', 'Thickness', 'Standard', 'Technics', 'Computer Knitted', 'Material', 'POLYESTER', 'Collar', 'Turtleneck', 'Style', 'Casual', 'Gender', 'Men', 'Origin', 'Mainland China', 'CN', 'Zhejiang', 'Closure Type', 'None']",https://www.aliexpress.us/item/3256807782579033.html?algo_pvid=b315609a-17c2-4053-b7ed-1e306d6ec6f1&algo_exp_id=b315609a-17c2-4053-b7ed-1e306d6ec6f1-10&pdp_ext_f=%7B%22order%22%3A%2298%22%2C%22eval%22%3A%221%22%2C%22fromPage%22%3A%22search%22%7D&pdp_npi=6%40dis%21USD%2113.14%216.30%21%21%2190.03%2143.21%21%402101529317754846725924738eadd6%2112000043070598116%21sea%21US%210%21ABX%211%210%21n_tag%3A-29910%3Bd%3A913ad4af%3Bm03_new_user%3A-29895&curPageLogUid=4UxtmskaMLwd&utparam-url=scene%3Asearch%7Cquery_from%3A%7Cx_object_id%3A1005007968893785%7C_p_origin_prod%3A
Cashmere turtleneck men sweater 2023 autumn winter jumper clothes ropa hombre pull homme hiver pullover men turtle neck sweaters,$20.71,"https://ae-pic-a1.aliexpress-media.com/kf/S661cbaca189e4e148e6c3a1b855ce436F.jpg_220x220q75.jpg_.avif,https://ae-pic-a1.aliexpress-media.com/kf/Ha4e4f56db6814795bebba07e309d539dE.jpg_220x220q75.jpg_.avif,https://ae-pic-a1.aliexpress-media.com/kf/H9508ea505e5a4abda5cad2f7a6e80ca35.jpg_220x220q75.jpg_.avif,https://ae-pic-a1.aliexpress-media.com/kf/H5e00adb097df42bea9245d5af7ed0596t.jpg_220x220q75.jpg_.avif,https://ae-pic-a1.aliexpress-media.com/kf/H75811313ce8d438098bf26516094d2b6u.jpg_220x220q75.jpg_.avif","['whether full opening', 'Yes', 'High-concerned chemical', 'None', 'Applicable Season', 'Spring And Autumn', 'Applicable Scene', 'CASUAL', 'Hooded', 'No', 'Decoration', 'NONE', 'Sleeve Style', 'regular', 'Wool', 'Standard Wool', 'Pattern Type', 'Solid', 'Item Type', 'Pullovers', 'Sleeve Length(cm)', 'Full', 'Thickness', 'Standard', 'Technics', 'Computer Knitted', 'Material', 'POLYESTER,Acrylic,Elastane', 'Collar', 'Turtleneck', 'Style', 'Casual', 'Gender', 'Men', 'Brand Name', 'NoEnName_Null', 'Origin', 'China Mainland', 'CN', 'Zhejiang', 'Closure Type', 'None']",https://www.aliexpress.us/item/3256803461405029.html?algo_pvid=b315609a-17c2-4053-b7ed-1e306d6ec6f1&algo_exp_id=b315609a-17c2-4053-b7ed-1e306d6ec6f1-15&pdp_ext_f=%7B%22order%22%3A%2297%22%2C%22spu_best_type%22%3A%22price%22%2C%22eval%22%3A%221%22%2C%22fromPage%22%3A%22search%22%7D&pdp_npi=6%40dis%21USD%2134.51%2120.71%21%21%2134.51%2120.71%21%402101529317754846725924738eadd6%2112000026639893052%21sea%21US%210%21ABX%211%210%21n_tag%3A-29910%3Bd%3A913ad4af%3Bm03_new_user%3A-29895&curPageLogUid=Q4t4xJkAqAXr&utparam-url=scene%3Asearch%7Cquery_from%3A%7Cx_object_id%3A1005003647719781%7C_p_origin_prod%3A
Super Soft Woolen Sweater Men's Loose Round Neck Sweater Solid Color Simple Warm Knitted Shirt Business Casual Underlay,$21.91,"https://ae-pic-a1.aliexpress-media.com/kf/Sff8149c662c64d2d80ee4fc8152c8032W.jpg_220x220q75.jpg_.avif,https://ae-pic-a1.aliexpress-media.com/kf/Sc0a3a03c433e4a999cac20c49f903c6cO.jpg_220x220q75.jpg_.avif,https://ae-pic-a1.aliexpress-media.com/kf/S073195dc3be340eebf38bbc4715caa78N.jpg_220x220q75.jpg_.avif,https://ae-pic-a1.aliexpress-media.com/kf/S7b34022c8fa24291b1f4e0f0a9088963Q.jpg_220x220q75.jpg_.avif,https://ae-pic-a1.aliexpress-media.com/kf/Sb5dae9f9cd0543d8ba3d2050a7789510c.jpg_220x220q75.jpg_.avif","['whether full opening', 'No', 'High-concerned chemical', 'None', 'Applicable Season', 'Spring And Autumn', 'Applicable Scene', 'CASUAL', 'Item Type', 'Pullovers', 'Thickness', 'Standard', 'Material', 'POLYESTER', 'Collar', 'O-Neck', 'Style', 'Casual', 'Gender', 'Men', 'Origin', 'Mainland China', 'CN', 'Guangdong', 'Closure Type', 'None', 'CN', 'Guangdong']",https://www.aliexpress.us/item/3256809175287295.html?algo_pvid=b315609a-17c2-4053-b7ed-1e306d6ec6f1&algo_exp_id=b315609a-17c2-4053-b7ed-1e306d6ec6f1-18&pdp_ext_f=%7B%22order%22%3A%2296%22%2C%22eval%22%3A%221%22%2C%22fromPage%22%3A%22search%22%7D&pdp_npi=6%40dis%21USD%2131.75%2121.91%21%21%21217.49%21150.07%21%402101529317754846725924738eadd6%2112000048866394845%21sea%21US%210%21ABX%211%210%21n_tag%3A-29910%3Bd%3A913ad4af%3Bm03_new_user%3A-29895&curPageLogUid=8Is4jInQiHF8&utparam-url=scene%3Asearch%7Cquery_from%3A%7Cx_object_id%3A1005009361602047%7C_p_origin_prod%3A
AIOPESON Soft Mid Neck Pullover Men Casual Solid Color Winter Warm Men's Sweater High Quality Pullover Sweater For Men,$13.19,"https://ae-pic-a1.aliexpress-media.com/kf/Sb703e77f23e9408391d65b730e945175t.jpg?has_lang=1&ver=2_220x220q75.jpg_.avif,https://ae-pic-a1.aliexpress-media.com/kf/Sb703e77f23e9408391d65b730e945175t.jpg?has_lang=1&ver=2_220x220q75.jpg_.avif,https://ae-pic-a1.aliexpress-media.com/kf/S45e51684e3014b24bb89b1e015844d1cZ.png?has_lang=1&ver=2_220x220.png_.avif,https://ae-pic-a1.aliexpress-media.com/kf/S479c2af6a9ad4d0bb36aa543607ce7fcq.jpg_220x220q75.jpg_.avif,https://ae-pic-a1.aliexpress-media.com/kf/S668ea264377841ffb5c4bc3eceeb1cacx.jpg_220x220q75.jpg_.avif","['whether full opening', 'No', 'High-concerned chemical', 'None', 'Applicable Season', 'Autumn And Winter', 'Applicable Scene', 'CASUAL', 'Hooded', 'No', 'Model Number', 'MD001', 'Decoration', 'Pleated', 'Sleeve Style', 'regular', 'Wool', 'Standard Wool', 'Pattern Type', 'Solid', 'Item Type', 'Pullovers', 'Sleeve Length(cm)', 'Full', 'Thickness', 'Standard', 'Technics', 'Computer Knitted', 'Material', 'POLYESTER,Nylon,Viscose', 'Collar', 'Mock Neck', 'Style', 'Casual', 'Gender', 'Men', 'Brand Name', 'AIOPESON', 'Origin', 'Mainland China', 'CN', 'Zhejiang', 'Closure Type', 'None', 'Material', '50% Viscose,30% Polyester,20% Nylon', '1', 'pull homme', '2', 'sueter masculino', '3', 'jersey hombre', '4', 'blusa de frio masculino', '5', 'blusas masculinas para inverno', '7', 'camisolas de malha', '8', 'roupa masculina']",https://www.aliexpress.us/item/3256804271048808.html?algo_pvid=b315609a-17c2-4053-b7ed-1e306d6ec6f1&algo_exp_id=b315609a-17c2-4053-b7ed-1e306d6ec6f1-22&pdp_ext_f=%7B%22order%22%3A%2294%22%2C%22eval%22%3A%221%22%2C%22fromPage%22%3A%22search%22%7D&pdp_npi=6%40dis%21USD%2122.69%2113.19%21%21%2122.69%2113.19%21%402101529317754846725924738eadd6%2112000034510334525%21sea%21US%210%21ABX%211%210%21n_tag%3A-29910%3Bd%3A913ad4af%3Bm03_new_user%3A-29895%3BpisId%3A5000000197847434&curPageLogUid=ukDOh2L7HBfI&utparam-url=scene%3Asearch%7Cquery_from%3A%7Cx_object_id%3A1005004457363560%7C_p_origin_prod%3A
Autumn Winter Men's Slim Fit Turtleneck Sweater Fashion Warm Knitted Pullovers Men Korean Style Solid Color Casual Knit Sweaters,$7.83,"https://ae-pic-a1.aliexpress-media.com/kf/Sf4491f6755a3455cbc73b47a7af86e256.jpg_220x220q75.jpg_.avif,https://ae-pic-a1.aliexpress-media.com/kf/S89b52ff39b6d47f29e1b46bb3d5f335c8.jpg_220x220q75.jpg_.avif,https://ae-pic-a1.aliexpress-media.com/kf/S65515913228c44a5b4ae6298a7b08e38l.jpg_220x220q75.jpg_.avif,https://ae-pic-a1.aliexpress-media.com/kf/S2c142c0bbfa445dfbe200ad0855b3976N.jpg_220x220q75.jpg_.avif,https://ae-pic-a1.aliexpress-media.com/kf/S0c11760146414a1db8b55b282680a9adW.jpg_220x220q75.jpg_.avif","['whether full opening', 'No', 'High-concerned chemical', 'None', 'Applicable Season', 'Autumn And Winter', 'Applicable Scene', 'Daily', 'Thickness', 'Standard', 'Material', 'POLYESTER,Nylon,Viscose', 'Style', 'Casual', 'Gender', 'Men', 'Brand Name', 'FAVOCENT', 'Origin', 'China Mainland', 'CN', 'Zhejiang']",https://www.aliexpress.us/item/3256810196287346.html?algo_pvid=b315609a-17c2-4053-b7ed-1e306d6ec6f1&algo_exp_id=b315609a-17c2-4053-b7ed-1e306d6ec6f1-23&pdp_ext_f=%7B%22order%22%3A%2294%22%2C%22eval%22%3A%221%22%2C%22fromPage%22%3A%22search%22%7D&pdp_npi=6%40dis%21USD%2115.98%217.83%21%21%2115.98%217.83%21%402101529317754846725924738eadd6%2112000052220311627%21sea%21US%210%21ABX%211%210%21n_tag%3A-29910%3Bd%3A913ad4af%3Bm03_new_user%3A-29895&curPageLogUid=sMzZBBnY0Lg7&utparam-url=scene%3Asearch%7Cquery_from%3A%7Cx_object_id%3A1005010382602098%7C_p_origin_prod%3A
Winter Men's Fleece Thicker Sweater Coat Half Zipper Turtleneck Warm Pullover Quality Male Slim Knitted Wool Sweaters 4XL,$18.15,"https://ae-pic-a1.aliexpress-media.com/kf/Sdebe3cbffb7147e8815892871d235ddaF.jpg_220x220q75.jpg_.avif,https://ae-pic-a1.aliexpress-media.com/kf/S520c2d55577348eeb173caf335a82111Z.jpg_220x220q75.jpg_.avif,https://ae-pic-a1.aliexpress-media.com/kf/S3527d5970b3c4d068107e2ef1dc9ea94B.jpg_220x220q75.jpg_.avif,https://ae-pic-a1.aliexpress-media.com/kf/S9a9550b82d6548a4a1df19b61ba2c6caU.jpg_220x220q75.jpg_.avif,https://ae-pic-a1.aliexpress-media.com/kf/S1d8a212baafc435c8d671a943af9af25L.jpg_220x220q75.jpg_.avif","['Applicable Season', 'Autumn And Winter', 'Applicable Scene', 'CASUAL', 'Hooded', 'No', 'Sleeve Style', 'regular', 'Place Of Origin', 'China (mainland)', 'Pattern Type', 'Solid', 'Item Type', 'Pullovers', 'Sleeve Length(cm)', 'Full', 'Thickness', 'Cotton Liner', 'Material', 'POLYESTER', 'Collar', 'Turn-Down Collar', 'Style', 'Casual', 'Gender', 'Men', 'Origin', 'China Mainland', 'CN', 'Guangdong', 'Closure Type', 'Zipper', 'Material', 'Polyester,Cotton', 'Style', 'Casual', 'Applicable Season', 'Autumn And Winter', 'Gender', 'MEN', 'Technics', 'Flat Knitted', 'size', 'M L XL XXL XXXL XXXXL', 'Item Type', 'Pullovers', 'style1', ""Winter Men's Turtleneck Sweater Half Zip"", 'style2', ""Men's Turtleneck Sweater"", 'style3', 'Male Slim Knitted Wool Sweaters']",https://www.aliexpress.us/item/3256805060072021.html?algo_pvid=b315609a-17c2-4053-b7ed-1e306d6ec6f1&algo_exp_id=b315609a-17c2-4053-b7ed-1e306d6ec6f1-24&pdp_ext_f=%7B%22order%22%3A%2294%22%2C%22eval%22%3A%221%22%2C%22fromPage%22%3A%22search%22%7D&pdp_npi=6%40dis%21USD%2127.92%2118.15%21%21%2127.92%2118.15%21%402101529317754846725924738eadd6%2112000032347862556%21sea%21US%210%21ABX%211%210%21n_tag%3A-29910%3Bd%3A913ad4af%3Bm03_new_user%3A-29895&curPageLogUid=QCKiQiZ67JNk&utparam-url=scene%3Asearch%7Cquery_from%3A%7Cx_object_id%3A1005005246386773%7C_p_origin_prod%3A
Men Knitted Sweaters Cashmere Sweater 100% Merino Wool Turtleneck Long-Sleeve Thick Pullover Winter Autumn Male Jumpers Clothing,$33.81,"https://ae-pic-a1.aliexpress-media.com/kf/Sa817e002b6d64ff3b10cfb8fb088bf47Z.jpg_220x220q75.jpg_.avif,https://ae-pic-a1.aliexpress-media.com/kf/Sa817e002b6d64ff3b10cfb8fb088bf47Z.jpg_220x220q75.jpg_.avif,https://ae-pic-a1.aliexpress-media.com/kf/S97fb221649e14758989853690f27ea0bQ.jpg_220x220q75.jpg_.avif,https://ae-pic-a1.aliexpress-media.com/kf/Sea1b17a7b7e64abca9e0bf99818d6da8n.jpg_220x220q75.jpg_.avif,https://ae-pic-a1.aliexpress-media.com/kf/S52f89b04d1a24f82b32fb371cf28e434A.jpg_220x220q75.jpg_.avif","['whether full opening', 'No', 'High-concerned chemical', 'None', 'Applicable Season', 'Autumn And Winter', 'Applicable Scene', 'CASUAL', 'Hooded', 'No', 'Model Number', 'LX-W03', 'Decoration', 'NONE', 'Sleeve Style', 'regular', 'Place Of Origin', 'China (mainland)', 'Pattern Type', 'Solid', 'Item Type', 'Pullovers', 'Sleeve Length(cm)', 'Full', 'Thickness', 'Standard', 'Material', 'Wool', 'Collar', 'Turtleneck', 'Style', 'Casual', 'Gender', 'Men', 'Brand Name', 'LONGMING', 'Origin', 'China Mainland', 'CN', 'Hebei', 'Closure Type', 'None', 'Service', 'Wholesale, Dropshipping', 'Color', 'Blue,Black,Grey,Light Blue,Light Grey,Camel,Brown', ""Men's Sweater"", 'Pullover Knitted Turtleneck Sweater', ""Men's jumper"", ""Men's Long Sleeve Sweater"", 'Men Clothing', 'Winter Sweater', 'Occasion', 'Home,Office,Park,Appointment']",https://www.aliexpress.us/item/3256804576496761.html?algo_pvid=b315609a-17c2-4053-b7ed-1e306d6ec6f1&algo_exp_id=b315609a-17c2-4053-b7ed-1e306d6ec6f1-25&pdp_ext_f=%7B%22order%22%3A%2293%22%2C%22eval%22%3A%221%22%2C%22fromPage%22%3A%22search%22%7D&pdp_npi=6%40dis%21USD%21109.07%2133.81%21%21%21109.07%2133.81%21%402101529317754846725924738eadd6%2112000030379503770%21sea%21US%210%21ABX%211%210%21n_tag%3A-29910%3Bd%3A913ad4af%3Bm03_new_user%3A-29895&curPageLogUid=tj8aT0pVcLxQ&utparam-url=scene%3Asearch%7Cquery_from%3A%7Cx_object_id%3A1005004762811513%7C_p_origin_prod%3A
2024 Men's Sweater Korean Autumn Winter Fashion Men Clothing English Elements Sweater Men Casual Pullover O-Neck Sweaters Men,$15.24,"https://ae-pic-a1.aliexpress-media.com/kf/S127413adc15041ae9fbb59cd7d91aa75Q.jpg_220x220q75.jpg_.avif,https://ae-pic-a1.aliexpress-media.com/kf/S04aa67e0a935486497bfc92031b0f8cbm.jpg_220x220q75.jpg_.avif,https://ae-pic-a1.aliexpress-media.com/kf/Sa04296b9684a487aaf0a640a5e6ad721x.jpg_220x220q75.jpg_.avif,https://ae-pic-a1.aliexpress-media.com/kf/S0e17cd37004a47e1a24c6334435b2a63r.jpg_220x220q75.jpg_.avif,https://ae-pic-a1.aliexpress-media.com/kf/S127413adc15041ae9fbb59cd7d91aa75Q.jpg_220x220q75.jpg_.avif","['whether full opening', 'No', 'High-concerned chemical', 'None', 'Applicable Season', 'Autumn And Winter', 'Craft of Weaving', 'Knit', 'Applicable Scene', 'Daily', 'Hooded', 'No', 'Decoration', 'NONE', 'Sleeve Style', 'regular', 'Wool', 'Thin Wool', 'Place Of Origin', 'China (mainland)', 'Pattern Type', 'English elements', 'Item Type', 'Pullovers', 'Sleeve Length(cm)', 'Full', 'Thickness', 'Standard', 'Technics', 'Computer Knitted', 'Material', 'POLYESTER,COTTON', 'Collar', 'O-Neck', 'Style', 'Kpop', 'Gender', 'Men', 'Origin', 'China Mainland', 'CN', 'Guangdong', 'Closure Type', 'None', 'Color', 'Black,Blue,Green', 'Types of', 'Men Sweaters,Women Sweaters', 'Accessories', 'Does not contain', 'Season', 'Autumn Winter', 'Style of', 'Fashion Sweaters,Casual Sweaters']",https://www.aliexpress.us/item/3256807811816787.html?algo_pvid=b315609a-17c2-4053-b7ed-1e306d6ec6f1&algo_exp_id=b315609a-17c2-4053-b7ed-1e306d6ec6f1-29&pdp_ext_f=%7B%22order%22%3A%2292%22%2C%22eval%22%3A%221%22%2C%22fromPage%22%3A%22search%22%7D&pdp_npi=6%40dis%21USD%2147.58%2115.24%21%21%21325.92%21104.41%21%402101529317754846725924738eadd6%2112000043210211949%21sea%21US%210%21ABX%211%210%21n_tag%3A-29910%3Bd%3A913ad4af%3Bm03_new_user%3A-29895%3BpisId%3A5000000197847434&curPageLogUid=WAxJKbg6zgYn&utparam-url=scene%3Asearch%7Cquery_from%3A%7Cx_object_id%3A1005007998131539%7C_p_origin_prod%3A
Sweaters Men Pullovers Knitted Full Sleeve Mock Neck Tops Knit Solid Slim Fit Top Splice Casual Regular Autumn Winter 2024,$13.87,"https://ae-pic-a1.aliexpress-media.com/kf/S9f3903b96dd44054a2d9f8848cef7a48U.jpg_220x220q75.jpg_.avif,https://ae-pic-a1.aliexpress-media.com/kf/S9f3903b96dd44054a2d9f8848cef7a48U.jpg_220x220q75.jpg_.avif,https://ae-pic-a1.aliexpress-media.com/kf/S7e4062826c1641aeb2bf235ae1d2a131e.jpg_220x220q75.jpg_.avif,https://ae-pic-a1.aliexpress-media.com/kf/S6cc93421088b423e8f2392f0586cd76dk.jpg_220x220q75.jpg_.avif,https://ae-pic-a1.aliexpress-media.com/kf/S8f88561a27944a4c94d003630d7c07a88.jpg_220x220q75.jpg_.avif","['whether full opening', 'No', 'High-concerned chemical', 'None', 'Applicable Season', 'Autumn And Winter', 'Applicable Scene', 'Daily', 'Hooded', 'No', 'Model Number', 'gmj8526', 'Decoration', 'NONE', 'Sleeve Style', 'regular', 'Wool', 'Standard Wool', 'Place Of Origin', 'China (mainland)', 'Pattern Type', 'Solid', 'Item Type', 'Pullovers', 'Sleeve Length(cm)', 'Full', 'Thickness', 'Standard', 'Technics', 'Flat Knitted', 'Material', 'POLYESTER', 'Collar', 'Mock Neck', 'Style', 'Casual', 'Gender', 'Men', 'Brand Name', 'wulend', 'Origin', 'Mainland China', 'CN', 'Guangdong', 'Closure Type', 'None']",https://www.aliexpress.us/item/3256807933413138.html?algo_pvid=b315609a-17c2-4053-b7ed-1e306d6ec6f1&algo_exp_id=b315609a-17c2-4053-b7ed-1e306d6ec6f1-30&pdp_ext_f=%7B%22order%22%3A%2292%22%2C%22eval%22%3A%221%22%2C%22fromPage%22%3A%22search%22%7D&pdp_npi=6%40dis%21USD%2126.16%2113.87%21%21%21179.16%2194.95%21%402101529317754846725924738eadd6%2112000043870361101%21sea%21US%210%21ABX%211%210%21n_tag%3A-29910%3Bd%3A913ad4af%3Bm03_new_user%3A-29895&curPageLogUid=jUkxSO1ij9ze&utparam-url=scene%3Asearch%7Cquery_from%3A%7Cx_object_id%3A1005008119727890%7C_p_origin_prod%3A
"100% Pure Mink Cashmere Men's Round Neck Sweater For Autumn Winter, Casual Knitted Long Sleeved Pullover Sweater Men's Clothng",$46.93,"https://ae-pic-a1.aliexpress-media.com/kf/Sda4405173b3c4865a301abdebebfc7eaF.jpg_220x220q75.jpg_.avif,https://ae-pic-a1.aliexpress-media.com/kf/Sfe9a27689fb940cda0a7bdf117b027d32.jpg?has_lang=1&ver=1_220x220q75.jpg_.avif,https://ae-pic-a1.aliexpress-media.com/kf/Sc8c3f29dc7ed4637a7e74ce461218e14m.jpg_220x220q75.jpg_.avif,https://ae-pic-a1.aliexpress-media.com/kf/S57c58df9fc334968a124f5a4ddced99fl.jpg?has_lang=1&ver=1_220x220q75.jpg_.avif,https://ae-pic-a1.aliexpress-media.com/kf/S7ea11c35ee4745ad9e19b8e597913f0eq.jpg_220x220q75.jpg_.avif","['whether full opening', 'No', 'High-concerned chemical', 'None', 'Applicable Season', 'Autumn And Winter', 'Craft of Weaving', 'Knit', 'Applicable Scene', 'Office', 'Model Number', '029', 'Decoration', 'NONE', 'Sleeve Style', 'regular', 'Place Of Origin', 'China (mainland)', 'Pattern Type', 'Solid', 'Item Type', 'Pullovers', 'Sleeve Length(cm)', 'Full', 'Thickness', 'Standard', 'Technics', 'Computer Knitted', 'Material', 'Other', 'Collar', 'O-Neck', 'Style', 'Casual', 'Gender', 'Men', 'Brand Name', 'MVLYFLRT', 'Origin', 'China Mainland', 'CN', 'Hebei', 'Closure Type', 'None']",https://www.aliexpress.us/item/3256809152532482.html?algo_pvid=b315609a-17c2-4053-b7ed-1e306d6ec6f1&algo_exp_id=b315609a-17c2-4053-b7ed-1e306d6ec6f1-31&pdp_ext_f=%7B%22order%22%3A%2291%22%2C%22eval%22%3A%221%22%2C%22fromPage%22%3A%22search%22%7D&pdp_npi=6%40dis%21USD%2186.91%2146.93%21%21%2186.91%2146.93%21%402101529317754846725924738eadd6%2112000048803890478%21sea%21US%210%21ABX%211%210%21n_tag%3A-29910%3Bd%3A913ad4af%3Bm03_new_user%3A-29895&curPageLogUid=bPKETCVPk37w&utparam-url=scene%3Asearch%7Cquery_from%3A%7Cx_object_id%3A1005009338847234%7C_p_origin_prod%3A
Semir Sweater Men 2024 Winter New Machine-Washable Base Wool Sweater Solid Color Inner Wear Simple Versatile Pullover,$32.55,"https://ae-pic-a1.aliexpress-media.com/kf/Sd31003d851ea49fdbc96a17284cc366fd.jpg_220x220q75.jpg_.avif,https://ae-pic-a1.aliexpress-media.com/kf/S277c4b59bb99496f85baa04a55559030i.jpg_220x220q75.jpg_.avif,https://ae-pic-a1.aliexpress-media.com/kf/S6a49cfef38ff43e5ba572226b2394444K.jpg_220x220q75.jpg_.avif,https://ae-pic-a1.aliexpress-media.com/kf/S1bf5c749e08b4b5db6ff55c192a12d213.jpg_220x220q75.jpg_.avif,https://ae-pic-a1.aliexpress-media.com/kf/S87003228ecb5434b848a81ff1289aac0K.jpg_220x220q75.jpg_.avif","['whether full opening', 'No', 'High-concerned chemical', 'None', 'Applicable Season', 'Winter', 'Applicable Scene', 'Daily', 'Hooded', 'No', 'Model Number', '109724107105', 'Decoration', 'NONE', 'Sleeve Style', 'regular', 'Wool', 'Standard Wool', 'Place Of Origin', 'China (mainland)', 'Pattern Type', 'Solid', 'Item Type', 'Pullovers', 'Sleeve Length(cm)', 'Full', 'Thickness', 'Standard', 'Material', 'Wool', 'Collar', 'O-Neck', 'Style', 'Casual', 'Gender', 'Men', 'Brand Name', 'Semir', 'Origin', 'China Mainland', 'CN', 'Zhejiang']",https://www.aliexpress.us/item/3256807570319505.html?algo_pvid=b315609a-17c2-4053-b7ed-1e306d6ec6f1&algo_exp_id=b315609a-17c2-4053-b7ed-1e306d6ec6f1-32&pdp_ext_f=%7B%22order%22%3A%2290%22%2C%22eval%22%3A%221%22%2C%22fromPage%22%3A%22search%22%7D&pdp_npi=6%40dis%21USD%2181.37%2132.55%21%21%2181.37%2132.55%21%402101529317754846725924738eadd6%2112000042101074391%21sea%21US%210%21ABX%211%210%21n_tag%3A-29910%3Bd%3A913ad4af%3Bm03_new_user%3A-29895&curPageLogUid=CoQCVYBtWoXZ&utparam-url=scene%3Asearch%7Cquery_from%3A%7Cx_object_id%3A1005007756634257%7C_p_origin_prod%3A
Sweaters men 2024 winter korean style mens warm sweater mens fashion sweaters Splicing color patterns Men's wool pullovers male,$22.43,"https://ae-pic-a1.aliexpress-media.com/kf/Seba582b28b194bc2b5de64d374df2093D.jpg_220x220q75.jpg_.avif,https://ae-pic-a1.aliexpress-media.com/kf/Sd76ed95026054c82b9714fa2085f1d3a7.jpg_220x220q75.jpg_.avif,https://ae-pic-a1.aliexpress-media.com/kf/Sfda7b60a07ca479d8d90bab2e09602c2W.jpg_220x220q75.jpg_.avif,https://ae-pic-a1.aliexpress-media.com/kf/S712e88f4028b4f679225f6d0ad836894s.jpg_220x220q75.jpg_.avif,https://ae-pic-a1.aliexpress-media.com/kf/S8c3f43f279dc402fa7a56adaabbe3d09d.jpg_220x220q75.jpg_.avif","['Applicable Season', 'Winter', 'Applicable Scene', 'CASUAL', 'Hooded', 'No', 'Model Number', 'WE23971', 'Decoration', 'Pattern', 'Sleeve Style', 'regular', 'Wool', 'Thin Wool', 'Place Of Origin', 'China (mainland)', 'Pattern Type', 'Geometric', 'Item Type', 'Pullovers', 'Sleeve Length(cm)', 'Full', 'Thickness', 'Thick', 'Technics', 'Computer Knitted', 'Material', 'POLYESTER,Wool', 'Collar', 'O-Neck', 'Style', 'Korean', 'Gender', 'Men', 'Brand Name', 'KOLMAKOV', 'Origin', 'China Mainland', 'CN', 'Hubei', 'Closure Type', 'None']",https://www.aliexpress.us/item/3256805830857927.html?algo_pvid=b315609a-17c2-4053-b7ed-1e306d6ec6f1&algo_exp_id=b315609a-17c2-4053-b7ed-1e306d6ec6f1-33&pdp_ext_f=%7B%22order%22%3A%2290%22%2C%22eval%22%3A%221%22%2C%22fromPage%22%3A%22search%22%7D&pdp_npi=6%40dis%21USD%2132.04%2122.43%21%21%2132.04%2122.43%21%402101529317754846725924738eadd6%2112000035340622874%21sea%21US%210%21ABX%211%210%21n_tag%3A-29910%3Bd%3A913ad4af%3Bm03_new_user%3A-29895&curPageLogUid=4kfMQW0DxTsC&utparam-url=scene%3Asearch%7Cquery_from%3A%7Cx_object_id%3A1005006017172679%7C_p_origin_prod%3A
PLstar Cosmos Christmas Jingle Beer 3D Printed Men's Ugly Christmas Sweater Winter Unisex Casual Warm Knitwear Pullover MY22,$15.54,"https://ae-pic-a1.aliexpress-media.com/kf/S4b5345c989864ae3885c84c60146b19er.jpg_220x220q75.jpg_.avif,https://ae-pic-a1.aliexpress-media.com/kf/S5af766a6ac04474da672fa2ffc301fdfq.jpg_220x220q75.jpg_.avif,https://ae-pic-a1.aliexpress-media.com/kf/S623cc298ea9341bfbec366d9079ff364r.jpg_220x220q75.jpg_.avif,https://ae-pic-a1.aliexpress-media.com/kf/S7239f7d05113486bb0b3e1f18ad568655.jpg_220x220q75.jpg_.avif,https://ae-pic-a1.aliexpress-media.com/kf/S437a3064c7f94aef992d3bb5260b1c48q.jpg_220x220q75.jpg_.avif","['whether full opening', 'No', 'High-concerned chemical', 'None', 'Applicable Season', 'Winter', 'Craft of Weaving', 'Knit', 'Applicable Scene', 'Daily', 'Hooded', 'No', 'Decoration', 'NONE', 'Sleeve Style', 'regular', 'Wool', 'Standard Wool', 'Place Of Origin', 'China (mainland)', 'Pattern Type', 'Print', 'Item Type', 'Pullovers', 'Sleeve Length(cm)', 'Full', 'Thickness', 'Thick', 'Technics', 'Computer Knitted', 'Material', 'POLYESTER,Elastane', 'Collar', 'O-Neck', 'Style', 'Casual', 'Gender', 'Men', 'Brand Name', 'PLstar Cosmos', 'Origin', 'China Mainland', 'CN', 'Guangdong', 'Closure Type', 'None']",https://www.aliexpress.us/item/3256806041160657.html?algo_pvid=b315609a-17c2-4053-b7ed-1e306d6ec6f1&algo_exp_id=b315609a-17c2-4053-b7ed-1e306d6ec6f1-38&pdp_ext_f=%7B%22order%22%3A%2288%22%2C%22eval%22%3A%221%22%2C%22fromPage%22%3A%22search%22%7D&pdp_npi=6%40dis%21USD%2121.59%2115.54%21%21%2121.59%2115.54%21%402101529317754846725924738eadd6%2112000036370784774%21sea%21US%210%21ABX%211%210%21n_tag%3A-29910%3Bd%3A913ad4af%3Bm03_new_user%3A-29895&curPageLogUid=O9i1LUtVtyEP&utparam-url=scene%3Asearch%7Cquery_from%3A%7Cx_object_id%3A1005006227475409%7C_p_origin_prod%3A
Autumn Winter Fashion Patchwork Knitted Sweater Men Youthful Vitality Streetwear Knit Pullovers Mens Slim Fit Y2K Sweater Tops,$11.67,"https://ae-pic-a1.aliexpress-media.com/kf/S52ef713f6f78423594c83c0e333b80edR.jpg_220x220q75.jpg_.avif,https://ae-pic-a1.aliexpress-media.com/kf/S4fba750f8d7746cab6d2601f20fd651eE.jpg_220x220q75.jpg_.avif,https://ae-pic-a1.aliexpress-media.com/kf/Sae229ca2dbd24a2b8e917ba2bd9cabfcy.jpg_220x220q75.jpg_.avif,https://ae-pic-a1.aliexpress-media.com/kf/S2fc413c27bd84069af732bd170ce2b79J.jpg_220x220q75.jpg_.avif,https://ae-pic-a1.aliexpress-media.com/kf/S9d953c4e8ab745729295fe94680241f4t.jpg?has_lang=1&ver=2_220x220q75.jpg_.avif","['whether full opening', 'No', 'High-concerned chemical', 'None', 'Applicable Season', 'Autumn And Winter', 'Craft of Weaving', 'Knit', 'Applicable Scene', 'Daily', 'Hooded', 'No', 'Decoration', 'NONE', 'Sleeve Style', 'regular', 'Wool', 'Standard Wool', 'Pattern Type', 'Patchwork', 'Item Type', 'Pullovers', 'Sleeve Length(cm)', 'Full', 'Thickness', 'Standard', 'Technics', 'Computer Knitted', 'Material', 'POLYESTER,Acrylic', 'Collar', 'O-Neck', 'Style', 'Casual', 'Gender', 'Men', 'Brand Name', 'FAVOCENT', 'Origin', 'China Mainland', 'CN', 'Zhejiang', 'Closure Type', 'None']",https://www.aliexpress.us/item/3256809133833258.html?algo_pvid=b315609a-17c2-4053-b7ed-1e306d6ec6f1&algo_exp_id=b315609a-17c2-4053-b7ed-1e306d6ec6f1-39&pdp_ext_f=%7B%22order%22%3A%2288%22%2C%22spu_best_type%22%3A%22price%22%2C%22eval%22%3A%221%22%2C%22fromPage%22%3A%22search%22%7D&pdp_npi=6%40dis%21USD%2123.82%2111.67%21%21%2123.82%2111.67%21%402101529317754846725924738eadd6%2112000048739128019%21sea%21US%210%21ABX%211%210%21n_tag%3A-29910%3Bd%3A913ad4af%3Bm03_new_user%3A-29895&curPageLogUid=2Yya9AekY7AL&utparam-url=scene%3Asearch%7Cquery_from%3A%7Cx_object_id%3A1005009320148010%7C_p_origin_prod%3A
Tie Dye Y2K Sweaters Harajuku Hip Hop Streetwear Knitted Pullover Sweater 2024 Unisex New Casual Slim Sweater Jumper Knitwear,$30.13,"https://ae-pic-a1.aliexpress-media.com/kf/S89b528b700254e90b0e397e7e8101aaf6.jpg_220x220q75.jpg_.avif,https://ae-pic-a1.aliexpress-media.com/kf/S9110feaf8cc64fbcaa28a2f708bd3562n.jpg_220x220q75.jpg_.avif,https://ae-pic-a1.aliexpress-media.com/kf/S8f69eac7f88a4251aa724750df11abddO.jpg_220x220q75.jpg_.avif,https://ae-pic-a1.aliexpress-media.com/kf/S97eb59cc7593497d8b2888c4f0e74116p.jpg_220x220q75.jpg_.avif,https://ae-pic-a1.aliexpress-media.com/kf/S24af8c1900ec426782c2ce263c581eceJ.jpg_220x220q75.jpg_.avif","['whether full opening', 'No', 'High-concerned chemical', 'None', 'Applicable Season', 'Autumn And Winter', 'Craft of Weaving', 'Knit', 'Applicable Scene', 'Daily', 'Hooded', 'No', 'Model Number', 'dropshipping', 'Decoration', 'NONE', 'Sleeve Style', 'regular', 'Wool', 'Standard Wool', 'Place Of Origin', 'China (mainland)', 'Pattern Type', 'Solid', 'Item Type', 'Pullovers', 'Sleeve Length(cm)', 'Full', 'Thickness', 'Standard', 'Technics', 'Computer Knitted', 'Material', 'POLYESTER,Acrylic', 'Collar', 'Mock Neck', 'Style', 'HIP HOP', 'Gender', 'Men', 'Brand Name', 'ELKMU', 'Origin', 'China Mainland', 'CN', 'Guangdong', 'Closure Type', 'None', 'Style 1', 'Y2K Sweaters', 'Style 2', 'Gothic Sweaters', 'Style 3', 'Punk Sweaters', 'Style 4', 'Hip Hop Sweaters', 'Style 5', 'Harajuku Sweaters', 'Style 6', 'Hi street Sweaters', 'Style 7', 'Japan Style Sweaters', 'Style 8', 'Fahion.Chic Sweaters', 'Style 9', 'Preppy Sweaters', 'Style 10', 'Korean Sweaters', 'Style 11', 'Outdoor Sports Sweaters', 'Style 12', 'Streetwear Sweaters', 'Style 13', 'Anime Sweaters', 'Style 14', 'Graphic Sweaters', 'Style 15', 'Oversized Sweaters', 'Style 16', 'Sweater Men Women']",https://www.aliexpress.us/item/3256807287340762.html?algo_pvid=b315609a-17c2-4053-b7ed-1e306d6ec6f1&algo_exp_id=b315609a-17c2-4053-b7ed-1e306d6ec6f1-40&pdp_ext_f=%7B%22order%22%3A%2287%22%2C%22eval%22%3A%221%22%2C%22fromPage%22%3A%22search%22%7D&pdp_npi=6%40dis%21USD%2148.60%2130.13%21%21%2148.60%2130.13%21%402101529317754846725924738eadd6%2112000040897777711%21sea%21US%210%21ABX%211%210%21n_tag%3A-29910%3Bd%3A913ad4af%3Bm03_new_user%3A-29895&curPageLogUid=FPgdOULCbiHE&utparam-url=scene%3Asearch%7Cquery_from%3A%7Cx_object_id%3A1005007473655514%7C_p_origin_prod%3A
Men's thick cashmere sweater 100% pure cashmere round neck cashmere sweater 2024 new spring and winter knit base shirt,$42.81,"https://ae-pic-a1.aliexpress-media.com/kf/S6add2c2b3c8446ccb8d396668f200d06d.jpg_220x220q75.jpg_.avif,https://ae-pic-a1.aliexpress-media.com/kf/Sbc7fccc4f231450bb88155a1a84fa58bL.jpg_220x220q75.jpg_.avif,https://ae-pic-a1.aliexpress-media.com/kf/S3c96be5ec2644413876187fb3a82a4e3P.jpg_220x220q75.jpg_.avif,https://ae-pic-a1.aliexpress-media.com/kf/Sa278bb9011fb4ee8b0b60c079243857fm.jpg_220x220q75.jpg_.avif,https://ae-pic-a1.aliexpress-media.com/kf/S7d9beac6d0214fbb84e94dc4a8bea5d9b.jpg_220x220q75.jpg_.avif","['whether full opening', 'No', 'High-concerned chemical', 'None', 'Applicable Season', 'Autumn And Winter', 'Craft of Weaving', 'Knit', 'Applicable Scene', 'Office', 'Hooded', 'No', 'Model Number', 'D97', 'Decoration', 'NONE', 'Sleeve Style', 'regular', 'Place Of Origin', 'China (mainland)', 'Pattern Type', 'Solid', 'Item Type', 'Pullovers', 'Sleeve Length(cm)', 'Full', 'Thickness', 'Standard', 'Technics', 'Flat Knitted', 'Material', 'CASHMERE', 'Collar', 'O-Neck', 'Style', 'Casual', 'Gender', 'Men', 'Brand Name', 'Emperoe Goat', 'Origin', 'China Mainland', 'CN', 'Hebei', 'Closure Type', 'None']",https://www.aliexpress.us/item/3256807531078985.html?algo_pvid=b315609a-17c2-4053-b7ed-1e306d6ec6f1&algo_exp_id=b315609a-17c2-4053-b7ed-1e306d6ec6f1-41&pdp_ext_f=%7B%22order%22%3A%2287%22%2C%22eval%22%3A%221%22%2C%22fromPage%22%3A%22search%22%7D&pdp_npi=6%40dis%21USD%21112.66%2142.81%21%21%21112.66%2142.81%21%402101529317754846725924738eadd6%2112000041955424983%21sea%21US%210%21ABX%211%210%21n_tag%3A-29910%3Bd%3A913ad4af%3Bm03_new_user%3A-29895&curPageLogUid=nHzTgIVAgybd&utparam-url=scene%3Asearch%7Cquery_from%3A%7Cx_object_id%3A1005007717393737%7C_p_origin_prod%3A
Brand Clothing High Quality Fashion Sweaters/Male Loose Casual Knitted Pullover/Man Casual Round Neck Sweaters M-3XL,$15.55,"https://ae-pic-a1.aliexpress-media.com/kf/S115aa44fa2c54252a6bec9107590e223w.jpg_220x220q75.jpg_.avif,https://ae-pic-a1.aliexpress-media.com/kf/Seff59aa140a64578a07b888e8a913d23K.jpg_220x220q75.jpg_.avif,https://ae-pic-a1.aliexpress-media.com/kf/Sb024751b4c6a41459944611ac7ff809aS.jpg_220x220q75.jpg_.avif,https://ae-pic-a1.aliexpress-media.com/kf/S702af52a27414b0b89ba8a13ab39ece37.jpg_220x220q75.jpg_.avif,https://ae-pic-a1.aliexpress-media.com/kf/S1d371d3dad964e6f93af8311c6be1e13D.jpg_220x220q75.jpg_.avif","['whether full opening', 'No', 'High-concerned chemical', 'None', 'Applicable Season', 'Autumn And Winter', 'Applicable Scene', 'Daily', 'Hooded', 'No', 'Decoration', 'NONE', 'Sleeve Style', 'regular', 'Wool', 'Standard Wool', 'Place Of Origin', 'China (mainland)', 'Pattern Type', 'Solid', 'Item Type', 'Pullovers', 'Sleeve Length(cm)', 'Full', 'Thickness', 'Thick', 'Technics', 'Computer Knitted', 'Material', 'POLYESTER', 'Collar', 'O-Neck', 'Style', 'Casual', 'Gender', 'Men', 'Brand Name', 'ZHUIHUASHA', 'Origin', 'China Mainland', 'CN', 'Jiangsu', 'Closure Type', 'None']",https://www.aliexpress.us/item/3256807131707992.html?algo_pvid=b315609a-17c2-4053-b7ed-1e306d6ec6f1&algo_exp_id=b315609a-17c2-4053-b7ed-1e306d6ec6f1-46&pdp_ext_f=%7B%22order%22%3A%2286%22%2C%22eval%22%3A%221%22%2C%22fromPage%22%3A%22search%22%7D&pdp_npi=6%40dis%21USD%2151.13%2115.55%21%21%21350.23%21106.54%21%402101529317754846725924738eadd6%2112000040238468522%21sea%21US%210%21ABX%211%210%21n_tag%3A-29910%3Bd%3A913ad4af%3Bm03_new_user%3A-29895%3BpisId%3A5000000197847434&curPageLogUid=792cLRZxdJwF&utparam-url=scene%3Asearch%7Cquery_from%3A%7Cx_object_id%3A1005007318022744%7C_p_origin_prod%3A
High End Brand Trend Letter Embroidery Knitted Sweater Men's Autumn Winter New Plush Thickened Casual Warm High Collar Pullover,$21.79,"https://ae-pic-a1.aliexpress-media.com/kf/Sca86cb14d6c1469b888c96c8f73d3139Q.jpg?has_lang=1&ver=2_220x220q75.jpg_.avif,https://ae-pic-a1.aliexpress-media.com/kf/S54807638ec944030ac6f90d27810abd85.jpg?has_lang=1&ver=2_220x220q75.jpg_.avif,https://ae-pic-a1.aliexpress-media.com/kf/S73541c2f939941eba9c6951c02e00711i.jpg?has_lang=1&ver=2_220x220q75.jpg_.avif,https://ae-pic-a1.aliexpress-media.com/kf/Se2947d9e0aa944bdbb2c0c79d1371d45E.jpg?has_lang=1&ver=2_220x220q75.jpg_.avif,https://ae-pic-a1.aliexpress-media.com/kf/S19416ab0ae48403d90a2bc0c7fdbfde1d.jpg?has_lang=1&ver=2_220x220q75.jpg_.avif","['whether full opening', 'No', 'High-concerned chemical', 'None', 'Applicable Season', 'Autumn And Winter', 'Applicable Scene', 'Daily', 'Hooded', 'No', 'Decoration', 'Embroidery', 'Sleeve Style', 'regular', 'Place Of Origin', 'China (mainland)', 'Pattern Type', 'Letter', 'Item Type', 'Pullovers', 'Sleeve Length(cm)', 'Full', 'Thickness', 'Thick', 'Technics', 'Computer Knitted', 'Material', 'POLYESTER,Acrylic', 'Collar', 'Turtleneck', 'Style', 'Youthful vitality', 'Gender', 'Men', 'Brand Name', 'Namou Drane', 'Origin', 'China Mainland', 'CN', 'Guangdong', 'Closure Type', 'Zipper', 'CN', 'Guangdong']",https://www.aliexpress.us/item/3256807898470855.html?algo_pvid=b315609a-17c2-4053-b7ed-1e306d6ec6f1&algo_exp_id=b315609a-17c2-4053-b7ed-1e306d6ec6f1-47&pdp_ext_f=%7B%22order%22%3A%2286%22%2C%22eval%22%3A%221%22%2C%22fromPage%22%3A%22search%22%7D&pdp_npi=6%40dis%21USD%2143.59%2121.79%21%21%2143.59%2121.79%21%402101529317754846725924738eadd6%2112000043620100584%21sea%21US%210%21ABX%211%210%21n_tag%3A-29910%3Bd%3A913ad4af%3Bm03_new_user%3A-29895&curPageLogUid=McsWnnKBIxDU&utparam-url=scene%3Asearch%7Cquery_from%3A%7Cx_object_id%3A1005008084785607%7C_p_origin_prod%3A
Winter Lapel Sweater Men Warm Fashion Casual Knit Pullover Men Korean Loose Zipper Long Sleeve Sweater Mens Jumper Clothes,$37.84,"https://ae-pic-a1.aliexpress-media.com/kf/Sd1181ef61c7d4a11bbf1848bde2a79825.jpg_220x220q75.jpg_.avif,https://ae-pic-a1.aliexpress-media.com/kf/Sd309697879eb4e7795556aa81a2cf477o.jpg_220x220q75.jpg_.avif,https://ae-pic-a1.aliexpress-media.com/kf/S1b2e6825e94a428082dd1c6e468e3c983.jpg_220x220q75.jpg_.avif,https://ae-pic-a1.aliexpress-media.com/kf/S5b6b175b92a8490485664b2953301ea7n.jpg_220x220q75.jpg_.avif,https://ae-pic-a1.aliexpress-media.com/kf/S2acd1df0d068478eae779fce07fc92c9P.jpg_220x220q75.jpg_.avif","['whether full opening', 'No', 'High-concerned chemical', 'None', 'Applicable Season', 'Autumn And Winter', 'Craft of Weaving', 'Knit', 'Applicable Scene', 'CASUAL', 'Hooded', 'No', 'Model Number', 'M156-P75', 'Decoration', 'NONE', 'Sleeve Style', 'regular', 'Wool', 'Standard Wool', 'Place Of Origin', 'China (mainland)', 'Pattern Type', 'Solid', 'Item Type', 'Pullovers', 'Sleeve Length(cm)', 'Full', 'Thickness', 'Standard', 'Technics', 'Crocheted', 'Material', 'POLYESTER', 'Collar', 'Turn-Down Collar', 'Style', 'Casual', 'Gender', 'Men', 'Brand Name', 'Uyuk', 'Origin', 'China Mainland', 'CN', 'Zhejiang', 'Closure Type', 'Zipper']",https://www.aliexpress.us/item/3256804502111648.html?algo_pvid=b315609a-17c2-4053-b7ed-1e306d6ec6f1&algo_exp_id=b315609a-17c2-4053-b7ed-1e306d6ec6f1-48&pdp_ext_f=%7B%22order%22%3A%2286%22%2C%22eval%22%3A%221%22%2C%22fromPage%22%3A%22search%22%7D&pdp_npi=6%40dis%21USD%2160.06%2137.84%21%21%2160.06%2137.84%21%402101529317754846725924738eadd6%2112000030105788405%21sea%21US%210%21ABX%211%210%21n_tag%3A-29910%3Bd%3A913ad4af%3Bm03_new_user%3A-29895&curPageLogUid=sHAtPwMxc5C2&utparam-url=scene%3Asearch%7Cquery_from%3A%7Cx_object_id%3A1005004688426400%7C_p_origin_prod%3A
2025 Autumn Winter Turtleneck Sweater Men Slim Fit Knit Pullovers Fashion Warm Casual knitted Sweater Mens Long Sleeve Pullovers,$13.71,"https://ae-pic-a1.aliexpress-media.com/kf/Sca9854c931a242c393e399bae047fd28t.jpg_220x220q75.jpg_.avif,https://ae-pic-a1.aliexpress-media.com/kf/Sdc7dfa782dd040538a913893bd8f2a6dH.jpg_220x220q75.jpg_.avif,https://ae-pic-a1.aliexpress-media.com/kf/Se04bae5654e447eca5a461b7ff27e85f3.jpg_220x220q75.jpg_.avif,https://ae-pic-a1.aliexpress-media.com/kf/S90bb83c57be74b29bd1631cd0c5ec6ebo.jpg_220x220q75.jpg_.avif,https://ae-pic-a1.aliexpress-media.com/kf/S39aa5a5bbd094717a4f0259275034f81Q.jpg_220x220q75.jpg_.avif","['whether full opening', 'No', 'High-concerned chemical', 'None', 'Applicable Season', 'Autumn And Winter', 'Craft of Weaving', 'Knit', 'Applicable Scene', 'Daily', 'Hooded', 'No', 'Decoration', 'NONE', 'Sleeve Style', 'regular', 'Wool', 'Standard Wool', 'Pattern Type', 'Solid', 'Item Type', 'Pullovers', 'Sleeve Length(cm)', 'Full', 'Thickness', 'Standard', 'Technics', 'Computer Knitted', 'Material', 'POLYESTER', 'Collar', 'Turtleneck', 'Style', 'Casual', 'Gender', 'Men', 'Brand Name', 'FAVOCENT', 'Origin', 'China Mainland', 'CN', 'Zhejiang', 'Closure Type', 'None']",https://www.aliexpress.us/item/3256807400081624.html?algo_pvid=b315609a-17c2-4053-b7ed-1e306d6ec6f1&algo_exp_id=b315609a-17c2-4053-b7ed-1e306d6ec6f1-49&pdp_ext_f=%7B%22order%22%3A%2285%22%2C%22eval%22%3A%221%22%2C%22fromPage%22%3A%22search%22%7D&pdp_npi=6%40dis%21USD%2127.98%2113.71%21%21%2127.98%2113.71%21%402101529317754846725924738eadd6%2112000041398938536%21sea%21US%210%21ABX%211%210%21n_tag%3A-29910%3Bd%3A913ad4af%3Bm03_new_user%3A-29895&curPageLogUid=QNmEQKm7EvDt&utparam-url=scene%3Asearch%7Cquery_from%3A%7Cx_object_id%3A1005007586396376%7C_p_origin_prod%3A
Vintage Cute Frog Yoga Mushroom Art Pattern 3D Printed Men's Knitted Pullover Winter Unisex Casual Knit Pullover Sweater ZZM120,$15.59,"https://ae-pic-a1.aliexpress-media.com/kf/Scf3a8ef2e17142a7b80fb3b339f0d2ady.jpeg_220x220q75.jpeg_.avif,https://ae-pic-a1.aliexpress-media.com/kf/Sb8a553d8a43747d1856d441c6f0d5ff3t.jpeg_220x220q75.jpeg_.avif,https://ae-pic-a1.aliexpress-media.com/kf/Se28a25ebcc964297926d39842831cd08c.jpeg_220x220q75.jpeg_.avif,https://ae-pic-a1.aliexpress-media.com/kf/S929d606911fb40a19f3c6cd845263fd8T.jpeg_220x220q75.jpeg_.avif,https://ae-pic-a1.aliexpress-media.com/kf/S2c3e19bd6ddc4bde806807b8b32a5916G.jpeg_220x220q75.jpeg_.avif","['whether full opening', 'No', 'High-concerned chemical', 'None', 'Applicable Season', 'Winter', 'Craft of Weaving', 'Knit', 'Applicable Scene', 'Daily', 'Hooded', 'No', 'Decoration', 'NONE', 'Sleeve Style', 'regular', 'Wool', 'Standard Wool', 'Place Of Origin', 'China (mainland)', 'Pattern Type', 'Print', 'Item Type', 'Pullovers', 'Sleeve Length(cm)', 'Full', 'Thickness', 'Thick', 'Technics', 'Computer Knitted', 'Material', 'POLYESTER,Elastane', 'Collar', 'O-Neck', 'Style', 'Casual', 'Gender', 'Men', 'Brand Name', 'PLstar Cosmos', 'Origin', 'China Mainland', 'CN', 'Guangdong', 'Closure Type', 'None']",https://www.aliexpress.us/item/3256806128188554.html?algo_pvid=b315609a-17c2-4053-b7ed-1e306d6ec6f1&algo_exp_id=b315609a-17c2-4053-b7ed-1e306d6ec6f1-50&pdp_ext_f=%7B%22order%22%3A%2285%22%2C%22eval%22%3A%221%22%2C%22fromPage%22%3A%22search%22%7D&pdp_npi=6%40dis%21USD%2122.59%2115.59%21%21%2122.59%2115.59%21%402101529317754846725924738eadd6%2112000036726070729%21sea%21US%210%21ABX%211%210%21n_tag%3A-29910%3Bd%3A913ad4af%3Bm03_new_user%3A-29895&curPageLogUid=X0Z7ccAVNcer&utparam-url=scene%3Asearch%7Cquery_from%3A%7Cx_object_id%3A1005006314503306%7C_p_origin_prod%3A
Fashion Patchwork Knitted Sweater Men Autumn Winter Mock Neck Long Sleeve Knit Pullovers Mens Youthful Vitality Casual Sweater,$25.90,"https://ae-pic-a1.aliexpress-media.com/kf/S6a6537368717477997dda905c0da2ebb5.jpg_220x220q75.jpg_.avif,https://ae-pic-a1.aliexpress-media.com/kf/S09f51e452bbb4894bda869633487c8479.jpg_220x220q75.jpg_.avif,https://ae-pic-a1.aliexpress-media.com/kf/S02ef5ef9233048caae81d4a2e017f505f.jpg_220x220q75.jpg_.avif,https://ae-pic-a1.aliexpress-media.com/kf/Sab429729bdd649e6bcc203f5160e73c69.jpg_220x220q75.jpg_.avif,https://ae-pic-a1.aliexpress-media.com/kf/Sccf2ceeebe264f949ee8f1d8161d533ar.jpg_220x220q75.jpg_.avif","['whether full opening', 'No', 'High-concerned chemical', 'None', 'Applicable Season', 'Autumn And Winter', 'Craft of Weaving', 'Knit', 'Applicable Scene', 'Daily', 'Hooded', 'No', 'Decoration', 'NONE', 'Sleeve Style', 'regular', 'Wool', 'Standard Wool', 'Pattern Type', 'Patchwork', 'Item Type', 'Pullovers', 'Sleeve Length(cm)', 'Full', 'Thickness', 'Standard', 'Technics', 'Computer Knitted', 'Material', 'POLYESTER', 'Collar', 'Mock Neck', 'Style', 'Casual', 'Gender', 'Men', 'Brand Name', 'FAVOCENT', 'Origin', 'China Mainland', 'CN', 'Zhejiang', 'Closure Type', 'None']",https://www.aliexpress.us/item/3256807656181940.html?algo_pvid=b315609a-17c2-4053-b7ed-1e306d6ec6f1&algo_exp_id=b315609a-17c2-4053-b7ed-1e306d6ec6f1-51&pdp_ext_f=%7B%22order%22%3A%2285%22%2C%22eval%22%3A%221%22%2C%22fromPage%22%3A%22search%22%7D&pdp_npi=6%40dis%21USD%2152.85%2125.90%21%21%2152.85%2125.90%21%402101529317754846725924738eadd6%2112000042461651789%21sea%21US%210%21ABX%211%210%21n_tag%3A-29910%3Bd%3A913ad4af%3Bm03_new_user%3A-29895&curPageLogUid=Br0h92nUAXrB&utparam-url=scene%3Asearch%7Cquery_from%3A%7Cx_object_id%3A1005007842496692%7C_p_origin_prod%3A
Men Oversized Y2K Sweaters Dinosaur Graphic Knitted Jumpers Streetwear Harajuku Hip Hop Pullover Sweaters Knitwear,$26.96,"https://ae-pic-a1.aliexpress-media.com/kf/S6fce6bf1f5754ee6914559cbd5aad3dfV.jpg?has_lang=1&ver=1_220x220q75.jpg_.avif,https://ae-pic-a1.aliexpress-media.com/kf/S356a8a233ade4ccd8c791b4ddacf6073p.jpg?has_lang=1&ver=1_220x220q75.jpg_.avif,https://ae-pic-a1.aliexpress-media.com/kf/Sed091a5fc7454aa5858499c0ce0b5110z.jpg_220x220q75.jpg_.avif,https://ae-pic-a1.aliexpress-media.com/kf/Seec2874e52d94f6eb815b6bf05e1c1ee6.jpg_220x220q75.jpg_.avif,https://ae-pic-a1.aliexpress-media.com/kf/S65927038c962446b927630771a15f02fE.jpg?has_lang=1&ver=1_220x220q75.jpg_.avif","['whether full opening', 'No', 'High-concerned chemical', 'None', 'Applicable Season', 'Autumn And Winter', 'Craft of Weaving', 'Tatting', 'Applicable Scene', 'Daily', 'Hooded', 'No', 'Model Number', 'dropshipping', 'Decoration', 'NONE', 'Sleeve Style', 'regular', 'Wool', 'Standard Wool', 'Place Of Origin', 'China (mainland)', 'Pattern Type', 'Cartoon', 'Item Type', 'Pullovers', 'Sleeve Length(cm)', 'Full', 'Thickness', 'Standard', 'Technics', 'Computer Knitted', 'Material', 'POLYESTER,Acrylic', 'Collar', 'O-Neck', 'Style', 'HIP HOP', 'Gender', 'Men', 'Brand Name', 'ELKMU', 'Origin', 'China Mainland', 'CN', 'Guangdong', 'Closure Type', 'None', 'Style 1', 'Y2K Sweaters', 'Style 2', 'Gothic Sweaters', 'Style 3', 'Punk Sweaters', 'Style 4', 'Hip Hop Sweaters', 'Style 5', 'Harajuku Sweaters', 'Style 6', 'Hi street Sweaters', 'Style 7', 'Japan Style Sweaters', 'Style 8', 'Fahion.Chic Sweaters', 'Style 9', 'Preppy Sweaters', 'Style 10', 'Korean Sweaters', 'Style 11', 'Outdoor Sports Sweaters', 'Style 12', 'Streetwear Sweaters', 'Style 13', 'Anime Sweaters', 'Style 14', 'Graphic Sweaters', 'Style 15', 'Oversized Sweaters', 'Style 16', 'Sweater Men Women']",https://www.aliexpress.us/item/3256810118744290.html?algo_pvid=b315609a-17c2-4053-b7ed-1e306d6ec6f1&algo_exp_id=b315609a-17c2-4053-b7ed-1e306d6ec6f1-52&pdp_ext_f=%7B%22order%22%3A%2285%22%2C%22eval%22%3A%221%22%2C%22fromPage%22%3A%22search%22%7D&pdp_npi=6%40dis%21USD%2144.20%2126.96%21%21%2144.20%2126.96%21%402101529317754846725924738eadd6%2112000051868901892%21sea%21US%210%21ABX%211%210%21n_tag%3A-29910%3Bd%3A913ad4af%3Bm03_new_user%3A-29895&curPageLogUid=xFBJMnqr6h1M&utparam-url=scene%3Asearch%7Cquery_from%3A%7Cx_object_id%3A1005010305059042%7C_p_origin_prod%3A
Classic Letter Logo Jacquard Saint Sweater Men Women Couple Casual Black Knitted Sweatshirts High Quality Crewneck Pullovers,$36.25,"https://ae-pic-a1.aliexpress-media.com/kf/S701fdfeac1f64ac4a25c329637cd92d71.jpg_220x220q75.jpg_.avif,https://ae-pic-a1.aliexpress-media.com/kf/S779e25fd06c94d9483c976282c3ae57fd.jpg_220x220q75.jpg_.avif,https://ae-pic-a1.aliexpress-media.com/kf/S9e010ac1f795482ba00173cf29216637F.jpg_220x220q75.jpg_.avif,https://ae-pic-a1.aliexpress-media.com/kf/Sd50e9fb2be4343a59132cdebb1a97da7m.jpg_220x220q75.jpg_.avif,https://ae-pic-a1.aliexpress-media.com/kf/Sca8b33cb41ce4d139b33360871382ca5d.jpg_220x220q75.jpg_.avif","['whether full opening', 'No', 'High-concerned chemical', 'None', 'Applicable Season', 'Autumn And Winter', 'Craft of Weaving', 'Knit', 'Applicable Scene', 'CASUAL', 'Hooded', 'No', 'Decoration', 'NONE', 'Sleeve Style', 'regular', 'Wool', 'Standard Wool', 'Place Of Origin', 'China (mainland)', 'Pattern Type', 'Letter', 'Item Type', 'Pullovers', 'Sleeve Length(cm)', 'Full', 'Thickness', 'Standard', 'Technics', 'Flat Knitted', 'Material', 'COTTON', 'Collar', 'O-Neck', 'Style', 'Casual', 'Gender', 'Men', 'Origin', 'China Mainland', 'CN', 'Guangdong', 'Closure Type', 'None', 'Name', 'Saint']",https://www.aliexpress.us/item/3256807803168043.html?algo_pvid=b315609a-17c2-4053-b7ed-1e306d6ec6f1&algo_exp_id=b315609a-17c2-4053-b7ed-1e306d6ec6f1-53&pdp_ext_f=%7B%22order%22%3A%2285%22%2C%22eval%22%3A%221%22%2C%22fromPage%22%3A%22search%22%7D&pdp_npi=6%40dis%21USD%2142.65%2136.25%21%21%2142.65%2136.25%21%402101529317754846725924738eadd6%2112000043175110001%21sea%21US%210%21ABX%211%210%21n_tag%3A-29910%3Bd%3A913ad4af%3Bm03_new_user%3A-29895&curPageLogUid=TZlxdrzSyVQj&utparam-url=scene%3Asearch%7Cquery_from%3A%7Cx_object_id%3A1005007989482795%7C_p_origin_prod%3A
"European and American New Style Men Long-sleeved Sweaters for Autumn and Winter, Cold-proof and Warm-keeping Wool Men's Sweaters",$12.41,"https://ae-pic-a1.aliexpress-media.com/kf/S083a3e64bb284e2b86985661896fe786M.jpg_220x220q75.jpg_.avif,https://ae-pic-a1.aliexpress-media.com/kf/S77050707e08845858e3465e4572eb9e6f.jpg_220x220q75.jpg_.avif,https://ae-pic-a1.aliexpress-media.com/kf/S74267336787f4fce8ccee767ab3a9b46N.jpg_220x220q75.jpg_.avif,https://ae-pic-a1.aliexpress-media.com/kf/S12bcaa5d40e3441b8cb49fce73cb44d5v.jpg_220x220q75.jpg_.avif,https://ae-pic-a1.aliexpress-media.com/kf/S12bcaa5d40e3441b8cb49fce73cb44d5v.jpg_220x220q75.jpg_.avif","['whether full opening', 'No', 'High-concerned chemical', 'None', 'Applicable Season', 'Autumn And Winter', 'Craft of Weaving', 'Tatting', 'Applicable Scene', 'CASUAL', 'Hooded', 'No', 'Model Number', 'GJNX861', 'Sleeve Style', 'regular', 'Wool', 'Standard Wool', 'Place Of Origin', 'China (mainland)', 'Pattern Type', 'Solid', 'Item Type', 'Sweatercoat', 'Sleeve Length(cm)', 'Full', 'Thickness', 'Standard', 'Technics', 'Flat Knitted', 'Material', 'POLYESTER', 'Collar', 'O-Neck', 'Style', 'Casual', 'Gender', 'Men', 'Brand Name', 'naupang', 'Origin', 'China Mainland', 'CN', 'Guangdong', 'Closure Type', 'None']",https://www.aliexpress.us/item/3256807484930350.html?algo_pvid=b315609a-17c2-4053-b7ed-1e306d6ec6f1&algo_exp_id=b315609a-17c2-4053-b7ed-1e306d6ec6f1-54&pdp_ext_f=%7B%22order%22%3A%2285%22%2C%22eval%22%3A%221%22%2C%22fromPage%22%3A%22search%22%7D&pdp_npi=6%40dis%21USD%2125.86%2112.41%21%21%2125.86%2112.41%21%402101529317754846725924738eadd6%2112000041733648162%21sea%21US%210%21ABX%211%210%21n_tag%3A-29910%3Bd%3A913ad4af%3Bm03_new_user%3A-29895&curPageLogUid=F7WKHcCxS9eB&utparam-url=scene%3Asearch%7Cquery_from%3A%7Cx_object_id%3A1005007671245102%7C_p_origin_prod%3A
Half Turtleneck Knitwear Sweater New Autumn/Winter Mock Neck Sweatshirts Solid Color Pullovers Man Brand Casual Mens Clothing,$2.35,"https://ae-pic-a1.aliexpress-media.com/kf/S6c71ff581c8e436299f2474639d941dfm.jpg?has_lang=1&ver=2_220x220q75.jpg_.avif,https://ae-pic-a1.aliexpress-media.com/kf/S7d61286e95ec4d6a89bf05341037b57bS.jpg?has_lang=1&ver=2_220x220q75.jpg_.avif,https://ae-pic-a1.aliexpress-media.com/kf/S005190db0aa94c1ba577ffb8e84e5db3L.jpg?has_lang=1&ver=2_220x220q75.jpg_.avif,https://ae-pic-a1.aliexpress-media.com/kf/Sb72f6cef738747c4ae087901504242c6f.jpg?has_lang=1&ver=2_220x220q75.jpg_.avif,https://ae-pic-a1.aliexpress-media.com/kf/S5a7edad2503d4b6b8ba745d0bbb2f7d7I.jpg?has_lang=1&ver=2_220x220q75.jpg_.avif","['whether full opening', 'No', 'High-concerned chemical', 'None', 'Applicable Season', 'Autumn And Winter', 'Craft of Weaving', 'Knit', 'Applicable Scene', 'CASUAL', 'Hooded', 'No', 'Sleeve Style', 'regular', 'Wool', 'Standard Wool', 'Place Of Origin', 'China (mainland)', 'Pattern Type', 'Solid', 'Sleeve Length(cm)', 'Full', 'Thickness', 'Thick', 'Technics', 'Flat Knitted', 'Material', 'POLYESTER', 'Style', 'Casual', 'Gender', 'Men', 'Origin', 'China Mainland', 'CN', 'Zhejiang', 'Closure Type', 'None']",https://www.aliexpress.us/item/3256809499513450.html?algo_pvid=b315609a-17c2-4053-b7ed-1e306d6ec6f1&algo_exp_id=b315609a-17c2-4053-b7ed-1e306d6ec6f1-58&pdp_ext_f=%7B%22order%22%3A%2284%22%2C%22eval%22%3A%221%22%2C%22fromPage%22%3A%22search%22%7D&pdp_npi=6%40dis%21USD%2124.18%212.35%21%21%21165.60%2116.07%21%402101529317754846725924738eadd6%2112000049856159681%21sea%21US%210%21ABX%211%210%21n_tag%3A-29910%3Bd%3A913ad4af%3Bm03_new_user%3A-29895%3BpisId%3A5000000197847434&curPageLogUid=9YUfKrbNpnwT&utparam-url=scene%3Asearch%7Cquery_from%3A%7Cx_object_id%3A1005009685828202%7C_p_origin_prod%3A
2025 Two Fake Collar Mens Daily Casual Tee Long Sleeve Sweatershirt Pullover Tops Lapel Polo Tee,$5.54,"https://ae-pic-a1.aliexpress-media.com/kf/Sf23aed8e09bd418a8910999b9a05ab4cj.jpg_220x220q75.jpg_.avif,https://ae-pic-a1.aliexpress-media.com/kf/Sf23aed8e09bd418a8910999b9a05ab4cj.jpg_220x220q75.jpg_.avif,https://ae-pic-a1.aliexpress-media.com/kf/S6a7e0ad2fb114821a5a4aede801f92527.jpg_220x220q75.jpg_.avif,https://ae-pic-a1.aliexpress-media.com/kf/S4a4754e532ca47848673d23f54331db5c.jpg_220x220q75.jpg_.avif,https://ae-pic-a1.aliexpress-media.com/kf/S209199e0fd1843b181fbc2523a938dc7Y.jpg_220x220q75.jpg_.avif","['whether full opening', 'No', 'High-concerned chemical', 'None', 'Applicable Season', 'Spring And Autumn', 'Applicable Scene', 'Daily', 'Sleeve Style', 'regular', 'Wool', 'Thin Wool', 'Pattern Type', 'Solid', 'Item Type', 'Pullovers', 'Sleeve Length(cm)', 'Full', 'Thickness', 'Standard', 'Material', 'POLYESTER', 'Collar', 'Turn-Down Collar', 'Style', 'Casual', 'Gender', 'Men', 'Origin', 'China Mainland', 'CN', 'Zhejiang', 'Closure Type', 'None']",https://www.aliexpress.us/item/3256807790544793.html?algo_pvid=b315609a-17c2-4053-b7ed-1e306d6ec6f1&algo_exp_id=b315609a-17c2-4053-b7ed-1e306d6ec6f1-59&pdp_ext_f=%7B%22order%22%3A%2284%22%2C%22eval%22%3A%221%22%2C%22fromPage%22%3A%22search%22%7D&pdp_npi=6%40dis%21USD%2111.53%215.54%21%21%2178.96%2137.90%21%402101529317754846725924738eadd6%2112000043122256079%21sea%21US%210%21ABX%211%210%21n_tag%3A-29910%3Bd%3A913ad4af%3Bm03_new_user%3A-29895&curPageLogUid=ssZjZY17Ch34&utparam-url=scene%3Asearch%7Cquery_from%3A%7Cx_object_id%3A1005007976859545%7C_p_origin_prod%3A
Men's Casual Striped Knit Spring and Autumn Long Sleeved Pullover Fashion Top,$4.71,"https://ae-pic-a1.aliexpress-media.com/kf/Sa9307a7064c74bd482751c36c4a7effb9.jpg_220x220q75.jpg_.avif,https://ae-pic-a1.aliexpress-media.com/kf/S02092b852dbe4996967edad3b70615e2O.jpg_220x220q75.jpg_.avif,https://ae-pic-a1.aliexpress-media.com/kf/S7ead304335af4f6ab31a4035871fd331J.jpg_220x220q75.jpg_.avif,https://ae-pic-a1.aliexpress-media.com/kf/Sb8b91067b8d34113a693c8915a912eee1.jpg_220x220q75.jpg_.avif,https://ae-pic-a1.aliexpress-media.com/kf/Sbe472425165440959547cb8305e9ae62s.jpg_220x220q75.jpg_.avif","['whether full opening', 'No', 'High-concerned chemical', 'None', 'Applicable Season', 'Spring And Autumn', 'Applicable Scene', 'CASUAL', 'Hooded', 'No', 'Sleeve Style', 'regular', 'Wool', 'Thin Wool', 'Place Of Origin', 'China (mainland)', 'Pattern Type', 'Striped', 'Item Type', 'Pullovers', 'Sleeve Length(cm)', 'Full', 'Thickness', 'Thin', 'Technics', 'Flat Knitted', 'Material', 'POLYESTER', 'Collar', 'O-Neck', 'Style', 'Casual', 'Gender', 'Men', 'Origin', 'China Mainland', 'CN', 'Zhejiang', 'Closure Type', 'None']",https://www.aliexpress.us/item/3256805592089615.html?algo_pvid=b315609a-17c2-4053-b7ed-1e306d6ec6f1&algo_exp_id=b315609a-17c2-4053-b7ed-1e306d6ec6f1-0&pdp_ext_f=%7B%22order%22%3A%2263%22%2C%22spu_best_type%22%3A%22price%22%2C%22eval%22%3A%221%22%2C%22fromPage%22%3A%22search%22%7D&pdp_npi=6%40dis%21USD%2124.42%214.71%21%21%21167.26%2132.26%21%402101529317754846725924738eadd6%2112000034320936209%21sea%21US%210%21ABX%211%210%21n_tag%3A-29910%3Bd%3A913ad4af%3Bm03_new_user%3A-29895%3BpisId%3A5000000197847478&curPageLogUid=wngrAPFfBpou&utparam-url=scene%3Asearch%7Cquery_from%3A%7Cx_object_id%3A1005005778404367%7C_p_origin_prod%3A
"Men's Sweater Autumn Winter V-Neck Jacquard Warm Solid Color Long-Sleeved Sweater, Casual Fashion Street Suit New Men's Pullover",$11.23,"https://ae-pic-a1.aliexpress-media.com/kf/Sac80eb9454e144b59db402a382cc1db41.jpg_220x220q75.jpg_.avif,https://ae-pic-a1.aliexpress-media.com/kf/Sac80eb9454e144b59db402a382cc1db41.jpg_220x220q75.jpg_.avif,https://ae-pic-a1.aliexpress-media.com/kf/Scc339c11c19e465b9725e3a7b1c9ba68a.jpg_220x220q75.jpg_.avif,https://ae-pic-a1.aliexpress-media.com/kf/Se6d21b26c282459c8226b24d91a6cdc0w.jpg_220x220q75.jpg_.avif,https://ae-pic-a1.aliexpress-media.com/kf/Sa35022ed644844e4b53b8bd7d22911995.jpg_220x220q75.jpg_.avif","['whether full opening', 'No', 'High-concerned chemical', 'None', 'Applicable Season', 'Autumn And Winter', 'Craft of Weaving', 'Knit', 'Applicable Scene', 'Shopping', 'Hooded', 'No', 'Model Number', 'YY-4', 'Decoration', 'Pockets', 'Sleeve Style', 'regular', 'Wool', 'Thin Wool', 'Place Of Origin', 'China (mainland)', 'Pattern Type', 'Floral', 'Item Type', 'Pullovers', 'Sleeve Length(cm)', 'Full', 'Thickness', 'Thick', 'Technics', 'Hand Knitted', 'Material', 'POLYESTER,COTTON', 'Collar', 'V-Neck', 'Style', 'Casual', 'Gender', 'Men', 'Origin', 'China Mainland', 'CN', 'Zhejiang', 'Closure Type', 'None']",https://www.aliexpress.us/item/3256807053822770.html?algo_pvid=b315609a-17c2-4053-b7ed-1e306d6ec6f1&algo_exp_id=b315609a-17c2-4053-b7ed-1e306d6ec6f1-4&pdp_ext_f=%7B%22order%22%3A%2262%22%2C%22eval%22%3A%221%22%2C%22fromPage%22%3A%22search%22%7D&pdp_npi=6%40dis%21USD%2142.31%2111.23%21%21%21289.81%2176.94%21%402101529317754846725924738eadd6%2112000039918519642%21sea%21US%210%21ABX%211%210%21n_tag%3A-29910%3Bd%3A913ad4af%3Bm03_new_user%3A-29895%3BpisId%3A5000000197847458&curPageLogUid=FtkDe3yWR9Wt&utparam-url=scene%3Asearch%7Cquery_from%3A%7Cx_object_id%3A1005007240137522%7C_p_origin_prod%3A
High end brand knitted men's high neck pullover autumn winter comfort Korean style fashion cartoon puppy embroidery new sweater,$21.82,"https://ae-pic-a1.aliexpress-media.com/kf/S815db65062b5441383678844e92ec2edw.jpg?has_lang=1&ver=1_220x220q75.jpg_.avif,https://ae-pic-a1.aliexpress-media.com/kf/Sba25584737d344b79f47aee10ae32edfg.jpg?has_lang=1&ver=1_220x220q75.jpg_.avif,https://ae-pic-a1.aliexpress-media.com/kf/S47a193016e9f46bf85eb8ae7f7119984k.jpg?has_lang=1&ver=1_220x220q75.jpg_.avif,https://ae-pic-a1.aliexpress-media.com/kf/Se8d8e6b26c3746d58bfdb1af8279b925z.jpg?has_lang=1&ver=1_220x220q75.jpg_.avif,https://ae-pic-a1.aliexpress-media.com/kf/S0b8f754d9cc040f58f4c59fa86ebad76h.jpg?has_lang=1&ver=1_220x220q75.jpg_.avif","['whether full opening', 'No', 'High-concerned chemical', 'None', 'Applicable Season', 'Autumn And Winter', 'Craft of Weaving', 'Knit', 'Applicable Scene', 'Daily', 'Hooded', 'No', 'Decoration', 'Embroidery', 'Sleeve Style', 'regular', 'Wool', 'Standard Wool', 'Place Of Origin', 'China (mainland)', 'Pattern Type', 'Cartoon', 'Item Type', 'Pullovers', 'Sleeve Length(cm)', 'Full', 'Thickness', 'Standard', 'Technics', 'Flat Knitted', 'Material', 'POLYESTER,Polyamide', 'Collar', 'Turtleneck', 'Style', 'Casual', 'Gender', 'Men', 'Origin', 'China Mainland', 'CN', 'Zhejiang', 'Closure Type', 'None']",https://www.aliexpress.us/item/3256809965780728.html?algo_pvid=b315609a-17c2-4053-b7ed-1e306d6ec6f1&algo_exp_id=b315609a-17c2-4053-b7ed-1e306d6ec6f1-5&pdp_ext_f=%7B%22order%22%3A%2262%22%2C%22eval%22%3A%221%22%2C%22fromPage%22%3A%22search%22%7D&pdp_npi=6%40dis%21USD%2162.64%2121.82%21%21%21429.02%21149.44%21%402101529317754846725924738eadd6%2112000051427058188%21sea%21US%210%21ABX%211%210%21n_tag%3A-29910%3Bd%3A913ad4af%3Bm03_new_user%3A-29895%3BpisId%3A5000000197847434&curPageLogUid=rsroCf6sK51X&utparam-url=scene%3Asearch%7Cquery_from%3A%7Cx_object_id%3A1005010152095480%7C_p_origin_prod%3A
Autumn Winter Mens Turtleneck Sweaters Casual Thermal Long Sleeve Slim Fit Pullovers Stretch Basic Tops Sweatshirt Jumper TShirt,$6.06,"https://ae-pic-a1.aliexpress-media.com/kf/S3c8bf80d586d45ca99750e08f71982fcT.jpg_220x220q75.jpg_.avif,https://ae-pic-a1.aliexpress-media.com/kf/S08da5009b8eb4f73bfc27204c9e45168q.jpg_220x220q75.jpg_.avif,https://ae-pic-a1.aliexpress-media.com/kf/S7435f6494b52452cb6fad6b37d56f666E.jpg_220x220q75.jpg_.avif,https://ae-pic-a1.aliexpress-media.com/kf/Seb23a6d2458f4169b90c7a3989b36cfaX.jpg_220x220q75.jpg_.avif,https://ae-pic-a1.aliexpress-media.com/kf/Sfadab6f640234bd2939623722ded918d9.jpg_220x220q75.jpg_.avif","['whether full opening', 'No', 'High-concerned chemical', 'None', 'Applicable Season', 'Autumn And Winter', 'Craft of Weaving', 'Knit', 'Applicable Scene', 'CASUAL', 'Hooded', 'No', 'Model Number', 'High Neck Turtleneck', 'Decoration', 'NONE', 'Sleeve Style', 'regular', 'Wool', 'Standard Wool', 'Pattern Type', 'Solid', 'Item Type', 'Pullovers', 'Sleeve Length(cm)', 'Full', 'Thickness', 'Standard', 'Technics', 'Computer Knitted', 'Material', 'POLYESTER', 'Collar', 'Turtleneck', 'Style', 'Casual', 'Gender', 'Men', 'Origin', 'Mainland China', 'CN', 'Jiangxi', 'Closure Type', 'None', 'CN', 'Jiangxi']",https://www.aliexpress.us/item/3256810573202189.html?algo_pvid=b315609a-17c2-4053-b7ed-1e306d6ec6f1&algo_exp_id=b315609a-17c2-4053-b7ed-1e306d6ec6f1-6&pdp_ext_f=%7B%22order%22%3A%2262%22%2C%22eval%22%3A%221%22%2C%22fromPage%22%3A%22search%22%7D&pdp_npi=6%40dis%21USD%2113.46%216.06%21%21%2192.18%2141.48%21%402101529317754846725924738eadd6%2112000053416934053%21sea%21US%210%21ABX%211%210%21n_tag%3A-29910%3Bd%3A913ad4af%3Bm03_new_user%3A-29895&curPageLogUid=xlOKSJl20zOW&utparam-url=scene%3Asearch%7Cquery_from%3A%7Cx_object_id%3A1005010759516941%7C_p_origin_prod%3A
Men's Holiday Autumn Pullovers Long Sleeve ugly Sweaters New Year Festival Jumpers 2025 O-Neck Oversized Commuting Sweatshirts,$19.70,"https://ae-pic-a1.aliexpress-media.com/kf/S58452c090706459e95b7354d46a036far.jpg?has_lang=1&ver=2_220x220q75.jpg_.avif,https://ae-pic-a1.aliexpress-media.com/kf/Sb82809e3456f45ed8c55020522b9a909a.jpg?has_lang=1&ver=2_220x220q75.jpg_.avif,https://ae-pic-a1.aliexpress-media.com/kf/S105c52574ee947edb42379e73bbc65031.jpg?has_lang=1&ver=2_220x220q75.jpg_.avif,https://ae-pic-a1.aliexpress-media.com/kf/S9f025dac7f674976af60d4dd412e9e79K.jpg?has_lang=1&ver=2_220x220q75.jpg_.avif,https://ae-pic-a1.aliexpress-media.com/kf/S521ceacda93e4885b1cc07f257dc25bcn.jpg?has_lang=1&ver=2_220x220q75.jpg_.avif","['whether full opening', 'No', 'High-concerned chemical', 'None', 'Applicable Season', 'Spring And Autumn', 'Craft of Weaving', 'Knit', 'Applicable Scene', 'CASUAL', 'Hooded', 'No', 'Decoration', '3D Print', 'Sleeve Style', 'regular', 'Wool', 'Thin Wool', 'Place Of Origin', 'China (mainland)', 'Pattern Type', 'Print', 'Item Type', 'Pullovers', 'Sleeve Length(cm)', 'Full', 'Thickness', 'Thin', 'Technics', 'Computer Knitted', 'Material', 'Rayon', 'Collar', 'O-Neck', 'Style', 'Vintage', 'Gender', 'Men', 'Origin', 'China Mainland', 'CN', 'Jiangxi']",https://www.aliexpress.us/item/3256810255899960.html?algo_pvid=b315609a-17c2-4053-b7ed-1e306d6ec6f1&algo_exp_id=b315609a-17c2-4053-b7ed-1e306d6ec6f1-7&pdp_ext_f=%7B%22order%22%3A%2262%22%2C%22eval%22%3A%221%22%2C%22fromPage%22%3A%22search%22%7D&pdp_npi=6%40dis%21USD%2128.55%2119.70%21%21%21195.58%21134.95%21%402101529317754846725924738eadd6%2112000052421975376%21sea%21US%210%21ABX%211%210%21n_tag%3A-29910%3Bd%3A913ad4af%3Bm03_new_user%3A-29895&curPageLogUid=oVkUYwm5GFf4&utparam-url=scene%3Asearch%7Cquery_from%3A%7Cx_object_id%3A1005010442214712%7C_p_origin_prod%3A
2024 New O-neck Cotton Pullover Men's Sweater Striped Casual Autumn and Winter High Quality Knitted Sweaters for Men,$18.93,"https://ae-pic-a1.aliexpress-media.com/kf/S6bb76f3805c745dba2052e139e808790G.jpg_220x220q75.jpg_.avif,https://ae-pic-a1.aliexpress-media.com/kf/S577c47bf9b98433a993ef0c1aaa1bed2R.jpg_220x220q75.jpg_.avif,https://ae-pic-a1.aliexpress-media.com/kf/S2173ab9fa4a64ddc9d7ded1efd5c881el.jpg_220x220q75.jpg_.avif,https://ae-pic-a1.aliexpress-media.com/kf/S546ede44d2fb45689a74fc0dfbd1be21W.jpg_220x220q75.jpg_.avif,https://ae-pic-a1.aliexpress-media.com/kf/S3777e84c65364bd9b5718605f4d7f6f7o.jpg_220x220q75.jpg_.avif","['whether full opening', 'No', 'High-concerned chemical', 'None', 'Applicable Season', 'Autumn And Winter', 'Craft of Weaving', 'Knit', 'Applicable Scene', 'CASUAL', 'Hooded', 'No', 'Model Number', 'S-XL', 'Decoration', 'Spliced', 'Sleeve Style', 'regular', 'Wool', 'Standard Wool', 'Pattern Type', 'Striped', 'Item Type', 'Pullovers', 'Sleeve Length(cm)', 'Full', 'Thickness', 'Standard', 'Technics', 'Computer Knitted', 'Material', 'POLYESTER,Elastane', 'Collar', 'O-Neck', 'Style', 'Casual', 'Gender', 'Men', 'Origin', 'China Mainland', 'CN', 'Guangdong', 'Closure Type', 'None']",https://www.aliexpress.us/item/3256807735321905.html?algo_pvid=b315609a-17c2-4053-b7ed-1e306d6ec6f1&algo_exp_id=b315609a-17c2-4053-b7ed-1e306d6ec6f1-11&pdp_ext_f=%7B%22order%22%3A%2261%22%2C%22spu_best_type%22%3A%22price%22%2C%22eval%22%3A%221%22%2C%22fromPage%22%3A%22search%22%7D&pdp_npi=6%40dis%21USD%2137.85%2118.93%21%21%21259.24%21129.62%21%402101529317754846725924738eadd6%2112000042865223886%21sea%21US%210%21ABX%211%210%21n_tag%3A-29910%3Bd%3A913ad4af%3Bm03_new_user%3A-29895&curPageLogUid=8wJK3g2Jvfav&utparam-url=scene%3Asearch%7Cquery_from%3A%7Cx_object_id%3A1005007921636657%7C_p_origin_prod%3A
Spring Thin Men Turtleneck Sweaters Black Pullovers Clothing for Men Harajuku Knitted Sweater Male Solid Pull Hombre Tops,$0.99,"https://ae-pic-a1.aliexpress-media.com/kf/S47fef6e50b284a928a43eca360c0a2d4S.jpg_220x220q75.jpg_.avif,https://ae-pic-a1.aliexpress-media.com/kf/S478c50dacb844ad1aace90f1c0e144c9v.jpg_220x220q75.jpg_.avif,https://ae-pic-a1.aliexpress-media.com/kf/S82d9bbf1eb074ff5b8f4f359df6c980c3.jpg_220x220q75.jpg_.avif,https://ae-pic-a1.aliexpress-media.com/kf/S0a934bcb50cb4499b7d96d52d48d022ed.jpg_220x220q75.jpg_.avif,https://ae-pic-a1.aliexpress-media.com/kf/S8d715d0ad2c34a0da68de2f396c0f3a8N.jpg_220x220q75.jpg_.avif","['whether full opening', 'No', 'High-concerned chemical', 'None', 'Applicable Season', 'Spring And Autumn', 'Craft of Weaving', 'Knit', 'Applicable Scene', 'CASUAL', 'Hooded', 'No', 'Model Number', 'HX1018', 'Decoration', 'NONE', 'Sleeve Style', 'regular', 'Wool', 'Thin Wool', 'Place Of Origin', 'China (mainland)', 'Pattern Type', 'Solid', 'Item Type', 'Pullovers', 'Sleeve Length(cm)', 'Full', 'Thickness', 'Thin', 'Technics', 'Computer Knitted', 'Material', 'POLYESTER', 'Collar', 'Turtleneck', 'Style', 'Casual', 'Gender', 'Men', 'Origin', 'Mainland China', 'CN', 'Fujian', 'Closure Type', 'None', 'Color', 'Black, Red, White, Army Green, Blue, Yellow', 'Size', 'M, L, XL, XXL', 'Gender', 'Men', 'Keyword 1', 'Sweaters', 'Keyword 2', 'Male Sweaters', 'Keyword 3', 'Knitted Sweater', 'Keyword 4', 'Mens Pullover Sweater', 'Keyword 5', 'Sweater Men Turtleneck', 'Season', 'Autumn, Winter']",https://www.aliexpress.us/item/3256808918511114.html?algo_pvid=b315609a-17c2-4053-b7ed-1e306d6ec6f1&algo_exp_id=b315609a-17c2-4053-b7ed-1e306d6ec6f1-12&pdp_ext_f=%7B%22order%22%3A%2261%22%2C%22eval%22%3A%221%22%2C%22fromPage%22%3A%22search%22%7D&pdp_npi=6%40dis%21USD%2111.89%210.99%21%21%2181.45%216.82%21%402101529317754846725924738eadd6%2112000047928502017%21sea%21US%210%21ABX%211%210%21n_tag%3A-29910%3Bd%3A913ad4af%3Bm03_new_user%3A-29895%3BpisId%3A5000000197847458&curPageLogUid=aHpDdJNz8drR&utparam-url=scene%3Asearch%7Cquery_from%3A%7Cx_object_id%3A1005009104825866%7C_p_origin_prod%3A
SIMWOOD High Standard Autumn New Arrivals Shawl Collar Cardigan Men 7 Gauge Vintage Sweater Jackets Quality Knittwear,$47.81,"https://ae-pic-a1.aliexpress-media.com/kf/Sddd18da84809402da3d9bb398c66f7c6l.jpg_220x220q75.jpg_.avif,https://ae-pic-a1.aliexpress-media.com/kf/S5406af051cee43cbbe655dc9f91635f1G.jpg_220x220q75.jpg_.avif,https://ae-pic-a1.aliexpress-media.com/kf/S5504a197cde745298180de437f56439cm.jpg_220x220q75.jpg_.avif,https://ae-pic-a1.aliexpress-media.com/kf/Sb194d9b8861145b294e102d320077f2aG.jpg_220x220q75.jpg_.avif,https://ae-pic-a1.aliexpress-media.com/kf/Sc6b020e0b5be4c7ab486cdb9054512455.jpg_220x220q75.jpg_.avif","['whether full opening', 'Yes', 'High-concerned chemical', 'None', 'Applicable Season', 'Autumn And Winter', 'Craft of Weaving', 'Knit', 'Applicable Scene', 'CASUAL', 'Hooded', 'No', 'Model Number', 'SN120407', 'Decoration', 'NONE', 'Sleeve Style', 'regular', 'Wool', 'Standard Wool', 'Place Of Origin', 'China (mainland)', 'Pattern Type', 'Solid', 'Item Type', 'cardigan', 'Sleeve Length(cm)', 'Full', 'Thickness', 'Standard', 'Technics', 'Computer Knitted', 'Material', 'Other,POLYESTER,COTTON', 'Collar', 'V-Neck', 'Style', 'Casual', 'Gender', 'Men', 'Brand Name', 'Simwood', 'Origin', 'China Mainland', 'CN', 'Guangdong', 'Closure Type', 'Single Breasted', 'Fabric', '79% Cotton 19% Polyester 2% Others']",https://www.aliexpress.us/item/3256807765167573.html?algo_pvid=b315609a-17c2-4053-b7ed-1e306d6ec6f1&algo_exp_id=b315609a-17c2-4053-b7ed-1e306d6ec6f1-13&pdp_ext_f=%7B%22order%22%3A%2261%22%2C%22eval%22%3A%221%22%2C%22fromPage%22%3A%22search%22%7D&pdp_npi=6%40dis%21USD%2157.31%2147.81%21%21%2157.31%2147.81%21%402101529317754846725924738eadd6%2112000043001789638%21sea%21US%210%21ABX%211%210%21n_tag%3A-29910%3Bd%3A913ad4af%3Bm03_new_user%3A-29895%3BpisId%3A5000000197847434&curPageLogUid=HetqMi921mkc&utparam-url=scene%3Asearch%7Cquery_from%3A%7Cx_object_id%3A1005007951482325%7C_p_origin_prod%3A
Men's thicken Fashion print Sweater 2024 Winter korea style fashion men wool fashion Warm Sweaters Men wool pullovers male,$31.68,"https://ae-pic-a1.aliexpress-media.com/kf/S14f230aa16374e569c88f347c80db1fer.jpg_220x220q75.jpg_.avif,https://ae-pic-a1.aliexpress-media.com/kf/S5a009bc9959544159bcdb9cbceccea2dy.jpg_220x220q75.jpg_.avif,https://ae-pic-a1.aliexpress-media.com/kf/Se20e1e4872f645399638b5b963551872E.jpg_220x220q75.jpg_.avif,https://ae-pic-a1.aliexpress-media.com/kf/Sbdad8b5437a741d28ddac62f2471a7ffs.jpg_220x220q75.jpg_.avif,https://ae-pic-a1.aliexpress-media.com/kf/S0247c0c299384e54b3f605b5abb8cf46o.jpg_220x220q75.jpg_.avif","['whether full opening', 'No', 'High-concerned chemical', 'None', 'Applicable Season', 'Autumn And Winter', 'Craft of Weaving', 'Knit', 'Applicable Scene', 'CASUAL', 'Hooded', 'No', 'Model Number', '36002', 'Decoration', 'NONE', 'Sleeve Style', 'regular', 'Wool', 'Thin Wool', 'Place Of Origin', 'China (mainland)', 'Pattern Type', 'Floral', 'Item Type', 'Pullovers', 'Sleeve Length(cm)', 'Full', 'Thickness', 'Thick', 'Technics', 'Computer Knitted', 'Material', 'POLYESTER,Wool', 'Collar', 'O-Neck', 'Style', 'Smart Casual', 'Gender', 'Men', 'Brand Name', 'KOLMAKOV', 'Origin', 'China Mainland', 'CN', 'Hubei', 'Closure Type', 'None']",https://www.aliexpress.us/item/3256806246425095.html?algo_pvid=b315609a-17c2-4053-b7ed-1e306d6ec6f1&algo_exp_id=b315609a-17c2-4053-b7ed-1e306d6ec6f1-14&pdp_ext_f=%7B%22order%22%3A%2261%22%2C%22eval%22%3A%221%22%2C%22fromPage%22%3A%22search%22%7D&pdp_npi=6%40dis%21USD%2142.24%2131.68%21%21%21289.31%21216.98%21%402101529317754846725924738eadd6%2112000037148930996%21sea%21US%210%21ABX%211%210%21n_tag%3A-29910%3Bd%3A913ad4af%3Bm03_new_user%3A-29895&curPageLogUid=KkmCiiDI2nqR&utparam-url=scene%3Asearch%7Cquery_from%3A%7Cx_object_id%3A1005006432739847%7C_p_origin_prod%3A
Autumn New Sweater Men's Half High Neck Basic Solid Color Casual Versatile Round Neck Knit with Slim Fit Elastic Sweater Inside,$2.01,"https://ae-pic-a1.aliexpress-media.com/kf/Sa05d974c8cc14b43a5072348816ff7fbs.jpg_220x220q75.jpg_.avif,https://ae-pic-a1.aliexpress-media.com/kf/S3398271d7d1d4f988b7a55b8f63726b3u.jpg_220x220q75.jpg_.avif,https://ae-pic-a1.aliexpress-media.com/kf/S0b2510ada6ce4e618c581ac26c4955449.jpg_220x220q75.jpg_.avif,https://ae-pic-a1.aliexpress-media.com/kf/Sc152802a73b1466191ae669d8fcd979f5.jpg_220x220q75.jpg_.avif,https://ae-pic-a1.aliexpress-media.com/kf/Sdf0f3b2724e842878833e9052341b324X.jpg_220x220q75.jpg_.avif","['whether full opening', 'No', 'High-concerned chemical', 'None', 'Applicable Season', 'Autumn And Winter', 'Applicable Scene', 'CASUAL', 'Thickness', 'Standard', 'Material', 'Acrylic', 'Style', 'Casual', 'Gender', 'Men', 'Origin', 'China Mainland', 'CN', 'Zhejiang']",https://www.aliexpress.us/item/3256805801023026.html?algo_pvid=b315609a-17c2-4053-b7ed-1e306d6ec6f1&algo_exp_id=b315609a-17c2-4053-b7ed-1e306d6ec6f1-16&pdp_ext_f=%7B%22order%22%3A%2260%22%2C%22eval%22%3A%221%22%2C%22fromPage%22%3A%22search%22%7D&pdp_npi=6%40dis%21USD%2123.02%212.01%21%21%21157.64%2113.75%21%402101529317754846725924738eadd6%2112000035192738078%21sea%21US%210%21ABX%211%210%21n_tag%3A-29910%3Bd%3A913ad4af%3Bm03_new_user%3A-29895%3BpisId%3A5000000197847434&curPageLogUid=wumqVYVo7Zmn&utparam-url=scene%3Asearch%7Cquery_from%3A%7Cx_object_id%3A1005005987337778%7C_p_origin_prod%3A
Personality fake two pieces men knitted sweater luxury designer brand Paul pony embroidery fashion striped shirt collar pullover,$20.55,"https://ae-pic-a1.aliexpress-media.com/kf/S9c0bfd1b92ec491a886906118aa27b37q.jpg?has_lang=1&ver=2_220x220q75.jpg_.avif,https://ae-pic-a1.aliexpress-media.com/kf/S9c0bfd1b92ec491a886906118aa27b37q.jpg?has_lang=1&ver=2_220x220q75.jpg_.avif,https://ae-pic-a1.aliexpress-media.com/kf/Sdeb0bb524d7c43fab1e579c7990e762dT.jpg?has_lang=1&ver=2_220x220q75.jpg_.avif,https://ae-pic-a1.aliexpress-media.com/kf/S045b7815f14244f8af2b9dfddbe47113d.jpg?has_lang=1&ver=2_220x220q75.jpg_.avif,https://ae-pic-a1.aliexpress-media.com/kf/Sec0568284aac4fb19d8f509001e1b2b5g.jpg?has_lang=1&ver=2_220x220q75.jpg_.avif","['whether full opening', 'No', 'High-concerned chemical', 'None', 'Applicable Season', 'Autumn And Winter', 'Craft of Weaving', 'Knit', 'Applicable Scene', 'Daily', 'Hooded', 'No', 'Decoration', 'Embroidery', 'Sleeve Style', 'regular', 'Wool', 'Standard Wool', 'Place Of Origin', 'China (mainland)', 'Pattern Type', 'Animal', 'Item Type', 'Pullovers', 'Sleeve Length(cm)', 'Full', 'Thickness', 'Thick', 'Technics', 'Flat Knitted', 'Material', 'POLYESTER,Polyamide', 'Collar', 'Turn-Down Collar', 'Style', 'Casual', 'Gender', 'Men', 'Origin', 'China Mainland', 'CN', 'Zhejiang', 'Closure Type', 'Single Button']",https://www.aliexpress.us/item/3256810111132971.html?algo_pvid=b315609a-17c2-4053-b7ed-1e306d6ec6f1&algo_exp_id=b315609a-17c2-4053-b7ed-1e306d6ec6f1-17&pdp_ext_f=%7B%22order%22%3A%2260%22%2C%22eval%22%3A%221%22%2C%22fromPage%22%3A%22search%22%7D&pdp_npi=6%40dis%21USD%2160.10%2120.55%21%21%21411.63%21140.74%21%402101529317754846725924738eadd6%2112000051882127959%21sea%21US%210%21ABX%211%210%21n_tag%3A-29910%3Bd%3A913ad4af%3Bm03_new_user%3A-29895%3BpisId%3A5000000197847434&curPageLogUid=j5SfNGElvJ0z&utparam-url=scene%3Asearch%7Cquery_from%3A%7Cx_object_id%3A1005010297447723%7C_p_origin_prod%3A
2025 New Men's Casual Sweater Round Neck Long Sleeve Knitted Sweater Solid Color Fashion Versatile Top,$20.96,"https://ae-pic-a1.aliexpress-media.com/kf/Sb2d8f4044a0e4580932bf36b4539b995e.jpg_220x220q75.jpg_.avif,https://ae-pic-a1.aliexpress-media.com/kf/S17166c2f2ea4468e845cbdc66a0d33e1J.jpg_220x220q75.jpg_.avif,https://ae-pic-a1.aliexpress-media.com/kf/Se36c7e6cdf0342bfb000604d369691776.jpg_220x220q75.jpg_.avif,https://ae-pic-a1.aliexpress-media.com/kf/Se2b97380deae4890a54b57d0901d94b6C.jpg_220x220q75.jpg_.avif,https://ae-pic-a1.aliexpress-media.com/kf/S8a8426f15b554f96b12c2c35c3f2e77as.jpg_220x220q75.jpg_.avif","['whether full opening', 'No', 'High-concerned chemical', 'None', 'Applicable Season', 'Autumn And Winter', 'Craft of Weaving', 'Knit', 'Applicable Scene', 'CASUAL', 'Sleeve Style', 'regular', 'Place Of Origin', 'China (mainland)', 'Pattern Type', 'Solid', 'Sleeve Length(cm)', 'Full', 'Thickness', 'Standard', 'Material', 'POLYESTER', 'Collar', 'O-Neck', 'Style', 'Casual', 'Gender', 'Men', 'Origin', 'Mainland China', 'CN', 'Zhejiang', 'Closure Type', 'None']",https://www.aliexpress.us/item/3256809244956078.html?algo_pvid=b315609a-17c2-4053-b7ed-1e306d6ec6f1&algo_exp_id=b315609a-17c2-4053-b7ed-1e306d6ec6f1-19&pdp_ext_f=%7B%22order%22%3A%2259%22%2C%22eval%22%3A%221%22%2C%22fromPage%22%3A%22search%22%7D&pdp_npi=6%40dis%21USD%2141.92%2120.96%21%21%21287.10%21143.55%21%402101529317754846725924738eadd6%2112000049079938700%21sea%21US%210%21ABX%211%210%21n_tag%3A-29910%3Bd%3A913ad4af%3Bm03_new_user%3A-29895&curPageLogUid=1k4WGYW2H8Sc&utparam-url=scene%3Asearch%7Cquery_from%3A%7Cx_object_id%3A1005009431270830%7C_p_origin_prod%3A
Original Design Men's Knit Sweater Mock Neck Bear Embroidery Warm Soft Pullover Thick Winter Business Hot-selling Men's Clothing,$16.67,"https://ae-pic-a1.aliexpress-media.com/kf/S782d934fa3af44f8a69ea17123bdb3f6j.jpg_220x220q75.jpg_.avif,https://ae-pic-a1.aliexpress-media.com/kf/S782d934fa3af44f8a69ea17123bdb3f6j.jpg_220x220q75.jpg_.avif,https://ae-pic-a1.aliexpress-media.com/kf/S323a2b8e8e224bcf80ca9f782c448905C.jpg_220x220q75.jpg_.avif,https://ae-pic-a1.aliexpress-media.com/kf/S4452ccbfe3d0409aa60f1ac70bae06b6k.jpg_220x220q75.jpg_.avif,https://ae-pic-a1.aliexpress-media.com/kf/Sd1cc2f35c77d4d15a08633a63acdda45C.jpg_220x220q75.jpg_.avif","['whether full opening', 'No', 'High-concerned chemical', 'None', 'Applicable Season', 'Winter', 'Craft of Weaving', 'Knit', 'Applicable Scene', 'Business', 'Hooded', 'No', 'Decoration', 'Embroidery', 'Sleeve Style', 'regular', 'Wool', 'Thin Wool', 'Place Of Origin', 'China (mainland)', 'Pattern Type', 'Cartoon', 'Item Type', 'Pullovers', 'Sleeve Length(cm)', 'Full', 'Thickness', 'Thick', 'Technics', 'Flat Knitted', 'Material', 'POLYESTER,Acrylic,Viscose', 'Collar', 'Mock Neck', 'Style', 'England Style', 'Gender', 'Men', 'Origin', 'China Mainland', 'CN', 'Zhejiang', 'Closure Type', 'None']",https://www.aliexpress.us/item/3256809965792373.html?algo_pvid=b315609a-17c2-4053-b7ed-1e306d6ec6f1&algo_exp_id=b315609a-17c2-4053-b7ed-1e306d6ec6f1-20&pdp_ext_f=%7B%22order%22%3A%2259%22%2C%22eval%22%3A%221%22%2C%22fromPage%22%3A%22search%22%7D&pdp_npi=6%40dis%21USD%2153.41%2116.67%21%21%21365.84%21114.19%21%402101529317754846725924738eadd6%2112000051333263801%21sea%21US%210%21ABX%211%210%21n_tag%3A-29910%3Bd%3A913ad4af%3Bm03_new_user%3A-29895%3BpisId%3A5000000197847434&curPageLogUid=tIPvc5VJzMEp&utparam-url=scene%3Asearch%7Cquery_from%3A%7Cx_object_id%3A1005010152107125%7C_p_origin_prod%3A
Men's Half Zipper High Collar Thick Sweater Knitwear Autumn Winter Fashion Solid Color Twisted Business Casual Knit Pullover,$23.83,"https://ae-pic-a1.aliexpress-media.com/kf/Sbd0decff9d8241b084dd31d597aedda8I.jpg_220x220q75.jpg_.avif,https://ae-pic-a1.aliexpress-media.com/kf/S8d93d5f20e334ec28e4ef91b3c45fe50H.jpg_220x220q75.jpg_.avif,https://ae-pic-a1.aliexpress-media.com/kf/S45dd1756bdb349d88ece0fc707ea556eG.jpg_220x220q75.jpg_.avif,https://ae-pic-a1.aliexpress-media.com/kf/S6297502e4fce417991e1a98165f8d2f0c.jpg_220x220q75.jpg_.avif,https://ae-pic-a1.aliexpress-media.com/kf/S691eb30645d1403ba7f9ca0d8305b0efG.jpg_220x220q75.jpg_.avif","['whether full opening', 'No', 'High-concerned chemical', 'None', 'Craft of Weaving', 'Knit', 'Applicable Season', 'Autumn And Winter', 'Applicable Scene', 'CASUAL', 'Hooded', 'No', 'Decoration', 'NONE', 'Sleeve Style', 'regular', 'Wool', 'Standard Wool', 'Place Of Origin', 'China (mainland)', 'Pattern Type', 'Solid', 'Item Type', 'Pullovers', 'Sleeve Length(cm)', 'Full', 'Thickness', 'Standard', 'Technics', 'Hand Knitted', 'Material', 'POLYESTER', 'Collar', 'Turtleneck', 'Style', 'Casual', 'Gender', 'Men', 'Brand Name', 'kevinbatd', 'Closure Type', 'Zipper', 'Origin', 'China Mainland', 'CN', 'Guangdong']",https://www.aliexpress.us/item/3256810286960047.html?algo_pvid=b315609a-17c2-4053-b7ed-1e306d6ec6f1&algo_exp_id=b315609a-17c2-4053-b7ed-1e306d6ec6f1-21&pdp_ext_f=%7B%22order%22%3A%2259%22%2C%22eval%22%3A%221%22%2C%22fromPage%22%3A%22search%22%7D&pdp_npi=6%40dis%21USD%2166.67%2123.83%21%21%2166.67%2123.83%21%402101529317754846725924738eadd6%2112000052646276511%21sea%21US%210%21ABX%211%210%21n_tag%3A-29910%3Bd%3A913ad4af%3Bm03_new_user%3A-29895%3BpisId%3A5000000197847434&curPageLogUid=20XZV4MVyv18&utparam-url=scene%3Asearch%7Cquery_from%3A%7Cx_object_id%3A1005010473274799%7C_p_origin_prod%3A
Winter New Style Men's Long-sleeved High-neck Casual Slim-fitting Knitted Pullover Warm and Comfortable Striped Jacket Top,$11.30,"https://ae-pic-a1.aliexpress-media.com/kf/S0902ec43670f4e42accea037c6974104q.jpg?has_lang=1&ver=2_220x220q75.jpg_.avif,https://ae-pic-a1.aliexpress-media.com/kf/S6a856b3b4cf14747abc92f422b37cb31j.jpg_220x220q75.jpg_.avif,https://ae-pic-a1.aliexpress-media.com/kf/Scf38da052c1c4648ab6d77a2d3fa1949F.jpg_220x220q75.jpg_.avif,https://ae-pic-a1.aliexpress-media.com/kf/S71f3b44f9c194aacb79a5a1aef26a4f2o.jpg_220x220q75.jpg_.avif,https://ae-pic-a1.aliexpress-media.com/kf/S42100bbcbd1c45e4875af4a3ed07348cY.jpg_220x220q75.jpg_.avif","['whether full opening', 'No', 'High-concerned chemical', 'None', 'Applicable Season', 'Autumn And Winter', 'Applicable Scene', 'Daily', 'Hooded', 'No', 'Wool', 'Standard Wool', 'Sleeve Length(cm)', 'Full', 'Thickness', 'Standard', 'Material', 'POLYESTER,Nylon,Rayon', 'Collar', 'Turtleneck', 'Style', 'Casual', 'Gender', 'Men', 'Origin', 'China Mainland', 'CN', 'Zhejiang']",https://www.aliexpress.us/item/3256809535884973.html?algo_pvid=b315609a-17c2-4053-b7ed-1e306d6ec6f1&algo_exp_id=b315609a-17c2-4053-b7ed-1e306d6ec6f1-26&pdp_ext_f=%7B%22order%22%3A%2258%22%2C%22eval%22%3A%221%22%2C%22fromPage%22%3A%22search%22%7D&pdp_npi=6%40dis%21USD%2123.07%2111.30%21%21%21158.02%2177.43%21%402101529317754846725924738eadd6%2112000049952233293%21sea%21US%210%21ABX%211%210%21n_tag%3A-29910%3Bd%3A913ad4af%3Bm03_new_user%3A-29895&curPageLogUid=Lb2k1650oCoV&utparam-url=scene%3Asearch%7Cquery_from%3A%7Cx_object_id%3A1005009722199725%7C_p_origin_prod%3A
High-end Luxury Men's Pullover Pattern Embroidered Plush Long Sleeve Sweater Autumn Winter Fashion Warm Casual Men's Clothing,$15.91,"https://ae-pic-a1.aliexpress-media.com/kf/S1f62b75f95ed4fd88bb2a39dead45d65P.jpg_220x220q75.jpg_.avif,https://ae-pic-a1.aliexpress-media.com/kf/S1f62b75f95ed4fd88bb2a39dead45d65P.jpg_220x220q75.jpg_.avif,https://ae-pic-a1.aliexpress-media.com/kf/Sd5eafa9c25e7401eb4a3f44401671298A.jpg_220x220q75.jpg_.avif,https://ae-pic-a1.aliexpress-media.com/kf/Se39f8c2dd8184c4ab092526369c3b1f3C.jpg_220x220q75.jpg_.avif,https://ae-pic-a1.aliexpress-media.com/kf/Sa917aca215d7451daa7185d14f04aa734.jpg_220x220q75.jpg_.avif","['whether full opening', 'Yes', 'High-concerned chemical', 'None', 'Applicable Season', 'Autumn And Winter', 'Craft of Weaving', 'Knit', 'Applicable Scene', 'Daily', 'Hooded', 'No', 'Decoration', 'Appliques', 'Sleeve Style', 'regular', 'Wool', 'Thin Wool', 'Place Of Origin', 'China (mainland)', 'Pattern Type', 'Geometric', 'Item Type', 'Pullovers', 'Sleeve Length(cm)', 'Full', 'Thickness', 'Fleece', 'Technics', 'Flat Knitted', 'Material', 'POLYESTER,Acrylic,Viscose', 'Collar', 'O-Neck', 'Style', 'Casual', 'Gender', 'Men', 'Origin', 'China Mainland', 'CN', 'Zhejiang', 'Closure Type', 'None', '1', ""Autumn Winter Men's Exquisite Embroidered O-neck Ferret Fleece Thick Sweater"", '2', ""Designer Brand Fashion Korean Plush Men's Knitwear""]",https://www.aliexpress.us/item/3256809349126207.html?algo_pvid=b315609a-17c2-4053-b7ed-1e306d6ec6f1&algo_exp_id=b315609a-17c2-4053-b7ed-1e306d6ec6f1-27&pdp_ext_f=%7B%22order%22%3A%2258%22%2C%22spu_best_type%22%3A%22price%22%2C%22eval%22%3A%221%22%2C%22fromPage%22%3A%22search%22%7D&pdp_npi=6%40dis%21USD%2151.86%2115.91%21%21%21355.20%21108.98%21%402101529317754846725924738eadd6%2112000049393303677%21sea%21US%210%21ABX%211%210%21n_tag%3A-29910%3Bd%3A913ad4af%3Bm03_new_user%3A-29895%3BpisId%3A5000000197847434&curPageLogUid=u6NsyRY9P6XU&utparam-url=scene%3Asearch%7Cquery_from%3A%7Cx_object_id%3A1005009535440959%7C_p_origin_prod%3A
Luxury brand zipper semi high neck sweater men's high-end fashion ponytail golf embroidery winter new velvet warm knit pullover,$20.14,"https://ae-pic-a1.aliexpress-media.com/kf/S08b41289de4f405d9ad2ed3b431b7e35b.jpg?has_lang=1&ver=1_220x220q75.jpg_.avif,https://ae-pic-a1.aliexpress-media.com/kf/Sebc0ccb42640498e8c42fec312e34d77E.jpg?has_lang=1&ver=1_220x220q75.jpg_.avif,https://ae-pic-a1.aliexpress-media.com/kf/S2429f2208d5b475888e87e3d9011b69dp.jpg?has_lang=1&ver=1_220x220q75.jpg_.avif,https://ae-pic-a1.aliexpress-media.com/kf/S11104ae0f58d46ac9d1fd716660234842.jpg?has_lang=1&ver=1_220x220q75.jpg_.avif,https://ae-pic-a1.aliexpress-media.com/kf/S2dab3b49733642c1a7b262a1c4462d71y.jpg?has_lang=1&ver=1_220x220q75.jpg_.avif","['whether full opening', 'No', 'High-concerned chemical', 'None', 'Applicable Season', 'Winter', 'Craft of Weaving', 'Knit', 'Applicable Scene', 'Daily', 'Hooded', 'No', 'Decoration', 'Embroidery', 'Sleeve Style', 'regular', 'Wool', 'Standard Wool', 'Place Of Origin', 'China (mainland)', 'Pattern Type', 'Animal', 'Item Type', 'Pullovers', 'Sleeve Length(cm)', 'Full', 'Thickness', 'Thick', 'Technics', 'Flat Knitted', 'Material', 'POLYESTER,Polyamide', 'Collar', 'Mock Neck', 'Style', 'Casual', 'Gender', 'Men', 'Origin', 'China Mainland', 'CN', 'Zhejiang']",https://www.aliexpress.us/item/3256810308760350.html?algo_pvid=b315609a-17c2-4053-b7ed-1e306d6ec6f1&algo_exp_id=b315609a-17c2-4053-b7ed-1e306d6ec6f1-28&pdp_ext_f=%7B%22order%22%3A%2258%22%2C%22eval%22%3A%221%22%2C%22fromPage%22%3A%22search%22%7D&pdp_npi=6%40dis%21USD%2159.28%2120.14%21%21%21406.05%21137.95%21%402101529317754846725924738eadd6%2112000052588575731%21sea%21US%210%21ABX%211%210%21n_tag%3A-29910%3Bd%3A913ad4af%3Bm03_new_user%3A-29895%3BpisId%3A5000000197847434&curPageLogUid=BW8ZzAECthqC&utparam-url=scene%3Asearch%7Cquery_from%3A%7Cx_object_id%3A1005010495075102%7C_p_origin_prod%3A
High quality men's knitted sweater autumn winter fashionable flip collar jacquard boutique Korean style pullover sweater T-shirt,$19.42,"https://ae-pic-a1.aliexpress-media.com/kf/S3d189d034fe54231b986f9575650e4657.jpg_220x220q75.jpg_.avif,https://ae-pic-a1.aliexpress-media.com/kf/S3d189d034fe54231b986f9575650e4657.jpg_220x220q75.jpg_.avif,https://ae-pic-a1.aliexpress-media.com/kf/S29fb0ead8c7e4e6cbe35a8a73ca7a252a.jpg_220x220q75.jpg_.avif,https://ae-pic-a1.aliexpress-media.com/kf/S3331b49881084f98b20d6ba1e37a65f0U.jpg_220x220q75.jpg_.avif,https://ae-pic-a1.aliexpress-media.com/kf/Se54b865e26f445c282aa5e96f1a0bf90v.jpg_220x220q75.jpg_.avif","['whether full opening', 'No', 'High-concerned chemical', 'None', 'Applicable Season', 'Spring And Autumn', 'Craft of Weaving', 'Other', 'Applicable Scene', 'Daily', 'Hooded', 'No', 'Decoration', 'Criss-cross', 'Sleeve Style', 'regular', 'Wool', 'Standard Wool', 'Place Of Origin', 'China (mainland)', 'Pattern Type', 'Solid', 'Item Type', 'Pullovers', 'Sleeve Length(cm)', 'Full', 'Thickness', 'Standard', 'Technics', 'Flat Knitted', 'Material', 'POLYESTER,Viscose,Polyamide', 'Collar', 'Turn-Down Collar', 'Style', 'Casual', 'Gender', 'Men', 'Origin', 'China Mainland', 'CN', 'Zhejiang', 'Closure Type', 'None']",https://www.aliexpress.us/item/3256807529957537.html?algo_pvid=b315609a-17c2-4053-b7ed-1e306d6ec6f1&algo_exp_id=b315609a-17c2-4053-b7ed-1e306d6ec6f1-34&pdp_ext_f=%7B%22order%22%3A%2256%22%2C%22eval%22%3A%221%22%2C%22fromPage%22%3A%22search%22%7D&pdp_npi=6%40dis%21USD%2157.85%2119.42%21%21%21396.25%21133.05%21%402101529317754846725924738eadd6%2112000042069174850%21sea%21US%210%21ABX%211%210%21n_tag%3A-29910%3Bd%3A913ad4af%3Bm03_new_user%3A-29895%3BpisId%3A5000000197847434&curPageLogUid=27ZXi03L3wY9&utparam-url=scene%3Asearch%7Cquery_from%3A%7Cx_object_id%3A1005007716272289%7C_p_origin_prod%3A
2025 Cashmere Sweater O-neck Pullovers Men's Loose Oversized M-3XL Knitted Bottom Shirt Autumn Winter New Korean Casual Men Top,$11.97,"https://ae-pic-a1.aliexpress-media.com/kf/Scca856c15c67435581f68e3ace23a849M.jpg_220x220q75.jpg_.avif,https://ae-pic-a1.aliexpress-media.com/kf/Scca856c15c67435581f68e3ace23a849M.jpg_220x220q75.jpg_.avif,https://ae-pic-a1.aliexpress-media.com/kf/Sb3bb67b90d9c4b399a4ff017a6cca790P.jpg_220x220q75.jpg_.avif,https://ae-pic-a1.aliexpress-media.com/kf/S883dc70f7dba49799751c92b81ae3458j.png_220x220.png_.avif,https://ae-pic-a1.aliexpress-media.com/kf/S5fc9e72080f741bc8994a00c753099f98.png_220x220.png_.avif","['whether full opening', 'No', 'High-concerned chemical', 'None', 'Applicable Season', 'Autumn And Winter', 'Craft of Weaving', 'Knit', 'Applicable Scene', 'Daily', 'Hooded', 'No', 'Decoration', 'NONE', 'Sleeve Style', 'regular', 'Wool', 'Thin Wool', 'Place Of Origin', 'China (mainland)', 'Item Type', 'Pullovers', 'Sleeve Length(cm)', 'Full', 'Thickness', 'Standard', 'Technics', 'Computer Knitted', 'Material', 'COTTON,Viscose,Wool', 'Collar', 'O-Neck', 'Style', 'Casual', 'Gender', 'Men', 'Origin', 'China Mainland', 'CN', 'Hebei', 'Closure Type', 'None']",https://www.aliexpress.us/item/3256809842907558.html?algo_pvid=b315609a-17c2-4053-b7ed-1e306d6ec6f1&algo_exp_id=b315609a-17c2-4053-b7ed-1e306d6ec6f1-35&pdp_ext_f=%7B%22order%22%3A%2256%22%2C%22eval%22%3A%221%22%2C%22fromPage%22%3A%22search%22%7D&pdp_npi=6%40dis%21USD%2145.68%2111.97%21%21%21312.89%2181.99%21%402101529317754846725924738eadd6%2112000050886992978%21sea%21US%210%21ABX%211%210%21n_tag%3A-29910%3Bd%3A913ad4af%3Bm03_new_user%3A-29895%3BpisId%3A5000000197847434&curPageLogUid=fOUAQ8lRYlx6&utparam-url=scene%3Asearch%7Cquery_from%3A%7Cx_object_id%3A1005010029222310%7C_p_origin_prod%3A
AIOPESON Men's Turtleneck Sweater Solid Color with Striped Pullover Warm Knitwear Winter Basic Casual High Quality Sweater Male,$12.65,"https://ae-pic-a1.aliexpress-media.com/kf/S8469b32d074e48758bf1f1fc45b8eb01t.jpg_220x220q75.jpg_.avif,https://ae-pic-a1.aliexpress-media.com/kf/S57cc511ad18846e191ac40422955dadcv.jpg_220x220q75.jpg_.avif,https://ae-pic-a1.aliexpress-media.com/kf/S7023b5b1770d46a2b559e5dd665b20793.jpg_220x220q75.jpg_.avif,https://ae-pic-a1.aliexpress-media.com/kf/S9c810d2dec7d4b2d8f33c1a82a340984b.jpg_220x220q75.jpg_.avif,https://ae-pic-a1.aliexpress-media.com/kf/Sf4cb9c93b0b4434e91d3182987b27f8aM.jpg_220x220q75.jpg_.avif","['whether full opening', 'No', 'High-concerned chemical', 'None', 'Applicable Season', 'Autumn And Winter', 'Craft of Weaving', 'Knit', 'Applicable Scene', 'CASUAL', 'Hooded', 'No', 'Model Number', 'high003', 'Decoration', 'NONE', 'Sleeve Style', 'regular', 'Wool', 'Standard Wool', 'Place Of Origin', 'China (mainland)', 'Pattern Type', 'Striped', 'Item Type', 'Pullovers', 'Sleeve Length(cm)', 'Full', 'Thickness', 'Thick', 'Technics', 'Computer Knitted', 'Material', 'POLYESTER,Nylon,Viscose', 'Collar', 'Turtleneck', 'Style', 'Casual', 'Gender', 'Men', 'Brand Name', 'AIOPESON', 'Origin', 'China Mainland', 'CN', 'Zhejiang', 'Closure Type', 'None', 'CN', 'Zhejiang']",https://www.aliexpress.us/item/3256809683633911.html?algo_pvid=b315609a-17c2-4053-b7ed-1e306d6ec6f1&algo_exp_id=b315609a-17c2-4053-b7ed-1e306d6ec6f1-36&pdp_ext_f=%7B%22order%22%3A%2256%22%2C%22eval%22%3A%221%22%2C%22fromPage%22%3A%22search%22%7D&pdp_npi=6%40dis%21USD%2144.31%2112.65%21%21%21303.52%2186.69%21%402101529317754846725924738eadd6%2112000050425520888%21sea%21US%210%21ABX%211%210%21n_tag%3A-29910%3Bd%3A913ad4af%3Bm03_new_user%3A-29895%3BpisId%3A5000000197847434&curPageLogUid=myhW8J3o6eL8&utparam-url=scene%3Asearch%7Cquery_from%3A%7Cx_object_id%3A1005009869948663%7C_p_origin_prod%3A
Designer Original Men's Dog Print Fake Two-Piece Long Sleeve T-Shirt Winter New Thickened Pullover Sweater Business Menswear Top,$15.90,"https://ae-pic-a1.aliexpress-media.com/kf/S14622b1a6e9048a1a20b283251f9b288U.jpg_220x220q75.jpg_.avif,https://ae-pic-a1.aliexpress-media.com/kf/S14622b1a6e9048a1a20b283251f9b288U.jpg_220x220q75.jpg_.avif,https://ae-pic-a1.aliexpress-media.com/kf/S81db03a43e14484695a94cb3284b2874J.jpg_220x220q75.jpg_.avif,https://ae-pic-a1.aliexpress-media.com/kf/S4a682aa3e89d4b6e996e7cc83eeb1fddM.jpg_220x220q75.jpg_.avif,https://ae-pic-a1.aliexpress-media.com/kf/S938324572ff94a3bb9fe67d900c72710k.jpg_220x220q75.jpg_.avif","['whether full opening', 'Yes', 'High-concerned chemical', 'None', 'Applicable Season', 'Winter', 'Craft of Weaving', 'Knit', 'Applicable Scene', 'Business', 'Hooded', 'No', 'Decoration', 'Button', 'Sleeve Style', 'regular', 'Wool', 'Standard Wool', 'Place Of Origin', 'China (mainland)', 'Pattern Type', 'Print', 'Item Type', 'Pullovers', 'Sleeve Length(cm)', 'Full', 'Thickness', 'Thick', 'Technics', 'Computer Knitted', 'Material', 'Other,POLYESTER', 'Collar', 'Turn-Down Collar', 'Style', 'Smart Casual', 'Gender', 'Men', 'Origin', 'China Mainland', 'CN', 'Zhejiang', 'Closure Type', 'None']",https://www.aliexpress.us/item/3256809842663896.html?algo_pvid=b315609a-17c2-4053-b7ed-1e306d6ec6f1&algo_exp_id=b315609a-17c2-4053-b7ed-1e306d6ec6f1-37&pdp_ext_f=%7B%22order%22%3A%2255%22%2C%22eval%22%3A%221%22%2C%22fromPage%22%3A%22search%22%7D&pdp_npi=6%40dis%21USD%2151.83%2115.90%21%21%21354.98%21108.87%21%402101529317754846725924738eadd6%2112000050880812642%21sea%21US%210%21ABX%211%210%21n_tag%3A-29910%3Bd%3A913ad4af%3Bm03_new_user%3A-29895%3BpisId%3A5000000197847434&curPageLogUid=9k1ZVxuUTZ8N&utparam-url=scene%3Asearch%7Cquery_from%3A%7Cx_object_id%3A1005010028978648%7C_p_origin_prod%3A
Men's Turtleneck Sweater Autumn Men's Knitting Pullovers Rollneck Sweater Winter Warm Men Jumper Slim Fit Casual Streetwear,$1.30,"https://ae-pic-a1.aliexpress-media.com/kf/Sb95ccc9b594c4c049d0d35035c94016aA.jpg_220x220q75.jpg_.avif,https://ae-pic-a1.aliexpress-media.com/kf/S5861ba96dbc04b7e9b46478aab53794en.jpg_220x220q75.jpg_.avif,https://ae-pic-a1.aliexpress-media.com/kf/Sf2e1cf2e8f7c433582e6f5ab84d93693V.jpg_220x220q75.jpg_.avif,https://ae-pic-a1.aliexpress-media.com/kf/S1c3d000bef0a4f458a01e1f8035ff7aem.jpg_220x220q75.jpg_.avif,https://ae-pic-a1.aliexpress-media.com/kf/Sbaabf5d12ce34b51b4d6d11d6cc1c721R.jpg_220x220q75.jpg_.avif","['whether full opening', 'No', 'High-concerned chemical', 'None', 'Applicable Season', 'Autumn And Winter', 'Applicable Scene', 'CASUAL', 'Hooded', 'No', 'Sleeve Style', 'regular', 'Wool', 'Standard Wool', 'Place Of Origin', 'China (mainland)', 'Pattern Type', 'Solid', 'Item Type', 'Pullovers', 'Sleeve Length(cm)', 'Full', 'Thickness', 'Standard', 'Material', 'Other,POLYESTER,Acrylic', 'Collar', 'Turtleneck', 'Style', 'Casual', 'Gender', 'Men', 'Brand Name', 'ANIMAL GAME', 'Origin', 'China Mainland', 'CN', 'Zhejiang', 'support', 'Drop Shipping']",https://www.aliexpress.us/item/3256807500542786.html?algo_pvid=b315609a-17c2-4053-b7ed-1e306d6ec6f1&algo_exp_id=b315609a-17c2-4053-b7ed-1e306d6ec6f1-42&pdp_ext_f=%7B%22order%22%3A%2254%22%2C%22eval%22%3A%221%22%2C%22fromPage%22%3A%22search%22%7D&pdp_npi=6%40dis%21USD%2122.03%211.30%21%21%21150.87%218.86%21%402101529317754846725924738eadd6%2112000041835386252%21sea%21US%210%21ABX%211%210%21n_tag%3A-29910%3Bd%3A913ad4af%3Bm03_new_user%3A-29895%3BpisId%3A5000000197847434&curPageLogUid=XNq55sPu9p9U&utparam-url=scene%3Asearch%7Cquery_from%3A%7Cx_object_id%3A1005007686857538%7C_p_origin_prod%3A
High End Brand Men's O-Neck Pullover Knitwear Autumn Winter New Arrival Solid Color Dog Print Soft Warm Casual Commuter Menswear,$15.80,"https://ae-pic-a1.aliexpress-media.com/kf/S1211cc0fc110482aa2359a70c93ac6acN.jpg_220x220q75.jpg_.avif,https://ae-pic-a1.aliexpress-media.com/kf/S1211cc0fc110482aa2359a70c93ac6acN.jpg_220x220q75.jpg_.avif,https://ae-pic-a1.aliexpress-media.com/kf/Sab71bbc48c72418caa14fa6b36073bf3p.jpg_220x220q75.jpg_.avif,https://ae-pic-a1.aliexpress-media.com/kf/S865fc70f7361416b867a974f9d688f047.jpg_220x220q75.jpg_.avif,https://ae-pic-a1.aliexpress-media.com/kf/Sae3bc1b7047f49229e8ad7097716474bR.jpg_220x220q75.jpg_.avif","['whether full opening', 'No', 'High-concerned chemical', 'None', 'Applicable Season', 'Autumn And Winter', 'Craft of Weaving', 'Knit', 'Applicable Scene', 'Business', 'Hooded', 'No', 'Decoration', 'Appliques', 'Sleeve Style', 'regular', 'Wool', 'Standard Wool', 'Place Of Origin', 'China (mainland)', 'Pattern Type', 'Print', 'Item Type', 'Pullovers', 'Sleeve Length(cm)', 'Full', 'Thickness', 'Thick', 'Technics', 'Computer Knitted', 'Material', 'POLYESTER,Viscose,Wool,Polyamide', 'Collar', 'O-Neck', 'Style', 'Casual', 'Gender', 'Men', 'Origin', 'China Mainland', 'CN', 'Zhejiang', 'Closure Type', 'None']",https://www.aliexpress.us/item/3256810060647446.html?algo_pvid=b315609a-17c2-4053-b7ed-1e306d6ec6f1&algo_exp_id=b315609a-17c2-4053-b7ed-1e306d6ec6f1-43&pdp_ext_f=%7B%22order%22%3A%2254%22%2C%22spu_best_type%22%3A%22price%22%2C%22eval%22%3A%221%22%2C%22fromPage%22%3A%22search%22%7D&pdp_npi=6%40dis%21USD%2152.72%2115.80%21%21%21361.12%21108.27%21%402101529317754846725924738eadd6%2112000051669467958%21sea%21US%210%21ABX%211%210%21n_tag%3A-29910%3Bd%3A913ad4af%3Bm03_new_user%3A-29895%3BpisId%3A5000000197847434&curPageLogUid=90rPwEEFG2U0&utparam-url=scene%3Asearch%7Cquery_from%3A%7Cx_object_id%3A1005010246962198%7C_p_origin_prod%3A
Maden Casual Chenille Round Neck Sweater for Men Warm Skin-friendly Beige Knitwear Autumn Winter Basic Solid Color Soft Sweater,$32.30,"https://ae-pic-a1.aliexpress-media.com/kf/S65b356c7f391411d9a521e63a7881a50H.png_220x220.png_.avif,https://ae-pic-a1.aliexpress-media.com/kf/S65b356c7f391411d9a521e63a7881a50H.png_220x220.png_.avif,https://ae-pic-a1.aliexpress-media.com/kf/S9642c24a769849c8b0e7fbb942645926V.png_220x220.png_.avif,https://ae-pic-a1.aliexpress-media.com/kf/Sc172e338e0b042f89092d98f0a5bb2f0z.png_220x220.png_.avif,https://ae-pic-a1.aliexpress-media.com/kf/S7ed45427c3e545e7997b915191152b1bw.png_220x220.png_.avif","['whether full opening', 'No', 'High-concerned chemical', 'None', 'Applicable Season', 'Autumn And Winter', 'Craft of Weaving', 'Knit', 'Applicable Scene', 'Daily', 'Hooded', 'No', 'Model Number', 'TW2207008', 'Decoration', 'NONE', 'Sleeve Style', 'regular', 'Wool', 'Standard Wool', 'Place Of Origin', 'China (mainland)', 'Pattern Type', 'Solid', 'Item Type', 'Pullovers', 'Sleeve Length(cm)', 'Full', 'Thickness', 'Standard', 'Material', 'POLYESTER', 'Collar', 'O-Neck', 'Style', 'Casual', 'Gender', 'Men', 'Brand Name', 'MADEN', 'Origin', 'China Mainland', 'CN', 'Guangdong', 'Closure Type', 'None', 'material composition', '100% polyester']",https://www.aliexpress.us/item/3256806106494593.html?algo_pvid=b315609a-17c2-4053-b7ed-1e306d6ec6f1&algo_exp_id=b315609a-17c2-4053-b7ed-1e306d6ec6f1-44&pdp_ext_f=%7B%22order%22%3A%2254%22%2C%22eval%22%3A%221%22%2C%22fromPage%22%3A%22search%22%7D&pdp_npi=6%40dis%21USD%2142.70%2132.30%21%21%21292.50%21221.27%21%402101529317754846725924738eadd6%2112000036637623943%21sea%21US%210%21ABX%211%210%21n_tag%3A-29910%3Bd%3A913ad4af%3Bm03_new_user%3A-29895%3BpisId%3A5000000197847434&curPageLogUid=SsboLAeUiAXG&utparam-url=scene%3Asearch%7Cquery_from%3A%7Cx_object_id%3A1005006292809345%7C_p_origin_prod%3A
7 Colors Half High Collar Men T-shirt New 2026 Summer Short Sleeve Solid Color Sweater Pullover T Shirt Slim Knitted Tees Top,$15.57,"https://ae-pic-a1.aliexpress-media.com/kf/H7faba2ad48cd43918bc9c3219f5e0e4bx.jpg_220x220q75.jpg_.avif,https://ae-pic-a1.aliexpress-media.com/kf/H52a54ce01741470189d75e0fd8e3380dZ.jpg_220x220q75.jpg_.avif,https://ae-pic-a1.aliexpress-media.com/kf/Heee6c3570ca74d928097711a992ac5e7s.jpg_220x220q75.jpg_.avif,https://ae-pic-a1.aliexpress-media.com/kf/H323db33c88eb453c81a4f77b21fd8ed2Q.jpg_220x220q75.jpg_.avif,https://ae-pic-a1.aliexpress-media.com/kf/H7faba2ad48cd43918bc9c3219f5e0e4bx.jpg_220x220q75.jpg_.avif","['whether full opening', 'No', 'High-concerned chemical', 'None', 'Applicable Season', 'Autumn And Winter', 'Applicable Scene', 'Daily', 'Hooded', 'No', 'Decoration', 'NONE', 'Sleeve Style', 'regular', 'Wool', 'Thin Wool', 'Pattern Type', 'Solid', 'Item Type', 'Pullovers', 'Sleeve Length(cm)', 'Full', 'Thickness', 'Standard', 'Technics', 'Computer Knitted', 'Material', 'POLYESTER', 'Collar', 'Turtleneck', 'Style', 'England Style', 'Gender', 'Men', 'Origin', 'China Mainland', 'CN', 'Zhejiang', 'Closure Type', 'None', 'Model Number', 'Turtleneck men', 'Material', 'Polyester fiber 80% nylon 20%']",https://www.aliexpress.us/item/3256803478334287.html?algo_pvid=b315609a-17c2-4053-b7ed-1e306d6ec6f1&algo_exp_id=b315609a-17c2-4053-b7ed-1e306d6ec6f1-45&pdp_ext_f=%7B%22order%22%3A%2254%22%2C%22eval%22%3A%221%22%2C%22fromPage%22%3A%22search%22%7D&pdp_npi=6%40dis%21USD%2139.17%2115.57%21%21%2139.17%2115.57%21%402101529317754846725924738eadd6%2112000056113988288%21sea%21US%210%21ABX%211%210%21n_tag%3A-29910%3Bd%3A913ad4af%3Bm03_new_user%3A-29895%3BpisId%3A5000000197847434&curPageLogUid=3hWrloyOCdZX&utparam-url=scene%3Asearch%7Cquery_from%3A%7Cx_object_id%3A1005003664649039%7C_p_origin_prod%3A
Men's Winter Fleece Pullover Knit Sweater Wool Plus Velvet Clothing Thick Warm O-neck Jumpers Fashion Y2K Knitwear,$13.69,"https://ae-pic-a1.aliexpress-media.com/kf/Sf52aee969c374863bb4b1f1a4615609dV.jpg_220x220q75.jpg_.avif,https://ae-pic-a1.aliexpress-media.com/kf/S051c241b533c45e199c88f02a9e1792bU.jpg_220x220q75.jpg_.avif,https://ae-pic-a1.aliexpress-media.com/kf/S93cec8a8914f48ebaef74a49c7ca4c9dN.jpg_220x220q75.jpg_.avif,https://ae-pic-a1.aliexpress-media.com/kf/Sfb7597fa12ea48c995a4de59a77fadf5E.jpg_220x220q75.jpg_.avif,https://ae-pic-a1.aliexpress-media.com/kf/Seb9a1ff230ea4bcabed80dfcd715de6d9.jpg_220x220q75.jpg_.avif","['High-concerned chemical', 'None', 'Applicable Season', 'Autumn And Winter', 'Applicable Scene', 'Daily', 'Sleeve Style', 'regular', 'Wool', 'Standard Wool', 'Place Of Origin', 'China (mainland)', 'Pattern Type', 'Solid', 'Item Type', 'Pullovers', 'Sleeve Length(cm)', 'Full', 'Thickness', 'Fleece', 'Technics', 'Computer Knitted', 'Material', 'POLYESTER', 'Collar', 'O-Neck', 'Style', 'Korean', 'Gender', 'Men', 'Brand Name', 'NoEnName_Null', 'Origin', 'China Mainland', 'CN', 'Jiangsu']",https://www.aliexpress.us/item/3256807009155120.html?algo_pvid=b315609a-17c2-4053-b7ed-1e306d6ec6f1&algo_exp_id=b315609a-17c2-4053-b7ed-1e306d6ec6f1-55&pdp_ext_f=%7B%22order%22%3A%2253%22%2C%22eval%22%3A%221%22%2C%22fromPage%22%3A%22search%22%7D&pdp_npi=6%40dis%21USD%2144.60%2113.69%21%21%21305.48%2193.78%21%402101529317754846725924738eadd6%2112000039764498425%21sea%21US%210%21ABX%211%210%21n_tag%3A-29910%3Bd%3A913ad4af%3Bm03_new_user%3A-29895%3BpisId%3A5000000197847434&curPageLogUid=Xh4XPxgliDMj&utparam-url=scene%3Asearch%7Cquery_from%3A%7Cx_object_id%3A1005007195469872%7C_p_origin_prod%3A
Mens Turtleneck Sweater Fleeced Knitwear Solid Color Velvet Jumpers Slim Fit Elegant Luxury Brand Brown Knitted Sweaters,$0.99,"https://ae-pic-a1.aliexpress-media.com/kf/Sdd2351fc46ef469c871603d368aa411do.jpg_220x220q75.jpg_.avif,https://ae-pic-a1.aliexpress-media.com/kf/Sb73e650067fa44cb8940c2a2a69e3e62m.jpg_220x220q75.jpg_.avif,https://ae-pic-a1.aliexpress-media.com/kf/Se84dac64927148be8dd1b864908b4d640.jpg_220x220q75.jpg_.avif,https://ae-pic-a1.aliexpress-media.com/kf/S767a8a7cea114523bb52b1beffbd179cm.jpg_220x220q75.jpg_.avif,https://ae-pic-a1.aliexpress-media.com/kf/S16f25e5130164e58ae6a066e4a08a430N.jpg_220x220q75.jpg_.avif","['whether full opening', 'No', 'High-concerned chemical', 'None', 'Applicable Season', 'Autumn And Winter', 'Craft of Weaving', 'Knit', 'Applicable Scene', 'Daily', 'Hooded', 'No', 'Decoration', 'NONE', 'Sleeve Style', 'regular', 'Place Of Origin', 'China (mainland)', 'Item Type', 'Pullovers', 'Thickness', 'Fleece', 'Material', 'POLYESTER', 'Collar', 'Turtleneck', 'Style', 'Casual', 'Gender', 'Men', 'Brand Name', 'GQXAON', 'Origin', 'China Mainland', 'CN', 'Jiangsu', 'Closure Type', 'None']",https://www.aliexpress.us/item/3256810326383405.html?algo_pvid=b315609a-17c2-4053-b7ed-1e306d6ec6f1&algo_exp_id=b315609a-17c2-4053-b7ed-1e306d6ec6f1-56&pdp_ext_f=%7B%22order%22%3A%2253%22%2C%22eval%22%3A%221%22%2C%22fromPage%22%3A%22search%22%7D&pdp_npi=6%40dis%21USD%2120.60%210.99%21%21%21141.11%216.81%21%402101529317754846725924738eadd6%2112000052653185928%21sea%21US%210%21ABX%211%210%21n_tag%3A-29910%3Bd%3A913ad4af%3Bm03_new_user%3A-29895%3BpisId%3A5000000197847458&curPageLogUid=w14YJxsrhR6N&utparam-url=scene%3Asearch%7Cquery_from%3A%7Cx_object_id%3A1005010512698157%7C_p_origin_prod%3A
Men's Spring and Autumn Turtleneck Houndstooth Fleece Pullover Fashion Casual High Elasticity All-match Men's Shirt,$10.90,"https://ae-pic-a1.aliexpress-media.com/kf/Sbd69de3e4454496aaf8f672d3ca43886W.jpg_220x220q75.jpg_.avif,https://ae-pic-a1.aliexpress-media.com/kf/S5f2b87b088b4487a8e7e3fa1ddda9342c.jpg_220x220q75.jpg_.avif,https://ae-pic-a1.aliexpress-media.com/kf/S27c8f26174e74531b20397840bf3a53fb.jpg_220x220q75.jpg_.avif,https://ae-pic-a1.aliexpress-media.com/kf/S850908b6c47b44989de71cf3d672a0a9E.jpg_220x220q75.jpg_.avif,https://ae-pic-a1.aliexpress-media.com/kf/Sdbf974c1940e431a9b735b6f98a4db21v.jpg_220x220q75.jpg_.avif","['whether full opening', 'No', 'High-concerned chemical', 'None', 'Applicable Season', 'Spring And Autumn', 'Craft of Weaving', 'Knit', 'Applicable Scene', 'Trip', 'Hooded', 'No', 'Model Number', 'DR-1', 'Sleeve Style', 'regular', 'Place Of Origin', 'China (mainland)', 'Item Type', 'Pullovers', 'Sleeve Length(cm)', 'Full', 'Thickness', 'Standard', 'Material', 'Other,POLYESTER', 'Collar', 'Turtleneck', 'Style', 'Casual', 'Gender', 'Men', 'Origin', 'China Mainland', 'CN', 'Anhui', 'Closure Type', 'None']",https://www.aliexpress.us/item/3256809214646239.html?algo_pvid=b315609a-17c2-4053-b7ed-1e306d6ec6f1&algo_exp_id=b315609a-17c2-4053-b7ed-1e306d6ec6f1-57&pdp_ext_f=%7B%22order%22%3A%2253%22%2C%22eval%22%3A%221%22%2C%22fromPage%22%3A%22search%22%7D&pdp_npi=6%40dis%21USD%2143.40%2110.90%21%21%21297.29%2174.66%21%402101529317754846725924738eadd6%2112000048986127955%21sea%21US%210%21ABX%211%210%21n_tag%3A-29910%3Bd%3A913ad4af%3Bm03_new_user%3A-29895%3BpisId%3A5000000197847434&curPageLogUid=wathMSu44Nth&utparam-url=scene%3Asearch%7Cquery_from%3A%7Cx_object_id%3A1005009400960991%7C_p_origin_prod%3A
Men's Spring and Autumn Turtleneck Houndstooth Fleece Pullover Fashion Casual High Elasticity All-match Men's Shirt,$10.90,"https://ae-pic-a1.aliexpress-media.com/kf/Sbd69de3e4454496aaf8f672d3ca43886W.jpg_220x220q75.jpg_.avif,https://ae-pic-a1.aliexpress-media.com/kf/S5f2b87b088b4487a8e7e3fa1ddda9342c.jpg_220x220q75.jpg_.avif,https://ae-pic-a1.aliexpress-media.com/kf/S27c8f26174e74531b20397840bf3a53fb.jpg_220x220q75.jpg_.avif,https://ae-pic-a1.aliexpress-media.com/kf/S850908b6c47b44989de71cf3d672a0a9E.jpg_220x220q75.jpg_.avif,https://ae-pic-a1.aliexpress-media.com/kf/Sdbf974c1940e431a9b735b6f98a4db21v.jpg_220x220q75.jpg_.avif","['whether full opening', 'No', 'High-concerned chemical', 'None', 'Applicable Season', 'Spring And Autumn', 'Craft of Weaving', 'Knit', 'Applicable Scene', 'Trip', 'Hooded', 'No', 'Model Number', 'DR-1', 'Sleeve Style', 'regular', 'Place Of Origin', 'China (mainland)', 'Item Type', 'Pullovers', 'Sleeve Length(cm)', 'Full', 'Thickness', 'Standard', 'Material', 'Other,POLYESTER', 'Collar', 'Turtleneck', 'Style', 'Casual', 'Gender', 'Men', 'Origin', 'China Mainland', 'CN', 'Anhui', 'Closure Type', 'None']",https://www.aliexpress.us/item/3256809214646239.html?algo_pvid=b315609a-17c2-4053-b7ed-1e306d6ec6f1&algo_exp_id=b315609a-17c2-4053-b7ed-1e306d6ec6f1-57&pdp_ext_f=%7B%22order%22%3A%2253%22%2C%22eval%22%3A%221%22%2C%22fromPage%22%3A%22search%22%7D&pdp_npi=6%40dis%21USD%2143.40%2110.90%21%21%21297.29%2174.66%21%402101529317754846725924738eadd6%2112000048986127955%21sea%21US%210%21ABX%211%210%21n_tag%3A-29910%3Bd%3A913ad4af%3Bm03_new_user%3A-29895%3BpisId%3A5000000197847434&curPageLogUid=wathMSu44Nth&utparam-url=scene%3Asearch%7Cquery_from%3A%7Cx_object_id%3A1005009400960991%7C_p_origin_prod%3A
Men's Spring and Autumn Turtleneck Houndstooth Fleece Pullover Fashion Casual High Elasticity All-match Men's Shirt,$10.90,"https://ae-pic-a1.aliexpress-media.com/kf/Sbd69de3e4454496aaf8f672d3ca43886W.jpg_220x220q75.jpg_.avif,https://ae-pic-a1.aliexpress-media.com/kf/S5f2b87b088b4487a8e7e3fa1ddda9342c.jpg_220x220q75.jpg_.avif,https://ae-pic-a1.aliexpress-media.com/kf/S27c8f26174e74531b20397840bf3a53fb.jpg_220x220q75.jpg_.avif,https://ae-pic-a1.aliexpress-media.com/kf/S850908b6c47b44989de71cf3d672a0a9E.jpg_220x220q75.jpg_.avif,https://ae-pic-a1.aliexpress-media.com/kf/Sdbf974c1940e431a9b735b6f98a4db21v.jpg_220x220q75.jpg_.avif","['whether full opening', 'No', 'High-concerned chemical', 'None', 'Applicable Season', 'Spring And Autumn', 'Craft of Weaving', 'Knit', 'Applicable Scene', 'Trip', 'Hooded', 'No', 'Model Number', 'DR-1', 'Sleeve Style', 'regular', 'Place Of Origin', 'China (mainland)', 'Item Type', 'Pullovers', 'Sleeve Length(cm)', 'Full', 'Thickness', 'Standard', 'Material', 'Other,POLYESTER', 'Collar', 'Turtleneck', 'Style', 'Casual', 'Gender', 'Men', 'Origin', 'China Mainland', 'CN', 'Anhui', 'Closure Type', 'None']",https://www.aliexpress.us/item/3256809214646239.html?algo_pvid=b315609a-17c2-4053-b7ed-1e306d6ec6f1&algo_exp_id=b315609a-17c2-4053-b7ed-1e306d6ec6f1-57&pdp_ext_f=%7B%22order%22%3A%2253%22%2C%22eval%22%3A%221%22%2C%22fromPage%22%3A%22search%22%7D&pdp_npi=6%40dis%21USD%2143.40%2110.90%21%21%21297.29%2174.66%21%402101529317754846725924738eadd6%2112000048986127955%21sea%21US%210%21ABX%211%210%21n_tag%3A-29910%3Bd%3A913ad4af%3Bm03_new_user%3A-29895%3BpisId%3A5000000197847434&curPageLogUid=wathMSu44Nth&utparam-url=scene%3Asearch%7Cquery_from%3A%7Cx_object_id%3A1005009400960991%7C_p_origin_prod%3A
Half Turtleneck Knitwear Sweater New Autumn/Winter Mock Neck Sweatshirts Solid Color Pullovers Man Brand Casual Mens Clothing,$2.35,"https://ae-pic-a1.aliexpress-media.com/kf/S6c71ff581c8e436299f2474639d941dfm.jpg?has_lang=1&ver=2_220x220q75.jpg_.avif,https://ae-pic-a1.aliexpress-media.com/kf/S7d61286e95ec4d6a89bf05341037b57bS.jpg?has_lang=1&ver=2_220x220q75.jpg_.avif,https://ae-pic-a1.aliexpress-media.com/kf/S005190db0aa94c1ba577ffb8e84e5db3L.jpg?has_lang=1&ver=2_220x220q75.jpg_.avif,https://ae-pic-a1.aliexpress-media.com/kf/Sb72f6cef738747c4ae087901504242c6f.jpg?has_lang=1&ver=2_220x220q75.jpg_.avif,https://ae-pic-a1.aliexpress-media.com/kf/S5a7edad2503d4b6b8ba745d0bbb2f7d7I.jpg?has_lang=1&ver=2_220x220q75.jpg_.avif","['whether full opening', 'No', 'High-concerned chemical', 'None', 'Applicable Season', 'Autumn And Winter', 'Craft of Weaving', 'Knit', 'Applicable Scene', 'CASUAL', 'Hooded', 'No', 'Sleeve Style', 'regular', 'Wool', 'Standard Wool', 'Place Of Origin', 'China (mainland)', 'Pattern Type', 'Solid', 'Sleeve Length(cm)', 'Full', 'Thickness', 'Thick', 'Technics', 'Flat Knitted', 'Material', 'POLYESTER', 'Style', 'Casual', 'Gender', 'Men', 'Origin', 'China Mainland', 'CN', 'Zhejiang', 'Closure Type', 'None']",https://www.aliexpress.us/item/3256809499513450.html?algo_pvid=86691c53-7b98-43bd-8b83-b166aa8f753d&algo_exp_id=86691c53-7b98-43bd-8b83-b166aa8f753d-3&pdp_ext_f=%7B%22order%22%3A%2284%22%2C%22eval%22%3A%221%22%2C%22fromPage%22%3A%22search%22%7D&pdp_npi=6%40dis%21USD%2124.18%212.35%21%21%21165.60%2116.07%21%402103110517754878044048591e0563%2112000049856159681%21sea%21US%210%21ABX%211%210%21n_tag%3A-29910%3Bd%3A913ad4af%3Bm03_new_user%3A-29895%3BpisId%3A5000000197847434&curPageLogUid=nMdcRfDbYW6I&utparam-url=scene%3Asearch%7Cquery_from%3A%7Cx_object_id%3A1005009685828202%7C_p_origin_prod%3A
2025 Two Fake Collar Mens Daily Casual Tee Long Sleeve Sweatershirt Pullover Tops Lapel Polo Tee,$5.54,"https://ae-pic-a1.aliexpress-media.com/kf/Sf23aed8e09bd418a8910999b9a05ab4cj.jpg_220x220q75.jpg_.avif,https://ae-pic-a1.aliexpress-media.com/kf/Sf23aed8e09bd418a8910999b9a05ab4cj.jpg_220x220q75.jpg_.avif,https://ae-pic-a1.aliexpress-media.com/kf/S6a7e0ad2fb114821a5a4aede801f92527.jpg_220x220q75.jpg_.avif,https://ae-pic-a1.aliexpress-media.com/kf/S4a4754e532ca47848673d23f54331db5c.jpg_220x220q75.jpg_.avif,https://ae-pic-a1.aliexpress-media.com/kf/S209199e0fd1843b181fbc2523a938dc7Y.jpg_220x220q75.jpg_.avif","['whether full opening', 'No', 'High-concerned chemical', 'None', 'Applicable Season', 'Spring And Autumn', 'Applicable Scene', 'Daily', 'Sleeve Style', 'regular', 'Wool', 'Thin Wool', 'Pattern Type', 'Solid', 'Item Type', 'Pullovers', 'Sleeve Length(cm)', 'Full', 'Thickness', 'Standard', 'Material', 'POLYESTER', 'Collar', 'Turn-Down Collar', 'Style', 'Casual', 'Gender', 'Men', 'Origin', 'China Mainland', 'CN', 'Zhejiang', 'Closure Type', 'None']",https://www.aliexpress.us/item/3256807790544793.html?algo_pvid=86691c53-7b98-43bd-8b83-b166aa8f753d&algo_exp_id=86691c53-7b98-43bd-8b83-b166aa8f753d-4&pdp_ext_f=%7B%22order%22%3A%2284%22%2C%22eval%22%3A%221%22%2C%22fromPage%22%3A%22search%22%7D&pdp_npi=6%40dis%21USD%2111.53%215.54%21%21%2178.96%2137.90%21%402103110517754878044048591e0563%2112000043122256079%21sea%21US%210%21ABX%211%210%21n_tag%3A-29910%3Bd%3A913ad4af%3Bm03_new_user%3A-29895&curPageLogUid=9wQNelW9u7oi&utparam-url=scene%3Asearch%7Cquery_from%3A%7Cx_object_id%3A1005007976859545%7C_p_origin_prod%3A
100% Pure Mink Cashmere Sweater Men's V-Neck Pullovers Knit Large Size Mink Sweater Winter New Long Sleeve High-End Jumpers Tops,$37.61,"https://ae-pic-a1.aliexpress-media.com/kf/S1eb4ccc931b04e8f93601e90da9a8e9eS.jpg_220x220q75.jpg_.avif,https://ae-pic-a1.aliexpress-media.com/kf/S1eb4ccc931b04e8f93601e90da9a8e9eS.jpg_220x220q75.jpg_.avif,https://ae-pic-a1.aliexpress-media.com/kf/S2a3b2c668de044e9b39dc82d077da581a.jpg_220x220q75.jpg_.avif,https://ae-pic-a1.aliexpress-media.com/kf/Sa3be169912d34005bd744f21c372d08am.jpg_220x220q75.jpg_.avif,https://ae-pic-a1.aliexpress-media.com/kf/S051c6434bf194b38996a015cffaea378r.jpg_220x220q75.jpg_.avif","['whether full opening', 'No', 'High-concerned chemical', 'None', 'Applicable Season', 'Autumn And Winter', 'Craft of Weaving', 'Knit', 'Applicable Scene', 'CASUAL', 'Hooded', 'No', 'Model Number', 'DBR21025', 'Decoration', 'NONE', 'Sleeve Style', 'regular', 'Wool', 'Thin Wool', 'Place Of Origin', 'China (mainland)', 'Pattern Type', 'Solid', 'Item Type', 'Pullovers', 'Sleeve Length(cm)', 'Full', 'Thickness', 'Standard', 'Technics', 'Flat Knitted', 'Material', 'Other', 'Collar', 'V-Neck', 'Style', 'Casual', 'Gender', 'Men', 'Brand Name', 'Snaoutofit', 'Origin', 'China Mainland', 'CN', 'Hebei', 'Closure Type', 'None']",https://www.aliexpress.us/item/3256804770236821.html?algo_pvid=86691c53-7b98-43bd-8b83-b166aa8f753d&algo_exp_id=86691c53-7b98-43bd-8b83-b166aa8f753d-7&pdp_ext_f=%7B%22order%22%3A%2283%22%2C%22eval%22%3A%221%22%2C%22fromPage%22%3A%22search%22%7D&pdp_npi=6%40dis%21USD%2178.35%2137.61%21%21%2178.35%2137.61%21%402103110517754878044048591e0563%2112000031150064275%21sea%21US%210%21ABX%211%210%21n_tag%3A-29910%3Bd%3A913ad4af%3Bm03_new_user%3A-29895&curPageLogUid=Ju5qhtUwT3TZ&utparam-url=scene%3Asearch%7Cquery_from%3A%7Cx_object_id%3A1005004956551573%7C_p_origin_prod%3A
Men Knitted Jumpers Patchwork Sweater O Neck Pullovers Spliced Long Sleeve Jumper Slight Strech Standard Wool 2024 Casual,$11.38,"https://ae-pic-a1.aliexpress-media.com/kf/S93906795225a4562a358d64196d89442m.jpg_220x220q75.jpg_.avif,https://ae-pic-a1.aliexpress-media.com/kf/S93906795225a4562a358d64196d89442m.jpg_220x220q75.jpg_.avif,https://ae-pic-a1.aliexpress-media.com/kf/S6f8e2f1a0b3a4b93943bcdd8e2a1474aM.jpg_220x220q75.jpg_.avif,https://ae-pic-a1.aliexpress-media.com/kf/S6cdd6f53b0ae407ea8a267270fed25164.jpg_220x220q75.jpg_.avif,https://ae-pic-a1.aliexpress-media.com/kf/Saa7313a7e4aa43ba9537c8eeaf61c383M.jpg_220x220q75.jpg_.avif","['whether full opening', 'No', 'High-concerned chemical', 'None', 'Applicable Season', 'Winter', 'Craft of Weaving', 'Knit', 'Applicable Scene', 'CASUAL', 'Hooded', 'No', 'Model Number', 'jhy4963', 'Decoration', 'NONE', 'Sleeve Style', 'regular', 'Wool', 'Standard Wool', 'Place Of Origin', 'China (mainland)', 'Pattern Type', 'Patchwork', 'Item Type', 'Pullovers', 'Sleeve Length(cm)', 'Full', 'Thickness', 'Standard', 'Technics', 'Flat Knitted', 'Material', 'POLYESTER', 'Collar', 'O-Neck', 'Style', 'Casual', 'Gender', 'Men', 'Brand Name', 'wulend', 'Origin', 'China Mainland', 'CN', 'Guangdong', 'Closure Type', 'None']",https://www.aliexpress.us/item/3256808003911280.html?algo_pvid=86691c53-7b98-43bd-8b83-b166aa8f753d&algo_exp_id=86691c53-7b98-43bd-8b83-b166aa8f753d-8&pdp_ext_f=%7B%22order%22%3A%2283%22%2C%22eval%22%3A%221%22%2C%22fromPage%22%3A%22search%22%7D&pdp_npi=6%40dis%21USD%2121.89%2111.38%21%21%21149.96%2177.98%21%402103110517754878044048591e0563%2112000044176939618%21sea%21US%210%21ABX%211%210%21n_tag%3A-29910%3Bd%3A913ad4af%3Bm03_new_user%3A-29895&curPageLogUid=pOkcVWLxH7nS&utparam-url=scene%3Asearch%7Cquery_from%3A%7Cx_object_id%3A1005008190226032%7C_p_origin_prod%3A
2023 Men Pullovers Solid Color Plush O-neck Long Sleeve Fashion Casual Men Clothing Streetwear Autumn Sweaters S-5XL INCERUN,$17.47,"https://ae-pic-a1.aliexpress-media.com/kf/S5bebc6b48c6744a38cd454fad7ca2af3u.jpg_220x220q75.jpg_.avif,https://ae-pic-a1.aliexpress-media.com/kf/S03237b423e304598ba72296e4b2e5b48i.jpg_220x220q75.jpg_.avif,https://ae-pic-a1.aliexpress-media.com/kf/S76162cb2d63d4ed98e298ee24f6debd9I.jpg_220x220q75.jpg_.avif,https://ae-pic-a1.aliexpress-media.com/kf/S44176b99758747bd8b34117f2bcd7133y.jpg_220x220q75.jpg_.avif,https://ae-pic-a1.aliexpress-media.com/kf/S8434fc24ffce4e3084b43f08da3709f09.jpg_220x220q75.jpg_.avif","['Applicable Season', 'Autumn And Winter', 'Applicable Scene', 'CASUAL', 'Hooded', 'No', 'Model Number', 'Men Solid Long Sleeve Pullovers', 'Decoration', 'NONE', 'Sleeve Style', 'regular', 'Wool', 'Standard Wool', 'Place Of Origin', 'China (mainland)', 'Pattern Type', 'Solid', 'Item Type', 'Pullovers', 'Sleeve Length(cm)', 'Full', 'Thickness', 'Thick', 'Material', 'POLYESTER', 'Collar', 'O-Neck', 'Style', 'Casual', 'Gender', 'Men', 'Brand Name', 'INCERUN', 'Origin', 'China Mainland', 'CN', 'Guangdong', 'Closure Type', 'None', 'Color', 'Black,White,Wine Red', 'Size', 'S,M,L,XL,2XL,3XL,4XL,5XL,Plus Size', 'Type', 'Plush Casual Men Sweaters', 'Wholesale,Dropshipping', 'Welcome', 'Fabric Material', '100%Polyester']",https://www.aliexpress.us/item/3256805928076314.html?algo_pvid=86691c53-7b98-43bd-8b83-b166aa8f753d&algo_exp_id=86691c53-7b98-43bd-8b83-b166aa8f753d-9&pdp_ext_f=%7B%22order%22%3A%2282%22%2C%22eval%22%3A%221%22%2C%22fromPage%22%3A%22search%22%7D&pdp_npi=6%40dis%21USD%2126.47%2117.47%21%21%2126.47%2117.47%21%402103110517754878044048591e0563%2112000035813820867%21sea%21US%210%21ABX%211%210%21n_tag%3A-29910%3Bd%3A913ad4af%3Bm03_new_user%3A-29895&curPageLogUid=3MsjEoqTxgRN&utparam-url=scene%3Asearch%7Cquery_from%3A%7Cx_object_id%3A1005006114391066%7C_p_origin_prod%3A
Harajuku Priest Salvation Printed Knitwears Women Streetwear Hip Hop Destroyed Hole Ripped Pullovers Jumper Oversized Men,$34.53,"https://ae-pic-a1.aliexpress-media.com/kf/H0264a1886a5a4a7791b990169627d02fa.jpg?has_lang=1&ver=2_220x220q75.jpg_.avif,https://ae-pic-a1.aliexpress-media.com/kf/H0264a1886a5a4a7791b990169627d02fa.jpg?has_lang=1&ver=2_220x220q75.jpg_.avif,https://ae-pic-a1.aliexpress-media.com/kf/H20903533ed27459785bfcc2190cdc85et.jpg_220x220q75.jpg_.avif,https://ae-pic-a1.aliexpress-media.com/kf/Sffeb0ee39bfe458684c470ad1a0b62f1s.png_220x220.png_.avif,https://ae-pic-a1.aliexpress-media.com/kf/S0c33c733f7254f8b986bf5a396fc71085.png_220x220.png_.avif","['whether full opening', 'No', 'High-concerned chemical', 'None', 'Applicable Season', 'Autumn And Winter', 'Craft of Weaving', 'Knit', 'Applicable Scene', 'Shopping', 'Hooded', 'No', 'Decoration', 'Frayed', 'Sleeve Style', 'regular', 'Wool', 'Colored Wool', 'Place Of Origin', 'China (mainland)', 'Pattern Type', 'Cartoon', 'Item Type', 'Pullovers', 'Sleeve Length(cm)', 'Full', 'Thickness', 'Standard', 'Technics', 'Flat Knitted', 'Material', 'Nylon,Elastane,Viscose', 'Collar', 'O-Neck', 'Style', 'High Street', 'Gender', 'Men', 'Brand Name', 'HANGJIA', 'Origin', 'China Mainland', 'CN', 'Guangdong', 'Closure Type', 'None']",https://www.aliexpress.us/item/3256802935891732.html?algo_pvid=86691c53-7b98-43bd-8b83-b166aa8f753d&algo_exp_id=86691c53-7b98-43bd-8b83-b166aa8f753d-15&pdp_ext_f=%7B%22order%22%3A%2281%22%2C%22eval%22%3A%221%22%2C%22fromPage%22%3A%22search%22%7D&pdp_npi=6%40dis%21USD%2157.55%2134.53%21%21%21394.18%21236.51%21%402103110517754878044048591e0563%2112000024216230599%21sea%21US%210%21ABX%211%210%21n_tag%3A-29910%3Bd%3A913ad4af%3Bm03_new_user%3A-29895&curPageLogUid=Db8hjsPC1p5C&utparam-url=scene%3Asearch%7Cquery_from%3A%7Cx_object_id%3A1005003122206484%7C_p_origin_prod%3A
Autumn Winter Men's Fashion Knit Sweater Unisex O-Neck Knitted Pullovers Youthful Vitality Slim Fit Korean Style Casual Sweaters,$10.06,"https://ae-pic-a1.aliexpress-media.com/kf/S474895d7742749909eefed66a23b95d0n.jpg_220x220q75.jpg_.avif,https://ae-pic-a1.aliexpress-media.com/kf/S00d408eeb8004a169171d3800f5365888.jpg_220x220q75.jpg_.avif,https://ae-pic-a1.aliexpress-media.com/kf/S9898501b34284114a7fe2c800d024fc3f.jpg_220x220q75.jpg_.avif,https://ae-pic-a1.aliexpress-media.com/kf/Sa3aa94f3688948309dcd38ee394beb66t.jpg_220x220q75.jpg_.avif,https://ae-pic-a1.aliexpress-media.com/kf/Sd7a7120f55dd41fd96ab0c2caf089b04W.jpg_220x220q75.jpg_.avif","['whether full opening', 'No', 'High-concerned chemical', 'None', 'Applicable Season', 'Autumn And Winter', 'Craft of Weaving', 'Tatting', 'Applicable Scene', 'Daily', 'Hooded', 'No', 'Decoration', 'NONE', 'Sleeve Style', 'regular', 'Wool', 'Standard Wool', 'Pattern Type', 'Solid', 'Item Type', 'Pullovers', 'Sleeve Length(cm)', 'Full', 'Thickness', 'Standard', 'Technics', 'Computer Knitted', 'Material', 'POLYESTER', 'Collar', 'O-Neck', 'Style', 'Youthful vitality', 'Gender', 'Men', 'Brand Name', 'FAVOCENT', 'Origin', 'China Mainland', 'CN', 'Zhejiang', 'Closure Type', 'None']",https://www.aliexpress.us/item/3256809458869902.html?algo_pvid=86691c53-7b98-43bd-8b83-b166aa8f753d&algo_exp_id=86691c53-7b98-43bd-8b83-b166aa8f753d-16&pdp_ext_f=%7B%22order%22%3A%2281%22%2C%22eval%22%3A%221%22%2C%22fromPage%22%3A%22search%22%7D&pdp_npi=6%40dis%21USD%2120.53%2110.06%21%21%2120.53%2110.06%21%402103110517754878044048591e0563%2112000049749232392%21sea%21US%210%21ABX%211%210%21n_tag%3A-29910%3Bd%3A913ad4af%3Bm03_new_user%3A-29895&curPageLogUid=HQ8Ovfy5AuO8&utparam-url=scene%3Asearch%7Cquery_from%3A%7Cx_object_id%3A1005009645184654%7C_p_origin_prod%3A
Autumn Stylish Men Tops INCERUN Hot Sale Texture Diagonal Sweater Casual Streetwear Solid V-neck Long Sleeved Sweater S-5XL 2024,$25.61,"https://ae-pic-a1.aliexpress-media.com/kf/S171846212ffd413081b02c6ac983d91fO.jpg_220x220q75.jpg_.avif,https://ae-pic-a1.aliexpress-media.com/kf/Sf1d6a91f0a21410d9b40502ca2cc6a13L.jpg_220x220q75.jpg_.avif,https://ae-pic-a1.aliexpress-media.com/kf/Sa61d954f849c49fa99dd38bf4b4344f0t.jpg_220x220q75.jpg_.avif,https://ae-pic-a1.aliexpress-media.com/kf/Sa6300ba29ffc4e7d9584088722fb3bfdj.jpg_220x220q75.jpg_.avif,https://ae-pic-a1.aliexpress-media.com/kf/Sb8d777c3d7264d92a204b75404530352v.jpg_220x220q75.jpg_.avif","['whether full opening', 'No', 'High-concerned chemical', 'None', 'Applicable Season', 'Spring And Autumn', 'Craft of Weaving', 'Knit', 'Applicable Scene', 'CASUAL', 'Hooded', 'No', 'Model Number', 'Men Pullovers', 'Decoration', 'Button', 'Sleeve Style', 'regular', 'Place Of Origin', 'China (mainland)', 'Pattern Type', 'Solid', 'Item Type', 'Pullovers', 'Sleeve Length(cm)', 'Full', 'Thickness', 'Standard', 'Material', 'POLYESTER,Elastane', 'Collar', 'V-Neck', 'Style', 'Casual', 'Gender', 'Men', 'Brand Name', 'INCERUN', 'Origin', 'China Mainland', 'CN', 'Guangdong', 'Closure Type', 'Single Breasted', 'Fabric Material', '95%Polyester+5%Spandex']",https://www.aliexpress.us/item/3256807803920301.html?algo_pvid=86691c53-7b98-43bd-8b83-b166aa8f753d&algo_exp_id=86691c53-7b98-43bd-8b83-b166aa8f753d-17&pdp_ext_f=%7B%22order%22%3A%2280%22%2C%22eval%22%3A%221%22%2C%22fromPage%22%3A%22search%22%7D&pdp_npi=6%40dis%21USD%2138.80%2125.61%21%21%2138.80%2125.61%21%402103110517754878044048591e0563%2112000043176814909%21sea%21US%210%21ABX%211%210%21n_tag%3A-29910%3Bd%3A913ad4af%3Bm03_new_user%3A-29895&curPageLogUid=1yFgNtz52S56&utparam-url=scene%3Asearch%7Cquery_from%3A%7Cx_object_id%3A1005007990235053%7C_p_origin_prod%3A
"100% Wool. High-quality Men's Warm Sweater, Business Casual Stretchable POLO Shirt, Fall/winter Pullover Knitted Sweater.",$38.61,"https://ae-pic-a1.aliexpress-media.com/kf/S20b8f02183a54afeb57ee4b59466859bt.jpg?has_lang=1&ver=2_220x220q75.jpg_.avif,https://ae-pic-a1.aliexpress-media.com/kf/S0b77d46aadaf45f9a58b35a9ebb7da3ci.jpg?has_lang=1&ver=2_220x220q75.jpg_.avif,https://ae-pic-a1.aliexpress-media.com/kf/Sdcffd1ab954844bd895ebe05db5fbcfeP.jpg?has_lang=1&ver=2_220x220q75.jpg_.avif,https://ae-pic-a1.aliexpress-media.com/kf/Sa23b5ca6ec454ca58e91503b7cfda51bw.jpg?has_lang=1&ver=2_220x220q75.jpg_.avif,https://ae-pic-a1.aliexpress-media.com/kf/Sac44412b02904777be806840a5673e48y.jpg?has_lang=1&ver=2_220x220q75.jpg_.avif","['whether full opening', 'No', 'High-concerned chemical', 'None', 'Applicable Season', 'Four Seasons', 'Craft of Weaving', 'Knit', 'Applicable Scene', 'Traveling', 'Hooded', 'No', 'Model Number', '98732465', 'Decoration', 'NONE', 'Sleeve Style', 'regular', 'Wool', 'Standard Wool', 'Place Of Origin', 'China (mainland)', 'Pattern Type', 'Solid', 'Item Type', 'Pullovers', 'Sleeve Length(cm)', 'Full', 'Thickness', 'Standard', 'Technics', 'Computer Knitted', 'Material', 'POLYESTER,Wool', 'Collar', 'Turn-Down Collar', 'Style', 'Casual', 'Gender', 'Men', 'Brand Name', 'ELITEVESTA', 'Origin', 'China Mainland', 'CN', 'Zhejiang', 'Closure Type', 'None', 'Sizes', 'M,L,XL,XXL,XXXL,4XL', 'Measurement Error', 'Measuerd Lying Flat, There Can Be 1~3cm Differences.']",https://www.aliexpress.us/item/3256807541938823.html?algo_pvid=86691c53-7b98-43bd-8b83-b166aa8f753d&algo_exp_id=86691c53-7b98-43bd-8b83-b166aa8f753d-26&pdp_ext_f=%7B%22order%22%3A%2278%22%2C%22eval%22%3A%221%22%2C%22fromPage%22%3A%22search%22%7D&pdp_npi=6%40dis%21USD%2160.33%2138.61%21%21%21413.25%21264.48%21%402103110517754878044048591e0563%2112000042007805790%21sea%21US%210%21ABX%211%210%21n_tag%3A-29910%3Bd%3A913ad4af%3Bm03_new_user%3A-29895&curPageLogUid=4imQC4MbuPDC&utparam-url=scene%3Asearch%7Cquery_from%3A%7Cx_object_id%3A1005007728253575%7C_p_origin_prod%3A
Rugged Bronson Pre-War USN Mock Neck Sweater Heritage Style Men's Woolen Knitted Pullover,$76.42,"https://ae-pic-a1.aliexpress-media.com/kf/S59b498d9d9b94ba1bbcc411b064632c5l.jpg?has_lang=1&ver=2_220x220q75.jpg_.avif,https://ae-pic-a1.aliexpress-media.com/kf/Se56e1bf0a10f4228b5c12898d6eaefcbp.jpg?has_lang=1&ver=2_220x220q75.jpg_.avif,https://ae-pic-a1.aliexpress-media.com/kf/S9624f9bf03ee485bb0d7e9efa188ff0eT.jpg?has_lang=1&ver=2_220x220q75.jpg_.avif,https://ae-pic-a1.aliexpress-media.com/kf/S0f7a9a259cc343fc9aa86da3cee07779E.jpg_220x220q75.jpg_.avif,https://ae-pic-a1.aliexpress-media.com/kf/Sd40c5225644f49a9b9072a27c3c151b8Q.jpg_220x220q75.jpg_.avif","['whether full opening', 'No', 'High-concerned chemical', 'None', 'Applicable Season', 'Autumn And Winter', 'Craft of Weaving', 'Knit', 'Applicable Scene', 'Daily', 'Hooded', 'No', 'Model Number', 'VS1407', 'Decoration', 'NONE', 'Sleeve Style', 'regular', 'Wool', 'Coarse Wool', 'Place Of Origin', 'China (mainland)', 'Pattern Type', 'Solid', 'Item Type', 'Pullovers', 'Sleeve Length(cm)', 'Full', 'Thickness', 'Thick', 'Technics', 'Flat Knitted', 'Material', 'Acrylic,Wool', 'Collar', 'Mock Neck', 'Style', 'Casual', 'Gender', 'Men', 'Origin', 'China Mainland', 'CN', 'Zhejiang', 'Closure Type', 'None']",https://www.aliexpress.us/item/3256807774606203.html?algo_pvid=86691c53-7b98-43bd-8b83-b166aa8f753d&algo_exp_id=86691c53-7b98-43bd-8b83-b166aa8f753d-30&pdp_ext_f=%7B%22order%22%3A%2276%22%2C%22eval%22%3A%221%22%2C%22fromPage%22%3A%22search%22%7D&pdp_npi=6%40dis%21USD%21110.76%2176.42%21%21%21758.66%21523.48%21%402103110517754878044048591e0563%2112000043040407883%21sea%21US%210%21ABX%211%210%21n_tag%3A-29910%3Bd%3A913ad4af%3Bm03_new_user%3A-29895&curPageLogUid=0HX8acsYFaI4&utparam-url=scene%3Asearch%7Cquery_from%3A%7Cx_object_id%3A1005007960920955%7C_p_origin_prod%3A
2025 Spring and Autumn New Fashion Trend Thickened Warm Striped Hooded Sweater Men's Casual Loose Sports High Quality Knitwear,$17.48,"https://ae-pic-a1.aliexpress-media.com/kf/S00b24dae7b624ecea1b30fb07723a23e9.jpg_220x220q75.jpg_.avif,https://ae-pic-a1.aliexpress-media.com/kf/Sf08d4efc46c74a09962bfcb04c1fcef2x.jpg_220x220q75.jpg_.avif,https://ae-pic-a1.aliexpress-media.com/kf/Sf917080f85cb46e5bd46416f75e3efaac.jpg_220x220q75.jpg_.avif,https://ae-pic-a1.aliexpress-media.com/kf/Se59ee43983af4f13b0758aa6b95ebf47u.jpg_220x220q75.jpg_.avif,https://ae-pic-a1.aliexpress-media.com/kf/S2b9cb65ca33642c5a742605bbc867cdf5.jpg_220x220q75.jpg_.avif","['whether full opening', 'No', 'High-concerned chemical', 'None', 'Applicable Season', 'Autumn And Winter', 'Craft of Weaving', 'Knit', 'Applicable Scene', 'CASUAL', 'Hooded', 'Yes', 'Model Number', '666', 'Decoration', 'NONE', 'Sleeve Style', 'regular', 'Wool', 'Standard Wool', 'Place Of Origin', 'China (mainland)', 'Pattern Type', 'Striped', 'Item Type', 'Pullovers', 'Sleeve Length(cm)', 'Full', 'Thickness', 'Thick', 'Technics', 'Hand Knitted', 'Material', 'Other', 'Collar', 'O-Neck', 'Style', 'Casual', 'Gender', 'Men', 'Brand Name', 'KOLMAKOV', 'Origin', 'China Mainland', 'CN', 'Hubei', 'Closure Type', 'None']",https://www.aliexpress.us/item/3256808162437568.html?algo_pvid=86691c53-7b98-43bd-8b83-b166aa8f753d&algo_exp_id=86691c53-7b98-43bd-8b83-b166aa8f753d-31&pdp_ext_f=%7B%22order%22%3A%2276%22%2C%22eval%22%3A%221%22%2C%22fromPage%22%3A%22search%22%7D&pdp_npi=6%40dis%21USD%2146.51%2117.48%21%21%21318.54%21119.68%21%402103110517754878044048591e0563%2112000044687339518%21sea%21US%210%21ABX%211%210%21n_tag%3A-29910%3Bd%3A913ad4af%3Bm03_new_user%3A-29895%3BpisId%3A5000000197847434&curPageLogUid=2aotLdbMwcGT&utparam-url=scene%3Asearch%7Cquery_from%3A%7Cx_object_id%3A1005008348752320%7C_p_origin_prod%3A
100% Cashmere Turtleneck Men Pullovers 2024 Autumn Winter Soft Light Warm Rolled Neck Jumper Jersey Pull Homme Knitted Sweater,$57.72,"https://ae-pic-a1.aliexpress-media.com/kf/S5bc5b110aa94422793734cb1882ac3f9C.jpg?has_lang=1&ver=2_220x220q75.jpg_.avif,https://ae-pic-a1.aliexpress-media.com/kf/S5bc5b110aa94422793734cb1882ac3f9C.jpg?has_lang=1&ver=2_220x220q75.jpg_.avif,https://ae-pic-a1.aliexpress-media.com/kf/S04111a0b5b6b43fcbaf717a5644bb5207.jpg_220x220q75.jpg_.avif,https://ae-pic-a1.aliexpress-media.com/kf/Sb2b0295e9ace41d5b241974d51c601cdG.jpg_220x220q75.jpg_.avif,https://ae-pic-a1.aliexpress-media.com/kf/See28770920754567846cfe4c2bfbc510R.jpg_220x220q75.jpg_.avif","['whether full opening', 'No', 'High-concerned chemical', 'None', 'Applicable Season', 'Autumn And Winter', 'Craft of Weaving', 'Knit', 'Applicable Scene', 'Daily', 'Hooded', 'No', 'Model Number', 'Turtleneck Men', 'Decoration', 'NONE', 'Sleeve Style', 'regular', 'Wool', 'Standard Wool', 'Place Of Origin', 'China (mainland)', 'Pattern Type', 'Solid', 'Item Type', 'Pullovers', 'Sleeve Length(cm)', 'Full', 'Thickness', 'Standard', 'Technics', 'Computer Knitted', 'Material', 'CASHMERE', 'Collar', 'Turtleneck', 'Style', 'Casual', 'Gender', 'Men', 'Brand Name', 'sifafos', 'Origin', 'Mainland China', 'CN', 'Guangdong', 'Closure Type', 'None', 'material', '100% cashmere wool']",https://www.aliexpress.us/item/3256805886174298.html?algo_pvid=86691c53-7b98-43bd-8b83-b166aa8f753d&algo_exp_id=86691c53-7b98-43bd-8b83-b166aa8f753d-32&pdp_ext_f=%7B%22order%22%3A%2276%22%2C%22eval%22%3A%221%22%2C%22fromPage%22%3A%22search%22%7D&pdp_npi=6%40dis%21USD%2178.00%2157.72%21%21%2178.00%2157.72%21%402103110517754878044048591e0563%2112000035602494045%21sea%21US%210%21ABX%211%210%21n_tag%3A-29910%3Bd%3A913ad4af%3Bm03_new_user%3A-29895&curPageLogUid=Yz7yqb7wZEZM&utparam-url=scene%3Asearch%7Cquery_from%3A%7Cx_object_id%3A1005006072489050%7C_p_origin_prod%3A
Men���s Knitted Sweater Casual Crew Neck Warm Long Sleeve Comfortable Pullover Textured Ribbed Edge High Quality Top US Size,$22.60,"https://ae-pic-a1.aliexpress-media.com/kf/Sbc0ea738b36e4431a3a310fc6b767797X.jpg_220x220q75.jpg_.avif,https://ae-pic-a1.aliexpress-media.com/kf/Sbc0ea738b36e4431a3a310fc6b767797X.jpg_220x220q75.jpg_.avif,https://ae-pic-a1.aliexpress-media.com/kf/S73534bfb86df4093be3d38c34588589fk.jpg_220x220q75.jpg_.avif,https://ae-pic-a1.aliexpress-media.com/kf/Sbd3d5000edf541ec89be901d15f187b9F.jpg_220x220q75.jpg_.avif,https://ae-pic-a1.aliexpress-media.com/kf/S3f0d23e3991648f29162fc59e8606310C.jpg_220x220q75.jpg_.avif","['whether full opening', 'Yes', 'High-concerned chemical', 'None', 'Applicable Season', 'Summer', 'Applicable Scene', 'Daily', 'Wool', 'Thin Wool', 'Sleeve Length(cm)', 'Short (4 - 16 Inch)', 'Thickness', 'Standard', 'Technics', 'Flat Knitted', 'Material', 'POLYESTER', 'Style', 'Casual', 'Gender', 'Men', 'Origin', 'China Mainland', 'CN', 'Fujian']",https://www.aliexpress.us/item/3256809223703514.html?algo_pvid=86691c53-7b98-43bd-8b83-b166aa8f753d&algo_exp_id=86691c53-7b98-43bd-8b83-b166aa8f753d-35&pdp_ext_f=%7B%22order%22%3A%2275%22%2C%22eval%22%3A%221%22%2C%22fromPage%22%3A%22search%22%7D&pdp_npi=6%40dis%21USD%2153.01%2122.60%21%21%21363.08%21154.76%21%402103110517754878044048591e0563%2112000049013756232%21sea%21US%210%21ABX%211%210%21n_tag%3A-29910%3Bd%3A913ad4af%3Bm03_new_user%3A-29895%3BpisId%3A5000000203301560&curPageLogUid=1p3VknNuMmFz&utparam-url=scene%3Asearch%7Cquery_from%3A%7Cx_object_id%3A1005009410018266%7C_p_origin_prod%3A
Autumn Winter New 100% Mink Cashmere Sweater Men's Solid Color Hooded Pullover Knitted Sweater Loose Casual Top For Outdoor Wear,$49.46,"https://ae-pic-a1.aliexpress-media.com/kf/S2a17841a9ecb4d89acbcc59916a09625v.jpg_220x220q75.jpg_.avif,https://ae-pic-a1.aliexpress-media.com/kf/S2a17841a9ecb4d89acbcc59916a09625v.jpg_220x220q75.jpg_.avif,https://ae-pic-a1.aliexpress-media.com/kf/Sf37fc33a5cf44fa9b428172b3e266b78y.jpg_220x220q75.jpg_.avif,https://ae-pic-a1.aliexpress-media.com/kf/Sfa1cc622b88945f7abb52d0716eb48e0E.jpg_220x220q75.jpg_.avif,https://ae-pic-a1.aliexpress-media.com/kf/S4cc7d98bfe2a44e59c4679bdbd833aefL.jpg_220x220q75.jpg_.avif","['whether full opening', 'No', 'High-concerned chemical', 'None', 'Applicable Season', 'Autumn And Winter', 'Craft of Weaving', 'Knit', 'Applicable Scene', 'Business', 'Hooded', 'Yes', 'Model Number', '90', 'Decoration', 'NONE', 'Wool', 'Thin Wool', 'Place Of Origin', 'China (mainland)', 'Pattern Type', 'Solid', 'Item Type', 'Pullovers', 'Sleeve Length(cm)', 'Full', 'Thickness', 'Thick', 'Technics', 'Computer Knitted', 'Material', 'CASHMERE', 'Collar', 'V-Neck', 'Style', 'Casual', 'Gender', 'Men', 'Brand Name', 'Ganleawort', 'Origin', 'China Mainland', 'CN', 'Hebei', 'Closure Type', 'None']",https://www.aliexpress.us/item/3256809906938369.html?algo_pvid=86691c53-7b98-43bd-8b83-b166aa8f753d&algo_exp_id=86691c53-7b98-43bd-8b83-b166aa8f753d-36&pdp_ext_f=%7B%22order%22%3A%2274%22%2C%22spu_best_type%22%3A%22price%22%2C%22eval%22%3A%221%22%2C%22fromPage%22%3A%22search%22%7D&pdp_npi=6%40dis%21USD%21109.92%2149.46%21%21%21752.90%21338.80%21%402103110517754878044048591e0563%2112000051116770847%21sea%21US%210%21ABX%211%210%21n_tag%3A-29910%3Bd%3A913ad4af%3Bm03_new_user%3A-29895&curPageLogUid=nJRefL24RyHv&utparam-url=scene%3Asearch%7Cquery_from%3A%7Cx_object_id%3A1005010093253121%7C_p_origin_prod%3A
Color-blocked Crewneck Sweatshirt Men Women Crewneck Sports Quick-drying Pullover Vintage Loose Thin Long-sleeved Tops Unisex,$23.86,"https://ae-pic-a1.aliexpress-media.com/kf/S08f218819e904400b25f9cc592d1043ek.jpg_220x220q75.jpg_.avif,https://ae-pic-a1.aliexpress-media.com/kf/Sbb6691b87981495d8879c91a6940c6bcn.jpg_220x220q75.jpg_.avif,https://ae-pic-a1.aliexpress-media.com/kf/Sdd3616f1c6db4ace8d15dd9ec407cbcfR.jpg_220x220q75.jpg_.avif,https://ae-pic-a1.aliexpress-media.com/kf/S7e4f8fae41f64f0dad71e5ddac566d36p.jpg_220x220q75.jpg_.avif,https://ae-pic-a1.aliexpress-media.com/kf/S9a8b793050424a69a8777d38038a19fdm.jpg_220x220q75.jpg_.avif","['High-concerned chemical', 'None', 'Applicable Season', 'Spring And Autumn', 'Craft of Weaving', 'Tatting', 'Applicable Scene', 'Daily', 'Hooded', 'No', 'Model Number', 'V64', 'Decoration', 'Spliced', 'Sleeve Style', 'regular', 'Place Of Origin', 'China (mainland)', 'Pattern Type', 'Letter', 'Item Type', 'Pullovers', 'Sleeve Length(cm)', 'Full', 'Thickness', 'Thin', 'Technics', 'Computer Knitted', 'Material', 'Other', 'Collar', 'O-Neck', 'Style', 'Vintage', 'Gender', 'Men', 'Brand Name', 'EOENKKY', 'Origin', 'China Mainland', 'CN', 'Guangdong', 'Closure Type', 'None', 'Color', 'Grey,Green', 'Size', 'M-2XL']",https://www.aliexpress.us/item/3256807275058658.html?algo_pvid=86691c53-7b98-43bd-8b83-b166aa8f753d&algo_exp_id=86691c53-7b98-43bd-8b83-b166aa8f753d-37&pdp_ext_f=%7B%22order%22%3A%2274%22%2C%22eval%22%3A%221%22%2C%22fromPage%22%3A%22search%22%7D&pdp_npi=6%40dis%21USD%2133.61%2123.86%21%21%21230.20%21163.44%21%402103110517754878044048591e0563%2112000040850905810%21sea%21US%210%21ABX%211%210%21n_tag%3A-29910%3Bd%3A913ad4af%3Bm03_new_user%3A-29895&curPageLogUid=2dF4gLHq80Fr&utparam-url=scene%3Asearch%7Cquery_from%3A%7Cx_object_id%3A1005007461373410%7C_p_origin_prod%3A
"100% Australian wool knitted men's O-neck sweater, casual business, spring and autumn men's long sleeved pullover NEW sweater",$47.14,"https://ae-pic-a1.aliexpress-media.com/kf/Sd4923fd2c8fe426785d3442051d4dc15Z.jpg_220x220q75.jpg_.avif,https://ae-pic-a1.aliexpress-media.com/kf/Sf72c219441e3417694ad0c60b48c39979.jpg_220x220q75.jpg_.avif,https://ae-pic-a1.aliexpress-media.com/kf/S5f64a071af4b4d3084bd6ba9d100f98e3.jpg_220x220q75.jpg_.avif,https://ae-pic-a1.aliexpress-media.com/kf/Sfbb77ef82a7547ccb08ab744c700357fi.jpg_220x220q75.jpg_.avif,https://ae-pic-a1.aliexpress-media.com/kf/Scc1fb362f62e42288860ace024e9032dw.jpg_220x220q75.jpg_.avif","['whether full opening', 'No', 'High-concerned chemical', 'None', 'Applicable Season', 'Autumn And Winter', 'Craft of Weaving', 'Knit', 'Applicable Scene', 'Daily', 'Hooded', 'No', 'Model Number', '825', 'Decoration', 'NONE', 'Sleeve Style', 'regular', 'Wool', 'Thin Wool', 'Place Of Origin', 'China (mainland)', 'Pattern Type', 'Solid', 'Item Type', 'Pullovers', 'Sleeve Length(cm)', 'Full', 'Thickness', 'Standard', 'Technics', 'Computer Knitted', 'Material', 'Wool', 'Collar', 'O-Neck', 'Style', 'Casual', 'Gender', 'Men', 'Brand Name', 'ATTYYWS', 'Origin', 'China Mainland', 'CN', 'Hebei', 'Closure Type', 'None']",https://www.aliexpress.us/item/3256808626113263.html?algo_pvid=86691c53-7b98-43bd-8b83-b166aa8f753d&algo_exp_id=86691c53-7b98-43bd-8b83-b166aa8f753d-38&pdp_ext_f=%7B%22order%22%3A%2274%22%2C%22eval%22%3A%221%22%2C%22fromPage%22%3A%22search%22%7D&pdp_npi=6%40dis%21USD%21102.48%2147.14%21%21%21701.91%21322.88%21%402103110517754878044048591e0563%2112000046770200603%21sea%21US%210%21ABX%211%210%21n_tag%3A-29910%3Bd%3A913ad4af%3Bm03_new_user%3A-29895&curPageLogUid=lE15aLeSmO0r&utparam-url=scene%3Asearch%7Cquery_from%3A%7Cx_object_id%3A1005008812428015%7C_p_origin_prod%3A
Oversized Sweater Men Women Harajuku Anime Girl Graffiti Vintage Knitted Sweater Jumper Winter Unisex Cotton Pullover Streetwear,$14.71,"https://ae-pic-a1.aliexpress-media.com/kf/S213483841f724aa59f1d11fade9273f80.jpg_220x220q75.jpg_.avif,https://ae-pic-a1.aliexpress-media.com/kf/Se736b267740a45f3b0c29f98b401febbl.jpg_220x220q75.jpg_.avif,https://ae-pic-a1.aliexpress-media.com/kf/S4a2b27a9afc7433b8d66f931751136acm.jpg_220x220q75.jpg_.avif,https://ae-pic-a1.aliexpress-media.com/kf/S539232afeee9408b964e5707b1def281M.jpg_220x220q75.jpg_.avif,https://ae-pic-a1.aliexpress-media.com/kf/S2932dc25671347e580b28931cd8cdb20T.jpg_220x220q75.jpg_.avif","['whether full opening', 'No', 'High-concerned chemical', 'None', 'Applicable Season', 'Autumn And Winter', 'Craft of Weaving', 'Knit', 'Applicable Scene', 'Daily', 'Hooded', 'No', 'Decoration', 'NONE', 'Sleeve Style', 'regular', 'Wool', 'Standard Wool', 'Place Of Origin', 'China (mainland)', 'Pattern Type', 'Cartoon', 'Item Type', 'Pullovers', 'Sleeve Length(cm)', 'Full', 'Thickness', 'Standard', 'Technics', 'Computer Knitted', 'Material', 'Acrylic', 'Collar', 'O-Neck', 'Style', 'HIP HOP', 'Gender', 'Men', 'Brand Name', 'JENTULIN', 'Origin', 'China Mainland', 'CN', 'Guangdong', 'Closure Type', 'None', 'Gender', 'Men Women Boy Girl Lady Unisex', 'Hoodies Pattern', ""Anime lo-fi Graphic Men's Knitted Pullovers Sweaters"", 'Season', 'Spring Autumn Winter', 'Sweatshirts Material', 'High Quality', 'Theme', 'lo-fi Anime Graphic Style Sweaters', 'Advantage', 'Good Quality, Fast Shipping, Free Shipping', 'French', 'Hoodies homme hip hop Knitted Pullovers Sweaters', 'Offer', 'Drop Shipping/WholeSale']",https://www.aliexpress.us/item/3256807294464432.html?algo_pvid=86691c53-7b98-43bd-8b83-b166aa8f753d&algo_exp_id=86691c53-7b98-43bd-8b83-b166aa8f753d-43&pdp_ext_f=%7B%22order%22%3A%2273%22%2C%22eval%22%3A%221%22%2C%22fromPage%22%3A%22search%22%7D&pdp_npi=6%40dis%21USD%2127.75%2114.71%21%21%2127.75%2114.71%21%402103110517754878044048591e0563%2112000040925567427%21sea%21US%210%21ABX%211%210%21n_tag%3A-29910%3Bd%3A913ad4af%3Bm03_new_user%3A-29895&curPageLogUid=QG3UGPzRMLYt&utparam-url=scene%3Asearch%7Cquery_from%3A%7Cx_object_id%3A1005007480779184%7C_p_origin_prod%3A
2023 Summer Men Sweater Thin Short Sleeve O-neck Knitted T-shirt Tops Casual Hollow Loose Knit Shirt Pullover Male Streetwear,$20.82,"https://ae-pic-a1.aliexpress-media.com/kf/S7d28e005b0b34899a9ad4514c5f3eaccD.jpg_220x220q75.jpg_.avif,https://ae-pic-a1.aliexpress-media.com/kf/S7d28e005b0b34899a9ad4514c5f3eaccD.jpg_220x220q75.jpg_.avif,https://ae-pic-a1.aliexpress-media.com/kf/S9c60a743ee0645319f0a2503bf8a28dbw.jpg_220x220q75.jpg_.avif,https://ae-pic-a1.aliexpress-media.com/kf/Se1cdad5c5290491ea200eb106cb29b0fx.jpg_220x220q75.jpg_.avif,https://ae-pic-a1.aliexpress-media.com/kf/S9bedb973cadb4ad59eeb9a094772b22cX.jpg_220x220q75.jpg_.avif","['whether full opening', 'No', 'High-concerned chemical', 'None', 'Applicable Season', 'Summer', 'Craft of Weaving', 'Knit', 'Applicable Scene', 'CASUAL', 'Hooded', 'No', 'Model Number', 'Qk45823', 'Decoration', 'Hollow Out', 'Sleeve Style', 'regular', 'Wool', 'Thin Wool', 'Place Of Origin', 'China (mainland)', 'Pattern Type', 'Solid', 'Item Type', 'Pullovers', 'Sleeve Length(cm)', 'Short (4 - 16 Inch)', 'Thickness', 'Thin', 'Technics', 'Crocheted', 'Material', 'Acrylic', 'Collar', 'O-Neck', 'Style', 'Casual', 'Gender', 'Men', 'Brand Name', 'oldyanup', 'Origin', 'China Mainland', 'CN', 'Guangdong', 'Closure Type', 'None']",https://www.aliexpress.us/item/3256805369528756.html?algo_pvid=86691c53-7b98-43bd-8b83-b166aa8f753d&algo_exp_id=86691c53-7b98-43bd-8b83-b166aa8f753d-44&pdp_ext_f=%7B%22order%22%3A%2273%22%2C%22eval%22%3A%221%22%2C%22fromPage%22%3A%22search%22%7D&pdp_npi=6%40dis%21USD%2126.36%2120.82%21%21%2126.36%2120.82%21%402103110517754878044048591e0563%2112000033529279137%21sea%21US%210%21ABX%211%210%21n_tag%3A-29910%3Bd%3A913ad4af%3Bm03_new_user%3A-29895&curPageLogUid=wewBxOMkUpEf&utparam-url=scene%3Asearch%7Cquery_from%3A%7Cx_object_id%3A1005005555843508%7C_p_origin_prod%3A
ANGEL Men's O-Neck Sweater Autumn Winter 100% Mink Cashmere Cable Knit Smart Casual Pullover Cashmere Knitwear High Quality Top,$57.85,"https://ae-pic-a1.aliexpress-media.com/kf/S02d97501b8b94fa585b85859211c05ddG.jpg_220x220q75.jpg_.avif,https://ae-pic-a1.aliexpress-media.com/kf/S3db85314bf2b414eb8bc330d01c9d369e.jpg_220x220q75.jpg_.avif,https://ae-pic-a1.aliexpress-media.com/kf/S17887b18c2944b17abce5bdffbd01e9aV.jpg_220x220q75.jpg_.avif,https://ae-pic-a1.aliexpress-media.com/kf/S54115c6f5365417782cacac727ed9746j.jpg_220x220q75.jpg_.avif,https://ae-pic-a1.aliexpress-media.com/kf/Sd1ca9a3c70bd48bc9632a81848350354K.jpg_220x220q75.jpg_.avif","['whether full opening', 'No', 'High-concerned chemical', 'None', 'Applicable Season', 'Autumn And Winter', 'Craft of Weaving', 'Knit', 'Applicable Scene', 'Business', 'Decoration', 'NONE', 'Sleeve Style', 'regular', 'Wool', 'Thin Wool', 'Place Of Origin', 'China (mainland)', 'Pattern Type', 'Geometric', 'Item Type', 'Pullovers', 'Sleeve Length(cm)', 'Full', 'Thickness', 'Thick', 'Material', 'Fine animal hair', 'Collar', 'O-Neck', 'Style', 'Smart Casual', 'Gender', 'Men', 'Brand Name', 'addonee', 'Origin', 'China Mainland', 'CN', 'Zhejiang', 'Closure Type', 'None']",https://www.aliexpress.us/item/3256807811924445.html?algo_pvid=86691c53-7b98-43bd-8b83-b166aa8f753d&algo_exp_id=86691c53-7b98-43bd-8b83-b166aa8f753d-50&pdp_ext_f=%7B%22order%22%3A%2272%22%2C%22eval%22%3A%221%22%2C%22fromPage%22%3A%22search%22%7D&pdp_npi=6%40dis%21USD%21109.15%2157.85%21%21%21747.59%21396.22%21%402103110517754878044048591e0563%2112000043210298357%21sea%21US%210%21ABX%211%210%21n_tag%3A-29910%3Bd%3A913ad4af%3Bm03_new_user%3A-29895&curPageLogUid=E8NPnjJgJUBJ&utparam-url=scene%3Asearch%7Cquery_from%3A%7Cx_object_id%3A1005007998239197%7C_p_origin_prod%3A
2026 Men's Long Sleeve Warm Plaid Shirt Fleece Thick Autumn Winter Casual Large Size Shirt Male Vintage Oversized Sweater Tops,$5.08,"https://ae-pic-a1.aliexpress-media.com/kf/S0b741e4d53074ed0bf7b804f430bff9c3.jpg?has_lang=1&ver=2_220x220q75.jpg_.avif,https://ae-pic-a1.aliexpress-media.com/kf/Sc0b94222c88f4eec89e04688e81e8d0dC.jpg?has_lang=1&ver=2_220x220q75.jpg_.avif,https://ae-pic-a1.aliexpress-media.com/kf/S704ba521b34d42ddb6d9585a7cc9e83fh.jpg?has_lang=1&ver=2_220x220q75.jpg_.avif,https://ae-pic-a1.aliexpress-media.com/kf/Sbb4e468848d2456683c4222caf030a6dL.jpg?has_lang=1&ver=2_220x220q75.jpg_.avif,https://ae-pic-a1.aliexpress-media.com/kf/S07f45a24df5f49369e218e11d1821b79g.jpg?has_lang=1&ver=2_220x220q75.jpg_.avif","['whether full opening', 'Yes', 'High-concerned chemical', 'None', 'Applicable Season', 'Autumn And Winter', 'Craft of Weaving', 'Tatting', 'Applicable Scene', 'CASUAL', 'Hooded', 'No', 'Model Number', '20250902', 'Decoration', 'Pockets', 'Sleeve Style', 'regular', 'Wool', 'Thin Wool', 'Place Of Origin', 'China (mainland)', 'Pattern Type', 'Plaid', 'Item Type', 'Pullovers', 'Sleeve Length(cm)', 'Full', 'Thickness', 'Thick', 'Technics', 'Computer Knitted', 'Material', 'POLYESTER,COTTON', 'Collar', 'Turn-Down Collar', 'Style', 'Casual', 'Gender', 'Men', 'Brand Name', 'Btsukimi', 'Origin', 'Mainland China', 'CN', 'Hubei', 'Closure Type', 'Single Breasted', 'Size', 'L XL 2XL 3XL 4XL', 'Season', 'Spring Autumn Winter', 'Style 1', 'Male Vintage Sweater', 'Style 2', ""Men's Long Sleeve Warm Plaid Shirt"", 'Style 3', 'Large Size Shirt Male', 'Style 4', ""Men's Warm Shirt"", 'Weight', '0.35KG', 'Occasion', 'Casual Party Club Office']",https://www.aliexpress.us/item/3256805766693210.html?algo_pvid=86691c53-7b98-43bd-8b83-b166aa8f753d&algo_exp_id=86691c53-7b98-43bd-8b83-b166aa8f753d-51&pdp_ext_f=%7B%22order%22%3A%2271%22%2C%22eval%22%3A%221%22%2C%22fromPage%22%3A%22search%22%7D&pdp_npi=6%40dis%21USD%219.96%215.08%21%21%219.96%215.08%21%402103110517754878044048591e0563%2112000050803369401%21sea%21US%210%21ABX%211%210%21n_tag%3A-29910%3Bd%3A913ad4af%3Bm03_new_user%3A-29895&curPageLogUid=Xe0lDmhnjVH9&utparam-url=scene%3Asearch%7Cquery_from%3A%7Cx_object_id%3A1005005953007962%7C_p_origin_prod%3A
Harajuku Casual gold Sweaters Round Neck Unisex Boxy Pullovers Popular Autumn Gothic Symbol Embroidery Pattern Pullover,$25.39,"https://ae-pic-a1.aliexpress-media.com/kf/Sb74c3d1e8fa840cdad58b3018bee4b0dH.jpg_220x220q75.jpg_.avif,https://ae-pic-a1.aliexpress-media.com/kf/Sf8f68bb9dcd6427abd9fc6e74d6efc83W.jpg_220x220q75.jpg_.avif,https://ae-pic-a1.aliexpress-media.com/kf/S3797fc080a6d4c2abdd46d1de2e853caq.jpg_220x220q75.jpg_.avif,https://ae-pic-a1.aliexpress-media.com/kf/S48f1b0fc2077407ba8915a4af18e0123o.jpg_220x220q75.jpg_.avif,https://ae-pic-a1.aliexpress-media.com/kf/S652693fd55c3426dab68e0fa2bb9e1629.jpg_220x220q75.jpg_.avif","['whether full opening', 'No', 'High-concerned chemical', 'None', 'Applicable Season', 'Autumn And Winter', 'Applicable Scene', 'CASUAL', 'Pattern Type', 'Letter', 'Thickness', 'Standard', 'Material', 'COTTON', 'Style', 'gothic', 'Gender', 'Men', 'Brand Name', 'BiggOrange', 'Origin', 'China Mainland', 'CN', 'Guangdong', 'Closure Type', 'None', 'CN', 'Guangdong']",https://www.aliexpress.us/item/3256809685723615.html?algo_pvid=86691c53-7b98-43bd-8b83-b166aa8f753d&algo_exp_id=86691c53-7b98-43bd-8b83-b166aa8f753d-53&pdp_ext_f=%7B%22order%22%3A%2270%22%2C%22eval%22%3A%221%22%2C%22fromPage%22%3A%22search%22%7D&pdp_npi=6%40dis%21USD%2150.78%2125.39%21%21%2150.78%2125.39%21%402103110517754878044048591e0563%2112000050432127001%21sea%21US%210%21ABX%211%210%21n_tag%3A-29910%3Bd%3A913ad4af%3Bm03_new_user%3A-29895&curPageLogUid=jvmocbULPtl8&utparam-url=scene%3Asearch%7Cquery_from%3A%7Cx_object_id%3A1005009872038367%7C_p_origin_prod%3A
Half Turtleneck Knitwear Sweater New Autumn/Winter Mock Neck Sweatshirts Solid Color Pullovers Man Brand Casual Mens Clothing,$10.49,"https://ae-pic-a1.aliexpress-media.com/kf/Scd23ac7a51f14ee1bc0604a9daea3296d.jpg_220x220q75.jpg_.avif,https://ae-pic-a1.aliexpress-media.com/kf/S942e22aa5995497182816f710c80678d4.jpg_220x220q75.jpg_.avif,https://ae-pic-a1.aliexpress-media.com/kf/S802a15d14bef4874a3e332e85c0b107aJ.jpg_220x220q75.jpg_.avif,https://ae-pic-a1.aliexpress-media.com/kf/S81904e9561fa4b72859d4d0f259a616eJ.jpg_220x220q75.jpg_.avif,https://ae-pic-a1.aliexpress-media.com/kf/Sfd432de75b234b8f94e9cdcfa9d5f17ct.jpg_220x220q75.jpg_.avif","['whether full opening', 'No', 'High-concerned chemical', 'None', 'Applicable Season', 'Autumn And Winter', 'Applicable Scene', 'Daily', 'Thickness', 'Standard', 'Material', 'POLYESTER,CASHMERE', 'Style', 'Casual', 'Brand Name', 'Namou Drane', 'Origin', 'China Mainland', 'CN', 'Guangdong']",https://www.aliexpress.us/item/3256808213083547.html?algo_pvid=86691c53-7b98-43bd-8b83-b166aa8f753d&algo_exp_id=86691c53-7b98-43bd-8b83-b166aa8f753d-54&pdp_ext_f=%7B%22order%22%3A%2270%22%2C%22eval%22%3A%221%22%2C%22fromPage%22%3A%22search%22%7D&pdp_npi=6%40dis%21USD%2120.98%2110.49%21%21%2120.98%2110.49%21%402103110517754878044048591e0563%2112000044865381626%21sea%21US%210%21ABX%211%210%21n_tag%3A-29910%3Bd%3A913ad4af%3Bm03_new_user%3A-29895&curPageLogUid=Pf9uvbPlg7FC&utparam-url=scene%3Asearch%7Cquery_from%3A%7Cx_object_id%3A1005008399398299%7C_p_origin_prod%3A
100% Merino wool men's lapel short sleeved sweater T-shirt new knitted casual business men's pullover sweater wool T-shirt summe,$51.42,"https://ae-pic-a1.aliexpress-media.com/kf/S0d30181dd4e04f2aa65e8385c649162aB.jpg_220x220q75.jpg_.avif,https://ae-pic-a1.aliexpress-media.com/kf/Sf6b061cffcc34537beb382e63fb33e4cr.jpg_220x220q75.jpg_.avif,https://ae-pic-a1.aliexpress-media.com/kf/S4f9ddb1c02df4122851acaeffc155b4di.jpg_220x220q75.jpg_.avif,https://ae-pic-a1.aliexpress-media.com/kf/Sa2476d188a454030b4cc2cf53a16e868t.jpg_220x220q75.jpg_.avif,https://ae-pic-a1.aliexpress-media.com/kf/Sa2b07e583517496392ebc4d5e18179dbR.jpg_220x220q75.jpg_.avif","['whether full opening', 'No', 'High-concerned chemical', 'None', 'Applicable Season', 'Spring And Summer', 'Craft of Weaving', 'Knit', 'Applicable Scene', 'Home', 'Hooded', 'No', 'Model Number', '837', 'Decoration', 'NONE', 'Sleeve Style', 'regular', 'Wool', 'Thin Wool', 'Place Of Origin', 'China (mainland)', 'Pattern Type', 'Patchwork', 'Item Type', 'Pullovers', 'Sleeve Length(cm)', 'Short (4 - 16 Inch)', 'Thickness', 'Thin', 'Technics', 'Computer Knitted', 'Material', 'Wool', 'Collar', 'Turn-Down Collar', 'Style', 'Smart Casual', 'Gender', 'Men', 'Brand Name', 'ATTYYWS', 'Origin', 'China Mainland', 'CN', 'Hebei', 'Closure Type', 'None']",https://www.aliexpress.us/item/3256807065235335.html?algo_pvid=86691c53-7b98-43bd-8b83-b166aa8f753d&algo_exp_id=86691c53-7b98-43bd-8b83-b166aa8f753d-55&pdp_ext_f=%7B%22order%22%3A%2270%22%2C%22eval%22%3A%221%22%2C%22fromPage%22%3A%22search%22%7D&pdp_npi=6%40dis%21USD%2187.15%2151.42%21%21%21596.93%21352.19%21%402103110517754878044048591e0563%2112000039951851407%21sea%21US%210%21ABX%211%210%21n_tag%3A-29910%3Bd%3A913ad4af%3Bm03_new_user%3A-29895&curPageLogUid=IiE8Bxu8hxgd&utparam-url=scene%3Asearch%7Cquery_from%3A%7Cx_object_id%3A1005007251550087%7C_p_origin_prod%3A
American Street Brand HUMAN Embroidered Polo Sweater Unisex Football Element Lapel Long-Sleeve Retro Loose Knit Top,$48.84,"https://ae-pic-a1.aliexpress-media.com/kf/S25d14ed96e054bf398fcda1a12712e81J.jpg?has_lang=1&ver=2_220x220q75.jpg_.avif,https://ae-pic-a1.aliexpress-media.com/kf/Sb2d64d6b5cd64820b343d091860bf9c7o.jpeg?has_lang=1&ver=2_220x220q75.jpeg_.avif,https://ae-pic-a1.aliexpress-media.com/kf/Sf47db30c474a4004926775350ee96f369.jpg?has_lang=1&ver=2_220x220q75.jpg_.avif,https://ae-pic-a1.aliexpress-media.com/kf/Sc472b2870f08421baf6c90155739bad2V.jpg?has_lang=1&ver=2_220x220q75.jpg_.avif,https://ae-pic-a1.aliexpress-media.com/kf/S71d0dfb62af2411a86e64044fe47bd56I.jpg?has_lang=1&ver=2_220x220q75.jpg_.avif","['whether full opening', 'No', 'High-concerned chemical', 'None', 'Applicable Season', 'Winter', 'Craft of Weaving', 'Non-Woven', 'Applicable Scene', 'Shopping', 'Hooded', 'No', 'Decoration', 'Embroidery', 'Sleeve Style', 'regular', 'Wool', 'Standard Wool', 'Place Of Origin', 'China (mainland)', 'Pattern Type', 'Dot', 'Item Type', 'Vest, Sleeveless', 'Sleeve Length(cm)', 'Full', 'Thickness', 'Thick', 'Technics', 'Computer Knitted', 'Material', 'Other', 'Collar', 'Turtleneck', 'Style', 'England Style', 'Gender', 'Men', 'Origin', 'China Mainland', 'CN', 'Guangdong', 'Closure Type', 'None']",https://www.aliexpress.us/item/3256810049154330.html?algo_pvid=86691c53-7b98-43bd-8b83-b166aa8f753d&algo_exp_id=86691c53-7b98-43bd-8b83-b166aa8f753d-56&pdp_ext_f=%7B%22order%22%3A%2270%22%2C%22eval%22%3A%221%22%2C%22fromPage%22%3A%22search%22%7D&pdp_npi=6%40dis%21USD%2181.40%2148.84%21%21%21557.53%21334.52%21%402103110517754878044048591e0563%2112000051633015505%21sea%21US%210%21ABX%211%210%21n_tag%3A-29910%3Bd%3A913ad4af%3Bm03_new_user%3A-29895&curPageLogUid=mKwor8CNP8zY&utparam-url=scene%3Asearch%7Cquery_from%3A%7Cx_object_id%3A1005010235469082%7C_p_origin_prod%3A
New Fashion Youthful Vitality Mens Turtleneck Sweater Autumn Winter Loose Casual Knitted Pullovers Men Warm Patchwork Knitwear,$27.13,"https://ae-pic-a1.aliexpress-media.com/kf/S0512d8fa8b9348368025c7ceb5588494n.jpg_220x220q75.jpg_.avif,https://ae-pic-a1.aliexpress-media.com/kf/S0512d8fa8b9348368025c7ceb5588494n.jpg_220x220q75.jpg_.avif,https://ae-pic-a1.aliexpress-media.com/kf/S9c750ab4874e40389ea5cad1b8ebf0ffL.jpg_220x220q75.jpg_.avif,https://ae-pic-a1.aliexpress-media.com/kf/S43a6036117c44b059ac8a577a0a747c16.jpg_220x220q75.jpg_.avif,https://ae-pic-a1.aliexpress-media.com/kf/S3346be5e5c3a4daa9e5a3f1365ae9a9eC.jpg_220x220q75.jpg_.avif","['whether full opening', 'No', 'High-concerned chemical', 'None', 'Applicable Season', 'Autumn And Winter', 'Craft of Weaving', 'Knit', 'Applicable Scene', 'Daily', 'Hooded', 'No', 'Model Number', '2311SF11', 'Decoration', 'NONE', 'Sleeve Style', 'regular', 'Wool', 'Standard Wool', 'Pattern Type', 'Patchwork', 'Item Type', 'Pullovers', 'Sleeve Length(cm)', 'Full', 'Thickness', 'Standard', 'Technics', 'Computer Knitted', 'Material', 'POLYESTER,Acrylic,Nylon', 'Collar', 'Turtleneck', 'Style', 'Youthful vitality', 'Gender', 'Men', 'Brand Name', 'FAVOCENT', 'Origin', 'China Mainland', 'CN', 'Zhejiang', 'Closure Type', 'None']",https://www.aliexpress.us/item/3256806041282593.html?algo_pvid=86691c53-7b98-43bd-8b83-b166aa8f753d&algo_exp_id=86691c53-7b98-43bd-8b83-b166aa8f753d-57&pdp_ext_f=%7B%22order%22%3A%2269%22%2C%22eval%22%3A%221%22%2C%22fromPage%22%3A%22search%22%7D&pdp_npi=6%40dis%21USD%2155.37%2127.13%21%21%2155.37%2127.13%21%402103110517754878044048591e0563%2112000036371295108%21sea%21US%210%21ABX%211%210%21n_tag%3A-29910%3Bd%3A913ad4af%3Bm03_new_user%3A-29895&curPageLogUid=1BSLJb8ObqEP&utparam-url=scene%3Asearch%7Cquery_from%3A%7Cx_object_id%3A1005006227597345%7C_p_origin_prod%3A
Men Pullovers Sweaters Tops Casual Loose Splice Print Knitted Round Neck Full Sleeve Knit Simple Top Autumn Winter 2024,$14.57,"https://ae-pic-a1.aliexpress-media.com/kf/S30c8ac5dbfe249eaba413c6a91ff0471x.jpg_220x220q75.jpg_.avif,https://ae-pic-a1.aliexpress-media.com/kf/S30c8ac5dbfe249eaba413c6a91ff0471x.jpg_220x220q75.jpg_.avif,https://ae-pic-a1.aliexpress-media.com/kf/S7c61e75fe868457a91bbc0c00bd2d9e5j.jpg_220x220q75.jpg_.avif,https://ae-pic-a1.aliexpress-media.com/kf/Sed3a66f33708454198a9520d0890e8f5A.jpg_220x220q75.jpg_.avif,https://ae-pic-a1.aliexpress-media.com/kf/S36720ad391354a1db02d2fc64f05d0bdQ.jpg_220x220q75.jpg_.avif","['whether full opening', 'No', 'High-concerned chemical', 'None', 'Applicable Season', 'Autumn And Winter', 'Applicable Scene', 'CASUAL', 'Hooded', 'No', 'Model Number', 'gmj8822', 'Decoration', 'Spliced', 'Sleeve Style', 'regular', 'Wool', 'Standard Wool', 'Place Of Origin', 'China (mainland)', 'Pattern Type', 'Solid', 'Item Type', 'Pullovers', 'Sleeve Length(cm)', 'Full', 'Thickness', 'Standard', 'Technics', 'Flat Knitted', 'Material', 'POLYESTER', 'Collar', 'O-Neck', 'Style', 'Casual', 'Gender', 'Men', 'Brand Name', 'wulend', 'Origin', 'Mainland China', 'CN', 'Guangdong', 'Closure Type', 'Zipper']",https://www.aliexpress.us/item/3256808017396308.html?algo_pvid=86691c53-7b98-43bd-8b83-b166aa8f753d&algo_exp_id=86691c53-7b98-43bd-8b83-b166aa8f753d-58&pdp_ext_f=%7B%22order%22%3A%2269%22%2C%22eval%22%3A%221%22%2C%22fromPage%22%3A%22search%22%7D&pdp_npi=6%40dis%21USD%2127.50%2114.57%21%21%21188.37%2199.84%21%402103110517754878044048591e0563%2112000044223905096%21sea%21US%210%21ABX%211%210%21n_tag%3A-29910%3Bd%3A913ad4af%3Bm03_new_user%3A-29895&curPageLogUid=au1Eq9z3YQgo&utparam-url=scene%3Asearch%7Cquery_from%3A%7Cx_object_id%3A1005008203711060%7C_p_origin_prod%3A
New Fashion Design Men Scarf Collar Pullover Sweaters Men Spring Autumn Outwear Loose Csual Knitted Sweaters Size 4XL,$15.06,"https://ae-pic-a1.aliexpress-media.com/kf/S0c0fc28c0b0d441cba0fe3a8d8919929S.jpg?has_lang=1&ver=1_220x220q75.jpg_.avif,https://ae-pic-a1.aliexpress-media.com/kf/Sf2e0996fff5c46fdb7bb23cc7f3f4cf3y.jpg_220x220q75.jpg_.avif,https://ae-pic-a1.aliexpress-media.com/kf/S610ec2d5eb9f4592acdd0f658a88753cb.jpg_220x220q75.jpg_.avif,https://ae-pic-a1.aliexpress-media.com/kf/Sb594286120684ea8bd9b95153850ba80l.jpg_220x220q75.jpg_.avif,https://ae-pic-a1.aliexpress-media.com/kf/Sde8c92012ac74e3fb9223cc9a0054bf12.jpg_220x220q75.jpg_.avif","['whether full opening', 'No', 'High-concerned chemical', 'None', 'Applicable Season', 'Spring And Autumn', 'Craft of Weaving', 'Non-Woven', 'Applicable Scene', 'Daily', 'Hooded', 'No', 'Model Number', '53', 'Decoration', 'Ribbons', 'Sleeve Style', 'regular', 'Wool', 'Thin Wool', 'Place Of Origin', 'China (mainland)', 'Pattern Type', 'Solid', 'Item Type', 'cardigan', 'Sleeve Length(cm)', 'Full', 'Thickness', 'Standard', 'Technics', 'Flat Knitted', 'Material', 'POLYESTER', 'Collar', 'Turn-Down Collar', 'Style', 'Casual', 'Gender', 'Men', 'Origin', 'China Mainland', 'CN', 'Zhejiang', 'Closure Type', 'Covered Button']",https://www.aliexpress.us/item/3256810067918870.html?algo_pvid=86691c53-7b98-43bd-8b83-b166aa8f753d&algo_exp_id=86691c53-7b98-43bd-8b83-b166aa8f753d-59&pdp_ext_f=%7B%22order%22%3A%2269%22%2C%22eval%22%3A%221%22%2C%22fromPage%22%3A%22search%22%7D&pdp_npi=6%40dis%21USD%2138.61%2115.06%21%21%21264.44%21103.13%21%402103110517754878044048591e0563%2112000051687584627%21sea%21US%210%21ABX%211%210%21n_tag%3A-29910%3Bd%3A913ad4af%3Bm03_new_user%3A-29895&curPageLogUid=Ph5D36d8e9B6&utparam-url=scene%3Asearch%7Cquery_from%3A%7Cx_object_id%3A1005010254233622%7C_p_origin_prod%3A
Men's Spring and Autumn Turtleneck Houndstooth Fleece Pullover Fashion Casual High Elasticity All-match Men's Shirt,$10.90,"https://ae-pic-a1.aliexpress-media.com/kf/Sbd69de3e4454496aaf8f672d3ca43886W.jpg_220x220q75.jpg_.avif,https://ae-pic-a1.aliexpress-media.com/kf/S5f2b87b088b4487a8e7e3fa1ddda9342c.jpg_220x220q75.jpg_.avif,https://ae-pic-a1.aliexpress-media.com/kf/S27c8f26174e74531b20397840bf3a53fb.jpg_220x220q75.jpg_.avif,https://ae-pic-a1.aliexpress-media.com/kf/S850908b6c47b44989de71cf3d672a0a9E.jpg_220x220q75.jpg_.avif,https://ae-pic-a1.aliexpress-media.com/kf/Sdbf974c1940e431a9b735b6f98a4db21v.jpg_220x220q75.jpg_.avif","['whether full opening', 'No', 'High-concerned chemical', 'None', 'Applicable Season', 'Spring And Autumn', 'Craft of Weaving', 'Knit', 'Applicable Scene', 'Trip', 'Hooded', 'No', 'Model Number', 'DR-1', 'Sleeve Style', 'regular', 'Place Of Origin', 'China (mainland)', 'Item Type', 'Pullovers', 'Sleeve Length(cm)', 'Full', 'Thickness', 'Standard', 'Material', 'Other,POLYESTER', 'Collar', 'Turtleneck', 'Style', 'Casual', 'Gender', 'Men', 'Origin', 'China Mainland', 'CN', 'Anhui', 'Closure Type', 'None']",https://www.aliexpress.us/item/3256809214646239.html?algo_pvid=86691c53-7b98-43bd-8b83-b166aa8f753d&algo_exp_id=86691c53-7b98-43bd-8b83-b166aa8f753d-0&pdp_ext_f=%7B%22order%22%3A%2253%22%2C%22eval%22%3A%221%22%2C%22fromPage%22%3A%22search%22%7D&pdp_npi=6%40dis%21USD%2143.40%2110.90%21%21%21297.29%2174.66%21%402103110517754878044048591e0563%2112000048986127955%21sea%21US%210%21ABX%211%210%21n_tag%3A-29910%3Bd%3A913ad4af%3Bm03_new_user%3A-29895%3BpisId%3A5000000197847434&curPageLogUid=pVRmyJfQhaJT&utparam-url=scene%3Asearch%7Cquery_from%3A%7Cx_object_id%3A1005009400960991%7C_p_origin_prod%3A
Men's Winter Fleece Pullover Knit Sweater Wool Plus Velvet Clothing Thick Warm O-neck Jumpers Fashion Y2K Knitwear,$13.69,"https://ae-pic-a1.aliexpress-media.com/kf/Sf52aee969c374863bb4b1f1a4615609dV.jpg_220x220q75.jpg_.avif,https://ae-pic-a1.aliexpress-media.com/kf/S051c241b533c45e199c88f02a9e1792bU.jpg_220x220q75.jpg_.avif,https://ae-pic-a1.aliexpress-media.com/kf/S93cec8a8914f48ebaef74a49c7ca4c9dN.jpg_220x220q75.jpg_.avif,https://ae-pic-a1.aliexpress-media.com/kf/Sfb7597fa12ea48c995a4de59a77fadf5E.jpg_220x220q75.jpg_.avif,https://ae-pic-a1.aliexpress-media.com/kf/Seb9a1ff230ea4bcabed80dfcd715de6d9.jpg_220x220q75.jpg_.avif","['High-concerned chemical', 'None', 'Applicable Season', 'Autumn And Winter', 'Applicable Scene', 'Daily', 'Sleeve Style', 'regular', 'Wool', 'Standard Wool', 'Place Of Origin', 'China (mainland)', 'Pattern Type', 'Solid', 'Item Type', 'Pullovers', 'Sleeve Length(cm)', 'Full', 'Thickness', 'Fleece', 'Technics', 'Computer Knitted', 'Material', 'POLYESTER', 'Collar', 'O-Neck', 'Style', 'Korean', 'Gender', 'Men', 'Brand Name', 'NoEnName_Null', 'Origin', 'China Mainland', 'CN', 'Jiangsu']",https://www.aliexpress.us/item/3256807009155120.html?algo_pvid=86691c53-7b98-43bd-8b83-b166aa8f753d&algo_exp_id=86691c53-7b98-43bd-8b83-b166aa8f753d-1&pdp_ext_f=%7B%22order%22%3A%2253%22%2C%22eval%22%3A%221%22%2C%22fromPage%22%3A%22search%22%7D&pdp_npi=6%40dis%21USD%2144.60%2113.69%21%21%21305.48%2193.78%21%402103110517754878044048591e0563%2112000039764498425%21sea%21US%210%21ABX%211%210%21n_tag%3A-29910%3Bd%3A913ad4af%3Bm03_new_user%3A-29895%3BpisId%3A5000000197847434&curPageLogUid=ciIS0CQNskOh&utparam-url=scene%3Asearch%7Cquery_from%3A%7Cx_object_id%3A1005007195469872%7C_p_origin_prod%3A
Mens Turtleneck Sweater Fleeced Knitwear Solid Color Velvet Jumpers Slim Fit Elegant Luxury Brand Brown Knitted Sweaters,$0.99,"https://ae-pic-a1.aliexpress-media.com/kf/Sdd2351fc46ef469c871603d368aa411do.jpg_220x220q75.jpg_.avif,https://ae-pic-a1.aliexpress-media.com/kf/Sb73e650067fa44cb8940c2a2a69e3e62m.jpg_220x220q75.jpg_.avif,https://ae-pic-a1.aliexpress-media.com/kf/Se84dac64927148be8dd1b864908b4d640.jpg_220x220q75.jpg_.avif,https://ae-pic-a1.aliexpress-media.com/kf/S767a8a7cea114523bb52b1beffbd179cm.jpg_220x220q75.jpg_.avif,https://ae-pic-a1.aliexpress-media.com/kf/S16f25e5130164e58ae6a066e4a08a430N.jpg_220x220q75.jpg_.avif","['whether full opening', 'No', 'High-concerned chemical', 'None', 'Applicable Season', 'Autumn And Winter', 'Craft of Weaving', 'Knit', 'Applicable Scene', 'Daily', 'Hooded', 'No', 'Decoration', 'NONE', 'Sleeve Style', 'regular', 'Place Of Origin', 'China (mainland)', 'Item Type', 'Pullovers', 'Thickness', 'Fleece', 'Material', 'POLYESTER', 'Collar', 'Turtleneck', 'Style', 'Casual', 'Gender', 'Men', 'Brand Name', 'GQXAON', 'Origin', 'China Mainland', 'CN', 'Jiangsu', 'Closure Type', 'None']",https://www.aliexpress.us/item/3256810326383405.html?algo_pvid=86691c53-7b98-43bd-8b83-b166aa8f753d&algo_exp_id=86691c53-7b98-43bd-8b83-b166aa8f753d-2&pdp_ext_f=%7B%22order%22%3A%2253%22%2C%22eval%22%3A%221%22%2C%22fromPage%22%3A%22search%22%7D&pdp_npi=6%40dis%21USD%2120.60%210.99%21%21%21141.11%216.81%21%402103110517754878044048591e0563%2112000052653185928%21sea%21US%210%21ABX%211%210%21n_tag%3A-29910%3Bd%3A913ad4af%3Bm03_new_user%3A-29895%3BpisId%3A5000000197847458&curPageLogUid=iCuHguf1BIqc&utparam-url=scene%3Asearch%7Cquery_from%3A%7Cx_object_id%3A1005010512698157%7C_p_origin_prod%3A
Winter Sweater Men's Plus Velvet Thickened Lapel Neck Knitted Sweaters Solid Color Thick Bottom Casual Warm Pullover L-5XL,$12.56,"https://ae-pic-a1.aliexpress-media.com/kf/Sb3d09c910f3a4d6a9e55dc2a224feb28M.jpg?has_lang=1&ver=1_220x220q75.jpg_.avif,https://ae-pic-a1.aliexpress-media.com/kf/S699e0e96ab33488ba53e08e0a973ab586.jpg?has_lang=1&ver=1_220x220q75.jpg_.avif,https://ae-pic-a1.aliexpress-media.com/kf/S3c0e449bbc8447469108350c1e6ab923S.jpg?has_lang=1&ver=1_220x220q75.jpg_.avif,https://ae-pic-a1.aliexpress-media.com/kf/Sc6d324ac9cfd45c49041644276df0801L.jpg?has_lang=1&ver=1_220x220q75.jpg_.avif,https://ae-pic-a1.aliexpress-media.com/kf/S350eeeb524e1499085cc93259cea699aY.jpg_220x220q75.jpg_.avif","['whether full opening', 'No', 'High-concerned chemical', 'None', 'Applicable Season', 'Autumn And Winter', 'Craft of Weaving', 'Knit', 'Applicable Scene', 'Daily', 'Hooded', 'No', 'Model Number', ""Men's Knitted Sweater"", 'Decoration', 'NONE', 'Sleeve Style', 'regular', 'Wool', 'Standard Wool', 'Place Of Origin', 'China (mainland)', 'Pattern Type', 'Solid', 'Item Type', 'Pullovers', 'Sleeve Length(cm)', 'Full', 'Thickness', 'Fleece', 'Technics', 'Flat Knitted', 'Material', 'POLYESTER', 'Collar', 'Turn-Down Collar', 'Style', 'Casual', 'Gender', 'Men', 'Origin', 'China Mainland', 'CN', 'Guangdong', 'Closure Type', 'None']",https://www.aliexpress.us/item/3256809311017252.html?algo_pvid=86691c53-7b98-43bd-8b83-b166aa8f753d&algo_exp_id=86691c53-7b98-43bd-8b83-b166aa8f753d-5&pdp_ext_f=%7B%22order%22%3A%2252%22%2C%22eval%22%3A%221%22%2C%22fromPage%22%3A%22search%22%7D&pdp_npi=6%40dis%21USD%2131.97%2112.56%21%21%21219.00%2186.04%21%402103110517754878044048591e0563%2112000049283321082%21sea%21US%210%21ABX%211%210%21n_tag%3A-29910%3Bd%3A913ad4af%3Bm03_new_user%3A-29895%3BpisId%3A5000000197847434&curPageLogUid=M6xh8WIUrjUU&utparam-url=scene%3Asearch%7Cquery_from%3A%7Cx_object_id%3A1005009497332004%7C_p_origin_prod%3A
Autumn Men Half-zipper Knitted Sweater Long Sleeve Solid Color Textured Luxury Pullovers Korean Popular Leisure Vintage Knitwear,$21.55,"https://ae-pic-a1.aliexpress-media.com/kf/S9e04b1b700d44ff9bae06973687da606B.jpg_220x220q75.jpg_.avif,https://ae-pic-a1.aliexpress-media.com/kf/S333c2213192246af96fa52a0ceb53973Z.jpg_220x220q75.jpg_.avif,https://ae-pic-a1.aliexpress-media.com/kf/Sa6eb764d758741dcba98cae1d26026edR.jpg_220x220q75.jpg_.avif,https://ae-pic-a1.aliexpress-media.com/kf/S10e6c7d1a5694b7d8bb86502316d7375F.jpg_220x220q75.jpg_.avif,https://ae-pic-a1.aliexpress-media.com/kf/Se0c9bb87cdc840b59274e880091f8fa6q.jpg_220x220q75.jpg_.avif","['whether full opening', 'No', 'High-concerned chemical', 'None', 'Applicable Season', 'Autumn And Winter', 'Craft of Weaving', 'Knit', 'Applicable Scene', 'CASUAL', 'Hooded', 'No', 'Model Number', 'B161', 'Decoration', 'Embroidery', 'Sleeve Style', 'regular', 'Wool', 'Thin Wool', 'Place Of Origin', 'China (mainland)', 'Pattern Type', 'Solid', 'Item Type', 'Pullovers', 'Sleeve Length(cm)', 'Full', 'Thickness', 'Thick', 'Technics', 'Flat Knitted', 'Material', 'POLYESTER', 'Collar', 'Turtleneck', 'Style', 'Casual', 'Gender', 'Men', 'Origin', 'China Mainland', 'CN', 'Guangdong', 'Closure Type', 'Zipper', 'Color', 'Apricot Green Navy', 'Style 1', 'Autumn Men Half-zipper Knitted Sweater', 'Style 2', 'Long Sleeve Solid Color Textured Luxury Pullovers']",https://www.aliexpress.us/item/3256807787119309.html?algo_pvid=86691c53-7b98-43bd-8b83-b166aa8f753d&algo_exp_id=86691c53-7b98-43bd-8b83-b166aa8f753d-6&pdp_ext_f=%7B%22order%22%3A%2252%22%2C%22eval%22%3A%221%22%2C%22fromPage%22%3A%22search%22%7D&pdp_npi=6%40dis%21USD%2131.17%2121.55%21%21%21213.48%21147.56%21%402103110517754878044048591e0563%2112000043098207139%21sea%21US%210%21ABX%211%210%21n_tag%3A-29910%3Bd%3A913ad4af%3Bm03_new_user%3A-29895%3BpisId%3A5000000197847434&curPageLogUid=4sgxDprDu6Uu&utparam-url=scene%3Asearch%7Cquery_from%3A%7Cx_object_id%3A1005007973434061%7C_p_origin_prod%3A
Knitted Cardigan Jacket for Men Autumn and Winter College Style Wide Pine Stand Collar Sweater Korean Striped Casual Sweater,$30.86,"https://ae-pic-a1.aliexpress-media.com/kf/S2f73cdcff56e46babebdd52c480d6990n.jpg_220x220q75.jpg_.avif,https://ae-pic-a1.aliexpress-media.com/kf/Sed297047e8a643cab3da20b594da2a5dt.jpg_220x220q75.jpg_.avif,https://ae-pic-a1.aliexpress-media.com/kf/Sbea22b026b1e46f2a3d8c351b5d790e9P.jpg_220x220q75.jpg_.avif,https://ae-pic-a1.aliexpress-media.com/kf/S9cea695e636f4abaa9c350d5a165f3a5O.jpg_220x220q75.jpg_.avif,https://ae-pic-a1.aliexpress-media.com/kf/S34d9939256ea493ab15081451700140aA.jpg_220x220q75.jpg_.avif","['whether full opening', 'Yes', 'High-concerned chemical', 'None', 'Applicable Season', 'Autumn And Winter', 'Craft of Weaving', 'Knit', 'Applicable Scene', 'Daily', 'Hooded', 'No', 'Decoration', 'Flowers', 'Sleeve Style', 'regular', 'Wool', 'Standard Wool', 'Place Of Origin', 'China (mainland)', 'Pattern Type', 'Cartoon', 'Item Type', 'Pullovers', 'Sleeve Length(cm)', 'Full', 'Thickness', 'Standard', 'Technics', 'Computer Knitted', 'Material', 'POLYESTER,Polyamide,Acrylic', 'Collar', 'Mock Neck', 'Style', 'Casual', 'Gender', 'Men', 'Origin', 'Mainland China', 'CN', 'Zhejiang', 'Closure Type', 'Single Breasted']",https://www.aliexpress.us/item/3256809960155950.html?algo_pvid=86691c53-7b98-43bd-8b83-b166aa8f753d&algo_exp_id=86691c53-7b98-43bd-8b83-b166aa8f753d-10&pdp_ext_f=%7B%22order%22%3A%2251%22%2C%22spu_best_type%22%3A%22price%22%2C%22eval%22%3A%221%22%2C%22fromPage%22%3A%22search%22%7D&pdp_npi=6%40dis%21USD%2185.86%2130.86%21%21%21588.05%21211.31%21%402103110517754878044048591e0563%2112000051313442040%21sea%21US%210%21ABX%211%210%21n_tag%3A-29910%3Bd%3A913ad4af%3Bm03_new_user%3A-29895%3BpisId%3A5000000197847434&curPageLogUid=WsXcOx4OmeRL&utparam-url=scene%3Asearch%7Cquery_from%3A%7Cx_object_id%3A1005010146470702%7C_p_origin_prod%3A
Men Knitwear Australian Pure Wool Pullover Flip Collar Thick Style Sweater Long Sleeve Warmth High Quality Business Basics Tops,$23.79,"https://ae-pic-a1.aliexpress-media.com/kf/Sf0b62e8af3a046c9ae1d0fd1329d50b3r.jpg_220x220q75.jpg_.avif,https://ae-pic-a1.aliexpress-media.com/kf/S4e175304364a44fabd44e141ad0b2f1cO.jpg?has_lang=1&ver=2_220x220q75.jpg_.avif,https://ae-pic-a1.aliexpress-media.com/kf/S3133c210067c494c8d5c441a7c951504I.jpg_220x220q75.jpg_.avif,https://ae-pic-a1.aliexpress-media.com/kf/S91cc2804947744bb8c66f121b6714548s.jpg?has_lang=1&ver=2_220x220q75.jpg_.avif,https://ae-pic-a1.aliexpress-media.com/kf/S07de54cf88f64b69825381aad696e5b1O.jpg_220x220q75.jpg_.avif","['whether full opening', 'No', 'High-concerned chemical', 'None', 'Craft of Weaving', 'Knit', 'Applicable Season', 'Autumn And Winter', 'Applicable Scene', 'Business', 'Hooded', 'No', 'Model Number', 'YSC202475', 'Decoration', 'NONE', 'Sleeve Style', 'regular', 'Wool', 'Thin Wool', 'Place Of Origin', 'China (mainland)', 'Pattern Type', 'Solid', 'Item Type', 'Pullovers', 'Sleeve Length(cm)', 'Full', 'Thickness', 'Thick', 'Technics', 'Computer Knitted', 'Material', 'Wool', 'Collar', 'Turn-Down Collar', 'Style', 'Casual', 'Gender', 'Men', 'Brand Name', 'yunshucloset', 'Closure Type', 'None', 'Origin', 'China Mainland', 'CN', 'Hebei']",https://www.aliexpress.us/item/3256807266717970.html?algo_pvid=86691c53-7b98-43bd-8b83-b166aa8f753d&algo_exp_id=86691c53-7b98-43bd-8b83-b166aa8f753d-11&pdp_ext_f=%7B%22order%22%3A%2251%22%2C%22eval%22%3A%221%22%2C%22fromPage%22%3A%22search%22%7D&pdp_npi=6%40dis%21USD%2133.29%2123.79%21%21%2133.29%2123.79%21%402103110517754878044048591e0563%2112000040820390874%21sea%21US%210%21ABX%211%210%21n_tag%3A-29910%3Bd%3A913ad4af%3Bm03_new_user%3A-29895%3BpisId%3A5000000197847434&curPageLogUid=Z902y2ueOers&utparam-url=scene%3Asearch%7Cquery_from%3A%7Cx_object_id%3A1005007453032722%7C_p_origin_prod%3A
New Men's Fleece Lined Sweater Polo Collar Pullover Tops Fashion Business Causal Pullovers Korean Slim Fit Thick Winter Clothes,$7.71,"https://ae-pic-a1.aliexpress-media.com/kf/Se32bd3b6eaaa48f8ba63f58a2bb05951A.jpg_220x220q75.jpg_.avif,https://ae-pic-a1.aliexpress-media.com/kf/Se32bd3b6eaaa48f8ba63f58a2bb05951A.jpg_220x220q75.jpg_.avif,https://ae-pic-a1.aliexpress-media.com/kf/S07e8008dbb744f929d400d05bab965d9r.jpg_220x220q75.jpg_.avif,https://ae-pic-a1.aliexpress-media.com/kf/Sdd39a7a4a7d247f99b041e783b7d8f6ex.jpg_220x220q75.jpg_.avif,https://ae-pic-a1.aliexpress-media.com/kf/S97780cf0fdcb48c9aa4396ae48be402bU.jpg_220x220q75.jpg_.avif","['whether full opening', 'No', 'High-concerned chemical', 'None', 'Applicable Season', 'Autumn And Winter', 'Applicable Scene', 'Daily', 'Model Number', 'Pullovers Sweaters', 'Sleeve Style', 'regular', 'Place Of Origin', 'China (mainland)', 'Pattern Type', 'Striped', 'Item Type', 'Pullovers', 'Sleeve Length(cm)', 'Full', 'Thickness', 'Fleece', 'Technics', 'Computer Knitted', 'Material', 'POLYESTER', 'Collar', 'Mock Neck', 'Style', 'Smart Casual', 'Gender', 'Men', 'Brand Name', 'NoEnName_Null', 'Origin', 'China Mainland', 'CN', 'Jiangsu', 'Closure Type', 'Single Breasted']",https://www.aliexpress.us/item/3256807616736769.html?algo_pvid=86691c53-7b98-43bd-8b83-b166aa8f753d&algo_exp_id=86691c53-7b98-43bd-8b83-b166aa8f753d-12&pdp_ext_f=%7B%22order%22%3A%2251%22%2C%22eval%22%3A%221%22%2C%22fromPage%22%3A%22search%22%7D&pdp_npi=6%40dis%21USD%2135.13%217.71%21%21%21240.62%2152.83%21%402103110517754878044048591e0563%2112000042254455898%21sea%21US%210%21ABX%211%210%21n_tag%3A-29910%3Bd%3A913ad4af%3Bm03_new_user%3A-29895%3BpisId%3A5000000197847434&curPageLogUid=NbvBLUoOTLe2&utparam-url=scene%3Asearch%7Cquery_from%3A%7Cx_object_id%3A1005007803051521%7C_p_origin_prod%3A
2025 Men's Autumn And Winter 100% Merino Pure Wool Knitted Sweater Men's Business Casual Knitted Polo Collar Pullover Top YJ1815,$34.28,"https://ae-pic-a1.aliexpress-media.com/kf/S5cc6c1269db34fad8df6b2c20978c96fG.jpg_220x220q75.jpg_.avif,https://ae-pic-a1.aliexpress-media.com/kf/S5cc6c1269db34fad8df6b2c20978c96fG.jpg_220x220q75.jpg_.avif,https://ae-pic-a1.aliexpress-media.com/kf/S53dc630d6d2e4b6da10eeb39f7c7c9f8N.jpg_220x220q75.jpg_.avif,https://ae-pic-a1.aliexpress-media.com/kf/S311861ec64664f80b93055de7c3ce54aZ.jpg_220x220q75.jpg_.avif,https://ae-pic-a1.aliexpress-media.com/kf/S1232372120194f5a85ad4b4b5c0590e12.jpg_220x220q75.jpg_.avif","['whether full opening', 'No', 'High-concerned chemical', 'None', 'Applicable Season', 'Autumn And Winter', 'Craft of Weaving', 'Knit', 'Applicable Scene', 'Business', 'Hooded', 'No', 'Decoration', 'Button', 'Sleeve Style', 'regular', 'Wool', 'Standard Wool', 'Place Of Origin', 'China (mainland)', 'Pattern Type', 'Solid', 'Item Type', 'Pullovers', 'Sleeve Length(cm)', 'Full', 'Thickness', 'Standard', 'Technics', 'Computer Knitted', 'Material', 'Wool', 'Collar', 'Turn-Down Collar', 'Style', 'Casual', 'Gender', 'Men', 'Origin', 'China Mainland', 'CN', 'Hebei', 'Closure Type', 'None']",https://www.aliexpress.us/item/3256809534878489.html?algo_pvid=86691c53-7b98-43bd-8b83-b166aa8f753d&algo_exp_id=86691c53-7b98-43bd-8b83-b166aa8f753d-13&pdp_ext_f=%7B%22order%22%3A%2251%22%2C%22eval%22%3A%221%22%2C%22fromPage%22%3A%22search%22%7D&pdp_npi=6%40dis%21USD%2189.36%2134.28%21%21%21612.07%21234.84%21%402103110517754878044048591e0563%2112000049950428349%21sea%21US%210%21ABX%211%210%21n_tag%3A-29910%3Bd%3A913ad4af%3Bm03_new_user%3A-29895%3BpisId%3A5000000197847434&curPageLogUid=QXVkFSEt3GAO&utparam-url=scene%3Asearch%7Cquery_from%3A%7Cx_object_id%3A1005009721193241%7C_p_origin_prod%3A
SIMWOOD 2026 Spring New Oversize Casual Crewneck Sweater Men Waffle Textured Long Sleeve Knitted Pullover,$33.06,"https://ae-pic-a1.aliexpress-media.com/kf/S44eaa2d1cf4c41a9949cd47595b95b44z.jpg_220x220q75.jpg_.avif,https://ae-pic-a1.aliexpress-media.com/kf/S44eaa2d1cf4c41a9949cd47595b95b44z.jpg_220x220q75.jpg_.avif,https://ae-pic-a1.aliexpress-media.com/kf/S8c4bbbaba4a04d0680c0d9085c929c14Z.jpg_220x220q75.jpg_.avif,https://ae-pic-a1.aliexpress-media.com/kf/Sc09f6f1e64b946d597d8f98073ae74b9f.jpg_220x220q75.jpg_.avif,https://ae-pic-a1.aliexpress-media.com/kf/S82d1a977ac424d54803403a24ef34eddx.jpg_220x220q75.jpg_.avif","['whether full opening', 'No', 'High-concerned chemical', 'None', 'Applicable Season', 'Autumn And Winter', 'Craft of Weaving', 'Knit', 'Applicable Scene', 'CASUAL', 'Hooded', 'No', 'Model Number', 'SN120402', 'Decoration', 'NONE', 'Sleeve Style', 'regular', 'Wool', 'Standard Wool', 'Place Of Origin', 'China (mainland)', 'Pattern Type', 'Solid', 'Item Type', 'Pullovers', 'Sleeve Length(cm)', 'Full', 'Thickness', 'Standard', 'Technics', 'Computer Knitted', 'Material', 'POLYESTER,Nylon,COTTON', 'Collar', 'Crew Neck', 'Style', 'Casual', 'Gender', 'Men', 'Brand Name', 'Simwood', 'Origin', 'China Mainland', 'CN', 'Guangdong', 'Closure Type', 'None']",https://www.aliexpress.us/item/3256807521518687.html?algo_pvid=86691c53-7b98-43bd-8b83-b166aa8f753d&algo_exp_id=86691c53-7b98-43bd-8b83-b166aa8f753d-14&pdp_ext_f=%7B%22order%22%3A%2251%22%2C%22spu_best_type%22%3A%22price%22%2C%22eval%22%3A%221%22%2C%22fromPage%22%3A%22search%22%7D&pdp_npi=6%40dis%21USD%2142.56%2133.06%21%21%2142.56%2133.06%21%402103110517754878044048591e0563%2112000041929120115%21sea%21US%210%21ABX%211%210%21n_tag%3A-29910%3Bd%3A913ad4af%3Bm03_new_user%3A-29895%3BpisId%3A5000000197847434&curPageLogUid=rTKS66jD3TtD&utparam-url=scene%3Asearch%7Cquery_from%3A%7Cx_object_id%3A1005007707833439%7C_p_origin_prod%3A
New Luxury Brand Men's Knitted Pullover O-Neck Striped Jacquard Sweater Autumn Winter Fashion Versatile Warm Trend Men's Wear,$32.15,"https://ae-pic-a1.aliexpress-media.com/kf/Sf1ae7f940f8d40d5bce70660c0ffa93cV.jpg_220x220q75.jpg_.avif,https://ae-pic-a1.aliexpress-media.com/kf/Sf1ae7f940f8d40d5bce70660c0ffa93cV.jpg_220x220q75.jpg_.avif,https://ae-pic-a1.aliexpress-media.com/kf/S00ce450a24674a28a4d600351c353d98R.jpg_220x220q75.jpg_.avif,https://ae-pic-a1.aliexpress-media.com/kf/Sc1e6ae9b566d435a96206805ddfdb468X.jpg_220x220q75.jpg_.avif,https://ae-pic-a1.aliexpress-media.com/kf/S741fbd0dd0d1429f9e0e6b086a924b54b.jpg_220x220q75.jpg_.avif","['whether full opening', 'No', 'High-concerned chemical', 'None', 'Applicable Season', 'Autumn And Winter', 'Craft of Weaving', 'Knit', 'Applicable Scene', 'Daily', 'Hooded', 'No', 'Decoration', 'Embroidery', 'Sleeve Style', 'regular', 'Wool', 'Thin Wool', 'Place Of Origin', 'China (mainland)', 'Pattern Type', 'Striped', 'Item Type', 'Pullovers', 'Sleeve Length(cm)', 'Full', 'Thickness', 'Standard', 'Technics', 'Flat Knitted', 'Material', 'POLYESTER,Viscose', 'Collar', 'O-Neck', 'Style', 'England Style', 'Gender', 'Men', 'Origin', 'China Mainland', 'CN', 'Zhejiang', 'Closure Type', 'None', '1', 'High End Brand Striped Printed O-Neck Pullover Sweater', '2', 'Autumn Winter Fashion Leisure Thick Long Sleeved Soft Warm Top', '3', ""Men's Wear""]",https://www.aliexpress.us/item/3256809358930269.html?algo_pvid=86691c53-7b98-43bd-8b83-b166aa8f753d&algo_exp_id=86691c53-7b98-43bd-8b83-b166aa8f753d-18&pdp_ext_f=%7B%22order%22%3A%2250%22%2C%22eval%22%3A%221%22%2C%22fromPage%22%3A%22search%22%7D&pdp_npi=6%40dis%21USD%2165.62%2132.15%21%21%21449.47%21220.24%21%402103110517754878044048591e0563%2112000049426221502%21sea%21US%210%21ABX%211%210%21n_tag%3A-29910%3Bd%3A913ad4af%3Bm03_new_user%3A-29895&curPageLogUid=XafbXIvOJJkg&utparam-url=scene%3Asearch%7Cquery_from%3A%7Cx_object_id%3A1005009545245021%7C_p_origin_prod%3A
Men's Wool Blend Knit Sweater Casual Long Sleeve Zipper Collar Pullover Sweaters Winter Outdoor Warm Stripes Pullover Jumper,$11.93,"https://ae-pic-a1.aliexpress-media.com/kf/S0775578e30aa40d596d7096e3e574019V.jpg_220x220q75.jpg_.avif,https://ae-pic-a1.aliexpress-media.com/kf/S685cadc45bd449bba40c285b88ad5607e.jpg_220x220q75.jpg_.avif,https://ae-pic-a1.aliexpress-media.com/kf/S7bce1fff0c2646c4a2f805d908bc500dM.jpg_220x220q75.jpg_.avif,https://ae-pic-a1.aliexpress-media.com/kf/S9d1da28d74b84a2a84c4d06817b9a59ez.jpg_220x220q75.jpg_.avif,https://ae-pic-a1.aliexpress-media.com/kf/S7361c92547d94f30bf0a4c031cb74108Z.jpg_220x220q75.jpg_.avif","['whether full opening', 'No', 'High-concerned chemical', 'None', 'Applicable Season', 'Autumn And Winter', 'Applicable Scene', 'Daily', 'Hooded', 'No', 'Item Type', 'Polo sweaters', 'Sleeve Length(cm)', 'Full', 'Thickness', 'Thick', 'Material', 'POLYESTER,Wool,Nylon,Rayon', 'Collar', 'Mock Neck', 'Style', 'Casual', 'Gender', 'Men', 'Brand Name', 'ANIMAL GAME', 'Origin', 'China Mainland', 'CN', 'Zhejiang', 'Closure Type', 'Zipper', 'Support', 'Drop Shipping']",https://www.aliexpress.us/item/3256809585002031.html?algo_pvid=86691c53-7b98-43bd-8b83-b166aa8f753d&algo_exp_id=86691c53-7b98-43bd-8b83-b166aa8f753d-19&pdp_ext_f=%7B%22order%22%3A%2250%22%2C%22spu_best_type%22%3A%22price%22%2C%22eval%22%3A%221%22%2C%22fromPage%22%3A%22search%22%7D&pdp_npi=6%40dis%21USD%2142.86%2111.93%21%21%21293.53%2181.69%21%402103110517754878044048591e0563%2112000050111840027%21sea%21US%210%21ABX%211%210%21n_tag%3A-29910%3Bd%3A913ad4af%3Bm03_new_user%3A-29895%3BpisId%3A5000000197847434&curPageLogUid=KZXl4kLYerNh&utparam-url=scene%3Asearch%7Cquery_from%3A%7Cx_object_id%3A1005009771316783%7C_p_origin_prod%3A
AIOPESON Men's Zipper Sweater Striped Design Knitted Warm Half Zip Pullover Autumn Winter Outdoor Casual Sweatshirt Mens,$20.71,"https://ae-pic-a1.aliexpress-media.com/kf/S31c47cedb7674552a1c0af00f0af68f4P.jpg_220x220q75.jpg_.avif,https://ae-pic-a1.aliexpress-media.com/kf/S94fd8e7774364590b4dfe77c3f419ca1S.jpg?has_lang=1&ver=2_220x220q75.jpg_.avif,https://ae-pic-a1.aliexpress-media.com/kf/S1db5ee071d36425999827402531348703.jpg_220x220q75.jpg_.avif,https://ae-pic-a1.aliexpress-media.com/kf/S1ee3f1358fe0417f9bedd26412d8913ew.jpg_220x220q75.jpg_.avif,https://ae-pic-a1.aliexpress-media.com/kf/S034086a2b95e422692d9a3d39a81d7e25.jpg_220x220q75.jpg_.avif","['whether full opening', 'No', 'High-concerned chemical', 'None', 'Applicable Season', 'Autumn And Winter', 'Applicable Scene', 'CASUAL', 'Model Number', 'Y6224', 'Decoration', 'Patch Designs', 'Sleeve Style', 'regular', 'Wool', 'Standard Wool', 'Place Of Origin', 'China (mainland)', 'Pattern Type', 'Striped', 'Item Type', 'Pullovers', 'Sleeve Length(cm)', 'Full', 'Thickness', 'Thick', 'Technics', 'Computer Knitted', 'Material', 'Other,COTTON', 'Collar', 'Mock Neck', 'Style', 'Casual', 'Gender', 'Men', 'Brand Name', 'AIOPESON', 'Origin', 'China Mainland', 'CN', 'Zhejiang', 'Closure Type', 'Zipper', 'CN', 'Zhejiang']",https://www.aliexpress.us/item/3256809683903764.html?algo_pvid=86691c53-7b98-43bd-8b83-b166aa8f753d&algo_exp_id=86691c53-7b98-43bd-8b83-b166aa8f753d-20&pdp_ext_f=%7B%22order%22%3A%2250%22%2C%22spu_best_type%22%3A%22price%22%2C%22eval%22%3A%221%22%2C%22fromPage%22%3A%22search%22%7D&pdp_npi=6%40dis%21USD%2161.66%2120.71%21%21%21422.34%21141.88%21%402103110517754878044048591e0563%2112000050426378515%21sea%21US%210%21ABX%211%210%21n_tag%3A-29910%3Bd%3A913ad4af%3Bm03_new_user%3A-29895%3BpisId%3A5000000197847434&curPageLogUid=xiKDnaBfjE6W&utparam-url=scene%3Asearch%7Cquery_from%3A%7Cx_object_id%3A1005009870218516%7C_p_origin_prod%3A
Designer brand embroidered men's round neck sweater trendy winter new plush thick warm comfortable round neck knitted pullover,$19.44,"https://ae-pic-a1.aliexpress-media.com/kf/Sd49ef3ebae01487babe63dfeb71b9fdb6.jpg?has_lang=1&ver=1_220x220q75.jpg_.avif,https://ae-pic-a1.aliexpress-media.com/kf/Sa3d367df6b7d4b099eaab46a3a3811dfp.jpg?has_lang=1&ver=1_220x220q75.jpg_.avif,https://ae-pic-a1.aliexpress-media.com/kf/S89c2716d2a5642e5ac1cb35fc08638672.jpg?has_lang=1&ver=1_220x220q75.jpg_.avif,https://ae-pic-a1.aliexpress-media.com/kf/S105f5e6f30624598b60834af62b4fe1f0.jpg?has_lang=1&ver=1_220x220q75.jpg_.avif,https://ae-pic-a1.aliexpress-media.com/kf/S8a814f3f8d8046bfa1c36be6d1beed6by.jpg_220x220q75.jpg_.avif","['whether full opening', 'No', 'High-concerned chemical', 'None', 'Applicable Season', 'Autumn And Winter', 'Craft of Weaving', 'Knit', 'Applicable Scene', 'Daily', 'Hooded', 'No', 'Decoration', 'Embroidery', 'Sleeve Style', 'regular', 'Wool', 'Standard Wool', 'Place Of Origin', 'China (mainland)', 'Pattern Type', 'Animal', 'Item Type', 'Pullovers', 'Sleeve Length(cm)', 'Full', 'Thickness', 'Standard', 'Technics', 'Flat Knitted', 'Material', 'POLYESTER,Elastane', 'Collar', 'O-Neck', 'Style', 'Casual', 'Gender', 'Men', 'Origin', 'China Mainland', 'CN', 'Zhejiang', 'Closure Type', 'None']",https://www.aliexpress.us/item/3256809982757451.html?algo_pvid=86691c53-7b98-43bd-8b83-b166aa8f753d&algo_exp_id=86691c53-7b98-43bd-8b83-b166aa8f753d-21&pdp_ext_f=%7B%22order%22%3A%2250%22%2C%22eval%22%3A%221%22%2C%22fromPage%22%3A%22search%22%7D&pdp_npi=6%40dis%21USD%2157.89%2119.44%21%21%21396.51%21133.18%21%402103110517754878044048591e0563%2112000051439404887%21sea%21US%210%21ABX%211%210%21n_tag%3A-29910%3Bd%3A913ad4af%3Bm03_new_user%3A-29895%3BpisId%3A5000000197847434&curPageLogUid=TvewBpcvWgUR&utparam-url=scene%3Asearch%7Cquery_from%3A%7Cx_object_id%3A1005010169072203%7C_p_origin_prod%3A
Round Collar Crewneck Long Sleeve Thick Knitwear Original Autumnr and Winter Pullover Man Casual Y2k Knitted Sweaters for Men,$30.95,"https://ae-pic-a1.aliexpress-media.com/kf/Sc308c977fea14f95b7cbec5b08f12248H.jpg_220x220q75.jpg_.avif,https://ae-pic-a1.aliexpress-media.com/kf/Sae51c9f07f704a86988eafacc4f74180l.jpg_220x220q75.jpg_.avif,https://ae-pic-a1.aliexpress-media.com/kf/S98c42dd50bd442bf80023441aec5ff4bP.jpg_220x220q75.jpg_.avif,https://ae-pic-a1.aliexpress-media.com/kf/Sc599542604c34992b2f36be1f01fbab5m.jpg_220x220q75.jpg_.avif,https://ae-pic-a1.aliexpress-media.com/kf/S4302d6d0241242bcb03b4b50647721d6L.jpg_220x220q75.jpg_.avif","['whether full opening', 'No', 'High-concerned chemical', 'None', 'Applicable Season', 'Autumn And Winter', 'Craft of Weaving', 'Knit', 'Applicable Scene', 'Daily', 'Hooded', 'No', 'Model Number', ""Men's Pullover Knitted Sweater"", 'Decoration', 'NONE', 'Sleeve Style', 'regular', 'Wool', 'Standard Wool', 'Place Of Origin', 'China (mainland)', 'Pattern Type', 'Patchwork', 'Item Type', 'Pullovers', 'Sleeve Length(cm)', 'Full', 'Thickness', 'Thick', 'Technics', 'Computer Knitted', 'Material', 'COTTON,Other,POLYESTER', 'Collar', 'O-Neck', 'Style', 'Casual', 'Gender', 'Men', 'Brand Name', 'MIHIAR', 'Origin', 'China Mainland', 'CN', 'Guangdong', 'Closure Type', 'None']",https://www.aliexpress.us/item/3256807601330941.html?algo_pvid=86691c53-7b98-43bd-8b83-b166aa8f753d&algo_exp_id=86691c53-7b98-43bd-8b83-b166aa8f753d-22&pdp_ext_f=%7B%22order%22%3A%2250%22%2C%22eval%22%3A%221%22%2C%22fromPage%22%3A%22search%22%7D&pdp_npi=6%40dis%21USD%2153.36%2130.95%21%21%21365.45%21211.96%21%402103110517754878044048591e0563%2112000042202546208%21sea%21US%210%21ABX%211%210%21n_tag%3A-29910%3Bd%3A913ad4af%3Bm03_new_user%3A-29895&curPageLogUid=B12M89GSEMOC&utparam-url=scene%3Asearch%7Cquery_from%3A%7Cx_object_id%3A1005007787645693%7C_p_origin_prod%3A
Winter Men's Thickened Fleece Sweater Irregular Jacquard Pattern Casual Round Neck Pullover Tops Striped Soft Knitted Sweaters,$25.21,"https://ae-pic-a1.aliexpress-media.com/kf/Sf2bcbdaf738e4055a8ca542526d6a6423.jpeg_220x220q75.jpeg_.avif,https://ae-pic-a1.aliexpress-media.com/kf/S45d3be705af448ce9fddf9026eb1be0cx.jpg_220x220q75.jpg_.avif,https://ae-pic-a1.aliexpress-media.com/kf/S89e66c62cde041d0bf4f6bc862dbf3ceX.jpg_220x220q75.jpg_.avif,https://ae-pic-a1.aliexpress-media.com/kf/S563113c074c64e9ebe58d8a34b7bf43ca.jpg_220x220q75.jpg_.avif,https://ae-pic-a1.aliexpress-media.com/kf/S4d197d2d102a49a7817fe9aa19866922j.jpg_220x220q75.jpg_.avif","['whether full opening', 'No', 'High-concerned chemical', 'None', 'Craft of Weaving', 'Knit', 'Applicable Season', 'Autumn And Winter', 'Applicable Scene', 'Daily', 'Hooded', 'No', 'Model Number', ""Men's Irregular Jacquard Pattern Sweater"", 'Decoration', 'NONE', 'Sleeve Style', 'regular', 'Wool', 'Standard Wool', 'Place Of Origin', 'China (mainland)', 'Pattern Type', 'Print', 'Item Type', 'Pullovers', 'Sleeve Length(cm)', 'Full', 'Thickness', 'Fleece', 'Technics', 'Flat Knitted', 'Material', 'POLYESTER', 'Collar', 'O-Neck', 'Style', 'Casual', 'Gender', 'Men', 'Closure Type', 'None', 'Origin', 'China Mainland', 'CN', 'Guangdong']",https://www.aliexpress.us/item/3256809892438350.html?algo_pvid=86691c53-7b98-43bd-8b83-b166aa8f753d&algo_exp_id=86691c53-7b98-43bd-8b83-b166aa8f753d-23&pdp_ext_f=%7B%22order%22%3A%2250%22%2C%22eval%22%3A%221%22%2C%22fromPage%22%3A%22search%22%7D&pdp_npi=6%40dis%21USD%2149.59%2125.21%21%21%21339.64%21172.68%21%402103110517754878044048591e0563%2112000051055559670%21sea%21US%210%21ABX%211%210%21n_tag%3A-29910%3Bd%3A913ad4af%3Bm03_new_user%3A-29895%3BpisId%3A5000000197847434&curPageLogUid=n6X46OzOiIk8&utparam-url=scene%3Asearch%7Cquery_from%3A%7Cx_object_id%3A1005010078753102%7C_p_origin_prod%3A
Autumn Men's Half Zipper Pullover Long Sleeve Turtleneck Jackets Solid Color Sweater Casual Breathable Knitted Basic Warm Coat,$6.44,"https://ae-pic-a1.aliexpress-media.com/kf/S30c7d07565cf4269bc0f3a6678a1a075M.jpg?has_lang=1&ver=2_220x220q75.jpg_.avif,https://ae-pic-a1.aliexpress-media.com/kf/S86c647f2f154427eb9740a479106cc59X.jpg_220x220q75.jpg_.avif,https://ae-pic-a1.aliexpress-media.com/kf/S6b8798f16349454cb6eed2788f6b06d2I.jpg_220x220q75.jpg_.avif,https://ae-pic-a1.aliexpress-media.com/kf/Sb527d0d64deb46f086efc80e82b58843n.jpg_220x220q75.jpg_.avif,https://ae-pic-a1.aliexpress-media.com/kf/S910670c63e944a48bdbdb3d55bc779e9o.jpg_220x220q75.jpg_.avif","['whether full opening', 'No', 'High-concerned chemical', 'None', 'Applicable Season', 'Autumn And Winter', 'Applicable Scene', 'CASUAL', 'Decoration', 'Zippers', 'Sleeve Style', 'regular', 'Item Type', 'Pullovers', 'Sleeve Length(cm)', 'Full', 'Thickness', 'Standard', 'Material', 'POLYESTER', 'Collar', 'Turtleneck', 'Style', 'Smart Casual', 'Gender', 'Men', 'Origin', 'China Mainland', 'CN', 'Zhejiang', 'Closure Type', 'Zipper', 'Support', 'Drop Shipping']",https://www.aliexpress.us/item/3256807461387583.html?algo_pvid=86691c53-7b98-43bd-8b83-b166aa8f753d&algo_exp_id=86691c53-7b98-43bd-8b83-b166aa8f753d-24&pdp_ext_f=%7B%22order%22%3A%2249%22%2C%22spu_best_type%22%3A%22price%22%2C%22eval%22%3A%221%22%2C%22fromPage%22%3A%22search%22%7D&pdp_npi=6%40dis%21USD%2132.53%216.44%21%21%21222.83%2144.12%21%402103110517754878044048591e0563%2112000041642829425%21sea%21US%210%21ABX%211%210%21n_tag%3A-29910%3Bd%3A913ad4af%3Bm03_new_user%3A-29895%3BpisId%3A5000000197847434&curPageLogUid=7ClbL2pbaKHt&utparam-url=scene%3Asearch%7Cquery_from%3A%7Cx_object_id%3A1005007647702335%7C_p_origin_prod%3A
Exquisite Craftsmanship Men's Half Zipper Sweater Autumn Winter Quality Striped Long Sleeve Knitted Sweater Business Menswear,$21.33,"https://ae-pic-a1.aliexpress-media.com/kf/S59e4d9ef93e9478a85d2a650c6546062x.jpg_220x220q75.jpg_.avif,https://ae-pic-a1.aliexpress-media.com/kf/S59e4d9ef93e9478a85d2a650c6546062x.jpg_220x220q75.jpg_.avif,https://ae-pic-a1.aliexpress-media.com/kf/Se7fc9cdffd3a4184a4a8ef3627f59e26U.jpg_220x220q75.jpg_.avif,https://ae-pic-a1.aliexpress-media.com/kf/S9d3bda95b32e40a8bf9efa50bef84f5bb.jpg_220x220q75.jpg_.avif,https://ae-pic-a1.aliexpress-media.com/kf/Sd0834d0b26e941768f8f13b0958c0a36F.jpg_220x220q75.jpg_.avif","['whether full opening', 'No', 'High-concerned chemical', 'None', 'Applicable Season', 'Autumn And Winter', 'Craft of Weaving', 'Knit', 'Applicable Scene', 'Daily', 'Hooded', 'No', 'Decoration', 'Appliques', 'Sleeve Style', 'regular', 'Wool', 'Standard Wool', 'Place Of Origin', 'China (mainland)', 'Pattern Type', 'Striped', 'Item Type', 'Pullovers', 'Sleeve Length(cm)', 'Full', 'Thickness', 'Thick', 'Technics', 'Flat Knitted', 'Material', 'POLYESTER,Acrylic,Nylon,Viscose', 'Collar', 'Mock Neck', 'Style', 'Casual', 'Gender', 'Men', 'Origin', 'China Mainland', 'CN', 'Zhejiang', 'Closure Type', 'Zipper']",https://www.aliexpress.us/item/3256809635080108.html?algo_pvid=86691c53-7b98-43bd-8b83-b166aa8f753d&algo_exp_id=86691c53-7b98-43bd-8b83-b166aa8f753d-25&pdp_ext_f=%7B%22order%22%3A%2249%22%2C%22eval%22%3A%221%22%2C%22fromPage%22%3A%22search%22%7D&pdp_npi=6%40dis%21USD%2161.65%2121.33%21%21%21422.24%21146.05%21%402103110517754878044048591e0563%2112000050404135716%21sea%21US%210%21ABX%211%210%21n_tag%3A-29910%3Bd%3A913ad4af%3Bm03_new_user%3A-29895%3BpisId%3A5000000197847434&curPageLogUid=h5gI07mZA1Ki&utparam-url=scene%3Asearch%7Cquery_from%3A%7Cx_object_id%3A1005009821394860%7C_p_origin_prod%3A
Autumn Men's Zipper Pullover Long Sleeve Sweater Men Warm Slim Casual Turtleneck Mock Neck Pullover Sweatshirts Tops,$3.53,"https://ae-pic-a1.aliexpress-media.com/kf/S39a613944cd04ceaa4fb1fde1b0c93d2u.jpg_220x220q75.jpg_.avif,https://ae-pic-a1.aliexpress-media.com/kf/Sfd6f199eadd046f68c8e7918eb940e26q.jpg_220x220q75.jpg_.avif,https://ae-pic-a1.aliexpress-media.com/kf/Scc5465f127b14d56bfbbde0bf0ec16fc3.jpg_220x220q75.jpg_.avif,https://ae-pic-a1.aliexpress-media.com/kf/Sfd57215383274309b81dbb08f3886bf2f.jpg_220x220q75.jpg_.avif,https://ae-pic-a1.aliexpress-media.com/kf/Sbe8b941578d1446598b7e77b69609e7aq.jpg_220x220q75.jpg_.avif","['whether full opening', 'No', 'High-concerned chemical', 'None', 'Applicable Season', 'Autumn And Winter', 'Craft of Weaving', 'Knit', 'Applicable Scene', 'Daily', 'Hooded', 'No', 'Sleeve Style', 'regular', 'Place Of Origin', 'China (mainland)', 'Pattern Type', 'Solid', 'Item Type', 'Pullovers', 'Sleeve Length(cm)', 'Full', 'Thickness', 'Standard', 'Material', 'POLYESTER', 'Collar', 'Turtleneck', 'Style', 'Casual', 'Gender', 'Men', 'Origin', 'Mainland China', 'CN', 'Fujian', 'Closure Type', 'Zipper']",https://www.aliexpress.us/item/3256809375624977.html?algo_pvid=86691c53-7b98-43bd-8b83-b166aa8f753d&algo_exp_id=86691c53-7b98-43bd-8b83-b166aa8f753d-27&pdp_ext_f=%7B%22order%22%3A%2248%22%2C%22spu_best_type%22%3A%22price%22%2C%22eval%22%3A%221%22%2C%22fromPage%22%3A%22search%22%7D&pdp_npi=6%40dis%21USD%2126.06%213.53%21%21%21178.46%2124.16%21%402103110517754878044048591e0563%2112000049467525849%21sea%21US%210%21ABX%211%210%21n_tag%3A-29910%3Bd%3A913ad4af%3Bm03_new_user%3A-29895%3BpisId%3A5000000197847434&curPageLogUid=hiONAOs3nmkz&utparam-url=scene%3Asearch%7Cquery_from%3A%7Cx_object_id%3A1005009561939729%7C_p_origin_prod%3A
2025 New Thickened Men's Woolen Sweater with Half-high Collar and Zipper Coarse Needle Fashion Casual Sweater,$23.01,"https://ae-pic-a1.aliexpress-media.com/kf/Sa8a260bc377f4d4392e657515c0a2264Q.jpg?has_lang=1&ver=1_220x220q75.jpg_.avif,https://ae-pic-a1.aliexpress-media.com/kf/S94c84199ece049eabe2bf66499d4ef3cc.jpg?has_lang=1&ver=1_220x220q75.jpg_.avif,https://ae-pic-a1.aliexpress-media.com/kf/S7fede1fba2b04400aea2df127d2b6895v.jpg?has_lang=1&ver=1_220x220q75.jpg_.avif,https://ae-pic-a1.aliexpress-media.com/kf/S2baf7e0a49264384b5ab15860376578a5.jpg?has_lang=1&ver=1_220x220q75.jpg_.avif,https://ae-pic-a1.aliexpress-media.com/kf/Sdd6b6292a0cf4b5db8e8b9efa15708cem.jpg?has_lang=1&ver=1_220x220q75.jpg_.avif","['whether full opening', 'No', 'High-concerned chemical', 'None', 'Applicable Season', 'Autumn And Winter', 'Craft of Weaving', 'Knit', 'Applicable Scene', 'Daily', 'Hooded', 'No', 'Decoration', 'Zippers', 'Sleeve Style', 'regular', 'Wool', 'Standard Wool', 'Place Of Origin', 'China (mainland)', 'Pattern Type', 'Solid', 'Item Type', 'Pullovers', 'Sleeve Length(cm)', 'Full', 'Thickness', 'Standard', 'Technics', 'Computer Knitted', 'Material', 'Acrylic,Viscose,Polyamide', 'Collar', 'Mock Neck', 'Style', 'Casual', 'Gender', 'Men', 'Origin', 'China Mainland', 'CN', 'Jiangxi', 'Closure Type', 'None']",https://www.aliexpress.us/item/3256809980274247.html?algo_pvid=86691c53-7b98-43bd-8b83-b166aa8f753d&algo_exp_id=86691c53-7b98-43bd-8b83-b166aa8f753d-28&pdp_ext_f=%7B%22order%22%3A%2248%22%2C%22eval%22%3A%221%22%2C%22fromPage%22%3A%22search%22%7D&pdp_npi=6%40dis%21USD%2169.18%2123.01%21%21%21473.85%21157.64%21%402103110517754878044048591e0563%2112000051383734350%21sea%21US%210%21ABX%211%210%21n_tag%3A-29910%3Bd%3A913ad4af%3Bm03_new_user%3A-29895%3BpisId%3A5000000197847434&curPageLogUid=XBjCyuITejE0&utparam-url=scene%3Asearch%7Cquery_from%3A%7Cx_object_id%3A1005010166588999%7C_p_origin_prod%3A
Hot Selling High-Quality Men's Knitted Sweaters New Arrivals O-Neck Wool Cartoon Dog Print Pullover Winter Versatile Menswear,$22.69,"https://ae-pic-a1.aliexpress-media.com/kf/S250a0e81000b43419f7204dc95d0368bO.jpg_220x220q75.jpg_.avif,https://ae-pic-a1.aliexpress-media.com/kf/S250a0e81000b43419f7204dc95d0368bO.jpg_220x220q75.jpg_.avif,https://ae-pic-a1.aliexpress-media.com/kf/S322d75c00fa8494ea021cb8a7688dff8v.jpg_220x220q75.jpg_.avif,https://ae-pic-a1.aliexpress-media.com/kf/S686690f555c64aaf9d02621808defa77E.jpg_220x220q75.jpg_.avif,https://ae-pic-a1.aliexpress-media.com/kf/Saac3ddc2bf894284bf94ab6c9e20257cV.jpg_220x220q75.jpg_.avif","['whether full opening', 'No', 'High-concerned chemical', 'None', 'Applicable Season', 'Winter', 'Craft of Weaving', 'Knit', 'Applicable Scene', 'Daily', 'Hooded', 'No', 'Decoration', 'Appliques', 'Sleeve Style', 'regular', 'Wool', 'Thin Wool', 'Place Of Origin', 'China (mainland)', 'Pattern Type', 'Cartoon', 'Item Type', 'Pullovers', 'Sleeve Length(cm)', 'Full', 'Thickness', 'Standard', 'Technics', 'Flat Knitted', 'Material', 'POLYESTER,Elastane', 'Collar', 'O-Neck', 'Style', 'Sports', 'Gender', 'Men', 'Origin', 'China Mainland', 'CN', 'Zhejiang', 'Closure Type', 'Single Button']",https://www.aliexpress.us/item/3256810050080197.html?algo_pvid=86691c53-7b98-43bd-8b83-b166aa8f753d&algo_exp_id=86691c53-7b98-43bd-8b83-b166aa8f753d-29&pdp_ext_f=%7B%22order%22%3A%2248%22%2C%22spu_best_type%22%3A%22price%22%2C%22eval%22%3A%221%22%2C%22fromPage%22%3A%22search%22%7D&pdp_npi=6%40dis%21USD%2169.99%2122.69%21%21%21479.38%21155.44%21%402103110517754878044048591e0563%2112000051638017433%21sea%21US%210%21ABX%211%210%21n_tag%3A-29910%3Bd%3A913ad4af%3Bm03_new_user%3A-29895%3BpisId%3A5000000197847434&curPageLogUid=jtLkN80LdMc6&utparam-url=scene%3Asearch%7Cquery_from%3A%7Cx_object_id%3A1005010236394949%7C_p_origin_prod%3A
Cartoon Cat Knitted Sweater Men Japanese Retro Harajuku Knitwears Pullover 2023 Winter Women Tops Oversized Vintage Sweater,$4.54,"https://ae-pic-a1.aliexpress-media.com/kf/Sdc6126c9b2b245d5ae407672a5e499ae9.jpg_220x220q75.jpg_.avif,https://ae-pic-a1.aliexpress-media.com/kf/Sdc6126c9b2b245d5ae407672a5e499ae9.jpg_220x220q75.jpg_.avif,https://ae-pic-a1.aliexpress-media.com/kf/S870fa14eb0294b419c82c41f8590e1b5M.jpg_220x220q75.jpg_.avif,https://ae-pic-a1.aliexpress-media.com/kf/S7bf9a18f7b8d48ea837ef1959f6f9430Q.png_220x220.png_.avif,https://ae-pic-a1.aliexpress-media.com/kf/S291367ec545b4f0e8ee51ac0a87c6c5cf.jpg_220x220q75.jpg_.avif","['whether full opening', 'No', 'High-concerned chemical', 'None', 'Applicable Season', 'Autumn And Winter', 'Craft of Weaving', 'Knit', 'Applicable Scene', 'Daily', 'Hooded', 'No', 'Decoration', 'Vintage', 'Sleeve Style', 'regular', 'Wool', 'Standard Wool', 'Place Of Origin', 'China (mainland)', 'Pattern Type', 'Cartoon', 'Item Type', 'Pullovers', 'Sleeve Length(cm)', 'Full', 'Thickness', 'Standard', 'Technics', 'Hand Knitted', 'Material', 'POLYESTER', 'Collar', 'O-Neck', 'Style', 'HIP HOP', 'Gender', 'Men', 'Brand Name', 'kevinbatd', 'Origin', 'China Mainland', 'CN', 'Guangdong', 'Closure Type', 'None']",https://www.aliexpress.us/item/3256805683458979.html?algo_pvid=86691c53-7b98-43bd-8b83-b166aa8f753d&algo_exp_id=86691c53-7b98-43bd-8b83-b166aa8f753d-33&pdp_ext_f=%7B%22order%22%3A%2247%22%2C%22eval%22%3A%221%22%2C%22fromPage%22%3A%22search%22%7D&pdp_npi=6%40dis%21USD%2127.00%214.54%21%21%21184.90%2131.08%21%402103110517754878044048591e0563%2112000034643570366%21sea%21US%210%21ABX%211%210%21n_tag%3A-29910%3Bd%3A913ad4af%3Bm03_new_user%3A-29895%3BpisId%3A5000000197847434&curPageLogUid=9Bq61wU9U67Q&utparam-url=scene%3Asearch%7Cquery_from%3A%7Cx_object_id%3A1005005869773731%7C_p_origin_prod%3A
Embroidery Pullover Y2K White Long Sleeve Sweater Dollar Gothic Goth Retro Casual Streetwear Old Money Men Boxy Knitted Clothing,$26.48,"https://ae-pic-a1.aliexpress-media.com/kf/Sb8059e46e7f24ac388d0e8c62cf1c591n.jpg_220x220q75.jpg_.avif,https://ae-pic-a1.aliexpress-media.com/kf/S9e8359f43d8a4868b4689ef0f4da25e6e.jpg_220x220q75.jpg_.avif,https://ae-pic-a1.aliexpress-media.com/kf/S4915136f12e444789a600402f6d2013em.jpg_220x220q75.jpg_.avif,https://ae-pic-a1.aliexpress-media.com/kf/S5097f30621a14d13a03eca1f512fe258w.jpg_220x220q75.jpg_.avif,https://ae-pic-a1.aliexpress-media.com/kf/S2d7940461e94466c9f5b46cae4fd0ff9V.jpg_220x220q75.jpg_.avif","['whether full opening', 'No', 'High-concerned chemical', 'None', 'Applicable Season', 'Autumn And Winter', 'Craft of Weaving', 'Knit', 'Applicable Scene', 'CASUAL', 'Hooded', 'No', 'Decoration', 'Embroidery', 'Sleeve Style', 'regular', 'Wool', 'Standard Wool', 'Place Of Origin', 'China (mainland)', 'Pattern Type', 'Letter', 'Item Type', 'Pullovers', 'Sleeve Length(cm)', 'Full', 'Thickness', 'Standard', 'Technics', 'Computer Knitted', 'Material', 'POLYESTER', 'Collar', 'O-Neck', 'Style', 'gothic', 'Gender', 'Men', 'Brand Name', 'BiggOrange', 'Origin', 'China Mainland', 'CN', 'Guangdong', 'Closure Type', 'None']",https://www.aliexpress.us/item/3256810564537541.html?algo_pvid=86691c53-7b98-43bd-8b83-b166aa8f753d&algo_exp_id=86691c53-7b98-43bd-8b83-b166aa8f753d-34&pdp_ext_f=%7B%22order%22%3A%2247%22%2C%22eval%22%3A%221%22%2C%22fromPage%22%3A%22search%22%7D&pdp_npi=6%40dis%21USD%2150.92%2126.48%21%21%2150.92%2126.48%21%402103110517754878044048591e0563%2112000053391177744%21sea%21US%210%21ABX%211%210%21n_tag%3A-29910%3Bd%3A913ad4af%3Bm03_new_user%3A-29895&curPageLogUid=DfdiELuwIhlE&utparam-url=scene%3Asearch%7Cquery_from%3A%7Cx_object_id%3A1005010750852293%7C_p_origin_prod%3A
Luxury Men's Brand Spring High Quality Knit Sweater High Neck Embroidery Long Sleeves Pullover Leisure Fashion Men Clothing Tops,$9.77,"https://ae-pic-a1.aliexpress-media.com/kf/S9e4a4648e1e641369aa65c0b92211027f.jpg_220x220q75.jpg_.avif,https://ae-pic-a1.aliexpress-media.com/kf/S9e4a4648e1e641369aa65c0b92211027f.jpg_220x220q75.jpg_.avif,https://ae-pic-a1.aliexpress-media.com/kf/Sf03848d1029e4322bb520bdae0ccaff4m.jpg_220x220q75.jpg_.avif,https://ae-pic-a1.aliexpress-media.com/kf/Sebef44059e524f62adea6fa1698b2bcfA.jpg_220x220q75.jpg_.avif,https://ae-pic-a1.aliexpress-media.com/kf/Sabd07ffa3f2e420aa3ffbdf9b917474fh.jpg_220x220q75.jpg_.avif","['whether full opening', 'No', 'High-concerned chemical', 'None', 'Applicable Season', 'Spring', 'Craft of Weaving', 'Knit', 'Applicable Scene', 'Business', 'Hooded', 'No', 'Decoration', 'Embroidery', 'Wool', 'Thin Wool', 'Item Type', 'Pullovers', 'Sleeve Length(cm)', 'Full', 'Thickness', 'Standard', 'Technics', 'Flat Knitted', 'Material', 'Elastane,Viscose,Polyamide', 'Collar', 'Turtleneck', 'Style', 'Casual', 'Gender', 'Men', 'Origin', 'China Mainland', 'CN', 'Zhejiang', 'Closure Type', 'None']",https://www.aliexpress.us/item/3256810514310465.html?algo_pvid=86691c53-7b98-43bd-8b83-b166aa8f753d&algo_exp_id=86691c53-7b98-43bd-8b83-b166aa8f753d-39&pdp_ext_f=%7B%22order%22%3A%2246%22%2C%22eval%22%3A%221%22%2C%22fromPage%22%3A%22search%22%7D&pdp_npi=6%40dis%21USD%2139.33%219.77%21%21%21269.37%2166.92%21%402103110517754878044048591e0563%2112000053237175748%21sea%21US%210%21ABX%211%210%21n_tag%3A-29910%3Bd%3A913ad4af%3Bm03_new_user%3A-29895%3BpisId%3A5000000197847434&curPageLogUid=oVJ7yGXCpmrJ&utparam-url=scene%3Asearch%7Cquery_from%3A%7Cx_object_id%3A1005010700625217%7C_p_origin_prod%3A
Sweatwear Mens Anti-pilling High Quality Knitted Turtleneck Sweater Slim Fit Long Sleeve Pullover Solid Color Trend Men Clothing,$2.51,"https://ae-pic-a1.aliexpress-media.com/kf/S66fddaf6355e4b4da9c44cf7e0fef8b8X.jpg_220x220q75.jpg_.avif,https://ae-pic-a1.aliexpress-media.com/kf/Sb9e2ccfa9ac94bac9b851766c264f8das.jpg_220x220q75.jpg_.avif,https://ae-pic-a1.aliexpress-media.com/kf/S289501b478fd493f9b8347333ec91dcdG.jpg_220x220q75.jpg_.avif,https://ae-pic-a1.aliexpress-media.com/kf/S829478b3d01142ef87b5c08692b08ceeR.jpg_220x220q75.jpg_.avif,https://ae-pic-a1.aliexpress-media.com/kf/S0aabd92dce104b1faf0f60f72320f634y.jpg_220x220q75.jpg_.avif","['whether full opening', 'No', 'High-concerned chemical', 'None', 'Applicable Season', 'Autumn And Winter', 'Craft of Weaving', 'Knit', 'Applicable Scene', 'CASUAL', 'Hooded', 'No', 'Wool', 'Standard Wool', 'Place Of Origin', 'China (mainland)', 'Pattern Type', 'Solid', 'Sleeve Length(cm)', 'Full', 'Thickness', 'Wool Liner', 'Technics', 'Flat Knitted', 'Material', 'Acetate', 'Collar', 'Turtleneck', 'Style', 'Casual', 'Gender', 'Men', 'Origin', 'China Mainland', 'CN', 'Zhejiang']",https://www.aliexpress.us/item/3256809496360870.html?algo_pvid=86691c53-7b98-43bd-8b83-b166aa8f753d&algo_exp_id=86691c53-7b98-43bd-8b83-b166aa8f753d-40&pdp_ext_f=%7B%22order%22%3A%2246%22%2C%22eval%22%3A%221%22%2C%22fromPage%22%3A%22search%22%7D&pdp_npi=6%40dis%21USD%2124.51%212.51%21%21%21167.91%2117.21%21%402103110517754878044048591e0563%2112000049849510915%21sea%21US%210%21ABX%211%210%21n_tag%3A-29910%3Bd%3A913ad4af%3Bm03_new_user%3A-29895%3BpisId%3A5000000197847434&curPageLogUid=PpJuBWvS6fBD&utparam-url=scene%3Asearch%7Cquery_from%3A%7Cx_object_id%3A1005009682675622%7C_p_origin_prod%3A
Men's Black Red Graphic Knit Sweater Crew Neck Oversized Casual Long Sleeve Pullover Streetwear,$2.73,"https://ae-pic-a1.aliexpress-media.com/kf/S120915bd5542422aa3fae34898cb46c1p.jpg_220x220q75.jpg_.avif,https://ae-pic-a1.aliexpress-media.com/kf/Sba723dbfd8af4ae887750bfc9277034aT.jpg_220x220q75.jpg_.avif,https://ae-pic-a1.aliexpress-media.com/kf/S69350f64006040dfad9bcf106fdd6fc55.jpg_220x220q75.jpg_.avif,https://ae-pic-a1.aliexpress-media.com/kf/S63e4b58468994637af2ea4478b9d8df3l.jpg_220x220q75.jpg_.avif,https://ae-pic-a1.aliexpress-media.com/kf/S5993d6ee59854498b8c43781c8042ff9Q.jpg_220x220q75.jpg_.avif","['whether full opening', 'No', 'High-concerned chemical', 'None', 'Applicable Season', 'Autumn And Winter', 'Craft of Weaving', 'Knit', 'Applicable Scene', 'Shopping', 'Hooded', 'No', 'Decoration', 'Embroidery', 'Sleeve Style', 'regular', 'Place Of Origin', 'China (mainland)', 'Pattern Type', 'EVIL', 'Item Type', 'Pullovers', 'Sleeve Length(cm)', 'Full', 'Thickness', 'Standard', 'Technics', 'Computer Knitted', 'Material', 'POLYESTER', 'Collar', 'O-Neck', 'Style', 'Casual', 'Gender', 'Men', 'Origin', 'Mainland China', 'CN', 'Guangdong', 'Closure Type', 'None']",https://www.aliexpress.us/item/3256810476054073.html?algo_pvid=86691c53-7b98-43bd-8b83-b166aa8f753d&algo_exp_id=86691c53-7b98-43bd-8b83-b166aa8f753d-41&pdp_ext_f=%7B%22order%22%3A%2246%22%2C%22eval%22%3A%221%22%2C%22fromPage%22%3A%22search%22%7D&pdp_npi=6%40dis%21USD%2128.24%212.73%21%21%21193.45%2118.71%21%402103110517754878044048591e0563%2112000053113053885%21sea%21US%210%21ABX%211%210%21n_tag%3A-29910%3Bd%3A913ad4af%3Bm03_new_user%3A-29895%3BpisId%3A5000000197847498&curPageLogUid=HD9lCNsAaCSo&utparam-url=scene%3Asearch%7Cquery_from%3A%7Cx_object_id%3A1005010662368825%7C_p_origin_prod%3A
Men's Vintage Knit Sweaters Winter Oversized Unisex Y2k Harajuku Oversized Pullovers Portrait Graphic Chic Aesthetics Streetwear,$16.22,"https://ae-pic-a1.aliexpress-media.com/kf/S37fae46f993243c7856c7603f4b18e47u.jpg_220x220q75.jpg_.avif,https://ae-pic-a1.aliexpress-media.com/kf/Sa497a201f51949b391608da9de18bd69T.jpg_220x220q75.jpg_.avif,https://ae-pic-a1.aliexpress-media.com/kf/S9c450596d5a3472492919cf79baaa248J.jpg_220x220q75.jpg_.avif,https://ae-pic-a1.aliexpress-media.com/kf/S0034e357e6984692966dd9f3cfb04fceQ.jpg_220x220q75.jpg_.avif,https://ae-pic-a1.aliexpress-media.com/kf/S204a9a0f81ba42b7ab23a15eb7329cf87.jpg_220x220q75.jpg_.avif","['Craft of Weaving', 'Knit', 'Applicable Season', 'Autumn And Winter', 'Applicable Scene', 'Party', 'Hooded', 'No', 'Model Number', 'y2k tops casual retro sweater goth long sleeve', 'Decoration', 'NONE', 'Sleeve Style', 'regular', 'Wool', 'Standard Wool', 'Place Of Origin', 'China (mainland)', 'Pattern Type', 'Patchwork', 'Item Type', 'Pullovers', 'Sleeve Length(cm)', 'Full', 'Thickness', 'Standard', 'Material', 'POLYESTER,Elastane', 'Collar', 'O-Neck', 'Style', 'Casual', 'Gender', 'Men', 'Brand Name', 'CDJLFH', 'Closure Type', 'None', 'Origin', 'Mainland China', 'CN', 'Guangdong']",https://www.aliexpress.us/item/3256806792857832.html?algo_pvid=86691c53-7b98-43bd-8b83-b166aa8f753d&algo_exp_id=86691c53-7b98-43bd-8b83-b166aa8f753d-42&pdp_ext_f=%7B%22order%22%3A%2246%22%2C%22spu_best_type%22%3A%22price%22%2C%22eval%22%3A%221%22%2C%22fromPage%22%3A%22search%22%7D&pdp_npi=6%40dis%21USD%2125.72%2116.22%21%21%2125.72%2116.22%21%402103110517754878044048591e0563%2112000038922881098%21sea%21US%210%21ABX%211%210%21n_tag%3A-29910%3Bd%3A913ad4af%3Bm03_new_user%3A-29895%3BpisId%3A5000000197847434&curPageLogUid=r5xMnjbrNxtf&utparam-url=scene%3Asearch%7Cquery_from%3A%7Cx_object_id%3A1005006979172584%7C_p_origin_prod%3A
Men's semi-turtleneck zipper sweater Men's fall/winter loose sweater casual pullover long-sleeved sweater,$1.96,"https://ae-pic-a1.aliexpress-media.com/kf/S1aa4cc12181245359d79236aeb64af8ey.jpg_220x220q75.jpg_.avif,https://ae-pic-a1.aliexpress-media.com/kf/S2544e83cd56d447e8948f09a06859e486.jpg_220x220q75.jpg_.avif,https://ae-pic-a1.aliexpress-media.com/kf/Sbcb0a2b35cd5433bad5ec4686d498fb3n.jpg_220x220q75.jpg_.avif,https://ae-pic-a1.aliexpress-media.com/kf/S5f35708a4c1d454f81a3606f94b740bbM.jpg_220x220q75.jpg_.avif,https://ae-pic-a1.aliexpress-media.com/kf/Sd3724ef9bde8430f9716cda78100d629L.jpg_220x220q75.jpg_.avif","['whether full opening', 'No', 'High-concerned chemical', 'None', 'Applicable Season', 'Autumn', 'Craft of Weaving', 'Knit', 'Applicable Scene', 'CASUAL', 'Hooded', 'No', 'Model Number', 'ZW123', 'Decoration', 'Zippers', 'Sleeve Style', 'regular', 'Place Of Origin', 'China (mainland)', 'Pattern Type', 'Solid', 'Item Type', 'Pullovers', 'Sleeve Length(cm)', 'Full', 'Thickness', 'Standard', 'Material', 'POLYESTER', 'Collar', 'Mock Neck', 'Style', 'Casual', 'Gender', 'Men', 'Origin', 'China Mainland', 'CN', 'Zhejiang', 'Closure Type', 'Zipper']",https://www.aliexpress.us/item/3256806579631428.html?algo_pvid=86691c53-7b98-43bd-8b83-b166aa8f753d&algo_exp_id=86691c53-7b98-43bd-8b83-b166aa8f753d-45&pdp_ext_f=%7B%22order%22%3A%2245%22%2C%22eval%22%3A%221%22%2C%22fromPage%22%3A%22search%22%7D&pdp_npi=6%40dis%21USD%2123.38%211.96%21%21%21160.14%2113.40%21%402103110517754878044048591e0563%2112000038227590689%21sea%21US%210%21ABX%211%210%21n_tag%3A-29910%3Bd%3A913ad4af%3Bm03_new_user%3A-29895%3BpisId%3A5000000197847434&curPageLogUid=YhYvhuB4CQGe&utparam-url=scene%3Asearch%7Cquery_from%3A%7Cx_object_id%3A1005006765946180%7C_p_origin_prod%3A
New Popular Fire Pattern Pullover Ripped Sweater Casual Round Neck Knitted Men's Gift Pullover,$12.82,"https://ae-pic-a1.aliexpress-media.com/kf/S54827c798f4b47d889387a73d67bee56L.jpg_220x220q75.jpg_.avif,https://ae-pic-a1.aliexpress-media.com/kf/Saa4bcba3f45a4fd08937156fc7b5a811L.jpg_220x220q75.jpg_.avif,https://ae-pic-a1.aliexpress-media.com/kf/Sedfef5f2e06f41e5a7d758af5022b7d4N.jpg_220x220q75.jpg_.avif,https://ae-pic-a1.aliexpress-media.com/kf/Se9eba02d093c435b8be3828adeaea38d9.jpg_220x220q75.jpg_.avif,https://ae-pic-a1.aliexpress-media.com/kf/S5777ae19c15e45e99a52b0c793184c61H.jpg_220x220q75.jpg_.avif","['whether full opening', 'No', 'High-concerned chemical', 'None', 'Applicable Season', 'Four Seasons', 'Craft of Weaving', 'Knit', 'Applicable Scene', 'Shopping', 'Hooded', 'No', 'Sleeve Style', 'regular', 'Wool', 'Coarse Wool', 'Place Of Origin', 'China (mainland)', 'Pattern Type', 'Geometric', 'Item Type', 'Pullovers', 'Sleeve Length(cm)', 'Full', 'Thickness', 'Standard', 'Material', 'POLYESTER', 'Collar', 'O-Neck', 'Style', 'Casual', 'Gender', 'Men', 'Origin', 'China Mainland', 'CN', 'Fujian', 'Closure Type', 'None']",https://www.aliexpress.us/item/3256808846662178.html?algo_pvid=86691c53-7b98-43bd-8b83-b166aa8f753d&algo_exp_id=86691c53-7b98-43bd-8b83-b166aa8f753d-46&pdp_ext_f=%7B%22order%22%3A%2245%22%2C%22eval%22%3A%221%22%2C%22fromPage%22%3A%22search%22%7D&pdp_npi=6%40dis%21USD%2147.49%2112.82%21%21%21325.30%2187.82%21%402103110517754878044048591e0563%2112000047655751445%21sea%21US%210%21ABX%211%210%21n_tag%3A-29910%3Bd%3A913ad4af%3Bm03_new_user%3A-29895%3BpisId%3A5000000197847434&curPageLogUid=MNNj0mrHhtTy&utparam-url=scene%3Asearch%7Cquery_from%3A%7Cx_object_id%3A1005009032976930%7C_p_origin_prod%3A
Hot Sales Autumn Winter New Men's Long Sleeve High Neck Pullover Sweater Luxury Quality Print Soft Warm Knitted Fashion Menswear,$19.55,"https://ae-pic-a1.aliexpress-media.com/kf/S96c0cc7008124d679bb35706e28fbd9cV.jpg_220x220q75.jpg_.avif,https://ae-pic-a1.aliexpress-media.com/kf/S96c0cc7008124d679bb35706e28fbd9cV.jpg_220x220q75.jpg_.avif,https://ae-pic-a1.aliexpress-media.com/kf/S57d0e9548cd14310b5e388886bb69f7dg.jpg_220x220q75.jpg_.avif,https://ae-pic-a1.aliexpress-media.com/kf/Seba5bac4044e41ec9784a4f769df26c85.jpg_220x220q75.jpg_.avif,https://ae-pic-a1.aliexpress-media.com/kf/S92335bc3af804d9ba7bb6b2c845ca31eK.jpg_220x220q75.jpg_.avif","['whether full opening', 'No', 'High-concerned chemical', 'None', 'Applicable Season', 'Autumn And Winter', 'Craft of Weaving', 'Knit', 'Applicable Scene', 'Business', 'Hooded', 'No', 'Decoration', 'Appliques', 'Sleeve Style', 'regular', 'Wool', 'Standard Wool', 'Place Of Origin', 'China (mainland)', 'Pattern Type', 'Print', 'Item Type', 'Pullovers', 'Sleeve Length(cm)', 'Full', 'Thickness', 'Thick', 'Technics', 'Computer Knitted', 'Material', 'POLYESTER,Viscose,Polyamide', 'Collar', 'Turtleneck', 'Style', 'Casual', 'Gender', 'Men', 'Origin', 'China Mainland', 'CN', 'Zhejiang', 'Closure Type', 'None']",https://www.aliexpress.us/item/3256809941554776.html?algo_pvid=86691c53-7b98-43bd-8b83-b166aa8f753d&algo_exp_id=86691c53-7b98-43bd-8b83-b166aa8f753d-47&pdp_ext_f=%7B%22order%22%3A%2245%22%2C%22spu_best_type%22%3A%22price%22%2C%22eval%22%3A%221%22%2C%22fromPage%22%3A%22search%22%7D&pdp_npi=6%40dis%21USD%2159.30%2119.55%21%21%21406.19%21133.96%21%402103110517754878044048591e0563%2112000051239041775%21sea%21US%210%21ABX%211%210%21n_tag%3A-29910%3Bd%3A913ad4af%3Bm03_new_user%3A-29895%3BpisId%3A5000000197847434&curPageLogUid=8MNeLh1y6X1W&utparam-url=scene%3Asearch%7Cquery_from%3A%7Cx_object_id%3A1005010127869528%7C_p_origin_prod%3A
New Autumn Pullover Men's Sweater O-neck Patchwork Long Sleeve Warm Slim Sweaters Men Casual Fashion Sweater Men Clothing,$15.36,"https://ae-pic-a1.aliexpress-media.com/kf/S65c6f5469ab24ed9a9e6d44268189414u.jpg_220x220q75.jpg_.avif,https://ae-pic-a1.aliexpress-media.com/kf/S65c6f5469ab24ed9a9e6d44268189414u.jpg_220x220q75.jpg_.avif,https://ae-pic-a1.aliexpress-media.com/kf/S4d529d7631c44d7cb90948664fe17fdb2.jpg?has_lang=1&ver=2_220x220q75.jpg_.avif,https://ae-pic-a1.aliexpress-media.com/kf/Sc7988a1795cf4166a28b4b82aad6218bt.jpg_220x220q75.jpg_.avif,https://ae-pic-a1.aliexpress-media.com/kf/S8bf4537954e64215a6ec301953e7d8fa3.jpg_220x220q75.jpg_.avif","['High-concerned chemical', 'None', 'Applicable Season', 'Winter', 'Applicable Scene', 'CASUAL', 'Hooded', 'No', 'Decoration', 'Ruched', 'Sleeve Style', 'regular']",https://www.aliexpress.us/item/3256806824188304.html?algo_pvid=4f71b484-7ee3-4461-bba1-c505468a957c&algo_exp_id=4f71b484-7ee3-4461-bba1-c505468a957c-45&pdp_ext_f=%7B%22order%22%3A%221119%22%2C%22eval%22%3A%221%22%2C%22orig_sl_item_id%22%3A%221005007010503056%22%2C%22orig_item_id%22%3A%221005005637017479%22%2C%22fromPage%22%3A%22search%22%7D&pdp_npi=6%40dis%21USD%2134.92%2115.36%21%21%21239.04%21105.18%21%4021030a6217754285218365489ea4af%2112000039050567204%21sea%21US%210%21ABX%211%210%21n_tag%3A-29910%3Bd%3Ab1e5c83a%3Bm03_new_user%3A-29895&curPageLogUid=7iuwKH2GYDZR&utparam-url=scene%3Asearch%7Cquery_from%3A%7Cx_object_id%3A1005007010503056%7C_p_origin_prod%3A1005005637017479
"Men's Spring and Autumn Fashion Lapel Fleece Pullover, Solid Color Button Men's Clothing, Outdoor Men's Sweatshirt",$12.68,"https://ae-pic-a1.aliexpress-media.com/kf/Sb15474ea71e14fcf92a95a917072759dS.jpg_220x220q75.jpg_.avif,https://ae-pic-a1.aliexpress-media.com/kf/S00a456757a3a4147a1346e731047ae36j.jpg_220x220q75.jpg_.avif,https://ae-pic-a1.aliexpress-media.com/kf/Sc6dab856384b445a9473f79fa80e290e0.jpg_220x220q75.jpg_.avif,https://ae-pic-a1.aliexpress-media.com/kf/S55039db9b93641a8891342a658848f47G.jpg_220x220q75.jpg_.avif,https://ae-pic-a1.aliexpress-media.com/kf/S0a3acaf5909549e0a493fc3ee38f9a1dQ.jpg_220x220q75.jpg_.avif","['whether full opening', 'No', 'High-concerned chemical', 'None', 'Applicable Season', 'Spring And Autumn', 'Craft of Weaving', 'Knit', 'Applicable Scene', 'Trip', 'Model Number', 'ZR']",https://www.aliexpress.us/item/3256806796079750.html?algo_pvid=4f71b484-7ee3-4461-bba1-c505468a957c&algo_exp_id=4f71b484-7ee3-4461-bba1-c505468a957c-46&pdp_ext_f=%7B%22order%22%3A%221113%22%2C%22eval%22%3A%221%22%2C%22orig_sl_item_id%22%3A%221005006982394502%22%2C%22orig_item_id%22%3A%221005008708391563%22%2C%22fromPage%22%3A%22search%22%7D&pdp_npi=6%40dis%21USD%2128.19%2112.68%21%21%21192.98%2186.84%21%4021030a6217754285218365489ea4af%2112000038933713294%21sea%21US%210%21ABX%211%210%21n_tag%3A-29910%3Bd%3Ab1e5c83a%3Bm03_new_user%3A-29895&curPageLogUid=qwcGjHbxiWol&utparam-url=scene%3Asearch%7Cquery_from%3A%7Cx_object_id%3A1005006982394502%7C_p_origin_prod%3A1005008708391563
Men's Mock Turtleneck Ribbed Knit Pullover Sweater Casual Heavyweight Slim Fit Dress Sweater Warm Jumper Thermal Streetwear,$9.22,"https://ae-pic-a1.aliexpress-media.com/kf/S77259eb59e3f43f1a622aeebabd40d71Z.jpg_220x220q75.jpg_.avif,https://ae-pic-a1.aliexpress-media.com/kf/Sfee71b5520064f45a8f6fcb30c216bf64.jpg_220x220q75.jpg_.avif,https://ae-pic-a1.aliexpress-media.com/kf/S5017da0c23654777b8c9d2c59b5550fd1.jpg_220x220q75.jpg_.avif,https://ae-pic-a1.aliexpress-media.com/kf/Sc224826a86b44f559fd449f47b318303w.jpg_220x220q75.jpg_.avif,https://ae-pic-a1.aliexpress-media.com/kf/S80cd006a194a445aa50d9d0834796efdX.jpg_220x220q75.jpg_.avif","['whether full opening', 'No', 'High-concerned chemical', 'None', 'Applicable Season', 'Autumn And Winter', 'Applicable Scene', 'CASUAL', 'Hooded', 'No', 'Wool', 'Standard Wool']",https://www.aliexpress.us/item/3256810099203648.html?algo_pvid=4f71b484-7ee3-4461-bba1-c505468a957c&algo_exp_id=4f71b484-7ee3-4461-bba1-c505468a957c-47&pdp_ext_f=%7B%22order%22%3A%221095%22%2C%22eval%22%3A%221%22%2C%22orig_sl_item_id%22%3A%221005010285518400%22%2C%22orig_item_id%22%3A%221005009771651382%22%2C%22fromPage%22%3A%22search%22%7D&pdp_npi=6%40dis%21USD%2120.05%219.22%21%21%21137.24%2163.13%21%4021030a6217754285218365489ea4af%2112000051791725653%21sea%21US%210%21ABX%211%210%21n_tag%3A-29910%3Bd%3Ab1e5c83a%3Bm03_new_user%3A-29895&curPageLogUid=yxCYiuDyFXcQ&utparam-url=scene%3Asearch%7Cquery_from%3A%7Cx_object_id%3A1005010285518400%7C_p_origin_prod%3A1005009771651382
TACVASEN Quarter-Zip Pullover Tops Mens Turtleneck Fleece Sweatshirts Casual Warm Sweater Athletic Running Sports Hoodie Shirts,$17.88,"https://ae-pic-a1.aliexpress-media.com/kf/S7f9216a267ce4aa0b4c40810998e4ba9p.jpg_220x220q75.jpg_.avif,https://ae-pic-a1.aliexpress-media.com/kf/S7f9216a267ce4aa0b4c40810998e4ba9p.jpg_220x220q75.jpg_.avif,https://ae-pic-a1.aliexpress-media.com/kf/Sb02b6de2248e4fc0a8b2b55e92c3149bQ.jpg_220x220q75.jpg_.avif,https://ae-pic-a1.aliexpress-media.com/kf/Sf8c30390629546c08580a5d7afb7cc32Z.jpg_220x220q75.jpg_.avif,https://ae-pic-a1.aliexpress-media.com/kf/S5ee5e8572005477d844b93fba23ad981T.jpg_220x220q75.jpg_.avif","['whether full opening', 'No', 'High-concerned chemical', 'None', 'Applicable Season', 'Spring And Autumn', 'Craft of Weaving', 'Knit', 'Applicable Scene', 'CASUAL', 'Hooded', 'No']",https://www.aliexpress.us/item/3256805999127466.html?algo_pvid=4f71b484-7ee3-4461-bba1-c505468a957c&algo_exp_id=4f71b484-7ee3-4461-bba1-c505468a957c-48&pdp_ext_f=%7B%22order%22%3A%221088%22%2C%22eval%22%3A%221%22%2C%22fromPage%22%3A%22search%22%7D&pdp_npi=6%40dis%21USD%2135.05%2117.88%21%21%21239.87%21122.33%21%4021030a6217754285218365489ea4af%2112000036181268830%21sea%21US%210%21ABX%211%210%21n_tag%3A-29910%3Bd%3Ab1e5c83a%3Bm03_new_user%3A-29895&curPageLogUid=cYRTNtx7MyYm&utparam-url=scene%3Asearch%7Cquery_from%3A%7Cx_object_id%3A1005006185442218%7C_p_origin_prod%3A
Men's Quarter Zip Up Sweaters Slim Fit Lightweight Mock Neck Pullover Casual Sweaters Half Turtleneck Knitted Outdoor Streetwear,$11.77,"https://ae-pic-a1.aliexpress-media.com/kf/S5e69962cbb92419bbdfffbdc39f47d2aW.jpg_220x220q75.jpg_.avif,https://ae-pic-a1.aliexpress-media.com/kf/S752b8268eb7d41498a3a2bc4a54a69711.jpg_220x220q75.jpg_.avif,https://ae-pic-a1.aliexpress-media.com/kf/S1f1ef6544db042dd8e304567a95ecdc4e.jpg_220x220q75.jpg_.avif,https://ae-pic-a1.aliexpress-media.com/kf/S9b8700a1c23046a89d58da920183af7eN.jpg_220x220q75.jpg_.avif,https://ae-pic-a1.aliexpress-media.com/kf/S2d1a558dd3444a1d84395e3647fccd7dx.jpg_220x220q75.jpg_.avif","['whether full opening', 'No', 'High-concerned chemical', 'None', 'Applicable Season', 'Autumn And Winter', 'Applicable Scene', 'Daily', 'Hooded', 'No', 'Sleeve Style', 'regular']",https://www.aliexpress.us/item/3256808243574002.html?algo_pvid=4f71b484-7ee3-4461-bba1-c505468a957c&algo_exp_id=4f71b484-7ee3-4461-bba1-c505468a957c-49&pdp_ext_f=%7B%22order%22%3A%221082%22%2C%22eval%22%3A%221%22%2C%22orig_sl_item_id%22%3A%221005008429888754%22%2C%22orig_item_id%22%3A%221005007798972684%22%2C%22fromPage%22%3A%22search%22%7D&pdp_npi=6%40dis%21USD%2123.55%2111.77%21%21%21161.20%2180.60%21%4021030a6217754285218365489ea4af%2112000045059824044%21sea%21US%210%21ABX%211%210%21n_tag%3A-29910%3Bd%3Ab1e5c83a%3Bm03_new_user%3A-29895&curPageLogUid=1ZX8pUrEdnV9&utparam-url=scene%3Asearch%7Cquery_from%3A%7Cx_object_id%3A1005008429888754%7C_p_origin_prod%3A1005007798972684
Men's Quarter Zip Up Sweaters Slim Fit Lightweight Mock Neck Pullover Casual Sweaters Half Turtleneck Knitted Outdoor Streetwear,$1.80,"https://ae-pic-a1.aliexpress-media.com/kf/S5e69962cbb92419bbdfffbdc39f47d2aW.jpg_220x220q75.jpg_.avif,https://ae-pic-a1.aliexpress-media.com/kf/S752b8268eb7d41498a3a2bc4a54a69711.jpg_220x220q75.jpg_.avif,https://ae-pic-a1.aliexpress-media.com/kf/S1f1ef6544db042dd8e304567a95ecdc4e.jpg_220x220q75.jpg_.avif,https://ae-pic-a1.aliexpress-media.com/kf/S9b8700a1c23046a89d58da920183af7eN.jpg_220x220q75.jpg_.avif,https://ae-pic-a1.aliexpress-media.com/kf/S2d1a558dd3444a1d84395e3647fccd7dx.jpg_220x220q75.jpg_.avif","['whether full opening', 'No', 'High-concerned chemical', 'None', 'Applicable Season', 'Autumn And Winter', 'Applicable Scene', 'Daily', 'Hooded', 'No', 'Sleeve Style', 'regular']",https://www.aliexpress.us/item/3256807612657932.html?algo_pvid=4f71b484-7ee3-4461-bba1-c505468a957c&algo_exp_id=4f71b484-7ee3-4461-bba1-c505468a957c-50&pdp_ext_f=%7B%22order%22%3A%221080%22%2C%22spu_best_type%22%3A%22price%22%2C%22eval%22%3A%221%22%2C%22fromPage%22%3A%22search%22%7D&pdp_npi=6%40dis%21USD%2124.56%2110.17%21%21%21168.13%2169.61%21%4021030a6217754285218365489ea4af%2112000042239777874%21sea%21US%210%21ABX%211%210%21n_tag%3A-29910%3Bd%3Ab1e5c83a%3Bm03_new_user%3A-29895%3BpisId%3A5000000203816807&curPageLogUid=RNQD0GJk48wH&utparam-url=scene%3Asearch%7Cquery_from%3A%7Cx_object_id%3A1005007798972684%7C_p_origin_prod%3A
Spring Autumn Men's Standing Collar Half Zipper Sportswear Long Sleeve Sweatshirts Men Casual Knitted Pullovers Daily Coats,$1.54,"https://ae-pic-a1.aliexpress-media.com/kf/S631d8eb574cf44c39ced85a77c006b67m.jpg_220x220q75.jpg_.avif,https://ae-pic-a1.aliexpress-media.com/kf/S631d8eb574cf44c39ced85a77c006b67m.jpg_220x220q75.jpg_.avif,https://ae-pic-a1.aliexpress-media.com/kf/S62efd9ddb53147b9af08c6ab92c921bdt.jpg?has_lang=1&ver=2_220x220q75.jpg_.avif,https://ae-pic-a1.aliexpress-media.com/kf/Sa59e1a5d47d04ae6907da5058bb2f628l.jpg_220x220q75.jpg_.avif,https://ae-pic-a1.aliexpress-media.com/kf/S3cd59b287ff54a20893a6e077b3be176K.jpg?has_lang=1&ver=2_220x220q75.jpg_.avif","['whether full opening', 'No', 'High-concerned chemical', 'None', 'Applicable Season', 'Spring And Autumn', 'Craft of Weaving', 'Knit', 'Applicable Scene', 'Daily', 'Hooded', 'No']",https://www.aliexpress.us/item/3256808480531176.html?algo_pvid=4f71b484-7ee3-4461-bba1-c505468a957c&algo_exp_id=4f71b484-7ee3-4461-bba1-c505468a957c-51&pdp_ext_f=%7B%22order%22%3A%221079%22%2C%22spu_best_type%22%3A%22price%22%2C%22eval%22%3A%221%22%2C%22fromPage%22%3A%22search%22%7D&pdp_npi=6%40dis%21USD%2119.47%219.44%21%21%21133.24%2164.61%21%4021030a6217754285218365489ea4af%2112000046157842074%21sea%21US%210%21ABX%211%210%21n_tag%3A-29910%3Bd%3Ab1e5c83a%3Bm03_new_user%3A-29895%3BpisId%3A5000000197827853&curPageLogUid=dANdawaIWBbI&utparam-url=scene%3Asearch%7Cquery_from%3A%7Cx_object_id%3A1005008666845928%7C_p_origin_prod%3A
Classic Pullover V-Neck Sweater Men 2024 Autumn Winter Cashmere Cotton Blend Warm Jumper Clothes Pull Homme Man Hombres Sweater,$6.93,"https://ae-pic-a1.aliexpress-media.com/kf/S6bcd24e24d324a059dcb4a280fc493abr.jpg_220x220q75.jpg_.avif,https://ae-pic-a1.aliexpress-media.com/kf/S6bcd24e24d324a059dcb4a280fc493abr.jpg_220x220q75.jpg_.avif,https://ae-pic-a1.aliexpress-media.com/kf/S131c2d684d5540c7b48fb22878e1f916f.jpg?has_lang=1&ver=2_220x220q75.jpg_.avif,https://ae-pic-a1.aliexpress-media.com/kf/S6f1ada256b3c4230a62d7c31d5740453x.jpg_220x220q75.jpg_.avif,https://ae-pic-a1.aliexpress-media.com/kf/S84049bdf13cb48c38b78395973e3590ea.jpg_220x220q75.jpg_.avif","['whether full opening', 'No', 'High-concerned chemical', 'None', 'Applicable Season', 'Autumn And Winter', 'Craft of Weaving', 'Knit', 'Applicable Scene', 'Daily', 'Hooded', 'No']",https://www.aliexpress.us/item/3256807576398616.html?algo_pvid=4f71b484-7ee3-4461-bba1-c505468a957c&algo_exp_id=4f71b484-7ee3-4461-bba1-c505468a957c-52&pdp_ext_f=%7B%22order%22%3A%221061%22%2C%22eval%22%3A%221%22%2C%22fromPage%22%3A%22search%22%7D&pdp_npi=6%40dis%21USD%2136.81%2116.83%21%21%21251.93%21115.21%21%4021030a6217754285218365489ea4af%2112000042199886070%21sea%21US%210%21ABX%211%210%21n_tag%3A-29910%3Bd%3Ab1e5c83a%3Bm03_new_user%3A-29895%3BpisId%3A5000000197827853&curPageLogUid=cnhU5irO6Rag&utparam-url=scene%3Asearch%7Cquery_from%3A%7Cx_object_id%3A1005007762713368%7C_p_origin_prod%3A
New Mens Long Sleeve Knitted Sweaters Solid Color Turtleneck Coats Slim Fit Pullover Men Clothing Lightweight Streetwear,$0.99,"https://ae-pic-a1.aliexpress-media.com/kf/Sd056fa4dc35d430b8ed12303b7f9230a4.jpg_220x220q75.jpg_.avif,https://ae-pic-a1.aliexpress-media.com/kf/S1a97e6b740264a10aa7211475018c86bT.jpg_220x220q75.jpg_.avif,https://ae-pic-a1.aliexpress-media.com/kf/S5feed4f746ab454dbe8a486267a84192r.jpg_220x220q75.jpg_.avif,https://ae-pic-a1.aliexpress-media.com/kf/S8d574aac8d464e1f86ca860b9281b0b6w.jpg_220x220q75.jpg_.avif,https://ae-pic-a1.aliexpress-media.com/kf/Sad56c9b70e544fb4bb591b37a05576f39.jpg_220x220q75.jpg_.avif","['whether full opening', 'No', 'High-concerned chemical', 'None', 'Applicable Season', 'Autumn And Winter', 'Applicable Scene', 'CASUAL', 'Pattern Type', 'Solid', 'Item Type', 'Pullovers']",https://www.aliexpress.us/item/3256807387389982.html?algo_pvid=4f71b484-7ee3-4461-bba1-c505468a957c&algo_exp_id=4f71b484-7ee3-4461-bba1-c505468a957c-53&pdp_ext_f=%7B%22order%22%3A%221061%22%2C%22eval%22%3A%221%22%2C%22fromPage%22%3A%22search%22%7D&pdp_npi=6%40dis%21USD%2122.26%2110.36%21%21%21152.38%2170.94%21%4021030a6217754285218365489ea4af%2112000041351463888%21sea%21US%210%21ABX%211%210%21n_tag%3A-29910%3Bd%3Ab1e5c83a%3Bm03_new_user%3A-29895%3BpisId%3A5000000197827853&curPageLogUid=09aKvVey1LGR&utparam-url=scene%3Asearch%7Cquery_from%3A%7Cx_object_id%3A1005007573704734%7C_p_origin_prod%3A
New Sweatwear Men's Half Neck Basic Solid Color Sweaters Round Neck Elastic Pullovers Warm Autumn Knitted Oversized Sweater Men,$13.48,"https://ae-pic-a1.aliexpress-media.com/kf/S0c33763f64204468bb873d15a7a61599p.jpg_220x220q75.jpg_.avif,https://ae-pic-a1.aliexpress-media.com/kf/Se46b0cc4babd40c6926deca7df760e75a.jpg_220x220q75.jpg_.avif,https://ae-pic-a1.aliexpress-media.com/kf/Sbf62022ae9034e3998f04e60e15ef63dr.jpg_220x220q75.jpg_.avif,https://ae-pic-a1.aliexpress-media.com/kf/S7cb3d2a9afc9434193e00f4ed61b4684l.jpg_220x220q75.jpg_.avif,https://ae-pic-a1.aliexpress-media.com/kf/S46c9cadc5be94aa4a49ac77bb7344df6X.jpg_220x220q75.jpg_.avif","['whether full opening', 'Yes', 'High-concerned chemical', 'None', 'Applicable Season', 'Autumn And Winter', 'Craft of Weaving', 'Knit', 'Applicable Scene', 'CASUAL', 'Hooded', 'No']",https://www.aliexpress.us/item/3256807718414219.html?algo_pvid=4f71b484-7ee3-4461-bba1-c505468a957c&algo_exp_id=4f71b484-7ee3-4461-bba1-c505468a957c-54&pdp_ext_f=%7B%22order%22%3A%221004%22%2C%22eval%22%3A%221%22%2C%22orig_sl_item_id%22%3A%221005007904728971%22%2C%22orig_item_id%22%3A%221005009297212650%22%2C%22fromPage%22%3A%22search%22%7D&pdp_npi=6%40dis%21USD%2126.96%2113.48%21%21%21184.52%2192.26%21%4021030a6217754285218365489ea4af%2112000042787981147%21sea%21US%210%21ABX%211%210%21n_tag%3A-29910%3Bd%3Ab1e5c83a%3Bm03_new_user%3A-29895&curPageLogUid=iCA5zn7tX1mn&utparam-url=scene%3Asearch%7Cquery_from%3A%7Cx_object_id%3A1005007904728971%7C_p_origin_prod%3A1005009297212650
2023 New Autumn Cotton Zipper Cardigans for Men Fashion Casual Social Men Sweaters High Collar Warm Winter Knitted Sweater Men,$27.29,"https://ae-pic-a1.aliexpress-media.com/kf/S03f8a6d9300f4df58b7e9e2667d1bbe99.jpg?has_lang=1&ver=2_220x220q75.jpg_.avif,https://ae-pic-a1.aliexpress-media.com/kf/Sfbde2494a1b441b3b669f7165d3d7aa5E.png?has_lang=1&ver=2_220x220.png_.avif,https://ae-pic-a1.aliexpress-media.com/kf/S285574873f65452dadcb44629a2f6486o.jpg_220x220q75.jpg_.avif,https://ae-pic-a1.aliexpress-media.com/kf/Sec99c80ea54f43a0ba3f5e60f0b12bbcg.jpg_220x220q75.jpg_.avif,https://ae-pic-a1.aliexpress-media.com/kf/S78c6197fcfd94360901241500bc3732cj.jpg?has_lang=1&ver=2_220x220q75.jpg_.avif","['whether full opening', 'No', 'High-concerned chemical', 'None', 'Applicable Season', 'Autumn And Winter', 'Applicable Scene', 'CASUAL', 'Hooded', 'No', 'Model Number', 'Y832']",https://www.aliexpress.us/item/3256807353657941.html?algo_pvid=4f71b484-7ee3-4461-bba1-c505468a957c&algo_exp_id=4f71b484-7ee3-4461-bba1-c505468a957c-55&pdp_ext_f=%7B%22order%22%3A%22998%22%2C%22eval%22%3A%221%22%2C%22orig_sl_item_id%22%3A%221005007539972693%22%2C%22orig_item_id%22%3A%221005006053250504%22%2C%22fromPage%22%3A%22search%22%7D&pdp_npi=6%40dis%21USD%2159.32%2127.29%21%21%21406.02%21186.77%21%4021030a6217754285218365489ea4af%2112000041213559621%21sea%21US%210%21ABX%211%210%21n_tag%3A-29910%3Bd%3Ab1e5c83a%3Bm03_new_user%3A-29895&curPageLogUid=nMZmZXDZACho&utparam-url=scene%3Asearch%7Cquery_from%3A%7Cx_object_id%3A1005007539972693%7C_p_origin_prod%3A1005006053250504
Autumn and Winter Men's New Long Zipper Color Block Sweater Sleeves Thin Plush Sweater Jacket Casual Slim Fit Comfortable Coat,$0.99,"https://ae-pic-a1.aliexpress-media.com/kf/S9999d5ea37e043a99debd6cab78a35a2g.jpg?has_lang=1&ver=2_220x220q75.jpg_.avif,https://ae-pic-a1.aliexpress-media.com/kf/S58f2508df755474e9b3f2177bd381454o.jpg_220x220q75.jpg_.avif,https://ae-pic-a1.aliexpress-media.com/kf/S2db98b049d9247e7a225ef33d5ca527bv.jpg_220x220q75.jpg_.avif,https://ae-pic-a1.aliexpress-media.com/kf/S6029a4bd059249fd8eeee82c21b4f2b6h.jpg_220x220q75.jpg_.avif,https://ae-pic-a1.aliexpress-media.com/kf/S6ebbb19ba046493ab73f306524e96ddeF.jpg_220x220q75.jpg_.avif","['whether full opening', 'Yes', 'High-concerned chemical', 'None', 'Applicable Season', 'Autumn And Winter', 'Craft of Weaving', 'Knit', 'Applicable Scene', 'CASUAL', 'Hooded', 'No']",https://www.aliexpress.us/item/3256806976304560.html?algo_pvid=4f71b484-7ee3-4461-bba1-c505468a957c&algo_exp_id=4f71b484-7ee3-4461-bba1-c505468a957c-56&pdp_ext_f=%7B%22order%22%3A%22998%22%2C%22eval%22%3A%221%22%2C%22fromPage%22%3A%22search%22%7D&pdp_npi=6%40dis%21USD%2120.50%219.33%21%21%21140.34%2163.88%21%4021030a6217754285218365489ea4af%2112000039660152561%21sea%21US%210%21ABX%211%210%21n_tag%3A-29910%3Bd%3Ab1e5c83a%3Bm03_new_user%3A-29895%3BpisId%3A5000000197827853&curPageLogUid=7MPCZX0dWJiP&utparam-url=scene%3Asearch%7Cquery_from%3A%7Cx_object_id%3A1005007162619312%7C_p_origin_prod%3A
Autumn Men's Solid Fluffy Knitted Sweaters New Korean Fashion Loose Warm Pullovers Winter Couples Y2K Vintage Knitwear Jumpers,$12.00,"https://ae-pic-a1.aliexpress-media.com/kf/S3eaf273eec17410fb766aad425cb9a1av.jpg_220x220q75.jpg_.avif,https://ae-pic-a1.aliexpress-media.com/kf/S3eaf273eec17410fb766aad425cb9a1av.jpg_220x220q75.jpg_.avif,https://ae-pic-a1.aliexpress-media.com/kf/S8ce7f8db8cad45688e7dd07e6ec0e3bfp.jpg_220x220q75.jpg_.avif,https://ae-pic-a1.aliexpress-media.com/kf/Sf01b2d77dc304575922f3653c8f73df3O.jpg_220x220q75.jpg_.avif,https://ae-pic-a1.aliexpress-media.com/kf/S279f669986d9430a94f60aa76bfe5eb7E.jpg_220x220q75.jpg_.avif","['whether full opening', 'No', 'High-concerned chemical', 'None', 'Applicable Season', 'Autumn And Winter', 'Craft of Weaving', 'Knit', 'Applicable Scene', 'CASUAL', 'Hooded', 'No']",https://www.aliexpress.us/item/3256807831241670.html?algo_pvid=4f71b484-7ee3-4461-bba1-c505468a957c&algo_exp_id=4f71b484-7ee3-4461-bba1-c505468a957c-57&pdp_ext_f=%7B%22order%22%3A%22985%22%2C%22eval%22%3A%221%22%2C%22fromPage%22%3A%22search%22%7D&pdp_npi=6%40dis%21USD%2127.28%2112.00%21%21%2127.28%2112.00%21%4021030a6217754285218365489ea4af%2112000043264342466%21sea%21US%210%21ABX%211%210%21n_tag%3A-29910%3Bd%3Ab1e5c83a%3Bm03_new_user%3A-29895&curPageLogUid=h0VpJQJPIdzX&utparam-url=scene%3Asearch%7Cquery_from%3A%7Cx_object_id%3A1005008017556422%7C_p_origin_prod%3A
Men Pullover Men's Thicker Sweatshirts Half Zipper Pullover for Male Hoody Man Sweatshir Autumn Solid Color Turtleneck Sweaters,$1.26,"https://ae-pic-a1.aliexpress-media.com/kf/S3a5871782dc64695be7078c9e0db7be8R.jpg_220x220q75.jpg_.avif,https://ae-pic-a1.aliexpress-media.com/kf/S3a5871782dc64695be7078c9e0db7be8R.jpg_220x220q75.jpg_.avif,https://ae-pic-a1.aliexpress-media.com/kf/S5188c98d56e04bbf93c8eff0d5d6e431v.jpg_220x220q75.jpg_.avif,https://ae-pic-a1.aliexpress-media.com/kf/Sc3f1e5e1d6864ff488860266267118aaI.jpg_220x220q75.jpg_.avif,https://ae-pic-a1.aliexpress-media.com/kf/Sa9af17a5dcf94601a2f66e37a9c27dfe6.jpg_220x220q75.jpg_.avif","['whether full opening', 'No', 'High-concerned chemical', 'None', 'Applicable Season', 'Spring And Autumn', 'Craft of Weaving', 'Knit', 'Applicable Scene', 'Daily', 'Hooded', 'No']",https://www.aliexpress.us/item/3256805603445886.html?algo_pvid=4f71b484-7ee3-4461-bba1-c505468a957c&algo_exp_id=4f71b484-7ee3-4461-bba1-c505468a957c-59&pdp_ext_f=%7B%22order%22%3A%22975%22%2C%22eval%22%3A%221%22%2C%22fromPage%22%3A%22search%22%7D&pdp_npi=6%40dis%21USD%2118.16%219.16%21%21%21124.30%2162.71%21%4021030a6217754285218365489ea4af%2112000034366196523%21sea%21US%210%21ABX%211%210%21n_tag%3A-29910%3Bd%3Ab1e5c83a%3Bm03_new_user%3A-29895%3BpisId%3A5000000197827853&curPageLogUid=aKMomJLwbtBC&utparam-url=scene%3Asearch%7Cquery_from%3A%7Cx_object_id%3A1005005789760638%7C_p_origin_prod%3A
New Men's Turtleneck Sweater Solid Color High Neck Pullover Knitted Sweaters Casual Elastic Sweatwear Mens Fall Winter,$0.99,"https://ae-pic-a1.aliexpress-media.com/kf/S075279a71fc74b2e87f63a271a8799e5u.jpg_220x220q75.jpg_.avif,https://ae-pic-a1.aliexpress-media.com/kf/S075279a71fc74b2e87f63a271a8799e5u.jpg_220x220q75.jpg_.avif,https://ae-pic-a1.aliexpress-media.com/kf/Sfdb3825826b242718044c8551c1e5254w.jpg_220x220q75.jpg_.avif,https://ae-pic-a1.aliexpress-media.com/kf/S031a0d49b5734e67ac53179363770f2bi.jpg_220x220q75.jpg_.avif,https://ae-pic-a1.aliexpress-media.com/kf/Se692ba1a71394b8dbaa5b915a60f5bf2K.jpg_220x220q75.jpg_.avif","['whether full opening', 'No', 'High-concerned chemical', 'None', 'Applicable Season', 'Autumn And Winter', 'Craft of Weaving', 'Knit', 'Applicable Scene', 'Trip', 'Hooded', 'No']",https://www.aliexpress.us/item/3256807011390596.html?algo_pvid=4f71b484-7ee3-4461-bba1-c505468a957c&algo_exp_id=4f71b484-7ee3-4461-bba1-c505468a957c-34&pdp_ext_f=%7B%22order%22%3A%221335%22%2C%22eval%22%3A%221%22%2C%22fromPage%22%3A%22search%22%7D&pdp_npi=6%40dis%21USD%2120.51%219.95%21%21%21140.41%2168.12%21%4021030a6217754285218365489ea4af%2112000039771543450%21sea%21US%210%21ABX%211%210%21n_tag%3A-29910%3Bd%3Ab1e5c83a%3Bm03_new_user%3A-29895%3BpisId%3A5000000197827853&curPageLogUid=kppVAp2FmGtc&utparam-url=scene%3Asearch%7Cquery_from%3A%7Cx_object_id%3A1005007197705348%7C_p_origin_prod%3A
Y2K Round Neck Gray Knitted Sweater New Popular Symbol Pattern Retro Harajuku Pullover Autumn Winter Warm Boxy Men's Clothing,$18.55,"https://ae-pic-a1.aliexpress-media.com/kf/S6f7981f2d4d749d3a9c9ccbecfee2ccaJ.jpg_220x220q75.jpg_.avif,https://ae-pic-a1.aliexpress-media.com/kf/Sd8265022e8cf49c8b85db2bf7209cec2H.jpg_220x220q75.jpg_.avif,https://ae-pic-a1.aliexpress-media.com/kf/Sb60d22e22c7b41d7b746e3892651d957e.jpg_220x220q75.jpg_.avif,https://ae-pic-a1.aliexpress-media.com/kf/Secab88969ae34102a5bfd8a1282f699aI.jpg_220x220q75.jpg_.avif,https://ae-pic-a1.aliexpress-media.com/kf/Sefafd6a7c94d467094164d585f2ba74ea.jpg_220x220q75.jpg_.avif","['whether full opening', 'No', 'High-concerned chemical', 'None', 'Applicable Season', 'Autumn And Winter', 'Applicable Scene', 'CASUAL', 'Thickness', 'Standard', 'Material', 'Other,POLYESTER']",https://www.aliexpress.us/item/3256809262542412.html?algo_pvid=4f71b484-7ee3-4461-bba1-c505468a957c&algo_exp_id=4f71b484-7ee3-4461-bba1-c505468a957c-35&pdp_ext_f=%7B%22order%22%3A%221324%22%2C%22eval%22%3A%221%22%2C%22fromPage%22%3A%22search%22%7D&pdp_npi=6%40dis%21USD%2159.85%2118.55%21%21%21409.65%21126.99%21%4021030a6217754285218365489ea4af%2112000049134707610%21sea%21US%210%21ABX%211%210%21n_tag%3A-29910%3Bd%3Ab1e5c83a%3Bm03_new_user%3A-29895&curPageLogUid=8Ky54oAav7n1&utparam-url=scene%3Asearch%7Cquery_from%3A%7Cx_object_id%3A1005009448857164%7C_p_origin_prod%3A
Spring Autumn Thin Men Pullovers Sweaters Turtleneck Knitted Sweater for Men Warm Clothing Male Sweaters Full Black White Tops,$0.99,"https://ae-pic-a1.aliexpress-media.com/kf/Sf049e99bf887431cabfa82ecfd04efc7K.jpg_220x220q75.jpg_.avif,https://ae-pic-a1.aliexpress-media.com/kf/Se54f5f95a1834e23bc8045d7cf0f137cv.jpg_220x220q75.jpg_.avif,https://ae-pic-a1.aliexpress-media.com/kf/S430cdca558ab4ff9a81303503a895fe6d.jpg_220x220q75.jpg_.avif,https://ae-pic-a1.aliexpress-media.com/kf/Se265ac3011804a7aab3f73776ecf6712v.jpg_220x220q75.jpg_.avif,https://ae-pic-a1.aliexpress-media.com/kf/Sb9c50e5f74214c028bdd781f41727759i.jpg_220x220q75.jpg_.avif","['whether full opening', 'No', 'High-concerned chemical', 'None', 'Applicable Season', 'Spring And Autumn', 'Craft of Weaving', 'Knit', 'Applicable Scene', 'Business', 'Hooded', 'No']",https://www.aliexpress.us/item/3256806006165621.html?algo_pvid=4f71b484-7ee3-4461-bba1-c505468a957c&algo_exp_id=4f71b484-7ee3-4461-bba1-c505468a957c-36&pdp_ext_f=%7B%22order%22%3A%221267%22%2C%22eval%22%3A%221%22%2C%22fromPage%22%3A%22search%22%7D&pdp_npi=6%40dis%21USD%215.05%214.93%21%21%215.05%214.93%21%4021030a6217754285218365489ea4af%2112000036208718920%21sea%21US%210%21ABX%211%210%21n_tag%3A-29910%3Bd%3Ab1e5c83a%3Bm03_new_user%3A-29895%3BpisId%3A5000000197827853&curPageLogUid=PORXjMu0G8yr&utparam-url=scene%3Asearch%7Cquery_from%3A%7Cx_object_id%3A1005006192480373%7C_p_origin_prod%3A
2025 Cashmere Sweater O-neck Pullovers Men's Loose Oversized M-3XL Knitted Bottom Shirt Autumn Winter New Korean Casual Men Top,$10.77,"https://ae-pic-a1.aliexpress-media.com/kf/Sc94d812344db43b3ba6a695abdb66a4cK.jpg_220x220q75.jpg_.avif,https://ae-pic-a1.aliexpress-media.com/kf/Sc94d812344db43b3ba6a695abdb66a4cK.jpg_220x220q75.jpg_.avif,https://ae-pic-a1.aliexpress-media.com/kf/Sa747b20b82694fd4bdf1dea631d3ee247.png?has_lang=1&ver=1_220x220.png_.avif,https://ae-pic-a1.aliexpress-media.com/kf/Seab67c5562d04259a9374fdd1f6137c4C.png_220x220.png_.avif,https://ae-pic-a1.aliexpress-media.com/kf/Sf157a09fb0d848e68eb0e112058dd5ba5.png_220x220.png_.avif","['whether full opening', 'No', 'High-concerned chemical', 'None', 'Applicable Season', 'Autumn And Winter', 'Craft of Weaving', 'Knit', 'Applicable Scene', 'Office', 'Hooded', 'No']",https://www.aliexpress.us/item/3256809620721873.html?algo_pvid=4f71b484-7ee3-4461-bba1-c505468a957c&algo_exp_id=4f71b484-7ee3-4461-bba1-c505468a957c-38&pdp_ext_f=%7B%22order%22%3A%221228%22%2C%22spu_best_type%22%3A%22price%22%2C%22eval%22%3A%221%22%2C%22fromPage%22%3A%22search%22%7D&pdp_npi=6%40dis%21USD%2146.15%2120.67%21%21%21315.90%21141.47%21%4021030a6217754285218365489ea4af%2112000050237565334%21sea%21US%210%21ABX%211%210%21n_tag%3A-29910%3Bd%3Ab1e5c83a%3Bm03_new_user%3A-29895%3BpisId%3A5000000197827853&curPageLogUid=eJOzBtN7H7UA&utparam-url=scene%3Asearch%7Cquery_from%3A%7Cx_object_id%3A1005009807036625%7C_p_origin_prod%3A
Autumn Mens High Quality Knitted Turtleneck Sweater Slim Fit Long Sleeve Anti-pilling Pullover Solid Color Trend Men Streetwea,$4.41,"https://ae-pic-a1.aliexpress-media.com/kf/Sc19101d65d2f4e77bd4ec93d14e0d2d8E.jpg?has_lang=1&ver=2_220x220q75.jpg_.avif,https://ae-pic-a1.aliexpress-media.com/kf/S136b560891be438d92f47656a663d72by.jpg?has_lang=1&ver=2_220x220q75.jpg_.avif,https://ae-pic-a1.aliexpress-media.com/kf/S0251d1acfd8941c4a987f234d930da6fl.jpg?has_lang=1&ver=2_220x220q75.jpg_.avif,https://ae-pic-a1.aliexpress-media.com/kf/S8b08488cdde04416a66134828f928084K.jpg?has_lang=1&ver=2_220x220q75.jpg_.avif,https://ae-pic-a1.aliexpress-media.com/kf/Sc4404af1aafc4ba6877f992c44458a74w.jpg?has_lang=1&ver=2_220x220q75.jpg_.avif","['whether full opening', 'No', 'High-concerned chemical', 'None', 'Applicable Season', 'Autumn And Winter', 'Craft of Weaving', 'Knit', 'Applicable Scene', 'CASUAL', 'Hooded', 'No']",https://www.aliexpress.us/item/3256809915759749.html?algo_pvid=4f71b484-7ee3-4461-bba1-c505468a957c&algo_exp_id=4f71b484-7ee3-4461-bba1-c505468a957c-39&pdp_ext_f=%7B%22order%22%3A%221188%22%2C%22eval%22%3A%221%22%2C%22fromPage%22%3A%22search%22%7D&pdp_npi=6%40dis%21USD%2124.31%2111.81%21%21%21166.36%2180.84%21%4021030a6217754285218365489ea4af%2112000051151586018%21sea%21US%210%21ABX%211%210%21n_tag%3A-29910%3Bd%3Ab1e5c83a%3Bm03_new_user%3A-29895%3BpisId%3A5000000197827853&curPageLogUid=RCOWIctPTPYY&utparam-url=scene%3Asearch%7Cquery_from%3A%7Cx_object_id%3A1005010102074501%7C_p_origin_prod%3A
AIOPESON Men's Patchwork Pullover Sweater Cotton Casual Zipper Mock Neck Sweater for Men New Winter Fashion Warm Sweater for Men,$25.82,"https://ae-pic-a1.aliexpress-media.com/kf/Sd256ca90f81b43f98137a9ce554420d7P.jpg_220x220q75.jpg_.avif,https://ae-pic-a1.aliexpress-media.com/kf/Sd256ca90f81b43f98137a9ce554420d7P.jpg_220x220q75.jpg_.avif,https://ae-pic-a1.aliexpress-media.com/kf/Sa42800a2a25a4b139590d04778a0e36dW.png?has_lang=1&ver=2_220x220.png_.avif,https://ae-pic-a1.aliexpress-media.com/kf/S65ea17b58dd541c58d6563a92ebd1640r.jpg_220x220q75.jpg_.avif,https://ae-pic-a1.aliexpress-media.com/kf/Sc9566e523e484e91b46017d6adbbe517W.jpg?has_lang=1&ver=2_220x220q75.jpg_.avif","['whether full opening', 'No', 'High-concerned chemical', 'None', 'Applicable Season', 'Autumn And Winter', 'Applicable Scene', 'CASUAL', 'Hooded', 'No', 'Model Number', 'AX-Y245']",https://www.aliexpress.us/item/3256807636220805.html?algo_pvid=4f71b484-7ee3-4461-bba1-c505468a957c&algo_exp_id=4f71b484-7ee3-4461-bba1-c505468a957c-41&pdp_ext_f=%7B%22order%22%3A%221179%22%2C%22eval%22%3A%221%22%2C%22orig_sl_item_id%22%3A%221005007822535557%22%2C%22orig_item_id%22%3A%221005005029222490%22%2C%22fromPage%22%3A%22search%22%7D&pdp_npi=6%40dis%21USD%2157.38%2125.82%21%21%21392.76%21176.74%21%4021030a6217754285218365489ea4af%2112000042332244027%21sea%21US%210%21ABX%211%210%21n_tag%3A-29910%3Bd%3Ab1e5c83a%3Bm03_new_user%3A-29895&curPageLogUid=nV1SqoBJ6WqB&utparam-url=scene%3Asearch%7Cquery_from%3A%7Cx_object_id%3A1005007822535557%7C_p_origin_prod%3A1005005029222490
2026 New Men's Thick Warm Sweater Winter Knitted Turtleneck Pullovers Male High Neck Solid Slim Fit Soft Sweaters for Men Tops,$14.01,"https://ae-pic-a1.aliexpress-media.com/kf/Sced035ad07764d4590a6d949e9629a31S.jpg_220x220q75.jpg_.avif,https://ae-pic-a1.aliexpress-media.com/kf/Sced035ad07764d4590a6d949e9629a31S.jpg_220x220q75.jpg_.avif,https://ae-pic-a1.aliexpress-media.com/kf/S6d48c2faf54742b7be3bddd52c8fbbffE.jpg_220x220q75.jpg_.avif,https://ae-pic-a1.aliexpress-media.com/kf/Sa945e708c961439681106bd201de3eeb6.jpg_220x220q75.jpg_.avif,https://ae-pic-a1.aliexpress-media.com/kf/Se7418cd63d1541798b2f5da1d00c1c83y.jpg_220x220q75.jpg_.avif","['whether full opening', 'No', 'High-concerned chemical', 'None', 'Applicable Season', 'Autumn And Winter', 'Craft of Weaving', 'Knit', 'Applicable Scene', 'Daily', 'Hooded', 'No']",https://www.aliexpress.us/item/3256807772644880.html?algo_pvid=274b7b74-ddeb-40e5-9938-9f3320d2505e&algo_exp_id=274b7b74-ddeb-40e5-9938-9f3320d2505e-57&pdp_ext_f=%7B%22order%22%3A%22346%22%2C%22spu_best_type%22%3A%22price%22%2C%22eval%22%3A%221%22%2C%22fromPage%22%3A%22search%22%7D&pdp_npi=6%40dis%21USD%2118.68%2114.01%21%21%21127.87%2195.90%21%402101f11417754304375082415e0ce4%2112000043031831680%21sea%21US%210%21ABX%211%210%21n_tag%3A-29910%3Bd%3Ab1e5c83a%3Bm03_new_user%3A-29895&curPageLogUid=QU7jYT9V4dNu&utparam-url=scene%3Asearch%7Cquery_from%3A%7Cx_object_id%3A1005007958959632%7C_p_origin_prod%3A
New Men's Fashion Casual Wool Sweater Warm Autumn And Winter Semi-High Neck Knitted Bottoming Shirt,$33.18,"https://ae-pic-a1.aliexpress-media.com/kf/Sca846b2c288a4610ac9af0cc9ff15323S.jpg_220x220q75.jpg_.avif,https://ae-pic-a1.aliexpress-media.com/kf/Sca846b2c288a4610ac9af0cc9ff15323S.jpg_220x220q75.jpg_.avif,https://ae-pic-a1.aliexpress-media.com/kf/Sc822ba6c15244254b96a7c7677abaa7dJ.jpg_220x220q75.jpg_.avif,https://ae-pic-a1.aliexpress-media.com/kf/S27d669299a0d4cbf95199babce56c142m.jpg_220x220q75.jpg_.avif,https://ae-pic-a1.aliexpress-media.com/kf/Se18e514456194a8995801aa9beb43cfdK.jpg_220x220q75.jpg_.avif","['whether full opening', 'No', 'High-concerned chemical', 'None', 'Applicable Season', 'Autumn And Winter', 'Applicable Scene', 'CASUAL', 'Hooded', 'No', 'Model Number', '2202']",https://www.aliexpress.us/item/3256805739979488.html?algo_pvid=274b7b74-ddeb-40e5-9938-9f3320d2505e&algo_exp_id=274b7b74-ddeb-40e5-9938-9f3320d2505e-58&pdp_ext_f=%7B%22order%22%3A%22344%22%2C%22eval%22%3A%221%22%2C%22fromPage%22%3A%22search%22%7D&pdp_npi=6%40dis%21USD%2169.13%2133.18%21%21%21473.19%21227.13%21%402101f11417754304375082415e0ce4%2112000034879871922%21sea%21US%210%21ABX%211%210%21n_tag%3A-29910%3Bd%3Ab1e5c83a%3Bm03_new_user%3A-29895&curPageLogUid=oJsAjkg7BsrM&utparam-url=scene%3Asearch%7Cquery_from%3A%7Cx_object_id%3A1005005926294240%7C_p_origin_prod%3A
LHZSYY Men's 100% Mink Cashmere Large Size Sweaters Autumn Winter Solid V-neck Casual Knit Pullovers Men Long Sleeve Warm Jumper,$22.74,"https://ae-pic-a1.aliexpress-media.com/kf/S17261881f6b3482c8914d5a1287736c31.jpg?has_lang=1&ver=2_220x220q75.jpg_.avif,https://ae-pic-a1.aliexpress-media.com/kf/S17261881f6b3482c8914d5a1287736c31.jpg?has_lang=1&ver=2_220x220q75.jpg_.avif,https://ae-pic-a1.aliexpress-media.com/kf/Sbe2717a955d8407da0b8106ea3459b690.jpg?has_lang=1&ver=2_220x220q75.jpg_.avif,https://ae-pic-a1.aliexpress-media.com/kf/Sd9d6c839debd41039eb463a533dbb0e2Y.jpg?has_lang=1&ver=2_220x220q75.jpg_.avif,https://ae-pic-a1.aliexpress-media.com/kf/S81a10656482645e0a6e4ad3ff3b3ea15a.jpg?has_lang=1&ver=2_220x220q75.jpg_.avif","['whether full opening', 'No', 'High-concerned chemical', 'None', 'Applicable Season', 'Autumn And Winter', 'Craft of Weaving', 'Knit', 'Applicable Scene', 'Business', 'Hooded', 'No']",https://www.aliexpress.us/item/3256804174351170.html?algo_pvid=274b7b74-ddeb-40e5-9938-9f3320d2505e&algo_exp_id=274b7b74-ddeb-40e5-9938-9f3320d2505e-59&pdp_ext_f=%7B%22order%22%3A%22341%22%2C%22spu_best_type%22%3A%22price%22%2C%22eval%22%3A%221%22%2C%22fromPage%22%3A%22search%22%7D&pdp_npi=6%40dis%21USD%2133.34%2132.14%21%21%2133.34%2132.14%21%402101f11417754304375082415e0ce4%2112000028903337765%21sea%21US%210%21ABX%211%210%21n_tag%3A-29910%3Bd%3Ab1e5c83a%3Bm03_new_user%3A-29895%3BpisId%3A5000000197827851&curPageLogUid=ArsoDU3clFjS&utparam-url=scene%3Asearch%7Cquery_from%3A%7Cx_object_id%3A1005004360665922%7C_p_origin_prod%3A
Autumn Winter Men's Warm Sweater Long Sleeve Turtleneck Sweater Retro Knitted Sweater Pullover Sweater,$0.99,"https://ae-pic-a1.aliexpress-media.com/kf/Sb2f02448f21345539808019e2ce35397N.jpg_220x220q75.jpg_.avif,https://ae-pic-a1.aliexpress-media.com/kf/S3eaaf2d365104aafb4d58b5b030fdbfe0.jpg_220x220q75.jpg_.avif,https://ae-pic-a1.aliexpress-media.com/kf/S4bd296f851df45b48c1001308b1ffb7fb.jpg_220x220q75.jpg_.avif,https://ae-pic-a1.aliexpress-media.com/kf/S1004bed238ed4588895bd67986ecf5bbV.jpg_220x220q75.jpg_.avif,https://ae-pic-a1.aliexpress-media.com/kf/S6b6edd4a1d0047f2b6e15795d08fd5c3G.jpg_220x220q75.jpg_.avif","['whether full opening', 'No', 'High-concerned chemical', 'None', 'Applicable Season', 'Autumn And Winter', 'Applicable Scene', 'Daily', 'Thickness', 'Standard', 'Material', 'Other,POLYESTER,Acrylic']",https://www.aliexpress.us/item/3256805809735040.html?algo_pvid=4d4fd6b1-6792-43a6-87de-031c6e2688c9&algo_exp_id=4d4fd6b1-6792-43a6-87de-031c6e2688c9-0&pdp_ext_f=%7B%22order%22%3A%22340%22%2C%22eval%22%3A%221%22%2C%22fromPage%22%3A%22search%22%7D&pdp_npi=6%40dis%21USD%2120.09%2110.35%21%21%21137.51%2170.83%21%402101c44f17754317009055316e0d6d%2112000035227992995%21sea%21US%210%21ABX%211%210%21n_tag%3A-29910%3Bd%3Ab1e5c83a%3Bm03_new_user%3A-29895%3BpisId%3A5000000197827853&curPageLogUid=qJJtPcxlXl31&utparam-url=scene%3Asearch%7Cquery_from%3A%7Cx_object_id%3A1005005996049792%7C_p_origin_prod%3A
New Trendy Street Style Ripped Abstract Starry Sky Pattern Pullover Ripped Sweater Casual Crew Neck Knitted Men's Pullover,$10.47,"https://ae-pic-a1.aliexpress-media.com/kf/Sf08cd616addd4a4fb8cb81f85041fb3c8.jpg_220x220q75.jpg_.avif,https://ae-pic-a1.aliexpress-media.com/kf/S814ab14628eb4a2cb5d36edc958c5ee0Z.jpg_220x220q75.jpg_.avif,https://ae-pic-a1.aliexpress-media.com/kf/S5fd5891119ee431686174d55a72cbe32g.jpg_220x220q75.jpg_.avif,https://ae-pic-a1.aliexpress-media.com/kf/S0bb4983c92f4402ab62420a768d696d33.jpg_220x220q75.jpg_.avif,https://ae-pic-a1.aliexpress-media.com/kf/Sf2f6dfd61f7a460a9b1030daa700ea6e9.jpg_220x220q75.jpg_.avif","['whether full opening', 'No', 'High-concerned chemical', 'None', 'Applicable Season', 'Four Seasons', 'Craft of Weaving', 'Knit', 'Applicable Scene', 'Shopping', 'Hooded', 'No']",https://www.aliexpress.us/item/3256808453346435.html?algo_pvid=4d4fd6b1-6792-43a6-87de-031c6e2688c9&algo_exp_id=4d4fd6b1-6792-43a6-87de-031c6e2688c9-1&pdp_ext_f=%7B%22order%22%3A%22337%22%2C%22eval%22%3A%221%22%2C%22fromPage%22%3A%22search%22%7D&pdp_npi=6%40dis%21USD%2142.50%2119.87%21%21%21290.90%21136.04%21%402101c44f17754317009055316e0d6d%2112000052287182402%21sea%21US%210%21ABX%211%210%21n_tag%3A-29910%3Bd%3Ab1e5c83a%3Bm03_new_user%3A-29895%3BpisId%3A5000000197827853&curPageLogUid=6uUCL4sVJxVJ&utparam-url=scene%3Asearch%7Cquery_from%3A%7Cx_object_id%3A1005008639661187%7C_p_origin_prod%3A
New Autumn Pullover Men's Sweater O-neck Patchwork Long Sleeve Warm Slim Sweaters Men Casual Fashion Sweater Men Clothing,$19.07,"https://ae-pic-a1.aliexpress-media.com/kf/S543e5b97d23f4716bbb92e4e1f38b787Z.jpg?has_lang=1&ver=2_220x220q75.jpg_.avif,https://ae-pic-a1.aliexpress-media.com/kf/Sb042714ff91848daaf1792244d24ae07L.jpg?has_lang=1&ver=2_220x220q75.jpg_.avif,https://ae-pic-a1.aliexpress-media.com/kf/S58a464065ad0458e88c643071edec20fY.jpg?has_lang=1&ver=2_220x220q75.jpg_.avif,https://ae-pic-a1.aliexpress-media.com/kf/S0ff84119bd3e4bbaabb4a05560c8d352o.jpg?has_lang=1&ver=2_220x220q75.jpg_.avif,https://ae-pic-a1.aliexpress-media.com/kf/S17915dbb2de9429eb134af115a277a0df.jpg_220x220q75.jpg_.avif","['whether full opening', 'No', 'High-concerned chemical', 'None', 'Applicable Season', 'Autumn And Winter', 'Craft of Weaving', 'Knit', 'Applicable Scene', 'CASUAL', 'Hooded', 'No']",https://www.aliexpress.us/item/3256807986425287.html?algo_pvid=4d4fd6b1-6792-43a6-87de-031c6e2688c9&algo_exp_id=4d4fd6b1-6792-43a6-87de-031c6e2688c9-2&pdp_ext_f=%7B%22order%22%3A%22335%22%2C%22eval%22%3A%221%22%2C%22fromPage%22%3A%22search%22%7D&pdp_npi=6%40dis%21USD%2129.33%2119.07%21%21%21200.72%21130.47%21%402101c44f17754317009055316e0d6d%2112000044096577643%21sea%21US%210%21ABX%211%210%21n_tag%3A-29910%3Bd%3Ab1e5c83a%3Bm03_new_user%3A-29895&curPageLogUid=HkE6fxaNh5AJ&utparam-url=scene%3Asearch%7Cquery_from%3A%7Cx_object_id%3A1005008172740039%7C_p_origin_prod%3A
Korean Fashion Autumn Winter Sweaters Men Pullovers Fleece Turtleneck Knitted Sweatshirt Warm Bottoming Shirts,$2.17,"https://ae-pic-a1.aliexpress-media.com/kf/S0f38cf2ca1a44f6f8752c7065d930d53q.jpg_220x220q75.jpg_.avif,https://ae-pic-a1.aliexpress-media.com/kf/S288d40dfa2a44787955029f7da31a98aT.jpg_220x220q75.jpg_.avif,https://ae-pic-a1.aliexpress-media.com/kf/S162b1b5d588f4760bb1a00e7062c3212r.jpg?has_lang=1&ver=2_220x220q75.jpg_.avif,https://ae-pic-a1.aliexpress-media.com/kf/Seb01ef5e05014cf1b8e00027700a3f29G.jpg_220x220q75.jpg_.avif,https://ae-pic-a1.aliexpress-media.com/kf/S22a2cae8b150474a87f27ebfd26dc1685.jpg_220x220q75.jpg_.avif","['whether full opening', 'No', 'High-concerned chemical', 'None', 'Applicable Season', 'Autumn And Winter', 'Craft of Weaving', 'Knit', 'Applicable Scene', 'Shopping', 'Hooded', 'No']",https://www.aliexpress.us/item/3256807149448387.html?algo_pvid=4d4fd6b1-6792-43a6-87de-031c6e2688c9&algo_exp_id=4d4fd6b1-6792-43a6-87de-031c6e2688c9-3&pdp_ext_f=%7B%22order%22%3A%22334%22%2C%22eval%22%3A%221%22%2C%22fromPage%22%3A%22search%22%7D&pdp_npi=6%40dis%21USD%2123.81%2111.57%21%21%21162.98%2179.18%21%402101c44f17754317009055316e0d6d%2112000040313058649%21sea%21US%210%21ABX%211%210%21n_tag%3A-29910%3Bd%3Ab1e5c83a%3Bm03_new_user%3A-29895%3BpisId%3A5000000197827853&curPageLogUid=AeI8AvRn2d2c&utparam-url=scene%3Asearch%7Cquery_from%3A%7Cx_object_id%3A1005007335763139%7C_p_origin_prod%3A
Men's Stand Collar Pullover Zipper Twist Knit Pullover Men's Thicker Sweatshirts Autumn Solid Color Turtleneck Sweaters,$1.47,"https://ae-pic-a1.aliexpress-media.com/kf/S16a45017515b4b8187d48919320e95a1W.jpg_220x220q75.jpg_.avif,https://ae-pic-a1.aliexpress-media.com/kf/S16a45017515b4b8187d48919320e95a1W.jpg_220x220q75.jpg_.avif,https://ae-pic-a1.aliexpress-media.com/kf/Sae714e701b6740b79591d0cc04117341U.jpg_220x220q75.jpg_.avif,https://ae-pic-a1.aliexpress-media.com/kf/Sc87e9edb237e4a0a8bddeda568e68058P.jpg_220x220q75.jpg_.avif,https://ae-pic-a1.aliexpress-media.com/kf/S14bc931269a6486cafae09edff963625n.jpg_220x220q75.jpg_.avif","['whether full opening', 'No', 'High-concerned chemical', 'None', 'Applicable Season', 'Spring And Autumn', 'Craft of Weaving', 'Knit', 'Applicable Scene', 'Daily', 'Hooded', 'No']",https://www.aliexpress.us/item/3256805754056494.html?algo_pvid=4d4fd6b1-6792-43a6-87de-031c6e2688c9&algo_exp_id=4d4fd6b1-6792-43a6-87de-031c6e2688c9-4&pdp_ext_f=%7B%22order%22%3A%22331%22%2C%22eval%22%3A%221%22%2C%22fromPage%22%3A%22search%22%7D&pdp_npi=6%40dis%21USD%2121.09%2110.87%21%21%21144.33%2174.37%21%402101c44f17754317009055316e0d6d%2112000034945017741%21sea%21US%210%21ABX%211%210%21n_tag%3A-29910%3Bd%3Ab1e5c83a%3Bm03_new_user%3A-29895%3BpisId%3A5000000197827853&curPageLogUid=2lxhPh2fsl2B&utparam-url=scene%3Asearch%7Cquery_from%3A%7Cx_object_id%3A1005005940371246%7C_p_origin_prod%3A
2025 Men's Polar Fleece Outdoor Warm Breathable Tactical Zipper Standing Neck Long Sleeves Casual Solid Color Sweatshirt S-XXXL,$3.15,"https://ae-pic-a1.aliexpress-media.com/kf/S24754dfc4e6c4fb0964deb4819e4616aX.jpg?has_lang=1&ver=1_220x220q75.jpg_.avif,https://ae-pic-a1.aliexpress-media.com/kf/S339004d677304e318b4fcfdde73a55a6o.jpg_220x220q75.jpg_.avif,https://ae-pic-a1.aliexpress-media.com/kf/S1a3a6c8e4457469bb0d8768d80e28a653.jpg_220x220q75.jpg_.avif,https://ae-pic-a1.aliexpress-media.com/kf/S15fb82e4219c4bf098e97af25cd1ba61e.jpg_220x220q75.jpg_.avif,https://ae-pic-a1.aliexpress-media.com/kf/S7c2de1ca68a54bd888b6b96f17e6f593A.jpg_220x220q75.jpg_.avif","['whether full opening', 'No', 'High-concerned chemical', 'None', 'Applicable Season', 'Spring And Autumn', 'Craft of Weaving', 'Knit', 'Applicable Scene', 'Daily', 'Hooded', 'No']",https://www.aliexpress.us/item/3256809607610535.html?algo_pvid=4d4fd6b1-6792-43a6-87de-031c6e2688c9&algo_exp_id=4d4fd6b1-6792-43a6-87de-031c6e2688c9-5&pdp_ext_f=%7B%22order%22%3A%22327%22%2C%22eval%22%3A%221%22%2C%22fromPage%22%3A%22search%22%7D&pdp_npi=6%40dis%21USD%2125.30%2112.55%21%21%21173.14%2185.89%21%402101c44f17754317009055316e0d6d%2112000050181839680%21sea%21US%210%21ABX%211%210%21n_tag%3A-29910%3Bd%3Ab1e5c83a%3Bm03_new_user%3A-29895%3BpisId%3A5000000197827853&curPageLogUid=cSpwUGOCkkbk&utparam-url=scene%3Asearch%7Cquery_from%3A%7Cx_object_id%3A1005009793925287%7C_p_origin_prod%3A
RL embroidered sportswear cotton men's spring and autumn thin style long sleeved men's round neck pullover top men's clothing,$15.53,"https://ae-pic-a1.aliexpress-media.com/kf/S8a41a60c21d24cb894e8ef691bed483ei.jpg_220x220q75.jpg_.avif,https://ae-pic-a1.aliexpress-media.com/kf/S40686fb1e365408d8a0723e4cf945ce8T.jpg_220x220q75.jpg_.avif,https://ae-pic-a1.aliexpress-media.com/kf/Sb6b7949241144a208acb23ad9f643fc7X.jpg_220x220q75.jpg_.avif,https://ae-pic-a1.aliexpress-media.com/kf/Sf6092051df5040e7b13e95fcf07dcb14j.jpg_220x220q75.jpg_.avif,https://ae-pic-a1.aliexpress-media.com/kf/Sf7ab2cd601784d5f97f95d462ab08fa88.jpg_220x220q75.jpg_.avif","['whether full opening', 'No', 'High-concerned chemical', 'None', 'Applicable Season', 'Spring And Autumn', 'Applicable Scene', 'Traveling', 'Hooded', 'No', 'Decoration', 'Embroidery']",https://www.aliexpress.us/item/3256809400478982.html?algo_pvid=4d4fd6b1-6792-43a6-87de-031c6e2688c9&algo_exp_id=4d4fd6b1-6792-43a6-87de-031c6e2688c9-6&pdp_ext_f=%7B%22order%22%3A%22326%22%2C%22eval%22%3A%221%22%2C%22fromPage%22%3A%22search%22%7D&pdp_npi=6%40dis%21USD%2122.18%2115.53%21%21%21151.82%21106.27%21%402101c44f17754317009055316e0d6d%2112000049544423842%21sea%21US%210%21ABX%211%210%21n_tag%3A-29910%3Bd%3Ab1e5c83a%3Bm03_new_user%3A-29895&curPageLogUid=M65qCk9hzvtw&utparam-url=scene%3Asearch%7Cquery_from%3A%7Cx_object_id%3A1005009586793734%7C_p_origin_prod%3A
TACVASEN 1/4 Zipper Collar Spring Fleece Sweaters Mens Warm Sweatshirts Breathable Casual Sports Hiking Turtleneck Pullover Tops,$24.93,"https://ae-pic-a1.aliexpress-media.com/kf/Se0593460e1cd41fdbd22c11675f0608fu.jpg_220x220q75.jpg_.avif,https://ae-pic-a1.aliexpress-media.com/kf/Se0593460e1cd41fdbd22c11675f0608fu.jpg_220x220q75.jpg_.avif,https://ae-pic-a1.aliexpress-media.com/kf/Seb2dcac9374d46258274a038f2f3c8bfh.png_220x220.png_.avif,https://ae-pic-a1.aliexpress-media.com/kf/S8e957c07aa5d442c8d523f49a6caa2618.png_220x220.png_.avif,https://ae-pic-a1.aliexpress-media.com/kf/S9f7d178c581e40ffbf70ae1e7bba19ccm.png_220x220.png_.avif","['whether full opening', 'Yes', 'High-concerned chemical', 'None', 'Applicable Season', 'Spring And Autumn', 'Applicable Scene', 'CASUAL', 'Hooded', 'No', 'Model Number', 'TJ618']",https://www.aliexpress.us/item/3256805038948733.html?algo_pvid=4d4fd6b1-6792-43a6-87de-031c6e2688c9&algo_exp_id=4d4fd6b1-6792-43a6-87de-031c6e2688c9-7&pdp_ext_f=%7B%22order%22%3A%22326%22%2C%22eval%22%3A%221%22%2C%22fromPage%22%3A%22search%22%7D&pdp_npi=6%40dis%21USD%2148.88%2124.93%21%21%21334.58%21170.64%21%402101c44f17754317009055316e0d6d%2112000032263637394%21sea%21US%210%21ABX%211%210%21n_tag%3A-29910%3Bd%3Ab1e5c83a%3Bm03_new_user%3A-29895&curPageLogUid=AuvwS3V2g2gJ&utparam-url=scene%3Asearch%7Cquery_from%3A%7Cx_object_id%3A1005005225263485%7C_p_origin_prod%3A
Autumn Winter Men's Knit Pullovers Solid Color V-Neck Slim Fit Long Sleeve Knitted Sweater Men Fashion Casual Pullover Sweaters,$8.98,"https://ae-pic-a1.aliexpress-media.com/kf/Sbdbbb75432034661882407c1b88a1e07Z.jpg?has_lang=1&ver=2_220x220q75.jpg_.avif,https://ae-pic-a1.aliexpress-media.com/kf/S2198f14de42349968ebfc24c8e81fd702.jpg?has_lang=1&ver=1_220x220q75.jpg_.avif,https://ae-pic-a1.aliexpress-media.com/kf/S637c6035f8a94d5fbe92fbcfd8747eb8d.jpg_220x220q75.jpg_.avif,https://ae-pic-a1.aliexpress-media.com/kf/Sa83d01b1e2124b88bb8e67ef1db34078k.jpg?has_lang=1&ver=2_220x220q75.jpg_.avif,https://ae-pic-a1.aliexpress-media.com/kf/S88b076e9d14b43f2b71e240c72f1c261W.jpg_220x220q75.jpg_.avif","['whether full opening', 'No', 'High-concerned chemical', 'None', 'Applicable Season', 'Autumn And Winter', 'Craft of Weaving', 'Knit', 'Applicable Scene', 'Daily', 'Hooded', 'No']",https://www.aliexpress.us/item/3256809016071070.html?algo_pvid=4d4fd6b1-6792-43a6-87de-031c6e2688c9&algo_exp_id=4d4fd6b1-6792-43a6-87de-031c6e2688c9-8&pdp_ext_f=%7B%22order%22%3A%22325%22%2C%22eval%22%3A%221%22%2C%22fromPage%22%3A%22search%22%7D&pdp_npi=6%40dis%21USD%2118.33%218.98%21%21%2118.33%218.98%21%402101c44f17754317009055316e0d6d%2112000048285669069%21sea%21US%210%21ABX%211%210%21n_tag%3A-29910%3Bd%3Ab1e5c83a%3Bm03_new_user%3A-29895&curPageLogUid=03Gp2rcFIeWA&utparam-url=scene%3Asearch%7Cquery_from%3A%7Cx_object_id%3A1005009202385822%7C_p_origin_prod%3A
High-end Designer 2024 New Autumn Winter Men's Embroidery Sweater Thickening Fashion Round Neck Plush Velvet Knitwear Pullover,$17.07,"https://ae-pic-a1.aliexpress-media.com/kf/S59641a9a779543a9a59922c651af662cn.jpg_220x220q75.jpg_.avif,https://ae-pic-a1.aliexpress-media.com/kf/S59641a9a779543a9a59922c651af662cn.jpg_220x220q75.jpg_.avif,https://ae-pic-a1.aliexpress-media.com/kf/Sf6f18d03fa3b4a6593baad560668d119d.jpg_220x220q75.jpg_.avif,https://ae-pic-a1.aliexpress-media.com/kf/S00290834a81b432aa267fc55af4d61d3X.jpg_220x220q75.jpg_.avif,https://ae-pic-a1.aliexpress-media.com/kf/S12d02ef4e74746e4aeecf5a59733be7aS.jpg_220x220q75.jpg_.avif","['whether full opening', 'No', 'High-concerned chemical', 'None', 'Applicable Season', 'Autumn And Winter', 'Craft of Weaving', 'Knit', 'Applicable Scene', 'Daily', 'Hooded', 'No']",https://www.aliexpress.us/item/3256807968649831.html?algo_pvid=4d4fd6b1-6792-43a6-87de-031c6e2688c9&algo_exp_id=4d4fd6b1-6792-43a6-87de-031c6e2688c9-9&pdp_ext_f=%7B%22order%22%3A%22320%22%2C%22spu_best_type%22%3A%22price%22%2C%22eval%22%3A%221%22%2C%22fromPage%22%3A%22search%22%7D&pdp_npi=6%40dis%21USD%2134.14%2117.07%21%21%2134.14%2117.07%21%402101c44f17754317009055316e0d6d%2112000044020344062%21sea%21US%210%21ABX%211%210%21n_tag%3A-29910%3Bd%3Ab1e5c83a%3Bm03_new_user%3A-29895&curPageLogUid=47yr2PbPK6M4&utparam-url=scene%3Asearch%7Cquery_from%3A%7Cx_object_id%3A1005008154964583%7C_p_origin_prod%3A
Men's Fleece Thicker Sweater Half Zipper Turtleneck Warm Pullover High Quality Male Slim Knitted Wool Sweaters For Spring,$1.53,"https://ae-pic-a1.aliexpress-media.com/kf/S6c552177ee304344888610928ab2693aZ.jpg_220x220q75.jpg_.avif,https://ae-pic-a1.aliexpress-media.com/kf/S0577231f9e2e4fc69758fe6fac52f228Q.jpg?has_lang=1&ver=2_220x220q75.jpg_.avif,https://ae-pic-a1.aliexpress-media.com/kf/S74d6526689ff4f23a9695e7df89cd29cb.jpg?has_lang=1&ver=1_220x220q75.jpg_.avif,https://ae-pic-a1.aliexpress-media.com/kf/S7e11e20295ed499cbc02b29b53bf5826p.jpg_220x220q75.jpg_.avif,https://ae-pic-a1.aliexpress-media.com/kf/S958f7d6d1f20446d99660f5c42ce2a56F.jpg_220x220q75.jpg_.avif","['whether full opening', 'No', 'High-concerned chemical', 'None', 'Applicable Season', 'Autumn And Winter', 'Applicable Scene', 'CASUAL', 'Decoration', 'Pockets', 'Sleeve Style', 'regular']",https://www.aliexpress.us/item/3256806282623899.html?algo_pvid=4d4fd6b1-6792-43a6-87de-031c6e2688c9&algo_exp_id=4d4fd6b1-6792-43a6-87de-031c6e2688c9-10&pdp_ext_f=%7B%22order%22%3A%22319%22%2C%22eval%22%3A%221%22%2C%22fromPage%22%3A%22search%22%7D&pdp_npi=6%40dis%21USD%2127.57%2110.93%21%21%21188.69%2174.80%21%402101c44f17754317009055316e0d6d%2112000037323866851%21sea%21US%210%21ABX%211%210%21n_tag%3A-29910%3Bd%3Ab1e5c83a%3Bm03_new_user%3A-29895%3BpisId%3A5000000197827853&curPageLogUid=irEu2ysKaGDU&utparam-url=scene%3Asearch%7Cquery_from%3A%7Cx_object_id%3A1005006468938651%7C_p_origin_prod%3A
Autumn Mens Knitted Turtleneck Sweater New Solid Color Warm Streetwear Winter Vintage Lightweight Sweater Black Gray Tops,$1.49,"https://ae-pic-a1.aliexpress-media.com/kf/S87efae00d4c6486982817d85d5c60047d.jpg_220x220q75.jpg_.avif,https://ae-pic-a1.aliexpress-media.com/kf/Sd7cf4591e3b74ee78cc5a3dac3bc8de4l.jpg_220x220q75.jpg_.avif,https://ae-pic-a1.aliexpress-media.com/kf/Sb632fd58624b42e6936ce4f0786b7c635.jpg_220x220q75.jpg_.avif,https://ae-pic-a1.aliexpress-media.com/kf/S9f89504c4e374d908e7e426a5f9f6ee2F.jpg_220x220q75.jpg_.avif,https://ae-pic-a1.aliexpress-media.com/kf/S4ae6f3f16dc34e868bea0c9483de35ef1.jpg_220x220q75.jpg_.avif","['whether full opening', 'No', 'High-concerned chemical', 'None', 'Applicable Season', 'Autumn And Winter', 'Applicable Scene', 'CASUAL', 'Pattern Type', 'Solid', 'Sleeve Length(cm)', 'Full']",https://www.aliexpress.us/item/3256807389426354.html?algo_pvid=4d4fd6b1-6792-43a6-87de-031c6e2688c9&algo_exp_id=4d4fd6b1-6792-43a6-87de-031c6e2688c9-11&pdp_ext_f=%7B%22order%22%3A%22316%22%2C%22eval%22%3A%221%22%2C%22fromPage%22%3A%22search%22%7D&pdp_npi=6%40dis%21USD%2123.39%2110.89%21%21%21160.08%2174.56%21%402101c44f17754317009055316e0d6d%2112000041357636446%21sea%21US%210%21ABX%211%210%21n_tag%3A-29910%3Bd%3Ab1e5c83a%3Bm03_new_user%3A-29895%3BpisId%3A5000000197827853&curPageLogUid=RO9aNzJtFfHf&utparam-url=scene%3Asearch%7Cquery_from%3A%7Cx_object_id%3A1005007575741106%7C_p_origin_prod%3A
New Men's 100% Merino Wool Mock Neck Pullover Soft Warm Jumpers Quality Cashmere Sweater Casual Smart Knitwear Basic Tops Clothi,$32.75,"https://ae-pic-a1.aliexpress-media.com/kf/S6110ff256d184a69b5864c3bbce3524cX.jpg_220x220q75.jpg_.avif,https://ae-pic-a1.aliexpress-media.com/kf/Sf029229e09954836b877dd97614bd464Q.jpg?has_lang=1&ver=2_220x220q75.jpg_.avif,https://ae-pic-a1.aliexpress-media.com/kf/S56c0015fcec8486ab1d517fca36ab95c6.jpg?has_lang=1&ver=2_220x220q75.jpg_.avif,https://ae-pic-a1.aliexpress-media.com/kf/Sb0a8c59adb1b4bd38f327a8d4fa82ab1j.jpg?has_lang=1&ver=2_220x220q75.jpg_.avif,https://ae-pic-a1.aliexpress-media.com/kf/S5d344c5023af4af3857e4299823ce771h.jpg?has_lang=1&ver=2_220x220q75.jpg_.avif","['whether full opening', 'No', 'High-concerned chemical', 'None', 'Applicable Season', 'Autumn And Winter', 'Craft of Weaving', 'Knit', 'Applicable Scene', 'Daily', 'Sleeve Style', 'regular']",https://www.aliexpress.us/item/3256807378332789.html?algo_pvid=4d4fd6b1-6792-43a6-87de-031c6e2688c9&algo_exp_id=4d4fd6b1-6792-43a6-87de-031c6e2688c9-12&pdp_ext_f=%7B%22order%22%3A%22315%22%2C%22spu_best_type%22%3A%22price%22%2C%22eval%22%3A%221%22%2C%22fromPage%22%3A%22search%22%7D&pdp_npi=6%40dis%21USD%2161.79%2132.75%21%21%21422.90%21224.14%21%402101c44f17754317009055316e0d6d%2112000041316842373%21sea%21US%210%21ABX%211%210%21n_tag%3A-29910%3Bd%3Ab1e5c83a%3Bm03_new_user%3A-29895&curPageLogUid=GgBEoeLGKAX4&utparam-url=scene%3Asearch%7Cquery_from%3A%7Cx_object_id%3A1005007564647541%7C_p_origin_prod%3A
Men's Autumn Long Sleeve Knit Pullover Solid Color Crewneck Warm Sweater Men Casual Loose Sweatshirt Street Sportswear,$0.99,"https://ae-pic-a1.aliexpress-media.com/kf/S9f95456e8c124837ad6334052499c8aan.jpg?has_lang=1&ver=2_220x220q75.jpg_.avif,https://ae-pic-a1.aliexpress-media.com/kf/S8258dd5243154c47a7697e4605d8e0dbk.jpg?has_lang=1&ver=1_220x220q75.jpg_.avif,https://ae-pic-a1.aliexpress-media.com/kf/S93ee89bb7c9143fd85d157b9833eb25eL.jpg_220x220q75.jpg_.avif,https://ae-pic-a1.aliexpress-media.com/kf/S2c48e658d84c4f1f8b3b97f5b05997e4D.jpg_220x220q75.jpg_.avif,https://ae-pic-a1.aliexpress-media.com/kf/S6f101cf667d345aeab3c908ebf1eebece.jpg_220x220q75.jpg_.avif","['whether full opening', 'No', 'High-concerned chemical', 'None', 'Applicable Season', 'Spring And Autumn', 'Craft of Weaving', 'Knit', 'Applicable Scene', 'Daily', 'Hooded', 'No']",https://www.aliexpress.us/item/3256809641704917.html?algo_pvid=4d4fd6b1-6792-43a6-87de-031c6e2688c9&algo_exp_id=4d4fd6b1-6792-43a6-87de-031c6e2688c9-13&pdp_ext_f=%7B%22order%22%3A%22312%22%2C%22spu_best_type%22%3A%22price%22%2C%22eval%22%3A%221%22%2C%22fromPage%22%3A%22search%22%7D&pdp_npi=6%40dis%21USD%2117.86%218.47%21%21%21122.26%2158.00%21%402101c44f17754317009055316e0d6d%2112000050294556742%21sea%21US%210%21ABX%211%210%21n_tag%3A-29910%3Bd%3Ab1e5c83a%3Bm03_new_user%3A-29895%3BpisId%3A5000000197827853&curPageLogUid=rWi6p2YXy1rH&utparam-url=scene%3Asearch%7Cquery_from%3A%7Cx_object_id%3A1005009828019669%7C_p_origin_prod%3A
Men's Merino Wool Sweater Polo Collar Pullover Autumn Winter New Cashmere Knitwear Casual Loose Men's Shirts Tops Warm Soft,$22.77,"https://ae-pic-a1.aliexpress-media.com/kf/S232fc3582b2a4ca2bbddb48f10c5006ew.jpg_220x220q75.jpg_.avif,https://ae-pic-a1.aliexpress-media.com/kf/S9546dbcf97d64648ad1a4fa2a935ef1a4.jpg_220x220q75.jpg_.avif,https://ae-pic-a1.aliexpress-media.com/kf/Sed44be1e971048cbbda848fd7ccc61b8X.jpg_220x220q75.jpg_.avif,https://ae-pic-a1.aliexpress-media.com/kf/S70e993f1b3c04fe8aa190e5d85ef137dk.jpg_220x220q75.jpg_.avif,https://ae-pic-a1.aliexpress-media.com/kf/S339206f3c6e14798985cd032b0d65c91u.jpg_220x220q75.jpg_.avif","['whether full opening', 'No', 'High-concerned chemical', 'None', 'Applicable Season', 'Autumn And Winter', 'Craft of Weaving', 'Knit', 'Applicable Scene', 'Business', 'Hooded', 'No']",https://www.aliexpress.us/item/3256807271479614.html?algo_pvid=4d4fd6b1-6792-43a6-87de-031c6e2688c9&algo_exp_id=4d4fd6b1-6792-43a6-87de-031c6e2688c9-14&pdp_ext_f=%7B%22order%22%3A%22310%22%2C%22eval%22%3A%221%22%2C%22fromPage%22%3A%22search%22%7D&pdp_npi=6%40dis%21USD%2145.54%2122.77%21%21%21311.71%21155.85%21%402101c44f17754317009055316e0d6d%2112000040837173044%21sea%21US%210%21ABX%211%210%21n_tag%3A-29910%3Bd%3Ab1e5c83a%3Bm03_new_user%3A-29895&curPageLogUid=CgtwYGRH70V8&utparam-url=scene%3Asearch%7Cquery_from%3A%7Cx_object_id%3A1005007457794366%7C_p_origin_prod%3A
Vintage Oversized Men Sweaters Streetwear Harajuku Hip Hop Sweaters knit Jumpers Casual Loose Retro Y2K Sweaters Knitwear,$25.59,"https://ae-pic-a1.aliexpress-media.com/kf/S4abe08c86d6b43fcaa52dda53eef242d5.jpg?has_lang=1&ver=2_220x220q75.jpg_.avif,https://ae-pic-a1.aliexpress-media.com/kf/S5cfaf39a069c448eb4473bc2ddfaf3b6z.jpg_220x220q75.jpg_.avif,https://ae-pic-a1.aliexpress-media.com/kf/Sf27243e1efea489da415915ab45c5a14I.jpg?has_lang=1&ver=1_220x220q75.jpg_.avif,https://ae-pic-a1.aliexpress-media.com/kf/Se44c6d06789d4fa8980ddb5079667951m.jpg_220x220q75.jpg_.avif,https://ae-pic-a1.aliexpress-media.com/kf/S6872214cdf8f4506878093a731fa9c33z.jpg_220x220q75.jpg_.avif","['whether full opening', 'No', 'High-concerned chemical', 'None', 'Applicable Season', 'Autumn And Winter', 'Craft of Weaving', 'Tatting', 'Applicable Scene', 'Daily', 'Hooded', 'No']",https://www.aliexpress.us/item/3256809638647112.html?algo_pvid=4d4fd6b1-6792-43a6-87de-031c6e2688c9&algo_exp_id=4d4fd6b1-6792-43a6-87de-031c6e2688c9-15&pdp_ext_f=%7B%22order%22%3A%22307%22%2C%22spu_best_type%22%3A%22price%22%2C%22eval%22%3A%221%22%2C%22fromPage%22%3A%22search%22%7D&pdp_npi=6%40dis%21USD%2145.70%2125.59%21%21%2145.70%2125.59%21%402101c44f17754317009055316e0d6d%2112000050287144949%21sea%21US%210%21ABX%211%210%21n_tag%3A-29910%3Bd%3Ab1e5c83a%3Bm03_new_user%3A-29895&curPageLogUid=nZWNlkk5uusr&utparam-url=scene%3Asearch%7Cquery_from%3A%7Cx_object_id%3A1005009824961864%7C_p_origin_prod%3A
New\Japanese Style Round Neck Couple Sweater Plain Weave Style Casual Versatile Trendyy Men's Long-Sleeved Sweater Top,$12.06,"https://ae-pic-a1.aliexpress-media.com/kf/Scff333d697a84d8188730e84f2d9cf10O.jpg_220x220q75.jpg_.avif,https://ae-pic-a1.aliexpress-media.com/kf/S5384b0b5636f4fbd9e87ecf65b737a6fz.jpg_220x220q75.jpg_.avif,https://ae-pic-a1.aliexpress-media.com/kf/Sd210028ef03f48c188163f1267395f95r.jpg_220x220q75.jpg_.avif,https://ae-pic-a1.aliexpress-media.com/kf/S68e85c4cf79a463ea87936c16d2ae4c8L.jpg_220x220q75.jpg_.avif,https://ae-pic-a1.aliexpress-media.com/kf/S8bbbc27639c64c8aa228110ab8b84dd2R.jpg_220x220q75.jpg_.avif","['whether full opening', 'No', 'High-concerned chemical', 'None', 'Applicable Season', 'Four Seasons', 'Applicable Scene', 'Shopping', 'Hooded', 'No', 'Sleeve Style', 'regular']",https://www.aliexpress.us/item/3256810300947009.html?algo_pvid=4d4fd6b1-6792-43a6-87de-031c6e2688c9&algo_exp_id=4d4fd6b1-6792-43a6-87de-031c6e2688c9-16&pdp_ext_f=%7B%22order%22%3A%22304%22%2C%22eval%22%3A%221%22%2C%22orig_sl_item_id%22%3A%221005010487261761%22%2C%22orig_item_id%22%3A%221005008538294644%22%2C%22fromPage%22%3A%22search%22%7D&pdp_npi=6%40dis%21USD%2143.61%2119.96%21%21%21298.52%21136.64%21%402101c44f17754317009055316e0d6d%2112000052568528905%21sea%21US%210%21ABX%211%210%21n_tag%3A-29910%3Bd%3Ab1e5c83a%3Bm03_new_user%3A-29895%3BpisId%3A5000000197827853&curPageLogUid=ietNOMCIv7bL&utparam-url=scene%3Asearch%7Cquery_from%3A%7Cx_object_id%3A1005010487261761%7C_p_origin_prod%3A1005008538294644
New\Japanese Style Round Neck Couple Sweater Plain Weave Style Casual Versatile Trendyy Men's Long-Sleeved Sweater Top,$12.53,"https://ae-pic-a1.aliexpress-media.com/kf/Scff333d697a84d8188730e84f2d9cf10O.jpg_220x220q75.jpg_.avif,https://ae-pic-a1.aliexpress-media.com/kf/S5384b0b5636f4fbd9e87ecf65b737a6fz.jpg_220x220q75.jpg_.avif,https://ae-pic-a1.aliexpress-media.com/kf/Sd210028ef03f48c188163f1267395f95r.jpg_220x220q75.jpg_.avif,https://ae-pic-a1.aliexpress-media.com/kf/S68e85c4cf79a463ea87936c16d2ae4c8L.jpg_220x220q75.jpg_.avif,https://ae-pic-a1.aliexpress-media.com/kf/S8bbbc27639c64c8aa228110ab8b84dd2R.jpg_220x220q75.jpg_.avif","['whether full opening', 'No', 'High-concerned chemical', 'None', 'Applicable Season', 'Four Seasons', 'Applicable Scene', 'Shopping', 'Hooded', 'No', 'Sleeve Style', 'regular']",https://www.aliexpress.us/item/3256808351979892.html?algo_pvid=4d4fd6b1-6792-43a6-87de-031c6e2688c9&algo_exp_id=4d4fd6b1-6792-43a6-87de-031c6e2688c9-17&pdp_ext_f=%7B%22order%22%3A%22303%22%2C%22spu_best_type%22%3A%22price%22%2C%22eval%22%3A%221%22%2C%22fromPage%22%3A%22search%22%7D&pdp_npi=6%40dis%21USD%2146.87%2120.97%21%21%21320.78%21143.51%21%402101c44f17754317009055316e0d6d%2112000045619936353%21sea%21US%210%21ABX%211%210%21n_tag%3A-29910%3Bd%3Ab1e5c83a%3Bm03_new_user%3A-29895%3BpisId%3A5000000203829424&curPageLogUid=lgV9sXfbWtqo&utparam-url=scene%3Asearch%7Cquery_from%3A%7Cx_object_id%3A1005008538294644%7C_p_origin_prod%3A
Soft Cashmere Sweater Men's Clothing Autumn Winter Pullover Business Casual Bottom V-neck Knitted Woolen Slim Fit Knitwear Male,$17.32,"https://ae-pic-a1.aliexpress-media.com/kf/S51e32362fe8a41dc82b6e7a8c74474d5V.jpg_220x220q75.jpg_.avif,https://ae-pic-a1.aliexpress-media.com/kf/S2202ff30aa0e42fa906a1bdcc545f8c5X.jpg_220x220q75.jpg_.avif,https://ae-pic-a1.aliexpress-media.com/kf/S80c668e0bdd74c0fa254cd77074ad858x.jpg_220x220q75.jpg_.avif,https://ae-pic-a1.aliexpress-media.com/kf/Sfa2913b296ef411c8df13152d9c3acdbL.jpg_220x220q75.jpg_.avif,https://ae-pic-a1.aliexpress-media.com/kf/S2c76959ef4024bdfa0e501b209948bdcl.jpg_220x220q75.jpg_.avif","['whether full opening', 'No', 'High-concerned chemical', 'None', 'Applicable Season', 'Autumn And Winter', 'Applicable Scene', 'CASUAL', 'Hooded', 'No', 'Decoration', 'Pockets']",https://www.aliexpress.us/item/3256807288989523.html?algo_pvid=4d4fd6b1-6792-43a6-87de-031c6e2688c9&algo_exp_id=4d4fd6b1-6792-43a6-87de-031c6e2688c9-18&pdp_ext_f=%7B%22order%22%3A%22302%22%2C%22eval%22%3A%221%22%2C%22fromPage%22%3A%22search%22%7D&pdp_npi=6%40dis%21USD%2137.66%2117.32%21%21%21257.80%21118.59%21%402101c44f17754317009055316e0d6d%2112000040902852997%21sea%21US%210%21ABX%211%210%21n_tag%3A-29910%3Bd%3Ab1e5c83a%3Bm03_new_user%3A-29895&curPageLogUid=DEzHxw75G7ZU&utparam-url=scene%3Asearch%7Cquery_from%3A%7Cx_object_id%3A1005007475304275%7C_p_origin_prod%3A
European and American embroidered round sweater men's street design jacquard loose sweater Y2K vintage classic street clothing,$30.99,"https://ae-pic-a1.aliexpress-media.com/kf/Sf4044d34c4614236873425b18d4695b2t.jpg_220x220q75.jpg_.avif,https://ae-pic-a1.aliexpress-media.com/kf/S4aaf05b093884807b0c9153ad534bbcdf.jpg?has_lang=1&ver=2_220x220q75.jpg_.avif,https://ae-pic-a1.aliexpress-media.com/kf/S524a8c98b070484da1f796be411c93dcB.jpg_220x220q75.jpg_.avif,https://ae-pic-a1.aliexpress-media.com/kf/Sbd144afc5e15464a9f09ae97ec6fd762E.jpg_220x220q75.jpg_.avif,https://ae-pic-a1.aliexpress-media.com/kf/S6c139e96343a4754b0a8c381e1bd7bddd.jpg?has_lang=1&ver=2_220x220q75.jpg_.avif","['whether full opening', 'No', 'High-concerned chemical', 'None', 'Applicable Season', 'Four Seasons', 'Applicable Scene', 'CASUAL', 'Hooded', 'No', 'Decoration', 'Vintage']",https://www.aliexpress.us/item/3256809724174267.html?algo_pvid=4d4fd6b1-6792-43a6-87de-031c6e2688c9&algo_exp_id=4d4fd6b1-6792-43a6-87de-031c6e2688c9-19&pdp_ext_f=%7B%22order%22%3A%22300%22%2C%22eval%22%3A%221%22%2C%22fromPage%22%3A%22search%22%7D&pdp_npi=6%40dis%21USD%2154.36%2130.99%21%21%21372.04%21212.06%21%402101c44f17754317009055316e0d6d%2112000050551711044%21sea%21US%210%21ABX%211%210%21n_tag%3A-29910%3Bd%3Ab1e5c83a%3Bm03_new_user%3A-29895&curPageLogUid=kvPf0eZ3RWsI&utparam-url=scene%3Asearch%7Cquery_from%3A%7Cx_object_id%3A1005009910489019%7C_p_origin_prod%3A
2024 Cashmere Sweater O-neck Pullovers Men's Loose Oversized M-3XL Knitted Bottom Shirt Autumn Winter New Korean Casual Men Top,$10.71,"https://ae-pic-a1.aliexpress-media.com/kf/S7edd370d11be465aa7d8da2c639a6f407.jpg?has_lang=1&ver=2_220x220q75.jpg_.avif,https://ae-pic-a1.aliexpress-media.com/kf/S7edd370d11be465aa7d8da2c639a6f407.jpg?has_lang=1&ver=2_220x220q75.jpg_.avif,https://ae-pic-a1.aliexpress-media.com/kf/S708251faedff4a6793fd340247af1370o.jpg_220x220q75.jpg_.avif,https://ae-pic-a1.aliexpress-media.com/kf/S4ca031f4f4eb473a8bf0733f45d02cdar.jpg?has_lang=1&ver=2_220x220q75.jpg_.avif,https://ae-pic-a1.aliexpress-media.com/kf/S0a04656e86f54762834eeed2d680a263f.jpg?has_lang=1&ver=1_220x220q75.jpg_.avif","['whether full opening', 'No', 'High-concerned chemical', 'None', 'Applicable Season', 'Autumn And Winter', 'Craft of Weaving', 'Tatting', 'Applicable Scene', 'CASUAL', 'Hooded', 'No']",https://www.aliexpress.us/item/3256806862910430.html?algo_pvid=4d4fd6b1-6792-43a6-87de-031c6e2688c9&algo_exp_id=4d4fd6b1-6792-43a6-87de-031c6e2688c9-20&pdp_ext_f=%7B%22order%22%3A%22299%22%2C%22eval%22%3A%221%22%2C%22fromPage%22%3A%22search%22%7D&pdp_npi=6%40dis%21USD%2121.42%2110.71%21%21%21146.60%2173.30%21%402101c44f17754317009055316e0d6d%2112000039225597333%21sea%21US%210%21ABX%211%210%21n_tag%3A-29910%3Bd%3Ab1e5c83a%3Bm03_new_user%3A-29895&curPageLogUid=AQ91TnUQBtFe&utparam-url=scene%3Asearch%7Cquery_from%3A%7Cx_object_id%3A1005007049225182%7C_p_origin_prod%3A
100% Pure Cashmere Sweater Men's Half High Collar Solid Color Pullover Fashion New Knit Undercoat Autumn and Winter Long Sleeve,$58.67,"https://ae-pic-a1.aliexpress-media.com/kf/S495a952fd4e145cc9d75af92942a7ae4r.jpg_220x220q75.jpg_.avif,https://ae-pic-a1.aliexpress-media.com/kf/S59a448bf29834735907f85c7be76845b7.jpg_220x220q75.jpg_.avif,https://ae-pic-a1.aliexpress-media.com/kf/Se9ce055fa5ee4d239b8f1e457f82c8ceT.jpg_220x220q75.jpg_.avif,https://ae-pic-a1.aliexpress-media.com/kf/S854c204a29304168b540f4d874ef2900v.jpg_220x220q75.jpg_.avif,https://ae-pic-a1.aliexpress-media.com/kf/Sc776390bf1b64f249a3ce65ab6931e7aw.jpg_220x220q75.jpg_.avif","['whether full opening', 'No', 'High-concerned chemical', 'None', 'Applicable Season', 'Autumn And Winter', 'Applicable Scene', 'CASUAL', 'Hooded', 'No', 'Model Number', '180']",https://www.aliexpress.us/item/3256804892047493.html?algo_pvid=4d4fd6b1-6792-43a6-87de-031c6e2688c9&algo_exp_id=4d4fd6b1-6792-43a6-87de-031c6e2688c9-21&pdp_ext_f=%7B%22order%22%3A%22294%22%2C%22eval%22%3A%221%22%2C%22fromPage%22%3A%22search%22%7D&pdp_npi=6%40dis%21USD%21167.62%2158.67%21%21%21167.62%2158.67%21%402101c44f17754317009055316e0d6d%2112000031556080583%21sea%21US%210%21ABX%211%210%21n_tag%3A-29910%3Bd%3Ab1e5c83a%3Bm03_new_user%3A-29895&curPageLogUid=MZo5lq8z1Y0M&utparam-url=scene%3Asearch%7Cquery_from%3A%7Cx_object_id%3A1005005078362245%7C_p_origin_prod%3A
MVLYFLRT 100% Pure Merino Wool Sweater Men's Round Neck Pullover Tops Autumn Winter Thin Solid Color Sweater Versatile Basic,$33.34,"https://ae-pic-a1.aliexpress-media.com/kf/S14b6f9056cb14901b3786ed23a68bed8s.jpg_220x220q75.jpg_.avif,https://ae-pic-a1.aliexpress-media.com/kf/Sa156e860667448f1a9ef5fea343c6333S.jpg_220x220q75.jpg_.avif,https://ae-pic-a1.aliexpress-media.com/kf/Sb11441f6d17347d4a36006194ad2a7ffp.jpg_220x220q75.jpg_.avif,https://ae-pic-a1.aliexpress-media.com/kf/S0292b80a941e488b98dff920a77e0c302.jpg_220x220q75.jpg_.avif,https://ae-pic-a1.aliexpress-media.com/kf/Sd20bdcaf98da4ea2802e4063ed0163c8B.jpg_220x220q75.jpg_.avif","['whether full opening', 'No', 'High-concerned chemical', 'None', 'Applicable Season', 'Autumn And Winter', 'Applicable Scene', 'Office', 'Hooded', 'No', 'Model Number', 'MV-1002']",https://www.aliexpress.us/item/3256804392379367.html?algo_pvid=4d4fd6b1-6792-43a6-87de-031c6e2688c9&algo_exp_id=4d4fd6b1-6792-43a6-87de-031c6e2688c9-22&pdp_ext_f=%7B%22order%22%3A%22294%22%2C%22eval%22%3A%221%22%2C%22fromPage%22%3A%22search%22%7D&pdp_npi=6%40dis%21USD%2175.77%2133.34%21%21%2175.77%2133.34%21%402101c44f17754317009055316e0d6d%2112000029697123145%21sea%21US%210%21ABX%211%210%21n_tag%3A-29910%3Bd%3Ab1e5c83a%3Bm03_new_user%3A-29895&curPageLogUid=GqStnGKKfYMO&utparam-url=scene%3Asearch%7Cquery_from%3A%7Cx_object_id%3A1005004578694119%7C_p_origin_prod%3A
Autumn Winter Men's Turtleneck Sweater Warm Slim Fit Knitted Pullover Jacquard Striped Cozy Soft Knitwear Basic Style,$2.05,"https://ae-pic-a1.aliexpress-media.com/kf/S1296eb305c814828bb3d592bff9076c3O.jpg_220x220q75.jpg_.avif,https://ae-pic-a1.aliexpress-media.com/kf/Sa3380f71f4334bd588c940bb16334758c.jpg_220x220q75.jpg_.avif,https://ae-pic-a1.aliexpress-media.com/kf/S28a12fe20b484592b823579c969ceb5d3.jpg_220x220q75.jpg_.avif,https://ae-pic-a1.aliexpress-media.com/kf/Sa2aff09bb9b14d3eab0db1ffd1ae0880r.jpg_220x220q75.jpg_.avif,https://ae-pic-a1.aliexpress-media.com/kf/S94b1bcc46171465a9c6b9472312c0daa8.jpg_220x220q75.jpg_.avif","['whether full opening', 'No', 'High-concerned chemical', 'None', 'Applicable Season', 'Autumn And Winter', 'Craft of Weaving', 'Knit', 'Applicable Scene', 'Daily', 'Hooded', 'No']",https://www.aliexpress.us/item/3256809309378241.html?algo_pvid=4d4fd6b1-6792-43a6-87de-031c6e2688c9&algo_exp_id=4d4fd6b1-6792-43a6-87de-031c6e2688c9-23&pdp_ext_f=%7B%22order%22%3A%22293%22%2C%22spu_best_type%22%3A%22price%22%2C%22eval%22%3A%221%22%2C%22fromPage%22%3A%22search%22%7D&pdp_npi=6%40dis%21USD%2123.11%2111.45%21%21%21158.17%2178.40%21%402101c44f17754317009055316e0d6d%2112000049279813676%21sea%21US%210%21ABX%211%210%21n_tag%3A-29910%3Bd%3Ab1e5c83a%3Bm03_new_user%3A-29895%3BpisId%3A5000000197827853&curPageLogUid=EHJ8gxE2aJfK&utparam-url=scene%3Asearch%7Cquery_from%3A%7Cx_object_id%3A1005009495692993%7C_p_origin_prod%3A