name,price,img,Description
"NOW Foods, Magnesium Glycinate, 180 Tablets (100 mg per Tablet)","₨6,333.65","https://cloudinary.images-iherb.com/image/upload/f_auto,q_auto:eco/images/now/now01289/r/41.jpg,https://cloudinary.images-iherb.com/image/upload/f_auto,q_auto:eco/images/now/now01289/r/46.jpg,https://cloudinary.images-iherb.com/image/upload/w_240/f_auto,q_auto:eco/images/cms/banners/dPDP_Authenticity_Graphic2_2025_009en-us.jpg,https://cloudinary.images-iherb.com/image/upload/w_240/f_auto,q_auto:eco/images/cms/banners/dPDP_Fresh_Graphic2_2025_003en-us.jpg,https://cloudinary.images-iherb.com/image/upload/f_auto,q_auto:eco/images/now/now01289/r/41.jpg",
"Doctor's Best, High Absorption Magnesium, 120 Tablets, (100 mg per Tablet)","₨3,514.53","https://cloudinary.images-iherb.com/image/upload/f_auto,q_auto:eco/images/drb/drb00025/r/107.jpg,https://cloudinary.images-iherb.com/image/upload/f_auto,q_auto:eco/images/drb/drb00025/r/112.jpg,https://cloudinary.images-iherb.com/image/upload/w_240/f_auto,q_auto:eco/images/cms/banners/dPDP_Authenticity_Graphic2_2025_009en-us.jpg,https://cloudinary.images-iherb.com/image/upload/w_240/f_auto,q_auto:eco/images/cms/banners/dPDP_Fresh_Graphic2_2025_003en-us.jpg,https://cloudinary.images-iherb.com/image/upload/f_auto,q_auto:eco/images/drb/drb00025/r/107.jpg",
"Doctor's Best, High Absorption Magnesium, 200 mg, 240 Tablets (100 mg per Tablet)",,"https://cloudinary.images-iherb.com/image/upload/f_auto,q_auto:eco/images/drb/drb00087/r/198.jpg,https://cloudinary.images-iherb.com/image/upload/f_auto,q_auto:eco/images/drb/drb00087/r/203.jpg,https://cloudinary.images-iherb.com/image/upload/w_240/f_auto,q_auto:eco/images/cms/banners/dPDP_Authenticity_Graphic2_2025_009en-us.jpg,https://cloudinary.images-iherb.com/image/upload/w_240/f_auto,q_auto:eco/images/cms/banners/dPDP_Fresh_Graphic2_2025_003en-us.jpg,https://cloudinary.images-iherb.com/image/upload/f_auto,q_auto:eco/images/drb/drb00087/r/198.jpg",
"Life Extension, Neuro-Mag®, Magnesium L-Threonate, 90 Vegetarian Capsules (48 mg per Capsule)","₨10,846.31","https://cloudinary.images-iherb.com/image/upload/f_auto,q_auto:eco/images/lex/lex16039/r/276.jpg,https://cloudinary.images-iherb.com/image/upload/f_auto,q_auto:eco/images/lex/lex16039/r/281.jpg,https://cloudinary.images-iherb.com/image/upload/w_240/f_auto,q_auto:eco/images/cms/banners/dPDP_Authenticity_Graphic2_2025_009en-us.jpg,https://cloudinary.images-iherb.com/image/upload/w_240/f_auto,q_auto:eco/images/cms/banners/dPDP_Fresh_Graphic2_2025_003en-us.jpg,https://cloudinary.images-iherb.com/image/upload/f_auto,q_auto:eco/images/lex/lex16039/r/276.jpg",
"Life Extension, Magnesium Caps, 500 mg, 100 Vegetarian Capsules","₨2,772.86","https://cloudinary.images-iherb.com/image/upload/f_auto,q_auto:eco/images/lex/lex14591/r/196.jpg,https://cloudinary.images-iherb.com/image/upload/f_auto,q_auto:eco/images/lex/lex14591/r/199.jpg,https://cloudinary.images-iherb.com/image/upload/w_240/f_auto,q_auto:eco/images/cms/banners/dPDP_Authenticity_Graphic2_2025_009en-us.jpg,https://cloudinary.images-iherb.com/image/upload/w_240/f_auto,q_auto:eco/images/cms/banners/dPDP_Fresh_Graphic2_2025_003en-us.jpg,https://cloudinary.images-iherb.com/image/upload/f_auto,q_auto:eco/images/lex/lex14591/r/196.jpg",
"Source Naturals, Ultra-Mag™, 120 Tablets","₨4,539.03","https://cloudinary.images-iherb.com/image/upload/f_auto,q_auto:eco/images/sns/sns00803/r/68.jpg,https://cloudinary.images-iherb.com/image/upload/f_auto,q_auto:eco/images/sns/sns00803/r/73.jpg,https://cloudinary.images-iherb.com/image/upload/w_240/f_auto,q_auto:eco/images/cms/banners/dPDP_Authenticity_Graphic2_2025_009en-us.jpg,https://cloudinary.images-iherb.com/image/upload/w_240/f_auto,q_auto:eco/images/cms/banners/dPDP_Fresh_Graphic2_2025_003en-us.jpg,https://cloudinary.images-iherb.com/image/upload/f_auto,q_auto:eco/images/sns/sns00803/r/68.jpg",
"Swanson, Albion®, Magnesium Glycinate, 133 mg, 90 Vegan Capsules","₨2,168.11","https://cloudinary.images-iherb.com/image/upload/f_auto,q_auto:eco/images/swv/swv02073/r/72.jpg,https://cloudinary.images-iherb.com/image/upload/f_auto,q_auto:eco/images/swv/swv02073/r/77.jpg,https://cloudinary.images-iherb.com/image/upload/w_240/f_auto,q_auto:eco/images/cms/banners/dPDP_Authenticity_Graphic2_2025_009en-us.jpg,https://cloudinary.images-iherb.com/image/upload/w_240/f_auto,q_auto:eco/images/cms/banners/dPDP_Fresh_Graphic2_2025_003en-us.jpg,https://img.youtube.com/vi/rajQKy4WxkU/0.jpg",
"Solaray, High Absorption Magnesium Glycinate, 350 mg, 120 VegCaps","₨4,684.27","https://cloudinary.images-iherb.com/image/upload/f_auto,q_auto:eco/images/sor/sor54901/r/8.jpg,https://cloudinary.images-iherb.com/image/upload/f_auto,q_auto:eco/images/sor/sor54901/r/13.jpg,https://cloudinary.images-iherb.com/image/upload/f_auto,q_auto:eco/images/sor/sor54901/r/16.jpg,https://cloudinary.images-iherb.com/image/upload/w_240/f_auto,q_auto:eco/images/cms/banners/dPDP_Authenticity_Graphic2_2025_009en-us.jpg,https://cloudinary.images-iherb.com/image/upload/w_240/f_auto,q_auto:eco/images/cms/banners/dPDP_Fresh_Graphic2_2025_003en-us.jpg",
"NOW Foods, Magnesium Citrate, 120 Veg Capsules (133 mg per Capsule)","₨3,995.56","https://cloudinary.images-iherb.com/image/upload/f_auto,q_auto:eco/images/now/now01294/r/77.jpg,https://cloudinary.images-iherb.com/image/upload/f_auto,q_auto:eco/images/now/now01294/r/82.jpg,https://cloudinary.images-iherb.com/image/upload/f_auto,q_auto:eco/images/now/now01294/r/46.jpg,https://cloudinary.images-iherb.com/image/upload/f_auto,q_auto:eco/images/now/now01294/r/47.jpg,https://cloudinary.images-iherb.com/image/upload/f_auto,q_auto:eco/images/now/now01294/r/48.jpg",
"21st Century, Magnesium, 250 mg, 110 Tablets",,"https://cloudinary.images-iherb.com/image/upload/f_auto,q_auto:eco/images/cen/cen22713/r/85.jpg,https://cloudinary.images-iherb.com/image/upload/f_auto,q_auto:eco/images/cen/cen22713/r/87.jpg,https://cloudinary.images-iherb.com/image/upload/f_auto,q_auto:eco/images/cen/cen22713/r/54.jpg,https://cloudinary.images-iherb.com/image/upload/f_auto,q_auto:eco/images/cen/cen22713/r/55.jpg,https://cloudinary.images-iherb.com/image/upload/f_auto,q_auto:eco/images/cen/cen22713/r/56.jpg",
"NOW Foods, Magnesium Caps, 400 mg, 180 Veg Capsules","₨4,496.25","https://cloudinary.images-iherb.com/image/upload/f_auto,q_auto:eco/images/now/now01283/r/51.jpg,https://cloudinary.images-iherb.com/image/upload/f_auto,q_auto:eco/images/now/now01283/r/53.jpg,https://cloudinary.images-iherb.com/image/upload/w_240/f_auto,q_auto:eco/images/cms/banners/dPDP_Authenticity_Graphic2_2025_009en-us.jpg,https://cloudinary.images-iherb.com/image/upload/w_240/f_auto,q_auto:eco/images/cms/banners/dPDP_Fresh_Graphic2_2025_003en-us.jpg,https://cloudinary.images-iherb.com/image/upload/f_auto,q_auto:eco/images/now/now01283/r/51.jpg",
"KAL, High Absorption Magnesium Glycinate 350, 160 VegCaps","₨5,142.17","https://cloudinary.images-iherb.com/image/upload/f_auto,q_auto:eco/images/cal/cal39022/r/48.jpg,https://cloudinary.images-iherb.com/image/upload/f_auto,q_auto:eco/images/cal/cal39022/r/53.jpg,https://cloudinary.images-iherb.com/image/upload/w_240/f_auto,q_auto:eco/images/cms/banners/dPDP_Authenticity_Graphic2_2025_009en-us.jpg,https://cloudinary.images-iherb.com/image/upload/w_240/f_auto,q_auto:eco/images/cms/banners/dPDP_Fresh_Graphic2_2025_003en-us.jpg,https://cloudinary.images-iherb.com/image/upload/f_auto,q_auto:eco/images/cal/cal39022/r/48.jpg",
"Solaray, Magnesium Glycinate, High Absorption, 240 VegCaps","₨8,179.14","https://cloudinary.images-iherb.com/image/upload/f_auto,q_auto:eco/images/sor/sor89504/r/40.jpg,https://cloudinary.images-iherb.com/image/upload/f_auto,q_auto:eco/images/sor/sor89504/r/48.jpg,https://cloudinary.images-iherb.com/image/upload/w_240/f_auto,q_auto:eco/images/cms/banners/dPDP_Authenticity_Graphic2_2025_009en-us.jpg,https://cloudinary.images-iherb.com/image/upload/w_240/f_auto,q_auto:eco/images/cms/banners/dPDP_Fresh_Graphic2_2025_003en-us.jpg,https://cloudinary.images-iherb.com/image/upload/f_auto,q_auto:eco/images/sor/sor89504/r/40.jpg",
"NOW Foods, Melatonin, 3 mg, 60 Veg Capsules","₨1,367.24","https://cloudinary.images-iherb.com/image/upload/f_auto,q_auto:eco/images/now/now03255/r/31.jpg,https://cloudinary.images-iherb.com/image/upload/f_auto,q_auto:eco/images/now/now03255/r/37.jpg,https://cloudinary.images-iherb.com/image/upload/w_240/f_auto,q_auto:eco/images/cms/banners/dPDP_Authenticity_Graphic2_2025_009en-us.jpg,https://cloudinary.images-iherb.com/image/upload/w_240/f_auto,q_auto:eco/images/cms/banners/dPDP_Fresh_Graphic2_2025_003en-us.jpg,https://cloudinary.images-iherb.com/image/upload/f_auto,q_auto:eco/images/now/now03255/r/41.jpg",
"California Gold Nutrition, Magnesium Bisglycinate, Formulated with TRAACS®, 60 Veggie Capsules (100 mg per Capsule)",,"https://cloudinary.images-iherb.com/image/upload/f_auto,q_auto:eco/images/cgn/cgn01901/r/59.jpg,https://cloudinary.images-iherb.com/image/upload/f_auto,q_auto:eco/images/cgn/cgn01901/r/65.jpg,https://cloudinary.images-iherb.com/image/upload/f_auto,q_auto:eco/images/cgn/cgn01901/r/67.jpg,https://cloudinary.images-iherb.com/image/upload/f_auto,q_auto:eco/images/cgn/cgn01901/r/31.jpg,https://cloudinary.images-iherb.com/image/upload/f_auto,q_auto:eco/images/cgn/cgn01901/r/11.jpg",
"Nature's Bounty, Calcium Magnesium Zinc with Vitamin D3, 100 Coated Caplets",,"https://cloudinary.images-iherb.com/image/upload/f_auto,q_auto:eco/images/nrt/nrt04290/r/63.jpg,https://cloudinary.images-iherb.com/image/upload/f_auto,q_auto:eco/images/nrt/nrt04290/r/65.jpg,https://cloudinary.images-iherb.com/image/upload/w_240/f_auto,q_auto:eco/images/cms/banners/dPDP_Authenticity_Graphic2_2025_009en-us.jpg,https://cloudinary.images-iherb.com/image/upload/w_240/f_auto,q_auto:eco/images/cms/banners/dPDP_Fresh_Graphic2_2025_003en-us.jpg,https://cloudinary.images-iherb.com/image/upload/f_auto,q_auto:eco/images/nrt/nrt04290/r/63.jpg",
"NOW Foods, Magnesium Malate, 1,000 mg, 180 Tablets","₨5,322.09","https://cloudinary.images-iherb.com/image/upload/f_auto,q_auto:eco/images/now/now01300/r/82.jpg,https://cloudinary.images-iherb.com/image/upload/f_auto,q_auto:eco/images/now/now01300/r/90.jpg,https://cloudinary.images-iherb.com/image/upload/w_240/f_auto,q_auto:eco/images/cms/banners/dPDP_Authenticity_Graphic2_2025_009en-us.jpg,https://cloudinary.images-iherb.com/image/upload/w_240/f_auto,q_auto:eco/images/cms/banners/dPDP_Fresh_Graphic2_2025_003en-us.jpg,https://cloudinary.images-iherb.com/image/upload/f_auto,q_auto:eco/images/now/now01300/r/69.jpg",
"NOW Foods, Magnesium Glycinate With BioPerine®, 60 Veg Capsules","₨2,943.31","https://cloudinary.images-iherb.com/image/upload/f_auto,q_auto:eco/images/now/now01284/r/8.jpg,https://cloudinary.images-iherb.com/image/upload/f_auto,q_auto:eco/images/now/now01284/r/13.jpg,https://cloudinary.images-iherb.com/image/upload/w_240/f_auto,q_auto:eco/images/cms/banners/dPDP_Authenticity_Graphic2_2025_009en-us.jpg,https://cloudinary.images-iherb.com/image/upload/w_240/f_auto,q_auto:eco/images/cms/banners/dPDP_Fresh_Graphic2_2025_003en-us.jpg,https://cloudinary.images-iherb.com/image/upload/f_auto,q_auto:eco/images/now/now01284/r/8.jpg",
"California Gold Nutrition, Magnesium Bisglycinate, Formulated with TRAACS®, 240 Veggie Capsules (100 mg per Capsule)",,"https://cloudinary.images-iherb.com/image/upload/f_auto,q_auto:eco/images/cgn/cgn01902/r/106.jpg,https://cloudinary.images-iherb.com/image/upload/f_auto,q_auto:eco/images/cgn/cgn01902/r/111.jpg,https://cloudinary.images-iherb.com/image/upload/f_auto,q_auto:eco/images/cgn/cgn01902/r/97.jpg,https://cloudinary.images-iherb.com/image/upload/f_auto,q_auto:eco/images/cgn/cgn01902/r/79.jpg,https://cloudinary.images-iherb.com/image/upload/f_auto,q_auto:eco/images/cgn/cgn01902/r/59.jpg",
"NOW Foods, Magtein®, Magnesium L-Threonate, 90 Veg Capsules","₨11,342.37","https://cloudinary.images-iherb.com/image/upload/f_auto,q_auto:eco/images/now/now02390/r/27.jpg,https://cloudinary.images-iherb.com/image/upload/f_auto,q_auto:eco/images/now/now02390/r/33.jpg,https://cloudinary.images-iherb.com/image/upload/w_240/f_auto,q_auto:eco/images/cms/banners/dPDP_Authenticity_Graphic2_2025_009en-us.jpg,https://cloudinary.images-iherb.com/image/upload/w_240/f_auto,q_auto:eco/images/cms/banners/dPDP_Fresh_Graphic2_2025_003en-us.jpg,https://cloudinary.images-iherb.com/image/upload/f_auto,q_auto:eco/images/now/now02390/r/37.jpg",
"Bluebonnet Nutrition, Chelated Magnesium, 120 Vegetable Capsules (100 mg per Capsule)",,"https://cloudinary.images-iherb.com/image/upload/f_auto,q_auto:eco/images/blb/blb00683/r/53.jpg,https://cloudinary.images-iherb.com/image/upload/f_auto,q_auto:eco/images/blb/blb00683/r/59.jpg,https://cloudinary.images-iherb.com/image/upload/w_240/f_auto,q_auto:eco/images/cms/banners/dPDP_Authenticity_Graphic2_2025_009en-us.jpg,https://cloudinary.images-iherb.com/image/upload/w_240/f_auto,q_auto:eco/images/cms/banners/dPDP_Fresh_Graphic2_2025_003en-us.jpg,https://cloudinary.images-iherb.com/image/upload/f_auto,q_auto:eco/images/blb/blb00683/r/53.jpg",
"Swanson, Melatonin, 3 mg, 60 Capsules",₨719.81,"https://cloudinary.images-iherb.com/image/upload/f_auto,q_auto:eco/images/swv/swv01498/r/40.jpg,https://cloudinary.images-iherb.com/image/upload/f_auto,q_auto:eco/images/swv/swv01498/r/46.jpg,https://cloudinary.images-iherb.com/image/upload/w_240/f_auto,q_auto:eco/images/cms/banners/dPDP_Authenticity_Graphic2_2025_009en-us.jpg,https://cloudinary.images-iherb.com/image/upload/w_240/f_auto,q_auto:eco/images/cms/banners/dPDP_Fresh_Graphic2_2025_003en-us.jpg,https://cloudinary.images-iherb.com/image/upload/f_auto,q_auto:eco/images/swv/swv01498/r/40.jpg",
"Life Extension, Magnesium (Citrate), 100 mg, 100 Vegetarian Capsules","₨2,981.00","https://cloudinary.images-iherb.com/image/upload/f_auto,q_auto:eco/images/lex/lex16821/r/111.jpg,https://cloudinary.images-iherb.com/image/upload/f_auto,q_auto:eco/images/lex/lex16821/r/116.jpg,https://cloudinary.images-iherb.com/image/upload/w_240/f_auto,q_auto:eco/images/cms/banners/dPDP_Authenticity_Graphic2_2025_009en-us.jpg,https://cloudinary.images-iherb.com/image/upload/w_240/f_auto,q_auto:eco/images/cms/banners/dPDP_Fresh_Graphic2_2025_003en-us.jpg,https://cloudinary.images-iherb.com/image/upload/f_auto,q_auto:eco/images/lex/lex16821/r/111.jpg",
"California Gold Nutrition, Triple Magnesium Complex, Malate, Citrate & Bisglycinate Chelate, 120 Veggie Capsules (105 mg per Capsule)","₨4,690.05","https://cloudinary.images-iherb.com/image/upload/f_auto,q_auto:eco/images/cgn/cgn02484/r/9.jpg,https://cloudinary.images-iherb.com/image/upload/f_auto,q_auto:eco/images/cgn/cgn02484/r/14.jpg,https://cloudinary.images-iherb.com/image/upload/f_auto,q_auto:eco/images/cgn/cgn02484/r/17.jpg,https://cloudinary.images-iherb.com/image/upload/f_auto,q_auto:eco/images/cgn/cgn02484/r/20.jpg,https://cloudinary.images-iherb.com/image/upload/f_auto,q_auto:eco/images/cgn/cgn02484/r/19.jpg",
"Thorne, Magnesium CitraMate, 90 Capsules (135 mg per Capsule)","₨6,070.70","https://cloudinary.images-iherb.com/image/upload/f_auto,q_auto:eco/images/thr/thr27202/r/41.jpg,https://cloudinary.images-iherb.com/image/upload/f_auto,q_auto:eco/images/thr/thr27202/r/43.jpg,https://cloudinary.images-iherb.com/image/upload/w_240/f_auto,q_auto:eco/images/cms/banners/dPDP_Authenticity_Graphic2_2025_009en-us.jpg,https://cloudinary.images-iherb.com/image/upload/w_240/f_auto,q_auto:eco/images/cms/banners/dPDP_Fresh_Graphic2_2025_003en-us.jpg,https://cloudinary.images-iherb.com/image/upload/f_auto,q_auto:eco/images/thr/thr27202/r/41.jpg",
"Natrol, Kids, Melatonin Gummies, Ages 4+, Raspberry, 1 mg, 90 Gummies",,"https://cloudinary.images-iherb.com/image/upload/f_auto,q_auto:eco/images/ntl/ntl07530/r/84.jpg,https://cloudinary.images-iherb.com/image/upload/f_auto,q_auto:eco/images/ntl/ntl07530/r/90.jpg,https://cloudinary.images-iherb.com/image/upload/w_240/f_auto,q_auto:eco/images/cms/banners/dPDP_Authenticity_Graphic2_2025_009en-us.jpg,https://cloudinary.images-iherb.com/image/upload/w_240/f_auto,q_auto:eco/images/cms/banners/dPDP_Fresh_Graphic2_2025_003en-us.jpg,https://cloudinary.images-iherb.com/image/upload/f_auto,q_auto:eco/images/ntl/ntl07530/r/84.jpg",
"Nature's Answer, Liquid Magnesium Malate and Glycinate, 16 fl oz (480 ml)","₨4,917.81","https://cloudinary.images-iherb.com/image/upload/f_auto,q_auto:eco/images/nta/nta26173/r/49.jpg,https://cloudinary.images-iherb.com/image/upload/f_auto,q_auto:eco/images/nta/nta26173/r/52.jpg,https://cloudinary.images-iherb.com/image/upload/w_240/f_auto,q_auto:eco/images/cms/banners/dPDP_Authenticity_Graphic2_2025_009en-us.jpg,https://cloudinary.images-iherb.com/image/upload/w_240/f_auto,q_auto:eco/images/cms/banners/dPDP_Fresh_Graphic2_2025_003en-us.jpg,https://cloudinary.images-iherb.com/image/upload/f_auto,q_auto:eco/images/nta/nta26173/r/49.jpg",
"NOW Foods, Melatonin, 5 mg, 60 Veg Capsules","₨1,732.63","https://cloudinary.images-iherb.com/image/upload/f_auto,q_auto:eco/images/now/now03555/r/8.jpg,https://cloudinary.images-iherb.com/image/upload/f_auto,q_auto:eco/images/now/now03555/r/13.jpg,https://cloudinary.images-iherb.com/image/upload/w_240/f_auto,q_auto:eco/images/cms/banners/dPDP_Authenticity_Graphic2_2025_009en-us.jpg,https://cloudinary.images-iherb.com/image/upload/w_240/f_auto,q_auto:eco/images/cms/banners/dPDP_Fresh_Graphic2_2025_003en-us.jpg,https://cloudinary.images-iherb.com/image/upload/f_auto,q_auto:eco/images/now/now03555/r/18.jpg",
"KAL, Magnesium Malate 400, 90 Tablets (200 mg per Tablet)","₨3,980.30","https://cloudinary.images-iherb.com/image/upload/f_auto,q_auto:eco/images/cal/cal81309/r/121.jpg,https://cloudinary.images-iherb.com/image/upload/f_auto,q_auto:eco/images/cal/cal81309/r/129.jpg,https://cloudinary.images-iherb.com/image/upload/w_240/f_auto,q_auto:eco/images/cms/banners/dPDP_Authenticity_Graphic2_2025_009en-us.jpg,https://cloudinary.images-iherb.com/image/upload/w_240/f_auto,q_auto:eco/images/cms/banners/dPDP_Fresh_Graphic2_2025_003en-us.jpg,https://cloudinary.images-iherb.com/image/upload/f_auto,q_auto:eco/images/cal/cal81309/r/121.jpg",
"Life Extension, Neuro-Mag®, Magnesium L-Threonate, Tropical Punch, 3.293 oz (93.35 g)","₨10,877.53","https://cloudinary.images-iherb.com/image/upload/f_auto,q_auto:eco/images/lex/lex20329/r/91.jpg,https://cloudinary.images-iherb.com/image/upload/f_auto,q_auto:eco/images/lex/lex20329/r/97.jpg,https://cloudinary.images-iherb.com/image/upload/w_240/f_auto,q_auto:eco/images/cms/banners/dPDP_Authenticity_Graphic2_2025_009en-us.jpg,https://cloudinary.images-iherb.com/image/upload/w_240/f_auto,q_auto:eco/images/cms/banners/dPDP_Fresh_Graphic2_2025_003en-us.jpg,https://cloudinary.images-iherb.com/image/upload/f_auto,q_auto:eco/images/lex/lex20329/r/91.jpg",
"NOW Foods, Magnesium Citrate, 200 mg, 250 Tablets","₨8,218.45","https://cloudinary.images-iherb.com/image/upload/f_auto,q_auto:eco/images/now/now01292/r/32.jpg,https://cloudinary.images-iherb.com/image/upload/f_auto,q_auto:eco/images/now/now01292/r/38.jpg,https://cloudinary.images-iherb.com/image/upload/w_240/f_auto,q_auto:eco/images/cms/banners/dPDP_Authenticity_Graphic2_2025_009en-us.jpg,https://cloudinary.images-iherb.com/image/upload/w_240/f_auto,q_auto:eco/images/cms/banners/dPDP_Fresh_Graphic2_2025_003en-us.jpg,https://cloudinary.images-iherb.com/image/upload/f_auto,q_auto:eco/images/now/now01292/r/42.jpg",
"NOW Foods, Magnesium Citrate, 240 Veg Capsules (133 mg per Capsule)","₨7,589.41","https://cloudinary.images-iherb.com/image/upload/f_auto,q_auto:eco/images/now/now01296/r/60.jpg,https://cloudinary.images-iherb.com/image/upload/f_auto,q_auto:eco/images/now/now01296/r/67.jpg,https://cloudinary.images-iherb.com/image/upload/w_240/f_auto,q_auto:eco/images/cms/banners/dPDP_Authenticity_Graphic2_2025_009en-us.jpg,https://cloudinary.images-iherb.com/image/upload/w_240/f_auto,q_auto:eco/images/cms/banners/dPDP_Fresh_Graphic2_2025_003en-us.jpg,https://cloudinary.images-iherb.com/image/upload/f_auto,q_auto:eco/images/now/now01296/r/71.jpg",
"Lemme, Sleep Tight Gummies, Berry, 60 Gummies","₨9,102.58","https://cloudinary.images-iherb.com/image/upload/f_auto,q_auto:eco/images/lmm/lmm54901/r/8.jpg,https://cloudinary.images-iherb.com/image/upload/f_auto,q_auto:eco/images/lmm/lmm54901/r/14.jpg,https://cloudinary.images-iherb.com/image/upload/w_240/f_auto,q_auto:eco/images/cms/banners/dPDP_Authenticity_Graphic2_2025_009en-us.jpg,https://cloudinary.images-iherb.com/image/upload/w_240/f_auto,q_auto:eco/images/cms/banners/dPDP_Fresh_Graphic2_2025_003en-us.jpg,https://cloudinary.images-iherb.com/image/upload/f_auto,q_auto:eco/images/lmm/lmm54901/r/8.jpg",
"NOW Foods, 5-HTP, 100 mg, 120 Veg Capsules","₨5,274.45","https://cloudinary.images-iherb.com/image/upload/f_auto,q_auto:eco/images/now/now00106/r/32.jpg,https://cloudinary.images-iherb.com/image/upload/f_auto,q_auto:eco/images/now/now00106/r/38.jpg,https://cloudinary.images-iherb.com/image/upload/w_240/f_auto,q_auto:eco/images/cms/banners/dPDP_Authenticity_Graphic2_2025_009en-us.jpg,https://cloudinary.images-iherb.com/image/upload/w_240/f_auto,q_auto:eco/images/cms/banners/dPDP_Fresh_Graphic2_2025_003en-us.jpg,https://cloudinary.images-iherb.com/image/upload/f_auto,q_auto:eco/images/now/now00106/r/48.jpg",
"Doctor's Best, High Absorption Magnesium, 120 Veggie Caps (52.5 mg per Capsule)","₨3,923.40","https://cloudinary.images-iherb.com/image/upload/f_auto,q_auto:eco/images/drb/drb00565/r/32.jpg,https://cloudinary.images-iherb.com/image/upload/f_auto,q_auto:eco/images/drb/drb00565/r/37.jpg,https://cloudinary.images-iherb.com/image/upload/w_240/f_auto,q_auto:eco/images/cms/banners/dPDP_Authenticity_Graphic2_2025_009en-us.jpg,https://cloudinary.images-iherb.com/image/upload/w_240/f_auto,q_auto:eco/images/cms/banners/dPDP_Fresh_Graphic2_2025_003en-us.jpg,https://cloudinary.images-iherb.com/image/upload/f_auto,q_auto:eco/images/drb/drb00565/r/32.jpg",
"NOW Foods, Magnesium Bisglycinate Powder, 8 oz (227 g)","₨4,913.68","https://cloudinary.images-iherb.com/image/upload/f_auto,q_auto:eco/images/now/now01299/r/49.jpg,https://cloudinary.images-iherb.com/image/upload/f_auto,q_auto:eco/images/now/now01299/r/54.jpg,https://cloudinary.images-iherb.com/image/upload/f_auto,q_auto:eco/images/now/now01299/r/36.jpg,https://cloudinary.images-iherb.com/image/upload/f_auto,q_auto:eco/images/now/now01299/r/37.jpg,https://cloudinary.images-iherb.com/image/upload/f_auto,q_auto:eco/images/now/now01299/r/38.jpg",
"California Gold Nutrition, Chewable Calcium with Magnesium For Children, Birthday Cake, 90 Vegetarian Tablets","₨2,232.63","https://cloudinary.images-iherb.com/image/upload/f_auto,q_auto:eco/images/cgn/cgn02275/r/9.jpg,https://cloudinary.images-iherb.com/image/upload/f_auto,q_auto:eco/images/cgn/cgn02275/r/14.jpg,https://cloudinary.images-iherb.com/image/upload/f_auto,q_auto:eco/images/cgn/cgn02275/r/18.jpg,https://cloudinary.images-iherb.com/image/upload/f_auto,q_auto:eco/images/cgn/cgn02275/r/23.jpg,https://cloudinary.images-iherb.com/image/upload/f_auto,q_auto:eco/images/cgn/cgn02275/r/19.jpg",
"21st Century, Melatonin, 5 mg, 120 Tablets",,"https://cloudinary.images-iherb.com/image/upload/f_auto,q_auto:eco/images/cen/cen27087/r/61.jpg,https://cloudinary.images-iherb.com/image/upload/f_auto,q_auto:eco/images/cen/cen27087/r/62.jpg,https://cloudinary.images-iherb.com/image/upload/w_240/f_auto,q_auto:eco/images/cms/banners/dPDP_Authenticity_Graphic2_2025_009en-us.jpg,https://cloudinary.images-iherb.com/image/upload/w_240/f_auto,q_auto:eco/images/cms/banners/dPDP_Fresh_Graphic2_2025_003en-us.jpg,https://cloudinary.images-iherb.com/image/upload/f_auto,q_auto:eco/images/cen/cen27087/r/61.jpg",
"Life Extension, Magnesium Glycinate, 90 Vegetarian Capsules (105 mg per Capsule)","₨5,203.45","https://cloudinary.images-iherb.com/image/upload/f_auto,q_auto:eco/images/lex/lex25359/r/8.jpg,https://cloudinary.images-iherb.com/image/upload/f_auto,q_auto:eco/images/lex/lex25359/r/13.jpg,https://cloudinary.images-iherb.com/image/upload/w_240/f_auto,q_auto:eco/images/cms/banners/dPDP_Authenticity_Graphic2_2025_009en-us.jpg,https://cloudinary.images-iherb.com/image/upload/w_240/f_auto,q_auto:eco/images/cms/banners/dPDP_Fresh_Graphic2_2025_003en-us.jpg,https://cloudinary.images-iherb.com/image/upload/f_auto,q_auto:eco/images/lex/lex25359/r/8.jpg",
"Mommy's Bliss, Kids Sleep Chewable, Melatonin + Magnesium, 3 Yrs+, Natural Grape, 35 Chewable Tablets","₨2,531.67","https://cloudinary.images-iherb.com/image/upload/f_auto,q_auto:eco/images/bab/bab07184/r/55.jpg,https://cloudinary.images-iherb.com/image/upload/f_auto,q_auto:eco/images/bab/bab07184/r/56.jpg,https://cloudinary.images-iherb.com/image/upload/f_auto,q_auto:eco/images/bab/bab07184/r/47.jpg,https://cloudinary.images-iherb.com/image/upload/w_240/f_auto,q_auto:eco/images/cms/banners/dPDP_Authenticity_Graphic2_2025_009en-us.jpg,https://cloudinary.images-iherb.com/image/upload/w_240/f_auto,q_auto:eco/images/cms/banners/dPDP_Fresh_Graphic2_2025_003en-us.jpg",
"Natural Factors, Magnesium Glycinate , 200 mg, 120 Vegetarian Capsules","₨3,682.89","https://cloudinary.images-iherb.com/image/upload/f_auto,q_auto:eco/images/nfs/nfs01641/r/40.jpg,https://cloudinary.images-iherb.com/image/upload/f_auto,q_auto:eco/images/nfs/nfs01641/r/46.jpg,https://cloudinary.images-iherb.com/image/upload/w_240/f_auto,q_auto:eco/images/cms/banners/dPDP_Authenticity_Graphic2_2025_009en-us.jpg,https://cloudinary.images-iherb.com/image/upload/w_240/f_auto,q_auto:eco/images/cms/banners/dPDP_Fresh_Graphic2_2025_003en-us.jpg,https://cloudinary.images-iherb.com/image/upload/f_auto,q_auto:eco/images/nfs/nfs01641/r/40.jpg",
"Swanson, Melatonin, Triple Strength , 10 mg, 60 Capsules","₨2,309.76","https://cloudinary.images-iherb.com/image/upload/f_auto,q_auto:eco/images/swv/swv02305/r/56.jpg,https://cloudinary.images-iherb.com/image/upload/f_auto,q_auto:eco/images/swv/swv02305/r/62.jpg,https://cloudinary.images-iherb.com/image/upload/w_240/f_auto,q_auto:eco/images/cms/banners/dPDP_Authenticity_Graphic2_2025_009en-us.jpg,https://cloudinary.images-iherb.com/image/upload/w_240/f_auto,q_auto:eco/images/cms/banners/dPDP_Fresh_Graphic2_2025_003en-us.jpg,https://img.youtube.com/vi/rajQKy4WxkU/0.jpg",
"Force Factor, Somnapure®, Great Tasting Melatonin Gummies, Dream Berry, 120 Gummies (5 mg per Gummy)","₨5,042.26","https://cloudinary.images-iherb.com/image/upload/f_auto,q_auto:eco/images/foa/foa01520/r/25.jpg,https://cloudinary.images-iherb.com/image/upload/f_auto,q_auto:eco/images/foa/foa01520/r/29.jpg,https://cloudinary.images-iherb.com/image/upload/f_auto,q_auto:eco/images/foa/foa01520/r/33.jpg,https://cloudinary.images-iherb.com/image/upload/w_240/f_auto,q_auto:eco/images/cms/banners/dPDP_Authenticity_Graphic2_2025_009en-us.jpg,https://cloudinary.images-iherb.com/image/upload/w_240/f_auto,q_auto:eco/images/cms/banners/dPDP_Fresh_Graphic2_2025_003en-us.jpg",
"Natrol, Melatonin, Time Release, 10 mg, 60 Tablets","₨3,893.80","https://cloudinary.images-iherb.com/image/upload/f_auto,q_auto:eco/images/ntl/ntl05964/r/122.jpg,https://cloudinary.images-iherb.com/image/upload/f_auto,q_auto:eco/images/ntl/ntl05964/r/125.jpg,https://cloudinary.images-iherb.com/image/upload/f_auto,q_auto:eco/images/ntl/ntl05964/r/114.jpg,https://cloudinary.images-iherb.com/image/upload/w_240/f_auto,q_auto:eco/images/cms/banners/dPDP_Authenticity_Graphic2_2025_009en-us.jpg,https://cloudinary.images-iherb.com/image/upload/w_240/f_auto,q_auto:eco/images/cms/banners/dPDP_Fresh_Graphic2_2025_003en-us.jpg",
"NOW Foods, Magtein®, Magnesium L-Threonate, 180 Veg Capsules","₨20,785.37","https://cloudinary.images-iherb.com/image/upload/f_auto,q_auto:eco/images/now/now02394/r/8.jpg,https://cloudinary.images-iherb.com/image/upload/f_auto,q_auto:eco/images/now/now02394/r/14.jpg,https://cloudinary.images-iherb.com/image/upload/w_240/f_auto,q_auto:eco/images/cms/banners/dPDP_Authenticity_Graphic2_2025_009en-us.jpg,https://cloudinary.images-iherb.com/image/upload/w_240/f_auto,q_auto:eco/images/cms/banners/dPDP_Fresh_Graphic2_2025_003en-us.jpg,https://cloudinary.images-iherb.com/image/upload/f_auto,q_auto:eco/images/now/now02394/r/8.jpg",
"NOW Foods, Sleep, 90 Veg Capsules","₨5,187.73","https://cloudinary.images-iherb.com/image/upload/f_auto,q_auto:eco/images/now/now04768/r/35.jpg,https://cloudinary.images-iherb.com/image/upload/f_auto,q_auto:eco/images/now/now04768/r/37.jpg,https://cloudinary.images-iherb.com/image/upload/w_240/f_auto,q_auto:eco/images/cms/banners/dPDP_Authenticity_Graphic2_2025_009en-us.jpg,https://cloudinary.images-iherb.com/image/upload/w_240/f_auto,q_auto:eco/images/cms/banners/dPDP_Fresh_Graphic2_2025_003en-us.jpg,https://cloudinary.images-iherb.com/image/upload/f_auto,q_auto:eco/images/now/now04768/r/35.jpg","Description
Botanical Sleep Blend
Valerian Root Extract
Plus Hops, Passionflower and GABA
Supports Restful, Rejuvenating Sleep
Non-GMO
A Dietary Supplement
Vegetarian/Vegan
Kosher
Botanicals/Herbs
Family Owned Since 1968
Halal
GMP Quality Assured
NOW® Sleep is a combination of ingredients formulated to help you ease your mind and relax your body so you can drift naturally off into a restful sleep. NOW® Sleep uses Valerian and Hops, two herbs that have been traditionally used to promote a calm relaxed state and support rejuvenating sleep. GABA is a neurotransmitter normally produced in the brain, where its function is to ease nervous tension. NOW® Sleep thus relaxes the nervous system to help you enjoy a tranquil night and wake up refreshed and energized in the morning.
Suggested use
Take 1-2 capsules one hour before bedtime as needed.
Other ingredients
Maltodextrin (non-gmo), hypromellose (cellulose capsule), silicon dioxide and ascorbyl palmitate.
Not manufactured with wheat, gluten, soy, milk, egg, fish, shellfish, tree nut or sesame ingredients. Produced in a GMP facility that processes other ingredients containing these allergens.
Made and quality tested in the USA with globally sourced ingredients. 
Warnings
Do not drive or operate machinery after taking this product. The ingredients in this product may interact with alcohol, sedatives and tranquilizers. For adults only. Consult physician if pregnant/nursing, taking medication, or have a medical condition. Keep out of reach of children.
Keep freshness packet in bottle until it is empty. Keep bottle tightly closed at all time in between usage. Natural color variation or darkening may occur in this product when exposed to air.
Store in a cool, dry place after opening.
Disclaimer
While iHerb strives to ensure the accuracy of its product images and information, some manufacturing changes to packaging and/or ingredients may be pending update on our site. Although items may occasionally ship with alternate packaging, freshness is always guaranteed. We recommend that you read labels, warnings and directions of all products before use and not rely solely on the information provided by iHerb."
"KAL, Chelated Magnesium Bisglycinate, 180 Tablets (105 mg per Tablet)","₨4,041.81","https://cloudinary.images-iherb.com/image/upload/f_auto,q_auto:eco/images/cal/cal58646/r/24.jpg,https://cloudinary.images-iherb.com/image/upload/f_auto,q_auto:eco/images/cal/cal58646/r/29.jpg,https://cloudinary.images-iherb.com/image/upload/w_240/f_auto,q_auto:eco/images/cms/banners/dPDP_Authenticity_Graphic2_2025_009en-us.jpg,https://cloudinary.images-iherb.com/image/upload/w_240/f_auto,q_auto:eco/images/cms/banners/dPDP_Fresh_Graphic2_2025_003en-us.jpg,https://cloudinary.images-iherb.com/image/upload/f_auto,q_auto:eco/images/cal/cal58646/r/24.jpg",
"Natrol, Melatonin, Time Release, 5 mg, 100 Tablets","₨3,611.43","https://cloudinary.images-iherb.com/image/upload/f_auto,q_auto:eco/images/ntl/ntl04837/r/77.jpg,https://cloudinary.images-iherb.com/image/upload/f_auto,q_auto:eco/images/ntl/ntl04837/r/82.jpg,https://cloudinary.images-iherb.com/image/upload/w_240/f_auto,q_auto:eco/images/cms/banners/dPDP_Authenticity_Graphic2_2025_009en-us.jpg,https://cloudinary.images-iherb.com/image/upload/w_240/f_auto,q_auto:eco/images/cms/banners/dPDP_Fresh_Graphic2_2025_003en-us.jpg,https://img.youtube.com/vi/ifL09NlJFDE/0.jpg",
"Swanson, Triple Magnesium Complex, 400 mg, 100 Vegan Capsules","₨2,407.00","https://cloudinary.images-iherb.com/image/upload/f_auto,q_auto:eco/images/swv/swv01808/r/56.jpg,https://cloudinary.images-iherb.com/image/upload/f_auto,q_auto:eco/images/swv/swv01808/r/61.jpg,https://cloudinary.images-iherb.com/image/upload/w_240/f_auto,q_auto:eco/images/cms/banners/dPDP_Authenticity_Graphic2_2025_009en-us.jpg,https://cloudinary.images-iherb.com/image/upload/w_240/f_auto,q_auto:eco/images/cms/banners/dPDP_Fresh_Graphic2_2025_003en-us.jpg,https://img.youtube.com/vi/rajQKy4WxkU/0.jpg",
"Solgar, Magnesium with Vitamin B6, 250 Tablets","₨5,259.97","https://cloudinary.images-iherb.com/image/upload/f_auto,q_auto:eco/images/sol/sol01721/r/69.jpg,https://cloudinary.images-iherb.com/image/upload/f_auto,q_auto:eco/images/sol/sol01721/r/71.jpg,https://cloudinary.images-iherb.com/image/upload/w_240/f_auto,q_auto:eco/images/cms/banners/dPDP_Authenticity_Graphic2_2025_009en-us.jpg,https://cloudinary.images-iherb.com/image/upload/w_240/f_auto,q_auto:eco/images/cms/banners/dPDP_Fresh_Graphic2_2025_003en-us.jpg,https://cloudinary.images-iherb.com/image/upload/f_auto,q_auto:eco/images/sol/sol01721/r/69.jpg",
"NATURELO, Magnesium Glycinate Chelate Complex, 120 Vegetarian Capsules","₨8,202.03","https://cloudinary.images-iherb.com/image/upload/f_auto,q_auto:eco/images/nau/nau62830/r/92.jpg,https://cloudinary.images-iherb.com/image/upload/f_auto,q_auto:eco/images/nau/nau62830/r/97.jpg,https://cloudinary.images-iherb.com/image/upload/w_240/f_auto,q_auto:eco/images/cms/banners/dPDP_Authenticity_Graphic2_2025_009en-us.jpg,https://cloudinary.images-iherb.com/image/upload/w_240/f_auto,q_auto:eco/images/cms/banners/dPDP_Fresh_Graphic2_2025_003en-us.jpg,https://img.youtube.com/vi/IPhejA8VzYY/0.jpg",
"California Gold Nutrition, Magnesium Chelate with Calcium, 90 Tablets","₨2,553.16","https://cloudinary.images-iherb.com/image/upload/f_auto,q_auto:eco/images/cgn/cgn01298/r/116.jpg,https://cloudinary.images-iherb.com/image/upload/f_auto,q_auto:eco/images/cgn/cgn01298/r/121.jpg,https://cloudinary.images-iherb.com/image/upload/f_auto,q_auto:eco/images/cgn/cgn01298/r/126.jpg,https://cloudinary.images-iherb.com/image/upload/f_auto,q_auto:eco/images/cgn/cgn01298/r/127.jpg,https://cloudinary.images-iherb.com/image/upload/f_auto,q_auto:eco/images/cgn/cgn01298/r/84.jpg",
"Natrol, Kids, Melatonin Gummies, Ages 4+, Raspberry, 1 mg, 60 Gummies","₨3,989.08","https://cloudinary.images-iherb.com/image/upload/f_auto,q_auto:eco/images/ntl/ntl07692/r/72.jpg,https://cloudinary.images-iherb.com/image/upload/f_auto,q_auto:eco/images/ntl/ntl07692/r/78.jpg,https://cloudinary.images-iherb.com/image/upload/w_240/f_auto,q_auto:eco/images/cms/banners/dPDP_Authenticity_Graphic2_2025_009en-us.jpg,https://cloudinary.images-iherb.com/image/upload/w_240/f_auto,q_auto:eco/images/cms/banners/dPDP_Fresh_Graphic2_2025_003en-us.jpg,https://cloudinary.images-iherb.com/image/upload/f_auto,q_auto:eco/images/ntl/ntl07692/r/72.jpg",
"Natrol, Melatonin Gummies, Strawberry, 90 Gummies (5 mg per Gummy)","₨5,039.95","https://cloudinary.images-iherb.com/image/upload/f_auto,q_auto:eco/images/ntl/ntl07331/r/82.jpg,https://cloudinary.images-iherb.com/image/upload/f_auto,q_auto:eco/images/ntl/ntl07331/r/88.jpg,https://cloudinary.images-iherb.com/image/upload/w_240/f_auto,q_auto:eco/images/cms/banners/dPDP_Authenticity_Graphic2_2025_009en-us.jpg,https://cloudinary.images-iherb.com/image/upload/w_240/f_auto,q_auto:eco/images/cms/banners/dPDP_Fresh_Graphic2_2025_003en-us.jpg,https://img.youtube.com/vi/tv0sAngwjFA/0.jpg",
"NOW Foods, Magnesium Citrate, 200 mg, 100 Tablets","₨4,040.66","https://cloudinary.images-iherb.com/image/upload/f_auto,q_auto:eco/images/now/now01290/r/16.jpg,https://cloudinary.images-iherb.com/image/upload/f_auto,q_auto:eco/images/now/now01290/r/21.jpg,https://cloudinary.images-iherb.com/image/upload/w_240/f_auto,q_auto:eco/images/cms/banners/dPDP_Authenticity_Graphic2_2025_009en-us.jpg,https://cloudinary.images-iherb.com/image/upload/w_240/f_auto,q_auto:eco/images/cms/banners/dPDP_Fresh_Graphic2_2025_003en-us.jpg,https://cloudinary.images-iherb.com/image/upload/f_auto,q_auto:eco/images/now/now01290/r/26.jpg",
"21st Century, Melatonin, Prolonged Release, 10 mg, 120 Tablets",,"https://cloudinary.images-iherb.com/image/upload/f_auto,q_auto:eco/images/cen/cen28028/r/59.jpg,https://cloudinary.images-iherb.com/image/upload/f_auto,q_auto:eco/images/cen/cen28028/r/53.jpg,https://cloudinary.images-iherb.com/image/upload/w_240/f_auto,q_auto:eco/images/cms/banners/dPDP_Authenticity_Graphic2_2025_009en-us.jpg,https://cloudinary.images-iherb.com/image/upload/w_240/f_auto,q_auto:eco/images/cms/banners/dPDP_Fresh_Graphic2_2025_003en-us.jpg,https://cloudinary.images-iherb.com/image/upload/f_auto,q_auto:eco/images/cen/cen28028/r/59.jpg",
"iHerb Exclusive, Self-Care Essentials, Anniversary Collection, 8 Piece Set",,"https://cloudinary.images-iherb.com/image/upload/f_auto,q_auto:eco/images/ppv/ppv10022/r/56.jpg,https://cloudinary.images-iherb.com/image/upload/f_auto,q_auto:eco/images/ppv/ppv10022/r/54.jpg,https://cloudinary.images-iherb.com/image/upload/f_auto,q_auto:eco/images/ppv/ppv10022/r/53.jpg,https://cloudinary.images-iherb.com/image/upload/f_auto,q_auto:eco/images/ppv/ppv10022/r/24.jpg,https://cloudinary.images-iherb.com/image/upload/f_auto,q_auto:eco/images/ppv/ppv10022/r/26.jpg",
"KAL, Magnesium Taurate+, 180 Tablets","₨7,874.56","https://cloudinary.images-iherb.com/image/upload/f_auto,q_auto:eco/images/cal/cal61832/r/64.jpg,https://cloudinary.images-iherb.com/image/upload/f_auto,q_auto:eco/images/cal/cal61832/r/72.jpg,https://cloudinary.images-iherb.com/image/upload/w_240/f_auto,q_auto:eco/images/cms/banners/dPDP_Authenticity_Graphic2_2025_009en-us.jpg,https://cloudinary.images-iherb.com/image/upload/w_240/f_auto,q_auto:eco/images/cms/banners/dPDP_Fresh_Graphic2_2025_003en-us.jpg,https://cloudinary.images-iherb.com/image/upload/f_auto,q_auto:eco/images/cal/cal61832/r/64.jpg",
"NOW Foods, 5-HTP, 100 mg, 60 Veg Capsules","₨3,263.61","https://cloudinary.images-iherb.com/image/upload/f_auto,q_auto:eco/images/now/now00105/r/18.jpg,https://cloudinary.images-iherb.com/image/upload/f_auto,q_auto:eco/images/now/now00105/r/24.jpg,https://cloudinary.images-iherb.com/image/upload/w_240/f_auto,q_auto:eco/images/cms/banners/dPDP_Authenticity_Graphic2_2025_009en-us.jpg,https://cloudinary.images-iherb.com/image/upload/w_240/f_auto,q_auto:eco/images/cms/banners/dPDP_Fresh_Graphic2_2025_003en-us.jpg,https://cloudinary.images-iherb.com/image/upload/f_auto,q_auto:eco/images/now/now00105/r/29.jpg",
"Source Naturals, Sleep Science®, NightRest™ With Melatonin, 100 Tablets",,"https://cloudinary.images-iherb.com/image/upload/f_auto,q_auto:eco/images/sns/sns00358/r/49.jpg,https://cloudinary.images-iherb.com/image/upload/f_auto,q_auto:eco/images/sns/sns00358/r/54.jpg,https://cloudinary.images-iherb.com/image/upload/w_240/f_auto,q_auto:eco/images/cms/banners/dPDP_Authenticity_Graphic2_2025_009en-us.jpg,https://cloudinary.images-iherb.com/image/upload/w_240/f_auto,q_auto:eco/images/cms/banners/dPDP_Fresh_Graphic2_2025_003en-us.jpg,https://cloudinary.images-iherb.com/image/upload/f_auto,q_auto:eco/images/sns/sns00358/r/49.jpg",
"NOW Foods, Melatonin, 3 mg, 180 Veg Capsules","₨2,967.59","https://cloudinary.images-iherb.com/image/upload/f_auto,q_auto:eco/images/now/now03257/r/29.jpg,https://cloudinary.images-iherb.com/image/upload/f_auto,q_auto:eco/images/now/now03257/r/34.jpg,https://cloudinary.images-iherb.com/image/upload/w_240/f_auto,q_auto:eco/images/cms/banners/dPDP_Authenticity_Graphic2_2025_009en-us.jpg,https://cloudinary.images-iherb.com/image/upload/w_240/f_auto,q_auto:eco/images/cms/banners/dPDP_Fresh_Graphic2_2025_003en-us.jpg,https://cloudinary.images-iherb.com/image/upload/f_auto,q_auto:eco/images/now/now03257/r/39.jpg",
"California Gold Nutrition, Magnesium Glycinate, 180 Veggie Capsules (133 mg per Capsule)","₨7,628.26","https://cloudinary.images-iherb.com/image/upload/f_auto,q_auto:eco/images/spn/spn02357/r/38.jpg,https://cloudinary.images-iherb.com/image/upload/f_auto,q_auto:eco/images/spn/spn02357/r/30.jpg,https://cloudinary.images-iherb.com/image/upload/f_auto,q_auto:eco/images/spn/spn02357/r/39.jpg,https://cloudinary.images-iherb.com/image/upload/f_auto,q_auto:eco/images/spn/spn02357/r/40.jpg,https://cloudinary.images-iherb.com/image/upload/w_240/f_auto,q_auto:eco/images/cms/banners/dPDP_Authenticity_Graphic2_2025_009en-us.jpg",
"21st Century, Quick Dissolve Melatonin, Cherry, 10 mg, 120 Tablets",,"https://cloudinary.images-iherb.com/image/upload/f_auto,q_auto:eco/images/cen/cen27503/r/47.jpg,https://cloudinary.images-iherb.com/image/upload/f_auto,q_auto:eco/images/cen/cen27503/r/53.jpg,https://cloudinary.images-iherb.com/image/upload/w_240/f_auto,q_auto:eco/images/cms/banners/dPDP_Authenticity_Graphic2_2025_009en-us.jpg,https://cloudinary.images-iherb.com/image/upload/w_240/f_auto,q_auto:eco/images/cms/banners/dPDP_Fresh_Graphic2_2025_003en-us.jpg,https://cloudinary.images-iherb.com/image/upload/f_auto,q_auto:eco/images/cen/cen27503/r/55.jpg",
"Nature's Truth, Magnesium Glycinate Gummies, Delicious Sour Grape, 60 Gummies","₨4,868.35","https://cloudinary.images-iherb.com/image/upload/f_auto,q_auto:eco/images/nth/nth12267/r/24.jpg,https://cloudinary.images-iherb.com/image/upload/f_auto,q_auto:eco/images/nth/nth12267/r/29.jpg,https://cloudinary.images-iherb.com/image/upload/w_240/f_auto,q_auto:eco/images/cms/banners/dPDP_Authenticity_Graphic2_2025_009en-us.jpg,https://cloudinary.images-iherb.com/image/upload/w_240/f_auto,q_auto:eco/images/cms/banners/dPDP_Fresh_Graphic2_2025_003en-us.jpg,https://cloudinary.images-iherb.com/image/upload/f_auto,q_auto:eco/images/nth/nth12267/r/24.jpg",
"Solaray, Magnesium Citrate, 180 VegCaps (133 mg per Capsule)","₨4,767.75","https://cloudinary.images-iherb.com/image/upload/f_auto,q_auto:eco/images/sor/sor37402/r/59.jpg,https://cloudinary.images-iherb.com/image/upload/f_auto,q_auto:eco/images/sor/sor37402/r/62.jpg,https://cloudinary.images-iherb.com/image/upload/w_240/f_auto,q_auto:eco/images/cms/banners/dPDP_Authenticity_Graphic2_2025_009en-us.jpg,https://cloudinary.images-iherb.com/image/upload/w_240/f_auto,q_auto:eco/images/cms/banners/dPDP_Fresh_Graphic2_2025_003en-us.jpg,https://cloudinary.images-iherb.com/image/upload/f_auto,q_auto:eco/images/sor/sor37402/r/59.jpg",
"Natural Factors, Magnesium Pure Bisglycinate, 5.1 oz (145 g)","₨3,755.74","https://cloudinary.images-iherb.com/image/upload/f_auto,q_auto:eco/images/nfs/nfs01642/r/48.jpg,https://cloudinary.images-iherb.com/image/upload/f_auto,q_auto:eco/images/nfs/nfs01642/r/53.jpg,https://cloudinary.images-iherb.com/image/upload/w_240/f_auto,q_auto:eco/images/cms/banners/dPDP_Authenticity_Graphic2_2025_009en-us.jpg,https://cloudinary.images-iherb.com/image/upload/w_240/f_auto,q_auto:eco/images/cms/banners/dPDP_Fresh_Graphic2_2025_003en-us.jpg,https://cloudinary.images-iherb.com/image/upload/f_auto,q_auto:eco/images/nfs/nfs01642/r/48.jpg",
"Life Extension, Melatonin, 1 mg, 60 Capsules","₨1,832.97","https://cloudinary.images-iherb.com/image/upload/f_auto,q_auto:eco/images/lex/lex32906/r/110.jpg,https://cloudinary.images-iherb.com/image/upload/f_auto,q_auto:eco/images/lex/lex32906/r/113.jpg,https://cloudinary.images-iherb.com/image/upload/w_240/f_auto,q_auto:eco/images/cms/banners/dPDP_Authenticity_Graphic2_2025_009en-us.jpg,https://cloudinary.images-iherb.com/image/upload/w_240/f_auto,q_auto:eco/images/cms/banners/dPDP_Fresh_Graphic2_2025_003en-us.jpg,https://cloudinary.images-iherb.com/image/upload/f_auto,q_auto:eco/images/lex/lex32906/r/110.jpg",
"Swanson, Triple Magnesium Complex, 400 mg, 300 Vegan Capsules","₨5,328.34","https://cloudinary.images-iherb.com/image/upload/f_auto,q_auto:eco/images/swv/swv11079/r/56.jpg,https://cloudinary.images-iherb.com/image/upload/f_auto,q_auto:eco/images/swv/swv11079/r/62.jpg,https://cloudinary.images-iherb.com/image/upload/w_240/f_auto,q_auto:eco/images/cms/banners/dPDP_Authenticity_Graphic2_2025_009en-us.jpg,https://cloudinary.images-iherb.com/image/upload/w_240/f_auto,q_auto:eco/images/cms/banners/dPDP_Fresh_Graphic2_2025_003en-us.jpg,https://img.youtube.com/vi/rajQKy4WxkU/0.jpg",
"NOW Foods, Magnesium Citrate, 60 Veg Capsules (133 mg per Capsule)","₨2,374.39","https://cloudinary.images-iherb.com/image/upload/f_auto,q_auto:eco/images/now/now01291/r/16.jpg,https://cloudinary.images-iherb.com/image/upload/f_auto,q_auto:eco/images/now/now01291/r/21.jpg,https://cloudinary.images-iherb.com/image/upload/w_240/f_auto,q_auto:eco/images/cms/banners/dPDP_Authenticity_Graphic2_2025_009en-us.jpg,https://cloudinary.images-iherb.com/image/upload/w_240/f_auto,q_auto:eco/images/cms/banners/dPDP_Fresh_Graphic2_2025_003en-us.jpg,https://cloudinary.images-iherb.com/image/upload/f_auto,q_auto:eco/images/now/now01291/r/16.jpg",
"Solaray, Magnesium Citrate, 90 Capsules (133 mg per Capsule)","₨2,734.47","https://cloudinary.images-iherb.com/image/upload/f_auto,q_auto:eco/images/sor/sor46301/r/53.jpg,https://cloudinary.images-iherb.com/image/upload/f_auto,q_auto:eco/images/sor/sor46301/r/61.jpg,https://cloudinary.images-iherb.com/image/upload/w_240/f_auto,q_auto:eco/images/cms/banners/dPDP_Authenticity_Graphic2_2025_009en-us.jpg,https://cloudinary.images-iherb.com/image/upload/w_240/f_auto,q_auto:eco/images/cms/banners/dPDP_Fresh_Graphic2_2025_003en-us.jpg,https://cloudinary.images-iherb.com/image/upload/f_auto,q_auto:eco/images/sor/sor46301/r/53.jpg",
"KAL, Magnesium Taurate+, 90 Tablets","₨4,497.40","https://cloudinary.images-iherb.com/image/upload/f_auto,q_auto:eco/images/cal/cal36975/r/132.jpg,https://cloudinary.images-iherb.com/image/upload/f_auto,q_auto:eco/images/cal/cal36975/r/140.jpg,https://cloudinary.images-iherb.com/image/upload/w_240/f_auto,q_auto:eco/images/cms/banners/dPDP_Authenticity_Graphic2_2025_009en-us.jpg,https://cloudinary.images-iherb.com/image/upload/w_240/f_auto,q_auto:eco/images/cms/banners/dPDP_Fresh_Graphic2_2025_003en-us.jpg,https://cloudinary.images-iherb.com/image/upload/f_auto,q_auto:eco/images/cal/cal36975/r/132.jpg",
"California Gold Nutrition, Melatonin, 3 mg, 90 Veggie Capsules",,"https://cloudinary.images-iherb.com/image/upload/f_auto,q_auto:eco/images/cgn/cgn02379/r/10.jpg,https://cloudinary.images-iherb.com/image/upload/f_auto,q_auto:eco/images/cgn/cgn02379/r/13.jpg,https://cloudinary.images-iherb.com/image/upload/f_auto,q_auto:eco/images/cgn/cgn02379/r/21.jpg,https://cloudinary.images-iherb.com/image/upload/f_auto,q_auto:eco/images/cgn/cgn02379/r/20.jpg,https://cloudinary.images-iherb.com/image/upload/f_auto,q_auto:eco/images/cgn/cgn02379/r/0.jpg",
"Solgar, Magnesium Citrate, 120 Tablets","₨5,350.12","https://cloudinary.images-iherb.com/image/upload/f_auto,q_auto:eco/images/sol/sol59205/r/86.jpg,https://cloudinary.images-iherb.com/image/upload/f_auto,q_auto:eco/images/sol/sol59205/r/85.jpg,https://cloudinary.images-iherb.com/image/upload/w_240/f_auto,q_auto:eco/images/cms/banners/dPDP_Authenticity_Graphic2_2025_009en-us.jpg,https://cloudinary.images-iherb.com/image/upload/w_240/f_auto,q_auto:eco/images/cms/banners/dPDP_Fresh_Graphic2_2025_003en-us.jpg,https://cloudinary.images-iherb.com/image/upload/f_auto,q_auto:eco/images/sol/sol59205/r/86.jpg",
"NOW Foods, Magnesium Citrate, 180 Softgels (133 mg per Softgel)","₨6,811.21","https://cloudinary.images-iherb.com/image/upload/f_auto,q_auto:eco/images/now/now01298/r/79.jpg,https://cloudinary.images-iherb.com/image/upload/f_auto,q_auto:eco/images/now/now01298/r/84.jpg,https://cloudinary.images-iherb.com/image/upload/w_240/f_auto,q_auto:eco/images/cms/banners/dPDP_Authenticity_Graphic2_2025_009en-us.jpg,https://cloudinary.images-iherb.com/image/upload/w_240/f_auto,q_auto:eco/images/cms/banners/dPDP_Fresh_Graphic2_2025_003en-us.jpg,https://cloudinary.images-iherb.com/image/upload/f_auto,q_auto:eco/images/now/now01298/r/79.jpg",
"California Gold Nutrition, Sport, Zinc, Magnesium, & Vitamin B6, 90 Veggie Capsules","₨3,829.74","https://cloudinary.images-iherb.com/image/upload/f_auto,q_auto:eco/images/cgn/cgn02284/r/12.jpg,https://cloudinary.images-iherb.com/image/upload/f_auto,q_auto:eco/images/cgn/cgn02284/r/15.jpg,https://cloudinary.images-iherb.com/image/upload/f_auto,q_auto:eco/images/cgn/cgn02284/r/21.jpg,https://cloudinary.images-iherb.com/image/upload/f_auto,q_auto:eco/images/cgn/cgn02284/r/22.jpg,https://cloudinary.images-iherb.com/image/upload/f_auto,q_auto:eco/images/cgn/cgn02284/r/1.jpg",
"NOW Foods, L-Tryptophan, 500 mg, 60 Veg Capsules","₨4,211.79","https://cloudinary.images-iherb.com/image/upload/f_auto,q_auto:eco/images/now/now00166/r/8.jpg,https://cloudinary.images-iherb.com/image/upload/f_auto,q_auto:eco/images/now/now00166/r/14.jpg,https://cloudinary.images-iherb.com/image/upload/w_240/f_auto,q_auto:eco/images/cms/banners/dPDP_Authenticity_Graphic2_2025_009en-us.jpg,https://cloudinary.images-iherb.com/image/upload/w_240/f_auto,q_auto:eco/images/cms/banners/dPDP_Fresh_Graphic2_2025_003en-us.jpg,https://cloudinary.images-iherb.com/image/upload/f_auto,q_auto:eco/images/now/now00166/r/18.jpg",
"Thorne, Magnesium Bisglycinate, 6.5 oz (187 g)","₨14,454.04","https://cloudinary.images-iherb.com/image/upload/f_auto,q_auto:eco/images/thr/thr00644/r/96.jpg,https://cloudinary.images-iherb.com/image/upload/f_auto,q_auto:eco/images/thr/thr00644/r/95.jpg,https://cloudinary.images-iherb.com/image/upload/w_240/f_auto,q_auto:eco/images/cms/banners/dPDP_Authenticity_Graphic2_2025_009en-us.jpg,https://cloudinary.images-iherb.com/image/upload/w_240/f_auto,q_auto:eco/images/cms/banners/dPDP_Fresh_Graphic2_2025_003en-us.jpg,https://cloudinary.images-iherb.com/image/upload/f_auto,q_auto:eco/images/thr/thr00644/r/96.jpg",
"Natrol, Melatonin, Time Release, 10 mg, 100 Tablets","₨5,566.97","https://cloudinary.images-iherb.com/image/upload/f_auto,q_auto:eco/images/ntl/ntl07279/r/114.jpg,https://cloudinary.images-iherb.com/image/upload/f_auto,q_auto:eco/images/ntl/ntl07279/r/117.jpg,https://cloudinary.images-iherb.com/image/upload/f_auto,q_auto:eco/images/ntl/ntl07279/r/118.jpg,https://cloudinary.images-iherb.com/image/upload/w_240/f_auto,q_auto:eco/images/cms/banners/dPDP_Authenticity_Graphic2_2025_009en-us.jpg,https://cloudinary.images-iherb.com/image/upload/w_240/f_auto,q_auto:eco/images/cms/banners/dPDP_Fresh_Graphic2_2025_003en-us.jpg",
"Life Extension, Fast-Acting Liquid Melatonin, Citrus-Vanilla, 2 fl oz (59 ml)",,"https://cloudinary.images-iherb.com/image/upload/f_auto,q_auto:eco/images/lex/lex22342/r/88.jpg,https://cloudinary.images-iherb.com/image/upload/f_auto,q_auto:eco/images/lex/lex22342/r/91.jpg,https://cloudinary.images-iherb.com/image/upload/w_240/f_auto,q_auto:eco/images/cms/banners/dPDP_Authenticity_Graphic2_2025_009en-us.jpg,https://cloudinary.images-iherb.com/image/upload/w_240/f_auto,q_auto:eco/images/cms/banners/dPDP_Fresh_Graphic2_2025_003en-us.jpg,https://cloudinary.images-iherb.com/image/upload/f_auto,q_auto:eco/images/lex/lex22342/r/88.jpg",
"NOW Foods, L-Tryptophan, 500 mg, 120 Veg Capsules","₨7,656.48","https://cloudinary.images-iherb.com/image/upload/f_auto,q_auto:eco/images/now/now00167/r/24.jpg,https://cloudinary.images-iherb.com/image/upload/f_auto,q_auto:eco/images/now/now00167/r/30.jpg,https://cloudinary.images-iherb.com/image/upload/f_auto,q_auto:eco/images/now/now00167/r/27.jpg,https://cloudinary.images-iherb.com/image/upload/w_240/f_auto,q_auto:eco/images/cms/banners/dPDP_Authenticity_Graphic2_2025_009en-us.jpg,https://cloudinary.images-iherb.com/image/upload/w_240/f_auto,q_auto:eco/images/cms/banners/dPDP_Fresh_Graphic2_2025_003en-us.jpg",
"Swanson, 5-HTP, 100 mg, 60 Vegan Caps","₨2,200.95","https://cloudinary.images-iherb.com/image/upload/f_auto,q_auto:eco/images/swv/swv02518/r/24.jpg,https://cloudinary.images-iherb.com/image/upload/f_auto,q_auto:eco/images/swv/swv02518/r/30.jpg,https://cloudinary.images-iherb.com/image/upload/w_240/f_auto,q_auto:eco/images/cms/banners/dPDP_Authenticity_Graphic2_2025_009en-us.jpg,https://cloudinary.images-iherb.com/image/upload/w_240/f_auto,q_auto:eco/images/cms/banners/dPDP_Fresh_Graphic2_2025_003en-us.jpg,https://img.youtube.com/vi/rajQKy4WxkU/0.jpg",
"Bluebonnet Nutrition, Buffered Chelated Magnesium, 200 mg , 120 Vegetable Capsules","₨9,893.52","https://cloudinary.images-iherb.com/image/upload/f_auto,q_auto:eco/images/blb/blb00673/r/45.jpg,https://cloudinary.images-iherb.com/image/upload/f_auto,q_auto:eco/images/blb/blb00673/r/51.jpg,https://cloudinary.images-iherb.com/image/upload/w_240/f_auto,q_auto:eco/images/cms/banners/dPDP_Authenticity_Graphic2_2025_009en-us.jpg,https://cloudinary.images-iherb.com/image/upload/w_240/f_auto,q_auto:eco/images/cms/banners/dPDP_Fresh_Graphic2_2025_003en-us.jpg,https://cloudinary.images-iherb.com/image/upload/f_auto,q_auto:eco/images/blb/blb00673/r/45.jpg",
"NOW Foods, Magnesium Glycinate With BioPerine®, 180 Veg Capsules","₨5,989.06","https://cloudinary.images-iherb.com/image/upload/f_auto,q_auto:eco/images/now/now01287/r/8.jpg,https://cloudinary.images-iherb.com/image/upload/f_auto,q_auto:eco/images/now/now01287/r/10.jpg,https://cloudinary.images-iherb.com/image/upload/w_240/f_auto,q_auto:eco/images/cms/banners/dPDP_Authenticity_Graphic2_2025_009en-us.jpg,https://cloudinary.images-iherb.com/image/upload/w_240/f_auto,q_auto:eco/images/cms/banners/dPDP_Fresh_Graphic2_2025_003en-us.jpg,https://cloudinary.images-iherb.com/image/upload/f_auto,q_auto:eco/images/now/now01287/r/8.jpg",
"Doctor's Best, High Absorption Magnesium Powder, 7.1 oz (200 g)","₨5,835.27","https://cloudinary.images-iherb.com/image/upload/f_auto,q_auto:eco/images/drb/drb00408/r/115.jpg,https://cloudinary.images-iherb.com/image/upload/f_auto,q_auto:eco/images/drb/drb00408/r/120.jpg,https://cloudinary.images-iherb.com/image/upload/w_240/f_auto,q_auto:eco/images/cms/banners/dPDP_Authenticity_Graphic2_2025_009en-us.jpg,https://cloudinary.images-iherb.com/image/upload/w_240/f_auto,q_auto:eco/images/cms/banners/dPDP_Fresh_Graphic2_2025_003en-us.jpg,https://cloudinary.images-iherb.com/image/upload/f_auto,q_auto:eco/images/drb/drb00408/r/115.jpg",
"Metabolic Maintenance, Magnesium Glycinate, 180 Capsules","₨9,652.05","https://cloudinary.images-iherb.com/image/upload/f_auto,q_auto:eco/images/mbm/mbm00439/r/55.jpg,https://cloudinary.images-iherb.com/image/upload/f_auto,q_auto:eco/images/mbm/mbm00439/r/60.jpg,https://cloudinary.images-iherb.com/image/upload/w_240/f_auto,q_auto:eco/images/cms/banners/dPDP_Authenticity_Graphic2_2025_009en-us.jpg,https://cloudinary.images-iherb.com/image/upload/w_240/f_auto,q_auto:eco/images/cms/banners/dPDP_Fresh_Graphic2_2025_003en-us.jpg,https://cloudinary.images-iherb.com/image/upload/f_auto,q_auto:eco/images/mbm/mbm00439/r/55.jpg",
"Thorne, Melaton-3™, 60 Capsules (3 mg per Capsule)","₨4,336.21","https://cloudinary.images-iherb.com/image/upload/f_auto,q_auto:eco/images/thr/thr78802/r/53.jpg,https://cloudinary.images-iherb.com/image/upload/f_auto,q_auto:eco/images/thr/thr78802/r/58.jpg,https://cloudinary.images-iherb.com/image/upload/w_240/f_auto,q_auto:eco/images/cms/banners/dPDP_Authenticity_Graphic2_2025_009en-us.jpg,https://cloudinary.images-iherb.com/image/upload/w_240/f_auto,q_auto:eco/images/cms/banners/dPDP_Fresh_Graphic2_2025_003en-us.jpg,https://cloudinary.images-iherb.com/image/upload/f_auto,q_auto:eco/images/thr/thr78802/r/53.jpg",
"NOW Foods, L-Tryptophan, 1,000 mg, 60 Tablets","₨6,231.89","https://cloudinary.images-iherb.com/image/upload/f_auto,q_auto:eco/images/now/now00169/r/28.jpg,https://cloudinary.images-iherb.com/image/upload/f_auto,q_auto:eco/images/now/now00169/r/33.jpg,https://cloudinary.images-iherb.com/image/upload/f_auto,q_auto:eco/images/now/now00169/r/16.jpg,https://cloudinary.images-iherb.com/image/upload/f_auto,q_auto:eco/images/now/now00169/r/17.jpg,https://cloudinary.images-iherb.com/image/upload/f_auto,q_auto:eco/images/now/now00169/r/18.jpg",
"Carlson, Chelated Magnesium Glycinate, 200 mg, 90 Tablets","₨4,419.47","https://cloudinary.images-iherb.com/image/upload/f_auto,q_auto:eco/images/car/car05611/r/24.jpg,https://cloudinary.images-iherb.com/image/upload/f_auto,q_auto:eco/images/car/car05611/r/29.jpg,https://cloudinary.images-iherb.com/image/upload/w_240/f_auto,q_auto:eco/images/cms/banners/dPDP_Authenticity_Graphic2_2025_009en-us.jpg,https://cloudinary.images-iherb.com/image/upload/w_240/f_auto,q_auto:eco/images/cms/banners/dPDP_Fresh_Graphic2_2025_003en-us.jpg,https://cloudinary.images-iherb.com/image/upload/f_auto,q_auto:eco/images/car/car05611/r/24.jpg",
"Seeking Health, Optimal Magnesium, 150 mg, 90 Vegetarian Capsules","₨4,895.87","https://cloudinary.images-iherb.com/image/upload/f_auto,q_auto:eco/images/skh/skh52064/r/96.jpg,https://cloudinary.images-iherb.com/image/upload/f_auto,q_auto:eco/images/skh/skh52064/r/101.jpg,https://cloudinary.images-iherb.com/image/upload/w_240/f_auto,q_auto:eco/images/cms/banners/dPDP_Authenticity_Graphic2_2025_009en-us.jpg,https://cloudinary.images-iherb.com/image/upload/w_240/f_auto,q_auto:eco/images/cms/banners/dPDP_Fresh_Graphic2_2025_003en-us.jpg,https://cloudinary.images-iherb.com/image/upload/f_auto,q_auto:eco/images/skh/skh52064/r/96.jpg",
"NOW Foods, Valerian Root, 500 mg, 100 Veg Capsules","₨2,367.46","https://cloudinary.images-iherb.com/image/upload/f_auto,q_auto:eco/images/now/now04770/r/30.jpg,https://cloudinary.images-iherb.com/image/upload/f_auto,q_auto:eco/images/now/now04770/r/36.jpg,https://cloudinary.images-iherb.com/image/upload/w_240/f_auto,q_auto:eco/images/cms/banners/dPDP_Authenticity_Graphic2_2025_009en-us.jpg,https://cloudinary.images-iherb.com/image/upload/w_240/f_auto,q_auto:eco/images/cms/banners/dPDP_Fresh_Graphic2_2025_003en-us.jpg,https://cloudinary.images-iherb.com/image/upload/f_auto,q_auto:eco/images/now/now04770/r/40.jpg",
"NOW Foods, Magnesium Citrate Pure Powder, 8 oz (227 g)","₨4,141.26","https://cloudinary.images-iherb.com/image/upload/f_auto,q_auto:eco/images/now/now01295/r/52.jpg,https://cloudinary.images-iherb.com/image/upload/f_auto,q_auto:eco/images/now/now01295/r/54.jpg,https://cloudinary.images-iherb.com/image/upload/w_240/f_auto,q_auto:eco/images/cms/banners/dPDP_Authenticity_Graphic2_2025_009en-us.jpg,https://cloudinary.images-iherb.com/image/upload/w_240/f_auto,q_auto:eco/images/cms/banners/dPDP_Fresh_Graphic2_2025_003en-us.jpg,https://cloudinary.images-iherb.com/image/upload/f_auto,q_auto:eco/images/now/now01295/r/52.jpg",
"Natrol, Melatonin Gummies, Strawberry, 140 Gummies (5 mg per Gummy)",,"https://cloudinary.images-iherb.com/image/upload/f_auto,q_auto:eco/images/ntl/ntl07683/r/64.jpg,https://cloudinary.images-iherb.com/image/upload/f_auto,q_auto:eco/images/ntl/ntl07683/r/70.jpg,https://cloudinary.images-iherb.com/image/upload/w_240/f_auto,q_auto:eco/images/cms/banners/dPDP_Authenticity_Graphic2_2025_009en-us.jpg,https://cloudinary.images-iherb.com/image/upload/w_240/f_auto,q_auto:eco/images/cms/banners/dPDP_Fresh_Graphic2_2025_003en-us.jpg,https://cloudinary.images-iherb.com/image/upload/f_auto,q_auto:eco/images/ntl/ntl07683/r/64.jpg",
"Swanson, Melatonin, 5 mg, 60 Capsules","₨1,448.64","https://cloudinary.images-iherb.com/image/upload/f_auto,q_auto:eco/images/swv/swv11811/r/24.jpg,https://cloudinary.images-iherb.com/image/upload/f_auto,q_auto:eco/images/swv/swv11811/r/30.jpg,https://cloudinary.images-iherb.com/image/upload/w_240/f_auto,q_auto:eco/images/cms/banners/dPDP_Authenticity_Graphic2_2025_009en-us.jpg,https://cloudinary.images-iherb.com/image/upload/w_240/f_auto,q_auto:eco/images/cms/banners/dPDP_Fresh_Graphic2_2025_003en-us.jpg,https://cloudinary.images-iherb.com/image/upload/f_auto,q_auto:eco/images/swv/swv11811/r/24.jpg",
"Mommy's Bliss, Kids Sleep Liquid with Melatonin, Age 3 Years+, Natural Grape, 4 fl oz (120 ml)","₨3,151.44","https://cloudinary.images-iherb.com/image/upload/f_auto,q_auto:eco/images/bab/bab07183/r/84.jpg,https://cloudinary.images-iherb.com/image/upload/f_auto,q_auto:eco/images/bab/bab07183/r/88.jpg,https://cloudinary.images-iherb.com/image/upload/f_auto,q_auto:eco/images/bab/bab07183/r/76.jpg,https://cloudinary.images-iherb.com/image/upload/f_auto,q_auto:eco/images/bab/bab07183/r/85.jpg,https://cloudinary.images-iherb.com/image/upload/w_240/f_auto,q_auto:eco/images/cms/banners/dPDP_Authenticity_Graphic2_2025_009en-us.jpg",
"MegaFood, Relax + Calm Magnesium Soft Chews, Grape, 30 Individually Wrapped Soft Chews (125 mg per Chew)","₨4,334.36","https://cloudinary.images-iherb.com/image/upload/f_auto,q_auto:eco/images/mgf/mgf10399/r/5.jpg,https://cloudinary.images-iherb.com/image/upload/f_auto,q_auto:eco/images/mgf/mgf10399/r/6.jpg,https://cloudinary.images-iherb.com/image/upload/w_240/f_auto,q_auto:eco/images/cms/banners/dPDP_Authenticity_Graphic2_2025_009en-us.jpg,https://cloudinary.images-iherb.com/image/upload/w_240/f_auto,q_auto:eco/images/cms/banners/dPDP_Fresh_Graphic2_2025_003en-us.jpg,https://cloudinary.images-iherb.com/image/upload/f_auto,q_auto:eco/images/mgf/mgf10399/r/5.jpg",
"Swanson, Melatonin, 3 mg, 120 Vegan Capsules","₨1,211.25","https://cloudinary.images-iherb.com/image/upload/f_auto,q_auto:eco/images/swv/swv01502/r/40.jpg,https://cloudinary.images-iherb.com/image/upload/f_auto,q_auto:eco/images/swv/swv01502/r/46.jpg,https://cloudinary.images-iherb.com/image/upload/w_240/f_auto,q_auto:eco/images/cms/banners/dPDP_Authenticity_Graphic2_2025_009en-us.jpg,https://cloudinary.images-iherb.com/image/upload/w_240/f_auto,q_auto:eco/images/cms/banners/dPDP_Fresh_Graphic2_2025_003en-us.jpg,https://cloudinary.images-iherb.com/image/upload/f_auto,q_auto:eco/images/swv/swv01502/r/40.jpg",
"NOW Foods, Melatonin, 10 mg, 100 Veg Capsules","₨3,435.90","https://cloudinary.images-iherb.com/image/upload/f_auto,q_auto:eco/images/now/now03557/r/40.jpg,https://cloudinary.images-iherb.com/image/upload/f_auto,q_auto:eco/images/now/now03557/r/45.jpg,https://cloudinary.images-iherb.com/image/upload/w_240/f_auto,q_auto:eco/images/cms/banners/dPDP_Authenticity_Graphic2_2025_009en-us.jpg,https://cloudinary.images-iherb.com/image/upload/w_240/f_auto,q_auto:eco/images/cms/banners/dPDP_Fresh_Graphic2_2025_003en-us.jpg,https://cloudinary.images-iherb.com/image/upload/f_auto,q_auto:eco/images/now/now03557/r/55.jpg",
"Nordic Naturals, Magnesium Complex, 90 Capsules","₨6,139.38","https://cloudinary.images-iherb.com/image/upload/f_auto,q_auto:eco/images/nor/nor01533/r/108.jpg,https://cloudinary.images-iherb.com/image/upload/f_auto,q_auto:eco/images/nor/nor01533/r/111.jpg,https://cloudinary.images-iherb.com/image/upload/f_auto,q_auto:eco/images/nor/nor01533/r/100.jpg,https://cloudinary.images-iherb.com/image/upload/w_240/f_auto,q_auto:eco/images/cms/banners/dPDP_Authenticity_Graphic2_2025_009en-us.jpg,https://cloudinary.images-iherb.com/image/upload/w_240/f_auto,q_auto:eco/images/cms/banners/dPDP_Fresh_Graphic2_2025_003en-us.jpg",
"Country Life, Chelated Magnesium Glycinate, 180 Tablets (133 mg per Tablet)","₨8,398.19","https://cloudinary.images-iherb.com/image/upload/f_auto,q_auto:eco/images/clf/clf02681/r/44.jpg,https://cloudinary.images-iherb.com/image/upload/f_auto,q_auto:eco/images/clf/clf02681/r/50.jpg,https://cloudinary.images-iherb.com/image/upload/w_240/f_auto,q_auto:eco/images/cms/banners/dPDP_Authenticity_Graphic2_2025_009en-us.jpg,https://cloudinary.images-iherb.com/image/upload/w_240/f_auto,q_auto:eco/images/cms/banners/dPDP_Fresh_Graphic2_2025_003en-us.jpg,https://cloudinary.images-iherb.com/image/upload/f_auto,q_auto:eco/images/clf/clf02681/r/44.jpg",
"Natrol, Melatonin, 5 mg, 60 Tablets","₨3,329.75","https://cloudinary.images-iherb.com/image/upload/f_auto,q_auto:eco/images/ntl/ntl04462/r/77.jpg,https://cloudinary.images-iherb.com/image/upload/f_auto,q_auto:eco/images/ntl/ntl04462/r/82.jpg,https://cloudinary.images-iherb.com/image/upload/w_240/f_auto,q_auto:eco/images/cms/banners/dPDP_Authenticity_Graphic2_2025_009en-us.jpg,https://cloudinary.images-iherb.com/image/upload/w_240/f_auto,q_auto:eco/images/cms/banners/dPDP_Fresh_Graphic2_2025_003en-us.jpg,https://img.youtube.com/vi/ifL09NlJFDE/0.jpg",
"Dr. Mercola, H2 Molecular Hydrogen, 90 Tablets","₨17,346.18","https://cloudinary.images-iherb.com/image/upload/f_auto,q_auto:eco/images/mcl/mcl03256/r/41.jpg,https://cloudinary.images-iherb.com/image/upload/f_auto,q_auto:eco/images/mcl/mcl03256/r/46.jpg,https://cloudinary.images-iherb.com/image/upload/w_240/f_auto,q_auto:eco/images/cms/banners/dPDP_Authenticity_Graphic2_2025_009en-us.jpg,https://cloudinary.images-iherb.com/image/upload/w_240/f_auto,q_auto:eco/images/cms/banners/dPDP_Fresh_Graphic2_2025_003en-us.jpg,https://cloudinary.images-iherb.com/image/upload/f_auto,q_auto:eco/images/mcl/mcl03256/r/41.jpg",
"Swanson, Magnesium Taurate, 120 tablets (100 mg per Tablet)","₨3,854.03","https://cloudinary.images-iherb.com/image/upload/f_auto,q_auto:eco/images/swv/swv11364/r/24.jpg,https://cloudinary.images-iherb.com/image/upload/f_auto,q_auto:eco/images/swv/swv11364/r/30.jpg,https://cloudinary.images-iherb.com/image/upload/w_240/f_auto,q_auto:eco/images/cms/banners/dPDP_Authenticity_Graphic2_2025_009en-us.jpg,https://cloudinary.images-iherb.com/image/upload/w_240/f_auto,q_auto:eco/images/cms/banners/dPDP_Fresh_Graphic2_2025_003en-us.jpg,https://cloudinary.images-iherb.com/image/upload/f_auto,q_auto:eco/images/swv/swv11364/r/24.jpg",
"KAL, Think Magnesium L-Threonate, 60 Tablets","₨8,067.90","https://cloudinary.images-iherb.com/image/upload/f_auto,q_auto:eco/images/cal/cal27193/r/115.jpg,https://cloudinary.images-iherb.com/image/upload/f_auto,q_auto:eco/images/cal/cal27193/r/123.jpg,https://cloudinary.images-iherb.com/image/upload/w_240/f_auto,q_auto:eco/images/cms/banners/dPDP_Authenticity_Graphic2_2025_009en-us.jpg,https://cloudinary.images-iherb.com/image/upload/w_240/f_auto,q_auto:eco/images/cms/banners/dPDP_Fresh_Graphic2_2025_003en-us.jpg,https://cloudinary.images-iherb.com/image/upload/f_auto,q_auto:eco/images/cal/cal27193/r/115.jpg",
"California Gold Nutrition, Magnesium Complex, 300 mg, 250 Tablets","₨3,024.94","https://cloudinary.images-iherb.com/image/upload/f_auto,q_auto:eco/images/lkn/lkn01660/r/119.jpg,https://cloudinary.images-iherb.com/image/upload/f_auto,q_auto:eco/images/lkn/lkn01660/r/121.jpg,https://cloudinary.images-iherb.com/image/upload/f_auto,q_auto:eco/images/lkn/lkn01660/r/122.jpg,https://cloudinary.images-iherb.com/image/upload/f_auto,q_auto:eco/images/lkn/lkn01660/r/90.jpg,https://cloudinary.images-iherb.com/image/upload/f_auto,q_auto:eco/images/lkn/lkn01660/r/99.jpg",
"Nutricost, L-Tryptophan, 500 mg, 120 Capsules","₨4,463.18","https://cloudinary.images-iherb.com/image/upload/f_auto,q_auto:eco/images/ncs/ncs67938/r/24.jpg,https://cloudinary.images-iherb.com/image/upload/f_auto,q_auto:eco/images/ncs/ncs67938/r/29.jpg,https://cloudinary.images-iherb.com/image/upload/w_240/f_auto,q_auto:eco/images/cms/banners/dPDP_Authenticity_Graphic2_2025_009en-us.jpg,https://cloudinary.images-iherb.com/image/upload/w_240/f_auto,q_auto:eco/images/cms/banners/dPDP_Fresh_Graphic2_2025_003en-us.jpg,https://cloudinary.images-iherb.com/image/upload/f_auto,q_auto:eco/images/ncs/ncs67938/r/24.jpg",
"Natrol, Melatonin Gummies, Strawberry, 5 mg, 90 Gummies","₨5,050.36","https://cloudinary.images-iherb.com/image/upload/f_auto,q_auto:eco/images/ntl/ntl07332/r/66.jpg,https://cloudinary.images-iherb.com/image/upload/f_auto,q_auto:eco/images/ntl/ntl07332/r/72.jpg,https://cloudinary.images-iherb.com/image/upload/w_240/f_auto,q_auto:eco/images/cms/banners/dPDP_Authenticity_Graphic2_2025_009en-us.jpg,https://cloudinary.images-iherb.com/image/upload/w_240/f_auto,q_auto:eco/images/cms/banners/dPDP_Fresh_Graphic2_2025_003en-us.jpg,https://img.youtube.com/vi/tv0sAngwjFA/0.jpg",
"Source Naturals, Magnesium Malate, 200 Capsules","₨5,017.06","https://cloudinary.images-iherb.com/image/upload/f_auto,q_auto:eco/images/sns/sns01600/r/50.jpg,https://cloudinary.images-iherb.com/image/upload/f_auto,q_auto:eco/images/sns/sns01600/r/56.jpg,https://cloudinary.images-iherb.com/image/upload/w_240/f_auto,q_auto:eco/images/cms/banners/dPDP_Authenticity_Graphic2_2025_009en-us.jpg,https://cloudinary.images-iherb.com/image/upload/w_240/f_auto,q_auto:eco/images/cms/banners/dPDP_Fresh_Graphic2_2025_003en-us.jpg,https://cloudinary.images-iherb.com/image/upload/f_auto,q_auto:eco/images/sns/sns01600/r/50.jpg",
"Boiron, SleepCalm®, Unflavored, 60 Meltaway Tablets","₨3,442.86","https://cloudinary.images-iherb.com/image/upload/f_auto,q_auto:eco/images/boi/boi31004/r/59.jpg,https://cloudinary.images-iherb.com/image/upload/f_auto,q_auto:eco/images/boi/boi31004/r/60.jpg,https://cloudinary.images-iherb.com/image/upload/f_auto,q_auto:eco/images/boi/boi31004/r/61.jpg,https://cloudinary.images-iherb.com/image/upload/w_240/f_auto,q_auto:eco/images/cms/banners/dPDP_Authenticity_Graphic2_2025_009en-us.jpg,https://cloudinary.images-iherb.com/image/upload/w_240/f_auto,q_auto:eco/images/cms/banners/dPDP_Fresh_Graphic2_2025_003en-us.jpg",
"21st Century, Melatonin, 3 mg, 200 Tablets",,"https://cloudinary.images-iherb.com/image/upload/f_auto,q_auto:eco/images/cen/cen22721/r/34.jpg,https://cloudinary.images-iherb.com/image/upload/f_auto,q_auto:eco/images/cen/cen22721/r/40.jpg,https://cloudinary.images-iherb.com/image/upload/w_240/f_auto,q_auto:eco/images/cms/banners/dPDP_Authenticity_Graphic2_2025_009en-us.jpg,https://cloudinary.images-iherb.com/image/upload/w_240/f_auto,q_auto:eco/images/cms/banners/dPDP_Fresh_Graphic2_2025_003en-us.jpg,https://cloudinary.images-iherb.com/image/upload/f_auto,q_auto:eco/images/cen/cen22721/r/42.jpg",
"Nutricost, Magnesium Taurate, 240 Capsules (500 mg per Capsule)","₨5,066.55","https://cloudinary.images-iherb.com/image/upload/f_auto,q_auto:eco/images/ncs/ncs67859/r/24.jpg,https://cloudinary.images-iherb.com/image/upload/f_auto,q_auto:eco/images/ncs/ncs67859/r/29.jpg,https://cloudinary.images-iherb.com/image/upload/w_240/f_auto,q_auto:eco/images/cms/banners/dPDP_Authenticity_Graphic2_2025_009en-us.jpg,https://cloudinary.images-iherb.com/image/upload/w_240/f_auto,q_auto:eco/images/cms/banners/dPDP_Fresh_Graphic2_2025_003en-us.jpg,https://cloudinary.images-iherb.com/image/upload/f_auto,q_auto:eco/images/ncs/ncs67859/r/24.jpg",
"Life Extension, Potassium with Extend-Release Magnesium, 60 Vegetarian Capsules","₨3,414.77","https://cloudinary.images-iherb.com/image/upload/f_auto,q_auto:eco/images/lex/lex23096/r/66.jpg,https://cloudinary.images-iherb.com/image/upload/f_auto,q_auto:eco/images/lex/lex23096/r/71.jpg,https://cloudinary.images-iherb.com/image/upload/w_240/f_auto,q_auto:eco/images/cms/banners/dPDP_Authenticity_Graphic2_2025_009en-us.jpg,https://cloudinary.images-iherb.com/image/upload/w_240/f_auto,q_auto:eco/images/cms/banners/dPDP_Fresh_Graphic2_2025_003en-us.jpg,https://cloudinary.images-iherb.com/image/upload/f_auto,q_auto:eco/images/lex/lex23096/r/66.jpg",
"NOW Foods, Solutions, 100% Pure Magnesium Flakes, 54 oz (1531 g)","₨7,533.45","https://cloudinary.images-iherb.com/image/upload/f_auto,q_auto:eco/images/now/now07738/r/23.jpg,https://cloudinary.images-iherb.com/image/upload/f_auto,q_auto:eco/images/now/now07738/r/25.jpg,https://cloudinary.images-iherb.com/image/upload/w_240/f_auto,q_auto:eco/images/cms/banners/dPDP_Authenticity_Graphic2_2025_009en-us.jpg,https://cloudinary.images-iherb.com/image/upload/w_240/f_auto,q_auto:eco/images/cms/banners/dPDP_Fresh_Graphic2_2025_003en-us.jpg,https://cloudinary.images-iherb.com/image/upload/f_auto,q_auto:eco/images/now/now07738/r/32.jpg",
"Swanson, Triple Magnesium Complex, 400 mg, 30 Vegan Capsules",₨886.67,"https://cloudinary.images-iherb.com/image/upload/f_auto,q_auto:eco/images/swv/swv11243/r/24.jpg,https://cloudinary.images-iherb.com/image/upload/f_auto,q_auto:eco/images/swv/swv11243/r/30.jpg,https://cloudinary.images-iherb.com/image/upload/w_240/f_auto,q_auto:eco/images/cms/banners/dPDP_Authenticity_Graphic2_2025_009en-us.jpg,https://cloudinary.images-iherb.com/image/upload/w_240/f_auto,q_auto:eco/images/cms/banners/dPDP_Fresh_Graphic2_2025_003en-us.jpg,https://cloudinary.images-iherb.com/image/upload/f_auto,q_auto:eco/images/swv/swv11243/r/24.jpg",
"Life Extension, Melatonin, 3 mg, 60 Vegetarian Capsules","₨2,276.51","https://cloudinary.images-iherb.com/image/upload/f_auto,q_auto:eco/images/lex/lex33006/r/90.jpg,https://cloudinary.images-iherb.com/image/upload/f_auto,q_auto:eco/images/lex/lex33006/r/93.jpg,https://cloudinary.images-iherb.com/image/upload/w_240/f_auto,q_auto:eco/images/cms/banners/dPDP_Authenticity_Graphic2_2025_009en-us.jpg,https://cloudinary.images-iherb.com/image/upload/w_240/f_auto,q_auto:eco/images/cms/banners/dPDP_Fresh_Graphic2_2025_003en-us.jpg,https://cloudinary.images-iherb.com/image/upload/f_auto,q_auto:eco/images/lex/lex33006/r/90.jpg",
"Solaray, Calcium Magnesium Zinc, 100 VegCaps","₨2,776.10","https://cloudinary.images-iherb.com/image/upload/f_auto,q_auto:eco/images/sor/sor04560/r/40.jpg,https://cloudinary.images-iherb.com/image/upload/f_auto,q_auto:eco/images/sor/sor04560/r/48.jpg,https://cloudinary.images-iherb.com/image/upload/w_240/f_auto,q_auto:eco/images/cms/banners/dPDP_Authenticity_Graphic2_2025_009en-us.jpg,https://cloudinary.images-iherb.com/image/upload/w_240/f_auto,q_auto:eco/images/cms/banners/dPDP_Fresh_Graphic2_2025_003en-us.jpg,https://cloudinary.images-iherb.com/image/upload/f_auto,q_auto:eco/images/sor/sor04560/r/40.jpg",
"Swanson, Full Spectrum® Passion Flower, 500 mg, 60 Capsules","₨1,206.74","https://cloudinary.images-iherb.com/image/upload/f_auto,q_auto:eco/images/swv/swv11143/r/24.jpg,https://cloudinary.images-iherb.com/image/upload/f_auto,q_auto:eco/images/swv/swv11143/r/30.jpg,https://cloudinary.images-iherb.com/image/upload/w_240/f_auto,q_auto:eco/images/cms/banners/dPDP_Authenticity_Graphic2_2025_009en-us.jpg,https://cloudinary.images-iherb.com/image/upload/w_240/f_auto,q_auto:eco/images/cms/banners/dPDP_Fresh_Graphic2_2025_003en-us.jpg,https://cloudinary.images-iherb.com/image/upload/f_auto,q_auto:eco/images/swv/swv11143/r/24.jpg",
"21st Century, Magnesium, 250 mg, 250 Tablets",,"https://cloudinary.images-iherb.com/image/upload/f_auto,q_auto:eco/images/cen/cen28050/r/12.jpg,https://cloudinary.images-iherb.com/image/upload/f_auto,q_auto:eco/images/cen/cen28050/r/18.jpg,https://cloudinary.images-iherb.com/image/upload/w_240/f_auto,q_auto:eco/images/cms/banners/dPDP_Authenticity_Graphic2_2025_009en-us.jpg,https://cloudinary.images-iherb.com/image/upload/w_240/f_auto,q_auto:eco/images/cms/banners/dPDP_Fresh_Graphic2_2025_003en-us.jpg,https://cloudinary.images-iherb.com/image/upload/f_auto,q_auto:eco/images/cen/cen28050/r/12.jpg",
"NOW Foods, Valerian Root, 500 mg, 250 Veg Capsules","₨4,774.92","https://cloudinary.images-iherb.com/image/upload/f_auto,q_auto:eco/images/now/now04771/r/44.jpg,https://cloudinary.images-iherb.com/image/upload/f_auto,q_auto:eco/images/now/now04771/r/50.jpg,https://cloudinary.images-iherb.com/image/upload/w_240/f_auto,q_auto:eco/images/cms/banners/dPDP_Authenticity_Graphic2_2025_009en-us.jpg,https://cloudinary.images-iherb.com/image/upload/w_240/f_auto,q_auto:eco/images/cms/banners/dPDP_Fresh_Graphic2_2025_003en-us.jpg,https://cloudinary.images-iherb.com/image/upload/f_auto,q_auto:eco/images/now/now04771/r/54.jpg",
"Swanson, Magnesium Citrate, 240 Tablets","₨4,598.70","https://cloudinary.images-iherb.com/image/upload/f_auto,q_auto:eco/images/swv/swv21082/r/24.jpg,https://cloudinary.images-iherb.com/image/upload/f_auto,q_auto:eco/images/swv/swv21082/r/29.jpg,https://cloudinary.images-iherb.com/image/upload/w_240/f_auto,q_auto:eco/images/cms/banners/dPDP_Authenticity_Graphic2_2025_009en-us.jpg,https://cloudinary.images-iherb.com/image/upload/w_240/f_auto,q_auto:eco/images/cms/banners/dPDP_Fresh_Graphic2_2025_003en-us.jpg,https://img.youtube.com/vi/rajQKy4WxkU/0.jpg",
"NOW Foods, Magnesium Citrate, 90 Softgels (133 mg per Softgel)","₨3,685.66","https://cloudinary.images-iherb.com/image/upload/f_auto,q_auto:eco/images/now/now01297/r/47.jpg,https://cloudinary.images-iherb.com/image/upload/f_auto,q_auto:eco/images/now/now01297/r/52.jpg,https://cloudinary.images-iherb.com/image/upload/w_240/f_auto,q_auto:eco/images/cms/banners/dPDP_Authenticity_Graphic2_2025_009en-us.jpg,https://cloudinary.images-iherb.com/image/upload/w_240/f_auto,q_auto:eco/images/cms/banners/dPDP_Fresh_Graphic2_2025_003en-us.jpg,https://cloudinary.images-iherb.com/image/upload/f_auto,q_auto:eco/images/now/now01297/r/47.jpg",
"Trace, Mega-Mag, 400 mg, 4 fl oz (118 ml)","₨6,411.43","https://cloudinary.images-iherb.com/image/upload/f_auto,q_auto:eco/images/tmr/tmr00025/r/39.jpg,https://cloudinary.images-iherb.com/image/upload/f_auto,q_auto:eco/images/tmr/tmr00025/r/45.jpg,https://cloudinary.images-iherb.com/image/upload/w_240/f_auto,q_auto:eco/images/cms/banners/dPDP_Authenticity_Graphic2_2025_009en-us.jpg,https://cloudinary.images-iherb.com/image/upload/w_240/f_auto,q_auto:eco/images/cms/banners/dPDP_Fresh_Graphic2_2025_003en-us.jpg,https://cloudinary.images-iherb.com/image/upload/f_auto,q_auto:eco/images/tmr/tmr00025/r/39.jpg",
"Nutricost, Magnesium+, Extra-Strength, 240 Capsules (210 mg per Capsule)","₨5,713.62","https://cloudinary.images-iherb.com/image/upload/f_auto,q_auto:eco/images/ncs/ncs67209/r/48.jpg,https://cloudinary.images-iherb.com/image/upload/f_auto,q_auto:eco/images/ncs/ncs67209/r/51.jpg,https://cloudinary.images-iherb.com/image/upload/w_240/f_auto,q_auto:eco/images/cms/banners/dPDP_Authenticity_Graphic2_2025_009en-us.jpg,https://cloudinary.images-iherb.com/image/upload/w_240/f_auto,q_auto:eco/images/cms/banners/dPDP_Fresh_Graphic2_2025_003en-us.jpg,https://cloudinary.images-iherb.com/image/upload/f_auto,q_auto:eco/images/ncs/ncs67209/r/48.jpg",
"Solgar, Magnesium With B6, 100 Tablets","₨2,770.08","https://cloudinary.images-iherb.com/image/upload/f_auto,q_auto:eco/images/sol/sol01720/r/8.jpg,https://cloudinary.images-iherb.com/image/upload/f_auto,q_auto:eco/images/sol/sol01720/r/14.jpg,https://cloudinary.images-iherb.com/image/upload/w_240/f_auto,q_auto:eco/images/cms/banners/dPDP_Authenticity_Graphic2_2025_009en-us.jpg,https://cloudinary.images-iherb.com/image/upload/w_240/f_auto,q_auto:eco/images/cms/banners/dPDP_Fresh_Graphic2_2025_003en-us.jpg,https://cloudinary.images-iherb.com/image/upload/f_auto,q_auto:eco/images/sol/sol01720/r/8.jpg",
"Life-flo, Migrazap™ Magnesium Roll-On, 0.24 fl oz (7 ml)","₨2,383.18","https://cloudinary.images-iherb.com/image/upload/f_auto,q_auto:eco/images/lfh/lfh35891/r/48.jpg,https://cloudinary.images-iherb.com/image/upload/f_auto,q_auto:eco/images/lfh/lfh35891/r/46.jpg,https://cloudinary.images-iherb.com/image/upload/f_auto,q_auto:eco/images/lfh/lfh35891/r/47.jpg,https://cloudinary.images-iherb.com/image/upload/w_240/f_auto,q_auto:eco/images/cms/banners/dPDP_Authenticity_Graphic2_2025_009en-us.jpg,https://cloudinary.images-iherb.com/image/upload/w_240/f_auto,q_auto:eco/images/cms/banners/dPDP_Fresh_Graphic2_2025_003en-us.jpg",
"Carlson, Chelated Magnesium Glycinate, 200 mg, 180 Tablets","₨8,299.63","https://cloudinary.images-iherb.com/image/upload/f_auto,q_auto:eco/images/car/car05612/r/62.jpg,https://cloudinary.images-iherb.com/image/upload/f_auto,q_auto:eco/images/car/car05612/r/67.jpg,https://cloudinary.images-iherb.com/image/upload/w_240/f_auto,q_auto:eco/images/cms/banners/dPDP_Authenticity_Graphic2_2025_009en-us.jpg,https://cloudinary.images-iherb.com/image/upload/w_240/f_auto,q_auto:eco/images/cms/banners/dPDP_Fresh_Graphic2_2025_003en-us.jpg,https://cloudinary.images-iherb.com/image/upload/f_auto,q_auto:eco/images/car/car05612/r/62.jpg",
"21st Century, Chelated Magnesium Glycinate, 90 Capsules, (100 mg per Capsule)",,"https://cloudinary.images-iherb.com/image/upload/f_auto,q_auto:eco/images/cen/cen28064/r/8.jpg,https://cloudinary.images-iherb.com/image/upload/f_auto,q_auto:eco/images/cen/cen28064/r/14.jpg,https://cloudinary.images-iherb.com/image/upload/w_240/f_auto,q_auto:eco/images/cms/banners/dPDP_Authenticity_Graphic2_2025_009en-us.jpg,https://cloudinary.images-iherb.com/image/upload/w_240/f_auto,q_auto:eco/images/cms/banners/dPDP_Fresh_Graphic2_2025_003en-us.jpg,https://cloudinary.images-iherb.com/image/upload/f_auto,q_auto:eco/images/cen/cen28064/r/8.jpg",
"Swanson, Albion® Magnesium Glycinate with Activated B Vitamins, 60 Tablets","₨2,907.23","https://cloudinary.images-iherb.com/image/upload/f_auto,q_auto:eco/images/swv/swv02718/r/24.jpg,https://cloudinary.images-iherb.com/image/upload/f_auto,q_auto:eco/images/swv/swv02718/r/30.jpg,https://cloudinary.images-iherb.com/image/upload/w_240/f_auto,q_auto:eco/images/cms/banners/dPDP_Authenticity_Graphic2_2025_009en-us.jpg,https://cloudinary.images-iherb.com/image/upload/w_240/f_auto,q_auto:eco/images/cms/banners/dPDP_Fresh_Graphic2_2025_003en-us.jpg,https://cloudinary.images-iherb.com/image/upload/f_auto,q_auto:eco/images/swv/swv02718/r/24.jpg",
"Source Naturals, Magtein®, Magnesium L-Threonate, 90 Capsules","₨9,288.74","https://cloudinary.images-iherb.com/image/upload/f_auto,q_auto:eco/images/sns/sns02485/r/24.jpg,https://cloudinary.images-iherb.com/image/upload/f_auto,q_auto:eco/images/sns/sns02485/r/27.jpg,https://cloudinary.images-iherb.com/image/upload/w_240/f_auto,q_auto:eco/images/cms/banners/dPDP_Authenticity_Graphic2_2025_009en-us.jpg,https://cloudinary.images-iherb.com/image/upload/w_240/f_auto,q_auto:eco/images/cms/banners/dPDP_Fresh_Graphic2_2025_003en-us.jpg,https://cloudinary.images-iherb.com/image/upload/f_auto,q_auto:eco/images/sns/sns02485/r/24.jpg",
"Bluebonnet Nutrition, Magnesium & Vitamin B6, 90 Vegetable Capsules","₨5,161.16","https://cloudinary.images-iherb.com/image/upload/f_auto,q_auto:eco/images/blb/blb00735/r/48.jpg,https://cloudinary.images-iherb.com/image/upload/f_auto,q_auto:eco/images/blb/blb00735/r/51.jpg,https://cloudinary.images-iherb.com/image/upload/w_240/f_auto,q_auto:eco/images/cms/banners/dPDP_Authenticity_Graphic2_2025_009en-us.jpg,https://cloudinary.images-iherb.com/image/upload/w_240/f_auto,q_auto:eco/images/cms/banners/dPDP_Fresh_Graphic2_2025_003en-us.jpg,https://cloudinary.images-iherb.com/image/upload/f_auto,q_auto:eco/images/blb/blb00735/r/48.jpg",
"Life Extension, Melatonin, 6 Hour Timed Release, 3 mg, 60 Vegetarian Tablets","₨2,861.90","https://cloudinary.images-iherb.com/image/upload/f_auto,q_auto:eco/images/lex/lex17866/r/93.jpg,https://cloudinary.images-iherb.com/image/upload/f_auto,q_auto:eco/images/lex/lex17866/r/98.jpg,https://cloudinary.images-iherb.com/image/upload/w_240/f_auto,q_auto:eco/images/cms/banners/dPDP_Authenticity_Graphic2_2025_009en-us.jpg,https://cloudinary.images-iherb.com/image/upload/w_240/f_auto,q_auto:eco/images/cms/banners/dPDP_Fresh_Graphic2_2025_003en-us.jpg,https://cloudinary.images-iherb.com/image/upload/f_auto,q_auto:eco/images/lex/lex17866/r/93.jpg",
"Micro Ingredients, Magnesium Glycinate, 240 Capsules (166 mg per Capsule)","₨8,304.48","https://cloudinary.images-iherb.com/image/upload/f_auto,q_auto:eco/images/mii/mii16792/r/28.jpg,https://cloudinary.images-iherb.com/image/upload/f_auto,q_auto:eco/images/mii/mii16792/r/34.jpg,https://cloudinary.images-iherb.com/image/upload/w_240/f_auto,q_auto:eco/images/cms/banners/dPDP_Authenticity_Graphic2_2025_009en-us.jpg,https://cloudinary.images-iherb.com/image/upload/w_240/f_auto,q_auto:eco/images/cms/banners/dPDP_Fresh_Graphic2_2025_003en-us.jpg,https://cloudinary.images-iherb.com/image/upload/f_auto,q_auto:eco/images/mii/mii16792/r/28.jpg",
"Natural Factors, Magnesium Citrate, 360 Capsules (150 mg Per capsule)","₨7,901.62","https://cloudinary.images-iherb.com/image/upload/f_auto,q_auto:eco/images/nfs/nfs01655/r/61.jpg,https://cloudinary.images-iherb.com/image/upload/f_auto,q_auto:eco/images/nfs/nfs01655/r/66.jpg,https://cloudinary.images-iherb.com/image/upload/w_240/f_auto,q_auto:eco/images/cms/banners/dPDP_Authenticity_Graphic2_2025_009en-us.jpg,https://cloudinary.images-iherb.com/image/upload/w_240/f_auto,q_auto:eco/images/cms/banners/dPDP_Fresh_Graphic2_2025_003en-us.jpg,https://cloudinary.images-iherb.com/image/upload/f_auto,q_auto:eco/images/nfs/nfs01655/r/61.jpg",
"Source Naturals, Magtein®, Magnesium L-Threonate, 180 Capsules","₨18,154.04","https://cloudinary.images-iherb.com/image/upload/f_auto,q_auto:eco/images/sns/sns02486/r/37.jpg,https://cloudinary.images-iherb.com/image/upload/f_auto,q_auto:eco/images/sns/sns02486/r/43.jpg,https://cloudinary.images-iherb.com/image/upload/w_240/f_auto,q_auto:eco/images/cms/banners/dPDP_Authenticity_Graphic2_2025_009en-us.jpg,https://cloudinary.images-iherb.com/image/upload/w_240/f_auto,q_auto:eco/images/cms/banners/dPDP_Fresh_Graphic2_2025_003en-us.jpg,https://cloudinary.images-iherb.com/image/upload/f_auto,q_auto:eco/images/sns/sns02486/r/37.jpg",
"Nutricost, 5-HTP, 200 mg, 120 Capsules","₨4,684.03","https://cloudinary.images-iherb.com/image/upload/f_auto,q_auto:eco/images/ncs/ncs67514/r/8.jpg,https://cloudinary.images-iherb.com/image/upload/f_auto,q_auto:eco/images/ncs/ncs67514/r/11.jpg,https://cloudinary.images-iherb.com/image/upload/w_240/f_auto,q_auto:eco/images/cms/banners/dPDP_Authenticity_Graphic2_2025_009en-us.jpg,https://cloudinary.images-iherb.com/image/upload/w_240/f_auto,q_auto:eco/images/cms/banners/dPDP_Fresh_Graphic2_2025_003en-us.jpg,https://cloudinary.images-iherb.com/image/upload/f_auto,q_auto:eco/images/ncs/ncs67514/r/8.jpg",
"The Smurfs, Kids Gummy, Restful Sleep, Ages 3+, Smurf Berry, 50 Gummies","₨3,280.72","https://cloudinary.images-iherb.com/image/upload/f_auto,q_auto:eco/images/sms/sms55698/r/40.jpg,https://cloudinary.images-iherb.com/image/upload/f_auto,q_auto:eco/images/sms/sms55698/r/45.jpg,https://cloudinary.images-iherb.com/image/upload/w_240/f_auto,q_auto:eco/images/cms/banners/dPDP_Authenticity_Graphic2_2025_009en-us.jpg,https://cloudinary.images-iherb.com/image/upload/w_240/f_auto,q_auto:eco/images/cms/banners/dPDP_Fresh_Graphic2_2025_003en-us.jpg,https://img.youtube.com/vi/j6arnMFZiS0/0.jpg",
"California Gold Nutrition, 5-HTP, Mood Support, Griffonia Simplicifolia Extract from Switzerland, 100 mg, 90 Veggie Capsules",,"https://cloudinary.images-iherb.com/image/upload/f_auto,q_auto:eco/images/cgn/cgn01173/r/132.jpg,https://cloudinary.images-iherb.com/image/upload/f_auto,q_auto:eco/images/cgn/cgn01173/r/137.jpg,https://cloudinary.images-iherb.com/image/upload/f_auto,q_auto:eco/images/cgn/cgn01173/r/119.jpg,https://cloudinary.images-iherb.com/image/upload/f_auto,q_auto:eco/images/cgn/cgn01173/r/141.jpg,https://cloudinary.images-iherb.com/image/upload/f_auto,q_auto:eco/images/cgn/cgn01173/r/121.jpg",
"NOW Foods, Magnesium & Potassium Aspartate, 120 Veg Capsules","₨4,367.90","https://cloudinary.images-iherb.com/image/upload/f_auto,q_auto:eco/images/now/now01320/r/32.jpg,https://cloudinary.images-iherb.com/image/upload/f_auto,q_auto:eco/images/now/now01320/r/38.jpg,https://cloudinary.images-iherb.com/image/upload/w_240/f_auto,q_auto:eco/images/cms/banners/dPDP_Authenticity_Graphic2_2025_009en-us.jpg,https://cloudinary.images-iherb.com/image/upload/w_240/f_auto,q_auto:eco/images/cms/banners/dPDP_Fresh_Graphic2_2025_003en-us.jpg,https://cloudinary.images-iherb.com/image/upload/f_auto,q_auto:eco/images/now/now01320/r/42.jpg",
"Source Naturals, Magnesium Malate, 360 Tablets (1,250 mg per Tablet)","₨10,746.41","https://cloudinary.images-iherb.com/image/upload/f_auto,q_auto:eco/images/sns/sns00535/r/52.jpg,https://cloudinary.images-iherb.com/image/upload/f_auto,q_auto:eco/images/sns/sns00535/r/58.jpg,https://cloudinary.images-iherb.com/image/upload/w_240/f_auto,q_auto:eco/images/cms/banners/dPDP_Authenticity_Graphic2_2025_009en-us.jpg,https://cloudinary.images-iherb.com/image/upload/w_240/f_auto,q_auto:eco/images/cms/banners/dPDP_Fresh_Graphic2_2025_003en-us.jpg,https://cloudinary.images-iherb.com/image/upload/f_auto,q_auto:eco/images/sns/sns00535/r/52.jpg",
"Natural Factors, Magnesium Citrate, 150 mg, 90 Capsules","₨2,786.51","https://cloudinary.images-iherb.com/image/upload/f_auto,q_auto:eco/images/nfs/nfs01652/r/72.jpg,https://cloudinary.images-iherb.com/image/upload/f_auto,q_auto:eco/images/nfs/nfs01652/r/77.jpg,https://cloudinary.images-iherb.com/image/upload/w_240/f_auto,q_auto:eco/images/cms/banners/dPDP_Authenticity_Graphic2_2025_009en-us.jpg,https://cloudinary.images-iherb.com/image/upload/w_240/f_auto,q_auto:eco/images/cms/banners/dPDP_Fresh_Graphic2_2025_003en-us.jpg,https://cloudinary.images-iherb.com/image/upload/f_auto,q_auto:eco/images/nfs/nfs01652/r/72.jpg",
"Force Factor, Fundamentals, Zinc Magnesium Aspartate, 60 Tablets","₨3,641.72","https://cloudinary.images-iherb.com/image/upload/f_auto,q_auto:eco/images/foa/foa01528/r/32.jpg,https://cloudinary.images-iherb.com/image/upload/f_auto,q_auto:eco/images/foa/foa01528/r/37.jpg,https://cloudinary.images-iherb.com/image/upload/w_240/f_auto,q_auto:eco/images/cms/banners/dPDP_Authenticity_Graphic2_2025_009en-us.jpg,https://cloudinary.images-iherb.com/image/upload/w_240/f_auto,q_auto:eco/images/cms/banners/dPDP_Fresh_Graphic2_2025_003en-us.jpg,https://cloudinary.images-iherb.com/image/upload/f_auto,q_auto:eco/images/foa/foa01528/r/40.jpg",
"NOW Foods, Magnesium Malate Caps, 95 mg, 180 Veg Capsules","₨4,813.08","https://cloudinary.images-iherb.com/image/upload/f_auto,q_auto:eco/images/now/now01303/r/47.jpg,https://cloudinary.images-iherb.com/image/upload/f_auto,q_auto:eco/images/now/now01303/r/53.jpg,https://cloudinary.images-iherb.com/image/upload/w_240/f_auto,q_auto:eco/images/cms/banners/dPDP_Authenticity_Graphic2_2025_009en-us.jpg,https://cloudinary.images-iherb.com/image/upload/w_240/f_auto,q_auto:eco/images/cms/banners/dPDP_Fresh_Graphic2_2025_003en-us.jpg,https://cloudinary.images-iherb.com/image/upload/f_auto,q_auto:eco/images/now/now01303/r/35.jpg",
"21st Century, Melatonin, Quick Dissolve, Cherry, 10 mg, 360 Tablets",,"https://cloudinary.images-iherb.com/image/upload/f_auto,q_auto:eco/images/cen/cen28058/r/12.jpg,https://cloudinary.images-iherb.com/image/upload/f_auto,q_auto:eco/images/cen/cen28058/r/19.jpg,https://cloudinary.images-iherb.com/image/upload/w_240/f_auto,q_auto:eco/images/cms/banners/dPDP_Authenticity_Graphic2_2025_009en-us.jpg,https://cloudinary.images-iherb.com/image/upload/w_240/f_auto,q_auto:eco/images/cms/banners/dPDP_Fresh_Graphic2_2025_003en-us.jpg,https://cloudinary.images-iherb.com/image/upload/f_auto,q_auto:eco/images/cen/cen28058/r/12.jpg",
"Country Life, Chelated Magnesium Glycinate, 90 Tablets (133 mg per Tablet )","₨5,168.78","https://cloudinary.images-iherb.com/image/upload/f_auto,q_auto:eco/images/clf/clf02680/r/28.jpg,https://cloudinary.images-iherb.com/image/upload/f_auto,q_auto:eco/images/clf/clf02680/r/30.jpg,https://cloudinary.images-iherb.com/image/upload/w_240/f_auto,q_auto:eco/images/cms/banners/dPDP_Authenticity_Graphic2_2025_009en-us.jpg,https://cloudinary.images-iherb.com/image/upload/w_240/f_auto,q_auto:eco/images/cms/banners/dPDP_Fresh_Graphic2_2025_003en-us.jpg,https://cloudinary.images-iherb.com/image/upload/f_auto,q_auto:eco/images/clf/clf02680/r/28.jpg",
"NB Pure, MagO7, Cleanse, 180 Capsules","₨11,521.61","https://cloudinary.images-iherb.com/image/upload/f_auto,q_auto:eco/images/aer/aer03020/r/96.jpg,https://cloudinary.images-iherb.com/image/upload/f_auto,q_auto:eco/images/aer/aer03020/r/98.jpg,https://cloudinary.images-iherb.com/image/upload/w_240/f_auto,q_auto:eco/images/cms/banners/dPDP_Authenticity_Graphic2_2025_009en-us.jpg,https://cloudinary.images-iherb.com/image/upload/w_240/f_auto,q_auto:eco/images/cms/banners/dPDP_Fresh_Graphic2_2025_003en-us.jpg,https://cloudinary.images-iherb.com/image/upload/f_auto,q_auto:eco/images/aer/aer03020/r/96.jpg",
"21st Century, VitaJoy® Melatonin Gummies, Strawberry, 120 Gummies (2.5 mg per Gummy)",,"https://cloudinary.images-iherb.com/image/upload/f_auto,q_auto:eco/images/cen/cen27770/r/37.jpg,https://cloudinary.images-iherb.com/image/upload/f_auto,q_auto:eco/images/cen/cen27770/r/43.jpg,https://cloudinary.images-iherb.com/image/upload/w_240/f_auto,q_auto:eco/images/cms/banners/dPDP_Authenticity_Graphic2_2025_009en-us.jpg,https://cloudinary.images-iherb.com/image/upload/w_240/f_auto,q_auto:eco/images/cms/banners/dPDP_Fresh_Graphic2_2025_003en-us.jpg,https://cloudinary.images-iherb.com/image/upload/f_auto,q_auto:eco/images/cen/cen27770/r/45.jpg",
"NOW Foods, Melatonin, 5 mg, 180 Veg Capsules","₨3,852.64","https://cloudinary.images-iherb.com/image/upload/f_auto,q_auto:eco/images/now/now03556/r/8.jpg,https://cloudinary.images-iherb.com/image/upload/f_auto,q_auto:eco/images/now/now03556/r/14.jpg,https://cloudinary.images-iherb.com/image/upload/w_240/f_auto,q_auto:eco/images/cms/banners/dPDP_Authenticity_Graphic2_2025_009en-us.jpg,https://cloudinary.images-iherb.com/image/upload/w_240/f_auto,q_auto:eco/images/cms/banners/dPDP_Fresh_Graphic2_2025_003en-us.jpg,https://cloudinary.images-iherb.com/image/upload/f_auto,q_auto:eco/images/now/now03556/r/18.jpg",
"Natural Vitality, CALM®, Relaxing Drink Mix, Original Unflavored , 16 oz (453 g)","₨10,016.07","https://cloudinary.images-iherb.com/image/upload/f_auto,q_auto:eco/images/ptg/ptg00002/r/79.jpg,https://cloudinary.images-iherb.com/image/upload/f_auto,q_auto:eco/images/ptg/ptg00002/r/84.jpg,https://cloudinary.images-iherb.com/image/upload/w_240/f_auto,q_auto:eco/images/cms/banners/dPDP_Authenticity_Graphic2_2025_009en-us.jpg,https://cloudinary.images-iherb.com/image/upload/w_240/f_auto,q_auto:eco/images/cms/banners/dPDP_Fresh_Graphic2_2025_003en-us.jpg,https://cloudinary.images-iherb.com/image/upload/f_auto,q_auto:eco/images/ptg/ptg00002/r/79.jpg",
"NOW Foods, Magnesium Transporters, 180 Veg Capsules","₨6,333.65","https://cloudinary.images-iherb.com/image/upload/f_auto,q_auto:eco/images/now/now01305/r/10.jpg,https://cloudinary.images-iherb.com/image/upload/f_auto,q_auto:eco/images/now/now01305/r/16.jpg,https://cloudinary.images-iherb.com/image/upload/w_240/f_auto,q_auto:eco/images/cms/banners/dPDP_Authenticity_Graphic2_2025_009en-us.jpg,https://cloudinary.images-iherb.com/image/upload/w_240/f_auto,q_auto:eco/images/cms/banners/dPDP_Fresh_Graphic2_2025_003en-us.jpg,https://cloudinary.images-iherb.com/image/upload/f_auto,q_auto:eco/images/now/now01305/r/20.jpg",
"Paradise Herbs, Earth's Blend, Magnesium, 90 Vegetarian Capsules","₨4,045.74","https://cloudinary.images-iherb.com/image/upload/f_auto,q_auto:eco/images/par/par77871/r/48.jpg,https://cloudinary.images-iherb.com/image/upload/f_auto,q_auto:eco/images/par/par77871/r/53.jpg,https://cloudinary.images-iherb.com/image/upload/w_240/f_auto,q_auto:eco/images/cms/banners/dPDP_Authenticity_Graphic2_2025_009en-us.jpg,https://cloudinary.images-iherb.com/image/upload/w_240/f_auto,q_auto:eco/images/cms/banners/dPDP_Fresh_Graphic2_2025_003en-us.jpg,https://cloudinary.images-iherb.com/image/upload/f_auto,q_auto:eco/images/par/par77871/r/48.jpg",
"Dr. Mercola, Magnesium Advanced, 90 Capsules","₨12,317.34","https://cloudinary.images-iherb.com/image/upload/f_auto,q_auto:eco/images/mcl/mcl01778/r/100.jpg,https://cloudinary.images-iherb.com/image/upload/f_auto,q_auto:eco/images/mcl/mcl01778/r/105.jpg,https://cloudinary.images-iherb.com/image/upload/w_240/f_auto,q_auto:eco/images/cms/banners/dPDP_Authenticity_Graphic2_2025_009en-us.jpg,https://cloudinary.images-iherb.com/image/upload/w_240/f_auto,q_auto:eco/images/cms/banners/dPDP_Fresh_Graphic2_2025_003en-us.jpg,https://cloudinary.images-iherb.com/image/upload/f_auto,q_auto:eco/images/mcl/mcl01778/r/100.jpg",
"NOW Foods, Melatonin, 5 mg, 120 Tablets","₨2,849.64","https://cloudinary.images-iherb.com/image/upload/f_auto,q_auto:eco/images/now/now03554/r/10.jpg,https://cloudinary.images-iherb.com/image/upload/f_auto,q_auto:eco/images/now/now03554/r/15.jpg,https://cloudinary.images-iherb.com/image/upload/w_240/f_auto,q_auto:eco/images/cms/banners/dPDP_Authenticity_Graphic2_2025_009en-us.jpg,https://cloudinary.images-iherb.com/image/upload/w_240/f_auto,q_auto:eco/images/cms/banners/dPDP_Fresh_Graphic2_2025_003en-us.jpg,https://cloudinary.images-iherb.com/image/upload/f_auto,q_auto:eco/images/now/now03554/r/20.jpg",
"Bluebonnet Nutrition, Liquid Magnesium Citrate, Mixed Berry, 16 fl oz (473 ml)","₨5,813.21","https://cloudinary.images-iherb.com/image/upload/f_auto,q_auto:eco/images/blb/blb00703/r/16.jpg,https://cloudinary.images-iherb.com/image/upload/f_auto,q_auto:eco/images/blb/blb00703/r/21.jpg,https://cloudinary.images-iherb.com/image/upload/w_240/f_auto,q_auto:eco/images/cms/banners/dPDP_Authenticity_Graphic2_2025_009en-us.jpg,https://cloudinary.images-iherb.com/image/upload/w_240/f_auto,q_auto:eco/images/cms/banners/dPDP_Fresh_Graphic2_2025_003en-us.jpg,https://cloudinary.images-iherb.com/image/upload/f_auto,q_auto:eco/images/blb/blb00703/r/16.jpg",
"NOW Foods, Maximum Strength Melatonin, 20 mg, 90 Veg Capsules","₨4,749.48","https://cloudinary.images-iherb.com/image/upload/f_auto,q_auto:eco/images/now/now03558/r/8.jpg,https://cloudinary.images-iherb.com/image/upload/f_auto,q_auto:eco/images/now/now03558/r/14.jpg,https://cloudinary.images-iherb.com/image/upload/w_240/f_auto,q_auto:eco/images/cms/banners/dPDP_Authenticity_Graphic2_2025_009en-us.jpg,https://cloudinary.images-iherb.com/image/upload/w_240/f_auto,q_auto:eco/images/cms/banners/dPDP_Fresh_Graphic2_2025_003en-us.jpg,https://cloudinary.images-iherb.com/image/upload/f_auto,q_auto:eco/images/now/now03558/r/16.jpg",
"Natrol, Melatonin, Fast Dissolve, Strawberry, 10 mg, 60 Tablets","₨3,872.38","https://cloudinary.images-iherb.com/image/upload/f_auto,q_auto:eco/images/ntl/ntl06211/r/74.jpg,https://cloudinary.images-iherb.com/image/upload/f_auto,q_auto:eco/images/ntl/ntl06211/r/79.jpg,https://cloudinary.images-iherb.com/image/upload/w_240/f_auto,q_auto:eco/images/cms/banners/dPDP_Authenticity_Graphic2_2025_009en-us.jpg,https://cloudinary.images-iherb.com/image/upload/w_240/f_auto,q_auto:eco/images/cms/banners/dPDP_Fresh_Graphic2_2025_003en-us.jpg,https://img.youtube.com/vi/ifL09NlJFDE/0.jpg",
"Innate Response Formulas, Magnesium, 120 Capsules","₨9,881.94","https://cloudinary.images-iherb.com/image/upload/f_auto,q_auto:eco/images/inn/inn43003/r/75.jpg,https://cloudinary.images-iherb.com/image/upload/f_auto,q_auto:eco/images/inn/inn43003/r/81.jpg,https://cloudinary.images-iherb.com/image/upload/w_240/f_auto,q_auto:eco/images/cms/banners/dPDP_Authenticity_Graphic2_2025_009en-us.jpg,https://cloudinary.images-iherb.com/image/upload/w_240/f_auto,q_auto:eco/images/cms/banners/dPDP_Fresh_Graphic2_2025_003en-us.jpg,https://cloudinary.images-iherb.com/image/upload/f_auto,q_auto:eco/images/inn/inn43003/r/75.jpg",
"Nature's Truth, Magnesium Glycinate, Chelated, 60 Quick Release Capsules (100 mg per Capsule)","₨3,626.46","https://cloudinary.images-iherb.com/image/upload/f_auto,q_auto:eco/images/nth/nth11136/r/72.jpg,https://cloudinary.images-iherb.com/image/upload/f_auto,q_auto:eco/images/nth/nth11136/r/78.jpg,https://cloudinary.images-iherb.com/image/upload/w_240/f_auto,q_auto:eco/images/cms/banners/dPDP_Authenticity_Graphic2_2025_009en-us.jpg,https://cloudinary.images-iherb.com/image/upload/w_240/f_auto,q_auto:eco/images/cms/banners/dPDP_Fresh_Graphic2_2025_003en-us.jpg,https://cloudinary.images-iherb.com/image/upload/f_auto,q_auto:eco/images/nth/nth11136/r/72.jpg",
"Source Naturals, Ultra-Mag™, 240 Tablets","₨8,633.80","https://cloudinary.images-iherb.com/image/upload/f_auto,q_auto:eco/images/sns/sns00033/r/8.jpg,https://cloudinary.images-iherb.com/image/upload/f_auto,q_auto:eco/images/sns/sns00033/r/14.jpg,https://cloudinary.images-iherb.com/image/upload/w_240/f_auto,q_auto:eco/images/cms/banners/dPDP_Authenticity_Graphic2_2025_009en-us.jpg,https://cloudinary.images-iherb.com/image/upload/w_240/f_auto,q_auto:eco/images/cms/banners/dPDP_Fresh_Graphic2_2025_003en-us.jpg,https://cloudinary.images-iherb.com/image/upload/f_auto,q_auto:eco/images/sns/sns00033/r/8.jpg",
"Super Nutrition, 5-HTP, 100 mg, 60 Veggie Capsules",,"https://cloudinary.images-iherb.com/image/upload/f_auto,q_auto:eco/images/spn/spn02380/r/10.jpg,https://cloudinary.images-iherb.com/image/upload/f_auto,q_auto:eco/images/spn/spn02380/r/13.jpg,https://cloudinary.images-iherb.com/image/upload/f_auto,q_auto:eco/images/spn/spn02380/r/18.jpg,https://cloudinary.images-iherb.com/image/upload/f_auto,q_auto:eco/images/spn/spn02380/r/19.jpg,https://cloudinary.images-iherb.com/image/upload/f_auto,q_auto:eco/images/spn/spn02380/r/0.jpg",
"Nutricost, 5-HTP , 100 mg, 240 Capsules","₨5,285.32","https://cloudinary.images-iherb.com/image/upload/f_auto,q_auto:eco/images/ncs/ncs67512/r/8.jpg,https://cloudinary.images-iherb.com/image/upload/f_auto,q_auto:eco/images/ncs/ncs67512/r/13.jpg,https://cloudinary.images-iherb.com/image/upload/w_240/f_auto,q_auto:eco/images/cms/banners/dPDP_Authenticity_Graphic2_2025_009en-us.jpg,https://cloudinary.images-iherb.com/image/upload/w_240/f_auto,q_auto:eco/images/cms/banners/dPDP_Fresh_Graphic2_2025_003en-us.jpg,https://cloudinary.images-iherb.com/image/upload/f_auto,q_auto:eco/images/ncs/ncs67512/r/8.jpg",
"Sports Research, Magnesium Glycinate, 90 Veggie Capsules (80 mg per Capsule)","₨6,485.35","https://cloudinary.images-iherb.com/image/upload/f_auto,q_auto:eco/images/sre/sre09219/r/8.jpg,https://cloudinary.images-iherb.com/image/upload/f_auto,q_auto:eco/images/sre/sre09219/r/13.jpg,https://cloudinary.images-iherb.com/image/upload/w_240/f_auto,q_auto:eco/images/cms/banners/dPDP_Authenticity_Graphic2_2025_009en-us.jpg,https://cloudinary.images-iherb.com/image/upload/w_240/f_auto,q_auto:eco/images/cms/banners/dPDP_Fresh_Graphic2_2025_003en-us.jpg,https://cloudinary.images-iherb.com/image/upload/f_auto,q_auto:eco/images/sre/sre09219/r/8.jpg",
"Doctor's Best, 5-HTP, 100 mg, 60 Veggie Caps","₨2,787.86","https://cloudinary.images-iherb.com/image/upload/f_auto,q_auto:eco/images/drb/drb00077/r/97.jpg,https://cloudinary.images-iherb.com/image/upload/f_auto,q_auto:eco/images/drb/drb00077/r/102.jpg,https://cloudinary.images-iherb.com/image/upload/w_240/f_auto,q_auto:eco/images/cms/banners/dPDP_Authenticity_Graphic2_2025_009en-us.jpg,https://cloudinary.images-iherb.com/image/upload/w_240/f_auto,q_auto:eco/images/cms/banners/dPDP_Fresh_Graphic2_2025_003en-us.jpg,https://cloudinary.images-iherb.com/image/upload/f_auto,q_auto:eco/images/drb/drb00077/r/97.jpg",
"Codeage, Liposomal Magnesium Glycinate, 240 Vegetable Capsules","₨11,560.34","https://cloudinary.images-iherb.com/image/upload/f_auto,q_auto:eco/images/age/age12164/r/73.jpg,https://cloudinary.images-iherb.com/image/upload/f_auto,q_auto:eco/images/age/age12164/r/81.jpg,https://cloudinary.images-iherb.com/image/upload/w_240/f_auto,q_auto:eco/images/cms/banners/dPDP_Authenticity_Graphic2_2025_009en-us.jpg,https://cloudinary.images-iherb.com/image/upload/w_240/f_auto,q_auto:eco/images/cms/banners/dPDP_Fresh_Graphic2_2025_003en-us.jpg,https://cloudinary.images-iherb.com/image/upload/f_auto,q_auto:eco/images/age/age12164/r/73.jpg",
"Nature Made, Magnesium, 250 mg, 100 Tablets","₨1,845.95","https://cloudinary.images-iherb.com/image/upload/f_auto,q_auto:eco/images/ndm/ndm01269/r/35.jpg,https://cloudinary.images-iherb.com/image/upload/f_auto,q_auto:eco/images/ndm/ndm01269/r/38.jpg,https://cloudinary.images-iherb.com/image/upload/w_240/f_auto,q_auto:eco/images/cms/banners/dPDP_Authenticity_Graphic2_2025_009en-us.jpg,https://cloudinary.images-iherb.com/image/upload/w_240/f_auto,q_auto:eco/images/cms/banners/dPDP_Fresh_Graphic2_2025_003en-us.jpg,https://cloudinary.images-iherb.com/image/upload/f_auto,q_auto:eco/images/ndm/ndm01269/r/35.jpg",
"BioSchwartz, Maximum Absorption Magnesium Bisglycinate, 180 Veggie Caps (24 mg per Capsule)","₨4,058.28","https://cloudinary.images-iherb.com/image/upload/f_auto,q_auto:eco/images/btz/btz75123/r/65.jpg,https://cloudinary.images-iherb.com/image/upload/f_auto,q_auto:eco/images/btz/btz75123/r/71.jpg,https://cloudinary.images-iherb.com/image/upload/w_240/f_auto,q_auto:eco/images/cms/banners/dPDP_Authenticity_Graphic2_2025_009en-us.jpg,https://cloudinary.images-iherb.com/image/upload/w_240/f_auto,q_auto:eco/images/cms/banners/dPDP_Fresh_Graphic2_2025_003en-us.jpg,https://cloudinary.images-iherb.com/image/upload/f_auto,q_auto:eco/images/btz/btz75123/r/65.jpg",
"Nutricost, Melatonin , 20 mg, 240 Capsules","₨3,962.49","https://cloudinary.images-iherb.com/image/upload/f_auto,q_auto:eco/images/ncs/ncs67579/r/8.jpg,https://cloudinary.images-iherb.com/image/upload/f_auto,q_auto:eco/images/ncs/ncs67579/r/13.jpg,https://cloudinary.images-iherb.com/image/upload/w_240/f_auto,q_auto:eco/images/cms/banners/dPDP_Authenticity_Graphic2_2025_009en-us.jpg,https://cloudinary.images-iherb.com/image/upload/w_240/f_auto,q_auto:eco/images/cms/banners/dPDP_Fresh_Graphic2_2025_003en-us.jpg,https://cloudinary.images-iherb.com/image/upload/f_auto,q_auto:eco/images/ncs/ncs67579/r/8.jpg",
"Swanson, Magnesium Malate, 1,000 mg, 60 Vegan Tablets","₨2,518.47","https://cloudinary.images-iherb.com/image/upload/f_auto,q_auto:eco/images/swv/swv11708/r/24.jpg,https://cloudinary.images-iherb.com/image/upload/f_auto,q_auto:eco/images/swv/swv11708/r/30.jpg,https://cloudinary.images-iherb.com/image/upload/w_240/f_auto,q_auto:eco/images/cms/banners/dPDP_Authenticity_Graphic2_2025_009en-us.jpg,https://cloudinary.images-iherb.com/image/upload/w_240/f_auto,q_auto:eco/images/cms/banners/dPDP_Fresh_Graphic2_2025_003en-us.jpg,https://cloudinary.images-iherb.com/image/upload/f_auto,q_auto:eco/images/swv/swv11708/r/24.jpg",
"Garden of Life, Magnesium with Pre & Probiotics Gummies, Raspberry , 60 Gummies",,"https://cloudinary.images-iherb.com/image/upload/f_auto,q_auto:eco/images/gol/gol13089/r/40.jpg,https://cloudinary.images-iherb.com/image/upload/f_auto,q_auto:eco/images/gol/gol13089/r/45.jpg,https://cloudinary.images-iherb.com/image/upload/w_240/f_auto,q_auto:eco/images/cms/banners/dPDP_Authenticity_Graphic2_2025_009en-us.jpg,https://cloudinary.images-iherb.com/image/upload/w_240/f_auto,q_auto:eco/images/cms/banners/dPDP_Fresh_Graphic2_2025_003en-us.jpg,https://cloudinary.images-iherb.com/image/upload/f_auto,q_auto:eco/images/gol/gol13089/r/40.jpg",
"NATURELO, Magnesium Glycinate Chelate Complex, 240 Vegetarian Capsules","₨14,796.54","https://cloudinary.images-iherb.com/image/upload/f_auto,q_auto:eco/images/nau/nau62885/r/24.jpg,https://cloudinary.images-iherb.com/image/upload/f_auto,q_auto:eco/images/nau/nau62885/r/30.jpg,https://cloudinary.images-iherb.com/image/upload/w_240/f_auto,q_auto:eco/images/cms/banners/dPDP_Authenticity_Graphic2_2025_009en-us.jpg,https://cloudinary.images-iherb.com/image/upload/w_240/f_auto,q_auto:eco/images/cms/banners/dPDP_Fresh_Graphic2_2025_003en-us.jpg,https://cloudinary.images-iherb.com/image/upload/f_auto,q_auto:eco/images/nau/nau62885/r/24.jpg",
"Nutricost, Potassium + Magnesium, 240 Capsules","₨4,169.24","https://cloudinary.images-iherb.com/image/upload/f_auto,q_auto:eco/images/ncs/ncs67350/r/16.jpg,https://cloudinary.images-iherb.com/image/upload/f_auto,q_auto:eco/images/ncs/ncs67350/r/20.jpg,https://cloudinary.images-iherb.com/image/upload/w_240/f_auto,q_auto:eco/images/cms/banners/dPDP_Authenticity_Graphic2_2025_009en-us.jpg,https://cloudinary.images-iherb.com/image/upload/w_240/f_auto,q_auto:eco/images/cms/banners/dPDP_Fresh_Graphic2_2025_003en-us.jpg,https://cloudinary.images-iherb.com/image/upload/f_auto,q_auto:eco/images/ncs/ncs67350/r/16.jpg",
"Natrol, Melatonin, Fast Dissolve, Strawberry, 10 mg, 100 Tablets","₨5,535.24","https://cloudinary.images-iherb.com/image/upload/f_auto,q_auto:eco/images/ntl/ntl07150/r/48.jpg,https://cloudinary.images-iherb.com/image/upload/f_auto,q_auto:eco/images/ntl/ntl07150/r/53.jpg,https://cloudinary.images-iherb.com/image/upload/w_240/f_auto,q_auto:eco/images/cms/banners/dPDP_Authenticity_Graphic2_2025_009en-us.jpg,https://cloudinary.images-iherb.com/image/upload/w_240/f_auto,q_auto:eco/images/cms/banners/dPDP_Fresh_Graphic2_2025_003en-us.jpg,https://cloudinary.images-iherb.com/image/upload/f_auto,q_auto:eco/images/ntl/ntl07150/r/48.jpg",
"Mommy's Bliss, Kids Sleep Gummies With Melatonin, Age 3 Years+, Strawberry, 60 Gummies","₨4,767.98","https://cloudinary.images-iherb.com/image/upload/f_auto,q_auto:eco/images/bab/bab07180/r/72.jpg,https://cloudinary.images-iherb.com/image/upload/f_auto,q_auto:eco/images/bab/bab07180/r/77.jpg,https://cloudinary.images-iherb.com/image/upload/w_240/f_auto,q_auto:eco/images/cms/banners/dPDP_Authenticity_Graphic2_2025_009en-us.jpg,https://cloudinary.images-iherb.com/image/upload/w_240/f_auto,q_auto:eco/images/cms/banners/dPDP_Fresh_Graphic2_2025_003en-us.jpg,https://cloudinary.images-iherb.com/image/upload/f_auto,q_auto:eco/images/bab/bab07180/r/72.jpg",
"Trace, Ionic Magnesium Chloride, 400 mg, 4 fl oz ( 118 ml)","₨5,697.06","https://cloudinary.images-iherb.com/image/upload/f_auto,q_auto:eco/images/tmr/tmr00353/r/28.jpg,https://cloudinary.images-iherb.com/image/upload/f_auto,q_auto:eco/images/tmr/tmr00353/r/34.jpg,https://cloudinary.images-iherb.com/image/upload/w_240/f_auto,q_auto:eco/images/cms/banners/dPDP_Authenticity_Graphic2_2025_009en-us.jpg,https://cloudinary.images-iherb.com/image/upload/w_240/f_auto,q_auto:eco/images/cms/banners/dPDP_Fresh_Graphic2_2025_003en-us.jpg,https://cloudinary.images-iherb.com/image/upload/f_auto,q_auto:eco/images/tmr/tmr00353/r/28.jpg",
"Natrol, Melatonin, Time Release, 100 Tablets","₨3,478.45","https://cloudinary.images-iherb.com/image/upload/f_auto,q_auto:eco/images/ntl/ntl00458/r/88.jpg,https://cloudinary.images-iherb.com/image/upload/f_auto,q_auto:eco/images/ntl/ntl00458/r/93.jpg,https://cloudinary.images-iherb.com/image/upload/w_240/f_auto,q_auto:eco/images/cms/banners/dPDP_Authenticity_Graphic2_2025_009en-us.jpg,https://cloudinary.images-iherb.com/image/upload/w_240/f_auto,q_auto:eco/images/cms/banners/dPDP_Fresh_Graphic2_2025_003en-us.jpg,https://img.youtube.com/vi/ifL09NlJFDE/0.jpg",
"Solgar, Chelated Magnesium, 250 Tablets (100 mg per Tablet)","₨8,171.09","https://cloudinary.images-iherb.com/image/upload/f_auto,q_auto:eco/images/sol/sol59433/r/29.jpg,https://cloudinary.images-iherb.com/image/upload/f_auto,q_auto:eco/images/sol/sol59433/r/35.jpg,https://cloudinary.images-iherb.com/image/upload/w_240/f_auto,q_auto:eco/images/cms/banners/dPDP_Authenticity_Graphic2_2025_009en-us.jpg,https://cloudinary.images-iherb.com/image/upload/w_240/f_auto,q_auto:eco/images/cms/banners/dPDP_Fresh_Graphic2_2025_003en-us.jpg,https://cloudinary.images-iherb.com/image/upload/f_auto,q_auto:eco/images/sol/sol59433/r/29.jpg",
"Solaray, Sleep™ Blend SP-17, 100 VegCaps","₨2,261.54","https://cloudinary.images-iherb.com/image/upload/f_auto,q_auto:eco/images/sor/sor02170/r/48.jpg,https://cloudinary.images-iherb.com/image/upload/f_auto,q_auto:eco/images/sor/sor02170/r/56.jpg,https://cloudinary.images-iherb.com/image/upload/w_240/f_auto,q_auto:eco/images/cms/banners/dPDP_Authenticity_Graphic2_2025_009en-us.jpg,https://cloudinary.images-iherb.com/image/upload/w_240/f_auto,q_auto:eco/images/cms/banners/dPDP_Fresh_Graphic2_2025_003en-us.jpg,https://cloudinary.images-iherb.com/image/upload/f_auto,q_auto:eco/images/sor/sor02170/r/48.jpg",
"Natural Factors, Herbal Factors®, Sleep Relax with Valerian & Hops, 90 Capsules","₨3,561.48","https://cloudinary.images-iherb.com/image/upload/f_auto,q_auto:eco/images/nfs/nfs04655/r/32.jpg,https://cloudinary.images-iherb.com/image/upload/f_auto,q_auto:eco/images/nfs/nfs04655/r/37.jpg,https://cloudinary.images-iherb.com/image/upload/w_240/f_auto,q_auto:eco/images/cms/banners/dPDP_Authenticity_Graphic2_2025_009en-us.jpg,https://cloudinary.images-iherb.com/image/upload/w_240/f_auto,q_auto:eco/images/cms/banners/dPDP_Fresh_Graphic2_2025_003en-us.jpg,https://cloudinary.images-iherb.com/image/upload/f_auto,q_auto:eco/images/nfs/nfs04655/r/32.jpg",
"Codeage, Liposomal Magnesium Taurate+, 120 Vegetable Capsules","₨11,560.34","https://cloudinary.images-iherb.com/image/upload/f_auto,q_auto:eco/images/age/age60931/r/24.jpg,https://cloudinary.images-iherb.com/image/upload/f_auto,q_auto:eco/images/age/age60931/r/32.jpg,https://cloudinary.images-iherb.com/image/upload/w_240/f_auto,q_auto:eco/images/cms/banners/dPDP_Authenticity_Graphic2_2025_009en-us.jpg,https://cloudinary.images-iherb.com/image/upload/w_240/f_auto,q_auto:eco/images/cms/banners/dPDP_Fresh_Graphic2_2025_003en-us.jpg,https://cloudinary.images-iherb.com/image/upload/f_auto,q_auto:eco/images/age/age60931/r/24.jpg",
"Vitamatic, Magnesium Taurate with B6, 180 Vegetarian Capsules","₨3,714.11","https://cloudinary.images-iherb.com/image/upload/f_auto,q_auto:eco/images/vmc/vmc47403/r/8.jpg,https://cloudinary.images-iherb.com/image/upload/f_auto,q_auto:eco/images/vmc/vmc47403/r/14.jpg,https://cloudinary.images-iherb.com/image/upload/w_240/f_auto,q_auto:eco/images/cms/banners/dPDP_Authenticity_Graphic2_2025_009en-us.jpg,https://cloudinary.images-iherb.com/image/upload/w_240/f_auto,q_auto:eco/images/cms/banners/dPDP_Fresh_Graphic2_2025_003en-us.jpg,https://cloudinary.images-iherb.com/image/upload/f_auto,q_auto:eco/images/vmc/vmc47403/r/8.jpg",
"Trace, Magnesium Glycinate, 120 mg, 180 Capsules","₨9,825.74","https://cloudinary.images-iherb.com/image/upload/f_auto,q_auto:eco/images/tmr/tmr00815/r/24.jpg,https://cloudinary.images-iherb.com/image/upload/f_auto,q_auto:eco/images/tmr/tmr00815/r/29.jpg,https://cloudinary.images-iherb.com/image/upload/w_240/f_auto,q_auto:eco/images/cms/banners/dPDP_Authenticity_Graphic2_2025_009en-us.jpg,https://cloudinary.images-iherb.com/image/upload/w_240/f_auto,q_auto:eco/images/cms/banners/dPDP_Fresh_Graphic2_2025_003en-us.jpg,https://cloudinary.images-iherb.com/image/upload/f_auto,q_auto:eco/images/tmr/tmr00815/r/24.jpg",
"Natrol, Melatonin, Fast Dissolve, Strawberry, 5 mg, 150 Tablets","₨5,565.85","https://cloudinary.images-iherb.com/image/upload/f_auto,q_auto:eco/images/ntl/ntl07144/r/72.jpg,https://cloudinary.images-iherb.com/image/upload/f_auto,q_auto:eco/images/ntl/ntl07144/r/77.jpg,https://cloudinary.images-iherb.com/image/upload/w_240/f_auto,q_auto:eco/images/cms/banners/dPDP_Authenticity_Graphic2_2025_009en-us.jpg,https://cloudinary.images-iherb.com/image/upload/w_240/f_auto,q_auto:eco/images/cms/banners/dPDP_Fresh_Graphic2_2025_003en-us.jpg,https://img.youtube.com/vi/ifL09NlJFDE/0.jpg",
"Forest Leaf, Advanced Magnesium Complex , 500 mg , 120 Vegetable Capsules","₨6,156.27","https://cloudinary.images-iherb.com/image/upload/f_auto,q_auto:eco/images/frl/frl84070/r/18.jpg,https://cloudinary.images-iherb.com/image/upload/f_auto,q_auto:eco/images/frl/frl84070/r/16.jpg,https://cloudinary.images-iherb.com/image/upload/w_240/f_auto,q_auto:eco/images/cms/banners/dPDP_Authenticity_Graphic2_2025_009en-us.jpg,https://cloudinary.images-iherb.com/image/upload/w_240/f_auto,q_auto:eco/images/cms/banners/dPDP_Fresh_Graphic2_2025_003en-us.jpg,https://cloudinary.images-iherb.com/image/upload/f_auto,q_auto:eco/images/frl/frl84070/r/18.jpg",
"GummiKing, Melatonin for Kids, Strawberry, 1 mg, 60 Gummies","₨3,176.42","https://cloudinary.images-iherb.com/image/upload/f_auto,q_auto:eco/images/gum/gum00116/r/24.jpg,https://cloudinary.images-iherb.com/image/upload/f_auto,q_auto:eco/images/gum/gum00116/r/29.jpg,https://cloudinary.images-iherb.com/image/upload/w_240/f_auto,q_auto:eco/images/cms/banners/dPDP_Authenticity_Graphic2_2025_009en-us.jpg,https://cloudinary.images-iherb.com/image/upload/w_240/f_auto,q_auto:eco/images/cms/banners/dPDP_Fresh_Graphic2_2025_003en-us.jpg,https://cloudinary.images-iherb.com/image/upload/f_auto,q_auto:eco/images/gum/gum00116/r/24.jpg",
"Nutricost, Magnesium Glycinate, Unflavored , 8.9 oz (250 g)",,"https://cloudinary.images-iherb.com/image/upload/f_auto,q_auto:eco/images/ncs/ncs57156/r/8.jpg,https://cloudinary.images-iherb.com/image/upload/f_auto,q_auto:eco/images/ncs/ncs57156/r/11.jpg,https://cloudinary.images-iherb.com/image/upload/w_240/f_auto,q_auto:eco/images/cms/banners/dPDP_Authenticity_Graphic2_2025_009en-us.jpg,https://cloudinary.images-iherb.com/image/upload/w_240/f_auto,q_auto:eco/images/cms/banners/dPDP_Fresh_Graphic2_2025_003en-us.jpg,https://cloudinary.images-iherb.com/image/upload/f_auto,q_auto:eco/images/ncs/ncs57156/r/8.jpg",
"Thorne, Magnesium Bisglycinate, 30 Stick Packs, 0.13 oz (3.8 g) Each","₨13,297.72","https://cloudinary.images-iherb.com/image/upload/f_auto,q_auto:eco/images/thr/thr01513/r/3.jpg,https://cloudinary.images-iherb.com/image/upload/f_auto,q_auto:eco/images/thr/thr01513/r/5.jpg,https://cloudinary.images-iherb.com/image/upload/f_auto,q_auto:eco/images/thr/thr01513/r/4.jpg,https://cloudinary.images-iherb.com/image/upload/w_240/f_auto,q_auto:eco/images/cms/banners/dPDP_Authenticity_Graphic2_2025_009en-us.jpg,https://cloudinary.images-iherb.com/image/upload/w_240/f_auto,q_auto:eco/images/cms/banners/dPDP_Fresh_Graphic2_2025_003en-us.jpg",
"Natrol, Melatonin, 60 Tablets","₨2,797.84","https://cloudinary.images-iherb.com/image/upload/f_auto,q_auto:eco/images/ntl/ntl00510/r/74.jpg,https://cloudinary.images-iherb.com/image/upload/f_auto,q_auto:eco/images/ntl/ntl00510/r/79.jpg,https://cloudinary.images-iherb.com/image/upload/w_240/f_auto,q_auto:eco/images/cms/banners/dPDP_Authenticity_Graphic2_2025_009en-us.jpg,https://cloudinary.images-iherb.com/image/upload/w_240/f_auto,q_auto:eco/images/cms/banners/dPDP_Fresh_Graphic2_2025_003en-us.jpg,https://img.youtube.com/vi/ifL09NlJFDE/0.jpg",
"Natural Stacks, MagTech®, Magnesium Complex, 90 Vegetarian Capsules (66.6 mg per Capsule)","₨10,266.53","https://cloudinary.images-iherb.com/image/upload/f_auto,q_auto:eco/images/nsk/nsk62160/r/24.jpg,https://cloudinary.images-iherb.com/image/upload/f_auto,q_auto:eco/images/nsk/nsk62160/r/27.jpg,https://cloudinary.images-iherb.com/image/upload/w_240/f_auto,q_auto:eco/images/cms/banners/dPDP_Authenticity_Graphic2_2025_009en-us.jpg,https://cloudinary.images-iherb.com/image/upload/w_240/f_auto,q_auto:eco/images/cms/banners/dPDP_Fresh_Graphic2_2025_003en-us.jpg,https://cloudinary.images-iherb.com/image/upload/f_auto,q_auto:eco/images/nsk/nsk62160/r/24.jpg",
"Swanson, Low Dose Melatonin, 1 mg, 120 Capsules","₨1,115.16","https://cloudinary.images-iherb.com/image/upload/f_auto,q_auto:eco/images/swv/swv01542/r/24.jpg,https://cloudinary.images-iherb.com/image/upload/f_auto,q_auto:eco/images/swv/swv01542/r/27.jpg,https://cloudinary.images-iherb.com/image/upload/w_240/f_auto,q_auto:eco/images/cms/banners/dPDP_Authenticity_Graphic2_2025_009en-us.jpg,https://cloudinary.images-iherb.com/image/upload/w_240/f_auto,q_auto:eco/images/cms/banners/dPDP_Fresh_Graphic2_2025_003en-us.jpg,https://cloudinary.images-iherb.com/image/upload/f_auto,q_auto:eco/images/swv/swv01542/r/24.jpg",
"Codeage, Liposomal Magnesium L-Threonate, 90 Vegetable Capsules","₨13,005.75","https://cloudinary.images-iherb.com/image/upload/f_auto,q_auto:eco/images/age/age60925/r/41.jpg,https://cloudinary.images-iherb.com/image/upload/f_auto,q_auto:eco/images/age/age60925/r/49.jpg,https://cloudinary.images-iherb.com/image/upload/w_240/f_auto,q_auto:eco/images/cms/banners/dPDP_Authenticity_Graphic2_2025_009en-us.jpg,https://cloudinary.images-iherb.com/image/upload/w_240/f_auto,q_auto:eco/images/cms/banners/dPDP_Fresh_Graphic2_2025_003en-us.jpg,https://cloudinary.images-iherb.com/image/upload/f_auto,q_auto:eco/images/age/age60925/r/41.jpg",
"Nature's Truth, Magnesium Glycinate Plus Ashwagandha, 60 Capsules","₨3,758.51","https://cloudinary.images-iherb.com/image/upload/f_auto,q_auto:eco/images/nth/nth12348/r/24.jpg,https://cloudinary.images-iherb.com/image/upload/f_auto,q_auto:eco/images/nth/nth12348/r/27.jpg,https://cloudinary.images-iherb.com/image/upload/w_240/f_auto,q_auto:eco/images/cms/banners/dPDP_Authenticity_Graphic2_2025_009en-us.jpg,https://cloudinary.images-iherb.com/image/upload/w_240/f_auto,q_auto:eco/images/cms/banners/dPDP_Fresh_Graphic2_2025_003en-us.jpg,https://cloudinary.images-iherb.com/image/upload/f_auto,q_auto:eco/images/nth/nth12348/r/24.jpg",
"Seeking Health, Magnesium Malate Powder, 500 mg, 8.82 oz (250 g)","₨5,771.44","https://cloudinary.images-iherb.com/image/upload/f_auto,q_auto:eco/images/skh/skh52066/r/24.jpg,https://cloudinary.images-iherb.com/image/upload/f_auto,q_auto:eco/images/skh/skh52066/r/29.jpg,https://cloudinary.images-iherb.com/image/upload/w_240/f_auto,q_auto:eco/images/cms/banners/dPDP_Authenticity_Graphic2_2025_009en-us.jpg,https://cloudinary.images-iherb.com/image/upload/w_240/f_auto,q_auto:eco/images/cms/banners/dPDP_Fresh_Graphic2_2025_003en-us.jpg,https://cloudinary.images-iherb.com/image/upload/f_auto,q_auto:eco/images/skh/skh52066/r/24.jpg",
"Sundance Vitamins, High Absorption Magnesium Glycinate, 665 mg, 50 Quick Release Capsules","₨2,973.83","https://cloudinary.images-iherb.com/image/upload/f_auto,q_auto:eco/images/sde/sde14080/r/16.jpg,https://cloudinary.images-iherb.com/image/upload/f_auto,q_auto:eco/images/sde/sde14080/r/22.jpg,https://cloudinary.images-iherb.com/image/upload/w_240/f_auto,q_auto:eco/images/cms/banners/dPDP_Authenticity_Graphic2_2025_009en-us.jpg,https://cloudinary.images-iherb.com/image/upload/w_240/f_auto,q_auto:eco/images/cms/banners/dPDP_Fresh_Graphic2_2025_003en-us.jpg,https://cloudinary.images-iherb.com/image/upload/f_auto,q_auto:eco/images/sde/sde14080/r/16.jpg",
"Thorne, Magnesium Glycinate, 90 Capsules (120 mg per Capsule)",,"https://cloudinary.images-iherb.com/image/upload/f_auto,q_auto:eco/images/thr/thr01533/r/9.jpg,https://cloudinary.images-iherb.com/image/upload/f_auto,q_auto:eco/images/thr/thr01533/r/17.jpg,https://cloudinary.images-iherb.com/image/upload/w_240/f_auto,q_auto:eco/images/cms/banners/dPDP_Authenticity_Graphic2_2025_009en-us.jpg,https://cloudinary.images-iherb.com/image/upload/w_240/f_auto,q_auto:eco/images/cms/banners/dPDP_Fresh_Graphic2_2025_003en-us.jpg,https://cloudinary.images-iherb.com/image/upload/f_auto,q_auto:eco/images/thr/thr01533/r/9.jpg",
"Nature's Life, Renewing Magnesium, 500 mg, 100 Vegcaps","₨2,503.44","https://cloudinary.images-iherb.com/image/upload/f_auto,q_auto:eco/images/nli/nli00437/r/27.jpg,https://cloudinary.images-iherb.com/image/upload/f_auto,q_auto:eco/images/nli/nli00437/r/32.jpg,https://cloudinary.images-iherb.com/image/upload/w_240/f_auto,q_auto:eco/images/cms/banners/dPDP_Authenticity_Graphic2_2025_009en-us.jpg,https://cloudinary.images-iherb.com/image/upload/w_240/f_auto,q_auto:eco/images/cms/banners/dPDP_Fresh_Graphic2_2025_003en-us.jpg,https://cloudinary.images-iherb.com/image/upload/f_auto,q_auto:eco/images/nli/nli00437/r/27.jpg",
"Dr. Mercola, Magnesium Advanced , 270 Capsules","₨30,532.46","https://cloudinary.images-iherb.com/image/upload/f_auto,q_auto:eco/images/mcl/mcl03069/r/82.jpg,https://cloudinary.images-iherb.com/image/upload/f_auto,q_auto:eco/images/mcl/mcl03069/r/87.jpg,https://cloudinary.images-iherb.com/image/upload/w_240/f_auto,q_auto:eco/images/cms/banners/dPDP_Authenticity_Graphic2_2025_009en-us.jpg,https://cloudinary.images-iherb.com/image/upload/w_240/f_auto,q_auto:eco/images/cms/banners/dPDP_Fresh_Graphic2_2025_003en-us.jpg,https://cloudinary.images-iherb.com/image/upload/f_auto,q_auto:eco/images/mcl/mcl03069/r/82.jpg",
"Natural Factors, Magnesium Citrate, 180 Capsules (150 mg Per capsule)","₨4,674.78","https://cloudinary.images-iherb.com/image/upload/f_auto,q_auto:eco/images/nfs/nfs01653/r/53.jpg,https://cloudinary.images-iherb.com/image/upload/f_auto,q_auto:eco/images/nfs/nfs01653/r/58.jpg,https://cloudinary.images-iherb.com/image/upload/w_240/f_auto,q_auto:eco/images/cms/banners/dPDP_Authenticity_Graphic2_2025_009en-us.jpg,https://cloudinary.images-iherb.com/image/upload/w_240/f_auto,q_auto:eco/images/cms/banners/dPDP_Fresh_Graphic2_2025_003en-us.jpg,https://cloudinary.images-iherb.com/image/upload/f_auto,q_auto:eco/images/nfs/nfs01653/r/53.jpg",
"Jarrow Formulas, Vegan MagMind®, Brain Health, 90 Veggie Capsules (48 mg per Capsule)","₨12,646.71","https://cloudinary.images-iherb.com/image/upload/f_auto,q_auto:eco/images/jrw/jrw29062/r/45.jpg,https://cloudinary.images-iherb.com/image/upload/f_auto,q_auto:eco/images/jrw/jrw29062/r/50.jpg,https://cloudinary.images-iherb.com/image/upload/w_240/f_auto,q_auto:eco/images/cms/banners/dPDP_Authenticity_Graphic2_2025_009en-us.jpg,https://cloudinary.images-iherb.com/image/upload/w_240/f_auto,q_auto:eco/images/cms/banners/dPDP_Fresh_Graphic2_2025_003en-us.jpg,https://cloudinary.images-iherb.com/image/upload/f_auto,q_auto:eco/images/jrw/jrw29062/r/29.jpg",
"Trace, Magnesium Glycinate, 90 Capsules","₨7,341.96","https://cloudinary.images-iherb.com/image/upload/f_auto,q_auto:eco/images/tmr/tmr00814/r/24.jpg,https://cloudinary.images-iherb.com/image/upload/f_auto,q_auto:eco/images/tmr/tmr00814/r/29.jpg,https://cloudinary.images-iherb.com/image/upload/w_240/f_auto,q_auto:eco/images/cms/banners/dPDP_Authenticity_Graphic2_2025_009en-us.jpg,https://cloudinary.images-iherb.com/image/upload/w_240/f_auto,q_auto:eco/images/cms/banners/dPDP_Fresh_Graphic2_2025_003en-us.jpg,https://cloudinary.images-iherb.com/image/upload/f_auto,q_auto:eco/images/tmr/tmr00814/r/24.jpg",
"Source Naturals, Magnesium Chelate Complex, 100 mg, 250 Tablets","₨5,033.24","https://cloudinary.images-iherb.com/image/upload/f_auto,q_auto:eco/images/sns/sns00318/r/85.jpg,https://cloudinary.images-iherb.com/image/upload/f_auto,q_auto:eco/images/sns/sns00318/r/88.jpg,https://cloudinary.images-iherb.com/image/upload/w_240/f_auto,q_auto:eco/images/cms/banners/dPDP_Authenticity_Graphic2_2025_009en-us.jpg,https://cloudinary.images-iherb.com/image/upload/w_240/f_auto,q_auto:eco/images/cms/banners/dPDP_Fresh_Graphic2_2025_003en-us.jpg,https://cloudinary.images-iherb.com/image/upload/f_auto,q_auto:eco/images/sns/sns00318/r/85.jpg",
"Source Naturals, Magnesium Glycinate, 60 Tablets","₨2,440.30","https://cloudinary.images-iherb.com/image/upload/f_auto,q_auto:eco/images/sns/sns02890/r/8.jpg,https://cloudinary.images-iherb.com/image/upload/f_auto,q_auto:eco/images/sns/sns02890/r/14.jpg,https://cloudinary.images-iherb.com/image/upload/w_240/f_auto,q_auto:eco/images/cms/banners/dPDP_Authenticity_Graphic2_2025_009en-us.jpg,https://cloudinary.images-iherb.com/image/upload/w_240/f_auto,q_auto:eco/images/cms/banners/dPDP_Fresh_Graphic2_2025_003en-us.jpg,https://cloudinary.images-iherb.com/image/upload/f_auto,q_auto:eco/images/sns/sns02890/r/8.jpg",
"Carlson, Chelated Magnesium Glycinate, 240 Tablets (200 mg per Tablet)","₨11,023.46","https://cloudinary.images-iherb.com/image/upload/f_auto,q_auto:eco/images/car/car56220/r/8.jpg,https://cloudinary.images-iherb.com/image/upload/f_auto,q_auto:eco/images/car/car56220/r/13.jpg,https://cloudinary.images-iherb.com/image/upload/w_240/f_auto,q_auto:eco/images/cms/banners/dPDP_Authenticity_Graphic2_2025_009en-us.jpg,https://cloudinary.images-iherb.com/image/upload/w_240/f_auto,q_auto:eco/images/cms/banners/dPDP_Fresh_Graphic2_2025_003en-us.jpg,https://cloudinary.images-iherb.com/image/upload/f_auto,q_auto:eco/images/car/car56220/r/8.jpg",
"Nutricost, Magnesium Complex, 500 mg, 240 Capsules","₨4,799.67","https://cloudinary.images-iherb.com/image/upload/f_auto,q_auto:eco/images/ncs/ncs67277/r/8.jpg,https://cloudinary.images-iherb.com/image/upload/f_auto,q_auto:eco/images/ncs/ncs67277/r/13.jpg,https://cloudinary.images-iherb.com/image/upload/w_240/f_auto,q_auto:eco/images/cms/banners/dPDP_Authenticity_Graphic2_2025_009en-us.jpg,https://cloudinary.images-iherb.com/image/upload/w_240/f_auto,q_auto:eco/images/cms/banners/dPDP_Fresh_Graphic2_2025_003en-us.jpg,https://cloudinary.images-iherb.com/image/upload/f_auto,q_auto:eco/images/ncs/ncs67277/r/8.jpg",
"Natrol, Kids, Melatonin, Ages 4+, Strawberry, 40 Tablets","₨3,352.61","https://cloudinary.images-iherb.com/image/upload/f_auto,q_auto:eco/images/ntl/ntl07529/r/130.jpg,https://cloudinary.images-iherb.com/image/upload/f_auto,q_auto:eco/images/ntl/ntl07529/r/133.jpg,https://cloudinary.images-iherb.com/image/upload/f_auto,q_auto:eco/images/ntl/ntl07529/r/122.jpg,https://cloudinary.images-iherb.com/image/upload/w_240/f_auto,q_auto:eco/images/cms/banners/dPDP_Authenticity_Graphic2_2025_009en-us.jpg,https://cloudinary.images-iherb.com/image/upload/w_240/f_auto,q_auto:eco/images/cms/banners/dPDP_Fresh_Graphic2_2025_003en-us.jpg",
"Life Extension, Optimized Tryptophan Plus, 90 Vegetarian Capsules","₨7,284.84","https://cloudinary.images-iherb.com/image/upload/f_auto,q_auto:eco/images/lex/lex17219/r/131.jpg,https://cloudinary.images-iherb.com/image/upload/f_auto,q_auto:eco/images/lex/lex17219/r/136.jpg,https://cloudinary.images-iherb.com/image/upload/w_240/f_auto,q_auto:eco/images/cms/banners/dPDP_Authenticity_Graphic2_2025_009en-us.jpg,https://cloudinary.images-iherb.com/image/upload/w_240/f_auto,q_auto:eco/images/cms/banners/dPDP_Fresh_Graphic2_2025_003en-us.jpg,https://cloudinary.images-iherb.com/image/upload/f_auto,q_auto:eco/images/lex/lex17219/r/131.jpg",
"NOW Foods, 5-HTP, 200 mg, 120 Veg Capsules","₨10,606.03","https://cloudinary.images-iherb.com/image/upload/f_auto,q_auto:eco/images/now/now00111/r/33.jpg,https://cloudinary.images-iherb.com/image/upload/f_auto,q_auto:eco/images/now/now00111/r/39.jpg,https://cloudinary.images-iherb.com/image/upload/w_240/f_auto,q_auto:eco/images/cms/banners/dPDP_Authenticity_Graphic2_2025_009en-us.jpg,https://cloudinary.images-iherb.com/image/upload/w_240/f_auto,q_auto:eco/images/cms/banners/dPDP_Fresh_Graphic2_2025_003en-us.jpg,https://cloudinary.images-iherb.com/image/upload/f_auto,q_auto:eco/images/now/now00111/r/43.jpg",
"NOW Foods, 5-HTP, 200 mg, 60 Veg Capsules","₨5,683.79","https://cloudinary.images-iherb.com/image/upload/f_auto,q_auto:eco/images/now/now00108/r/32.jpg,https://cloudinary.images-iherb.com/image/upload/f_auto,q_auto:eco/images/now/now00108/r/38.jpg,https://cloudinary.images-iherb.com/image/upload/w_240/f_auto,q_auto:eco/images/cms/banners/dPDP_Authenticity_Graphic2_2025_009en-us.jpg,https://cloudinary.images-iherb.com/image/upload/w_240/f_auto,q_auto:eco/images/cms/banners/dPDP_Fresh_Graphic2_2025_003en-us.jpg,https://cloudinary.images-iherb.com/image/upload/f_auto,q_auto:eco/images/now/now00108/r/42.jpg",
"Source Naturals, Magnesium Malate, 180 Tablets","₨5,715.01","https://cloudinary.images-iherb.com/image/upload/f_auto,q_auto:eco/images/sns/sns00262/r/62.jpg,https://cloudinary.images-iherb.com/image/upload/f_auto,q_auto:eco/images/sns/sns00262/r/67.jpg,https://cloudinary.images-iherb.com/image/upload/w_240/f_auto,q_auto:eco/images/cms/banners/dPDP_Authenticity_Graphic2_2025_009en-us.jpg,https://cloudinary.images-iherb.com/image/upload/w_240/f_auto,q_auto:eco/images/cms/banners/dPDP_Fresh_Graphic2_2025_003en-us.jpg,https://cloudinary.images-iherb.com/image/upload/f_auto,q_auto:eco/images/sns/sns00262/r/62.jpg",
"KAL, Magnesium, Fully Chelated, High Absorption, 270 Tablets","₨6,816.06","https://cloudinary.images-iherb.com/image/upload/f_auto,q_auto:eco/images/cal/cal21068/r/24.jpg,https://cloudinary.images-iherb.com/image/upload/f_auto,q_auto:eco/images/cal/cal21068/r/29.jpg,https://cloudinary.images-iherb.com/image/upload/w_240/f_auto,q_auto:eco/images/cms/banners/dPDP_Authenticity_Graphic2_2025_009en-us.jpg,https://cloudinary.images-iherb.com/image/upload/w_240/f_auto,q_auto:eco/images/cms/banners/dPDP_Fresh_Graphic2_2025_003en-us.jpg,https://cloudinary.images-iherb.com/image/upload/f_auto,q_auto:eco/images/cal/cal21068/r/24.jpg",
"Source Naturals, Ultra-Mag™, 180 Vegan Capsules",,"https://cloudinary.images-iherb.com/image/upload/f_auto,q_auto:eco/images/sns/sns02952/r/8.jpg,https://cloudinary.images-iherb.com/image/upload/f_auto,q_auto:eco/images/sns/sns02952/r/14.jpg,https://cloudinary.images-iherb.com/image/upload/w_240/f_auto,q_auto:eco/images/cms/banners/dPDP_Authenticity_Graphic2_2025_009en-us.jpg,https://cloudinary.images-iherb.com/image/upload/w_240/f_auto,q_auto:eco/images/cms/banners/dPDP_Fresh_Graphic2_2025_003en-us.jpg,https://cloudinary.images-iherb.com/image/upload/f_auto,q_auto:eco/images/sns/sns02952/r/8.jpg",
"Source Naturals, Magnesium Bis-Glycinate, 120 Tablets","₨4,552.68","https://cloudinary.images-iherb.com/image/upload/f_auto,q_auto:eco/images/sns/sns02132/r/11.jpg,https://cloudinary.images-iherb.com/image/upload/f_auto,q_auto:eco/images/sns/sns02132/r/16.jpg,https://cloudinary.images-iherb.com/image/upload/w_240/f_auto,q_auto:eco/images/cms/banners/dPDP_Authenticity_Graphic2_2025_009en-us.jpg,https://cloudinary.images-iherb.com/image/upload/w_240/f_auto,q_auto:eco/images/cms/banners/dPDP_Fresh_Graphic2_2025_003en-us.jpg,https://cloudinary.images-iherb.com/image/upload/f_auto,q_auto:eco/images/sns/sns02132/r/11.jpg",
"Micro Ingredients, Magnesium Glycinate, 240 Capsules (133 mg per Capsule)","₨5,655.58","https://cloudinary.images-iherb.com/image/upload/f_auto,q_auto:eco/images/mii/mii16785/r/8.jpg,https://cloudinary.images-iherb.com/image/upload/f_auto,q_auto:eco/images/mii/mii16785/r/14.jpg,https://cloudinary.images-iherb.com/image/upload/w_240/f_auto,q_auto:eco/images/cms/banners/dPDP_Authenticity_Graphic2_2025_009en-us.jpg,https://cloudinary.images-iherb.com/image/upload/w_240/f_auto,q_auto:eco/images/cms/banners/dPDP_Fresh_Graphic2_2025_003en-us.jpg,https://cloudinary.images-iherb.com/image/upload/f_auto,q_auto:eco/images/mii/mii16785/r/8.jpg",
"Source Naturals, Magnesium Glycinate, 120 Tablets","₨4,544.35","https://cloudinary.images-iherb.com/image/upload/f_auto,q_auto:eco/images/sns/sns02891/r/8.jpg,https://cloudinary.images-iherb.com/image/upload/f_auto,q_auto:eco/images/sns/sns02891/r/13.jpg,https://cloudinary.images-iherb.com/image/upload/w_240/f_auto,q_auto:eco/images/cms/banners/dPDP_Authenticity_Graphic2_2025_009en-us.jpg,https://cloudinary.images-iherb.com/image/upload/w_240/f_auto,q_auto:eco/images/cms/banners/dPDP_Fresh_Graphic2_2025_003en-us.jpg,https://cloudinary.images-iherb.com/image/upload/f_auto,q_auto:eco/images/sns/sns02891/r/8.jpg",
"NOW Foods, Melatonin, 3 mg, 90 Lozenges","₨1,370.71","https://cloudinary.images-iherb.com/image/upload/f_auto,q_auto:eco/images/now/now03258/r/24.jpg,https://cloudinary.images-iherb.com/image/upload/f_auto,q_auto:eco/images/now/now03258/r/30.jpg,https://cloudinary.images-iherb.com/image/upload/w_240/f_auto,q_auto:eco/images/cms/banners/dPDP_Authenticity_Graphic2_2025_009en-us.jpg,https://cloudinary.images-iherb.com/image/upload/w_240/f_auto,q_auto:eco/images/cms/banners/dPDP_Fresh_Graphic2_2025_003en-us.jpg,https://cloudinary.images-iherb.com/image/upload/f_auto,q_auto:eco/images/now/now03258/r/34.jpg",
"Nutricost, Magnesium Orotate, 120 Capsules (500 mg per Capsule)","₨4,684.03","https://cloudinary.images-iherb.com/image/upload/f_auto,q_auto:eco/images/ncs/ncs67365/r/8.jpg,https://cloudinary.images-iherb.com/image/upload/f_auto,q_auto:eco/images/ncs/ncs67365/r/13.jpg,https://cloudinary.images-iherb.com/image/upload/w_240/f_auto,q_auto:eco/images/cms/banners/dPDP_Authenticity_Graphic2_2025_009en-us.jpg,https://cloudinary.images-iherb.com/image/upload/w_240/f_auto,q_auto:eco/images/cms/banners/dPDP_Fresh_Graphic2_2025_003en-us.jpg,https://cloudinary.images-iherb.com/image/upload/f_auto,q_auto:eco/images/ncs/ncs67365/r/8.jpg",
"Force Factor, Somnapure®, Great Tasting Melatonin Gummies, Dream Berry, 60 Gummies (5 mg per Gummy)","₨3,335.99","https://cloudinary.images-iherb.com/image/upload/f_auto,q_auto:eco/images/foa/foa01796/r/25.jpg,https://cloudinary.images-iherb.com/image/upload/f_auto,q_auto:eco/images/foa/foa01796/r/29.jpg,https://cloudinary.images-iherb.com/image/upload/w_240/f_auto,q_auto:eco/images/cms/banners/dPDP_Authenticity_Graphic2_2025_009en-us.jpg,https://cloudinary.images-iherb.com/image/upload/w_240/f_auto,q_auto:eco/images/cms/banners/dPDP_Fresh_Graphic2_2025_003en-us.jpg,https://cloudinary.images-iherb.com/image/upload/f_auto,q_auto:eco/images/foa/foa01796/r/33.jpg",
"Swanson, Full Spectrum® Valerian, Chamomile & Hops, 60 Capsules","₨1,407.25","https://cloudinary.images-iherb.com/image/upload/f_auto,q_auto:eco/images/swv/swv11665/r/40.jpg,https://cloudinary.images-iherb.com/image/upload/f_auto,q_auto:eco/images/swv/swv11665/r/45.jpg,https://cloudinary.images-iherb.com/image/upload/w_240/f_auto,q_auto:eco/images/cms/banners/dPDP_Authenticity_Graphic2_2025_009en-us.jpg,https://cloudinary.images-iherb.com/image/upload/w_240/f_auto,q_auto:eco/images/cms/banners/dPDP_Fresh_Graphic2_2025_003en-us.jpg,https://cloudinary.images-iherb.com/image/upload/f_auto,q_auto:eco/images/swv/swv11665/r/40.jpg",
"Vitamatic, Kids, Magnesium Calm Gummies, Natural Raspberry, 60 Gummies","₨3,006.44","https://cloudinary.images-iherb.com/image/upload/f_auto,q_auto:eco/images/vmc/vmc47299/r/20.jpg,https://cloudinary.images-iherb.com/image/upload/f_auto,q_auto:eco/images/vmc/vmc47299/r/21.jpg,https://cloudinary.images-iherb.com/image/upload/w_240/f_auto,q_auto:eco/images/cms/banners/dPDP_Authenticity_Graphic2_2025_009en-us.jpg,https://cloudinary.images-iherb.com/image/upload/w_240/f_auto,q_auto:eco/images/cms/banners/dPDP_Fresh_Graphic2_2025_003en-us.jpg,https://cloudinary.images-iherb.com/image/upload/f_auto,q_auto:eco/images/vmc/vmc47299/r/20.jpg",
"NOW Foods, Liquid Melatonin, 3 mg, 2 fl oz (59 ml)","₨1,993.07","https://cloudinary.images-iherb.com/image/upload/f_auto,q_auto:eco/images/now/now03261/r/42.jpg,https://cloudinary.images-iherb.com/image/upload/f_auto,q_auto:eco/images/now/now03261/r/48.jpg,https://cloudinary.images-iherb.com/image/upload/w_240/f_auto,q_auto:eco/images/cms/banners/dPDP_Authenticity_Graphic2_2025_009en-us.jpg,https://cloudinary.images-iherb.com/image/upload/w_240/f_auto,q_auto:eco/images/cms/banners/dPDP_Fresh_Graphic2_2025_003en-us.jpg,https://cloudinary.images-iherb.com/image/upload/f_auto,q_auto:eco/images/now/now03261/r/52.jpg",
"Eidon Ionic Minerals, Magnesium, Liquid Concentrate, 2 oz (60 ml)","₨4,994.17","https://cloudinary.images-iherb.com/image/upload/f_auto,q_auto:eco/images/eid/eid00024/r/39.jpg,https://cloudinary.images-iherb.com/image/upload/f_auto,q_auto:eco/images/eid/eid00024/r/44.jpg,https://cloudinary.images-iherb.com/image/upload/w_240/f_auto,q_auto:eco/images/cms/banners/dPDP_Authenticity_Graphic2_2025_009en-us.jpg,https://cloudinary.images-iherb.com/image/upload/w_240/f_auto,q_auto:eco/images/cms/banners/dPDP_Fresh_Graphic2_2025_003en-us.jpg,https://cloudinary.images-iherb.com/image/upload/f_auto,q_auto:eco/images/eid/eid00024/r/39.jpg",
"Sports Research, Magnesium Glycinate, 120 Softgels (80 mg per Softgel)","₨9,076.91","https://cloudinary.images-iherb.com/image/upload/f_auto,q_auto:eco/images/sre/sre09303/r/8.jpg,https://cloudinary.images-iherb.com/image/upload/f_auto,q_auto:eco/images/sre/sre09303/r/13.jpg,https://cloudinary.images-iherb.com/image/upload/w_240/f_auto,q_auto:eco/images/cms/banners/dPDP_Authenticity_Graphic2_2025_009en-us.jpg,https://cloudinary.images-iherb.com/image/upload/w_240/f_auto,q_auto:eco/images/cms/banners/dPDP_Fresh_Graphic2_2025_003en-us.jpg,https://cloudinary.images-iherb.com/image/upload/f_auto,q_auto:eco/images/sre/sre09303/r/8.jpg",
"California Gold Nutrition, Goodnight Sleep with Fresh Milky Oat Seed, St. John's Wort, Skullcap, and Passion Flower Herbs, 1 fl oz (30 ml)",,"https://cloudinary.images-iherb.com/image/upload/f_auto,q_auto:eco/images/cgn/cgn02121/r/56.jpg,https://cloudinary.images-iherb.com/image/upload/f_auto,q_auto:eco/images/cgn/cgn02121/r/54.jpg,https://cloudinary.images-iherb.com/image/upload/f_auto,q_auto:eco/images/cgn/cgn02121/r/45.jpg,https://cloudinary.images-iherb.com/image/upload/f_auto,q_auto:eco/images/cgn/cgn02121/r/31.jpg,https://cloudinary.images-iherb.com/image/upload/f_auto,q_auto:eco/images/cgn/cgn02121/r/27.jpg",
"Nature's Bounty, Sleep 3, Maximum Strength, Drug-Free Sleep Aid, 60 Tri-Layered Tablets",,"https://cloudinary.images-iherb.com/image/upload/f_auto,q_auto:eco/images/nrt/nrt00526/r/60.jpg,https://cloudinary.images-iherb.com/image/upload/f_auto,q_auto:eco/images/nrt/nrt00526/r/61.jpg,https://cloudinary.images-iherb.com/image/upload/w_240/f_auto,q_auto:eco/images/cms/banners/dPDP_Authenticity_Graphic2_2025_009en-us.jpg,https://cloudinary.images-iherb.com/image/upload/w_240/f_auto,q_auto:eco/images/cms/banners/dPDP_Fresh_Graphic2_2025_003en-us.jpg,https://cloudinary.images-iherb.com/image/upload/f_auto,q_auto:eco/images/nrt/nrt00526/r/60.jpg",
"Life Extension, Melatonin, 3 mg, 60 Vegetarian Lozenges",,"https://cloudinary.images-iherb.com/image/upload/f_auto,q_auto:eco/images/lex/lex33206/r/89.jpg,https://cloudinary.images-iherb.com/image/upload/f_auto,q_auto:eco/images/lex/lex33206/r/91.jpg,https://cloudinary.images-iherb.com/image/upload/w_240/f_auto,q_auto:eco/images/cms/banners/dPDP_Authenticity_Graphic2_2025_009en-us.jpg,https://cloudinary.images-iherb.com/image/upload/w_240/f_auto,q_auto:eco/images/cms/banners/dPDP_Fresh_Graphic2_2025_003en-us.jpg,https://cloudinary.images-iherb.com/image/upload/f_auto,q_auto:eco/images/lex/lex33206/r/89.jpg",
"EVLution Nutrition, SleepMode®, 60 Veggie Capsules","₨3,182.78","https://cloudinary.images-iherb.com/image/upload/f_auto,q_auto:eco/images/evl/evl02069/r/58.jpg,https://cloudinary.images-iherb.com/image/upload/f_auto,q_auto:eco/images/evl/evl02069/r/64.jpg,https://cloudinary.images-iherb.com/image/upload/w_240/f_auto,q_auto:eco/images/cms/banners/dPDP_Authenticity_Graphic2_2025_009en-us.jpg,https://cloudinary.images-iherb.com/image/upload/w_240/f_auto,q_auto:eco/images/cms/banners/dPDP_Fresh_Graphic2_2025_003en-us.jpg,https://cloudinary.images-iherb.com/image/upload/f_auto,q_auto:eco/images/evl/evl02069/r/66.jpg",
"Thorne, 5-Hydroxytryptophan, 90 Capsules","₨10,695.99","https://cloudinary.images-iherb.com/image/upload/f_auto,q_auto:eco/images/thr/thr50302/r/28.jpg,https://cloudinary.images-iherb.com/image/upload/f_auto,q_auto:eco/images/thr/thr50302/r/33.jpg,https://cloudinary.images-iherb.com/image/upload/w_240/f_auto,q_auto:eco/images/cms/banners/dPDP_Authenticity_Graphic2_2025_009en-us.jpg,https://cloudinary.images-iherb.com/image/upload/w_240/f_auto,q_auto:eco/images/cms/banners/dPDP_Fresh_Graphic2_2025_003en-us.jpg,https://cloudinary.images-iherb.com/image/upload/f_auto,q_auto:eco/images/thr/thr50302/r/28.jpg",
"Force Factor, Magnesium, 500 mg, 90 Vegetable Capsules","₨2,862.36","https://cloudinary.images-iherb.com/image/upload/f_auto,q_auto:eco/images/foa/foa66043/r/8.jpg,https://cloudinary.images-iherb.com/image/upload/f_auto,q_auto:eco/images/foa/foa66043/r/13.jpg,https://cloudinary.images-iherb.com/image/upload/w_240/f_auto,q_auto:eco/images/cms/banners/dPDP_Authenticity_Graphic2_2025_009en-us.jpg,https://cloudinary.images-iherb.com/image/upload/w_240/f_auto,q_auto:eco/images/cms/banners/dPDP_Fresh_Graphic2_2025_003en-us.jpg,https://cloudinary.images-iherb.com/image/upload/f_auto,q_auto:eco/images/foa/foa66043/r/16.jpg",
"Trace, Liquid Magnesium Glycinate, Lemon Line, 8 fl oz (237 ml)","₨6,467.78","https://cloudinary.images-iherb.com/image/upload/f_auto,q_auto:eco/images/tmr/tmr00840/r/24.jpg,https://cloudinary.images-iherb.com/image/upload/f_auto,q_auto:eco/images/tmr/tmr00840/r/29.jpg,https://cloudinary.images-iherb.com/image/upload/w_240/f_auto,q_auto:eco/images/cms/banners/dPDP_Authenticity_Graphic2_2025_009en-us.jpg,https://cloudinary.images-iherb.com/image/upload/w_240/f_auto,q_auto:eco/images/cms/banners/dPDP_Fresh_Graphic2_2025_003en-us.jpg,https://cloudinary.images-iherb.com/image/upload/f_auto,q_auto:eco/images/tmr/tmr00840/r/24.jpg",
"Nature's Bounty, Melatonin, 1 mg, 180 Tablets",,"https://cloudinary.images-iherb.com/image/upload/f_auto,q_auto:eco/images/nrt/nrt02832/r/54.jpg,https://cloudinary.images-iherb.com/image/upload/f_auto,q_auto:eco/images/nrt/nrt02832/r/60.jpg,https://cloudinary.images-iherb.com/image/upload/w_240/f_auto,q_auto:eco/images/cms/banners/dPDP_Authenticity_Graphic2_2025_009en-us.jpg,https://cloudinary.images-iherb.com/image/upload/w_240/f_auto,q_auto:eco/images/cms/banners/dPDP_Fresh_Graphic2_2025_003en-us.jpg,https://img.youtube.com/vi/wNQRctOG1UQ/0.jpg",
"Natrol, Melatonin, Fast Dissolve, Strawberry, 3 mg, 150 Tablets",,"https://cloudinary.images-iherb.com/image/upload/f_auto,q_auto:eco/images/ntl/ntl07281/r/48.jpg,https://cloudinary.images-iherb.com/image/upload/f_auto,q_auto:eco/images/ntl/ntl07281/r/53.jpg,https://cloudinary.images-iherb.com/image/upload/w_240/f_auto,q_auto:eco/images/cms/banners/dPDP_Authenticity_Graphic2_2025_009en-us.jpg,https://cloudinary.images-iherb.com/image/upload/w_240/f_auto,q_auto:eco/images/cms/banners/dPDP_Fresh_Graphic2_2025_003en-us.jpg,https://cloudinary.images-iherb.com/image/upload/f_auto,q_auto:eco/images/ntl/ntl07281/r/48.jpg",
"InnovixLabs, Advanced Magnesium, 150 Vegetarian Capsules (105 mg per Capsule)",,"https://cloudinary.images-iherb.com/image/upload/f_auto,q_auto:eco/images/inv/inv98455/r/60.jpg,https://cloudinary.images-iherb.com/image/upload/f_auto,q_auto:eco/images/inv/inv98455/r/63.jpg,https://cloudinary.images-iherb.com/image/upload/w_240/f_auto,q_auto:eco/images/cms/banners/dPDP_Authenticity_Graphic2_2025_009en-us.jpg,https://cloudinary.images-iherb.com/image/upload/w_240/f_auto,q_auto:eco/images/cms/banners/dPDP_Fresh_Graphic2_2025_003en-us.jpg,https://cloudinary.images-iherb.com/image/upload/f_auto,q_auto:eco/images/inv/inv98455/r/60.jpg",
"Nature's Life, Renewing Magnesium Malate, 250 Tablets (200 mg per Tablet)","₨6,692.57","https://cloudinary.images-iherb.com/image/upload/f_auto,q_auto:eco/images/nli/nli00687/r/40.jpg,https://cloudinary.images-iherb.com/image/upload/f_auto,q_auto:eco/images/nli/nli00687/r/45.jpg,https://cloudinary.images-iherb.com/image/upload/w_240/f_auto,q_auto:eco/images/cms/banners/dPDP_Authenticity_Graphic2_2025_009en-us.jpg,https://cloudinary.images-iherb.com/image/upload/w_240/f_auto,q_auto:eco/images/cms/banners/dPDP_Fresh_Graphic2_2025_003en-us.jpg,https://cloudinary.images-iherb.com/image/upload/f_auto,q_auto:eco/images/nli/nli00687/r/40.jpg",
"Doctor's Best, High Absorption Magnesium Powder, Sweet Peach, 12.3 oz (347 g)",,"https://cloudinary.images-iherb.com/image/upload/f_auto,q_auto:eco/images/drb/drb00518/r/66.jpg,https://cloudinary.images-iherb.com/image/upload/f_auto,q_auto:eco/images/drb/drb00518/r/68.jpg,https://cloudinary.images-iherb.com/image/upload/w_240/f_auto,q_auto:eco/images/cms/banners/dPDP_Authenticity_Graphic2_2025_009en-us.jpg,https://cloudinary.images-iherb.com/image/upload/w_240/f_auto,q_auto:eco/images/cms/banners/dPDP_Fresh_Graphic2_2025_003en-us.jpg,https://cloudinary.images-iherb.com/image/upload/f_auto,q_auto:eco/images/drb/drb00518/r/66.jpg",
"Life Extension, Enhanced Sleep without Melatonin, 30 Vegetarian Capsules","₨6,677.77","https://cloudinary.images-iherb.com/image/upload/f_auto,q_auto:eco/images/lex/lex15113/r/58.jpg,https://cloudinary.images-iherb.com/image/upload/f_auto,q_auto:eco/images/lex/lex15113/r/64.jpg,https://cloudinary.images-iherb.com/image/upload/w_240/f_auto,q_auto:eco/images/cms/banners/dPDP_Authenticity_Graphic2_2025_009en-us.jpg,https://cloudinary.images-iherb.com/image/upload/w_240/f_auto,q_auto:eco/images/cms/banners/dPDP_Fresh_Graphic2_2025_003en-us.jpg,https://cloudinary.images-iherb.com/image/upload/f_auto,q_auto:eco/images/lex/lex15113/r/58.jpg",
"BIOptimizers, Magnesium Breakthrough, 50 Veggie Caps","₨8,103.51","https://cloudinary.images-iherb.com/image/upload/f_auto,q_auto:eco/images/boz/boz11676/r/8.jpg,https://cloudinary.images-iherb.com/image/upload/f_auto,q_auto:eco/images/boz/boz11676/r/14.jpg,https://cloudinary.images-iherb.com/image/upload/w_240/f_auto,q_auto:eco/images/cms/banners/dPDP_Authenticity_Graphic2_2025_009en-us.jpg,https://cloudinary.images-iherb.com/image/upload/w_240/f_auto,q_auto:eco/images/cms/banners/dPDP_Fresh_Graphic2_2025_003en-us.jpg,https://cloudinary.images-iherb.com/image/upload/f_auto,q_auto:eco/images/boz/boz11676/r/8.jpg",
"Natural Vitality, CALM Gummies, Magnesium Supplement, Raspberry-Lemon, 120 Gummies (82.5 mg per Gummy)",,"https://cloudinary.images-iherb.com/image/upload/f_auto,q_auto:eco/images/ptg/ptg00240/r/56.jpg,https://cloudinary.images-iherb.com/image/upload/f_auto,q_auto:eco/images/ptg/ptg00240/r/61.jpg,https://cloudinary.images-iherb.com/image/upload/w_240/f_auto,q_auto:eco/images/cms/banners/dPDP_Authenticity_Graphic2_2025_009en-us.jpg,https://cloudinary.images-iherb.com/image/upload/w_240/f_auto,q_auto:eco/images/cms/banners/dPDP_Fresh_Graphic2_2025_003en-us.jpg,https://cloudinary.images-iherb.com/image/upload/f_auto,q_auto:eco/images/ptg/ptg00240/r/56.jpg",
"Nutricost, Magnesium Bisglycinate, Unflavored, 8.9 oz (250 g)",,"https://cloudinary.images-iherb.com/image/upload/f_auto,q_auto:eco/images/ncs/ncs57348/r/8.jpg,https://cloudinary.images-iherb.com/image/upload/f_auto,q_auto:eco/images/ncs/ncs57348/r/13.jpg,https://cloudinary.images-iherb.com/image/upload/w_240/f_auto,q_auto:eco/images/cms/banners/dPDP_Authenticity_Graphic2_2025_009en-us.jpg,https://cloudinary.images-iherb.com/image/upload/w_240/f_auto,q_auto:eco/images/cms/banners/dPDP_Fresh_Graphic2_2025_003en-us.jpg,https://cloudinary.images-iherb.com/image/upload/f_auto,q_auto:eco/images/ncs/ncs57348/r/8.jpg",
"Natural Factors, Stress-Relax®, Magnesium Citrate Powder, Berry Drink Mix, 8.8 oz (250 g)","₨5,671.77","https://cloudinary.images-iherb.com/image/upload/f_auto,q_auto:eco/images/nfs/nfs03540/r/38.jpg,https://cloudinary.images-iherb.com/image/upload/f_auto,q_auto:eco/images/nfs/nfs03540/r/46.jpg,https://cloudinary.images-iherb.com/image/upload/w_240/f_auto,q_auto:eco/images/cms/banners/dPDP_Authenticity_Graphic2_2025_009en-us.jpg,https://cloudinary.images-iherb.com/image/upload/w_240/f_auto,q_auto:eco/images/cms/banners/dPDP_Fresh_Graphic2_2025_003en-us.jpg,https://cloudinary.images-iherb.com/image/upload/f_auto,q_auto:eco/images/nfs/nfs03540/r/38.jpg",
"Natrol, Melatonin, Fast Dissolve, Strawberry, 3 mg, 90 Tablets","₨3,079.29","https://cloudinary.images-iherb.com/image/upload/f_auto,q_auto:eco/images/ntl/ntl06076/r/80.jpg,https://cloudinary.images-iherb.com/image/upload/f_auto,q_auto:eco/images/ntl/ntl06076/r/85.jpg,https://cloudinary.images-iherb.com/image/upload/w_240/f_auto,q_auto:eco/images/cms/banners/dPDP_Authenticity_Graphic2_2025_009en-us.jpg,https://cloudinary.images-iherb.com/image/upload/w_240/f_auto,q_auto:eco/images/cms/banners/dPDP_Fresh_Graphic2_2025_003en-us.jpg,https://img.youtube.com/vi/ifL09NlJFDE/0.jpg",
"California Gold Nutrition, Magnesium Powder Beverage, Unflavored, 10 oz (283 g)",,"https://cloudinary.images-iherb.com/image/upload/f_auto,q_auto:eco/images/cgn/cgn01564/r/97.jpg,https://cloudinary.images-iherb.com/image/upload/f_auto,q_auto:eco/images/cgn/cgn01564/r/98.jpg,https://cloudinary.images-iherb.com/image/upload/f_auto,q_auto:eco/images/cgn/cgn01564/r/107.jpg,https://cloudinary.images-iherb.com/image/upload/f_auto,q_auto:eco/images/cgn/cgn01564/r/110.jpg,https://cloudinary.images-iherb.com/image/upload/f_auto,q_auto:eco/images/cgn/cgn01564/r/86.jpg",
"NOW Foods, Magnesium Inositol Relax, Lemonade, 16 oz (454 g)","₨6,936.09","https://cloudinary.images-iherb.com/image/upload/f_auto,q_auto:eco/images/now/now01293/r/37.jpg,https://cloudinary.images-iherb.com/image/upload/f_auto,q_auto:eco/images/now/now01293/r/43.jpg,https://cloudinary.images-iherb.com/image/upload/f_auto,q_auto:eco/images/now/now01293/r/25.jpg,https://cloudinary.images-iherb.com/image/upload/f_auto,q_auto:eco/images/now/now01293/r/26.jpg,https://cloudinary.images-iherb.com/image/upload/f_auto,q_auto:eco/images/now/now01293/r/27.jpg",
"Nature's Craft, Triple Magnesium Complex, 90 Capsules (133 mg per Capsule)",,"https://cloudinary.images-iherb.com/image/upload/f_auto,q_auto:eco/images/nca/nca63975/r/8.jpg,https://cloudinary.images-iherb.com/image/upload/f_auto,q_auto:eco/images/nca/nca63975/r/14.jpg,https://cloudinary.images-iherb.com/image/upload/w_240/f_auto,q_auto:eco/images/cms/banners/dPDP_Authenticity_Graphic2_2025_009en-us.jpg,https://cloudinary.images-iherb.com/image/upload/w_240/f_auto,q_auto:eco/images/cms/banners/dPDP_Fresh_Graphic2_2025_003en-us.jpg,https://img.youtube.com/vi/dMLk0UYJSvo/0.jpg",
"Bioray, Kids, NDF Sleepy, Maple, 2 fl oz (60 ml)","₨7,378.47","https://cloudinary.images-iherb.com/image/upload/f_auto,q_auto:eco/images/bry/bry16001/r/57.jpg,https://cloudinary.images-iherb.com/image/upload/f_auto,q_auto:eco/images/bry/bry16001/r/60.jpg,https://cloudinary.images-iherb.com/image/upload/f_auto,q_auto:eco/images/bry/bry16001/r/61.jpg,https://cloudinary.images-iherb.com/image/upload/w_240/f_auto,q_auto:eco/images/cms/banners/dPDP_Authenticity_Graphic2_2025_009en-us.jpg,https://cloudinary.images-iherb.com/image/upload/w_240/f_auto,q_auto:eco/images/cms/banners/dPDP_Fresh_Graphic2_2025_003en-us.jpg",
"Natrol, Sleep+™ Calm Gummies, Strawberry, 60 Gummies","₨5,767.05","https://cloudinary.images-iherb.com/image/upload/f_auto,q_auto:eco/images/ntl/ntl07779/r/56.jpg,https://cloudinary.images-iherb.com/image/upload/f_auto,q_auto:eco/images/ntl/ntl07779/r/62.jpg,https://cloudinary.images-iherb.com/image/upload/w_240/f_auto,q_auto:eco/images/cms/banners/dPDP_Authenticity_Graphic2_2025_009en-us.jpg,https://cloudinary.images-iherb.com/image/upload/w_240/f_auto,q_auto:eco/images/cms/banners/dPDP_Fresh_Graphic2_2025_003en-us.jpg,https://cloudinary.images-iherb.com/image/upload/f_auto,q_auto:eco/images/ntl/ntl07779/r/56.jpg",
"Natrol, Melatonin, Fast Dissolve, Strawberry, 1 mg, 90 Tablets",,"https://cloudinary.images-iherb.com/image/upload/f_auto,q_auto:eco/images/ntl/ntl06324/r/73.jpg,https://cloudinary.images-iherb.com/image/upload/f_auto,q_auto:eco/images/ntl/ntl06324/r/78.jpg,https://cloudinary.images-iherb.com/image/upload/w_240/f_auto,q_auto:eco/images/cms/banners/dPDP_Authenticity_Graphic2_2025_009en-us.jpg,https://cloudinary.images-iherb.com/image/upload/w_240/f_auto,q_auto:eco/images/cms/banners/dPDP_Fresh_Graphic2_2025_003en-us.jpg,https://img.youtube.com/vi/ifL09NlJFDE/0.jpg",
"BioSchwartz, Maximum Absorption Magnesium Glycinate, 120 Veggie Caps","₨4,095.93","https://cloudinary.images-iherb.com/image/upload/f_auto,q_auto:eco/images/btz/btz43104/r/8.jpg,https://cloudinary.images-iherb.com/image/upload/f_auto,q_auto:eco/images/btz/btz43104/r/14.jpg,https://cloudinary.images-iherb.com/image/upload/w_240/f_auto,q_auto:eco/images/cms/banners/dPDP_Authenticity_Graphic2_2025_009en-us.jpg,https://cloudinary.images-iherb.com/image/upload/w_240/f_auto,q_auto:eco/images/cms/banners/dPDP_Fresh_Graphic2_2025_003en-us.jpg,https://cloudinary.images-iherb.com/image/upload/f_auto,q_auto:eco/images/btz/btz43104/r/8.jpg",
"Revive, Magnesium Glycinate, 120 Vegetarian Capsules (100 mg per Capsule)","₨4,694.67","https://cloudinary.images-iherb.com/image/upload/f_auto,q_auto:eco/images/rvi/rvi68936/r/32.jpg,https://cloudinary.images-iherb.com/image/upload/f_auto,q_auto:eco/images/rvi/rvi68936/r/37.jpg,https://cloudinary.images-iherb.com/image/upload/w_240/f_auto,q_auto:eco/images/cms/banners/dPDP_Authenticity_Graphic2_2025_009en-us.jpg,https://cloudinary.images-iherb.com/image/upload/w_240/f_auto,q_auto:eco/images/cms/banners/dPDP_Fresh_Graphic2_2025_003en-us.jpg,https://cloudinary.images-iherb.com/image/upload/f_auto,q_auto:eco/images/rvi/rvi68936/r/32.jpg",
"Swanson, Magnesium L-Threonate, 90 Veggie Capsules","₨11,336.13","https://cloudinary.images-iherb.com/image/upload/f_auto,q_auto:eco/images/swv/swv02700/r/8.jpg,https://cloudinary.images-iherb.com/image/upload/f_auto,q_auto:eco/images/swv/swv02700/r/14.jpg,https://cloudinary.images-iherb.com/image/upload/w_240/f_auto,q_auto:eco/images/cms/banners/dPDP_Authenticity_Graphic2_2025_009en-us.jpg,https://cloudinary.images-iherb.com/image/upload/w_240/f_auto,q_auto:eco/images/cms/banners/dPDP_Fresh_Graphic2_2025_003en-us.jpg,https://img.youtube.com/vi/rajQKy4WxkU/0.jpg",
"Zhou Nutrition, Mag Glycinate, 180 Capsules","₨5,024.46","https://cloudinary.images-iherb.com/image/upload/f_auto,q_auto:eco/images/zho/zho23513/r/24.jpg,https://cloudinary.images-iherb.com/image/upload/f_auto,q_auto:eco/images/zho/zho23513/r/29.jpg,https://cloudinary.images-iherb.com/image/upload/w_240/f_auto,q_auto:eco/images/cms/banners/dPDP_Authenticity_Graphic2_2025_009en-us.jpg,https://cloudinary.images-iherb.com/image/upload/w_240/f_auto,q_auto:eco/images/cms/banners/dPDP_Fresh_Graphic2_2025_003en-us.jpg,https://cloudinary.images-iherb.com/image/upload/f_auto,q_auto:eco/images/zho/zho23513/r/24.jpg",
"Deva, Vegan Magnesium Glycinate With Trace Minerals, 90 Tablets","₨4,060.31","https://cloudinary.images-iherb.com/image/upload/f_auto,q_auto:eco/images/dev/dev00077/r/8.jpg,https://cloudinary.images-iherb.com/image/upload/f_auto,q_auto:eco/images/dev/dev00077/r/11.jpg,https://cloudinary.images-iherb.com/image/upload/w_240/f_auto,q_auto:eco/images/cms/banners/dPDP_Authenticity_Graphic2_2025_009en-us.jpg,https://cloudinary.images-iherb.com/image/upload/w_240/f_auto,q_auto:eco/images/cms/banners/dPDP_Fresh_Graphic2_2025_003en-us.jpg,https://cloudinary.images-iherb.com/image/upload/f_auto,q_auto:eco/images/dev/dev00077/r/8.jpg",
"Life-flo, Magnesium Oil Spray with Aloe Vera, 8 fl oz (237 ml)","₨3,450.24","https://cloudinary.images-iherb.com/image/upload/f_auto,q_auto:eco/images/lfh/lfh58081/r/25.jpg,https://cloudinary.images-iherb.com/image/upload/f_auto,q_auto:eco/images/lfh/lfh58081/r/29.jpg,https://cloudinary.images-iherb.com/image/upload/w_240/f_auto,q_auto:eco/images/cms/banners/dPDP_Authenticity_Graphic2_2025_009en-us.jpg,https://cloudinary.images-iherb.com/image/upload/w_240/f_auto,q_auto:eco/images/cms/banners/dPDP_Fresh_Graphic2_2025_003en-us.jpg,https://cloudinary.images-iherb.com/image/upload/f_auto,q_auto:eco/images/lfh/lfh58081/r/25.jpg",
"Natural Factors, Stress-Relax, Melatonin, 10 mg, 60 Chewable Tablets","₨2,499.11","https://cloudinary.images-iherb.com/image/upload/f_auto,q_auto:eco/images/nfs/nfs02719/r/24.jpg,https://cloudinary.images-iherb.com/image/upload/f_auto,q_auto:eco/images/nfs/nfs02719/r/27.jpg,https://cloudinary.images-iherb.com/image/upload/w_240/f_auto,q_auto:eco/images/cms/banners/dPDP_Authenticity_Graphic2_2025_009en-us.jpg,https://cloudinary.images-iherb.com/image/upload/w_240/f_auto,q_auto:eco/images/cms/banners/dPDP_Fresh_Graphic2_2025_003en-us.jpg,https://cloudinary.images-iherb.com/image/upload/f_auto,q_auto:eco/images/nfs/nfs02719/r/24.jpg",
"Life Extension, Calm-Mag, Magnesium Acetyl Taurinate, 30 Vegetarian Capsules","₨6,829.53","https://cloudinary.images-iherb.com/image/upload/f_auto,q_auto:eco/images/lex/lex24343/r/8.jpg,https://cloudinary.images-iherb.com/image/upload/f_auto,q_auto:eco/images/lex/lex24343/r/14.jpg,https://cloudinary.images-iherb.com/image/upload/w_240/f_auto,q_auto:eco/images/cms/banners/dPDP_Authenticity_Graphic2_2025_009en-us.jpg,https://cloudinary.images-iherb.com/image/upload/w_240/f_auto,q_auto:eco/images/cms/banners/dPDP_Fresh_Graphic2_2025_003en-us.jpg,https://cloudinary.images-iherb.com/image/upload/f_auto,q_auto:eco/images/lex/lex24343/r/8.jpg",
"Life Extension, Melatonin, 6 Hour Timed Release, 750 mcg, 60 Vegetarian Tablets","₨2,197.01","https://cloudinary.images-iherb.com/image/upload/f_auto,q_auto:eco/images/lex/lex17886/r/85.jpg,https://cloudinary.images-iherb.com/image/upload/f_auto,q_auto:eco/images/lex/lex17886/r/87.jpg,https://cloudinary.images-iherb.com/image/upload/w_240/f_auto,q_auto:eco/images/cms/banners/dPDP_Authenticity_Graphic2_2025_009en-us.jpg,https://cloudinary.images-iherb.com/image/upload/w_240/f_auto,q_auto:eco/images/cms/banners/dPDP_Fresh_Graphic2_2025_003en-us.jpg,https://cloudinary.images-iherb.com/image/upload/f_auto,q_auto:eco/images/lex/lex17886/r/85.jpg",
"Life Extension, Rest & Renew, 30 Vegetarian Capsules","₨4,097.72","https://cloudinary.images-iherb.com/image/upload/f_auto,q_auto:eco/images/lex/lex25023/r/24.jpg,https://cloudinary.images-iherb.com/image/upload/f_auto,q_auto:eco/images/lex/lex25023/r/29.jpg,https://cloudinary.images-iherb.com/image/upload/w_240/f_auto,q_auto:eco/images/cms/banners/dPDP_Authenticity_Graphic2_2025_009en-us.jpg,https://cloudinary.images-iherb.com/image/upload/w_240/f_auto,q_auto:eco/images/cms/banners/dPDP_Fresh_Graphic2_2025_003en-us.jpg,https://cloudinary.images-iherb.com/image/upload/f_auto,q_auto:eco/images/lex/lex25023/r/24.jpg",
"California Gold Nutrition, Bone Boost with Calcium, Magnesium, Vitamin C and Potassium, 120 Tablets","₨8,547.54","https://cloudinary.images-iherb.com/image/upload/f_auto,q_auto:eco/images/cgn/cgn02100/r/44.jpg,https://cloudinary.images-iherb.com/image/upload/f_auto,q_auto:eco/images/cgn/cgn02100/r/50.jpg,https://cloudinary.images-iherb.com/image/upload/f_auto,q_auto:eco/images/cgn/cgn02100/r/43.jpg,https://cloudinary.images-iherb.com/image/upload/f_auto,q_auto:eco/images/cgn/cgn02100/r/56.jpg,https://cloudinary.images-iherb.com/image/upload/f_auto,q_auto:eco/images/cgn/cgn02100/r/54.jpg",
"Natrol, Melatonin, Fast Dissolve, Strawberry, 5 mg, 90 Tablets","₨3,621.84","https://cloudinary.images-iherb.com/image/upload/f_auto,q_auto:eco/images/ntl/ntl05865/r/74.jpg,https://cloudinary.images-iherb.com/image/upload/f_auto,q_auto:eco/images/ntl/ntl05865/r/79.jpg,https://cloudinary.images-iherb.com/image/upload/w_240/f_auto,q_auto:eco/images/cms/banners/dPDP_Authenticity_Graphic2_2025_009en-us.jpg,https://cloudinary.images-iherb.com/image/upload/w_240/f_auto,q_auto:eco/images/cms/banners/dPDP_Fresh_Graphic2_2025_003en-us.jpg,https://img.youtube.com/vi/ifL09NlJFDE/0.jpg",
"NOW Foods, 5-HTP, 50 mg, 30 Veg Capsules","₨1,543.18","https://cloudinary.images-iherb.com/image/upload/f_auto,q_auto:eco/images/now/now00097/r/16.jpg,https://cloudinary.images-iherb.com/image/upload/f_auto,q_auto:eco/images/now/now00097/r/22.jpg,https://cloudinary.images-iherb.com/image/upload/w_240/f_auto,q_auto:eco/images/cms/banners/dPDP_Authenticity_Graphic2_2025_009en-us.jpg,https://cloudinary.images-iherb.com/image/upload/w_240/f_auto,q_auto:eco/images/cms/banners/dPDP_Fresh_Graphic2_2025_003en-us.jpg,https://cloudinary.images-iherb.com/image/upload/f_auto,q_auto:eco/images/now/now00097/r/26.jpg",
"Futurebiotics, Relax & Sleep®, 120 Vegetarian Tablets","₨3,152.83","https://cloudinary.images-iherb.com/image/upload/f_auto,q_auto:eco/images/fbs/fbs00016/r/34.jpg,https://cloudinary.images-iherb.com/image/upload/f_auto,q_auto:eco/images/fbs/fbs00016/r/39.jpg,https://cloudinary.images-iherb.com/image/upload/w_240/f_auto,q_auto:eco/images/cms/banners/dPDP_Authenticity_Graphic2_2025_009en-us.jpg,https://cloudinary.images-iherb.com/image/upload/w_240/f_auto,q_auto:eco/images/cms/banners/dPDP_Fresh_Graphic2_2025_003en-us.jpg,https://cloudinary.images-iherb.com/image/upload/f_auto,q_auto:eco/images/fbs/fbs00016/r/34.jpg",
"YumVs, Magnesium Citrate, Raspberry, 90 Gummies (300 mg per Gummy)",,"https://cloudinary.images-iherb.com/image/upload/f_auto,q_auto:eco/images/yuv/yuv61076/r/40.jpg,https://cloudinary.images-iherb.com/image/upload/f_auto,q_auto:eco/images/yuv/yuv61076/r/43.jpg,https://cloudinary.images-iherb.com/image/upload/w_240/f_auto,q_auto:eco/images/cms/banners/dPDP_Authenticity_Graphic2_2025_009en-us.jpg,https://cloudinary.images-iherb.com/image/upload/w_240/f_auto,q_auto:eco/images/cms/banners/dPDP_Fresh_Graphic2_2025_003en-us.jpg,https://cloudinary.images-iherb.com/image/upload/f_auto,q_auto:eco/images/yuv/yuv61076/r/40.jpg",
"NOW Foods, 5-HTP, 50 mg, 90 Veg Capsules","₨3,449.77","https://cloudinary.images-iherb.com/image/upload/f_auto,q_auto:eco/images/now/now00099/r/42.jpg,https://cloudinary.images-iherb.com/image/upload/f_auto,q_auto:eco/images/now/now00099/r/47.jpg,https://cloudinary.images-iherb.com/image/upload/w_240/f_auto,q_auto:eco/images/cms/banners/dPDP_Authenticity_Graphic2_2025_009en-us.jpg,https://cloudinary.images-iherb.com/image/upload/w_240/f_auto,q_auto:eco/images/cms/banners/dPDP_Fresh_Graphic2_2025_003en-us.jpg,https://cloudinary.images-iherb.com/image/upload/f_auto,q_auto:eco/images/now/now00099/r/52.jpg",
"Nature's Answer, Passionflower Aerial Parts, Fluid Extract, Alcohol-Free, 2,000 mg, 1 fl oz (30 ml)","₨3,198.72","https://cloudinary.images-iherb.com/image/upload/f_auto,q_auto:eco/images/nta/nta00654/r/55.jpg,https://cloudinary.images-iherb.com/image/upload/f_auto,q_auto:eco/images/nta/nta00654/r/60.jpg,https://cloudinary.images-iherb.com/image/upload/w_240/f_auto,q_auto:eco/images/cms/banners/dPDP_Authenticity_Graphic2_2025_009en-us.jpg,https://cloudinary.images-iherb.com/image/upload/w_240/f_auto,q_auto:eco/images/cms/banners/dPDP_Fresh_Graphic2_2025_003en-us.jpg,https://cloudinary.images-iherb.com/image/upload/f_auto,q_auto:eco/images/nta/nta00654/r/55.jpg",
"Doctor's Best, Brain Magnesium with Magtein®, 90 Veggie Caps (50 mg Per capsule)",,"https://cloudinary.images-iherb.com/image/upload/f_auto,q_auto:eco/images/drb/drb00283/r/124.jpg,https://cloudinary.images-iherb.com/image/upload/f_auto,q_auto:eco/images/drb/drb00283/r/129.jpg,https://cloudinary.images-iherb.com/image/upload/w_240/f_auto,q_auto:eco/images/cms/banners/dPDP_Authenticity_Graphic2_2025_009en-us.jpg,https://cloudinary.images-iherb.com/image/upload/w_240/f_auto,q_auto:eco/images/cms/banners/dPDP_Fresh_Graphic2_2025_003en-us.jpg,https://cloudinary.images-iherb.com/image/upload/f_auto,q_auto:eco/images/drb/drb00283/r/124.jpg",
"NutraMedix, Magnesium Malate, 120 Vegetable Capsules (100 mg per Capsule)","₨6,606.07","https://cloudinary.images-iherb.com/image/upload/f_auto,q_auto:eco/images/ndx/ndx05319/r/30.jpg,https://cloudinary.images-iherb.com/image/upload/f_auto,q_auto:eco/images/ndx/ndx05319/r/33.jpg,https://cloudinary.images-iherb.com/image/upload/w_240/f_auto,q_auto:eco/images/cms/banners/dPDP_Authenticity_Graphic2_2025_009en-us.jpg,https://cloudinary.images-iherb.com/image/upload/w_240/f_auto,q_auto:eco/images/cms/banners/dPDP_Fresh_Graphic2_2025_003en-us.jpg,https://cloudinary.images-iherb.com/image/upload/f_auto,q_auto:eco/images/ndx/ndx05319/r/30.jpg",
"Life Extension, Melatonin, 10 mg, 60 Vegetarian Capsules","₨4,553.02","https://cloudinary.images-iherb.com/image/upload/f_auto,q_auto:eco/images/lex/lex33106/r/167.jpg,https://cloudinary.images-iherb.com/image/upload/f_auto,q_auto:eco/images/lex/lex33106/r/162.jpg,https://cloudinary.images-iherb.com/image/upload/w_240/f_auto,q_auto:eco/images/cms/banners/dPDP_Authenticity_Graphic2_2025_009en-us.jpg,https://cloudinary.images-iherb.com/image/upload/w_240/f_auto,q_auto:eco/images/cms/banners/dPDP_Fresh_Graphic2_2025_003en-us.jpg,https://cloudinary.images-iherb.com/image/upload/f_auto,q_auto:eco/images/lex/lex33106/r/167.jpg",
"MegaFood, Magnesium, 60 Capsules","₨5,139.87","https://cloudinary.images-iherb.com/image/upload/f_auto,q_auto:eco/images/mgf/mgf10396/r/8.jpg,https://cloudinary.images-iherb.com/image/upload/f_auto,q_auto:eco/images/mgf/mgf10396/r/14.jpg,https://cloudinary.images-iherb.com/image/upload/w_240/f_auto,q_auto:eco/images/cms/banners/dPDP_Authenticity_Graphic2_2025_009en-us.jpg,https://cloudinary.images-iherb.com/image/upload/w_240/f_auto,q_auto:eco/images/cms/banners/dPDP_Fresh_Graphic2_2025_003en-us.jpg,https://cloudinary.images-iherb.com/image/upload/f_auto,q_auto:eco/images/mgf/mgf10396/r/8.jpg",
"fitcode, Magnesium Citrate, 60 Veggie Capsules (200 mg per Capsule)","₨2,394.05","https://cloudinary.images-iherb.com/image/upload/f_auto,q_auto:eco/images/fcd/fcd02878/r/8.jpg,https://cloudinary.images-iherb.com/image/upload/f_auto,q_auto:eco/images/fcd/fcd02878/r/14.jpg,https://cloudinary.images-iherb.com/image/upload/w_240/f_auto,q_auto:eco/images/cms/banners/dPDP_Authenticity_Graphic2_2025_009en-us.jpg,https://cloudinary.images-iherb.com/image/upload/w_240/f_auto,q_auto:eco/images/cms/banners/dPDP_Fresh_Graphic2_2025_003en-us.jpg,https://cloudinary.images-iherb.com/image/upload/f_auto,q_auto:eco/images/fcd/fcd02878/r/16.jpg",
"Bach, Rescue Sleep® Liquid Melts, 28 Capsules","₨4,226.36","https://cloudinary.images-iherb.com/image/upload/f_auto,q_auto:eco/images/bac/bac01528/r/60.jpg,https://cloudinary.images-iherb.com/image/upload/f_auto,q_auto:eco/images/bac/bac01528/r/61.jpg,https://cloudinary.images-iherb.com/image/upload/w_240/f_auto,q_auto:eco/images/cms/banners/dPDP_Authenticity_Graphic2_2025_009en-us.jpg,https://cloudinary.images-iherb.com/image/upload/w_240/f_auto,q_auto:eco/images/cms/banners/dPDP_Fresh_Graphic2_2025_003en-us.jpg,https://cloudinary.images-iherb.com/image/upload/f_auto,q_auto:eco/images/bac/bac01528/r/60.jpg",
"Nature's Craft, Kids Magnesium Gummies, Raspberry, 90 Gummies","₨5,453.91","https://cloudinary.images-iherb.com/image/upload/f_auto,q_auto:eco/images/nca/nca38678/r/8.jpg,https://cloudinary.images-iherb.com/image/upload/f_auto,q_auto:eco/images/nca/nca38678/r/14.jpg,https://cloudinary.images-iherb.com/image/upload/w_240/f_auto,q_auto:eco/images/cms/banners/dPDP_Authenticity_Graphic2_2025_009en-us.jpg,https://cloudinary.images-iherb.com/image/upload/w_240/f_auto,q_auto:eco/images/cms/banners/dPDP_Fresh_Graphic2_2025_003en-us.jpg,https://cloudinary.images-iherb.com/image/upload/f_auto,q_auto:eco/images/nca/nca38678/r/8.jpg",
"Country Life, Chelated Magnesium, 250 mg, 240 Tablets","₨5,283.24","https://cloudinary.images-iherb.com/image/upload/f_auto,q_auto:eco/images/clf/clf02684/r/24.jpg,https://cloudinary.images-iherb.com/image/upload/f_auto,q_auto:eco/images/clf/clf02684/r/30.jpg,https://cloudinary.images-iherb.com/image/upload/w_240/f_auto,q_auto:eco/images/cms/banners/dPDP_Authenticity_Graphic2_2025_009en-us.jpg,https://cloudinary.images-iherb.com/image/upload/w_240/f_auto,q_auto:eco/images/cms/banners/dPDP_Fresh_Graphic2_2025_003en-us.jpg,https://cloudinary.images-iherb.com/image/upload/f_auto,q_auto:eco/images/clf/clf02684/r/24.jpg",
"The Smurfs, Kids Gummy, Restful Sleep, Ages 3+, Smurf Berry , 100 Gummies","₨5,364.65","https://cloudinary.images-iherb.com/image/upload/f_auto,q_auto:eco/images/smf/smf64103/r/8.jpg,https://cloudinary.images-iherb.com/image/upload/f_auto,q_auto:eco/images/smf/smf64103/r/11.jpg,https://cloudinary.images-iherb.com/image/upload/w_240/f_auto,q_auto:eco/images/cms/banners/dPDP_Authenticity_Graphic2_2025_009en-us.jpg,https://cloudinary.images-iherb.com/image/upload/w_240/f_auto,q_auto:eco/images/cms/banners/dPDP_Fresh_Graphic2_2025_003en-us.jpg,https://cloudinary.images-iherb.com/image/upload/f_auto,q_auto:eco/images/smf/smf64103/r/8.jpg",
"Natural Vitality, CALM®, Relaxing Drink Mix, Raspberry-Lemon, 16 oz (453 g)","₨9,988.32","https://cloudinary.images-iherb.com/image/upload/f_auto,q_auto:eco/images/ptg/ptg00011/r/104.jpg,https://cloudinary.images-iherb.com/image/upload/f_auto,q_auto:eco/images/ptg/ptg00011/r/109.jpg,https://cloudinary.images-iherb.com/image/upload/w_240/f_auto,q_auto:eco/images/cms/banners/dPDP_Authenticity_Graphic2_2025_009en-us.jpg,https://cloudinary.images-iherb.com/image/upload/w_240/f_auto,q_auto:eco/images/cms/banners/dPDP_Fresh_Graphic2_2025_003en-us.jpg,https://cloudinary.images-iherb.com/image/upload/f_auto,q_auto:eco/images/ptg/ptg00011/r/104.jpg",
"Swanson, Sleep Essentials, 60 Vegan Capsules","₨1,836.24","https://cloudinary.images-iherb.com/image/upload/f_auto,q_auto:eco/images/swv/swv07104/r/24.jpg,https://cloudinary.images-iherb.com/image/upload/f_auto,q_auto:eco/images/swv/swv07104/r/30.jpg,https://cloudinary.images-iherb.com/image/upload/w_240/f_auto,q_auto:eco/images/cms/banners/dPDP_Authenticity_Graphic2_2025_009en-us.jpg,https://cloudinary.images-iherb.com/image/upload/w_240/f_auto,q_auto:eco/images/cms/banners/dPDP_Fresh_Graphic2_2025_003en-us.jpg,https://cloudinary.images-iherb.com/image/upload/f_auto,q_auto:eco/images/swv/swv07104/r/24.jpg",
"Mommy's Bliss, Kids Sleep Gummies With Melatonin, Ages 3 Years+, Strawberry, 1 mg, 100 Gummies",,"https://cloudinary.images-iherb.com/image/upload/f_auto,q_auto:eco/images/bab/bab07181/r/8.jpg,https://cloudinary.images-iherb.com/image/upload/f_auto,q_auto:eco/images/bab/bab07181/r/13.jpg,https://cloudinary.images-iherb.com/image/upload/w_240/f_auto,q_auto:eco/images/cms/banners/dPDP_Authenticity_Graphic2_2025_009en-us.jpg,https://cloudinary.images-iherb.com/image/upload/w_240/f_auto,q_auto:eco/images/cms/banners/dPDP_Fresh_Graphic2_2025_003en-us.jpg,https://cloudinary.images-iherb.com/image/upload/f_auto,q_auto:eco/images/bab/bab07181/r/8.jpg",
"Doctor's Best, CoQ10 L-Carnitine Magnesium, 90 Veggie Caps",,"https://cloudinary.images-iherb.com/image/upload/f_auto,q_auto:eco/images/drb/drb00477/r/78.jpg,https://cloudinary.images-iherb.com/image/upload/f_auto,q_auto:eco/images/drb/drb00477/r/83.jpg,https://cloudinary.images-iherb.com/image/upload/w_240/f_auto,q_auto:eco/images/cms/banners/dPDP_Authenticity_Graphic2_2025_009en-us.jpg,https://cloudinary.images-iherb.com/image/upload/w_240/f_auto,q_auto:eco/images/cms/banners/dPDP_Fresh_Graphic2_2025_003en-us.jpg,https://img.youtube.com/vi/P3K8Z4LHhiU/0.jpg",
"JoySpring, Calmify, Liquid Magnesium, 1 fl oz (30 ml)","₨6,395.62","https://cloudinary.images-iherb.com/image/upload/f_auto,q_auto:eco/images/jys/jys88993/r/80.jpg,https://cloudinary.images-iherb.com/image/upload/f_auto,q_auto:eco/images/jys/jys88993/r/82.jpg,https://cloudinary.images-iherb.com/image/upload/f_auto,q_auto:eco/images/jys/jys88993/r/72.jpg,https://cloudinary.images-iherb.com/image/upload/w_240/f_auto,q_auto:eco/images/cms/banners/dPDP_Authenticity_Graphic2_2025_009en-us.jpg,https://cloudinary.images-iherb.com/image/upload/w_240/f_auto,q_auto:eco/images/cms/banners/dPDP_Fresh_Graphic2_2025_003en-us.jpg",
"Swanson, Melatonin-Free Sleep Aid, 3-In-1 Formula , 120 Capsules","₨5,024.69","https://cloudinary.images-iherb.com/image/upload/f_auto,q_auto:eco/images/swv/swv11910/r/8.jpg,https://cloudinary.images-iherb.com/image/upload/f_auto,q_auto:eco/images/swv/swv11910/r/14.jpg,https://cloudinary.images-iherb.com/image/upload/w_240/f_auto,q_auto:eco/images/cms/banners/dPDP_Authenticity_Graphic2_2025_009en-us.jpg,https://cloudinary.images-iherb.com/image/upload/w_240/f_auto,q_auto:eco/images/cms/banners/dPDP_Fresh_Graphic2_2025_003en-us.jpg,https://cloudinary.images-iherb.com/image/upload/f_auto,q_auto:eco/images/swv/swv11910/r/8.jpg",
"Micro Ingredients, Triple Magnesium Complex, 300 Capsules","₨6,218.71","https://cloudinary.images-iherb.com/image/upload/f_auto,q_auto:eco/images/mii/mii02334/r/8.jpg,https://cloudinary.images-iherb.com/image/upload/f_auto,q_auto:eco/images/mii/mii02334/r/14.jpg,https://cloudinary.images-iherb.com/image/upload/w_240/f_auto,q_auto:eco/images/cms/banners/dPDP_Authenticity_Graphic2_2025_009en-us.jpg,https://cloudinary.images-iherb.com/image/upload/w_240/f_auto,q_auto:eco/images/cms/banners/dPDP_Fresh_Graphic2_2025_003en-us.jpg,https://cloudinary.images-iherb.com/image/upload/f_auto,q_auto:eco/images/mii/mii02334/r/8.jpg",
"Nutricost, Magnesium Malate, 180 Capsules (700 mg per Capsule)",,"https://cloudinary.images-iherb.com/image/upload/f_auto,q_auto:eco/images/ncs/ncs67296/r/56.jpg,https://cloudinary.images-iherb.com/image/upload/f_auto,q_auto:eco/images/ncs/ncs67296/r/61.jpg,https://cloudinary.images-iherb.com/image/upload/w_240/f_auto,q_auto:eco/images/cms/banners/dPDP_Authenticity_Graphic2_2025_009en-us.jpg,https://cloudinary.images-iherb.com/image/upload/w_240/f_auto,q_auto:eco/images/cms/banners/dPDP_Fresh_Graphic2_2025_003en-us.jpg,https://cloudinary.images-iherb.com/image/upload/f_auto,q_auto:eco/images/ncs/ncs67296/r/56.jpg",
"Natrol, Liquid Melatonin, Berry, 2.5 mg, 8 fl oz (237 ml)","₨4,747.86","https://cloudinary.images-iherb.com/image/upload/f_auto,q_auto:eco/images/ntl/ntl07405/r/47.jpg,https://cloudinary.images-iherb.com/image/upload/f_auto,q_auto:eco/images/ntl/ntl07405/r/52.jpg,https://cloudinary.images-iherb.com/image/upload/f_auto,q_auto:eco/images/ntl/ntl07405/r/55.jpg,https://cloudinary.images-iherb.com/image/upload/w_240/f_auto,q_auto:eco/images/cms/banners/dPDP_Authenticity_Graphic2_2025_009en-us.jpg,https://cloudinary.images-iherb.com/image/upload/w_240/f_auto,q_auto:eco/images/cms/banners/dPDP_Fresh_Graphic2_2025_003en-us.jpg",
"Swanson, L-Tryptophan, 500 mg, 60 Capsules","₨3,755.16","https://cloudinary.images-iherb.com/image/upload/f_auto,q_auto:eco/images/swv/swv11502/r/24.jpg,https://cloudinary.images-iherb.com/image/upload/f_auto,q_auto:eco/images/swv/swv11502/r/30.jpg,https://cloudinary.images-iherb.com/image/upload/w_240/f_auto,q_auto:eco/images/cms/banners/dPDP_Authenticity_Graphic2_2025_009en-us.jpg,https://cloudinary.images-iherb.com/image/upload/w_240/f_auto,q_auto:eco/images/cms/banners/dPDP_Fresh_Graphic2_2025_003en-us.jpg,https://cloudinary.images-iherb.com/image/upload/f_auto,q_auto:eco/images/swv/swv11502/r/24.jpg",
"Natrol, Melatonin, Fast Dissolve, Citrus, 10 mg, 60 Tablets","₨3,875.76","https://cloudinary.images-iherb.com/image/upload/f_auto,q_auto:eco/images/ntl/ntl07668/r/48.jpg,https://cloudinary.images-iherb.com/image/upload/f_auto,q_auto:eco/images/ntl/ntl07668/r/53.jpg,https://cloudinary.images-iherb.com/image/upload/w_240/f_auto,q_auto:eco/images/cms/banners/dPDP_Authenticity_Graphic2_2025_009en-us.jpg,https://cloudinary.images-iherb.com/image/upload/w_240/f_auto,q_auto:eco/images/cms/banners/dPDP_Fresh_Graphic2_2025_003en-us.jpg,https://cloudinary.images-iherb.com/image/upload/f_auto,q_auto:eco/images/ntl/ntl07668/r/48.jpg",
"T-RQ, Adult Gummy, Melatonin, Sleep, Strawberry , 60 Gummies",,"https://cloudinary.images-iherb.com/image/upload/f_auto,q_auto:eco/images/qrt/qrt00128/r/40.jpg,https://cloudinary.images-iherb.com/image/upload/f_auto,q_auto:eco/images/qrt/qrt00128/r/43.jpg,https://cloudinary.images-iherb.com/image/upload/w_240/f_auto,q_auto:eco/images/cms/banners/dPDP_Authenticity_Graphic2_2025_009en-us.jpg,https://cloudinary.images-iherb.com/image/upload/w_240/f_auto,q_auto:eco/images/cms/banners/dPDP_Fresh_Graphic2_2025_003en-us.jpg,https://cloudinary.images-iherb.com/image/upload/f_auto,q_auto:eco/images/qrt/qrt00128/r/40.jpg",
"MRM Nutrition, Melatonin, 3 mg, 60 Vegan Capsules","₨1,526.81","https://cloudinary.images-iherb.com/image/upload/f_auto,q_auto:eco/images/mrm/mrm57001/r/51.jpg,https://cloudinary.images-iherb.com/image/upload/f_auto,q_auto:eco/images/mrm/mrm57001/r/54.jpg,https://cloudinary.images-iherb.com/image/upload/w_240/f_auto,q_auto:eco/images/cms/banners/dPDP_Authenticity_Graphic2_2025_009en-us.jpg,https://cloudinary.images-iherb.com/image/upload/w_240/f_auto,q_auto:eco/images/cms/banners/dPDP_Fresh_Graphic2_2025_003en-us.jpg,https://cloudinary.images-iherb.com/image/upload/f_auto,q_auto:eco/images/mrm/mrm57001/r/51.jpg",
"Terry Naturally, BioActive Magnesium Complex with P-5-P and Zinc, 120 Capsules","₨6,155.11","https://cloudinary.images-iherb.com/image/upload/f_auto,q_auto:eco/images/eur/eur26102/r/53.jpg,https://cloudinary.images-iherb.com/image/upload/f_auto,q_auto:eco/images/eur/eur26102/r/55.jpg,https://cloudinary.images-iherb.com/image/upload/w_240/f_auto,q_auto:eco/images/cms/banners/dPDP_Authenticity_Graphic2_2025_009en-us.jpg,https://cloudinary.images-iherb.com/image/upload/w_240/f_auto,q_auto:eco/images/cms/banners/dPDP_Fresh_Graphic2_2025_003en-us.jpg,https://cloudinary.images-iherb.com/image/upload/f_auto,q_auto:eco/images/eur/eur26102/r/53.jpg",
"KAL, Magnesium Citrate 400, 60 Tablets (200 mg per Tablet)","₨2,083.00","https://cloudinary.images-iherb.com/image/upload/f_auto,q_auto:eco/images/cal/cal13455/r/8.jpg,https://cloudinary.images-iherb.com/image/upload/f_auto,q_auto:eco/images/cal/cal13455/r/13.jpg,https://cloudinary.images-iherb.com/image/upload/w_240/f_auto,q_auto:eco/images/cms/banners/dPDP_Authenticity_Graphic2_2025_009en-us.jpg,https://cloudinary.images-iherb.com/image/upload/w_240/f_auto,q_auto:eco/images/cms/banners/dPDP_Fresh_Graphic2_2025_003en-us.jpg,https://cloudinary.images-iherb.com/image/upload/f_auto,q_auto:eco/images/cal/cal13455/r/8.jpg",
"MaryRuth's, Sleep Gummies, Melatonin Free, Strawberry, 60 Gummies","₨4,522.15","https://cloudinary.images-iherb.com/image/upload/f_auto,q_auto:eco/images/mro/mro70069/r/8.jpg,https://cloudinary.images-iherb.com/image/upload/f_auto,q_auto:eco/images/mro/mro70069/r/14.jpg,https://cloudinary.images-iherb.com/image/upload/w_240/f_auto,q_auto:eco/images/cms/banners/dPDP_Authenticity_Graphic2_2025_009en-us.jpg,https://cloudinary.images-iherb.com/image/upload/w_240/f_auto,q_auto:eco/images/cms/banners/dPDP_Fresh_Graphic2_2025_003en-us.jpg,https://cloudinary.images-iherb.com/image/upload/f_auto,q_auto:eco/images/mro/mro70069/r/8.jpg",
"NOW Foods, Melatonin, 1 mg, 100 Tablets","₨2,367.46","https://cloudinary.images-iherb.com/image/upload/f_auto,q_auto:eco/images/now/now03262/r/4.jpg,https://cloudinary.images-iherb.com/image/upload/f_auto,q_auto:eco/images/now/now03262/r/9.jpg,https://cloudinary.images-iherb.com/image/upload/w_240/f_auto,q_auto:eco/images/cms/banners/dPDP_Authenticity_Graphic2_2025_009en-us.jpg,https://cloudinary.images-iherb.com/image/upload/w_240/f_auto,q_auto:eco/images/cms/banners/dPDP_Fresh_Graphic2_2025_003en-us.jpg,https://cloudinary.images-iherb.com/image/upload/f_auto,q_auto:eco/images/now/now03262/r/14.jpg",
"Nature's Way, Magnesium Complex, 100 Capsules (250 mg per Capsule)","₨2,623.00","https://cloudinary.images-iherb.com/image/upload/f_auto,q_auto:eco/images/nwy/nwy41051/r/46.jpg,https://cloudinary.images-iherb.com/image/upload/f_auto,q_auto:eco/images/nwy/nwy41051/r/52.jpg,https://cloudinary.images-iherb.com/image/upload/w_240/f_auto,q_auto:eco/images/cms/banners/dPDP_Authenticity_Graphic2_2025_009en-us.jpg,https://cloudinary.images-iherb.com/image/upload/w_240/f_auto,q_auto:eco/images/cms/banners/dPDP_Fresh_Graphic2_2025_003en-us.jpg,https://cloudinary.images-iherb.com/image/upload/f_auto,q_auto:eco/images/nwy/nwy41051/r/46.jpg",
"California Gold Nutrition, 5-HTP with Vitamin B6 & Vitamin C, 60 Veggie Capsules",,"https://cloudinary.images-iherb.com/image/upload/f_auto,q_auto:eco/images/lkn/lkn01556/r/98.jpg,https://cloudinary.images-iherb.com/image/upload/f_auto,q_auto:eco/images/lkn/lkn01556/r/101.jpg,https://cloudinary.images-iherb.com/image/upload/f_auto,q_auto:eco/images/lkn/lkn01556/r/102.jpg,https://cloudinary.images-iherb.com/image/upload/f_auto,q_auto:eco/images/lkn/lkn01556/r/97.jpg,https://cloudinary.images-iherb.com/image/upload/f_auto,q_auto:eco/images/lkn/lkn01556/r/100.jpg",
"Nutricost, Kids, Melatonin, Ages 4+, Strawberry, 1 mg, 120 Gummies","₨3,631.78","https://cloudinary.images-iherb.com/image/upload/f_auto,q_auto:eco/images/ncs/ncs67252/r/28.jpg,https://cloudinary.images-iherb.com/image/upload/f_auto,q_auto:eco/images/ncs/ncs67252/r/33.jpg,https://cloudinary.images-iherb.com/image/upload/w_240/f_auto,q_auto:eco/images/cms/banners/dPDP_Authenticity_Graphic2_2025_009en-us.jpg,https://cloudinary.images-iherb.com/image/upload/w_240/f_auto,q_auto:eco/images/cms/banners/dPDP_Fresh_Graphic2_2025_003en-us.jpg,https://cloudinary.images-iherb.com/image/upload/f_auto,q_auto:eco/images/ncs/ncs67252/r/28.jpg",
"Nutricost, Valerian Root, 120 Capsules (2,000 mg per Capsule)","₨3,093.63","https://cloudinary.images-iherb.com/image/upload/f_auto,q_auto:eco/images/ncs/ncs00873/r/8.jpg,https://cloudinary.images-iherb.com/image/upload/f_auto,q_auto:eco/images/ncs/ncs00873/r/13.jpg,https://cloudinary.images-iherb.com/image/upload/w_240/f_auto,q_auto:eco/images/cms/banners/dPDP_Authenticity_Graphic2_2025_009en-us.jpg,https://cloudinary.images-iherb.com/image/upload/w_240/f_auto,q_auto:eco/images/cms/banners/dPDP_Fresh_Graphic2_2025_003en-us.jpg,https://cloudinary.images-iherb.com/image/upload/f_auto,q_auto:eco/images/ncs/ncs00873/r/8.jpg",
"Thorne, Melaton-5™, 60 Capsules (5 mg per Capsule)","₨5,781.62","https://cloudinary.images-iherb.com/image/upload/f_auto,q_auto:eco/images/thr/thr78002/r/34.jpg,https://cloudinary.images-iherb.com/image/upload/f_auto,q_auto:eco/images/thr/thr78002/r/40.jpg,https://cloudinary.images-iherb.com/image/upload/w_240/f_auto,q_auto:eco/images/cms/banners/dPDP_Authenticity_Graphic2_2025_009en-us.jpg,https://cloudinary.images-iherb.com/image/upload/w_240/f_auto,q_auto:eco/images/cms/banners/dPDP_Fresh_Graphic2_2025_003en-us.jpg,https://cloudinary.images-iherb.com/image/upload/f_auto,q_auto:eco/images/thr/thr78002/r/34.jpg",
"Source Naturals, Ultra-Mag™, 360 Vegan Capsules","₨8,932.60","https://cloudinary.images-iherb.com/image/upload/f_auto,q_auto:eco/images/sns/sns02953/r/8.jpg,https://cloudinary.images-iherb.com/image/upload/f_auto,q_auto:eco/images/sns/sns02953/r/14.jpg,https://cloudinary.images-iherb.com/image/upload/w_240/f_auto,q_auto:eco/images/cms/banners/dPDP_Authenticity_Graphic2_2025_009en-us.jpg,https://cloudinary.images-iherb.com/image/upload/w_240/f_auto,q_auto:eco/images/cms/banners/dPDP_Fresh_Graphic2_2025_003en-us.jpg,https://cloudinary.images-iherb.com/image/upload/f_auto,q_auto:eco/images/sns/sns02953/r/8.jpg",
"Nobi Nutrition, Magnesium Glycinate, Maximum Absorption, 120 Capsules (250 mg per Capsule)",,"https://cloudinary.images-iherb.com/image/upload/f_auto,q_auto:eco/images/nob/nob27488/r/8.jpg,https://cloudinary.images-iherb.com/image/upload/f_auto,q_auto:eco/images/nob/nob27488/r/13.jpg,https://cloudinary.images-iherb.com/image/upload/w_240/f_auto,q_auto:eco/images/cms/banners/dPDP_Authenticity_Graphic2_2025_009en-us.jpg,https://cloudinary.images-iherb.com/image/upload/w_240/f_auto,q_auto:eco/images/cms/banners/dPDP_Fresh_Graphic2_2025_003en-us.jpg,https://cloudinary.images-iherb.com/image/upload/f_auto,q_auto:eco/images/nob/nob27488/r/8.jpg",
"Micro Ingredients, Pure Magnesium Glycinate, 300 Capsules","₨6,229.11","https://cloudinary.images-iherb.com/image/upload/f_auto,q_auto:eco/images/mii/mii02337/r/8.jpg,https://cloudinary.images-iherb.com/image/upload/f_auto,q_auto:eco/images/mii/mii02337/r/14.jpg,https://cloudinary.images-iherb.com/image/upload/w_240/f_auto,q_auto:eco/images/cms/banners/dPDP_Authenticity_Graphic2_2025_009en-us.jpg,https://cloudinary.images-iherb.com/image/upload/w_240/f_auto,q_auto:eco/images/cms/banners/dPDP_Fresh_Graphic2_2025_003en-us.jpg,https://cloudinary.images-iherb.com/image/upload/f_auto,q_auto:eco/images/mii/mii02337/r/8.jpg",
"Solaray, True Herbs, Passion Flower, 100 VegCaps (350 mg per Capsule)","₨2,807.78","https://cloudinary.images-iherb.com/image/upload/f_auto,q_auto:eco/images/sor/sor01430/r/69.jpg,https://cloudinary.images-iherb.com/image/upload/f_auto,q_auto:eco/images/sor/sor01430/r/74.jpg,https://cloudinary.images-iherb.com/image/upload/w_240/f_auto,q_auto:eco/images/cms/banners/dPDP_Authenticity_Graphic2_2025_009en-us.jpg,https://cloudinary.images-iherb.com/image/upload/w_240/f_auto,q_auto:eco/images/cms/banners/dPDP_Fresh_Graphic2_2025_003en-us.jpg,https://cloudinary.images-iherb.com/image/upload/f_auto,q_auto:eco/images/sor/sor01430/r/69.jpg",
"Nutricost, Magnesium Malate, Unflavored, 10.6 oz (300 g)","₨6,927.30","https://cloudinary.images-iherb.com/image/upload/f_auto,q_auto:eco/images/ncs/ncs67294/r/8.jpg,https://cloudinary.images-iherb.com/image/upload/f_auto,q_auto:eco/images/ncs/ncs67294/r/13.jpg,https://cloudinary.images-iherb.com/image/upload/w_240/f_auto,q_auto:eco/images/cms/banners/dPDP_Authenticity_Graphic2_2025_009en-us.jpg,https://cloudinary.images-iherb.com/image/upload/w_240/f_auto,q_auto:eco/images/cms/banners/dPDP_Fresh_Graphic2_2025_003en-us.jpg,https://cloudinary.images-iherb.com/image/upload/f_auto,q_auto:eco/images/ncs/ncs67294/r/8.jpg",
"Nutri, Magnesium Glycinate, High Absorption, 120 Vegan Capsules (900 mg per Capsule)","₨6,714.08","https://cloudinary.images-iherb.com/image/upload/f_auto,q_auto:eco/images/nfu/nfu74284/r/40.jpg,https://cloudinary.images-iherb.com/image/upload/f_auto,q_auto:eco/images/nfu/nfu74284/r/45.jpg,https://cloudinary.images-iherb.com/image/upload/w_240/f_auto,q_auto:eco/images/cms/banners/dPDP_Authenticity_Graphic2_2025_009en-us.jpg,https://cloudinary.images-iherb.com/image/upload/w_240/f_auto,q_auto:eco/images/cms/banners/dPDP_Fresh_Graphic2_2025_003en-us.jpg,https://cloudinary.images-iherb.com/image/upload/f_auto,q_auto:eco/images/nfu/nfu74284/r/40.jpg",
"Nature's Bounty, Magnesium, 500 mg, 200 Coated Tablets",,"https://cloudinary.images-iherb.com/image/upload/f_auto,q_auto:eco/images/nrt/nrt53086/r/47.jpg,https://cloudinary.images-iherb.com/image/upload/f_auto,q_auto:eco/images/nrt/nrt53086/r/53.jpg,https://cloudinary.images-iherb.com/image/upload/w_240/f_auto,q_auto:eco/images/cms/banners/dPDP_Authenticity_Graphic2_2025_009en-us.jpg,https://cloudinary.images-iherb.com/image/upload/w_240/f_auto,q_auto:eco/images/cms/banners/dPDP_Fresh_Graphic2_2025_003en-us.jpg,https://cloudinary.images-iherb.com/image/upload/f_auto,q_auto:eco/images/nrt/nrt53086/r/47.jpg",
"Solgar, Melatonin, 5 mg, 60 Nuggets","₨2,700.70","https://cloudinary.images-iherb.com/image/upload/f_auto,q_auto:eco/images/sol/sol01936/r/8.jpg,https://cloudinary.images-iherb.com/image/upload/f_auto,q_auto:eco/images/sol/sol01936/r/14.jpg,https://cloudinary.images-iherb.com/image/upload/w_240/f_auto,q_auto:eco/images/cms/banners/dPDP_Authenticity_Graphic2_2025_009en-us.jpg,https://cloudinary.images-iherb.com/image/upload/w_240/f_auto,q_auto:eco/images/cms/banners/dPDP_Fresh_Graphic2_2025_003en-us.jpg,https://cloudinary.images-iherb.com/image/upload/f_auto,q_auto:eco/images/sol/sol01936/r/8.jpg",
"Bluebonnet Nutrition, Buffered Chelated Magnesium, 200 mg , 60 Vegetable Capsules","₨5,331.94","https://cloudinary.images-iherb.com/image/upload/f_auto,q_auto:eco/images/blb/blb00672/r/47.jpg,https://cloudinary.images-iherb.com/image/upload/f_auto,q_auto:eco/images/blb/blb00672/r/53.jpg,https://cloudinary.images-iherb.com/image/upload/w_240/f_auto,q_auto:eco/images/cms/banners/dPDP_Authenticity_Graphic2_2025_009en-us.jpg,https://cloudinary.images-iherb.com/image/upload/w_240/f_auto,q_auto:eco/images/cms/banners/dPDP_Fresh_Graphic2_2025_003en-us.jpg,https://cloudinary.images-iherb.com/image/upload/f_auto,q_auto:eco/images/blb/blb00672/r/47.jpg",
"Jigsaw Health, MagSRT® B-Free, Time-Release Magnesium, 240 Tablets","₨14,025.97","https://cloudinary.images-iherb.com/image/upload/f_auto,q_auto:eco/images/jig/jig00153/r/32.jpg,https://cloudinary.images-iherb.com/image/upload/f_auto,q_auto:eco/images/jig/jig00153/r/35.jpg,https://cloudinary.images-iherb.com/image/upload/w_240/f_auto,q_auto:eco/images/cms/banners/dPDP_Authenticity_Graphic2_2025_009en-us.jpg,https://cloudinary.images-iherb.com/image/upload/w_240/f_auto,q_auto:eco/images/cms/banners/dPDP_Fresh_Graphic2_2025_003en-us.jpg,https://cloudinary.images-iherb.com/image/upload/f_auto,q_auto:eco/images/jig/jig00153/r/32.jpg",
"Natrol, Melatonin + 5-HTP, Time Release, 60 Bi-Layer Tablets","₨5,012.89","https://cloudinary.images-iherb.com/image/upload/f_auto,q_auto:eco/images/ntl/ntl07229/r/73.jpg,https://cloudinary.images-iherb.com/image/upload/f_auto,q_auto:eco/images/ntl/ntl07229/r/75.jpg,https://cloudinary.images-iherb.com/image/upload/f_auto,q_auto:eco/images/ntl/ntl07229/r/65.jpg,https://cloudinary.images-iherb.com/image/upload/w_240/f_auto,q_auto:eco/images/cms/banners/dPDP_Authenticity_Graphic2_2025_009en-us.jpg,https://cloudinary.images-iherb.com/image/upload/w_240/f_auto,q_auto:eco/images/cms/banners/dPDP_Fresh_Graphic2_2025_003en-us.jpg",
"Sports Research, Magtein®, Magnesium L-Threonate, 90 Veggie Capsules (666 mg per Capsule)",,"https://cloudinary.images-iherb.com/image/upload/f_auto,q_auto:eco/images/sre/sre09151/r/60.jpg,https://cloudinary.images-iherb.com/image/upload/f_auto,q_auto:eco/images/sre/sre09151/r/65.jpg,https://cloudinary.images-iherb.com/image/upload/w_240/f_auto,q_auto:eco/images/cms/banners/dPDP_Authenticity_Graphic2_2025_009en-us.jpg,https://cloudinary.images-iherb.com/image/upload/w_240/f_auto,q_auto:eco/images/cms/banners/dPDP_Fresh_Graphic2_2025_003en-us.jpg,https://cloudinary.images-iherb.com/image/upload/f_auto,q_auto:eco/images/sre/sre09151/r/32.jpg",
"Garden of Life, Magnesium with Pre & Probiotics Gummies, Peach, 60 Gummies",,"https://cloudinary.images-iherb.com/image/upload/f_auto,q_auto:eco/images/gol/gol13269/r/24.jpg,https://cloudinary.images-iherb.com/image/upload/f_auto,q_auto:eco/images/gol/gol13269/r/29.jpg,https://cloudinary.images-iherb.com/image/upload/w_240/f_auto,q_auto:eco/images/cms/banners/dPDP_Authenticity_Graphic2_2025_009en-us.jpg,https://cloudinary.images-iherb.com/image/upload/w_240/f_auto,q_auto:eco/images/cms/banners/dPDP_Fresh_Graphic2_2025_003en-us.jpg,https://cloudinary.images-iherb.com/image/upload/f_auto,q_auto:eco/images/gol/gol13269/r/24.jpg",
"Source Naturals, Magnesium Malate, 90 Tablets","₨3,084.15","https://cloudinary.images-iherb.com/image/upload/f_auto,q_auto:eco/images/sns/sns00261/r/16.jpg,https://cloudinary.images-iherb.com/image/upload/f_auto,q_auto:eco/images/sns/sns00261/r/19.jpg,https://cloudinary.images-iherb.com/image/upload/w_240/f_auto,q_auto:eco/images/cms/banners/dPDP_Authenticity_Graphic2_2025_009en-us.jpg,https://cloudinary.images-iherb.com/image/upload/w_240/f_auto,q_auto:eco/images/cms/banners/dPDP_Fresh_Graphic2_2025_003en-us.jpg,https://cloudinary.images-iherb.com/image/upload/f_auto,q_auto:eco/images/sns/sns00261/r/16.jpg",
"Nobi Nutrition, Magnesium Glycinate, Maximum Absorption, 120 Capsules (200 mg per Capsule)","₨5,112.11","https://cloudinary.images-iherb.com/image/upload/f_auto,q_auto:eco/images/nob/nob27449/r/24.jpg,https://cloudinary.images-iherb.com/image/upload/f_auto,q_auto:eco/images/nob/nob27449/r/30.jpg,https://cloudinary.images-iherb.com/image/upload/w_240/f_auto,q_auto:eco/images/cms/banners/dPDP_Authenticity_Graphic2_2025_009en-us.jpg,https://cloudinary.images-iherb.com/image/upload/w_240/f_auto,q_auto:eco/images/cms/banners/dPDP_Fresh_Graphic2_2025_003en-us.jpg,https://cloudinary.images-iherb.com/image/upload/f_auto,q_auto:eco/images/nob/nob27449/r/24.jpg",
"Natrol, Kids, Sleep +® Calm Gummies, Age 4+, Strawberry, 60 Gummies",,"https://cloudinary.images-iherb.com/image/upload/f_auto,q_auto:eco/images/ntl/ntl07778/r/48.jpg,https://cloudinary.images-iherb.com/image/upload/f_auto,q_auto:eco/images/ntl/ntl07778/r/54.jpg,https://cloudinary.images-iherb.com/image/upload/w_240/f_auto,q_auto:eco/images/cms/banners/dPDP_Authenticity_Graphic2_2025_009en-us.jpg,https://cloudinary.images-iherb.com/image/upload/w_240/f_auto,q_auto:eco/images/cms/banners/dPDP_Fresh_Graphic2_2025_003en-us.jpg,https://cloudinary.images-iherb.com/image/upload/f_auto,q_auto:eco/images/ntl/ntl07778/r/48.jpg",
"Swanson, Chamomile , 350 mg , 120 Capsules","₨1,693.32","https://cloudinary.images-iherb.com/image/upload/f_auto,q_auto:eco/images/swv/swv11696/r/8.jpg,https://cloudinary.images-iherb.com/image/upload/f_auto,q_auto:eco/images/swv/swv11696/r/14.jpg,https://cloudinary.images-iherb.com/image/upload/w_240/f_auto,q_auto:eco/images/cms/banners/dPDP_Authenticity_Graphic2_2025_009en-us.jpg,https://cloudinary.images-iherb.com/image/upload/w_240/f_auto,q_auto:eco/images/cms/banners/dPDP_Fresh_Graphic2_2025_003en-us.jpg,https://cloudinary.images-iherb.com/image/upload/f_auto,q_auto:eco/images/swv/swv11696/r/8.jpg",
"KAL, Magnesium Triple Source, 100 Tablets","₨3,019.39","https://cloudinary.images-iherb.com/image/upload/f_auto,q_auto:eco/images/cal/cal62827/r/24.jpg,https://cloudinary.images-iherb.com/image/upload/f_auto,q_auto:eco/images/cal/cal62827/r/29.jpg,https://cloudinary.images-iherb.com/image/upload/w_240/f_auto,q_auto:eco/images/cms/banners/dPDP_Authenticity_Graphic2_2025_009en-us.jpg,https://cloudinary.images-iherb.com/image/upload/w_240/f_auto,q_auto:eco/images/cms/banners/dPDP_Fresh_Graphic2_2025_003en-us.jpg,https://cloudinary.images-iherb.com/image/upload/f_auto,q_auto:eco/images/cal/cal62827/r/24.jpg",
"Life Extension, L-Tryptophan, 500 mg, 90 Vegetarian Capsules","₨7,512.49","https://cloudinary.images-iherb.com/image/upload/f_auto,q_auto:eco/images/lex/lex17229/r/130.jpg,https://cloudinary.images-iherb.com/image/upload/f_auto,q_auto:eco/images/lex/lex17229/r/135.jpg,https://cloudinary.images-iherb.com/image/upload/w_240/f_auto,q_auto:eco/images/cms/banners/dPDP_Authenticity_Graphic2_2025_009en-us.jpg,https://cloudinary.images-iherb.com/image/upload/w_240/f_auto,q_auto:eco/images/cms/banners/dPDP_Fresh_Graphic2_2025_003en-us.jpg,https://cloudinary.images-iherb.com/image/upload/f_auto,q_auto:eco/images/lex/lex17229/r/130.jpg",
"California Gold Nutrition, Triple Magnesium Complex, 70 mg , 90 Veggie Capsules",,"https://cloudinary.images-iherb.com/image/upload/f_auto,q_auto:eco/images/spn/spn02486/r/37.jpg,https://cloudinary.images-iherb.com/image/upload/f_auto,q_auto:eco/images/spn/spn02486/r/29.jpg,https://cloudinary.images-iherb.com/image/upload/f_auto,q_auto:eco/images/spn/spn02486/r/34.jpg,https://cloudinary.images-iherb.com/image/upload/f_auto,q_auto:eco/images/spn/spn02486/r/38.jpg,https://cloudinary.images-iherb.com/image/upload/f_auto,q_auto:eco/images/spn/spn02486/r/20.jpg",
"Nature's Truth, Magnesium Glycinate, Chelated, 120 Quick Release Capsules (100 mg per Capsule)","₨5,746.23","https://cloudinary.images-iherb.com/image/upload/f_auto,q_auto:eco/images/nth/nth12354/r/24.jpg,https://cloudinary.images-iherb.com/image/upload/f_auto,q_auto:eco/images/nth/nth12354/r/26.jpg,https://cloudinary.images-iherb.com/image/upload/w_240/f_auto,q_auto:eco/images/cms/banners/dPDP_Authenticity_Graphic2_2025_009en-us.jpg,https://cloudinary.images-iherb.com/image/upload/w_240/f_auto,q_auto:eco/images/cms/banners/dPDP_Fresh_Graphic2_2025_003en-us.jpg,https://cloudinary.images-iherb.com/image/upload/f_auto,q_auto:eco/images/nth/nth12354/r/24.jpg",
"Nutricost, Melatonin, 10 mg, 240 Tablets","₨2,770.55","https://cloudinary.images-iherb.com/image/upload/f_auto,q_auto:eco/images/ncs/ncs67273/r/16.jpg,https://cloudinary.images-iherb.com/image/upload/f_auto,q_auto:eco/images/ncs/ncs67273/r/21.jpg,https://cloudinary.images-iherb.com/image/upload/w_240/f_auto,q_auto:eco/images/cms/banners/dPDP_Authenticity_Graphic2_2025_009en-us.jpg,https://cloudinary.images-iherb.com/image/upload/w_240/f_auto,q_auto:eco/images/cms/banners/dPDP_Fresh_Graphic2_2025_003en-us.jpg,https://cloudinary.images-iherb.com/image/upload/f_auto,q_auto:eco/images/ncs/ncs67273/r/16.jpg",
"Natrol, Melatonin, Fast Dissolve, Citrus, 10 mg, 100 Tablets","₨5,535.24","https://cloudinary.images-iherb.com/image/upload/f_auto,q_auto:eco/images/ntl/ntl07166/r/65.jpg,https://cloudinary.images-iherb.com/image/upload/f_auto,q_auto:eco/images/ntl/ntl07166/r/62.jpg,https://cloudinary.images-iherb.com/image/upload/w_240/f_auto,q_auto:eco/images/cms/banners/dPDP_Authenticity_Graphic2_2025_009en-us.jpg,https://cloudinary.images-iherb.com/image/upload/w_240/f_auto,q_auto:eco/images/cms/banners/dPDP_Fresh_Graphic2_2025_003en-us.jpg,https://img.youtube.com/vi/ifL09NlJFDE/0.jpg",
"Sports Research, Magtein®, Magnesium L-Threonate, 180 Veggie Capsules (666 mg per Capsule)","₨20,289.77","https://cloudinary.images-iherb.com/image/upload/f_auto,q_auto:eco/images/sre/sre09208/r/28.jpg,https://cloudinary.images-iherb.com/image/upload/f_auto,q_auto:eco/images/sre/sre09208/r/33.jpg,https://cloudinary.images-iherb.com/image/upload/w_240/f_auto,q_auto:eco/images/cms/banners/dPDP_Authenticity_Graphic2_2025_009en-us.jpg,https://cloudinary.images-iherb.com/image/upload/w_240/f_auto,q_auto:eco/images/cms/banners/dPDP_Fresh_Graphic2_2025_003en-us.jpg,https://cloudinary.images-iherb.com/image/upload/f_auto,q_auto:eco/images/sre/sre09208/r/16.jpg",
"21st Century, Zoo Friends Sleep, Children's Chewable Melatonin, Ages 4+, Raspberry, 60 Chewable Tablets",,"https://cloudinary.images-iherb.com/image/upload/f_auto,q_auto:eco/images/cen/cen28092/r/8.jpg,https://cloudinary.images-iherb.com/image/upload/f_auto,q_auto:eco/images/cen/cen28092/r/10.jpg,https://cloudinary.images-iherb.com/image/upload/w_240/f_auto,q_auto:eco/images/cms/banners/dPDP_Authenticity_Graphic2_2025_009en-us.jpg,https://cloudinary.images-iherb.com/image/upload/w_240/f_auto,q_auto:eco/images/cms/banners/dPDP_Fresh_Graphic2_2025_003en-us.jpg,https://cloudinary.images-iherb.com/image/upload/f_auto,q_auto:eco/images/cen/cen28092/r/8.jpg",
"Sierra Bees, Sleep Time Balm Stick, Lavender & Chamomile, 0.6 oz (17 g)","₨1,266.17","https://cloudinary.images-iherb.com/image/upload/f_auto,q_auto:eco/images/mbe/mbe02148/r/40.jpg,https://cloudinary.images-iherb.com/image/upload/f_auto,q_auto:eco/images/mbe/mbe02148/r/43.jpg,https://cloudinary.images-iherb.com/image/upload/f_auto,q_auto:eco/images/mbe/mbe02148/r/48.jpg,https://cloudinary.images-iherb.com/image/upload/w_240/f_auto,q_auto:eco/images/cms/banners/dPDP_Authenticity_Graphic2_2025_009en-us.jpg,https://cloudinary.images-iherb.com/image/upload/w_240/f_auto,q_auto:eco/images/cms/banners/dPDP_Fresh_Graphic2_2025_003en-us.jpg",
"Natrol, 5-HTP, Time Release, 30 Tablets","₨6,854.51","https://cloudinary.images-iherb.com/image/upload/f_auto,q_auto:eco/images/ntl/ntl05172/r/68.jpg,https://cloudinary.images-iherb.com/image/upload/f_auto,q_auto:eco/images/ntl/ntl05172/r/73.jpg,https://cloudinary.images-iherb.com/image/upload/w_240/f_auto,q_auto:eco/images/cms/banners/dPDP_Authenticity_Graphic2_2025_009en-us.jpg,https://cloudinary.images-iherb.com/image/upload/w_240/f_auto,q_auto:eco/images/cms/banners/dPDP_Fresh_Graphic2_2025_003en-us.jpg,https://cloudinary.images-iherb.com/image/upload/f_auto,q_auto:eco/images/ntl/ntl05172/r/68.jpg",
"21st Century, VitaJoy® Melatonin Gummies, Strawberry, 60 Gummies (5 mg per Gummy)",,"https://cloudinary.images-iherb.com/image/upload/f_auto,q_auto:eco/images/cen/cen28037/r/8.jpg,https://cloudinary.images-iherb.com/image/upload/f_auto,q_auto:eco/images/cen/cen28037/r/14.jpg,https://cloudinary.images-iherb.com/image/upload/w_240/f_auto,q_auto:eco/images/cms/banners/dPDP_Authenticity_Graphic2_2025_009en-us.jpg,https://cloudinary.images-iherb.com/image/upload/w_240/f_auto,q_auto:eco/images/cms/banners/dPDP_Fresh_Graphic2_2025_003en-us.jpg,https://cloudinary.images-iherb.com/image/upload/f_auto,q_auto:eco/images/cen/cen28037/r/16.jpg",
"Protocol for Life Balance, Magnesium Glycinate, High Absorption, 180 Veg Capsules","₨5,997.85","https://cloudinary.images-iherb.com/image/upload/f_auto,q_auto:eco/images/prt/prt11287/r/8.jpg,https://cloudinary.images-iherb.com/image/upload/f_auto,q_auto:eco/images/prt/prt11287/r/10.jpg,https://cloudinary.images-iherb.com/image/upload/w_240/f_auto,q_auto:eco/images/cms/banners/dPDP_Authenticity_Graphic2_2025_009en-us.jpg,https://cloudinary.images-iherb.com/image/upload/w_240/f_auto,q_auto:eco/images/cms/banners/dPDP_Fresh_Graphic2_2025_003en-us.jpg,https://cloudinary.images-iherb.com/image/upload/f_auto,q_auto:eco/images/prt/prt11287/r/8.jpg",
"Celestial Seasonings, Wellness Tea, Sleepytime® Melatonin, Caffeine Free, 18 Tea Bags, 0.75 oz (21 g)","₨2,134.46","https://cloudinary.images-iherb.com/image/upload/f_auto,q_auto:eco/images/ces/ces54687/r/42.jpg,https://cloudinary.images-iherb.com/image/upload/f_auto,q_auto:eco/images/ces/ces54687/r/43.jpg,https://cloudinary.images-iherb.com/image/upload/f_auto,q_auto:eco/images/ces/ces54687/r/41.jpg,https://cloudinary.images-iherb.com/image/upload/w_240/f_auto,q_auto:eco/images/cms/banners/dPDP_Authenticity_Graphic2_2025_009en-us.jpg,https://cloudinary.images-iherb.com/image/upload/w_240/f_auto,q_auto:eco/images/cms/banners/dPDP_Fresh_Graphic2_2025_003en-us.jpg",
"NaturesPlus, Melatonin, 20 mg, 90 Tablets","₨4,644.49","https://cloudinary.images-iherb.com/image/upload/f_auto,q_auto:eco/images/nap/nap47628/r/25.jpg,https://cloudinary.images-iherb.com/image/upload/f_auto,q_auto:eco/images/nap/nap47628/r/34.jpg,https://cloudinary.images-iherb.com/image/upload/w_240/f_auto,q_auto:eco/images/cms/banners/dPDP_Authenticity_Graphic2_2025_009en-us.jpg,https://cloudinary.images-iherb.com/image/upload/w_240/f_auto,q_auto:eco/images/cms/banners/dPDP_Fresh_Graphic2_2025_003en-us.jpg,https://cloudinary.images-iherb.com/image/upload/f_auto,q_auto:eco/images/nap/nap47628/r/25.jpg",
"Source Naturals, Sleep Science®, Melatonin NutraSpray, Orange, 2 fl oz (59.14 ml)","₨3,034.19","https://cloudinary.images-iherb.com/image/upload/f_auto,q_auto:eco/images/sns/sns00328/r/39.jpg,https://cloudinary.images-iherb.com/image/upload/f_auto,q_auto:eco/images/sns/sns00328/r/43.jpg,https://cloudinary.images-iherb.com/image/upload/w_240/f_auto,q_auto:eco/images/cms/banners/dPDP_Authenticity_Graphic2_2025_009en-us.jpg,https://cloudinary.images-iherb.com/image/upload/w_240/f_auto,q_auto:eco/images/cms/banners/dPDP_Fresh_Graphic2_2025_003en-us.jpg,https://cloudinary.images-iherb.com/image/upload/f_auto,q_auto:eco/images/sns/sns00328/r/39.jpg",
"Swanson, Magnesium Orotate, 654 mg, 60 Capsules","₨2,790.90","https://cloudinary.images-iherb.com/image/upload/f_auto,q_auto:eco/images/swv/swv02665/r/24.jpg,https://cloudinary.images-iherb.com/image/upload/f_auto,q_auto:eco/images/swv/swv02665/r/30.jpg,https://cloudinary.images-iherb.com/image/upload/w_240/f_auto,q_auto:eco/images/cms/banners/dPDP_Authenticity_Graphic2_2025_009en-us.jpg,https://cloudinary.images-iherb.com/image/upload/w_240/f_auto,q_auto:eco/images/cms/banners/dPDP_Fresh_Graphic2_2025_003en-us.jpg,https://cloudinary.images-iherb.com/image/upload/f_auto,q_auto:eco/images/swv/swv02665/r/24.jpg",
"Nutricost, Magnesium Citrate, 240 Capsules (105 mg per Capsule)","₨5,227.51","https://cloudinary.images-iherb.com/image/upload/f_auto,q_auto:eco/images/ncs/ncs67190/r/40.jpg,https://cloudinary.images-iherb.com/image/upload/f_auto,q_auto:eco/images/ncs/ncs67190/r/43.jpg,https://cloudinary.images-iherb.com/image/upload/w_240/f_auto,q_auto:eco/images/cms/banners/dPDP_Authenticity_Graphic2_2025_009en-us.jpg,https://cloudinary.images-iherb.com/image/upload/w_240/f_auto,q_auto:eco/images/cms/banners/dPDP_Fresh_Graphic2_2025_003en-us.jpg,https://cloudinary.images-iherb.com/image/upload/f_auto,q_auto:eco/images/ncs/ncs67190/r/40.jpg",
"Nutricost, Passion Flower Extract, 1,500 mg, 120 Capsules","₨2,859.36","https://cloudinary.images-iherb.com/image/upload/f_auto,q_auto:eco/images/ncs/ncs67395/r/24.jpg,https://cloudinary.images-iherb.com/image/upload/f_auto,q_auto:eco/images/ncs/ncs67395/r/29.jpg,https://cloudinary.images-iherb.com/image/upload/w_240/f_auto,q_auto:eco/images/cms/banners/dPDP_Authenticity_Graphic2_2025_009en-us.jpg,https://cloudinary.images-iherb.com/image/upload/w_240/f_auto,q_auto:eco/images/cms/banners/dPDP_Fresh_Graphic2_2025_003en-us.jpg,https://cloudinary.images-iherb.com/image/upload/f_auto,q_auto:eco/images/ncs/ncs67395/r/24.jpg",
"Nature's Craft, Triple Magnesium Complex, 120 Capsules (133 mg per Capsule)","₨5,442.81","https://cloudinary.images-iherb.com/image/upload/f_auto,q_auto:eco/images/nca/nca63974/r/8.jpg,https://cloudinary.images-iherb.com/image/upload/f_auto,q_auto:eco/images/nca/nca63974/r/14.jpg,https://cloudinary.images-iherb.com/image/upload/w_240/f_auto,q_auto:eco/images/cms/banners/dPDP_Authenticity_Graphic2_2025_009en-us.jpg,https://cloudinary.images-iherb.com/image/upload/w_240/f_auto,q_auto:eco/images/cms/banners/dPDP_Fresh_Graphic2_2025_003en-us.jpg,https://cloudinary.images-iherb.com/image/upload/f_auto,q_auto:eco/images/nca/nca63974/r/8.jpg",
"TruHeight, Sleep Gummy, For Age 5+, 60 Gummies","₨7,963.60","https://cloudinary.images-iherb.com/image/upload/f_auto,q_auto:eco/images/tgh/tgh47552/r/12.jpg,https://cloudinary.images-iherb.com/image/upload/f_auto,q_auto:eco/images/tgh/tgh47552/r/18.jpg,https://cloudinary.images-iherb.com/image/upload/w_240/f_auto,q_auto:eco/images/cms/banners/dPDP_Authenticity_Graphic2_2025_009en-us.jpg,https://cloudinary.images-iherb.com/image/upload/w_240/f_auto,q_auto:eco/images/cms/banners/dPDP_Fresh_Graphic2_2025_003en-us.jpg,https://cloudinary.images-iherb.com/image/upload/f_auto,q_auto:eco/images/tgh/tgh47552/r/12.jpg",
"Nutri, Triple Magnesium, High Absorption, 150 Vegan Capsules",,"https://cloudinary.images-iherb.com/image/upload/f_auto,q_auto:eco/images/nfu/nfu74290/r/41.jpg,https://cloudinary.images-iherb.com/image/upload/f_auto,q_auto:eco/images/nfu/nfu74290/r/45.jpg,https://cloudinary.images-iherb.com/image/upload/w_240/f_auto,q_auto:eco/images/cms/banners/dPDP_Authenticity_Graphic2_2025_009en-us.jpg,https://cloudinary.images-iherb.com/image/upload/w_240/f_auto,q_auto:eco/images/cms/banners/dPDP_Fresh_Graphic2_2025_003en-us.jpg,https://cloudinary.images-iherb.com/image/upload/f_auto,q_auto:eco/images/nfu/nfu74290/r/41.jpg",
"Swanson, Magnesium Oxide, 250 Capsules (200 mg per Capsule)","₨2,192.62","https://cloudinary.images-iherb.com/image/upload/f_auto,q_auto:eco/images/swv/swv01196/r/24.jpg,https://cloudinary.images-iherb.com/image/upload/f_auto,q_auto:eco/images/swv/swv01196/r/30.jpg,https://cloudinary.images-iherb.com/image/upload/w_240/f_auto,q_auto:eco/images/cms/banners/dPDP_Authenticity_Graphic2_2025_009en-us.jpg,https://cloudinary.images-iherb.com/image/upload/w_240/f_auto,q_auto:eco/images/cms/banners/dPDP_Fresh_Graphic2_2025_003en-us.jpg,https://cloudinary.images-iherb.com/image/upload/f_auto,q_auto:eco/images/swv/swv01196/r/24.jpg",
"Nature's Answer, Chamomile Extract, Alcohol Free, 1 fl oz (30 ml)","₨3,191.78","https://cloudinary.images-iherb.com/image/upload/f_auto,q_auto:eco/images/nta/nta00588/r/50.jpg,https://cloudinary.images-iherb.com/image/upload/f_auto,q_auto:eco/images/nta/nta00588/r/55.jpg,https://cloudinary.images-iherb.com/image/upload/w_240/f_auto,q_auto:eco/images/cms/banners/dPDP_Authenticity_Graphic2_2025_009en-us.jpg,https://cloudinary.images-iherb.com/image/upload/w_240/f_auto,q_auto:eco/images/cms/banners/dPDP_Fresh_Graphic2_2025_003en-us.jpg,https://cloudinary.images-iherb.com/image/upload/f_auto,q_auto:eco/images/nta/nta00588/r/50.jpg",
"Solgar, Melatonin, 10 mg, 60 Tablets","₨4,677.62","https://cloudinary.images-iherb.com/image/upload/f_auto,q_auto:eco/images/sol/sol01956/r/30.jpg,https://cloudinary.images-iherb.com/image/upload/f_auto,q_auto:eco/images/sol/sol01956/r/36.jpg,https://cloudinary.images-iherb.com/image/upload/w_240/f_auto,q_auto:eco/images/cms/banners/dPDP_Authenticity_Graphic2_2025_009en-us.jpg,https://cloudinary.images-iherb.com/image/upload/w_240/f_auto,q_auto:eco/images/cms/banners/dPDP_Fresh_Graphic2_2025_003en-us.jpg,https://cloudinary.images-iherb.com/image/upload/f_auto,q_auto:eco/images/sol/sol01956/r/30.jpg",
"Bach, Rescue Sleep® Pastilles, Black Currant, 35 Pastilles, 1.7 oz (50 g)","₨2,796.91","https://cloudinary.images-iherb.com/image/upload/f_auto,q_auto:eco/images/bac/bac40436/r/3.jpg,https://cloudinary.images-iherb.com/image/upload/f_auto,q_auto:eco/images/bac/bac40436/r/4.jpg,https://cloudinary.images-iherb.com/image/upload/w_240/f_auto,q_auto:eco/images/cms/banners/dPDP_Authenticity_Graphic2_2025_009en-us.jpg,https://cloudinary.images-iherb.com/image/upload/w_240/f_auto,q_auto:eco/images/cms/banners/dPDP_Fresh_Graphic2_2025_003en-us.jpg,https://cloudinary.images-iherb.com/image/upload/f_auto,q_auto:eco/images/bac/bac40436/r/3.jpg",
"Mason Natural, Relax & Sleep, 90 Tablets","₨2,295.07","https://cloudinary.images-iherb.com/image/upload/f_auto,q_auto:eco/images/mav/mav14989/r/57.jpg,https://cloudinary.images-iherb.com/image/upload/f_auto,q_auto:eco/images/mav/mav14989/r/63.jpg,https://cloudinary.images-iherb.com/image/upload/f_auto,q_auto:eco/images/mav/mav14989/r/61.jpg,https://cloudinary.images-iherb.com/image/upload/w_240/f_auto,q_auto:eco/images/cms/banners/dPDP_Authenticity_Graphic2_2025_009en-us.jpg,https://cloudinary.images-iherb.com/image/upload/w_240/f_auto,q_auto:eco/images/cms/banners/dPDP_Fresh_Graphic2_2025_003en-us.jpg",
"Alta Health, Magnesium Chloride, 100 Tablets","₨5,449.98","https://cloudinary.images-iherb.com/image/upload/f_auto,q_auto:eco/images/ahp/ahp00060/r/29.jpg,https://cloudinary.images-iherb.com/image/upload/f_auto,q_auto:eco/images/ahp/ahp00060/r/35.jpg,https://cloudinary.images-iherb.com/image/upload/w_240/f_auto,q_auto:eco/images/cms/banners/dPDP_Authenticity_Graphic2_2025_009en-us.jpg,https://cloudinary.images-iherb.com/image/upload/w_240/f_auto,q_auto:eco/images/cms/banners/dPDP_Fresh_Graphic2_2025_003en-us.jpg,https://cloudinary.images-iherb.com/image/upload/f_auto,q_auto:eco/images/ahp/ahp00060/r/29.jpg",
"Nutrex Research, LIPO 6®, Nighttime, 30 Caps","₨4,914.00","https://cloudinary.images-iherb.com/image/upload/f_auto,q_auto:eco/images/nrx/nrx75556/r/48.jpg,https://cloudinary.images-iherb.com/image/upload/f_auto,q_auto:eco/images/nrx/nrx75556/r/53.jpg,https://cloudinary.images-iherb.com/image/upload/w_240/f_auto,q_auto:eco/images/cms/banners/dPDP_Authenticity_Graphic2_2025_009en-us.jpg,https://cloudinary.images-iherb.com/image/upload/w_240/f_auto,q_auto:eco/images/cms/banners/dPDP_Fresh_Graphic2_2025_003en-us.jpg,https://cloudinary.images-iherb.com/image/upload/f_auto,q_auto:eco/images/nrx/nrx75556/r/48.jpg",
"Nature Made, Magnesium Citrate, 120 Softgels (125 mg per Softgel)","₨7,057.04","https://cloudinary.images-iherb.com/image/upload/f_auto,q_auto:eco/images/ndm/ndm02895/r/38.jpg,https://cloudinary.images-iherb.com/image/upload/f_auto,q_auto:eco/images/ndm/ndm02895/r/43.jpg,https://cloudinary.images-iherb.com/image/upload/w_240/f_auto,q_auto:eco/images/cms/banners/dPDP_Authenticity_Graphic2_2025_009en-us.jpg,https://cloudinary.images-iherb.com/image/upload/w_240/f_auto,q_auto:eco/images/cms/banners/dPDP_Fresh_Graphic2_2025_003en-us.jpg,https://cloudinary.images-iherb.com/image/upload/f_auto,q_auto:eco/images/ndm/ndm02895/r/38.jpg",
"Doctor's Best, 5-HTP, 100 mg, 180 Veggie Caps","₨6,376.75","https://cloudinary.images-iherb.com/image/upload/f_auto,q_auto:eco/images/drb/drb00312/r/67.jpg,https://cloudinary.images-iherb.com/image/upload/f_auto,q_auto:eco/images/drb/drb00312/r/70.jpg,https://cloudinary.images-iherb.com/image/upload/w_240/f_auto,q_auto:eco/images/cms/banners/dPDP_Authenticity_Graphic2_2025_009en-us.jpg,https://cloudinary.images-iherb.com/image/upload/w_240/f_auto,q_auto:eco/images/cms/banners/dPDP_Fresh_Graphic2_2025_003en-us.jpg,https://cloudinary.images-iherb.com/image/upload/f_auto,q_auto:eco/images/drb/drb00312/r/67.jpg",
"Badger, Organic Sleep Balm, Lavender & Bergamot, 2 oz (56 g)","₨3,011.07","https://cloudinary.images-iherb.com/image/upload/f_auto,q_auto:eco/images/wsb/wsb13580/r/26.jpg,https://cloudinary.images-iherb.com/image/upload/f_auto,q_auto:eco/images/wsb/wsb13580/r/29.jpg,https://cloudinary.images-iherb.com/image/upload/f_auto,q_auto:eco/images/wsb/wsb13580/r/33.jpg,https://cloudinary.images-iherb.com/image/upload/f_auto,q_auto:eco/images/wsb/wsb13580/r/28.jpg,https://cloudinary.images-iherb.com/image/upload/f_auto,q_auto:eco/images/wsb/wsb13580/r/27.jpg",
"The Patch Brand, Sleep Patch, 15 Clear Patches","₨3,127.21","https://cloudinary.images-iherb.com/image/upload/f_auto,q_auto:eco/images/tcb/tcb40801/r/12.jpg,https://cloudinary.images-iherb.com/image/upload/f_auto,q_auto:eco/images/tcb/tcb40801/r/18.jpg,https://cloudinary.images-iherb.com/image/upload/f_auto,q_auto:eco/images/tcb/tcb40801/r/11.jpg,https://cloudinary.images-iherb.com/image/upload/w_240/f_auto,q_auto:eco/images/cms/banners/dPDP_Authenticity_Graphic2_2025_009en-us.jpg,https://cloudinary.images-iherb.com/image/upload/w_240/f_auto,q_auto:eco/images/cms/banners/dPDP_Fresh_Graphic2_2025_003en-us.jpg",
"Nature's Bounty, Dual Spectrum, Melatonin, 5 mg, 60 Bi-Layer Tablets",,"https://cloudinary.images-iherb.com/image/upload/f_auto,q_auto:eco/images/nrt/nrt53098/r/45.jpg,https://cloudinary.images-iherb.com/image/upload/f_auto,q_auto:eco/images/nrt/nrt53098/r/51.jpg,https://cloudinary.images-iherb.com/image/upload/w_240/f_auto,q_auto:eco/images/cms/banners/dPDP_Authenticity_Graphic2_2025_009en-us.jpg,https://cloudinary.images-iherb.com/image/upload/w_240/f_auto,q_auto:eco/images/cms/banners/dPDP_Fresh_Graphic2_2025_003en-us.jpg,https://cloudinary.images-iherb.com/image/upload/f_auto,q_auto:eco/images/nrt/nrt53098/r/45.jpg",
"NB Pure, MagO7®, Cleanse, 90 Capsules","₨7,633.81","https://cloudinary.images-iherb.com/image/upload/f_auto,q_auto:eco/images/aer/aer03019/r/79.jpg,https://cloudinary.images-iherb.com/image/upload/f_auto,q_auto:eco/images/aer/aer03019/r/82.jpg,https://cloudinary.images-iherb.com/image/upload/w_240/f_auto,q_auto:eco/images/cms/banners/dPDP_Authenticity_Graphic2_2025_009en-us.jpg,https://cloudinary.images-iherb.com/image/upload/w_240/f_auto,q_auto:eco/images/cms/banners/dPDP_Fresh_Graphic2_2025_003en-us.jpg,https://cloudinary.images-iherb.com/image/upload/f_auto,q_auto:eco/images/aer/aer03019/r/79.jpg",
"NOW Foods, Passion Flower, 350 mg, 90 Veg Capsules","₨3,839.46","https://cloudinary.images-iherb.com/image/upload/f_auto,q_auto:eco/images/now/now04763/r/57.jpg,https://cloudinary.images-iherb.com/image/upload/f_auto,q_auto:eco/images/now/now04763/r/60.jpg,https://cloudinary.images-iherb.com/image/upload/w_240/f_auto,q_auto:eco/images/cms/banners/dPDP_Authenticity_Graphic2_2025_009en-us.jpg,https://cloudinary.images-iherb.com/image/upload/w_240/f_auto,q_auto:eco/images/cms/banners/dPDP_Fresh_Graphic2_2025_003en-us.jpg,https://cloudinary.images-iherb.com/image/upload/f_auto,q_auto:eco/images/now/now04763/r/57.jpg",
"Dr. Mercola, Sleep Support with Melatonin, Natural Raspberry, 0.98 fl oz (29 ml)","₨5,215.71","https://cloudinary.images-iherb.com/image/upload/f_auto,q_auto:eco/images/mcl/mcl01197/r/42.jpg,https://cloudinary.images-iherb.com/image/upload/f_auto,q_auto:eco/images/mcl/mcl01197/r/47.jpg,https://cloudinary.images-iherb.com/image/upload/w_240/f_auto,q_auto:eco/images/cms/banners/dPDP_Authenticity_Graphic2_2025_009en-us.jpg,https://cloudinary.images-iherb.com/image/upload/w_240/f_auto,q_auto:eco/images/cms/banners/dPDP_Fresh_Graphic2_2025_003en-us.jpg,https://cloudinary.images-iherb.com/image/upload/f_auto,q_auto:eco/images/mcl/mcl01197/r/42.jpg",
"NOW Foods, Valerian Root Extract, 2 fl oz (59 ml)","₨3,600.81","https://cloudinary.images-iherb.com/image/upload/f_auto,q_auto:eco/images/now/now04970/r/32.jpg,https://cloudinary.images-iherb.com/image/upload/f_auto,q_auto:eco/images/now/now04970/r/38.jpg,https://cloudinary.images-iherb.com/image/upload/w_240/f_auto,q_auto:eco/images/cms/banners/dPDP_Authenticity_Graphic2_2025_009en-us.jpg,https://cloudinary.images-iherb.com/image/upload/w_240/f_auto,q_auto:eco/images/cms/banners/dPDP_Fresh_Graphic2_2025_003en-us.jpg,https://cloudinary.images-iherb.com/image/upload/f_auto,q_auto:eco/images/now/now04970/r/42.jpg",
"Vital Nutrients, Magnesium, Glycinate + Malate, 200 Vegan Capsules (120 mg per Capsule)","₨13,485.04","https://cloudinary.images-iherb.com/image/upload/f_auto,q_auto:eco/images/vnu/vnu30621/r/24.jpg,https://cloudinary.images-iherb.com/image/upload/f_auto,q_auto:eco/images/vnu/vnu30621/r/29.jpg,https://cloudinary.images-iherb.com/image/upload/w_240/f_auto,q_auto:eco/images/cms/banners/dPDP_Authenticity_Graphic2_2025_009en-us.jpg,https://cloudinary.images-iherb.com/image/upload/w_240/f_auto,q_auto:eco/images/cms/banners/dPDP_Fresh_Graphic2_2025_003en-us.jpg,https://cloudinary.images-iherb.com/image/upload/f_auto,q_auto:eco/images/vnu/vnu30621/r/24.jpg","Description
Highly Bioavailable For Healthy Stress And Sleep Support
Dietary Supplement
Vegan And Non-GMO
Magnesium for sensitive GI tracts supports muscle, heart, and bone health; promotes relaxation.
Magnesium is one of the most important minerals the human body requires, yet almost half the US population doesn’t get the magnesium their bodies need. Magnesium activates enzymes that are essential in many functions of the body, and promotes the normal metabolism of fat, carbohydrates, and amino acids. It supports healthy teeth and maintains bone density. Magnesium also helps maintain blood pressure levels already in the normal range as well as helping to maintain normal mood and emotional well-being premenstrually and during the menstrual cycle.

Magnesium Glycinate + Malate combines two forms of magnesium, magnesium malate and magnesium glycinate, which are easily absorbed into the bloodstream and are gentler on the digestive tract than magnesium oxide or magnesium citrate. Magnesium malate is recommended for energy production, while magnesium glycinate is a gentle form that could be one of the best types for those who want to promote mental calm, relaxation and good quality sleep.
Suggested use
Take 2 capsules daily, or as directed by your healthcare professional.
Other ingredients
Vegetarian capsule (cellulose), ascorbyl palmitate, silica. 
Free from: Gluten, dairy, peanut, tree nut, fish, shellfish, soy, sesame, egg, artificial flavors, colors, sweeteners, and unnecessary excipients.
Warnings
Store sealed in a cool dry place.
Keep out of reach of children. Use only if safety seal is intact.
If you are pregnant or lactating, taking medication or have a medical condition, consult your healthcare practitioner before use.
Disclaimer
While iHerb strives to ensure the accuracy of its product images and information, some manufacturing changes to packaging and/or ingredients may be pending update on our site. Although items may occasionally ship with alternate packaging, freshness is always guaranteed. We recommend that you read labels, warnings and directions of all products before use and not rely solely on the information provided by iHerb."
"KAL, Magnesium Glycinate, 180 Softgels (105 mg per Softgel)","₨8,316.74","https://cloudinary.images-iherb.com/image/upload/f_auto,q_auto:eco/images/cal/cal42892/r/27.jpg,https://cloudinary.images-iherb.com/image/upload/f_auto,q_auto:eco/images/cal/cal42892/r/32.jpg,https://cloudinary.images-iherb.com/image/upload/w_240/f_auto,q_auto:eco/images/cms/banners/dPDP_Authenticity_Graphic2_2025_009en-us.jpg,https://cloudinary.images-iherb.com/image/upload/w_240/f_auto,q_auto:eco/images/cms/banners/dPDP_Fresh_Graphic2_2025_003en-us.jpg,https://cloudinary.images-iherb.com/image/upload/f_auto,q_auto:eco/images/cal/cal42892/r/27.jpg",
"Life Extension, Melatonin, 6 Hour Timed Release, 300 mcg, 100 Vegetarian Tablets","₨3,015.69","https://cloudinary.images-iherb.com/image/upload/f_auto,q_auto:eco/images/lex/lex17871/r/75.jpg,https://cloudinary.images-iherb.com/image/upload/f_auto,q_auto:eco/images/lex/lex17871/r/78.jpg,https://cloudinary.images-iherb.com/image/upload/w_240/f_auto,q_auto:eco/images/cms/banners/dPDP_Authenticity_Graphic2_2025_009en-us.jpg,https://cloudinary.images-iherb.com/image/upload/w_240/f_auto,q_auto:eco/images/cms/banners/dPDP_Fresh_Graphic2_2025_003en-us.jpg,https://cloudinary.images-iherb.com/image/upload/f_auto,q_auto:eco/images/lex/lex17871/r/75.jpg",
"Codeage, Molecular Hydrogen, Unflavored, 30 Effervescent Tablets","₨10,114.94","https://cloudinary.images-iherb.com/image/upload/f_auto,q_auto:eco/images/age/age81537/r/18.jpg,https://cloudinary.images-iherb.com/image/upload/f_auto,q_auto:eco/images/age/age81537/r/19.jpg,https://cloudinary.images-iherb.com/image/upload/w_240/f_auto,q_auto:eco/images/cms/banners/dPDP_Authenticity_Graphic2_2025_009en-us.jpg,https://cloudinary.images-iherb.com/image/upload/w_240/f_auto,q_auto:eco/images/cms/banners/dPDP_Fresh_Graphic2_2025_003en-us.jpg,https://cloudinary.images-iherb.com/image/upload/f_auto,q_auto:eco/images/age/age81537/r/18.jpg",
"KAL, Magnesium, 500 mg, 60 Tablets","₨2,464.59","https://cloudinary.images-iherb.com/image/upload/f_auto,q_auto:eco/images/cal/cal57320/r/123.jpg,https://cloudinary.images-iherb.com/image/upload/f_auto,q_auto:eco/images/cal/cal57320/r/131.jpg,https://cloudinary.images-iherb.com/image/upload/w_240/f_auto,q_auto:eco/images/cms/banners/dPDP_Authenticity_Graphic2_2025_009en-us.jpg,https://cloudinary.images-iherb.com/image/upload/w_240/f_auto,q_auto:eco/images/cms/banners/dPDP_Fresh_Graphic2_2025_003en-us.jpg,https://cloudinary.images-iherb.com/image/upload/f_auto,q_auto:eco/images/cal/cal57320/r/123.jpg",
"Amazing Nutrition, Amazing Formulas, Calcium Magnesium Zinc + Vitamin D3, 300 Tablets","₨6,239.98","https://cloudinary.images-iherb.com/image/upload/f_auto,q_auto:eco/images/amn/amn02931/r/48.jpg,https://cloudinary.images-iherb.com/image/upload/f_auto,q_auto:eco/images/amn/amn02931/r/50.jpg,https://cloudinary.images-iherb.com/image/upload/w_240/f_auto,q_auto:eco/images/cms/banners/dPDP_Authenticity_Graphic2_2025_009en-us.jpg,https://cloudinary.images-iherb.com/image/upload/w_240/f_auto,q_auto:eco/images/cms/banners/dPDP_Fresh_Graphic2_2025_003en-us.jpg,https://cloudinary.images-iherb.com/image/upload/f_auto,q_auto:eco/images/amn/amn02931/r/48.jpg",
"Nature's Craft, Triple Magnesium Complex, 180 Capsules (133 mg per Capsule)","₨6,715.00","https://cloudinary.images-iherb.com/image/upload/f_auto,q_auto:eco/images/nca/nca63976/r/8.jpg,https://cloudinary.images-iherb.com/image/upload/f_auto,q_auto:eco/images/nca/nca63976/r/14.jpg,https://cloudinary.images-iherb.com/image/upload/w_240/f_auto,q_auto:eco/images/cms/banners/dPDP_Authenticity_Graphic2_2025_009en-us.jpg,https://cloudinary.images-iherb.com/image/upload/w_240/f_auto,q_auto:eco/images/cms/banners/dPDP_Fresh_Graphic2_2025_003en-us.jpg,https://cloudinary.images-iherb.com/image/upload/f_auto,q_auto:eco/images/nca/nca63976/r/8.jpg",
"Natrol, 5-HTP, Time Release, 100 mg, 45 Tablets","₨5,500.02","https://cloudinary.images-iherb.com/image/upload/f_auto,q_auto:eco/images/ntl/ntl05228/r/76.jpg,https://cloudinary.images-iherb.com/image/upload/f_auto,q_auto:eco/images/ntl/ntl05228/r/81.jpg,https://cloudinary.images-iherb.com/image/upload/w_240/f_auto,q_auto:eco/images/cms/banners/dPDP_Authenticity_Graphic2_2025_009en-us.jpg,https://cloudinary.images-iherb.com/image/upload/w_240/f_auto,q_auto:eco/images/cms/banners/dPDP_Fresh_Graphic2_2025_003en-us.jpg,https://cloudinary.images-iherb.com/image/upload/f_auto,q_auto:eco/images/ntl/ntl05228/r/76.jpg",
"Life Extension, Magnesium Caps , 500 mg, 100 Vegetarian Capsules","₨2,875.78","https://cloudinary.images-iherb.com/image/upload/f_auto,q_auto:eco/images/lex/lex01041/r/8.jpg,https://cloudinary.images-iherb.com/image/upload/f_auto,q_auto:eco/images/lex/lex01041/r/13.jpg,https://cloudinary.images-iherb.com/image/upload/w_240/f_auto,q_auto:eco/images/cms/banners/dPDP_Authenticity_Graphic2_2025_009en-us.jpg,https://cloudinary.images-iherb.com/image/upload/w_240/f_auto,q_auto:eco/images/cms/banners/dPDP_Fresh_Graphic2_2025_003en-us.jpg,https://cloudinary.images-iherb.com/image/upload/f_auto,q_auto:eco/images/lex/lex01041/r/8.jpg",
"Natural Vitality, CALM®, Magnesium Glycinate, 120 Vegan Capsules (108 mg per Capsule)","₨7,066.75","https://cloudinary.images-iherb.com/image/upload/f_auto,q_auto:eco/images/ptg/ptg04399/r/56.jpg,https://cloudinary.images-iherb.com/image/upload/f_auto,q_auto:eco/images/ptg/ptg04399/r/62.jpg,https://cloudinary.images-iherb.com/image/upload/w_240/f_auto,q_auto:eco/images/cms/banners/dPDP_Authenticity_Graphic2_2025_009en-us.jpg,https://cloudinary.images-iherb.com/image/upload/w_240/f_auto,q_auto:eco/images/cms/banners/dPDP_Fresh_Graphic2_2025_003en-us.jpg,https://cloudinary.images-iherb.com/image/upload/f_auto,q_auto:eco/images/ptg/ptg04399/r/56.jpg",
"Cymbiotika, Magnesium L-Threonate, Liposomal Delivery, Vanilla Cream, 30 Pouches, 10 ml Each","₨19,654.60","https://cloudinary.images-iherb.com/image/upload/f_auto,q_auto:eco/images/cym/cym18708/r/17.jpg,https://cloudinary.images-iherb.com/image/upload/f_auto,q_auto:eco/images/cym/cym18708/r/18.jpg,https://cloudinary.images-iherb.com/image/upload/f_auto,q_auto:eco/images/cym/cym18708/r/19.jpg,https://cloudinary.images-iherb.com/image/upload/w_240/f_auto,q_auto:eco/images/cms/banners/dPDP_Authenticity_Graphic2_2025_009en-us.jpg,https://cloudinary.images-iherb.com/image/upload/w_240/f_auto,q_auto:eco/images/cms/banners/dPDP_Fresh_Graphic2_2025_003en-us.jpg",
"NOW Foods, Liquid Magnesium with Trace Minerals, 8 fl oz (237 ml)","₨5,355.40","https://cloudinary.images-iherb.com/image/upload/f_auto,q_auto:eco/images/now/now01288/r/14.jpg,https://cloudinary.images-iherb.com/image/upload/f_auto,q_auto:eco/images/now/now01288/r/19.jpg,https://cloudinary.images-iherb.com/image/upload/w_240/f_auto,q_auto:eco/images/cms/banners/dPDP_Authenticity_Graphic2_2025_009en-us.jpg,https://cloudinary.images-iherb.com/image/upload/w_240/f_auto,q_auto:eco/images/cms/banners/dPDP_Fresh_Graphic2_2025_003en-us.jpg,https://cloudinary.images-iherb.com/image/upload/f_auto,q_auto:eco/images/now/now01288/r/24.jpg",
"MaryRuth's, Liquid Nighttime Multimineral, Coconut Dream, 30 fl oz (887 ml)","₨10,126.15","https://cloudinary.images-iherb.com/image/upload/f_auto,q_auto:eco/images/mro/mro70051/r/24.jpg,https://cloudinary.images-iherb.com/image/upload/f_auto,q_auto:eco/images/mro/mro70051/r/29.jpg,https://cloudinary.images-iherb.com/image/upload/w_240/f_auto,q_auto:eco/images/cms/banners/dPDP_Authenticity_Graphic2_2025_009en-us.jpg,https://cloudinary.images-iherb.com/image/upload/w_240/f_auto,q_auto:eco/images/cms/banners/dPDP_Fresh_Graphic2_2025_003en-us.jpg,https://cloudinary.images-iherb.com/image/upload/f_auto,q_auto:eco/images/mro/mro70051/r/24.jpg",
"NaturesPlus, Mag Kidz®, Animal Parade®, Children's Magnesium Powder Supplement, Cherry, 0.38 lb (171 g)","₨3,920.17","https://cloudinary.images-iherb.com/image/upload/f_auto,q_auto:eco/images/nap/nap29943/r/66.jpg,https://cloudinary.images-iherb.com/image/upload/f_auto,q_auto:eco/images/nap/nap29943/r/72.jpg,https://cloudinary.images-iherb.com/image/upload/w_240/f_auto,q_auto:eco/images/cms/banners/dPDP_Authenticity_Graphic2_2025_009en-us.jpg,https://cloudinary.images-iherb.com/image/upload/w_240/f_auto,q_auto:eco/images/cms/banners/dPDP_Fresh_Graphic2_2025_003en-us.jpg,https://cloudinary.images-iherb.com/image/upload/f_auto,q_auto:eco/images/nap/nap29943/r/57.jpg",
"NOW Foods, Melatonin, 3 mg, 180 Lozenges","₨2,518.93","https://cloudinary.images-iherb.com/image/upload/f_auto,q_auto:eco/images/now/now03259/r/33.jpg,https://cloudinary.images-iherb.com/image/upload/f_auto,q_auto:eco/images/now/now03259/r/39.jpg,https://cloudinary.images-iherb.com/image/upload/w_240/f_auto,q_auto:eco/images/cms/banners/dPDP_Authenticity_Graphic2_2025_009en-us.jpg,https://cloudinary.images-iherb.com/image/upload/w_240/f_auto,q_auto:eco/images/cms/banners/dPDP_Fresh_Graphic2_2025_003en-us.jpg,https://cloudinary.images-iherb.com/image/upload/f_auto,q_auto:eco/images/now/now03259/r/43.jpg",
"Vital Nutrients, Magnesium, 100 Vegan Capsules (120 mg per Capsule)","₨7,488.35","https://cloudinary.images-iherb.com/image/upload/f_auto,q_auto:eco/images/vnu/vnu30611/r/56.jpg,https://cloudinary.images-iherb.com/image/upload/f_auto,q_auto:eco/images/vnu/vnu30611/r/61.jpg,https://cloudinary.images-iherb.com/image/upload/w_240/f_auto,q_auto:eco/images/cms/banners/dPDP_Authenticity_Graphic2_2025_009en-us.jpg,https://cloudinary.images-iherb.com/image/upload/w_240/f_auto,q_auto:eco/images/cms/banners/dPDP_Fresh_Graphic2_2025_003en-us.jpg,https://cloudinary.images-iherb.com/image/upload/f_auto,q_auto:eco/images/vnu/vnu30611/r/56.jpg",
"Force Factor, Melatonin, 5 mg, 60 Vegetable Capsules","₨1,636.48","https://cloudinary.images-iherb.com/image/upload/f_auto,q_auto:eco/images/foa/foa66045/r/8.jpg,https://cloudinary.images-iherb.com/image/upload/f_auto,q_auto:eco/images/foa/foa66045/r/13.jpg,https://cloudinary.images-iherb.com/image/upload/w_240/f_auto,q_auto:eco/images/cms/banners/dPDP_Authenticity_Graphic2_2025_009en-us.jpg,https://cloudinary.images-iherb.com/image/upload/w_240/f_auto,q_auto:eco/images/cms/banners/dPDP_Fresh_Graphic2_2025_003en-us.jpg,https://cloudinary.images-iherb.com/image/upload/f_auto,q_auto:eco/images/foa/foa66045/r/16.jpg",
"Life Extension, Melatonin, 300 mcg, 100 Vegetarian Capsules","₨2,276.51","https://cloudinary.images-iherb.com/image/upload/f_auto,q_auto:eco/images/lex/lex16681/r/113.jpg,https://cloudinary.images-iherb.com/image/upload/f_auto,q_auto:eco/images/lex/lex16681/r/115.jpg,https://cloudinary.images-iherb.com/image/upload/w_240/f_auto,q_auto:eco/images/cms/banners/dPDP_Authenticity_Graphic2_2025_009en-us.jpg,https://cloudinary.images-iherb.com/image/upload/w_240/f_auto,q_auto:eco/images/cms/banners/dPDP_Fresh_Graphic2_2025_003en-us.jpg,https://cloudinary.images-iherb.com/image/upload/f_auto,q_auto:eco/images/lex/lex16681/r/113.jpg",
"Life Extension, Extend-Release Magnesium, 60 Vegetarian Capsules (250 mg per Capsule)","₨2,959.46","https://cloudinary.images-iherb.com/image/upload/f_auto,q_auto:eco/images/lex/lex21076/r/83.jpg,https://cloudinary.images-iherb.com/image/upload/f_auto,q_auto:eco/images/lex/lex21076/r/88.jpg,https://cloudinary.images-iherb.com/image/upload/w_240/f_auto,q_auto:eco/images/cms/banners/dPDP_Authenticity_Graphic2_2025_009en-us.jpg,https://cloudinary.images-iherb.com/image/upload/w_240/f_auto,q_auto:eco/images/cms/banners/dPDP_Fresh_Graphic2_2025_003en-us.jpg,https://cloudinary.images-iherb.com/image/upload/f_auto,q_auto:eco/images/lex/lex21076/r/83.jpg",
"Swanson, 5-HTP, 200 mg , 60 Capsules","₨4,929.64","https://cloudinary.images-iherb.com/image/upload/f_auto,q_auto:eco/images/swv/swv02963/r/24.jpg,https://cloudinary.images-iherb.com/image/upload/f_auto,q_auto:eco/images/swv/swv02963/r/30.jpg,https://cloudinary.images-iherb.com/image/upload/w_240/f_auto,q_auto:eco/images/cms/banners/dPDP_Authenticity_Graphic2_2025_009en-us.jpg,https://cloudinary.images-iherb.com/image/upload/w_240/f_auto,q_auto:eco/images/cms/banners/dPDP_Fresh_Graphic2_2025_003en-us.jpg,https://cloudinary.images-iherb.com/image/upload/f_auto,q_auto:eco/images/swv/swv02963/r/24.jpg",
"PatchAid, Triple Magnesium Complex Patch, 30 Patches","₨4,424.31","https://cloudinary.images-iherb.com/image/upload/f_auto,q_auto:eco/images/pad/pad58209/r/6.jpg,https://cloudinary.images-iherb.com/image/upload/f_auto,q_auto:eco/images/pad/pad58209/r/11.jpg,https://cloudinary.images-iherb.com/image/upload/f_auto,q_auto:eco/images/pad/pad58209/r/8.jpg,https://cloudinary.images-iherb.com/image/upload/w_240/f_auto,q_auto:eco/images/cms/banners/dPDP_Authenticity_Graphic2_2025_009en-us.jpg,https://cloudinary.images-iherb.com/image/upload/w_240/f_auto,q_auto:eco/images/cms/banners/dPDP_Fresh_Graphic2_2025_003en-us.jpg",
"Nature's Truth, Just 4 Kidz, Magnesium Gummies, Delicious Mixed Berry, 50 Gummies","₨4,299.67","https://cloudinary.images-iherb.com/image/upload/f_auto,q_auto:eco/images/nth/nth12536/r/8.jpg,https://cloudinary.images-iherb.com/image/upload/f_auto,q_auto:eco/images/nth/nth12536/r/13.jpg,https://cloudinary.images-iherb.com/image/upload/w_240/f_auto,q_auto:eco/images/cms/banners/dPDP_Authenticity_Graphic2_2025_009en-us.jpg,https://cloudinary.images-iherb.com/image/upload/w_240/f_auto,q_auto:eco/images/cms/banners/dPDP_Fresh_Graphic2_2025_003en-us.jpg,https://cloudinary.images-iherb.com/image/upload/f_auto,q_auto:eco/images/nth/nth12536/r/8.jpg",
"Metagenics, Magnesium Glycinate, 100 mg, 120 Tablets","₨10,078.16","https://cloudinary.images-iherb.com/image/upload/f_auto,q_auto:eco/images/mtg/mtg02301/r/24.jpg,https://cloudinary.images-iherb.com/image/upload/f_auto,q_auto:eco/images/mtg/mtg02301/r/30.jpg,https://cloudinary.images-iherb.com/image/upload/w_240/f_auto,q_auto:eco/images/cms/banners/dPDP_Authenticity_Graphic2_2025_009en-us.jpg,https://cloudinary.images-iherb.com/image/upload/w_240/f_auto,q_auto:eco/images/cms/banners/dPDP_Fresh_Graphic2_2025_003en-us.jpg,https://cloudinary.images-iherb.com/image/upload/f_auto,q_auto:eco/images/mtg/mtg02301/r/32.jpg",
"ProHealth Longevity, Brain-Mag Pro, Magnesium L-Threonate, 90 Capsules (48 mg per Capsule)","₨11,767.44","https://cloudinary.images-iherb.com/image/upload/f_auto,q_auto:eco/images/phv/phv41068/r/8.jpg,https://cloudinary.images-iherb.com/image/upload/f_auto,q_auto:eco/images/phv/phv41068/r/13.jpg,https://cloudinary.images-iherb.com/image/upload/w_240/f_auto,q_auto:eco/images/cms/banners/dPDP_Authenticity_Graphic2_2025_009en-us.jpg,https://cloudinary.images-iherb.com/image/upload/w_240/f_auto,q_auto:eco/images/cms/banners/dPDP_Fresh_Graphic2_2025_003en-us.jpg,https://cloudinary.images-iherb.com/image/upload/f_auto,q_auto:eco/images/phv/phv41068/r/8.jpg",
"NOW Foods, 5-HTP, 50 mg, 180 Veg Capsules","₨6,532.53","https://cloudinary.images-iherb.com/image/upload/f_auto,q_auto:eco/images/now/now00101/r/32.jpg,https://cloudinary.images-iherb.com/image/upload/f_auto,q_auto:eco/images/now/now00101/r/38.jpg,https://cloudinary.images-iherb.com/image/upload/w_240/f_auto,q_auto:eco/images/cms/banners/dPDP_Authenticity_Graphic2_2025_009en-us.jpg,https://cloudinary.images-iherb.com/image/upload/w_240/f_auto,q_auto:eco/images/cms/banners/dPDP_Fresh_Graphic2_2025_003en-us.jpg,https://cloudinary.images-iherb.com/image/upload/f_auto,q_auto:eco/images/now/now00101/r/42.jpg",
"California Gold Nutrition, Magnesium Powder Beverage, Orange, 13.4 oz (380 g)",,"https://cloudinary.images-iherb.com/image/upload/f_auto,q_auto:eco/images/cgn/cgn01562/r/127.jpg,https://cloudinary.images-iherb.com/image/upload/f_auto,q_auto:eco/images/cgn/cgn01562/r/132.jpg,https://cloudinary.images-iherb.com/image/upload/f_auto,q_auto:eco/images/cgn/cgn01562/r/103.jpg,https://cloudinary.images-iherb.com/image/upload/f_auto,q_auto:eco/images/cgn/cgn01562/r/136.jpg,https://cloudinary.images-iherb.com/image/upload/f_auto,q_auto:eco/images/cgn/cgn01562/r/116.jpg",
"Doctor's Best, L-Tryptophan , 500 mg, 90 Veggie Caps","₨5,498.55","https://cloudinary.images-iherb.com/image/upload/f_auto,q_auto:eco/images/drb/drb00126/r/133.jpg,https://cloudinary.images-iherb.com/image/upload/f_auto,q_auto:eco/images/drb/drb00126/r/136.jpg,https://cloudinary.images-iherb.com/image/upload/w_240/f_auto,q_auto:eco/images/cms/banners/dPDP_Authenticity_Graphic2_2025_009en-us.jpg,https://cloudinary.images-iherb.com/image/upload/w_240/f_auto,q_auto:eco/images/cms/banners/dPDP_Fresh_Graphic2_2025_003en-us.jpg,https://cloudinary.images-iherb.com/image/upload/f_auto,q_auto:eco/images/drb/drb00126/r/133.jpg",
"Natrol, Sleep & Restore Gummies, Melatonin Free, Cherry, 60 Gummies","₨7,561.20","https://cloudinary.images-iherb.com/image/upload/f_auto,q_auto:eco/images/ntl/ntl08358/r/8.jpg,https://cloudinary.images-iherb.com/image/upload/f_auto,q_auto:eco/images/ntl/ntl08358/r/14.jpg,https://cloudinary.images-iherb.com/image/upload/w_240/f_auto,q_auto:eco/images/cms/banners/dPDP_Authenticity_Graphic2_2025_009en-us.jpg,https://cloudinary.images-iherb.com/image/upload/w_240/f_auto,q_auto:eco/images/cms/banners/dPDP_Fresh_Graphic2_2025_003en-us.jpg,https://cloudinary.images-iherb.com/image/upload/f_auto,q_auto:eco/images/ntl/ntl08358/r/8.jpg",
"Swanson, Melatonin, Extra Low Dose , 500 mcg, 60 Vegan Caps",₨793.01,"https://cloudinary.images-iherb.com/image/upload/f_auto,q_auto:eco/images/swv/swv11648/r/24.jpg,https://cloudinary.images-iherb.com/image/upload/f_auto,q_auto:eco/images/swv/swv11648/r/30.jpg,https://cloudinary.images-iherb.com/image/upload/w_240/f_auto,q_auto:eco/images/cms/banners/dPDP_Authenticity_Graphic2_2025_009en-us.jpg,https://cloudinary.images-iherb.com/image/upload/w_240/f_auto,q_auto:eco/images/cms/banners/dPDP_Fresh_Graphic2_2025_003en-us.jpg,https://cloudinary.images-iherb.com/image/upload/f_auto,q_auto:eco/images/swv/swv11648/r/24.jpg",
"Nature's Truth, Just 4 Kidz, Sleep Melatonin Gummies, Delicious Cherrylicious, 40 Gummies (1 g per Gummy)","₨3,076.98","https://cloudinary.images-iherb.com/image/upload/f_auto,q_auto:eco/images/nth/nth11655/r/40.jpg,https://cloudinary.images-iherb.com/image/upload/f_auto,q_auto:eco/images/nth/nth11655/r/45.jpg,https://cloudinary.images-iherb.com/image/upload/w_240/f_auto,q_auto:eco/images/cms/banners/dPDP_Authenticity_Graphic2_2025_009en-us.jpg,https://cloudinary.images-iherb.com/image/upload/w_240/f_auto,q_auto:eco/images/cms/banners/dPDP_Fresh_Graphic2_2025_003en-us.jpg,https://cloudinary.images-iherb.com/image/upload/f_auto,q_auto:eco/images/nth/nth11655/r/40.jpg",
"Swanson, 5-HTP, 50 mg, 60 Capsules","₨2,020.67","https://cloudinary.images-iherb.com/image/upload/f_auto,q_auto:eco/images/swv/swv11236/r/24.jpg,https://cloudinary.images-iherb.com/image/upload/f_auto,q_auto:eco/images/swv/swv11236/r/30.jpg,https://cloudinary.images-iherb.com/image/upload/w_240/f_auto,q_auto:eco/images/cms/banners/dPDP_Authenticity_Graphic2_2025_009en-us.jpg,https://cloudinary.images-iherb.com/image/upload/w_240/f_auto,q_auto:eco/images/cms/banners/dPDP_Fresh_Graphic2_2025_003en-us.jpg,https://cloudinary.images-iherb.com/image/upload/f_auto,q_auto:eco/images/swv/swv11236/r/24.jpg",
"Force Factor, Somnapure, Drug-Free Sleep Aid, 60 Tablets",,"https://cloudinary.images-iherb.com/image/upload/f_auto,q_auto:eco/images/foa/foa00265/r/38.jpg,https://cloudinary.images-iherb.com/image/upload/f_auto,q_auto:eco/images/foa/foa00265/r/36.jpg,https://cloudinary.images-iherb.com/image/upload/w_240/f_auto,q_auto:eco/images/cms/banners/dPDP_Authenticity_Graphic2_2025_009en-us.jpg,https://cloudinary.images-iherb.com/image/upload/w_240/f_auto,q_auto:eco/images/cms/banners/dPDP_Fresh_Graphic2_2025_003en-us.jpg,https://cloudinary.images-iherb.com/image/upload/f_auto,q_auto:eco/images/foa/foa00265/r/46.jpg",
"Nature Made, Magnesium, 250 mg, 200 Tablets","₨3,601.72","https://cloudinary.images-iherb.com/image/upload/f_auto,q_auto:eco/images/ndm/ndm01718/r/8.jpg,https://cloudinary.images-iherb.com/image/upload/f_auto,q_auto:eco/images/ndm/ndm01718/r/11.jpg,https://cloudinary.images-iherb.com/image/upload/w_240/f_auto,q_auto:eco/images/cms/banners/dPDP_Authenticity_Graphic2_2025_009en-us.jpg,https://cloudinary.images-iherb.com/image/upload/w_240/f_auto,q_auto:eco/images/cms/banners/dPDP_Fresh_Graphic2_2025_003en-us.jpg,https://cloudinary.images-iherb.com/image/upload/f_auto,q_auto:eco/images/ndm/ndm01718/r/8.jpg",
"Chapter One, Sleep-Regulating Melatonin, Flavored, 60 Gummies (2.5 mg Per Gummy)","₨5,057.53","https://cloudinary.images-iherb.com/image/upload/f_auto,q_auto:eco/images/cto/cto04104/r/23.jpg,https://cloudinary.images-iherb.com/image/upload/f_auto,q_auto:eco/images/cto/cto04104/r/22.jpg,https://cloudinary.images-iherb.com/image/upload/w_240/f_auto,q_auto:eco/images/cms/banners/dPDP_Authenticity_Graphic2_2025_009en-us.jpg,https://cloudinary.images-iherb.com/image/upload/w_240/f_auto,q_auto:eco/images/cms/banners/dPDP_Fresh_Graphic2_2025_003en-us.jpg,https://cloudinary.images-iherb.com/image/upload/f_auto,q_auto:eco/images/cto/cto04104/r/23.jpg",
"Amazing Nutrition, Amazing Formulas, Calcium Magnesium Zinc + Vitamin D3, 150 Tablets","₨3,677.34","https://cloudinary.images-iherb.com/image/upload/f_auto,q_auto:eco/images/amn/amn02786/r/40.jpg,https://cloudinary.images-iherb.com/image/upload/f_auto,q_auto:eco/images/amn/amn02786/r/42.jpg,https://cloudinary.images-iherb.com/image/upload/w_240/f_auto,q_auto:eco/images/cms/banners/dPDP_Authenticity_Graphic2_2025_009en-us.jpg,https://cloudinary.images-iherb.com/image/upload/w_240/f_auto,q_auto:eco/images/cms/banners/dPDP_Fresh_Graphic2_2025_003en-us.jpg,https://cloudinary.images-iherb.com/image/upload/f_auto,q_auto:eco/images/amn/amn02786/r/40.jpg",
"KAL, High Absorption Magnesium Glycinate, 90 Softgels (105 mg per Softgel)","₨4,778.16","https://cloudinary.images-iherb.com/image/upload/f_auto,q_auto:eco/images/cal/cal61879/r/24.jpg,https://cloudinary.images-iherb.com/image/upload/f_auto,q_auto:eco/images/cal/cal61879/r/29.jpg,https://cloudinary.images-iherb.com/image/upload/w_240/f_auto,q_auto:eco/images/cms/banners/dPDP_Authenticity_Graphic2_2025_009en-us.jpg,https://cloudinary.images-iherb.com/image/upload/w_240/f_auto,q_auto:eco/images/cms/banners/dPDP_Fresh_Graphic2_2025_003en-us.jpg,https://cloudinary.images-iherb.com/image/upload/f_auto,q_auto:eco/images/cal/cal61879/r/24.jpg",
"Vitamatic, Magnesium Malate with B6, 90 Vegetarian Tablets","₨3,430.81","https://cloudinary.images-iherb.com/image/upload/f_auto,q_auto:eco/images/vmc/vmc47401/r/40.jpg,https://cloudinary.images-iherb.com/image/upload/f_auto,q_auto:eco/images/vmc/vmc47401/r/46.jpg,https://cloudinary.images-iherb.com/image/upload/w_240/f_auto,q_auto:eco/images/cms/banners/dPDP_Authenticity_Graphic2_2025_009en-us.jpg,https://cloudinary.images-iherb.com/image/upload/w_240/f_auto,q_auto:eco/images/cms/banners/dPDP_Fresh_Graphic2_2025_003en-us.jpg,https://cloudinary.images-iherb.com/image/upload/f_auto,q_auto:eco/images/vmc/vmc47401/r/40.jpg",
"Vitamatic, Magnesium Malate with B6, 90 Vegetarian Tablets",,,
"Plant People, WonderSleep®, Mushroom Gummies, Wild Elderberry, 60 Gummies, 5.2 oz (148 g)","₨10,492.59","https://cloudinary.images-iherb.com/image/upload/f_auto,q_auto:eco/images/ppp/ppp83566/r/2.jpg,https://cloudinary.images-iherb.com/image/upload/f_auto,q_auto:eco/images/ppp/ppp83566/r/3.jpg,https://cloudinary.images-iherb.com/image/upload/w_240/f_auto,q_auto:eco/images/cms/banners/dPDP_Authenticity_Graphic2_2025_009en-us.jpg,https://cloudinary.images-iherb.com/image/upload/w_240/f_auto,q_auto:eco/images/cms/banners/dPDP_Fresh_Graphic2_2025_003en-us.jpg,https://cloudinary.images-iherb.com/image/upload/f_auto,q_auto:eco/images/ppp/ppp83566/r/2.jpg",
"Lifeable, Kids Magnesium Citrate Gummies, Fruit, 60 Gummies","₨4,971.03","https://cloudinary.images-iherb.com/image/upload/f_auto,q_auto:eco/images/lfb/lfb73107/r/32.jpg,https://cloudinary.images-iherb.com/image/upload/f_auto,q_auto:eco/images/lfb/lfb73107/r/37.jpg,https://cloudinary.images-iherb.com/image/upload/w_240/f_auto,q_auto:eco/images/cms/banners/dPDP_Authenticity_Graphic2_2025_009en-us.jpg,https://cloudinary.images-iherb.com/image/upload/w_240/f_auto,q_auto:eco/images/cms/banners/dPDP_Fresh_Graphic2_2025_003en-us.jpg,https://img.youtube.com/vi/rvL4N7-xqHY/0.jpg",
"Solgar, Magnesium Glycinate, 90 Vegetable Capsules (120 mg per Capsule)","₨6,236.70","https://cloudinary.images-iherb.com/image/upload/f_auto,q_auto:eco/images/sol/sol01556/r/8.jpg,https://cloudinary.images-iherb.com/image/upload/f_auto,q_auto:eco/images/sol/sol01556/r/14.jpg,https://cloudinary.images-iherb.com/image/upload/w_240/f_auto,q_auto:eco/images/cms/banners/dPDP_Authenticity_Graphic2_2025_009en-us.jpg,https://cloudinary.images-iherb.com/image/upload/w_240/f_auto,q_auto:eco/images/cms/banners/dPDP_Fresh_Graphic2_2025_003en-us.jpg,https://cloudinary.images-iherb.com/image/upload/f_auto,q_auto:eco/images/sol/sol01556/r/8.jpg",
"Forest Leaf, Magnesium Glycinate, Maximum Absorption, 90 Vegetable Capsules (133.3 mg per Capsule)","₨6,014.04","https://cloudinary.images-iherb.com/image/upload/f_auto,q_auto:eco/images/frl/frl66752/r/10.jpg,https://cloudinary.images-iherb.com/image/upload/f_auto,q_auto:eco/images/frl/frl66752/r/16.jpg,https://cloudinary.images-iherb.com/image/upload/w_240/f_auto,q_auto:eco/images/cms/banners/dPDP_Authenticity_Graphic2_2025_009en-us.jpg,https://cloudinary.images-iherb.com/image/upload/w_240/f_auto,q_auto:eco/images/cms/banners/dPDP_Fresh_Graphic2_2025_003en-us.jpg,https://cloudinary.images-iherb.com/image/upload/f_auto,q_auto:eco/images/frl/frl66752/r/10.jpg",
"EVLution Nutrition, Magnesium Citrate, 60 Veggie Capsules (200 mg per Capsule)","₨2,786.05","https://cloudinary.images-iherb.com/image/upload/f_auto,q_auto:eco/images/evl/evl02708/r/8.jpg,https://cloudinary.images-iherb.com/image/upload/f_auto,q_auto:eco/images/evl/evl02708/r/14.jpg,https://cloudinary.images-iherb.com/image/upload/w_240/f_auto,q_auto:eco/images/cms/banners/dPDP_Authenticity_Graphic2_2025_009en-us.jpg,https://cloudinary.images-iherb.com/image/upload/w_240/f_auto,q_auto:eco/images/cms/banners/dPDP_Fresh_Graphic2_2025_003en-us.jpg,https://cloudinary.images-iherb.com/image/upload/f_auto,q_auto:eco/images/evl/evl02708/r/16.jpg",
"NOW Foods, Magnesium Oxide Pure Powder, 8 oz (227 g)","₨3,238.17","https://cloudinary.images-iherb.com/image/upload/f_auto,q_auto:eco/images/now/now01310/r/38.jpg,https://cloudinary.images-iherb.com/image/upload/f_auto,q_auto:eco/images/now/now01310/r/44.jpg,https://cloudinary.images-iherb.com/image/upload/w_240/f_auto,q_auto:eco/images/cms/banners/dPDP_Authenticity_Graphic2_2025_009en-us.jpg,https://cloudinary.images-iherb.com/image/upload/w_240/f_auto,q_auto:eco/images/cms/banners/dPDP_Fresh_Graphic2_2025_003en-us.jpg,https://cloudinary.images-iherb.com/image/upload/f_auto,q_auto:eco/images/now/now01310/r/48.jpg",
"Vitamatic, Magnesium Citrate with B6, 180 Vegetarian Capsules","₨3,679.42","https://cloudinary.images-iherb.com/image/upload/f_auto,q_auto:eco/images/vmc/vmc47402/r/8.jpg,https://cloudinary.images-iherb.com/image/upload/f_auto,q_auto:eco/images/vmc/vmc47402/r/14.jpg,https://cloudinary.images-iherb.com/image/upload/w_240/f_auto,q_auto:eco/images/cms/banners/dPDP_Authenticity_Graphic2_2025_009en-us.jpg,https://cloudinary.images-iherb.com/image/upload/w_240/f_auto,q_auto:eco/images/cms/banners/dPDP_Fresh_Graphic2_2025_003en-us.jpg,https://cloudinary.images-iherb.com/image/upload/f_auto,q_auto:eco/images/vmc/vmc47402/r/8.jpg",
"Nature's Answer, Marine Based Magnesium, 90 Vegetarian Capsules",,"https://cloudinary.images-iherb.com/image/upload/f_auto,q_auto:eco/images/nta/nta16462/r/57.jpg,https://cloudinary.images-iherb.com/image/upload/f_auto,q_auto:eco/images/nta/nta16462/r/58.jpg,https://cloudinary.images-iherb.com/image/upload/f_auto,q_auto:eco/images/nta/nta16462/r/49.jpg,https://cloudinary.images-iherb.com/image/upload/w_240/f_auto,q_auto:eco/images/cms/banners/dPDP_Authenticity_Graphic2_2025_009en-us.jpg,https://cloudinary.images-iherb.com/image/upload/w_240/f_auto,q_auto:eco/images/cms/banners/dPDP_Fresh_Graphic2_2025_003en-us.jpg",
"NutraLife, Melatonin, 1 mg, 240 Easy Chew Tablets","₨2,205.14","https://cloudinary.images-iherb.com/image/upload/f_auto,q_auto:eco/images/nlf/nlf18316/r/1.jpg,https://cloudinary.images-iherb.com/image/upload/f_auto,q_auto:eco/images/nlf/nlf18316/r/2.jpg,https://cloudinary.images-iherb.com/image/upload/w_240/f_auto,q_auto:eco/images/cms/banners/dPDP_Authenticity_Graphic2_2025_009en-us.jpg,https://cloudinary.images-iherb.com/image/upload/w_240/f_auto,q_auto:eco/images/cms/banners/dPDP_Fresh_Graphic2_2025_003en-us.jpg,https://cloudinary.images-iherb.com/image/upload/f_auto,q_auto:eco/images/nlf/nlf18316/r/1.jpg",
"DaVinci Laboratories, Liposomal Melatonin Spray, 1 fl oz (30 ml)","₨5,049.28","https://cloudinary.images-iherb.com/image/upload/f_auto,q_auto:eco/images/dvi/dvi23611/r/37.jpg,https://cloudinary.images-iherb.com/image/upload/f_auto,q_auto:eco/images/dvi/dvi23611/r/43.jpg,https://cloudinary.images-iherb.com/image/upload/w_240/f_auto,q_auto:eco/images/cms/banners/dPDP_Authenticity_Graphic2_2025_009en-us.jpg,https://cloudinary.images-iherb.com/image/upload/w_240/f_auto,q_auto:eco/images/cms/banners/dPDP_Fresh_Graphic2_2025_003en-us.jpg,https://cloudinary.images-iherb.com/image/upload/f_auto,q_auto:eco/images/dvi/dvi23611/r/37.jpg",
"NOW Foods, Sleep Regimen 3-in-1, 90 Veg Capsules","₨5,687.26","https://cloudinary.images-iherb.com/image/upload/f_auto,q_auto:eco/images/now/now04769/r/16.jpg,https://cloudinary.images-iherb.com/image/upload/f_auto,q_auto:eco/images/now/now04769/r/21.jpg,https://cloudinary.images-iherb.com/image/upload/w_240/f_auto,q_auto:eco/images/cms/banners/dPDP_Authenticity_Graphic2_2025_009en-us.jpg,https://cloudinary.images-iherb.com/image/upload/w_240/f_auto,q_auto:eco/images/cms/banners/dPDP_Fresh_Graphic2_2025_003en-us.jpg,https://cloudinary.images-iherb.com/image/upload/f_auto,q_auto:eco/images/now/now04769/r/26.jpg",
"Advanced Orthomolecular Research AOR, Mag Malate Renew™, 120 Capsules","₨7,218.69","https://cloudinary.images-iherb.com/image/upload/f_auto,q_auto:eco/images/aor/aor08211/r/49.jpg,https://cloudinary.images-iherb.com/image/upload/f_auto,q_auto:eco/images/aor/aor08211/r/54.jpg,https://cloudinary.images-iherb.com/image/upload/w_240/f_auto,q_auto:eco/images/cms/banners/dPDP_Authenticity_Graphic2_2025_009en-us.jpg,https://cloudinary.images-iherb.com/image/upload/w_240/f_auto,q_auto:eco/images/cms/banners/dPDP_Fresh_Graphic2_2025_003en-us.jpg,https://cloudinary.images-iherb.com/image/upload/f_auto,q_auto:eco/images/aor/aor08211/r/49.jpg",
"KAL, Magnesium Orotate 200, 120 Vegcaps (50 mg per Capsule)","₨3,492.79","https://cloudinary.images-iherb.com/image/upload/f_auto,q_auto:eco/images/cal/cal71060/r/68.jpg,https://cloudinary.images-iherb.com/image/upload/f_auto,q_auto:eco/images/cal/cal71060/r/76.jpg,https://cloudinary.images-iherb.com/image/upload/w_240/f_auto,q_auto:eco/images/cms/banners/dPDP_Authenticity_Graphic2_2025_009en-us.jpg,https://cloudinary.images-iherb.com/image/upload/w_240/f_auto,q_auto:eco/images/cms/banners/dPDP_Fresh_Graphic2_2025_003en-us.jpg,https://cloudinary.images-iherb.com/image/upload/f_auto,q_auto:eco/images/cal/cal71060/r/68.jpg",
"Natrol, Melatonin, 1 mg, 180 Tablets","₨4,316.55","https://cloudinary.images-iherb.com/image/upload/f_auto,q_auto:eco/images/ntl/ntl00466/r/64.jpg,https://cloudinary.images-iherb.com/image/upload/f_auto,q_auto:eco/images/ntl/ntl00466/r/69.jpg,https://cloudinary.images-iherb.com/image/upload/w_240/f_auto,q_auto:eco/images/cms/banners/dPDP_Authenticity_Graphic2_2025_009en-us.jpg,https://cloudinary.images-iherb.com/image/upload/w_240/f_auto,q_auto:eco/images/cms/banners/dPDP_Fresh_Graphic2_2025_003en-us.jpg,https://cloudinary.images-iherb.com/image/upload/f_auto,q_auto:eco/images/ntl/ntl00466/r/64.jpg",
"Mason Natural, Calcium Magnesium & Zinc, 100 Tablets","₨1,827.92","https://cloudinary.images-iherb.com/image/upload/f_auto,q_auto:eco/images/mav/mav09681/r/38.jpg,https://cloudinary.images-iherb.com/image/upload/f_auto,q_auto:eco/images/mav/mav09681/r/44.jpg,https://cloudinary.images-iherb.com/image/upload/w_240/f_auto,q_auto:eco/images/cms/banners/dPDP_Authenticity_Graphic2_2025_009en-us.jpg,https://cloudinary.images-iherb.com/image/upload/w_240/f_auto,q_auto:eco/images/cms/banners/dPDP_Fresh_Graphic2_2025_003en-us.jpg,https://cloudinary.images-iherb.com/image/upload/f_auto,q_auto:eco/images/mav/mav09681/r/38.jpg",
"Olympian Labs, Melatonin, Alcohol Free, Grape, 1 mg, 2 oz (60 ml)","₨3,082.68","https://cloudinary.images-iherb.com/image/upload/f_auto,q_auto:eco/images/oly/oly91097/r/51.jpg,https://cloudinary.images-iherb.com/image/upload/f_auto,q_auto:eco/images/oly/oly91097/r/56.jpg,https://cloudinary.images-iherb.com/image/upload/w_240/f_auto,q_auto:eco/images/cms/banners/dPDP_Authenticity_Graphic2_2025_009en-us.jpg,https://cloudinary.images-iherb.com/image/upload/w_240/f_auto,q_auto:eco/images/cms/banners/dPDP_Fresh_Graphic2_2025_003en-us.jpg,https://img.youtube.com/vi/NlN1URa6Woc/0.jpg",
"Nature's Answer, Valerian Root Fluid Extract, Alcohol-Free, 1,000 mg, 2 fl oz (60 ml)","₨5,274.64","https://cloudinary.images-iherb.com/image/upload/f_auto,q_auto:eco/images/nta/nta00682/r/32.jpg,https://cloudinary.images-iherb.com/image/upload/f_auto,q_auto:eco/images/nta/nta00682/r/35.jpg,https://cloudinary.images-iherb.com/image/upload/w_240/f_auto,q_auto:eco/images/cms/banners/dPDP_Authenticity_Graphic2_2025_009en-us.jpg,https://cloudinary.images-iherb.com/image/upload/w_240/f_auto,q_auto:eco/images/cms/banners/dPDP_Fresh_Graphic2_2025_003en-us.jpg,https://cloudinary.images-iherb.com/image/upload/f_auto,q_auto:eco/images/nta/nta00682/r/32.jpg",
"Nature's Way, Chamomile Flower, 700 mg, 100 Vegan Capsules (350 mg per Capsule)","₨3,135.95","https://cloudinary.images-iherb.com/image/upload/f_auto,q_auto:eco/images/nwy/nwy11600/r/61.jpg,https://cloudinary.images-iherb.com/image/upload/f_auto,q_auto:eco/images/nwy/nwy11600/r/67.jpg,https://cloudinary.images-iherb.com/image/upload/w_240/f_auto,q_auto:eco/images/cms/banners/dPDP_Authenticity_Graphic2_2025_009en-us.jpg,https://cloudinary.images-iherb.com/image/upload/w_240/f_auto,q_auto:eco/images/cms/banners/dPDP_Fresh_Graphic2_2025_003en-us.jpg,https://cloudinary.images-iherb.com/image/upload/f_auto,q_auto:eco/images/nwy/nwy11600/r/61.jpg",
"Doctor's Best, High Absorption Magnesium Powder, Fruit Punch, 12.1 oz (340 g)",,"https://cloudinary.images-iherb.com/image/upload/f_auto,q_auto:eco/images/drb/drb00624/r/8.jpg,https://cloudinary.images-iherb.com/image/upload/f_auto,q_auto:eco/images/drb/drb00624/r/13.jpg,https://cloudinary.images-iherb.com/image/upload/w_240/f_auto,q_auto:eco/images/cms/banners/dPDP_Authenticity_Graphic2_2025_009en-us.jpg,https://cloudinary.images-iherb.com/image/upload/w_240/f_auto,q_auto:eco/images/cms/banners/dPDP_Fresh_Graphic2_2025_003en-us.jpg,https://cloudinary.images-iherb.com/image/upload/f_auto,q_auto:eco/images/drb/drb00624/r/8.jpg",
"New Chapter, Magnesium + Ashwagandha , 90 Vegan Tablets","₨11,127.76","https://cloudinary.images-iherb.com/image/upload/f_auto,q_auto:eco/images/ncr/ncr90404/r/15.jpg,https://cloudinary.images-iherb.com/image/upload/f_auto,q_auto:eco/images/ncr/ncr90404/r/14.jpg,https://cloudinary.images-iherb.com/image/upload/f_auto,q_auto:eco/images/ncr/ncr90404/r/16.jpg,https://cloudinary.images-iherb.com/image/upload/w_240/f_auto,q_auto:eco/images/cms/banners/dPDP_Authenticity_Graphic2_2025_009en-us.jpg,https://cloudinary.images-iherb.com/image/upload/w_240/f_auto,q_auto:eco/images/cms/banners/dPDP_Fresh_Graphic2_2025_003en-us.jpg",
"Best Naturals, Magnesium Citrate, 250 Tablets (200 mg per Tablet)","₨5,804.74","https://cloudinary.images-iherb.com/image/upload/f_auto,q_auto:eco/images/bnr/bnr01236/r/8.jpg,https://cloudinary.images-iherb.com/image/upload/f_auto,q_auto:eco/images/bnr/bnr01236/r/14.jpg,https://cloudinary.images-iherb.com/image/upload/w_240/f_auto,q_auto:eco/images/cms/banners/dPDP_Authenticity_Graphic2_2025_009en-us.jpg,https://cloudinary.images-iherb.com/image/upload/w_240/f_auto,q_auto:eco/images/cms/banners/dPDP_Fresh_Graphic2_2025_003en-us.jpg,https://cloudinary.images-iherb.com/image/upload/f_auto,q_auto:eco/images/bnr/bnr01236/r/8.jpg",
"Nature Made, Magnesium Citrate, 60 Softgels (125 mg per Softgel)","₨4,226.82","https://cloudinary.images-iherb.com/image/upload/f_auto,q_auto:eco/images/ndm/ndm02896/r/8.jpg,https://cloudinary.images-iherb.com/image/upload/f_auto,q_auto:eco/images/ndm/ndm02896/r/13.jpg,https://cloudinary.images-iherb.com/image/upload/w_240/f_auto,q_auto:eco/images/cms/banners/dPDP_Authenticity_Graphic2_2025_009en-us.jpg,https://cloudinary.images-iherb.com/image/upload/w_240/f_auto,q_auto:eco/images/cms/banners/dPDP_Fresh_Graphic2_2025_003en-us.jpg,https://cloudinary.images-iherb.com/image/upload/f_auto,q_auto:eco/images/ndm/ndm02896/r/8.jpg",
"Seeking Health, Magnesium Malate Chewable, 100 mg, 100 Chewable Tablets","₨5,161.83","https://cloudinary.images-iherb.com/image/upload/f_auto,q_auto:eco/images/skh/skh52065/r/72.jpg,https://cloudinary.images-iherb.com/image/upload/f_auto,q_auto:eco/images/skh/skh52065/r/77.jpg,https://cloudinary.images-iherb.com/image/upload/w_240/f_auto,q_auto:eco/images/cms/banners/dPDP_Authenticity_Graphic2_2025_009en-us.jpg,https://cloudinary.images-iherb.com/image/upload/w_240/f_auto,q_auto:eco/images/cms/banners/dPDP_Fresh_Graphic2_2025_003en-us.jpg,https://cloudinary.images-iherb.com/image/upload/f_auto,q_auto:eco/images/skh/skh52065/r/72.jpg",
"Futurebiotics, Magnesium Glycinate, 60 Vegetarian Capsules (100 mg per Capsule)","₨2,378.56","https://cloudinary.images-iherb.com/image/upload/f_auto,q_auto:eco/images/fbs/fbs50211/r/8.jpg,https://cloudinary.images-iherb.com/image/upload/f_auto,q_auto:eco/images/fbs/fbs50211/r/14.jpg,https://cloudinary.images-iherb.com/image/upload/w_240/f_auto,q_auto:eco/images/cms/banners/dPDP_Authenticity_Graphic2_2025_009en-us.jpg,https://cloudinary.images-iherb.com/image/upload/w_240/f_auto,q_auto:eco/images/cms/banners/dPDP_Fresh_Graphic2_2025_003en-us.jpg,https://cloudinary.images-iherb.com/image/upload/f_auto,q_auto:eco/images/fbs/fbs50211/r/8.jpg",
"Nature's Bounty, Magnesium Glycinate, High Absorption, 120 Capsules (120 mg per Capsule)",,"https://cloudinary.images-iherb.com/image/upload/f_auto,q_auto:eco/images/nrt/nrt01677/r/8.jpg,https://cloudinary.images-iherb.com/image/upload/f_auto,q_auto:eco/images/nrt/nrt01677/r/14.jpg,https://cloudinary.images-iherb.com/image/upload/w_240/f_auto,q_auto:eco/images/cms/banners/dPDP_Authenticity_Graphic2_2025_009en-us.jpg,https://cloudinary.images-iherb.com/image/upload/w_240/f_auto,q_auto:eco/images/cms/banners/dPDP_Fresh_Graphic2_2025_003en-us.jpg,https://cloudinary.images-iherb.com/image/upload/f_auto,q_auto:eco/images/nrt/nrt01677/r/8.jpg",
"Metagenics, Magnesium Glycinate, 100 mg, 240 Tablets","₨17,153.15","https://cloudinary.images-iherb.com/image/upload/f_auto,q_auto:eco/images/mtg/mtg91020/r/25.jpg,https://cloudinary.images-iherb.com/image/upload/f_auto,q_auto:eco/images/mtg/mtg91020/r/30.jpg,https://cloudinary.images-iherb.com/image/upload/w_240/f_auto,q_auto:eco/images/cms/banners/dPDP_Authenticity_Graphic2_2025_009en-us.jpg,https://cloudinary.images-iherb.com/image/upload/w_240/f_auto,q_auto:eco/images/cms/banners/dPDP_Fresh_Graphic2_2025_003en-us.jpg,https://cloudinary.images-iherb.com/image/upload/f_auto,q_auto:eco/images/mtg/mtg91020/r/33.jpg",
"Natrol, Sleep & Restore, Melatonin Free, 60 Capsules","₨6,358.85","https://cloudinary.images-iherb.com/image/upload/f_auto,q_auto:eco/images/ntl/ntl08352/r/8.jpg,https://cloudinary.images-iherb.com/image/upload/f_auto,q_auto:eco/images/ntl/ntl08352/r/14.jpg,https://cloudinary.images-iherb.com/image/upload/w_240/f_auto,q_auto:eco/images/cms/banners/dPDP_Authenticity_Graphic2_2025_009en-us.jpg,https://cloudinary.images-iherb.com/image/upload/w_240/f_auto,q_auto:eco/images/cms/banners/dPDP_Fresh_Graphic2_2025_003en-us.jpg,https://cloudinary.images-iherb.com/image/upload/f_auto,q_auto:eco/images/ntl/ntl08352/r/8.jpg",
"Life Extension, Herbal Sleep PM, 30 Vegetarian Capsules","₨5,463.63","https://cloudinary.images-iherb.com/image/upload/f_auto,q_auto:eco/images/lex/lex23083/r/49.jpg,https://cloudinary.images-iherb.com/image/upload/f_auto,q_auto:eco/images/lex/lex23083/r/51.jpg,https://cloudinary.images-iherb.com/image/upload/w_240/f_auto,q_auto:eco/images/cms/banners/dPDP_Authenticity_Graphic2_2025_009en-us.jpg,https://cloudinary.images-iherb.com/image/upload/w_240/f_auto,q_auto:eco/images/cms/banners/dPDP_Fresh_Graphic2_2025_003en-us.jpg,https://cloudinary.images-iherb.com/image/upload/f_auto,q_auto:eco/images/lex/lex23083/r/49.jpg",
"Life Extension, Melatonin IR/XR, 60 Capsules (1.5 mg per Capsule)",,"https://cloudinary.images-iherb.com/image/upload/f_auto,q_auto:eco/images/lex/lex22016/r/80.jpg,https://cloudinary.images-iherb.com/image/upload/f_auto,q_auto:eco/images/lex/lex22016/r/86.jpg,https://cloudinary.images-iherb.com/image/upload/w_240/f_auto,q_auto:eco/images/cms/banners/dPDP_Authenticity_Graphic2_2025_009en-us.jpg,https://cloudinary.images-iherb.com/image/upload/w_240/f_auto,q_auto:eco/images/cms/banners/dPDP_Fresh_Graphic2_2025_003en-us.jpg,https://cloudinary.images-iherb.com/image/upload/f_auto,q_auto:eco/images/lex/lex22016/r/80.jpg",
"Kirkman Labs, Magnesium Bisglycinate Chelate, 100 mg, 250 Capsules","₨14,864.54","https://cloudinary.images-iherb.com/image/upload/f_auto,q_auto:eco/images/kim/kim02053/r/63.jpg,https://cloudinary.images-iherb.com/image/upload/f_auto,q_auto:eco/images/kim/kim02053/r/66.jpg,https://cloudinary.images-iherb.com/image/upload/w_240/f_auto,q_auto:eco/images/cms/banners/dPDP_Authenticity_Graphic2_2025_009en-us.jpg,https://cloudinary.images-iherb.com/image/upload/w_240/f_auto,q_auto:eco/images/cms/banners/dPDP_Fresh_Graphic2_2025_003en-us.jpg,https://cloudinary.images-iherb.com/image/upload/f_auto,q_auto:eco/images/kim/kim02053/r/63.jpg",
"NATURELO, Melatonin Gummies, For Kids, Strawberry, 1 mg, 60 Vegetarian Gummies","₨5,374.82","https://cloudinary.images-iherb.com/image/upload/f_auto,q_auto:eco/images/nau/nau62863/r/27.jpg,https://cloudinary.images-iherb.com/image/upload/f_auto,q_auto:eco/images/nau/nau62863/r/33.jpg,https://cloudinary.images-iherb.com/image/upload/w_240/f_auto,q_auto:eco/images/cms/banners/dPDP_Authenticity_Graphic2_2025_009en-us.jpg,https://cloudinary.images-iherb.com/image/upload/w_240/f_auto,q_auto:eco/images/cms/banners/dPDP_Fresh_Graphic2_2025_003en-us.jpg,https://cloudinary.images-iherb.com/image/upload/f_auto,q_auto:eco/images/nau/nau62863/r/27.jpg",
"Natural Factors, Stress-Relax, Melatonin, 1 mg, 180 Chewable Tablets","₨2,167.73","https://cloudinary.images-iherb.com/image/upload/f_auto,q_auto:eco/images/nfs/nfs02714/r/37.jpg,https://cloudinary.images-iherb.com/image/upload/f_auto,q_auto:eco/images/nfs/nfs02714/r/40.jpg,https://cloudinary.images-iherb.com/image/upload/w_240/f_auto,q_auto:eco/images/cms/banners/dPDP_Authenticity_Graphic2_2025_009en-us.jpg,https://cloudinary.images-iherb.com/image/upload/w_240/f_auto,q_auto:eco/images/cms/banners/dPDP_Fresh_Graphic2_2025_003en-us.jpg,https://cloudinary.images-iherb.com/image/upload/f_auto,q_auto:eco/images/nfs/nfs02714/r/37.jpg",
"KAL, Stress B Mag Glycinate, 60 VegCaps","₨2,417.11","https://cloudinary.images-iherb.com/image/upload/f_auto,q_auto:eco/images/cal/cal89160/r/24.jpg,https://cloudinary.images-iherb.com/image/upload/f_auto,q_auto:eco/images/cal/cal89160/r/29.jpg,https://cloudinary.images-iherb.com/image/upload/w_240/f_auto,q_auto:eco/images/cms/banners/dPDP_Authenticity_Graphic2_2025_009en-us.jpg,https://cloudinary.images-iherb.com/image/upload/w_240/f_auto,q_auto:eco/images/cms/banners/dPDP_Fresh_Graphic2_2025_003en-us.jpg,https://cloudinary.images-iherb.com/image/upload/f_auto,q_auto:eco/images/cal/cal89160/r/24.jpg",
"Hyland's Naturals, Calms Forté®, 100 Tablets","₨3,847.29","https://cloudinary.images-iherb.com/image/upload/f_auto,q_auto:eco/images/hyl/hyl32577/r/26.jpg,https://cloudinary.images-iherb.com/image/upload/f_auto,q_auto:eco/images/hyl/hyl32577/r/28.jpg,https://cloudinary.images-iherb.com/image/upload/f_auto,q_auto:eco/images/hyl/hyl32577/r/15.jpg,https://cloudinary.images-iherb.com/image/upload/w_240/f_auto,q_auto:eco/images/cms/banners/dPDP_Authenticity_Graphic2_2025_009en-us.jpg,https://cloudinary.images-iherb.com/image/upload/w_240/f_auto,q_auto:eco/images/cms/banners/dPDP_Fresh_Graphic2_2025_003en-us.jpg",
"Maxi Health, Mel-O-Chew™, Natural Berry , 3 mg , 100 Chewies","₨4,240.06","https://cloudinary.images-iherb.com/image/upload/f_auto,q_auto:eco/images/mxt/mxt36310/r/8.jpg,https://cloudinary.images-iherb.com/image/upload/f_auto,q_auto:eco/images/mxt/mxt36310/r/13.jpg,https://cloudinary.images-iherb.com/image/upload/w_240/f_auto,q_auto:eco/images/cms/banners/dPDP_Authenticity_Graphic2_2025_009en-us.jpg,https://cloudinary.images-iherb.com/image/upload/w_240/f_auto,q_auto:eco/images/cms/banners/dPDP_Fresh_Graphic2_2025_003en-us.jpg,https://cloudinary.images-iherb.com/image/upload/f_auto,q_auto:eco/images/mxt/mxt36310/r/8.jpg",
"Seeking Health, Magnesium Plus with Vitamin B6, 100 Capsules","₨6,935.16","https://cloudinary.images-iherb.com/image/upload/f_auto,q_auto:eco/images/skh/skh52068/r/40.jpg,https://cloudinary.images-iherb.com/image/upload/f_auto,q_auto:eco/images/skh/skh52068/r/45.jpg,https://cloudinary.images-iherb.com/image/upload/w_240/f_auto,q_auto:eco/images/cms/banners/dPDP_Authenticity_Graphic2_2025_009en-us.jpg,https://cloudinary.images-iherb.com/image/upload/w_240/f_auto,q_auto:eco/images/cms/banners/dPDP_Fresh_Graphic2_2025_003en-us.jpg,https://cloudinary.images-iherb.com/image/upload/f_auto,q_auto:eco/images/skh/skh52068/r/40.jpg",
"Life Extension, Neuro-Mag®, Magnesium L-Threonate, Natural Orange, 60 Gummies","₨10,108.58","https://cloudinary.images-iherb.com/image/upload/f_auto,q_auto:eco/images/lex/lex25206/r/24.jpg,https://cloudinary.images-iherb.com/image/upload/f_auto,q_auto:eco/images/lex/lex25206/r/30.jpg,https://cloudinary.images-iherb.com/image/upload/w_240/f_auto,q_auto:eco/images/cms/banners/dPDP_Authenticity_Graphic2_2025_009en-us.jpg,https://cloudinary.images-iherb.com/image/upload/w_240/f_auto,q_auto:eco/images/cms/banners/dPDP_Fresh_Graphic2_2025_003en-us.jpg,https://cloudinary.images-iherb.com/image/upload/f_auto,q_auto:eco/images/lex/lex25206/r/24.jpg",
"Solgar, Melatonin, 3 mg, 120 Nuggets","₨2,704.17","https://cloudinary.images-iherb.com/image/upload/f_auto,q_auto:eco/images/sol/sol01935/r/87.jpg,https://cloudinary.images-iherb.com/image/upload/f_auto,q_auto:eco/images/sol/sol01935/r/93.jpg,https://cloudinary.images-iherb.com/image/upload/w_240/f_auto,q_auto:eco/images/cms/banners/dPDP_Authenticity_Graphic2_2025_009en-us.jpg,https://cloudinary.images-iherb.com/image/upload/w_240/f_auto,q_auto:eco/images/cms/banners/dPDP_Fresh_Graphic2_2025_003en-us.jpg,https://cloudinary.images-iherb.com/image/upload/f_auto,q_auto:eco/images/sol/sol01935/r/87.jpg",
"Goli Nutrition, Sleep, 50 Gummies","₨5,068.86","https://cloudinary.images-iherb.com/image/upload/f_auto,q_auto:eco/images/goi/goi40399/r/8.jpg,https://cloudinary.images-iherb.com/image/upload/f_auto,q_auto:eco/images/goi/goi40399/r/14.jpg,https://cloudinary.images-iherb.com/image/upload/w_240/f_auto,q_auto:eco/images/cms/banners/dPDP_Authenticity_Graphic2_2025_009en-us.jpg,https://cloudinary.images-iherb.com/image/upload/w_240/f_auto,q_auto:eco/images/cms/banners/dPDP_Fresh_Graphic2_2025_003en-us.jpg,https://cloudinary.images-iherb.com/image/upload/f_auto,q_auto:eco/images/goi/goi40399/r/8.jpg",
"Metagenics, Magnesium L-Threonate, Brain Health, 120 Capsules","₨20,994.40","https://cloudinary.images-iherb.com/image/upload/f_auto,q_auto:eco/images/mtg/mtg94872/r/43.jpg,https://cloudinary.images-iherb.com/image/upload/f_auto,q_auto:eco/images/mtg/mtg94872/r/48.jpg,https://cloudinary.images-iherb.com/image/upload/w_240/f_auto,q_auto:eco/images/cms/banners/dPDP_Authenticity_Graphic2_2025_009en-us.jpg,https://cloudinary.images-iherb.com/image/upload/w_240/f_auto,q_auto:eco/images/cms/banners/dPDP_Fresh_Graphic2_2025_003en-us.jpg,https://cloudinary.images-iherb.com/image/upload/f_auto,q_auto:eco/images/mtg/mtg94872/r/16.jpg",
"Nutricost, 5-HTP, 200 mg, 60 Capsules","₨3,272.20","https://cloudinary.images-iherb.com/image/upload/f_auto,q_auto:eco/images/ncs/ncs67513/r/8.jpg,https://cloudinary.images-iherb.com/image/upload/f_auto,q_auto:eco/images/ncs/ncs67513/r/11.jpg,https://cloudinary.images-iherb.com/image/upload/w_240/f_auto,q_auto:eco/images/cms/banners/dPDP_Authenticity_Graphic2_2025_009en-us.jpg,https://cloudinary.images-iherb.com/image/upload/w_240/f_auto,q_auto:eco/images/cms/banners/dPDP_Fresh_Graphic2_2025_003en-us.jpg,https://cloudinary.images-iherb.com/image/upload/f_auto,q_auto:eco/images/ncs/ncs67513/r/8.jpg",
"Terry Naturally, AnxioCalm, 45 Tablets","₨8,793.43","https://cloudinary.images-iherb.com/image/upload/f_auto,q_auto:eco/images/eur/eur41004/r/49.jpg,https://cloudinary.images-iherb.com/image/upload/f_auto,q_auto:eco/images/eur/eur41004/r/54.jpg,https://cloudinary.images-iherb.com/image/upload/w_240/f_auto,q_auto:eco/images/cms/banners/dPDP_Authenticity_Graphic2_2025_009en-us.jpg,https://cloudinary.images-iherb.com/image/upload/w_240/f_auto,q_auto:eco/images/cms/banners/dPDP_Fresh_Graphic2_2025_003en-us.jpg,https://cloudinary.images-iherb.com/image/upload/f_auto,q_auto:eco/images/eur/eur41004/r/49.jpg",
"Vitamatic, Melatonin Gummies, Natural Strawberry, 30 mg, 60 Gummies","₨4,336.21","https://cloudinary.images-iherb.com/image/upload/f_auto,q_auto:eco/images/vmc/vmc47258/r/20.jpg,https://cloudinary.images-iherb.com/image/upload/f_auto,q_auto:eco/images/vmc/vmc47258/r/21.jpg,https://cloudinary.images-iherb.com/image/upload/w_240/f_auto,q_auto:eco/images/cms/banners/dPDP_Authenticity_Graphic2_2025_009en-us.jpg,https://cloudinary.images-iherb.com/image/upload/w_240/f_auto,q_auto:eco/images/cms/banners/dPDP_Fresh_Graphic2_2025_003en-us.jpg,https://cloudinary.images-iherb.com/image/upload/f_auto,q_auto:eco/images/vmc/vmc47258/r/20.jpg",
"Bluebonnet Nutrition, Magnesium Glycinate, 120 Vegetable Capsules (100 mg per Capsule)","₨7,326.23","https://cloudinary.images-iherb.com/image/upload/f_auto,q_auto:eco/images/blb/blb00749/r/8.jpg,https://cloudinary.images-iherb.com/image/upload/f_auto,q_auto:eco/images/blb/blb00749/r/14.jpg,https://cloudinary.images-iherb.com/image/upload/w_240/f_auto,q_auto:eco/images/cms/banners/dPDP_Authenticity_Graphic2_2025_009en-us.jpg,https://cloudinary.images-iherb.com/image/upload/w_240/f_auto,q_auto:eco/images/cms/banners/dPDP_Fresh_Graphic2_2025_003en-us.jpg,https://cloudinary.images-iherb.com/image/upload/f_auto,q_auto:eco/images/blb/blb00749/r/8.jpg",
"Natrol, Kids, Melatonin, Ages 4+, Strawberry, 30 Tablets","₨2,945.91","https://cloudinary.images-iherb.com/image/upload/f_auto,q_auto:eco/images/ntl/ntl07697/r/88.jpg,https://cloudinary.images-iherb.com/image/upload/f_auto,q_auto:eco/images/ntl/ntl07697/r/90.jpg,https://cloudinary.images-iherb.com/image/upload/f_auto,q_auto:eco/images/ntl/ntl07697/r/80.jpg,https://cloudinary.images-iherb.com/image/upload/w_240/f_auto,q_auto:eco/images/cms/banners/dPDP_Authenticity_Graphic2_2025_009en-us.jpg,https://cloudinary.images-iherb.com/image/upload/w_240/f_auto,q_auto:eco/images/cms/banners/dPDP_Fresh_Graphic2_2025_003en-us.jpg",
"Swanson, Magnesium Oxide, 500 mg , 100 Capsules","₨2,500.66","https://cloudinary.images-iherb.com/image/upload/f_auto,q_auto:eco/images/swv/swv11817/r/24.jpg,https://cloudinary.images-iherb.com/image/upload/f_auto,q_auto:eco/images/swv/swv11817/r/30.jpg,https://cloudinary.images-iherb.com/image/upload/w_240/f_auto,q_auto:eco/images/cms/banners/dPDP_Authenticity_Graphic2_2025_009en-us.jpg,https://cloudinary.images-iherb.com/image/upload/w_240/f_auto,q_auto:eco/images/cms/banners/dPDP_Fresh_Graphic2_2025_003en-us.jpg,https://cloudinary.images-iherb.com/image/upload/f_auto,q_auto:eco/images/swv/swv11817/r/24.jpg",
"Frontier Co-op, Cut & Sifted Valerian Root, 16 oz (453 g)",,"https://cloudinary.images-iherb.com/image/upload/f_auto,q_auto:eco/images/fro/fro00670/r/13.jpg,https://cloudinary.images-iherb.com/image/upload/f_auto,q_auto:eco/images/fro/fro00670/r/11.jpg,https://cloudinary.images-iherb.com/image/upload/w_240/f_auto,q_auto:eco/images/cms/banners/dPDP_Authenticity_Graphic2_2025_009en-us.jpg,https://cloudinary.images-iherb.com/image/upload/w_240/f_auto,q_auto:eco/images/cms/banners/dPDP_Fresh_Graphic2_2025_003en-us.jpg,https://cloudinary.images-iherb.com/image/upload/f_auto,q_auto:eco/images/fro/fro00670/r/13.jpg",
"Natrol, Melatonin, 3 mg, 240 Tablets","₨6,163.90","https://cloudinary.images-iherb.com/image/upload/f_auto,q_auto:eco/images/ntl/ntl16068/r/83.jpg,https://cloudinary.images-iherb.com/image/upload/f_auto,q_auto:eco/images/ntl/ntl16068/r/88.jpg,https://cloudinary.images-iherb.com/image/upload/w_240/f_auto,q_auto:eco/images/cms/banners/dPDP_Authenticity_Graphic2_2025_009en-us.jpg,https://cloudinary.images-iherb.com/image/upload/w_240/f_auto,q_auto:eco/images/cms/banners/dPDP_Fresh_Graphic2_2025_003en-us.jpg,https://img.youtube.com/vi/ifL09NlJFDE/0.jpg",
"Country Life, Chelated Magnesium, 250 mg, 180 Tablets","₨5,127.55","https://cloudinary.images-iherb.com/image/upload/f_auto,q_auto:eco/images/clf/clf02686/r/36.jpg,https://cloudinary.images-iherb.com/image/upload/f_auto,q_auto:eco/images/clf/clf02686/r/39.jpg,https://cloudinary.images-iherb.com/image/upload/w_240/f_auto,q_auto:eco/images/cms/banners/dPDP_Authenticity_Graphic2_2025_009en-us.jpg,https://cloudinary.images-iherb.com/image/upload/w_240/f_auto,q_auto:eco/images/cms/banners/dPDP_Fresh_Graphic2_2025_003en-us.jpg,https://cloudinary.images-iherb.com/image/upload/f_auto,q_auto:eco/images/clf/clf02686/r/36.jpg",
"Codeage, Liposomal Magnesium Glycinate, 120 Vegetable Capsules","₨8,669.53","https://cloudinary.images-iherb.com/image/upload/f_auto,q_auto:eco/images/age/age33371/r/48.jpg,https://cloudinary.images-iherb.com/image/upload/f_auto,q_auto:eco/images/age/age33371/r/53.jpg,https://cloudinary.images-iherb.com/image/upload/w_240/f_auto,q_auto:eco/images/cms/banners/dPDP_Authenticity_Graphic2_2025_009en-us.jpg,https://cloudinary.images-iherb.com/image/upload/w_240/f_auto,q_auto:eco/images/cms/banners/dPDP_Fresh_Graphic2_2025_003en-us.jpg,https://cloudinary.images-iherb.com/image/upload/f_auto,q_auto:eco/images/age/age33371/r/48.jpg",
"Natural Vitality, CALM® Sleep, Magnesium Supplement Drink Mix, Mixed Berry, 6 oz (170 g)","₨7,134.28","https://cloudinary.images-iherb.com/image/upload/f_auto,q_auto:eco/images/ptg/ptg00226/r/46.jpg,https://cloudinary.images-iherb.com/image/upload/f_auto,q_auto:eco/images/ptg/ptg00226/r/51.jpg,https://cloudinary.images-iherb.com/image/upload/w_240/f_auto,q_auto:eco/images/cms/banners/dPDP_Authenticity_Graphic2_2025_009en-us.jpg,https://cloudinary.images-iherb.com/image/upload/w_240/f_auto,q_auto:eco/images/cms/banners/dPDP_Fresh_Graphic2_2025_003en-us.jpg,https://cloudinary.images-iherb.com/image/upload/f_auto,q_auto:eco/images/ptg/ptg00226/r/46.jpg",
"Nutricost, Melatonin, 5 mg , 240 Capsules","₨2,909.31","https://cloudinary.images-iherb.com/image/upload/f_auto,q_auto:eco/images/ncs/ncs57294/r/8.jpg,https://cloudinary.images-iherb.com/image/upload/f_auto,q_auto:eco/images/ncs/ncs57294/r/11.jpg,https://cloudinary.images-iherb.com/image/upload/w_240/f_auto,q_auto:eco/images/cms/banners/dPDP_Authenticity_Graphic2_2025_009en-us.jpg,https://cloudinary.images-iherb.com/image/upload/w_240/f_auto,q_auto:eco/images/cms/banners/dPDP_Fresh_Graphic2_2025_003en-us.jpg,https://cloudinary.images-iherb.com/image/upload/f_auto,q_auto:eco/images/ncs/ncs57294/r/8.jpg",
"Nutricost, Magtein®, Magnesium L-Threonate, 120 Capsules (666 mg per Capsule)","₨16,200.09","https://cloudinary.images-iherb.com/image/upload/f_auto,q_auto:eco/images/ncs/ncs67393/r/8.jpg,https://cloudinary.images-iherb.com/image/upload/f_auto,q_auto:eco/images/ncs/ncs67393/r/13.jpg,https://cloudinary.images-iherb.com/image/upload/w_240/f_auto,q_auto:eco/images/cms/banners/dPDP_Authenticity_Graphic2_2025_009en-us.jpg,https://cloudinary.images-iherb.com/image/upload/w_240/f_auto,q_auto:eco/images/cms/banners/dPDP_Fresh_Graphic2_2025_003en-us.jpg,https://cloudinary.images-iherb.com/image/upload/f_auto,q_auto:eco/images/ncs/ncs67393/r/8.jpg",
"Seeking Health, Magnesium Glycinate, 6.61 oz (187.5 g)","₨8,445.32","https://cloudinary.images-iherb.com/image/upload/f_auto,q_auto:eco/images/skh/skh52999/r/24.jpg,https://cloudinary.images-iherb.com/image/upload/f_auto,q_auto:eco/images/skh/skh52999/r/29.jpg,https://cloudinary.images-iherb.com/image/upload/w_240/f_auto,q_auto:eco/images/cms/banners/dPDP_Authenticity_Graphic2_2025_009en-us.jpg,https://cloudinary.images-iherb.com/image/upload/w_240/f_auto,q_auto:eco/images/cms/banners/dPDP_Fresh_Graphic2_2025_003en-us.jpg,https://cloudinary.images-iherb.com/image/upload/f_auto,q_auto:eco/images/skh/skh52999/r/24.jpg",
"EVLution Nutrition, Magnesium + L-Theanine, Pink Lemonade, 3.17 oz (90 g)",,"https://cloudinary.images-iherb.com/image/upload/f_auto,q_auto:eco/images/evl/evl10045/r/8.jpg,https://cloudinary.images-iherb.com/image/upload/f_auto,q_auto:eco/images/evl/evl10045/r/14.jpg,https://cloudinary.images-iherb.com/image/upload/w_240/f_auto,q_auto:eco/images/cms/banners/dPDP_Authenticity_Graphic2_2025_009en-us.jpg,https://cloudinary.images-iherb.com/image/upload/w_240/f_auto,q_auto:eco/images/cms/banners/dPDP_Fresh_Graphic2_2025_003en-us.jpg,https://cloudinary.images-iherb.com/image/upload/f_auto,q_auto:eco/images/evl/evl10045/r/16.jpg",
"KAL, Melatonin, Natural Raspberry, 3 mg, 1.85 fl oz (55 ml)","₨3,145.21","https://cloudinary.images-iherb.com/image/upload/f_auto,q_auto:eco/images/cal/cal97035/r/46.jpg,https://cloudinary.images-iherb.com/image/upload/f_auto,q_auto:eco/images/cal/cal97035/r/54.jpg,https://cloudinary.images-iherb.com/image/upload/w_240/f_auto,q_auto:eco/images/cms/banners/dPDP_Authenticity_Graphic2_2025_009en-us.jpg,https://cloudinary.images-iherb.com/image/upload/w_240/f_auto,q_auto:eco/images/cms/banners/dPDP_Fresh_Graphic2_2025_003en-us.jpg,https://cloudinary.images-iherb.com/image/upload/f_auto,q_auto:eco/images/cal/cal97035/r/46.jpg",
"Vitamatic, Liquid Melatonin, Natural Berry, 20 mg, 2 fl oz (59 ml)","₨3,305.93","https://cloudinary.images-iherb.com/image/upload/f_auto,q_auto:eco/images/vmc/vmc47273/r/40.jpg,https://cloudinary.images-iherb.com/image/upload/f_auto,q_auto:eco/images/vmc/vmc47273/r/45.jpg,https://cloudinary.images-iherb.com/image/upload/w_240/f_auto,q_auto:eco/images/cms/banners/dPDP_Authenticity_Graphic2_2025_009en-us.jpg,https://cloudinary.images-iherb.com/image/upload/w_240/f_auto,q_auto:eco/images/cms/banners/dPDP_Fresh_Graphic2_2025_003en-us.jpg,https://cloudinary.images-iherb.com/image/upload/f_auto,q_auto:eco/images/vmc/vmc47273/r/40.jpg",
"Source Naturals, Magnesium Malate, 100 Capsules","₨2,722.91","https://cloudinary.images-iherb.com/image/upload/f_auto,q_auto:eco/images/sns/sns01599/r/8.jpg,https://cloudinary.images-iherb.com/image/upload/f_auto,q_auto:eco/images/sns/sns01599/r/13.jpg,https://cloudinary.images-iherb.com/image/upload/w_240/f_auto,q_auto:eco/images/cms/banners/dPDP_Authenticity_Graphic2_2025_009en-us.jpg,https://cloudinary.images-iherb.com/image/upload/w_240/f_auto,q_auto:eco/images/cms/banners/dPDP_Fresh_Graphic2_2025_003en-us.jpg,https://cloudinary.images-iherb.com/image/upload/f_auto,q_auto:eco/images/sns/sns01599/r/8.jpg",
"Trace, Ionic Magnesium, 2 fl oz (59 ml)","₨4,290.21","https://cloudinary.images-iherb.com/image/upload/f_auto,q_auto:eco/images/tmr/tmr00017/r/58.jpg,https://cloudinary.images-iherb.com/image/upload/f_auto,q_auto:eco/images/tmr/tmr00017/r/64.jpg,https://cloudinary.images-iherb.com/image/upload/w_240/f_auto,q_auto:eco/images/cms/banners/dPDP_Authenticity_Graphic2_2025_009en-us.jpg,https://cloudinary.images-iherb.com/image/upload/w_240/f_auto,q_auto:eco/images/cms/banners/dPDP_Fresh_Graphic2_2025_003en-us.jpg,https://cloudinary.images-iherb.com/image/upload/f_auto,q_auto:eco/images/tmr/tmr00017/r/58.jpg",
"California Gold Nutrition, EuroHerbs™, Passion Flower Extract, Euromed Quality, 250 mg, 60 Veggie Capsules","₨2,768.24","https://cloudinary.images-iherb.com/image/upload/f_auto,q_auto:eco/images/cgn/cgn01115/r/114.jpg,https://cloudinary.images-iherb.com/image/upload/f_auto,q_auto:eco/images/cgn/cgn01115/r/119.jpg,https://cloudinary.images-iherb.com/image/upload/f_auto,q_auto:eco/images/cgn/cgn01115/r/122.jpg,https://cloudinary.images-iherb.com/image/upload/f_auto,q_auto:eco/images/cgn/cgn01115/r/105.jpg,https://cloudinary.images-iherb.com/image/upload/f_auto,q_auto:eco/images/cgn/cgn01115/r/85.jpg",
"Solgar, Melatonin, 5 mg, 120 Nuggets","₨4,478.05","https://cloudinary.images-iherb.com/image/upload/f_auto,q_auto:eco/images/sol/sol01937/r/55.jpg,https://cloudinary.images-iherb.com/image/upload/f_auto,q_auto:eco/images/sol/sol01937/r/61.jpg,https://cloudinary.images-iherb.com/image/upload/w_240/f_auto,q_auto:eco/images/cms/banners/dPDP_Authenticity_Graphic2_2025_009en-us.jpg,https://cloudinary.images-iherb.com/image/upload/w_240/f_auto,q_auto:eco/images/cms/banners/dPDP_Fresh_Graphic2_2025_003en-us.jpg,https://cloudinary.images-iherb.com/image/upload/f_auto,q_auto:eco/images/sol/sol01937/r/55.jpg",
"Superior Source, Melatonin, 25 mg, 60 MicroLingual® Instant Dissolve Tablets","₨5,786.27","https://cloudinary.images-iherb.com/image/upload/f_auto,q_auto:eco/images/sps/sps92100/r/44.jpg,https://cloudinary.images-iherb.com/image/upload/f_auto,q_auto:eco/images/sps/sps92100/r/45.jpg,https://cloudinary.images-iherb.com/image/upload/f_auto,q_auto:eco/images/sps/sps92100/r/36.jpg,https://cloudinary.images-iherb.com/image/upload/w_240/f_auto,q_auto:eco/images/cms/banners/dPDP_Authenticity_Graphic2_2025_009en-us.jpg,https://cloudinary.images-iherb.com/image/upload/w_240/f_auto,q_auto:eco/images/cms/banners/dPDP_Fresh_Graphic2_2025_003en-us.jpg",
"Natural Factors, Stess-Relax®, Nighttime Magnesium Glycinate With Melatonin, GABA & L-Theanine, 60 Capsules","₨4,965.25","https://cloudinary.images-iherb.com/image/upload/f_auto,q_auto:eco/images/nfs/nfs03530/r/8.jpg,https://cloudinary.images-iherb.com/image/upload/f_auto,q_auto:eco/images/nfs/nfs03530/r/13.jpg,https://cloudinary.images-iherb.com/image/upload/w_240/f_auto,q_auto:eco/images/cms/banners/dPDP_Authenticity_Graphic2_2025_009en-us.jpg,https://cloudinary.images-iherb.com/image/upload/w_240/f_auto,q_auto:eco/images/cms/banners/dPDP_Fresh_Graphic2_2025_003en-us.jpg,https://cloudinary.images-iherb.com/image/upload/f_auto,q_auto:eco/images/nfs/nfs03530/r/8.jpg",
"Source Naturals, Ultra-Mag™, 60 Tablets",,"https://cloudinary.images-iherb.com/image/upload/f_auto,q_auto:eco/images/sns/sns00802/r/8.jpg,https://cloudinary.images-iherb.com/image/upload/f_auto,q_auto:eco/images/sns/sns00802/r/14.jpg,https://cloudinary.images-iherb.com/image/upload/w_240/f_auto,q_auto:eco/images/cms/banners/dPDP_Authenticity_Graphic2_2025_009en-us.jpg,https://cloudinary.images-iherb.com/image/upload/w_240/f_auto,q_auto:eco/images/cms/banners/dPDP_Fresh_Graphic2_2025_003en-us.jpg,https://cloudinary.images-iherb.com/image/upload/f_auto,q_auto:eco/images/sns/sns00802/r/8.jpg",
"Solaray, Magnesium, 200 mg, 100 VegCaps","₨2,741.41","https://cloudinary.images-iherb.com/image/upload/f_auto,q_auto:eco/images/sor/sor04630/r/57.jpg,https://cloudinary.images-iherb.com/image/upload/f_auto,q_auto:eco/images/sor/sor04630/r/65.jpg,https://cloudinary.images-iherb.com/image/upload/w_240/f_auto,q_auto:eco/images/cms/banners/dPDP_Authenticity_Graphic2_2025_009en-us.jpg,https://cloudinary.images-iherb.com/image/upload/w_240/f_auto,q_auto:eco/images/cms/banners/dPDP_Fresh_Graphic2_2025_003en-us.jpg,https://cloudinary.images-iherb.com/image/upload/f_auto,q_auto:eco/images/sor/sor04630/r/57.jpg",
"Nature's Bounty, Gold Series, Sleep 3, Maximum Strength, 30 Tri-Layered Tablets",,"https://cloudinary.images-iherb.com/image/upload/f_auto,q_auto:eco/images/nrt/nrt00525/r/15.jpg,https://cloudinary.images-iherb.com/image/upload/f_auto,q_auto:eco/images/nrt/nrt00525/r/26.jpg,https://cloudinary.images-iherb.com/image/upload/w_240/f_auto,q_auto:eco/images/cms/banners/dPDP_Authenticity_Graphic2_2025_009en-us.jpg,https://cloudinary.images-iherb.com/image/upload/w_240/f_auto,q_auto:eco/images/cms/banners/dPDP_Fresh_Graphic2_2025_003en-us.jpg,https://cloudinary.images-iherb.com/image/upload/f_auto,q_auto:eco/images/nrt/nrt00525/r/15.jpg",
"Life-flo, Magnesium Oil Sport Spray, 8 fl oz (237 ml)","₨4,254.34","https://cloudinary.images-iherb.com/image/upload/f_auto,q_auto:eco/images/lfh/lfh83663/r/17.jpg,https://cloudinary.images-iherb.com/image/upload/f_auto,q_auto:eco/images/lfh/lfh83663/r/21.jpg,https://cloudinary.images-iherb.com/image/upload/w_240/f_auto,q_auto:eco/images/cms/banners/dPDP_Authenticity_Graphic2_2025_009en-us.jpg,https://cloudinary.images-iherb.com/image/upload/w_240/f_auto,q_auto:eco/images/cms/banners/dPDP_Fresh_Graphic2_2025_003en-us.jpg,https://cloudinary.images-iherb.com/image/upload/f_auto,q_auto:eco/images/lfh/lfh83663/r/17.jpg",
"Nature's Craft, Magnesium Sleeplex, Melatonin-Free, 90 Capsules","₨10,263.76","https://cloudinary.images-iherb.com/image/upload/f_auto,q_auto:eco/images/nca/nca63987/r/8.jpg,https://cloudinary.images-iherb.com/image/upload/f_auto,q_auto:eco/images/nca/nca63987/r/10.jpg,https://cloudinary.images-iherb.com/image/upload/w_240/f_auto,q_auto:eco/images/cms/banners/dPDP_Authenticity_Graphic2_2025_009en-us.jpg,https://cloudinary.images-iherb.com/image/upload/w_240/f_auto,q_auto:eco/images/cms/banners/dPDP_Fresh_Graphic2_2025_003en-us.jpg,https://img.youtube.com/vi/fNbh98WEZAw/0.jpg",
"Garden of Life, Dr. Formulated, Whole Food Magnesium, Orange, 14.8 oz (419.5 g)","₨10,325.97","https://cloudinary.images-iherb.com/image/upload/f_auto,q_auto:eco/images/gol/gol12277/r/60.jpg,https://cloudinary.images-iherb.com/image/upload/f_auto,q_auto:eco/images/gol/gol12277/r/65.jpg,https://cloudinary.images-iherb.com/image/upload/w_240/f_auto,q_auto:eco/images/cms/banners/dPDP_Authenticity_Graphic2_2025_009en-us.jpg,https://cloudinary.images-iherb.com/image/upload/w_240/f_auto,q_auto:eco/images/cms/banners/dPDP_Fresh_Graphic2_2025_003en-us.jpg,https://cloudinary.images-iherb.com/image/upload/f_auto,q_auto:eco/images/gol/gol12277/r/60.jpg",
"Swanson, Melatonin, Dual-Release, 3 mg, 60 Tablets","₨1,516.17","https://cloudinary.images-iherb.com/image/upload/f_auto,q_auto:eco/images/swv/swv02214/r/16.jpg,https://cloudinary.images-iherb.com/image/upload/f_auto,q_auto:eco/images/swv/swv02214/r/22.jpg,https://cloudinary.images-iherb.com/image/upload/w_240/f_auto,q_auto:eco/images/cms/banners/dPDP_Authenticity_Graphic2_2025_009en-us.jpg,https://cloudinary.images-iherb.com/image/upload/w_240/f_auto,q_auto:eco/images/cms/banners/dPDP_Fresh_Graphic2_2025_003en-us.jpg,https://cloudinary.images-iherb.com/image/upload/f_auto,q_auto:eco/images/swv/swv02214/r/16.jpg",
"Bluebonnet Nutrition, Magnesium Glycinate, 60 Vegetable Capsules (100 mg per Capsule)",,"https://cloudinary.images-iherb.com/image/upload/f_auto,q_auto:eco/images/blb/blb00748/r/8.jpg,https://cloudinary.images-iherb.com/image/upload/f_auto,q_auto:eco/images/blb/blb00748/r/14.jpg,https://cloudinary.images-iherb.com/image/upload/w_240/f_auto,q_auto:eco/images/cms/banners/dPDP_Authenticity_Graphic2_2025_009en-us.jpg,https://cloudinary.images-iherb.com/image/upload/w_240/f_auto,q_auto:eco/images/cms/banners/dPDP_Fresh_Graphic2_2025_003en-us.jpg,https://cloudinary.images-iherb.com/image/upload/f_auto,q_auto:eco/images/blb/blb00748/r/8.jpg",
"Legion Athletics, Magnesium, 120 Capsules","₨9,298.46","https://cloudinary.images-iherb.com/image/upload/f_auto,q_auto:eco/images/lga/lga34643/r/8.jpg,https://cloudinary.images-iherb.com/image/upload/f_auto,q_auto:eco/images/lga/lga34643/r/11.jpg,https://cloudinary.images-iherb.com/image/upload/w_240/f_auto,q_auto:eco/images/cms/banners/dPDP_Authenticity_Graphic2_2025_009en-us.jpg,https://cloudinary.images-iherb.com/image/upload/w_240/f_auto,q_auto:eco/images/cms/banners/dPDP_Fresh_Graphic2_2025_003en-us.jpg,https://cloudinary.images-iherb.com/image/upload/f_auto,q_auto:eco/images/lga/lga34643/r/8.jpg",
"Garden of Life, Dr. Formulated, Whole Food Magnesium, Raspberry Lemon, 14.9 oz (421.5 g)","₨10,336.37","https://cloudinary.images-iherb.com/image/upload/f_auto,q_auto:eco/images/gol/gol12280/r/74.jpg,https://cloudinary.images-iherb.com/image/upload/f_auto,q_auto:eco/images/gol/gol12280/r/79.jpg,https://cloudinary.images-iherb.com/image/upload/w_240/f_auto,q_auto:eco/images/cms/banners/dPDP_Authenticity_Graphic2_2025_009en-us.jpg,https://cloudinary.images-iherb.com/image/upload/w_240/f_auto,q_auto:eco/images/cms/banners/dPDP_Fresh_Graphic2_2025_003en-us.jpg,https://cloudinary.images-iherb.com/image/upload/f_auto,q_auto:eco/images/gol/gol12280/r/74.jpg",
"Bluebonnet Nutrition, Magnesium Citrate, 120 Caplets (200 mg per Caplet)","₨6,595.47","https://cloudinary.images-iherb.com/image/upload/f_auto,q_auto:eco/images/blb/blb00731/r/45.jpg,https://cloudinary.images-iherb.com/image/upload/f_auto,q_auto:eco/images/blb/blb00731/r/51.jpg,https://cloudinary.images-iherb.com/image/upload/w_240/f_auto,q_auto:eco/images/cms/banners/dPDP_Authenticity_Graphic2_2025_009en-us.jpg,https://cloudinary.images-iherb.com/image/upload/w_240/f_auto,q_auto:eco/images/cms/banners/dPDP_Fresh_Graphic2_2025_003en-us.jpg,https://cloudinary.images-iherb.com/image/upload/f_auto,q_auto:eco/images/blb/blb00731/r/45.jpg",
"Super Nutrition, PMS Comfort Support with Calcium, Vitex, Magnesium, and BioResponse DIM Complex, 56 Veggie Capsules",,"https://cloudinary.images-iherb.com/image/upload/f_auto,q_auto:eco/images/spn/spn02502/r/9.jpg,https://cloudinary.images-iherb.com/image/upload/f_auto,q_auto:eco/images/spn/spn02502/r/14.jpg,https://cloudinary.images-iherb.com/image/upload/f_auto,q_auto:eco/images/spn/spn02502/r/19.jpg,https://cloudinary.images-iherb.com/image/upload/f_auto,q_auto:eco/images/spn/spn02502/r/20.jpg,https://cloudinary.images-iherb.com/image/upload/w_240/f_auto,q_auto:eco/images/cms/banners/dPDP_Authenticity_Graphic2_2025_009en-us.jpg",
"Vitamatic, L-Tryptophan, 1,000 mg, 120 Tablets","₨4,280.71","https://cloudinary.images-iherb.com/image/upload/f_auto,q_auto:eco/images/vmc/vmc47142/r/8.jpg,https://cloudinary.images-iherb.com/image/upload/f_auto,q_auto:eco/images/vmc/vmc47142/r/14.jpg,https://cloudinary.images-iherb.com/image/upload/w_240/f_auto,q_auto:eco/images/cms/banners/dPDP_Authenticity_Graphic2_2025_009en-us.jpg,https://cloudinary.images-iherb.com/image/upload/w_240/f_auto,q_auto:eco/images/cms/banners/dPDP_Fresh_Graphic2_2025_003en-us.jpg,https://cloudinary.images-iherb.com/image/upload/f_auto,q_auto:eco/images/vmc/vmc47142/r/8.jpg",
"Toniiq, Magnesium 3000, 240 Capsules","₨9,571.58","https://cloudinary.images-iherb.com/image/upload/f_auto,q_auto:eco/images/tnq/tnq99903/r/24.jpg,https://cloudinary.images-iherb.com/image/upload/f_auto,q_auto:eco/images/tnq/tnq99903/r/29.jpg,https://cloudinary.images-iherb.com/image/upload/w_240/f_auto,q_auto:eco/images/cms/banners/dPDP_Authenticity_Graphic2_2025_009en-us.jpg,https://cloudinary.images-iherb.com/image/upload/w_240/f_auto,q_auto:eco/images/cms/banners/dPDP_Fresh_Graphic2_2025_003en-us.jpg,https://cloudinary.images-iherb.com/image/upload/f_auto,q_auto:eco/images/tnq/tnq99903/r/24.jpg",
"Micro Ingredients, Magnesium Glycinate, 240 Vegetarian Capsules (175 mg per Capsule)",,"https://cloudinary.images-iherb.com/image/upload/f_auto,q_auto:eco/images/mii/mii02387/r/8.jpg,https://cloudinary.images-iherb.com/image/upload/f_auto,q_auto:eco/images/mii/mii02387/r/14.jpg,https://cloudinary.images-iherb.com/image/upload/w_240/f_auto,q_auto:eco/images/cms/banners/dPDP_Authenticity_Graphic2_2025_009en-us.jpg,https://cloudinary.images-iherb.com/image/upload/w_240/f_auto,q_auto:eco/images/cms/banners/dPDP_Fresh_Graphic2_2025_003en-us.jpg,https://cloudinary.images-iherb.com/image/upload/f_auto,q_auto:eco/images/mii/mii02387/r/8.jpg",
"Natural Factors, Stress-Relax, Melatonin, 3 mg , 180 Chewable Tablets","₨2,514.62","https://cloudinary.images-iherb.com/image/upload/f_auto,q_auto:eco/images/nfs/nfs02716/r/24.jpg,https://cloudinary.images-iherb.com/image/upload/f_auto,q_auto:eco/images/nfs/nfs02716/r/27.jpg,https://cloudinary.images-iherb.com/image/upload/w_240/f_auto,q_auto:eco/images/cms/banners/dPDP_Authenticity_Graphic2_2025_009en-us.jpg,https://cloudinary.images-iherb.com/image/upload/w_240/f_auto,q_auto:eco/images/cms/banners/dPDP_Fresh_Graphic2_2025_003en-us.jpg,https://cloudinary.images-iherb.com/image/upload/f_auto,q_auto:eco/images/nfs/nfs02716/r/24.jpg",
"KAL, Magnesium Gummies, Orange , 60 Gummies","₨4,149.35","https://cloudinary.images-iherb.com/image/upload/f_auto,q_auto:eco/images/cal/cal95583/r/40.jpg,https://cloudinary.images-iherb.com/image/upload/f_auto,q_auto:eco/images/cal/cal95583/r/45.jpg,https://cloudinary.images-iherb.com/image/upload/w_240/f_auto,q_auto:eco/images/cms/banners/dPDP_Authenticity_Graphic2_2025_009en-us.jpg,https://cloudinary.images-iherb.com/image/upload/w_240/f_auto,q_auto:eco/images/cms/banners/dPDP_Fresh_Graphic2_2025_003en-us.jpg,https://cloudinary.images-iherb.com/image/upload/f_auto,q_auto:eco/images/cal/cal95583/r/40.jpg",
"Trace, Magnesium Glycinate Powder, Mixed Berry Lemonade, 6.35 oz (180 g)","₨5,867.65","https://cloudinary.images-iherb.com/image/upload/f_auto,q_auto:eco/images/tmr/tmr00848/r/24.jpg,https://cloudinary.images-iherb.com/image/upload/f_auto,q_auto:eco/images/tmr/tmr00848/r/30.jpg,https://cloudinary.images-iherb.com/image/upload/w_240/f_auto,q_auto:eco/images/cms/banners/dPDP_Authenticity_Graphic2_2025_009en-us.jpg,https://cloudinary.images-iherb.com/image/upload/w_240/f_auto,q_auto:eco/images/cms/banners/dPDP_Fresh_Graphic2_2025_003en-us.jpg,https://cloudinary.images-iherb.com/image/upload/f_auto,q_auto:eco/images/tmr/tmr00848/r/24.jpg",
"Nutricost, Sleep Aid Complex , 90 Capsules","₨3,354.26","https://cloudinary.images-iherb.com/image/upload/f_auto,q_auto:eco/images/ncs/ncs57082/r/8.jpg,https://cloudinary.images-iherb.com/image/upload/f_auto,q_auto:eco/images/ncs/ncs57082/r/13.jpg,https://cloudinary.images-iherb.com/image/upload/w_240/f_auto,q_auto:eco/images/cms/banners/dPDP_Authenticity_Graphic2_2025_009en-us.jpg,https://cloudinary.images-iherb.com/image/upload/w_240/f_auto,q_auto:eco/images/cms/banners/dPDP_Fresh_Graphic2_2025_003en-us.jpg,https://cloudinary.images-iherb.com/image/upload/f_auto,q_auto:eco/images/ncs/ncs57082/r/8.jpg",
"Nature's Truth, Triple Magnesium + D3 & Zinc, 60 Capsules","₨4,369.05","https://cloudinary.images-iherb.com/image/upload/f_auto,q_auto:eco/images/nth/nth12666/r/8.jpg,https://cloudinary.images-iherb.com/image/upload/f_auto,q_auto:eco/images/nth/nth12666/r/13.jpg,https://cloudinary.images-iherb.com/image/upload/w_240/f_auto,q_auto:eco/images/cms/banners/dPDP_Authenticity_Graphic2_2025_009en-us.jpg,https://cloudinary.images-iherb.com/image/upload/w_240/f_auto,q_auto:eco/images/cms/banners/dPDP_Fresh_Graphic2_2025_003en-us.jpg,https://cloudinary.images-iherb.com/image/upload/f_auto,q_auto:eco/images/nth/nth12666/r/8.jpg",
"Jigsaw Health, MagSRT®, 240 Tablets","₨14,022.50","https://cloudinary.images-iherb.com/image/upload/f_auto,q_auto:eco/images/jig/jig00062/r/32.jpg,https://cloudinary.images-iherb.com/image/upload/f_auto,q_auto:eco/images/jig/jig00062/r/35.jpg,https://cloudinary.images-iherb.com/image/upload/w_240/f_auto,q_auto:eco/images/cms/banners/dPDP_Authenticity_Graphic2_2025_009en-us.jpg,https://cloudinary.images-iherb.com/image/upload/w_240/f_auto,q_auto:eco/images/cms/banners/dPDP_Fresh_Graphic2_2025_003en-us.jpg,https://cloudinary.images-iherb.com/image/upload/f_auto,q_auto:eco/images/jig/jig00062/r/32.jpg",
"Qunol, Magnesium, 120 Capsules (210 mg per Capsule)","₨5,561.91","https://cloudinary.images-iherb.com/image/upload/f_auto,q_auto:eco/images/qnl/qnl00176/r/14.jpg,https://cloudinary.images-iherb.com/image/upload/f_auto,q_auto:eco/images/qnl/qnl00176/r/17.jpg,https://cloudinary.images-iherb.com/image/upload/f_auto,q_auto:eco/images/qnl/qnl00176/r/28.jpg,https://cloudinary.images-iherb.com/image/upload/w_240/f_auto,q_auto:eco/images/cms/banners/dPDP_Authenticity_Graphic2_2025_009en-us.jpg,https://cloudinary.images-iherb.com/image/upload/w_240/f_auto,q_auto:eco/images/cms/banners/dPDP_Fresh_Graphic2_2025_003en-us.jpg",
"Allergy Research Group, Magnesium Citrate, 170 mg , 90 Vegetarian Capsules",,"https://cloudinary.images-iherb.com/image/upload/f_auto,q_auto:eco/images/alg/alg70240/r/54.jpg,https://cloudinary.images-iherb.com/image/upload/f_auto,q_auto:eco/images/alg/alg70240/r/57.jpg,https://cloudinary.images-iherb.com/image/upload/w_240/f_auto,q_auto:eco/images/cms/banners/dPDP_Authenticity_Graphic2_2025_009en-us.jpg,https://cloudinary.images-iherb.com/image/upload/w_240/f_auto,q_auto:eco/images/cms/banners/dPDP_Fresh_Graphic2_2025_003en-us.jpg,https://cloudinary.images-iherb.com/image/upload/f_auto,q_auto:eco/images/alg/alg70240/r/54.jpg",
"Youtheory, Relax, Magnesium Powder, Berry, 4.4 oz (126 g)","₨6,022.13","https://cloudinary.images-iherb.com/image/upload/f_auto,q_auto:eco/images/you/you00730/r/42.jpg,https://cloudinary.images-iherb.com/image/upload/f_auto,q_auto:eco/images/you/you00730/r/43.jpg,https://cloudinary.images-iherb.com/image/upload/w_240/f_auto,q_auto:eco/images/cms/banners/dPDP_Authenticity_Graphic2_2025_009en-us.jpg,https://cloudinary.images-iherb.com/image/upload/w_240/f_auto,q_auto:eco/images/cms/banners/dPDP_Fresh_Graphic2_2025_003en-us.jpg,https://cloudinary.images-iherb.com/image/upload/f_auto,q_auto:eco/images/you/you00730/r/42.jpg",
"Nature's Truth, Sleep, Melatonin Gummies, Natural Mixed Berry, 70 Gummies (5 mg per Gummy)","₨3,964.80","https://cloudinary.images-iherb.com/image/upload/f_auto,q_auto:eco/images/nth/nth11371/r/56.jpg,https://cloudinary.images-iherb.com/image/upload/f_auto,q_auto:eco/images/nth/nth11371/r/59.jpg,https://cloudinary.images-iherb.com/image/upload/w_240/f_auto,q_auto:eco/images/cms/banners/dPDP_Authenticity_Graphic2_2025_009en-us.jpg,https://cloudinary.images-iherb.com/image/upload/w_240/f_auto,q_auto:eco/images/cms/banners/dPDP_Fresh_Graphic2_2025_003en-us.jpg,https://cloudinary.images-iherb.com/image/upload/f_auto,q_auto:eco/images/nth/nth11371/r/56.jpg",
"Nature's Bounty, Sleep 3 +, Stress Support, 56 Tri-Layered Tablets",,"https://cloudinary.images-iherb.com/image/upload/f_auto,q_auto:eco/images/nrt/nrt00696/r/42.jpg,https://cloudinary.images-iherb.com/image/upload/f_auto,q_auto:eco/images/nrt/nrt00696/r/45.jpg,https://cloudinary.images-iherb.com/image/upload/w_240/f_auto,q_auto:eco/images/cms/banners/dPDP_Authenticity_Graphic2_2025_009en-us.jpg,https://cloudinary.images-iherb.com/image/upload/w_240/f_auto,q_auto:eco/images/cms/banners/dPDP_Fresh_Graphic2_2025_003en-us.jpg,https://cloudinary.images-iherb.com/image/upload/f_auto,q_auto:eco/images/nrt/nrt00696/r/42.jpg",
"Nature's Truth, Sleep Melatonin Gummies, Mixed Berry, 60 Gummies (6 mg per Gummy)","₨4,515.90","https://cloudinary.images-iherb.com/image/upload/f_auto,q_auto:eco/images/nth/nth11981/r/24.jpg,https://cloudinary.images-iherb.com/image/upload/f_auto,q_auto:eco/images/nth/nth11981/r/30.jpg,https://cloudinary.images-iherb.com/image/upload/w_240/f_auto,q_auto:eco/images/cms/banners/dPDP_Authenticity_Graphic2_2025_009en-us.jpg,https://cloudinary.images-iherb.com/image/upload/w_240/f_auto,q_auto:eco/images/cms/banners/dPDP_Fresh_Graphic2_2025_003en-us.jpg,https://cloudinary.images-iherb.com/image/upload/f_auto,q_auto:eco/images/nth/nth11981/r/24.jpg",
"Source Naturals, Sleep Science®, Melatonin, Time Release, 2 mg , 60 Tablets","₨1,862.37","https://cloudinary.images-iherb.com/image/upload/f_auto,q_auto:eco/images/sns/sns00062/r/16.jpg,https://cloudinary.images-iherb.com/image/upload/f_auto,q_auto:eco/images/sns/sns00062/r/21.jpg,https://cloudinary.images-iherb.com/image/upload/w_240/f_auto,q_auto:eco/images/cms/banners/dPDP_Authenticity_Graphic2_2025_009en-us.jpg,https://cloudinary.images-iherb.com/image/upload/w_240/f_auto,q_auto:eco/images/cms/banners/dPDP_Fresh_Graphic2_2025_003en-us.jpg,https://cloudinary.images-iherb.com/image/upload/f_auto,q_auto:eco/images/sns/sns00062/r/16.jpg",
"Nature's Craft, Magnesium Glycinate, 120 Capsules (125 mg per Capsule)","₨3,970.12","https://cloudinary.images-iherb.com/image/upload/f_auto,q_auto:eco/images/nca/nca88207/r/8.jpg,https://cloudinary.images-iherb.com/image/upload/f_auto,q_auto:eco/images/nca/nca88207/r/14.jpg,https://cloudinary.images-iherb.com/image/upload/w_240/f_auto,q_auto:eco/images/cms/banners/dPDP_Authenticity_Graphic2_2025_009en-us.jpg,https://cloudinary.images-iherb.com/image/upload/w_240/f_auto,q_auto:eco/images/cms/banners/dPDP_Fresh_Graphic2_2025_003en-us.jpg,https://cloudinary.images-iherb.com/image/upload/f_auto,q_auto:eco/images/nca/nca88207/r/8.jpg",
"Natural Stacks, MagTech®, Magnesium Complex, 180 Vegan Capsules (66.6 mg per Capsule)",,"https://cloudinary.images-iherb.com/image/upload/f_auto,q_auto:eco/images/nsk/nsk13077/r/8.jpg,https://cloudinary.images-iherb.com/image/upload/f_auto,q_auto:eco/images/nsk/nsk13077/r/11.jpg,https://cloudinary.images-iherb.com/image/upload/w_240/f_auto,q_auto:eco/images/cms/banners/dPDP_Authenticity_Graphic2_2025_009en-us.jpg,https://cloudinary.images-iherb.com/image/upload/w_240/f_auto,q_auto:eco/images/cms/banners/dPDP_Fresh_Graphic2_2025_003en-us.jpg,https://cloudinary.images-iherb.com/image/upload/f_auto,q_auto:eco/images/nsk/nsk13077/r/8.jpg",
"Nature's Life, Renewing Magnesium Malate, 200 mg, 100 Tablets","₨4,655.36","https://cloudinary.images-iherb.com/image/upload/f_auto,q_auto:eco/images/nli/nli00659/r/43.jpg,https://cloudinary.images-iherb.com/image/upload/f_auto,q_auto:eco/images/nli/nli00659/r/48.jpg,https://cloudinary.images-iherb.com/image/upload/w_240/f_auto,q_auto:eco/images/cms/banners/dPDP_Authenticity_Graphic2_2025_009en-us.jpg,https://cloudinary.images-iherb.com/image/upload/w_240/f_auto,q_auto:eco/images/cms/banners/dPDP_Fresh_Graphic2_2025_003en-us.jpg,https://cloudinary.images-iherb.com/image/upload/f_auto,q_auto:eco/images/nli/nli00659/r/43.jpg",
"Natural Factors, Stress-Relax, Melatonin, 1 mg, 90 Chewable Tablets","₨1,291.68","https://cloudinary.images-iherb.com/image/upload/f_auto,q_auto:eco/images/nfs/nfs02713/r/32.jpg,https://cloudinary.images-iherb.com/image/upload/f_auto,q_auto:eco/images/nfs/nfs02713/r/35.jpg,https://cloudinary.images-iherb.com/image/upload/w_240/f_auto,q_auto:eco/images/cms/banners/dPDP_Authenticity_Graphic2_2025_009en-us.jpg,https://cloudinary.images-iherb.com/image/upload/w_240/f_auto,q_auto:eco/images/cms/banners/dPDP_Fresh_Graphic2_2025_003en-us.jpg,https://cloudinary.images-iherb.com/image/upload/f_auto,q_auto:eco/images/nfs/nfs02713/r/32.jpg",
"Nature's Bounty, Melatonin, Natural Cherry, 3 mg, 120 Quick Dissolve Tablets",,"https://cloudinary.images-iherb.com/image/upload/f_auto,q_auto:eco/images/nrt/nrt07901/r/130.jpg,https://cloudinary.images-iherb.com/image/upload/f_auto,q_auto:eco/images/nrt/nrt07901/r/136.jpg,https://cloudinary.images-iherb.com/image/upload/w_240/f_auto,q_auto:eco/images/cms/banners/dPDP_Authenticity_Graphic2_2025_009en-us.jpg,https://cloudinary.images-iherb.com/image/upload/w_240/f_auto,q_auto:eco/images/cms/banners/dPDP_Fresh_Graphic2_2025_003en-us.jpg,https://cloudinary.images-iherb.com/image/upload/f_auto,q_auto:eco/images/nrt/nrt07901/r/130.jpg",
"Nutricost, Magnesium Citrate, Unflavored, 8.9 oz (250 g)","₨3,932.42","https://cloudinary.images-iherb.com/image/upload/f_auto,q_auto:eco/images/ncs/ncs57317/r/8.jpg,https://cloudinary.images-iherb.com/image/upload/f_auto,q_auto:eco/images/ncs/ncs57317/r/13.jpg,https://cloudinary.images-iherb.com/image/upload/w_240/f_auto,q_auto:eco/images/cms/banners/dPDP_Authenticity_Graphic2_2025_009en-us.jpg,https://cloudinary.images-iherb.com/image/upload/w_240/f_auto,q_auto:eco/images/cms/banners/dPDP_Fresh_Graphic2_2025_003en-us.jpg,https://cloudinary.images-iherb.com/image/upload/f_auto,q_auto:eco/images/ncs/ncs57317/r/8.jpg",
"JYM Supplement Science, ZMA, Zinc & Magnesium, 90 Vegetarian Capsules","₨8,172.89","https://cloudinary.images-iherb.com/image/upload/f_auto,q_auto:eco/images/jym/jym02021/r/24.jpg,https://cloudinary.images-iherb.com/image/upload/f_auto,q_auto:eco/images/jym/jym02021/r/30.jpg,https://cloudinary.images-iherb.com/image/upload/w_240/f_auto,q_auto:eco/images/cms/banners/dPDP_Authenticity_Graphic2_2025_009en-us.jpg,https://cloudinary.images-iherb.com/image/upload/w_240/f_auto,q_auto:eco/images/cms/banners/dPDP_Fresh_Graphic2_2025_003en-us.jpg,https://cloudinary.images-iherb.com/image/upload/f_auto,q_auto:eco/images/jym/jym02021/r/24.jpg",
"Jigsaw Health, MagPure Malate, 120 Capsules (100 mg per Capsule)","₨8,673.35","https://cloudinary.images-iherb.com/image/upload/f_auto,q_auto:eco/images/jig/jig00158/r/32.jpg,https://cloudinary.images-iherb.com/image/upload/f_auto,q_auto:eco/images/jig/jig00158/r/37.jpg,https://cloudinary.images-iherb.com/image/upload/w_240/f_auto,q_auto:eco/images/cms/banners/dPDP_Authenticity_Graphic2_2025_009en-us.jpg,https://cloudinary.images-iherb.com/image/upload/w_240/f_auto,q_auto:eco/images/cms/banners/dPDP_Fresh_Graphic2_2025_003en-us.jpg,https://cloudinary.images-iherb.com/image/upload/f_auto,q_auto:eco/images/jig/jig00158/r/32.jpg",
"California Gold Nutrition, Sugar Balance Complex with Chromium, Gymnema Sylvestre, Gingko Biloba and Milk Thistle, 120 Capsules",,"https://cloudinary.images-iherb.com/image/upload/f_auto,q_auto:eco/images/spn/spn02340/r/38.jpg,https://cloudinary.images-iherb.com/image/upload/f_auto,q_auto:eco/images/spn/spn02340/r/30.jpg,https://cloudinary.images-iherb.com/image/upload/f_auto,q_auto:eco/images/spn/spn02340/r/35.jpg,https://cloudinary.images-iherb.com/image/upload/f_auto,q_auto:eco/images/spn/spn02340/r/39.jpg,https://cloudinary.images-iherb.com/image/upload/f_auto,q_auto:eco/images/spn/spn02340/r/40.jpg",
"Nutricost, Magnesium Oxide , 750 mg , 240 Capsules","₨4,137.32","https://cloudinary.images-iherb.com/image/upload/f_auto,q_auto:eco/images/ncs/ncs67549/r/24.jpg,https://cloudinary.images-iherb.com/image/upload/f_auto,q_auto:eco/images/ncs/ncs67549/r/29.jpg,https://cloudinary.images-iherb.com/image/upload/w_240/f_auto,q_auto:eco/images/cms/banners/dPDP_Authenticity_Graphic2_2025_009en-us.jpg,https://cloudinary.images-iherb.com/image/upload/w_240/f_auto,q_auto:eco/images/cms/banners/dPDP_Fresh_Graphic2_2025_003en-us.jpg,https://cloudinary.images-iherb.com/image/upload/f_auto,q_auto:eco/images/ncs/ncs67549/r/24.jpg",
"Bluebonnet Nutrition, Magnesium Citrate, 60 Caplets (200 mg per Caplet)","₨3,805.63","https://cloudinary.images-iherb.com/image/upload/f_auto,q_auto:eco/images/blb/blb00729/r/24.jpg,https://cloudinary.images-iherb.com/image/upload/f_auto,q_auto:eco/images/blb/blb00729/r/29.jpg,https://cloudinary.images-iherb.com/image/upload/w_240/f_auto,q_auto:eco/images/cms/banners/dPDP_Authenticity_Graphic2_2025_009en-us.jpg,https://cloudinary.images-iherb.com/image/upload/w_240/f_auto,q_auto:eco/images/cms/banners/dPDP_Fresh_Graphic2_2025_003en-us.jpg,https://cloudinary.images-iherb.com/image/upload/f_auto,q_auto:eco/images/blb/blb00729/r/24.jpg",
"MaryRuth's, Kids Sleep Gummies, Strawberry, 60 Gummies","₨5,606.78","https://cloudinary.images-iherb.com/image/upload/f_auto,q_auto:eco/images/mro/mro39208/r/8.jpg,https://cloudinary.images-iherb.com/image/upload/f_auto,q_auto:eco/images/mro/mro39208/r/14.jpg,https://cloudinary.images-iherb.com/image/upload/w_240/f_auto,q_auto:eco/images/cms/banners/dPDP_Authenticity_Graphic2_2025_009en-us.jpg,https://cloudinary.images-iherb.com/image/upload/w_240/f_auto,q_auto:eco/images/cms/banners/dPDP_Fresh_Graphic2_2025_003en-us.jpg,https://cloudinary.images-iherb.com/image/upload/f_auto,q_auto:eco/images/mro/mro39208/r/8.jpg",
"Sundance Vitamins, Fast Dissolve Max Melatonin, Natural Berry, 12 mg, 60 Tablets","₨2,218.29","https://cloudinary.images-iherb.com/image/upload/f_auto,q_auto:eco/images/sde/sde10234/r/8.jpg,https://cloudinary.images-iherb.com/image/upload/f_auto,q_auto:eco/images/sde/sde10234/r/14.jpg,https://cloudinary.images-iherb.com/image/upload/w_240/f_auto,q_auto:eco/images/cms/banners/dPDP_Authenticity_Graphic2_2025_009en-us.jpg,https://cloudinary.images-iherb.com/image/upload/w_240/f_auto,q_auto:eco/images/cms/banners/dPDP_Fresh_Graphic2_2025_003en-us.jpg,https://cloudinary.images-iherb.com/image/upload/f_auto,q_auto:eco/images/sde/sde10234/r/8.jpg",
"Nutricost, Triple Magnesium Complex, 120 Capsules (150 mg per Capsule)",,"https://cloudinary.images-iherb.com/image/upload/f_auto,q_auto:eco/images/ncs/ncs57183/r/8.jpg,https://cloudinary.images-iherb.com/image/upload/f_auto,q_auto:eco/images/ncs/ncs57183/r/13.jpg,https://cloudinary.images-iherb.com/image/upload/w_240/f_auto,q_auto:eco/images/cms/banners/dPDP_Authenticity_Graphic2_2025_009en-us.jpg,https://cloudinary.images-iherb.com/image/upload/w_240/f_auto,q_auto:eco/images/cms/banners/dPDP_Fresh_Graphic2_2025_003en-us.jpg,https://cloudinary.images-iherb.com/image/upload/f_auto,q_auto:eco/images/ncs/ncs57183/r/8.jpg",
"Enzymedica, Magnesium Motion, 120 Capsules (350 mg per Capsule)","₨9,998.79","https://cloudinary.images-iherb.com/image/upload/f_auto,q_auto:eco/images/enz/enz10126/r/68.jpg,https://cloudinary.images-iherb.com/image/upload/f_auto,q_auto:eco/images/enz/enz10126/r/70.jpg,https://cloudinary.images-iherb.com/image/upload/f_auto,q_auto:eco/images/enz/enz10126/r/60.jpg,https://cloudinary.images-iherb.com/image/upload/w_240/f_auto,q_auto:eco/images/cms/banners/dPDP_Authenticity_Graphic2_2025_009en-us.jpg,https://cloudinary.images-iherb.com/image/upload/w_240/f_auto,q_auto:eco/images/cms/banners/dPDP_Fresh_Graphic2_2025_003en-us.jpg",
"EVLution Nutrition, Magnesium Plus L-Theanine , 90 Veggie Capsules","₨3,441.22","https://cloudinary.images-iherb.com/image/upload/f_auto,q_auto:eco/images/evl/evl10046/r/8.jpg,https://cloudinary.images-iherb.com/image/upload/f_auto,q_auto:eco/images/evl/evl10046/r/14.jpg,https://cloudinary.images-iherb.com/image/upload/w_240/f_auto,q_auto:eco/images/cms/banners/dPDP_Authenticity_Graphic2_2025_009en-us.jpg,https://cloudinary.images-iherb.com/image/upload/w_240/f_auto,q_auto:eco/images/cms/banners/dPDP_Fresh_Graphic2_2025_003en-us.jpg,https://cloudinary.images-iherb.com/image/upload/f_auto,q_auto:eco/images/evl/evl10046/r/19.jpg",
"Best Naturals, Magnesium Glycinate, 1 lb (454 g)","₨7,446.72","https://cloudinary.images-iherb.com/image/upload/f_auto,q_auto:eco/images/bnr/bnr01837/r/8.jpg,https://cloudinary.images-iherb.com/image/upload/f_auto,q_auto:eco/images/bnr/bnr01837/r/14.jpg,https://cloudinary.images-iherb.com/image/upload/w_240/f_auto,q_auto:eco/images/cms/banners/dPDP_Authenticity_Graphic2_2025_009en-us.jpg,https://cloudinary.images-iherb.com/image/upload/w_240/f_auto,q_auto:eco/images/cms/banners/dPDP_Fresh_Graphic2_2025_003en-us.jpg,https://cloudinary.images-iherb.com/image/upload/f_auto,q_auto:eco/images/bnr/bnr01837/r/8.jpg",
"Herb Pharm, Kids, Fast Asleep™, Alcohol Free, 1 fl oz (30 ml)","₨3,552.95","https://cloudinary.images-iherb.com/image/upload/f_auto,q_auto:eco/images/hbp/hbp03068/r/39.jpg,https://cloudinary.images-iherb.com/image/upload/f_auto,q_auto:eco/images/hbp/hbp03068/r/44.jpg,https://cloudinary.images-iherb.com/image/upload/w_240/f_auto,q_auto:eco/images/cms/banners/dPDP_Authenticity_Graphic2_2025_009en-us.jpg,https://cloudinary.images-iherb.com/image/upload/w_240/f_auto,q_auto:eco/images/cms/banners/dPDP_Fresh_Graphic2_2025_003en-us.jpg,https://cloudinary.images-iherb.com/image/upload/f_auto,q_auto:eco/images/hbp/hbp03068/r/39.jpg",
"Bluebonnet Nutrition, Earth Sweet® Chewables, Melatonin, Raspberry, 5 mg, 120 Chewable Tablets","₨4,511.82","https://cloudinary.images-iherb.com/image/upload/f_auto,q_auto:eco/images/blb/blb00997/r/45.jpg,https://cloudinary.images-iherb.com/image/upload/f_auto,q_auto:eco/images/blb/blb00997/r/50.jpg,https://cloudinary.images-iherb.com/image/upload/w_240/f_auto,q_auto:eco/images/cms/banners/dPDP_Authenticity_Graphic2_2025_009en-us.jpg,https://cloudinary.images-iherb.com/image/upload/w_240/f_auto,q_auto:eco/images/cms/banners/dPDP_Fresh_Graphic2_2025_003en-us.jpg,https://cloudinary.images-iherb.com/image/upload/f_auto,q_auto:eco/images/blb/blb00997/r/45.jpg",
"OLLY, Sleep, 60 Softgels","₨6,193.73","https://cloudinary.images-iherb.com/image/upload/f_auto,q_auto:eco/images/ole/ole46266/r/24.jpg,https://cloudinary.images-iherb.com/image/upload/f_auto,q_auto:eco/images/ole/ole46266/r/28.jpg,https://cloudinary.images-iherb.com/image/upload/w_240/f_auto,q_auto:eco/images/cms/banners/dPDP_Authenticity_Graphic2_2025_009en-us.jpg,https://cloudinary.images-iherb.com/image/upload/w_240/f_auto,q_auto:eco/images/cms/banners/dPDP_Fresh_Graphic2_2025_003en-us.jpg,https://cloudinary.images-iherb.com/image/upload/f_auto,q_auto:eco/images/ole/ole46266/r/24.jpg",
"Swanson, Melatonin, Strawberry, 60 Gummies","₨3,734.45","https://cloudinary.images-iherb.com/image/upload/f_auto,q_auto:eco/images/swv/swv11870/r/8.jpg,https://cloudinary.images-iherb.com/image/upload/f_auto,q_auto:eco/images/swv/swv11870/r/13.jpg,https://cloudinary.images-iherb.com/image/upload/w_240/f_auto,q_auto:eco/images/cms/banners/dPDP_Authenticity_Graphic2_2025_009en-us.jpg,https://cloudinary.images-iherb.com/image/upload/w_240/f_auto,q_auto:eco/images/cms/banners/dPDP_Fresh_Graphic2_2025_003en-us.jpg,https://cloudinary.images-iherb.com/image/upload/f_auto,q_auto:eco/images/swv/swv11870/r/8.jpg",
"Sports Research, Magnesium Glycinate, 60 Softgels (80 mg per Softgel)","₨6,205.76","https://cloudinary.images-iherb.com/image/upload/f_auto,q_auto:eco/images/sre/sre09221/r/8.jpg,https://cloudinary.images-iherb.com/image/upload/f_auto,q_auto:eco/images/sre/sre09221/r/13.jpg,https://cloudinary.images-iherb.com/image/upload/w_240/f_auto,q_auto:eco/images/cms/banners/dPDP_Authenticity_Graphic2_2025_009en-us.jpg,https://cloudinary.images-iherb.com/image/upload/w_240/f_auto,q_auto:eco/images/cms/banners/dPDP_Fresh_Graphic2_2025_003en-us.jpg,https://cloudinary.images-iherb.com/image/upload/f_auto,q_auto:eco/images/sre/sre09221/r/8.jpg",
"Nobi Nutrition, Magnesium Glycinate, 60 Capsules (250 mg per Capsule)","₨2,570.74","https://cloudinary.images-iherb.com/image/upload/f_auto,q_auto:eco/images/nob/nob27494/r/8.jpg,https://cloudinary.images-iherb.com/image/upload/f_auto,q_auto:eco/images/nob/nob27494/r/14.jpg,https://cloudinary.images-iherb.com/image/upload/w_240/f_auto,q_auto:eco/images/cms/banners/dPDP_Authenticity_Graphic2_2025_009en-us.jpg,https://cloudinary.images-iherb.com/image/upload/w_240/f_auto,q_auto:eco/images/cms/banners/dPDP_Fresh_Graphic2_2025_003en-us.jpg,https://cloudinary.images-iherb.com/image/upload/f_auto,q_auto:eco/images/nob/nob27494/r/8.jpg",
"Dr. Talbot's, Chamomile Night Time Soothing Tablets, 3m+, 140 Quick-Dissolve Tablets",,"https://cloudinary.images-iherb.com/image/upload/f_auto,q_auto:eco/images/tal/tal23240/r/41.jpg,https://cloudinary.images-iherb.com/image/upload/f_auto,q_auto:eco/images/tal/tal23240/r/42.jpg,https://cloudinary.images-iherb.com/image/upload/f_auto,q_auto:eco/images/tal/tal23240/r/43.jpg,https://cloudinary.images-iherb.com/image/upload/w_240/f_auto,q_auto:eco/images/cms/banners/dPDP_Authenticity_Graphic2_2025_009en-us.jpg,https://cloudinary.images-iherb.com/image/upload/w_240/f_auto,q_auto:eco/images/cms/banners/dPDP_Fresh_Graphic2_2025_003en-us.jpg",
"Source Naturals, Magnesium Glycinate , 180 Tablets","₨8,585.93","https://cloudinary.images-iherb.com/image/upload/f_auto,q_auto:eco/images/sns/sns02892/r/8.jpg,https://cloudinary.images-iherb.com/image/upload/f_auto,q_auto:eco/images/sns/sns02892/r/14.jpg,https://cloudinary.images-iherb.com/image/upload/w_240/f_auto,q_auto:eco/images/cms/banners/dPDP_Authenticity_Graphic2_2025_009en-us.jpg,https://cloudinary.images-iherb.com/image/upload/w_240/f_auto,q_auto:eco/images/cms/banners/dPDP_Fresh_Graphic2_2025_003en-us.jpg,https://cloudinary.images-iherb.com/image/upload/f_auto,q_auto:eco/images/sns/sns02892/r/8.jpg",
"Nature's Truth, Sleep Melatonin, 1 mg, 180 Tablets",,"https://cloudinary.images-iherb.com/image/upload/f_auto,q_auto:eco/images/nth/nth10609/r/26.jpg,https://cloudinary.images-iherb.com/image/upload/f_auto,q_auto:eco/images/nth/nth10609/r/31.jpg,https://cloudinary.images-iherb.com/image/upload/w_240/f_auto,q_auto:eco/images/cms/banners/dPDP_Authenticity_Graphic2_2025_009en-us.jpg,https://cloudinary.images-iherb.com/image/upload/w_240/f_auto,q_auto:eco/images/cms/banners/dPDP_Fresh_Graphic2_2025_003en-us.jpg,https://cloudinary.images-iherb.com/image/upload/f_auto,q_auto:eco/images/nth/nth10609/r/26.jpg",
"MRM Nutrition, Relax-All, Calm & Sleep, 60 Vegan Capsules","₨5,048.28","https://cloudinary.images-iherb.com/image/upload/f_auto,q_auto:eco/images/mrm/mrm31017/r/44.jpg,https://cloudinary.images-iherb.com/image/upload/f_auto,q_auto:eco/images/mrm/mrm31017/r/47.jpg,https://cloudinary.images-iherb.com/image/upload/w_240/f_auto,q_auto:eco/images/cms/banners/dPDP_Authenticity_Graphic2_2025_009en-us.jpg,https://cloudinary.images-iherb.com/image/upload/w_240/f_auto,q_auto:eco/images/cms/banners/dPDP_Fresh_Graphic2_2025_003en-us.jpg,https://cloudinary.images-iherb.com/image/upload/f_auto,q_auto:eco/images/mrm/mrm31017/r/44.jpg",
"Nature Made, Magnesium Complex with D3 & Zinc, 60 Capsules","₨6,481.65","https://cloudinary.images-iherb.com/image/upload/f_auto,q_auto:eco/images/ndm/ndm00259/r/8.jpg,https://cloudinary.images-iherb.com/image/upload/f_auto,q_auto:eco/images/ndm/ndm00259/r/13.jpg,https://cloudinary.images-iherb.com/image/upload/w_240/f_auto,q_auto:eco/images/cms/banners/dPDP_Authenticity_Graphic2_2025_009en-us.jpg,https://cloudinary.images-iherb.com/image/upload/w_240/f_auto,q_auto:eco/images/cms/banners/dPDP_Fresh_Graphic2_2025_003en-us.jpg,https://cloudinary.images-iherb.com/image/upload/f_auto,q_auto:eco/images/ndm/ndm00259/r/8.jpg",
"Sunwarrior, Magnesium, 4 fl oz (118 ml)","₨5,216.88","https://cloudinary.images-iherb.com/image/upload/f_auto,q_auto:eco/images/suw/suw02635/r/28.jpg,https://cloudinary.images-iherb.com/image/upload/f_auto,q_auto:eco/images/suw/suw02635/r/33.jpg,https://cloudinary.images-iherb.com/image/upload/w_240/f_auto,q_auto:eco/images/cms/banners/dPDP_Authenticity_Graphic2_2025_009en-us.jpg,https://cloudinary.images-iherb.com/image/upload/w_240/f_auto,q_auto:eco/images/cms/banners/dPDP_Fresh_Graphic2_2025_003en-us.jpg,https://cloudinary.images-iherb.com/image/upload/f_auto,q_auto:eco/images/suw/suw02635/r/28.jpg",
"Natrol, MelatoninMax™, Blueberry, 10 mg, 80 Gummies","₨7,171.98","https://cloudinary.images-iherb.com/image/upload/f_auto,q_auto:eco/images/jrw/jrw07979/r/26.jpg,https://cloudinary.images-iherb.com/image/upload/f_auto,q_auto:eco/images/jrw/jrw07979/r/32.jpg,https://cloudinary.images-iherb.com/image/upload/w_240/f_auto,q_auto:eco/images/cms/banners/dPDP_Authenticity_Graphic2_2025_009en-us.jpg,https://cloudinary.images-iherb.com/image/upload/w_240/f_auto,q_auto:eco/images/cms/banners/dPDP_Fresh_Graphic2_2025_003en-us.jpg,https://cloudinary.images-iherb.com/image/upload/f_auto,q_auto:eco/images/jrw/jrw07979/r/26.jpg",
"Boiron, SleepCalm™ Kids, Liquid Doses, 3+ Years, Melatonin-Free, 15 Pre-Measured Liquid Doses, 0.034 fl oz (1 ml) Each","₨3,166.48","https://cloudinary.images-iherb.com/image/upload/f_auto,q_auto:eco/images/boi/boi30909/r/42.jpg,https://cloudinary.images-iherb.com/image/upload/f_auto,q_auto:eco/images/boi/boi30909/r/43.jpg,https://cloudinary.images-iherb.com/image/upload/f_auto,q_auto:eco/images/boi/boi30909/r/41.jpg,https://cloudinary.images-iherb.com/image/upload/w_240/f_auto,q_auto:eco/images/cms/banners/dPDP_Authenticity_Graphic2_2025_009en-us.jpg,https://cloudinary.images-iherb.com/image/upload/w_240/f_auto,q_auto:eco/images/cms/banners/dPDP_Fresh_Graphic2_2025_003en-us.jpg",
"NutraBio, Mg Magnesium, 120 Capsules (100 mg per Capsule)","₨4,465.95","https://cloudinary.images-iherb.com/image/upload/f_auto,q_auto:eco/images/nrb/nrb25816/r/8.jpg,https://cloudinary.images-iherb.com/image/upload/f_auto,q_auto:eco/images/nrb/nrb25816/r/14.jpg,https://cloudinary.images-iherb.com/image/upload/w_240/f_auto,q_auto:eco/images/cms/banners/dPDP_Authenticity_Graphic2_2025_009en-us.jpg,https://cloudinary.images-iherb.com/image/upload/w_240/f_auto,q_auto:eco/images/cms/banners/dPDP_Fresh_Graphic2_2025_003en-us.jpg,https://cloudinary.images-iherb.com/image/upload/f_auto,q_auto:eco/images/nrb/nrb25816/r/8.jpg",
"Mason Natural, Magnesium Gluconate, 550 mg, 100 Tablets","₨1,925.97","https://cloudinary.images-iherb.com/image/upload/f_auto,q_auto:eco/images/mav/mav06171/r/13.jpg,https://cloudinary.images-iherb.com/image/upload/f_auto,q_auto:eco/images/mav/mav06171/r/19.jpg,https://cloudinary.images-iherb.com/image/upload/w_240/f_auto,q_auto:eco/images/cms/banners/dPDP_Authenticity_Graphic2_2025_009en-us.jpg,https://cloudinary.images-iherb.com/image/upload/w_240/f_auto,q_auto:eco/images/cms/banners/dPDP_Fresh_Graphic2_2025_003en-us.jpg,https://cloudinary.images-iherb.com/image/upload/f_auto,q_auto:eco/images/mav/mav06171/r/13.jpg",
"Goli Nutrition, Magnesium Gummies, 60 Gummies","₨6,448.22","https://cloudinary.images-iherb.com/image/upload/f_auto,q_auto:eco/images/goi/goi40555/r/16.jpg,https://cloudinary.images-iherb.com/image/upload/f_auto,q_auto:eco/images/goi/goi40555/r/14.jpg,https://cloudinary.images-iherb.com/image/upload/w_240/f_auto,q_auto:eco/images/cms/banners/dPDP_Authenticity_Graphic2_2025_009en-us.jpg,https://cloudinary.images-iherb.com/image/upload/w_240/f_auto,q_auto:eco/images/cms/banners/dPDP_Fresh_Graphic2_2025_003en-us.jpg,https://cloudinary.images-iherb.com/image/upload/f_auto,q_auto:eco/images/goi/goi40555/r/16.jpg",
"Superior Source, Melatonin, 1 mg, 100 MicroLingual® Instant Dissolve Tablets","₨2,225.09","https://cloudinary.images-iherb.com/image/upload/f_auto,q_auto:eco/images/sps/sps90730/r/70.jpg,https://cloudinary.images-iherb.com/image/upload/f_auto,q_auto:eco/images/sps/sps90730/r/73.jpg,https://cloudinary.images-iherb.com/image/upload/f_auto,q_auto:eco/images/sps/sps90730/r/62.jpg,https://cloudinary.images-iherb.com/image/upload/w_240/f_auto,q_auto:eco/images/cms/banners/dPDP_Authenticity_Graphic2_2025_009en-us.jpg,https://cloudinary.images-iherb.com/image/upload/w_240/f_auto,q_auto:eco/images/cms/banners/dPDP_Fresh_Graphic2_2025_003en-us.jpg",
"Life Extension, Quiet Sleep Melatonin, 60 Vegetarian Capsules","₨4,325.37","https://cloudinary.images-iherb.com/image/upload/f_auto,q_auto:eco/images/lex/lex14456/r/75.jpg,https://cloudinary.images-iherb.com/image/upload/f_auto,q_auto:eco/images/lex/lex14456/r/80.jpg,https://cloudinary.images-iherb.com/image/upload/w_240/f_auto,q_auto:eco/images/cms/banners/dPDP_Authenticity_Graphic2_2025_009en-us.jpg,https://cloudinary.images-iherb.com/image/upload/w_240/f_auto,q_auto:eco/images/cms/banners/dPDP_Fresh_Graphic2_2025_003en-us.jpg,https://cloudinary.images-iherb.com/image/upload/f_auto,q_auto:eco/images/lex/lex14456/r/75.jpg",
"Nutricost, Melatonin, 10 mg, 240 Capsules","₨3,696.53","https://cloudinary.images-iherb.com/image/upload/f_auto,q_auto:eco/images/ncs/ncs67578/r/8.jpg,https://cloudinary.images-iherb.com/image/upload/f_auto,q_auto:eco/images/ncs/ncs67578/r/11.jpg,https://cloudinary.images-iherb.com/image/upload/w_240/f_auto,q_auto:eco/images/cms/banners/dPDP_Authenticity_Graphic2_2025_009en-us.jpg,https://cloudinary.images-iherb.com/image/upload/w_240/f_auto,q_auto:eco/images/cms/banners/dPDP_Fresh_Graphic2_2025_003en-us.jpg,https://cloudinary.images-iherb.com/image/upload/f_auto,q_auto:eco/images/ncs/ncs67578/r/8.jpg",
"OLLY, Sleep, Strawberry, 30 Tablets","₨3,547.26","https://cloudinary.images-iherb.com/image/upload/f_auto,q_auto:eco/images/ole/ole20188/r/16.jpg,https://cloudinary.images-iherb.com/image/upload/f_auto,q_auto:eco/images/ole/ole20188/r/18.jpg,https://cloudinary.images-iherb.com/image/upload/f_auto,q_auto:eco/images/ole/ole20188/r/22.jpg,https://cloudinary.images-iherb.com/image/upload/w_240/f_auto,q_auto:eco/images/cms/banners/dPDP_Authenticity_Graphic2_2025_009en-us.jpg,https://cloudinary.images-iherb.com/image/upload/w_240/f_auto,q_auto:eco/images/cms/banners/dPDP_Fresh_Graphic2_2025_003en-us.jpg",
"OLLY, Sleep, Blackberry Zen, 70 Gummies",,"https://cloudinary.images-iherb.com/image/upload/f_auto,q_auto:eco/images/ole/ole00802/r/8.jpg,https://cloudinary.images-iherb.com/image/upload/f_auto,q_auto:eco/images/ole/ole00802/r/14.jpg,https://cloudinary.images-iherb.com/image/upload/w_240/f_auto,q_auto:eco/images/cms/banners/dPDP_Authenticity_Graphic2_2025_009en-us.jpg,https://cloudinary.images-iherb.com/image/upload/w_240/f_auto,q_auto:eco/images/cms/banners/dPDP_Fresh_Graphic2_2025_003en-us.jpg,https://cloudinary.images-iherb.com/image/upload/f_auto,q_auto:eco/images/ole/ole00802/r/8.jpg",
"Force Factor, Magnesium Citrate, 150 mg, 180 Vegetable Capsules",,"https://cloudinary.images-iherb.com/image/upload/f_auto,q_auto:eco/images/foa/foa66130/r/8.jpg,https://cloudinary.images-iherb.com/image/upload/f_auto,q_auto:eco/images/foa/foa66130/r/11.jpg,https://cloudinary.images-iherb.com/image/upload/w_240/f_auto,q_auto:eco/images/cms/banners/dPDP_Authenticity_Graphic2_2025_009en-us.jpg,https://cloudinary.images-iherb.com/image/upload/w_240/f_auto,q_auto:eco/images/cms/banners/dPDP_Fresh_Graphic2_2025_003en-us.jpg,https://cloudinary.images-iherb.com/image/upload/f_auto,q_auto:eco/images/foa/foa66130/r/16.jpg",
"NOW Foods, Buffered Magnesium Ascorbate, Vitamin C Powder, 8 oz (227 g)","₨5,065.16","https://cloudinary.images-iherb.com/image/upload/f_auto,q_auto:eco/images/now/now00756/r/64.jpg,https://cloudinary.images-iherb.com/image/upload/f_auto,q_auto:eco/images/now/now00756/r/70.jpg,https://cloudinary.images-iherb.com/image/upload/w_240/f_auto,q_auto:eco/images/cms/banners/dPDP_Authenticity_Graphic2_2025_009en-us.jpg,https://cloudinary.images-iherb.com/image/upload/w_240/f_auto,q_auto:eco/images/cms/banners/dPDP_Fresh_Graphic2_2025_003en-us.jpg,https://cloudinary.images-iherb.com/image/upload/f_auto,q_auto:eco/images/now/now00756/r/74.jpg",
"Bach, Rescue Plus, Sleep Gummies, Strawberry, 60 Gummies (2.5 mg per Gummy)","₨3,769.61","https://cloudinary.images-iherb.com/image/upload/f_auto,q_auto:eco/images/bac/bac01578/r/10.jpg,https://cloudinary.images-iherb.com/image/upload/f_auto,q_auto:eco/images/bac/bac01578/r/18.jpg,https://cloudinary.images-iherb.com/image/upload/w_240/f_auto,q_auto:eco/images/cms/banners/dPDP_Authenticity_Graphic2_2025_009en-us.jpg,https://cloudinary.images-iherb.com/image/upload/w_240/f_auto,q_auto:eco/images/cms/banners/dPDP_Fresh_Graphic2_2025_003en-us.jpg,https://cloudinary.images-iherb.com/image/upload/f_auto,q_auto:eco/images/bac/bac01578/r/10.jpg",
"Irwin Naturals, Triple Source Magnesium + Ashwagandha, 60 Liquid Soft-Gels",,"https://cloudinary.images-iherb.com/image/upload/f_auto,q_auto:eco/images/irw/irw40432/r/40.jpg,https://cloudinary.images-iherb.com/image/upload/f_auto,q_auto:eco/images/irw/irw40432/r/45.jpg,https://cloudinary.images-iherb.com/image/upload/w_240/f_auto,q_auto:eco/images/cms/banners/dPDP_Authenticity_Graphic2_2025_009en-us.jpg,https://cloudinary.images-iherb.com/image/upload/w_240/f_auto,q_auto:eco/images/cms/banners/dPDP_Fresh_Graphic2_2025_003en-us.jpg,https://cloudinary.images-iherb.com/image/upload/f_auto,q_auto:eco/images/irw/irw40432/r/40.jpg",
"Chapter One, Magnesium Gummies, Raspberry, 60 Gummies (50 mg per Gummy)","₨5,140.78","https://cloudinary.images-iherb.com/image/upload/f_auto,q_auto:eco/images/cto/cto04111/r/63.jpg,https://cloudinary.images-iherb.com/image/upload/f_auto,q_auto:eco/images/cto/cto04111/r/62.jpg,https://cloudinary.images-iherb.com/image/upload/w_240/f_auto,q_auto:eco/images/cms/banners/dPDP_Authenticity_Graphic2_2025_009en-us.jpg,https://cloudinary.images-iherb.com/image/upload/w_240/f_auto,q_auto:eco/images/cms/banners/dPDP_Fresh_Graphic2_2025_003en-us.jpg,https://cloudinary.images-iherb.com/image/upload/f_auto,q_auto:eco/images/cto/cto04111/r/63.jpg",
"Bluebonnet Nutrition, EarthSweet® Chewables, Melatonin, Raspberry, 3 mg, 120 Chewable Tablets",,"https://cloudinary.images-iherb.com/image/upload/f_auto,q_auto:eco/images/blb/blb00994/r/45.jpg,https://cloudinary.images-iherb.com/image/upload/f_auto,q_auto:eco/images/blb/blb00994/r/50.jpg,https://cloudinary.images-iherb.com/image/upload/w_240/f_auto,q_auto:eco/images/cms/banners/dPDP_Authenticity_Graphic2_2025_009en-us.jpg,https://cloudinary.images-iherb.com/image/upload/w_240/f_auto,q_auto:eco/images/cms/banners/dPDP_Fresh_Graphic2_2025_003en-us.jpg,https://cloudinary.images-iherb.com/image/upload/f_auto,q_auto:eco/images/blb/blb00994/r/45.jpg",
"Nature's Truth, Valerian Root, 90 Quick Release Capsules (1,200 mg per Capsule)","₨3,085.76","https://cloudinary.images-iherb.com/image/upload/f_auto,q_auto:eco/images/nth/nth10161/r/64.jpg,https://cloudinary.images-iherb.com/image/upload/f_auto,q_auto:eco/images/nth/nth10161/r/70.jpg,https://cloudinary.images-iherb.com/image/upload/w_240/f_auto,q_auto:eco/images/cms/banners/dPDP_Authenticity_Graphic2_2025_009en-us.jpg,https://cloudinary.images-iherb.com/image/upload/w_240/f_auto,q_auto:eco/images/cms/banners/dPDP_Fresh_Graphic2_2025_003en-us.jpg,https://cloudinary.images-iherb.com/image/upload/f_auto,q_auto:eco/images/nth/nth10161/r/64.jpg",
"Frontier Co-op, Cut & Sifted Passion Flower Herb, 16 oz (453 g)","₨5,696.66","https://cloudinary.images-iherb.com/image/upload/f_auto,q_auto:eco/images/fro/fro00625/r/15.jpg,https://cloudinary.images-iherb.com/image/upload/f_auto,q_auto:eco/images/fro/fro00625/r/17.jpg,https://cloudinary.images-iherb.com/image/upload/w_240/f_auto,q_auto:eco/images/cms/banners/dPDP_Authenticity_Graphic2_2025_009en-us.jpg,https://cloudinary.images-iherb.com/image/upload/w_240/f_auto,q_auto:eco/images/cms/banners/dPDP_Fresh_Graphic2_2025_003en-us.jpg,https://cloudinary.images-iherb.com/image/upload/f_auto,q_auto:eco/images/fro/fro00625/r/15.jpg",
"Vitamatic, Magnesium Glycinate Powder, 8.8 oz (250 g)","₨4,913.22","https://cloudinary.images-iherb.com/image/upload/f_auto,q_auto:eco/images/vmc/vmc47504/r/6.jpg,https://cloudinary.images-iherb.com/image/upload/f_auto,q_auto:eco/images/vmc/vmc47504/r/7.jpg,https://cloudinary.images-iherb.com/image/upload/w_240/f_auto,q_auto:eco/images/cms/banners/dPDP_Authenticity_Graphic2_2025_009en-us.jpg,https://cloudinary.images-iherb.com/image/upload/w_240/f_auto,q_auto:eco/images/cms/banners/dPDP_Fresh_Graphic2_2025_003en-us.jpg,https://cloudinary.images-iherb.com/image/upload/f_auto,q_auto:eco/images/vmc/vmc47504/r/6.jpg",
"Sundance Vitamins, Melatonin, 10 mg, 45 Tablets","₨1,787.44","https://cloudinary.images-iherb.com/image/upload/f_auto,q_auto:eco/images/sde/sde10380/r/8.jpg,https://cloudinary.images-iherb.com/image/upload/f_auto,q_auto:eco/images/sde/sde10380/r/14.jpg,https://cloudinary.images-iherb.com/image/upload/w_240/f_auto,q_auto:eco/images/cms/banners/dPDP_Authenticity_Graphic2_2025_009en-us.jpg,https://cloudinary.images-iherb.com/image/upload/w_240/f_auto,q_auto:eco/images/cms/banners/dPDP_Fresh_Graphic2_2025_003en-us.jpg,https://cloudinary.images-iherb.com/image/upload/f_auto,q_auto:eco/images/sde/sde10380/r/8.jpg",
"Zahler, Magnesium, Bioactive Magnesium Citrate, 200 mg, 120 Capsules","₨5,942.11","https://cloudinary.images-iherb.com/image/upload/f_auto,q_auto:eco/images/zah/zah08125/r/8.jpg,https://cloudinary.images-iherb.com/image/upload/f_auto,q_auto:eco/images/zah/zah08125/r/14.jpg,https://cloudinary.images-iherb.com/image/upload/w_240/f_auto,q_auto:eco/images/cms/banners/dPDP_Authenticity_Graphic2_2025_009en-us.jpg,https://cloudinary.images-iherb.com/image/upload/w_240/f_auto,q_auto:eco/images/cms/banners/dPDP_Fresh_Graphic2_2025_003en-us.jpg,https://cloudinary.images-iherb.com/image/upload/f_auto,q_auto:eco/images/zah/zah08125/r/8.jpg",
"Trace, Magnesium Chewable, Raspberry Lemon , 120 Chewable Wafers","₨7,494.59","https://cloudinary.images-iherb.com/image/upload/f_auto,q_auto:eco/images/tmr/tmr00498/r/50.jpg,https://cloudinary.images-iherb.com/image/upload/f_auto,q_auto:eco/images/tmr/tmr00498/r/55.jpg,https://cloudinary.images-iherb.com/image/upload/w_240/f_auto,q_auto:eco/images/cms/banners/dPDP_Authenticity_Graphic2_2025_009en-us.jpg,https://cloudinary.images-iherb.com/image/upload/w_240/f_auto,q_auto:eco/images/cms/banners/dPDP_Fresh_Graphic2_2025_003en-us.jpg,https://cloudinary.images-iherb.com/image/upload/f_auto,q_auto:eco/images/tmr/tmr00498/r/50.jpg",
"Nutricost, Magnesium Citrate, Unflavored , 210 mg, 17.9 oz (500 g)","₨5,447.21","https://cloudinary.images-iherb.com/image/upload/f_auto,q_auto:eco/images/ncs/ncs67941/r/8.jpg,https://cloudinary.images-iherb.com/image/upload/f_auto,q_auto:eco/images/ncs/ncs67941/r/13.jpg,https://cloudinary.images-iherb.com/image/upload/w_240/f_auto,q_auto:eco/images/cms/banners/dPDP_Authenticity_Graphic2_2025_009en-us.jpg,https://cloudinary.images-iherb.com/image/upload/w_240/f_auto,q_auto:eco/images/cms/banners/dPDP_Fresh_Graphic2_2025_003en-us.jpg,https://cloudinary.images-iherb.com/image/upload/f_auto,q_auto:eco/images/ncs/ncs67941/r/8.jpg",
"Mason Natural, Melatonin, 10 mg, 60 Caplets","₨2,462.51","https://cloudinary.images-iherb.com/image/upload/f_auto,q_auto:eco/images/mav/mav18105/r/40.jpg,https://cloudinary.images-iherb.com/image/upload/f_auto,q_auto:eco/images/mav/mav18105/r/46.jpg,https://cloudinary.images-iherb.com/image/upload/w_240/f_auto,q_auto:eco/images/cms/banners/dPDP_Authenticity_Graphic2_2025_009en-us.jpg,https://cloudinary.images-iherb.com/image/upload/w_240/f_auto,q_auto:eco/images/cms/banners/dPDP_Fresh_Graphic2_2025_003en-us.jpg,https://cloudinary.images-iherb.com/image/upload/f_auto,q_auto:eco/images/mav/mav18105/r/40.jpg",
"Protocol for Life Balance, Magtein®, Magnesium L-Threonate, 90 Veg Capsules","₨10,416.16","https://cloudinary.images-iherb.com/image/upload/f_auto,q_auto:eco/images/prt/prt12390/r/24.jpg,https://cloudinary.images-iherb.com/image/upload/f_auto,q_auto:eco/images/prt/prt12390/r/29.jpg,https://cloudinary.images-iherb.com/image/upload/w_240/f_auto,q_auto:eco/images/cms/banners/dPDP_Authenticity_Graphic2_2025_009en-us.jpg,https://cloudinary.images-iherb.com/image/upload/w_240/f_auto,q_auto:eco/images/cms/banners/dPDP_Fresh_Graphic2_2025_003en-us.jpg,https://cloudinary.images-iherb.com/image/upload/f_auto,q_auto:eco/images/prt/prt12390/r/24.jpg",
"Nature's Bounty, Magnesium, High Potency, 500 mg, 100 Coated Tablets",,"https://cloudinary.images-iherb.com/image/upload/f_auto,q_auto:eco/images/nrt/nrt05535/r/64.jpg,https://cloudinary.images-iherb.com/image/upload/f_auto,q_auto:eco/images/nrt/nrt05535/r/70.jpg,https://cloudinary.images-iherb.com/image/upload/w_240/f_auto,q_auto:eco/images/cms/banners/dPDP_Authenticity_Graphic2_2025_009en-us.jpg,https://cloudinary.images-iherb.com/image/upload/w_240/f_auto,q_auto:eco/images/cms/banners/dPDP_Fresh_Graphic2_2025_003en-us.jpg,https://cloudinary.images-iherb.com/image/upload/f_auto,q_auto:eco/images/nrt/nrt05535/r/64.jpg",
"Dream Water, Original Sleep Powder with SleepStat™ Blend, Snoozeberry, 10 Stick Packs, 0.1 oz (3 g) Each","₨2,757.64","https://cloudinary.images-iherb.com/image/upload/f_auto,q_auto:eco/images/drm/drm00297/r/17.jpg,https://cloudinary.images-iherb.com/image/upload/f_auto,q_auto:eco/images/drm/drm00297/r/18.jpg,https://cloudinary.images-iherb.com/image/upload/f_auto,q_auto:eco/images/drm/drm00297/r/19.jpg,https://cloudinary.images-iherb.com/image/upload/w_240/f_auto,q_auto:eco/images/cms/banners/dPDP_Authenticity_Graphic2_2025_009en-us.jpg,https://cloudinary.images-iherb.com/image/upload/w_240/f_auto,q_auto:eco/images/cms/banners/dPDP_Fresh_Graphic2_2025_003en-us.jpg",
"Aura Cacia, Kids, Bedtime Aromatherapy Mist, 2 fl oz (59 ml)","₨1,658.04","https://cloudinary.images-iherb.com/image/upload/f_auto,q_auto:eco/images/aur/aur90873/r/14.jpg,https://cloudinary.images-iherb.com/image/upload/f_auto,q_auto:eco/images/aur/aur90873/r/17.jpg,https://cloudinary.images-iherb.com/image/upload/w_240/f_auto,q_auto:eco/images/cms/banners/dPDP_Authenticity_Graphic2_2025_009en-us.jpg,https://cloudinary.images-iherb.com/image/upload/w_240/f_auto,q_auto:eco/images/cms/banners/dPDP_Fresh_Graphic2_2025_003en-us.jpg,https://cloudinary.images-iherb.com/image/upload/f_auto,q_auto:eco/images/aur/aur90873/r/14.jpg",
"Jigsaw Health, MagPure™ Glycinate, 120 Capsules (50 mg per Capsule)","₨8,659.47","https://cloudinary.images-iherb.com/image/upload/f_auto,q_auto:eco/images/jig/jig00157/r/24.jpg,https://cloudinary.images-iherb.com/image/upload/f_auto,q_auto:eco/images/jig/jig00157/r/27.jpg,https://cloudinary.images-iherb.com/image/upload/w_240/f_auto,q_auto:eco/images/cms/banners/dPDP_Authenticity_Graphic2_2025_009en-us.jpg,https://cloudinary.images-iherb.com/image/upload/w_240/f_auto,q_auto:eco/images/cms/banners/dPDP_Fresh_Graphic2_2025_003en-us.jpg,https://cloudinary.images-iherb.com/image/upload/f_auto,q_auto:eco/images/jig/jig00157/r/24.jpg",
"Nature Made, Magnesium, 400 mg, 60 Softgels","₨4,253.88","https://cloudinary.images-iherb.com/image/upload/f_auto,q_auto:eco/images/ndm/ndm02576/r/20.jpg,https://cloudinary.images-iherb.com/image/upload/f_auto,q_auto:eco/images/ndm/ndm02576/r/25.jpg,https://cloudinary.images-iherb.com/image/upload/w_240/f_auto,q_auto:eco/images/cms/banners/dPDP_Authenticity_Graphic2_2025_009en-us.jpg,https://cloudinary.images-iherb.com/image/upload/w_240/f_auto,q_auto:eco/images/cms/banners/dPDP_Fresh_Graphic2_2025_003en-us.jpg,https://cloudinary.images-iherb.com/image/upload/f_auto,q_auto:eco/images/ndm/ndm02576/r/20.jpg",
"MaryRuth's, Liquid Nighttime Multimineral, Pineapple Dream, 32 fl oz (946 ml)","₨11,298.20","https://cloudinary.images-iherb.com/image/upload/f_auto,q_auto:eco/images/mro/mro00822/r/8.jpg,https://cloudinary.images-iherb.com/image/upload/f_auto,q_auto:eco/images/mro/mro00822/r/11.jpg,https://cloudinary.images-iherb.com/image/upload/w_240/f_auto,q_auto:eco/images/cms/banners/dPDP_Authenticity_Graphic2_2025_009en-us.jpg,https://cloudinary.images-iherb.com/image/upload/w_240/f_auto,q_auto:eco/images/cms/banners/dPDP_Fresh_Graphic2_2025_003en-us.jpg,https://img.youtube.com/vi/tuUDvVN7Np4/0.jpg",
"Natural Vitality, CALM®, Magnesium Gummies, Orange, 60 Gummies (82.5 mg per Gummy)","₨4,492.78","https://cloudinary.images-iherb.com/image/upload/f_auto,q_auto:eco/images/ptg/ptg04309/r/24.jpg,https://cloudinary.images-iherb.com/image/upload/f_auto,q_auto:eco/images/ptg/ptg04309/r/29.jpg,https://cloudinary.images-iherb.com/image/upload/w_240/f_auto,q_auto:eco/images/cms/banners/dPDP_Authenticity_Graphic2_2025_009en-us.jpg,https://cloudinary.images-iherb.com/image/upload/w_240/f_auto,q_auto:eco/images/cms/banners/dPDP_Fresh_Graphic2_2025_003en-us.jpg,https://cloudinary.images-iherb.com/image/upload/f_auto,q_auto:eco/images/ptg/ptg04309/r/24.jpg",
"Source Naturals, L-Tryptophan, 120 Tablets","₨6,710.61","https://cloudinary.images-iherb.com/image/upload/f_auto,q_auto:eco/images/sns/sns01980/r/86.jpg,https://cloudinary.images-iherb.com/image/upload/f_auto,q_auto:eco/images/sns/sns01980/r/92.jpg,https://cloudinary.images-iherb.com/image/upload/w_240/f_auto,q_auto:eco/images/cms/banners/dPDP_Authenticity_Graphic2_2025_009en-us.jpg,https://cloudinary.images-iherb.com/image/upload/w_240/f_auto,q_auto:eco/images/cms/banners/dPDP_Fresh_Graphic2_2025_003en-us.jpg,https://cloudinary.images-iherb.com/image/upload/f_auto,q_auto:eco/images/sns/sns01980/r/86.jpg",
"Animal, PM®, Sleep & Nighttime Recovery, 30 Packs","₨14,418.40","https://cloudinary.images-iherb.com/image/upload/f_auto,q_auto:eco/images/unn/unn03055/r/72.jpg,https://cloudinary.images-iherb.com/image/upload/f_auto,q_auto:eco/images/unn/unn03055/r/77.jpg,https://cloudinary.images-iherb.com/image/upload/f_auto,q_auto:eco/images/unn/unn03055/r/80.jpg,https://cloudinary.images-iherb.com/image/upload/w_240/f_auto,q_auto:eco/images/cms/banners/dPDP_Authenticity_Graphic2_2025_009en-us.jpg,https://cloudinary.images-iherb.com/image/upload/w_240/f_auto,q_auto:eco/images/cms/banners/dPDP_Fresh_Graphic2_2025_003en-us.jpg",
"Dream Water, Sleep Gummies, Snoozeberry, 60 Gummies","₨4,401.20","https://cloudinary.images-iherb.com/image/upload/f_auto,q_auto:eco/images/drm/drm00255/r/24.jpg,https://cloudinary.images-iherb.com/image/upload/f_auto,q_auto:eco/images/drm/drm00255/r/30.jpg,https://cloudinary.images-iherb.com/image/upload/w_240/f_auto,q_auto:eco/images/cms/banners/dPDP_Authenticity_Graphic2_2025_009en-us.jpg,https://cloudinary.images-iherb.com/image/upload/w_240/f_auto,q_auto:eco/images/cms/banners/dPDP_Fresh_Graphic2_2025_003en-us.jpg,https://cloudinary.images-iherb.com/image/upload/f_auto,q_auto:eco/images/drm/drm00255/r/24.jpg",
"Natural Factors, Stress-Relax®, Melatonin, 3 mg, 90 Chewable Tablets","₨1,461.89","https://cloudinary.images-iherb.com/image/upload/f_auto,q_auto:eco/images/nfs/nfs02715/r/52.jpg,https://cloudinary.images-iherb.com/image/upload/f_auto,q_auto:eco/images/nfs/nfs02715/r/55.jpg,https://cloudinary.images-iherb.com/image/upload/w_240/f_auto,q_auto:eco/images/cms/banners/dPDP_Authenticity_Graphic2_2025_009en-us.jpg,https://cloudinary.images-iherb.com/image/upload/w_240/f_auto,q_auto:eco/images/cms/banners/dPDP_Fresh_Graphic2_2025_003en-us.jpg,https://cloudinary.images-iherb.com/image/upload/f_auto,q_auto:eco/images/nfs/nfs02715/r/52.jpg",
"NaturesPlus, Magnesium, 200 mg, 180 Tablets","₨6,668.05","https://cloudinary.images-iherb.com/image/upload/f_auto,q_auto:eco/images/nap/nap03360/r/37.jpg,https://cloudinary.images-iherb.com/image/upload/f_auto,q_auto:eco/images/nap/nap03360/r/42.jpg,https://cloudinary.images-iherb.com/image/upload/w_240/f_auto,q_auto:eco/images/cms/banners/dPDP_Authenticity_Graphic2_2025_009en-us.jpg,https://cloudinary.images-iherb.com/image/upload/w_240/f_auto,q_auto:eco/images/cms/banners/dPDP_Fresh_Graphic2_2025_003en-us.jpg,https://cloudinary.images-iherb.com/image/upload/f_auto,q_auto:eco/images/nap/nap03360/r/37.jpg",
"Garden of Life, Dr. Formulated, Whole Food Magnesium, Raspberry Lemon, 7 oz (198.4 g)","₨5,943.96","https://cloudinary.images-iherb.com/image/upload/f_auto,q_auto:eco/images/gol/gol12279/r/42.jpg,https://cloudinary.images-iherb.com/image/upload/f_auto,q_auto:eco/images/gol/gol12279/r/47.jpg,https://cloudinary.images-iherb.com/image/upload/w_240/f_auto,q_auto:eco/images/cms/banners/dPDP_Authenticity_Graphic2_2025_009en-us.jpg,https://cloudinary.images-iherb.com/image/upload/w_240/f_auto,q_auto:eco/images/cms/banners/dPDP_Fresh_Graphic2_2025_003en-us.jpg,https://cloudinary.images-iherb.com/image/upload/f_auto,q_auto:eco/images/gol/gol12279/r/42.jpg",
"Natural Factors, Magnesium Citrate, Tropical Drink Mix, 8.8 oz (250 g)","₨5,671.77","https://cloudinary.images-iherb.com/image/upload/f_auto,q_auto:eco/images/nfs/nfs03542/r/24.jpg,https://cloudinary.images-iherb.com/image/upload/f_auto,q_auto:eco/images/nfs/nfs03542/r/27.jpg,https://cloudinary.images-iherb.com/image/upload/w_240/f_auto,q_auto:eco/images/cms/banners/dPDP_Authenticity_Graphic2_2025_009en-us.jpg,https://cloudinary.images-iherb.com/image/upload/w_240/f_auto,q_auto:eco/images/cms/banners/dPDP_Fresh_Graphic2_2025_003en-us.jpg,https://cloudinary.images-iherb.com/image/upload/f_auto,q_auto:eco/images/nfs/nfs03542/r/24.jpg",
"Trace, Magnesium Gummies, Watermelon, 120 Gummies","₨7,719.38","https://cloudinary.images-iherb.com/image/upload/f_auto,q_auto:eco/images/tmr/tmr00488/r/32.jpg,https://cloudinary.images-iherb.com/image/upload/f_auto,q_auto:eco/images/tmr/tmr00488/r/37.jpg,https://cloudinary.images-iherb.com/image/upload/w_240/f_auto,q_auto:eco/images/cms/banners/dPDP_Authenticity_Graphic2_2025_009en-us.jpg,https://cloudinary.images-iherb.com/image/upload/w_240/f_auto,q_auto:eco/images/cms/banners/dPDP_Fresh_Graphic2_2025_003en-us.jpg,https://cloudinary.images-iherb.com/image/upload/f_auto,q_auto:eco/images/tmr/tmr00488/r/32.jpg",
"Vitamatic, Magnesium Taurate Powder , 8.8 oz (250 g)","₨4,913.22","https://cloudinary.images-iherb.com/image/upload/f_auto,q_auto:eco/images/vmc/vmc47498/r/2.jpg,https://cloudinary.images-iherb.com/image/upload/f_auto,q_auto:eco/images/vmc/vmc47498/r/3.jpg,https://cloudinary.images-iherb.com/image/upload/w_240/f_auto,q_auto:eco/images/cms/banners/dPDP_Authenticity_Graphic2_2025_009en-us.jpg,https://cloudinary.images-iherb.com/image/upload/w_240/f_auto,q_auto:eco/images/cms/banners/dPDP_Fresh_Graphic2_2025_003en-us.jpg,https://cloudinary.images-iherb.com/image/upload/f_auto,q_auto:eco/images/vmc/vmc47498/r/2.jpg",
"Maxi Health, Mel-O-Chew™, Natural Berry, 5 mg, 100 Chewies","₨4,770.99","https://cloudinary.images-iherb.com/image/upload/f_auto,q_auto:eco/images/mxt/mxt36210/r/8.jpg,https://cloudinary.images-iherb.com/image/upload/f_auto,q_auto:eco/images/mxt/mxt36210/r/13.jpg,https://cloudinary.images-iherb.com/image/upload/w_240/f_auto,q_auto:eco/images/cms/banners/dPDP_Authenticity_Graphic2_2025_009en-us.jpg,https://cloudinary.images-iherb.com/image/upload/w_240/f_auto,q_auto:eco/images/cms/banners/dPDP_Fresh_Graphic2_2025_003en-us.jpg,https://cloudinary.images-iherb.com/image/upload/f_auto,q_auto:eco/images/mxt/mxt36210/r/8.jpg",
"Nature's Life, Renewing Magnesium, 500 mg, 250 Capsules","₨6,637.30","https://cloudinary.images-iherb.com/image/upload/f_auto,q_auto:eco/images/nli/nli00438/r/16.jpg,https://cloudinary.images-iherb.com/image/upload/f_auto,q_auto:eco/images/nli/nli00438/r/19.jpg,https://cloudinary.images-iherb.com/image/upload/w_240/f_auto,q_auto:eco/images/cms/banners/dPDP_Authenticity_Graphic2_2025_009en-us.jpg,https://cloudinary.images-iherb.com/image/upload/w_240/f_auto,q_auto:eco/images/cms/banners/dPDP_Fresh_Graphic2_2025_003en-us.jpg,https://cloudinary.images-iherb.com/image/upload/f_auto,q_auto:eco/images/nli/nli00438/r/16.jpg",
"Nature's Craft, Magnesium Glycinate, 240 Capsules (100 mg per Capsule)","₨9,030.42","https://cloudinary.images-iherb.com/image/upload/f_auto,q_auto:eco/images/nca/nca63941/r/8.jpg,https://cloudinary.images-iherb.com/image/upload/f_auto,q_auto:eco/images/nca/nca63941/r/11.jpg,https://cloudinary.images-iherb.com/image/upload/w_240/f_auto,q_auto:eco/images/cms/banners/dPDP_Authenticity_Graphic2_2025_009en-us.jpg,https://cloudinary.images-iherb.com/image/upload/w_240/f_auto,q_auto:eco/images/cms/banners/dPDP_Fresh_Graphic2_2025_003en-us.jpg,https://img.youtube.com/vi/kWmbw-KpVrc/0.jpg",
"Herbs Etc., Deep Sleep, 120 Softgels",,"https://cloudinary.images-iherb.com/image/upload/f_auto,q_auto:eco/images/hec/hec50301/r/35.jpg,https://cloudinary.images-iherb.com/image/upload/f_auto,q_auto:eco/images/hec/hec50301/r/41.jpg,https://cloudinary.images-iherb.com/image/upload/w_240/f_auto,q_auto:eco/images/cms/banners/dPDP_Authenticity_Graphic2_2025_009en-us.jpg,https://cloudinary.images-iherb.com/image/upload/w_240/f_auto,q_auto:eco/images/cms/banners/dPDP_Fresh_Graphic2_2025_003en-us.jpg,https://cloudinary.images-iherb.com/image/upload/f_auto,q_auto:eco/images/hec/hec50301/r/43.jpg",
"Natural Vitality, CALM, Magnesium Supplement, Orange, 83 mg, 120 Gummies","₨7,646.07","https://cloudinary.images-iherb.com/image/upload/f_auto,q_auto:eco/images/nnt/nnt04308/r/8.jpg,https://cloudinary.images-iherb.com/image/upload/f_auto,q_auto:eco/images/nnt/nnt04308/r/13.jpg,https://cloudinary.images-iherb.com/image/upload/w_240/f_auto,q_auto:eco/images/cms/banners/dPDP_Authenticity_Graphic2_2025_009en-us.jpg,https://cloudinary.images-iherb.com/image/upload/w_240/f_auto,q_auto:eco/images/cms/banners/dPDP_Fresh_Graphic2_2025_003en-us.jpg,https://cloudinary.images-iherb.com/image/upload/f_auto,q_auto:eco/images/nnt/nnt04308/r/8.jpg",
"LifeSeasons, Magnesium Glycinate, 120 Veg Capsules (87.5 mg per Capsule)","₨4,019.15","https://cloudinary.images-iherb.com/image/upload/f_auto,q_auto:eco/images/lse/lse44161/r/8.jpg,https://cloudinary.images-iherb.com/image/upload/f_auto,q_auto:eco/images/lse/lse44161/r/14.jpg,https://cloudinary.images-iherb.com/image/upload/w_240/f_auto,q_auto:eco/images/cms/banners/dPDP_Authenticity_Graphic2_2025_009en-us.jpg,https://cloudinary.images-iherb.com/image/upload/w_240/f_auto,q_auto:eco/images/cms/banners/dPDP_Fresh_Graphic2_2025_003en-us.jpg,https://cloudinary.images-iherb.com/image/upload/f_auto,q_auto:eco/images/lse/lse44161/r/8.jpg",
"Nature's Life, Renewing Magnesium, 500 mg, 180 VegCaps","₨4,099.63","https://cloudinary.images-iherb.com/image/upload/f_auto,q_auto:eco/images/nli/nli83459/r/32.jpg,https://cloudinary.images-iherb.com/image/upload/f_auto,q_auto:eco/images/nli/nli83459/r/37.jpg,https://cloudinary.images-iherb.com/image/upload/w_240/f_auto,q_auto:eco/images/cms/banners/dPDP_Authenticity_Graphic2_2025_009en-us.jpg,https://cloudinary.images-iherb.com/image/upload/w_240/f_auto,q_auto:eco/images/cms/banners/dPDP_Fresh_Graphic2_2025_003en-us.jpg,https://cloudinary.images-iherb.com/image/upload/f_auto,q_auto:eco/images/nli/nli83459/r/32.jpg",
"Natural Vitality, CALM®, Relaxing Drink Mix, Original Unflavored, 8 oz (227 g)","₨6,195.58","https://cloudinary.images-iherb.com/image/upload/f_auto,q_auto:eco/images/ptg/ptg04349/r/40.jpg,https://cloudinary.images-iherb.com/image/upload/f_auto,q_auto:eco/images/ptg/ptg04349/r/45.jpg,https://cloudinary.images-iherb.com/image/upload/w_240/f_auto,q_auto:eco/images/cms/banners/dPDP_Authenticity_Graphic2_2025_009en-us.jpg,https://cloudinary.images-iherb.com/image/upload/w_240/f_auto,q_auto:eco/images/cms/banners/dPDP_Fresh_Graphic2_2025_003en-us.jpg,https://cloudinary.images-iherb.com/image/upload/f_auto,q_auto:eco/images/ptg/ptg04349/r/40.jpg",
"Natrol, MelatoninMax™, Blueberry, 10 mg, 50 Gummies","₨5,165.53","https://cloudinary.images-iherb.com/image/upload/f_auto,q_auto:eco/images/jrw/jrw07881/r/26.jpg,https://cloudinary.images-iherb.com/image/upload/f_auto,q_auto:eco/images/jrw/jrw07881/r/32.jpg,https://cloudinary.images-iherb.com/image/upload/w_240/f_auto,q_auto:eco/images/cms/banners/dPDP_Authenticity_Graphic2_2025_009en-us.jpg,https://cloudinary.images-iherb.com/image/upload/w_240/f_auto,q_auto:eco/images/cms/banners/dPDP_Fresh_Graphic2_2025_003en-us.jpg,https://cloudinary.images-iherb.com/image/upload/f_auto,q_auto:eco/images/jrw/jrw07881/r/26.jpg",
"Bach, Original Flower Remedies, Rescue Sleep Dropper, Natural Sleep Aid, 0.7 fl oz (20 ml)","₨5,449.80","https://cloudinary.images-iherb.com/image/upload/f_auto,q_auto:eco/images/bac/bac40081/r/12.jpg,https://cloudinary.images-iherb.com/image/upload/f_auto,q_auto:eco/images/bac/bac40081/r/14.jpg,https://cloudinary.images-iherb.com/image/upload/f_auto,q_auto:eco/images/bac/bac40081/r/16.jpg,https://cloudinary.images-iherb.com/image/upload/f_auto,q_auto:eco/images/bac/bac40081/r/11.jpg,https://cloudinary.images-iherb.com/image/upload/w_240/f_auto,q_auto:eco/images/cms/banners/dPDP_Authenticity_Graphic2_2025_009en-us.jpg",
"Goli Nutrition, Dreamy Sleep Gummies, 60 Gummies","₨5,238.14","https://cloudinary.images-iherb.com/image/upload/f_auto,q_auto:eco/images/goi/goi40253/r/24.jpg,https://cloudinary.images-iherb.com/image/upload/f_auto,q_auto:eco/images/goi/goi40253/r/26.jpg,https://cloudinary.images-iherb.com/image/upload/w_240/f_auto,q_auto:eco/images/cms/banners/dPDP_Authenticity_Graphic2_2025_009en-us.jpg,https://cloudinary.images-iherb.com/image/upload/w_240/f_auto,q_auto:eco/images/cms/banners/dPDP_Fresh_Graphic2_2025_003en-us.jpg,https://cloudinary.images-iherb.com/image/upload/f_auto,q_auto:eco/images/goi/goi40253/r/24.jpg",
"Nutricost, Magnesium Glycinate, 90 Capsules (70 mg per Capsule)","₨4,400.97","https://cloudinary.images-iherb.com/image/upload/f_auto,q_auto:eco/images/ncs/ncs57138/r/8.jpg,https://cloudinary.images-iherb.com/image/upload/f_auto,q_auto:eco/images/ncs/ncs57138/r/13.jpg,https://cloudinary.images-iherb.com/image/upload/w_240/f_auto,q_auto:eco/images/cms/banners/dPDP_Authenticity_Graphic2_2025_009en-us.jpg,https://cloudinary.images-iherb.com/image/upload/w_240/f_auto,q_auto:eco/images/cms/banners/dPDP_Fresh_Graphic2_2025_003en-us.jpg,https://cloudinary.images-iherb.com/image/upload/f_auto,q_auto:eco/images/ncs/ncs57138/r/8.jpg",
"Bio Nutrition, California Poppy Seed, 500 mg , 60 Vegetarian Capsules","₨4,686.13","https://cloudinary.images-iherb.com/image/upload/f_auto,q_auto:eco/images/biu/biu00320/r/36.jpg,https://cloudinary.images-iherb.com/image/upload/f_auto,q_auto:eco/images/biu/biu00320/r/37.jpg,https://cloudinary.images-iherb.com/image/upload/f_auto,q_auto:eco/images/biu/biu00320/r/40.jpg,https://cloudinary.images-iherb.com/image/upload/w_240/f_auto,q_auto:eco/images/cms/banners/dPDP_Authenticity_Graphic2_2025_009en-us.jpg,https://cloudinary.images-iherb.com/image/upload/w_240/f_auto,q_auto:eco/images/cms/banners/dPDP_Fresh_Graphic2_2025_003en-us.jpg",
"Zahler, Magnesium, Bioactive Magnesium Citrate, 200 mg, 250 Capsules","₨11,094.23","https://cloudinary.images-iherb.com/image/upload/f_auto,q_auto:eco/images/zah/zah08218/r/24.jpg,https://cloudinary.images-iherb.com/image/upload/f_auto,q_auto:eco/images/zah/zah08218/r/29.jpg,https://cloudinary.images-iherb.com/image/upload/w_240/f_auto,q_auto:eco/images/cms/banners/dPDP_Authenticity_Graphic2_2025_009en-us.jpg,https://cloudinary.images-iherb.com/image/upload/w_240/f_auto,q_auto:eco/images/cms/banners/dPDP_Fresh_Graphic2_2025_003en-us.jpg,https://cloudinary.images-iherb.com/image/upload/f_auto,q_auto:eco/images/zah/zah08218/r/24.jpg",
"KAL, Dinosaurs, Magnesium Powder , 4 oz (112.5 g)","₨3,415.09","https://cloudinary.images-iherb.com/image/upload/f_auto,q_auto:eco/images/cal/cal26932/r/8.jpg,https://cloudinary.images-iherb.com/image/upload/f_auto,q_auto:eco/images/cal/cal26932/r/13.jpg,https://cloudinary.images-iherb.com/image/upload/w_240/f_auto,q_auto:eco/images/cms/banners/dPDP_Authenticity_Graphic2_2025_009en-us.jpg,https://cloudinary.images-iherb.com/image/upload/w_240/f_auto,q_auto:eco/images/cms/banners/dPDP_Fresh_Graphic2_2025_003en-us.jpg,https://cloudinary.images-iherb.com/image/upload/f_auto,q_auto:eco/images/cal/cal26932/r/8.jpg",
"MRM Nutrition, Relax-All Sleep®, 60 Vegan Capsules","₨4,730.06","https://cloudinary.images-iherb.com/image/upload/f_auto,q_auto:eco/images/mrm/mrm31001/r/24.jpg,https://cloudinary.images-iherb.com/image/upload/f_auto,q_auto:eco/images/mrm/mrm31001/r/26.jpg,https://cloudinary.images-iherb.com/image/upload/w_240/f_auto,q_auto:eco/images/cms/banners/dPDP_Authenticity_Graphic2_2025_009en-us.jpg,https://cloudinary.images-iherb.com/image/upload/w_240/f_auto,q_auto:eco/images/cms/banners/dPDP_Fresh_Graphic2_2025_003en-us.jpg,https://cloudinary.images-iherb.com/image/upload/f_auto,q_auto:eco/images/mrm/mrm31001/r/24.jpg",
"Trace, Magnesium Glycinate Powder, Grape, 6.35 oz (180 g)","₨5,867.65","https://cloudinary.images-iherb.com/image/upload/f_auto,q_auto:eco/images/tmr/tmr00888/r/40.jpg,https://cloudinary.images-iherb.com/image/upload/f_auto,q_auto:eco/images/tmr/tmr00888/r/45.jpg,https://cloudinary.images-iherb.com/image/upload/w_240/f_auto,q_auto:eco/images/cms/banners/dPDP_Authenticity_Graphic2_2025_009en-us.jpg,https://cloudinary.images-iherb.com/image/upload/w_240/f_auto,q_auto:eco/images/cms/banners/dPDP_Fresh_Graphic2_2025_003en-us.jpg,https://cloudinary.images-iherb.com/image/upload/f_auto,q_auto:eco/images/tmr/tmr00888/r/40.jpg",
"Swanson, Magnesium Aspartate, 685 mg, 90 Capsules","₨2,616.53","https://cloudinary.images-iherb.com/image/upload/f_auto,q_auto:eco/images/swv/swv11420/r/24.jpg,https://cloudinary.images-iherb.com/image/upload/f_auto,q_auto:eco/images/swv/swv11420/r/29.jpg,https://cloudinary.images-iherb.com/image/upload/w_240/f_auto,q_auto:eco/images/cms/banners/dPDP_Authenticity_Graphic2_2025_009en-us.jpg,https://cloudinary.images-iherb.com/image/upload/w_240/f_auto,q_auto:eco/images/cms/banners/dPDP_Fresh_Graphic2_2025_003en-us.jpg,https://cloudinary.images-iherb.com/image/upload/f_auto,q_auto:eco/images/swv/swv11420/r/24.jpg",
"NaturesPlus, KalmAssure, Magnesium Glycinate, 90 Capsules (70 mg per Capsule)",,"https://cloudinary.images-iherb.com/image/upload/f_auto,q_auto:eco/images/nap/nap33609/r/8.jpg,https://cloudinary.images-iherb.com/image/upload/f_auto,q_auto:eco/images/nap/nap33609/r/11.jpg,https://cloudinary.images-iherb.com/image/upload/w_240/f_auto,q_auto:eco/images/cms/banners/dPDP_Authenticity_Graphic2_2025_009en-us.jpg,https://cloudinary.images-iherb.com/image/upload/w_240/f_auto,q_auto:eco/images/cms/banners/dPDP_Fresh_Graphic2_2025_003en-us.jpg,https://cloudinary.images-iherb.com/image/upload/f_auto,q_auto:eco/images/nap/nap33609/r/8.jpg",
"BIOptimizers, Magnesium Breakthrough, Raspberry-Lemonade, 4.7 oz (134 g)","₨6,691.64","https://cloudinary.images-iherb.com/image/upload/f_auto,q_auto:eco/images/boz/boz11675/r/8.jpg,https://cloudinary.images-iherb.com/image/upload/f_auto,q_auto:eco/images/boz/boz11675/r/14.jpg,https://cloudinary.images-iherb.com/image/upload/w_240/f_auto,q_auto:eco/images/cms/banners/dPDP_Authenticity_Graphic2_2025_009en-us.jpg,https://cloudinary.images-iherb.com/image/upload/w_240/f_auto,q_auto:eco/images/cms/banners/dPDP_Fresh_Graphic2_2025_003en-us.jpg,https://cloudinary.images-iherb.com/image/upload/f_auto,q_auto:eco/images/boz/boz11675/r/8.jpg",
"BrainMD, Magnesium Chewables, Citrus, 150 mg , 60 Vegan Tablets","₨6,406.03","https://cloudinary.images-iherb.com/image/upload/f_auto,q_auto:eco/images/brd/brd00333/r/8.jpg,https://cloudinary.images-iherb.com/image/upload/f_auto,q_auto:eco/images/brd/brd00333/r/14.jpg,https://cloudinary.images-iherb.com/image/upload/w_240/f_auto,q_auto:eco/images/cms/banners/dPDP_Authenticity_Graphic2_2025_009en-us.jpg,https://cloudinary.images-iherb.com/image/upload/w_240/f_auto,q_auto:eco/images/cms/banners/dPDP_Fresh_Graphic2_2025_003en-us.jpg,https://cloudinary.images-iherb.com/image/upload/f_auto,q_auto:eco/images/brd/brd00333/r/8.jpg",
"Doctor's Best, 5-HTP, Enhanced with Vitamins B6 & C, 120 Veggie Caps",,"https://cloudinary.images-iherb.com/image/upload/f_auto,q_auto:eco/images/drb/drb00120/r/98.jpg,https://cloudinary.images-iherb.com/image/upload/f_auto,q_auto:eco/images/drb/drb00120/r/101.jpg,https://cloudinary.images-iherb.com/image/upload/w_240/f_auto,q_auto:eco/images/cms/banners/dPDP_Authenticity_Graphic2_2025_009en-us.jpg,https://cloudinary.images-iherb.com/image/upload/w_240/f_auto,q_auto:eco/images/cms/banners/dPDP_Fresh_Graphic2_2025_003en-us.jpg,https://cloudinary.images-iherb.com/image/upload/f_auto,q_auto:eco/images/drb/drb00120/r/98.jpg",
"Natural Factors, Stress-Relax®, Melatonin, 5 mg, 90 Chewable Tablets","₨2,153.37","https://cloudinary.images-iherb.com/image/upload/f_auto,q_auto:eco/images/nfs/nfs02717/r/27.jpg,https://cloudinary.images-iherb.com/image/upload/f_auto,q_auto:eco/images/nfs/nfs02717/r/30.jpg,https://cloudinary.images-iherb.com/image/upload/w_240/f_auto,q_auto:eco/images/cms/banners/dPDP_Authenticity_Graphic2_2025_009en-us.jpg,https://cloudinary.images-iherb.com/image/upload/w_240/f_auto,q_auto:eco/images/cms/banners/dPDP_Fresh_Graphic2_2025_003en-us.jpg,https://cloudinary.images-iherb.com/image/upload/f_auto,q_auto:eco/images/nfs/nfs02717/r/27.jpg",
"KAL, Magnesium Amino Acid Chelate, 100 Tablets","₨2,051.09","https://cloudinary.images-iherb.com/image/upload/f_auto,q_auto:eco/images/cal/cal81123/r/8.jpg,https://cloudinary.images-iherb.com/image/upload/f_auto,q_auto:eco/images/cal/cal81123/r/13.jpg,https://cloudinary.images-iherb.com/image/upload/w_240/f_auto,q_auto:eco/images/cms/banners/dPDP_Authenticity_Graphic2_2025_009en-us.jpg,https://cloudinary.images-iherb.com/image/upload/w_240/f_auto,q_auto:eco/images/cms/banners/dPDP_Fresh_Graphic2_2025_003en-us.jpg,https://cloudinary.images-iherb.com/image/upload/f_auto,q_auto:eco/images/cal/cal81123/r/8.jpg",
"Garden of Life, Organics, Kids Elderberry & Sleep, Immune Syrup with Bedtime Herbs, Zinc & Vitamin C, 3.92 fl oz (116 ml)","₨4,968.95","https://cloudinary.images-iherb.com/image/upload/f_auto,q_auto:eco/images/gol/gol12821/r/93.jpg,https://cloudinary.images-iherb.com/image/upload/f_auto,q_auto:eco/images/gol/gol12821/r/97.jpg,https://cloudinary.images-iherb.com/image/upload/f_auto,q_auto:eco/images/gol/gol12821/r/85.jpg,https://cloudinary.images-iherb.com/image/upload/f_auto,q_auto:eco/images/gol/gol12821/r/94.jpg,https://cloudinary.images-iherb.com/image/upload/w_240/f_auto,q_auto:eco/images/cms/banners/dPDP_Authenticity_Graphic2_2025_009en-us.jpg",
"Force Factor, Melatonin , 3 mg, 60 Vegetable Capsules",,"https://cloudinary.images-iherb.com/image/upload/f_auto,q_auto:eco/images/foa/foa66044/r/8.jpg,https://cloudinary.images-iherb.com/image/upload/f_auto,q_auto:eco/images/foa/foa66044/r/13.jpg,https://cloudinary.images-iherb.com/image/upload/w_240/f_auto,q_auto:eco/images/cms/banners/dPDP_Authenticity_Graphic2_2025_009en-us.jpg,https://cloudinary.images-iherb.com/image/upload/w_240/f_auto,q_auto:eco/images/cms/banners/dPDP_Fresh_Graphic2_2025_003en-us.jpg,https://cloudinary.images-iherb.com/image/upload/f_auto,q_auto:eco/images/foa/foa66044/r/16.jpg",
"NuBest, Magnesium Complex, 90 Vegetarian Capsules","₨7,045.71","https://cloudinary.images-iherb.com/image/upload/f_auto,q_auto:eco/images/nbs/nbs01607/r/8.jpg,https://cloudinary.images-iherb.com/image/upload/f_auto,q_auto:eco/images/nbs/nbs01607/r/13.jpg,https://cloudinary.images-iherb.com/image/upload/w_240/f_auto,q_auto:eco/images/cms/banners/dPDP_Authenticity_Graphic2_2025_009en-us.jpg,https://cloudinary.images-iherb.com/image/upload/w_240/f_auto,q_auto:eco/images/cms/banners/dPDP_Fresh_Graphic2_2025_003en-us.jpg,https://cloudinary.images-iherb.com/image/upload/f_auto,q_auto:eco/images/nbs/nbs01607/r/8.jpg",
"Source Naturals, Sleep Science®, NightRest™ With Melatonin, 50 Tablets","₨2,234.02","https://cloudinary.images-iherb.com/image/upload/f_auto,q_auto:eco/images/sns/sns00357/r/8.jpg,https://cloudinary.images-iherb.com/image/upload/f_auto,q_auto:eco/images/sns/sns00357/r/14.jpg,https://cloudinary.images-iherb.com/image/upload/w_240/f_auto,q_auto:eco/images/cms/banners/dPDP_Authenticity_Graphic2_2025_009en-us.jpg,https://cloudinary.images-iherb.com/image/upload/w_240/f_auto,q_auto:eco/images/cms/banners/dPDP_Fresh_Graphic2_2025_003en-us.jpg,https://cloudinary.images-iherb.com/image/upload/f_auto,q_auto:eco/images/sns/sns00357/r/8.jpg",
"BioSchwartz, Magnesium Bisglycinate, Maximum Absorption, 360 Veggie Caps (24 mg per Cap)",,"https://cloudinary.images-iherb.com/image/upload/f_auto,q_auto:eco/images/btz/btz43044/r/40.jpg,https://cloudinary.images-iherb.com/image/upload/f_auto,q_auto:eco/images/btz/btz43044/r/46.jpg,https://cloudinary.images-iherb.com/image/upload/w_240/f_auto,q_auto:eco/images/cms/banners/dPDP_Authenticity_Graphic2_2025_009en-us.jpg,https://cloudinary.images-iherb.com/image/upload/w_240/f_auto,q_auto:eco/images/cms/banners/dPDP_Fresh_Graphic2_2025_003en-us.jpg,https://cloudinary.images-iherb.com/image/upload/f_auto,q_auto:eco/images/btz/btz43044/r/40.jpg",
"Source Naturals, Magnesium Ascorbate, 1,000 mg , 120 Tablets","₨5,459.70","https://cloudinary.images-iherb.com/image/upload/f_auto,q_auto:eco/images/sns/sns02399/r/39.jpg,https://cloudinary.images-iherb.com/image/upload/f_auto,q_auto:eco/images/sns/sns02399/r/44.jpg,https://cloudinary.images-iherb.com/image/upload/w_240/f_auto,q_auto:eco/images/cms/banners/dPDP_Authenticity_Graphic2_2025_009en-us.jpg,https://cloudinary.images-iherb.com/image/upload/w_240/f_auto,q_auto:eco/images/cms/banners/dPDP_Fresh_Graphic2_2025_003en-us.jpg,https://cloudinary.images-iherb.com/image/upload/f_auto,q_auto:eco/images/sns/sns02399/r/39.jpg",
"Nature's Truth, Low Dose Sleep Melatonin Gummies, Natural Cherry Pomegranate, 1 mg, 60 Gummies","₨3,459.72","https://cloudinary.images-iherb.com/image/upload/f_auto,q_auto:eco/images/nth/nth11656/r/48.jpg,https://cloudinary.images-iherb.com/image/upload/f_auto,q_auto:eco/images/nth/nth11656/r/53.jpg,https://cloudinary.images-iherb.com/image/upload/w_240/f_auto,q_auto:eco/images/cms/banners/dPDP_Authenticity_Graphic2_2025_009en-us.jpg,https://cloudinary.images-iherb.com/image/upload/w_240/f_auto,q_auto:eco/images/cms/banners/dPDP_Fresh_Graphic2_2025_003en-us.jpg,https://cloudinary.images-iherb.com/image/upload/f_auto,q_auto:eco/images/nth/nth11656/r/48.jpg",
"NutraChamps, Magnesium, Zinc & Vitamin D3, 120 Vegan Capsules","₨6,143.31","https://cloudinary.images-iherb.com/image/upload/f_auto,q_auto:eco/images/nhp/nhp99049/r/24.jpg,https://cloudinary.images-iherb.com/image/upload/f_auto,q_auto:eco/images/nhp/nhp99049/r/29.jpg,https://cloudinary.images-iherb.com/image/upload/w_240/f_auto,q_auto:eco/images/cms/banners/dPDP_Authenticity_Graphic2_2025_009en-us.jpg,https://cloudinary.images-iherb.com/image/upload/w_240/f_auto,q_auto:eco/images/cms/banners/dPDP_Fresh_Graphic2_2025_003en-us.jpg,https://cloudinary.images-iherb.com/image/upload/f_auto,q_auto:eco/images/nhp/nhp99049/r/24.jpg",
"Micro Ingredients, Melatonin, Strawberry, 20 mg, 400 Tablets","₨5,631.06","https://cloudinary.images-iherb.com/image/upload/f_auto,q_auto:eco/images/mii/mii61627/r/2.jpg,https://cloudinary.images-iherb.com/image/upload/f_auto,q_auto:eco/images/mii/mii61627/r/3.jpg,https://cloudinary.images-iherb.com/image/upload/w_240/f_auto,q_auto:eco/images/cms/banners/dPDP_Authenticity_Graphic2_2025_009en-us.jpg,https://cloudinary.images-iherb.com/image/upload/w_240/f_auto,q_auto:eco/images/cms/banners/dPDP_Fresh_Graphic2_2025_003en-us.jpg,https://cloudinary.images-iherb.com/image/upload/f_auto,q_auto:eco/images/mii/mii61627/r/2.jpg",
"Qualia, Magnesium+™, 42 Capsules","₨9,919.87","https://cloudinary.images-iherb.com/image/upload/f_auto,q_auto:eco/images/qui/qui14968/r/8.jpg,https://cloudinary.images-iherb.com/image/upload/f_auto,q_auto:eco/images/qui/qui14968/r/13.jpg,https://cloudinary.images-iherb.com/image/upload/w_240/f_auto,q_auto:eco/images/cms/banners/dPDP_Authenticity_Graphic2_2025_009en-us.jpg,https://cloudinary.images-iherb.com/image/upload/w_240/f_auto,q_auto:eco/images/cms/banners/dPDP_Fresh_Graphic2_2025_003en-us.jpg,https://cloudinary.images-iherb.com/image/upload/f_auto,q_auto:eco/images/qui/qui14968/r/8.jpg",
"MegaFood, Magnesium, 90 Tablets","₨8,139.58","https://cloudinary.images-iherb.com/image/upload/f_auto,q_auto:eco/images/mgf/mgf10120/r/67.jpg,https://cloudinary.images-iherb.com/image/upload/f_auto,q_auto:eco/images/mgf/mgf10120/r/70.jpg,https://cloudinary.images-iherb.com/image/upload/w_240/f_auto,q_auto:eco/images/cms/banners/dPDP_Authenticity_Graphic2_2025_009en-us.jpg,https://cloudinary.images-iherb.com/image/upload/w_240/f_auto,q_auto:eco/images/cms/banners/dPDP_Fresh_Graphic2_2025_003en-us.jpg,https://cloudinary.images-iherb.com/image/upload/f_auto,q_auto:eco/images/mgf/mgf10120/r/67.jpg",
"Source Naturals, Magnesium Citrate, 133 mg, 180 Capsules","₨4,892.17","https://cloudinary.images-iherb.com/image/upload/f_auto,q_auto:eco/images/sns/sns02100/r/20.jpg,https://cloudinary.images-iherb.com/image/upload/f_auto,q_auto:eco/images/sns/sns02100/r/26.jpg,https://cloudinary.images-iherb.com/image/upload/w_240/f_auto,q_auto:eco/images/cms/banners/dPDP_Authenticity_Graphic2_2025_009en-us.jpg,https://cloudinary.images-iherb.com/image/upload/w_240/f_auto,q_auto:eco/images/cms/banners/dPDP_Fresh_Graphic2_2025_003en-us.jpg,https://cloudinary.images-iherb.com/image/upload/f_auto,q_auto:eco/images/sns/sns02100/r/20.jpg",
"Natrol, Liquid Melatonin, Berry, 1 mg, 2 fl oz (60 ml)","₨2,637.90","https://cloudinary.images-iherb.com/image/upload/f_auto,q_auto:eco/images/ntl/ntl07402/r/71.jpg,https://cloudinary.images-iherb.com/image/upload/f_auto,q_auto:eco/images/ntl/ntl07402/r/76.jpg,https://cloudinary.images-iherb.com/image/upload/w_240/f_auto,q_auto:eco/images/cms/banners/dPDP_Authenticity_Graphic2_2025_009en-us.jpg,https://cloudinary.images-iherb.com/image/upload/w_240/f_auto,q_auto:eco/images/cms/banners/dPDP_Fresh_Graphic2_2025_003en-us.jpg,https://cloudinary.images-iherb.com/image/upload/f_auto,q_auto:eco/images/ntl/ntl07402/r/71.jpg",
"Nutricost, Melatonin, 12 mg, 240 Tablets","₨3,284.88","https://cloudinary.images-iherb.com/image/upload/f_auto,q_auto:eco/images/ncs/ncs67274/r/8.jpg,https://cloudinary.images-iherb.com/image/upload/f_auto,q_auto:eco/images/ncs/ncs67274/r/13.jpg,https://cloudinary.images-iherb.com/image/upload/w_240/f_auto,q_auto:eco/images/cms/banners/dPDP_Authenticity_Graphic2_2025_009en-us.jpg,https://cloudinary.images-iherb.com/image/upload/w_240/f_auto,q_auto:eco/images/cms/banners/dPDP_Fresh_Graphic2_2025_003en-us.jpg,https://cloudinary.images-iherb.com/image/upload/f_auto,q_auto:eco/images/ncs/ncs67274/r/8.jpg",
"Vitamatic, Magnesium Citrate Gummies, Natural Raspberry, 60 Gummies","₨4,370.90","https://cloudinary.images-iherb.com/image/upload/f_auto,q_auto:eco/images/vmc/vmc47292/r/20.jpg,https://cloudinary.images-iherb.com/image/upload/f_auto,q_auto:eco/images/vmc/vmc47292/r/21.jpg,https://cloudinary.images-iherb.com/image/upload/w_240/f_auto,q_auto:eco/images/cms/banners/dPDP_Authenticity_Graphic2_2025_009en-us.jpg,https://cloudinary.images-iherb.com/image/upload/w_240/f_auto,q_auto:eco/images/cms/banners/dPDP_Fresh_Graphic2_2025_003en-us.jpg,https://cloudinary.images-iherb.com/image/upload/f_auto,q_auto:eco/images/vmc/vmc47292/r/20.jpg",
"Nutricost, Magnesium Glycinate, 180 Capsules (70 mg per Capsule)","₨7,451.35","https://cloudinary.images-iherb.com/image/upload/f_auto,q_auto:eco/images/ncs/ncs57139/r/8.jpg,https://cloudinary.images-iherb.com/image/upload/f_auto,q_auto:eco/images/ncs/ncs57139/r/13.jpg,https://cloudinary.images-iherb.com/image/upload/w_240/f_auto,q_auto:eco/images/cms/banners/dPDP_Authenticity_Graphic2_2025_009en-us.jpg,https://cloudinary.images-iherb.com/image/upload/w_240/f_auto,q_auto:eco/images/cms/banners/dPDP_Fresh_Graphic2_2025_003en-us.jpg,https://cloudinary.images-iherb.com/image/upload/f_auto,q_auto:eco/images/ncs/ncs57139/r/8.jpg",
"Solgar, Chelated Magnesium, 100 Tablets (100 mg per Tablet)",,"https://cloudinary.images-iherb.com/image/upload/f_auto,q_auto:eco/images/sol/sol54709/r/8.jpg,https://cloudinary.images-iherb.com/image/upload/f_auto,q_auto:eco/images/sol/sol54709/r/14.jpg,https://cloudinary.images-iherb.com/image/upload/w_240/f_auto,q_auto:eco/images/cms/banners/dPDP_Authenticity_Graphic2_2025_009en-us.jpg,https://cloudinary.images-iherb.com/image/upload/w_240/f_auto,q_auto:eco/images/cms/banners/dPDP_Fresh_Graphic2_2025_003en-us.jpg,https://cloudinary.images-iherb.com/image/upload/f_auto,q_auto:eco/images/sol/sol54709/r/8.jpg",
"Nature's Craft, Kids Magnesium Gummies, Raspberry, 45 Gummies","₨3,773.08","https://cloudinary.images-iherb.com/image/upload/f_auto,q_auto:eco/images/nca/nca63927/r/8.jpg,https://cloudinary.images-iherb.com/image/upload/f_auto,q_auto:eco/images/nca/nca63927/r/14.jpg,https://cloudinary.images-iherb.com/image/upload/w_240/f_auto,q_auto:eco/images/cms/banners/dPDP_Authenticity_Graphic2_2025_009en-us.jpg,https://cloudinary.images-iherb.com/image/upload/w_240/f_auto,q_auto:eco/images/cms/banners/dPDP_Fresh_Graphic2_2025_003en-us.jpg,https://cloudinary.images-iherb.com/image/upload/f_auto,q_auto:eco/images/nca/nca63927/r/8.jpg",
"OLLY, Sleep, Strawberry, 30 Tablets","₨3,230.58","https://cloudinary.images-iherb.com/image/upload/f_auto,q_auto:eco/images/ole/ole20186/r/15.jpg,https://cloudinary.images-iherb.com/image/upload/f_auto,q_auto:eco/images/ole/ole20186/r/18.jpg,https://cloudinary.images-iherb.com/image/upload/f_auto,q_auto:eco/images/ole/ole20186/r/22.jpg,https://cloudinary.images-iherb.com/image/upload/w_240/f_auto,q_auto:eco/images/cms/banners/dPDP_Authenticity_Graphic2_2025_009en-us.jpg,https://cloudinary.images-iherb.com/image/upload/w_240/f_auto,q_auto:eco/images/cms/banners/dPDP_Fresh_Graphic2_2025_003en-us.jpg",
"Trace, Magnesium Gummies, Mixed Berry , 120 Gummies","₨7,872.71","https://cloudinary.images-iherb.com/image/upload/f_auto,q_auto:eco/images/tmr/tmr00891/r/17.jpg,https://cloudinary.images-iherb.com/image/upload/f_auto,q_auto:eco/images/tmr/tmr00891/r/14.jpg,https://cloudinary.images-iherb.com/image/upload/w_240/f_auto,q_auto:eco/images/cms/banners/dPDP_Authenticity_Graphic2_2025_009en-us.jpg,https://cloudinary.images-iherb.com/image/upload/w_240/f_auto,q_auto:eco/images/cms/banners/dPDP_Fresh_Graphic2_2025_003en-us.jpg,https://cloudinary.images-iherb.com/image/upload/f_auto,q_auto:eco/images/tmr/tmr00891/r/17.jpg",
"Oregon's Wild Harvest, Organic Sleep Better, 90 Vegan Capsules",,"https://cloudinary.images-iherb.com/image/upload/f_auto,q_auto:eco/images/owh/owh00454/r/37.jpg,https://cloudinary.images-iherb.com/image/upload/f_auto,q_auto:eco/images/owh/owh00454/r/40.jpg,https://cloudinary.images-iherb.com/image/upload/w_240/f_auto,q_auto:eco/images/cms/banners/dPDP_Authenticity_Graphic2_2025_009en-us.jpg,https://cloudinary.images-iherb.com/image/upload/w_240/f_auto,q_auto:eco/images/cms/banners/dPDP_Fresh_Graphic2_2025_003en-us.jpg,https://cloudinary.images-iherb.com/image/upload/f_auto,q_auto:eco/images/owh/owh00454/r/37.jpg",
"Nutricost, Magnesium Citrate, 120 Capsules (105 mg per Capsule)",,"https://cloudinary.images-iherb.com/image/upload/f_auto,q_auto:eco/images/ncs/ncs67189/r/24.jpg,https://cloudinary.images-iherb.com/image/upload/f_auto,q_auto:eco/images/ncs/ncs67189/r/27.jpg,https://cloudinary.images-iherb.com/image/upload/w_240/f_auto,q_auto:eco/images/cms/banners/dPDP_Authenticity_Graphic2_2025_009en-us.jpg,https://cloudinary.images-iherb.com/image/upload/w_240/f_auto,q_auto:eco/images/cms/banners/dPDP_Fresh_Graphic2_2025_003en-us.jpg,https://cloudinary.images-iherb.com/image/upload/f_auto,q_auto:eco/images/ncs/ncs67189/r/24.jpg",
"Nature's Bounty, Melatonin, 5 mg, 90 Rapid Release Softgels",,"https://cloudinary.images-iherb.com/image/upload/f_auto,q_auto:eco/images/nrt/nrt15745/r/40.jpg,https://cloudinary.images-iherb.com/image/upload/f_auto,q_auto:eco/images/nrt/nrt15745/r/46.jpg,https://cloudinary.images-iherb.com/image/upload/w_240/f_auto,q_auto:eco/images/cms/banners/dPDP_Authenticity_Graphic2_2025_009en-us.jpg,https://cloudinary.images-iherb.com/image/upload/w_240/f_auto,q_auto:eco/images/cms/banners/dPDP_Fresh_Graphic2_2025_003en-us.jpg,https://img.youtube.com/vi/wNQRctOG1UQ/0.jpg",
"Swanson, DiMagnesium Malate Powder, 2.1 oz (60 g)",,"https://cloudinary.images-iherb.com/image/upload/f_auto,q_auto:eco/images/swv/swv02956/r/24.jpg,https://cloudinary.images-iherb.com/image/upload/f_auto,q_auto:eco/images/swv/swv02956/r/29.jpg,https://cloudinary.images-iherb.com/image/upload/w_240/f_auto,q_auto:eco/images/cms/banners/dPDP_Authenticity_Graphic2_2025_009en-us.jpg,https://cloudinary.images-iherb.com/image/upload/w_240/f_auto,q_auto:eco/images/cms/banners/dPDP_Fresh_Graphic2_2025_003en-us.jpg,https://cloudinary.images-iherb.com/image/upload/f_auto,q_auto:eco/images/swv/swv02956/r/24.jpg",
"Solgar, Sleep & Stress Support, 60 Vegetable Capsules","₨5,905.11","https://cloudinary.images-iherb.com/image/upload/f_auto,q_auto:eco/images/sol/sol30320/r/44.jpg,https://cloudinary.images-iherb.com/image/upload/f_auto,q_auto:eco/images/sol/sol30320/r/46.jpg,https://cloudinary.images-iherb.com/image/upload/f_auto,q_auto:eco/images/sol/sol30320/r/36.jpg,https://cloudinary.images-iherb.com/image/upload/w_240/f_auto,q_auto:eco/images/cms/banners/dPDP_Authenticity_Graphic2_2025_009en-us.jpg,https://cloudinary.images-iherb.com/image/upload/w_240/f_auto,q_auto:eco/images/cms/banners/dPDP_Fresh_Graphic2_2025_003en-us.jpg",
"Vitamatic, Vegan Melatonin Gummies, Natural Strawberry, 10 mg, 60 Gummies","₨3,006.44","https://cloudinary.images-iherb.com/image/upload/f_auto,q_auto:eco/images/vmc/vmc47086/r/12.jpg,https://cloudinary.images-iherb.com/image/upload/f_auto,q_auto:eco/images/vmc/vmc47086/r/18.jpg,https://cloudinary.images-iherb.com/image/upload/w_240/f_auto,q_auto:eco/images/cms/banners/dPDP_Authenticity_Graphic2_2025_009en-us.jpg,https://cloudinary.images-iherb.com/image/upload/w_240/f_auto,q_auto:eco/images/cms/banners/dPDP_Fresh_Graphic2_2025_003en-us.jpg,https://cloudinary.images-iherb.com/image/upload/f_auto,q_auto:eco/images/vmc/vmc47086/r/12.jpg",
"Nature's Truth, Magnesium Gummies, Delicious Lemon Raspberry, 60 Gummies","₨4,781.63","https://cloudinary.images-iherb.com/image/upload/f_auto,q_auto:eco/images/nth/nth11660/r/24.jpg,https://cloudinary.images-iherb.com/image/upload/f_auto,q_auto:eco/images/nth/nth11660/r/29.jpg,https://cloudinary.images-iherb.com/image/upload/w_240/f_auto,q_auto:eco/images/cms/banners/dPDP_Authenticity_Graphic2_2025_009en-us.jpg,https://cloudinary.images-iherb.com/image/upload/w_240/f_auto,q_auto:eco/images/cms/banners/dPDP_Fresh_Graphic2_2025_003en-us.jpg,https://cloudinary.images-iherb.com/image/upload/f_auto,q_auto:eco/images/nth/nth11660/r/24.jpg",
"Boiron, SleepCalm® Kids, 2 Portable Tubes, 80 Pellets Each","₨3,351.75","https://cloudinary.images-iherb.com/image/upload/f_auto,q_auto:eco/images/boi/boi30842/r/11.jpg,https://cloudinary.images-iherb.com/image/upload/f_auto,q_auto:eco/images/boi/boi30842/r/15.jpg,https://cloudinary.images-iherb.com/image/upload/f_auto,q_auto:eco/images/boi/boi30842/r/13.jpg,https://cloudinary.images-iherb.com/image/upload/f_auto,q_auto:eco/images/boi/boi30842/r/10.jpg,https://cloudinary.images-iherb.com/image/upload/w_240/f_auto,q_auto:eco/images/cms/banners/dPDP_Authenticity_Graphic2_2025_009en-us.jpg",
"21st Century, MgO-400, 90 Tablets",,"https://cloudinary.images-iherb.com/image/upload/f_auto,q_auto:eco/images/cen/cen27072/r/13.jpg,https://cloudinary.images-iherb.com/image/upload/f_auto,q_auto:eco/images/cen/cen27072/r/19.jpg,https://cloudinary.images-iherb.com/image/upload/w_240/f_auto,q_auto:eco/images/cms/banners/dPDP_Authenticity_Graphic2_2025_009en-us.jpg,https://cloudinary.images-iherb.com/image/upload/w_240/f_auto,q_auto:eco/images/cms/banners/dPDP_Fresh_Graphic2_2025_003en-us.jpg,https://cloudinary.images-iherb.com/image/upload/f_auto,q_auto:eco/images/cen/cen27072/r/21.jpg",
"Garden of Life, Magnesium with Pre & Probiotics Gummies, Orange Creme, 60 Gummies",,"https://cloudinary.images-iherb.com/image/upload/f_auto,q_auto:eco/images/gol/gol13270/r/24.jpg,https://cloudinary.images-iherb.com/image/upload/f_auto,q_auto:eco/images/gol/gol13270/r/29.jpg,https://cloudinary.images-iherb.com/image/upload/w_240/f_auto,q_auto:eco/images/cms/banners/dPDP_Authenticity_Graphic2_2025_009en-us.jpg,https://cloudinary.images-iherb.com/image/upload/w_240/f_auto,q_auto:eco/images/cms/banners/dPDP_Fresh_Graphic2_2025_003en-us.jpg,https://cloudinary.images-iherb.com/image/upload/f_auto,q_auto:eco/images/gol/gol13270/r/24.jpg",
"Designs For Health, Magnesium Glycinate Complex, 120 Vegetarian Capsules (150 mg per Capsule)","₨13,289.05","https://cloudinary.images-iherb.com/image/upload/f_auto,q_auto:eco/images/dfh/dfh00116/r/35.jpg,https://cloudinary.images-iherb.com/image/upload/f_auto,q_auto:eco/images/dfh/dfh00116/r/43.jpg,https://cloudinary.images-iherb.com/image/upload/w_240/f_auto,q_auto:eco/images/cms/banners/dPDP_Authenticity_Graphic2_2025_009en-us.jpg,https://cloudinary.images-iherb.com/image/upload/w_240/f_auto,q_auto:eco/images/cms/banners/dPDP_Fresh_Graphic2_2025_003en-us.jpg,https://cloudinary.images-iherb.com/image/upload/f_auto,q_auto:eco/images/dfh/dfh00116/r/35.jpg",
"Nutricost, Magnesium Complex, Regular-Strength, 250 mg, 240 Capsules",,"https://cloudinary.images-iherb.com/image/upload/f_auto,q_auto:eco/images/ncs/ncs57130/r/8.jpg,https://cloudinary.images-iherb.com/image/upload/f_auto,q_auto:eco/images/ncs/ncs57130/r/11.jpg,https://cloudinary.images-iherb.com/image/upload/w_240/f_auto,q_auto:eco/images/cms/banners/dPDP_Authenticity_Graphic2_2025_009en-us.jpg,https://cloudinary.images-iherb.com/image/upload/w_240/f_auto,q_auto:eco/images/cms/banners/dPDP_Fresh_Graphic2_2025_003en-us.jpg,https://cloudinary.images-iherb.com/image/upload/f_auto,q_auto:eco/images/ncs/ncs57130/r/8.jpg",
"Futurebiotics, Relax & Sleep® with L-Theanine, 60 Vegetarian Tablets","₨2,022.21","https://cloudinary.images-iherb.com/image/upload/f_auto,q_auto:eco/images/fbs/fbs00022/r/39.jpg,https://cloudinary.images-iherb.com/image/upload/f_auto,q_auto:eco/images/fbs/fbs00022/r/44.jpg,https://cloudinary.images-iherb.com/image/upload/w_240/f_auto,q_auto:eco/images/cms/banners/dPDP_Authenticity_Graphic2_2025_009en-us.jpg,https://cloudinary.images-iherb.com/image/upload/w_240/f_auto,q_auto:eco/images/cms/banners/dPDP_Fresh_Graphic2_2025_003en-us.jpg,https://cloudinary.images-iherb.com/image/upload/f_auto,q_auto:eco/images/fbs/fbs00022/r/39.jpg",
"Solgar, 5-HTP, 90 Vegetable Capsules","₨8,628.66","https://cloudinary.images-iherb.com/image/upload/f_auto,q_auto:eco/images/sol/sol01453/r/85.jpg,https://cloudinary.images-iherb.com/image/upload/f_auto,q_auto:eco/images/sol/sol01453/r/91.jpg,https://cloudinary.images-iherb.com/image/upload/w_240/f_auto,q_auto:eco/images/cms/banners/dPDP_Authenticity_Graphic2_2025_009en-us.jpg,https://cloudinary.images-iherb.com/image/upload/w_240/f_auto,q_auto:eco/images/cms/banners/dPDP_Fresh_Graphic2_2025_003en-us.jpg,https://cloudinary.images-iherb.com/image/upload/f_auto,q_auto:eco/images/sol/sol01453/r/85.jpg",
"NaturesPlus, Melatonin, 10 mg, 90 Tablets","₨3,096.63","https://cloudinary.images-iherb.com/image/upload/f_auto,q_auto:eco/images/nap/nap47627/r/24.jpg,https://cloudinary.images-iherb.com/image/upload/f_auto,q_auto:eco/images/nap/nap47627/r/32.jpg,https://cloudinary.images-iherb.com/image/upload/w_240/f_auto,q_auto:eco/images/cms/banners/dPDP_Authenticity_Graphic2_2025_009en-us.jpg,https://cloudinary.images-iherb.com/image/upload/w_240/f_auto,q_auto:eco/images/cms/banners/dPDP_Fresh_Graphic2_2025_003en-us.jpg,https://cloudinary.images-iherb.com/image/upload/f_auto,q_auto:eco/images/nap/nap47627/r/24.jpg",
"Nutricost, 5-HTP, Unflavored, 0.9 oz (25 g)","₨4,344.99","https://cloudinary.images-iherb.com/image/upload/f_auto,q_auto:eco/images/ncs/ncs67546/r/32.jpg,https://cloudinary.images-iherb.com/image/upload/f_auto,q_auto:eco/images/ncs/ncs67546/r/38.jpg,https://cloudinary.images-iherb.com/image/upload/w_240/f_auto,q_auto:eco/images/cms/banners/dPDP_Authenticity_Graphic2_2025_009en-us.jpg,https://cloudinary.images-iherb.com/image/upload/w_240/f_auto,q_auto:eco/images/cms/banners/dPDP_Fresh_Graphic2_2025_003en-us.jpg,https://cloudinary.images-iherb.com/image/upload/f_auto,q_auto:eco/images/ncs/ncs67546/r/32.jpg",
"Vitamatic, Valerian Root, High Potency, 5,000 mg, 240 Vegetable Capsules","₨4,225.21","https://cloudinary.images-iherb.com/image/upload/f_auto,q_auto:eco/images/vmc/vmc80101/r/40.jpg,https://cloudinary.images-iherb.com/image/upload/f_auto,q_auto:eco/images/vmc/vmc80101/r/46.jpg,https://cloudinary.images-iherb.com/image/upload/w_240/f_auto,q_auto:eco/images/cms/banners/dPDP_Authenticity_Graphic2_2025_009en-us.jpg,https://cloudinary.images-iherb.com/image/upload/w_240/f_auto,q_auto:eco/images/cms/banners/dPDP_Fresh_Graphic2_2025_003en-us.jpg,https://cloudinary.images-iherb.com/image/upload/f_auto,q_auto:eco/images/vmc/vmc80101/r/40.jpg",
"Nature's Truth, Liquid Melatonin, Delicious Berry, 2 fl oz (59 ml)",,"https://cloudinary.images-iherb.com/image/upload/f_auto,q_auto:eco/images/nth/nth11213/r/44.jpg,https://cloudinary.images-iherb.com/image/upload/f_auto,q_auto:eco/images/nth/nth11213/r/46.jpg,https://cloudinary.images-iherb.com/image/upload/f_auto,q_auto:eco/images/nth/nth11213/r/36.jpg,https://cloudinary.images-iherb.com/image/upload/w_240/f_auto,q_auto:eco/images/cms/banners/dPDP_Authenticity_Graphic2_2025_009en-us.jpg,https://cloudinary.images-iherb.com/image/upload/w_240/f_auto,q_auto:eco/images/cms/banners/dPDP_Fresh_Graphic2_2025_003en-us.jpg",
"Nature's Bounty, Advanced Magnesium Glycinate, High Absorption, 90 Capsules (120 mg per Capsule)",,"https://cloudinary.images-iherb.com/image/upload/f_auto,q_auto:eco/images/nrt/nrt01255/r/26.jpg,https://cloudinary.images-iherb.com/image/upload/f_auto,q_auto:eco/images/nrt/nrt01255/r/28.jpg,https://cloudinary.images-iherb.com/image/upload/f_auto,q_auto:eco/images/nrt/nrt01255/r/30.jpg,https://cloudinary.images-iherb.com/image/upload/w_240/f_auto,q_auto:eco/images/cms/banners/dPDP_Authenticity_Graphic2_2025_009en-us.jpg,https://cloudinary.images-iherb.com/image/upload/w_240/f_auto,q_auto:eco/images/cms/banners/dPDP_Fresh_Graphic2_2025_003en-us.jpg",
"Nature's Truth, Triple Magnesium Complex, 100 Quick Release Capsules (420 mg per Capsule)","₨3,633.40","https://cloudinary.images-iherb.com/image/upload/f_auto,q_auto:eco/images/nth/nth10152/r/9.jpg,https://cloudinary.images-iherb.com/image/upload/f_auto,q_auto:eco/images/nth/nth10152/r/12.jpg,https://cloudinary.images-iherb.com/image/upload/w_240/f_auto,q_auto:eco/images/cms/banners/dPDP_Authenticity_Graphic2_2025_009en-us.jpg,https://cloudinary.images-iherb.com/image/upload/w_240/f_auto,q_auto:eco/images/cms/banners/dPDP_Fresh_Graphic2_2025_003en-us.jpg,https://cloudinary.images-iherb.com/image/upload/f_auto,q_auto:eco/images/nth/nth10152/r/9.jpg",
"Chapter Six, Magnesium Gummies, Sugar Free, Raspberry, 60 Gummies (100 mg per Gummy)","₨5,591.75","https://cloudinary.images-iherb.com/image/upload/f_auto,q_auto:eco/images/chx/chx04141/r/8.jpg,https://cloudinary.images-iherb.com/image/upload/f_auto,q_auto:eco/images/chx/chx04141/r/13.jpg,https://cloudinary.images-iherb.com/image/upload/w_240/f_auto,q_auto:eco/images/cms/banners/dPDP_Authenticity_Graphic2_2025_009en-us.jpg,https://cloudinary.images-iherb.com/image/upload/w_240/f_auto,q_auto:eco/images/cms/banners/dPDP_Fresh_Graphic2_2025_003en-us.jpg,https://cloudinary.images-iherb.com/image/upload/f_auto,q_auto:eco/images/chx/chx04141/r/8.jpg",
"Source Naturals, Melatonin, 60 Tablets","₨1,807.56","https://cloudinary.images-iherb.com/image/upload/f_auto,q_auto:eco/images/sns/sns00550/r/50.jpg,https://cloudinary.images-iherb.com/image/upload/f_auto,q_auto:eco/images/sns/sns00550/r/55.jpg,https://cloudinary.images-iherb.com/image/upload/w_240/f_auto,q_auto:eco/images/cms/banners/dPDP_Authenticity_Graphic2_2025_009en-us.jpg,https://cloudinary.images-iherb.com/image/upload/w_240/f_auto,q_auto:eco/images/cms/banners/dPDP_Fresh_Graphic2_2025_003en-us.jpg,https://cloudinary.images-iherb.com/image/upload/f_auto,q_auto:eco/images/sns/sns00550/r/50.jpg",
"MegaFood, Relax + Calm Magnesium, Raspberry Lemonade, 7.05 oz (200 g)","₨7,092.19","https://cloudinary.images-iherb.com/image/upload/f_auto,q_auto:eco/images/mgf/mgf60171/r/16.jpg,https://cloudinary.images-iherb.com/image/upload/f_auto,q_auto:eco/images/mgf/mgf60171/r/22.jpg,https://cloudinary.images-iherb.com/image/upload/w_240/f_auto,q_auto:eco/images/cms/banners/dPDP_Authenticity_Graphic2_2025_009en-us.jpg,https://cloudinary.images-iherb.com/image/upload/w_240/f_auto,q_auto:eco/images/cms/banners/dPDP_Fresh_Graphic2_2025_003en-us.jpg,https://cloudinary.images-iherb.com/image/upload/f_auto,q_auto:eco/images/mgf/mgf60171/r/16.jpg",
"Nature's Truth, Sleep Melatonin Gummies, Natural Mixed Berry, 140 Gummies (5 mg per Gummy)","₨7,025.59","https://cloudinary.images-iherb.com/image/upload/f_auto,q_auto:eco/images/nth/nth12252/r/8.jpg,https://cloudinary.images-iherb.com/image/upload/f_auto,q_auto:eco/images/nth/nth12252/r/13.jpg,https://cloudinary.images-iherb.com/image/upload/w_240/f_auto,q_auto:eco/images/cms/banners/dPDP_Authenticity_Graphic2_2025_009en-us.jpg,https://cloudinary.images-iherb.com/image/upload/w_240/f_auto,q_auto:eco/images/cms/banners/dPDP_Fresh_Graphic2_2025_003en-us.jpg,https://cloudinary.images-iherb.com/image/upload/f_auto,q_auto:eco/images/nth/nth12252/r/8.jpg",
"Codeage, Liposomal Magnesium Glycinate Powder, Unflavored, 3 oz (85.2 g)","₨8,669.53","https://cloudinary.images-iherb.com/image/upload/f_auto,q_auto:eco/images/age/age12191/r/24.jpg,https://cloudinary.images-iherb.com/image/upload/f_auto,q_auto:eco/images/age/age12191/r/26.jpg,https://cloudinary.images-iherb.com/image/upload/w_240/f_auto,q_auto:eco/images/cms/banners/dPDP_Authenticity_Graphic2_2025_009en-us.jpg,https://cloudinary.images-iherb.com/image/upload/w_240/f_auto,q_auto:eco/images/cms/banners/dPDP_Fresh_Graphic2_2025_003en-us.jpg,https://cloudinary.images-iherb.com/image/upload/f_auto,q_auto:eco/images/age/age12191/r/24.jpg",
"Protocol for Life Balance, Magnesium Citrate, 100 Tablets (200 mg per Tablet)","₨4,049.44","https://cloudinary.images-iherb.com/image/upload/f_auto,q_auto:eco/images/prt/prt11290/r/8.jpg,https://cloudinary.images-iherb.com/image/upload/f_auto,q_auto:eco/images/prt/prt11290/r/13.jpg,https://cloudinary.images-iherb.com/image/upload/w_240/f_auto,q_auto:eco/images/cms/banners/dPDP_Authenticity_Graphic2_2025_009en-us.jpg,https://cloudinary.images-iherb.com/image/upload/w_240/f_auto,q_auto:eco/images/cms/banners/dPDP_Fresh_Graphic2_2025_003en-us.jpg,https://cloudinary.images-iherb.com/image/upload/f_auto,q_auto:eco/images/prt/prt11290/r/8.jpg",
"NaturesPlus, KalmAssure Magnesium Chewable, Orange, 60 Tablets","₨5,043.88","https://cloudinary.images-iherb.com/image/upload/f_auto,q_auto:eco/images/nap/nap33608/r/8.jpg,https://cloudinary.images-iherb.com/image/upload/f_auto,q_auto:eco/images/nap/nap33608/r/13.jpg,https://cloudinary.images-iherb.com/image/upload/w_240/f_auto,q_auto:eco/images/cms/banners/dPDP_Authenticity_Graphic2_2025_009en-us.jpg,https://cloudinary.images-iherb.com/image/upload/w_240/f_auto,q_auto:eco/images/cms/banners/dPDP_Fresh_Graphic2_2025_003en-us.jpg,https://cloudinary.images-iherb.com/image/upload/f_auto,q_auto:eco/images/nap/nap33608/r/8.jpg",
"Trace, Magnesium Gummies, Tangerine, 120 Gummies","₨7,751.30","https://cloudinary.images-iherb.com/image/upload/f_auto,q_auto:eco/images/tmr/tmr00503/r/32.jpg,https://cloudinary.images-iherb.com/image/upload/f_auto,q_auto:eco/images/tmr/tmr00503/r/37.jpg,https://cloudinary.images-iherb.com/image/upload/w_240/f_auto,q_auto:eco/images/cms/banners/dPDP_Authenticity_Graphic2_2025_009en-us.jpg,https://cloudinary.images-iherb.com/image/upload/w_240/f_auto,q_auto:eco/images/cms/banners/dPDP_Fresh_Graphic2_2025_003en-us.jpg,https://cloudinary.images-iherb.com/image/upload/f_auto,q_auto:eco/images/tmr/tmr00503/r/32.jpg",
"Quality of Life, Melatonin-SR™, 5 mg, 30 Vegicaps","₨4,030.55","https://cloudinary.images-iherb.com/image/upload/f_auto,q_auto:eco/images/qll/qll00353/r/38.jpg,https://cloudinary.images-iherb.com/image/upload/f_auto,q_auto:eco/images/qll/qll00353/r/43.jpg,https://cloudinary.images-iherb.com/image/upload/w_240/f_auto,q_auto:eco/images/cms/banners/dPDP_Authenticity_Graphic2_2025_009en-us.jpg,https://cloudinary.images-iherb.com/image/upload/w_240/f_auto,q_auto:eco/images/cms/banners/dPDP_Fresh_Graphic2_2025_003en-us.jpg,https://cloudinary.images-iherb.com/image/upload/f_auto,q_auto:eco/images/qll/qll00353/r/38.jpg",
"Jigsaw Health, MagSoothe, Raspberry Lemonade, 330 g","₨12,954.06","https://cloudinary.images-iherb.com/image/upload/f_auto,q_auto:eco/images/jig/jig00155/r/8.jpg,https://cloudinary.images-iherb.com/image/upload/f_auto,q_auto:eco/images/jig/jig00155/r/14.jpg,https://cloudinary.images-iherb.com/image/upload/w_240/f_auto,q_auto:eco/images/cms/banners/dPDP_Authenticity_Graphic2_2025_009en-us.jpg,https://cloudinary.images-iherb.com/image/upload/w_240/f_auto,q_auto:eco/images/cms/banners/dPDP_Fresh_Graphic2_2025_003en-us.jpg,https://cloudinary.images-iherb.com/image/upload/f_auto,q_auto:eco/images/jig/jig00155/r/8.jpg",
"Enzymedica, Motion, Magnesium , 60 Capsules","₨5,644.48","https://cloudinary.images-iherb.com/image/upload/f_auto,q_auto:eco/images/enz/enz10125/r/80.jpg,https://cloudinary.images-iherb.com/image/upload/f_auto,q_auto:eco/images/enz/enz10125/r/82.jpg,https://cloudinary.images-iherb.com/image/upload/f_auto,q_auto:eco/images/enz/enz10125/r/72.jpg,https://cloudinary.images-iherb.com/image/upload/w_240/f_auto,q_auto:eco/images/cms/banners/dPDP_Authenticity_Graphic2_2025_009en-us.jpg,https://cloudinary.images-iherb.com/image/upload/w_240/f_auto,q_auto:eco/images/cms/banners/dPDP_Fresh_Graphic2_2025_003en-us.jpg",
"Nature Made, Melatonin, 240 Tablets","₨3,464.81","https://cloudinary.images-iherb.com/image/upload/f_auto,q_auto:eco/images/ndm/ndm02742/r/36.jpg,https://cloudinary.images-iherb.com/image/upload/f_auto,q_auto:eco/images/ndm/ndm02742/r/41.jpg,https://cloudinary.images-iherb.com/image/upload/w_240/f_auto,q_auto:eco/images/cms/banners/dPDP_Authenticity_Graphic2_2025_009en-us.jpg,https://cloudinary.images-iherb.com/image/upload/w_240/f_auto,q_auto:eco/images/cms/banners/dPDP_Fresh_Graphic2_2025_003en-us.jpg,https://cloudinary.images-iherb.com/image/upload/f_auto,q_auto:eco/images/ndm/ndm02742/r/36.jpg",
"Life Extension, Melatonin, 500 mcg, 200 Vegetarian Capsules","₨4,097.72","https://cloudinary.images-iherb.com/image/upload/f_auto,q_auto:eco/images/lex/lex10832/r/49.jpg,https://cloudinary.images-iherb.com/image/upload/f_auto,q_auto:eco/images/lex/lex10832/r/52.jpg,https://cloudinary.images-iherb.com/image/upload/w_240/f_auto,q_auto:eco/images/cms/banners/dPDP_Authenticity_Graphic2_2025_009en-us.jpg,https://cloudinary.images-iherb.com/image/upload/w_240/f_auto,q_auto:eco/images/cms/banners/dPDP_Fresh_Graphic2_2025_003en-us.jpg,https://cloudinary.images-iherb.com/image/upload/f_auto,q_auto:eco/images/lex/lex10832/r/49.jpg",
"JoySpring, Sleepberry, 2 fl oz (60 ml)","₨6,507.00","https://cloudinary.images-iherb.com/image/upload/f_auto,q_auto:eco/images/jys/jys88905/r/81.jpg,https://cloudinary.images-iherb.com/image/upload/f_auto,q_auto:eco/images/jys/jys88905/r/82.jpg,https://cloudinary.images-iherb.com/image/upload/f_auto,q_auto:eco/images/jys/jys88905/r/83.jpg,https://cloudinary.images-iherb.com/image/upload/w_240/f_auto,q_auto:eco/images/cms/banners/dPDP_Authenticity_Graphic2_2025_009en-us.jpg,https://cloudinary.images-iherb.com/image/upload/w_240/f_auto,q_auto:eco/images/cms/banners/dPDP_Fresh_Graphic2_2025_003en-us.jpg",
"Oregon's Wild Harvest, Organic Passionflower, 90 Organic Vegan Capsules (400 mg per Capsule)",,"https://cloudinary.images-iherb.com/image/upload/f_auto,q_auto:eco/images/owh/owh00450/r/42.jpg,https://cloudinary.images-iherb.com/image/upload/f_auto,q_auto:eco/images/owh/owh00450/r/45.jpg,https://cloudinary.images-iherb.com/image/upload/w_240/f_auto,q_auto:eco/images/cms/banners/dPDP_Authenticity_Graphic2_2025_009en-us.jpg,https://cloudinary.images-iherb.com/image/upload/w_240/f_auto,q_auto:eco/images/cms/banners/dPDP_Fresh_Graphic2_2025_003en-us.jpg,https://cloudinary.images-iherb.com/image/upload/f_auto,q_auto:eco/images/owh/owh00450/r/42.jpg",
"Nutricost, Melatonin Gummies, Strawberry, 10 mg, 180 Gummies","₨5,837.12","https://cloudinary.images-iherb.com/image/upload/f_auto,q_auto:eco/images/ncs/ncs67261/r/32.jpg,https://cloudinary.images-iherb.com/image/upload/f_auto,q_auto:eco/images/ncs/ncs67261/r/37.jpg,https://cloudinary.images-iherb.com/image/upload/w_240/f_auto,q_auto:eco/images/cms/banners/dPDP_Authenticity_Graphic2_2025_009en-us.jpg,https://cloudinary.images-iherb.com/image/upload/w_240/f_auto,q_auto:eco/images/cms/banners/dPDP_Fresh_Graphic2_2025_003en-us.jpg,https://cloudinary.images-iherb.com/image/upload/f_auto,q_auto:eco/images/ncs/ncs67261/r/32.jpg",
"Garden of Life, Dr. Formulated, Whole Food Magnesium, Orange, 7 oz (197.4 g)","₨5,950.90","https://cloudinary.images-iherb.com/image/upload/f_auto,q_auto:eco/images/gol/gol12278/r/42.jpg,https://cloudinary.images-iherb.com/image/upload/f_auto,q_auto:eco/images/gol/gol12278/r/47.jpg,https://cloudinary.images-iherb.com/image/upload/w_240/f_auto,q_auto:eco/images/cms/banners/dPDP_Authenticity_Graphic2_2025_009en-us.jpg,https://cloudinary.images-iherb.com/image/upload/w_240/f_auto,q_auto:eco/images/cms/banners/dPDP_Fresh_Graphic2_2025_003en-us.jpg,https://cloudinary.images-iherb.com/image/upload/f_auto,q_auto:eco/images/gol/gol12278/r/42.jpg",
"Force Factor, Magnesium Glycinate, 180 Vegetable Capsules (70 mg per Capsule)","₨6,527.44","https://cloudinary.images-iherb.com/image/upload/f_auto,q_auto:eco/images/foa/foa66127/r/8.jpg,https://cloudinary.images-iherb.com/image/upload/f_auto,q_auto:eco/images/foa/foa66127/r/11.jpg,https://cloudinary.images-iherb.com/image/upload/w_240/f_auto,q_auto:eco/images/cms/banners/dPDP_Authenticity_Graphic2_2025_009en-us.jpg,https://cloudinary.images-iherb.com/image/upload/w_240/f_auto,q_auto:eco/images/cms/banners/dPDP_Fresh_Graphic2_2025_003en-us.jpg,https://cloudinary.images-iherb.com/image/upload/f_auto,q_auto:eco/images/foa/foa66127/r/16.jpg",
"Source Naturals, L-Tryptophan, 500 mg , 120 Capsules","₨6,731.42","https://cloudinary.images-iherb.com/image/upload/f_auto,q_auto:eco/images/sns/sns01985/r/8.jpg,https://cloudinary.images-iherb.com/image/upload/f_auto,q_auto:eco/images/sns/sns01985/r/13.jpg,https://cloudinary.images-iherb.com/image/upload/w_240/f_auto,q_auto:eco/images/cms/banners/dPDP_Authenticity_Graphic2_2025_009en-us.jpg,https://cloudinary.images-iherb.com/image/upload/w_240/f_auto,q_auto:eco/images/cms/banners/dPDP_Fresh_Graphic2_2025_003en-us.jpg,https://cloudinary.images-iherb.com/image/upload/f_auto,q_auto:eco/images/sns/sns01985/r/8.jpg",
"Nature Made, Calcium Magnesium Zinc with Vitamin D3, 300 Tablets","₨4,601.94","https://cloudinary.images-iherb.com/image/upload/f_auto,q_auto:eco/images/ndm/ndm01893/r/21.jpg,https://cloudinary.images-iherb.com/image/upload/f_auto,q_auto:eco/images/ndm/ndm01893/r/27.jpg,https://cloudinary.images-iherb.com/image/upload/w_240/f_auto,q_auto:eco/images/cms/banners/dPDP_Authenticity_Graphic2_2025_009en-us.jpg,https://cloudinary.images-iherb.com/image/upload/w_240/f_auto,q_auto:eco/images/cms/banners/dPDP_Fresh_Graphic2_2025_003en-us.jpg,https://cloudinary.images-iherb.com/image/upload/f_auto,q_auto:eco/images/ndm/ndm01893/r/21.jpg",
"Nobi Nutrition, Magnesium Citrate Complex with Magnesium Oxide, Maximum Absorption, 500 mg, 60 Capsules","₨5,188.19","https://cloudinary.images-iherb.com/image/upload/f_auto,q_auto:eco/images/nob/nob27405/r/60.jpg,https://cloudinary.images-iherb.com/image/upload/f_auto,q_auto:eco/images/nob/nob27405/r/65.jpg,https://cloudinary.images-iherb.com/image/upload/w_240/f_auto,q_auto:eco/images/cms/banners/dPDP_Authenticity_Graphic2_2025_009en-us.jpg,https://cloudinary.images-iherb.com/image/upload/w_240/f_auto,q_auto:eco/images/cms/banners/dPDP_Fresh_Graphic2_2025_003en-us.jpg,https://cloudinary.images-iherb.com/image/upload/f_auto,q_auto:eco/images/nob/nob27405/r/60.jpg",
"EVLution Nutrition, RelaxMode, 45 Veggie Capsules","₨3,067.13","https://cloudinary.images-iherb.com/image/upload/f_auto,q_auto:eco/images/evl/evl10010/r/8.jpg,https://cloudinary.images-iherb.com/image/upload/f_auto,q_auto:eco/images/evl/evl10010/r/14.jpg,https://cloudinary.images-iherb.com/image/upload/w_240/f_auto,q_auto:eco/images/cms/banners/dPDP_Authenticity_Graphic2_2025_009en-us.jpg,https://cloudinary.images-iherb.com/image/upload/w_240/f_auto,q_auto:eco/images/cms/banners/dPDP_Fresh_Graphic2_2025_003en-us.jpg,https://cloudinary.images-iherb.com/image/upload/f_auto,q_auto:eco/images/evl/evl10010/r/19.jpg",
"Jarrow Formulas, 5-HTP, 100 mg, 60 Veggie Capsules","₨7,666.65","https://cloudinary.images-iherb.com/image/upload/f_auto,q_auto:eco/images/jrw/jrw15043/r/47.jpg,https://cloudinary.images-iherb.com/image/upload/f_auto,q_auto:eco/images/jrw/jrw15043/r/53.jpg,https://cloudinary.images-iherb.com/image/upload/w_240/f_auto,q_auto:eco/images/cms/banners/dPDP_Authenticity_Graphic2_2025_009en-us.jpg,https://cloudinary.images-iherb.com/image/upload/w_240/f_auto,q_auto:eco/images/cms/banners/dPDP_Fresh_Graphic2_2025_003en-us.jpg,https://cloudinary.images-iherb.com/image/upload/f_auto,q_auto:eco/images/jrw/jrw15043/r/47.jpg",
"Source Naturals, Sleep Science®, NutraSleep™, 100 Tablets","₨5,665.75","https://cloudinary.images-iherb.com/image/upload/f_auto,q_auto:eco/images/sns/sns00750/r/34.jpg,https://cloudinary.images-iherb.com/image/upload/f_auto,q_auto:eco/images/sns/sns00750/r/39.jpg,https://cloudinary.images-iherb.com/image/upload/f_auto,q_auto:eco/images/sns/sns00750/r/37.jpg,https://cloudinary.images-iherb.com/image/upload/w_240/f_auto,q_auto:eco/images/cms/banners/dPDP_Authenticity_Graphic2_2025_009en-us.jpg,https://cloudinary.images-iherb.com/image/upload/w_240/f_auto,q_auto:eco/images/cms/banners/dPDP_Fresh_Graphic2_2025_003en-us.jpg",
"Flower Essence Services, Flora-Sleep™, Flower Essence & Essential Oil, 1 fl oz (30 ml)","₨4,215.49","https://cloudinary.images-iherb.com/image/upload/f_auto,q_auto:eco/images/fes/fes15119/r/41.jpg,https://cloudinary.images-iherb.com/image/upload/f_auto,q_auto:eco/images/fes/fes15119/r/46.jpg,https://cloudinary.images-iherb.com/image/upload/w_240/f_auto,q_auto:eco/images/cms/banners/dPDP_Authenticity_Graphic2_2025_009en-us.jpg,https://cloudinary.images-iherb.com/image/upload/w_240/f_auto,q_auto:eco/images/cms/banners/dPDP_Fresh_Graphic2_2025_003en-us.jpg,https://cloudinary.images-iherb.com/image/upload/f_auto,q_auto:eco/images/fes/fes15119/r/41.jpg",
"Wholesome Story, Zinc With Magnesium + Vitamin B6 , 60 Vegetarian Capsules","₨7,092.37","https://cloudinary.images-iherb.com/image/upload/f_auto,q_auto:eco/images/wsy/wsy25782/r/40.jpg,https://cloudinary.images-iherb.com/image/upload/f_auto,q_auto:eco/images/wsy/wsy25782/r/46.jpg,https://cloudinary.images-iherb.com/image/upload/w_240/f_auto,q_auto:eco/images/cms/banners/dPDP_Authenticity_Graphic2_2025_009en-us.jpg,https://cloudinary.images-iherb.com/image/upload/w_240/f_auto,q_auto:eco/images/cms/banners/dPDP_Fresh_Graphic2_2025_003en-us.jpg,https://cloudinary.images-iherb.com/image/upload/f_auto,q_auto:eco/images/wsy/wsy25782/r/40.jpg",
"Swanson, Albion®, Magnesium Glycinate Powder, 5.3 oz (150 g)","₨6,333.68","https://cloudinary.images-iherb.com/image/upload/f_auto,q_auto:eco/images/swv/swv02860/r/24.jpg,https://cloudinary.images-iherb.com/image/upload/f_auto,q_auto:eco/images/swv/swv02860/r/29.jpg,https://cloudinary.images-iherb.com/image/upload/w_240/f_auto,q_auto:eco/images/cms/banners/dPDP_Authenticity_Graphic2_2025_009en-us.jpg,https://cloudinary.images-iherb.com/image/upload/w_240/f_auto,q_auto:eco/images/cms/banners/dPDP_Fresh_Graphic2_2025_003en-us.jpg,https://cloudinary.images-iherb.com/image/upload/f_auto,q_auto:eco/images/swv/swv02860/r/24.jpg",
"Natrol, Magnesium Glycinate, High Absorption, Cherry Lemon, 100 mg, 30 Soft Chews","₨7,123.41","https://cloudinary.images-iherb.com/image/upload/f_auto,q_auto:eco/images/ntl/ntl08351/r/8.jpg,https://cloudinary.images-iherb.com/image/upload/f_auto,q_auto:eco/images/ntl/ntl08351/r/14.jpg,https://cloudinary.images-iherb.com/image/upload/w_240/f_auto,q_auto:eco/images/cms/banners/dPDP_Authenticity_Graphic2_2025_009en-us.jpg,https://cloudinary.images-iherb.com/image/upload/w_240/f_auto,q_auto:eco/images/cms/banners/dPDP_Fresh_Graphic2_2025_003en-us.jpg,https://cloudinary.images-iherb.com/image/upload/f_auto,q_auto:eco/images/ntl/ntl08351/r/8.jpg",
"BioEmblem, Triple Complex Magnesium, 90 Veggie Caps (150 mg per Capsule)","₨7,620.17","https://cloudinary.images-iherb.com/image/upload/f_auto,q_auto:eco/images/bim/bim82000/r/8.jpg,https://cloudinary.images-iherb.com/image/upload/f_auto,q_auto:eco/images/bim/bim82000/r/14.jpg,https://cloudinary.images-iherb.com/image/upload/w_240/f_auto,q_auto:eco/images/cms/banners/dPDP_Authenticity_Graphic2_2025_009en-us.jpg,https://cloudinary.images-iherb.com/image/upload/w_240/f_auto,q_auto:eco/images/cms/banners/dPDP_Fresh_Graphic2_2025_003en-us.jpg,https://cloudinary.images-iherb.com/image/upload/f_auto,q_auto:eco/images/bim/bim82000/r/8.jpg",
"Natural Factors, Stress-Relax, Melatonin, 5 mg, 180 Chewable Tablets","₨3,551.84","https://cloudinary.images-iherb.com/image/upload/f_auto,q_auto:eco/images/nfs/nfs02718/r/47.jpg,https://cloudinary.images-iherb.com/image/upload/f_auto,q_auto:eco/images/nfs/nfs02718/r/50.jpg,https://cloudinary.images-iherb.com/image/upload/w_240/f_auto,q_auto:eco/images/cms/banners/dPDP_Authenticity_Graphic2_2025_009en-us.jpg,https://cloudinary.images-iherb.com/image/upload/w_240/f_auto,q_auto:eco/images/cms/banners/dPDP_Fresh_Graphic2_2025_003en-us.jpg,https://cloudinary.images-iherb.com/image/upload/f_auto,q_auto:eco/images/nfs/nfs02718/r/47.jpg",
"Nature's Way, Valerian Root, 180 Vegan Capsules (530 mg per Capsule)","₨4,299.21","https://cloudinary.images-iherb.com/image/upload/f_auto,q_auto:eco/images/nwy/nwy17708/r/69.jpg,https://cloudinary.images-iherb.com/image/upload/f_auto,q_auto:eco/images/nwy/nwy17708/r/75.jpg,https://cloudinary.images-iherb.com/image/upload/w_240/f_auto,q_auto:eco/images/cms/banners/dPDP_Authenticity_Graphic2_2025_009en-us.jpg,https://cloudinary.images-iherb.com/image/upload/w_240/f_auto,q_auto:eco/images/cms/banners/dPDP_Fresh_Graphic2_2025_003en-us.jpg,https://cloudinary.images-iherb.com/image/upload/f_auto,q_auto:eco/images/nwy/nwy17708/r/69.jpg",
"Nature's Craft, Magnesium Glycinate, 120 Capsules (100 mg per Capsule)","₨5,107.02","https://cloudinary.images-iherb.com/image/upload/f_auto,q_auto:eco/images/nca/nca38658/r/8.jpg,https://cloudinary.images-iherb.com/image/upload/f_auto,q_auto:eco/images/nca/nca38658/r/14.jpg,https://cloudinary.images-iherb.com/image/upload/w_240/f_auto,q_auto:eco/images/cms/banners/dPDP_Authenticity_Graphic2_2025_009en-us.jpg,https://cloudinary.images-iherb.com/image/upload/w_240/f_auto,q_auto:eco/images/cms/banners/dPDP_Fresh_Graphic2_2025_003en-us.jpg,https://img.youtube.com/vi/kWmbw-KpVrc/0.jpg",
"Life Extension, Serene Sleep , 30 Softgels","₨4,553.02","https://cloudinary.images-iherb.com/image/upload/f_auto,q_auto:eco/images/lex/lex25263/r/10.jpg,https://cloudinary.images-iherb.com/image/upload/f_auto,q_auto:eco/images/lex/lex25263/r/9.jpg,https://cloudinary.images-iherb.com/image/upload/w_240/f_auto,q_auto:eco/images/cms/banners/dPDP_Authenticity_Graphic2_2025_009en-us.jpg,https://cloudinary.images-iherb.com/image/upload/w_240/f_auto,q_auto:eco/images/cms/banners/dPDP_Fresh_Graphic2_2025_003en-us.jpg,https://cloudinary.images-iherb.com/image/upload/f_auto,q_auto:eco/images/lex/lex25263/r/10.jpg",
"Swanson, Chrysin, 30 Veggie Capsules","₨4,078.35","https://cloudinary.images-iherb.com/image/upload/f_auto,q_auto:eco/images/swv/swv14201/r/40.jpg,https://cloudinary.images-iherb.com/image/upload/f_auto,q_auto:eco/images/swv/swv14201/r/46.jpg,https://cloudinary.images-iherb.com/image/upload/w_240/f_auto,q_auto:eco/images/cms/banners/dPDP_Authenticity_Graphic2_2025_009en-us.jpg,https://cloudinary.images-iherb.com/image/upload/w_240/f_auto,q_auto:eco/images/cms/banners/dPDP_Fresh_Graphic2_2025_003en-us.jpg,https://cloudinary.images-iherb.com/image/upload/f_auto,q_auto:eco/images/swv/swv14201/r/40.jpg",
"Swanson, Wild Lettuce, 450 mg, 60 Capsules","₨2,465.74","https://cloudinary.images-iherb.com/image/upload/f_auto,q_auto:eco/images/swv/swv11505/r/24.jpg,https://cloudinary.images-iherb.com/image/upload/f_auto,q_auto:eco/images/swv/swv11505/r/30.jpg,https://cloudinary.images-iherb.com/image/upload/w_240/f_auto,q_auto:eco/images/cms/banners/dPDP_Authenticity_Graphic2_2025_009en-us.jpg,https://cloudinary.images-iherb.com/image/upload/w_240/f_auto,q_auto:eco/images/cms/banners/dPDP_Fresh_Graphic2_2025_003en-us.jpg,https://cloudinary.images-iherb.com/image/upload/f_auto,q_auto:eco/images/swv/swv11505/r/24.jpg",
"New Chapter, Magnesium + Selenium & Zinc, 30 Vegan Tablets",,"https://cloudinary.images-iherb.com/image/upload/f_auto,q_auto:eco/images/ncr/ncr90413/r/20.jpg,https://cloudinary.images-iherb.com/image/upload/f_auto,q_auto:eco/images/ncr/ncr90413/r/21.jpg,https://cloudinary.images-iherb.com/image/upload/f_auto,q_auto:eco/images/ncr/ncr90413/r/12.jpg,https://cloudinary.images-iherb.com/image/upload/w_240/f_auto,q_auto:eco/images/cms/banners/dPDP_Authenticity_Graphic2_2025_009en-us.jpg,https://cloudinary.images-iherb.com/image/upload/w_240/f_auto,q_auto:eco/images/cms/banners/dPDP_Fresh_Graphic2_2025_003en-us.jpg",
"Vitamatic, Magnesium Malate Powder, 8.8 oz (250 g)","₨4,788.80","https://cloudinary.images-iherb.com/image/upload/f_auto,q_auto:eco/images/vmc/vmc47497/r/2.jpg,https://cloudinary.images-iherb.com/image/upload/f_auto,q_auto:eco/images/vmc/vmc47497/r/3.jpg,https://cloudinary.images-iherb.com/image/upload/w_240/f_auto,q_auto:eco/images/cms/banners/dPDP_Authenticity_Graphic2_2025_009en-us.jpg,https://cloudinary.images-iherb.com/image/upload/w_240/f_auto,q_auto:eco/images/cms/banners/dPDP_Fresh_Graphic2_2025_003en-us.jpg,https://cloudinary.images-iherb.com/image/upload/f_auto,q_auto:eco/images/vmc/vmc47497/r/2.jpg","Description
Most Bioavailable Form
GMP Quality Assured"
"Chapter One, Magnesium Gummies, Apple, 60 Gummies","₨5,140.78","https://cloudinary.images-iherb.com/image/upload/f_auto,q_auto:eco/images/zah/zah04125/r/23.jpg,https://cloudinary.images-iherb.com/image/upload/f_auto,q_auto:eco/images/zah/zah04125/r/22.jpg,https://cloudinary.images-iherb.com/image/upload/w_240/f_auto,q_auto:eco/images/cms/banners/dPDP_Authenticity_Graphic2_2025_009en-us.jpg,https://cloudinary.images-iherb.com/image/upload/w_240/f_auto,q_auto:eco/images/cms/banners/dPDP_Fresh_Graphic2_2025_003en-us.jpg,https://cloudinary.images-iherb.com/image/upload/f_auto,q_auto:eco/images/zah/zah04125/r/23.jpg",
"Enzymedica, Magnesium Mind, 120 Capsules","₨12,972.10","https://cloudinary.images-iherb.com/image/upload/f_auto,q_auto:eco/images/enz/enz10123/r/44.jpg,https://cloudinary.images-iherb.com/image/upload/f_auto,q_auto:eco/images/enz/enz10123/r/46.jpg,https://cloudinary.images-iherb.com/image/upload/f_auto,q_auto:eco/images/enz/enz10123/r/36.jpg,https://cloudinary.images-iherb.com/image/upload/w_240/f_auto,q_auto:eco/images/cms/banners/dPDP_Authenticity_Graphic2_2025_009en-us.jpg,https://cloudinary.images-iherb.com/image/upload/w_240/f_auto,q_auto:eco/images/cms/banners/dPDP_Fresh_Graphic2_2025_003en-us.jpg",
"Nature's Way, Sleep Well Gummy, Berry, 90 Gummies","₨5,690.73","https://cloudinary.images-iherb.com/image/upload/f_auto,q_auto:eco/images/nwy/nwy13981/r/24.jpg,https://cloudinary.images-iherb.com/image/upload/f_auto,q_auto:eco/images/nwy/nwy13981/r/26.jpg,https://cloudinary.images-iherb.com/image/upload/w_240/f_auto,q_auto:eco/images/cms/banners/dPDP_Authenticity_Graphic2_2025_009en-us.jpg,https://cloudinary.images-iherb.com/image/upload/w_240/f_auto,q_auto:eco/images/cms/banners/dPDP_Fresh_Graphic2_2025_003en-us.jpg,https://img.youtube.com/vi/BNS-FJRdycY/0.jpg",
"Source Naturals, Melatonin, Time Release, 2 mg, 240 Tablets",,"https://cloudinary.images-iherb.com/image/upload/f_auto,q_auto:eco/images/sns/sns00064/r/39.jpg,https://cloudinary.images-iherb.com/image/upload/f_auto,q_auto:eco/images/sns/sns00064/r/41.jpg,https://cloudinary.images-iherb.com/image/upload/w_240/f_auto,q_auto:eco/images/cms/banners/dPDP_Authenticity_Graphic2_2025_009en-us.jpg,https://cloudinary.images-iherb.com/image/upload/w_240/f_auto,q_auto:eco/images/cms/banners/dPDP_Fresh_Graphic2_2025_003en-us.jpg,https://cloudinary.images-iherb.com/image/upload/f_auto,q_auto:eco/images/sns/sns00064/r/39.jpg",
"Trace, Liquid Magnesium, Tangerine, 16 fl oz (473 ml)","₨6,949.97","https://cloudinary.images-iherb.com/image/upload/f_auto,q_auto:eco/images/tmr/tmr00277/r/24.jpg,https://cloudinary.images-iherb.com/image/upload/f_auto,q_auto:eco/images/tmr/tmr00277/r/30.jpg,https://cloudinary.images-iherb.com/image/upload/w_240/f_auto,q_auto:eco/images/cms/banners/dPDP_Authenticity_Graphic2_2025_009en-us.jpg,https://cloudinary.images-iherb.com/image/upload/w_240/f_auto,q_auto:eco/images/cms/banners/dPDP_Fresh_Graphic2_2025_003en-us.jpg,https://cloudinary.images-iherb.com/image/upload/f_auto,q_auto:eco/images/tmr/tmr00277/r/24.jpg",
"Mason Natural, Healthy Kids Melatonin, Ages 4 & Up, Tutti Frutti, 60 Quick Dissolve Tablets (500 mcg per Tablet)","₨2,072.09","https://cloudinary.images-iherb.com/image/upload/f_auto,q_auto:eco/images/mav/mav18545/r/15.jpg,https://cloudinary.images-iherb.com/image/upload/f_auto,q_auto:eco/images/mav/mav18545/r/12.jpg,https://cloudinary.images-iherb.com/image/upload/f_auto,q_auto:eco/images/mav/mav18545/r/16.jpg,https://cloudinary.images-iherb.com/image/upload/w_240/f_auto,q_auto:eco/images/cms/banners/dPDP_Authenticity_Graphic2_2025_009en-us.jpg,https://cloudinary.images-iherb.com/image/upload/w_240/f_auto,q_auto:eco/images/cms/banners/dPDP_Fresh_Graphic2_2025_003en-us.jpg",
"Nutricost, Melatonin, Strawberry, 5 mg, 180 Gummies","₨5,135.00","https://cloudinary.images-iherb.com/image/upload/f_auto,q_auto:eco/images/ncs/ncs67260/r/8.jpg,https://cloudinary.images-iherb.com/image/upload/f_auto,q_auto:eco/images/ncs/ncs67260/r/13.jpg,https://cloudinary.images-iherb.com/image/upload/w_240/f_auto,q_auto:eco/images/cms/banners/dPDP_Authenticity_Graphic2_2025_009en-us.jpg,https://cloudinary.images-iherb.com/image/upload/w_240/f_auto,q_auto:eco/images/cms/banners/dPDP_Fresh_Graphic2_2025_003en-us.jpg,https://cloudinary.images-iherb.com/image/upload/f_auto,q_auto:eco/images/ncs/ncs67260/r/8.jpg",
"Country Life, Magnesium Citrate, 120 Tablets","₨5,189.99","https://cloudinary.images-iherb.com/image/upload/f_auto,q_auto:eco/images/clf/clf02687/r/82.jpg,https://cloudinary.images-iherb.com/image/upload/f_auto,q_auto:eco/images/clf/clf02687/r/87.jpg,https://cloudinary.images-iherb.com/image/upload/w_240/f_auto,q_auto:eco/images/cms/banners/dPDP_Authenticity_Graphic2_2025_009en-us.jpg,https://cloudinary.images-iherb.com/image/upload/w_240/f_auto,q_auto:eco/images/cms/banners/dPDP_Fresh_Graphic2_2025_003en-us.jpg,https://cloudinary.images-iherb.com/image/upload/f_auto,q_auto:eco/images/clf/clf02687/r/82.jpg",
"Life Extension, Bioactive Milk Peptides, 30 Vegetarian Capsules","₨4,097.72","https://cloudinary.images-iherb.com/image/upload/f_auto,q_auto:eco/images/lex/lex15123/r/136.jpg,https://cloudinary.images-iherb.com/image/upload/f_auto,q_auto:eco/images/lex/lex15123/r/142.jpg,https://cloudinary.images-iherb.com/image/upload/w_240/f_auto,q_auto:eco/images/cms/banners/dPDP_Authenticity_Graphic2_2025_009en-us.jpg,https://cloudinary.images-iherb.com/image/upload/w_240/f_auto,q_auto:eco/images/cms/banners/dPDP_Fresh_Graphic2_2025_003en-us.jpg,https://cloudinary.images-iherb.com/image/upload/f_auto,q_auto:eco/images/lex/lex15123/r/136.jpg",
"Vitamatic, Melatonin, Natural Berry, 5 mg, 365 Fast Dissolve Tablets","₨2,734.70","https://cloudinary.images-iherb.com/image/upload/f_auto,q_auto:eco/images/vmc/vmc47308/r/8.jpg,https://cloudinary.images-iherb.com/image/upload/f_auto,q_auto:eco/images/vmc/vmc47308/r/10.jpg,https://cloudinary.images-iherb.com/image/upload/w_240/f_auto,q_auto:eco/images/cms/banners/dPDP_Authenticity_Graphic2_2025_009en-us.jpg,https://cloudinary.images-iherb.com/image/upload/w_240/f_auto,q_auto:eco/images/cms/banners/dPDP_Fresh_Graphic2_2025_003en-us.jpg,https://cloudinary.images-iherb.com/image/upload/f_auto,q_auto:eco/images/vmc/vmc47308/r/8.jpg",
"Boiron, SleepCalm® On The Go, 2 Portable Tubes, 80 Pellets Each",,"https://cloudinary.images-iherb.com/image/upload/f_auto,q_auto:eco/images/boi/boi31142/r/10.jpg,https://cloudinary.images-iherb.com/image/upload/f_auto,q_auto:eco/images/boi/boi31142/r/14.jpg,https://cloudinary.images-iherb.com/image/upload/f_auto,q_auto:eco/images/boi/boi31142/r/12.jpg,https://cloudinary.images-iherb.com/image/upload/f_auto,q_auto:eco/images/boi/boi31142/r/9.jpg,https://cloudinary.images-iherb.com/image/upload/w_240/f_auto,q_auto:eco/images/cms/banners/dPDP_Authenticity_Graphic2_2025_009en-us.jpg",
"Mommy's Bliss, Kids Sleep Chewable, Melatonin + Immune Support, Age 3 Years+, Mixed Berry, 50 Chewable Tablets",,"https://cloudinary.images-iherb.com/image/upload/f_auto,q_auto:eco/images/bab/bab07640/r/20.jpg,https://cloudinary.images-iherb.com/image/upload/f_auto,q_auto:eco/images/bab/bab07640/r/23.jpg,https://cloudinary.images-iherb.com/image/upload/f_auto,q_auto:eco/images/bab/bab07640/r/12.jpg,https://cloudinary.images-iherb.com/image/upload/w_240/f_auto,q_auto:eco/images/cms/banners/dPDP_Authenticity_Graphic2_2025_009en-us.jpg,https://cloudinary.images-iherb.com/image/upload/w_240/f_auto,q_auto:eco/images/cms/banners/dPDP_Fresh_Graphic2_2025_003en-us.jpg",
"Solaray, True Herbs, Valerian, 470 mg, 180 VegCaps","₨3,780.02","https://cloudinary.images-iherb.com/image/upload/f_auto,q_auto:eco/images/sor/sor01631/r/22.jpg,https://cloudinary.images-iherb.com/image/upload/f_auto,q_auto:eco/images/sor/sor01631/r/27.jpg,https://cloudinary.images-iherb.com/image/upload/w_240/f_auto,q_auto:eco/images/cms/banners/dPDP_Authenticity_Graphic2_2025_009en-us.jpg,https://cloudinary.images-iherb.com/image/upload/w_240/f_auto,q_auto:eco/images/cms/banners/dPDP_Fresh_Graphic2_2025_003en-us.jpg,https://cloudinary.images-iherb.com/image/upload/f_auto,q_auto:eco/images/sor/sor01631/r/22.jpg",
"Country Life, Target-Mins, Magnesium Potassium Aspartate, 180 Tablets","₨6,495.12","https://cloudinary.images-iherb.com/image/upload/f_auto,q_auto:eco/images/clf/clf02495/r/41.jpg,https://cloudinary.images-iherb.com/image/upload/f_auto,q_auto:eco/images/clf/clf02495/r/43.jpg,https://cloudinary.images-iherb.com/image/upload/w_240/f_auto,q_auto:eco/images/cms/banners/dPDP_Authenticity_Graphic2_2025_009en-us.jpg,https://cloudinary.images-iherb.com/image/upload/w_240/f_auto,q_auto:eco/images/cms/banners/dPDP_Fresh_Graphic2_2025_003en-us.jpg,https://cloudinary.images-iherb.com/image/upload/f_auto,q_auto:eco/images/clf/clf02495/r/41.jpg",
"Mason Natural, Melatonin, 5 mg, 60 Tablets","₨2,110.36","https://cloudinary.images-iherb.com/image/upload/f_auto,q_auto:eco/images/mav/mav11145/r/62.jpg,https://cloudinary.images-iherb.com/image/upload/f_auto,q_auto:eco/images/mav/mav11145/r/68.jpg,https://cloudinary.images-iherb.com/image/upload/w_240/f_auto,q_auto:eco/images/cms/banners/dPDP_Authenticity_Graphic2_2025_009en-us.jpg,https://cloudinary.images-iherb.com/image/upload/w_240/f_auto,q_auto:eco/images/cms/banners/dPDP_Fresh_Graphic2_2025_003en-us.jpg,https://cloudinary.images-iherb.com/image/upload/f_auto,q_auto:eco/images/mav/mav11145/r/62.jpg",
"Amazing Nutrition, L-Tryptophan, 1,000 mg, 120 Tablets","₨7,582.24","https://cloudinary.images-iherb.com/image/upload/f_auto,q_auto:eco/images/amn/amn02195/r/40.jpg,https://cloudinary.images-iherb.com/image/upload/f_auto,q_auto:eco/images/amn/amn02195/r/42.jpg,https://cloudinary.images-iherb.com/image/upload/w_240/f_auto,q_auto:eco/images/cms/banners/dPDP_Authenticity_Graphic2_2025_009en-us.jpg,https://cloudinary.images-iherb.com/image/upload/w_240/f_auto,q_auto:eco/images/cms/banners/dPDP_Fresh_Graphic2_2025_003en-us.jpg,https://cloudinary.images-iherb.com/image/upload/f_auto,q_auto:eco/images/amn/amn02195/r/40.jpg",
"Mason Natural, Eazzzy Sleep, with Magnesium & Chamomile, 60 Tablets","₨2,639.89","https://cloudinary.images-iherb.com/image/upload/f_auto,q_auto:eco/images/mav/mav18175/r/41.jpg,https://cloudinary.images-iherb.com/image/upload/f_auto,q_auto:eco/images/mav/mav18175/r/47.jpg,https://cloudinary.images-iherb.com/image/upload/w_240/f_auto,q_auto:eco/images/cms/banners/dPDP_Authenticity_Graphic2_2025_009en-us.jpg,https://cloudinary.images-iherb.com/image/upload/w_240/f_auto,q_auto:eco/images/cms/banners/dPDP_Fresh_Graphic2_2025_003en-us.jpg,https://cloudinary.images-iherb.com/image/upload/f_auto,q_auto:eco/images/mav/mav18175/r/41.jpg",
"Solaray, True Herbs, Valerian, 470 mg, 100 VegCaps","₨2,626.47","https://cloudinary.images-iherb.com/image/upload/f_auto,q_auto:eco/images/sor/sor01630/r/66.jpg,https://cloudinary.images-iherb.com/image/upload/f_auto,q_auto:eco/images/sor/sor01630/r/74.jpg,https://cloudinary.images-iherb.com/image/upload/w_240/f_auto,q_auto:eco/images/cms/banners/dPDP_Authenticity_Graphic2_2025_009en-us.jpg,https://cloudinary.images-iherb.com/image/upload/w_240/f_auto,q_auto:eco/images/cms/banners/dPDP_Fresh_Graphic2_2025_003en-us.jpg,https://cloudinary.images-iherb.com/image/upload/f_auto,q_auto:eco/images/sor/sor01630/r/66.jpg",
"NaturesPlus, Magnesium, 200 mg, 90 Tablets","₨3,864.66","https://cloudinary.images-iherb.com/image/upload/f_auto,q_auto:eco/images/nap/nap03350/r/38.jpg,https://cloudinary.images-iherb.com/image/upload/f_auto,q_auto:eco/images/nap/nap03350/r/43.jpg,https://cloudinary.images-iherb.com/image/upload/w_240/f_auto,q_auto:eco/images/cms/banners/dPDP_Authenticity_Graphic2_2025_009en-us.jpg,https://cloudinary.images-iherb.com/image/upload/w_240/f_auto,q_auto:eco/images/cms/banners/dPDP_Fresh_Graphic2_2025_003en-us.jpg,https://cloudinary.images-iherb.com/image/upload/f_auto,q_auto:eco/images/nap/nap03350/r/38.jpg",
"Solaray, Magnesium Asporotate™, 180 VegCaps (200 mg per Capsule)","₨4,711.55","https://cloudinary.images-iherb.com/image/upload/f_auto,q_auto:eco/images/sor/sor13223/r/37.jpg,https://cloudinary.images-iherb.com/image/upload/f_auto,q_auto:eco/images/sor/sor13223/r/45.jpg,https://cloudinary.images-iherb.com/image/upload/w_240/f_auto,q_auto:eco/images/cms/banners/dPDP_Authenticity_Graphic2_2025_009en-us.jpg,https://cloudinary.images-iherb.com/image/upload/w_240/f_auto,q_auto:eco/images/cms/banners/dPDP_Fresh_Graphic2_2025_003en-us.jpg,https://cloudinary.images-iherb.com/image/upload/f_auto,q_auto:eco/images/sor/sor13223/r/37.jpg",
"Nutricost, Magnesium+, 60 Capsules (210 mg per Capsule)","₨2,658.39","https://cloudinary.images-iherb.com/image/upload/f_auto,q_auto:eco/images/ncs/ncs57423/r/8.jpg,https://cloudinary.images-iherb.com/image/upload/f_auto,q_auto:eco/images/ncs/ncs57423/r/13.jpg,https://cloudinary.images-iherb.com/image/upload/w_240/f_auto,q_auto:eco/images/cms/banners/dPDP_Authenticity_Graphic2_2025_009en-us.jpg,https://cloudinary.images-iherb.com/image/upload/w_240/f_auto,q_auto:eco/images/cms/banners/dPDP_Fresh_Graphic2_2025_003en-us.jpg,https://cloudinary.images-iherb.com/image/upload/f_auto,q_auto:eco/images/ncs/ncs57423/r/8.jpg",
"Source Naturals, Serene Science®, Theanine Serene® with Magnesium, 60 Tablets","₨3,718.27","https://cloudinary.images-iherb.com/image/upload/f_auto,q_auto:eco/images/sns/sns01775/r/41.jpg,https://cloudinary.images-iherb.com/image/upload/f_auto,q_auto:eco/images/sns/sns01775/r/47.jpg,https://cloudinary.images-iherb.com/image/upload/w_240/f_auto,q_auto:eco/images/cms/banners/dPDP_Authenticity_Graphic2_2025_009en-us.jpg,https://cloudinary.images-iherb.com/image/upload/w_240/f_auto,q_auto:eco/images/cms/banners/dPDP_Fresh_Graphic2_2025_003en-us.jpg,https://cloudinary.images-iherb.com/image/upload/f_auto,q_auto:eco/images/sns/sns01775/r/41.jpg",
"Swanson, Magnesium Oxide, 200 mg, 500 Capsules","₨3,802.92","https://cloudinary.images-iherb.com/image/upload/f_auto,q_auto:eco/images/swv/swv01197/r/24.jpg,https://cloudinary.images-iherb.com/image/upload/f_auto,q_auto:eco/images/swv/swv01197/r/30.jpg,https://cloudinary.images-iherb.com/image/upload/w_240/f_auto,q_auto:eco/images/cms/banners/dPDP_Authenticity_Graphic2_2025_009en-us.jpg,https://cloudinary.images-iherb.com/image/upload/w_240/f_auto,q_auto:eco/images/cms/banners/dPDP_Fresh_Graphic2_2025_003en-us.jpg,https://cloudinary.images-iherb.com/image/upload/f_auto,q_auto:eco/images/swv/swv01197/r/24.jpg",
"NaturesPlus, Melatonin, 5 mg, 90 Tablets","₨2,479.62","https://cloudinary.images-iherb.com/image/upload/f_auto,q_auto:eco/images/nap/nap47626/r/24.jpg,https://cloudinary.images-iherb.com/image/upload/f_auto,q_auto:eco/images/nap/nap47626/r/32.jpg,https://cloudinary.images-iherb.com/image/upload/w_240/f_auto,q_auto:eco/images/cms/banners/dPDP_Authenticity_Graphic2_2025_009en-us.jpg,https://cloudinary.images-iherb.com/image/upload/w_240/f_auto,q_auto:eco/images/cms/banners/dPDP_Fresh_Graphic2_2025_003en-us.jpg,https://cloudinary.images-iherb.com/image/upload/f_auto,q_auto:eco/images/nap/nap47626/r/24.jpg",
"MegaFood, Relax + Calm Magnesium, Blackberry Hibiscus Oasis, 7.05 oz (200 g)","₨7,092.19","https://cloudinary.images-iherb.com/image/upload/f_auto,q_auto:eco/images/mgf/mgf60170/r/16.jpg,https://cloudinary.images-iherb.com/image/upload/f_auto,q_auto:eco/images/mgf/mgf60170/r/22.jpg,https://cloudinary.images-iherb.com/image/upload/w_240/f_auto,q_auto:eco/images/cms/banners/dPDP_Authenticity_Graphic2_2025_009en-us.jpg,https://cloudinary.images-iherb.com/image/upload/w_240/f_auto,q_auto:eco/images/cms/banners/dPDP_Fresh_Graphic2_2025_003en-us.jpg,https://cloudinary.images-iherb.com/image/upload/f_auto,q_auto:eco/images/mgf/mgf60170/r/16.jpg",
"Garden of Life, Organics, Sleep Well, 30 Vegan Tablets","₨7,674.14","https://cloudinary.images-iherb.com/image/upload/f_auto,q_auto:eco/images/gol/gol12189/r/78.jpg,https://cloudinary.images-iherb.com/image/upload/f_auto,q_auto:eco/images/gol/gol12189/r/81.jpg,https://cloudinary.images-iherb.com/image/upload/f_auto,q_auto:eco/images/gol/gol12189/r/70.jpg,https://cloudinary.images-iherb.com/image/upload/w_240/f_auto,q_auto:eco/images/cms/banners/dPDP_Authenticity_Graphic2_2025_009en-us.jpg,https://cloudinary.images-iherb.com/image/upload/w_240/f_auto,q_auto:eco/images/cms/banners/dPDP_Fresh_Graphic2_2025_003en-us.jpg",
"Nutricost, Magtein®, Magnesium L-Threonate, 90 Capsules (666 mg per Capsule)","₨11,875.44","https://cloudinary.images-iherb.com/image/upload/f_auto,q_auto:eco/images/ncs/ncs57431/r/8.jpg,https://cloudinary.images-iherb.com/image/upload/f_auto,q_auto:eco/images/ncs/ncs57431/r/13.jpg,https://cloudinary.images-iherb.com/image/upload/w_240/f_auto,q_auto:eco/images/cms/banners/dPDP_Authenticity_Graphic2_2025_009en-us.jpg,https://cloudinary.images-iherb.com/image/upload/w_240/f_auto,q_auto:eco/images/cms/banners/dPDP_Fresh_Graphic2_2025_003en-us.jpg,https://cloudinary.images-iherb.com/image/upload/f_auto,q_auto:eco/images/ncs/ncs57431/r/8.jpg",
"Cymbiotika, Sleep, Liposomal Delivery, Cacao, 1.7 fl oz (52 ml)","₨10,982.18","https://cloudinary.images-iherb.com/image/upload/f_auto,q_auto:eco/images/cym/cym14638/r/17.jpg,https://cloudinary.images-iherb.com/image/upload/f_auto,q_auto:eco/images/cym/cym14638/r/18.jpg,https://cloudinary.images-iherb.com/image/upload/f_auto,q_auto:eco/images/cym/cym14638/r/19.jpg,https://cloudinary.images-iherb.com/image/upload/w_240/f_auto,q_auto:eco/images/cms/banners/dPDP_Authenticity_Graphic2_2025_009en-us.jpg,https://cloudinary.images-iherb.com/image/upload/w_240/f_auto,q_auto:eco/images/cms/banners/dPDP_Fresh_Graphic2_2025_003en-us.jpg",
"ProHealth Longevity, Sleep Longevity, 60 Capsules","₨8,351.54","https://cloudinary.images-iherb.com/image/upload/f_auto,q_auto:eco/images/phv/phv77910/r/8.jpg,https://cloudinary.images-iherb.com/image/upload/f_auto,q_auto:eco/images/phv/phv77910/r/14.jpg,https://cloudinary.images-iherb.com/image/upload/w_240/f_auto,q_auto:eco/images/cms/banners/dPDP_Authenticity_Graphic2_2025_009en-us.jpg,https://cloudinary.images-iherb.com/image/upload/w_240/f_auto,q_auto:eco/images/cms/banners/dPDP_Fresh_Graphic2_2025_003en-us.jpg,https://cloudinary.images-iherb.com/image/upload/f_auto,q_auto:eco/images/phv/phv77910/r/8.jpg",
"Amazing Nutrition, L-Tryptophan, 1,000 mg, 60 Tablets","₨4,292.73","https://cloudinary.images-iherb.com/image/upload/f_auto,q_auto:eco/images/amn/amn02375/r/28.jpg,https://cloudinary.images-iherb.com/image/upload/f_auto,q_auto:eco/images/amn/amn02375/r/30.jpg,https://cloudinary.images-iherb.com/image/upload/w_240/f_auto,q_auto:eco/images/cms/banners/dPDP_Authenticity_Graphic2_2025_009en-us.jpg,https://cloudinary.images-iherb.com/image/upload/w_240/f_auto,q_auto:eco/images/cms/banners/dPDP_Fresh_Graphic2_2025_003en-us.jpg,https://cloudinary.images-iherb.com/image/upload/f_auto,q_auto:eco/images/amn/amn02375/r/28.jpg",
"Trace, Magnesium Glycinate Powder, Orange Dream, 6.35 oz (180 g)","₨5,867.65","https://cloudinary.images-iherb.com/image/upload/f_auto,q_auto:eco/images/tmr/tmr00889/r/8.jpg,https://cloudinary.images-iherb.com/image/upload/f_auto,q_auto:eco/images/tmr/tmr00889/r/11.jpg,https://cloudinary.images-iherb.com/image/upload/w_240/f_auto,q_auto:eco/images/cms/banners/dPDP_Authenticity_Graphic2_2025_009en-us.jpg,https://cloudinary.images-iherb.com/image/upload/w_240/f_auto,q_auto:eco/images/cms/banners/dPDP_Fresh_Graphic2_2025_003en-us.jpg,https://cloudinary.images-iherb.com/image/upload/f_auto,q_auto:eco/images/tmr/tmr00889/r/8.jpg",
"Pure Essence, Ionic-Fizz, Magnesium Plus, Raspberry Lemonade, 12.06 oz (342 g)","₨11,253.57","https://cloudinary.images-iherb.com/image/upload/f_auto,q_auto:eco/images/pur/pur03102/r/29.jpg,https://cloudinary.images-iherb.com/image/upload/f_auto,q_auto:eco/images/pur/pur03102/r/35.jpg,https://cloudinary.images-iherb.com/image/upload/w_240/f_auto,q_auto:eco/images/cms/banners/dPDP_Authenticity_Graphic2_2025_009en-us.jpg,https://cloudinary.images-iherb.com/image/upload/w_240/f_auto,q_auto:eco/images/cms/banners/dPDP_Fresh_Graphic2_2025_003en-us.jpg,https://cloudinary.images-iherb.com/image/upload/f_auto,q_auto:eco/images/pur/pur03102/r/29.jpg",
"Nordic Naturals, Magnesium Gummies, Blueberry Lavender, 60 Gummies (100 mg per Gummy)","₨7,418.74","https://cloudinary.images-iherb.com/image/upload/f_auto,q_auto:eco/images/nor/nor01534/r/8.jpg,https://cloudinary.images-iherb.com/image/upload/f_auto,q_auto:eco/images/nor/nor01534/r/13.jpg,https://cloudinary.images-iherb.com/image/upload/w_240/f_auto,q_auto:eco/images/cms/banners/dPDP_Authenticity_Graphic2_2025_009en-us.jpg,https://cloudinary.images-iherb.com/image/upload/w_240/f_auto,q_auto:eco/images/cms/banners/dPDP_Fresh_Graphic2_2025_003en-us.jpg,https://cloudinary.images-iherb.com/image/upload/f_auto,q_auto:eco/images/nor/nor01534/r/8.jpg",
"Nature's Answer, Melatonin+, 5 mg, 60 Vegetarian Capsules","₨3,263.51","https://cloudinary.images-iherb.com/image/upload/f_auto,q_auto:eco/images/nta/nta16565/r/43.jpg,https://cloudinary.images-iherb.com/image/upload/f_auto,q_auto:eco/images/nta/nta16565/r/44.jpg,https://cloudinary.images-iherb.com/image/upload/f_auto,q_auto:eco/images/nta/nta16565/r/35.jpg,https://cloudinary.images-iherb.com/image/upload/w_240/f_auto,q_auto:eco/images/cms/banners/dPDP_Authenticity_Graphic2_2025_009en-us.jpg,https://cloudinary.images-iherb.com/image/upload/w_240/f_auto,q_auto:eco/images/cms/banners/dPDP_Fresh_Graphic2_2025_003en-us.jpg",
"Superior Source, 5-HTP, 50 mg, 60 MicroLingual® Instant Dissolve Tablets","₨5,798.27","https://cloudinary.images-iherb.com/image/upload/f_auto,q_auto:eco/images/sps/sps90330/r/60.jpg,https://cloudinary.images-iherb.com/image/upload/f_auto,q_auto:eco/images/sps/sps90330/r/63.jpg,https://cloudinary.images-iherb.com/image/upload/f_auto,q_auto:eco/images/sps/sps90330/r/52.jpg,https://cloudinary.images-iherb.com/image/upload/w_240/f_auto,q_auto:eco/images/cms/banners/dPDP_Authenticity_Graphic2_2025_009en-us.jpg,https://cloudinary.images-iherb.com/image/upload/w_240/f_auto,q_auto:eco/images/cms/banners/dPDP_Fresh_Graphic2_2025_003en-us.jpg",
"Nested Naturals, Magnesium, Glycinate Chelate, 120 Vegan Capsules (100 mg per Capsule)","₨4,912.99","https://cloudinary.images-iherb.com/image/upload/f_auto,q_auto:eco/images/ndn/ndn00713/r/24.jpg,https://cloudinary.images-iherb.com/image/upload/f_auto,q_auto:eco/images/ndn/ndn00713/r/30.jpg,https://cloudinary.images-iherb.com/image/upload/w_240/f_auto,q_auto:eco/images/cms/banners/dPDP_Authenticity_Graphic2_2025_009en-us.jpg,https://cloudinary.images-iherb.com/image/upload/w_240/f_auto,q_auto:eco/images/cms/banners/dPDP_Fresh_Graphic2_2025_003en-us.jpg,https://cloudinary.images-iherb.com/image/upload/f_auto,q_auto:eco/images/ndn/ndn00713/r/24.jpg",
"Nutricost, Magnesium Glycinate, Fruit Punch, 8.9 oz (250 g)","₨7,799.40","https://cloudinary.images-iherb.com/image/upload/f_auto,q_auto:eco/images/ncs/ncs67587/r/24.jpg,https://cloudinary.images-iherb.com/image/upload/f_auto,q_auto:eco/images/ncs/ncs67587/r/29.jpg,https://cloudinary.images-iherb.com/image/upload/w_240/f_auto,q_auto:eco/images/cms/banners/dPDP_Authenticity_Graphic2_2025_009en-us.jpg,https://cloudinary.images-iherb.com/image/upload/w_240/f_auto,q_auto:eco/images/cms/banners/dPDP_Fresh_Graphic2_2025_003en-us.jpg,https://cloudinary.images-iherb.com/image/upload/f_auto,q_auto:eco/images/ncs/ncs67587/r/24.jpg",
"Solaray, True Herbs, Chamomile, 350 mg , 100 VegCaps","₨2,235.17","https://cloudinary.images-iherb.com/image/upload/f_auto,q_auto:eco/images/sor/sor01160/r/40.jpg,https://cloudinary.images-iherb.com/image/upload/f_auto,q_auto:eco/images/sor/sor01160/r/48.jpg,https://cloudinary.images-iherb.com/image/upload/w_240/f_auto,q_auto:eco/images/cms/banners/dPDP_Authenticity_Graphic2_2025_009en-us.jpg,https://cloudinary.images-iherb.com/image/upload/w_240/f_auto,q_auto:eco/images/cms/banners/dPDP_Fresh_Graphic2_2025_003en-us.jpg,https://cloudinary.images-iherb.com/image/upload/f_auto,q_auto:eco/images/sor/sor01160/r/40.jpg",
"KAL, Magnesium Potassium Bromelain, 60 Tablets","₨2,402.38","https://cloudinary.images-iherb.com/image/upload/f_auto,q_auto:eco/images/cal/cal12223/r/8.jpg,https://cloudinary.images-iherb.com/image/upload/f_auto,q_auto:eco/images/cal/cal12223/r/13.jpg,https://cloudinary.images-iherb.com/image/upload/w_240/f_auto,q_auto:eco/images/cms/banners/dPDP_Authenticity_Graphic2_2025_009en-us.jpg,https://cloudinary.images-iherb.com/image/upload/w_240/f_auto,q_auto:eco/images/cms/banners/dPDP_Fresh_Graphic2_2025_003en-us.jpg,https://cloudinary.images-iherb.com/image/upload/f_auto,q_auto:eco/images/cal/cal12223/r/8.jpg",
"OLLY, Kids Sleep Gummies, Razzzberry, 50 Gummies","₨4,646.57","https://cloudinary.images-iherb.com/image/upload/f_auto,q_auto:eco/images/ole/ole46206/r/32.jpg,https://cloudinary.images-iherb.com/image/upload/f_auto,q_auto:eco/images/ole/ole46206/r/38.jpg,https://cloudinary.images-iherb.com/image/upload/w_240/f_auto,q_auto:eco/images/cms/banners/dPDP_Authenticity_Graphic2_2025_009en-us.jpg,https://cloudinary.images-iherb.com/image/upload/w_240/f_auto,q_auto:eco/images/cms/banners/dPDP_Fresh_Graphic2_2025_003en-us.jpg,https://cloudinary.images-iherb.com/image/upload/f_auto,q_auto:eco/images/ole/ole46206/r/32.jpg",
"Natural Vitality, Calm® Sleep, 120 Capsules","₨7,009.63","https://cloudinary.images-iherb.com/image/upload/f_auto,q_auto:eco/images/ptg/ptg04361/r/24.jpg,https://cloudinary.images-iherb.com/image/upload/f_auto,q_auto:eco/images/ptg/ptg04361/r/29.jpg,https://cloudinary.images-iherb.com/image/upload/w_240/f_auto,q_auto:eco/images/cms/banners/dPDP_Authenticity_Graphic2_2025_009en-us.jpg,https://cloudinary.images-iherb.com/image/upload/w_240/f_auto,q_auto:eco/images/cms/banners/dPDP_Fresh_Graphic2_2025_003en-us.jpg,https://cloudinary.images-iherb.com/image/upload/f_auto,q_auto:eco/images/ptg/ptg04361/r/24.jpg",
"KAL, Liposomal Magnesium , 210 mg , 60 VegCaps","₨5,175.70","https://cloudinary.images-iherb.com/image/upload/f_auto,q_auto:eco/images/cal/cal48138/r/8.jpg,https://cloudinary.images-iherb.com/image/upload/f_auto,q_auto:eco/images/cal/cal48138/r/11.jpg,https://cloudinary.images-iherb.com/image/upload/w_240/f_auto,q_auto:eco/images/cms/banners/dPDP_Authenticity_Graphic2_2025_009en-us.jpg,https://cloudinary.images-iherb.com/image/upload/w_240/f_auto,q_auto:eco/images/cms/banners/dPDP_Fresh_Graphic2_2025_003en-us.jpg,https://cloudinary.images-iherb.com/image/upload/f_auto,q_auto:eco/images/cal/cal48138/r/8.jpg",
"Nature's Truth, Ionic Magnesium Liquid, Unflavored, 4 fl oz (118 ml)","₨4,882.23","https://cloudinary.images-iherb.com/image/upload/f_auto,q_auto:eco/images/nth/nth12351/r/20.jpg,https://cloudinary.images-iherb.com/image/upload/f_auto,q_auto:eco/images/nth/nth12351/r/22.jpg,https://cloudinary.images-iherb.com/image/upload/f_auto,q_auto:eco/images/nth/nth12351/r/12.jpg,https://cloudinary.images-iherb.com/image/upload/w_240/f_auto,q_auto:eco/images/cms/banners/dPDP_Authenticity_Graphic2_2025_009en-us.jpg,https://cloudinary.images-iherb.com/image/upload/w_240/f_auto,q_auto:eco/images/cms/banners/dPDP_Fresh_Graphic2_2025_003en-us.jpg",
"Kirkman Labs, Magnesium Malate, 120 Capsules (160 mg per Capsule)",,"https://cloudinary.images-iherb.com/image/upload/f_auto,q_auto:eco/images/kim/kim02141/r/8.jpg,https://cloudinary.images-iherb.com/image/upload/f_auto,q_auto:eco/images/kim/kim02141/r/13.jpg,https://cloudinary.images-iherb.com/image/upload/w_240/f_auto,q_auto:eco/images/cms/banners/dPDP_Authenticity_Graphic2_2025_009en-us.jpg,https://cloudinary.images-iherb.com/image/upload/w_240/f_auto,q_auto:eco/images/cms/banners/dPDP_Fresh_Graphic2_2025_003en-us.jpg,https://cloudinary.images-iherb.com/image/upload/f_auto,q_auto:eco/images/kim/kim02141/r/8.jpg",
"Chapter One, Magnesium Gummies, Raspberry, 120 Gummies","₨9,429.12","https://cloudinary.images-iherb.com/image/upload/f_auto,q_auto:eco/images/zah/zah04122/r/25.jpg,https://cloudinary.images-iherb.com/image/upload/f_auto,q_auto:eco/images/zah/zah04122/r/24.jpg,https://cloudinary.images-iherb.com/image/upload/w_240/f_auto,q_auto:eco/images/cms/banners/dPDP_Authenticity_Graphic2_2025_009en-us.jpg,https://cloudinary.images-iherb.com/image/upload/w_240/f_auto,q_auto:eco/images/cms/banners/dPDP_Fresh_Graphic2_2025_003en-us.jpg,https://cloudinary.images-iherb.com/image/upload/f_auto,q_auto:eco/images/zah/zah04122/r/25.jpg",
"Irwin Naturals, Power to Sleep PM®, 120 Liquid Soft-Gels","₨12,543.02","https://cloudinary.images-iherb.com/image/upload/f_auto,q_auto:eco/images/irw/irw57827/r/44.jpg,https://cloudinary.images-iherb.com/image/upload/f_auto,q_auto:eco/images/irw/irw57827/r/50.jpg,https://cloudinary.images-iherb.com/image/upload/w_240/f_auto,q_auto:eco/images/cms/banners/dPDP_Authenticity_Graphic2_2025_009en-us.jpg,https://cloudinary.images-iherb.com/image/upload/w_240/f_auto,q_auto:eco/images/cms/banners/dPDP_Fresh_Graphic2_2025_003en-us.jpg,https://cloudinary.images-iherb.com/image/upload/f_auto,q_auto:eco/images/irw/irw57827/r/44.jpg",
"Nature Made, Melatonin, 90 Tablets","₨2,957.31","https://cloudinary.images-iherb.com/image/upload/f_auto,q_auto:eco/images/ndm/ndm02743/r/46.jpg,https://cloudinary.images-iherb.com/image/upload/f_auto,q_auto:eco/images/ndm/ndm02743/r/51.jpg,https://cloudinary.images-iherb.com/image/upload/w_240/f_auto,q_auto:eco/images/cms/banners/dPDP_Authenticity_Graphic2_2025_009en-us.jpg,https://cloudinary.images-iherb.com/image/upload/w_240/f_auto,q_auto:eco/images/cms/banners/dPDP_Fresh_Graphic2_2025_003en-us.jpg,https://cloudinary.images-iherb.com/image/upload/f_auto,q_auto:eco/images/ndm/ndm02743/r/46.jpg",
"Swanson, Rhodiola Holy Basil Valerian Stress Complex, 180 Capsules","₨6,103.07","https://cloudinary.images-iherb.com/image/upload/f_auto,q_auto:eco/images/swv/swv11114/r/24.jpg,https://cloudinary.images-iherb.com/image/upload/f_auto,q_auto:eco/images/swv/swv11114/r/27.jpg,https://cloudinary.images-iherb.com/image/upload/w_240/f_auto,q_auto:eco/images/cms/banners/dPDP_Authenticity_Graphic2_2025_009en-us.jpg,https://cloudinary.images-iherb.com/image/upload/w_240/f_auto,q_auto:eco/images/cms/banners/dPDP_Fresh_Graphic2_2025_003en-us.jpg,https://cloudinary.images-iherb.com/image/upload/f_auto,q_auto:eco/images/swv/swv11114/r/24.jpg",
"NutraChamps, 5-HTP, 120 Veggie Capsules","₨4,918.77","https://cloudinary.images-iherb.com/image/upload/f_auto,q_auto:eco/images/nhp/nhp99906/r/8.jpg,https://cloudinary.images-iherb.com/image/upload/f_auto,q_auto:eco/images/nhp/nhp99906/r/14.jpg,https://cloudinary.images-iherb.com/image/upload/w_240/f_auto,q_auto:eco/images/cms/banners/dPDP_Authenticity_Graphic2_2025_009en-us.jpg,https://cloudinary.images-iherb.com/image/upload/w_240/f_auto,q_auto:eco/images/cms/banners/dPDP_Fresh_Graphic2_2025_003en-us.jpg,https://cloudinary.images-iherb.com/image/upload/f_auto,q_auto:eco/images/nhp/nhp99906/r/8.jpg",
"Nature's Truth, Sleep Melatonin, Natural Berry, 12 mg, 120 Fast Dissolve Tablets","₨4,895.69","https://cloudinary.images-iherb.com/image/upload/f_auto,q_auto:eco/images/nth/nth11414/r/32.jpg,https://cloudinary.images-iherb.com/image/upload/f_auto,q_auto:eco/images/nth/nth11414/r/37.jpg,https://cloudinary.images-iherb.com/image/upload/w_240/f_auto,q_auto:eco/images/cms/banners/dPDP_Authenticity_Graphic2_2025_009en-us.jpg,https://cloudinary.images-iherb.com/image/upload/w_240/f_auto,q_auto:eco/images/cms/banners/dPDP_Fresh_Graphic2_2025_003en-us.jpg,https://cloudinary.images-iherb.com/image/upload/f_auto,q_auto:eco/images/nth/nth11414/r/32.jpg",
"Nutricost, Melatonin, 3 mg, 240 Tablets",,"https://cloudinary.images-iherb.com/image/upload/f_auto,q_auto:eco/images/ncs/ncs67271/r/8.jpg,https://cloudinary.images-iherb.com/image/upload/f_auto,q_auto:eco/images/ncs/ncs67271/r/13.jpg,https://cloudinary.images-iherb.com/image/upload/w_240/f_auto,q_auto:eco/images/cms/banners/dPDP_Authenticity_Graphic2_2025_009en-us.jpg,https://cloudinary.images-iherb.com/image/upload/w_240/f_auto,q_auto:eco/images/cms/banners/dPDP_Fresh_Graphic2_2025_003en-us.jpg,https://cloudinary.images-iherb.com/image/upload/f_auto,q_auto:eco/images/ncs/ncs67271/r/8.jpg",
"Force Factor, Magnesium + L-Theanine, 120 Vegetable Capsules","₨6,359.32","https://cloudinary.images-iherb.com/image/upload/f_auto,q_auto:eco/images/foa/foa66163/r/24.jpg,https://cloudinary.images-iherb.com/image/upload/f_auto,q_auto:eco/images/foa/foa66163/r/27.jpg,https://cloudinary.images-iherb.com/image/upload/w_240/f_auto,q_auto:eco/images/cms/banners/dPDP_Authenticity_Graphic2_2025_009en-us.jpg,https://cloudinary.images-iherb.com/image/upload/w_240/f_auto,q_auto:eco/images/cms/banners/dPDP_Fresh_Graphic2_2025_003en-us.jpg,https://cloudinary.images-iherb.com/image/upload/f_auto,q_auto:eco/images/foa/foa66163/r/32.jpg",
"Qualia, Night®, 60 Capsules","₨16,117.95","https://cloudinary.images-iherb.com/image/upload/f_auto,q_auto:eco/images/qui/qui97865/r/8.jpg,https://cloudinary.images-iherb.com/image/upload/f_auto,q_auto:eco/images/qui/qui97865/r/10.jpg,https://cloudinary.images-iherb.com/image/upload/f_auto,q_auto:eco/images/qui/qui97865/r/12.jpg,https://cloudinary.images-iherb.com/image/upload/w_240/f_auto,q_auto:eco/images/cms/banners/dPDP_Authenticity_Graphic2_2025_009en-us.jpg,https://cloudinary.images-iherb.com/image/upload/w_240/f_auto,q_auto:eco/images/cms/banners/dPDP_Fresh_Graphic2_2025_003en-us.jpg",
"21st Century, Melatonin, 3 mg, 90 Tablets",,"https://cloudinary.images-iherb.com/image/upload/f_auto,q_auto:eco/images/cen/cen21240/r/23.jpg,https://cloudinary.images-iherb.com/image/upload/f_auto,q_auto:eco/images/cen/cen21240/r/29.jpg,https://cloudinary.images-iherb.com/image/upload/w_240/f_auto,q_auto:eco/images/cms/banners/dPDP_Authenticity_Graphic2_2025_009en-us.jpg,https://cloudinary.images-iherb.com/image/upload/w_240/f_auto,q_auto:eco/images/cms/banners/dPDP_Fresh_Graphic2_2025_003en-us.jpg,https://cloudinary.images-iherb.com/image/upload/f_auto,q_auto:eco/images/cen/cen21240/r/31.jpg",
"Natural Vitality, CALM®, Relaxing Drink Mix, Orange, 16 oz (453 g)","₨10,016.07","https://cloudinary.images-iherb.com/image/upload/f_auto,q_auto:eco/images/ptg/ptg00008/r/53.jpg,https://cloudinary.images-iherb.com/image/upload/f_auto,q_auto:eco/images/ptg/ptg00008/r/58.jpg,https://cloudinary.images-iherb.com/image/upload/w_240/f_auto,q_auto:eco/images/cms/banners/dPDP_Authenticity_Graphic2_2025_009en-us.jpg,https://cloudinary.images-iherb.com/image/upload/w_240/f_auto,q_auto:eco/images/cms/banners/dPDP_Fresh_Graphic2_2025_003en-us.jpg,https://cloudinary.images-iherb.com/image/upload/f_auto,q_auto:eco/images/ptg/ptg00008/r/53.jpg",
"Nature's Way, Melatonin Lozenge, 2.5 mg, 100 Vegan Lozenges","₨2,087.48","https://cloudinary.images-iherb.com/image/upload/f_auto,q_auto:eco/images/nwy/nwy49111/r/57.jpg,https://cloudinary.images-iherb.com/image/upload/f_auto,q_auto:eco/images/nwy/nwy49111/r/63.jpg,https://cloudinary.images-iherb.com/image/upload/w_240/f_auto,q_auto:eco/images/cms/banners/dPDP_Authenticity_Graphic2_2025_009en-us.jpg,https://cloudinary.images-iherb.com/image/upload/w_240/f_auto,q_auto:eco/images/cms/banners/dPDP_Fresh_Graphic2_2025_003en-us.jpg,https://cloudinary.images-iherb.com/image/upload/f_auto,q_auto:eco/images/nwy/nwy49111/r/57.jpg",
"Natural Vitality, CALM®, Relaxing Drink Mix, Raspberry-Lemon, 8 oz (226 g)","₨6,195.58","https://cloudinary.images-iherb.com/image/upload/f_auto,q_auto:eco/images/ptg/ptg04350/r/40.jpg,https://cloudinary.images-iherb.com/image/upload/f_auto,q_auto:eco/images/ptg/ptg04350/r/46.jpg,https://cloudinary.images-iherb.com/image/upload/w_240/f_auto,q_auto:eco/images/cms/banners/dPDP_Authenticity_Graphic2_2025_009en-us.jpg,https://cloudinary.images-iherb.com/image/upload/w_240/f_auto,q_auto:eco/images/cms/banners/dPDP_Fresh_Graphic2_2025_003en-us.jpg,https://cloudinary.images-iherb.com/image/upload/f_auto,q_auto:eco/images/ptg/ptg04350/r/40.jpg",
"KAL, Melatonin, 60 Tablets","₨1,840.43","https://cloudinary.images-iherb.com/image/upload/f_auto,q_auto:eco/images/cal/cal75006/r/40.jpg,https://cloudinary.images-iherb.com/image/upload/f_auto,q_auto:eco/images/cal/cal75006/r/48.jpg,https://cloudinary.images-iherb.com/image/upload/w_240/f_auto,q_auto:eco/images/cms/banners/dPDP_Authenticity_Graphic2_2025_009en-us.jpg,https://cloudinary.images-iherb.com/image/upload/w_240/f_auto,q_auto:eco/images/cms/banners/dPDP_Fresh_Graphic2_2025_003en-us.jpg,https://cloudinary.images-iherb.com/image/upload/f_auto,q_auto:eco/images/cal/cal75006/r/40.jpg",
"Allergy Research Group, Zen Sleep with P5P and 5-HTP, 60 Vegetarian Capsules",,"https://cloudinary.images-iherb.com/image/upload/f_auto,q_auto:eco/images/alg/alg77360/r/34.jpg,https://cloudinary.images-iherb.com/image/upload/f_auto,q_auto:eco/images/alg/alg77360/r/36.jpg,https://cloudinary.images-iherb.com/image/upload/w_240/f_auto,q_auto:eco/images/cms/banners/dPDP_Authenticity_Graphic2_2025_009en-us.jpg,https://cloudinary.images-iherb.com/image/upload/w_240/f_auto,q_auto:eco/images/cms/banners/dPDP_Fresh_Graphic2_2025_003en-us.jpg,https://cloudinary.images-iherb.com/image/upload/f_auto,q_auto:eco/images/alg/alg77360/r/34.jpg",
"KAL, Melatonin, 1 mg, 120 Tablets","₨1,684.62","https://cloudinary.images-iherb.com/image/upload/f_auto,q_auto:eco/images/cal/cal52260/r/8.jpg,https://cloudinary.images-iherb.com/image/upload/f_auto,q_auto:eco/images/cal/cal52260/r/12.jpg,https://cloudinary.images-iherb.com/image/upload/w_240/f_auto,q_auto:eco/images/cms/banners/dPDP_Authenticity_Graphic2_2025_009en-us.jpg,https://cloudinary.images-iherb.com/image/upload/w_240/f_auto,q_auto:eco/images/cms/banners/dPDP_Fresh_Graphic2_2025_003en-us.jpg,https://cloudinary.images-iherb.com/image/upload/f_auto,q_auto:eco/images/cal/cal52260/r/8.jpg",
"Nutricost, Magnesium Glycinate, Peach Mango, 8.9 oz (250 g)","₨7,799.40","https://cloudinary.images-iherb.com/image/upload/f_auto,q_auto:eco/images/ncs/ncs67586/r/24.jpg,https://cloudinary.images-iherb.com/image/upload/f_auto,q_auto:eco/images/ncs/ncs67586/r/29.jpg,https://cloudinary.images-iherb.com/image/upload/w_240/f_auto,q_auto:eco/images/cms/banners/dPDP_Authenticity_Graphic2_2025_009en-us.jpg,https://cloudinary.images-iherb.com/image/upload/w_240/f_auto,q_auto:eco/images/cms/banners/dPDP_Fresh_Graphic2_2025_003en-us.jpg,https://cloudinary.images-iherb.com/image/upload/f_auto,q_auto:eco/images/ncs/ncs67586/r/24.jpg",
"Country Life, High Absorption Dual Action Magnesium Glycinate, 90 Tablets","₨5,866.95","https://cloudinary.images-iherb.com/image/upload/f_auto,q_auto:eco/images/clf/clf02679/r/8.jpg,https://cloudinary.images-iherb.com/image/upload/f_auto,q_auto:eco/images/clf/clf02679/r/11.jpg,https://cloudinary.images-iherb.com/image/upload/w_240/f_auto,q_auto:eco/images/cms/banners/dPDP_Authenticity_Graphic2_2025_009en-us.jpg,https://cloudinary.images-iherb.com/image/upload/w_240/f_auto,q_auto:eco/images/cms/banners/dPDP_Fresh_Graphic2_2025_003en-us.jpg,https://cloudinary.images-iherb.com/image/upload/f_auto,q_auto:eco/images/clf/clf02679/r/8.jpg",
"Natural Stacks, Magnesium Gummies, Sleep, Mixed Berry, 30 Vegan Gummies","₨4,889.17","https://cloudinary.images-iherb.com/image/upload/f_auto,q_auto:eco/images/nsk/nsk13017/r/8.jpg,https://cloudinary.images-iherb.com/image/upload/f_auto,q_auto:eco/images/nsk/nsk13017/r/13.jpg,https://cloudinary.images-iherb.com/image/upload/w_240/f_auto,q_auto:eco/images/cms/banners/dPDP_Authenticity_Graphic2_2025_009en-us.jpg,https://cloudinary.images-iherb.com/image/upload/w_240/f_auto,q_auto:eco/images/cms/banners/dPDP_Fresh_Graphic2_2025_003en-us.jpg,https://cloudinary.images-iherb.com/image/upload/f_auto,q_auto:eco/images/nsk/nsk13017/r/8.jpg",
"Source Naturals, Sleep Science®, Melatonin, 10 mg, 60 Tablets",,"https://cloudinary.images-iherb.com/image/upload/f_auto,q_auto:eco/images/sns/sns02466/r/16.jpg,https://cloudinary.images-iherb.com/image/upload/f_auto,q_auto:eco/images/sns/sns02466/r/21.jpg,https://cloudinary.images-iherb.com/image/upload/w_240/f_auto,q_auto:eco/images/cms/banners/dPDP_Authenticity_Graphic2_2025_009en-us.jpg,https://cloudinary.images-iherb.com/image/upload/w_240/f_auto,q_auto:eco/images/cms/banners/dPDP_Fresh_Graphic2_2025_003en-us.jpg,https://cloudinary.images-iherb.com/image/upload/f_auto,q_auto:eco/images/sns/sns02466/r/16.jpg",
"The Vitamin Shoppe, Snooze-In With Melatonin, 120 Capsules","₨4,094.77","https://cloudinary.images-iherb.com/image/upload/f_auto,q_auto:eco/images/vsi/vsi02990/r/8.jpg,https://cloudinary.images-iherb.com/image/upload/f_auto,q_auto:eco/images/vsi/vsi02990/r/13.jpg,https://cloudinary.images-iherb.com/image/upload/w_240/f_auto,q_auto:eco/images/cms/banners/dPDP_Authenticity_Graphic2_2025_009en-us.jpg,https://cloudinary.images-iherb.com/image/upload/w_240/f_auto,q_auto:eco/images/cms/banners/dPDP_Fresh_Graphic2_2025_003en-us.jpg,https://cloudinary.images-iherb.com/image/upload/f_auto,q_auto:eco/images/vsi/vsi02990/r/8.jpg",
"Solaray, Magnesium Potassium Asporotates™ with Bromelain, 120 VegCaps","₨4,381.08","https://cloudinary.images-iherb.com/image/upload/f_auto,q_auto:eco/images/sor/sor04517/r/55.jpg,https://cloudinary.images-iherb.com/image/upload/f_auto,q_auto:eco/images/sor/sor04517/r/63.jpg,https://cloudinary.images-iherb.com/image/upload/w_240/f_auto,q_auto:eco/images/cms/banners/dPDP_Authenticity_Graphic2_2025_009en-us.jpg,https://cloudinary.images-iherb.com/image/upload/w_240/f_auto,q_auto:eco/images/cms/banners/dPDP_Fresh_Graphic2_2025_003en-us.jpg,https://cloudinary.images-iherb.com/image/upload/f_auto,q_auto:eco/images/sor/sor04517/r/55.jpg",
"Carlson, Magnesium, 350 mg, 180 Capsules","₨4,745.78","https://cloudinary.images-iherb.com/image/upload/f_auto,q_auto:eco/images/car/car05222/r/26.jpg,https://cloudinary.images-iherb.com/image/upload/f_auto,q_auto:eco/images/car/car05222/r/31.jpg,https://cloudinary.images-iherb.com/image/upload/w_240/f_auto,q_auto:eco/images/cms/banners/dPDP_Authenticity_Graphic2_2025_009en-us.jpg,https://cloudinary.images-iherb.com/image/upload/w_240/f_auto,q_auto:eco/images/cms/banners/dPDP_Fresh_Graphic2_2025_003en-us.jpg,https://cloudinary.images-iherb.com/image/upload/f_auto,q_auto:eco/images/car/car05222/r/26.jpg",
"Nature's Bounty, Melatonin, 10 mg, 60 Capsules",,"https://cloudinary.images-iherb.com/image/upload/f_auto,q_auto:eco/images/nrt/nrt19491/r/80.jpg,https://cloudinary.images-iherb.com/image/upload/f_auto,q_auto:eco/images/nrt/nrt19491/r/85.jpg,https://cloudinary.images-iherb.com/image/upload/w_240/f_auto,q_auto:eco/images/cms/banners/dPDP_Authenticity_Graphic2_2025_009en-us.jpg,https://cloudinary.images-iherb.com/image/upload/w_240/f_auto,q_auto:eco/images/cms/banners/dPDP_Fresh_Graphic2_2025_003en-us.jpg,https://img.youtube.com/vi/wNQRctOG1UQ/0.jpg",
"Sports Research, Magnesium Oxide, 420 mg, 90 Softgels",,"https://cloudinary.images-iherb.com/image/upload/f_auto,q_auto:eco/images/sre/sre09222/r/8.jpg,https://cloudinary.images-iherb.com/image/upload/f_auto,q_auto:eco/images/sre/sre09222/r/11.jpg,https://cloudinary.images-iherb.com/image/upload/w_240/f_auto,q_auto:eco/images/cms/banners/dPDP_Authenticity_Graphic2_2025_009en-us.jpg,https://cloudinary.images-iherb.com/image/upload/w_240/f_auto,q_auto:eco/images/cms/banners/dPDP_Fresh_Graphic2_2025_003en-us.jpg,https://cloudinary.images-iherb.com/image/upload/f_auto,q_auto:eco/images/sre/sre09222/r/16.jpg",
"Nutricost, Magnesium+, Extra-Strength, 120 Capsules (210 mg per Capsule)","₨5,557.75","https://cloudinary.images-iherb.com/image/upload/f_auto,q_auto:eco/images/ncs/ncs67208/r/48.jpg,https://cloudinary.images-iherb.com/image/upload/f_auto,q_auto:eco/images/ncs/ncs67208/r/53.jpg,https://cloudinary.images-iherb.com/image/upload/w_240/f_auto,q_auto:eco/images/cms/banners/dPDP_Authenticity_Graphic2_2025_009en-us.jpg,https://cloudinary.images-iherb.com/image/upload/w_240/f_auto,q_auto:eco/images/cms/banners/dPDP_Fresh_Graphic2_2025_003en-us.jpg,https://cloudinary.images-iherb.com/image/upload/f_auto,q_auto:eco/images/ncs/ncs67208/r/48.jpg",
"Snap Supplements, Magnesium Complex, 60 Capsules",,"https://cloudinary.images-iherb.com/image/upload/f_auto,q_auto:eco/images/npp/npp25327/r/28.jpg,https://cloudinary.images-iherb.com/image/upload/f_auto,q_auto:eco/images/npp/npp25327/r/34.jpg,https://cloudinary.images-iherb.com/image/upload/w_240/f_auto,q_auto:eco/images/cms/banners/dPDP_Authenticity_Graphic2_2025_009en-us.jpg,https://cloudinary.images-iherb.com/image/upload/w_240/f_auto,q_auto:eco/images/cms/banners/dPDP_Fresh_Graphic2_2025_003en-us.jpg,https://cloudinary.images-iherb.com/image/upload/f_auto,q_auto:eco/images/npp/npp25327/r/28.jpg",
"Enzymedica, Magnesium, Mind, 60 Capsules (350 mg per Capsule)","₨7,566.29","https://cloudinary.images-iherb.com/image/upload/f_auto,q_auto:eco/images/enz/enz10119/r/68.jpg,https://cloudinary.images-iherb.com/image/upload/f_auto,q_auto:eco/images/enz/enz10119/r/70.jpg,https://cloudinary.images-iherb.com/image/upload/f_auto,q_auto:eco/images/enz/enz10119/r/60.jpg,https://cloudinary.images-iherb.com/image/upload/w_240/f_auto,q_auto:eco/images/cms/banners/dPDP_Authenticity_Graphic2_2025_009en-us.jpg,https://cloudinary.images-iherb.com/image/upload/w_240/f_auto,q_auto:eco/images/cms/banners/dPDP_Fresh_Graphic2_2025_003en-us.jpg",
"Bluebonnet Nutrition, Earth Sweet® Chewables, Melatonin, Raspberry, 5 mg, 60 Chewable Tablets","₨2,720.40","https://cloudinary.images-iherb.com/image/upload/f_auto,q_auto:eco/images/blb/blb00996/r/24.jpg,https://cloudinary.images-iherb.com/image/upload/f_auto,q_auto:eco/images/blb/blb00996/r/29.jpg,https://cloudinary.images-iherb.com/image/upload/w_240/f_auto,q_auto:eco/images/cms/banners/dPDP_Authenticity_Graphic2_2025_009en-us.jpg,https://cloudinary.images-iherb.com/image/upload/w_240/f_auto,q_auto:eco/images/cms/banners/dPDP_Fresh_Graphic2_2025_003en-us.jpg,https://cloudinary.images-iherb.com/image/upload/f_auto,q_auto:eco/images/blb/blb00996/r/24.jpg",
"Source Naturals, L-Tryptophan With Coenzyme B-6, 120 Tablets","₨6,965.92","https://cloudinary.images-iherb.com/image/upload/f_auto,q_auto:eco/images/sns/sns01988/r/8.jpg,https://cloudinary.images-iherb.com/image/upload/f_auto,q_auto:eco/images/sns/sns01988/r/13.jpg,https://cloudinary.images-iherb.com/image/upload/w_240/f_auto,q_auto:eco/images/cms/banners/dPDP_Authenticity_Graphic2_2025_009en-us.jpg,https://cloudinary.images-iherb.com/image/upload/w_240/f_auto,q_auto:eco/images/cms/banners/dPDP_Fresh_Graphic2_2025_003en-us.jpg,https://cloudinary.images-iherb.com/image/upload/f_auto,q_auto:eco/images/sns/sns01988/r/8.jpg",
"ALLMAX, Lights Out Sleep™, 60 Capsules","₨6,285.05","https://cloudinary.images-iherb.com/image/upload/f_auto,q_auto:eco/images/amx/amx22822/r/29.jpg,https://cloudinary.images-iherb.com/image/upload/f_auto,q_auto:eco/images/amx/amx22822/r/30.jpg,https://cloudinary.images-iherb.com/image/upload/w_240/f_auto,q_auto:eco/images/cms/banners/dPDP_Authenticity_Graphic2_2025_009en-us.jpg,https://cloudinary.images-iherb.com/image/upload/w_240/f_auto,q_auto:eco/images/cms/banners/dPDP_Fresh_Graphic2_2025_003en-us.jpg,https://cloudinary.images-iherb.com/image/upload/f_auto,q_auto:eco/images/amx/amx22822/r/29.jpg",
